created virtual environment CPython3.10.13.final.0-64 in 32153ms
  creator CPython3Posix(dest=/localscratch/onurk.65164504.0/env, clear=False, no_vcs_ignore=False, global=False)
  seeder FromAppData(download=False, pip=bundle, setuptools=bundle, wheel=bundle, via=copy, app_data_dir=/home/onurk/.local/share/virtualenv)
    added seed packages: pip==25.1.1, setuptools==80.9.0, wheel==0.45.1+computecanada
  activators BashActivator,CShellActivator,FishActivator,NushellActivator,PowerShellActivator,PythonActivator
Looking in links: /cvmfs/soft.computecanada.ca/custom/python/wheelhouse/gentoo2023/x86-64-v3, /cvmfs/soft.computecanada.ca/custom/python/wheelhouse/gentoo2023/generic, /cvmfs/soft.computecanada.ca/custom/python/wheelhouse/generic
Processing /cvmfs/soft.computecanada.ca/custom/python/wheelhouse/gentoo2023/x86-64-v3/torch-2.6.0+computecanada-cp310-cp310-linux_x86_64.whl
Processing /cvmfs/soft.computecanada.ca/custom/python/wheelhouse/generic/filelock-3.18.0+computecanada-py3-none-any.whl (from torch)
Requirement already satisfied: typing-extensions>=4.10.0 in /cvmfs/soft.computecanada.ca/easybuild/software/2023/x86-64-v3/Compiler/gcccore/ipykernel/2025a/lib/python3.10/site-packages (from torch) (4.12.2+computecanada)
Processing /cvmfs/soft.computecanada.ca/custom/python/wheelhouse/generic/networkx-3.5+computecanada-py3-none-any.whl (from torch)
Processing /cvmfs/soft.computecanada.ca/custom/python/wheelhouse/generic/jinja2-3.1.6+computecanada-py3-none-any.whl (from torch)
Processing /cvmfs/soft.computecanada.ca/custom/python/wheelhouse/generic/fsspec-2025.7.0+computecanada-py3-none-any.whl (from torch)
Processing /cvmfs/soft.computecanada.ca/custom/python/wheelhouse/generic/sympy-1.13.1+computecanada-py3-none-any.whl (from torch)
Requirement already satisfied: mpmath<1.4,>=1.1.0 in /cvmfs/soft.computecanada.ca/easybuild/software/2023/x86-64-v3/Compiler/gcccore/scipy-stack/2025a/lib/python3.10/site-packages (from sympy==1.13.1->torch) (1.3.0+computecanada)
Processing /cvmfs/soft.computecanada.ca/custom/python/wheelhouse/generic/MarkupSafe-2.1.5+computecanada-cp310-cp310-linux_x86_64.whl (from jinja2->torch)
INFO: pip is looking at multiple versions of networkx to determine which version is compatible with other requirements. This could take a while.
Processing /cvmfs/soft.computecanada.ca/custom/python/wheelhouse/generic/networkx-3.4.2+computecanada-py3-none-any.whl (from torch)
Installing collected packages: sympy, networkx, MarkupSafe, fsspec, filelock, jinja2, torch
  Attempting uninstall: sympy
    Found existing installation: sympy 1.13.3+computecanada
    Not uninstalling sympy at /cvmfs/soft.computecanada.ca/easybuild/software/2023/x86-64-v3/Compiler/gcccore/scipy-stack/2025a/lib/python3.10/site-packages, outside environment /localscratch/onurk.65164504.0/env
    Can't uninstall 'sympy'. No files were found to uninstall.

Successfully installed MarkupSafe-2.1.5+computecanada filelock-3.18.0+computecanada fsspec-2025.7.0+computecanada jinja2-3.1.6+computecanada networkx-3.4.2+computecanada sympy-1.13.1+computecanada torch-2.6.0+computecanada
pre_processing: False      drop_na: False       normalize_raw_features: False       train_models: True       save_models: True       hidden_size: 12       tramontana_run: True       
Run started at: 2025-08-02 14:04:55
gpp_input_names,  ['SW_IN', 'TA'] 
reco_input_names,  ['DOY_sin', 'DOY_cos', 'TA'] 
true_nee_name,  ['NEE'] 

Tramontana Running on GPU With hidden layer size of 12 Total epochs: 100000 lr: 0.001 patience: 500 min_delta 0.01
SNN_GPP_Tram(
  (net): Sequential(
    (0): Linear(in_features=2, out_features=12, bias=True)
    (1): Tanh()
    (2): Linear(in_features=12, out_features=1, bias=True)
    (3): Sigmoid()
  )
)
SNN_RECO_Tram(
  (net): Sequential(
    (0): Linear(in_features=3, out_features=12, bias=True)
    (1): Tanh()
    (2): Linear(in_features=12, out_features=1, bias=True)
    (3): Sigmoid()
  )
)
Params are min slope: 2e-06, trend window: 100
Epoch     0 | Train Loss: 20934.175781 | Val Loss: 20809.460938 | Train R²: -737395.4375 | Val R²: -719325.6875
Epoch   500 | Train Loss: 604.524536 | Val Loss: 606.885681 | Train R²: -21293.0879 | Val R²: -20977.3965
Epoch  1000 | Train Loss: 146.510773 | Val Loss: 146.794144 | Train R²: -5159.7725 | Val R²: -5073.2759
Epoch  1500 | Train Loss: 62.277065 | Val Loss: 61.695312 | Train R²: -2192.6799 | Val R²: -2131.6401
Epoch  2000 | Train Loss: 33.044266 | Val Loss: 32.231163 | Train R²: -1162.9686 | Val R²: -1113.1438
Epoch  2500 | Train Loss: 19.694296 | Val Loss: 18.876616 | Train R²: -692.7222 | Val R²: -651.5134
Epoch  3000 | Train Loss: 12.590335 | Val Loss: 11.853225 | Train R²: -442.4886 | Val R²: -408.7339
Epoch  3500 | Train Loss: 8.431876 | Val Loss: 7.803539 | Train R²: -296.0088 | Val R²: -268.7472
Epoch  4000 | Train Loss: 5.839874 | Val Loss: 5.323019 | Train R²: -204.7068 | Val R²: -183.0023
Epoch  4500 | Train Loss: 4.154381 | Val Loss: 3.739965 | Train R²: -145.3361 | Val R²: -128.2805
Epoch  5000 | Train Loss: 3.025015 | Val Loss: 2.699121 | Train R²: -105.5547 | Val R²: -92.3013
Epoch  5500 | Train Loss: 2.240067 | Val Loss: 1.987322 | Train R²: -77.9053 | Val R²: -67.6964
Epoch  6000 | Train Loss: 1.685888 | Val Loss: 1.491485 | Train R²: -58.3846 | Val R²: -50.5566
Epoch  6500 | Train Loss: 1.295890 | Val Loss: 1.147518 | Train R²: -44.6471 | Val R²: -38.6666
Epoch  7000 | Train Loss: 1.011768 | Val Loss: 0.898635 | Train R²: -34.6390 | Val R²: -30.0634
Epoch  7500 | Train Loss: 0.795579 | Val Loss: 0.710081 | Train R²: -27.0239 | Val R²: -23.5456
Epoch  8000 | Train Loss: 0.630001 | Val Loss: 0.567604 | Train R²: -21.1915 | Val R²: -18.6205
Epoch  8500 | Train Loss: 0.475107 | Val Loss: 0.431808 | Train R²: -15.7354 | Val R²: -13.9264
Epoch  9000 | Train Loss: 0.331983 | Val Loss: 0.300600 | Train R²: -10.6939 | Val R²: -9.3909
Epoch  9500 | Train Loss: 0.241220 | Val Loss: 0.217865 | Train R²: -7.4969 | Val R²: -6.5310
Epoch 10000 | Train Loss: 0.176362 | Val Loss: 0.159047 | Train R²: -5.2123 | Val R²: -4.4978
Epoch 10500 | Train Loss: 0.130469 | Val Loss: 0.117720 | Train R²: -3.5957 | Val R²: -3.0693
Epoch 11000 | Train Loss: 0.098078 | Val Loss: 0.088726 | Train R²: -2.4548 | Val R²: -2.0670
Epoch 11500 | Train Loss: 0.074699 | Val Loss: 0.067837 | Train R²: -1.6312 | Val R²: -1.3449
Epoch 12000 | Train Loss: 0.057538 | Val Loss: 0.052504 | Train R²: -1.0268 | Val R²: -0.8149
Epoch 12500 | Train Loss: 0.044904 | Val Loss: 0.041222 | Train R²: -0.5817 | Val R²: -0.4249
Epoch 13000 | Train Loss: 0.035635 | Val Loss: 0.032955 | Train R²: -0.2552 | Val R²: -0.1391
Epoch 13500 | Train Loss: 0.028871 | Val Loss: 0.026934 | Train R²: -0.0170 | Val R²: 0.0690
Epoch 14000 | Train Loss: 0.023961 | Val Loss: 0.022576 | Train R²: 0.1560 | Val R²: 0.2196
Epoch 14500 | Train Loss: 0.020414 | Val Loss: 0.019438 | Train R²: 0.2809 | Val R²: 0.3281
Epoch 15000 | Train Loss: 0.017853 | Val Loss: 0.017180 | Train R²: 0.3711 | Val R²: 0.4061
Epoch 15500 | Train Loss: 0.015992 | Val Loss: 0.015541 | Train R²: 0.4367 | Val R²: 0.4628
Epoch 16000 | Train Loss: 0.014608 | Val Loss: 0.014320 | Train R²: 0.4854 | Val R²: 0.5050
Epoch 16500 | Train Loss: 0.013539 | Val Loss: 0.013371 | Train R²: 0.5231 | Val R²: 0.5378
Epoch 17000 | Train Loss: 0.012647 | Val Loss: 0.012577 | Train R²: 0.5545 | Val R²: 0.5653
Epoch 17500 | Train Loss: 0.011830 | Val Loss: 0.011843 | Train R²: 0.5833 | Val R²: 0.5906
Epoch 18000 | Train Loss: 0.011090 | Val Loss: 0.011161 | Train R²: 0.6094 | Val R²: 0.6142
Epoch 18500 | Train Loss: 0.010495 | Val Loss: 0.010589 | Train R²: 0.6303 | Val R²: 0.6340
Epoch 19000 | Train Loss: 0.010038 | Val Loss: 0.010130 | Train R²: 0.6464 | Val R²: 0.6498
Epoch 19500 | Train Loss: 0.009651 | Val Loss: 0.009731 | Train R²: 0.6600 | Val R²: 0.6636
Epoch 20000 | Train Loss: 0.009290 | Val Loss: 0.009354 | Train R²: 0.6728 | Val R²: 0.6767
Epoch 20500 | Train Loss: 0.008941 | Val Loss: 0.008989 | Train R²: 0.6851 | Val R²: 0.6893
Epoch 21000 | Train Loss: 0.008597 | Val Loss: 0.008636 | Train R²: 0.6972 | Val R²: 0.7015
Epoch 21500 | Train Loss: 0.008259 | Val Loss: 0.008299 | Train R²: 0.7091 | Val R²: 0.7131
Epoch 22000 | Train Loss: 0.007943 | Val Loss: 0.007990 | Train R²: 0.7202 | Val R²: 0.7238
Epoch 22500 | Train Loss: 0.007656 | Val Loss: 0.007710 | Train R²: 0.7303 | Val R²: 0.7335
Epoch 23000 | Train Loss: 0.007352 | Val Loss: 0.007425 | Train R²: 0.7410 | Val R²: 0.7433
Epoch 23500 | Train Loss: 0.006411 | Val Loss: 0.006496 | Train R²: 0.7742 | Val R²: 0.7755
Epoch 24000 | Train Loss: 0.005795 | Val Loss: 0.005899 | Train R²: 0.7959 | Val R²: 0.7961
Epoch 24500 | Train Loss: 0.005622 | Val Loss: 0.005724 | Train R²: 0.8020 | Val R²: 0.8021
Epoch 25000 | Train Loss: 0.005555 | Val Loss: 0.005655 | Train R²: 0.8043 | Val R²: 0.8045
Epoch 25500 | Train Loss: 0.005498 | Val Loss: 0.005593 | Train R²: 0.8063 | Val R²: 0.8067
Epoch 26000 | Train Loss: 0.005447 | Val Loss: 0.005540 | Train R²: 0.8081 | Val R²: 0.8085
Epoch 26500 | Train Loss: 0.005399 | Val Loss: 0.005492 | Train R²: 0.8098 | Val R²: 0.8102
Epoch 27000 | Train Loss: 0.005343 | Val Loss: 0.005438 | Train R²: 0.8118 | Val R²: 0.8120
Epoch 27500 | Train Loss: 0.005269 | Val Loss: 0.005366 | Train R²: 0.8144 | Val R²: 0.8145
Epoch 28000 | Train Loss: 0.005145 | Val Loss: 0.005244 | Train R²: 0.8188 | Val R²: 0.8187
Epoch 28500 | Train Loss: 0.004956 | Val Loss: 0.005054 | Train R²: 0.8254 | Val R²: 0.8253
Epoch 29000 | Train Loss: 0.004754 | Val Loss: 0.004849 | Train R²: 0.8326 | Val R²: 0.8324
Epoch 29500 | Train Loss: 0.004569 | Val Loss: 0.004662 | Train R²: 0.8391 | Val R²: 0.8388
Epoch 30000 | Train Loss: 0.004388 | Val Loss: 0.004484 | Train R²: 0.8454 | Val R²: 0.8450
Epoch 30500 | Train Loss: 0.004222 | Val Loss: 0.004322 | Train R²: 0.8513 | Val R²: 0.8506
Epoch 31000 | Train Loss: 0.004096 | Val Loss: 0.004196 | Train R²: 0.8557 | Val R²: 0.8549
Epoch 31500 | Train Loss: 0.004008 | Val Loss: 0.004108 | Train R²: 0.8588 | Val R²: 0.8580
Epoch 32000 | Train Loss: 0.003952 | Val Loss: 0.004051 | Train R²: 0.8608 | Val R²: 0.8600
Early stopping at epoch 32379 due to flat/negative trend (slope=0.000002)
Epoch 32379 | Train Loss: 0.003927 | Val Loss: 0.004024 | Train R²: 0.8617 | Val R²: 0.8609
Unpickling models
Following models have been loaded and moved to cuda:
trained gpp model:
 SNN_GPP_Tram(
  (net): Sequential(
    (0): Linear(in_features=2, out_features=12, bias=True)
    (1): Tanh()
    (2): Linear(in_features=12, out_features=1, bias=True)
    (3): Sigmoid()
  )
), trained_reco_model:
 SNN_GPP_Tram(
  (net): Sequential(
    (0): Linear(in_features=3, out_features=12, bias=True)
    (1): Tanh()
    (2): Linear(in_features=12, out_features=1, bias=True)
    (3): Sigmoid()
  )
)
using full data set for visualization
Un-normalizing the GPP and RECO predictions using NEE min: tensor([-36.1705]), NEE max: tensor([35.8634])



Metrics for the Tramontana, with
GPP inputs: ['SW_IN', 'TA']
RECO inputs: ['DOY_sin', 'DOY_cos', 'TA']:
DT_GPP vs Tramontana_GPP R²=0.86 RMSE=2.68
NT_GPP vs Tramontana_GPP R²=0.82 RMSE=2.97
DT_RECO vs Tramontana_RECO R²=0.18 RMSE=2.11
NT_RECO vs Tramontana_RECO R²=0.08 RMSE=1.94
DT_GPP vs NT_GPP R²=0.95 RMSE=1.56
DT_RECO vs NT_RECO R²=0.85 RMSE=1.00

gpp_input_names,  ['SW_IN', 'TA', 'VPD'] 
reco_input_names,  ['DOY_sin', 'DOY_cos', 'TA'] 
true_nee_name,  ['NEE'] 

Tramontana Running on GPU With hidden layer size of 12 Total epochs: 100000 lr: 0.001 patience: 500 min_delta 0.01
SNN_GPP_Tram(
  (net): Sequential(
    (0): Linear(in_features=3, out_features=12, bias=True)
    (1): Tanh()
    (2): Linear(in_features=12, out_features=1, bias=True)
    (3): Sigmoid()
  )
)
SNN_RECO_Tram(
  (net): Sequential(
    (0): Linear(in_features=3, out_features=12, bias=True)
    (1): Tanh()
    (2): Linear(in_features=12, out_features=1, bias=True)
    (3): Sigmoid()
  )
)
Params are min slope: 2e-06, trend window: 100
Epoch     0 | Train Loss: 11852.330078 | Val Loss: 11749.316406 | Train R²: -417491.6875 | Val R²: -406141.0625
Epoch   500 | Train Loss: 308.943420 | Val Loss: 307.224579 | Train R²: -10881.3867 | Val R²: -10618.9219
Epoch  1000 | Train Loss: 74.968765 | Val Loss: 74.411446 | Train R²: -2639.7393 | Val R²: -2571.2021
Epoch  1500 | Train Loss: 31.445759 | Val Loss: 31.105789 | Train R²: -1106.6620 | Val R²: -1074.2428
Epoch  2000 | Train Loss: 16.423679 | Val Loss: 16.184757 | Train R²: -577.5164 | Val R²: -558.4632
Epoch  2500 | Train Loss: 9.648694 | Val Loss: 9.470558 | Train R²: -338.8707 | Val R²: -326.3716
Epoch  3000 | Train Loss: 6.106931 | Val Loss: 5.969627 | Train R²: -214.1137 | Val R²: -205.3538
Epoch  3500 | Train Loss: 4.077244 | Val Loss: 3.969064 | Train R²: -142.6190 | Val R²: -136.1998
Epoch  4000 | Train Loss: 2.837473 | Val Loss: 2.750710 | Train R²: -98.9486 | Val R²: -94.0846
Epoch  4500 | Train Loss: 2.034168 | Val Loss: 1.963039 | Train R²: -70.6526 | Val R²: -66.8569
Epoch  5000 | Train Loss: 1.488052 | Val Loss: 1.428115 | Train R²: -51.4159 | Val R²: -48.3661
Epoch  5500 | Train Loss: 1.114495 | Val Loss: 1.064032 | Train R²: -38.2575 | Val R²: -35.7807
Epoch  6000 | Train Loss: 0.857791 | Val Loss: 0.816221 | Train R²: -29.2153 | Val R²: -27.2146
Epoch  6500 | Train Loss: 0.679212 | Val Loss: 0.645656 | Train R²: -22.9249 | Val R²: -21.3186
Epoch  7000 | Train Loss: 0.547110 | Val Loss: 0.520528 | Train R²: -18.2717 | Val R²: -16.9933
Epoch  7500 | Train Loss: 0.436972 | Val Loss: 0.416569 | Train R²: -14.3921 | Val R²: -13.3997
Epoch  8000 | Train Loss: 0.332482 | Val Loss: 0.316654 | Train R²: -10.7115 | Val R²: -9.9459
Epoch  8500 | Train Loss: 0.239725 | Val Loss: 0.227042 | Train R²: -7.4442 | Val R²: -6.8482
Epoch  9000 | Train Loss: 0.174214 | Val Loss: 0.164233 | Train R²: -5.1366 | Val R²: -4.6771
Epoch  9500 | Train Loss: 0.125186 | Val Loss: 0.117524 | Train R²: -3.4096 | Val R²: -3.0625
Epoch 10000 | Train Loss: 0.090326 | Val Loss: 0.084525 | Train R²: -2.1817 | Val R²: -1.9218
Epoch 10500 | Train Loss: 0.067322 | Val Loss: 0.062899 | Train R²: -1.3714 | Val R²: -1.1742
Epoch 11000 | Train Loss: 0.052023 | Val Loss: 0.048630 | Train R²: -0.8325 | Val R²: -0.6810
Epoch 11500 | Train Loss: 0.041312 | Val Loss: 0.038712 | Train R²: -0.4552 | Val R²: -0.3382
Epoch 12000 | Train Loss: 0.033582 | Val Loss: 0.031602 | Train R²: -0.1829 | Val R²: -0.0924
Epoch 12500 | Train Loss: 0.027932 | Val Loss: 0.026441 | Train R²: 0.0161 | Val R²: 0.0860
Epoch 13000 | Train Loss: 0.023791 | Val Loss: 0.022685 | Train R²: 0.1620 | Val R²: 0.2159
Epoch 13500 | Train Loss: 0.020772 | Val Loss: 0.019968 | Train R²: 0.2683 | Val R²: 0.3098
Epoch 14000 | Train Loss: 0.018587 | Val Loss: 0.018021 | Train R²: 0.3453 | Val R²: 0.3771
Epoch 14500 | Train Loss: 0.017016 | Val Loss: 0.016632 | Train R²: 0.4006 | Val R²: 0.4251
Epoch 15000 | Train Loss: 0.015885 | Val Loss: 0.015640 | Train R²: 0.4404 | Val R²: 0.4594
Epoch 15500 | Train Loss: 0.015056 | Val Loss: 0.014912 | Train R²: 0.4696 | Val R²: 0.4845
Epoch 16000 | Train Loss: 0.014419 | Val Loss: 0.014348 | Train R²: 0.4921 | Val R²: 0.5040
Epoch 16500 | Train Loss: 0.013891 | Val Loss: 0.013868 | Train R²: 0.5107 | Val R²: 0.5206
Epoch 17000 | Train Loss: 0.013412 | Val Loss: 0.013424 | Train R²: 0.5276 | Val R²: 0.5360
Epoch 17500 | Train Loss: 0.012943 | Val Loss: 0.012981 | Train R²: 0.5441 | Val R²: 0.5513
Epoch 18000 | Train Loss: 0.012434 | Val Loss: 0.012499 | Train R²: 0.5620 | Val R²: 0.5680
Epoch 18500 | Train Loss: 0.011863 | Val Loss: 0.011958 | Train R²: 0.5821 | Val R²: 0.5866
Epoch 19000 | Train Loss: 0.011260 | Val Loss: 0.011379 | Train R²: 0.6034 | Val R²: 0.6066
Epoch 19500 | Train Loss: 0.010672 | Val Loss: 0.010805 | Train R²: 0.6241 | Val R²: 0.6265
Epoch 20000 | Train Loss: 0.010226 | Val Loss: 0.010359 | Train R²: 0.6398 | Val R²: 0.6419
Epoch 20500 | Train Loss: 0.009830 | Val Loss: 0.009962 | Train R²: 0.6537 | Val R²: 0.6557
Epoch 21000 | Train Loss: 0.009433 | Val Loss: 0.009560 | Train R²: 0.6677 | Val R²: 0.6695
Epoch 21500 | Train Loss: 0.008989 | Val Loss: 0.009107 | Train R²: 0.6834 | Val R²: 0.6852
Epoch 22000 | Train Loss: 0.008417 | Val Loss: 0.008524 | Train R²: 0.7035 | Val R²: 0.7053
Epoch 22500 | Train Loss: 0.007619 | Val Loss: 0.007722 | Train R²: 0.7316 | Val R²: 0.7331
Epoch 23000 | Train Loss: 0.006687 | Val Loss: 0.006802 | Train R²: 0.7644 | Val R²: 0.7649
Epoch 23500 | Train Loss: 0.005824 | Val Loss: 0.005939 | Train R²: 0.7949 | Val R²: 0.7947
Epoch 24000 | Train Loss: 0.005158 | Val Loss: 0.005267 | Train R²: 0.8183 | Val R²: 0.8179
Epoch 24500 | Train Loss: 0.004775 | Val Loss: 0.004878 | Train R²: 0.8318 | Val R²: 0.8314
Epoch 25000 | Train Loss: 0.004589 | Val Loss: 0.004683 | Train R²: 0.8384 | Val R²: 0.8381
Epoch 25500 | Train Loss: 0.004468 | Val Loss: 0.004560 | Train R²: 0.8426 | Val R²: 0.8424
Epoch 26000 | Train Loss: 0.004378 | Val Loss: 0.004470 | Train R²: 0.8458 | Val R²: 0.8455
Epoch 26500 | Train Loss: 0.004306 | Val Loss: 0.004400 | Train R²: 0.8483 | Val R²: 0.8479
Epoch 27000 | Train Loss: 0.004235 | Val Loss: 0.004337 | Train R²: 0.8508 | Val R²: 0.8501
Epoch 27500 | Train Loss: 0.004160 | Val Loss: 0.004270 | Train R²: 0.8535 | Val R²: 0.8524
Epoch 28000 | Train Loss: 0.004079 | Val Loss: 0.004196 | Train R²: 0.8563 | Val R²: 0.8549
Epoch 28500 | Train Loss: 0.003984 | Val Loss: 0.004103 | Train R²: 0.8597 | Val R²: 0.8582
Epoch 29000 | Train Loss: 0.003885 | Val Loss: 0.003996 | Train R²: 0.8631 | Val R²: 0.8619
Epoch 29500 | Train Loss: 0.003811 | Val Loss: 0.003914 | Train R²: 0.8658 | Val R²: 0.8647
Epoch 30000 | Train Loss: 0.003768 | Val Loss: 0.003870 | Train R²: 0.8673 | Val R²: 0.8662
Early stopping at epoch 30077 due to flat/negative trend (slope=0.000002)
Epoch 30077 | Train Loss: 0.003763 | Val Loss: 0.003865 | Train R²: 0.8674 | Val R²: 0.8664
Unpickling models
Following models have been loaded and moved to cuda:
trained gpp model:
 SNN_GPP_Tram(
  (net): Sequential(
    (0): Linear(in_features=3, out_features=12, bias=True)
    (1): Tanh()
    (2): Linear(in_features=12, out_features=1, bias=True)
    (3): Sigmoid()
  )
), trained_reco_model:
 SNN_GPP_Tram(
  (net): Sequential(
    (0): Linear(in_features=3, out_features=12, bias=True)
    (1): Tanh()
    (2): Linear(in_features=12, out_features=1, bias=True)
    (3): Sigmoid()
  )
)
using full data set for visualization
Un-normalizing the GPP and RECO predictions using NEE min: tensor([-36.1705]), NEE max: tensor([35.8634])



Metrics for the Tramontana, with
GPP inputs: ['SW_IN', 'TA', 'VPD']
RECO inputs: ['DOY_sin', 'DOY_cos', 'TA']:
DT_GPP vs Tramontana_GPP R²=0.87 RMSE=2.55
NT_GPP vs Tramontana_GPP R²=0.84 RMSE=2.84
DT_RECO vs Tramontana_RECO R²=0.26 RMSE=2.01
NT_RECO vs Tramontana_RECO R²=0.20 RMSE=1.81
DT_GPP vs NT_GPP R²=0.95 RMSE=1.56
DT_RECO vs NT_RECO R²=0.85 RMSE=1.00

gpp_input_names,  ['SW_IN', 'TA', 'VPD', 'WS'] 
reco_input_names,  ['DOY_sin', 'DOY_cos', 'TA', 'WS'] 
true_nee_name,  ['NEE'] 

Tramontana Running on GPU With hidden layer size of 12 Total epochs: 100000 lr: 0.001 patience: 500 min_delta 0.01
SNN_GPP_Tram(
  (net): Sequential(
    (0): Linear(in_features=4, out_features=12, bias=True)
    (1): Tanh()
    (2): Linear(in_features=12, out_features=1, bias=True)
    (3): Sigmoid()
  )
)
SNN_RECO_Tram(
  (net): Sequential(
    (0): Linear(in_features=4, out_features=12, bias=True)
    (1): Tanh()
    (2): Linear(in_features=12, out_features=1, bias=True)
    (3): Sigmoid()
  )
)
Params are min slope: 2e-06, trend window: 100
Epoch     0 | Train Loss: 12192.385742 | Val Loss: 12044.774414 | Train R²: -429469.9688 | Val R²: -416354.2188
Epoch   500 | Train Loss: 199.662125 | Val Loss: 189.887131 | Train R²: -7032.0039 | Val R²: -6562.8833
Epoch  1000 | Train Loss: 49.404526 | Val Loss: 46.966633 | Train R²: -1739.2510 | Val R²: -1622.5092
Epoch  1500 | Train Loss: 21.256115 | Val Loss: 20.236134 | Train R²: -747.7366 | Val R²: -698.5084
Epoch  2000 | Train Loss: 11.377004 | Val Loss: 10.845622 | Train R²: -399.7495 | Val R²: -373.9038
Epoch  2500 | Train Loss: 6.847854 | Val Loss: 6.534997 | Train R²: -240.2124 | Val R²: -224.8971
Epoch  3000 | Train Loss: 4.429466 | Val Loss: 4.229516 | Train R²: -155.0258 | Val R²: -145.2029
Epoch  3500 | Train Loss: 2.995505 | Val Loss: 2.859893 | Train R²: -104.5152 | Val R²: -97.8587
Epoch  4000 | Train Loss: 2.091076 | Val Loss: 1.996200 | Train R²: -72.6572 | Val R²: -68.0032
Epoch  4500 | Train Loss: 1.504758 | Val Loss: 1.436734 | Train R²: -52.0044 | Val R²: -48.6640
Epoch  5000 | Train Loss: 1.108873 | Val Loss: 1.059098 | Train R²: -38.0595 | Val R²: -35.6101
Epoch  5500 | Train Loss: 0.827606 | Val Loss: 0.790847 | Train R²: -28.1520 | Val R²: -26.3374
Epoch  6000 | Train Loss: 0.602988 | Val Loss: 0.575885 | Train R²: -20.2400 | Val R²: -18.9068
Epoch  6500 | Train Loss: 0.431822 | Val Loss: 0.411511 | Train R²: -14.2107 | Val R²: -13.2248
Epoch  7000 | Train Loss: 0.317988 | Val Loss: 0.302372 | Train R²: -10.2010 | Val R²: -9.4522
Epoch  7500 | Train Loss: 0.239736 | Val Loss: 0.227730 | Train R²: -7.4446 | Val R²: -6.8720
Epoch  8000 | Train Loss: 0.183461 | Val Loss: 0.174300 | Train R²: -5.4623 | Val R²: -5.0251
Epoch  8500 | Train Loss: 0.141472 | Val Loss: 0.134550 | Train R²: -3.9833 | Val R²: -3.6510
Epoch  9000 | Train Loss: 0.109714 | Val Loss: 0.104517 | Train R²: -2.8646 | Val R²: -2.6129
Epoch  9500 | Train Loss: 0.085656 | Val Loss: 0.081759 | Train R²: -2.0172 | Val R²: -1.8262
Epoch 10000 | Train Loss: 0.067425 | Val Loss: 0.064520 | Train R²: -1.3750 | Val R²: -1.2303
Epoch 10500 | Train Loss: 0.053574 | Val Loss: 0.051443 | Train R²: -0.8871 | Val R²: -0.7782
Epoch 11000 | Train Loss: 0.043010 | Val Loss: 0.041490 | Train R²: -0.5150 | Val R²: -0.4342
Epoch 11500 | Train Loss: 0.034945 | Val Loss: 0.033906 | Train R²: -0.2309 | Val R²: -0.1720
Epoch 12000 | Train Loss: 0.028810 | Val Loss: 0.028149 | Train R²: -0.0148 | Val R²: 0.0270
Epoch 12500 | Train Loss: 0.024177 | Val Loss: 0.023807 | Train R²: 0.1484 | Val R²: 0.1770
Epoch 13000 | Train Loss: 0.020706 | Val Loss: 0.020556 | Train R²: 0.2706 | Val R²: 0.2894
Epoch 13500 | Train Loss: 0.018130 | Val Loss: 0.018142 | Train R²: 0.3614 | Val R²: 0.3729
Epoch 14000 | Train Loss: 0.016238 | Val Loss: 0.016371 | Train R²: 0.4280 | Val R²: 0.4341
Epoch 14500 | Train Loss: 0.014855 | Val Loss: 0.015078 | Train R²: 0.4767 | Val R²: 0.4788
Epoch 15000 | Train Loss: 0.013828 | Val Loss: 0.014113 | Train R²: 0.5129 | Val R²: 0.5122
Epoch 15500 | Train Loss: 0.013003 | Val Loss: 0.013328 | Train R²: 0.5420 | Val R²: 0.5393
Epoch 16000 | Train Loss: 0.012296 | Val Loss: 0.012647 | Train R²: 0.5669 | Val R²: 0.5628
Epoch 16500 | Train Loss: 0.011673 | Val Loss: 0.012031 | Train R²: 0.5888 | Val R²: 0.5841
Epoch 17000 | Train Loss: 0.011141 | Val Loss: 0.011488 | Train R²: 0.6076 | Val R²: 0.6029
Epoch 17500 | Train Loss: 0.010710 | Val Loss: 0.011037 | Train R²: 0.6227 | Val R²: 0.6185
Epoch 18000 | Train Loss: 0.010334 | Val Loss: 0.010641 | Train R²: 0.6360 | Val R²: 0.6322
Epoch 18500 | Train Loss: 0.010007 | Val Loss: 0.010285 | Train R²: 0.6475 | Val R²: 0.6445
Epoch 19000 | Train Loss: 0.009704 | Val Loss: 0.009954 | Train R²: 0.6582 | Val R²: 0.6559
Epoch 19500 | Train Loss: 0.009413 | Val Loss: 0.009635 | Train R²: 0.6684 | Val R²: 0.6670
Epoch 20000 | Train Loss: 0.009138 | Val Loss: 0.009342 | Train R²: 0.6781 | Val R²: 0.6771
Epoch 20500 | Train Loss: 0.008865 | Val Loss: 0.009062 | Train R²: 0.6878 | Val R²: 0.6868
Epoch 21000 | Train Loss: 0.008596 | Val Loss: 0.008795 | Train R²: 0.6972 | Val R²: 0.6960
Epoch 21500 | Train Loss: 0.008340 | Val Loss: 0.008546 | Train R²: 0.7062 | Val R²: 0.7046
Epoch 22000 | Train Loss: 0.008079 | Val Loss: 0.008289 | Train R²: 0.7154 | Val R²: 0.7135
Epoch 22500 | Train Loss: 0.007782 | Val Loss: 0.007988 | Train R²: 0.7259 | Val R²: 0.7239
Epoch 23000 | Train Loss: 0.007382 | Val Loss: 0.007574 | Train R²: 0.7400 | Val R²: 0.7382
Epoch 23500 | Train Loss: 0.006773 | Val Loss: 0.006939 | Train R²: 0.7614 | Val R²: 0.7601
Epoch 24000 | Train Loss: 0.006029 | Val Loss: 0.006160 | Train R²: 0.7876 | Val R²: 0.7871
Epoch 24500 | Train Loss: 0.005407 | Val Loss: 0.005520 | Train R²: 0.8095 | Val R²: 0.8092
Epoch 25000 | Train Loss: 0.004961 | Val Loss: 0.005066 | Train R²: 0.8252 | Val R²: 0.8249
Epoch 25500 | Train Loss: 0.004687 | Val Loss: 0.004785 | Train R²: 0.8349 | Val R²: 0.8346
Epoch 26000 | Train Loss: 0.004540 | Val Loss: 0.004634 | Train R²: 0.8401 | Val R²: 0.8398
Epoch 26500 | Train Loss: 0.004436 | Val Loss: 0.004526 | Train R²: 0.8438 | Val R²: 0.8435
Epoch 27000 | Train Loss: 0.004343 | Val Loss: 0.004432 | Train R²: 0.8470 | Val R²: 0.8468
Epoch 27500 | Train Loss: 0.004260 | Val Loss: 0.004352 | Train R²: 0.8499 | Val R²: 0.8496
Epoch 28000 | Train Loss: 0.004175 | Val Loss: 0.004271 | Train R²: 0.8529 | Val R²: 0.8524
Epoch 28500 | Train Loss: 0.004079 | Val Loss: 0.004181 | Train R²: 0.8563 | Val R²: 0.8555
Epoch 29000 | Train Loss: 0.003974 | Val Loss: 0.004081 | Train R²: 0.8600 | Val R²: 0.8589
Epoch 29500 | Train Loss: 0.003873 | Val Loss: 0.003983 | Train R²: 0.8636 | Val R²: 0.8623
Epoch 30000 | Train Loss: 0.003792 | Val Loss: 0.003905 | Train R²: 0.8664 | Val R²: 0.8650
Epoch 30500 | Train Loss: 0.003730 | Val Loss: 0.003846 | Train R²: 0.8686 | Val R²: 0.8670
Epoch 31000 | Train Loss: 0.003683 | Val Loss: 0.003799 | Train R²: 0.8703 | Val R²: 0.8687
Epoch 31500 | Train Loss: 0.003648 | Val Loss: 0.003765 | Train R²: 0.8715 | Val R²: 0.8699
Early stopping at epoch 31563 due to flat/negative trend (slope=0.000002)
Epoch 31563 | Train Loss: 0.003644 | Val Loss: 0.003761 | Train R²: 0.8716 | Val R²: 0.8700
Unpickling models
Following models have been loaded and moved to cuda:
trained gpp model:
 SNN_GPP_Tram(
  (net): Sequential(
    (0): Linear(in_features=4, out_features=12, bias=True)
    (1): Tanh()
    (2): Linear(in_features=12, out_features=1, bias=True)
    (3): Sigmoid()
  )
), trained_reco_model:
 SNN_GPP_Tram(
  (net): Sequential(
    (0): Linear(in_features=4, out_features=12, bias=True)
    (1): Tanh()
    (2): Linear(in_features=12, out_features=1, bias=True)
    (3): Sigmoid()
  )
)
using full data set for visualization
Un-normalizing the GPP and RECO predictions using NEE min: tensor([-36.1705]), NEE max: tensor([35.8634])



Metrics for the Tramontana, with
GPP inputs: ['SW_IN', 'TA', 'VPD', 'WS']
RECO inputs: ['DOY_sin', 'DOY_cos', 'TA', 'WS']:
DT_GPP vs Tramontana_GPP R²=0.86 RMSE=2.65
NT_GPP vs Tramontana_GPP R²=0.82 RMSE=2.98
DT_RECO vs Tramontana_RECO R²=0.14 RMSE=2.17
NT_RECO vs Tramontana_RECO R²=-0.06 RMSE=2.08
DT_GPP vs NT_GPP R²=0.95 RMSE=1.56
DT_RECO vs NT_RECO R²=0.85 RMSE=1.00

gpp_input_names,  ['SW_IN', 'TA', 'VPD', 'WS', 'WD_COS', 'WD_SIN'] 
reco_input_names,  ['DOY_sin', 'DOY_cos', 'TA', 'WS', 'WD_COS', 'WD_SIN'] 
true_nee_name,  ['NEE'] 

Tramontana Running on GPU With hidden layer size of 12 Total epochs: 100000 lr: 0.001 patience: 500 min_delta 0.01
SNN_GPP_Tram(
  (net): Sequential(
    (0): Linear(in_features=6, out_features=12, bias=True)
    (1): Tanh()
    (2): Linear(in_features=12, out_features=1, bias=True)
    (3): Sigmoid()
  )
)
SNN_RECO_Tram(
  (net): Sequential(
    (0): Linear(in_features=6, out_features=12, bias=True)
    (1): Tanh()
    (2): Linear(in_features=12, out_features=1, bias=True)
    (3): Sigmoid()
  )
)
Params are min slope: 2e-06, trend window: 100
Epoch     0 | Train Loss: 15928.818359 | Val Loss: 15757.212891 | Train R²: -561084.1250 | Val R²: -544683.1250
Epoch   500 | Train Loss: 341.288574 | Val Loss: 340.532959 | Train R²: -12020.7275 | Val R²: -11770.3027
Epoch  1000 | Train Loss: 82.997215 | Val Loss: 83.788895 | Train R²: -2922.5378 | Val R²: -2895.3552
Epoch  1500 | Train Loss: 34.713539 | Val Loss: 35.130680 | Train R²: -1221.7679 | Val R²: -1213.3723
Epoch  2000 | Train Loss: 18.154558 | Val Loss: 18.374397 | Train R²: -638.4857 | Val R²: -634.1531
Epoch  2500 | Train Loss: 10.719581 | Val Loss: 10.842713 | Train R²: -376.5921 | Val R²: -373.8032
Epoch  3000 | Train Loss: 6.840261 | Val Loss: 6.913026 | Train R²: -239.9449 | Val R²: -237.9646
Epoch  3500 | Train Loss: 4.611921 | Val Loss: 4.657222 | Train R²: -161.4527 | Val R²: -159.9876
Epoch  4000 | Train Loss: 3.230852 | Val Loss: 3.260783 | Train R²: -112.8052 | Val R²: -111.7164
Epoch  4500 | Train Loss: 2.325783 | Val Loss: 2.345889 | Train R²: -80.9246 | Val R²: -80.0910
Epoch  5000 | Train Loss: 1.718587 | Val Loss: 1.731543 | Train R²: -59.5364 | Val R²: -58.8547
Epoch  5500 | Train Loss: 1.288343 | Val Loss: 1.297640 | Train R²: -44.3813 | Val R²: -43.8559
Epoch  6000 | Train Loss: 0.965641 | Val Loss: 0.973566 | Train R²: -33.0143 | Val R²: -32.6535
Epoch  6500 | Train Loss: 0.705334 | Val Loss: 0.709639 | Train R²: -23.8451 | Val R²: -23.5303
Epoch  7000 | Train Loss: 0.496535 | Val Loss: 0.497911 | Train R²: -16.4902 | Val R²: -16.2114
Epoch  7500 | Train Loss: 0.359039 | Val Loss: 0.358900 | Train R²: -11.6470 | Val R²: -11.4062
Epoch  8000 | Train Loss: 0.265044 | Val Loss: 0.264336 | Train R²: -8.3360 | Val R²: -8.1374
Epoch  8500 | Train Loss: 0.198355 | Val Loss: 0.197641 | Train R²: -5.9870 | Val R²: -5.8319
Epoch  9000 | Train Loss: 0.149598 | Val Loss: 0.149004 | Train R²: -4.2695 | Val R²: -4.1507
Epoch  9500 | Train Loss: 0.113606 | Val Loss: 0.113054 | Train R²: -3.0017 | Val R²: -2.9080
Epoch 10000 | Train Loss: 0.086997 | Val Loss: 0.086447 | Train R²: -2.0644 | Val R²: -1.9882
Epoch 10500 | Train Loss: 0.067284 | Val Loss: 0.066739 | Train R²: -1.3700 | Val R²: -1.3070
Epoch 11000 | Train Loss: 0.052649 | Val Loss: 0.052121 | Train R²: -0.8545 | Val R²: -0.8017
Epoch 11500 | Train Loss: 0.041786 | Val Loss: 0.041300 | Train R²: -0.4719 | Val R²: -0.4276
Epoch 12000 | Train Loss: 0.033727 | Val Loss: 0.033309 | Train R²: -0.1880 | Val R²: -0.1514
Epoch 12500 | Train Loss: 0.027754 | Val Loss: 0.027425 | Train R²: 0.0224 | Val R²: 0.0520
Epoch 13000 | Train Loss: 0.023341 | Val Loss: 0.023114 | Train R²: 0.1778 | Val R²: 0.2010
Epoch 13500 | Train Loss: 0.020091 | Val Loss: 0.019971 | Train R²: 0.2923 | Val R²: 0.3097
Epoch 14000 | Train Loss: 0.017702 | Val Loss: 0.017688 | Train R²: 0.3765 | Val R²: 0.3886
Epoch 14500 | Train Loss: 0.015938 | Val Loss: 0.016025 | Train R²: 0.4386 | Val R²: 0.4461
Epoch 15000 | Train Loss: 0.014622 | Val Loss: 0.014798 | Train R²: 0.4849 | Val R²: 0.4885
Epoch 15500 | Train Loss: 0.013625 | Val Loss: 0.013870 | Train R²: 0.5201 | Val R²: 0.5205
Epoch 16000 | Train Loss: 0.012844 | Val Loss: 0.013130 | Train R²: 0.5476 | Val R²: 0.5461
Epoch 16500 | Train Loss: 0.012198 | Val Loss: 0.012496 | Train R²: 0.5703 | Val R²: 0.5680
Epoch 17000 | Train Loss: 0.011627 | Val Loss: 0.011917 | Train R²: 0.5905 | Val R²: 0.5881
Epoch 17500 | Train Loss: 0.011093 | Val Loss: 0.011365 | Train R²: 0.6092 | Val R²: 0.6071
Epoch 18000 | Train Loss: 0.010579 | Val Loss: 0.010833 | Train R²: 0.6274 | Val R²: 0.6255
Epoch 18500 | Train Loss: 0.010073 | Val Loss: 0.010319 | Train R²: 0.6452 | Val R²: 0.6433
Epoch 19000 | Train Loss: 0.009597 | Val Loss: 0.009848 | Train R²: 0.6619 | Val R²: 0.6596
Epoch 19500 | Train Loss: 0.009195 | Val Loss: 0.009437 | Train R²: 0.6761 | Val R²: 0.6738
Epoch 20000 | Train Loss: 0.008842 | Val Loss: 0.009065 | Train R²: 0.6885 | Val R²: 0.6866
Epoch 20500 | Train Loss: 0.008530 | Val Loss: 0.008734 | Train R²: 0.6995 | Val R²: 0.6981
Epoch 21000 | Train Loss: 0.008249 | Val Loss: 0.008436 | Train R²: 0.7094 | Val R²: 0.7084
Epoch 21500 | Train Loss: 0.007980 | Val Loss: 0.008157 | Train R²: 0.7189 | Val R²: 0.7181
Epoch 22000 | Train Loss: 0.007700 | Val Loss: 0.007870 | Train R²: 0.7288 | Val R²: 0.7279
Epoch 22500 | Train Loss: 0.007362 | Val Loss: 0.007525 | Train R²: 0.7407 | Val R²: 0.7399
Epoch 23000 | Train Loss: 0.006901 | Val Loss: 0.007055 | Train R²: 0.7569 | Val R²: 0.7561
Epoch 23500 | Train Loss: 0.006198 | Val Loss: 0.006344 | Train R²: 0.7817 | Val R²: 0.7807
Epoch 24000 | Train Loss: 0.005305 | Val Loss: 0.005456 | Train R²: 0.8131 | Val R²: 0.8114
Epoch 24500 | Train Loss: 0.004651 | Val Loss: 0.004812 | Train R²: 0.8362 | Val R²: 0.8337
Epoch 25000 | Train Loss: 0.004304 | Val Loss: 0.004463 | Train R²: 0.8484 | Val R²: 0.8457
Epoch 25500 | Train Loss: 0.004127 | Val Loss: 0.004280 | Train R²: 0.8546 | Val R²: 0.8521
Epoch 26000 | Train Loss: 0.003988 | Val Loss: 0.004133 | Train R²: 0.8595 | Val R²: 0.8571
Epoch 26500 | Train Loss: 0.003878 | Val Loss: 0.004028 | Train R²: 0.8634 | Val R²: 0.8608
Epoch 27000 | Train Loss: 0.003786 | Val Loss: 0.003952 | Train R²: 0.8666 | Val R²: 0.8634
Epoch 27500 | Train Loss: 0.003704 | Val Loss: 0.003887 | Train R²: 0.8695 | Val R²: 0.8656
Epoch 28000 | Train Loss: 0.003631 | Val Loss: 0.003827 | Train R²: 0.8721 | Val R²: 0.8677
Epoch 28500 | Train Loss: 0.003562 | Val Loss: 0.003766 | Train R²: 0.8745 | Val R²: 0.8698
Epoch 29000 | Train Loss: 0.003489 | Val Loss: 0.003696 | Train R²: 0.8771 | Val R²: 0.8722
Epoch 29500 | Train Loss: 0.003417 | Val Loss: 0.003624 | Train R²: 0.8796 | Val R²: 0.8747
Epoch 30000 | Train Loss: 0.003361 | Val Loss: 0.003565 | Train R²: 0.8816 | Val R²: 0.8768
Epoch 30500 | Train Loss: 0.003324 | Val Loss: 0.003524 | Train R²: 0.8829 | Val R²: 0.8782
Epoch 31000 | Train Loss: 0.003290 | Val Loss: 0.003487 | Train R²: 0.8841 | Val R²: 0.8795
Epoch 31500 | Train Loss: 0.003254 | Val Loss: 0.003442 | Train R²: 0.8854 | Val R²: 0.8810
Early stopping at epoch 31670 due to flat/negative trend (slope=0.000002)
Epoch 31670 | Train Loss: 0.003246 | Val Loss: 0.003432 | Train R²: 0.8857 | Val R²: 0.8814
Unpickling models
Following models have been loaded and moved to cuda:
trained gpp model:
 SNN_GPP_Tram(
  (net): Sequential(
    (0): Linear(in_features=6, out_features=12, bias=True)
    (1): Tanh()
    (2): Linear(in_features=12, out_features=1, bias=True)
    (3): Sigmoid()
  )
), trained_reco_model:
 SNN_GPP_Tram(
  (net): Sequential(
    (0): Linear(in_features=6, out_features=12, bias=True)
    (1): Tanh()
    (2): Linear(in_features=12, out_features=1, bias=True)
    (3): Sigmoid()
  )
)
using full data set for visualization
Un-normalizing the GPP and RECO predictions using NEE min: tensor([-36.1705]), NEE max: tensor([35.8634])



Metrics for the Tramontana, with
GPP inputs: ['SW_IN', 'TA', 'VPD', 'WS', 'WD_COS', 'WD_SIN']
RECO inputs: ['DOY_sin', 'DOY_cos', 'TA', 'WS', 'WD_COS', 'WD_SIN']:
DT_GPP vs Tramontana_GPP R²=0.86 RMSE=2.69
NT_GPP vs Tramontana_GPP R²=0.82 RMSE=2.98
DT_RECO vs Tramontana_RECO R²=0.03 RMSE=2.30
NT_RECO vs Tramontana_RECO R²=-0.20 RMSE=2.22
DT_GPP vs NT_GPP R²=0.95 RMSE=1.56
DT_RECO vs NT_RECO R²=0.85 RMSE=1.00

gpp_input_names,  ['SW_IN', 'TA', 'VPD', 'WS', 'WD_COS', 'WD_SIN', 'WTD'] 
reco_input_names,  ['DOY_sin', 'DOY_cos', 'TA', 'WS', 'WD_COS', 'WD_SIN', 'WTD'] 
true_nee_name,  ['NEE'] 

Tramontana Running on GPU With hidden layer size of 12 Total epochs: 100000 lr: 0.001 patience: 500 min_delta 0.01
SNN_GPP_Tram(
  (net): Sequential(
    (0): Linear(in_features=7, out_features=12, bias=True)
    (1): Tanh()
    (2): Linear(in_features=12, out_features=1, bias=True)
    (3): Sigmoid()
  )
)
SNN_RECO_Tram(
  (net): Sequential(
    (0): Linear(in_features=7, out_features=12, bias=True)
    (1): Tanh()
    (2): Linear(in_features=12, out_features=1, bias=True)
    (3): Sigmoid()
  )
)
Params are min slope: 2e-06, trend window: 100
Epoch     0 | Train Loss: 28261.964844 | Val Loss: 28172.423828 | Train R²: -995513.3125 | Val R²: -973843.3750
Epoch   500 | Train Loss: 571.192810 | Val Loss: 564.039368 | Train R²: -20118.9961 | Val R²: -19496.3125
Epoch  1000 | Train Loss: 118.875702 | Val Loss: 117.572762 | Train R²: -4186.3398 | Val R²: -4063.1719
Epoch  1500 | Train Loss: 47.640778 | Val Loss: 47.325409 | Train R²: -1677.1238 | Val R²: -1634.9113
Epoch  2000 | Train Loss: 24.424299 | Val Loss: 24.395077 | Train R²: -859.3343 | Val R²: -842.2717
Epoch  2500 | Train Loss: 14.234698 | Val Loss: 14.296949 | Train R²: -500.4105 | Val R²: -493.2068
Epoch  3000 | Train Loss: 8.982677 | Val Loss: 9.070655 | Train R²: -315.4106 | Val R²: -312.5479
Epoch  3500 | Train Loss: 5.993333 | Val Loss: 6.082923 | Train R²: -210.1123 | Val R²: -209.2702
Epoch  4000 | Train Loss: 4.175631 | Val Loss: 4.258124 | Train R²: -146.0846 | Val R²: -146.1918
Epoch  4500 | Train Loss: 3.014776 | Val Loss: 3.087881 | Train R²: -105.1941 | Val R²: -105.7397
Epoch  5000 | Train Loss: 2.221232 | Val Loss: 2.285748 | Train R²: -77.2419 | Val R²: -78.0121
Epoch  5500 | Train Loss: 1.662547 | Val Loss: 1.717508 | Train R²: -57.5624 | Val R²: -58.3696
Epoch  6000 | Train Loss: 1.262416 | Val Loss: 1.310315 | Train R²: -43.4680 | Val R²: -44.2941
Epoch  6500 | Train Loss: 0.961356 | Val Loss: 1.002563 | Train R²: -32.8633 | Val R²: -33.6559
Epoch  7000 | Train Loss: 0.711849 | Val Loss: 0.746195 | Train R²: -24.0746 | Val R²: -24.7939
Epoch  7500 | Train Loss: 0.507496 | Val Loss: 0.534521 | Train R²: -16.8763 | Val R²: -17.4770
Epoch  8000 | Train Loss: 0.367519 | Val Loss: 0.388109 | Train R²: -11.9457 | Val R²: -12.4159
Epoch  8500 | Train Loss: 0.270628 | Val Loss: 0.286862 | Train R²: -8.5328 | Val R²: -8.9161
Epoch  9000 | Train Loss: 0.202901 | Val Loss: 0.215728 | Train R²: -6.1471 | Val R²: -6.4571
Epoch  9500 | Train Loss: 0.153958 | Val Loss: 0.164114 | Train R²: -4.4231 | Val R²: -4.6730
Epoch 10000 | Train Loss: 0.117598 | Val Loss: 0.125634 | Train R²: -3.1423 | Val R²: -3.3428
Epoch 10500 | Train Loss: 0.090382 | Val Loss: 0.096681 | Train R²: -2.1837 | Val R²: -2.3420
Epoch 11000 | Train Loss: 0.070063 | Val Loss: 0.074937 | Train R²: -1.4679 | Val R²: -1.5904
Epoch 11500 | Train Loss: 0.054954 | Val Loss: 0.058676 | Train R²: -0.9357 | Val R²: -1.0283
Epoch 12000 | Train Loss: 0.043742 | Val Loss: 0.046549 | Train R²: -0.5408 | Val R²: -0.6091
Epoch 12500 | Train Loss: 0.035420 | Val Loss: 0.037513 | Train R²: -0.2477 | Val R²: -0.2967
Epoch 13000 | Train Loss: 0.029233 | Val Loss: 0.030786 | Train R²: -0.0297 | Val R²: -0.0642
Epoch 13500 | Train Loss: 0.024633 | Val Loss: 0.025790 | Train R²: 0.1323 | Val R²: 0.1085
Epoch 14000 | Train Loss: 0.021232 | Val Loss: 0.022107 | Train R²: 0.2521 | Val R²: 0.2358
Epoch 14500 | Train Loss: 0.018748 | Val Loss: 0.019427 | Train R²: 0.3396 | Val R²: 0.3284
Epoch 15000 | Train Loss: 0.016950 | Val Loss: 0.017496 | Train R²: 0.4030 | Val R²: 0.3952
Epoch 15500 | Train Loss: 0.015644 | Val Loss: 0.016100 | Train R²: 0.4489 | Val R²: 0.4435
Epoch 16000 | Train Loss: 0.014678 | Val Loss: 0.015069 | Train R²: 0.4830 | Val R²: 0.4791
Epoch 16500 | Train Loss: 0.013927 | Val Loss: 0.014266 | Train R²: 0.5094 | Val R²: 0.5069
Epoch 17000 | Train Loss: 0.013300 | Val Loss: 0.013593 | Train R²: 0.5315 | Val R²: 0.5301
Epoch 17500 | Train Loss: 0.012730 | Val Loss: 0.012981 | Train R²: 0.5516 | Val R²: 0.5513
Epoch 18000 | Train Loss: 0.012173 | Val Loss: 0.012390 | Train R²: 0.5712 | Val R²: 0.5717
Epoch 18500 | Train Loss: 0.011613 | Val Loss: 0.011801 | Train R²: 0.5909 | Val R²: 0.5921
Epoch 19000 | Train Loss: 0.011050 | Val Loss: 0.011214 | Train R²: 0.6108 | Val R²: 0.6124
Epoch 19500 | Train Loss: 0.010469 | Val Loss: 0.010621 | Train R²: 0.6312 | Val R²: 0.6328
Epoch 20000 | Train Loss: 0.009878 | Val Loss: 0.010023 | Train R²: 0.6520 | Val R²: 0.6535
Epoch 20500 | Train Loss: 0.009334 | Val Loss: 0.009469 | Train R²: 0.6712 | Val R²: 0.6727
Epoch 21000 | Train Loss: 0.008793 | Val Loss: 0.008957 | Train R²: 0.6903 | Val R²: 0.6904
Epoch 21500 | Train Loss: 0.008337 | Val Loss: 0.008499 | Train R²: 0.7063 | Val R²: 0.7062
Epoch 22000 | Train Loss: 0.007899 | Val Loss: 0.008078 | Train R²: 0.7218 | Val R²: 0.7208
Epoch 22500 | Train Loss: 0.007396 | Val Loss: 0.007595 | Train R²: 0.7395 | Val R²: 0.7375
Epoch 23000 | Train Loss: 0.006727 | Val Loss: 0.006952 | Train R²: 0.7631 | Val R²: 0.7597
Epoch 23500 | Train Loss: 0.005956 | Val Loss: 0.006181 | Train R²: 0.7902 | Val R²: 0.7863
Epoch 24000 | Train Loss: 0.005159 | Val Loss: 0.005368 | Train R²: 0.8183 | Val R²: 0.8144
Epoch 24500 | Train Loss: 0.004583 | Val Loss: 0.004770 | Train R²: 0.8386 | Val R²: 0.8351
Epoch 25000 | Train Loss: 0.004262 | Val Loss: 0.004425 | Train R²: 0.8499 | Val R²: 0.8470
Epoch 25500 | Train Loss: 0.004086 | Val Loss: 0.004232 | Train R²: 0.8561 | Val R²: 0.8537
Epoch 26000 | Train Loss: 0.003970 | Val Loss: 0.004104 | Train R²: 0.8601 | Val R²: 0.8581
Epoch 26500 | Train Loss: 0.003868 | Val Loss: 0.003997 | Train R²: 0.8638 | Val R²: 0.8618
Epoch 27000 | Train Loss: 0.003777 | Val Loss: 0.003908 | Train R²: 0.8669 | Val R²: 0.8649
Epoch 27500 | Train Loss: 0.003684 | Val Loss: 0.003825 | Train R²: 0.8702 | Val R²: 0.8678
Epoch 28000 | Train Loss: 0.003598 | Val Loss: 0.003756 | Train R²: 0.8733 | Val R²: 0.8702
Epoch 28500 | Train Loss: 0.003515 | Val Loss: 0.003687 | Train R²: 0.8762 | Val R²: 0.8726
Epoch 29000 | Train Loss: 0.003432 | Val Loss: 0.003611 | Train R²: 0.8791 | Val R²: 0.8752
Epoch 29500 | Train Loss: 0.003347 | Val Loss: 0.003528 | Train R²: 0.8821 | Val R²: 0.8780
Epoch 30000 | Train Loss: 0.003257 | Val Loss: 0.003440 | Train R²: 0.8853 | Val R²: 0.8811
Epoch 30500 | Train Loss: 0.003188 | Val Loss: 0.003362 | Train R²: 0.8877 | Val R²: 0.8838
Epoch 31000 | Train Loss: 0.003134 | Val Loss: 0.003301 | Train R²: 0.8896 | Val R²: 0.8859
Epoch 31500 | Train Loss: 0.003098 | Val Loss: 0.003258 | Train R²: 0.8909 | Val R²: 0.8874
Epoch 32000 | Train Loss: 0.003068 | Val Loss: 0.003224 | Train R²: 0.8919 | Val R²: 0.8886
Early stopping at epoch 32282 due to flat/negative trend (slope=0.000002)
Epoch 32282 | Train Loss: 0.003053 | Val Loss: 0.003207 | Train R²: 0.8925 | Val R²: 0.8892
Unpickling models
Following models have been loaded and moved to cuda:
trained gpp model:
 SNN_GPP_Tram(
  (net): Sequential(
    (0): Linear(in_features=7, out_features=12, bias=True)
    (1): Tanh()
    (2): Linear(in_features=12, out_features=1, bias=True)
    (3): Sigmoid()
  )
), trained_reco_model:
 SNN_GPP_Tram(
  (net): Sequential(
    (0): Linear(in_features=7, out_features=12, bias=True)
    (1): Tanh()
    (2): Linear(in_features=12, out_features=1, bias=True)
    (3): Sigmoid()
  )
)
using full data set for visualization
Un-normalizing the GPP and RECO predictions using NEE min: tensor([-36.1705]), NEE max: tensor([35.8634])



Metrics for the Tramontana, with
GPP inputs: ['SW_IN', 'TA', 'VPD', 'WS', 'WD_COS', 'WD_SIN', 'WTD']
RECO inputs: ['DOY_sin', 'DOY_cos', 'TA', 'WS', 'WD_COS', 'WD_SIN', 'WTD']:
DT_GPP vs Tramontana_GPP R²=0.87 RMSE=2.57
NT_GPP vs Tramontana_GPP R²=0.83 RMSE=2.88
DT_RECO vs Tramontana_RECO R²=0.09 RMSE=2.23
NT_RECO vs Tramontana_RECO R²=-0.13 RMSE=2.16
DT_GPP vs NT_GPP R²=0.95 RMSE=1.56
DT_RECO vs NT_RECO R²=0.85 RMSE=1.00

gpp_input_names,  ['SW_IN', 'TA', 'VPD', 'WS', 'WD_COS', 'WD_SIN', 'WTD', 'Salinity'] 
reco_input_names,  ['DOY_sin', 'DOY_cos', 'TA', 'WS', 'WD_COS', 'WD_SIN', 'WTD', 'Salinity'] 
true_nee_name,  ['NEE'] 

Tramontana Running on GPU With hidden layer size of 12 Total epochs: 100000 lr: 0.001 patience: 500 min_delta 0.01
SNN_GPP_Tram(
  (net): Sequential(
    (0): Linear(in_features=8, out_features=12, bias=True)
    (1): Tanh()
    (2): Linear(in_features=12, out_features=1, bias=True)
    (3): Sigmoid()
  )
)
SNN_RECO_Tram(
  (net): Sequential(
    (0): Linear(in_features=8, out_features=12, bias=True)
    (1): Tanh()
    (2): Linear(in_features=12, out_features=1, bias=True)
    (3): Sigmoid()
  )
)
Params are min slope: 2e-06, trend window: 100
Epoch     0 | Train Loss: 22487.730469 | Val Loss: 22195.082031 | Train R²: -792118.5625 | Val R²: -767222.8750
Epoch   500 | Train Loss: 340.791107 | Val Loss: 338.747711 | Train R²: -12003.2051 | Val R²: -11708.5908
Epoch  1000 | Train Loss: 90.648468 | Val Loss: 90.744820 | Train R²: -3192.0496 | Val R²: -3135.8025
Epoch  1500 | Train Loss: 40.395523 | Val Loss: 40.422146 | Train R²: -1421.9132 | Val R²: -1396.2841
Epoch  2000 | Train Loss: 22.066639 | Val Loss: 22.026890 | Train R²: -776.2868 | Val R²: -760.4099
Epoch  2500 | Train Loss: 13.445925 | Val Loss: 13.378463 | Train R²: -472.6263 | Val R²: -461.4572
Epoch  3000 | Train Loss: 8.777067 | Val Loss: 8.702669 | Train R²: -308.1680 | Val R²: -299.8277
Epoch  3500 | Train Loss: 6.014201 | Val Loss: 5.943135 | Train R²: -210.8474 | Val R²: -204.4381
Epoch  4000 | Train Loss: 4.275261 | Val Loss: 4.212792 | Train R²: -149.5940 | Val R²: -144.6248
Epoch  4500 | Train Loss: 3.114859 | Val Loss: 3.064169 | Train R²: -108.7194 | Val R²: -104.9200
Epoch  5000 | Train Loss: 2.314053 | Val Loss: 2.272476 | Train R²: -80.5114 | Val R²: -77.5534
Epoch  5500 | Train Loss: 1.747151 | Val Loss: 1.713030 | Train R²: -60.5426 | Val R²: -58.2148
Epoch  6000 | Train Loss: 1.322168 | Val Loss: 1.296786 | Train R²: -45.5728 | Val R²: -43.8264
Epoch  6500 | Train Loss: 0.986148 | Val Loss: 0.966911 | Train R²: -33.7366 | Val R²: -32.4235
Epoch  7000 | Train Loss: 0.709263 | Val Loss: 0.693314 | Train R²: -23.9835 | Val R²: -22.9660
Epoch  7500 | Train Loss: 0.514448 | Val Loss: 0.501988 | Train R²: -17.1212 | Val R²: -16.3524
Epoch  8000 | Train Loss: 0.378932 | Val Loss: 0.369246 | Train R²: -12.3477 | Val R²: -11.7638
Epoch  8500 | Train Loss: 0.283327 | Val Loss: 0.275832 | Train R²: -8.9801 | Val R²: -8.5348
Epoch  9000 | Train Loss: 0.214068 | Val Loss: 0.208436 | Train R²: -6.5405 | Val R²: -6.2051
Epoch  9500 | Train Loss: 0.162691 | Val Loss: 0.158557 | Train R²: -4.7307 | Val R²: -4.4809
Epoch 10000 | Train Loss: 0.124285 | Val Loss: 0.121274 | Train R²: -3.3779 | Val R²: -3.1921
Epoch 10500 | Train Loss: 0.095589 | Val Loss: 0.093387 | Train R²: -2.3671 | Val R²: -2.2281
Epoch 11000 | Train Loss: 0.074155 | Val Loss: 0.072512 | Train R²: -1.6121 | Val R²: -1.5066
Epoch 11500 | Train Loss: 0.058093 | Val Loss: 0.056814 | Train R²: -1.0463 | Val R²: -0.9639
Epoch 12000 | Train Loss: 0.046075 | Val Loss: 0.045071 | Train R²: -0.6230 | Val R²: -0.5580
Epoch 12500 | Train Loss: 0.037110 | Val Loss: 0.036346 | Train R²: -0.3072 | Val R²: -0.2564
Epoch 13000 | Train Loss: 0.030446 | Val Loss: 0.029884 | Train R²: -0.0724 | Val R²: -0.0330
Epoch 13500 | Train Loss: 0.025510 | Val Loss: 0.025121 | Train R²: 0.1014 | Val R²: 0.1316
Epoch 14000 | Train Loss: 0.021855 | Val Loss: 0.021622 | Train R²: 0.2302 | Val R²: 0.2526
Epoch 14500 | Train Loss: 0.019137 | Val Loss: 0.019053 | Train R²: 0.3259 | Val R²: 0.3414
Epoch 15000 | Train Loss: 0.017127 | Val Loss: 0.017175 | Train R²: 0.3967 | Val R²: 0.4063
Epoch 15500 | Train Loss: 0.015663 | Val Loss: 0.015812 | Train R²: 0.4483 | Val R²: 0.4534
Epoch 16000 | Train Loss: 0.014580 | Val Loss: 0.014803 | Train R²: 0.4864 | Val R²: 0.4883
Epoch 16500 | Train Loss: 0.013728 | Val Loss: 0.014001 | Train R²: 0.5164 | Val R²: 0.5160
Epoch 17000 | Train Loss: 0.012993 | Val Loss: 0.013295 | Train R²: 0.5423 | Val R²: 0.5404
Epoch 17500 | Train Loss: 0.012298 | Val Loss: 0.012609 | Train R²: 0.5668 | Val R²: 0.5641
Epoch 18000 | Train Loss: 0.011613 | Val Loss: 0.011910 | Train R²: 0.5909 | Val R²: 0.5883
Epoch 18500 | Train Loss: 0.010937 | Val Loss: 0.011219 | Train R²: 0.6147 | Val R²: 0.6122
Epoch 19000 | Train Loss: 0.010247 | Val Loss: 0.010543 | Train R²: 0.6391 | Val R²: 0.6356
Epoch 19500 | Train Loss: 0.009626 | Val Loss: 0.009907 | Train R²: 0.6609 | Val R²: 0.6575
Epoch 20000 | Train Loss: 0.009067 | Val Loss: 0.009359 | Train R²: 0.6806 | Val R²: 0.6765
Epoch 20500 | Train Loss: 0.008590 | Val Loss: 0.008880 | Train R²: 0.6974 | Val R²: 0.6930
Epoch 21000 | Train Loss: 0.008159 | Val Loss: 0.008449 | Train R²: 0.7126 | Val R²: 0.7080
Epoch 21500 | Train Loss: 0.007789 | Val Loss: 0.008064 | Train R²: 0.7256 | Val R²: 0.7213
Epoch 22000 | Train Loss: 0.007455 | Val Loss: 0.007714 | Train R²: 0.7374 | Val R²: 0.7334
Epoch 22500 | Train Loss: 0.007125 | Val Loss: 0.007379 | Train R²: 0.7490 | Val R²: 0.7449
Epoch 23000 | Train Loss: 0.006793 | Val Loss: 0.007036 | Train R²: 0.7607 | Val R²: 0.7568
Epoch 23500 | Train Loss: 0.006471 | Val Loss: 0.006702 | Train R²: 0.7721 | Val R²: 0.7683
Epoch 24000 | Train Loss: 0.006142 | Val Loss: 0.006360 | Train R²: 0.7836 | Val R²: 0.7801
Epoch 24500 | Train Loss: 0.005775 | Val Loss: 0.005991 | Train R²: 0.7966 | Val R²: 0.7929
Epoch 25000 | Train Loss: 0.005336 | Val Loss: 0.005559 | Train R²: 0.8121 | Val R²: 0.8078
Epoch 25500 | Train Loss: 0.004818 | Val Loss: 0.005046 | Train R²: 0.8303 | Val R²: 0.8256
Epoch 26000 | Train Loss: 0.004289 | Val Loss: 0.004505 | Train R²: 0.8489 | Val R²: 0.8443
Epoch 26500 | Train Loss: 0.003905 | Val Loss: 0.004101 | Train R²: 0.8624 | Val R²: 0.8582
Epoch 27000 | Train Loss: 0.003674 | Val Loss: 0.003866 | Train R²: 0.8706 | Val R²: 0.8664
Epoch 27500 | Train Loss: 0.003511 | Val Loss: 0.003706 | Train R²: 0.8763 | Val R²: 0.8719
Epoch 28000 | Train Loss: 0.003389 | Val Loss: 0.003578 | Train R²: 0.8806 | Val R²: 0.8763
Epoch 28500 | Train Loss: 0.003281 | Val Loss: 0.003463 | Train R²: 0.8844 | Val R²: 0.8803
Epoch 29000 | Train Loss: 0.003185 | Val Loss: 0.003358 | Train R²: 0.8878 | Val R²: 0.8839
Epoch 29500 | Train Loss: 0.003103 | Val Loss: 0.003268 | Train R²: 0.8907 | Val R²: 0.8870
Epoch 30000 | Train Loss: 0.003023 | Val Loss: 0.003182 | Train R²: 0.8935 | Val R²: 0.8900
Epoch 30500 | Train Loss: 0.002950 | Val Loss: 0.003106 | Train R²: 0.8961 | Val R²: 0.8926
Epoch 31000 | Train Loss: 0.002893 | Val Loss: 0.003053 | Train R²: 0.8981 | Val R²: 0.8945
Epoch 31500 | Train Loss: 0.002849 | Val Loss: 0.003015 | Train R²: 0.8996 | Val R²: 0.8958
Early stopping at epoch 31848 due to flat/negative trend (slope=0.000002)
Epoch 31848 | Train Loss: 0.002825 | Val Loss: 0.002994 | Train R²: 0.9005 | Val R²: 0.8965
Unpickling models
Following models have been loaded and moved to cuda:
trained gpp model:
 SNN_GPP_Tram(
  (net): Sequential(
    (0): Linear(in_features=8, out_features=12, bias=True)
    (1): Tanh()
    (2): Linear(in_features=12, out_features=1, bias=True)
    (3): Sigmoid()
  )
), trained_reco_model:
 SNN_GPP_Tram(
  (net): Sequential(
    (0): Linear(in_features=8, out_features=12, bias=True)
    (1): Tanh()
    (2): Linear(in_features=12, out_features=1, bias=True)
    (3): Sigmoid()
  )
)
using full data set for visualization
Un-normalizing the GPP and RECO predictions using NEE min: tensor([-36.1705]), NEE max: tensor([35.8634])



Metrics for the Tramontana, with
GPP inputs: ['SW_IN', 'TA', 'VPD', 'WS', 'WD_COS', 'WD_SIN', 'WTD', 'Salinity']
RECO inputs: ['DOY_sin', 'DOY_cos', 'TA', 'WS', 'WD_COS', 'WD_SIN', 'WTD', 'Salinity']:
DT_GPP vs Tramontana_GPP R²=0.87 RMSE=2.55
NT_GPP vs Tramontana_GPP R²=0.83 RMSE=2.90
DT_RECO vs Tramontana_RECO R²=0.04 RMSE=2.29
NT_RECO vs Tramontana_RECO R²=-0.24 RMSE=2.25
DT_GPP vs NT_GPP R²=0.95 RMSE=1.56
DT_RECO vs NT_RECO R²=0.85 RMSE=1.00

gpp_input_names,  ['SW_IN', 'TA', 'VPD', 'WS', 'WD_COS', 'WD_SIN', 'WTD', 'Salinity', 'WTD_HalfHourlyDiff'] 
reco_input_names,  ['DOY_sin', 'DOY_cos', 'TA', 'WS', 'WD_COS', 'WD_SIN', 'WTD', 'Salinity', 'WTD_HalfHourlyDiff'] 
true_nee_name,  ['NEE'] 

Tramontana Running on GPU With hidden layer size of 12 Total epochs: 100000 lr: 0.001 patience: 500 min_delta 0.01
SNN_GPP_Tram(
  (net): Sequential(
    (0): Linear(in_features=9, out_features=12, bias=True)
    (1): Tanh()
    (2): Linear(in_features=12, out_features=1, bias=True)
    (3): Sigmoid()
  )
)
SNN_RECO_Tram(
  (net): Sequential(
    (0): Linear(in_features=9, out_features=12, bias=True)
    (1): Tanh()
    (2): Linear(in_features=12, out_features=1, bias=True)
    (3): Sigmoid()
  )
)
Params are min slope: 2e-06, trend window: 100
Epoch     0 | Train Loss: 21884.599609 | Val Loss: 21644.617188 | Train R²: -770873.6250 | Val R²: -748194.8125
Epoch   500 | Train Loss: 263.456177 | Val Loss: 267.815979 | Train R²: -9279.1191 | Val R²: -9256.6738
Epoch  1000 | Train Loss: 70.397842 | Val Loss: 77.199181 | Train R²: -2478.7307 | Val R²: -2667.5669
Epoch  1500 | Train Loss: 32.286598 | Val Loss: 39.170670 | Train R²: -1136.2802 | Val R²: -1353.0239
Epoch  2000 | Train Loss: 18.053612 | Val Loss: 24.706120 | Train R²: -634.9299 | Val R²: -853.0236
Epoch  2500 | Train Loss: 11.191637 | Val Loss: 17.457041 | Train R²: -393.2201 | Val R²: -602.4426
Epoch  3000 | Train Loss: 7.409198 | Val Loss: 13.201777 | Train R²: -259.9854 | Val R²: -455.3497
Epoch  3500 | Train Loss: 5.141928 | Val Loss: 10.424588 | Train R²: -180.1220 | Val R²: -359.3498
Epoch  4000 | Train Loss: 3.688323 | Val Loss: 8.454211 | Train R²: -128.9194 | Val R²: -291.2392
Epoch  4500 | Train Loss: 2.696311 | Val Loss: 6.955978 | Train R²: -93.9763 | Val R²: -239.4493
Epoch  5000 | Train Loss: 2.006940 | Val Loss: 5.778721 | Train R²: -69.6935 | Val R²: -198.7547
Epoch  5500 | Train Loss: 1.510879 | Val Loss: 4.814579 | Train R²: -52.2200 | Val R²: -165.4270
Epoch  6000 | Train Loss: 1.138493 | Val Loss: 3.991903 | Train R²: -39.1029 | Val R²: -136.9892
Epoch  6500 | Train Loss: 0.850517 | Val Loss: 3.280904 | Train R²: -28.9591 | Val R²: -112.4120
Epoch  7000 | Train Loss: 0.628357 | Val Loss: 2.674103 | Train R²: -21.1336 | Val R²: -91.4365
Epoch  7500 | Train Loss: 0.467677 | Val Loss: 2.171921 | Train R²: -15.4737 | Val R²: -74.0775
Epoch  8000 | Train Loss: 0.349592 | Val Loss: 1.754262 | Train R²: -11.3142 | Val R²: -59.6401
Epoch  8500 | Train Loss: 0.262388 | Val Loss: 1.406208 | Train R²: -8.2425 | Val R²: -47.6088
Epoch  9000 | Train Loss: 0.198141 | Val Loss: 1.120139 | Train R²: -5.9794 | Val R²: -37.7202
Epoch  9500 | Train Loss: 0.151158 | Val Loss: 0.886957 | Train R²: -4.3245 | Val R²: -29.6597
Epoch 10000 | Train Loss: 0.116139 | Val Loss: 0.696133 | Train R²: -3.0909 | Val R²: -23.0634
Epoch 10500 | Train Loss: 0.089805 | Val Loss: 0.541109 | Train R²: -2.1633 | Val R²: -17.7047
Epoch 11000 | Train Loss: 0.069946 | Val Loss: 0.416714 | Train R²: -1.4638 | Val R²: -13.4047
Epoch 11500 | Train Loss: 0.054972 | Val Loss: 0.318369 | Train R²: -0.9364 | Val R²: -10.0051
Epoch 12000 | Train Loss: 0.043707 | Val Loss: 0.241868 | Train R²: -0.5396 | Val R²: -7.3607
Epoch 12500 | Train Loss: 0.035255 | Val Loss: 0.183304 | Train R²: -0.2418 | Val R²: -5.3363
Epoch 13000 | Train Loss: 0.028937 | Val Loss: 0.139128 | Train R²: -0.0193 | Val R²: -3.8093
Epoch 13500 | Train Loss: 0.024250 | Val Loss: 0.106218 | Train R²: 0.1458 | Val R²: -2.6717
Epoch 14000 | Train Loss: 0.020797 | Val Loss: 0.081910 | Train R²: 0.2674 | Val R²: -1.8314
Epoch 14500 | Train Loss: 0.018257 | Val Loss: 0.064029 | Train R²: 0.3569 | Val R²: -1.2133
Epoch 15000 | Train Loss: 0.016388 | Val Loss: 0.050876 | Train R²: 0.4228 | Val R²: -0.7586
Epoch 15500 | Train Loss: 0.015012 | Val Loss: 0.041181 | Train R²: 0.4712 | Val R²: -0.4235
Epoch 16000 | Train Loss: 0.013988 | Val Loss: 0.033992 | Train R²: 0.5073 | Val R²: -0.1750
Epoch 16500 | Train Loss: 0.013189 | Val Loss: 0.028598 | Train R²: 0.5354 | Val R²: 0.0115
Epoch 17000 | Train Loss: 0.012515 | Val Loss: 0.024471 | Train R²: 0.5592 | Val R²: 0.1541
Epoch 17500 | Train Loss: 0.011896 | Val Loss: 0.021227 | Train R²: 0.5810 | Val R²: 0.2662
Epoch 18000 | Train Loss: 0.011286 | Val Loss: 0.018593 | Train R²: 0.6024 | Val R²: 0.3573
Epoch 18500 | Train Loss: 0.010675 | Val Loss: 0.016397 | Train R²: 0.6240 | Val R²: 0.4332
Epoch 19000 | Train Loss: 0.010099 | Val Loss: 0.014539 | Train R²: 0.6443 | Val R²: 0.4974
Epoch 19500 | Train Loss: 0.009581 | Val Loss: 0.012953 | Train R²: 0.6625 | Val R²: 0.5522
Epoch 20000 | Train Loss: 0.009101 | Val Loss: 0.011605 | Train R²: 0.6794 | Val R²: 0.5989
Epoch 20500 | Train Loss: 0.008650 | Val Loss: 0.010466 | Train R²: 0.6953 | Val R²: 0.6382
Epoch 21000 | Train Loss: 0.008263 | Val Loss: 0.009595 | Train R²: 0.7090 | Val R²: 0.6683
Epoch 21500 | Train Loss: 0.007926 | Val Loss: 0.008939 | Train R²: 0.7208 | Val R²: 0.6910
Epoch 22000 | Train Loss: 0.007607 | Val Loss: 0.008398 | Train R²: 0.7320 | Val R²: 0.7097
Epoch 22500 | Train Loss: 0.007340 | Val Loss: 0.007988 | Train R²: 0.7414 | Val R²: 0.7239
Epoch 23000 | Train Loss: 0.007096 | Val Loss: 0.007622 | Train R²: 0.7501 | Val R²: 0.7365
Epoch 23500 | Train Loss: 0.006848 | Val Loss: 0.007294 | Train R²: 0.7588 | Val R²: 0.7479
Epoch 24000 | Train Loss: 0.006577 | Val Loss: 0.006988 | Train R²: 0.7683 | Val R²: 0.7584
Epoch 24500 | Train Loss: 0.006299 | Val Loss: 0.006736 | Train R²: 0.7781 | Val R²: 0.7672
Epoch 25000 | Train Loss: 0.006032 | Val Loss: 0.006452 | Train R²: 0.7875 | Val R²: 0.7770
Epoch 25500 | Train Loss: 0.005759 | Val Loss: 0.006151 | Train R²: 0.7971 | Val R²: 0.7874
Epoch 26000 | Train Loss: 0.005454 | Val Loss: 0.005811 | Train R²: 0.8079 | Val R²: 0.7991
Epoch 26500 | Train Loss: 0.005074 | Val Loss: 0.005396 | Train R²: 0.8213 | Val R²: 0.8135
Epoch 27000 | Train Loss: 0.004491 | Val Loss: 0.004778 | Train R²: 0.8418 | Val R²: 0.8348
Epoch 27500 | Train Loss: 0.003928 | Val Loss: 0.004152 | Train R²: 0.8616 | Val R²: 0.8565
Epoch 28000 | Train Loss: 0.003796 | Val Loss: 0.003990 | Train R²: 0.8663 | Val R²: 0.8621
Epoch 28500 | Train Loss: 0.003700 | Val Loss: 0.003878 | Train R²: 0.8697 | Val R²: 0.8660
Epoch 29000 | Train Loss: 0.003590 | Val Loss: 0.003756 | Train R²: 0.8735 | Val R²: 0.8702
Epoch 29500 | Train Loss: 0.003480 | Val Loss: 0.003649 | Train R²: 0.8774 | Val R²: 0.8738
Epoch 30000 | Train Loss: 0.003365 | Val Loss: 0.003551 | Train R²: 0.8815 | Val R²: 0.8773
Epoch 30500 | Train Loss: 0.003262 | Val Loss: 0.003458 | Train R²: 0.8851 | Val R²: 0.8805
Epoch 31000 | Train Loss: 0.003169 | Val Loss: 0.003371 | Train R²: 0.8884 | Val R²: 0.8835
Epoch 31500 | Train Loss: 0.003084 | Val Loss: 0.003285 | Train R²: 0.8914 | Val R²: 0.8864
Epoch 32000 | Train Loss: 0.002998 | Val Loss: 0.003197 | Train R²: 0.8944 | Val R²: 0.8895
Epoch 32500 | Train Loss: 0.002911 | Val Loss: 0.003106 | Train R²: 0.8975 | Val R²: 0.8926
Epoch 33000 | Train Loss: 0.002827 | Val Loss: 0.003014 | Train R²: 0.9004 | Val R²: 0.8958
Epoch 33500 | Train Loss: 0.002745 | Val Loss: 0.002940 | Train R²: 0.9033 | Val R²: 0.8984
Early stopping at epoch 33519 due to flat/negative trend (slope=0.000002)
Epoch 33519 | Train Loss: 0.002742 | Val Loss: 0.002940 | Train R²: 0.9034 | Val R²: 0.8984
Unpickling models
Following models have been loaded and moved to cuda:
trained gpp model:
 SNN_GPP_Tram(
  (net): Sequential(
    (0): Linear(in_features=9, out_features=12, bias=True)
    (1): Tanh()
    (2): Linear(in_features=12, out_features=1, bias=True)
    (3): Sigmoid()
  )
), trained_reco_model:
 SNN_GPP_Tram(
  (net): Sequential(
    (0): Linear(in_features=9, out_features=12, bias=True)
    (1): Tanh()
    (2): Linear(in_features=12, out_features=1, bias=True)
    (3): Sigmoid()
  )
)
using full data set for visualization
Un-normalizing the GPP and RECO predictions using NEE min: tensor([-36.1705]), NEE max: tensor([35.8634])



Metrics for the Tramontana, with
GPP inputs: ['SW_IN', 'TA', 'VPD', 'WS', 'WD_COS', 'WD_SIN', 'WTD', 'Salinity', 'WTD_HalfHourlyDiff']
RECO inputs: ['DOY_sin', 'DOY_cos', 'TA', 'WS', 'WD_COS', 'WD_SIN', 'WTD', 'Salinity', 'WTD_HalfHourlyDiff']:
DT_GPP vs Tramontana_GPP R²=0.89 RMSE=2.41
NT_GPP vs Tramontana_GPP R²=0.85 RMSE=2.76
DT_RECO vs Tramontana_RECO R²=0.16 RMSE=2.14
NT_RECO vs Tramontana_RECO R²=-0.06 RMSE=2.09
DT_GPP vs NT_GPP R²=0.95 RMSE=1.56
DT_RECO vs NT_RECO R²=0.85 RMSE=1.00

gpp_input_names,  ['SW_IN', 'TA', 'VPD', 'WS', 'WD_COS', 'WD_SIN', 'WTD', 'Salinity', 'WTD_HalfHourlyDiff', 'WTD_DailyAvg', 'WTD_DailyDiff'] 
reco_input_names,  ['DOY_sin', 'DOY_cos', 'TA', 'WS', 'WD_COS', 'WD_SIN', 'WTD', 'Salinity', 'WTD_HalfHourlyDiff', 'WTD_DailyAvg', 'WTD_DailyDiff'] 
true_nee_name,  ['NEE'] 

Tramontana Running on GPU With hidden layer size of 12 Total epochs: 100000 lr: 0.001 patience: 500 min_delta 0.01
SNN_GPP_Tram(
  (net): Sequential(
    (0): Linear(in_features=11, out_features=12, bias=True)
    (1): Tanh()
    (2): Linear(in_features=12, out_features=1, bias=True)
    (3): Sigmoid()
  )
)
SNN_RECO_Tram(
  (net): Sequential(
    (0): Linear(in_features=11, out_features=12, bias=True)
    (1): Tanh()
    (2): Linear(in_features=12, out_features=1, bias=True)
    (3): Sigmoid()
  )
)
Params are min slope: 2e-06, trend window: 100
Epoch     0 | Train Loss: 12983.830078 | Val Loss: 12793.815430 | Train R²: -457348.2500 | Val R²: -442246.5938
Epoch   500 | Train Loss: 114.781029 | Val Loss: 113.863167 | Train R²: -4042.1072 | Val R²: -3934.9417
Epoch  1000 | Train Loss: 29.926893 | Val Loss: 30.132196 | Train R²: -1053.1608 | Val R²: -1040.5884
Epoch  1500 | Train Loss: 13.318392 | Val Loss: 13.687859 | Train R²: -468.1340 | Val R²: -472.1521
Epoch  2000 | Train Loss: 7.338737 | Val Loss: 7.733263 | Train R²: -257.5036 | Val R²: -266.3179
Epoch  2500 | Train Loss: 4.550668 | Val Loss: 4.925695 | Train R²: -159.2952 | Val R²: -169.2679
Epoch  3000 | Train Loss: 3.043623 | Val Loss: 3.382921 | Train R²: -106.2102 | Val R²: -115.9384
Epoch  3500 | Train Loss: 2.114844 | Val Loss: 2.415065 | Train R²: -73.4944 | Val R²: -82.4823
Epoch  4000 | Train Loss: 1.518680 | Val Loss: 1.782823 | Train R²: -52.4948 | Val R²: -60.6274
Epoch  4500 | Train Loss: 1.115525 | Val Loss: 1.345328 | Train R²: -38.2938 | Val R²: -45.5043
Epoch  5000 | Train Loss: 0.820838 | Val Loss: 1.018109 | Train R²: -27.9136 | Val R²: -34.1933
Epoch  5500 | Train Loss: 0.606072 | Val Loss: 0.774438 | Train R²: -20.3486 | Val R²: -25.7702
Epoch  6000 | Train Loss: 0.453611 | Val Loss: 0.595855 | Train R²: -14.9782 | Val R²: -19.5971
Epoch  6500 | Train Loss: 0.340935 | Val Loss: 0.460091 | Train R²: -11.0093 | Val R²: -14.9041
Epoch  7000 | Train Loss: 0.257016 | Val Loss: 0.356306 | Train R²: -8.0533 | Val R²: -11.3165
Epoch  7500 | Train Loss: 0.194421 | Val Loss: 0.276920 | Train R²: -5.8484 | Val R²: -8.5724
Epoch  8000 | Train Loss: 0.147593 | Val Loss: 0.216025 | Train R²: -4.1989 | Val R²: -6.4674
Epoch  8500 | Train Loss: 0.112453 | Val Loss: 0.168728 | Train R²: -2.9611 | Val R²: -4.8325
Epoch  9000 | Train Loss: 0.086043 | Val Loss: 0.131998 | Train R²: -2.0308 | Val R²: -3.5628
Epoch  9500 | Train Loss: 0.066655 | Val Loss: 0.104091 | Train R²: -1.3479 | Val R²: -2.5981
Epoch 10000 | Train Loss: 0.052261 | Val Loss: 0.082653 | Train R²: -0.8409 | Val R²: -1.8571
Epoch 10500 | Train Loss: 0.041441 | Val Loss: 0.066048 | Train R²: -0.4597 | Val R²: -1.2831
Epoch 11000 | Train Loss: 0.033278 | Val Loss: 0.053162 | Train R²: -0.1722 | Val R²: -0.8377
Epoch 11500 | Train Loss: 0.027085 | Val Loss: 0.043140 | Train R²: 0.0459 | Val R²: -0.4912
Epoch 12000 | Train Loss: 0.022429 | Val Loss: 0.035417 | Train R²: 0.2099 | Val R²: -0.2243
Epoch 12500 | Train Loss: 0.019000 | Val Loss: 0.029556 | Train R²: 0.3307 | Val R²: -0.0217
Epoch 13000 | Train Loss: 0.016494 | Val Loss: 0.025129 | Train R²: 0.4190 | Val R²: 0.1314
Epoch 13500 | Train Loss: 0.014669 | Val Loss: 0.021793 | Train R²: 0.4833 | Val R²: 0.2467
Epoch 14000 | Train Loss: 0.013346 | Val Loss: 0.019301 | Train R²: 0.5299 | Val R²: 0.3328
Epoch 14500 | Train Loss: 0.012395 | Val Loss: 0.017469 | Train R²: 0.5634 | Val R²: 0.3961
Epoch 15000 | Train Loss: 0.011703 | Val Loss: 0.016121 | Train R²: 0.5878 | Val R²: 0.4427
Epoch 15500 | Train Loss: 0.011175 | Val Loss: 0.015099 | Train R²: 0.6064 | Val R²: 0.4781
Epoch 16000 | Train Loss: 0.010734 | Val Loss: 0.014281 | Train R²: 0.6219 | Val R²: 0.5063
Epoch 16500 | Train Loss: 0.010333 | Val Loss: 0.013580 | Train R²: 0.6360 | Val R²: 0.5306
Epoch 17000 | Train Loss: 0.009945 | Val Loss: 0.012951 | Train R²: 0.6497 | Val R²: 0.5523
Epoch 17500 | Train Loss: 0.009562 | Val Loss: 0.012349 | Train R²: 0.6632 | Val R²: 0.5731
Epoch 18000 | Train Loss: 0.009165 | Val Loss: 0.011659 | Train R²: 0.6772 | Val R²: 0.5970
Epoch 18500 | Train Loss: 0.008806 | Val Loss: 0.011084 | Train R²: 0.6898 | Val R²: 0.6169
Epoch 19000 | Train Loss: 0.008469 | Val Loss: 0.010580 | Train R²: 0.7017 | Val R²: 0.6343
Epoch 19500 | Train Loss: 0.008140 | Val Loss: 0.010121 | Train R²: 0.7133 | Val R²: 0.6501
Epoch 20000 | Train Loss: 0.007834 | Val Loss: 0.009714 | Train R²: 0.7240 | Val R²: 0.6642
Epoch 20500 | Train Loss: 0.007539 | Val Loss: 0.009317 | Train R²: 0.7344 | Val R²: 0.6779
Epoch 21000 | Train Loss: 0.007214 | Val Loss: 0.008856 | Train R²: 0.7459 | Val R²: 0.6939
Epoch 21500 | Train Loss: 0.006821 | Val Loss: 0.008250 | Train R²: 0.7597 | Val R²: 0.7148
Epoch 22000 | Train Loss: 0.006398 | Val Loss: 0.007603 | Train R²: 0.7746 | Val R²: 0.7372
Epoch 22500 | Train Loss: 0.006058 | Val Loss: 0.007070 | Train R²: 0.7866 | Val R²: 0.7556
Epoch 23000 | Train Loss: 0.005769 | Val Loss: 0.006606 | Train R²: 0.7968 | Val R²: 0.7716
Epoch 23500 | Train Loss: 0.005488 | Val Loss: 0.006132 | Train R²: 0.8067 | Val R²: 0.7880
Epoch 24000 | Train Loss: 0.005186 | Val Loss: 0.005692 | Train R²: 0.8173 | Val R²: 0.8032
Epoch 24500 | Train Loss: 0.004845 | Val Loss: 0.005274 | Train R²: 0.8293 | Val R²: 0.8177
Epoch 25000 | Train Loss: 0.004467 | Val Loss: 0.004854 | Train R²: 0.8427 | Val R²: 0.8322
Epoch 25500 | Train Loss: 0.004106 | Val Loss: 0.004478 | Train R²: 0.8554 | Val R²: 0.8452
Epoch 26000 | Train Loss: 0.003853 | Val Loss: 0.004199 | Train R²: 0.8643 | Val R²: 0.8549
Epoch 26500 | Train Loss: 0.003694 | Val Loss: 0.004009 | Train R²: 0.8699 | Val R²: 0.8614
Epoch 27000 | Train Loss: 0.003567 | Val Loss: 0.003868 | Train R²: 0.8744 | Val R²: 0.8663
Epoch 27500 | Train Loss: 0.003450 | Val Loss: 0.003760 | Train R²: 0.8785 | Val R²: 0.8700
Epoch 28000 | Train Loss: 0.003340 | Val Loss: 0.003664 | Train R²: 0.8823 | Val R²: 0.8733
Epoch 28500 | Train Loss: 0.003223 | Val Loss: 0.003539 | Train R²: 0.8865 | Val R²: 0.8777
Epoch 29000 | Train Loss: 0.003100 | Val Loss: 0.003400 | Train R²: 0.8908 | Val R²: 0.8825
Epoch 29500 | Train Loss: 0.003025 | Val Loss: 0.003304 | Train R²: 0.8935 | Val R²: 0.8858
Epoch 30000 | Train Loss: 0.002974 | Val Loss: 0.003246 | Train R²: 0.8953 | Val R²: 0.8878
Epoch 30500 | Train Loss: 0.002937 | Val Loss: 0.003205 | Train R²: 0.8965 | Val R²: 0.8892
Epoch 31000 | Train Loss: 0.002907 | Val Loss: 0.003167 | Train R²: 0.8976 | Val R²: 0.8905
Epoch 31500 | Train Loss: 0.002873 | Val Loss: 0.003120 | Train R²: 0.8988 | Val R²: 0.8922
Epoch 32000 | Train Loss: 0.002843 | Val Loss: 0.003075 | Train R²: 0.8999 | Val R²: 0.8937
Early stopping at epoch 32260 due to flat/negative trend (slope=0.000002)
Epoch 32260 | Train Loss: 0.002828 | Val Loss: 0.003060 | Train R²: 0.9004 | Val R²: 0.8942
Unpickling models
Following models have been loaded and moved to cuda:
trained gpp model:
 SNN_GPP_Tram(
  (net): Sequential(
    (0): Linear(in_features=11, out_features=12, bias=True)
    (1): Tanh()
    (2): Linear(in_features=12, out_features=1, bias=True)
    (3): Sigmoid()
  )
), trained_reco_model:
 SNN_GPP_Tram(
  (net): Sequential(
    (0): Linear(in_features=11, out_features=12, bias=True)
    (1): Tanh()
    (2): Linear(in_features=12, out_features=1, bias=True)
    (3): Sigmoid()
  )
)
using full data set for visualization
Un-normalizing the GPP and RECO predictions using NEE min: tensor([-36.1705]), NEE max: tensor([35.8634])



Metrics for the Tramontana, with
GPP inputs: ['SW_IN', 'TA', 'VPD', 'WS', 'WD_COS', 'WD_SIN', 'WTD', 'Salinity', 'WTD_HalfHourlyDiff', 'WTD_DailyAvg', 'WTD_DailyDiff']
RECO inputs: ['DOY_sin', 'DOY_cos', 'TA', 'WS', 'WD_COS', 'WD_SIN', 'WTD', 'Salinity', 'WTD_HalfHourlyDiff', 'WTD_DailyAvg', 'WTD_DailyDiff']:
DT_GPP vs Tramontana_GPP R²=0.88 RMSE=2.45
NT_GPP vs Tramontana_GPP R²=0.85 RMSE=2.78
DT_RECO vs Tramontana_RECO R²=0.13 RMSE=2.17
NT_RECO vs Tramontana_RECO R²=-0.07 RMSE=2.10
DT_GPP vs NT_GPP R²=0.95 RMSE=1.56
DT_RECO vs NT_RECO R²=0.85 RMSE=1.00

gpp_input_names,  ['PotRadDailyAvg', 'PotRadDailyDiff', 'GPP_PROX'] 
reco_input_names,  ['DOY_sin', 'DOY_cos', 'NIGHTLY_NEE_AVG'] 
true_nee_name,  ['NEE'] 

Tramontana Running on GPU With hidden layer size of 12 Total epochs: 100000 lr: 0.001 patience: 500 min_delta 0.01
SNN_GPP_Tram(
  (net): Sequential(
    (0): Linear(in_features=3, out_features=12, bias=True)
    (1): Tanh()
    (2): Linear(in_features=12, out_features=1, bias=True)
    (3): Sigmoid()
  )
)
SNN_RECO_Tram(
  (net): Sequential(
    (0): Linear(in_features=3, out_features=12, bias=True)
    (1): Tanh()
    (2): Linear(in_features=12, out_features=1, bias=True)
    (3): Sigmoid()
  )
)
Params are min slope: 2e-06, trend window: 100
Epoch     0 | Train Loss: 13887.441406 | Val Loss: 13796.225586 | Train R²: -489177.5312 | Val R²: -476897.1250
Epoch   500 | Train Loss: 451.653992 | Val Loss: 452.286560 | Train R²: -15908.2979 | Val R²: -15633.3223
Epoch  1000 | Train Loss: 105.522598 | Val Loss: 106.363327 | Train R²: -3715.9839 | Val R²: -3675.6912
Epoch  1500 | Train Loss: 43.056656 | Val Loss: 43.562206 | Train R²: -1515.6503 | Val R²: -1504.8275
Epoch  2000 | Train Loss: 21.906546 | Val Loss: 22.224586 | Train R²: -770.6478 | Val R²: -767.2437
Epoch  2500 | Train Loss: 12.565914 | Val Loss: 12.776592 | Train R²: -441.6284 | Val R²: -440.6522
Epoch  3000 | Train Loss: 7.788017 | Val Loss: 7.933372 | Train R²: -273.3292 | Val R²: -273.2352
Epoch  3500 | Train Loss: 5.102714 | Val Loss: 5.206131 | Train R²: -178.7407 | Val R²: -178.9619
Epoch  4000 | Train Loss: 3.493467 | Val Loss: 3.568777 | Train R²: -122.0557 | Val R²: -122.3630
Epoch  4500 | Train Loss: 2.484213 | Val Loss: 2.540054 | Train R²: -86.5052 | Val R²: -86.8028
Epoch  5000 | Train Loss: 1.824303 | Val Loss: 1.866249 | Train R²: -63.2602 | Val R²: -63.5112
Epoch  5500 | Train Loss: 1.328822 | Val Loss: 1.359995 | Train R²: -45.8071 | Val R²: -46.0113
Epoch  6000 | Train Loss: 0.994467 | Val Loss: 1.020035 | Train R²: -34.0296 | Val R²: -34.2599
Epoch  6500 | Train Loss: 0.755107 | Val Loss: 0.777627 | Train R²: -25.5983 | Val R²: -25.8805
Epoch  7000 | Train Loss: 0.579417 | Val Loss: 0.598456 | Train R²: -19.4097 | Val R²: -19.6870
Epoch  7500 | Train Loss: 0.448797 | Val Loss: 0.464105 | Train R²: -14.8087 | Val R²: -15.0428
Epoch  8000 | Train Loss: 0.343852 | Val Loss: 0.355461 | Train R²: -11.1120 | Val R²: -11.2873
Epoch  8500 | Train Loss: 0.252760 | Val Loss: 0.261375 | Train R²: -7.9033 | Val R²: -8.0350
Epoch  9000 | Train Loss: 0.183177 | Val Loss: 0.189992 | Train R²: -5.4523 | Val R²: -5.5675
Epoch  9500 | Train Loss: 0.133218 | Val Loss: 0.138660 | Train R²: -3.6925 | Val R²: -3.7931
Epoch 10000 | Train Loss: 0.097115 | Val Loss: 0.101480 | Train R²: -2.4208 | Val R²: -2.5079
Epoch 10500 | Train Loss: 0.071085 | Val Loss: 0.074592 | Train R²: -1.5040 | Val R²: -1.5784
Epoch 11000 | Train Loss: 0.052327 | Val Loss: 0.055145 | Train R²: -0.8432 | Val R²: -0.9062
Epoch 11500 | Train Loss: 0.038826 | Val Loss: 0.041092 | Train R²: -0.3676 | Val R²: -0.4204
Epoch 12000 | Train Loss: 0.029140 | Val Loss: 0.030968 | Train R²: -0.0265 | Val R²: -0.0705
Epoch 12500 | Train Loss: 0.022234 | Val Loss: 0.023716 | Train R²: 0.2168 | Val R²: 0.1802
Epoch 13000 | Train Loss: 0.017353 | Val Loss: 0.018561 | Train R²: 0.3888 | Val R²: 0.3584
Epoch 13500 | Train Loss: 0.013939 | Val Loss: 0.014933 | Train R²: 0.5090 | Val R²: 0.4838
Epoch 14000 | Train Loss: 0.011583 | Val Loss: 0.012409 | Train R²: 0.5920 | Val R²: 0.5711
Epoch 14500 | Train Loss: 0.009979 | Val Loss: 0.010672 | Train R²: 0.6485 | Val R²: 0.6311
Epoch 15000 | Train Loss: 0.008901 | Val Loss: 0.009490 | Train R²: 0.6865 | Val R²: 0.6720
Epoch 15500 | Train Loss: 0.008183 | Val Loss: 0.008689 | Train R²: 0.7117 | Val R²: 0.6996
Epoch 16000 | Train Loss: 0.007705 | Val Loss: 0.008145 | Train R²: 0.7286 | Val R²: 0.7184
Epoch 16500 | Train Loss: 0.007379 | Val Loss: 0.007767 | Train R²: 0.7401 | Val R²: 0.7315
Epoch 17000 | Train Loss: 0.007148 | Val Loss: 0.007494 | Train R²: 0.7482 | Val R²: 0.7410
Epoch 17500 | Train Loss: 0.006971 | Val Loss: 0.007283 | Train R²: 0.7545 | Val R²: 0.7483
Epoch 18000 | Train Loss: 0.006821 | Val Loss: 0.007106 | Train R²: 0.7597 | Val R²: 0.7544
Epoch 18500 | Train Loss: 0.006681 | Val Loss: 0.006944 | Train R²: 0.7647 | Val R²: 0.7600
Epoch 19000 | Train Loss: 0.006537 | Val Loss: 0.006782 | Train R²: 0.7698 | Val R²: 0.7656
Epoch 19500 | Train Loss: 0.006380 | Val Loss: 0.006610 | Train R²: 0.7753 | Val R²: 0.7715
Epoch 20000 | Train Loss: 0.006204 | Val Loss: 0.006421 | Train R²: 0.7815 | Val R²: 0.7781
Epoch 20500 | Train Loss: 0.006006 | Val Loss: 0.006208 | Train R²: 0.7884 | Val R²: 0.7854
Epoch 21000 | Train Loss: 0.005782 | Val Loss: 0.005967 | Train R²: 0.7963 | Val R²: 0.7937
Epoch 21500 | Train Loss: 0.005531 | Val Loss: 0.005697 | Train R²: 0.8052 | Val R²: 0.8031
Epoch 22000 | Train Loss: 0.005256 | Val Loss: 0.005401 | Train R²: 0.8148 | Val R²: 0.8133
Epoch 22500 | Train Loss: 0.004969 | Val Loss: 0.005090 | Train R²: 0.8250 | Val R²: 0.8241
Epoch 23000 | Train Loss: 0.004686 | Val Loss: 0.004784 | Train R²: 0.8349 | Val R²: 0.8346
Epoch 23500 | Train Loss: 0.004434 | Val Loss: 0.004509 | Train R²: 0.8438 | Val R²: 0.8441
Epoch 24000 | Train Loss: 0.004229 | Val Loss: 0.004288 | Train R²: 0.8510 | Val R²: 0.8518
Epoch 24500 | Train Loss: 0.004072 | Val Loss: 0.004126 | Train R²: 0.8566 | Val R²: 0.8574
Epoch 25000 | Train Loss: 0.003940 | Val Loss: 0.003996 | Train R²: 0.8612 | Val R²: 0.8619
Epoch 25500 | Train Loss: 0.003832 | Val Loss: 0.003892 | Train R²: 0.8650 | Val R²: 0.8655
Epoch 26000 | Train Loss: 0.003766 | Val Loss: 0.003824 | Train R²: 0.8673 | Val R²: 0.8678
Epoch 26500 | Train Loss: 0.003730 | Val Loss: 0.003783 | Train R²: 0.8686 | Val R²: 0.8692
Early stopping at epoch 26687 due to flat/negative trend (slope=0.000002)
Epoch 26687 | Train Loss: 0.003720 | Val Loss: 0.003771 | Train R²: 0.8690 | Val R²: 0.8696
Unpickling models
Following models have been loaded and moved to cuda:
trained gpp model:
 SNN_GPP_Tram(
  (net): Sequential(
    (0): Linear(in_features=3, out_features=12, bias=True)
    (1): Tanh()
    (2): Linear(in_features=12, out_features=1, bias=True)
    (3): Sigmoid()
  )
), trained_reco_model:
 SNN_GPP_Tram(
  (net): Sequential(
    (0): Linear(in_features=3, out_features=12, bias=True)
    (1): Tanh()
    (2): Linear(in_features=12, out_features=1, bias=True)
    (3): Sigmoid()
  )
)
using full data set for visualization
Un-normalizing the GPP and RECO predictions using NEE min: tensor([-36.1705]), NEE max: tensor([35.8634])



Metrics for the Tramontana, with
GPP inputs: ['PotRadDailyAvg', 'PotRadDailyDiff', 'GPP_PROX']
RECO inputs: ['DOY_sin', 'DOY_cos', 'NIGHTLY_NEE_AVG']:
DT_GPP vs Tramontana_GPP R²=0.89 RMSE=2.41
NT_GPP vs Tramontana_GPP R²=0.87 RMSE=2.54
DT_RECO vs Tramontana_RECO R²=0.46 RMSE=1.72
NT_RECO vs Tramontana_RECO R²=0.63 RMSE=1.23
DT_GPP vs NT_GPP R²=0.95 RMSE=1.56
DT_RECO vs NT_RECO R²=0.85 RMSE=1.00

gpp_input_names,  ['SW_IN', 'VPD', 'TA', 'WTD', 'WS', 'PotRad', 'PotRadHalfHourlyDiff', 'WD_COS', 'WD_SIN'] 
reco_input_names,  ['TA', 'TS_1', 'TS_2', 'TS_3', 'TS_4', 'WTD', 'WS', 'WD_COS', 'WD_SIN'] 
true_nee_name,  ['NEE'] 

Tramontana Running on GPU With hidden layer size of 12 Total epochs: 100000 lr: 0.001 patience: 500 min_delta 0.01
SNN_GPP_Tram(
  (net): Sequential(
    (0): Linear(in_features=9, out_features=12, bias=True)
    (1): Tanh()
    (2): Linear(in_features=12, out_features=1, bias=True)
    (3): Sigmoid()
  )
)
SNN_RECO_Tram(
  (net): Sequential(
    (0): Linear(in_features=9, out_features=12, bias=True)
    (1): Tanh()
    (2): Linear(in_features=12, out_features=1, bias=True)
    (3): Sigmoid()
  )
)
Params are min slope: 2e-06, trend window: 100
Epoch     0 | Train Loss: 23368.308594 | Val Loss: 23258.208984 | Train R²: -823136.5625 | Val R²: -803972.2500
Epoch   500 | Train Loss: 384.116028 | Val Loss: 390.493622 | Train R²: -13529.3047 | Val R²: -13497.3086
Epoch  1000 | Train Loss: 95.406380 | Val Loss: 98.879654 | Train R²: -3359.6443 | Val R²: -3417.0017
Epoch  1500 | Train Loss: 41.256611 | Val Loss: 43.185425 | Train R²: -1452.2446 | Val R²: -1491.8031
Epoch  2000 | Train Loss: 22.172709 | Val Loss: 23.356627 | Train R²: -780.0233 | Val R²: -806.3753
Epoch  2500 | Train Loss: 13.365041 | Val Loss: 14.141287 | Train R²: -469.7773 | Val R²: -487.8260
Epoch  3000 | Train Loss: 8.650985 | Val Loss: 9.182453 | Train R²: -303.7269 | Val R²: -316.4125
Epoch  3500 | Train Loss: 5.885492 | Val Loss: 6.260206 | Train R²: -206.3137 | Val R²: -215.3984
Epoch  4000 | Train Loss: 4.161688 | Val Loss: 4.431349 | Train R²: -145.5935 | Val R²: -152.1797
Epoch  4500 | Train Loss: 3.041302 | Val Loss: 3.238233 | Train R²: -106.1284 | Val R²: -110.9370
Epoch  5000 | Train Loss: 2.289380 | Val Loss: 2.434786 | Train R²: -79.6423 | Val R²: -83.1639
Epoch  5500 | Train Loss: 1.732945 | Val Loss: 1.840804 | Train R²: -60.0422 | Val R²: -62.6316
Epoch  6000 | Train Loss: 1.263206 | Val Loss: 1.350258 | Train R²: -43.4958 | Val R²: -45.6748
Epoch  6500 | Train Loss: 0.958361 | Val Loss: 1.024350 | Train R²: -32.7578 | Val R²: -34.4090
Epoch  7000 | Train Loss: 0.722055 | Val Loss: 0.771282 | Train R²: -24.4340 | Val R²: -25.6611
Epoch  7500 | Train Loss: 0.508268 | Val Loss: 0.544845 | Train R²: -16.9035 | Val R²: -17.8338
Epoch  8000 | Train Loss: 0.373289 | Val Loss: 0.400659 | Train R²: -12.1489 | Val R²: -12.8497
Epoch  8500 | Train Loss: 0.280285 | Val Loss: 0.301389 | Train R²: -8.8729 | Val R²: -9.4182
Epoch  9000 | Train Loss: 0.211942 | Val Loss: 0.228507 | Train R²: -6.4656 | Val R²: -6.8989
Epoch  9500 | Train Loss: 0.160738 | Val Loss: 0.173660 | Train R²: -4.6619 | Val R²: -5.0030
Epoch 10000 | Train Loss: 0.122428 | Val Loss: 0.132303 | Train R²: -3.3125 | Val R²: -3.5734
Epoch 10500 | Train Loss: 0.093943 | Val Loss: 0.101356 | Train R²: -2.3091 | Val R²: -2.5036
Epoch 11000 | Train Loss: 0.072760 | Val Loss: 0.078245 | Train R²: -1.5629 | Val R²: -1.7047
Epoch 11500 | Train Loss: 0.056932 | Val Loss: 0.060937 | Train R²: -1.0054 | Val R²: -1.1064
Epoch 12000 | Train Loss: 0.045021 | Val Loss: 0.047906 | Train R²: -0.5858 | Val R²: -0.6560
Epoch 12500 | Train Loss: 0.036014 | Val Loss: 0.038057 | Train R²: -0.2686 | Val R²: -0.3155
Epoch 13000 | Train Loss: 0.029233 | Val Loss: 0.030653 | Train R²: -0.0297 | Val R²: -0.0596
Epoch 13500 | Train Loss: 0.024187 | Val Loss: 0.025162 | Train R²: 0.1480 | Val R²: 0.1302
Epoch 14000 | Train Loss: 0.020473 | Val Loss: 0.021145 | Train R²: 0.2789 | Val R²: 0.2691
Epoch 14500 | Train Loss: 0.017765 | Val Loss: 0.018244 | Train R²: 0.3742 | Val R²: 0.3693
Epoch 15000 | Train Loss: 0.015801 | Val Loss: 0.016167 | Train R²: 0.4434 | Val R²: 0.4412
Epoch 15500 | Train Loss: 0.014363 | Val Loss: 0.014670 | Train R²: 0.4941 | Val R²: 0.4929
Epoch 16000 | Train Loss: 0.013291 | Val Loss: 0.013570 | Train R²: 0.5318 | Val R²: 0.5309
Epoch 16500 | Train Loss: 0.012470 | Val Loss: 0.012737 | Train R²: 0.5607 | Val R²: 0.5597
Epoch 17000 | Train Loss: 0.011817 | Val Loss: 0.012074 | Train R²: 0.5837 | Val R²: 0.5826
Epoch 17500 | Train Loss: 0.011269 | Val Loss: 0.011513 | Train R²: 0.6030 | Val R²: 0.6020
Epoch 18000 | Train Loss: 0.010772 | Val Loss: 0.010996 | Train R²: 0.6206 | Val R²: 0.6199
Epoch 18500 | Train Loss: 0.010271 | Val Loss: 0.010471 | Train R²: 0.6382 | Val R²: 0.6380
Epoch 19000 | Train Loss: 0.009744 | Val Loss: 0.009924 | Train R²: 0.6568 | Val R²: 0.6570
Epoch 19500 | Train Loss: 0.009214 | Val Loss: 0.009380 | Train R²: 0.6754 | Val R²: 0.6758
Epoch 20000 | Train Loss: 0.008691 | Val Loss: 0.008857 | Train R²: 0.6938 | Val R²: 0.6938
Epoch 20500 | Train Loss: 0.008164 | Val Loss: 0.008348 | Train R²: 0.7124 | Val R²: 0.7114
Epoch 21000 | Train Loss: 0.007625 | Val Loss: 0.007833 | Train R²: 0.7314 | Val R²: 0.7293
Epoch 21500 | Train Loss: 0.007185 | Val Loss: 0.007408 | Train R²: 0.7469 | Val R²: 0.7439
Epoch 22000 | Train Loss: 0.006792 | Val Loss: 0.007034 | Train R²: 0.7608 | Val R²: 0.7569
Epoch 22500 | Train Loss: 0.006418 | Val Loss: 0.006668 | Train R²: 0.7739 | Val R²: 0.7695
Epoch 23000 | Train Loss: 0.006017 | Val Loss: 0.006238 | Train R²: 0.7880 | Val R²: 0.7844
Epoch 23500 | Train Loss: 0.005607 | Val Loss: 0.005811 | Train R²: 0.8025 | Val R²: 0.7991
Epoch 24000 | Train Loss: 0.005143 | Val Loss: 0.005340 | Train R²: 0.8188 | Val R²: 0.8154
Epoch 24500 | Train Loss: 0.004636 | Val Loss: 0.004818 | Train R²: 0.8367 | Val R²: 0.8335
Epoch 25000 | Train Loss: 0.004197 | Val Loss: 0.004362 | Train R²: 0.8521 | Val R²: 0.8492
Epoch 25500 | Train Loss: 0.003864 | Val Loss: 0.004011 | Train R²: 0.8639 | Val R²: 0.8613
Epoch 26000 | Train Loss: 0.003515 | Val Loss: 0.003656 | Train R²: 0.8762 | Val R²: 0.8736
Epoch 26500 | Train Loss: 0.003220 | Val Loss: 0.003355 | Train R²: 0.8866 | Val R²: 0.8840
Epoch 27000 | Train Loss: 0.002989 | Val Loss: 0.003106 | Train R²: 0.8947 | Val R²: 0.8927
Epoch 27500 | Train Loss: 0.002846 | Val Loss: 0.002947 | Train R²: 0.8997 | Val R²: 0.8981
Epoch 28000 | Train Loss: 0.002762 | Val Loss: 0.002860 | Train R²: 0.9027 | Val R²: 0.9011
Epoch 28500 | Train Loss: 0.002695 | Val Loss: 0.002794 | Train R²: 0.9051 | Val R²: 0.9034
Epoch 29000 | Train Loss: 0.002623 | Val Loss: 0.002726 | Train R²: 0.9076 | Val R²: 0.9058
Epoch 29500 | Train Loss: 0.002537 | Val Loss: 0.002647 | Train R²: 0.9106 | Val R²: 0.9085
Epoch 30000 | Train Loss: 0.002451 | Val Loss: 0.002577 | Train R²: 0.9137 | Val R²: 0.9109
Epoch 30500 | Train Loss: 0.002372 | Val Loss: 0.002516 | Train R²: 0.9164 | Val R²: 0.9130
Epoch 31000 | Train Loss: 0.002294 | Val Loss: 0.002448 | Train R²: 0.9192 | Val R²: 0.9154
Epoch 31500 | Train Loss: 0.002227 | Val Loss: 0.002386 | Train R²: 0.9216 | Val R²: 0.9175
Epoch 32000 | Train Loss: 0.002177 | Val Loss: 0.002339 | Train R²: 0.9233 | Val R²: 0.9191
Epoch 32500 | Train Loss: 0.002134 | Val Loss: 0.002295 | Train R²: 0.9248 | Val R²: 0.9207
Epoch 33000 | Train Loss: 0.002096 | Val Loss: 0.002254 | Train R²: 0.9262 | Val R²: 0.9221
Epoch 33500 | Train Loss: 0.002057 | Val Loss: 0.002217 | Train R²: 0.9275 | Val R²: 0.9234
Epoch 34000 | Train Loss: 0.002014 | Val Loss: 0.002178 | Train R²: 0.9291 | Val R²: 0.9247
Early stopping at epoch 34103 due to flat/negative trend (slope=0.000002)
Epoch 34103 | Train Loss: 0.002007 | Val Loss: 0.002172 | Train R²: 0.9293 | Val R²: 0.9249
Unpickling models
Following models have been loaded and moved to cuda:
trained gpp model:
 SNN_GPP_Tram(
  (net): Sequential(
    (0): Linear(in_features=9, out_features=12, bias=True)
    (1): Tanh()
    (2): Linear(in_features=12, out_features=1, bias=True)
    (3): Sigmoid()
  )
), trained_reco_model:
 SNN_GPP_Tram(
  (net): Sequential(
    (0): Linear(in_features=9, out_features=12, bias=True)
    (1): Tanh()
    (2): Linear(in_features=12, out_features=1, bias=True)
    (3): Sigmoid()
  )
)
using full data set for visualization
Un-normalizing the GPP and RECO predictions using NEE min: tensor([-36.1705]), NEE max: tensor([35.8634])



Metrics for the Tramontana, with
GPP inputs: ['SW_IN', 'VPD', 'TA', 'WTD', 'WS', 'PotRad', 'PotRadHalfHourlyDiff', 'WD_COS', 'WD_SIN']
RECO inputs: ['TA', 'TS_1', 'TS_2', 'TS_3', 'TS_4', 'WTD', 'WS', 'WD_COS', 'WD_SIN']:
DT_GPP vs Tramontana_GPP R²=0.92 RMSE=2.04
NT_GPP vs Tramontana_GPP R²=0.90 RMSE=2.27
DT_RECO vs Tramontana_RECO R²=0.43 RMSE=1.76
NT_RECO vs Tramontana_RECO R²=0.34 RMSE=1.64
DT_GPP vs NT_GPP R²=0.95 RMSE=1.56
DT_RECO vs NT_RECO R²=0.85 RMSE=1.00

gpp_input_names,  ['SW_IN', 'VPD', 'TA', 'WTD', 'WS', 'PotRad', 'PotRadHalfHourlyDiff', 'PotRadDailyAvg', 'PotRadDailyDiff', 'WD_COS', 'WD_SIN', 'GPP_PROX'] 
reco_input_names,  ['DOY_sin', 'DOY_cos', 'TA', 'TS_1', 'TS_2', 'TS_3', 'TS_4', 'WTD', 'WS', 'WD_COS', 'WD_SIN', 'NIGHTLY_NEE_AVG'] 
true_nee_name,  ['NEE'] 

Tramontana Running on GPU With hidden layer size of 12 Total epochs: 100000 lr: 0.001 patience: 500 min_delta 0.01
SNN_GPP_Tram(
  (net): Sequential(
    (0): Linear(in_features=12, out_features=12, bias=True)
    (1): Tanh()
    (2): Linear(in_features=12, out_features=1, bias=True)
    (3): Sigmoid()
  )
)
SNN_RECO_Tram(
  (net): Sequential(
    (0): Linear(in_features=12, out_features=12, bias=True)
    (1): Tanh()
    (2): Linear(in_features=12, out_features=1, bias=True)
    (3): Sigmoid()
  )
)
Params are min slope: 2e-06, trend window: 100
Epoch     0 | Train Loss: 20026.449219 | Val Loss: 19802.164062 | Train R²: -705421.1250 | Val R²: -684506.2500
Epoch   500 | Train Loss: 244.255554 | Val Loss: 249.343918 | Train R²: -8602.7852 | Val R²: -8618.1436
Epoch  1000 | Train Loss: 60.274776 | Val Loss: 62.820892 | Train R²: -2122.1504 | Val R²: -2170.5479
Epoch  1500 | Train Loss: 26.095716 | Val Loss: 27.525248 | Train R²: -918.2093 | Val R²: -950.4732
Epoch  2000 | Train Loss: 14.024584 | Val Loss: 14.920786 | Train R²: -493.0093 | Val R²: -514.7711
Epoch  2500 | Train Loss: 8.455409 | Val Loss: 9.056523 | Train R²: -296.8378 | Val R²: -312.0595
Epoch  3000 | Train Loss: 5.482937 | Val Loss: 5.904150 | Train R²: -192.1339 | Val R²: -203.0905
Epoch  3500 | Train Loss: 3.747171 | Val Loss: 4.051289 | Train R²: -130.9923 | Val R²: -139.0421
Epoch  4000 | Train Loss: 2.670400 | Val Loss: 2.894754 | Train R²: -93.0636 | Val R²: -99.0638
Epoch  4500 | Train Loss: 1.961267 | Val Loss: 2.129672 | Train R²: -68.0847 | Val R²: -72.6170
Epoch  5000 | Train Loss: 1.432486 | Val Loss: 1.563107 | Train R²: -49.4586 | Val R²: -53.0324
Epoch  5500 | Train Loss: 1.068004 | Val Loss: 1.170465 | Train R²: -36.6200 | Val R²: -39.4598
Epoch  6000 | Train Loss: 0.790770 | Val Loss: 0.871152 | Train R²: -26.8545 | Val R²: -29.1134
Epoch  6500 | Train Loss: 0.566503 | Val Loss: 0.630672 | Train R²: -18.9548 | Val R²: -20.8006
Epoch  7000 | Train Loss: 0.409085 | Val Loss: 0.460058 | Train R²: -13.4098 | Val R²: -14.9030
Epoch  7500 | Train Loss: 0.297743 | Val Loss: 0.337399 | Train R²: -9.4878 | Val R²: -10.6630
Epoch  8000 | Train Loss: 0.217199 | Val Loss: 0.248227 | Train R²: -6.6507 | Val R²: -7.5805
Epoch  8500 | Train Loss: 0.159889 | Val Loss: 0.184362 | Train R²: -4.6320 | Val R²: -5.3729
Epoch  9000 | Train Loss: 0.119186 | Val Loss: 0.138581 | Train R²: -3.1983 | Val R²: -3.7904
Epoch  9500 | Train Loss: 0.089978 | Val Loss: 0.105371 | Train R²: -2.1694 | Val R²: -2.6424
Epoch 10000 | Train Loss: 0.068739 | Val Loss: 0.080946 | Train R²: -1.4213 | Val R²: -1.7981
Epoch 10500 | Train Loss: 0.053109 | Val Loss: 0.062775 | Train R²: -0.8708 | Val R²: -1.1699
Epoch 11000 | Train Loss: 0.041463 | Val Loss: 0.049100 | Train R²: -0.4605 | Val R²: -0.6973
Epoch 11500 | Train Loss: 0.032706 | Val Loss: 0.038727 | Train R²: -0.1520 | Val R²: -0.3387
Epoch 12000 | Train Loss: 0.026095 | Val Loss: 0.030833 | Train R²: 0.0808 | Val R²: -0.0658
Epoch 12500 | Train Loss: 0.021100 | Val Loss: 0.024821 | Train R²: 0.2568 | Val R²: 0.1420
Epoch 13000 | Train Loss: 0.017327 | Val Loss: 0.020245 | Train R²: 0.3897 | Val R²: 0.3002
Epoch 13500 | Train Loss: 0.014467 | Val Loss: 0.016756 | Train R²: 0.4904 | Val R²: 0.4208
Epoch 14000 | Train Loss: 0.012293 | Val Loss: 0.014093 | Train R²: 0.5670 | Val R²: 0.5128
Epoch 14500 | Train Loss: 0.010670 | Val Loss: 0.012100 | Train R²: 0.6242 | Val R²: 0.5817
Epoch 15000 | Train Loss: 0.009479 | Val Loss: 0.010637 | Train R²: 0.6661 | Val R²: 0.6323
Epoch 15500 | Train Loss: 0.008612 | Val Loss: 0.009571 | Train R²: 0.6966 | Val R²: 0.6692
Epoch 16000 | Train Loss: 0.007981 | Val Loss: 0.008798 | Train R²: 0.7189 | Val R²: 0.6959
Epoch 16500 | Train Loss: 0.007510 | Val Loss: 0.008226 | Train R²: 0.7355 | Val R²: 0.7156
Epoch 17000 | Train Loss: 0.007122 | Val Loss: 0.007772 | Train R²: 0.7491 | Val R²: 0.7314
Epoch 17500 | Train Loss: 0.006780 | Val Loss: 0.007381 | Train R²: 0.7612 | Val R²: 0.7448
Epoch 18000 | Train Loss: 0.006479 | Val Loss: 0.007037 | Train R²: 0.7718 | Val R²: 0.7568
Epoch 18500 | Train Loss: 0.006200 | Val Loss: 0.006730 | Train R²: 0.7816 | Val R²: 0.7674
Epoch 19000 | Train Loss: 0.005933 | Val Loss: 0.006445 | Train R²: 0.7910 | Val R²: 0.7772
Epoch 19500 | Train Loss: 0.005683 | Val Loss: 0.006175 | Train R²: 0.7998 | Val R²: 0.7865
Epoch 20000 | Train Loss: 0.005449 | Val Loss: 0.005921 | Train R²: 0.8081 | Val R²: 0.7953
Epoch 20500 | Train Loss: 0.005225 | Val Loss: 0.005675 | Train R²: 0.8160 | Val R²: 0.8038
Epoch 21000 | Train Loss: 0.004996 | Val Loss: 0.005422 | Train R²: 0.8240 | Val R²: 0.8126
Epoch 21500 | Train Loss: 0.004753 | Val Loss: 0.005147 | Train R²: 0.8326 | Val R²: 0.8221
Epoch 22000 | Train Loss: 0.004487 | Val Loss: 0.004841 | Train R²: 0.8420 | Val R²: 0.8327
Epoch 22500 | Train Loss: 0.004191 | Val Loss: 0.004500 | Train R²: 0.8524 | Val R²: 0.8445
Epoch 23000 | Train Loss: 0.003848 | Val Loss: 0.004110 | Train R²: 0.8644 | Val R²: 0.8579
Epoch 23500 | Train Loss: 0.003427 | Val Loss: 0.003645 | Train R²: 0.8793 | Val R²: 0.8740
Epoch 24000 | Train Loss: 0.002906 | Val Loss: 0.003086 | Train R²: 0.8976 | Val R²: 0.8933
Epoch 24500 | Train Loss: 0.002426 | Val Loss: 0.002572 | Train R²: 0.9145 | Val R²: 0.9111
Epoch 25000 | Train Loss: 0.002100 | Val Loss: 0.002231 | Train R²: 0.9260 | Val R²: 0.9229
Epoch 25500 | Train Loss: 0.001856 | Val Loss: 0.001985 | Train R²: 0.9346 | Val R²: 0.9314
Epoch 26000 | Train Loss: 0.001690 | Val Loss: 0.001811 | Train R²: 0.9405 | Val R²: 0.9374
Epoch 26500 | Train Loss: 0.001584 | Val Loss: 0.001698 | Train R²: 0.9442 | Val R²: 0.9413
Epoch 27000 | Train Loss: 0.001514 | Val Loss: 0.001622 | Train R²: 0.9467 | Val R²: 0.9439
Epoch 27500 | Train Loss: 0.001465 | Val Loss: 0.001566 | Train R²: 0.9484 | Val R²: 0.9459
Epoch 28000 | Train Loss: 0.001428 | Val Loss: 0.001521 | Train R²: 0.9497 | Val R²: 0.9474
Epoch 28500 | Train Loss: 0.001399 | Val Loss: 0.001486 | Train R²: 0.9507 | Val R²: 0.9486
Early stopping at epoch 28670 due to flat/negative trend (slope=0.000002)
Epoch 28670 | Train Loss: 0.001391 | Val Loss: 0.001476 | Train R²: 0.9510 | Val R²: 0.9490
Unpickling models
Following models have been loaded and moved to cuda:
trained gpp model:
 SNN_GPP_Tram(
  (net): Sequential(
    (0): Linear(in_features=12, out_features=12, bias=True)
    (1): Tanh()
    (2): Linear(in_features=12, out_features=1, bias=True)
    (3): Sigmoid()
  )
), trained_reco_model:
 SNN_GPP_Tram(
  (net): Sequential(
    (0): Linear(in_features=12, out_features=12, bias=True)
    (1): Tanh()
    (2): Linear(in_features=12, out_features=1, bias=True)
    (3): Sigmoid()
  )
)
using full data set for visualization
Un-normalizing the GPP and RECO predictions using NEE min: tensor([-36.1705]), NEE max: tensor([35.8634])



Metrics for the Tramontana, with
GPP inputs: ['SW_IN', 'VPD', 'TA', 'WTD', 'WS', 'PotRad', 'PotRadHalfHourlyDiff', 'PotRadDailyAvg', 'PotRadDailyDiff', 'WD_COS', 'WD_SIN', 'GPP_PROX']
RECO inputs: ['DOY_sin', 'DOY_cos', 'TA', 'TS_1', 'TS_2', 'TS_3', 'TS_4', 'WTD', 'WS', 'WD_COS', 'WD_SIN', 'NIGHTLY_NEE_AVG']:
DT_GPP vs Tramontana_GPP R²=0.96 RMSE=1.44
NT_GPP vs Tramontana_GPP R²=0.95 RMSE=1.60
DT_RECO vs Tramontana_RECO R²=0.73 RMSE=1.20
NT_RECO vs Tramontana_RECO R²=0.84 RMSE=0.82
DT_GPP vs NT_GPP R²=0.95 RMSE=1.56
DT_RECO vs NT_RECO R²=0.85 RMSE=1.00

gpp_input_names,  ['SW_IN', 'VPD', 'TA', 'WTD', 'WS', 'PotRad', 'PotRadHalfHourlyDiff', 'PotRadDailyAvg', 'PotRadDailyDiff', 'WD_COS', 'WD_SIN', 'GPP_PROX', 'Salinity', 'WTD_HalfHourlyDiff'] 
reco_input_names,  ['DOY_sin', 'DOY_cos', 'TA', 'TS_1', 'TS_2', 'TS_3', 'TS_4', 'WTD', 'WS', 'WD_COS', 'WD_SIN', 'NIGHTLY_NEE_AVG', 'Salinity', 'WTD_HalfHourlyDiff'] 
true_nee_name,  ['NEE'] 

Tramontana Running on GPU With hidden layer size of 12 Total epochs: 100000 lr: 0.001 patience: 500 min_delta 0.01
SNN_GPP_Tram(
  (net): Sequential(
    (0): Linear(in_features=14, out_features=12, bias=True)
    (1): Tanh()
    (2): Linear(in_features=12, out_features=1, bias=True)
    (3): Sigmoid()
  )
)
SNN_RECO_Tram(
  (net): Sequential(
    (0): Linear(in_features=14, out_features=12, bias=True)
    (1): Tanh()
    (2): Linear(in_features=12, out_features=1, bias=True)
    (3): Sigmoid()
  )
)
Params are min slope: 2e-06, trend window: 100
Epoch     0 | Train Loss: 24035.955078 | Val Loss: 23865.589844 | Train R²: -846654.1875 | Val R²: -824967.8750
Epoch   500 | Train Loss: 269.472687 | Val Loss: 274.071075 | Train R²: -9491.0488 | Val R²: -9472.8945
Epoch  1000 | Train Loss: 67.154617 | Val Loss: 70.068115 | Train R²: -2364.4900 | Val R²: -2421.0649
Epoch  1500 | Train Loss: 29.287024 | Val Loss: 31.317966 | Train R²: -1030.6215 | Val R²: -1081.5771
Epoch  2000 | Train Loss: 15.822042 | Val Loss: 17.362099 | Train R²: -556.3239 | Val R²: -599.1607
Epoch  2500 | Train Loss: 9.569443 | Val Loss: 10.793478 | Train R²: -336.0791 | Val R²: -372.1013
Epoch  3000 | Train Loss: 6.210868 | Val Loss: 7.211445 | Train R²: -217.7749 | Val R²: -248.2801
Epoch  3500 | Train Loss: 4.237272 | Val Loss: 5.069784 | Train R²: -148.2559 | Val R²: -174.2487
Epoch  4000 | Train Loss: 3.005928 | Val Loss: 3.706597 | Train R²: -104.8824 | Val R²: -127.1270
Epoch  4500 | Train Loss: 2.198796 | Val Loss: 2.793009 | Train R²: -76.4516 | Val R²: -95.5467
Epoch  5000 | Train Loss: 1.600100 | Val Loss: 2.104089 | Train R²: -55.3628 | Val R²: -71.7327
Epoch  5500 | Train Loss: 1.172580 | Val Loss: 1.587920 | Train R²: -40.3036 | Val R²: -53.8901
Epoch  6000 | Train Loss: 0.856033 | Val Loss: 1.196725 | Train R²: -29.1534 | Val R²: -40.3675
Epoch  6500 | Train Loss: 0.621370 | Val Loss: 0.901977 | Train R²: -20.8875 | Val R²: -30.1789
Epoch  7000 | Train Loss: 0.456395 | Val Loss: 0.687350 | Train R²: -15.0763 | Val R²: -22.7598
Epoch  7500 | Train Loss: 0.337760 | Val Loss: 0.527200 | Train R²: -10.8974 | Val R²: -17.2239
Epoch  8000 | Train Loss: 0.250236 | Val Loss: 0.405184 | Train R²: -7.8145 | Val R²: -13.0061
Epoch  8500 | Train Loss: 0.185800 | Val Loss: 0.312052 | Train R²: -5.5447 | Val R²: -9.7868
Epoch  9000 | Train Loss: 0.138704 | Val Loss: 0.241085 | Train R²: -3.8858 | Val R²: -7.3337
Epoch  9500 | Train Loss: 0.104399 | Val Loss: 0.187110 | Train R²: -2.6774 | Val R²: -5.4679
Epoch 10000 | Train Loss: 0.079456 | Val Loss: 0.146286 | Train R²: -1.7988 | Val R²: -4.0567
Epoch 10500 | Train Loss: 0.061318 | Val Loss: 0.115586 | Train R²: -1.1599 | Val R²: -2.9955
Epoch 11000 | Train Loss: 0.048038 | Val Loss: 0.092453 | Train R²: -0.6921 | Val R²: -2.1959
Epoch 11500 | Train Loss: 0.038128 | Val Loss: 0.074777 | Train R²: -0.3430 | Val R²: -1.5848
Epoch 12000 | Train Loss: 0.030542 | Val Loss: 0.060974 | Train R²: -0.0758 | Val R²: -1.1077
Epoch 12500 | Train Loss: 0.024615 | Val Loss: 0.049970 | Train R²: 0.1329 | Val R²: -0.7273
Epoch 13000 | Train Loss: 0.019905 | Val Loss: 0.041063 | Train R²: 0.2989 | Val R²: -0.4194
Epoch 13500 | Train Loss: 0.016220 | Val Loss: 0.033919 | Train R²: 0.4286 | Val R²: -0.1725
Epoch 14000 | Train Loss: 0.013413 | Val Loss: 0.028273 | Train R²: 0.5275 | Val R²: 0.0227
Epoch 14500 | Train Loss: 0.011290 | Val Loss: 0.023841 | Train R²: 0.6023 | Val R²: 0.1759
Epoch 15000 | Train Loss: 0.009708 | Val Loss: 0.020373 | Train R²: 0.6581 | Val R²: 0.2958
Epoch 15500 | Train Loss: 0.008566 | Val Loss: 0.017647 | Train R²: 0.6983 | Val R²: 0.3900
Epoch 16000 | Train Loss: 0.007743 | Val Loss: 0.015493 | Train R²: 0.7272 | Val R²: 0.4644
Epoch 16500 | Train Loss: 0.007154 | Val Loss: 0.013816 | Train R²: 0.7480 | Val R²: 0.5224
Epoch 17000 | Train Loss: 0.006730 | Val Loss: 0.012523 | Train R²: 0.7630 | Val R²: 0.5671
Epoch 17500 | Train Loss: 0.006408 | Val Loss: 0.011504 | Train R²: 0.7743 | Val R²: 0.6023
Epoch 18000 | Train Loss: 0.006142 | Val Loss: 0.010667 | Train R²: 0.7837 | Val R²: 0.6313
Epoch 18500 | Train Loss: 0.005902 | Val Loss: 0.009938 | Train R²: 0.7921 | Val R²: 0.6565
Epoch 19000 | Train Loss: 0.005691 | Val Loss: 0.009321 | Train R²: 0.7995 | Val R²: 0.6778
Epoch 19500 | Train Loss: 0.005501 | Val Loss: 0.008777 | Train R²: 0.8062 | Val R²: 0.6966
Epoch 20000 | Train Loss: 0.005325 | Val Loss: 0.008270 | Train R²: 0.8124 | Val R²: 0.7141
Epoch 20500 | Train Loss: 0.005153 | Val Loss: 0.007777 | Train R²: 0.8185 | Val R²: 0.7312
Epoch 21000 | Train Loss: 0.004973 | Val Loss: 0.007285 | Train R²: 0.8248 | Val R²: 0.7482
Epoch 21500 | Train Loss: 0.004778 | Val Loss: 0.006791 | Train R²: 0.8317 | Val R²: 0.7653
Epoch 22000 | Train Loss: 0.004549 | Val Loss: 0.006304 | Train R²: 0.8397 | Val R²: 0.7821
Epoch 22500 | Train Loss: 0.004308 | Val Loss: 0.005835 | Train R²: 0.8483 | Val R²: 0.7983
Epoch 23000 | Train Loss: 0.004046 | Val Loss: 0.005376 | Train R²: 0.8575 | Val R²: 0.8142
Epoch 23500 | Train Loss: 0.003709 | Val Loss: 0.004867 | Train R²: 0.8694 | Val R²: 0.8318
Epoch 24000 | Train Loss: 0.003205 | Val Loss: 0.004179 | Train R²: 0.8871 | Val R²: 0.8556
Epoch 24500 | Train Loss: 0.002536 | Val Loss: 0.003294 | Train R²: 0.9107 | Val R²: 0.8861
Epoch 25000 | Train Loss: 0.002108 | Val Loss: 0.002684 | Train R²: 0.9257 | Val R²: 0.9072
Epoch 25500 | Train Loss: 0.001892 | Val Loss: 0.002358 | Train R²: 0.9334 | Val R²: 0.9185
Epoch 26000 | Train Loss: 0.001713 | Val Loss: 0.002126 | Train R²: 0.9397 | Val R²: 0.9265
Epoch 26500 | Train Loss: 0.001593 | Val Loss: 0.001986 | Train R²: 0.9439 | Val R²: 0.9313
Epoch 27000 | Train Loss: 0.001520 | Val Loss: 0.001897 | Train R²: 0.9465 | Val R²: 0.9344
Epoch 27500 | Train Loss: 0.001467 | Val Loss: 0.001830 | Train R²: 0.9483 | Val R²: 0.9367
Epoch 28000 | Train Loss: 0.001423 | Val Loss: 0.001773 | Train R²: 0.9499 | Val R²: 0.9387
Epoch 28500 | Train Loss: 0.001386 | Val Loss: 0.001730 | Train R²: 0.9512 | Val R²: 0.9402
Epoch 29000 | Train Loss: 0.001358 | Val Loss: 0.001698 | Train R²: 0.9522 | Val R²: 0.9413
Epoch 29500 | Train Loss: 0.001336 | Val Loss: 0.001663 | Train R²: 0.9529 | Val R²: 0.9425
Epoch 30000 | Train Loss: 0.001319 | Val Loss: 0.001626 | Train R²: 0.9535 | Val R²: 0.9438
Epoch 30500 | Train Loss: 0.001303 | Val Loss: 0.001588 | Train R²: 0.9541 | Val R²: 0.9451
Epoch 31000 | Train Loss: 0.001286 | Val Loss: 0.001543 | Train R²: 0.9547 | Val R²: 0.9467
Epoch 31500 | Train Loss: 0.001271 | Val Loss: 0.001505 | Train R²: 0.9552 | Val R²: 0.9480
Early stopping at epoch 31967 due to flat/negative trend (slope=0.000002)
Epoch 31967 | Train Loss: 0.001256 | Val Loss: 0.001476 | Train R²: 0.9558 | Val R²: 0.9490
Unpickling models
Following models have been loaded and moved to cuda:
trained gpp model:
 SNN_GPP_Tram(
  (net): Sequential(
    (0): Linear(in_features=14, out_features=12, bias=True)
    (1): Tanh()
    (2): Linear(in_features=12, out_features=1, bias=True)
    (3): Sigmoid()
  )
), trained_reco_model:
 SNN_GPP_Tram(
  (net): Sequential(
    (0): Linear(in_features=14, out_features=12, bias=True)
    (1): Tanh()
    (2): Linear(in_features=12, out_features=1, bias=True)
    (3): Sigmoid()
  )
)
using full data set for visualization
Un-normalizing the GPP and RECO predictions using NEE min: tensor([-36.1705]), NEE max: tensor([35.8634])



Metrics for the Tramontana, with
GPP inputs: ['SW_IN', 'VPD', 'TA', 'WTD', 'WS', 'PotRad', 'PotRadHalfHourlyDiff', 'PotRadDailyAvg', 'PotRadDailyDiff', 'WD_COS', 'WD_SIN', 'GPP_PROX', 'Salinity', 'WTD_HalfHourlyDiff']
RECO inputs: ['DOY_sin', 'DOY_cos', 'TA', 'TS_1', 'TS_2', 'TS_3', 'TS_4', 'WTD', 'WS', 'WD_COS', 'WD_SIN', 'NIGHTLY_NEE_AVG', 'Salinity', 'WTD_HalfHourlyDiff']:
DT_GPP vs Tramontana_GPP R²=0.96 RMSE=1.38
NT_GPP vs Tramontana_GPP R²=0.95 RMSE=1.54
DT_RECO vs Tramontana_RECO R²=0.74 RMSE=1.18
NT_RECO vs Tramontana_RECO R²=0.84 RMSE=0.82
DT_GPP vs NT_GPP R²=0.95 RMSE=1.56
DT_RECO vs NT_RECO R²=0.85 RMSE=1.00

gpp_input_names,  ['SW_IN', 'VPD', 'TA', 'WTD', 'WS', 'PotRad', 'PotRadHalfHourlyDiff', 'PotRadDailyAvg', 'PotRadDailyDiff', 'WD_COS', 'WD_SIN', 'GPP_PROX', 'Salinity', 'WTD_HalfHourlyDiff', 'WTD_DailyAvg', 'WTD_DailyDiff'] 
reco_input_names,  ['DOY_sin', 'DOY_cos', 'TA', 'TS_1', 'TS_2', 'TS_3', 'TS_4', 'WTD', 'WS', 'WD_COS', 'WD_SIN', 'NIGHTLY_NEE_AVG', 'Salinity', 'WTD_HalfHourlyDiff', 'WTD_DailyAvg', 'WTD_DailyDiff'] 
true_nee_name,  ['NEE'] 

Tramontana Running on GPU With hidden layer size of 12 Total epochs: 100000 lr: 0.001 patience: 500 min_delta 0.01
SNN_GPP_Tram(
  (net): Sequential(
    (0): Linear(in_features=16, out_features=12, bias=True)
    (1): Tanh()
    (2): Linear(in_features=12, out_features=1, bias=True)
    (3): Sigmoid()
  )
)
SNN_RECO_Tram(
  (net): Sequential(
    (0): Linear(in_features=16, out_features=12, bias=True)
    (1): Tanh()
    (2): Linear(in_features=12, out_features=1, bias=True)
    (3): Sigmoid()
  )
)
Params are min slope: 2e-06, trend window: 100
Epoch     0 | Train Loss: 21286.033203 | Val Loss: 21017.216797 | Train R²: -749789.4375 | Val R²: -726507.1875
Epoch   500 | Train Loss: 176.640091 | Val Loss: 178.551163 | Train R²: -6221.0635 | Val R²: -6171.0303
Epoch  1000 | Train Loss: 45.800659 | Val Loss: 47.438091 | Train R²: -1612.3065 | Val R²: -1638.8062
Epoch  1500 | Train Loss: 20.450104 | Val Loss: 21.607227 | Train R²: -719.3452 | Val R²: -745.9033
Epoch  2000 | Train Loss: 11.232752 | Val Loss: 12.089663 | Train R²: -394.6683 | Val R²: -416.9069
Epoch  2500 | Train Loss: 6.887146 | Val Loss: 7.545571 | Train R²: -241.5964 | Val R²: -259.8299
Epoch  3000 | Train Loss: 4.525267 | Val Loss: 5.043942 | Train R²: -158.4004 | Val R²: -173.3554
Epoch  3500 | Train Loss: 3.105574 | Val Loss: 3.521410 | Train R²: -108.3924 | Val R²: -120.7256
Epoch  4000 | Train Loss: 2.170679 | Val Loss: 2.507876 | Train R²: -75.4611 | Val R²: -85.6905
Epoch  4500 | Train Loss: 1.549370 | Val Loss: 1.820607 | Train R²: -53.5758 | Val R²: -61.9334
Epoch  5000 | Train Loss: 1.109159 | Val Loss: 1.326377 | Train R²: -38.0696 | Val R²: -44.8493
Epoch  5500 | Train Loss: 0.795987 | Val Loss: 0.970186 | Train R²: -27.0383 | Val R²: -32.5367
Epoch  6000 | Train Loss: 0.578924 | Val Loss: 0.719013 | Train R²: -19.3923 | Val R²: -23.8543
Epoch  6500 | Train Loss: 0.424403 | Val Loss: 0.537174 | Train R²: -13.9494 | Val R²: -17.5686
Epoch  7000 | Train Loss: 0.311569 | Val Loss: 0.402391 | Train R²: -9.9749 | Val R²: -12.9096
Epoch  7500 | Train Loss: 0.228798 | Val Loss: 0.301980 | Train R²: -7.0593 | Val R²: -9.4386
Epoch  8000 | Train Loss: 0.168136 | Val Loss: 0.227077 | Train R²: -4.9225 | Val R²: -6.8494
Epoch  8500 | Train Loss: 0.123437 | Val Loss: 0.170896 | Train R²: -3.3480 | Val R²: -4.9074
Epoch  9000 | Train Loss: 0.091179 | Val Loss: 0.129463 | Train R²: -2.2117 | Val R²: -3.4752
Epoch  9500 | Train Loss: 0.068787 | Val Loss: 0.100134 | Train R²: -1.4230 | Val R²: -2.4614
Epoch 10000 | Train Loss: 0.053382 | Val Loss: 0.079493 | Train R²: -0.8804 | Val R²: -1.7479
Epoch 10500 | Train Loss: 0.042350 | Val Loss: 0.064307 | Train R²: -0.4918 | Val R²: -1.2229
Epoch 11000 | Train Loss: 0.033968 | Val Loss: 0.052441 | Train R²: -0.1965 | Val R²: -0.8127
Epoch 11500 | Train Loss: 0.027412 | Val Loss: 0.042913 | Train R²: 0.0344 | Val R²: -0.4834
Epoch 12000 | Train Loss: 0.022278 | Val Loss: 0.035294 | Train R²: 0.2153 | Val R²: -0.2200
Epoch 12500 | Train Loss: 0.018225 | Val Loss: 0.029151 | Train R²: 0.3580 | Val R²: -0.0077
Epoch 13000 | Train Loss: 0.015017 | Val Loss: 0.024195 | Train R²: 0.4710 | Val R²: 0.1637
Epoch 13500 | Train Loss: 0.012491 | Val Loss: 0.020224 | Train R²: 0.5600 | Val R²: 0.3009
Epoch 14000 | Train Loss: 0.010537 | Val Loss: 0.017077 | Train R²: 0.6288 | Val R²: 0.4097
Epoch 14500 | Train Loss: 0.009048 | Val Loss: 0.014610 | Train R²: 0.6813 | Val R²: 0.4950
Epoch 15000 | Train Loss: 0.007932 | Val Loss: 0.012685 | Train R²: 0.7206 | Val R²: 0.5615
Epoch 15500 | Train Loss: 0.007117 | Val Loss: 0.011211 | Train R²: 0.7493 | Val R²: 0.6125
Epoch 16000 | Train Loss: 0.006533 | Val Loss: 0.010097 | Train R²: 0.7699 | Val R²: 0.6510
Epoch 16500 | Train Loss: 0.006119 | Val Loss: 0.009261 | Train R²: 0.7845 | Val R²: 0.6799
Epoch 17000 | Train Loss: 0.005817 | Val Loss: 0.008622 | Train R²: 0.7951 | Val R²: 0.7020
Epoch 17500 | Train Loss: 0.005583 | Val Loss: 0.008114 | Train R²: 0.8033 | Val R²: 0.7195
Epoch 18000 | Train Loss: 0.005384 | Val Loss: 0.007682 | Train R²: 0.8104 | Val R²: 0.7344
Epoch 18500 | Train Loss: 0.005204 | Val Loss: 0.007288 | Train R²: 0.8167 | Val R²: 0.7481
Epoch 19000 | Train Loss: 0.005035 | Val Loss: 0.006923 | Train R²: 0.8227 | Val R²: 0.7607
Epoch 19500 | Train Loss: 0.004869 | Val Loss: 0.006591 | Train R²: 0.8285 | Val R²: 0.7722
Epoch 20000 | Train Loss: 0.004699 | Val Loss: 0.006245 | Train R²: 0.8345 | Val R²: 0.7841
Epoch 20500 | Train Loss: 0.004522 | Val Loss: 0.005912 | Train R²: 0.8407 | Val R²: 0.7956
Epoch 21000 | Train Loss: 0.004336 | Val Loss: 0.005607 | Train R²: 0.8473 | Val R²: 0.8062
Epoch 21500 | Train Loss: 0.004173 | Val Loss: 0.005274 | Train R²: 0.8530 | Val R²: 0.8177
Epoch 22000 | Train Loss: 0.004007 | Val Loss: 0.004951 | Train R²: 0.8588 | Val R²: 0.8289
Epoch 22500 | Train Loss: 0.003803 | Val Loss: 0.004625 | Train R²: 0.8660 | Val R²: 0.8401
Epoch 23000 | Train Loss: 0.003500 | Val Loss: 0.004206 | Train R²: 0.8767 | Val R²: 0.8546
Epoch 23500 | Train Loss: 0.003085 | Val Loss: 0.003714 | Train R²: 0.8913 | Val R²: 0.8716
Epoch 24000 | Train Loss: 0.002688 | Val Loss: 0.003259 | Train R²: 0.9053 | Val R²: 0.8873
Epoch 24500 | Train Loss: 0.002337 | Val Loss: 0.002888 | Train R²: 0.9177 | Val R²: 0.9002
Epoch 25000 | Train Loss: 0.001988 | Val Loss: 0.002532 | Train R²: 0.9300 | Val R²: 0.9125
Epoch 25500 | Train Loss: 0.001763 | Val Loss: 0.002248 | Train R²: 0.9379 | Val R²: 0.9223
Epoch 26000 | Train Loss: 0.001652 | Val Loss: 0.002055 | Train R²: 0.9418 | Val R²: 0.9290
Epoch 26500 | Train Loss: 0.001572 | Val Loss: 0.001906 | Train R²: 0.9446 | Val R²: 0.9341
Epoch 27000 | Train Loss: 0.001506 | Val Loss: 0.001786 | Train R²: 0.9469 | Val R²: 0.9383
Epoch 27500 | Train Loss: 0.001452 | Val Loss: 0.001693 | Train R²: 0.9489 | Val R²: 0.9415
Epoch 28000 | Train Loss: 0.001408 | Val Loss: 0.001619 | Train R²: 0.9504 | Val R²: 0.9440
Epoch 28500 | Train Loss: 0.001375 | Val Loss: 0.001566 | Train R²: 0.9516 | Val R²: 0.9459
Early stopping at epoch 28714 due to flat/negative trend (slope=0.000002)
Epoch 28714 | Train Loss: 0.001363 | Val Loss: 0.001553 | Train R²: 0.9520 | Val R²: 0.9463
Unpickling models
Following models have been loaded and moved to cuda:
trained gpp model:
 SNN_GPP_Tram(
  (net): Sequential(
    (0): Linear(in_features=16, out_features=12, bias=True)
    (1): Tanh()
    (2): Linear(in_features=12, out_features=1, bias=True)
    (3): Sigmoid()
  )
), trained_reco_model:
 SNN_GPP_Tram(
  (net): Sequential(
    (0): Linear(in_features=16, out_features=12, bias=True)
    (1): Tanh()
    (2): Linear(in_features=12, out_features=1, bias=True)
    (3): Sigmoid()
  )
)
using full data set for visualization
Un-normalizing the GPP and RECO predictions using NEE min: tensor([-36.1705]), NEE max: tensor([35.8634])



Metrics for the Tramontana, with
GPP inputs: ['SW_IN', 'VPD', 'TA', 'WTD', 'WS', 'PotRad', 'PotRadHalfHourlyDiff', 'PotRadDailyAvg', 'PotRadDailyDiff', 'WD_COS', 'WD_SIN', 'GPP_PROX', 'Salinity', 'WTD_HalfHourlyDiff', 'WTD_DailyAvg', 'WTD_DailyDiff']
RECO inputs: ['DOY_sin', 'DOY_cos', 'TA', 'TS_1', 'TS_2', 'TS_3', 'TS_4', 'WTD', 'WS', 'WD_COS', 'WD_SIN', 'NIGHTLY_NEE_AVG', 'Salinity', 'WTD_HalfHourlyDiff', 'WTD_DailyAvg', 'WTD_DailyDiff']:
DT_GPP vs Tramontana_GPP R²=0.96 RMSE=1.42
NT_GPP vs Tramontana_GPP R²=0.95 RMSE=1.62
DT_RECO vs Tramontana_RECO R²=0.73 RMSE=1.22
NT_RECO vs Tramontana_RECO R²=0.80 RMSE=0.90
DT_GPP vs NT_GPP R²=0.95 RMSE=1.56
DT_RECO vs NT_RECO R²=0.85 RMSE=1.00

{
    "experiment_0": {
        "run_type": "Tramontana",
        "gpp_inputs": [
            "SW_IN",
            "TA"
        ],
        "reco_inputs": [
            "DOY_sin",
            "DOY_cos",
            "TA"
        ],
        "metrics": {
            "DT_GPP_vs_model": {
                "r2": 0.86,
                "rmse": 2.68
            },
            "NT_GPP_vs_model": {
                "r2": 0.82,
                "rmse": 2.97
            },
            "DT_RECO_vs_model": {
                "r2": 0.18,
                "rmse": 2.11
            },
            "NT_RECO_vs_model": {
                "r2": 0.08,
                "rmse": 1.94
            },
            "DT_GPP_vs_NT_GPP": {
                "r2": 0.95,
                "rmse": 1.56
            },
            "DT_RECO_vs_NT_RECO": {
                "r2": 0.85,
                "rmse": 1
            },
            "val_r2": 0.8609
        }
    },
    "experiment_1": {
        "run_type": "Tramontana",
        "gpp_inputs": [
            "SW_IN",
            "TA",
            "VPD"
        ],
        "reco_inputs": [
            "DOY_sin",
            "DOY_cos",
            "TA"
        ],
        "metrics": {
            "DT_GPP_vs_model": {
                "r2": 0.87,
                "rmse": 2.55
            },
            "NT_GPP_vs_model": {
                "r2": 0.84,
                "rmse": 2.84
            },
            "DT_RECO_vs_model": {
                "r2": 0.26,
                "rmse": 2.01
            },
            "NT_RECO_vs_model": {
                "r2": 0.2,
                "rmse": 1.81
            },
            "DT_GPP_vs_NT_GPP": {
                "r2": 0.95,
                "rmse": 1.56
            },
            "DT_RECO_vs_NT_RECO": {
                "r2": 0.85,
                "rmse": 1
            },
            "val_r2": 0.8664
        }
    },
    "experiment_2": {
        "run_type": "Tramontana",
        "gpp_inputs": [
            "SW_IN",
            "TA",
            "VPD",
            "WS"
        ],
        "reco_inputs": [
            "DOY_sin",
            "DOY_cos",
            "TA",
            "WS"
        ],
        "metrics": {
            "DT_GPP_vs_model": {
                "r2": 0.86,
                "rmse": 2.65
            },
            "NT_GPP_vs_model": {
                "r2": 0.82,
                "rmse": 2.98
            },
            "DT_RECO_vs_model": {
                "r2": 0.14,
                "rmse": 2.17
            },
            "NT_RECO_vs_model": {
                "r2": -0.06,
                "rmse": 2.08
            },
            "DT_GPP_vs_NT_GPP": {
                "r2": 0.95,
                "rmse": 1.56
            },
            "DT_RECO_vs_NT_RECO": {
                "r2": 0.85,
                "rmse": 1
            },
            "val_r2": 0.87
        }
    },
    "experiment_3": {
        "run_type": "Tramontana",
        "gpp_inputs": [
            "SW_IN",
            "TA",
            "VPD",
            "WS",
            "WD_COS",
            "WD_SIN"
        ],
        "reco_inputs": [
            "DOY_sin",
            "DOY_cos",
            "TA",
            "WS",
            "WD_COS",
            "WD_SIN"
        ],
        "metrics": {
            "DT_GPP_vs_model": {
                "r2": 0.86,
                "rmse": 2.69
            },
            "NT_GPP_vs_model": {
                "r2": 0.82,
                "rmse": 2.98
            },
            "DT_RECO_vs_model": {
                "r2": 0.03,
                "rmse": 2.3
            },
            "NT_RECO_vs_model": {
                "r2": -0.2,
                "rmse": 2.22
            },
            "DT_GPP_vs_NT_GPP": {
                "r2": 0.95,
                "rmse": 1.56
            },
            "DT_RECO_vs_NT_RECO": {
                "r2": 0.85,
                "rmse": 1
            },
            "val_r2": 0.8814
        }
    },
    "experiment_4": {
        "run_type": "Tramontana",
        "gpp_inputs": [
            "SW_IN",
            "TA",
            "VPD",
            "WS",
            "WD_COS",
            "WD_SIN",
            "WTD"
        ],
        "reco_inputs": [
            "DOY_sin",
            "DOY_cos",
            "TA",
            "WS",
            "WD_COS",
            "WD_SIN",
            "WTD"
        ],
        "metrics": {
            "DT_GPP_vs_model": {
                "r2": 0.87,
                "rmse": 2.57
            },
            "NT_GPP_vs_model": {
                "r2": 0.83,
                "rmse": 2.88
            },
            "DT_RECO_vs_model": {
                "r2": 0.09,
                "rmse": 2.23
            },
            "NT_RECO_vs_model": {
                "r2": -0.13,
                "rmse": 2.16
            },
            "DT_GPP_vs_NT_GPP": {
                "r2": 0.95,
                "rmse": 1.56
            },
            "DT_RECO_vs_NT_RECO": {
                "r2": 0.85,
                "rmse": 1
            },
            "val_r2": 0.8892
        }
    },
    "experiment_5": {
        "run_type": "Tramontana",
        "gpp_inputs": [
            "SW_IN",
            "TA",
            "VPD",
            "WS",
            "WD_COS",
            "WD_SIN",
            "WTD",
            "Salinity"
        ],
        "reco_inputs": [
            "DOY_sin",
            "DOY_cos",
            "TA",
            "WS",
            "WD_COS",
            "WD_SIN",
            "WTD",
            "Salinity"
        ],
        "metrics": {
            "DT_GPP_vs_model": {
                "r2": 0.87,
                "rmse": 2.55
            },
            "NT_GPP_vs_model": {
                "r2": 0.83,
                "rmse": 2.9
            },
            "DT_RECO_vs_model": {
                "r2": 0.04,
                "rmse": 2.29
            },
            "NT_RECO_vs_model": {
                "r2": -0.24,
                "rmse": 2.25
            },
            "DT_GPP_vs_NT_GPP": {
                "r2": 0.95,
                "rmse": 1.56
            },
            "DT_RECO_vs_NT_RECO": {
                "r2": 0.85,
                "rmse": 1
            },
            "val_r2": 0.8965
        }
    },
    "experiment_6": {
        "run_type": "Tramontana",
        "gpp_inputs": [
            "SW_IN",
            "TA",
            "VPD",
            "WS",
            "WD_COS",
            "WD_SIN",
            "WTD",
            "Salinity",
            "WTD_HalfHourlyDiff"
        ],
        "reco_inputs": [
            "DOY_sin",
            "DOY_cos",
            "TA",
            "WS",
            "WD_COS",
            "WD_SIN",
            "WTD",
            "Salinity",
            "WTD_HalfHourlyDiff"
        ],
        "metrics": {
            "DT_GPP_vs_model": {
                "r2": 0.89,
                "rmse": 2.41
            },
            "NT_GPP_vs_model": {
                "r2": 0.85,
                "rmse": 2.76
            },
            "DT_RECO_vs_model": {
                "r2": 0.16,
                "rmse": 2.14
            },
            "NT_RECO_vs_model": {
                "r2": -0.06,
                "rmse": 2.09
            },
            "DT_GPP_vs_NT_GPP": {
                "r2": 0.95,
                "rmse": 1.56
            },
            "DT_RECO_vs_NT_RECO": {
                "r2": 0.85,
                "rmse": 1
            },
            "val_r2": 0.8984
        }
    },
    "experiment_7": {
        "run_type": "Tramontana",
        "gpp_inputs": [
            "SW_IN",
            "TA",
            "VPD",
            "WS",
            "WD_COS",
            "WD_SIN",
            "WTD",
            "Salinity",
            "WTD_HalfHourlyDiff",
            "WTD_DailyAvg",
            "WTD_DailyDiff"
        ],
        "reco_inputs": [
            "DOY_sin",
            "DOY_cos",
            "TA",
            "WS",
            "WD_COS",
            "WD_SIN",
            "WTD",
            "Salinity",
            "WTD_HalfHourlyDiff",
            "WTD_DailyAvg",
            "WTD_DailyDiff"
        ],
        "metrics": {
            "DT_GPP_vs_model": {
                "r2": 0.88,
                "rmse": 2.45
            },
            "NT_GPP_vs_model": {
                "r2": 0.85,
                "rmse": 2.78
            },
            "DT_RECO_vs_model": {
                "r2": 0.13,
                "rmse": 2.17
            },
            "NT_RECO_vs_model": {
                "r2": -0.07,
                "rmse": 2.1
            },
            "DT_GPP_vs_NT_GPP": {
                "r2": 0.95,
                "rmse": 1.56
            },
            "DT_RECO_vs_NT_RECO": {
                "r2": 0.85,
                "rmse": 1
            },
            "val_r2": 0.8942
        }
    },
    "experiment_8": {
        "run_type": "Tramontana",
        "gpp_inputs": [
            "PotRadDailyAvg",
            "PotRadDailyDiff",
            "GPP_PROX"
        ],
        "reco_inputs": [
            "DOY_sin",
            "DOY_cos",
            "NIGHTLY_NEE_AVG"
        ],
        "metrics": {
            "DT_GPP_vs_model": {
                "r2": 0.89,
                "rmse": 2.41
            },
            "NT_GPP_vs_model": {
                "r2": 0.87,
                "rmse": 2.54
            },
            "DT_RECO_vs_model": {
                "r2": 0.46,
                "rmse": 1.72
            },
            "NT_RECO_vs_model": {
                "r2": 0.63,
                "rmse": 1.23
            },
            "DT_GPP_vs_NT_GPP": {
                "r2": 0.95,
                "rmse": 1.56
            },
            "DT_RECO_vs_NT_RECO": {
                "r2": 0.85,
                "rmse": 1
            },
            "val_r2": 0.8696
        }
    },
    "experiment_9": {
        "run_type": "Tramontana",
        "gpp_inputs": [
            "SW_IN",
            "VPD",
            "TA",
            "WTD",
            "WS",
            "PotRad",
            "PotRadHalfHourlyDiff",
            "WD_COS",
            "WD_SIN"
        ],
        "reco_inputs": [
            "TA",
            "TS_1",
            "TS_2",
            "TS_3",
            "TS_4",
            "WTD",
            "WS",
            "WD_COS",
            "WD_SIN"
        ],
        "metrics": {
            "DT_GPP_vs_model": {
                "r2": 0.92,
                "rmse": 2.04
            },
            "NT_GPP_vs_model": {
                "r2": 0.9,
                "rmse": 2.27
            },
            "DT_RECO_vs_model": {
                "r2": 0.43,
                "rmse": 1.76
            },
            "NT_RECO_vs_model": {
                "r2": 0.34,
                "rmse": 1.64
            },
            "DT_GPP_vs_NT_GPP": {
                "r2": 0.95,
                "rmse": 1.56
            },
            "DT_RECO_vs_NT_RECO": {
                "r2": 0.85,
                "rmse": 1
            },
            "val_r2": 0.9249
        }
    },
    "experiment_10": {
        "run_type": "Tramontana",
        "gpp_inputs": [
            "SW_IN",
            "VPD",
            "TA",
            "WTD",
            "WS",
            "PotRad",
            "PotRadHalfHourlyDiff",
            "PotRadDailyAvg",
            "PotRadDailyDiff",
            "WD_COS",
            "WD_SIN",
            "GPP_PROX"
        ],
        "reco_inputs": [
            "DOY_sin",
            "DOY_cos",
            "TA",
            "TS_1",
            "TS_2",
            "TS_3",
            "TS_4",
            "WTD",
            "WS",
            "WD_COS",
            "WD_SIN",
            "NIGHTLY_NEE_AVG"
        ],
        "metrics": {
            "DT_GPP_vs_model": {
                "r2": 0.96,
                "rmse": 1.44
            },
            "NT_GPP_vs_model": {
                "r2": 0.95,
                "rmse": 1.6
            },
            "DT_RECO_vs_model": {
                "r2": 0.73,
                "rmse": 1.2
            },
            "NT_RECO_vs_model": {
                "r2": 0.84,
                "rmse": 0.82
            },
            "DT_GPP_vs_NT_GPP": {
                "r2": 0.95,
                "rmse": 1.56
            },
            "DT_RECO_vs_NT_RECO": {
                "r2": 0.85,
                "rmse": 1
            },
            "val_r2": 0.949
        }
    },
    "experiment_11": {
        "run_type": "Tramontana",
        "gpp_inputs": [
            "SW_IN",
            "VPD",
            "TA",
            "WTD",
            "WS",
            "PotRad",
            "PotRadHalfHourlyDiff",
            "PotRadDailyAvg",
            "PotRadDailyDiff",
            "WD_COS",
            "WD_SIN",
            "GPP_PROX",
            "Salinity",
            "WTD_HalfHourlyDiff"
        ],
        "reco_inputs": [
            "DOY_sin",
            "DOY_cos",
            "TA",
            "TS_1",
            "TS_2",
            "TS_3",
            "TS_4",
            "WTD",
            "WS",
            "WD_COS",
            "WD_SIN",
            "NIGHTLY_NEE_AVG",
            "Salinity",
            "WTD_HalfHourlyDiff"
        ],
        "metrics": {
            "DT_GPP_vs_model": {
                "r2": 0.96,
                "rmse": 1.38
            },
            "NT_GPP_vs_model": {
                "r2": 0.95,
                "rmse": 1.54
            },
            "DT_RECO_vs_model": {
                "r2": 0.74,
                "rmse": 1.18
            },
            "NT_RECO_vs_model": {
                "r2": 0.84,
                "rmse": 0.82
            },
            "DT_GPP_vs_NT_GPP": {
                "r2": 0.95,
                "rmse": 1.56
            },
            "DT_RECO_vs_NT_RECO": {
                "r2": 0.85,
                "rmse": 1
            },
            "val_r2": 0.949
        }
    },
    "experiment_12": {
        "run_type": "Tramontana",
        "gpp_inputs": [
            "SW_IN",
            "VPD",
            "TA",
            "WTD",
            "WS",
            "PotRad",
            "PotRadHalfHourlyDiff",
            "PotRadDailyAvg",
            "PotRadDailyDiff",
            "WD_COS",
            "WD_SIN",
            "GPP_PROX",
            "Salinity",
            "WTD_HalfHourlyDiff",
            "WTD_DailyAvg",
            "WTD_DailyDiff"
        ],
        "reco_inputs": [
            "DOY_sin",
            "DOY_cos",
            "TA",
            "TS_1",
            "TS_2",
            "TS_3",
            "TS_4",
            "WTD",
            "WS",
            "WD_COS",
            "WD_SIN",
            "NIGHTLY_NEE_AVG",
            "Salinity",
            "WTD_HalfHourlyDiff",
            "WTD_DailyAvg",
            "WTD_DailyDiff"
        ],
        "metrics": {
            "DT_GPP_vs_model": {
                "r2": 0.96,
                "rmse": 1.42
            },
            "NT_GPP_vs_model": {
                "r2": 0.95,
                "rmse": 1.62
            },
            "DT_RECO_vs_model": {
                "r2": 0.73,
                "rmse": 1.22
            },
            "NT_RECO_vs_model": {
                "r2": 0.8,
                "rmse": 0.9
            },
            "DT_GPP_vs_NT_GPP": {
                "r2": 0.95,
                "rmse": 1.56
            },
            "DT_RECO_vs_NT_RECO": {
                "r2": 0.85,
                "rmse": 1
            },
            "val_r2": 0.9463
        }
    }
}
0.8609,0.86,0.82,0.18,0.08
0.8664,0.87,0.84,0.26,0.2
0.87,0.86,0.82,0.14,-0.06
0.8814,0.86,0.82,0.03,-0.2
0.8892,0.87,0.83,0.09,-0.13
0.8965,0.87,0.83,0.04,-0.24
0.8984,0.89,0.85,0.16,-0.06
0.8942,0.88,0.85,0.13,-0.07
0.8696,0.89,0.87,0.46,0.63
0.9249,0.92,0.9,0.43,0.34
0.949,0.96,0.95,0.73,0.84
0.949,0.96,0.95,0.74,0.84
0.9463,0.96,0.95,0.73,0.8
Run ended at:   2025-08-02 14:29:08
Total duration: 0:24:13 (hh:mm:ss)
