created virtual environment CPython3.10.13.final.0-64 in 32134ms
  creator CPython3Posix(dest=/localscratch/onurk.65164594.0/env, clear=False, no_vcs_ignore=False, global=False)
  seeder FromAppData(download=False, pip=bundle, setuptools=bundle, wheel=bundle, via=copy, app_data_dir=/home/onurk/.local/share/virtualenv)
    added seed packages: pip==25.1.1, setuptools==80.9.0, wheel==0.45.1+computecanada
  activators BashActivator,CShellActivator,FishActivator,NushellActivator,PowerShellActivator,PythonActivator
Looking in links: /cvmfs/soft.computecanada.ca/custom/python/wheelhouse/gentoo2023/x86-64-v3, /cvmfs/soft.computecanada.ca/custom/python/wheelhouse/gentoo2023/generic, /cvmfs/soft.computecanada.ca/custom/python/wheelhouse/generic
Processing /cvmfs/soft.computecanada.ca/custom/python/wheelhouse/gentoo2023/x86-64-v3/torch-2.6.0+computecanada-cp310-cp310-linux_x86_64.whl
Processing /cvmfs/soft.computecanada.ca/custom/python/wheelhouse/generic/filelock-3.18.0+computecanada-py3-none-any.whl (from torch)
Requirement already satisfied: typing-extensions>=4.10.0 in /cvmfs/soft.computecanada.ca/easybuild/software/2023/x86-64-v3/Compiler/gcccore/ipykernel/2025a/lib/python3.10/site-packages (from torch) (4.12.2+computecanada)
Processing /cvmfs/soft.computecanada.ca/custom/python/wheelhouse/generic/networkx-3.5+computecanada-py3-none-any.whl (from torch)
Processing /cvmfs/soft.computecanada.ca/custom/python/wheelhouse/generic/jinja2-3.1.6+computecanada-py3-none-any.whl (from torch)
Processing /cvmfs/soft.computecanada.ca/custom/python/wheelhouse/generic/fsspec-2025.7.0+computecanada-py3-none-any.whl (from torch)
Processing /cvmfs/soft.computecanada.ca/custom/python/wheelhouse/generic/sympy-1.13.1+computecanada-py3-none-any.whl (from torch)
Requirement already satisfied: mpmath<1.4,>=1.1.0 in /cvmfs/soft.computecanada.ca/easybuild/software/2023/x86-64-v3/Compiler/gcccore/scipy-stack/2025a/lib/python3.10/site-packages (from sympy==1.13.1->torch) (1.3.0+computecanada)
Processing /cvmfs/soft.computecanada.ca/custom/python/wheelhouse/generic/MarkupSafe-2.1.5+computecanada-cp310-cp310-linux_x86_64.whl (from jinja2->torch)
INFO: pip is looking at multiple versions of networkx to determine which version is compatible with other requirements. This could take a while.
Processing /cvmfs/soft.computecanada.ca/custom/python/wheelhouse/generic/networkx-3.4.2+computecanada-py3-none-any.whl (from torch)
Installing collected packages: sympy, networkx, MarkupSafe, fsspec, filelock, jinja2, torch
  Attempting uninstall: sympy
    Found existing installation: sympy 1.13.3+computecanada
    Not uninstalling sympy at /cvmfs/soft.computecanada.ca/easybuild/software/2023/x86-64-v3/Compiler/gcccore/scipy-stack/2025a/lib/python3.10/site-packages, outside environment /localscratch/onurk.65164594.0/env
    Can't uninstall 'sympy'. No files were found to uninstall.

Successfully installed MarkupSafe-2.1.5+computecanada filelock-3.18.0+computecanada fsspec-2025.7.0+computecanada jinja2-3.1.6+computecanada networkx-3.4.2+computecanada sympy-1.13.1+computecanada torch-2.6.0+computecanada
/project/6104010/onurk/nee-partition/main_tram.py:934: RuntimeWarning: More than 20 figures have been opened. Figures created through the pyplot interface (`matplotlib.pyplot.figure`) are retained until explicitly closed and may consume too much memory. (To control this warning, see the rcParam `figure.max_open_warning`). Consider using `matplotlib.pyplot.close()`.
  fig, ax = plt.subplots(2, 1, figsize=(7, 10), sharex=True)
pre_processing: False      drop_na: False       normalize_raw_features: False       train_models: True       save_models: True       hidden_size: 12       tramontana_run: True       
Run started at: 2025-08-02 14:04:55
gpp_input_names,  ['VPD', 'TA', 'WTD', 'WS', 'PotRad', 'PotRadHalfHourlyDiff', 'PotRadDailyAvg', 'PotRadDailyDiff', 'WD_COS', 'WD_SIN', 'GPP_PROX'] 
reco_input_names,  ['DOY_sin', 'DOY_cos', 'TA', 'TS_1', 'TS_2', 'TS_3', 'TS_4', 'WTD', 'WS', 'WD_COS', 'WD_SIN', 'NIGHTLY_NEE_AVG'] 
true_nee_name,  ['NEE'] 

Tramontana Running on GPU With hidden layer size of 12 Total epochs: 100000 lr: 0.001 patience: 500 min_delta 0.01
SNN_GPP_Tram(
  (net): Sequential(
    (0): Linear(in_features=11, out_features=12, bias=True)
    (1): Tanh()
    (2): Linear(in_features=12, out_features=1, bias=True)
    (3): Sigmoid()
  )
)
SNN_RECO_Tram(
  (net): Sequential(
    (0): Linear(in_features=12, out_features=12, bias=True)
    (1): Tanh()
    (2): Linear(in_features=12, out_features=1, bias=True)
    (3): Sigmoid()
  )
)
Params are min slope: 2e-06, trend window: 100
Epoch     0 | Train Loss: 10997.280273 | Val Loss: 10867.091797 | Train R²: -387372.9688 | Val R²: -375644.9375
Epoch   500 | Train Loss: 124.666435 | Val Loss: 126.706497 | Train R²: -4390.3164 | Val R²: -4378.9004
Epoch  1000 | Train Loss: 30.815241 | Val Loss: 31.839520 | Train R²: -1084.4523 | Val R²: -1099.6058
Epoch  1500 | Train Loss: 13.213976 | Val Loss: 13.801507 | Train R²: -464.4561 | Val R²: -476.0807
Epoch  2000 | Train Loss: 7.077417 | Val Loss: 7.453825 | Train R²: -248.2987 | Val R²: -256.6585
Epoch  2500 | Train Loss: 4.290050 | Val Loss: 4.547912 | Train R²: -150.1150 | Val R²: -156.2090
Epoch  3000 | Train Loss: 2.819239 | Val Loss: 3.003760 | Train R²: -98.3063 | Val R²: -102.8319
Epoch  3500 | Train Loss: 1.929457 | Val Loss: 2.066585 | Train R²: -66.9642 | Val R²: -70.4362
Epoch  4000 | Train Loss: 1.363442 | Val Loss: 1.468158 | Train R²: -47.0266 | Val R²: -49.7502
Epoch  4500 | Train Loss: 0.970952 | Val Loss: 1.053223 | Train R²: -33.2013 | Val R²: -35.4071
Epoch  5000 | Train Loss: 0.693472 | Val Loss: 0.758574 | Train R²: -23.4272 | Val R²: -25.2218
Epoch  5500 | Train Loss: 0.492229 | Val Loss: 0.544079 | Train R²: -16.3385 | Val R²: -17.8074
Epoch  6000 | Train Loss: 0.352777 | Val Loss: 0.393326 | Train R²: -11.4264 | Val R²: -12.5962
Epoch  6500 | Train Loss: 0.255699 | Val Loss: 0.287537 | Train R²: -8.0069 | Val R²: -8.9394
Epoch  7000 | Train Loss: 0.187650 | Val Loss: 0.212765 | Train R²: -5.6099 | Val R²: -6.3547
Epoch  7500 | Train Loss: 0.139493 | Val Loss: 0.159368 | Train R²: -3.9136 | Val R²: -4.5089
Epoch  8000 | Train Loss: 0.105047 | Val Loss: 0.120858 | Train R²: -2.7002 | Val R²: -3.1777
Epoch  8500 | Train Loss: 0.080108 | Val Loss: 0.092751 | Train R²: -1.8218 | Val R²: -2.2062
Epoch  9000 | Train Loss: 0.061835 | Val Loss: 0.071968 | Train R²: -1.1781 | Val R²: -1.4877
Epoch  9500 | Train Loss: 0.048285 | Val Loss: 0.056398 | Train R²: -0.7008 | Val R²: -0.9495
Epoch 10000 | Train Loss: 0.038125 | Val Loss: 0.044602 | Train R²: -0.3429 | Val R²: -0.5418
Epoch 10500 | Train Loss: 0.030451 | Val Loss: 0.035598 | Train R²: -0.0726 | Val R²: -0.2305
Epoch 11000 | Train Loss: 0.024620 | Val Loss: 0.028691 | Train R²: 0.1328 | Val R²: 0.0082
Epoch 11500 | Train Loss: 0.020165 | Val Loss: 0.023377 | Train R²: 0.2897 | Val R²: 0.1919
Epoch 12000 | Train Loss: 0.016760 | Val Loss: 0.019295 | Train R²: 0.4096 | Val R²: 0.3330
Epoch 12500 | Train Loss: 0.014183 | Val Loss: 0.016193 | Train R²: 0.5004 | Val R²: 0.4402
Epoch 13000 | Train Loss: 0.012261 | Val Loss: 0.013872 | Train R²: 0.5681 | Val R²: 0.5205
Epoch 13500 | Train Loss: 0.010847 | Val Loss: 0.012161 | Train R²: 0.6179 | Val R²: 0.5796
Epoch 14000 | Train Loss: 0.009815 | Val Loss: 0.010912 | Train R²: 0.6543 | Val R²: 0.6228
Epoch 14500 | Train Loss: 0.009050 | Val Loss: 0.009988 | Train R²: 0.6812 | Val R²: 0.6548
Epoch 15000 | Train Loss: 0.008464 | Val Loss: 0.009285 | Train R²: 0.7019 | Val R²: 0.6791
Epoch 15500 | Train Loss: 0.008008 | Val Loss: 0.008744 | Train R²: 0.7179 | Val R²: 0.6977
Epoch 16000 | Train Loss: 0.007628 | Val Loss: 0.008297 | Train R²: 0.7313 | Val R²: 0.7132
Epoch 16500 | Train Loss: 0.007290 | Val Loss: 0.007908 | Train R²: 0.7432 | Val R²: 0.7267
Epoch 17000 | Train Loss: 0.006967 | Val Loss: 0.007549 | Train R²: 0.7546 | Val R²: 0.7390
Epoch 17500 | Train Loss: 0.006635 | Val Loss: 0.007190 | Train R²: 0.7663 | Val R²: 0.7514
Epoch 18000 | Train Loss: 0.006298 | Val Loss: 0.006825 | Train R²: 0.7782 | Val R²: 0.7641
Epoch 18500 | Train Loss: 0.005998 | Val Loss: 0.006494 | Train R²: 0.7887 | Val R²: 0.7755
Epoch 19000 | Train Loss: 0.005733 | Val Loss: 0.006201 | Train R²: 0.7981 | Val R²: 0.7857
Epoch 19500 | Train Loss: 0.005493 | Val Loss: 0.005936 | Train R²: 0.8065 | Val R²: 0.7948
Epoch 20000 | Train Loss: 0.005281 | Val Loss: 0.005698 | Train R²: 0.8140 | Val R²: 0.8030
Epoch 20500 | Train Loss: 0.005087 | Val Loss: 0.005479 | Train R²: 0.8208 | Val R²: 0.8106
Epoch 21000 | Train Loss: 0.004899 | Val Loss: 0.005266 | Train R²: 0.8274 | Val R²: 0.8180
Epoch 21500 | Train Loss: 0.004697 | Val Loss: 0.005040 | Train R²: 0.8346 | Val R²: 0.8258
Epoch 22000 | Train Loss: 0.004450 | Val Loss: 0.004757 | Train R²: 0.8432 | Val R²: 0.8356
Epoch 22500 | Train Loss: 0.004149 | Val Loss: 0.004400 | Train R²: 0.8539 | Val R²: 0.8479
Epoch 23000 | Train Loss: 0.003805 | Val Loss: 0.003998 | Train R²: 0.8660 | Val R²: 0.8618
Epoch 23500 | Train Loss: 0.003504 | Val Loss: 0.003662 | Train R²: 0.8766 | Val R²: 0.8734
Epoch 24000 | Train Loss: 0.003261 | Val Loss: 0.003410 | Train R²: 0.8851 | Val R²: 0.8821
Epoch 24500 | Train Loss: 0.003041 | Val Loss: 0.003182 | Train R²: 0.8929 | Val R²: 0.8900
Epoch 25000 | Train Loss: 0.002835 | Val Loss: 0.002967 | Train R²: 0.9001 | Val R²: 0.8974
Epoch 25500 | Train Loss: 0.002639 | Val Loss: 0.002757 | Train R²: 0.9070 | Val R²: 0.9047
Epoch 26000 | Train Loss: 0.002483 | Val Loss: 0.002590 | Train R²: 0.9125 | Val R²: 0.9105
Epoch 26500 | Train Loss: 0.002370 | Val Loss: 0.002477 | Train R²: 0.9165 | Val R²: 0.9144
Epoch 27000 | Train Loss: 0.002281 | Val Loss: 0.002392 | Train R²: 0.9197 | Val R²: 0.9173
Epoch 27500 | Train Loss: 0.002209 | Val Loss: 0.002320 | Train R²: 0.9222 | Val R²: 0.9198
Epoch 28000 | Train Loss: 0.002152 | Val Loss: 0.002262 | Train R²: 0.9242 | Val R²: 0.9218
Epoch 28500 | Train Loss: 0.002108 | Val Loss: 0.002218 | Train R²: 0.9258 | Val R²: 0.9233
Epoch 29000 | Train Loss: 0.002073 | Val Loss: 0.002186 | Train R²: 0.9270 | Val R²: 0.9244
Epoch 29500 | Train Loss: 0.002041 | Val Loss: 0.002153 | Train R²: 0.9281 | Val R²: 0.9256
Epoch 30000 | Train Loss: 0.002000 | Val Loss: 0.002113 | Train R²: 0.9296 | Val R²: 0.9269
Epoch 30500 | Train Loss: 0.001945 | Val Loss: 0.002060 | Train R²: 0.9315 | Val R²: 0.9288
Early stopping at epoch 30838 due to flat/negative trend (slope=0.000002)
Epoch 30838 | Train Loss: 0.001914 | Val Loss: 0.002034 | Train R²: 0.9326 | Val R²: 0.9297
Unpickling models
Following models have been loaded and moved to cuda:
trained gpp model:
 SNN_GPP_Tram(
  (net): Sequential(
    (0): Linear(in_features=11, out_features=12, bias=True)
    (1): Tanh()
    (2): Linear(in_features=12, out_features=1, bias=True)
    (3): Sigmoid()
  )
), trained_reco_model:
 SNN_GPP_Tram(
  (net): Sequential(
    (0): Linear(in_features=12, out_features=12, bias=True)
    (1): Tanh()
    (2): Linear(in_features=12, out_features=1, bias=True)
    (3): Sigmoid()
  )
)
using full data set for visualization
Un-normalizing the GPP and RECO predictions using NEE min: tensor([-36.1705]), NEE max: tensor([35.8634])



Metrics for the Tramontana, with
GPP inputs: ['VPD', 'TA', 'WTD', 'WS', 'PotRad', 'PotRadHalfHourlyDiff', 'PotRadDailyAvg', 'PotRadDailyDiff', 'WD_COS', 'WD_SIN', 'GPP_PROX']
RECO inputs: ['DOY_sin', 'DOY_cos', 'TA', 'TS_1', 'TS_2', 'TS_3', 'TS_4', 'WTD', 'WS', 'WD_COS', 'WD_SIN', 'NIGHTLY_NEE_AVG']:
DT_GPP vs Tramontana_GPP R²=0.88 RMSE=2.43
NT_GPP vs Tramontana_GPP R²=0.88 RMSE=2.45
DT_RECO vs Tramontana_RECO R²=0.17 RMSE=2.13
NT_RECO vs Tramontana_RECO R²=0.26 RMSE=1.75
DT_GPP vs NT_GPP R²=0.95 RMSE=1.56
DT_RECO vs NT_RECO R²=0.85 RMSE=1.00

gpp_input_names,  ['SW_IN', 'TA', 'WTD', 'WS', 'PotRad', 'PotRadHalfHourlyDiff', 'PotRadDailyAvg', 'PotRadDailyDiff', 'WD_COS', 'WD_SIN', 'GPP_PROX'] 
reco_input_names,  ['DOY_sin', 'DOY_cos', 'TA', 'TS_1', 'TS_2', 'TS_3', 'TS_4', 'WTD', 'WS', 'WD_COS', 'WD_SIN', 'NIGHTLY_NEE_AVG'] 
true_nee_name,  ['NEE'] 

Tramontana Running on GPU With hidden layer size of 12 Total epochs: 100000 lr: 0.001 patience: 500 min_delta 0.01
SNN_GPP_Tram(
  (net): Sequential(
    (0): Linear(in_features=11, out_features=12, bias=True)
    (1): Tanh()
    (2): Linear(in_features=12, out_features=1, bias=True)
    (3): Sigmoid()
  )
)
SNN_RECO_Tram(
  (net): Sequential(
    (0): Linear(in_features=12, out_features=12, bias=True)
    (1): Tanh()
    (2): Linear(in_features=12, out_features=1, bias=True)
    (3): Sigmoid()
  )
)
Params are min slope: 2e-06, trend window: 100
Epoch     0 | Train Loss: 11620.624023 | Val Loss: 11504.915039 | Train R²: -409329.9688 | Val R²: -397692.7500
Epoch   500 | Train Loss: 160.201828 | Val Loss: 165.770233 | Train R²: -5642.0332 | Val R²: -5729.2285
Epoch  1000 | Train Loss: 38.274940 | Val Loss: 40.647190 | Train R²: -1347.2167 | Val R²: -1404.0632
Epoch  1500 | Train Loss: 16.266647 | Val Loss: 17.598589 | Train R²: -571.9849 | Val R²: -607.3356
Epoch  2000 | Train Loss: 8.687427 | Val Loss: 9.543598 | Train R²: -305.0104 | Val R²: -328.8963
Epoch  2500 | Train Loss: 5.257818 | Val Loss: 5.850897 | Train R²: -184.2042 | Val R²: -201.2497
Epoch  3000 | Train Loss: 3.456470 | Val Loss: 3.886767 | Train R²: -120.7525 | Val R²: -133.3550
Epoch  3500 | Train Loss: 2.416095 | Val Loss: 2.738159 | Train R²: -84.1058 | Val R²: -93.6507
Epoch  4000 | Train Loss: 1.731762 | Val Loss: 1.979540 | Train R²: -60.0005 | Val R²: -67.4273
Epoch  4500 | Train Loss: 1.241147 | Val Loss: 1.436813 | Train R²: -42.7188 | Val R²: -48.6667
Epoch  5000 | Train Loss: 0.898400 | Val Loss: 1.053994 | Train R²: -30.6457 | Val R²: -35.4337
Epoch  5500 | Train Loss: 0.650006 | Val Loss: 0.773937 | Train R²: -21.8962 | Val R²: -25.7529
Epoch  6000 | Train Loss: 0.460236 | Val Loss: 0.558906 | Train R²: -15.2116 | Val R²: -18.3198
Epoch  6500 | Train Loss: 0.333117 | Val Loss: 0.411109 | Train R²: -10.7339 | Val R²: -13.2109
Epoch  7000 | Train Loss: 0.244340 | Val Loss: 0.306332 | Train R²: -7.6068 | Val R²: -9.5891
Epoch  7500 | Train Loss: 0.181846 | Val Loss: 0.231412 | Train R²: -5.4055 | Val R²: -6.9993
Epoch  8000 | Train Loss: 0.137296 | Val Loss: 0.177161 | Train R²: -3.8362 | Val R²: -5.1240
Epoch  8500 | Train Loss: 0.105120 | Val Loss: 0.137362 | Train R²: -2.7028 | Val R²: -3.7482
Epoch  9000 | Train Loss: 0.081533 | Val Loss: 0.107712 | Train R²: -1.8720 | Val R²: -2.7233
Epoch  9500 | Train Loss: 0.063926 | Val Loss: 0.085225 | Train R²: -1.2518 | Val R²: -1.9460
Epoch 10000 | Train Loss: 0.050540 | Val Loss: 0.067879 | Train R²: -0.7802 | Val R²: -1.3464
Epoch 10500 | Train Loss: 0.040215 | Val Loss: 0.054318 | Train R²: -0.4165 | Val R²: -0.8776
Epoch 11000 | Train Loss: 0.032205 | Val Loss: 0.043652 | Train R²: -0.1344 | Val R²: -0.5089
Epoch 11500 | Train Loss: 0.026030 | Val Loss: 0.035299 | Train R²: 0.0831 | Val R²: -0.2202
Epoch 12000 | Train Loss: 0.021320 | Val Loss: 0.028815 | Train R²: 0.2490 | Val R²: 0.0039
Epoch 12500 | Train Loss: 0.017800 | Val Loss: 0.023879 | Train R²: 0.3730 | Val R²: 0.1746
Epoch 13000 | Train Loss: 0.015204 | Val Loss: 0.020169 | Train R²: 0.4644 | Val R²: 0.3028
Epoch 13500 | Train Loss: 0.013292 | Val Loss: 0.017390 | Train R²: 0.5318 | Val R²: 0.3989
Epoch 14000 | Train Loss: 0.011869 | Val Loss: 0.015292 | Train R²: 0.5819 | Val R²: 0.4714
Epoch 14500 | Train Loss: 0.010798 | Val Loss: 0.013679 | Train R²: 0.6196 | Val R²: 0.5271
Epoch 15000 | Train Loss: 0.009998 | Val Loss: 0.012464 | Train R²: 0.6478 | Val R²: 0.5692
Epoch 15500 | Train Loss: 0.009410 | Val Loss: 0.011573 | Train R²: 0.6685 | Val R²: 0.6000
Epoch 16000 | Train Loss: 0.008947 | Val Loss: 0.010881 | Train R²: 0.6849 | Val R²: 0.6239
Epoch 16500 | Train Loss: 0.008546 | Val Loss: 0.010298 | Train R²: 0.6990 | Val R²: 0.6440
Epoch 17000 | Train Loss: 0.008165 | Val Loss: 0.009751 | Train R²: 0.7124 | Val R²: 0.6629
Epoch 17500 | Train Loss: 0.007799 | Val Loss: 0.009238 | Train R²: 0.7253 | Val R²: 0.6807
Epoch 18000 | Train Loss: 0.007426 | Val Loss: 0.008721 | Train R²: 0.7384 | Val R²: 0.6985
Epoch 18500 | Train Loss: 0.007038 | Val Loss: 0.008182 | Train R²: 0.7521 | Val R²: 0.7172
Epoch 19000 | Train Loss: 0.006635 | Val Loss: 0.007627 | Train R²: 0.7663 | Val R²: 0.7363
Epoch 19500 | Train Loss: 0.006216 | Val Loss: 0.007063 | Train R²: 0.7810 | Val R²: 0.7559
Epoch 20000 | Train Loss: 0.005772 | Val Loss: 0.006487 | Train R²: 0.7967 | Val R²: 0.7758
Epoch 20500 | Train Loss: 0.005282 | Val Loss: 0.005882 | Train R²: 0.8139 | Val R²: 0.7967
Epoch 21000 | Train Loss: 0.004709 | Val Loss: 0.005193 | Train R²: 0.8341 | Val R²: 0.8205
Epoch 21500 | Train Loss: 0.004044 | Val Loss: 0.004407 | Train R²: 0.8576 | Val R²: 0.8476
Epoch 22000 | Train Loss: 0.003317 | Val Loss: 0.003575 | Train R²: 0.8832 | Val R²: 0.8764
Epoch 22500 | Train Loss: 0.002605 | Val Loss: 0.002793 | Train R²: 0.9083 | Val R²: 0.9035
Epoch 23000 | Train Loss: 0.002175 | Val Loss: 0.002330 | Train R²: 0.9234 | Val R²: 0.9195
Epoch 23500 | Train Loss: 0.001967 | Val Loss: 0.002103 | Train R²: 0.9307 | Val R²: 0.9273
Epoch 24000 | Train Loss: 0.001825 | Val Loss: 0.001947 | Train R²: 0.9357 | Val R²: 0.9327
Epoch 24500 | Train Loss: 0.001701 | Val Loss: 0.001821 | Train R²: 0.9401 | Val R²: 0.9370
Epoch 25000 | Train Loss: 0.001598 | Val Loss: 0.001721 | Train R²: 0.9437 | Val R²: 0.9405
Epoch 25500 | Train Loss: 0.001519 | Val Loss: 0.001644 | Train R²: 0.9465 | Val R²: 0.9432
Epoch 26000 | Train Loss: 0.001455 | Val Loss: 0.001580 | Train R²: 0.9487 | Val R²: 0.9454
Epoch 26500 | Train Loss: 0.001407 | Val Loss: 0.001528 | Train R²: 0.9504 | Val R²: 0.9472
Epoch 27000 | Train Loss: 0.001372 | Val Loss: 0.001489 | Train R²: 0.9517 | Val R²: 0.9485
Early stopping at epoch 27464 due to flat/negative trend (slope=0.000002)
Epoch 27464 | Train Loss: 0.001347 | Val Loss: 0.001460 | Train R²: 0.9526 | Val R²: 0.9495
Unpickling models
Following models have been loaded and moved to cuda:
trained gpp model:
 SNN_GPP_Tram(
  (net): Sequential(
    (0): Linear(in_features=11, out_features=12, bias=True)
    (1): Tanh()
    (2): Linear(in_features=12, out_features=1, bias=True)
    (3): Sigmoid()
  )
), trained_reco_model:
 SNN_GPP_Tram(
  (net): Sequential(
    (0): Linear(in_features=12, out_features=12, bias=True)
    (1): Tanh()
    (2): Linear(in_features=12, out_features=1, bias=True)
    (3): Sigmoid()
  )
)
using full data set for visualization
Un-normalizing the GPP and RECO predictions using NEE min: tensor([-36.1705]), NEE max: tensor([35.8634])



Metrics for the Tramontana, with
GPP inputs: ['SW_IN', 'TA', 'WTD', 'WS', 'PotRad', 'PotRadHalfHourlyDiff', 'PotRadDailyAvg', 'PotRadDailyDiff', 'WD_COS', 'WD_SIN', 'GPP_PROX']
RECO inputs: ['DOY_sin', 'DOY_cos', 'TA', 'TS_1', 'TS_2', 'TS_3', 'TS_4', 'WTD', 'WS', 'WD_COS', 'WD_SIN', 'NIGHTLY_NEE_AVG']:
DT_GPP vs Tramontana_GPP R²=0.97 RMSE=1.32
NT_GPP vs Tramontana_GPP R²=0.95 RMSE=1.56
DT_RECO vs Tramontana_RECO R²=0.78 RMSE=1.10
NT_RECO vs Tramontana_RECO R²=0.85 RMSE=0.79
DT_GPP vs NT_GPP R²=0.95 RMSE=1.56
DT_RECO vs NT_RECO R²=0.85 RMSE=1.00

gpp_input_names,  ['SW_IN', 'VPD', 'WTD', 'WS', 'PotRad', 'PotRadHalfHourlyDiff', 'PotRadDailyAvg', 'PotRadDailyDiff', 'WD_COS', 'WD_SIN', 'GPP_PROX'] 
reco_input_names,  ['DOY_sin', 'DOY_cos', 'TA', 'TS_1', 'TS_2', 'TS_3', 'TS_4', 'WTD', 'WS', 'WD_COS', 'WD_SIN', 'NIGHTLY_NEE_AVG'] 
true_nee_name,  ['NEE'] 

Tramontana Running on GPU With hidden layer size of 12 Total epochs: 100000 lr: 0.001 patience: 500 min_delta 0.01
SNN_GPP_Tram(
  (net): Sequential(
    (0): Linear(in_features=11, out_features=12, bias=True)
    (1): Tanh()
    (2): Linear(in_features=12, out_features=1, bias=True)
    (3): Sigmoid()
  )
)
SNN_RECO_Tram(
  (net): Sequential(
    (0): Linear(in_features=12, out_features=12, bias=True)
    (1): Tanh()
    (2): Linear(in_features=12, out_features=1, bias=True)
    (3): Sigmoid()
  )
)
Params are min slope: 2e-06, trend window: 100
Epoch     0 | Train Loss: 13423.525391 | Val Loss: 13303.791016 | Train R²: -472836.2500 | Val R²: -459874.9688
Epoch   500 | Train Loss: 159.222260 | Val Loss: 161.649689 | Train R²: -5607.5288 | Val R²: -5586.7915
Epoch  1000 | Train Loss: 39.886353 | Val Loss: 41.175766 | Train R²: -1403.9777 | Val R²: -1422.3347
Epoch  1500 | Train Loss: 17.235352 | Val Loss: 17.995054 | Train R²: -606.1071 | Val R²: -621.0403
Epoch  2000 | Train Loss: 9.241239 | Val Loss: 9.735826 | Train R²: -324.5182 | Val R²: -335.5412
Epoch  2500 | Train Loss: 5.576827 | Val Loss: 5.919147 | Train R²: -195.4411 | Val R²: -203.6089
Epoch  3000 | Train Loss: 3.636987 | Val Loss: 3.883541 | Train R²: -127.1111 | Val R²: -133.2435
Epoch  3500 | Train Loss: 2.500630 | Val Loss: 2.683250 | Train R²: -87.0835 | Val R²: -91.7527
Epoch  4000 | Train Loss: 1.766492 | Val Loss: 1.905529 | Train R²: -61.2238 | Val R²: -64.8690
Epoch  4500 | Train Loss: 1.287946 | Val Loss: 1.395801 | Train R²: -44.3673 | Val R²: -47.2491
Epoch  5000 | Train Loss: 0.949215 | Val Loss: 1.034872 | Train R²: -32.4357 | Val R²: -34.7727
Epoch  5500 | Train Loss: 0.680041 | Val Loss: 0.749304 | Train R²: -22.9541 | Val R²: -24.9014
Epoch  6000 | Train Loss: 0.482214 | Val Loss: 0.537996 | Train R²: -15.9857 | Val R²: -17.5971
Epoch  6500 | Train Loss: 0.346253 | Val Loss: 0.390089 | Train R²: -11.1966 | Val R²: -12.4843
Epoch  7000 | Train Loss: 0.251104 | Val Loss: 0.285651 | Train R²: -7.8450 | Val R²: -8.8742
Epoch  7500 | Train Loss: 0.184433 | Val Loss: 0.211667 | Train R²: -5.4966 | Val R²: -6.3167
Epoch  8000 | Train Loss: 0.137449 | Val Loss: 0.158954 | Train R²: -3.8416 | Val R²: -4.4946
Epoch  8500 | Train Loss: 0.103809 | Val Loss: 0.120866 | Train R²: -2.6566 | Val R²: -3.1780
Epoch  9000 | Train Loss: 0.079301 | Val Loss: 0.092866 | Train R²: -1.7933 | Val R²: -2.2101
Epoch  9500 | Train Loss: 0.061215 | Val Loss: 0.072005 | Train R²: -1.1563 | Val R²: -1.4890
Epoch 10000 | Train Loss: 0.047769 | Val Loss: 0.056337 | Train R²: -0.6826 | Val R²: -0.9474
Epoch 10500 | Train Loss: 0.037714 | Val Loss: 0.044501 | Train R²: -0.3285 | Val R²: -0.5383
Epoch 11000 | Train Loss: 0.030148 | Val Loss: 0.035508 | Train R²: -0.0620 | Val R²: -0.2274
Epoch 11500 | Train Loss: 0.024398 | Val Loss: 0.028621 | Train R²: 0.1406 | Val R²: 0.0107
Epoch 12000 | Train Loss: 0.019977 | Val Loss: 0.023299 | Train R²: 0.2963 | Val R²: 0.1946
Epoch 12500 | Train Loss: 0.016617 | Val Loss: 0.019236 | Train R²: 0.4147 | Val R²: 0.3351
Epoch 13000 | Train Loss: 0.014134 | Val Loss: 0.016209 | Train R²: 0.5021 | Val R²: 0.4397
Epoch 13500 | Train Loss: 0.012318 | Val Loss: 0.013981 | Train R²: 0.5661 | Val R²: 0.5167
Epoch 14000 | Train Loss: 0.010998 | Val Loss: 0.012353 | Train R²: 0.6126 | Val R²: 0.5730
Epoch 14500 | Train Loss: 0.010040 | Val Loss: 0.011167 | Train R²: 0.6463 | Val R²: 0.6140
Epoch 15000 | Train Loss: 0.009339 | Val Loss: 0.010301 | Train R²: 0.6710 | Val R²: 0.6439
Epoch 15500 | Train Loss: 0.008808 | Val Loss: 0.009650 | Train R²: 0.6897 | Val R²: 0.6664
Epoch 16000 | Train Loss: 0.008365 | Val Loss: 0.009126 | Train R²: 0.7053 | Val R²: 0.6845
Epoch 16500 | Train Loss: 0.007973 | Val Loss: 0.008680 | Train R²: 0.7192 | Val R²: 0.7000
Epoch 17000 | Train Loss: 0.007629 | Val Loss: 0.008300 | Train R²: 0.7313 | Val R²: 0.7131
Epoch 17500 | Train Loss: 0.007306 | Val Loss: 0.007954 | Train R²: 0.7427 | Val R²: 0.7251
Epoch 18000 | Train Loss: 0.006988 | Val Loss: 0.007614 | Train R²: 0.7539 | Val R²: 0.7368
Epoch 18500 | Train Loss: 0.006667 | Val Loss: 0.007265 | Train R²: 0.7651 | Val R²: 0.7489
Epoch 19000 | Train Loss: 0.006360 | Val Loss: 0.006933 | Train R²: 0.7760 | Val R²: 0.7603
Epoch 19500 | Train Loss: 0.006065 | Val Loss: 0.006613 | Train R²: 0.7864 | Val R²: 0.7714
Epoch 20000 | Train Loss: 0.005774 | Val Loss: 0.006298 | Train R²: 0.7966 | Val R²: 0.7823
Epoch 20500 | Train Loss: 0.005473 | Val Loss: 0.005975 | Train R²: 0.8072 | Val R²: 0.7935
Epoch 21000 | Train Loss: 0.005152 | Val Loss: 0.005624 | Train R²: 0.8185 | Val R²: 0.8056
Epoch 21500 | Train Loss: 0.004809 | Val Loss: 0.005243 | Train R²: 0.8306 | Val R²: 0.8188
Epoch 22000 | Train Loss: 0.004444 | Val Loss: 0.004831 | Train R²: 0.8435 | Val R²: 0.8330
Epoch 22500 | Train Loss: 0.004046 | Val Loss: 0.004379 | Train R²: 0.8575 | Val R²: 0.8486
Epoch 23000 | Train Loss: 0.003607 | Val Loss: 0.003891 | Train R²: 0.8729 | Val R²: 0.8655
Epoch 23500 | Train Loss: 0.003134 | Val Loss: 0.003378 | Train R²: 0.8896 | Val R²: 0.8832
Epoch 24000 | Train Loss: 0.002621 | Val Loss: 0.002804 | Train R²: 0.9077 | Val R²: 0.9031
Epoch 24500 | Train Loss: 0.002127 | Val Loss: 0.002286 | Train R²: 0.9251 | Val R²: 0.9210
Epoch 25000 | Train Loss: 0.001821 | Val Loss: 0.001956 | Train R²: 0.9359 | Val R²: 0.9324
Epoch 25500 | Train Loss: 0.001657 | Val Loss: 0.001774 | Train R²: 0.9416 | Val R²: 0.9387
Epoch 26000 | Train Loss: 0.001561 | Val Loss: 0.001665 | Train R²: 0.9450 | Val R²: 0.9424
Epoch 26500 | Train Loss: 0.001492 | Val Loss: 0.001588 | Train R²: 0.9474 | Val R²: 0.9451
Epoch 27000 | Train Loss: 0.001441 | Val Loss: 0.001533 | Train R²: 0.9492 | Val R²: 0.9470
Epoch 27500 | Train Loss: 0.001405 | Val Loss: 0.001497 | Train R²: 0.9505 | Val R²: 0.9483
Early stopping at epoch 27695 due to flat/negative trend (slope=0.000002)
Epoch 27695 | Train Loss: 0.001394 | Val Loss: 0.001485 | Train R²: 0.9509 | Val R²: 0.9487
Unpickling models
Following models have been loaded and moved to cuda:
trained gpp model:
 SNN_GPP_Tram(
  (net): Sequential(
    (0): Linear(in_features=11, out_features=12, bias=True)
    (1): Tanh()
    (2): Linear(in_features=12, out_features=1, bias=True)
    (3): Sigmoid()
  )
), trained_reco_model:
 SNN_GPP_Tram(
  (net): Sequential(
    (0): Linear(in_features=12, out_features=12, bias=True)
    (1): Tanh()
    (2): Linear(in_features=12, out_features=1, bias=True)
    (3): Sigmoid()
  )
)
using full data set for visualization
Un-normalizing the GPP and RECO predictions using NEE min: tensor([-36.1705]), NEE max: tensor([35.8634])



Metrics for the Tramontana, with
GPP inputs: ['SW_IN', 'VPD', 'WTD', 'WS', 'PotRad', 'PotRadHalfHourlyDiff', 'PotRadDailyAvg', 'PotRadDailyDiff', 'WD_COS', 'WD_SIN', 'GPP_PROX']
RECO inputs: ['DOY_sin', 'DOY_cos', 'TA', 'TS_1', 'TS_2', 'TS_3', 'TS_4', 'WTD', 'WS', 'WD_COS', 'WD_SIN', 'NIGHTLY_NEE_AVG']:
DT_GPP vs Tramontana_GPP R²=0.96 RMSE=1.35
NT_GPP vs Tramontana_GPP R²=0.95 RMSE=1.57
DT_RECO vs Tramontana_RECO R²=0.76 RMSE=1.13
NT_RECO vs Tramontana_RECO R²=0.85 RMSE=0.79
DT_GPP vs NT_GPP R²=0.95 RMSE=1.56
DT_RECO vs NT_RECO R²=0.85 RMSE=1.00

gpp_input_names,  ['SW_IN', 'VPD', 'TA', 'WS', 'PotRad', 'PotRadHalfHourlyDiff', 'PotRadDailyAvg', 'PotRadDailyDiff', 'WD_COS', 'WD_SIN', 'GPP_PROX'] 
reco_input_names,  ['DOY_sin', 'DOY_cos', 'TA', 'TS_1', 'TS_2', 'TS_3', 'TS_4', 'WTD', 'WS', 'WD_COS', 'WD_SIN', 'NIGHTLY_NEE_AVG'] 
true_nee_name,  ['NEE'] 

Tramontana Running on GPU With hidden layer size of 12 Total epochs: 100000 lr: 0.001 patience: 500 min_delta 0.01
SNN_GPP_Tram(
  (net): Sequential(
    (0): Linear(in_features=11, out_features=12, bias=True)
    (1): Tanh()
    (2): Linear(in_features=12, out_features=1, bias=True)
    (3): Sigmoid()
  )
)
SNN_RECO_Tram(
  (net): Sequential(
    (0): Linear(in_features=12, out_features=12, bias=True)
    (1): Tanh()
    (2): Linear(in_features=12, out_features=1, bias=True)
    (3): Sigmoid()
  )
)
Params are min slope: 2e-06, trend window: 100
Epoch     0 | Train Loss: 13708.665039 | Val Loss: 13585.468750 | Train R²: -482880.2500 | Val R²: -469611.8125
Epoch   500 | Train Loss: 148.421982 | Val Loss: 152.060745 | Train R²: -5227.0942 | Val R²: -5255.3286
Epoch  1000 | Train Loss: 36.097321 | Val Loss: 37.847042 | Train R²: -1270.5110 | Val R²: -1307.2697
Epoch  1500 | Train Loss: 15.437039 | Val Loss: 16.449747 | Train R²: -542.7624 | Val R²: -567.6231
Epoch  2000 | Train Loss: 8.253023 | Val Loss: 8.910221 | Train R²: -289.7088 | Val R²: -307.0022
Epoch  2500 | Train Loss: 4.987198 | Val Loss: 5.443092 | Train R²: -174.6717 | Val R²: -187.1530
Epoch  3000 | Train Loss: 3.267894 | Val Loss: 3.597860 | Train R²: -114.1100 | Val R²: -123.3683
Epoch  3500 | Train Loss: 2.271626 | Val Loss: 2.517500 | Train R²: -79.0169 | Val R²: -86.0231
Epoch  4000 | Train Loss: 1.618514 | Val Loss: 1.806802 | Train R²: -56.0114 | Val R²: -61.4562
Epoch  4500 | Train Loss: 1.175918 | Val Loss: 1.324102 | Train R²: -40.4212 | Val R²: -44.7706
Epoch  5000 | Train Loss: 0.852287 | Val Loss: 0.970726 | Train R²: -29.0214 | Val R²: -32.5554
Epoch  5500 | Train Loss: 0.613808 | Val Loss: 0.708394 | Train R²: -20.6211 | Val R²: -23.4873
Epoch  6000 | Train Loss: 0.437889 | Val Loss: 0.513047 | Train R²: -14.4244 | Val R²: -16.7346
Epoch  6500 | Train Loss: 0.315886 | Val Loss: 0.374584 | Train R²: -10.1269 | Val R²: -11.9483
Epoch  7000 | Train Loss: 0.230447 | Val Loss: 0.276521 | Train R²: -7.1174 | Val R²: -8.5586
Epoch  7500 | Train Loss: 0.170363 | Val Loss: 0.206759 | Train R²: -5.0010 | Val R²: -6.1471
Epoch  8000 | Train Loss: 0.127641 | Val Loss: 0.156566 | Train R²: -3.4961 | Val R²: -4.4121
Epoch  8500 | Train Loss: 0.096782 | Val Loss: 0.119895 | Train R²: -2.4091 | Val R²: -3.1444
Epoch  9000 | Train Loss: 0.074193 | Val Loss: 0.092719 | Train R²: -1.6134 | Val R²: -2.2051
Epoch  9500 | Train Loss: 0.057488 | Val Loss: 0.072333 | Train R²: -1.0250 | Val R²: -1.5003
Epoch 10000 | Train Loss: 0.045012 | Val Loss: 0.056865 | Train R²: -0.5855 | Val R²: -0.9657
Epoch 10500 | Train Loss: 0.035618 | Val Loss: 0.045037 | Train R²: -0.2546 | Val R²: -0.5568
Epoch 11000 | Train Loss: 0.028510 | Val Loss: 0.035965 | Train R²: -0.0043 | Val R²: -0.2432
Epoch 11500 | Train Loss: 0.023117 | Val Loss: 0.029013 | Train R²: 0.1857 | Val R²: -0.0029
Epoch 12000 | Train Loss: 0.019017 | Val Loss: 0.023694 | Train R²: 0.3301 | Val R²: 0.1810
Epoch 12500 | Train Loss: 0.015895 | Val Loss: 0.019629 | Train R²: 0.4401 | Val R²: 0.3215
Epoch 13000 | Train Loss: 0.013527 | Val Loss: 0.016531 | Train R²: 0.5235 | Val R²: 0.4286
Epoch 13500 | Train Loss: 0.011747 | Val Loss: 0.014187 | Train R²: 0.5862 | Val R²: 0.5096
Epoch 14000 | Train Loss: 0.010426 | Val Loss: 0.012432 | Train R²: 0.6328 | Val R²: 0.5702
Epoch 14500 | Train Loss: 0.009459 | Val Loss: 0.011134 | Train R²: 0.6668 | Val R²: 0.6151
Epoch 15000 | Train Loss: 0.008755 | Val Loss: 0.010180 | Train R²: 0.6916 | Val R²: 0.6481
Epoch 15500 | Train Loss: 0.008233 | Val Loss: 0.009473 | Train R²: 0.7100 | Val R²: 0.6725
Epoch 16000 | Train Loss: 0.007825 | Val Loss: 0.008932 | Train R²: 0.7244 | Val R²: 0.6913
Epoch 16500 | Train Loss: 0.007475 | Val Loss: 0.008493 | Train R²: 0.7367 | Val R²: 0.7064
Epoch 17000 | Train Loss: 0.007126 | Val Loss: 0.008086 | Train R²: 0.7490 | Val R²: 0.7205
Epoch 17500 | Train Loss: 0.006793 | Val Loss: 0.007690 | Train R²: 0.7607 | Val R²: 0.7342
Epoch 18000 | Train Loss: 0.006496 | Val Loss: 0.007330 | Train R²: 0.7712 | Val R²: 0.7466
Epoch 18500 | Train Loss: 0.006218 | Val Loss: 0.006988 | Train R²: 0.7810 | Val R²: 0.7585
Epoch 19000 | Train Loss: 0.005950 | Val Loss: 0.006659 | Train R²: 0.7904 | Val R²: 0.7698
Epoch 19500 | Train Loss: 0.005693 | Val Loss: 0.006347 | Train R²: 0.7995 | Val R²: 0.7806
Epoch 20000 | Train Loss: 0.005439 | Val Loss: 0.006037 | Train R²: 0.8084 | Val R²: 0.7913
Epoch 20500 | Train Loss: 0.005174 | Val Loss: 0.005715 | Train R²: 0.8177 | Val R²: 0.8024
Epoch 21000 | Train Loss: 0.004891 | Val Loss: 0.005374 | Train R²: 0.8277 | Val R²: 0.8143
Epoch 21500 | Train Loss: 0.004590 | Val Loss: 0.005014 | Train R²: 0.8383 | Val R²: 0.8267
Epoch 22000 | Train Loss: 0.004266 | Val Loss: 0.004635 | Train R²: 0.8497 | Val R²: 0.8398
Epoch 22500 | Train Loss: 0.003908 | Val Loss: 0.004224 | Train R²: 0.8624 | Val R²: 0.8540
Epoch 23000 | Train Loss: 0.003504 | Val Loss: 0.003778 | Train R²: 0.8766 | Val R²: 0.8694
Epoch 23500 | Train Loss: 0.003053 | Val Loss: 0.003302 | Train R²: 0.8925 | Val R²: 0.8859
Epoch 24000 | Train Loss: 0.002576 | Val Loss: 0.002807 | Train R²: 0.9093 | Val R²: 0.9030
Epoch 24500 | Train Loss: 0.002167 | Val Loss: 0.002374 | Train R²: 0.9237 | Val R²: 0.9180
Epoch 25000 | Train Loss: 0.001928 | Val Loss: 0.002113 | Train R²: 0.9321 | Val R²: 0.9270
Epoch 25500 | Train Loss: 0.001764 | Val Loss: 0.001926 | Train R²: 0.9379 | Val R²: 0.9334
Epoch 26000 | Train Loss: 0.001631 | Val Loss: 0.001773 | Train R²: 0.9425 | Val R²: 0.9387
Epoch 26500 | Train Loss: 0.001525 | Val Loss: 0.001650 | Train R²: 0.9463 | Val R²: 0.9430
Epoch 27000 | Train Loss: 0.001454 | Val Loss: 0.001567 | Train R²: 0.9488 | Val R²: 0.9458
Epoch 27500 | Train Loss: 0.001407 | Val Loss: 0.001514 | Train R²: 0.9504 | Val R²: 0.9477
Epoch 28000 | Train Loss: 0.001371 | Val Loss: 0.001474 | Train R²: 0.9517 | Val R²: 0.9491
Epoch 28500 | Train Loss: 0.001340 | Val Loss: 0.001439 | Train R²: 0.9528 | Val R²: 0.9503
Epoch 29000 | Train Loss: 0.001311 | Val Loss: 0.001407 | Train R²: 0.9538 | Val R²: 0.9514
Early stopping at epoch 29389 due to flat/negative trend (slope=0.000002)
Epoch 29389 | Train Loss: 0.001290 | Val Loss: 0.001384 | Train R²: 0.9546 | Val R²: 0.9522
Unpickling models
Following models have been loaded and moved to cuda:
trained gpp model:
 SNN_GPP_Tram(
  (net): Sequential(
    (0): Linear(in_features=11, out_features=12, bias=True)
    (1): Tanh()
    (2): Linear(in_features=12, out_features=1, bias=True)
    (3): Sigmoid()
  )
), trained_reco_model:
 SNN_GPP_Tram(
  (net): Sequential(
    (0): Linear(in_features=12, out_features=12, bias=True)
    (1): Tanh()
    (2): Linear(in_features=12, out_features=1, bias=True)
    (3): Sigmoid()
  )
)
using full data set for visualization
Un-normalizing the GPP and RECO predictions using NEE min: tensor([-36.1705]), NEE max: tensor([35.8634])



Metrics for the Tramontana, with
GPP inputs: ['SW_IN', 'VPD', 'TA', 'WS', 'PotRad', 'PotRadHalfHourlyDiff', 'PotRadDailyAvg', 'PotRadDailyDiff', 'WD_COS', 'WD_SIN', 'GPP_PROX']
RECO inputs: ['DOY_sin', 'DOY_cos', 'TA', 'TS_1', 'TS_2', 'TS_3', 'TS_4', 'WTD', 'WS', 'WD_COS', 'WD_SIN', 'NIGHTLY_NEE_AVG']:
DT_GPP vs Tramontana_GPP R²=0.96 RMSE=1.35
NT_GPP vs Tramontana_GPP R²=0.95 RMSE=1.54
DT_RECO vs Tramontana_RECO R²=0.76 RMSE=1.14
NT_RECO vs Tramontana_RECO R²=0.84 RMSE=0.81
DT_GPP vs NT_GPP R²=0.95 RMSE=1.56
DT_RECO vs NT_RECO R²=0.85 RMSE=1.00

gpp_input_names,  ['SW_IN', 'VPD', 'TA', 'WTD', 'PotRad', 'PotRadHalfHourlyDiff', 'PotRadDailyAvg', 'PotRadDailyDiff', 'WD_COS', 'WD_SIN', 'GPP_PROX'] 
reco_input_names,  ['DOY_sin', 'DOY_cos', 'TA', 'TS_1', 'TS_2', 'TS_3', 'TS_4', 'WTD', 'WS', 'WD_COS', 'WD_SIN', 'NIGHTLY_NEE_AVG'] 
true_nee_name,  ['NEE'] 

Tramontana Running on GPU With hidden layer size of 12 Total epochs: 100000 lr: 0.001 patience: 500 min_delta 0.01
SNN_GPP_Tram(
  (net): Sequential(
    (0): Linear(in_features=11, out_features=12, bias=True)
    (1): Tanh()
    (2): Linear(in_features=12, out_features=1, bias=True)
    (3): Sigmoid()
  )
)
SNN_RECO_Tram(
  (net): Sequential(
    (0): Linear(in_features=12, out_features=12, bias=True)
    (1): Tanh()
    (2): Linear(in_features=12, out_features=1, bias=True)
    (3): Sigmoid()
  )
)
Params are min slope: 2e-06, trend window: 100
Epoch     0 | Train Loss: 12609.900391 | Val Loss: 12494.030273 | Train R²: -444176.7500 | Val R²: -431883.6875
Epoch   500 | Train Loss: 149.283066 | Val Loss: 150.821136 | Train R²: -5257.4248 | Val R²: -5212.4780
Epoch  1000 | Train Loss: 35.782173 | Val Loss: 36.487320 | Train R²: -1259.4099 | Val R²: -1260.2677
Epoch  1500 | Train Loss: 15.181185 | Val Loss: 15.568333 | Train R²: -533.7501 | Val R²: -537.1552
Epoch  2000 | Train Loss: 8.074235 | Val Loss: 8.314469 | Train R²: -283.4111 | Val R²: -286.4086
Epoch  2500 | Train Loss: 4.863748 | Val Loss: 5.023785 | Train R²: -170.3232 | Val R²: -172.6587
Epoch  3000 | Train Loss: 3.181962 | Val Loss: 3.293435 | Train R²: -111.0831 | Val R²: -112.8451
Epoch  3500 | Train Loss: 2.203063 | Val Loss: 2.282772 | Train R²: -76.6019 | Val R²: -77.9092
Epoch  4000 | Train Loss: 1.565072 | Val Loss: 1.624510 | Train R²: -54.1289 | Val R²: -55.1549
Epoch  4500 | Train Loss: 1.150936 | Val Loss: 1.197227 | Train R²: -39.5412 | Val R²: -40.3849
Epoch  5000 | Train Loss: 0.848952 | Val Loss: 0.886572 | Train R²: -28.9039 | Val R²: -29.6464
Epoch  5500 | Train Loss: 0.605449 | Val Loss: 0.637794 | Train R²: -20.3267 | Val R²: -21.0468
Epoch  6000 | Train Loss: 0.428229 | Val Loss: 0.454941 | Train R²: -14.0842 | Val R²: -14.7261
Epoch  6500 | Train Loss: 0.309562 | Val Loss: 0.330655 | Train R²: -9.9042 | Val R²: -10.4299
Epoch  7000 | Train Loss: 0.226490 | Val Loss: 0.243287 | Train R²: -6.9780 | Val R²: -7.4098
Epoch  7500 | Train Loss: 0.167514 | Val Loss: 0.180903 | Train R²: -4.9006 | Val R²: -5.2533
Epoch  8000 | Train Loss: 0.125288 | Val Loss: 0.135973 | Train R²: -3.4132 | Val R²: -3.7002
Epoch  8500 | Train Loss: 0.094797 | Val Loss: 0.103374 | Train R²: -2.3392 | Val R²: -2.5734
Epoch  9000 | Train Loss: 0.072539 | Val Loss: 0.079484 | Train R²: -1.5552 | Val R²: -1.7475
Epoch  9500 | Train Loss: 0.056139 | Val Loss: 0.061791 | Train R²: -0.9775 | Val R²: -1.1359
Epoch 10000 | Train Loss: 0.043963 | Val Loss: 0.048559 | Train R²: -0.5486 | Val R²: -0.6786
Epoch 10500 | Train Loss: 0.034869 | Val Loss: 0.038590 | Train R²: -0.2283 | Val R²: -0.3340
Epoch 11000 | Train Loss: 0.028044 | Val Loss: 0.031040 | Train R²: 0.0122 | Val R²: -0.0730
Epoch 11500 | Train Loss: 0.022898 | Val Loss: 0.025300 | Train R²: 0.1934 | Val R²: 0.1254
Epoch 12000 | Train Loss: 0.019000 | Val Loss: 0.020924 | Train R²: 0.3307 | Val R²: 0.2767
Epoch 12500 | Train Loss: 0.016045 | Val Loss: 0.017592 | Train R²: 0.4348 | Val R²: 0.3919
Epoch 13000 | Train Loss: 0.013830 | Val Loss: 0.015089 | Train R²: 0.5129 | Val R²: 0.4784
Epoch 13500 | Train Loss: 0.012192 | Val Loss: 0.013239 | Train R²: 0.5705 | Val R²: 0.5424
Epoch 14000 | Train Loss: 0.010992 | Val Loss: 0.011883 | Train R²: 0.6128 | Val R²: 0.5892
Epoch 14500 | Train Loss: 0.010110 | Val Loss: 0.010884 | Train R²: 0.6439 | Val R²: 0.6238
Epoch 15000 | Train Loss: 0.009446 | Val Loss: 0.010131 | Train R²: 0.6673 | Val R²: 0.6498
Epoch 15500 | Train Loss: 0.008924 | Val Loss: 0.009537 | Train R²: 0.6857 | Val R²: 0.6703
Epoch 16000 | Train Loss: 0.008482 | Val Loss: 0.009038 | Train R²: 0.7012 | Val R²: 0.6876
Epoch 16500 | Train Loss: 0.008079 | Val Loss: 0.008588 | Train R²: 0.7154 | Val R²: 0.7031
Epoch 17000 | Train Loss: 0.007697 | Val Loss: 0.008168 | Train R²: 0.7289 | Val R²: 0.7177
Epoch 17500 | Train Loss: 0.007332 | Val Loss: 0.007777 | Train R²: 0.7417 | Val R²: 0.7312
Epoch 18000 | Train Loss: 0.006988 | Val Loss: 0.007414 | Train R²: 0.7538 | Val R²: 0.7437
Epoch 18500 | Train Loss: 0.006663 | Val Loss: 0.007074 | Train R²: 0.7653 | Val R²: 0.7555
Epoch 19000 | Train Loss: 0.006348 | Val Loss: 0.006747 | Train R²: 0.7764 | Val R²: 0.7668
Epoch 19500 | Train Loss: 0.006033 | Val Loss: 0.006415 | Train R²: 0.7875 | Val R²: 0.7782
Epoch 20000 | Train Loss: 0.005703 | Val Loss: 0.006067 | Train R²: 0.7991 | Val R²: 0.7903
Epoch 20500 | Train Loss: 0.005358 | Val Loss: 0.005693 | Train R²: 0.8112 | Val R²: 0.8032
Epoch 21000 | Train Loss: 0.005000 | Val Loss: 0.005292 | Train R²: 0.8239 | Val R²: 0.8171
Epoch 21500 | Train Loss: 0.004636 | Val Loss: 0.004889 | Train R²: 0.8367 | Val R²: 0.8310
Epoch 22000 | Train Loss: 0.004232 | Val Loss: 0.004452 | Train R²: 0.8509 | Val R²: 0.8461
Epoch 22500 | Train Loss: 0.003733 | Val Loss: 0.003920 | Train R²: 0.8685 | Val R²: 0.8645
Epoch 23000 | Train Loss: 0.003116 | Val Loss: 0.003273 | Train R²: 0.8902 | Val R²: 0.8869
Epoch 23500 | Train Loss: 0.002632 | Val Loss: 0.002782 | Train R²: 0.9073 | Val R²: 0.9038
Epoch 24000 | Train Loss: 0.002344 | Val Loss: 0.002487 | Train R²: 0.9174 | Val R²: 0.9140
Epoch 24500 | Train Loss: 0.002085 | Val Loss: 0.002219 | Train R²: 0.9266 | Val R²: 0.9233
Epoch 25000 | Train Loss: 0.001864 | Val Loss: 0.001984 | Train R²: 0.9344 | Val R²: 0.9314
Epoch 25500 | Train Loss: 0.001694 | Val Loss: 0.001798 | Train R²: 0.9403 | Val R²: 0.9379
Epoch 26000 | Train Loss: 0.001576 | Val Loss: 0.001675 | Train R²: 0.9445 | Val R²: 0.9421
Epoch 26500 | Train Loss: 0.001502 | Val Loss: 0.001601 | Train R²: 0.9471 | Val R²: 0.9447
Epoch 27000 | Train Loss: 0.001454 | Val Loss: 0.001547 | Train R²: 0.9488 | Val R²: 0.9465
Epoch 27500 | Train Loss: 0.001419 | Val Loss: 0.001508 | Train R²: 0.9500 | Val R²: 0.9479
Early stopping at epoch 27841 due to flat/negative trend (slope=0.000002)
Epoch 27841 | Train Loss: 0.001398 | Val Loss: 0.001487 | Train R²: 0.9508 | Val R²: 0.9486
Unpickling models
Following models have been loaded and moved to cuda:
trained gpp model:
 SNN_GPP_Tram(
  (net): Sequential(
    (0): Linear(in_features=11, out_features=12, bias=True)
    (1): Tanh()
    (2): Linear(in_features=12, out_features=1, bias=True)
    (3): Sigmoid()
  )
), trained_reco_model:
 SNN_GPP_Tram(
  (net): Sequential(
    (0): Linear(in_features=12, out_features=12, bias=True)
    (1): Tanh()
    (2): Linear(in_features=12, out_features=1, bias=True)
    (3): Sigmoid()
  )
)
using full data set for visualization
Un-normalizing the GPP and RECO predictions using NEE min: tensor([-36.1705]), NEE max: tensor([35.8634])



Metrics for the Tramontana, with
GPP inputs: ['SW_IN', 'VPD', 'TA', 'WTD', 'PotRad', 'PotRadHalfHourlyDiff', 'PotRadDailyAvg', 'PotRadDailyDiff', 'WD_COS', 'WD_SIN', 'GPP_PROX']
RECO inputs: ['DOY_sin', 'DOY_cos', 'TA', 'TS_1', 'TS_2', 'TS_3', 'TS_4', 'WTD', 'WS', 'WD_COS', 'WD_SIN', 'NIGHTLY_NEE_AVG']:
DT_GPP vs Tramontana_GPP R²=0.96 RMSE=1.50
NT_GPP vs Tramontana_GPP R²=0.95 RMSE=1.65
DT_RECO vs Tramontana_RECO R²=0.70 RMSE=1.28
NT_RECO vs Tramontana_RECO R²=0.80 RMSE=0.91
DT_GPP vs NT_GPP R²=0.95 RMSE=1.56
DT_RECO vs NT_RECO R²=0.85 RMSE=1.00

gpp_input_names,  ['SW_IN', 'VPD', 'TA', 'WTD', 'WS', 'PotRadHalfHourlyDiff', 'PotRadDailyAvg', 'PotRadDailyDiff', 'WD_COS', 'WD_SIN', 'GPP_PROX'] 
reco_input_names,  ['DOY_sin', 'DOY_cos', 'TA', 'TS_1', 'TS_2', 'TS_3', 'TS_4', 'WTD', 'WS', 'WD_COS', 'WD_SIN', 'NIGHTLY_NEE_AVG'] 
true_nee_name,  ['NEE'] 

Tramontana Running on GPU With hidden layer size of 12 Total epochs: 100000 lr: 0.001 patience: 500 min_delta 0.01
SNN_GPP_Tram(
  (net): Sequential(
    (0): Linear(in_features=11, out_features=12, bias=True)
    (1): Tanh()
    (2): Linear(in_features=12, out_features=1, bias=True)
    (3): Sigmoid()
  )
)
SNN_RECO_Tram(
  (net): Sequential(
    (0): Linear(in_features=12, out_features=12, bias=True)
    (1): Tanh()
    (2): Linear(in_features=12, out_features=1, bias=True)
    (3): Sigmoid()
  )
)
Params are min slope: 2e-06, trend window: 100
Epoch     0 | Train Loss: 12230.540039 | Val Loss: 12105.383789 | Train R²: -430813.9688 | Val R²: -418449.3125
Epoch   500 | Train Loss: 144.575150 | Val Loss: 148.046188 | Train R²: -5091.5913 | Val R²: -5116.5557
Epoch  1000 | Train Loss: 36.275703 | Val Loss: 37.873692 | Train R²: -1276.7943 | Val R²: -1308.1909
Epoch  1500 | Train Loss: 15.675874 | Val Loss: 16.581051 | Train R²: -551.1752 | Val R²: -572.1620
Epoch  2000 | Train Loss: 8.422937 | Val Loss: 9.001651 | Train R²: -295.6940 | Val R²: -310.1627
Epoch  2500 | Train Loss: 5.104105 | Val Loss: 5.501029 | Train R²: -178.7897 | Val R²: -189.1557
Epoch  3000 | Train Loss: 3.345847 | Val Loss: 3.630553 | Train R²: -116.8559 | Val R²: -124.4984
Epoch  3500 | Train Loss: 2.295028 | Val Loss: 2.506206 | Train R²: -79.8413 | Val R²: -85.6327
Epoch  4000 | Train Loss: 1.618844 | Val Loss: 1.779246 | Train R²: -56.0230 | Val R²: -60.5037
Epoch  4500 | Train Loss: 1.159720 | Val Loss: 1.283782 | Train R²: -39.8506 | Val R²: -43.3769
Epoch  5000 | Train Loss: 0.823454 | Val Loss: 0.920608 | Train R²: -28.0058 | Val R²: -30.8229
Epoch  5500 | Train Loss: 0.583249 | Val Loss: 0.660135 | Train R²: -19.5447 | Val R²: -21.8191
Epoch  6000 | Train Loss: 0.416311 | Val Loss: 0.476423 | Train R²: -13.6643 | Val R²: -15.4686
Epoch  6500 | Train Loss: 0.299934 | Val Loss: 0.347042 | Train R²: -9.5650 | Val R²: -10.9963
Epoch  7000 | Train Loss: 0.218680 | Val Loss: 0.255757 | Train R²: -6.7029 | Val R²: -7.8408
Epoch  7500 | Train Loss: 0.161505 | Val Loss: 0.190829 | Train R²: -4.6889 | Val R²: -5.5965
Epoch  8000 | Train Loss: 0.120831 | Val Loss: 0.144203 | Train R²: -3.2562 | Val R²: -3.9847
Epoch  8500 | Train Loss: 0.091521 | Val Loss: 0.110280 | Train R²: -2.2238 | Val R²: -2.8121
Epoch  9000 | Train Loss: 0.070152 | Val Loss: 0.085263 | Train R²: -1.4711 | Val R²: -1.9473
Epoch  9500 | Train Loss: 0.054346 | Val Loss: 0.066508 | Train R²: -0.9143 | Val R²: -1.2990
Epoch 10000 | Train Loss: 0.042469 | Val Loss: 0.052211 | Train R²: -0.4959 | Val R²: -0.8048
Epoch 10500 | Train Loss: 0.033485 | Val Loss: 0.041251 | Train R²: -0.1795 | Val R²: -0.4259
Epoch 11000 | Train Loss: 0.026666 | Val Loss: 0.032819 | Train R²: 0.0607 | Val R²: -0.1345
Epoch 11500 | Train Loss: 0.021466 | Val Loss: 0.026308 | Train R²: 0.2439 | Val R²: 0.0906
Epoch 12000 | Train Loss: 0.017496 | Val Loss: 0.021284 | Train R²: 0.3837 | Val R²: 0.2643
Epoch 12500 | Train Loss: 0.014492 | Val Loss: 0.017448 | Train R²: 0.4895 | Val R²: 0.3969
Epoch 13000 | Train Loss: 0.012250 | Val Loss: 0.014566 | Train R²: 0.5685 | Val R²: 0.4965
Epoch 13500 | Train Loss: 0.010598 | Val Loss: 0.012430 | Train R²: 0.6267 | Val R²: 0.5703
Epoch 14000 | Train Loss: 0.009395 | Val Loss: 0.010866 | Train R²: 0.6691 | Val R²: 0.6244
Epoch 14500 | Train Loss: 0.008528 | Val Loss: 0.009730 | Train R²: 0.6996 | Val R²: 0.6637
Epoch 15000 | Train Loss: 0.007906 | Val Loss: 0.008910 | Train R²: 0.7215 | Val R²: 0.6920
Epoch 15500 | Train Loss: 0.007451 | Val Loss: 0.008313 | Train R²: 0.7375 | Val R²: 0.7126
Epoch 16000 | Train Loss: 0.007093 | Val Loss: 0.007859 | Train R²: 0.7501 | Val R²: 0.7283
Epoch 16500 | Train Loss: 0.006780 | Val Loss: 0.007482 | Train R²: 0.7612 | Val R²: 0.7414
Epoch 17000 | Train Loss: 0.006496 | Val Loss: 0.007150 | Train R²: 0.7712 | Val R²: 0.7529
Epoch 17500 | Train Loss: 0.006223 | Val Loss: 0.006839 | Train R²: 0.7808 | Val R²: 0.7636
Epoch 18000 | Train Loss: 0.005947 | Val Loss: 0.006531 | Train R²: 0.7905 | Val R²: 0.7742
Epoch 18500 | Train Loss: 0.005675 | Val Loss: 0.006234 | Train R²: 0.8001 | Val R²: 0.7845
Epoch 19000 | Train Loss: 0.005416 | Val Loss: 0.005950 | Train R²: 0.8092 | Val R²: 0.7943
Epoch 19500 | Train Loss: 0.005165 | Val Loss: 0.005668 | Train R²: 0.8181 | Val R²: 0.8041
Epoch 20000 | Train Loss: 0.004913 | Val Loss: 0.005369 | Train R²: 0.8269 | Val R²: 0.8144
Epoch 20500 | Train Loss: 0.004661 | Val Loss: 0.005064 | Train R²: 0.8358 | Val R²: 0.8249
Epoch 21000 | Train Loss: 0.004402 | Val Loss: 0.004751 | Train R²: 0.8450 | Val R²: 0.8358
Epoch 21500 | Train Loss: 0.004128 | Val Loss: 0.004431 | Train R²: 0.8546 | Val R²: 0.8468
Epoch 22000 | Train Loss: 0.003862 | Val Loss: 0.004124 | Train R²: 0.8640 | Val R²: 0.8574
Epoch 22500 | Train Loss: 0.003596 | Val Loss: 0.003825 | Train R²: 0.8733 | Val R²: 0.8678
Epoch 23000 | Train Loss: 0.003325 | Val Loss: 0.003525 | Train R²: 0.8829 | Val R²: 0.8781
Epoch 23500 | Train Loss: 0.003057 | Val Loss: 0.003248 | Train R²: 0.8923 | Val R²: 0.8877
Epoch 24000 | Train Loss: 0.002804 | Val Loss: 0.002996 | Train R²: 0.9012 | Val R²: 0.8965
Epoch 24500 | Train Loss: 0.002569 | Val Loss: 0.002762 | Train R²: 0.9095 | Val R²: 0.9045
Epoch 25000 | Train Loss: 0.002353 | Val Loss: 0.002541 | Train R²: 0.9171 | Val R²: 0.9122
Epoch 25500 | Train Loss: 0.002158 | Val Loss: 0.002338 | Train R²: 0.9240 | Val R²: 0.9192
Epoch 26000 | Train Loss: 0.001991 | Val Loss: 0.002159 | Train R²: 0.9299 | Val R²: 0.9254
Epoch 26500 | Train Loss: 0.001868 | Val Loss: 0.002019 | Train R²: 0.9342 | Val R²: 0.9302
Epoch 27000 | Train Loss: 0.001786 | Val Loss: 0.001921 | Train R²: 0.9371 | Val R²: 0.9336
Epoch 27500 | Train Loss: 0.001727 | Val Loss: 0.001854 | Train R²: 0.9392 | Val R²: 0.9359
Epoch 28000 | Train Loss: 0.001681 | Val Loss: 0.001807 | Train R²: 0.9408 | Val R²: 0.9375
Epoch 28500 | Train Loss: 0.001643 | Val Loss: 0.001770 | Train R²: 0.9421 | Val R²: 0.9388
Early stopping at epoch 28964 due to flat/negative trend (slope=0.000002)
Epoch 28964 | Train Loss: 0.001615 | Val Loss: 0.001744 | Train R²: 0.9431 | Val R²: 0.9397
Unpickling models
Following models have been loaded and moved to cuda:
trained gpp model:
 SNN_GPP_Tram(
  (net): Sequential(
    (0): Linear(in_features=11, out_features=12, bias=True)
    (1): Tanh()
    (2): Linear(in_features=12, out_features=1, bias=True)
    (3): Sigmoid()
  )
), trained_reco_model:
 SNN_GPP_Tram(
  (net): Sequential(
    (0): Linear(in_features=12, out_features=12, bias=True)
    (1): Tanh()
    (2): Linear(in_features=12, out_features=1, bias=True)
    (3): Sigmoid()
  )
)
using full data set for visualization
Un-normalizing the GPP and RECO predictions using NEE min: tensor([-36.1705]), NEE max: tensor([35.8634])



Metrics for the Tramontana, with
GPP inputs: ['SW_IN', 'VPD', 'TA', 'WTD', 'WS', 'PotRadHalfHourlyDiff', 'PotRadDailyAvg', 'PotRadDailyDiff', 'WD_COS', 'WD_SIN', 'GPP_PROX']
RECO inputs: ['DOY_sin', 'DOY_cos', 'TA', 'TS_1', 'TS_2', 'TS_3', 'TS_4', 'WTD', 'WS', 'WD_COS', 'WD_SIN', 'NIGHTLY_NEE_AVG']:
DT_GPP vs Tramontana_GPP R²=0.97 RMSE=1.32
NT_GPP vs Tramontana_GPP R²=0.94 RMSE=1.70
DT_RECO vs Tramontana_RECO R²=0.76 RMSE=1.15
NT_RECO vs Tramontana_RECO R²=0.82 RMSE=0.86
DT_GPP vs NT_GPP R²=0.95 RMSE=1.56
DT_RECO vs NT_RECO R²=0.85 RMSE=1.00

gpp_input_names,  ['SW_IN', 'VPD', 'TA', 'WTD', 'WS', 'PotRad', 'PotRadDailyAvg', 'PotRadDailyDiff', 'WD_COS', 'WD_SIN', 'GPP_PROX'] 
reco_input_names,  ['DOY_sin', 'DOY_cos', 'TA', 'TS_1', 'TS_2', 'TS_3', 'TS_4', 'WTD', 'WS', 'WD_COS', 'WD_SIN', 'NIGHTLY_NEE_AVG'] 
true_nee_name,  ['NEE'] 

Tramontana Running on GPU With hidden layer size of 12 Total epochs: 100000 lr: 0.001 patience: 500 min_delta 0.01
SNN_GPP_Tram(
  (net): Sequential(
    (0): Linear(in_features=11, out_features=12, bias=True)
    (1): Tanh()
    (2): Linear(in_features=12, out_features=1, bias=True)
    (3): Sigmoid()
  )
)
SNN_RECO_Tram(
  (net): Sequential(
    (0): Linear(in_features=12, out_features=12, bias=True)
    (1): Tanh()
    (2): Linear(in_features=12, out_features=1, bias=True)
    (3): Sigmoid()
  )
)
Params are min slope: 2e-06, trend window: 100
Epoch     0 | Train Loss: 12534.945312 | Val Loss: 12397.296875 | Train R²: -441536.4688 | Val R²: -428539.9688
Epoch   500 | Train Loss: 128.122833 | Val Loss: 131.308899 | Train R²: -4512.0664 | Val R²: -4537.9927
Epoch  1000 | Train Loss: 32.779484 | Val Loss: 34.081104 | Train R²: -1153.6417 | Val R²: -1177.0914
Epoch  1500 | Train Loss: 14.396201 | Val Loss: 15.111384 | Train R²: -506.0993 | Val R²: -521.3597
Epoch  2000 | Train Loss: 7.830913 | Val Loss: 8.283088 | Train R²: -274.8402 | Val R²: -285.3239
Epoch  2500 | Train Loss: 4.791893 | Val Loss: 5.100807 | Train R²: -167.7922 | Val R²: -175.3211
Epoch  3000 | Train Loss: 3.167517 | Val Loss: 3.389000 | Train R²: -110.5743 | Val R²: -116.1486
Epoch  3500 | Train Loss: 2.190696 | Val Loss: 2.355313 | Train R²: -76.1662 | Val R²: -80.4168
Epoch  4000 | Train Loss: 1.552362 | Val Loss: 1.678253 | Train R²: -53.6812 | Val R²: -57.0127
Epoch  4500 | Train Loss: 1.119097 | Val Loss: 1.217371 | Train R²: -38.4197 | Val R²: -41.0812
Epoch  5000 | Train Loss: 0.802527 | Val Loss: 0.879819 | Train R²: -27.2686 | Val R²: -29.4130
Epoch  5500 | Train Loss: 0.573619 | Val Loss: 0.635315 | Train R²: -19.2054 | Val R²: -20.9611
Epoch  6000 | Train Loss: 0.412276 | Val Loss: 0.461039 | Train R²: -13.5222 | Val R²: -14.9369
Epoch  6500 | Train Loss: 0.298658 | Val Loss: 0.337231 | Train R²: -9.5201 | Val R²: -10.6572
Epoch  7000 | Train Loss: 0.218798 | Val Loss: 0.249432 | Train R²: -6.7070 | Val R²: -7.6222
Epoch  7500 | Train Loss: 0.162269 | Val Loss: 0.186654 | Train R²: -4.7158 | Val R²: -5.4521
Epoch  8000 | Train Loss: 0.121908 | Val Loss: 0.141437 | Train R²: -3.2942 | Val R²: -3.8891
Epoch  8500 | Train Loss: 0.092740 | Val Loss: 0.108502 | Train R²: -2.2667 | Val R²: -2.7506
Epoch  9000 | Train Loss: 0.071387 | Val Loss: 0.084176 | Train R²: -1.5146 | Val R²: -1.9097
Epoch  9500 | Train Loss: 0.055556 | Val Loss: 0.065949 | Train R²: -0.9569 | Val R²: -1.2797
Epoch 10000 | Train Loss: 0.043696 | Val Loss: 0.052141 | Train R²: -0.5392 | Val R²: -0.8024
Epoch 10500 | Train Loss: 0.034743 | Val Loss: 0.041593 | Train R²: -0.2238 | Val R²: -0.4377
Epoch 11000 | Train Loss: 0.027930 | Val Loss: 0.033467 | Train R²: 0.0162 | Val R²: -0.1569
Epoch 11500 | Train Loss: 0.022702 | Val Loss: 0.027159 | Train R²: 0.2003 | Val R²: 0.0612
Epoch 12000 | Train Loss: 0.018683 | Val Loss: 0.022259 | Train R²: 0.3419 | Val R²: 0.2306
Epoch 12500 | Train Loss: 0.015617 | Val Loss: 0.018488 | Train R²: 0.4499 | Val R²: 0.3609
Epoch 13000 | Train Loss: 0.013295 | Val Loss: 0.015618 | Train R²: 0.5317 | Val R²: 0.4601
Epoch 13500 | Train Loss: 0.011558 | Val Loss: 0.013464 | Train R²: 0.5929 | Val R²: 0.5346
Epoch 14000 | Train Loss: 0.010288 | Val Loss: 0.011883 | Train R²: 0.6376 | Val R²: 0.5892
Epoch 14500 | Train Loss: 0.009373 | Val Loss: 0.010734 | Train R²: 0.6699 | Val R²: 0.6289
Epoch 15000 | Train Loss: 0.008705 | Val Loss: 0.009890 | Train R²: 0.6934 | Val R²: 0.6581
Epoch 15500 | Train Loss: 0.008202 | Val Loss: 0.009250 | Train R²: 0.7111 | Val R²: 0.6802
Epoch 16000 | Train Loss: 0.007805 | Val Loss: 0.008744 | Train R²: 0.7251 | Val R²: 0.6977
Epoch 16500 | Train Loss: 0.007460 | Val Loss: 0.008313 | Train R²: 0.7372 | Val R²: 0.7126
Epoch 17000 | Train Loss: 0.007151 | Val Loss: 0.007932 | Train R²: 0.7481 | Val R²: 0.7258
Epoch 17500 | Train Loss: 0.006861 | Val Loss: 0.007585 | Train R²: 0.7583 | Val R²: 0.7378
Epoch 18000 | Train Loss: 0.006562 | Val Loss: 0.007239 | Train R²: 0.7689 | Val R²: 0.7498
Epoch 18500 | Train Loss: 0.006242 | Val Loss: 0.006880 | Train R²: 0.7801 | Val R²: 0.7622
Epoch 19000 | Train Loss: 0.005929 | Val Loss: 0.006533 | Train R²: 0.7912 | Val R²: 0.7742
Epoch 19500 | Train Loss: 0.005623 | Val Loss: 0.006165 | Train R²: 0.8019 | Val R²: 0.7869
Epoch 20000 | Train Loss: 0.005333 | Val Loss: 0.005833 | Train R²: 0.8121 | Val R²: 0.7984
Epoch 20500 | Train Loss: 0.005028 | Val Loss: 0.005502 | Train R²: 0.8229 | Val R²: 0.8098
Epoch 21000 | Train Loss: 0.004717 | Val Loss: 0.005159 | Train R²: 0.8338 | Val R²: 0.8217
Epoch 21500 | Train Loss: 0.004389 | Val Loss: 0.004795 | Train R²: 0.8454 | Val R²: 0.8342
Epoch 22000 | Train Loss: 0.004037 | Val Loss: 0.004407 | Train R²: 0.8578 | Val R²: 0.8477
Epoch 22500 | Train Loss: 0.003660 | Val Loss: 0.003994 | Train R²: 0.8711 | Val R²: 0.8619
Epoch 23000 | Train Loss: 0.003256 | Val Loss: 0.003551 | Train R²: 0.8853 | Val R²: 0.8773
Epoch 23500 | Train Loss: 0.002811 | Val Loss: 0.003066 | Train R²: 0.9010 | Val R²: 0.8940
Epoch 24000 | Train Loss: 0.002290 | Val Loss: 0.002501 | Train R²: 0.9193 | Val R²: 0.9135
Epoch 24500 | Train Loss: 0.001937 | Val Loss: 0.002115 | Train R²: 0.9318 | Val R²: 0.9269
Epoch 25000 | Train Loss: 0.001766 | Val Loss: 0.001922 | Train R²: 0.9378 | Val R²: 0.9336
Epoch 25500 | Train Loss: 0.001639 | Val Loss: 0.001774 | Train R²: 0.9423 | Val R²: 0.9387
Epoch 26000 | Train Loss: 0.001541 | Val Loss: 0.001659 | Train R²: 0.9457 | Val R²: 0.9427
Epoch 26500 | Train Loss: 0.001473 | Val Loss: 0.001579 | Train R²: 0.9481 | Val R²: 0.9454
Epoch 27000 | Train Loss: 0.001428 | Val Loss: 0.001526 | Train R²: 0.9497 | Val R²: 0.9472
Epoch 27500 | Train Loss: 0.001395 | Val Loss: 0.001489 | Train R²: 0.9509 | Val R²: 0.9485
Early stopping at epoch 27749 due to flat/negative trend (slope=0.000002)
Epoch 27749 | Train Loss: 0.001382 | Val Loss: 0.001475 | Train R²: 0.9513 | Val R²: 0.9490
Unpickling models
Following models have been loaded and moved to cuda:
trained gpp model:
 SNN_GPP_Tram(
  (net): Sequential(
    (0): Linear(in_features=11, out_features=12, bias=True)
    (1): Tanh()
    (2): Linear(in_features=12, out_features=1, bias=True)
    (3): Sigmoid()
  )
), trained_reco_model:
 SNN_GPP_Tram(
  (net): Sequential(
    (0): Linear(in_features=12, out_features=12, bias=True)
    (1): Tanh()
    (2): Linear(in_features=12, out_features=1, bias=True)
    (3): Sigmoid()
  )
)
using full data set for visualization
Un-normalizing the GPP and RECO predictions using NEE min: tensor([-36.1705]), NEE max: tensor([35.8634])



Metrics for the Tramontana, with
GPP inputs: ['SW_IN', 'VPD', 'TA', 'WTD', 'WS', 'PotRad', 'PotRadDailyAvg', 'PotRadDailyDiff', 'WD_COS', 'WD_SIN', 'GPP_PROX']
RECO inputs: ['DOY_sin', 'DOY_cos', 'TA', 'TS_1', 'TS_2', 'TS_3', 'TS_4', 'WTD', 'WS', 'WD_COS', 'WD_SIN', 'NIGHTLY_NEE_AVG']:
DT_GPP vs Tramontana_GPP R²=0.96 RMSE=1.42
NT_GPP vs Tramontana_GPP R²=0.95 RMSE=1.61
DT_RECO vs Tramontana_RECO R²=0.73 RMSE=1.20
NT_RECO vs Tramontana_RECO R²=0.82 RMSE=0.85
DT_GPP vs NT_GPP R²=0.95 RMSE=1.56
DT_RECO vs NT_RECO R²=0.85 RMSE=1.00

gpp_input_names,  ['SW_IN', 'VPD', 'TA', 'WTD', 'WS', 'PotRad', 'PotRadHalfHourlyDiff', 'PotRadDailyDiff', 'WD_COS', 'WD_SIN', 'GPP_PROX'] 
reco_input_names,  ['DOY_sin', 'DOY_cos', 'TA', 'TS_1', 'TS_2', 'TS_3', 'TS_4', 'WTD', 'WS', 'WD_COS', 'WD_SIN', 'NIGHTLY_NEE_AVG'] 
true_nee_name,  ['NEE'] 

Tramontana Running on GPU With hidden layer size of 12 Total epochs: 100000 lr: 0.001 patience: 500 min_delta 0.01
SNN_GPP_Tram(
  (net): Sequential(
    (0): Linear(in_features=11, out_features=12, bias=True)
    (1): Tanh()
    (2): Linear(in_features=12, out_features=1, bias=True)
    (3): Sigmoid()
  )
)
SNN_RECO_Tram(
  (net): Sequential(
    (0): Linear(in_features=12, out_features=12, bias=True)
    (1): Tanh()
    (2): Linear(in_features=12, out_features=1, bias=True)
    (3): Sigmoid()
  )
)
Params are min slope: 2e-06, trend window: 100
Epoch     0 | Train Loss: 13525.241211 | Val Loss: 13378.757812 | Train R²: -476419.2188 | Val R²: -462466.4062
Epoch   500 | Train Loss: 151.702835 | Val Loss: 153.787933 | Train R²: -5342.6611 | Val R²: -5315.0322
Epoch  1000 | Train Loss: 39.914719 | Val Loss: 41.190166 | Train R²: -1404.9768 | Val R²: -1422.8325
Epoch  1500 | Train Loss: 17.662056 | Val Loss: 18.457613 | Train R²: -621.1376 | Val R²: -637.0297
Epoch  2000 | Train Loss: 9.611602 | Val Loss: 10.145682 | Train R²: -337.5641 | Val R²: -349.7088
Epoch  2500 | Train Loss: 5.856306 | Val Loss: 6.232918 | Train R²: -205.2856 | Val R²: -214.4551
Epoch  3000 | Train Loss: 3.825850 | Val Loss: 4.100738 | Train R²: -133.7637 | Val R²: -140.7514
Epoch  3500 | Train Loss: 2.599150 | Val Loss: 2.806570 | Train R²: -90.5538 | Val R²: -96.0155
Epoch  4000 | Train Loss: 1.825076 | Val Loss: 1.984468 | Train R²: -63.2874 | Val R²: -67.5977
Epoch  4500 | Train Loss: 1.310854 | Val Loss: 1.434992 | Train R²: -45.1742 | Val R²: -48.6038
Epoch  5000 | Train Loss: 0.951657 | Val Loss: 1.049684 | Train R²: -32.5217 | Val R²: -35.2847
Epoch  5500 | Train Loss: 0.682569 | Val Loss: 0.762390 | Train R²: -23.0432 | Val R²: -25.3538
Epoch  6000 | Train Loss: 0.492252 | Val Loss: 0.556620 | Train R²: -16.3393 | Val R²: -18.2409
Epoch  6500 | Train Loss: 0.356287 | Val Loss: 0.407329 | Train R²: -11.5500 | Val R²: -13.0803
Epoch  7000 | Train Loss: 0.260498 | Val Loss: 0.300674 | Train R²: -8.1759 | Val R²: -9.3935
Epoch  7500 | Train Loss: 0.193000 | Val Loss: 0.224751 | Train R²: -5.7983 | Val R²: -6.7690
Epoch  8000 | Train Loss: 0.144616 | Val Loss: 0.169897 | Train R²: -4.0940 | Val R²: -4.8729
Epoch  8500 | Train Loss: 0.109488 | Val Loss: 0.129694 | Train R²: -2.8567 | Val R²: -3.4832
Epoch  9000 | Train Loss: 0.083774 | Val Loss: 0.099913 | Train R²: -1.9509 | Val R²: -2.4537
Epoch  9500 | Train Loss: 0.064759 | Val Loss: 0.077590 | Train R²: -1.2811 | Val R²: -1.6821
Epoch 10000 | Train Loss: 0.050524 | Val Loss: 0.060643 | Train R²: -0.7797 | Val R²: -1.0963
Epoch 10500 | Train Loss: 0.039786 | Val Loss: 0.047688 | Train R²: -0.4014 | Val R²: -0.6484
Epoch 11000 | Train Loss: 0.031661 | Val Loss: 0.037768 | Train R²: -0.1152 | Val R²: -0.3055
Epoch 11500 | Train Loss: 0.025487 | Val Loss: 0.030164 | Train R²: 0.1022 | Val R²: -0.0427
Epoch 12000 | Train Loss: 0.020750 | Val Loss: 0.024304 | Train R²: 0.2691 | Val R²: 0.1599
Epoch 12500 | Train Loss: 0.017086 | Val Loss: 0.019778 | Train R²: 0.3981 | Val R²: 0.3163
Epoch 13000 | Train Loss: 0.014304 | Val Loss: 0.016335 | Train R²: 0.4961 | Val R²: 0.4354
Epoch 13500 | Train Loss: 0.012235 | Val Loss: 0.013758 | Train R²: 0.5690 | Val R²: 0.5244
Epoch 14000 | Train Loss: 0.010715 | Val Loss: 0.011861 | Train R²: 0.6226 | Val R²: 0.5900
Epoch 14500 | Train Loss: 0.009603 | Val Loss: 0.010483 | Train R²: 0.6617 | Val R²: 0.6376
Epoch 15000 | Train Loss: 0.008775 | Val Loss: 0.009476 | Train R²: 0.6909 | Val R²: 0.6724
Epoch 15500 | Train Loss: 0.008144 | Val Loss: 0.008728 | Train R²: 0.7131 | Val R²: 0.6983
Epoch 16000 | Train Loss: 0.007656 | Val Loss: 0.008163 | Train R²: 0.7303 | Val R²: 0.7178
Epoch 16500 | Train Loss: 0.007260 | Val Loss: 0.007717 | Train R²: 0.7443 | Val R²: 0.7333
Epoch 17000 | Train Loss: 0.006922 | Val Loss: 0.007347 | Train R²: 0.7562 | Val R²: 0.7460
Epoch 17500 | Train Loss: 0.006614 | Val Loss: 0.007022 | Train R²: 0.7670 | Val R²: 0.7573
Epoch 18000 | Train Loss: 0.006310 | Val Loss: 0.006714 | Train R²: 0.7777 | Val R²: 0.7679
Epoch 18500 | Train Loss: 0.005996 | Val Loss: 0.006408 | Train R²: 0.7888 | Val R²: 0.7785
Epoch 19000 | Train Loss: 0.005681 | Val Loss: 0.006098 | Train R²: 0.7999 | Val R²: 0.7892
Epoch 19500 | Train Loss: 0.005392 | Val Loss: 0.005801 | Train R²: 0.8101 | Val R²: 0.7995
Epoch 20000 | Train Loss: 0.005112 | Val Loss: 0.005502 | Train R²: 0.8199 | Val R²: 0.8098
Epoch 20500 | Train Loss: 0.004827 | Val Loss: 0.005190 | Train R²: 0.8300 | Val R²: 0.8206
Epoch 21000 | Train Loss: 0.004525 | Val Loss: 0.004863 | Train R²: 0.8406 | Val R²: 0.8319
Epoch 21500 | Train Loss: 0.004212 | Val Loss: 0.004534 | Train R²: 0.8516 | Val R²: 0.8433
Epoch 22000 | Train Loss: 0.003878 | Val Loss: 0.004151 | Train R²: 0.8634 | Val R²: 0.8565
Epoch 22500 | Train Loss: 0.003522 | Val Loss: 0.003767 | Train R²: 0.8760 | Val R²: 0.8698
Epoch 23000 | Train Loss: 0.003135 | Val Loss: 0.003354 | Train R²: 0.8896 | Val R²: 0.8841
Epoch 23500 | Train Loss: 0.002713 | Val Loss: 0.002919 | Train R²: 0.9044 | Val R²: 0.8991
Epoch 24000 | Train Loss: 0.002321 | Val Loss: 0.002515 | Train R²: 0.9182 | Val R²: 0.9131
Epoch 24500 | Train Loss: 0.002044 | Val Loss: 0.002224 | Train R²: 0.9280 | Val R²: 0.9231
Epoch 25000 | Train Loss: 0.001864 | Val Loss: 0.002030 | Train R²: 0.9343 | Val R²: 0.9298
Epoch 25500 | Train Loss: 0.001737 | Val Loss: 0.001886 | Train R²: 0.9388 | Val R²: 0.9348
Epoch 26000 | Train Loss: 0.001643 | Val Loss: 0.001773 | Train R²: 0.9421 | Val R²: 0.9387
Epoch 26500 | Train Loss: 0.001569 | Val Loss: 0.001681 | Train R²: 0.9447 | Val R²: 0.9419
Epoch 27000 | Train Loss: 0.001509 | Val Loss: 0.001606 | Train R²: 0.9468 | Val R²: 0.9445
Epoch 27500 | Train Loss: 0.001458 | Val Loss: 0.001546 | Train R²: 0.9486 | Val R²: 0.9466
Epoch 28000 | Train Loss: 0.001416 | Val Loss: 0.001496 | Train R²: 0.9501 | Val R²: 0.9483
Epoch 28500 | Train Loss: 0.001380 | Val Loss: 0.001456 | Train R²: 0.9514 | Val R²: 0.9497
Early stopping at epoch 28981 due to flat/negative trend (slope=0.000002)
Epoch 28981 | Train Loss: 0.001353 | Val Loss: 0.001425 | Train R²: 0.9523 | Val R²: 0.9507
Unpickling models
Following models have been loaded and moved to cuda:
trained gpp model:
 SNN_GPP_Tram(
  (net): Sequential(
    (0): Linear(in_features=11, out_features=12, bias=True)
    (1): Tanh()
    (2): Linear(in_features=12, out_features=1, bias=True)
    (3): Sigmoid()
  )
), trained_reco_model:
 SNN_GPP_Tram(
  (net): Sequential(
    (0): Linear(in_features=12, out_features=12, bias=True)
    (1): Tanh()
    (2): Linear(in_features=12, out_features=1, bias=True)
    (3): Sigmoid()
  )
)
using full data set for visualization
Un-normalizing the GPP and RECO predictions using NEE min: tensor([-36.1705]), NEE max: tensor([35.8634])



Metrics for the Tramontana, with
GPP inputs: ['SW_IN', 'VPD', 'TA', 'WTD', 'WS', 'PotRad', 'PotRadHalfHourlyDiff', 'PotRadDailyDiff', 'WD_COS', 'WD_SIN', 'GPP_PROX']
RECO inputs: ['DOY_sin', 'DOY_cos', 'TA', 'TS_1', 'TS_2', 'TS_3', 'TS_4', 'WTD', 'WS', 'WD_COS', 'WD_SIN', 'NIGHTLY_NEE_AVG']:
DT_GPP vs Tramontana_GPP R²=0.95 RMSE=1.54
NT_GPP vs Tramontana_GPP R²=0.95 RMSE=1.65
DT_RECO vs Tramontana_RECO R²=0.68 RMSE=1.33
NT_RECO vs Tramontana_RECO R²=0.78 RMSE=0.94
DT_GPP vs NT_GPP R²=0.95 RMSE=1.56
DT_RECO vs NT_RECO R²=0.85 RMSE=1.00

gpp_input_names,  ['SW_IN', 'VPD', 'TA', 'WTD', 'WS', 'PotRad', 'PotRadHalfHourlyDiff', 'PotRadDailyAvg', 'WD_COS', 'WD_SIN', 'GPP_PROX'] 
reco_input_names,  ['DOY_sin', 'DOY_cos', 'TA', 'TS_1', 'TS_2', 'TS_3', 'TS_4', 'WTD', 'WS', 'WD_COS', 'WD_SIN', 'NIGHTLY_NEE_AVG'] 
true_nee_name,  ['NEE'] 

Tramontana Running on GPU With hidden layer size of 12 Total epochs: 100000 lr: 0.001 patience: 500 min_delta 0.01
SNN_GPP_Tram(
  (net): Sequential(
    (0): Linear(in_features=11, out_features=12, bias=True)
    (1): Tanh()
    (2): Linear(in_features=12, out_features=1, bias=True)
    (3): Sigmoid()
  )
)
SNN_RECO_Tram(
  (net): Sequential(
    (0): Linear(in_features=12, out_features=12, bias=True)
    (1): Tanh()
    (2): Linear(in_features=12, out_features=1, bias=True)
    (3): Sigmoid()
  )
)
Params are min slope: 2e-06, trend window: 100
Epoch     0 | Train Loss: 14374.341797 | Val Loss: 14234.551758 | Train R²: -506328.3750 | Val R²: -492048.9062
Epoch   500 | Train Loss: 136.232941 | Val Loss: 139.334152 | Train R²: -4797.7407 | Val R²: -4815.4043
Epoch  1000 | Train Loss: 35.903969 | Val Loss: 37.537041 | Train R²: -1263.7003 | Val R²: -1296.5538
Epoch  1500 | Train Loss: 15.894437 | Val Loss: 16.872713 | Train R²: -558.8740 | Val R²: -582.2440
Epoch  2000 | Train Loss: 8.660612 | Val Loss: 9.306135 | Train R²: -304.0659 | Val R²: -320.6879
Epoch  2500 | Train Loss: 5.292595 | Val Loss: 5.744246 | Train R²: -185.4292 | Val R²: -197.5630
Epoch  3000 | Train Loss: 3.486462 | Val Loss: 3.814727 | Train R²: -121.8090 | Val R²: -130.8648
Epoch  3500 | Train Loss: 2.404562 | Val Loss: 2.649995 | Train R²: -83.6996 | Val R²: -90.6032
Epoch  4000 | Train Loss: 1.698111 | Val Loss: 1.886766 | Train R²: -58.8152 | Val R²: -64.2204
Epoch  4500 | Train Loss: 1.224051 | Val Loss: 1.370680 | Train R²: -42.1166 | Val R²: -46.3807
Epoch  5000 | Train Loss: 0.881795 | Val Loss: 0.997389 | Train R²: -30.0608 | Val R²: -33.4770
Epoch  5500 | Train Loss: 0.629321 | Val Loss: 0.722637 | Train R²: -21.1675 | Val R²: -23.9796
Epoch  6000 | Train Loss: 0.453447 | Val Loss: 0.527582 | Train R²: -14.9724 | Val R²: -17.2371
Epoch  6500 | Train Loss: 0.328130 | Val Loss: 0.386675 | Train R²: -10.5582 | Val R²: -12.3663
Epoch  7000 | Train Loss: 0.239618 | Val Loss: 0.285934 | Train R²: -7.4404 | Val R²: -8.8840
Epoch  7500 | Train Loss: 0.177329 | Val Loss: 0.214017 | Train R²: -5.2463 | Val R²: -6.3980
Epoch  8000 | Train Loss: 0.133002 | Val Loss: 0.162219 | Train R²: -3.6849 | Val R²: -4.6075
Epoch  8500 | Train Loss: 0.100935 | Val Loss: 0.124295 | Train R²: -2.5554 | Val R²: -3.2965
Epoch  9000 | Train Loss: 0.077441 | Val Loss: 0.096122 | Train R²: -1.7278 | Val R²: -2.3227
Epoch  9500 | Train Loss: 0.060016 | Val Loss: 0.074916 | Train R²: -1.1140 | Val R²: -1.5896
Epoch 10000 | Train Loss: 0.046947 | Val Loss: 0.058777 | Train R²: -0.6537 | Val R²: -1.0318
Epoch 10500 | Train Loss: 0.037087 | Val Loss: 0.046428 | Train R²: -0.3064 | Val R²: -0.6049
Epoch 11000 | Train Loss: 0.029613 | Val Loss: 0.036948 | Train R²: -0.0431 | Val R²: -0.2772
Epoch 11500 | Train Loss: 0.023903 | Val Loss: 0.029635 | Train R²: 0.1580 | Val R²: -0.0244
Epoch 12000 | Train Loss: 0.019503 | Val Loss: 0.023965 | Train R²: 0.3130 | Val R²: 0.1716
Epoch 12500 | Train Loss: 0.016143 | Val Loss: 0.019610 | Train R²: 0.4314 | Val R²: 0.3221
Epoch 13000 | Train Loss: 0.013633 | Val Loss: 0.016333 | Train R²: 0.5198 | Val R²: 0.4354
Epoch 13500 | Train Loss: 0.011780 | Val Loss: 0.013901 | Train R²: 0.5851 | Val R²: 0.5195
Epoch 14000 | Train Loss: 0.010425 | Val Loss: 0.012119 | Train R²: 0.6328 | Val R²: 0.5811
Epoch 14500 | Train Loss: 0.009443 | Val Loss: 0.010828 | Train R²: 0.6674 | Val R²: 0.6257
Epoch 15000 | Train Loss: 0.008730 | Val Loss: 0.009895 | Train R²: 0.6925 | Val R²: 0.6580
Epoch 15500 | Train Loss: 0.008198 | Val Loss: 0.009208 | Train R²: 0.7112 | Val R²: 0.6817
Epoch 16000 | Train Loss: 0.007775 | Val Loss: 0.008675 | Train R²: 0.7261 | Val R²: 0.7001
Epoch 16500 | Train Loss: 0.007417 | Val Loss: 0.008234 | Train R²: 0.7387 | Val R²: 0.7154
Epoch 17000 | Train Loss: 0.007102 | Val Loss: 0.007854 | Train R²: 0.7498 | Val R²: 0.7285
Epoch 17500 | Train Loss: 0.006805 | Val Loss: 0.007503 | Train R²: 0.7603 | Val R²: 0.7407
Epoch 18000 | Train Loss: 0.006510 | Val Loss: 0.007160 | Train R²: 0.7707 | Val R²: 0.7525
Epoch 18500 | Train Loss: 0.006218 | Val Loss: 0.006825 | Train R²: 0.7810 | Val R²: 0.7641
Epoch 19000 | Train Loss: 0.005937 | Val Loss: 0.006497 | Train R²: 0.7909 | Val R²: 0.7754
Epoch 19500 | Train Loss: 0.005666 | Val Loss: 0.006183 | Train R²: 0.8004 | Val R²: 0.7863
Epoch 20000 | Train Loss: 0.005387 | Val Loss: 0.005858 | Train R²: 0.8102 | Val R²: 0.7975
Epoch 20500 | Train Loss: 0.005097 | Val Loss: 0.005518 | Train R²: 0.8205 | Val R²: 0.8093
Epoch 21000 | Train Loss: 0.004802 | Val Loss: 0.005173 | Train R²: 0.8309 | Val R²: 0.8212
Epoch 21500 | Train Loss: 0.004501 | Val Loss: 0.004827 | Train R²: 0.8414 | Val R²: 0.8331
Epoch 22000 | Train Loss: 0.004180 | Val Loss: 0.004471 | Train R²: 0.8528 | Val R²: 0.8454
Epoch 22500 | Train Loss: 0.003826 | Val Loss: 0.004090 | Train R²: 0.8652 | Val R²: 0.8586
Epoch 23000 | Train Loss: 0.003429 | Val Loss: 0.003663 | Train R²: 0.8792 | Val R²: 0.8734
Epoch 23500 | Train Loss: 0.002978 | Val Loss: 0.003190 | Train R²: 0.8951 | Val R²: 0.8897
Epoch 24000 | Train Loss: 0.002453 | Val Loss: 0.002648 | Train R²: 0.9136 | Val R²: 0.9085
Epoch 24500 | Train Loss: 0.002050 | Val Loss: 0.002229 | Train R²: 0.9278 | Val R²: 0.9229
Epoch 25000 | Train Loss: 0.001856 | Val Loss: 0.002021 | Train R²: 0.9346 | Val R²: 0.9302
Epoch 25500 | Train Loss: 0.001737 | Val Loss: 0.001893 | Train R²: 0.9388 | Val R²: 0.9346
Epoch 26000 | Train Loss: 0.001656 | Val Loss: 0.001804 | Train R²: 0.9417 | Val R²: 0.9376
Epoch 26500 | Train Loss: 0.001596 | Val Loss: 0.001733 | Train R²: 0.9438 | Val R²: 0.9401
Epoch 27000 | Train Loss: 0.001547 | Val Loss: 0.001674 | Train R²: 0.9455 | Val R²: 0.9421
Epoch 27500 | Train Loss: 0.001505 | Val Loss: 0.001623 | Train R²: 0.9470 | Val R²: 0.9439
Epoch 28000 | Train Loss: 0.001467 | Val Loss: 0.001579 | Train R²: 0.9483 | Val R²: 0.9454
Epoch 28500 | Train Loss: 0.001433 | Val Loss: 0.001540 | Train R²: 0.9495 | Val R²: 0.9468
Epoch 29000 | Train Loss: 0.001403 | Val Loss: 0.001505 | Train R²: 0.9506 | Val R²: 0.9480
Early stopping at epoch 29398 due to flat/negative trend (slope=0.000002)
Epoch 29398 | Train Loss: 0.001382 | Val Loss: 0.001481 | Train R²: 0.9513 | Val R²: 0.9488
Unpickling models
Following models have been loaded and moved to cuda:
trained gpp model:
 SNN_GPP_Tram(
  (net): Sequential(
    (0): Linear(in_features=11, out_features=12, bias=True)
    (1): Tanh()
    (2): Linear(in_features=12, out_features=1, bias=True)
    (3): Sigmoid()
  )
), trained_reco_model:
 SNN_GPP_Tram(
  (net): Sequential(
    (0): Linear(in_features=12, out_features=12, bias=True)
    (1): Tanh()
    (2): Linear(in_features=12, out_features=1, bias=True)
    (3): Sigmoid()
  )
)
using full data set for visualization
Un-normalizing the GPP and RECO predictions using NEE min: tensor([-36.1705]), NEE max: tensor([35.8634])



Metrics for the Tramontana, with
GPP inputs: ['SW_IN', 'VPD', 'TA', 'WTD', 'WS', 'PotRad', 'PotRadHalfHourlyDiff', 'PotRadDailyAvg', 'WD_COS', 'WD_SIN', 'GPP_PROX']
RECO inputs: ['DOY_sin', 'DOY_cos', 'TA', 'TS_1', 'TS_2', 'TS_3', 'TS_4', 'WTD', 'WS', 'WD_COS', 'WD_SIN', 'NIGHTLY_NEE_AVG']:
DT_GPP vs Tramontana_GPP R²=0.96 RMSE=1.37
NT_GPP vs Tramontana_GPP R²=0.95 RMSE=1.62
DT_RECO vs Tramontana_RECO R²=0.73 RMSE=1.20
NT_RECO vs Tramontana_RECO R²=0.81 RMSE=0.89
DT_GPP vs NT_GPP R²=0.95 RMSE=1.56
DT_RECO vs NT_RECO R²=0.85 RMSE=1.00

gpp_input_names,  ['SW_IN', 'VPD', 'TA', 'WTD', 'WS', 'PotRad', 'PotRadHalfHourlyDiff', 'PotRadDailyAvg', 'PotRadDailyDiff', 'WD_SIN', 'GPP_PROX'] 
reco_input_names,  ['DOY_sin', 'DOY_cos', 'TA', 'TS_1', 'TS_2', 'TS_3', 'TS_4', 'WTD', 'WS', 'WD_COS', 'WD_SIN', 'NIGHTLY_NEE_AVG'] 
true_nee_name,  ['NEE'] 

Tramontana Running on GPU With hidden layer size of 12 Total epochs: 100000 lr: 0.001 patience: 500 min_delta 0.01
SNN_GPP_Tram(
  (net): Sequential(
    (0): Linear(in_features=11, out_features=12, bias=True)
    (1): Tanh()
    (2): Linear(in_features=12, out_features=1, bias=True)
    (3): Sigmoid()
  )
)
SNN_RECO_Tram(
  (net): Sequential(
    (0): Linear(in_features=12, out_features=12, bias=True)
    (1): Tanh()
    (2): Linear(in_features=12, out_features=1, bias=True)
    (3): Sigmoid()
  )
)
Params are min slope: 2e-06, trend window: 100
Epoch     0 | Train Loss: 13922.380859 | Val Loss: 13793.188477 | Train R²: -490408.2500 | Val R²: -476792.1562
Epoch   500 | Train Loss: 145.501984 | Val Loss: 147.145432 | Train R²: -5124.2393 | Val R²: -5085.4189
Epoch  1000 | Train Loss: 36.155575 | Val Loss: 36.961178 | Train R²: -1272.5629 | Val R²: -1276.6478
Epoch  1500 | Train Loss: 15.563466 | Val Loss: 16.011517 | Train R²: -547.2157 | Val R²: -552.4747
Epoch  2000 | Train Loss: 8.329706 | Val Loss: 8.608409 | Train R²: -292.4099 | Val R²: -296.5694
Epoch  2500 | Train Loss: 5.022630 | Val Loss: 5.208069 | Train R²: -175.9198 | Val R²: -179.0288
Epoch  3000 | Train Loss: 3.266222 | Val Loss: 3.394893 | Train R²: -114.0511 | Val R²: -116.3523
Epoch  3500 | Train Loss: 2.208879 | Val Loss: 2.301011 | Train R²: -76.8067 | Val R²: -78.5397
Epoch  4000 | Train Loss: 1.547167 | Val Loss: 1.614666 | Train R²: -53.4982 | Val R²: -54.8146
Epoch  4500 | Train Loss: 1.097554 | Val Loss: 1.149040 | Train R²: -37.6608 | Val R²: -38.7192
Epoch  5000 | Train Loss: 0.772227 | Val Loss: 0.812054 | Train R²: -26.2013 | Val R²: -27.0705
Epoch  5500 | Train Loss: 0.552530 | Val Loss: 0.583530 | Train R²: -18.4626 | Val R²: -19.1710
Epoch  6000 | Train Loss: 0.398687 | Val Loss: 0.422640 | Train R²: -13.0436 | Val R²: -13.6095
Epoch  6500 | Train Loss: 0.289503 | Val Loss: 0.308016 | Train R²: -9.1976 | Val R²: -9.6473
Epoch  7000 | Train Loss: 0.212482 | Val Loss: 0.226831 | Train R²: -6.4846 | Val R²: -6.8409
Epoch  7500 | Train Loss: 0.157936 | Val Loss: 0.169045 | Train R²: -4.5632 | Val R²: -4.8434
Epoch  8000 | Train Loss: 0.118905 | Val Loss: 0.127534 | Train R²: -3.1884 | Val R²: -3.4085
Epoch  8500 | Train Loss: 0.090660 | Val Loss: 0.097396 | Train R²: -2.1935 | Val R²: -2.3667
Epoch  9000 | Train Loss: 0.069992 | Val Loss: 0.075253 | Train R²: -1.4654 | Val R²: -1.6013
Epoch  9500 | Train Loss: 0.054658 | Val Loss: 0.058746 | Train R²: -0.9253 | Val R²: -1.0307
Epoch 10000 | Train Loss: 0.043067 | Val Loss: 0.046223 | Train R²: -0.5170 | Val R²: -0.5978
Epoch 10500 | Train Loss: 0.034202 | Val Loss: 0.036647 | Train R²: -0.2048 | Val R²: -0.2668
Epoch 11000 | Train Loss: 0.027407 | Val Loss: 0.029313 | Train R²: 0.0346 | Val R²: -0.0133
Epoch 11500 | Train Loss: 0.022189 | Val Loss: 0.023683 | Train R²: 0.2184 | Val R²: 0.1813
Epoch 12000 | Train Loss: 0.018192 | Val Loss: 0.019369 | Train R²: 0.3592 | Val R²: 0.3305
Epoch 12500 | Train Loss: 0.015151 | Val Loss: 0.016089 | Train R²: 0.4663 | Val R²: 0.4439
Epoch 13000 | Train Loss: 0.012865 | Val Loss: 0.013627 | Train R²: 0.5468 | Val R²: 0.5290
Epoch 13500 | Train Loss: 0.011166 | Val Loss: 0.011802 | Train R²: 0.6067 | Val R²: 0.5921
Epoch 14000 | Train Loss: 0.009908 | Val Loss: 0.010455 | Train R²: 0.6510 | Val R²: 0.6386
Epoch 14500 | Train Loss: 0.008976 | Val Loss: 0.009463 | Train R²: 0.6838 | Val R²: 0.6729
Epoch 15000 | Train Loss: 0.008280 | Val Loss: 0.008732 | Train R²: 0.7083 | Val R²: 0.6982
Epoch 15500 | Train Loss: 0.007755 | Val Loss: 0.008188 | Train R²: 0.7268 | Val R²: 0.7170
Epoch 16000 | Train Loss: 0.007350 | Val Loss: 0.007775 | Train R²: 0.7411 | Val R²: 0.7312
Epoch 16500 | Train Loss: 0.007025 | Val Loss: 0.007448 | Train R²: 0.7526 | Val R²: 0.7425
Epoch 17000 | Train Loss: 0.006744 | Val Loss: 0.007167 | Train R²: 0.7625 | Val R²: 0.7522
Epoch 17500 | Train Loss: 0.006479 | Val Loss: 0.006900 | Train R²: 0.7718 | Val R²: 0.7615
Epoch 18000 | Train Loss: 0.006220 | Val Loss: 0.006627 | Train R²: 0.7809 | Val R²: 0.7709
Epoch 18500 | Train Loss: 0.005958 | Val Loss: 0.006349 | Train R²: 0.7901 | Val R²: 0.7805
Epoch 19000 | Train Loss: 0.005689 | Val Loss: 0.006062 | Train R²: 0.7996 | Val R²: 0.7904
Epoch 19500 | Train Loss: 0.005426 | Val Loss: 0.005780 | Train R²: 0.8089 | Val R²: 0.8002
Epoch 20000 | Train Loss: 0.005165 | Val Loss: 0.005496 | Train R²: 0.8181 | Val R²: 0.8100
Epoch 20500 | Train Loss: 0.004892 | Val Loss: 0.005189 | Train R²: 0.8277 | Val R²: 0.8206
Epoch 21000 | Train Loss: 0.004594 | Val Loss: 0.004855 | Train R²: 0.8382 | Val R²: 0.8322
Epoch 21500 | Train Loss: 0.004281 | Val Loss: 0.004506 | Train R²: 0.8492 | Val R²: 0.8442
Epoch 22000 | Train Loss: 0.003941 | Val Loss: 0.004140 | Train R²: 0.8612 | Val R²: 0.8569
Epoch 22500 | Train Loss: 0.003537 | Val Loss: 0.003720 | Train R²: 0.8754 | Val R²: 0.8714
Epoch 23000 | Train Loss: 0.003029 | Val Loss: 0.003200 | Train R²: 0.8933 | Val R²: 0.8894
Epoch 23500 | Train Loss: 0.002464 | Val Loss: 0.002622 | Train R²: 0.9132 | Val R²: 0.9094
Epoch 24000 | Train Loss: 0.002087 | Val Loss: 0.002227 | Train R²: 0.9265 | Val R²: 0.9230
Epoch 24500 | Train Loss: 0.001839 | Val Loss: 0.001966 | Train R²: 0.9352 | Val R²: 0.9320
Epoch 25000 | Train Loss: 0.001672 | Val Loss: 0.001792 | Train R²: 0.9411 | Val R²: 0.9381
Epoch 25500 | Train Loss: 0.001566 | Val Loss: 0.001679 | Train R²: 0.9448 | Val R²: 0.9420
Epoch 26000 | Train Loss: 0.001499 | Val Loss: 0.001605 | Train R²: 0.9472 | Val R²: 0.9445
Epoch 26500 | Train Loss: 0.001451 | Val Loss: 0.001550 | Train R²: 0.9489 | Val R²: 0.9464
Epoch 27000 | Train Loss: 0.001415 | Val Loss: 0.001509 | Train R²: 0.9502 | Val R²: 0.9478
Early stopping at epoch 27454 due to flat/negative trend (slope=0.000002)
Epoch 27454 | Train Loss: 0.001388 | Val Loss: 0.001481 | Train R²: 0.9511 | Val R²: 0.9488
Unpickling models
Following models have been loaded and moved to cuda:
trained gpp model:
 SNN_GPP_Tram(
  (net): Sequential(
    (0): Linear(in_features=11, out_features=12, bias=True)
    (1): Tanh()
    (2): Linear(in_features=12, out_features=1, bias=True)
    (3): Sigmoid()
  )
), trained_reco_model:
 SNN_GPP_Tram(
  (net): Sequential(
    (0): Linear(in_features=12, out_features=12, bias=True)
    (1): Tanh()
    (2): Linear(in_features=12, out_features=1, bias=True)
    (3): Sigmoid()
  )
)
using full data set for visualization
Un-normalizing the GPP and RECO predictions using NEE min: tensor([-36.1705]), NEE max: tensor([35.8634])



Metrics for the Tramontana, with
GPP inputs: ['SW_IN', 'VPD', 'TA', 'WTD', 'WS', 'PotRad', 'PotRadHalfHourlyDiff', 'PotRadDailyAvg', 'PotRadDailyDiff', 'WD_SIN', 'GPP_PROX']
RECO inputs: ['DOY_sin', 'DOY_cos', 'TA', 'TS_1', 'TS_2', 'TS_3', 'TS_4', 'WTD', 'WS', 'WD_COS', 'WD_SIN', 'NIGHTLY_NEE_AVG']:
DT_GPP vs Tramontana_GPP R²=0.96 RMSE=1.34
NT_GPP vs Tramontana_GPP R²=0.95 RMSE=1.57
DT_RECO vs Tramontana_RECO R²=0.76 RMSE=1.14
NT_RECO vs Tramontana_RECO R²=0.85 RMSE=0.77
DT_GPP vs NT_GPP R²=0.95 RMSE=1.56
DT_RECO vs NT_RECO R²=0.85 RMSE=1.00

gpp_input_names,  ['SW_IN', 'VPD', 'TA', 'WTD', 'WS', 'PotRad', 'PotRadHalfHourlyDiff', 'PotRadDailyAvg', 'PotRadDailyDiff', 'WD_COS', 'GPP_PROX'] 
reco_input_names,  ['DOY_sin', 'DOY_cos', 'TA', 'TS_1', 'TS_2', 'TS_3', 'TS_4', 'WTD', 'WS', 'WD_COS', 'WD_SIN', 'NIGHTLY_NEE_AVG'] 
true_nee_name,  ['NEE'] 

Tramontana Running on GPU With hidden layer size of 12 Total epochs: 100000 lr: 0.001 patience: 500 min_delta 0.01
SNN_GPP_Tram(
  (net): Sequential(
    (0): Linear(in_features=11, out_features=12, bias=True)
    (1): Tanh()
    (2): Linear(in_features=12, out_features=1, bias=True)
    (3): Sigmoid()
  )
)
SNN_RECO_Tram(
  (net): Sequential(
    (0): Linear(in_features=12, out_features=12, bias=True)
    (1): Tanh()
    (2): Linear(in_features=12, out_features=1, bias=True)
    (3): Sigmoid()
  )
)
Params are min slope: 2e-06, trend window: 100
Epoch     0 | Train Loss: 13592.506836 | Val Loss: 13423.747070 | Train R²: -478788.6562 | Val R²: -464021.5312
Epoch   500 | Train Loss: 133.635086 | Val Loss: 136.003433 | Train R²: -4706.2319 | Val R²: -4700.2705
Epoch  1000 | Train Loss: 34.800144 | Val Loss: 36.095589 | Train R²: -1224.8186 | Val R²: -1246.7268
Epoch  1500 | Train Loss: 15.313935 | Val Loss: 16.056055 | Train R²: -538.4261 | Val R²: -554.0143
Epoch  2000 | Train Loss: 8.312044 | Val Loss: 8.780681 | Train R²: -291.7878 | Val R²: -302.5243
Epoch  2500 | Train Loss: 5.062158 | Val Loss: 5.377687 | Train R²: -177.3121 | Val R²: -184.8921
Epoch  3000 | Train Loss: 3.301365 | Val Loss: 3.524179 | Train R²: -115.2890 | Val R²: -120.8213
Epoch  3500 | Train Loss: 2.251156 | Val Loss: 2.414337 | Train R²: -78.2959 | Val R²: -82.4571
Epoch  4000 | Train Loss: 1.586346 | Val Loss: 1.709664 | Train R²: -54.8783 | Val R²: -58.0985
Epoch  4500 | Train Loss: 1.135017 | Val Loss: 1.231111 | Train R²: -38.9804 | Val R²: -41.5562
Epoch  5000 | Train Loss: 0.827283 | Val Loss: 0.902473 | Train R²: -28.1406 | Val R²: -30.1960
Epoch  5500 | Train Loss: 0.597494 | Val Loss: 0.656836 | Train R²: -20.0464 | Val R²: -21.7050
Epoch  6000 | Train Loss: 0.430182 | Val Loss: 0.476603 | Train R²: -14.1530 | Val R²: -15.4749
Epoch  6500 | Train Loss: 0.311751 | Val Loss: 0.347943 | Train R²: -9.9813 | Val R²: -11.0275
Epoch  7000 | Train Loss: 0.228263 | Val Loss: 0.256745 | Train R²: -7.0404 | Val R²: -7.8750
Epoch  7500 | Train Loss: 0.169069 | Val Loss: 0.191614 | Train R²: -4.9554 | Val R²: -5.6236
Epoch  8000 | Train Loss: 0.126586 | Val Loss: 0.144503 | Train R²: -3.4589 | Val R²: -3.9951
Epoch  8500 | Train Loss: 0.095743 | Val Loss: 0.110008 | Train R²: -2.3725 | Val R²: -2.8027
Epoch  9000 | Train Loss: 0.073140 | Val Loss: 0.084501 | Train R²: -1.5763 | Val R²: -1.9210
Epoch  9500 | Train Loss: 0.056466 | Val Loss: 0.065504 | Train R²: -0.9890 | Val R²: -1.2643
Epoch 10000 | Train Loss: 0.044116 | Val Loss: 0.051283 | Train R²: -0.5540 | Val R²: -0.7727
Epoch 10500 | Train Loss: 0.034920 | Val Loss: 0.040576 | Train R²: -0.2300 | Val R²: -0.4026
Epoch 11000 | Train Loss: 0.028022 | Val Loss: 0.032466 | Train R²: 0.0129 | Val R²: -0.1222
Epoch 11500 | Train Loss: 0.022803 | Val Loss: 0.026288 | Train R²: 0.1968 | Val R²: 0.0913
Epoch 12000 | Train Loss: 0.018816 | Val Loss: 0.021562 | Train R²: 0.3372 | Val R²: 0.2546
Epoch 12500 | Train Loss: 0.015765 | Val Loss: 0.017951 | Train R²: 0.4447 | Val R²: 0.3795
Epoch 13000 | Train Loss: 0.013446 | Val Loss: 0.015212 | Train R²: 0.5264 | Val R²: 0.4742
Epoch 13500 | Train Loss: 0.011705 | Val Loss: 0.013152 | Train R²: 0.5877 | Val R²: 0.5454
Epoch 14000 | Train Loss: 0.010416 | Val Loss: 0.011622 | Train R²: 0.6331 | Val R²: 0.5983
Epoch 14500 | Train Loss: 0.009463 | Val Loss: 0.010494 | Train R²: 0.6667 | Val R²: 0.6373
Epoch 15000 | Train Loss: 0.008750 | Val Loss: 0.009657 | Train R²: 0.6918 | Val R²: 0.6662
Epoch 15500 | Train Loss: 0.008197 | Val Loss: 0.009022 | Train R²: 0.7113 | Val R²: 0.6881
Epoch 16000 | Train Loss: 0.007746 | Val Loss: 0.008518 | Train R²: 0.7271 | Val R²: 0.7056
Epoch 16500 | Train Loss: 0.007352 | Val Loss: 0.008092 | Train R²: 0.7410 | Val R²: 0.7203
Epoch 17000 | Train Loss: 0.006983 | Val Loss: 0.007702 | Train R²: 0.7540 | Val R²: 0.7338
Epoch 17500 | Train Loss: 0.006621 | Val Loss: 0.007306 | Train R²: 0.7668 | Val R²: 0.7474
Epoch 18000 | Train Loss: 0.006270 | Val Loss: 0.006909 | Train R²: 0.7791 | Val R²: 0.7612
Epoch 18500 | Train Loss: 0.005932 | Val Loss: 0.006499 | Train R²: 0.7910 | Val R²: 0.7753
Epoch 19000 | Train Loss: 0.005600 | Val Loss: 0.006084 | Train R²: 0.8028 | Val R²: 0.7897
Epoch 19500 | Train Loss: 0.005297 | Val Loss: 0.005719 | Train R²: 0.8134 | Val R²: 0.8023
Epoch 20000 | Train Loss: 0.005021 | Val Loss: 0.005395 | Train R²: 0.8231 | Val R²: 0.8135
Epoch 20500 | Train Loss: 0.004757 | Val Loss: 0.005092 | Train R²: 0.8324 | Val R²: 0.8240
Epoch 21000 | Train Loss: 0.004497 | Val Loss: 0.004798 | Train R²: 0.8416 | Val R²: 0.8341
Epoch 21500 | Train Loss: 0.004226 | Val Loss: 0.004498 | Train R²: 0.8511 | Val R²: 0.8445
Epoch 22000 | Train Loss: 0.003924 | Val Loss: 0.004175 | Train R²: 0.8618 | Val R²: 0.8557
Epoch 22500 | Train Loss: 0.003573 | Val Loss: 0.003810 | Train R²: 0.8742 | Val R²: 0.8683
Epoch 23000 | Train Loss: 0.003145 | Val Loss: 0.003373 | Train R²: 0.8892 | Val R²: 0.8834
Epoch 23500 | Train Loss: 0.002612 | Val Loss: 0.002827 | Train R²: 0.9080 | Val R²: 0.9023
Epoch 24000 | Train Loss: 0.002097 | Val Loss: 0.002291 | Train R²: 0.9261 | Val R²: 0.9208
Epoch 24500 | Train Loss: 0.001841 | Val Loss: 0.002006 | Train R²: 0.9352 | Val R²: 0.9307
Epoch 25000 | Train Loss: 0.001702 | Val Loss: 0.001840 | Train R²: 0.9400 | Val R²: 0.9364
Epoch 25500 | Train Loss: 0.001598 | Val Loss: 0.001732 | Train R²: 0.9437 | Val R²: 0.9401
Epoch 26000 | Train Loss: 0.001533 | Val Loss: 0.001665 | Train R²: 0.9460 | Val R²: 0.9424
Epoch 26500 | Train Loss: 0.001485 | Val Loss: 0.001612 | Train R²: 0.9477 | Val R²: 0.9443
Epoch 27000 | Train Loss: 0.001445 | Val Loss: 0.001565 | Train R²: 0.9491 | Val R²: 0.9459
Epoch 27500 | Train Loss: 0.001411 | Val Loss: 0.001525 | Train R²: 0.9503 | Val R²: 0.9473
Epoch 28000 | Train Loss: 0.001383 | Val Loss: 0.001490 | Train R²: 0.9513 | Val R²: 0.9485
Early stopping at epoch 28313 due to flat/negative trend (slope=0.000002)
Epoch 28313 | Train Loss: 0.001367 | Val Loss: 0.001470 | Train R²: 0.9518 | Val R²: 0.9492
Unpickling models
Following models have been loaded and moved to cuda:
trained gpp model:
 SNN_GPP_Tram(
  (net): Sequential(
    (0): Linear(in_features=11, out_features=12, bias=True)
    (1): Tanh()
    (2): Linear(in_features=12, out_features=1, bias=True)
    (3): Sigmoid()
  )
), trained_reco_model:
 SNN_GPP_Tram(
  (net): Sequential(
    (0): Linear(in_features=12, out_features=12, bias=True)
    (1): Tanh()
    (2): Linear(in_features=12, out_features=1, bias=True)
    (3): Sigmoid()
  )
)
using full data set for visualization
Un-normalizing the GPP and RECO predictions using NEE min: tensor([-36.1705]), NEE max: tensor([35.8634])



Metrics for the Tramontana, with
GPP inputs: ['SW_IN', 'VPD', 'TA', 'WTD', 'WS', 'PotRad', 'PotRadHalfHourlyDiff', 'PotRadDailyAvg', 'PotRadDailyDiff', 'WD_COS', 'GPP_PROX']
RECO inputs: ['DOY_sin', 'DOY_cos', 'TA', 'TS_1', 'TS_2', 'TS_3', 'TS_4', 'WTD', 'WS', 'WD_COS', 'WD_SIN', 'NIGHTLY_NEE_AVG']:
DT_GPP vs Tramontana_GPP R²=0.96 RMSE=1.38
NT_GPP vs Tramontana_GPP R²=0.95 RMSE=1.58
DT_RECO vs Tramontana_RECO R²=0.75 RMSE=1.16
NT_RECO vs Tramontana_RECO R²=0.84 RMSE=0.82
DT_GPP vs NT_GPP R²=0.95 RMSE=1.56
DT_RECO vs NT_RECO R²=0.85 RMSE=1.00

gpp_input_names,  ['SW_IN', 'VPD', 'TA', 'WTD', 'WS', 'PotRad', 'PotRadHalfHourlyDiff', 'PotRadDailyAvg', 'PotRadDailyDiff', 'WD_COS', 'WD_SIN'] 
reco_input_names,  ['DOY_sin', 'DOY_cos', 'TA', 'TS_1', 'TS_2', 'TS_3', 'TS_4', 'WTD', 'WS', 'WD_COS', 'WD_SIN', 'NIGHTLY_NEE_AVG'] 
true_nee_name,  ['NEE'] 

Tramontana Running on GPU With hidden layer size of 12 Total epochs: 100000 lr: 0.001 patience: 500 min_delta 0.01
SNN_GPP_Tram(
  (net): Sequential(
    (0): Linear(in_features=11, out_features=12, bias=True)
    (1): Tanh()
    (2): Linear(in_features=12, out_features=1, bias=True)
    (3): Sigmoid()
  )
)
SNN_RECO_Tram(
  (net): Sequential(
    (0): Linear(in_features=12, out_features=12, bias=True)
    (1): Tanh()
    (2): Linear(in_features=12, out_features=1, bias=True)
    (3): Sigmoid()
  )
)
Params are min slope: 2e-06, trend window: 100
Epoch     0 | Train Loss: 13778.739258 | Val Loss: 13588.529297 | Train R²: -485348.5312 | Val R²: -469717.6250
Epoch   500 | Train Loss: 166.741608 | Val Loss: 172.937149 | Train R²: -5872.3940 | Val R²: -5976.9688
Epoch  1000 | Train Loss: 44.019619 | Val Loss: 47.213028 | Train R²: -1549.5702 | Val R²: -1631.0265
Epoch  1500 | Train Loss: 19.323318 | Val Loss: 21.155382 | Train R²: -679.6547 | Val R²: -730.2842
Epoch  2000 | Train Loss: 10.476957 | Val Loss: 11.644305 | Train R²: -368.0459 | Val R²: -401.5121
Epoch  2500 | Train Loss: 6.389087 | Val Loss: 7.183283 | Train R²: -224.0525 | Val R²: -247.3066
Epoch  3000 | Train Loss: 4.211463 | Val Loss: 4.775419 | Train R²: -147.3468 | Val R²: -164.0733
Epoch  3500 | Train Loss: 2.943102 | Val Loss: 3.355581 | Train R²: -102.6694 | Val R²: -114.9933
Epoch  4000 | Train Loss: 2.154510 | Val Loss: 2.462947 | Train R²: -74.8916 | Val R²: -84.1374
Epoch  4500 | Train Loss: 1.579746 | Val Loss: 1.818823 | Train R²: -54.6458 | Val R²: -61.8718
Epoch  5000 | Train Loss: 1.142653 | Val Loss: 1.328426 | Train R²: -39.2494 | Val R²: -44.9201
Epoch  5500 | Train Loss: 0.847454 | Val Loss: 0.990710 | Train R²: -28.8512 | Val R²: -33.2462
Epoch  6000 | Train Loss: 0.590138 | Val Loss: 0.700944 | Train R²: -19.7873 | Val R²: -23.2297
Epoch  6500 | Train Loss: 0.422891 | Val Loss: 0.507689 | Train R²: -13.8961 | Val R²: -16.5494
Epoch  7000 | Train Loss: 0.311108 | Val Loss: 0.376868 | Train R²: -9.9586 | Val R²: -12.0273
Epoch  7500 | Train Loss: 0.232082 | Val Loss: 0.283601 | Train R²: -7.1750 | Val R²: -8.8033
Epoch  8000 | Train Loss: 0.174517 | Val Loss: 0.215087 | Train R²: -5.1473 | Val R²: -6.4350
Epoch  8500 | Train Loss: 0.132075 | Val Loss: 0.164033 | Train R²: -3.6523 | Val R²: -4.6702
Epoch  9000 | Train Loss: 0.100646 | Val Loss: 0.125789 | Train R²: -2.5452 | Val R²: -3.3482
Epoch  9500 | Train Loss: 0.077308 | Val Loss: 0.097063 | Train R²: -1.7231 | Val R²: -2.3552
Epoch 10000 | Train Loss: 0.059933 | Val Loss: 0.075452 | Train R²: -1.1111 | Val R²: -1.6082
Epoch 10500 | Train Loss: 0.046981 | Val Loss: 0.059190 | Train R²: -0.6549 | Val R²: -1.0460
Epoch 11000 | Train Loss: 0.037337 | Val Loss: 0.046973 | Train R²: -0.3152 | Val R²: -0.6237
Epoch 11500 | Train Loss: 0.030170 | Val Loss: 0.037809 | Train R²: -0.0627 | Val R²: -0.3070
Epoch 12000 | Train Loss: 0.024857 | Val Loss: 0.030944 | Train R²: 0.1244 | Val R²: -0.0697
Epoch 12500 | Train Loss: 0.020934 | Val Loss: 0.025815 | Train R²: 0.2626 | Val R²: 0.1077
Epoch 13000 | Train Loss: 0.018048 | Val Loss: 0.021995 | Train R²: 0.3643 | Val R²: 0.2397
Epoch 13500 | Train Loss: 0.015929 | Val Loss: 0.019157 | Train R²: 0.4389 | Val R²: 0.3378
Epoch 14000 | Train Loss: 0.014363 | Val Loss: 0.017043 | Train R²: 0.4941 | Val R²: 0.4109
Epoch 14500 | Train Loss: 0.013184 | Val Loss: 0.015450 | Train R²: 0.5356 | Val R²: 0.4659
Epoch 15000 | Train Loss: 0.012264 | Val Loss: 0.014213 | Train R²: 0.5680 | Val R²: 0.5087
Epoch 15500 | Train Loss: 0.011502 | Val Loss: 0.013201 | Train R²: 0.5948 | Val R²: 0.5437
Epoch 16000 | Train Loss: 0.010820 | Val Loss: 0.012304 | Train R²: 0.6189 | Val R²: 0.5747
Epoch 16500 | Train Loss: 0.010168 | Val Loss: 0.011451 | Train R²: 0.6418 | Val R²: 0.6042
Epoch 17000 | Train Loss: 0.009520 | Val Loss: 0.010615 | Train R²: 0.6647 | Val R²: 0.6331
Epoch 17500 | Train Loss: 0.008851 | Val Loss: 0.009796 | Train R²: 0.6882 | Val R²: 0.6614
Epoch 18000 | Train Loss: 0.008218 | Val Loss: 0.009003 | Train R²: 0.7105 | Val R²: 0.6888
Epoch 18500 | Train Loss: 0.007618 | Val Loss: 0.008248 | Train R²: 0.7317 | Val R²: 0.7149
Epoch 19000 | Train Loss: 0.007041 | Val Loss: 0.007534 | Train R²: 0.7520 | Val R²: 0.7396
Epoch 19500 | Train Loss: 0.006487 | Val Loss: 0.006871 | Train R²: 0.7715 | Val R²: 0.7625
Epoch 20000 | Train Loss: 0.005937 | Val Loss: 0.006239 | Train R²: 0.7909 | Val R²: 0.7843
Epoch 20500 | Train Loss: 0.005376 | Val Loss: 0.005623 | Train R²: 0.8106 | Val R²: 0.8056
Epoch 21000 | Train Loss: 0.004750 | Val Loss: 0.004959 | Train R²: 0.8327 | Val R²: 0.8286
Epoch 21500 | Train Loss: 0.004003 | Val Loss: 0.004177 | Train R²: 0.8590 | Val R²: 0.8556
Epoch 22000 | Train Loss: 0.003213 | Val Loss: 0.003377 | Train R²: 0.8868 | Val R²: 0.8833
Epoch 22500 | Train Loss: 0.002701 | Val Loss: 0.002874 | Train R²: 0.9049 | Val R²: 0.9007
Epoch 23000 | Train Loss: 0.002427 | Val Loss: 0.002599 | Train R²: 0.9145 | Val R²: 0.9102
Epoch 23500 | Train Loss: 0.002248 | Val Loss: 0.002407 | Train R²: 0.9208 | Val R²: 0.9168
Epoch 24000 | Train Loss: 0.002114 | Val Loss: 0.002262 | Train R²: 0.9255 | Val R²: 0.9218
Epoch 24500 | Train Loss: 0.002016 | Val Loss: 0.002157 | Train R²: 0.9290 | Val R²: 0.9254
Epoch 25000 | Train Loss: 0.001924 | Val Loss: 0.002064 | Train R²: 0.9322 | Val R²: 0.9287
Epoch 25500 | Train Loss: 0.001824 | Val Loss: 0.001967 | Train R²: 0.9357 | Val R²: 0.9320
Epoch 26000 | Train Loss: 0.001744 | Val Loss: 0.001887 | Train R²: 0.9386 | Val R²: 0.9348
Epoch 26500 | Train Loss: 0.001691 | Val Loss: 0.001831 | Train R²: 0.9404 | Val R²: 0.9367
Epoch 27000 | Train Loss: 0.001651 | Val Loss: 0.001788 | Train R²: 0.9418 | Val R²: 0.9382
Epoch 27500 | Train Loss: 0.001618 | Val Loss: 0.001751 | Train R²: 0.9430 | Val R²: 0.9395
Early stopping at epoch 27915 due to flat/negative trend (slope=0.000002)
Epoch 27915 | Train Loss: 0.001595 | Val Loss: 0.001726 | Train R²: 0.9438 | Val R²: 0.9403
Unpickling models
Following models have been loaded and moved to cuda:
trained gpp model:
 SNN_GPP_Tram(
  (net): Sequential(
    (0): Linear(in_features=11, out_features=12, bias=True)
    (1): Tanh()
    (2): Linear(in_features=12, out_features=1, bias=True)
    (3): Sigmoid()
  )
), trained_reco_model:
 SNN_GPP_Tram(
  (net): Sequential(
    (0): Linear(in_features=12, out_features=12, bias=True)
    (1): Tanh()
    (2): Linear(in_features=12, out_features=1, bias=True)
    (3): Sigmoid()
  )
)
using full data set for visualization
Un-normalizing the GPP and RECO predictions using NEE min: tensor([-36.1705]), NEE max: tensor([35.8634])



Metrics for the Tramontana, with
GPP inputs: ['SW_IN', 'VPD', 'TA', 'WTD', 'WS', 'PotRad', 'PotRadHalfHourlyDiff', 'PotRadDailyAvg', 'PotRadDailyDiff', 'WD_COS', 'WD_SIN']
RECO inputs: ['DOY_sin', 'DOY_cos', 'TA', 'TS_1', 'TS_2', 'TS_3', 'TS_4', 'WTD', 'WS', 'WD_COS', 'WD_SIN', 'NIGHTLY_NEE_AVG']:
DT_GPP vs Tramontana_GPP R²=0.95 RMSE=1.56
NT_GPP vs Tramontana_GPP R²=0.93 RMSE=1.82
DT_RECO vs Tramontana_RECO R²=0.69 RMSE=1.30
NT_RECO vs Tramontana_RECO R²=0.71 RMSE=1.09
DT_GPP vs NT_GPP R²=0.95 RMSE=1.56
DT_RECO vs NT_RECO R²=0.85 RMSE=1.00

gpp_input_names,  ['SW_IN', 'VPD', 'TA', 'WTD', 'WS', 'PotRad', 'PotRadHalfHourlyDiff', 'PotRadDailyAvg', 'PotRadDailyDiff', 'WD_COS', 'WD_SIN', 'GPP_PROX'] 
reco_input_names,  ['DOY_cos', 'TA', 'TS_1', 'TS_2', 'TS_3', 'TS_4', 'WTD', 'WS', 'WD_COS', 'WD_SIN', 'NIGHTLY_NEE_AVG'] 
true_nee_name,  ['NEE'] 

Tramontana Running on GPU With hidden layer size of 12 Total epochs: 100000 lr: 0.001 patience: 500 min_delta 0.01
SNN_GPP_Tram(
  (net): Sequential(
    (0): Linear(in_features=12, out_features=12, bias=True)
    (1): Tanh()
    (2): Linear(in_features=12, out_features=1, bias=True)
    (3): Sigmoid()
  )
)
SNN_RECO_Tram(
  (net): Sequential(
    (0): Linear(in_features=11, out_features=12, bias=True)
    (1): Tanh()
    (2): Linear(in_features=12, out_features=1, bias=True)
    (3): Sigmoid()
  )
)
Params are min slope: 2e-06, trend window: 100
Epoch     0 | Train Loss: 20021.679688 | Val Loss: 19797.541016 | Train R²: -705253.1875 | Val R²: -684346.4375
Epoch   500 | Train Loss: 244.204697 | Val Loss: 249.292603 | Train R²: -8600.9941 | Val R²: -8616.3701
Epoch  1000 | Train Loss: 60.264858 | Val Loss: 62.810417 | Train R²: -2121.8013 | Val R²: -2170.1860
Epoch  1500 | Train Loss: 26.091438 | Val Loss: 27.520603 | Train R²: -918.0585 | Val R²: -950.3128
Epoch  2000 | Train Loss: 14.022411 | Val Loss: 14.918358 | Train R²: -492.9328 | Val R²: -514.6872
Epoch  2500 | Train Loss: 8.454334 | Val Loss: 9.055268 | Train R²: -296.7999 | Val R²: -312.0161
Epoch  3000 | Train Loss: 5.482618 | Val Loss: 5.903698 | Train R²: -192.1226 | Val R²: -203.0748
Epoch  3500 | Train Loss: 3.747595 | Val Loss: 4.051613 | Train R²: -131.0072 | Val R²: -139.0533
Epoch  4000 | Train Loss: 2.672260 | Val Loss: 2.896554 | Train R²: -93.1291 | Val R²: -99.1260
Epoch  4500 | Train Loss: 1.972426 | Val Loss: 2.140795 | Train R²: -68.4778 | Val R²: -73.0015
Epoch  5000 | Train Loss: 1.445247 | Val Loss: 1.576131 | Train R²: -49.9081 | Val R²: -53.4826
Epoch  5500 | Train Loss: 1.058265 | Val Loss: 1.160378 | Train R²: -36.2769 | Val R²: -39.1111
Epoch  6000 | Train Loss: 0.761914 | Val Loss: 0.842009 | Train R²: -25.8380 | Val R²: -28.1060
Epoch  6500 | Train Loss: 0.546645 | Val Loss: 0.610982 | Train R²: -18.2553 | Val R²: -20.1200
Epoch  7000 | Train Loss: 0.397889 | Val Loss: 0.448238 | Train R²: -13.0155 | Val R²: -14.4944
Epoch  7500 | Train Loss: 0.289757 | Val Loss: 0.329048 | Train R²: -9.2066 | Val R²: -10.3743
Epoch  8000 | Train Loss: 0.211990 | Val Loss: 0.242863 | Train R²: -6.4672 | Val R²: -7.3951
Epoch  8500 | Train Loss: 0.156785 | Val Loss: 0.181148 | Train R²: -4.5227 | Val R²: -5.2618
Epoch  9000 | Train Loss: 0.117510 | Val Loss: 0.136790 | Train R²: -3.1392 | Val R²: -3.7284
Epoch  9500 | Train Loss: 0.089141 | Val Loss: 0.104427 | Train R²: -2.1400 | Val R²: -2.6098
Epoch 10000 | Train Loss: 0.068344 | Val Loss: 0.080459 | Train R²: -1.4074 | Val R²: -1.7813
Epoch 10500 | Train Loss: 0.052948 | Val Loss: 0.062526 | Train R²: -0.8651 | Val R²: -1.1614
Epoch 11000 | Train Loss: 0.041448 | Val Loss: 0.048988 | Train R²: -0.4600 | Val R²: -0.6934
Epoch 11500 | Train Loss: 0.032784 | Val Loss: 0.038691 | Train R²: -0.1548 | Val R²: -0.3374
Epoch 12000 | Train Loss: 0.026218 | Val Loss: 0.030829 | Train R²: 0.0765 | Val R²: -0.0657
Epoch 12500 | Train Loss: 0.021237 | Val Loss: 0.024831 | Train R²: 0.2520 | Val R²: 0.1416
Epoch 13000 | Train Loss: 0.017461 | Val Loss: 0.020272 | Train R²: 0.3849 | Val R²: 0.2993
Epoch 13500 | Train Loss: 0.014595 | Val Loss: 0.016809 | Train R²: 0.4859 | Val R²: 0.4190
Epoch 14000 | Train Loss: 0.012415 | Val Loss: 0.014179 | Train R²: 0.5627 | Val R²: 0.5099
Epoch 14500 | Train Loss: 0.010764 | Val Loss: 0.012192 | Train R²: 0.6208 | Val R²: 0.5785
Epoch 15000 | Train Loss: 0.009533 | Val Loss: 0.010713 | Train R²: 0.6642 | Val R²: 0.6297
Epoch 15500 | Train Loss: 0.008627 | Val Loss: 0.009622 | Train R²: 0.6961 | Val R²: 0.6674
Epoch 16000 | Train Loss: 0.007956 | Val Loss: 0.008812 | Train R²: 0.7197 | Val R²: 0.6954
Epoch 16500 | Train Loss: 0.007456 | Val Loss: 0.008207 | Train R²: 0.7374 | Val R²: 0.7163
Epoch 17000 | Train Loss: 0.007070 | Val Loss: 0.007743 | Train R²: 0.7510 | Val R²: 0.7324
Epoch 17500 | Train Loss: 0.006750 | Val Loss: 0.007366 | Train R²: 0.7622 | Val R²: 0.7454
Epoch 18000 | Train Loss: 0.006468 | Val Loss: 0.007040 | Train R²: 0.7722 | Val R²: 0.7566
Epoch 18500 | Train Loss: 0.006205 | Val Loss: 0.006746 | Train R²: 0.7814 | Val R²: 0.7668
Epoch 19000 | Train Loss: 0.005947 | Val Loss: 0.006463 | Train R²: 0.7905 | Val R²: 0.7766
Epoch 19500 | Train Loss: 0.005686 | Val Loss: 0.006173 | Train R²: 0.7997 | Val R²: 0.7866
Epoch 20000 | Train Loss: 0.005436 | Val Loss: 0.005893 | Train R²: 0.8085 | Val R²: 0.7963
Epoch 20500 | Train Loss: 0.005200 | Val Loss: 0.005635 | Train R²: 0.8168 | Val R²: 0.8052
Epoch 21000 | Train Loss: 0.004969 | Val Loss: 0.005380 | Train R²: 0.8250 | Val R²: 0.8140
Epoch 21500 | Train Loss: 0.004737 | Val Loss: 0.005116 | Train R²: 0.8331 | Val R²: 0.8231
Epoch 22000 | Train Loss: 0.004495 | Val Loss: 0.004829 | Train R²: 0.8417 | Val R²: 0.8331
Epoch 22500 | Train Loss: 0.004217 | Val Loss: 0.004502 | Train R²: 0.8515 | Val R²: 0.8444
Epoch 23000 | Train Loss: 0.003891 | Val Loss: 0.004126 | Train R²: 0.8630 | Val R²: 0.8574
Epoch 23500 | Train Loss: 0.003480 | Val Loss: 0.003672 | Train R²: 0.8774 | Val R²: 0.8731
Epoch 24000 | Train Loss: 0.002957 | Val Loss: 0.003121 | Train R²: 0.8958 | Val R²: 0.8921
Epoch 24500 | Train Loss: 0.002462 | Val Loss: 0.002608 | Train R²: 0.9133 | Val R²: 0.9099
Epoch 25000 | Train Loss: 0.002132 | Val Loss: 0.002273 | Train R²: 0.9249 | Val R²: 0.9214
Epoch 25500 | Train Loss: 0.001879 | Val Loss: 0.002019 | Train R²: 0.9338 | Val R²: 0.9302
Epoch 26000 | Train Loss: 0.001700 | Val Loss: 0.001834 | Train R²: 0.9401 | Val R²: 0.9366
Epoch 26500 | Train Loss: 0.001588 | Val Loss: 0.001713 | Train R²: 0.9441 | Val R²: 0.9408
Epoch 27000 | Train Loss: 0.001517 | Val Loss: 0.001634 | Train R²: 0.9465 | Val R²: 0.9435
Epoch 27500 | Train Loss: 0.001468 | Val Loss: 0.001577 | Train R²: 0.9483 | Val R²: 0.9455
Epoch 28000 | Train Loss: 0.001431 | Val Loss: 0.001532 | Train R²: 0.9496 | Val R²: 0.9470
Epoch 28500 | Train Loss: 0.001401 | Val Loss: 0.001496 | Train R²: 0.9506 | Val R²: 0.9483
Early stopping at epoch 28775 due to flat/negative trend (slope=0.000002)
Epoch 28775 | Train Loss: 0.001388 | Val Loss: 0.001480 | Train R²: 0.9511 | Val R²: 0.9488
Unpickling models
Following models have been loaded and moved to cuda:
trained gpp model:
 SNN_GPP_Tram(
  (net): Sequential(
    (0): Linear(in_features=12, out_features=12, bias=True)
    (1): Tanh()
    (2): Linear(in_features=12, out_features=1, bias=True)
    (3): Sigmoid()
  )
), trained_reco_model:
 SNN_GPP_Tram(
  (net): Sequential(
    (0): Linear(in_features=11, out_features=12, bias=True)
    (1): Tanh()
    (2): Linear(in_features=12, out_features=1, bias=True)
    (3): Sigmoid()
  )
)
using full data set for visualization
Un-normalizing the GPP and RECO predictions using NEE min: tensor([-36.1705]), NEE max: tensor([35.8634])



Metrics for the Tramontana, with
GPP inputs: ['SW_IN', 'VPD', 'TA', 'WTD', 'WS', 'PotRad', 'PotRadHalfHourlyDiff', 'PotRadDailyAvg', 'PotRadDailyDiff', 'WD_COS', 'WD_SIN', 'GPP_PROX']
RECO inputs: ['DOY_cos', 'TA', 'TS_1', 'TS_2', 'TS_3', 'TS_4', 'WTD', 'WS', 'WD_COS', 'WD_SIN', 'NIGHTLY_NEE_AVG']:
DT_GPP vs Tramontana_GPP R²=0.96 RMSE=1.42
NT_GPP vs Tramontana_GPP R²=0.95 RMSE=1.60
DT_RECO vs Tramontana_RECO R²=0.74 RMSE=1.18
NT_RECO vs Tramontana_RECO R²=0.84 RMSE=0.82
DT_GPP vs NT_GPP R²=0.95 RMSE=1.56
DT_RECO vs NT_RECO R²=0.85 RMSE=1.00

gpp_input_names,  ['SW_IN', 'VPD', 'TA', 'WTD', 'WS', 'PotRad', 'PotRadHalfHourlyDiff', 'PotRadDailyAvg', 'PotRadDailyDiff', 'WD_COS', 'WD_SIN', 'GPP_PROX'] 
reco_input_names,  ['DOY_sin', 'TA', 'TS_1', 'TS_2', 'TS_3', 'TS_4', 'WTD', 'WS', 'WD_COS', 'WD_SIN', 'NIGHTLY_NEE_AVG'] 
true_nee_name,  ['NEE'] 

Tramontana Running on GPU With hidden layer size of 12 Total epochs: 100000 lr: 0.001 patience: 500 min_delta 0.01
SNN_GPP_Tram(
  (net): Sequential(
    (0): Linear(in_features=12, out_features=12, bias=True)
    (1): Tanh()
    (2): Linear(in_features=12, out_features=1, bias=True)
    (3): Sigmoid()
  )
)
SNN_RECO_Tram(
  (net): Sequential(
    (0): Linear(in_features=11, out_features=12, bias=True)
    (1): Tanh()
    (2): Linear(in_features=12, out_features=1, bias=True)
    (3): Sigmoid()
  )
)
Params are min slope: 2e-06, trend window: 100
Epoch     0 | Train Loss: 20020.226562 | Val Loss: 19796.103516 | Train R²: -705201.9375 | Val R²: -684296.6875
Epoch   500 | Train Loss: 244.184845 | Val Loss: 249.272568 | Train R²: -8600.2959 | Val R²: -8615.6777
Epoch  1000 | Train Loss: 60.260635 | Val Loss: 62.806206 | Train R²: -2121.6526 | Val R²: -2170.0400
Epoch  1500 | Train Loss: 26.089819 | Val Loss: 27.518988 | Train R²: -918.0015 | Val R²: -950.2568
Epoch  2000 | Train Loss: 14.021659 | Val Loss: 14.917606 | Train R²: -492.9063 | Val R²: -514.6613
Epoch  2500 | Train Loss: 8.453944 | Val Loss: 9.054867 | Train R²: -296.7862 | Val R²: -312.0022
Epoch  3000 | Train Loss: 5.482353 | Val Loss: 5.903411 | Train R²: -192.1133 | Val R²: -203.0649
Epoch  3500 | Train Loss: 3.747280 | Val Loss: 4.051264 | Train R²: -130.9962 | Val R²: -139.0412
Epoch  4000 | Train Loss: 2.671462 | Val Loss: 2.895690 | Train R²: -93.1010 | Val R²: -99.0962
Epoch  4500 | Train Loss: 1.967498 | Val Loss: 2.135740 | Train R²: -68.3042 | Val R²: -72.8267
Epoch  5000 | Train Loss: 1.446826 | Val Loss: 1.576972 | Train R²: -49.9638 | Val R²: -53.5117
Epoch  5500 | Train Loss: 1.075994 | Val Loss: 1.178715 | Train R²: -36.9014 | Val R²: -39.7450
Epoch  6000 | Train Loss: 0.785132 | Val Loss: 0.867100 | Train R²: -26.6559 | Val R²: -28.9733
Epoch  6500 | Train Loss: 0.565049 | Val Loss: 0.629754 | Train R²: -18.9036 | Val R²: -20.7689
Epoch  7000 | Train Loss: 0.408825 | Val Loss: 0.459558 | Train R²: -13.4007 | Val R²: -14.8857
Epoch  7500 | Train Loss: 0.295990 | Val Loss: 0.335357 | Train R²: -9.4261 | Val R²: -10.5924
Epoch  8000 | Train Loss: 0.214554 | Val Loss: 0.245369 | Train R²: -6.5576 | Val R²: -7.4817
Epoch  8500 | Train Loss: 0.157348 | Val Loss: 0.181676 | Train R²: -4.5425 | Val R²: -5.2801
Epoch  9000 | Train Loss: 0.117271 | Val Loss: 0.136571 | Train R²: -3.1308 | Val R²: -3.7209
Epoch  9500 | Train Loss: 0.088718 | Val Loss: 0.104056 | Train R²: -2.1251 | Val R²: -2.5969
Epoch 10000 | Train Loss: 0.068017 | Val Loss: 0.080199 | Train R²: -1.3959 | Val R²: -1.7722
Epoch 10500 | Train Loss: 0.052808 | Val Loss: 0.062453 | Train R²: -0.8601 | Val R²: -1.1588
Epoch 11000 | Train Loss: 0.041492 | Val Loss: 0.049091 | Train R²: -0.4615 | Val R²: -0.6969
Epoch 11500 | Train Loss: 0.032952 | Val Loss: 0.038905 | Train R²: -0.1607 | Val R²: -0.3448
Epoch 12000 | Train Loss: 0.026364 | Val Loss: 0.030999 | Train R²: 0.0713 | Val R²: -0.0716
Epoch 12500 | Train Loss: 0.021296 | Val Loss: 0.024916 | Train R²: 0.2499 | Val R²: 0.1387
Epoch 13000 | Train Loss: 0.017444 | Val Loss: 0.020276 | Train R²: 0.3855 | Val R²: 0.2991
Epoch 13500 | Train Loss: 0.014537 | Val Loss: 0.016764 | Train R²: 0.4879 | Val R²: 0.4205
Epoch 14000 | Train Loss: 0.012355 | Val Loss: 0.014123 | Train R²: 0.5648 | Val R²: 0.5118
Epoch 14500 | Train Loss: 0.010729 | Val Loss: 0.012154 | Train R²: 0.6221 | Val R²: 0.5799
Epoch 15000 | Train Loss: 0.009533 | Val Loss: 0.010700 | Train R²: 0.6642 | Val R²: 0.6301
Epoch 15500 | Train Loss: 0.008655 | Val Loss: 0.009633 | Train R²: 0.6951 | Val R²: 0.6670
Epoch 16000 | Train Loss: 0.008007 | Val Loss: 0.008848 | Train R²: 0.7179 | Val R²: 0.6942
Epoch 16500 | Train Loss: 0.007520 | Val Loss: 0.008263 | Train R²: 0.7351 | Val R²: 0.7144
Epoch 17000 | Train Loss: 0.007135 | Val Loss: 0.007807 | Train R²: 0.7487 | Val R²: 0.7301
Epoch 17500 | Train Loss: 0.006815 | Val Loss: 0.007438 | Train R²: 0.7600 | Val R²: 0.7429
Epoch 18000 | Train Loss: 0.006531 | Val Loss: 0.007122 | Train R²: 0.7699 | Val R²: 0.7538
Epoch 18500 | Train Loss: 0.006262 | Val Loss: 0.006828 | Train R²: 0.7794 | Val R²: 0.7640
Epoch 19000 | Train Loss: 0.005989 | Val Loss: 0.006536 | Train R²: 0.7890 | Val R²: 0.7741
Epoch 19500 | Train Loss: 0.005730 | Val Loss: 0.006253 | Train R²: 0.7982 | Val R²: 0.7838
Epoch 20000 | Train Loss: 0.005492 | Val Loss: 0.005984 | Train R²: 0.8066 | Val R²: 0.7931
Epoch 20500 | Train Loss: 0.005257 | Val Loss: 0.005714 | Train R²: 0.8148 | Val R²: 0.8025
Epoch 21000 | Train Loss: 0.005002 | Val Loss: 0.005418 | Train R²: 0.8238 | Val R²: 0.8127
Epoch 21500 | Train Loss: 0.004725 | Val Loss: 0.005108 | Train R²: 0.8336 | Val R²: 0.8234
Epoch 22000 | Train Loss: 0.004448 | Val Loss: 0.004798 | Train R²: 0.8433 | Val R²: 0.8342
Epoch 22500 | Train Loss: 0.004166 | Val Loss: 0.004473 | Train R²: 0.8533 | Val R²: 0.8454
Epoch 23000 | Train Loss: 0.003848 | Val Loss: 0.004108 | Train R²: 0.8644 | Val R²: 0.8580
Epoch 23500 | Train Loss: 0.003452 | Val Loss: 0.003666 | Train R²: 0.8784 | Val R²: 0.8733
Epoch 24000 | Train Loss: 0.002948 | Val Loss: 0.003119 | Train R²: 0.8962 | Val R²: 0.8922
Epoch 24500 | Train Loss: 0.002461 | Val Loss: 0.002602 | Train R²: 0.9133 | Val R²: 0.9100
Epoch 25000 | Train Loss: 0.002121 | Val Loss: 0.002255 | Train R²: 0.9253 | Val R²: 0.9220
Epoch 25500 | Train Loss: 0.001863 | Val Loss: 0.002002 | Train R²: 0.9344 | Val R²: 0.9308
Epoch 26000 | Train Loss: 0.001691 | Val Loss: 0.001828 | Train R²: 0.9404 | Val R²: 0.9368
Epoch 26500 | Train Loss: 0.001586 | Val Loss: 0.001715 | Train R²: 0.9441 | Val R²: 0.9407
Epoch 27000 | Train Loss: 0.001516 | Val Loss: 0.001633 | Train R²: 0.9466 | Val R²: 0.9436
Epoch 27500 | Train Loss: 0.001467 | Val Loss: 0.001572 | Train R²: 0.9483 | Val R²: 0.9457
Epoch 28000 | Train Loss: 0.001433 | Val Loss: 0.001527 | Train R²: 0.9495 | Val R²: 0.9472
Epoch 28500 | Train Loss: 0.001407 | Val Loss: 0.001493 | Train R²: 0.9504 | Val R²: 0.9484
Early stopping at epoch 28692 due to flat/negative trend (slope=0.000002)
Epoch 28692 | Train Loss: 0.001399 | Val Loss: 0.001481 | Train R²: 0.9507 | Val R²: 0.9488
Unpickling models
Following models have been loaded and moved to cuda:
trained gpp model:
 SNN_GPP_Tram(
  (net): Sequential(
    (0): Linear(in_features=12, out_features=12, bias=True)
    (1): Tanh()
    (2): Linear(in_features=12, out_features=1, bias=True)
    (3): Sigmoid()
  )
), trained_reco_model:
 SNN_GPP_Tram(
  (net): Sequential(
    (0): Linear(in_features=11, out_features=12, bias=True)
    (1): Tanh()
    (2): Linear(in_features=12, out_features=1, bias=True)
    (3): Sigmoid()
  )
)
using full data set for visualization
Un-normalizing the GPP and RECO predictions using NEE min: tensor([-36.1705]), NEE max: tensor([35.8634])



Metrics for the Tramontana, with
GPP inputs: ['SW_IN', 'VPD', 'TA', 'WTD', 'WS', 'PotRad', 'PotRadHalfHourlyDiff', 'PotRadDailyAvg', 'PotRadDailyDiff', 'WD_COS', 'WD_SIN', 'GPP_PROX']
RECO inputs: ['DOY_sin', 'TA', 'TS_1', 'TS_2', 'TS_3', 'TS_4', 'WTD', 'WS', 'WD_COS', 'WD_SIN', 'NIGHTLY_NEE_AVG']:
DT_GPP vs Tramontana_GPP R²=0.96 RMSE=1.43
NT_GPP vs Tramontana_GPP R²=0.95 RMSE=1.58
DT_RECO vs Tramontana_RECO R²=0.75 RMSE=1.16
NT_RECO vs Tramontana_RECO R²=0.86 RMSE=0.76
DT_GPP vs NT_GPP R²=0.95 RMSE=1.56
DT_RECO vs NT_RECO R²=0.85 RMSE=1.00

gpp_input_names,  ['SW_IN', 'VPD', 'TA', 'WTD', 'WS', 'PotRad', 'PotRadHalfHourlyDiff', 'PotRadDailyAvg', 'PotRadDailyDiff', 'WD_COS', 'WD_SIN', 'GPP_PROX'] 
reco_input_names,  ['DOY_sin', 'DOY_cos', 'TS_1', 'TS_2', 'TS_3', 'TS_4', 'WTD', 'WS', 'WD_COS', 'WD_SIN', 'NIGHTLY_NEE_AVG'] 
true_nee_name,  ['NEE'] 

Tramontana Running on GPU With hidden layer size of 12 Total epochs: 100000 lr: 0.001 patience: 500 min_delta 0.01
SNN_GPP_Tram(
  (net): Sequential(
    (0): Linear(in_features=12, out_features=12, bias=True)
    (1): Tanh()
    (2): Linear(in_features=12, out_features=1, bias=True)
    (3): Sigmoid()
  )
)
SNN_RECO_Tram(
  (net): Sequential(
    (0): Linear(in_features=11, out_features=12, bias=True)
    (1): Tanh()
    (2): Linear(in_features=12, out_features=1, bias=True)
    (3): Sigmoid()
  )
)
Params are min slope: 2e-06, trend window: 100
Epoch     0 | Train Loss: 20022.373047 | Val Loss: 19798.269531 | Train R²: -705277.5625 | Val R²: -684371.5625
Epoch   500 | Train Loss: 244.169540 | Val Loss: 249.255600 | Train R²: -8599.7559 | Val R²: -8615.0908
Epoch  1000 | Train Loss: 60.260567 | Val Loss: 62.806164 | Train R²: -2121.6497 | Val R²: -2170.0391
Epoch  1500 | Train Loss: 26.091398 | Val Loss: 27.520752 | Train R²: -918.0570 | Val R²: -950.3177
Epoch  2000 | Train Loss: 14.023276 | Val Loss: 14.919374 | Train R²: -492.9633 | Val R²: -514.7223
Epoch  2500 | Train Loss: 8.455352 | Val Loss: 9.056389 | Train R²: -296.8357 | Val R²: -312.0548
Epoch  3000 | Train Loss: 5.483494 | Val Loss: 5.904627 | Train R²: -192.1535 | Val R²: -203.1070
Epoch  3500 | Train Loss: 3.748009 | Val Loss: 4.052045 | Train R²: -131.0218 | Val R²: -139.0682
Epoch  4000 | Train Loss: 2.670979 | Val Loss: 2.895254 | Train R²: -93.0840 | Val R²: -99.0811
Epoch  4500 | Train Loss: 1.957330 | Val Loss: 2.125733 | Train R²: -67.9460 | Val R²: -72.4808
Epoch  5000 | Train Loss: 1.434232 | Val Loss: 1.565122 | Train R²: -49.5202 | Val R²: -53.1020
Epoch  5500 | Train Loss: 1.071900 | Val Loss: 1.174274 | Train R²: -36.7572 | Val R²: -39.5915
Epoch  6000 | Train Loss: 0.787705 | Val Loss: 0.867960 | Train R²: -26.7465 | Val R²: -29.0030
Epoch  6500 | Train Loss: 0.565708 | Val Loss: 0.629470 | Train R²: -18.9268 | Val R²: -20.7591
Epoch  7000 | Train Loss: 0.414974 | Val Loss: 0.465199 | Train R²: -13.6173 | Val R²: -15.0807
Epoch  7500 | Train Loss: 0.307272 | Val Loss: 0.346062 | Train R²: -9.8235 | Val R²: -10.9624
Epoch  8000 | Train Loss: 0.229419 | Val Loss: 0.259347 | Train R²: -7.0812 | Val R²: -7.9649
Epoch  8500 | Train Loss: 0.173091 | Val Loss: 0.196260 | Train R²: -5.0970 | Val R²: -5.7842
Epoch  9000 | Train Loss: 0.131755 | Val Loss: 0.149746 | Train R²: -3.6410 | Val R²: -4.1763
Epoch  9500 | Train Loss: 0.100900 | Val Loss: 0.114911 | Train R²: -2.5542 | Val R²: -2.9722
Epoch 10000 | Train Loss: 0.077606 | Val Loss: 0.088542 | Train R²: -1.7336 | Val R²: -2.0607
Epoch 10500 | Train Loss: 0.059963 | Val Loss: 0.068507 | Train R²: -1.1122 | Val R²: -1.3681
Epoch 11000 | Train Loss: 0.046586 | Val Loss: 0.053260 | Train R²: -0.6410 | Val R²: -0.8410
Epoch 11500 | Train Loss: 0.036446 | Val Loss: 0.041653 | Train R²: -0.2838 | Val R²: -0.4398
Epoch 12000 | Train Loss: 0.028782 | Val Loss: 0.032842 | Train R²: -0.0138 | Val R²: -0.1353
Epoch 12500 | Train Loss: 0.023030 | Val Loss: 0.026204 | Train R²: 0.1888 | Val R²: 0.0942
Epoch 13000 | Train Loss: 0.018738 | Val Loss: 0.021234 | Train R²: 0.3400 | Val R²: 0.2660
Epoch 13500 | Train Loss: 0.015542 | Val Loss: 0.017522 | Train R²: 0.4526 | Val R²: 0.3943
Epoch 14000 | Train Loss: 0.013166 | Val Loss: 0.014757 | Train R²: 0.5362 | Val R²: 0.4899
Epoch 14500 | Train Loss: 0.011420 | Val Loss: 0.012719 | Train R²: 0.5977 | Val R²: 0.5604
Epoch 15000 | Train Loss: 0.010152 | Val Loss: 0.011230 | Train R²: 0.6424 | Val R²: 0.6118
Epoch 15500 | Train Loss: 0.009233 | Val Loss: 0.010144 | Train R²: 0.6748 | Val R²: 0.6494
Epoch 16000 | Train Loss: 0.008557 | Val Loss: 0.009342 | Train R²: 0.6986 | Val R²: 0.6771
Epoch 16500 | Train Loss: 0.008044 | Val Loss: 0.008736 | Train R²: 0.7167 | Val R²: 0.6980
Epoch 17000 | Train Loss: 0.007633 | Val Loss: 0.008257 | Train R²: 0.7311 | Val R²: 0.7146
Epoch 17500 | Train Loss: 0.007280 | Val Loss: 0.007856 | Train R²: 0.7436 | Val R²: 0.7284
Epoch 18000 | Train Loss: 0.006972 | Val Loss: 0.007515 | Train R²: 0.7544 | Val R²: 0.7402
Epoch 18500 | Train Loss: 0.006705 | Val Loss: 0.007222 | Train R²: 0.7638 | Val R²: 0.7504
Epoch 19000 | Train Loss: 0.006468 | Val Loss: 0.006958 | Train R²: 0.7722 | Val R²: 0.7595
Epoch 19500 | Train Loss: 0.006247 | Val Loss: 0.006707 | Train R²: 0.7800 | Val R²: 0.7682
Epoch 20000 | Train Loss: 0.006031 | Val Loss: 0.006459 | Train R²: 0.7875 | Val R²: 0.7767
Epoch 20500 | Train Loss: 0.005810 | Val Loss: 0.006203 | Train R²: 0.7954 | Val R²: 0.7856
Epoch 21000 | Train Loss: 0.005570 | Val Loss: 0.005930 | Train R²: 0.8038 | Val R²: 0.7950
Epoch 21500 | Train Loss: 0.005302 | Val Loss: 0.005624 | Train R²: 0.8132 | Val R²: 0.8056
Epoch 22000 | Train Loss: 0.005009 | Val Loss: 0.005285 | Train R²: 0.8236 | Val R²: 0.8173
Epoch 22500 | Train Loss: 0.004682 | Val Loss: 0.004900 | Train R²: 0.8351 | Val R²: 0.8306
Epoch 23000 | Train Loss: 0.004283 | Val Loss: 0.004442 | Train R²: 0.8491 | Val R²: 0.8464
Epoch 23500 | Train Loss: 0.003750 | Val Loss: 0.003868 | Train R²: 0.8679 | Val R²: 0.8663
Epoch 24000 | Train Loss: 0.003081 | Val Loss: 0.003183 | Train R²: 0.8915 | Val R²: 0.8900
Epoch 24500 | Train Loss: 0.002486 | Val Loss: 0.002583 | Train R²: 0.9124 | Val R²: 0.9107
Epoch 25000 | Train Loss: 0.002118 | Val Loss: 0.002213 | Train R²: 0.9254 | Val R²: 0.9235
Epoch 25500 | Train Loss: 0.001890 | Val Loss: 0.001993 | Train R²: 0.9334 | Val R²: 0.9311
Epoch 26000 | Train Loss: 0.001724 | Val Loss: 0.001830 | Train R²: 0.9393 | Val R²: 0.9367
Epoch 26500 | Train Loss: 0.001610 | Val Loss: 0.001713 | Train R²: 0.9433 | Val R²: 0.9408
Epoch 27000 | Train Loss: 0.001543 | Val Loss: 0.001639 | Train R²: 0.9457 | Val R²: 0.9433
Epoch 27500 | Train Loss: 0.001496 | Val Loss: 0.001584 | Train R²: 0.9473 | Val R²: 0.9452
Epoch 28000 | Train Loss: 0.001460 | Val Loss: 0.001541 | Train R²: 0.9486 | Val R²: 0.9467
Early stopping at epoch 28452 due to flat/negative trend (slope=0.000002)
Epoch 28452 | Train Loss: 0.001436 | Val Loss: 0.001513 | Train R²: 0.9494 | Val R²: 0.9477
Unpickling models
Following models have been loaded and moved to cuda:
trained gpp model:
 SNN_GPP_Tram(
  (net): Sequential(
    (0): Linear(in_features=12, out_features=12, bias=True)
    (1): Tanh()
    (2): Linear(in_features=12, out_features=1, bias=True)
    (3): Sigmoid()
  )
), trained_reco_model:
 SNN_GPP_Tram(
  (net): Sequential(
    (0): Linear(in_features=11, out_features=12, bias=True)
    (1): Tanh()
    (2): Linear(in_features=12, out_features=1, bias=True)
    (3): Sigmoid()
  )
)
using full data set for visualization
Un-normalizing the GPP and RECO predictions using NEE min: tensor([-36.1705]), NEE max: tensor([35.8634])



Metrics for the Tramontana, with
GPP inputs: ['SW_IN', 'VPD', 'TA', 'WTD', 'WS', 'PotRad', 'PotRadHalfHourlyDiff', 'PotRadDailyAvg', 'PotRadDailyDiff', 'WD_COS', 'WD_SIN', 'GPP_PROX']
RECO inputs: ['DOY_sin', 'DOY_cos', 'TS_1', 'TS_2', 'TS_3', 'TS_4', 'WTD', 'WS', 'WD_COS', 'WD_SIN', 'NIGHTLY_NEE_AVG']:
DT_GPP vs Tramontana_GPP R²=0.96 RMSE=1.37
NT_GPP vs Tramontana_GPP R²=0.95 RMSE=1.55
DT_RECO vs Tramontana_RECO R²=0.78 RMSE=1.10
NT_RECO vs Tramontana_RECO R²=0.88 RMSE=0.69
DT_GPP vs NT_GPP R²=0.95 RMSE=1.56
DT_RECO vs NT_RECO R²=0.85 RMSE=1.00

gpp_input_names,  ['SW_IN', 'VPD', 'TA', 'WTD', 'WS', 'PotRad', 'PotRadHalfHourlyDiff', 'PotRadDailyAvg', 'PotRadDailyDiff', 'WD_COS', 'WD_SIN', 'GPP_PROX'] 
reco_input_names,  ['DOY_sin', 'DOY_cos', 'TA', 'TS_2', 'TS_3', 'TS_4', 'WTD', 'WS', 'WD_COS', 'WD_SIN', 'NIGHTLY_NEE_AVG'] 
true_nee_name,  ['NEE'] 

Tramontana Running on GPU With hidden layer size of 12 Total epochs: 100000 lr: 0.001 patience: 500 min_delta 0.01
SNN_GPP_Tram(
  (net): Sequential(
    (0): Linear(in_features=12, out_features=12, bias=True)
    (1): Tanh()
    (2): Linear(in_features=12, out_features=1, bias=True)
    (3): Sigmoid()
  )
)
SNN_RECO_Tram(
  (net): Sequential(
    (0): Linear(in_features=11, out_features=12, bias=True)
    (1): Tanh()
    (2): Linear(in_features=12, out_features=1, bias=True)
    (3): Sigmoid()
  )
)
Params are min slope: 2e-06, trend window: 100
Epoch     0 | Train Loss: 20023.039062 | Val Loss: 19798.921875 | Train R²: -705301.0625 | Val R²: -684394.1250
Epoch   500 | Train Loss: 244.171844 | Val Loss: 249.258545 | Train R²: -8599.8369 | Val R²: -8615.1924
Epoch  1000 | Train Loss: 60.259422 | Val Loss: 62.805008 | Train R²: -2121.6096 | Val R²: -2169.9990
Epoch  1500 | Train Loss: 26.090481 | Val Loss: 27.519772 | Train R²: -918.0248 | Val R²: -950.2840
Epoch  2000 | Train Loss: 14.022607 | Val Loss: 14.918655 | Train R²: -492.9397 | Val R²: -514.6976
Epoch  2500 | Train Loss: 8.454859 | Val Loss: 9.055862 | Train R²: -296.8184 | Val R²: -312.0367
Epoch  3000 | Train Loss: 5.483148 | Val Loss: 5.904262 | Train R²: -192.1413 | Val R²: -203.0943
Epoch  3500 | Train Loss: 3.747853 | Val Loss: 4.051867 | Train R²: -131.0163 | Val R²: -139.0621
Epoch  4000 | Train Loss: 2.671350 | Val Loss: 2.895598 | Train R²: -93.0970 | Val R²: -99.0930
Epoch  4500 | Train Loss: 1.961387 | Val Loss: 2.129683 | Train R²: -68.0889 | Val R²: -72.6174
Epoch  5000 | Train Loss: 1.434737 | Val Loss: 1.565426 | Train R²: -49.5379 | Val R²: -53.1125
Epoch  5500 | Train Loss: 1.071381 | Val Loss: 1.173771 | Train R²: -36.7389 | Val R²: -39.5741
Epoch  6000 | Train Loss: 0.784216 | Val Loss: 0.864945 | Train R²: -26.6236 | Val R²: -28.8988
Epoch  6500 | Train Loss: 0.561905 | Val Loss: 0.625972 | Train R²: -18.7928 | Val R²: -20.6381
Epoch  7000 | Train Loss: 0.409560 | Val Loss: 0.460049 | Train R²: -13.4266 | Val R²: -14.9026
Epoch  7500 | Train Loss: 0.298299 | Val Loss: 0.337659 | Train R²: -9.5075 | Val R²: -10.6720
Epoch  8000 | Train Loss: 0.217519 | Val Loss: 0.248441 | Train R²: -6.6620 | Val R²: -7.5879
Epoch  8500 | Train Loss: 0.160479 | Val Loss: 0.184987 | Train R²: -4.6528 | Val R²: -5.3945
Epoch  9000 | Train Loss: 0.119986 | Val Loss: 0.139503 | Train R²: -3.2265 | Val R²: -3.8222
Epoch  9500 | Train Loss: 0.090712 | Val Loss: 0.106292 | Train R²: -2.1953 | Val R²: -2.6742
Epoch 10000 | Train Loss: 0.069275 | Val Loss: 0.081721 | Train R²: -1.4402 | Val R²: -1.8249
Epoch 10500 | Train Loss: 0.053450 | Val Loss: 0.063375 | Train R²: -0.8828 | Val R²: -1.1907
Epoch 11000 | Train Loss: 0.041696 | Val Loss: 0.049580 | Train R²: -0.4687 | Val R²: -0.7139
Epoch 11500 | Train Loss: 0.032888 | Val Loss: 0.039125 | Train R²: -0.1585 | Val R²: -0.3524
Epoch 12000 | Train Loss: 0.026218 | Val Loss: 0.031132 | Train R²: 0.0765 | Val R²: -0.0762
Epoch 12500 | Train Loss: 0.021143 | Val Loss: 0.025008 | Train R²: 0.2553 | Val R²: 0.1355
Epoch 13000 | Train Loss: 0.017317 | Val Loss: 0.020364 | Train R²: 0.3900 | Val R²: 0.2961
Epoch 13500 | Train Loss: 0.014445 | Val Loss: 0.016856 | Train R²: 0.4912 | Val R²: 0.4173
Epoch 14000 | Train Loss: 0.012298 | Val Loss: 0.014225 | Train R²: 0.5668 | Val R²: 0.5083
Epoch 14500 | Train Loss: 0.010712 | Val Loss: 0.012269 | Train R²: 0.6227 | Val R²: 0.5759
Epoch 15000 | Train Loss: 0.009542 | Val Loss: 0.010817 | Train R²: 0.6639 | Val R²: 0.6261
Epoch 15500 | Train Loss: 0.008675 | Val Loss: 0.009739 | Train R²: 0.6944 | Val R²: 0.6633
Epoch 16000 | Train Loss: 0.008024 | Val Loss: 0.008934 | Train R²: 0.7173 | Val R²: 0.6912
Epoch 16500 | Train Loss: 0.007529 | Val Loss: 0.008325 | Train R²: 0.7348 | Val R²: 0.7122
Epoch 17000 | Train Loss: 0.007136 | Val Loss: 0.007851 | Train R²: 0.7486 | Val R²: 0.7286
Epoch 17500 | Train Loss: 0.006812 | Val Loss: 0.007470 | Train R²: 0.7600 | Val R²: 0.7418
Epoch 18000 | Train Loss: 0.006531 | Val Loss: 0.007144 | Train R²: 0.7699 | Val R²: 0.7530
Epoch 18500 | Train Loss: 0.006265 | Val Loss: 0.006839 | Train R²: 0.7793 | Val R²: 0.7636
Epoch 19000 | Train Loss: 0.005998 | Val Loss: 0.006536 | Train R²: 0.7887 | Val R²: 0.7741
Epoch 19500 | Train Loss: 0.005731 | Val Loss: 0.006232 | Train R²: 0.7981 | Val R²: 0.7846
Epoch 20000 | Train Loss: 0.005469 | Val Loss: 0.005934 | Train R²: 0.8074 | Val R²: 0.7949
Epoch 20500 | Train Loss: 0.005224 | Val Loss: 0.005662 | Train R²: 0.8160 | Val R²: 0.8043
Epoch 21000 | Train Loss: 0.004983 | Val Loss: 0.005394 | Train R²: 0.8245 | Val R²: 0.8135
Epoch 21500 | Train Loss: 0.004733 | Val Loss: 0.005114 | Train R²: 0.8333 | Val R²: 0.8232
Epoch 22000 | Train Loss: 0.004472 | Val Loss: 0.004814 | Train R²: 0.8425 | Val R²: 0.8336
Epoch 22500 | Train Loss: 0.004183 | Val Loss: 0.004481 | Train R²: 0.8526 | Val R²: 0.8451
Epoch 23000 | Train Loss: 0.003850 | Val Loss: 0.004104 | Train R²: 0.8644 | Val R²: 0.8581
Epoch 23500 | Train Loss: 0.003430 | Val Loss: 0.003644 | Train R²: 0.8792 | Val R²: 0.8740
Epoch 24000 | Train Loss: 0.002903 | Val Loss: 0.003079 | Train R²: 0.8978 | Val R²: 0.8936
Epoch 24500 | Train Loss: 0.002417 | Val Loss: 0.002563 | Train R²: 0.9149 | Val R²: 0.9114
Epoch 25000 | Train Loss: 0.002087 | Val Loss: 0.002224 | Train R²: 0.9265 | Val R²: 0.9231
Epoch 25500 | Train Loss: 0.001842 | Val Loss: 0.001980 | Train R²: 0.9351 | Val R²: 0.9316
Epoch 26000 | Train Loss: 0.001679 | Val Loss: 0.001813 | Train R²: 0.9408 | Val R²: 0.9373
Epoch 26500 | Train Loss: 0.001577 | Val Loss: 0.001702 | Train R²: 0.9444 | Val R²: 0.9412
Epoch 27000 | Train Loss: 0.001511 | Val Loss: 0.001625 | Train R²: 0.9468 | Val R²: 0.9438
Epoch 27500 | Train Loss: 0.001464 | Val Loss: 0.001565 | Train R²: 0.9484 | Val R²: 0.9459
Epoch 28000 | Train Loss: 0.001429 | Val Loss: 0.001519 | Train R²: 0.9497 | Val R²: 0.9475
Epoch 28500 | Train Loss: 0.001403 | Val Loss: 0.001484 | Train R²: 0.9506 | Val R²: 0.9487
Early stopping at epoch 28651 due to flat/negative trend (slope=0.000002)
Epoch 28651 | Train Loss: 0.001396 | Val Loss: 0.001475 | Train R²: 0.9508 | Val R²: 0.9490
Unpickling models
Following models have been loaded and moved to cuda:
trained gpp model:
 SNN_GPP_Tram(
  (net): Sequential(
    (0): Linear(in_features=12, out_features=12, bias=True)
    (1): Tanh()
    (2): Linear(in_features=12, out_features=1, bias=True)
    (3): Sigmoid()
  )
), trained_reco_model:
 SNN_GPP_Tram(
  (net): Sequential(
    (0): Linear(in_features=11, out_features=12, bias=True)
    (1): Tanh()
    (2): Linear(in_features=12, out_features=1, bias=True)
    (3): Sigmoid()
  )
)
using full data set for visualization
Un-normalizing the GPP and RECO predictions using NEE min: tensor([-36.1705]), NEE max: tensor([35.8634])



Metrics for the Tramontana, with
GPP inputs: ['SW_IN', 'VPD', 'TA', 'WTD', 'WS', 'PotRad', 'PotRadHalfHourlyDiff', 'PotRadDailyAvg', 'PotRadDailyDiff', 'WD_COS', 'WD_SIN', 'GPP_PROX']
RECO inputs: ['DOY_sin', 'DOY_cos', 'TA', 'TS_2', 'TS_3', 'TS_4', 'WTD', 'WS', 'WD_COS', 'WD_SIN', 'NIGHTLY_NEE_AVG']:
DT_GPP vs Tramontana_GPP R²=0.96 RMSE=1.46
NT_GPP vs Tramontana_GPP R²=0.95 RMSE=1.62
DT_RECO vs Tramontana_RECO R²=0.72 RMSE=1.23
NT_RECO vs Tramontana_RECO R²=0.83 RMSE=0.84
DT_GPP vs NT_GPP R²=0.95 RMSE=1.56
DT_RECO vs NT_RECO R²=0.85 RMSE=1.00

gpp_input_names,  ['SW_IN', 'VPD', 'TA', 'WTD', 'WS', 'PotRad', 'PotRadHalfHourlyDiff', 'PotRadDailyAvg', 'PotRadDailyDiff', 'WD_COS', 'WD_SIN', 'GPP_PROX'] 
reco_input_names,  ['DOY_sin', 'DOY_cos', 'TA', 'TS_1', 'TS_3', 'TS_4', 'WTD', 'WS', 'WD_COS', 'WD_SIN', 'NIGHTLY_NEE_AVG'] 
true_nee_name,  ['NEE'] 

Tramontana Running on GPU With hidden layer size of 12 Total epochs: 100000 lr: 0.001 patience: 500 min_delta 0.01
SNN_GPP_Tram(
  (net): Sequential(
    (0): Linear(in_features=12, out_features=12, bias=True)
    (1): Tanh()
    (2): Linear(in_features=12, out_features=1, bias=True)
    (3): Sigmoid()
  )
)
SNN_RECO_Tram(
  (net): Sequential(
    (0): Linear(in_features=11, out_features=12, bias=True)
    (1): Tanh()
    (2): Linear(in_features=12, out_features=1, bias=True)
    (3): Sigmoid()
  )
)
Params are min slope: 2e-06, trend window: 100
Epoch     0 | Train Loss: 20023.029297 | Val Loss: 19798.908203 | Train R²: -705300.7500 | Val R²: -684393.6875
Epoch   500 | Train Loss: 244.169754 | Val Loss: 249.256470 | Train R²: -8599.7637 | Val R²: -8615.1211
Epoch  1000 | Train Loss: 60.259033 | Val Loss: 62.804615 | Train R²: -2121.5959 | Val R²: -2169.9854
Epoch  1500 | Train Loss: 26.090361 | Val Loss: 27.519651 | Train R²: -918.0206 | Val R²: -950.2799
Epoch  2000 | Train Loss: 14.022559 | Val Loss: 14.918610 | Train R²: -492.9380 | Val R²: -514.6959
Epoch  2500 | Train Loss: 8.454844 | Val Loss: 9.055844 | Train R²: -296.8179 | Val R²: -312.0360
Epoch  3000 | Train Loss: 5.483135 | Val Loss: 5.904252 | Train R²: -192.1409 | Val R²: -203.0940
Epoch  3500 | Train Loss: 3.747839 | Val Loss: 4.051860 | Train R²: -131.0159 | Val R²: -139.0618
Epoch  4000 | Train Loss: 2.671317 | Val Loss: 2.895573 | Train R²: -93.0959 | Val R²: -99.0921
Epoch  4500 | Train Loss: 1.961087 | Val Loss: 2.129410 | Train R²: -68.0783 | Val R²: -72.6079
Epoch  5000 | Train Loss: 1.434303 | Val Loss: 1.565066 | Train R²: -49.5226 | Val R²: -53.1001
Epoch  5500 | Train Loss: 1.070398 | Val Loss: 1.172852 | Train R²: -36.7043 | Val R²: -39.5423
Epoch  6000 | Train Loss: 0.782425 | Val Loss: 0.863188 | Train R²: -26.5605 | Val R²: -28.8381
Epoch  6500 | Train Loss: 0.560177 | Val Loss: 0.624257 | Train R²: -18.7320 | Val R²: -20.5789
Epoch  7000 | Train Loss: 0.407898 | Val Loss: 0.458245 | Train R²: -13.3680 | Val R²: -14.8403
Epoch  7500 | Train Loss: 0.296558 | Val Loss: 0.335661 | Train R²: -9.4461 | Val R²: -10.6029
Epoch  8000 | Train Loss: 0.215933 | Val Loss: 0.246508 | Train R²: -6.6061 | Val R²: -7.5211
Epoch  8500 | Train Loss: 0.159067 | Val Loss: 0.183160 | Train R²: -4.6031 | Val R²: -5.3314
Epoch  9000 | Train Loss: 0.118716 | Val Loss: 0.137792 | Train R²: -3.1817 | Val R²: -3.7631
Epoch  9500 | Train Loss: 0.089615 | Val Loss: 0.104767 | Train R²: -2.1566 | Val R²: -2.6215
Epoch 10000 | Train Loss: 0.068414 | Val Loss: 0.080469 | Train R²: -1.4099 | Val R²: -1.7816
Epoch 10500 | Train Loss: 0.052860 | Val Loss: 0.062448 | Train R²: -0.8620 | Val R²: -1.1586
Epoch 11000 | Train Loss: 0.041352 | Val Loss: 0.048964 | Train R²: -0.4566 | Val R²: -0.6925
Epoch 11500 | Train Loss: 0.032741 | Val Loss: 0.038766 | Train R²: -0.1533 | Val R²: -0.3400
Epoch 12000 | Train Loss: 0.026216 | Val Loss: 0.030965 | Train R²: 0.0765 | Val R²: -0.0704
Epoch 12500 | Train Loss: 0.021212 | Val Loss: 0.024942 | Train R²: 0.2528 | Val R²: 0.1378
Epoch 13000 | Train Loss: 0.017379 | Val Loss: 0.020316 | Train R²: 0.3878 | Val R²: 0.2977
Epoch 13500 | Train Loss: 0.014476 | Val Loss: 0.016801 | Train R²: 0.4901 | Val R²: 0.4192
Epoch 14000 | Train Loss: 0.012314 | Val Loss: 0.014171 | Train R²: 0.5662 | Val R²: 0.5102
Epoch 14500 | Train Loss: 0.010729 | Val Loss: 0.012228 | Train R²: 0.6221 | Val R²: 0.5773
Epoch 15000 | Train Loss: 0.009567 | Val Loss: 0.010801 | Train R²: 0.6630 | Val R²: 0.6266
Epoch 15500 | Train Loss: 0.008714 | Val Loss: 0.009755 | Train R²: 0.6931 | Val R²: 0.6628
Epoch 16000 | Train Loss: 0.008087 | Val Loss: 0.008986 | Train R²: 0.7151 | Val R²: 0.6894
Epoch 16500 | Train Loss: 0.007610 | Val Loss: 0.008408 | Train R²: 0.7320 | Val R²: 0.7093
Epoch 17000 | Train Loss: 0.007209 | Val Loss: 0.007938 | Train R²: 0.7461 | Val R²: 0.7256
Epoch 17500 | Train Loss: 0.006847 | Val Loss: 0.007516 | Train R²: 0.7588 | Val R²: 0.7402
Epoch 18000 | Train Loss: 0.006528 | Val Loss: 0.007148 | Train R²: 0.7701 | Val R²: 0.7529
Epoch 18500 | Train Loss: 0.006237 | Val Loss: 0.006816 | Train R²: 0.7803 | Val R²: 0.7644
Epoch 19000 | Train Loss: 0.005972 | Val Loss: 0.006521 | Train R²: 0.7896 | Val R²: 0.7746
Epoch 19500 | Train Loss: 0.005733 | Val Loss: 0.006261 | Train R²: 0.7981 | Val R²: 0.7836
Epoch 20000 | Train Loss: 0.005503 | Val Loss: 0.006001 | Train R²: 0.8062 | Val R²: 0.7926
Epoch 20500 | Train Loss: 0.005246 | Val Loss: 0.005684 | Train R²: 0.8152 | Val R²: 0.8035
Epoch 21000 | Train Loss: 0.004972 | Val Loss: 0.005366 | Train R²: 0.8249 | Val R²: 0.8145
Epoch 21500 | Train Loss: 0.004714 | Val Loss: 0.005073 | Train R²: 0.8340 | Val R²: 0.8246
Epoch 22000 | Train Loss: 0.004460 | Val Loss: 0.004786 | Train R²: 0.8429 | Val R²: 0.8346
Epoch 22500 | Train Loss: 0.004182 | Val Loss: 0.004474 | Train R²: 0.8527 | Val R²: 0.8453
Epoch 23000 | Train Loss: 0.003861 | Val Loss: 0.004118 | Train R²: 0.8640 | Val R²: 0.8576
Epoch 23500 | Train Loss: 0.003454 | Val Loss: 0.003678 | Train R²: 0.8784 | Val R²: 0.8729
Epoch 24000 | Train Loss: 0.002933 | Val Loss: 0.003123 | Train R²: 0.8967 | Val R²: 0.8921
Epoch 24500 | Train Loss: 0.002451 | Val Loss: 0.002605 | Train R²: 0.9137 | Val R²: 0.9099
Epoch 25000 | Train Loss: 0.002113 | Val Loss: 0.002246 | Train R²: 0.9256 | Val R²: 0.9224
Epoch 25500 | Train Loss: 0.001849 | Val Loss: 0.001974 | Train R²: 0.9349 | Val R²: 0.9318
Epoch 26000 | Train Loss: 0.001674 | Val Loss: 0.001791 | Train R²: 0.9410 | Val R²: 0.9381
Epoch 26500 | Train Loss: 0.001569 | Val Loss: 0.001680 | Train R²: 0.9447 | Val R²: 0.9419
Epoch 27000 | Train Loss: 0.001502 | Val Loss: 0.001607 | Train R²: 0.9471 | Val R²: 0.9444
Epoch 27500 | Train Loss: 0.001455 | Val Loss: 0.001555 | Train R²: 0.9487 | Val R²: 0.9463
Epoch 28000 | Train Loss: 0.001421 | Val Loss: 0.001514 | Train R²: 0.9499 | Val R²: 0.9477
Epoch 28500 | Train Loss: 0.001393 | Val Loss: 0.001482 | Train R²: 0.9509 | Val R²: 0.9488
Early stopping at epoch 28573 due to flat/negative trend (slope=0.000002)
Epoch 28573 | Train Loss: 0.001389 | Val Loss: 0.001478 | Train R²: 0.9511 | Val R²: 0.9489
Unpickling models
Following models have been loaded and moved to cuda:
trained gpp model:
 SNN_GPP_Tram(
  (net): Sequential(
    (0): Linear(in_features=12, out_features=12, bias=True)
    (1): Tanh()
    (2): Linear(in_features=12, out_features=1, bias=True)
    (3): Sigmoid()
  )
), trained_reco_model:
 SNN_GPP_Tram(
  (net): Sequential(
    (0): Linear(in_features=11, out_features=12, bias=True)
    (1): Tanh()
    (2): Linear(in_features=12, out_features=1, bias=True)
    (3): Sigmoid()
  )
)
using full data set for visualization
Un-normalizing the GPP and RECO predictions using NEE min: tensor([-36.1705]), NEE max: tensor([35.8634])



Metrics for the Tramontana, with
GPP inputs: ['SW_IN', 'VPD', 'TA', 'WTD', 'WS', 'PotRad', 'PotRadHalfHourlyDiff', 'PotRadDailyAvg', 'PotRadDailyDiff', 'WD_COS', 'WD_SIN', 'GPP_PROX']
RECO inputs: ['DOY_sin', 'DOY_cos', 'TA', 'TS_1', 'TS_3', 'TS_4', 'WTD', 'WS', 'WD_COS', 'WD_SIN', 'NIGHTLY_NEE_AVG']:
DT_GPP vs Tramontana_GPP R²=0.96 RMSE=1.43
NT_GPP vs Tramontana_GPP R²=0.95 RMSE=1.60
DT_RECO vs Tramontana_RECO R²=0.75 RMSE=1.17
NT_RECO vs Tramontana_RECO R²=0.84 RMSE=0.81
DT_GPP vs NT_GPP R²=0.95 RMSE=1.56
DT_RECO vs NT_RECO R²=0.85 RMSE=1.00

gpp_input_names,  ['SW_IN', 'VPD', 'TA', 'WTD', 'WS', 'PotRad', 'PotRadHalfHourlyDiff', 'PotRadDailyAvg', 'PotRadDailyDiff', 'WD_COS', 'WD_SIN', 'GPP_PROX'] 
reco_input_names,  ['DOY_sin', 'DOY_cos', 'TA', 'TS_1', 'TS_2', 'TS_4', 'WTD', 'WS', 'WD_COS', 'WD_SIN', 'NIGHTLY_NEE_AVG'] 
true_nee_name,  ['NEE'] 

Tramontana Running on GPU With hidden layer size of 12 Total epochs: 100000 lr: 0.001 patience: 500 min_delta 0.01
SNN_GPP_Tram(
  (net): Sequential(
    (0): Linear(in_features=12, out_features=12, bias=True)
    (1): Tanh()
    (2): Linear(in_features=12, out_features=1, bias=True)
    (3): Sigmoid()
  )
)
SNN_RECO_Tram(
  (net): Sequential(
    (0): Linear(in_features=11, out_features=12, bias=True)
    (1): Tanh()
    (2): Linear(in_features=12, out_features=1, bias=True)
    (3): Sigmoid()
  )
)
Params are min slope: 2e-06, trend window: 100
Epoch     0 | Train Loss: 20023.130859 | Val Loss: 19799.021484 | Train R²: -705304.3125 | Val R²: -684397.4375
Epoch   500 | Train Loss: 244.167908 | Val Loss: 249.255249 | Train R²: -8599.6992 | Val R²: -8615.0791
Epoch  1000 | Train Loss: 60.259361 | Val Loss: 62.805225 | Train R²: -2121.6074 | Val R²: -2170.0063
Epoch  1500 | Train Loss: 26.090809 | Val Loss: 27.520260 | Train R²: -918.0365 | Val R²: -950.3008
Epoch  2000 | Train Loss: 14.022988 | Val Loss: 14.919151 | Train R²: -492.9532 | Val R²: -514.7147
Epoch  2500 | Train Loss: 8.455258 | Val Loss: 9.056345 | Train R²: -296.8324 | Val R²: -312.0533
Epoch  3000 | Train Loss: 5.483580 | Val Loss: 5.904772 | Train R²: -192.1565 | Val R²: -203.1120
Epoch  3500 | Train Loss: 3.748395 | Val Loss: 4.052491 | Train R²: -131.0354 | Val R²: -139.0836
Epoch  4000 | Train Loss: 2.672260 | Val Loss: 2.896598 | Train R²: -93.1291 | Val R²: -99.1275
Epoch  4500 | Train Loss: 1.964521 | Val Loss: 2.132955 | Train R²: -68.1993 | Val R²: -72.7305
Epoch  5000 | Train Loss: 1.437479 | Val Loss: 1.568423 | Train R²: -49.6345 | Val R²: -53.2161
Epoch  5500 | Train Loss: 1.072895 | Val Loss: 1.175655 | Train R²: -36.7922 | Val R²: -39.6392
Epoch  6000 | Train Loss: 0.783880 | Val Loss: 0.864900 | Train R²: -26.6118 | Val R²: -28.8973
Epoch  6500 | Train Loss: 0.560213 | Val Loss: 0.624506 | Train R²: -18.7332 | Val R²: -20.5875
Epoch  7000 | Train Loss: 0.406930 | Val Loss: 0.457468 | Train R²: -13.3339 | Val R²: -14.8134
Epoch  7500 | Train Loss: 0.295428 | Val Loss: 0.334700 | Train R²: -9.4063 | Val R²: -10.5697
Epoch  8000 | Train Loss: 0.215514 | Val Loss: 0.246271 | Train R²: -6.5914 | Val R²: -7.5129
Epoch  8500 | Train Loss: 0.159330 | Val Loss: 0.183614 | Train R²: -4.6123 | Val R²: -5.3470
Epoch  9000 | Train Loss: 0.119381 | Val Loss: 0.138661 | Train R²: -3.2052 | Val R²: -3.7931
Epoch  9500 | Train Loss: 0.090462 | Val Loss: 0.105826 | Train R²: -2.1865 | Val R²: -2.6581
Epoch 10000 | Train Loss: 0.069284 | Val Loss: 0.081541 | Train R²: -1.4405 | Val R²: -1.8187
Epoch 10500 | Train Loss: 0.053632 | Val Loss: 0.063401 | Train R²: -0.8891 | Val R²: -1.1916
Epoch 11000 | Train Loss: 0.041942 | Val Loss: 0.049708 | Train R²: -0.4774 | Val R²: -0.7183
Epoch 11500 | Train Loss: 0.033119 | Val Loss: 0.039267 | Train R²: -0.1666 | Val R²: -0.3574
Epoch 12000 | Train Loss: 0.026428 | Val Loss: 0.031287 | Train R²: 0.0691 | Val R²: -0.0815
Epoch 12500 | Train Loss: 0.021362 | Val Loss: 0.025197 | Train R²: 0.2475 | Val R²: 0.1290
Epoch 13000 | Train Loss: 0.017507 | Val Loss: 0.020531 | Train R²: 0.3833 | Val R²: 0.2903
Epoch 13500 | Train Loss: 0.014559 | Val Loss: 0.016948 | Train R²: 0.4872 | Val R²: 0.4142
Epoch 14000 | Train Loss: 0.012362 | Val Loss: 0.014265 | Train R²: 0.5646 | Val R²: 0.5069
Epoch 14500 | Train Loss: 0.010745 | Val Loss: 0.012277 | Train R²: 0.6215 | Val R²: 0.5756
Epoch 15000 | Train Loss: 0.009550 | Val Loss: 0.010803 | Train R²: 0.6636 | Val R²: 0.6266
Epoch 15500 | Train Loss: 0.008662 | Val Loss: 0.009710 | Train R²: 0.6949 | Val R²: 0.6644
Epoch 16000 | Train Loss: 0.008000 | Val Loss: 0.008902 | Train R²: 0.7182 | Val R²: 0.6923
Epoch 16500 | Train Loss: 0.007494 | Val Loss: 0.008290 | Train R²: 0.7360 | Val R²: 0.7134
Epoch 17000 | Train Loss: 0.007097 | Val Loss: 0.007815 | Train R²: 0.7500 | Val R²: 0.7299
Epoch 17500 | Train Loss: 0.006778 | Val Loss: 0.007439 | Train R²: 0.7613 | Val R²: 0.7428
Epoch 18000 | Train Loss: 0.006502 | Val Loss: 0.007120 | Train R²: 0.7710 | Val R²: 0.7539
Epoch 18500 | Train Loss: 0.006241 | Val Loss: 0.006817 | Train R²: 0.7802 | Val R²: 0.7643
Epoch 19000 | Train Loss: 0.005982 | Val Loss: 0.006513 | Train R²: 0.7893 | Val R²: 0.7749
Epoch 19500 | Train Loss: 0.005726 | Val Loss: 0.006214 | Train R²: 0.7983 | Val R²: 0.7852
Epoch 20000 | Train Loss: 0.005487 | Val Loss: 0.005944 | Train R²: 0.8067 | Val R²: 0.7945
Epoch 20500 | Train Loss: 0.005265 | Val Loss: 0.005699 | Train R²: 0.8145 | Val R²: 0.8030
Epoch 21000 | Train Loss: 0.005049 | Val Loss: 0.005464 | Train R²: 0.8222 | Val R²: 0.8111
Epoch 21500 | Train Loss: 0.004824 | Val Loss: 0.005220 | Train R²: 0.8301 | Val R²: 0.8196
Epoch 22000 | Train Loss: 0.004573 | Val Loss: 0.004945 | Train R²: 0.8389 | Val R²: 0.8291
Epoch 22500 | Train Loss: 0.004288 | Val Loss: 0.004626 | Train R²: 0.8490 | Val R²: 0.8401
Epoch 23000 | Train Loss: 0.003950 | Val Loss: 0.004250 | Train R²: 0.8609 | Val R²: 0.8531
Epoch 23500 | Train Loss: 0.003511 | Val Loss: 0.003767 | Train R²: 0.8763 | Val R²: 0.8698
Epoch 24000 | Train Loss: 0.002938 | Val Loss: 0.003151 | Train R²: 0.8965 | Val R²: 0.8911
Epoch 24500 | Train Loss: 0.002425 | Val Loss: 0.002601 | Train R²: 0.9146 | Val R²: 0.9101
Epoch 25000 | Train Loss: 0.002093 | Val Loss: 0.002247 | Train R²: 0.9263 | Val R²: 0.9223
Epoch 25500 | Train Loss: 0.001853 | Val Loss: 0.001999 | Train R²: 0.9347 | Val R²: 0.9309
Epoch 26000 | Train Loss: 0.001688 | Val Loss: 0.001826 | Train R²: 0.9406 | Val R²: 0.9369
Epoch 26500 | Train Loss: 0.001581 | Val Loss: 0.001711 | Train R²: 0.9443 | Val R²: 0.9409
Epoch 27000 | Train Loss: 0.001511 | Val Loss: 0.001637 | Train R²: 0.9468 | Val R²: 0.9434
Epoch 27500 | Train Loss: 0.001463 | Val Loss: 0.001582 | Train R²: 0.9485 | Val R²: 0.9453
Epoch 28000 | Train Loss: 0.001423 | Val Loss: 0.001533 | Train R²: 0.9499 | Val R²: 0.9470
Epoch 28500 | Train Loss: 0.001396 | Val Loss: 0.001499 | Train R²: 0.9508 | Val R²: 0.9482
Early stopping at epoch 28552 due to flat/negative trend (slope=0.000002)
Epoch 28552 | Train Loss: 0.001394 | Val Loss: 0.001496 | Train R²: 0.9509 | Val R²: 0.9483
Unpickling models
Following models have been loaded and moved to cuda:
trained gpp model:
 SNN_GPP_Tram(
  (net): Sequential(
    (0): Linear(in_features=12, out_features=12, bias=True)
    (1): Tanh()
    (2): Linear(in_features=12, out_features=1, bias=True)
    (3): Sigmoid()
  )
), trained_reco_model:
 SNN_GPP_Tram(
  (net): Sequential(
    (0): Linear(in_features=11, out_features=12, bias=True)
    (1): Tanh()
    (2): Linear(in_features=12, out_features=1, bias=True)
    (3): Sigmoid()
  )
)
using full data set for visualization
Un-normalizing the GPP and RECO predictions using NEE min: tensor([-36.1705]), NEE max: tensor([35.8634])



Metrics for the Tramontana, with
GPP inputs: ['SW_IN', 'VPD', 'TA', 'WTD', 'WS', 'PotRad', 'PotRadHalfHourlyDiff', 'PotRadDailyAvg', 'PotRadDailyDiff', 'WD_COS', 'WD_SIN', 'GPP_PROX']
RECO inputs: ['DOY_sin', 'DOY_cos', 'TA', 'TS_1', 'TS_2', 'TS_4', 'WTD', 'WS', 'WD_COS', 'WD_SIN', 'NIGHTLY_NEE_AVG']:
DT_GPP vs Tramontana_GPP R²=0.96 RMSE=1.36
NT_GPP vs Tramontana_GPP R²=0.95 RMSE=1.56
DT_RECO vs Tramontana_RECO R²=0.77 RMSE=1.11
NT_RECO vs Tramontana_RECO R²=0.87 RMSE=0.74
DT_GPP vs NT_GPP R²=0.95 RMSE=1.56
DT_RECO vs NT_RECO R²=0.85 RMSE=1.00

gpp_input_names,  ['SW_IN', 'VPD', 'TA', 'WTD', 'WS', 'PotRad', 'PotRadHalfHourlyDiff', 'PotRadDailyAvg', 'PotRadDailyDiff', 'WD_COS', 'WD_SIN', 'GPP_PROX'] 
reco_input_names,  ['DOY_sin', 'DOY_cos', 'TA', 'TS_1', 'TS_2', 'TS_3', 'WTD', 'WS', 'WD_COS', 'WD_SIN', 'NIGHTLY_NEE_AVG'] 
true_nee_name,  ['NEE'] 

Tramontana Running on GPU With hidden layer size of 12 Total epochs: 100000 lr: 0.001 patience: 500 min_delta 0.01
SNN_GPP_Tram(
  (net): Sequential(
    (0): Linear(in_features=12, out_features=12, bias=True)
    (1): Tanh()
    (2): Linear(in_features=12, out_features=1, bias=True)
    (3): Sigmoid()
  )
)
SNN_RECO_Tram(
  (net): Sequential(
    (0): Linear(in_features=11, out_features=12, bias=True)
    (1): Tanh()
    (2): Linear(in_features=12, out_features=1, bias=True)
    (3): Sigmoid()
  )
)
Params are min slope: 2e-06, trend window: 100
Epoch     0 | Train Loss: 20022.964844 | Val Loss: 19798.859375 | Train R²: -705298.5000 | Val R²: -684391.9375
Epoch   500 | Train Loss: 244.222336 | Val Loss: 249.311127 | Train R²: -8601.6162 | Val R²: -8617.0098
Epoch  1000 | Train Loss: 60.267536 | Val Loss: 62.813984 | Train R²: -2121.8955 | Val R²: -2170.3093
Epoch  1500 | Train Loss: 26.093197 | Val Loss: 27.522963 | Train R²: -918.1204 | Val R²: -950.3943
Epoch  2000 | Train Loss: 14.023859 | Val Loss: 14.920238 | Train R²: -492.9838 | Val R²: -514.7521
Epoch  2500 | Train Loss: 8.455566 | Val Loss: 9.056828 | Train R²: -296.8433 | Val R²: -312.0700
Epoch  3000 | Train Loss: 5.483616 | Val Loss: 5.904952 | Train R²: -192.1578 | Val R²: -203.1182
Epoch  3500 | Train Loss: 3.748209 | Val Loss: 4.052436 | Train R²: -131.0289 | Val R²: -139.0817
Epoch  4000 | Train Loss: 2.671671 | Val Loss: 2.896149 | Train R²: -93.1084 | Val R²: -99.1120
Epoch  4500 | Train Loss: 1.961778 | Val Loss: 2.130421 | Train R²: -68.1027 | Val R²: -72.6429
Epoch  5000 | Train Loss: 1.438281 | Val Loss: 1.569347 | Train R²: -49.6628 | Val R²: -53.2481
Epoch  5500 | Train Loss: 1.074188 | Val Loss: 1.177052 | Train R²: -36.8378 | Val R²: -39.6875
Epoch  6000 | Train Loss: 0.784809 | Val Loss: 0.866022 | Train R²: -26.6445 | Val R²: -28.9360
Epoch  6500 | Train Loss: 0.561096 | Val Loss: 0.625713 | Train R²: -18.7643 | Val R²: -20.6292
Epoch  7000 | Train Loss: 0.407832 | Val Loss: 0.458696 | Train R²: -13.3657 | Val R²: -14.8559
Epoch  7500 | Train Loss: 0.295982 | Val Loss: 0.335475 | Train R²: -9.4258 | Val R²: -10.5965
Epoch  8000 | Train Loss: 0.215315 | Val Loss: 0.246205 | Train R²: -6.5844 | Val R²: -7.5106
Epoch  8500 | Train Loss: 0.158601 | Val Loss: 0.182960 | Train R²: -4.5867 | Val R²: -5.3244
Epoch  9000 | Train Loss: 0.118422 | Val Loss: 0.137711 | Train R²: -3.1714 | Val R²: -3.7603
Epoch  9500 | Train Loss: 0.089477 | Val Loss: 0.104780 | Train R²: -2.1518 | Val R²: -2.6220
Epoch 10000 | Train Loss: 0.068405 | Val Loss: 0.080547 | Train R²: -1.4095 | Val R²: -1.7843
Epoch 10500 | Train Loss: 0.052931 | Val Loss: 0.062555 | Train R²: -0.8645 | Val R²: -1.1623
Epoch 11000 | Train Loss: 0.041428 | Val Loss: 0.049036 | Train R²: -0.4593 | Val R²: -0.6951
Epoch 11500 | Train Loss: 0.032754 | Val Loss: 0.038750 | Train R²: -0.1537 | Val R²: -0.3395
Epoch 12000 | Train Loss: 0.026184 | Val Loss: 0.030899 | Train R²: 0.0777 | Val R²: -0.0681
Epoch 12500 | Train Loss: 0.021218 | Val Loss: 0.024919 | Train R²: 0.2526 | Val R²: 0.1386
Epoch 13000 | Train Loss: 0.017465 | Val Loss: 0.020368 | Train R²: 0.3848 | Val R²: 0.2959
Epoch 13500 | Train Loss: 0.014618 | Val Loss: 0.016899 | Train R²: 0.4851 | Val R²: 0.4159
Epoch 14000 | Train Loss: 0.012424 | Val Loss: 0.014228 | Train R²: 0.5624 | Val R²: 0.5082
Epoch 14500 | Train Loss: 0.010710 | Val Loss: 0.012158 | Train R²: 0.6228 | Val R²: 0.5797
Epoch 15000 | Train Loss: 0.009464 | Val Loss: 0.010639 | Train R²: 0.6666 | Val R²: 0.6322
Epoch 15500 | Train Loss: 0.008555 | Val Loss: 0.009523 | Train R²: 0.6986 | Val R²: 0.6708
Epoch 16000 | Train Loss: 0.007888 | Val Loss: 0.008706 | Train R²: 0.7221 | Val R²: 0.6991
Epoch 16500 | Train Loss: 0.007395 | Val Loss: 0.008108 | Train R²: 0.7395 | Val R²: 0.7197
Epoch 17000 | Train Loss: 0.007015 | Val Loss: 0.007658 | Train R²: 0.7529 | Val R²: 0.7353
Epoch 17500 | Train Loss: 0.006702 | Val Loss: 0.007300 | Train R²: 0.7639 | Val R²: 0.7477
Epoch 18000 | Train Loss: 0.006424 | Val Loss: 0.006988 | Train R²: 0.7737 | Val R²: 0.7585
Epoch 18500 | Train Loss: 0.006159 | Val Loss: 0.006693 | Train R²: 0.7830 | Val R²: 0.7686
Epoch 19000 | Train Loss: 0.005900 | Val Loss: 0.006407 | Train R²: 0.7922 | Val R²: 0.7785
Epoch 19500 | Train Loss: 0.005647 | Val Loss: 0.006131 | Train R²: 0.8011 | Val R²: 0.7881
Epoch 20000 | Train Loss: 0.005391 | Val Loss: 0.005849 | Train R²: 0.8101 | Val R²: 0.7978
Epoch 20500 | Train Loss: 0.005134 | Val Loss: 0.005561 | Train R²: 0.8192 | Val R²: 0.8078
Epoch 21000 | Train Loss: 0.004890 | Val Loss: 0.005284 | Train R²: 0.8278 | Val R²: 0.8173
Epoch 21500 | Train Loss: 0.004656 | Val Loss: 0.005015 | Train R²: 0.8360 | Val R²: 0.8266
Epoch 22000 | Train Loss: 0.004423 | Val Loss: 0.004742 | Train R²: 0.8442 | Val R²: 0.8361
Epoch 22500 | Train Loss: 0.004169 | Val Loss: 0.004447 | Train R²: 0.8531 | Val R²: 0.8463
Epoch 23000 | Train Loss: 0.003865 | Val Loss: 0.004102 | Train R²: 0.8639 | Val R²: 0.8582
Epoch 23500 | Train Loss: 0.003463 | Val Loss: 0.003664 | Train R²: 0.8780 | Val R²: 0.8733
Epoch 24000 | Train Loss: 0.002933 | Val Loss: 0.003097 | Train R²: 0.8967 | Val R²: 0.8929
Epoch 24500 | Train Loss: 0.002444 | Val Loss: 0.002575 | Train R²: 0.9139 | Val R²: 0.9110
Epoch 25000 | Train Loss: 0.002131 | Val Loss: 0.002244 | Train R²: 0.9250 | Val R²: 0.9224
Epoch 25500 | Train Loss: 0.001885 | Val Loss: 0.002001 | Train R²: 0.9336 | Val R²: 0.9308
Epoch 26000 | Train Loss: 0.001702 | Val Loss: 0.001820 | Train R²: 0.9401 | Val R²: 0.9371
Epoch 26500 | Train Loss: 0.001587 | Val Loss: 0.001702 | Train R²: 0.9441 | Val R²: 0.9412
Epoch 27000 | Train Loss: 0.001512 | Val Loss: 0.001621 | Train R²: 0.9468 | Val R²: 0.9440
Epoch 27500 | Train Loss: 0.001459 | Val Loss: 0.001563 | Train R²: 0.9486 | Val R²: 0.9460
Epoch 28000 | Train Loss: 0.001422 | Val Loss: 0.001520 | Train R²: 0.9499 | Val R²: 0.9475
Early stopping at epoch 28271 due to flat/negative trend (slope=0.000002)
Epoch 28271 | Train Loss: 0.001407 | Val Loss: 0.001503 | Train R²: 0.9504 | Val R²: 0.9480
Unpickling models
Following models have been loaded and moved to cuda:
trained gpp model:
 SNN_GPP_Tram(
  (net): Sequential(
    (0): Linear(in_features=12, out_features=12, bias=True)
    (1): Tanh()
    (2): Linear(in_features=12, out_features=1, bias=True)
    (3): Sigmoid()
  )
), trained_reco_model:
 SNN_GPP_Tram(
  (net): Sequential(
    (0): Linear(in_features=11, out_features=12, bias=True)
    (1): Tanh()
    (2): Linear(in_features=12, out_features=1, bias=True)
    (3): Sigmoid()
  )
)
using full data set for visualization
Un-normalizing the GPP and RECO predictions using NEE min: tensor([-36.1705]), NEE max: tensor([35.8634])



Metrics for the Tramontana, with
GPP inputs: ['SW_IN', 'VPD', 'TA', 'WTD', 'WS', 'PotRad', 'PotRadHalfHourlyDiff', 'PotRadDailyAvg', 'PotRadDailyDiff', 'WD_COS', 'WD_SIN', 'GPP_PROX']
RECO inputs: ['DOY_sin', 'DOY_cos', 'TA', 'TS_1', 'TS_2', 'TS_3', 'WTD', 'WS', 'WD_COS', 'WD_SIN', 'NIGHTLY_NEE_AVG']:
DT_GPP vs Tramontana_GPP R²=0.96 RMSE=1.41
NT_GPP vs Tramontana_GPP R²=0.95 RMSE=1.60
DT_RECO vs Tramontana_RECO R²=0.75 RMSE=1.16
NT_RECO vs Tramontana_RECO R²=0.85 RMSE=0.79
DT_GPP vs NT_GPP R²=0.95 RMSE=1.56
DT_RECO vs NT_RECO R²=0.85 RMSE=1.00

gpp_input_names,  ['SW_IN', 'VPD', 'TA', 'WTD', 'WS', 'PotRad', 'PotRadHalfHourlyDiff', 'PotRadDailyAvg', 'PotRadDailyDiff', 'WD_COS', 'WD_SIN', 'GPP_PROX'] 
reco_input_names,  ['DOY_sin', 'DOY_cos', 'TA', 'TS_1', 'TS_2', 'TS_3', 'TS_4', 'WS', 'WD_COS', 'WD_SIN', 'NIGHTLY_NEE_AVG'] 
true_nee_name,  ['NEE'] 

Tramontana Running on GPU With hidden layer size of 12 Total epochs: 100000 lr: 0.001 patience: 500 min_delta 0.01
SNN_GPP_Tram(
  (net): Sequential(
    (0): Linear(in_features=12, out_features=12, bias=True)
    (1): Tanh()
    (2): Linear(in_features=12, out_features=1, bias=True)
    (3): Sigmoid()
  )
)
SNN_RECO_Tram(
  (net): Sequential(
    (0): Linear(in_features=11, out_features=12, bias=True)
    (1): Tanh()
    (2): Linear(in_features=12, out_features=1, bias=True)
    (3): Sigmoid()
  )
)
Params are min slope: 2e-06, trend window: 100
Epoch     0 | Train Loss: 20022.658203 | Val Loss: 19798.533203 | Train R²: -705287.6250 | Val R²: -684380.6250
Epoch   500 | Train Loss: 244.214371 | Val Loss: 249.300659 | Train R²: -8601.3359 | Val R²: -8616.6484
Epoch  1000 | Train Loss: 60.263615 | Val Loss: 62.808865 | Train R²: -2121.7571 | Val R²: -2170.1323
Epoch  1500 | Train Loss: 26.090399 | Val Loss: 27.519480 | Train R²: -918.0219 | Val R²: -950.2740
Epoch  2000 | Train Loss: 14.021439 | Val Loss: 14.917360 | Train R²: -492.8986 | Val R²: -514.6528
Epoch  2500 | Train Loss: 8.453193 | Val Loss: 9.054130 | Train R²: -296.7597 | Val R²: -311.9767
Epoch  3000 | Train Loss: 5.481017 | Val Loss: 5.902127 | Train R²: -192.0662 | Val R²: -203.0206
Epoch  3500 | Train Loss: 3.744863 | Val Loss: 4.048945 | Train R²: -130.9110 | Val R²: -138.9611
Epoch  4000 | Train Loss: 2.665623 | Val Loss: 2.890064 | Train R²: -92.8953 | Val R²: -98.9017
Epoch  4500 | Train Loss: 1.942355 | Val Loss: 2.111502 | Train R²: -67.4185 | Val R²: -71.9889
Epoch  5000 | Train Loss: 1.424340 | Val Loss: 1.555408 | Train R²: -49.1717 | Val R²: -52.7662
Epoch  5500 | Train Loss: 1.062479 | Val Loss: 1.164720 | Train R²: -36.4253 | Val R²: -39.2612
Epoch  6000 | Train Loss: 0.781027 | Val Loss: 0.861396 | Train R²: -26.5113 | Val R²: -28.7761
Epoch  6500 | Train Loss: 0.562475 | Val Loss: 0.626067 | Train R²: -18.8129 | Val R²: -20.6414
Epoch  7000 | Train Loss: 0.410216 | Val Loss: 0.460256 | Train R²: -13.4497 | Val R²: -14.9098
Epoch  7500 | Train Loss: 0.299281 | Val Loss: 0.337941 | Train R²: -9.5420 | Val R²: -10.6817
Epoch  8000 | Train Loss: 0.218236 | Val Loss: 0.248220 | Train R²: -6.6873 | Val R²: -7.5803
Epoch  8500 | Train Loss: 0.160541 | Val Loss: 0.184087 | Train R²: -4.6550 | Val R²: -5.3634
Epoch  9000 | Train Loss: 0.119577 | Val Loss: 0.138251 | Train R²: -3.2120 | Val R²: -3.7790
Epoch  9500 | Train Loss: 0.090142 | Val Loss: 0.105018 | Train R²: -2.1752 | Val R²: -2.6302
Epoch 10000 | Train Loss: 0.068819 | Val Loss: 0.080679 | Train R²: -1.4241 | Val R²: -1.7889
Epoch 10500 | Train Loss: 0.053246 | Val Loss: 0.062689 | Train R²: -0.8756 | Val R²: -1.1670
Epoch 11000 | Train Loss: 0.041719 | Val Loss: 0.049204 | Train R²: -0.4695 | Val R²: -0.7008
Epoch 11500 | Train Loss: 0.033058 | Val Loss: 0.038951 | Train R²: -0.1644 | Val R²: -0.3464
Epoch 12000 | Train Loss: 0.026483 | Val Loss: 0.031090 | Train R²: 0.0671 | Val R²: -0.0747
Epoch 12500 | Train Loss: 0.021495 | Val Loss: 0.025081 | Train R²: 0.2428 | Val R²: 0.1330
Epoch 13000 | Train Loss: 0.017730 | Val Loss: 0.020521 | Train R²: 0.3755 | Val R²: 0.2906
Epoch 13500 | Train Loss: 0.014890 | Val Loss: 0.017070 | Train R²: 0.4755 | Val R²: 0.4099
Epoch 14000 | Train Loss: 0.012742 | Val Loss: 0.014454 | Train R²: 0.5512 | Val R²: 0.5004
Epoch 14500 | Train Loss: 0.011114 | Val Loss: 0.012469 | Train R²: 0.6085 | Val R²: 0.5690
Epoch 15000 | Train Loss: 0.009873 | Val Loss: 0.010963 | Train R²: 0.6522 | Val R²: 0.6210
Epoch 15500 | Train Loss: 0.008904 | Val Loss: 0.009811 | Train R²: 0.6863 | Val R²: 0.6609
Epoch 16000 | Train Loss: 0.008170 | Val Loss: 0.008948 | Train R²: 0.7122 | Val R²: 0.6907
Epoch 16500 | Train Loss: 0.007653 | Val Loss: 0.008336 | Train R²: 0.7304 | Val R²: 0.7119
Epoch 17000 | Train Loss: 0.007251 | Val Loss: 0.007872 | Train R²: 0.7446 | Val R²: 0.7279
Epoch 17500 | Train Loss: 0.006914 | Val Loss: 0.007500 | Train R²: 0.7565 | Val R²: 0.7408
Epoch 18000 | Train Loss: 0.006613 | Val Loss: 0.007182 | Train R²: 0.7671 | Val R²: 0.7517
Epoch 18500 | Train Loss: 0.006321 | Val Loss: 0.006885 | Train R²: 0.7773 | Val R²: 0.7620
Epoch 19000 | Train Loss: 0.006030 | Val Loss: 0.006581 | Train R²: 0.7876 | Val R²: 0.7725
Epoch 19500 | Train Loss: 0.005760 | Val Loss: 0.006288 | Train R²: 0.7971 | Val R²: 0.7826
Epoch 20000 | Train Loss: 0.005521 | Val Loss: 0.006025 | Train R²: 0.8055 | Val R²: 0.7917
Epoch 20500 | Train Loss: 0.005293 | Val Loss: 0.005768 | Train R²: 0.8135 | Val R²: 0.8006
Epoch 21000 | Train Loss: 0.005058 | Val Loss: 0.005499 | Train R²: 0.8218 | Val R²: 0.8099
Epoch 21500 | Train Loss: 0.004805 | Val Loss: 0.005212 | Train R²: 0.8308 | Val R²: 0.8199
Epoch 22000 | Train Loss: 0.004524 | Val Loss: 0.004888 | Train R²: 0.8406 | Val R²: 0.8310
Epoch 22500 | Train Loss: 0.004226 | Val Loss: 0.004545 | Train R²: 0.8511 | Val R²: 0.8429
Epoch 23000 | Train Loss: 0.003893 | Val Loss: 0.004167 | Train R²: 0.8629 | Val R²: 0.8560
Epoch 23500 | Train Loss: 0.003484 | Val Loss: 0.003715 | Train R²: 0.8773 | Val R²: 0.8716
Epoch 24000 | Train Loss: 0.002971 | Val Loss: 0.003157 | Train R²: 0.8954 | Val R²: 0.8909
Epoch 24500 | Train Loss: 0.002473 | Val Loss: 0.002622 | Train R²: 0.9129 | Val R²: 0.9094
Epoch 25000 | Train Loss: 0.002125 | Val Loss: 0.002260 | Train R²: 0.9252 | Val R²: 0.9219
Epoch 25500 | Train Loss: 0.001864 | Val Loss: 0.001997 | Train R²: 0.9343 | Val R²: 0.9310
Epoch 26000 | Train Loss: 0.001687 | Val Loss: 0.001816 | Train R²: 0.9406 | Val R²: 0.9372
Epoch 26500 | Train Loss: 0.001580 | Val Loss: 0.001704 | Train R²: 0.9443 | Val R²: 0.9411
Epoch 27000 | Train Loss: 0.001514 | Val Loss: 0.001630 | Train R²: 0.9467 | Val R²: 0.9436
Epoch 27500 | Train Loss: 0.001470 | Val Loss: 0.001577 | Train R²: 0.9482 | Val R²: 0.9455
Epoch 28000 | Train Loss: 0.001436 | Val Loss: 0.001534 | Train R²: 0.9494 | Val R²: 0.9470
Epoch 28500 | Train Loss: 0.001407 | Val Loss: 0.001498 | Train R²: 0.9504 | Val R²: 0.9482
Early stopping at epoch 28718 due to flat/negative trend (slope=0.000002)
Epoch 28718 | Train Loss: 0.001397 | Val Loss: 0.001485 | Train R²: 0.9508 | Val R²: 0.9487
Unpickling models
Following models have been loaded and moved to cuda:
trained gpp model:
 SNN_GPP_Tram(
  (net): Sequential(
    (0): Linear(in_features=12, out_features=12, bias=True)
    (1): Tanh()
    (2): Linear(in_features=12, out_features=1, bias=True)
    (3): Sigmoid()
  )
), trained_reco_model:
 SNN_GPP_Tram(
  (net): Sequential(
    (0): Linear(in_features=11, out_features=12, bias=True)
    (1): Tanh()
    (2): Linear(in_features=12, out_features=1, bias=True)
    (3): Sigmoid()
  )
)
using full data set for visualization
Un-normalizing the GPP and RECO predictions using NEE min: tensor([-36.1705]), NEE max: tensor([35.8634])



Metrics for the Tramontana, with
GPP inputs: ['SW_IN', 'VPD', 'TA', 'WTD', 'WS', 'PotRad', 'PotRadHalfHourlyDiff', 'PotRadDailyAvg', 'PotRadDailyDiff', 'WD_COS', 'WD_SIN', 'GPP_PROX']
RECO inputs: ['DOY_sin', 'DOY_cos', 'TA', 'TS_1', 'TS_2', 'TS_3', 'TS_4', 'WS', 'WD_COS', 'WD_SIN', 'NIGHTLY_NEE_AVG']:
DT_GPP vs Tramontana_GPP R²=0.96 RMSE=1.51
NT_GPP vs Tramontana_GPP R²=0.94 RMSE=1.66
DT_RECO vs Tramontana_RECO R²=0.69 RMSE=1.29
NT_RECO vs Tramontana_RECO R²=0.79 RMSE=0.93
DT_GPP vs NT_GPP R²=0.95 RMSE=1.56
DT_RECO vs NT_RECO R²=0.85 RMSE=1.00

gpp_input_names,  ['SW_IN', 'VPD', 'TA', 'WTD', 'WS', 'PotRad', 'PotRadHalfHourlyDiff', 'PotRadDailyAvg', 'PotRadDailyDiff', 'WD_COS', 'WD_SIN', 'GPP_PROX'] 
reco_input_names,  ['DOY_sin', 'DOY_cos', 'TA', 'TS_1', 'TS_2', 'TS_3', 'TS_4', 'WTD', 'WD_COS', 'WD_SIN', 'NIGHTLY_NEE_AVG'] 
true_nee_name,  ['NEE'] 

Tramontana Running on GPU With hidden layer size of 12 Total epochs: 100000 lr: 0.001 patience: 500 min_delta 0.01
SNN_GPP_Tram(
  (net): Sequential(
    (0): Linear(in_features=12, out_features=12, bias=True)
    (1): Tanh()
    (2): Linear(in_features=12, out_features=1, bias=True)
    (3): Sigmoid()
  )
)
SNN_RECO_Tram(
  (net): Sequential(
    (0): Linear(in_features=11, out_features=12, bias=True)
    (1): Tanh()
    (2): Linear(in_features=12, out_features=1, bias=True)
    (3): Sigmoid()
  )
)
Params are min slope: 2e-06, trend window: 100
Epoch     0 | Train Loss: 20022.556641 | Val Loss: 19798.458984 | Train R²: -705284.0000 | Val R²: -684378.0625
Epoch   500 | Train Loss: 244.330765 | Val Loss: 249.406799 | Train R²: -8605.4346 | Val R²: -8620.3174
Epoch  1000 | Train Loss: 60.258915 | Val Loss: 62.799801 | Train R²: -2121.5918 | Val R²: -2169.8188
Epoch  1500 | Train Loss: 26.082975 | Val Loss: 27.509708 | Train R²: -917.7604 | Val R²: -949.9361
Epoch  2000 | Train Loss: 14.014410 | Val Loss: 14.908798 | Train R²: -492.6510 | Val R²: -514.3568
Epoch  2500 | Train Loss: 8.445905 | Val Loss: 9.045662 | Train R²: -296.5030 | Val R²: -311.6840
Epoch  3000 | Train Loss: 5.471941 | Val Loss: 5.891954 | Train R²: -191.7465 | Val R²: -202.6689
Epoch  3500 | Train Loss: 3.728711 | Val Loss: 4.031432 | Train R²: -130.3421 | Val R²: -138.3557
Epoch  4000 | Train Loss: 2.622850 | Val Loss: 2.845858 | Train R²: -91.3887 | Val R²: -97.3736
Epoch  4500 | Train Loss: 1.891092 | Val Loss: 2.059803 | Train R²: -65.6128 | Val R²: -70.2018
Epoch  5000 | Train Loss: 1.392419 | Val Loss: 1.522184 | Train R²: -48.0473 | Val R²: -51.6178
Epoch  5500 | Train Loss: 1.028867 | Val Loss: 1.130437 | Train R²: -35.2414 | Val R²: -38.0762
Epoch  6000 | Train Loss: 0.746746 | Val Loss: 0.827628 | Train R²: -25.3038 | Val R²: -27.6089
Epoch  6500 | Train Loss: 0.542214 | Val Loss: 0.606653 | Train R²: -18.0992 | Val R²: -19.9704
Epoch  7000 | Train Loss: 0.398167 | Val Loss: 0.448673 | Train R²: -13.0252 | Val R²: -14.5094
Epoch  7500 | Train Loss: 0.293339 | Val Loss: 0.333167 | Train R²: -9.3327 | Val R²: -10.5167
Epoch  8000 | Train Loss: 0.216111 | Val Loss: 0.247699 | Train R²: -6.6124 | Val R²: -7.5623
Epoch  8500 | Train Loss: 0.158806 | Val Loss: 0.183902 | Train R²: -4.5939 | Val R²: -5.3570
Epoch  9000 | Train Loss: 0.117641 | Val Loss: 0.137591 | Train R²: -3.1439 | Val R²: -3.7562
Epoch  9500 | Train Loss: 0.089248 | Val Loss: 0.105174 | Train R²: -2.1437 | Val R²: -2.6356
Epoch 10000 | Train Loss: 0.069284 | Val Loss: 0.082002 | Train R²: -1.4405 | Val R²: -1.8346
Epoch 10500 | Train Loss: 0.054540 | Val Loss: 0.064652 | Train R²: -0.9212 | Val R²: -1.2348
Epoch 11000 | Train Loss: 0.043211 | Val Loss: 0.051205 | Train R²: -0.5221 | Val R²: -0.7700
Epoch 11500 | Train Loss: 0.034379 | Val Loss: 0.040662 | Train R²: -0.2110 | Val R²: -0.4056
Epoch 12000 | Train Loss: 0.027519 | Val Loss: 0.032437 | Train R²: 0.0307 | Val R²: -0.1213
Epoch 12500 | Train Loss: 0.022239 | Val Loss: 0.026096 | Train R²: 0.2166 | Val R²: 0.0979
Epoch 13000 | Train Loss: 0.018210 | Val Loss: 0.021257 | Train R²: 0.3586 | Val R²: 0.2652
Epoch 13500 | Train Loss: 0.015149 | Val Loss: 0.017582 | Train R²: 0.4664 | Val R²: 0.3922
Epoch 14000 | Train Loss: 0.012843 | Val Loss: 0.014807 | Train R²: 0.5476 | Val R²: 0.4882
Epoch 14500 | Train Loss: 0.011132 | Val Loss: 0.012736 | Train R²: 0.6079 | Val R²: 0.5598
Epoch 15000 | Train Loss: 0.009881 | Val Loss: 0.011207 | Train R²: 0.6519 | Val R²: 0.6126
Epoch 15500 | Train Loss: 0.008971 | Val Loss: 0.010084 | Train R²: 0.6840 | Val R²: 0.6514
Epoch 16000 | Train Loss: 0.008303 | Val Loss: 0.009258 | Train R²: 0.7075 | Val R²: 0.6800
Epoch 16500 | Train Loss: 0.007789 | Val Loss: 0.008626 | Train R²: 0.7256 | Val R²: 0.7018
Epoch 17000 | Train Loss: 0.007351 | Val Loss: 0.008102 | Train R²: 0.7411 | Val R²: 0.7199
Epoch 17500 | Train Loss: 0.006976 | Val Loss: 0.007672 | Train R²: 0.7543 | Val R²: 0.7348
Epoch 18000 | Train Loss: 0.006662 | Val Loss: 0.007321 | Train R²: 0.7653 | Val R²: 0.7469
Epoch 18500 | Train Loss: 0.006368 | Val Loss: 0.007003 | Train R²: 0.7757 | Val R²: 0.7579
Epoch 19000 | Train Loss: 0.006069 | Val Loss: 0.006676 | Train R²: 0.7862 | Val R²: 0.7692
Epoch 19500 | Train Loss: 0.005791 | Val Loss: 0.006366 | Train R²: 0.7960 | Val R²: 0.7799
Epoch 20000 | Train Loss: 0.005540 | Val Loss: 0.006082 | Train R²: 0.8048 | Val R²: 0.7898
Epoch 20500 | Train Loss: 0.005304 | Val Loss: 0.005815 | Train R²: 0.8132 | Val R²: 0.7990
Epoch 21000 | Train Loss: 0.005071 | Val Loss: 0.005546 | Train R²: 0.8214 | Val R²: 0.8083
Epoch 21500 | Train Loss: 0.004828 | Val Loss: 0.005263 | Train R²: 0.8299 | Val R²: 0.8181
Epoch 22000 | Train Loss: 0.004569 | Val Loss: 0.004958 | Train R²: 0.8391 | Val R²: 0.8286
Epoch 22500 | Train Loss: 0.004279 | Val Loss: 0.004619 | Train R²: 0.8493 | Val R²: 0.8403
Epoch 23000 | Train Loss: 0.003927 | Val Loss: 0.004218 | Train R²: 0.8617 | Val R²: 0.8542
Epoch 23500 | Train Loss: 0.003472 | Val Loss: 0.003718 | Train R²: 0.8777 | Val R²: 0.8715
Epoch 24000 | Train Loss: 0.002891 | Val Loss: 0.003086 | Train R²: 0.8982 | Val R²: 0.8933
Epoch 24500 | Train Loss: 0.002392 | Val Loss: 0.002550 | Train R²: 0.9157 | Val R²: 0.9119
Epoch 25000 | Train Loss: 0.002069 | Val Loss: 0.002211 | Train R²: 0.9271 | Val R²: 0.9236
Epoch 25500 | Train Loss: 0.001835 | Val Loss: 0.001971 | Train R²: 0.9354 | Val R²: 0.9319
Epoch 26000 | Train Loss: 0.001678 | Val Loss: 0.001809 | Train R²: 0.9409 | Val R²: 0.9375
Epoch 26500 | Train Loss: 0.001578 | Val Loss: 0.001702 | Train R²: 0.9444 | Val R²: 0.9412
Epoch 27000 | Train Loss: 0.001511 | Val Loss: 0.001629 | Train R²: 0.9468 | Val R²: 0.9437
Epoch 27500 | Train Loss: 0.001464 | Val Loss: 0.001575 | Train R²: 0.9484 | Val R²: 0.9456
Epoch 28000 | Train Loss: 0.001428 | Val Loss: 0.001533 | Train R²: 0.9497 | Val R²: 0.9470
Epoch 28500 | Train Loss: 0.001401 | Val Loss: 0.001498 | Train R²: 0.9507 | Val R²: 0.9482
Early stopping at epoch 28953 due to flat/negative trend (slope=0.000002)
Epoch 28953 | Train Loss: 0.001380 | Val Loss: 0.001470 | Train R²: 0.9514 | Val R²: 0.9492
Unpickling models
Following models have been loaded and moved to cuda:
trained gpp model:
 SNN_GPP_Tram(
  (net): Sequential(
    (0): Linear(in_features=12, out_features=12, bias=True)
    (1): Tanh()
    (2): Linear(in_features=12, out_features=1, bias=True)
    (3): Sigmoid()
  )
), trained_reco_model:
 SNN_GPP_Tram(
  (net): Sequential(
    (0): Linear(in_features=11, out_features=12, bias=True)
    (1): Tanh()
    (2): Linear(in_features=12, out_features=1, bias=True)
    (3): Sigmoid()
  )
)
using full data set for visualization
Un-normalizing the GPP and RECO predictions using NEE min: tensor([-36.1705]), NEE max: tensor([35.8634])



Metrics for the Tramontana, with
GPP inputs: ['SW_IN', 'VPD', 'TA', 'WTD', 'WS', 'PotRad', 'PotRadHalfHourlyDiff', 'PotRadDailyAvg', 'PotRadDailyDiff', 'WD_COS', 'WD_SIN', 'GPP_PROX']
RECO inputs: ['DOY_sin', 'DOY_cos', 'TA', 'TS_1', 'TS_2', 'TS_3', 'TS_4', 'WTD', 'WD_COS', 'WD_SIN', 'NIGHTLY_NEE_AVG']:
DT_GPP vs Tramontana_GPP R²=0.96 RMSE=1.46
NT_GPP vs Tramontana_GPP R²=0.95 RMSE=1.62
DT_RECO vs Tramontana_RECO R²=0.72 RMSE=1.24
NT_RECO vs Tramontana_RECO R²=0.82 RMSE=0.85
DT_GPP vs NT_GPP R²=0.95 RMSE=1.56
DT_RECO vs NT_RECO R²=0.85 RMSE=1.00

gpp_input_names,  ['SW_IN', 'VPD', 'TA', 'WTD', 'WS', 'PotRad', 'PotRadHalfHourlyDiff', 'PotRadDailyAvg', 'PotRadDailyDiff', 'WD_COS', 'WD_SIN', 'GPP_PROX'] 
reco_input_names,  ['DOY_sin', 'DOY_cos', 'TA', 'TS_1', 'TS_2', 'TS_3', 'TS_4', 'WTD', 'WS', 'WD_SIN', 'NIGHTLY_NEE_AVG'] 
true_nee_name,  ['NEE'] 

Tramontana Running on GPU With hidden layer size of 12 Total epochs: 100000 lr: 0.001 patience: 500 min_delta 0.01
SNN_GPP_Tram(
  (net): Sequential(
    (0): Linear(in_features=12, out_features=12, bias=True)
    (1): Tanh()
    (2): Linear(in_features=12, out_features=1, bias=True)
    (3): Sigmoid()
  )
)
SNN_RECO_Tram(
  (net): Sequential(
    (0): Linear(in_features=11, out_features=12, bias=True)
    (1): Tanh()
    (2): Linear(in_features=12, out_features=1, bias=True)
    (3): Sigmoid()
  )
)
Params are min slope: 2e-06, trend window: 100
Epoch     0 | Train Loss: 20022.318359 | Val Loss: 19798.208984 | Train R²: -705275.6875 | Val R²: -684369.4375
Epoch   500 | Train Loss: 244.246262 | Val Loss: 249.325745 | Train R²: -8602.4580 | Val R²: -8617.5156
Epoch  1000 | Train Loss: 60.256275 | Val Loss: 62.799175 | Train R²: -2121.4988 | Val R²: -2169.7974
Epoch  1500 | Train Loss: 26.087967 | Val Loss: 27.515961 | Train R²: -917.9363 | Val R²: -950.1522
Epoch  2000 | Train Loss: 14.021122 | Val Loss: 14.916431 | Train R²: -492.8874 | Val R²: -514.6206
Epoch  2500 | Train Loss: 8.453893 | Val Loss: 9.054425 | Train R²: -296.7843 | Val R²: -311.9869
Epoch  3000 | Train Loss: 5.482391 | Val Loss: 5.903177 | Train R²: -192.1146 | Val R²: -203.0568
Epoch  3500 | Train Loss: 3.747056 | Val Loss: 4.050827 | Train R²: -130.9883 | Val R²: -139.0261
Epoch  4000 | Train Loss: 2.669945 | Val Loss: 2.893993 | Train R²: -93.0475 | Val R²: -99.0375
Epoch  4500 | Train Loss: 1.949885 | Val Loss: 2.118371 | Train R²: -67.6838 | Val R²: -72.2263
Epoch  5000 | Train Loss: 1.423167 | Val Loss: 1.554610 | Train R²: -49.1304 | Val R²: -52.7386
Epoch  5500 | Train Loss: 1.056112 | Val Loss: 1.158120 | Train R²: -36.2010 | Val R²: -39.0331
Epoch  6000 | Train Loss: 0.770008 | Val Loss: 0.848988 | Train R²: -26.1232 | Val R²: -28.3472
Epoch  6500 | Train Loss: 0.543696 | Val Loss: 0.606051 | Train R²: -18.1514 | Val R²: -19.9495
Epoch  7000 | Train Loss: 0.389312 | Val Loss: 0.438032 | Train R²: -12.7133 | Val R²: -14.1416
Epoch  7500 | Train Loss: 0.282530 | Val Loss: 0.321097 | Train R²: -8.9520 | Val R²: -10.0995
Epoch  8000 | Train Loss: 0.208683 | Val Loss: 0.239479 | Train R²: -6.3508 | Val R²: -7.2782
Epoch  8500 | Train Loss: 0.156097 | Val Loss: 0.180748 | Train R²: -4.4984 | Val R²: -5.2480
Epoch  9000 | Train Loss: 0.117706 | Val Loss: 0.137433 | Train R²: -3.1461 | Val R²: -3.7507
Epoch  9500 | Train Loss: 0.089534 | Val Loss: 0.105339 | Train R²: -2.1538 | Val R²: -2.6413
Epoch 10000 | Train Loss: 0.068830 | Val Loss: 0.081522 | Train R²: -1.4245 | Val R²: -1.8180
Epoch 10500 | Train Loss: 0.053533 | Val Loss: 0.063731 | Train R²: -0.8857 | Val R²: -1.2030
Epoch 11000 | Train Loss: 0.042098 | Val Loss: 0.050276 | Train R²: -0.4829 | Val R²: -0.7379
Epoch 11500 | Train Loss: 0.033465 | Val Loss: 0.040004 | Train R²: -0.1788 | Val R²: -0.3828
Epoch 12000 | Train Loss: 0.026899 | Val Loss: 0.032114 | Train R²: 0.0525 | Val R²: -0.1101
Epoch 12500 | Train Loss: 0.021889 | Val Loss: 0.026047 | Train R²: 0.2290 | Val R²: 0.0996
Epoch 13000 | Train Loss: 0.018080 | Val Loss: 0.021402 | Train R²: 0.3631 | Val R²: 0.2602
Epoch 13500 | Train Loss: 0.015194 | Val Loss: 0.017854 | Train R²: 0.4648 | Val R²: 0.3828
Epoch 14000 | Train Loss: 0.013016 | Val Loss: 0.015156 | Train R²: 0.5415 | Val R²: 0.4761
Epoch 14500 | Train Loss: 0.011388 | Val Loss: 0.013123 | Train R²: 0.5989 | Val R²: 0.5464
Epoch 15000 | Train Loss: 0.010182 | Val Loss: 0.011608 | Train R²: 0.6413 | Val R²: 0.5987
Epoch 15500 | Train Loss: 0.009293 | Val Loss: 0.010483 | Train R²: 0.6727 | Val R²: 0.6376
Epoch 16000 | Train Loss: 0.008627 | Val Loss: 0.009639 | Train R²: 0.6961 | Val R²: 0.6668
Epoch 16500 | Train Loss: 0.008101 | Val Loss: 0.008980 | Train R²: 0.7147 | Val R²: 0.6896
Epoch 17000 | Train Loss: 0.007646 | Val Loss: 0.008425 | Train R²: 0.7307 | Val R²: 0.7088
Epoch 17500 | Train Loss: 0.007216 | Val Loss: 0.007919 | Train R²: 0.7458 | Val R²: 0.7262
Epoch 18000 | Train Loss: 0.006807 | Val Loss: 0.007444 | Train R²: 0.7602 | Val R²: 0.7427
Epoch 18500 | Train Loss: 0.006443 | Val Loss: 0.007019 | Train R²: 0.7730 | Val R²: 0.7574
Epoch 19000 | Train Loss: 0.006130 | Val Loss: 0.006655 | Train R²: 0.7841 | Val R²: 0.7699
Epoch 19500 | Train Loss: 0.005848 | Val Loss: 0.006334 | Train R²: 0.7940 | Val R²: 0.7811
Epoch 20000 | Train Loss: 0.005584 | Val Loss: 0.006040 | Train R²: 0.8033 | Val R²: 0.7912
Epoch 20500 | Train Loss: 0.005322 | Val Loss: 0.005743 | Train R²: 0.8125 | Val R²: 0.8015
Epoch 21000 | Train Loss: 0.005077 | Val Loss: 0.005458 | Train R²: 0.8212 | Val R²: 0.8113
Epoch 21500 | Train Loss: 0.004836 | Val Loss: 0.005183 | Train R²: 0.8297 | Val R²: 0.8208
Epoch 22000 | Train Loss: 0.004572 | Val Loss: 0.004886 | Train R²: 0.8389 | Val R²: 0.8311
Epoch 22500 | Train Loss: 0.004269 | Val Loss: 0.004546 | Train R²: 0.8496 | Val R²: 0.8429
Epoch 23000 | Train Loss: 0.003902 | Val Loss: 0.004138 | Train R²: 0.8626 | Val R²: 0.8570
Epoch 23500 | Train Loss: 0.003427 | Val Loss: 0.003623 | Train R²: 0.8793 | Val R²: 0.8747
Epoch 24000 | Train Loss: 0.002864 | Val Loss: 0.003018 | Train R²: 0.8991 | Val R²: 0.8957
Epoch 24500 | Train Loss: 0.002413 | Val Loss: 0.002538 | Train R²: 0.9150 | Val R²: 0.9123
Epoch 25000 | Train Loss: 0.002094 | Val Loss: 0.002213 | Train R²: 0.9262 | Val R²: 0.9235
Epoch 25500 | Train Loss: 0.001843 | Val Loss: 0.001971 | Train R²: 0.9351 | Val R²: 0.9319
Epoch 26000 | Train Loss: 0.001678 | Val Loss: 0.001808 | Train R²: 0.9409 | Val R²: 0.9375
Epoch 26500 | Train Loss: 0.001578 | Val Loss: 0.001703 | Train R²: 0.9444 | Val R²: 0.9411
Epoch 27000 | Train Loss: 0.001512 | Val Loss: 0.001630 | Train R²: 0.9467 | Val R²: 0.9437
Epoch 27500 | Train Loss: 0.001464 | Val Loss: 0.001573 | Train R²: 0.9484 | Val R²: 0.9456
Epoch 28000 | Train Loss: 0.001427 | Val Loss: 0.001529 | Train R²: 0.9497 | Val R²: 0.9472
Epoch 28500 | Train Loss: 0.001398 | Val Loss: 0.001493 | Train R²: 0.9508 | Val R²: 0.9484
Early stopping at epoch 28783 due to flat/negative trend (slope=0.000002)
Epoch 28783 | Train Loss: 0.001384 | Val Loss: 0.001476 | Train R²: 0.9513 | Val R²: 0.9490
Unpickling models
Following models have been loaded and moved to cuda:
trained gpp model:
 SNN_GPP_Tram(
  (net): Sequential(
    (0): Linear(in_features=12, out_features=12, bias=True)
    (1): Tanh()
    (2): Linear(in_features=12, out_features=1, bias=True)
    (3): Sigmoid()
  )
), trained_reco_model:
 SNN_GPP_Tram(
  (net): Sequential(
    (0): Linear(in_features=11, out_features=12, bias=True)
    (1): Tanh()
    (2): Linear(in_features=12, out_features=1, bias=True)
    (3): Sigmoid()
  )
)
using full data set for visualization
Un-normalizing the GPP and RECO predictions using NEE min: tensor([-36.1705]), NEE max: tensor([35.8634])



Metrics for the Tramontana, with
GPP inputs: ['SW_IN', 'VPD', 'TA', 'WTD', 'WS', 'PotRad', 'PotRadHalfHourlyDiff', 'PotRadDailyAvg', 'PotRadDailyDiff', 'WD_COS', 'WD_SIN', 'GPP_PROX']
RECO inputs: ['DOY_sin', 'DOY_cos', 'TA', 'TS_1', 'TS_2', 'TS_3', 'TS_4', 'WTD', 'WS', 'WD_SIN', 'NIGHTLY_NEE_AVG']:
DT_GPP vs Tramontana_GPP R²=0.96 RMSE=1.48
NT_GPP vs Tramontana_GPP R²=0.95 RMSE=1.62
DT_RECO vs Tramontana_RECO R²=0.71 RMSE=1.25
NT_RECO vs Tramontana_RECO R²=0.82 RMSE=0.86
DT_GPP vs NT_GPP R²=0.95 RMSE=1.56
DT_RECO vs NT_RECO R²=0.85 RMSE=1.00

gpp_input_names,  ['SW_IN', 'VPD', 'TA', 'WTD', 'WS', 'PotRad', 'PotRadHalfHourlyDiff', 'PotRadDailyAvg', 'PotRadDailyDiff', 'WD_COS', 'WD_SIN', 'GPP_PROX'] 
reco_input_names,  ['DOY_sin', 'DOY_cos', 'TA', 'TS_1', 'TS_2', 'TS_3', 'TS_4', 'WTD', 'WS', 'WD_COS', 'NIGHTLY_NEE_AVG'] 
true_nee_name,  ['NEE'] 

Tramontana Running on GPU With hidden layer size of 12 Total epochs: 100000 lr: 0.001 patience: 500 min_delta 0.01
SNN_GPP_Tram(
  (net): Sequential(
    (0): Linear(in_features=12, out_features=12, bias=True)
    (1): Tanh()
    (2): Linear(in_features=12, out_features=1, bias=True)
    (3): Sigmoid()
  )
)
SNN_RECO_Tram(
  (net): Sequential(
    (0): Linear(in_features=11, out_features=12, bias=True)
    (1): Tanh()
    (2): Linear(in_features=12, out_features=1, bias=True)
    (3): Sigmoid()
  )
)
Params are min slope: 2e-06, trend window: 100
Epoch     0 | Train Loss: 20022.152344 | Val Loss: 19798.001953 | Train R²: -705269.8750 | Val R²: -684362.3125
Epoch   500 | Train Loss: 244.217468 | Val Loss: 249.307510 | Train R²: -8601.4443 | Val R²: -8616.8848
Epoch  1000 | Train Loss: 60.260883 | Val Loss: 62.807144 | Train R²: -2121.6609 | Val R²: -2170.0728
Epoch  1500 | Train Loss: 26.088232 | Val Loss: 27.517714 | Train R²: -917.9457 | Val R²: -950.2128
Epoch  2000 | Train Loss: 14.019662 | Val Loss: 14.915728 | Train R²: -492.8359 | Val R²: -514.5963
Epoch  2500 | Train Loss: 8.451614 | Val Loss: 9.052549 | Train R²: -296.7041 | Val R²: -311.9221
Epoch  3000 | Train Loss: 5.479483 | Val Loss: 5.900464 | Train R²: -192.0122 | Val R²: -202.9630
Epoch  3500 | Train Loss: 3.743174 | Val Loss: 4.046955 | Train R²: -130.8515 | Val R²: -138.8923
Epoch  4000 | Train Loss: 2.662875 | Val Loss: 2.886585 | Train R²: -92.7985 | Val R²: -98.7814
Epoch  4500 | Train Loss: 1.932517 | Val Loss: 2.098900 | Train R²: -67.0720 | Val R²: -71.5533
Epoch  5000 | Train Loss: 1.419327 | Val Loss: 1.545847 | Train R²: -48.9951 | Val R²: -52.4357
Epoch  5500 | Train Loss: 1.056051 | Val Loss: 1.154240 | Train R²: -36.1989 | Val R²: -38.8989
Epoch  6000 | Train Loss: 0.782650 | Val Loss: 0.859920 | Train R²: -26.5685 | Val R²: -28.7251
Epoch  6500 | Train Loss: 0.557693 | Val Loss: 0.620373 | Train R²: -18.6445 | Val R²: -20.4446
Epoch  7000 | Train Loss: 0.397996 | Val Loss: 0.446892 | Train R²: -13.0192 | Val R²: -14.4478
Epoch  7500 | Train Loss: 0.286975 | Val Loss: 0.324898 | Train R²: -9.1086 | Val R²: -10.2308
Epoch  8000 | Train Loss: 0.210286 | Val Loss: 0.239995 | Train R²: -6.4072 | Val R²: -7.2960
Epoch  8500 | Train Loss: 0.156126 | Val Loss: 0.179630 | Train R²: -4.4995 | Val R²: -5.2093
Epoch  9000 | Train Loss: 0.117262 | Val Loss: 0.136005 | Train R²: -3.1305 | Val R²: -3.7013
Epoch  9500 | Train Loss: 0.089204 | Val Loss: 0.104228 | Train R²: -2.1422 | Val R²: -2.6029
Epoch 10000 | Train Loss: 0.068804 | Val Loss: 0.080876 | Train R²: -1.4236 | Val R²: -1.7956
Epoch 10500 | Train Loss: 0.053689 | Val Loss: 0.063367 | Train R²: -0.8912 | Val R²: -1.1904
Epoch 11000 | Train Loss: 0.042237 | Val Loss: 0.049943 | Train R²: -0.4878 | Val R²: -0.7264
Epoch 11500 | Train Loss: 0.033506 | Val Loss: 0.039596 | Train R²: -0.1802 | Val R²: -0.3687
Epoch 12000 | Train Loss: 0.026807 | Val Loss: 0.031585 | Train R²: 0.0558 | Val R²: -0.0918
Epoch 12500 | Train Loss: 0.021619 | Val Loss: 0.025349 | Train R²: 0.2385 | Val R²: 0.1237
Epoch 13000 | Train Loss: 0.017650 | Val Loss: 0.020564 | Train R²: 0.3783 | Val R²: 0.2892
Epoch 13500 | Train Loss: 0.014653 | Val Loss: 0.016943 | Train R²: 0.4838 | Val R²: 0.4143
Epoch 14000 | Train Loss: 0.012416 | Val Loss: 0.014229 | Train R²: 0.5627 | Val R²: 0.5081
Epoch 14500 | Train Loss: 0.010765 | Val Loss: 0.012217 | Train R²: 0.6208 | Val R²: 0.5777
Epoch 15000 | Train Loss: 0.009549 | Val Loss: 0.010730 | Train R²: 0.6636 | Val R²: 0.6291
Epoch 15500 | Train Loss: 0.008643 | Val Loss: 0.009626 | Train R²: 0.6955 | Val R²: 0.6673
Epoch 16000 | Train Loss: 0.007957 | Val Loss: 0.008797 | Train R²: 0.7197 | Val R²: 0.6959
Epoch 16500 | Train Loss: 0.007423 | Val Loss: 0.008159 | Train R²: 0.7385 | Val R²: 0.7180
Epoch 17000 | Train Loss: 0.006995 | Val Loss: 0.007653 | Train R²: 0.7536 | Val R²: 0.7355
Epoch 17500 | Train Loss: 0.006653 | Val Loss: 0.007249 | Train R²: 0.7657 | Val R²: 0.7494
Epoch 18000 | Train Loss: 0.006371 | Val Loss: 0.006922 | Train R²: 0.7756 | Val R²: 0.7607
Epoch 18500 | Train Loss: 0.006123 | Val Loss: 0.006640 | Train R²: 0.7843 | Val R²: 0.7705
Epoch 19000 | Train Loss: 0.005888 | Val Loss: 0.006379 | Train R²: 0.7926 | Val R²: 0.7795
Epoch 19500 | Train Loss: 0.005653 | Val Loss: 0.006120 | Train R²: 0.8009 | Val R²: 0.7884
Epoch 20000 | Train Loss: 0.005410 | Val Loss: 0.005851 | Train R²: 0.8094 | Val R²: 0.7978
Epoch 20500 | Train Loss: 0.005168 | Val Loss: 0.005582 | Train R²: 0.8180 | Val R²: 0.8070
Epoch 21000 | Train Loss: 0.004940 | Val Loss: 0.005326 | Train R²: 0.8260 | Val R²: 0.8159
Epoch 21500 | Train Loss: 0.004712 | Val Loss: 0.005064 | Train R²: 0.8340 | Val R²: 0.8249
Epoch 22000 | Train Loss: 0.004463 | Val Loss: 0.004785 | Train R²: 0.8428 | Val R²: 0.8346
Epoch 22500 | Train Loss: 0.004186 | Val Loss: 0.004476 | Train R²: 0.8525 | Val R²: 0.8453
Epoch 23000 | Train Loss: 0.003866 | Val Loss: 0.004118 | Train R²: 0.8638 | Val R²: 0.8577
Epoch 23500 | Train Loss: 0.003470 | Val Loss: 0.003682 | Train R²: 0.8778 | Val R²: 0.8727
Epoch 24000 | Train Loss: 0.002971 | Val Loss: 0.003153 | Train R²: 0.8954 | Val R²: 0.8910
Epoch 24500 | Train Loss: 0.002463 | Val Loss: 0.002625 | Train R²: 0.9132 | Val R²: 0.9093
Epoch 25000 | Train Loss: 0.002099 | Val Loss: 0.002246 | Train R²: 0.9261 | Val R²: 0.9224
Epoch 25500 | Train Loss: 0.001846 | Val Loss: 0.001987 | Train R²: 0.9350 | Val R²: 0.9313
Epoch 26000 | Train Loss: 0.001682 | Val Loss: 0.001816 | Train R²: 0.9408 | Val R²: 0.9372
Epoch 26500 | Train Loss: 0.001579 | Val Loss: 0.001705 | Train R²: 0.9444 | Val R²: 0.9411
Epoch 27000 | Train Loss: 0.001511 | Val Loss: 0.001628 | Train R²: 0.9468 | Val R²: 0.9437
Epoch 27500 | Train Loss: 0.001462 | Val Loss: 0.001571 | Train R²: 0.9485 | Val R²: 0.9457
Epoch 28000 | Train Loss: 0.001425 | Val Loss: 0.001527 | Train R²: 0.9498 | Val R²: 0.9472
Epoch 28500 | Train Loss: 0.001398 | Val Loss: 0.001495 | Train R²: 0.9508 | Val R²: 0.9483
Early stopping at epoch 28516 due to flat/negative trend (slope=0.000002)
Epoch 28516 | Train Loss: 0.001397 | Val Loss: 0.001494 | Train R²: 0.9508 | Val R²: 0.9484
Unpickling models
Following models have been loaded and moved to cuda:
trained gpp model:
 SNN_GPP_Tram(
  (net): Sequential(
    (0): Linear(in_features=12, out_features=12, bias=True)
    (1): Tanh()
    (2): Linear(in_features=12, out_features=1, bias=True)
    (3): Sigmoid()
  )
), trained_reco_model:
 SNN_GPP_Tram(
  (net): Sequential(
    (0): Linear(in_features=11, out_features=12, bias=True)
    (1): Tanh()
    (2): Linear(in_features=12, out_features=1, bias=True)
    (3): Sigmoid()
  )
)
using full data set for visualization
Un-normalizing the GPP and RECO predictions using NEE min: tensor([-36.1705]), NEE max: tensor([35.8634])



Metrics for the Tramontana, with
GPP inputs: ['SW_IN', 'VPD', 'TA', 'WTD', 'WS', 'PotRad', 'PotRadHalfHourlyDiff', 'PotRadDailyAvg', 'PotRadDailyDiff', 'WD_COS', 'WD_SIN', 'GPP_PROX']
RECO inputs: ['DOY_sin', 'DOY_cos', 'TA', 'TS_1', 'TS_2', 'TS_3', 'TS_4', 'WTD', 'WS', 'WD_COS', 'NIGHTLY_NEE_AVG']:
DT_GPP vs Tramontana_GPP R²=0.96 RMSE=1.37
NT_GPP vs Tramontana_GPP R²=0.95 RMSE=1.58
DT_RECO vs Tramontana_RECO R²=0.76 RMSE=1.13
NT_RECO vs Tramontana_RECO R²=0.85 RMSE=0.79
DT_GPP vs NT_GPP R²=0.95 RMSE=1.56
DT_RECO vs NT_RECO R²=0.85 RMSE=1.00

gpp_input_names,  ['SW_IN', 'VPD', 'TA', 'WTD', 'WS', 'PotRad', 'PotRadHalfHourlyDiff', 'PotRadDailyAvg', 'PotRadDailyDiff', 'WD_COS', 'WD_SIN', 'GPP_PROX'] 
reco_input_names,  ['DOY_sin', 'DOY_cos', 'TA', 'TS_1', 'TS_2', 'TS_3', 'TS_4', 'WTD', 'WS', 'WD_COS', 'WD_SIN'] 
true_nee_name,  ['NEE'] 

Tramontana Running on GPU With hidden layer size of 12 Total epochs: 100000 lr: 0.001 patience: 500 min_delta 0.01
SNN_GPP_Tram(
  (net): Sequential(
    (0): Linear(in_features=12, out_features=12, bias=True)
    (1): Tanh()
    (2): Linear(in_features=12, out_features=1, bias=True)
    (3): Sigmoid()
  )
)
SNN_RECO_Tram(
  (net): Sequential(
    (0): Linear(in_features=11, out_features=12, bias=True)
    (1): Tanh()
    (2): Linear(in_features=12, out_features=1, bias=True)
    (3): Sigmoid()
  )
)
Params are min slope: 2e-06, trend window: 100
Epoch     0 | Train Loss: 20022.263672 | Val Loss: 19798.095703 | Train R²: -705273.8750 | Val R²: -684365.6250
Epoch   500 | Train Loss: 244.314331 | Val Loss: 249.409882 | Train R²: -8604.8564 | Val R²: -8620.4238
Epoch  1000 | Train Loss: 60.273277 | Val Loss: 62.821373 | Train R²: -2122.0979 | Val R²: -2170.5647
Epoch  1500 | Train Loss: 26.090508 | Val Loss: 27.520857 | Train R²: -918.0258 | Val R²: -950.3214
Epoch  2000 | Train Loss: 14.019127 | Val Loss: 14.915718 | Train R²: -492.8171 | Val R²: -514.5959
Epoch  2500 | Train Loss: 8.449748 | Val Loss: 9.051060 | Train R²: -296.6384 | Val R²: -311.8706
Epoch  3000 | Train Loss: 5.476411 | Val Loss: 5.897718 | Train R²: -191.9040 | Val R²: -202.8681
Epoch  3500 | Train Loss: 3.737680 | Val Loss: 4.041843 | Train R²: -130.6580 | Val R²: -138.7156
Epoch  4000 | Train Loss: 2.644110 | Val Loss: 2.868716 | Train R²: -92.1375 | Val R²: -98.1637
Epoch  4500 | Train Loss: 1.901996 | Val Loss: 2.072456 | Train R²: -65.9969 | Val R²: -70.6392
Epoch  5000 | Train Loss: 1.396710 | Val Loss: 1.527853 | Train R²: -48.1985 | Val R²: -51.8137
Epoch  5500 | Train Loss: 1.025095 | Val Loss: 1.127635 | Train R²: -35.1085 | Val R²: -37.9793
Epoch  6000 | Train Loss: 0.755551 | Val Loss: 0.835999 | Train R²: -25.6139 | Val R²: -27.8982
Epoch  6500 | Train Loss: 0.547338 | Val Loss: 0.611201 | Train R²: -18.2797 | Val R²: -20.1276
Epoch  7000 | Train Loss: 0.394087 | Val Loss: 0.443711 | Train R²: -12.8815 | Val R²: -14.3379
Epoch  7500 | Train Loss: 0.287496 | Val Loss: 0.325866 | Train R²: -9.1269 | Val R²: -10.2643
Epoch  8000 | Train Loss: 0.212126 | Val Loss: 0.242078 | Train R²: -6.4720 | Val R²: -7.3680
Epoch  8500 | Train Loss: 0.158122 | Val Loss: 0.181684 | Train R²: -4.5698 | Val R²: -5.2803
Epoch  9000 | Train Loss: 0.118982 | Val Loss: 0.137652 | Train R²: -3.1911 | Val R²: -3.7583
Epoch  9500 | Train Loss: 0.090404 | Val Loss: 0.105273 | Train R²: -2.1845 | Val R²: -2.6390
Epoch 10000 | Train Loss: 0.069464 | Val Loss: 0.081324 | Train R²: -1.4468 | Val R²: -1.8112
Epoch 10500 | Train Loss: 0.053986 | Val Loss: 0.063424 | Train R²: -0.9016 | Val R²: -1.1924
Epoch 11000 | Train Loss: 0.042374 | Val Loss: 0.049835 | Train R²: -0.4926 | Val R²: -0.7227
Epoch 11500 | Train Loss: 0.033548 | Val Loss: 0.039391 | Train R²: -0.1817 | Val R²: -0.3616
Epoch 12000 | Train Loss: 0.026797 | Val Loss: 0.031336 | Train R²: 0.0561 | Val R²: -0.0832
Epoch 12500 | Train Loss: 0.021650 | Val Loss: 0.025162 | Train R²: 0.2374 | Val R²: 0.1302
Epoch 13000 | Train Loss: 0.017745 | Val Loss: 0.020466 | Train R²: 0.3749 | Val R²: 0.2926
Epoch 13500 | Train Loss: 0.014793 | Val Loss: 0.016913 | Train R²: 0.4789 | Val R²: 0.4154
Epoch 14000 | Train Loss: 0.012566 | Val Loss: 0.014236 | Train R²: 0.5574 | Val R²: 0.5079
Epoch 14500 | Train Loss: 0.010897 | Val Loss: 0.012236 | Train R²: 0.6162 | Val R²: 0.5770
Epoch 15000 | Train Loss: 0.009667 | Val Loss: 0.010765 | Train R²: 0.6595 | Val R²: 0.6279
Epoch 15500 | Train Loss: 0.008782 | Val Loss: 0.009700 | Train R²: 0.6907 | Val R²: 0.6647
Epoch 16000 | Train Loss: 0.008147 | Val Loss: 0.008936 | Train R²: 0.7130 | Val R²: 0.6911
Epoch 16500 | Train Loss: 0.007681 | Val Loss: 0.008382 | Train R²: 0.7294 | Val R²: 0.7103
Epoch 17000 | Train Loss: 0.007320 | Val Loss: 0.007966 | Train R²: 0.7422 | Val R²: 0.7246
Epoch 17500 | Train Loss: 0.007021 | Val Loss: 0.007635 | Train R²: 0.7527 | Val R²: 0.7361
Epoch 18000 | Train Loss: 0.006755 | Val Loss: 0.007349 | Train R²: 0.7621 | Val R²: 0.7460
Epoch 18500 | Train Loss: 0.006503 | Val Loss: 0.007082 | Train R²: 0.7709 | Val R²: 0.7552
Epoch 19000 | Train Loss: 0.006255 | Val Loss: 0.006817 | Train R²: 0.7797 | Val R²: 0.7643
Epoch 19500 | Train Loss: 0.006011 | Val Loss: 0.006555 | Train R²: 0.7883 | Val R²: 0.7734
Epoch 20000 | Train Loss: 0.005771 | Val Loss: 0.006294 | Train R²: 0.7967 | Val R²: 0.7824
Epoch 20500 | Train Loss: 0.005523 | Val Loss: 0.006026 | Train R²: 0.8054 | Val R²: 0.7917
Epoch 21000 | Train Loss: 0.005271 | Val Loss: 0.005736 | Train R²: 0.8143 | Val R²: 0.8017
Epoch 21500 | Train Loss: 0.005018 | Val Loss: 0.005436 | Train R²: 0.8232 | Val R²: 0.8121
Epoch 22000 | Train Loss: 0.004745 | Val Loss: 0.005115 | Train R²: 0.8329 | Val R²: 0.8232
Epoch 22500 | Train Loss: 0.004437 | Val Loss: 0.004764 | Train R²: 0.8437 | Val R²: 0.8353
Epoch 23000 | Train Loss: 0.004066 | Val Loss: 0.004348 | Train R²: 0.8568 | Val R²: 0.8497
Epoch 23500 | Train Loss: 0.003601 | Val Loss: 0.003843 | Train R²: 0.8732 | Val R²: 0.8672
Epoch 24000 | Train Loss: 0.003026 | Val Loss: 0.003220 | Train R²: 0.8934 | Val R²: 0.8887
Epoch 24500 | Train Loss: 0.002505 | Val Loss: 0.002658 | Train R²: 0.9118 | Val R²: 0.9081
Epoch 25000 | Train Loss: 0.002161 | Val Loss: 0.002299 | Train R²: 0.9239 | Val R²: 0.9205
Epoch 25500 | Train Loss: 0.001914 | Val Loss: 0.002061 | Train R²: 0.9326 | Val R²: 0.9288
Epoch 26000 | Train Loss: 0.001752 | Val Loss: 0.001901 | Train R²: 0.9383 | Val R²: 0.9343
Epoch 26500 | Train Loss: 0.001649 | Val Loss: 0.001793 | Train R²: 0.9419 | Val R²: 0.9380
Epoch 27000 | Train Loss: 0.001580 | Val Loss: 0.001716 | Train R²: 0.9443 | Val R²: 0.9407
Epoch 27500 | Train Loss: 0.001533 | Val Loss: 0.001660 | Train R²: 0.9460 | Val R²: 0.9426
Epoch 28000 | Train Loss: 0.001500 | Val Loss: 0.001619 | Train R²: 0.9472 | Val R²: 0.9441
Epoch 28500 | Train Loss: 0.001475 | Val Loss: 0.001586 | Train R²: 0.9480 | Val R²: 0.9452
Early stopping at epoch 28524 due to flat/negative trend (slope=0.000002)
Epoch 28524 | Train Loss: 0.001474 | Val Loss: 0.001584 | Train R²: 0.9481 | Val R²: 0.9452
Unpickling models
Following models have been loaded and moved to cuda:
trained gpp model:
 SNN_GPP_Tram(
  (net): Sequential(
    (0): Linear(in_features=12, out_features=12, bias=True)
    (1): Tanh()
    (2): Linear(in_features=12, out_features=1, bias=True)
    (3): Sigmoid()
  )
), trained_reco_model:
 SNN_GPP_Tram(
  (net): Sequential(
    (0): Linear(in_features=11, out_features=12, bias=True)
    (1): Tanh()
    (2): Linear(in_features=12, out_features=1, bias=True)
    (3): Sigmoid()
  )
)
using full data set for visualization
Un-normalizing the GPP and RECO predictions using NEE min: tensor([-36.1705]), NEE max: tensor([35.8634])



Metrics for the Tramontana, with
GPP inputs: ['SW_IN', 'VPD', 'TA', 'WTD', 'WS', 'PotRad', 'PotRadHalfHourlyDiff', 'PotRadDailyAvg', 'PotRadDailyDiff', 'WD_COS', 'WD_SIN', 'GPP_PROX']
RECO inputs: ['DOY_sin', 'DOY_cos', 'TA', 'TS_1', 'TS_2', 'TS_3', 'TS_4', 'WTD', 'WS', 'WD_COS', 'WD_SIN']:
DT_GPP vs Tramontana_GPP R²=0.96 RMSE=1.45
NT_GPP vs Tramontana_GPP R²=0.95 RMSE=1.62
DT_RECO vs Tramontana_RECO R²=0.73 RMSE=1.21
NT_RECO vs Tramontana_RECO R²=0.80 RMSE=0.91
DT_GPP vs NT_GPP R²=0.95 RMSE=1.56
DT_RECO vs NT_RECO R²=0.85 RMSE=1.00

{
    "experiment_0": {
        "run_type": "Tramontana",
        "gpp_inputs": [
            "VPD",
            "TA",
            "WTD",
            "WS",
            "PotRad",
            "PotRadHalfHourlyDiff",
            "PotRadDailyAvg",
            "PotRadDailyDiff",
            "WD_COS",
            "WD_SIN",
            "GPP_PROX"
        ],
        "reco_inputs": [
            "DOY_sin",
            "DOY_cos",
            "TA",
            "TS_1",
            "TS_2",
            "TS_3",
            "TS_4",
            "WTD",
            "WS",
            "WD_COS",
            "WD_SIN",
            "NIGHTLY_NEE_AVG"
        ],
        "metrics": {
            "DT_GPP_vs_model": {
                "r2": 0.88,
                "rmse": 2.43
            },
            "NT_GPP_vs_model": {
                "r2": 0.88,
                "rmse": 2.45
            },
            "DT_RECO_vs_model": {
                "r2": 0.17,
                "rmse": 2.13
            },
            "NT_RECO_vs_model": {
                "r2": 0.26,
                "rmse": 1.75
            },
            "DT_GPP_vs_NT_GPP": {
                "r2": 0.95,
                "rmse": 1.56
            },
            "DT_RECO_vs_NT_RECO": {
                "r2": 0.85,
                "rmse": 1
            },
            "val_r2": 0.9297
        }
    },
    "experiment_1": {
        "run_type": "Tramontana",
        "gpp_inputs": [
            "SW_IN",
            "TA",
            "WTD",
            "WS",
            "PotRad",
            "PotRadHalfHourlyDiff",
            "PotRadDailyAvg",
            "PotRadDailyDiff",
            "WD_COS",
            "WD_SIN",
            "GPP_PROX"
        ],
        "reco_inputs": [
            "DOY_sin",
            "DOY_cos",
            "TA",
            "TS_1",
            "TS_2",
            "TS_3",
            "TS_4",
            "WTD",
            "WS",
            "WD_COS",
            "WD_SIN",
            "NIGHTLY_NEE_AVG"
        ],
        "metrics": {
            "DT_GPP_vs_model": {
                "r2": 0.97,
                "rmse": 1.32
            },
            "NT_GPP_vs_model": {
                "r2": 0.95,
                "rmse": 1.56
            },
            "DT_RECO_vs_model": {
                "r2": 0.78,
                "rmse": 1.1
            },
            "NT_RECO_vs_model": {
                "r2": 0.85,
                "rmse": 0.79
            },
            "DT_GPP_vs_NT_GPP": {
                "r2": 0.95,
                "rmse": 1.56
            },
            "DT_RECO_vs_NT_RECO": {
                "r2": 0.85,
                "rmse": 1
            },
            "val_r2": 0.9495
        }
    },
    "experiment_2": {
        "run_type": "Tramontana",
        "gpp_inputs": [
            "SW_IN",
            "VPD",
            "WTD",
            "WS",
            "PotRad",
            "PotRadHalfHourlyDiff",
            "PotRadDailyAvg",
            "PotRadDailyDiff",
            "WD_COS",
            "WD_SIN",
            "GPP_PROX"
        ],
        "reco_inputs": [
            "DOY_sin",
            "DOY_cos",
            "TA",
            "TS_1",
            "TS_2",
            "TS_3",
            "TS_4",
            "WTD",
            "WS",
            "WD_COS",
            "WD_SIN",
            "NIGHTLY_NEE_AVG"
        ],
        "metrics": {
            "DT_GPP_vs_model": {
                "r2": 0.96,
                "rmse": 1.35
            },
            "NT_GPP_vs_model": {
                "r2": 0.95,
                "rmse": 1.57
            },
            "DT_RECO_vs_model": {
                "r2": 0.76,
                "rmse": 1.13
            },
            "NT_RECO_vs_model": {
                "r2": 0.85,
                "rmse": 0.79
            },
            "DT_GPP_vs_NT_GPP": {
                "r2": 0.95,
                "rmse": 1.56
            },
            "DT_RECO_vs_NT_RECO": {
                "r2": 0.85,
                "rmse": 1
            },
            "val_r2": 0.9487
        }
    },
    "experiment_3": {
        "run_type": "Tramontana",
        "gpp_inputs": [
            "SW_IN",
            "VPD",
            "TA",
            "WS",
            "PotRad",
            "PotRadHalfHourlyDiff",
            "PotRadDailyAvg",
            "PotRadDailyDiff",
            "WD_COS",
            "WD_SIN",
            "GPP_PROX"
        ],
        "reco_inputs": [
            "DOY_sin",
            "DOY_cos",
            "TA",
            "TS_1",
            "TS_2",
            "TS_3",
            "TS_4",
            "WTD",
            "WS",
            "WD_COS",
            "WD_SIN",
            "NIGHTLY_NEE_AVG"
        ],
        "metrics": {
            "DT_GPP_vs_model": {
                "r2": 0.96,
                "rmse": 1.35
            },
            "NT_GPP_vs_model": {
                "r2": 0.95,
                "rmse": 1.54
            },
            "DT_RECO_vs_model": {
                "r2": 0.76,
                "rmse": 1.14
            },
            "NT_RECO_vs_model": {
                "r2": 0.84,
                "rmse": 0.81
            },
            "DT_GPP_vs_NT_GPP": {
                "r2": 0.95,
                "rmse": 1.56
            },
            "DT_RECO_vs_NT_RECO": {
                "r2": 0.85,
                "rmse": 1
            },
            "val_r2": 0.9522
        }
    },
    "experiment_4": {
        "run_type": "Tramontana",
        "gpp_inputs": [
            "SW_IN",
            "VPD",
            "TA",
            "WTD",
            "PotRad",
            "PotRadHalfHourlyDiff",
            "PotRadDailyAvg",
            "PotRadDailyDiff",
            "WD_COS",
            "WD_SIN",
            "GPP_PROX"
        ],
        "reco_inputs": [
            "DOY_sin",
            "DOY_cos",
            "TA",
            "TS_1",
            "TS_2",
            "TS_3",
            "TS_4",
            "WTD",
            "WS",
            "WD_COS",
            "WD_SIN",
            "NIGHTLY_NEE_AVG"
        ],
        "metrics": {
            "DT_GPP_vs_model": {
                "r2": 0.96,
                "rmse": 1.5
            },
            "NT_GPP_vs_model": {
                "r2": 0.95,
                "rmse": 1.65
            },
            "DT_RECO_vs_model": {
                "r2": 0.7,
                "rmse": 1.28
            },
            "NT_RECO_vs_model": {
                "r2": 0.8,
                "rmse": 0.91
            },
            "DT_GPP_vs_NT_GPP": {
                "r2": 0.95,
                "rmse": 1.56
            },
            "DT_RECO_vs_NT_RECO": {
                "r2": 0.85,
                "rmse": 1
            },
            "val_r2": 0.9486
        }
    },
    "experiment_5": {
        "run_type": "Tramontana",
        "gpp_inputs": [
            "SW_IN",
            "VPD",
            "TA",
            "WTD",
            "WS",
            "PotRadHalfHourlyDiff",
            "PotRadDailyAvg",
            "PotRadDailyDiff",
            "WD_COS",
            "WD_SIN",
            "GPP_PROX"
        ],
        "reco_inputs": [
            "DOY_sin",
            "DOY_cos",
            "TA",
            "TS_1",
            "TS_2",
            "TS_3",
            "TS_4",
            "WTD",
            "WS",
            "WD_COS",
            "WD_SIN",
            "NIGHTLY_NEE_AVG"
        ],
        "metrics": {
            "DT_GPP_vs_model": {
                "r2": 0.97,
                "rmse": 1.32
            },
            "NT_GPP_vs_model": {
                "r2": 0.94,
                "rmse": 1.7
            },
            "DT_RECO_vs_model": {
                "r2": 0.76,
                "rmse": 1.15
            },
            "NT_RECO_vs_model": {
                "r2": 0.82,
                "rmse": 0.86
            },
            "DT_GPP_vs_NT_GPP": {
                "r2": 0.95,
                "rmse": 1.56
            },
            "DT_RECO_vs_NT_RECO": {
                "r2": 0.85,
                "rmse": 1
            },
            "val_r2": 0.9397
        }
    },
    "experiment_6": {
        "run_type": "Tramontana",
        "gpp_inputs": [
            "SW_IN",
            "VPD",
            "TA",
            "WTD",
            "WS",
            "PotRad",
            "PotRadDailyAvg",
            "PotRadDailyDiff",
            "WD_COS",
            "WD_SIN",
            "GPP_PROX"
        ],
        "reco_inputs": [
            "DOY_sin",
            "DOY_cos",
            "TA",
            "TS_1",
            "TS_2",
            "TS_3",
            "TS_4",
            "WTD",
            "WS",
            "WD_COS",
            "WD_SIN",
            "NIGHTLY_NEE_AVG"
        ],
        "metrics": {
            "DT_GPP_vs_model": {
                "r2": 0.96,
                "rmse": 1.42
            },
            "NT_GPP_vs_model": {
                "r2": 0.95,
                "rmse": 1.61
            },
            "DT_RECO_vs_model": {
                "r2": 0.73,
                "rmse": 1.2
            },
            "NT_RECO_vs_model": {
                "r2": 0.82,
                "rmse": 0.85
            },
            "DT_GPP_vs_NT_GPP": {
                "r2": 0.95,
                "rmse": 1.56
            },
            "DT_RECO_vs_NT_RECO": {
                "r2": 0.85,
                "rmse": 1
            },
            "val_r2": 0.949
        }
    },
    "experiment_7": {
        "run_type": "Tramontana",
        "gpp_inputs": [
            "SW_IN",
            "VPD",
            "TA",
            "WTD",
            "WS",
            "PotRad",
            "PotRadHalfHourlyDiff",
            "PotRadDailyDiff",
            "WD_COS",
            "WD_SIN",
            "GPP_PROX"
        ],
        "reco_inputs": [
            "DOY_sin",
            "DOY_cos",
            "TA",
            "TS_1",
            "TS_2",
            "TS_3",
            "TS_4",
            "WTD",
            "WS",
            "WD_COS",
            "WD_SIN",
            "NIGHTLY_NEE_AVG"
        ],
        "metrics": {
            "DT_GPP_vs_model": {
                "r2": 0.95,
                "rmse": 1.54
            },
            "NT_GPP_vs_model": {
                "r2": 0.95,
                "rmse": 1.65
            },
            "DT_RECO_vs_model": {
                "r2": 0.68,
                "rmse": 1.33
            },
            "NT_RECO_vs_model": {
                "r2": 0.78,
                "rmse": 0.94
            },
            "DT_GPP_vs_NT_GPP": {
                "r2": 0.95,
                "rmse": 1.56
            },
            "DT_RECO_vs_NT_RECO": {
                "r2": 0.85,
                "rmse": 1
            },
            "val_r2": 0.9507
        }
    },
    "experiment_8": {
        "run_type": "Tramontana",
        "gpp_inputs": [
            "SW_IN",
            "VPD",
            "TA",
            "WTD",
            "WS",
            "PotRad",
            "PotRadHalfHourlyDiff",
            "PotRadDailyAvg",
            "WD_COS",
            "WD_SIN",
            "GPP_PROX"
        ],
        "reco_inputs": [
            "DOY_sin",
            "DOY_cos",
            "TA",
            "TS_1",
            "TS_2",
            "TS_3",
            "TS_4",
            "WTD",
            "WS",
            "WD_COS",
            "WD_SIN",
            "NIGHTLY_NEE_AVG"
        ],
        "metrics": {
            "DT_GPP_vs_model": {
                "r2": 0.96,
                "rmse": 1.37
            },
            "NT_GPP_vs_model": {
                "r2": 0.95,
                "rmse": 1.62
            },
            "DT_RECO_vs_model": {
                "r2": 0.73,
                "rmse": 1.2
            },
            "NT_RECO_vs_model": {
                "r2": 0.81,
                "rmse": 0.89
            },
            "DT_GPP_vs_NT_GPP": {
                "r2": 0.95,
                "rmse": 1.56
            },
            "DT_RECO_vs_NT_RECO": {
                "r2": 0.85,
                "rmse": 1
            },
            "val_r2": 0.9488
        }
    },
    "experiment_9": {
        "run_type": "Tramontana",
        "gpp_inputs": [
            "SW_IN",
            "VPD",
            "TA",
            "WTD",
            "WS",
            "PotRad",
            "PotRadHalfHourlyDiff",
            "PotRadDailyAvg",
            "PotRadDailyDiff",
            "WD_SIN",
            "GPP_PROX"
        ],
        "reco_inputs": [
            "DOY_sin",
            "DOY_cos",
            "TA",
            "TS_1",
            "TS_2",
            "TS_3",
            "TS_4",
            "WTD",
            "WS",
            "WD_COS",
            "WD_SIN",
            "NIGHTLY_NEE_AVG"
        ],
        "metrics": {
            "DT_GPP_vs_model": {
                "r2": 0.96,
                "rmse": 1.34
            },
            "NT_GPP_vs_model": {
                "r2": 0.95,
                "rmse": 1.57
            },
            "DT_RECO_vs_model": {
                "r2": 0.76,
                "rmse": 1.14
            },
            "NT_RECO_vs_model": {
                "r2": 0.85,
                "rmse": 0.77
            },
            "DT_GPP_vs_NT_GPP": {
                "r2": 0.95,
                "rmse": 1.56
            },
            "DT_RECO_vs_NT_RECO": {
                "r2": 0.85,
                "rmse": 1
            },
            "val_r2": 0.9488
        }
    },
    "experiment_10": {
        "run_type": "Tramontana",
        "gpp_inputs": [
            "SW_IN",
            "VPD",
            "TA",
            "WTD",
            "WS",
            "PotRad",
            "PotRadHalfHourlyDiff",
            "PotRadDailyAvg",
            "PotRadDailyDiff",
            "WD_COS",
            "GPP_PROX"
        ],
        "reco_inputs": [
            "DOY_sin",
            "DOY_cos",
            "TA",
            "TS_1",
            "TS_2",
            "TS_3",
            "TS_4",
            "WTD",
            "WS",
            "WD_COS",
            "WD_SIN",
            "NIGHTLY_NEE_AVG"
        ],
        "metrics": {
            "DT_GPP_vs_model": {
                "r2": 0.96,
                "rmse": 1.38
            },
            "NT_GPP_vs_model": {
                "r2": 0.95,
                "rmse": 1.58
            },
            "DT_RECO_vs_model": {
                "r2": 0.75,
                "rmse": 1.16
            },
            "NT_RECO_vs_model": {
                "r2": 0.84,
                "rmse": 0.82
            },
            "DT_GPP_vs_NT_GPP": {
                "r2": 0.95,
                "rmse": 1.56
            },
            "DT_RECO_vs_NT_RECO": {
                "r2": 0.85,
                "rmse": 1
            },
            "val_r2": 0.9492
        }
    },
    "experiment_11": {
        "run_type": "Tramontana",
        "gpp_inputs": [
            "SW_IN",
            "VPD",
            "TA",
            "WTD",
            "WS",
            "PotRad",
            "PotRadHalfHourlyDiff",
            "PotRadDailyAvg",
            "PotRadDailyDiff",
            "WD_COS",
            "WD_SIN"
        ],
        "reco_inputs": [
            "DOY_sin",
            "DOY_cos",
            "TA",
            "TS_1",
            "TS_2",
            "TS_3",
            "TS_4",
            "WTD",
            "WS",
            "WD_COS",
            "WD_SIN",
            "NIGHTLY_NEE_AVG"
        ],
        "metrics": {
            "DT_GPP_vs_model": {
                "r2": 0.95,
                "rmse": 1.56
            },
            "NT_GPP_vs_model": {
                "r2": 0.93,
                "rmse": 1.82
            },
            "DT_RECO_vs_model": {
                "r2": 0.69,
                "rmse": 1.3
            },
            "NT_RECO_vs_model": {
                "r2": 0.71,
                "rmse": 1.09
            },
            "DT_GPP_vs_NT_GPP": {
                "r2": 0.95,
                "rmse": 1.56
            },
            "DT_RECO_vs_NT_RECO": {
                "r2": 0.85,
                "rmse": 1
            },
            "val_r2": 0.9403
        }
    },
    "experiment_12": {
        "run_type": "Tramontana",
        "gpp_inputs": [
            "SW_IN",
            "VPD",
            "TA",
            "WTD",
            "WS",
            "PotRad",
            "PotRadHalfHourlyDiff",
            "PotRadDailyAvg",
            "PotRadDailyDiff",
            "WD_COS",
            "WD_SIN",
            "GPP_PROX"
        ],
        "reco_inputs": [
            "DOY_cos",
            "TA",
            "TS_1",
            "TS_2",
            "TS_3",
            "TS_4",
            "WTD",
            "WS",
            "WD_COS",
            "WD_SIN",
            "NIGHTLY_NEE_AVG"
        ],
        "metrics": {
            "DT_GPP_vs_model": {
                "r2": 0.96,
                "rmse": 1.42
            },
            "NT_GPP_vs_model": {
                "r2": 0.95,
                "rmse": 1.6
            },
            "DT_RECO_vs_model": {
                "r2": 0.74,
                "rmse": 1.18
            },
            "NT_RECO_vs_model": {
                "r2": 0.84,
                "rmse": 0.82
            },
            "DT_GPP_vs_NT_GPP": {
                "r2": 0.95,
                "rmse": 1.56
            },
            "DT_RECO_vs_NT_RECO": {
                "r2": 0.85,
                "rmse": 1
            },
            "val_r2": 0.9488
        }
    },
    "experiment_13": {
        "run_type": "Tramontana",
        "gpp_inputs": [
            "SW_IN",
            "VPD",
            "TA",
            "WTD",
            "WS",
            "PotRad",
            "PotRadHalfHourlyDiff",
            "PotRadDailyAvg",
            "PotRadDailyDiff",
            "WD_COS",
            "WD_SIN",
            "GPP_PROX"
        ],
        "reco_inputs": [
            "DOY_sin",
            "TA",
            "TS_1",
            "TS_2",
            "TS_3",
            "TS_4",
            "WTD",
            "WS",
            "WD_COS",
            "WD_SIN",
            "NIGHTLY_NEE_AVG"
        ],
        "metrics": {
            "DT_GPP_vs_model": {
                "r2": 0.96,
                "rmse": 1.43
            },
            "NT_GPP_vs_model": {
                "r2": 0.95,
                "rmse": 1.58
            },
            "DT_RECO_vs_model": {
                "r2": 0.75,
                "rmse": 1.16
            },
            "NT_RECO_vs_model": {
                "r2": 0.86,
                "rmse": 0.76
            },
            "DT_GPP_vs_NT_GPP": {
                "r2": 0.95,
                "rmse": 1.56
            },
            "DT_RECO_vs_NT_RECO": {
                "r2": 0.85,
                "rmse": 1
            },
            "val_r2": 0.9488
        }
    },
    "experiment_14": {
        "run_type": "Tramontana",
        "gpp_inputs": [
            "SW_IN",
            "VPD",
            "TA",
            "WTD",
            "WS",
            "PotRad",
            "PotRadHalfHourlyDiff",
            "PotRadDailyAvg",
            "PotRadDailyDiff",
            "WD_COS",
            "WD_SIN",
            "GPP_PROX"
        ],
        "reco_inputs": [
            "DOY_sin",
            "DOY_cos",
            "TS_1",
            "TS_2",
            "TS_3",
            "TS_4",
            "WTD",
            "WS",
            "WD_COS",
            "WD_SIN",
            "NIGHTLY_NEE_AVG"
        ],
        "metrics": {
            "DT_GPP_vs_model": {
                "r2": 0.96,
                "rmse": 1.37
            },
            "NT_GPP_vs_model": {
                "r2": 0.95,
                "rmse": 1.55
            },
            "DT_RECO_vs_model": {
                "r2": 0.78,
                "rmse": 1.1
            },
            "NT_RECO_vs_model": {
                "r2": 0.88,
                "rmse": 0.69
            },
            "DT_GPP_vs_NT_GPP": {
                "r2": 0.95,
                "rmse": 1.56
            },
            "DT_RECO_vs_NT_RECO": {
                "r2": 0.85,
                "rmse": 1
            },
            "val_r2": 0.9477
        }
    },
    "experiment_15": {
        "run_type": "Tramontana",
        "gpp_inputs": [
            "SW_IN",
            "VPD",
            "TA",
            "WTD",
            "WS",
            "PotRad",
            "PotRadHalfHourlyDiff",
            "PotRadDailyAvg",
            "PotRadDailyDiff",
            "WD_COS",
            "WD_SIN",
            "GPP_PROX"
        ],
        "reco_inputs": [
            "DOY_sin",
            "DOY_cos",
            "TA",
            "TS_2",
            "TS_3",
            "TS_4",
            "WTD",
            "WS",
            "WD_COS",
            "WD_SIN",
            "NIGHTLY_NEE_AVG"
        ],
        "metrics": {
            "DT_GPP_vs_model": {
                "r2": 0.96,
                "rmse": 1.46
            },
            "NT_GPP_vs_model": {
                "r2": 0.95,
                "rmse": 1.62
            },
            "DT_RECO_vs_model": {
                "r2": 0.72,
                "rmse": 1.23
            },
            "NT_RECO_vs_model": {
                "r2": 0.83,
                "rmse": 0.84
            },
            "DT_GPP_vs_NT_GPP": {
                "r2": 0.95,
                "rmse": 1.56
            },
            "DT_RECO_vs_NT_RECO": {
                "r2": 0.85,
                "rmse": 1
            },
            "val_r2": 0.949
        }
    },
    "experiment_16": {
        "run_type": "Tramontana",
        "gpp_inputs": [
            "SW_IN",
            "VPD",
            "TA",
            "WTD",
            "WS",
            "PotRad",
            "PotRadHalfHourlyDiff",
            "PotRadDailyAvg",
            "PotRadDailyDiff",
            "WD_COS",
            "WD_SIN",
            "GPP_PROX"
        ],
        "reco_inputs": [
            "DOY_sin",
            "DOY_cos",
            "TA",
            "TS_1",
            "TS_3",
            "TS_4",
            "WTD",
            "WS",
            "WD_COS",
            "WD_SIN",
            "NIGHTLY_NEE_AVG"
        ],
        "metrics": {
            "DT_GPP_vs_model": {
                "r2": 0.96,
                "rmse": 1.43
            },
            "NT_GPP_vs_model": {
                "r2": 0.95,
                "rmse": 1.6
            },
            "DT_RECO_vs_model": {
                "r2": 0.75,
                "rmse": 1.17
            },
            "NT_RECO_vs_model": {
                "r2": 0.84,
                "rmse": 0.81
            },
            "DT_GPP_vs_NT_GPP": {
                "r2": 0.95,
                "rmse": 1.56
            },
            "DT_RECO_vs_NT_RECO": {
                "r2": 0.85,
                "rmse": 1
            },
            "val_r2": 0.9489
        }
    },
    "experiment_17": {
        "run_type": "Tramontana",
        "gpp_inputs": [
            "SW_IN",
            "VPD",
            "TA",
            "WTD",
            "WS",
            "PotRad",
            "PotRadHalfHourlyDiff",
            "PotRadDailyAvg",
            "PotRadDailyDiff",
            "WD_COS",
            "WD_SIN",
            "GPP_PROX"
        ],
        "reco_inputs": [
            "DOY_sin",
            "DOY_cos",
            "TA",
            "TS_1",
            "TS_2",
            "TS_4",
            "WTD",
            "WS",
            "WD_COS",
            "WD_SIN",
            "NIGHTLY_NEE_AVG"
        ],
        "metrics": {
            "DT_GPP_vs_model": {
                "r2": 0.96,
                "rmse": 1.36
            },
            "NT_GPP_vs_model": {
                "r2": 0.95,
                "rmse": 1.56
            },
            "DT_RECO_vs_model": {
                "r2": 0.77,
                "rmse": 1.11
            },
            "NT_RECO_vs_model": {
                "r2": 0.87,
                "rmse": 0.74
            },
            "DT_GPP_vs_NT_GPP": {
                "r2": 0.95,
                "rmse": 1.56
            },
            "DT_RECO_vs_NT_RECO": {
                "r2": 0.85,
                "rmse": 1
            },
            "val_r2": 0.9483
        }
    },
    "experiment_18": {
        "run_type": "Tramontana",
        "gpp_inputs": [
            "SW_IN",
            "VPD",
            "TA",
            "WTD",
            "WS",
            "PotRad",
            "PotRadHalfHourlyDiff",
            "PotRadDailyAvg",
            "PotRadDailyDiff",
            "WD_COS",
            "WD_SIN",
            "GPP_PROX"
        ],
        "reco_inputs": [
            "DOY_sin",
            "DOY_cos",
            "TA",
            "TS_1",
            "TS_2",
            "TS_3",
            "WTD",
            "WS",
            "WD_COS",
            "WD_SIN",
            "NIGHTLY_NEE_AVG"
        ],
        "metrics": {
            "DT_GPP_vs_model": {
                "r2": 0.96,
                "rmse": 1.41
            },
            "NT_GPP_vs_model": {
                "r2": 0.95,
                "rmse": 1.6
            },
            "DT_RECO_vs_model": {
                "r2": 0.75,
                "rmse": 1.16
            },
            "NT_RECO_vs_model": {
                "r2": 0.85,
                "rmse": 0.79
            },
            "DT_GPP_vs_NT_GPP": {
                "r2": 0.95,
                "rmse": 1.56
            },
            "DT_RECO_vs_NT_RECO": {
                "r2": 0.85,
                "rmse": 1
            },
            "val_r2": 0.948
        }
    },
    "experiment_19": {
        "run_type": "Tramontana",
        "gpp_inputs": [
            "SW_IN",
            "VPD",
            "TA",
            "WTD",
            "WS",
            "PotRad",
            "PotRadHalfHourlyDiff",
            "PotRadDailyAvg",
            "PotRadDailyDiff",
            "WD_COS",
            "WD_SIN",
            "GPP_PROX"
        ],
        "reco_inputs": [
            "DOY_sin",
            "DOY_cos",
            "TA",
            "TS_1",
            "TS_2",
            "TS_3",
            "TS_4",
            "WS",
            "WD_COS",
            "WD_SIN",
            "NIGHTLY_NEE_AVG"
        ],
        "metrics": {
            "DT_GPP_vs_model": {
                "r2": 0.96,
                "rmse": 1.51
            },
            "NT_GPP_vs_model": {
                "r2": 0.94,
                "rmse": 1.66
            },
            "DT_RECO_vs_model": {
                "r2": 0.69,
                "rmse": 1.29
            },
            "NT_RECO_vs_model": {
                "r2": 0.79,
                "rmse": 0.93
            },
            "DT_GPP_vs_NT_GPP": {
                "r2": 0.95,
                "rmse": 1.56
            },
            "DT_RECO_vs_NT_RECO": {
                "r2": 0.85,
                "rmse": 1
            },
            "val_r2": 0.9487
        }
    },
    "experiment_20": {
        "run_type": "Tramontana",
        "gpp_inputs": [
            "SW_IN",
            "VPD",
            "TA",
            "WTD",
            "WS",
            "PotRad",
            "PotRadHalfHourlyDiff",
            "PotRadDailyAvg",
            "PotRadDailyDiff",
            "WD_COS",
            "WD_SIN",
            "GPP_PROX"
        ],
        "reco_inputs": [
            "DOY_sin",
            "DOY_cos",
            "TA",
            "TS_1",
            "TS_2",
            "TS_3",
            "TS_4",
            "WTD",
            "WD_COS",
            "WD_SIN",
            "NIGHTLY_NEE_AVG"
        ],
        "metrics": {
            "DT_GPP_vs_model": {
                "r2": 0.96,
                "rmse": 1.46
            },
            "NT_GPP_vs_model": {
                "r2": 0.95,
                "rmse": 1.62
            },
            "DT_RECO_vs_model": {
                "r2": 0.72,
                "rmse": 1.24
            },
            "NT_RECO_vs_model": {
                "r2": 0.82,
                "rmse": 0.85
            },
            "DT_GPP_vs_NT_GPP": {
                "r2": 0.95,
                "rmse": 1.56
            },
            "DT_RECO_vs_NT_RECO": {
                "r2": 0.85,
                "rmse": 1
            },
            "val_r2": 0.9492
        }
    },
    "experiment_21": {
        "run_type": "Tramontana",
        "gpp_inputs": [
            "SW_IN",
            "VPD",
            "TA",
            "WTD",
            "WS",
            "PotRad",
            "PotRadHalfHourlyDiff",
            "PotRadDailyAvg",
            "PotRadDailyDiff",
            "WD_COS",
            "WD_SIN",
            "GPP_PROX"
        ],
        "reco_inputs": [
            "DOY_sin",
            "DOY_cos",
            "TA",
            "TS_1",
            "TS_2",
            "TS_3",
            "TS_4",
            "WTD",
            "WS",
            "WD_SIN",
            "NIGHTLY_NEE_AVG"
        ],
        "metrics": {
            "DT_GPP_vs_model": {
                "r2": 0.96,
                "rmse": 1.48
            },
            "NT_GPP_vs_model": {
                "r2": 0.95,
                "rmse": 1.62
            },
            "DT_RECO_vs_model": {
                "r2": 0.71,
                "rmse": 1.25
            },
            "NT_RECO_vs_model": {
                "r2": 0.82,
                "rmse": 0.86
            },
            "DT_GPP_vs_NT_GPP": {
                "r2": 0.95,
                "rmse": 1.56
            },
            "DT_RECO_vs_NT_RECO": {
                "r2": 0.85,
                "rmse": 1
            },
            "val_r2": 0.949
        }
    },
    "experiment_22": {
        "run_type": "Tramontana",
        "gpp_inputs": [
            "SW_IN",
            "VPD",
            "TA",
            "WTD",
            "WS",
            "PotRad",
            "PotRadHalfHourlyDiff",
            "PotRadDailyAvg",
            "PotRadDailyDiff",
            "WD_COS",
            "WD_SIN",
            "GPP_PROX"
        ],
        "reco_inputs": [
            "DOY_sin",
            "DOY_cos",
            "TA",
            "TS_1",
            "TS_2",
            "TS_3",
            "TS_4",
            "WTD",
            "WS",
            "WD_COS",
            "NIGHTLY_NEE_AVG"
        ],
        "metrics": {
            "DT_GPP_vs_model": {
                "r2": 0.96,
                "rmse": 1.37
            },
            "NT_GPP_vs_model": {
                "r2": 0.95,
                "rmse": 1.58
            },
            "DT_RECO_vs_model": {
                "r2": 0.76,
                "rmse": 1.13
            },
            "NT_RECO_vs_model": {
                "r2": 0.85,
                "rmse": 0.79
            },
            "DT_GPP_vs_NT_GPP": {
                "r2": 0.95,
                "rmse": 1.56
            },
            "DT_RECO_vs_NT_RECO": {
                "r2": 0.85,
                "rmse": 1
            },
            "val_r2": 0.9484
        }
    },
    "experiment_23": {
        "run_type": "Tramontana",
        "gpp_inputs": [
            "SW_IN",
            "VPD",
            "TA",
            "WTD",
            "WS",
            "PotRad",
            "PotRadHalfHourlyDiff",
            "PotRadDailyAvg",
            "PotRadDailyDiff",
            "WD_COS",
            "WD_SIN",
            "GPP_PROX"
        ],
        "reco_inputs": [
            "DOY_sin",
            "DOY_cos",
            "TA",
            "TS_1",
            "TS_2",
            "TS_3",
            "TS_4",
            "WTD",
            "WS",
            "WD_COS",
            "WD_SIN"
        ],
        "metrics": {
            "DT_GPP_vs_model": {
                "r2": 0.96,
                "rmse": 1.45
            },
            "NT_GPP_vs_model": {
                "r2": 0.95,
                "rmse": 1.62
            },
            "DT_RECO_vs_model": {
                "r2": 0.73,
                "rmse": 1.21
            },
            "NT_RECO_vs_model": {
                "r2": 0.8,
                "rmse": 0.91
            },
            "DT_GPP_vs_NT_GPP": {
                "r2": 0.95,
                "rmse": 1.56
            },
            "DT_RECO_vs_NT_RECO": {
                "r2": 0.85,
                "rmse": 1
            },
            "val_r2": 0.9452
        }
    }
}
0.9297,0.88,0.88,0.17,0.26
0.9495,0.97,0.95,0.78,0.85
0.9487,0.96,0.95,0.76,0.85
0.9522,0.96,0.95,0.76,0.84
0.9486,0.96,0.95,0.7,0.8
0.9397,0.97,0.94,0.76,0.82
0.949,0.96,0.95,0.73,0.82
0.9507,0.95,0.95,0.68,0.78
0.9488,0.96,0.95,0.73,0.81
0.9488,0.96,0.95,0.76,0.85
0.9492,0.96,0.95,0.75,0.84
0.9403,0.95,0.93,0.69,0.71

0.9488,0.96,0.95,0.74,0.84
0.9488,0.96,0.95,0.75,0.86
0.9477,0.96,0.95,0.78,0.88
0.949,0.96,0.95,0.72,0.83
0.9489,0.96,0.95,0.75,0.84
0.9483,0.96,0.95,0.77,0.87
0.948,0.96,0.95,0.75,0.85
0.9487,0.96,0.94,0.69,0.79
0.9492,0.96,0.95,0.72,0.82
0.949,0.96,0.95,0.71,0.82
0.9484,0.96,0.95,0.76,0.85
0.9452,0.96,0.95,0.73,0.8
Run ended at:   2025-08-02 14:45:09
Total duration: 0:40:13 (hh:mm:ss)
