rmse_night_1,gpp_mean_1,reco_mean_1,nee_mean_1,rmse_night_2,gpp_mean_2,reco_mean_2,nee_mean_2,rmse_night_3,gpp_mean_3,reco_mean_3,nee_mean_3,rmse_night_4,gpp_mean_4,reco_mean_4,nee_mean_4,rmse_night_5,gpp_mean_5,reco_mean_5,nee_mean_5,rmse_night_6,gpp_mean_6,reco_mean_6,nee_mean_6,rmse_night_7,gpp_mean_7,reco_mean_7,nee_mean_7
0.7899883985519409,2.7049872875213623,2.901974678039551,0.1969873011112213,0.7669305801391602,2.7189149856567383,2.914201736450196,0.1952866613864898,0.780419647693634,2.680781126022339,2.891768455505371,0.2109871506690979,0.7706856727600098,2.7102372646331787,2.9039783477783203,0.1937407404184341,0.7722668647766113,2.67741060256958,2.875054359436035,0.1976436525583267,0.7945900559425354,2.6832468509674072,2.877375364303589,0.1941282302141189,0.7940257787704468,2.656566858291626,2.8465735912323,0.1900065392255783
0.780439555644989,2.7043864727020264,2.8849475383758545,0.1805612742900848,0.7647562026977539,2.716068983078003,2.8829495906829834,0.1668808311223983,0.7741976976394653,2.674072742462158,2.8695881366729736,0.1955152750015258,0.7904043793678284,2.7478702068328857,2.9350860118865967,0.1872158050537109,0.7767395973205566,2.669584274291992,2.839098691940308,0.1695143282413482,0.7953842878341675,2.64348578453064,2.8352513313293457,0.1917656362056732,0.7704424262046814,2.7089571952819824,2.8998355865478516,0.19087839126586914
0.7784016132354736,2.7150778770446777,2.9186956882476807,0.2036179900169372,0.7751569151878357,2.7297542095184326,2.923513412475586,0.1937591880559921,0.7699935436248779,2.6455721855163574,2.8464720249176025,0.2008998543024063,0.7726435661315918,2.674896240234375,2.86519742012024,0.1903008669614792,0.7702114582061768,2.696973323822021,2.913573265075684,0.2165998518466949,0.7782058715820312,2.644249677658081,2.853205919265747,0.2089561969041824,0.7748900055885315,2.660639762878418,2.8377366065979004,0.17709682881832123
0.7781724333763123,2.693942070007324,2.894983053207397,0.2010407298803329,0.7664645314216614,2.7015626430511475,2.895155906677246,0.1935932636260986,0.7850719094276428,2.7582826614379883,2.959019899368286,0.2007371038198471,0.7724860310554504,2.700090885162353,2.904702425003052,0.204611673951149,0.770507276058197,2.6725664138793945,2.866029024124145,0.1934622675180435,0.7635809183120728,2.69192123413086,2.8904919624328613,0.1985708028078079,0.7876465916633606,2.6921677589416504,2.893079996109009,0.20091216266155243
0.7906252145767212,2.771979570388794,2.9764554500579834,0.2044759094715118,0.7647536993026733,2.7504537105560303,2.9576621055603027,0.2072083055973053,0.757426381111145,2.6618471145629883,2.88062596321106,0.2187789231538772,0.7713711261749268,2.743694305419922,2.9439945220947266,0.2003001272678375,0.7833247184753418,2.7282724380493164,2.940553665161133,0.2122813463211059,0.7697331309318542,2.624030351638794,2.8331520557403564,0.2091216742992401,0.7986895442008972,2.693540573120117,2.9026670455932617,0.20912638306617737
0.7854297757148743,2.7188868522644043,2.9034883975982666,0.1846013665199279,0.7673277854919434,2.6863133907318115,2.8844480514526367,0.1981347501277923,0.7689816951751709,2.671424865722656,2.8740313053131104,0.2026060968637466,0.7641522288322449,2.697549104690552,2.891183376312256,0.1936343163251876,0.7773317098617554,2.67417049407959,2.87964940071106,0.2054790556430816,0.7694041132926941,2.7188949584960938,2.9169907569885254,0.1980955898761749,0.7973691821098328,2.6998631954193115,2.90311598777771,0.20325282216072083
0.8013641834259033,2.7166759967803955,2.94184947013855,0.2251732498407364,0.7748040556907654,2.717554807662964,2.9484739303588867,0.2309191524982452,0.7741385698318481,2.679788827896118,2.8865652084350586,0.2067763954401016,0.7702266573905945,2.716958999633789,2.898301601409912,0.1813424974679947,0.7859008312225342,2.6589245796203613,2.868068218231201,0.209143653512001,0.7706172466278076,2.7127106189727783,2.923609972000122,0.2108992785215377,0.7789050340652466,2.6828107833862305,2.903836727142334,0.22102592885494232
0.7841578125953674,2.660375595092773,2.865746021270752,0.2053703069686889,0.7792167067527771,2.755331039428711,2.9562854766845703,0.2009542137384414,0.7847693562507629,2.6930465698242188,2.9240636825561523,0.2310171574354171,0.7763890027999878,2.681138753890991,2.885101079940796,0.2039624601602554,0.7672345638275146,2.6727850437164307,2.8810958862304688,0.2083108127117157,0.79146808385849,2.7078306674957275,2.9157540798187256,0.2079232633113861,0.7959606647491455,2.7091543674468994,2.9165802001953125,0.20742590725421906
0.7873081564903259,2.734871864318848,2.943397521972656,0.2085255980491638,0.7737634778022766,2.686044931411743,2.892905235290528,0.2068601101636886,0.7737651467323303,2.6733527183532715,2.8961260318756104,0.222773015499115,0.7708906531333923,2.7109766006469727,2.915695905685425,0.2047194093465805,0.7773252129554749,2.6476733684539795,2.8858015537261963,0.2381282299757003,0.7737229466438293,2.7094948291778564,2.9216084480285645,0.2121136635541916,0.7783695459365845,2.6626415252685547,2.8790478706359863,0.21640650928020477
0.7748521566390991,2.6888322830200195,2.8978216648101807,0.2089894562959671,0.7701994776725769,2.776524543762207,2.9997212886810303,0.2231966704130172,0.791031002998352,2.662940263748169,2.87371563911438,0.2107754498720169,0.7892528176307678,2.7173566818237305,2.943742275238037,0.2263855934143066,0.7919505834579468,2.6555769443511963,2.868821620941162,0.213244691491127,0.7716584801673889,2.6705496311187744,2.880246877670288,0.2096972465515136,0.7843255996704102,2.651090621948242,2.861528158187866,0.21043740212917328
0.7925738096237183,2.7128231525421143,2.903505802154541,0.1906824856996536,0.7641634941101074,2.6986405849456787,2.893629312515259,0.1949885785579681,0.759722888469696,2.6592254638671875,2.856025695800781,0.1968000531196594,0.7727299332618713,2.714895486831665,2.90723204612732,0.1923365443944931,0.7692055106163025,2.666757345199585,2.866749048233032,0.1999918073415756,0.7716573476791382,2.65593695640564,2.841762065887451,0.18582484126091,0.7862290143966675,2.7020936012268066,2.906362533569336,0.2042686492204666
0.7838098406791687,2.7182412147521973,2.919612169265747,0.2013707906007766,0.769432544708252,2.667702436447144,2.8815879821777344,0.2138855308294296,0.7718789577484131,2.700187921524048,2.927533864974976,0.2273460626602172,0.770261287689209,2.7417585849761963,2.9525609016418457,0.2108024060726165,0.7743740677833557,2.701916456222534,2.9150307178497314,0.2131142616271972,0.7694652676582336,2.647603750228882,2.861604928970337,0.2140012085437774,0.7748111486434937,2.6709234714508057,2.874828338623047,0.20390485227108002
0.7894105911254883,2.686630249023437,2.881897687911988,0.1952674984931945,0.7829992771148682,2.722529649734497,2.926316738128662,0.203786626458168,0.7752736210823059,2.683611869812012,2.8923463821411133,0.2087349444627761,0.7718644142150879,2.708135843276977,2.9185128211975098,0.2103768140077591,0.7726532220840454,2.670367479324341,2.879230260848999,0.2088625580072403,0.7810122966766357,2.7209408283233643,2.917898416519165,0.1969576627016067,0.7795179486274719,2.6467478275299072,2.864427328109741,0.2176792025566101
0.773980975151062,2.711658239364624,2.9145348072052,0.2028766870498657,0.7634333372116089,2.6832926273345947,2.900162696838379,0.2168699949979782,0.7792656421661377,2.699762344360352,2.908116579055786,0.2083542048931121,0.7779271602630615,2.7455341815948486,2.956724166870117,0.2111899256706237,0.778761625289917,2.654245376586914,2.883998155593872,0.2297528833150863,0.7728790640830994,2.704411029815674,2.888928174972534,0.1845170706510543,0.7732143998146057,2.6296498775482178,2.839092493057251,0.20944282412528992
0.7809872627258301,2.7135183811187744,2.911828994750977,0.1983106583356857,0.7625636458396912,2.719944477081299,2.9154629707336426,0.1955182254314422,0.7665659785270691,2.67867374420166,2.893829584121704,0.2151557058095932,0.7711507678031921,2.678514003753662,2.878114938735962,0.1996010690927505,0.7766361832618713,2.6929845809936523,2.896738290786743,0.203754037618637,0.7756146192550659,2.671041965484619,2.8771932125091557,0.2061513215303421,0.7807689905166626,2.6757724285125732,2.8808341026306152,0.20506171882152557
0.7831377387046814,2.717674970626831,2.908107280731201,0.1904321461915969,0.775233268737793,2.698873281478882,2.900676965713501,0.2018034160137176,0.7630483508110046,2.7640442848205566,2.956505537033081,0.1924612075090408,0.7785073518753052,2.8008861541748047,3.0051636695861816,0.2042775303125381,0.800491452217102,2.722212791442871,2.930243968963623,0.2080313861370086,0.7706143260002136,2.708310127258301,2.922282695770264,0.2139724493026733,0.7882789969444275,2.660311698913574,2.8598642349243164,0.19955268502235413
0.7806047201156616,2.677234172821045,2.88985276222229,0.2126185745000839,0.7657562494277954,2.740823984146118,2.939053535461426,0.1982293277978897,0.7825442552566528,2.666923999786377,2.873497486114502,0.2065735906362533,0.7654946446418762,2.730333089828491,2.9415500164031982,0.2112170755863189,0.777462899684906,2.696202754974365,2.89297103881836,0.1967681944370269,0.7730509638786316,2.6235313415527344,2.823528289794922,0.1999970376491546,0.7830889225006104,2.6693878173828125,2.881484031677246,0.2120961993932724
0.7746565937995911,2.668054580688477,2.8716495037078857,0.2035950422286987,0.7721641063690186,2.766756534576416,2.97917103767395,0.2124144434928894,0.7772960662841797,2.683619499206543,2.907089948654175,0.2234705537557602,0.7652472257614136,2.728640079498291,2.9277374744415283,0.1990974247455597,0.7757949829101562,2.639035224914551,2.842470169067383,0.2034351825714111,0.7655643224716187,2.654868602752685,2.8711183071136475,0.2162499874830246,0.7972745299339294,2.6915369033813477,2.9059979915618896,0.21446111798286438
0.7795544862747192,2.679551601409912,2.8756699562072754,0.1961182802915573,0.7899945378303528,2.7277495861053467,2.927477598190308,0.1997279673814773,0.7608343362808228,2.660850763320923,2.866994619369507,0.2061436772346496,0.7703649997711182,2.685802936553955,2.879162549972534,0.1933594048023224,0.7595878839492798,2.6802477836608887,2.8810875415802,0.2008395344018936,0.769605278968811,2.69865345954895,2.883600234985352,0.1849468648433685,0.7785829901695251,2.6587493419647217,2.87455415725708,0.21580490469932556
0.7804346680641174,2.737154483795166,2.9310858249664307,0.193931296467781,0.7769201993942261,2.7162296772003174,2.911938667297364,0.1957088112831115,0.7757004499435425,2.697839736938477,2.8992185592651367,0.2013788968324661,0.7720381617546082,2.769287586212158,2.9626729488372803,0.1933854073286056,0.7762262225151062,2.7237350940704346,2.922142505645752,0.1984074264764785,0.7745275497436523,2.714840173721313,2.894783735275269,0.1799435317516327,0.7796313762664795,2.6684229373931885,2.857435703277588,0.18901266157627106
0.7740004062652588,2.721168041229248,2.934000253677368,0.2128323763608932,0.7687488794326782,2.693233728408813,2.9021875858306885,0.2089537531137466,0.7833780646324158,2.7495579719543457,2.957437515258789,0.2078794836997985,0.7715298533439636,2.683175802230835,2.894002914428711,0.2108267098665237,0.7700005769729614,2.64341688156128,2.870924472808838,0.2275073379278183,0.7606539130210876,2.6748838424682617,2.8831357955932617,0.2082516700029373,0.7793455719947815,2.6438210010528564,2.8524279594421387,0.20860719680786133
0.7835588455200195,2.673185348510742,2.8731038570404053,0.1999185979366302,0.7731215953826904,2.7110512256622314,2.9109580516815186,0.1999067068099975,0.7681499123573303,2.666818141937256,2.8494198322296143,0.1826016008853912,0.7701565623283386,2.734779357910156,2.9092984199523926,0.1745190471410751,0.7831461429595947,2.7238316535949707,2.9142301082611084,0.1903986930847168,0.7720586061477661,2.6309733390808105,2.8311808109283447,0.2002075910568237,0.7866306900978088,2.6209051609039307,2.8084516525268555,0.18754661083221436
0.7806017994880676,2.6927027702331543,2.90242338180542,0.2097205817699432,0.7711061835289001,2.7600350379943848,2.98152494430542,0.2214897722005844,0.7771046161651611,2.6494626998901367,2.878258228302002,0.2287956029176712,0.7711525559425354,2.6861538887023926,2.894191265106201,0.2080374956130981,0.7720590233802795,2.6808602809906006,2.889587163925171,0.2087271511554718,0.7677513957023621,2.64827823638916,2.8559699058532715,0.2076919078826904,0.7936515808105469,2.6684865951538086,2.892545223236084,0.2240586280822754
0.7847809195518494,2.7163896560668945,2.9161956310272217,0.1998058408498764,0.7647160291671753,2.748099565505981,2.951643705368042,0.203544482588768,0.7717724442481995,2.6417758464813232,2.846311330795288,0.2045356929302215,0.7688276171684265,2.695556879043579,2.908917188644409,0.2133602499961853,0.7630682587623596,2.6630570888519287,2.863158702850342,0.2001015841960907,0.776023268699646,2.681340456008911,2.8910810947418213,0.2097409516572952,0.7789613604545593,2.6530838012695312,2.8512015342712402,0.1981176882982254
0.7732996940612793,2.725704431533813,2.9153144359588623,0.1896101534366607,0.7838380932807922,2.7424230575561523,2.94496488571167,0.2025413960218429,0.7712476253509521,2.70817232131958,2.902489185333252,0.1943169832229614,0.7689712643623352,2.757948637008667,2.935823917388916,0.1778756082057953,0.7661249041557312,2.6641271114349365,2.8446857929229736,0.1805589348077774,0.7611030340194702,2.6714322566986084,2.8701932430267334,0.1987610161304474,0.7834364175796509,2.66544508934021,2.859109401702881,0.19366423785686493
0.7705851793289185,2.693502902984619,2.890431404113769,0.1969283372163772,0.770415723323822,2.706876277923584,2.90090012550354,0.1940238922834396,0.7641428709030151,2.6507701873779297,2.8526554107666016,0.2018852084875106,0.7905852198600769,2.742764949798584,2.943387031555176,0.2006218880414962,0.7726514935493469,2.683616876602173,2.8785016536712646,0.194884717464447,0.7707319855690002,2.6864185333251958,2.887922763824463,0.2015043944120407,0.7854310274124146,2.614858388900757,2.8146889209747314,0.1998305767774582
0.793083906173706,2.7329089641571045,2.923458814620972,0.1905498653650283,0.7655775547027588,2.7008888721466064,2.9165658950805664,0.2156771272420883,0.7809712290763855,2.6904046535491943,2.905451774597168,0.2150472104549408,0.768905520439148,2.7476377487182617,2.969671726226806,0.2220338433980941,0.7724212408065796,2.7075412273406982,2.911268949508667,0.2037278264760971,0.7691138982772827,2.6920552253723145,2.89509391784668,0.20303875207901,0.7830273509025574,2.6879000663757324,2.906743288040161,0.21884307265281677
0.7783789038658142,2.742619037628174,2.9582738876342773,0.2156548798084259,0.7660595774650574,2.728573799133301,2.946666955947876,0.2180932462215423,0.777004599571228,2.689666986465454,2.8978099822998047,0.2081432342529297,0.7760000228881836,2.716315031051636,2.9244847297668457,0.2081698328256607,0.7804068922996521,2.6752469539642334,2.8800692558288574,0.2048220634460449,0.7754402160644531,2.6817946434021,2.893044948577881,0.2112502008676529,0.7958201766014099,2.6622588634490967,2.873525381088257,0.2112666517496109
0.7934367060661316,2.688298225402832,2.8802719116210938,0.1919736117124557,0.7879858613014221,2.751488447189331,2.9226040840148926,0.1711158454418182,0.7686399817466736,2.6489086151123047,2.849870681762696,0.2009619623422622,0.7591583132743835,2.6915054321289062,2.87615704536438,0.184651494026184,0.7658243775367737,2.6655943393707275,2.862663984298706,0.1970697343349456,0.7625572681427002,2.66740345954895,2.867064476013184,0.1996608227491378,0.7874248027801514,2.639899730682373,2.8453285694122314,0.20542867481708527
0.7913869023323059,2.68794584274292,2.888844013214112,0.2008982747793197,0.7808557748794556,2.7171432971954346,2.928083896636963,0.2109407782554626,0.7764633297920227,2.732172727584839,2.937112331390381,0.2049392759799957,0.7707231640815735,2.727100133895874,2.929109573364258,0.2020097374916076,0.7879396677017212,2.7003135681152344,2.9121415615081787,0.2118278890848159,0.7801589369773865,2.687845468521118,2.899910926818848,0.2120653390884399,0.8088088035583496,2.6673972606658936,2.8784613609313965,0.21106447279453278
0.8078104853630066,2.655633449554444,2.859658479690552,0.2040252536535263,0.7673131823539734,2.713592529296875,2.911006212234497,0.1974137872457504,0.780173659324646,2.6454031467437744,2.83992886543274,0.1945258826017379,0.7818142175674438,2.7303898334503174,2.913592576980591,0.1832026690244674,0.7819861769676208,2.657293796539306,2.859130859375,0.2018371224403381,0.7927431464195251,2.6820080280303955,2.872856855392456,0.1908490359783172,0.7891739010810852,2.6858298778533936,2.8856990337371826,0.19986917078495026
0.7850642204284668,2.719524621963501,2.916709899902344,0.1971850395202636,0.775584876537323,2.723289966583252,2.9156301021575928,0.1923398524522781,0.786426842212677,2.66170620918274,2.8801348209381104,0.2184285670518875,0.7842106819152832,2.692373037338257,2.899924993515014,0.207551896572113,0.7690447568893433,2.661048650741577,2.8712852001190186,0.2102366089820861,0.7771804332733154,2.630989789962769,2.827404260635376,0.1964148432016372,0.7723339796066284,2.694143533706665,2.9071075916290283,0.2129639834165573
0.7932955622673035,2.6689612865448,2.869781494140625,0.2008202373981475,0.7671798467636108,2.699563980102539,2.8969109058380127,0.1973469257354736,0.7723163366317749,2.6996970176696777,2.918300151824951,0.2186030596494674,0.7665680646896362,2.6785688400268555,2.8896420001983643,0.2110729664564132,0.7787321209907532,2.697377920150757,2.9086859226226807,0.2113078087568283,0.7690989375114441,2.640199661254883,2.8499510288238525,0.2097512036561966,0.7767106890678406,2.6366631984710693,2.8585896492004395,0.22192637622356415
0.7871086597442627,2.674062013626098,2.872488021850586,0.1984257400035858,0.7792340517044067,2.687973976135254,2.868844985961914,0.1808711290359497,0.7658628821372986,2.6762137413024902,2.854884147644043,0.1786704212427139,0.7592708468437195,2.6819441318511963,2.878580331802368,0.1966362595558166,0.7687922716140747,2.712431192398072,2.904279947280884,0.1918486952781677,0.7592494487762451,2.646435022354126,2.846389055252075,0.1999540627002716,0.7822439074516296,2.6448118686676025,2.8270416259765625,0.1822296530008316
0.7803186774253845,2.6836016178131104,2.8832104206085205,0.1996090561151504,0.7757229208946228,2.674522399902344,2.8755459785461426,0.2010236233472824,0.7483966946601868,2.6999878883361816,2.922307014465332,0.2223191708326339,0.7674110531806946,2.736616373062134,2.9508984088897705,0.2142819613218307,0.7787158489227295,2.6755690574646,2.8803458213806152,0.2047764807939529,0.7662984132766724,2.65856409072876,2.860628128051758,0.2020640075206756,0.7823877334594727,2.6387863159179688,2.845425605773926,0.20663918554782867
0.8117109537124634,2.7287185192108154,2.943289995193481,0.214571475982666,0.7604666948318481,2.6739513874053955,2.8696601390838623,0.1957087218761444,0.7676316499710083,2.6519365310668945,2.859018564224243,0.2070818841457367,0.7643096446990967,2.6745190620422363,2.8733139038085938,0.1987949162721634,0.7694547176361084,2.617652177810669,2.820225954055786,0.2025739401578903,0.7645558714866638,2.646034479141236,2.8422646522521973,0.1962300837039947,0.7847919464111328,2.5851151943206787,2.8005971908569336,0.2154819816350937
0.8054667115211487,2.631476640701294,2.817706346511841,0.1862297505140304,0.7973331809043884,2.728586435317993,2.91977334022522,0.1911868453025818,0.7658267617225647,2.7119228839874268,2.910858392715454,0.1989355087280273,0.782194197177887,2.735630512237549,2.911717414855957,0.1760868728160858,0.7860844135284424,2.6206345558166504,2.8235063552856445,0.2028718143701553,0.7748607397079468,2.668246269226074,2.853492498397827,0.1852461248636245,0.7817522287368774,2.6414601802825928,2.822519540786743,0.18105928599834442
0.798321008682251,2.7125232219696045,2.929378032684326,0.2168548256158828,0.7816834449768066,2.746469020843506,2.956784248352051,0.2103151977062225,0.7844715118408203,2.666125774383545,2.8921287059783936,0.2260029315948486,0.7796719074249268,2.718367576599121,2.92705512046814,0.208687737584114,0.7668259739875793,2.630908727645874,2.84022855758667,0.2093198001384735,0.7894278168678284,2.587125778198242,2.798112630844116,0.2109868377447128,0.7913203835487366,2.6889095306396484,2.9124059677124023,0.22349654138088226
0.8016435503959656,2.710296392440796,2.910735845565796,0.2004396617412567,0.7813921570777893,2.7376108169555664,2.9451799392700195,0.2075691372156143,0.7704096436500549,2.6885578632354736,2.893463611602783,0.2049057930707931,0.7794592380523682,2.759291172027588,2.959990978240967,0.2006998807191848,0.7708788514137268,2.7101144790649414,2.9239447116851807,0.2138303220272064,0.7812763452529907,2.7344369888305664,2.9536592960357666,0.2192220389842987,0.7930222153663635,2.6600089073181152,2.8799068927764893,0.2198980748653412
0.7840312123298645,2.7337334156036377,2.9304652214050293,0.1967317909002304,0.7715215086936951,2.7535593509674072,2.9480254650115967,0.1944660693407058,0.7697053551673889,2.719785213470459,2.923536539077759,0.2037511765956878,0.7824287414550781,2.7754006385803223,2.974184989929199,0.1987845003604889,0.7736888527870178,2.691403388977051,2.896998405456543,0.2055950760841369,0.7821443676948547,2.674818277359009,2.879557609558105,0.204739511013031,0.7939223647117615,2.638620615005493,2.8475096225738525,0.20888903737068176
0.7889963984489441,2.784717082977295,3.0066654682159424,0.2219485640525818,0.7727496027946472,2.6954848766326904,2.9273922443389893,0.2319076359272003,0.7791248559951782,2.693346738815308,2.899543285369873,0.2061968445777893,0.7653698325157166,2.731552600860596,2.9338064193725586,0.2022534012794494,0.7937713265419006,2.7133660316467285,2.927406549453736,0.214040532708168,0.777194619178772,2.6816341876983643,2.8925201892852783,0.2108856290578842,0.7909583449363708,2.6359221935272217,2.867330551147461,0.2314082384109497
0.7846616506576538,2.7154314517974854,2.9163594245910645,0.2009278386831283,0.7616260051727295,2.6967294216156006,2.886921167373657,0.1901919245719909,0.7888868451118469,2.652280807495117,2.85738492012024,0.2051040828227996,0.7831940650939941,2.701935291290283,2.894728422164917,0.1927931904792785,0.778793215751648,2.664734601974488,2.8656344413757324,0.2008996754884719,0.7759262919425964,2.6789968013763428,2.8804314136505127,0.2014346718788147,0.7829328179359436,2.6012823581695557,2.7845287322998047,0.18324659764766693
0.7847392559051514,2.7228384017944336,2.921487331390381,0.1986491978168487,0.7667384743690491,2.72749137878418,2.9360015392303467,0.208510160446167,0.7730710506439209,2.6876938343048096,2.890219688415528,0.2025260180234909,0.7709508538246155,2.748244524002075,2.9433460235595703,0.1951014250516891,0.7753437161445618,2.684006929397583,2.9038803577423096,0.2198735326528549,0.7818087935447693,2.709547758102417,2.9204561710357666,0.2109082192182541,0.7854459881782532,2.6282296180725098,2.837423801422119,0.20919428765773773
0.7951118350028992,2.7065625190734863,2.898012161254883,0.1914497762918472,0.7664740681648254,2.745715856552124,2.9332263469696045,0.1875103414058685,0.7655213475227356,2.6412484645843506,2.819223403930664,0.177974984049797,0.7669196128845215,2.6643600463867188,2.826978206634521,0.1626180559396743,0.7693367600440979,2.7167108058929443,2.911564826965332,0.1948543488979339,0.773126482963562,2.6842830181121826,2.880713939666748,0.1964306831359863,0.7797465324401855,2.6404285430908203,2.828899383544922,0.1884709894657135
0.7814760208129883,2.681701898574829,2.8833045959472656,0.201602965593338,0.7751975655555725,2.6708595752716064,2.867949962615967,0.1970904022455215,0.776314377784729,2.690964460372925,2.905874967575073,0.214910477399826,0.7843309044837952,2.708646297454834,2.905270338058472,0.1966242045164108,0.7781705260276794,2.7283759117126465,2.927530765533448,0.1991547346115112,0.7679938673973083,2.6925196647644043,2.898523092269897,0.2060033529996872,0.7809990048408508,2.6610965728759766,2.8671183586120605,0.20602184534072876
0.8089035153388977,2.713153123855591,2.91441297531128,0.2012599110603332,0.7763192653656006,2.74574875831604,2.932417154312134,0.1866682022809982,0.7772175073623657,2.627595901489258,2.814839124679565,0.1872431933879852,0.7707854509353638,2.734216451644897,2.9325027465820312,0.1982863247394561,0.7783383131027222,2.6749513149261475,2.866302013397217,0.191351056098938,0.7797845602035522,2.671508550643921,2.8738434314727783,0.2023349851369857,0.7872574925422668,2.665811538696289,2.8716318607330322,0.2058202028274536
0.786445677280426,2.685242414474488,2.9123167991638184,0.2270743995904922,0.7775467038154602,2.683278083801269,2.88763165473938,0.2043536007404327,0.7598444819450378,2.708158493041992,2.93086838722229,0.2227098047733307,0.7744156122207642,2.722509384155273,2.926398754119873,0.2038894891738891,0.7793659567832947,2.6782233715057373,2.9029548168182373,0.2247311919927597,0.7742546796798706,2.6776211261749268,2.891878843307495,0.2142578810453415,0.805444061756134,2.6511423587799072,2.861839771270752,0.2106969952583313
0.8039902448654175,2.67551064491272,2.89028549194336,0.2147746831178665,0.772108256816864,2.7215664386749268,2.922624111175537,0.2010576874017715,0.7631336450576782,2.6636850833892822,2.86901593208313,0.2053305506706237,0.7680341601371765,2.6807923316955566,2.886449098587036,0.205656811594963,0.7742308378219604,2.7155921459198,2.922816276550293,0.2072243243455886,0.7735432386398315,2.6464223861694336,2.8524746894836426,0.2060523033142089,0.7818598747253418,2.679243564605713,2.8897922039031982,0.2105485200881958
0.7837187051773071,2.658943891525269,2.845176935195923,0.1862331628799438,0.7647485136985779,2.716512680053711,2.9005792140960693,0.1840667426586151,0.7748902440071106,2.70418643951416,2.903949499130249,0.1997630149126052,0.7523177266120911,2.7966461181640625,2.9849884510040283,0.1883422434329986,0.7864512205123901,2.710855007171631,2.9126880168914795,0.201833114027977,0.7707563042640686,2.637329578399658,2.8290281295776367,0.1916983872652053,0.7791144251823425,2.7050278186798096,2.8943469524383545,0.18931885063648224
0.7815066576004028,2.699602603912353,2.9035792350769043,0.2039766311645507,0.7725862860679626,2.6920416355133057,2.8904032707214355,0.1983615905046463,0.7741217017173767,2.6717183589935303,2.881307363510132,0.2095890343189239,0.7795730233192444,2.735779047012329,2.9479870796203613,0.2122078835964203,0.7725696563720703,2.6601483821868896,2.8627562522888184,0.2026076167821884,0.7825953364372253,2.6575815677642822,2.869377851486206,0.2117962092161178,0.780848503112793,2.6505162715911865,2.8560354709625244,0.20551881194114685
0.7770305275917053,2.719628095626831,2.947721481323242,0.2280934751033783,0.7691235542297363,2.735207319259644,2.9398508071899414,0.2046433836221695,0.7649977207183838,2.6779143810272217,2.908801555633545,0.2308871448040008,0.7615095376968384,2.691225051879883,2.9007818698883057,0.20955690741539,0.7665934562683105,2.722187042236328,2.9586164951324463,0.2364294826984405,0.7811992168426514,2.741217613220215,2.969456195831299,0.2282384634017944,0.7856125831604004,2.613213062286377,2.8310799598693848,0.21786682307720184
0.8031376004219055,2.779083490371704,2.9904592037200928,0.2113756984472274,0.7685343027114868,2.6998329162597656,2.893378496170044,0.193545788526535,0.776970386505127,2.63665509223938,2.8428142070770264,0.2061590999364853,0.7709223628044128,2.7073559761047363,2.9071743488311768,0.1998182237148285,0.7631424069404602,2.614051818847656,2.8236172199249268,0.2095652669668197,0.7782789468765259,2.709259033203125,2.9088120460510254,0.1995531320571899,0.7713878154754639,2.654953718185425,2.872086763381958,0.2171330451965332
0.7878184914588928,2.7661924362182617,2.972794532775879,0.2066019773483276,0.7847364544868469,2.7011544704437256,2.907023429870605,0.2058688998222351,0.7748202085494995,2.680250644683838,2.903120279312134,0.2228695452213287,0.7744591236114502,2.758002281188965,2.952807664871216,0.1948054879903793,0.7724676728248596,2.5935566425323486,2.794389009475708,0.2008324861526489,0.7822508811950684,2.6883223056793213,2.866117000579834,0.1777944564819336,0.7952420115470886,2.6997435092926025,2.9054861068725586,0.20574258267879486
0.7842826247215271,2.698280334472656,2.8976099491119385,0.1993297040462494,0.7658923864364624,2.688300132751465,2.9006452560424805,0.212345153093338,0.7691709399223328,2.6548449993133545,2.860248565673828,0.2054036855697631,0.7656379342079163,2.650905132293701,2.854254722595215,0.2033497095108032,0.7737354040145874,2.69599986076355,2.899932861328125,0.2039330005645752,0.786929190158844,2.6272268295288086,2.832977771759033,0.2057510316371917,0.7748085856437683,2.676205635070801,2.8975818157196045,0.2213762253522873
0.7836042642593384,2.726093053817749,2.926654577255249,0.2005615085363388,0.7720211148262024,2.699267864227295,2.9062840938568115,0.2070161551237106,0.7635732889175415,2.6335020065307617,2.836231470108032,0.2027292251586914,0.7705792784690857,2.714030504226685,2.9200241565704346,0.2059937566518783,0.7615705132484436,2.7044005393981934,2.892747402191162,0.1883467584848404,0.776432991027832,2.6610918045043945,2.8524625301361084,0.1913705319166183,0.7882719039916992,2.6141409873962402,2.8397302627563477,0.22558921575546265
0.7817366123199463,2.719415664672852,2.919015407562256,0.1995998919010162,0.7704550623893738,2.6684587001800537,2.842632293701172,0.1741735637187957,0.772942066192627,2.637084484100342,2.861367464065552,0.2242830544710159,0.7769116759300232,2.714363574981689,2.891983985900879,0.1776204705238342,0.7640787363052368,2.678485155105591,2.893261432647705,0.2147760093212127,0.7812371253967285,2.6423568725585938,2.8479461669921875,0.2055894583463668,0.7758767008781433,2.629615545272827,2.829819917678833,0.20020443201065063
0.7948391437530518,2.7023684978485107,2.898719549179077,0.1963509172201156,0.7768438458442688,2.7468955516815186,2.9361958503723145,0.1893003433942794,0.7715650200843811,2.639052629470825,2.812720537185669,0.173667699098587,0.7821037769317627,2.68647837638855,2.878003597259521,0.191525399684906,0.7848393321037292,2.692905902862549,2.8752810955047607,0.1823748052120208,0.7924687266349792,2.7053518295288086,2.8896563053131104,0.1843046694993972,0.7941948771476746,2.6867008209228516,2.8829777240753174,0.1962769329547882
0.7962310314178467,2.659400701522827,2.851270198822021,0.1918694823980331,0.7716780304908752,2.7244606018066406,2.902618169784546,0.1781574785709381,0.7796895503997803,2.6521148681640625,2.850149631500244,0.1980346590280532,0.7733845710754395,2.6892688274383545,2.876426696777344,0.187157854437828,0.7769137024879456,2.6667869091033936,2.8608551025390625,0.1940682381391525,0.7688676714897156,2.702200412750244,2.8794665336608887,0.1772662699222564,0.7845908403396606,2.6692471504211426,2.8674819469451904,0.19823479652404785
0.7781478762626648,2.7385969161987305,2.940211772918701,0.201614961028099,0.7721573710441589,2.7305896282196045,2.93821382522583,0.2076239585876464,0.7863956093788147,2.652987241744995,2.8624303340911865,0.209443137049675,0.7734937071800232,2.7076377868652344,2.8995957374572754,0.1919580101966858,0.7612416744232178,2.657050132751465,2.836655616760254,0.1796055734157562,0.788002610206604,2.746912002563477,2.924760103225708,0.1778480857610702,0.782936155796051,2.680706024169922,2.902963161468506,0.2222568839788437
0.8045741319656372,2.6812241077423096,2.8723838329315186,0.1911597996950149,0.7630629539489746,2.716359853744507,2.925889253616333,0.2095294594764709,0.7670040726661682,2.749448776245117,2.9519646167755127,0.2025159299373626,0.7691331505775452,2.7303781509399414,2.934166669845581,0.2037886679172516,0.7600761651992798,2.6828272342681885,2.8993613719940186,0.2165342569351196,0.7624146938323975,2.663855791091919,2.8628244400024414,0.1989688426256179,0.7788113951683044,2.620396852493286,2.799309730529785,0.17891286313533783
0.7715386748313904,2.7350547313690186,2.9258458614349365,0.190790981054306,0.7849906086921692,2.716959238052368,2.9007723331451416,0.1838131994009018,0.7693778872489929,2.705565929412842,2.902789354324341,0.1972235441207885,0.7696183919906616,2.702441692352295,2.8967056274414062,0.1942638009786605,0.7747204303741455,2.666985273361206,2.864020109176636,0.1970350593328476,0.772508442401886,2.663537740707397,2.8540680408477783,0.1905303001403808,0.7745266556739807,2.6764538288116455,2.8700568675994873,0.19360306859016418
0.78983074426651,2.7430105209350586,2.9456663131713867,0.2026561796665191,0.7642362117767334,2.6972129344940186,2.899186849594116,0.2019738107919693,0.772074818611145,2.688324451446533,2.8857555389404297,0.1974309533834457,0.7759376168251038,2.741197109222412,2.935673713684082,0.1944765895605087,0.7804107069969177,2.6699275970458984,2.8717520236968994,0.2018246203660965,0.7672214508056641,2.644341468811035,2.8163418769836426,0.1720001697540283,0.787149965763092,2.6974687576293945,2.8767380714416504,0.17926937341690063
0.7974608540534973,2.692103862762451,2.890808820724488,0.1987051218748092,0.7654976844787598,2.722941637039185,2.91234827041626,0.1894067078828811,0.769247829914093,2.64922833442688,2.850383758544922,0.201155424118042,0.7631652355194092,2.765666484832764,2.9580390453338623,0.1923724859952926,0.7863951921463013,2.679695844650269,2.879202365875244,0.1995063722133636,0.7694411277770996,2.652971744537353,2.847957134246826,0.1949854046106338,0.7846373319625854,2.7352614402770996,2.93863582611084,0.20337432622909546
0.7895607948303223,2.6723861694335938,2.8679447174072266,0.1955587267875671,0.7914782166481018,2.7788403034210205,2.974306106567383,0.1954658776521682,0.7601404786109924,2.6387288570404053,2.8390183448791504,0.200289636850357,0.7702913880348206,2.7101333141326904,2.904364109039306,0.1942307502031326,0.7806435227394104,2.6971583366394043,2.901526689529419,0.2043684870004654,0.7750543355941772,2.6921193599700928,2.89394211769104,0.2018228024244308,0.7761775851249695,2.6931028366088867,2.895206928253174,0.20210400223731995
0.7812061905860901,2.6724724769592285,2.8761301040649414,0.2036576122045517,0.764640212059021,2.67451810836792,2.888019800186157,0.2135017812252044,0.768345057964325,2.674057006835937,2.8939828872680664,0.2199259847402572,0.7701306939125061,2.68937087059021,2.903405904769897,0.2140349149703979,0.7700570821762085,2.6725990772247314,2.8749876022338867,0.2023883163928985,0.7804319858551025,2.658986806869507,2.8625118732452397,0.2035252898931503,0.7865508198738098,2.6571545600891113,2.8694815635681152,0.21232715249061584
0.7965617775917053,2.675729751586914,2.892123222351074,0.216393381357193,0.7820694446563721,2.787053346633911,3.0013718605041504,0.2143184542655944,0.7680266499519348,2.662529230117798,2.874018669128418,0.2114894688129425,0.7737709879875183,2.680883407592773,2.88114333152771,0.2002599090337753,0.7599503993988037,2.6466848850250244,2.874001979827881,0.2273170948028564,0.7839751839637756,2.668329954147339,2.8868839740753174,0.2185540944337844,0.7718440294265747,2.5981061458587646,2.8093385696411133,0.21123242378234863
0.7980490326881409,2.7274601459503174,2.9152543544769287,0.1877942085266113,0.7935565114021301,2.740388870239258,2.9381089210510254,0.1977199465036392,0.7695943117141724,2.7038605213165283,2.8853535652160645,0.1814930438995361,0.7716055512428284,2.733987331390381,2.926278114318848,0.1922906339168548,0.7743940949440002,2.6713104248046875,2.8505654335021973,0.1792549192905426,0.7837951183319092,2.7004759311676025,2.887223720550537,0.1867478787899017,0.7985936999320984,2.686333417892456,2.877141237258911,0.1908075511455536
0.7928180694580078,2.684936046600342,2.8686368465423584,0.1837010383605957,0.772249698638916,2.685214042663574,2.8826472759246826,0.1974333375692367,0.7719299793243408,2.6516287326812744,2.869530439376831,0.2179015576839447,0.7771957516670227,2.686907768249512,2.891608953475952,0.2047012597322464,0.767964780330658,2.709186792373657,2.937296867370605,0.2281098961830139,0.7687859535217285,2.6606476306915283,2.879929542541504,0.2192818969488144,0.7889731526374817,2.6228723526000977,2.8411779403686523,0.2183055281639099
0.7797058820724487,2.761115550994873,2.971842288970948,0.2107266783714294,0.7804578542709351,2.804085731506348,3.003887891769409,0.1998021751642227,0.7660496234893799,2.70285964012146,2.9083375930786133,0.2054780572652816,0.7650476098060608,2.7043919563293457,2.901873826980591,0.1974818855524063,0.7641915678977966,2.695009469985962,2.90014123916626,0.2051316648721695,0.7746052145957947,2.677932024002075,2.900602340698242,0.222670242190361,0.7971488833427429,2.6616830825805664,2.8846964836120605,0.22301329672336578
0.7861948013305664,2.66077208518982,2.8424503803253174,0.1816782355308532,0.7795247435569763,2.6816627979278564,2.880360841751098,0.1986980736255645,0.7709839344024658,2.666536808013916,2.865304470062256,0.1987676173448562,0.764984130859375,2.7190678119659424,2.9104785919189453,0.1914108693599701,0.7780860662460327,2.7206647396087646,2.917405843734741,0.1967412233352661,0.7789894342422485,2.6817543506622314,2.899764060974121,0.2180096954107284,0.7860714197158813,2.652557611465454,2.8701837062835693,0.2176261842250824
0.7820007801055908,2.715627908706665,2.923797607421875,0.2081696093082428,0.7662263512611389,2.708977699279785,2.909290313720703,0.2003125548362732,0.7759227156639099,2.6526684761047363,2.8625710010528564,0.209902212023735,0.7716915011405945,2.7084527015686035,2.913184642791748,0.2047318816184997,0.7685027122497559,2.6820743083953857,2.8965232372283936,0.2144491076469421,0.77873295545578,2.6626546382904053,2.8886775970458984,0.2260230183601379,0.7786595821380615,2.6655149459838867,2.8878355026245117,0.22232070565223694
0.7795575857162476,2.724966287612915,2.923741817474365,0.1987752616405487,0.767055332660675,2.659050941467285,2.876053094863892,0.2170022130012512,0.7754979729652405,2.6456315517425537,2.848188877105713,0.2025571018457412,0.7745038270950317,2.7484378814697266,2.94810152053833,0.1996635496616363,0.7837055325508118,2.6871261596679688,2.90139389038086,0.2142677456140518,0.7729121446609497,2.6613051891326904,2.8634843826293945,0.2021792829036712,0.7798747420310974,2.5848443508148193,2.7897493839263916,0.20490504801273346
0.7846739888191223,2.718762159347534,2.925944328308105,0.207182303071022,0.7758834362030029,2.7327795028686523,2.9400765895843506,0.2072971761226654,0.7624166011810303,2.678936243057251,2.899500608444214,0.2205644100904464,0.7656915187835693,2.7173354625701904,2.917866468429565,0.2005308866500854,0.7802871465682983,2.6475796699523926,2.8702166080474854,0.2226367592811584,0.7744050025939941,2.617227792739868,2.83950138092041,0.2222734689712524,0.7813266515731812,2.619222640991211,2.8536198139190674,0.23439717292785645
0.7827430963516235,2.69063663482666,2.8733088970184326,0.1826725155115127,0.7794058918952942,2.791511058807373,3.0021774768829346,0.2106662839651107,0.7689934968948364,2.660277843475342,2.863876342773437,0.203598752617836,0.775225818157196,2.7432000637054443,2.96474552154541,0.2215457111597061,0.7678045630455017,2.6426379680633545,2.8476364612579346,0.2049985378980636,0.7757932543754578,2.6355700492858887,2.8475375175476074,0.2119674831628799,0.7768388390541077,2.704840898513794,2.911841630935669,0.20700077712535858
0.7799136638641357,2.70214581489563,2.906547784805298,0.2044020742177963,0.7591305375099182,2.65169620513916,2.855506896972656,0.2038107812404632,0.7602032423019409,2.70444917678833,2.925110340118408,0.2206611037254333,0.7733543515205383,2.715792179107666,2.9194176197052,0.2036252468824386,0.7720140218734741,2.657589197158813,2.864959239959717,0.2073700726032257,0.7679100036621094,2.695409774780273,2.902503728866577,0.2070937305688858,0.7832823395729065,2.618546485900879,2.8301198482513428,0.21157348155975342
0.7807835936546326,2.669600009918213,2.891875743865967,0.2222757488489151,0.7771415114402771,2.7108571529388428,2.9130117893218994,0.202154666185379,0.7744348049163818,2.671241283416748,2.882145881652832,0.2109046876430511,0.7807692885398865,2.7411863803863525,2.9430923461914062,0.2019057422876358,0.7763082385063171,2.692758083343506,2.907296895980835,0.2145387530326843,0.7869419455528259,2.6642394065856934,2.889396905899048,0.2251575887203216,0.7871814966201782,2.6269493103027344,2.8442018032073975,0.21725238859653473
0.784047544002533,2.708968162536621,2.910935640335083,0.2019675374031067,0.7709365487098694,2.664623737335205,2.876478672027588,0.2118550091981887,0.7789965867996216,2.7063868045806885,2.9009594917297363,0.1945727616548538,0.7721074819564819,2.732750177383423,2.933745622634888,0.2009954899549484,0.7708964347839355,2.679032325744629,2.884737014770508,0.205704465508461,0.7984581589698792,2.739703893661499,2.9449117183685303,0.2052077502012252,0.8148278594017029,2.675994873046875,2.8866381645202637,0.210643470287323
0.7860127687454224,2.733919382095337,2.9577810764312744,0.2238615006208419,0.7858114838600159,2.707738161087036,2.9142465591430664,0.2065086364746093,0.7712476253509521,2.703070640563965,2.916170597076416,0.2130999267101287,0.7602481245994568,2.7137868404388428,2.9143903255462646,0.200603574514389,0.7960143089294434,2.649267196655273,2.8518826961517334,0.2026156783103943,0.7772057056427002,2.6670031547546387,2.8652892112731934,0.1982862502336502,0.7826477289199829,2.6724166870117188,2.899103879928589,0.22668714821338654
0.7805811762809753,2.706855058670044,2.9086508750915527,0.2017958313226699,0.7720543146133423,2.706288576126098,2.905594110488892,0.1993057280778885,0.7712458968162537,2.638786554336548,2.8539342880249023,0.2151475101709365,0.7924643158912659,2.743628978729248,2.940192699432373,0.1965637803077697,0.780447244644165,2.697375774383545,2.877419233322144,0.1800434440374374,0.7785469889640808,2.683133840560913,2.9029483795166016,0.2198145538568496,0.7813892960548401,2.627532482147217,2.8337957859039307,0.2062634378671646
0.7806109189987183,2.7487716674804688,2.93865704536438,0.1898853629827499,0.7623969912528992,2.730423927307129,2.9213225841522217,0.190898522734642,0.7745903134346008,2.689666748046875,2.8878514766693115,0.1981847882270813,0.7771202325820923,2.7260184288024902,2.9177606105804443,0.1917420923709869,0.7645982503890991,2.653501510620117,2.844693660736084,0.1911920756101608,0.7814544439315796,2.63923978805542,2.828120708465576,0.1888809502124786,0.7925983667373657,2.6656477451324463,2.8494207859039307,0.183773010969162
0.7762386202812195,2.7048208713531494,2.914464235305786,0.2096435874700546,0.7604782581329346,2.7134008407592773,2.9220001697540283,0.2085993438959121,0.768690288066864,2.669633150100708,2.8771865367889404,0.2075536102056503,0.7792353630065918,2.7370364665985107,2.9428443908691406,0.2058082818984985,0.7650547027587891,2.645782470703125,2.8563039302825928,0.2105215340852737,0.7649100422859192,2.693098306655884,2.9058384895324707,0.2127403616905212,0.7902469635009766,2.6967148780822754,2.9102799892425537,0.21356497704982758
0.7761514186859131,2.6480202674865723,2.824146747589112,0.1761263459920883,0.7630777359008789,2.7332184314727783,2.918830394744873,0.1856119632720947,0.7768282890319824,2.7071192264556885,2.879823446273804,0.1727039366960525,0.804475724697113,2.821841239929199,3.004377841949463,0.1825363934040069,0.7734159827232361,2.7052903175354004,2.890739917755127,0.1854496449232101,0.780691385269165,2.725489616394043,2.903271198272705,0.1777817755937576,0.7849994897842407,2.6117987632751465,2.8008477687835693,0.18904894590377808
0.7859999537467957,2.7211508750915527,2.9222662448883057,0.2011153250932693,0.7733771204948425,2.805335760116577,2.9997129440307617,0.1943771839141845,0.7649663686752319,2.635638952255249,2.8573131561279297,0.2216742038726806,0.76048344373703,2.725086212158203,2.894695520401001,0.1696094125509262,0.7694463729858398,2.70532774925232,2.9105334281921387,0.2052057981491089,0.7747213244438171,2.716148376464844,2.921074151992798,0.2049257606267929,0.7862557768821716,2.705446243286133,2.911426544189453,0.20598037540912628
0.7805068492889404,2.7523839473724365,2.951858758926392,0.1994746476411819,0.7678188681602478,2.7390124797821045,2.9364707469940186,0.1974582821130752,0.765447735786438,2.68436050415039,2.890072822570801,0.2057124227285385,0.7954663038253784,2.693081378936768,2.888713121414185,0.195631593465805,0.7679444551467896,2.6442348957061768,2.8683667182922363,0.2241318672895431,0.773259162902832,2.625859498977661,2.828808307647705,0.2029487043619156,0.7855459451675415,2.622182846069336,2.824798345565796,0.2026156187057495
0.7742279171943665,2.699581861495972,2.900464534759521,0.2008828669786453,0.7762428522109985,2.7190847396850586,2.9317073822021484,0.2126226723194122,0.7592257857322693,2.670085906982422,2.874136209487915,0.2040500342845916,0.7654149532318115,2.749595165252685,2.9436726570129395,0.1940774470567703,0.7676271796226501,2.6464455127716064,2.850735664367676,0.2042902261018753,0.7617797255516052,2.6439692974090576,2.8474645614624023,0.2034953534603119,0.7752060890197754,2.641857147216797,2.8473312854766846,0.20547404885292053
0.7831986546516418,2.710813283920288,2.9129345417022705,0.2021212875843048,0.7655569314956665,2.732866048812866,2.9345953464508057,0.2017295956611633,0.7708759307861328,2.7197530269622803,2.916672945022583,0.1969197541475296,0.7665616869926453,2.7440884113311768,2.927154064178467,0.1830655932426452,0.7704671025276184,2.6315758228302,2.83737587928772,0.2057998776435852,0.7902166247367859,2.675511121749878,2.868074893951416,0.1925638318061828,0.7860242128372192,2.7192816734313965,2.9214987754821777,0.20221705734729767
0.7749333381652832,2.66463565826416,2.893161058425904,0.2285253554582595,0.7686442732810974,2.721938371658325,2.9399073123931885,0.2179688811302185,0.7725331783294678,2.633874654769897,2.843260765075684,0.2093860357999801,0.7901584506034851,2.6787476539611816,2.8860538005828857,0.2073061466217041,0.7706138491630554,2.6623549461364746,2.8921804428100586,0.2298254519701004,0.789513111114502,2.681689739227295,2.8905692100524902,0.2088793218135833,0.7914527058601379,2.6609156131744385,2.8835866451263428,0.2226710021495819
0.7933686375617981,2.7398996353149414,2.932682037353516,0.1927824914455413,0.7932011485099792,2.7553300857543945,2.9494082927703857,0.1940783709287643,0.7652158141136169,2.670809745788574,2.8694417476654053,0.1986320167779922,0.7781361937522888,2.719912528991699,2.917872905731201,0.1979604661464691,0.7628191113471985,2.6662490367889404,2.8434767723083496,0.1772277355194091,0.7738307118415833,2.646327495574951,2.832817554473877,0.1864900887012481,0.7771650552749634,2.650587320327759,2.8470847606658936,0.19649747014045715
0.787136435508728,2.695488214492798,2.894148349761963,0.1986604183912277,0.7788156867027283,2.6868343353271484,2.8720405101776123,0.1852063089609146,0.7709764838218689,2.6695661544799805,2.8853461742401123,0.2157797813415527,0.7710563540458679,2.697915554046631,2.8927273750305176,0.1948117613792419,0.7679345607757568,2.625802993774414,2.848629713058472,0.2228264510631561,0.7578360438346863,2.6745545864105225,2.875961303710937,0.2014068365097046,0.7860109210014343,2.6535651683807373,2.861396074295044,0.20783109962940216
0.7798140645027161,2.64868688583374,2.8602659702301025,0.2115790992975235,0.7647684216499329,2.6849398612976074,2.881138563156128,0.1961985826492309,0.7683250904083252,2.670541763305664,2.8913259506225586,0.220783919095993,0.7655280828475952,2.747954845428467,2.953941822052002,0.2059867084026336,0.783716082572937,2.688294172286988,2.8980541229248047,0.2097599059343338,0.7682759165763855,2.689155340194702,2.892255544662476,0.2031004577875137,0.7832174897193909,2.6479830741882324,2.853088855743408,0.2051057070493698
0.7791486978530884,2.680125951766968,2.8751583099365234,0.1950322240591049,0.7714288830757141,2.680160522460937,2.870866775512696,0.1907063126564026,0.7750261425971985,2.645966053009033,2.84656834602356,0.2006023377180099,0.7770143747329712,2.748090982437134,2.9291698932647705,0.1810788214206695,0.7934136986732483,2.7136218547821045,2.903716802597046,0.1900950372219085,0.7718565464019775,2.6396384239196777,2.837343454360962,0.1977050602436065,0.7808054089546204,2.634596586227417,2.834233522415161,0.19963714480400085
0.7788035273551941,2.6725337505340576,2.8741543292999268,0.2016206234693527,0.7668460011482239,2.704794406890869,2.9241175651550293,0.2193232178688049,0.7706751823425293,2.660900354385376,2.862655639648437,0.2017555385828018,0.7687380909919739,2.7129950523376465,2.929403066635132,0.2164080888032913,0.7835274934768677,2.682755708694458,2.886793851852417,0.2040382176637649,0.772407054901123,2.6790943145751958,2.883392095565796,0.2042976170778274,0.7868421077728271,2.6285502910614014,2.835113048553467,0.20656268298625946
0.7858250141143799,2.737024545669556,2.9386770725250244,0.2016524821519851,0.7650152444839478,2.681330919265747,2.871264934539795,0.189934030175209,0.770451545715332,2.642916679382324,2.8531086444854736,0.2101919651031494,0.7755146622657776,2.660807609558105,2.8614890575408936,0.2006812840700149,0.7804803848266602,2.7277309894561768,2.9347448348999023,0.20701365172863,0.7760628461837769,2.6982219219207764,2.8999223709106445,0.2017000615596771,0.7709999680519104,2.661144971847534,2.864936590194702,0.20379146933555603
0.7832074761390686,2.7422595024108887,2.939929485321045,0.1976700723171234,0.7685597538948059,2.742201328277588,2.9152731895446777,0.1730719953775406,0.7743120789527893,2.6889536380767822,2.877840280532837,0.188886672258377,0.7715518474578857,2.775662899017334,2.9722132682800293,0.1965502351522445,0.7659758925437927,2.647517442703247,2.8338656425476074,0.1863482594490051,0.764864981174469,2.6493561267852783,2.8412134647369385,0.1918572187423706,0.7812615633010864,2.649336099624634,2.8500635623931885,0.20072758197784424
0.7954026460647583,2.738609313964844,2.9301657676696777,0.191556379199028,0.7667286396026611,2.738575935363769,2.921593189239502,0.1830175369977951,0.7661374807357788,2.69499135017395,2.8956069946289062,0.2006154358386993,0.7786250710487366,2.6966676712036133,2.8764333724975586,0.1797654032707214,0.7633261680603027,2.7012364864349365,2.902148485183716,0.2009119093418121,0.7687698006629944,2.702509641647339,2.896219253540039,0.1937097460031509,0.7845082879066467,2.6482930183410645,2.8498008251190186,0.2015077918767929
0.7823213934898376,2.719037771224976,2.946859359741211,0.2278213500976562,0.7681007981300354,2.708545923233032,2.9079272747039795,0.1993814706802368,0.7636249661445618,2.632068395614624,2.863865852355957,0.2317974716424942,0.7804502248764038,2.713582992553711,2.9368245601654053,0.2232416868209839,0.7708171010017395,2.6526858806610107,2.8575892448425293,0.2049033939838409,0.779606819152832,2.662771224975586,2.89525842666626,0.2324872761964798,0.7722944617271423,2.6315150260925293,2.8364460468292236,0.20493102073669434
0.7703778743743896,2.682645559310913,2.88608455657959,0.2034392356872558,0.7696753740310669,2.7107272148132324,2.9133777618408203,0.2026505470275879,0.7652773261070251,2.651718616485596,2.8672432899475098,0.215524673461914,0.7590623497962952,2.697572708129883,2.914044141769409,0.2164712399244308,0.7674588561058044,2.659167051315308,2.871467113494873,0.2123001962900161,0.7732628583908081,2.6804940700531006,2.8862760066986084,0.2057817578315735,0.7748970985412598,2.597921371459961,2.807603597640991,0.20968236029148102
0.7789353132247925,2.6810343265533447,2.860999584197998,0.1799651235342025,0.7724207043647766,2.736517429351806,2.9193851947784424,0.1828677356243133,0.7703059315681458,2.6607813835144043,2.8562464714050293,0.1954649835824966,0.77545166015625,2.6764581203460693,2.8366475105285645,0.1601896286010742,0.7623118758201599,2.635087728500366,2.8271946907043457,0.1921068131923675,0.7871372699737549,2.6620492935180664,2.858447313308716,0.1963984668254852,0.7963727712631226,2.632256269454956,2.8240883350372314,0.19183214008808136
0.7887130379676819,2.75214958190918,2.9417192935943604,0.1895697116851806,0.7710339426994324,2.749558448791504,2.9398765563964844,0.1903181821107864,0.7745293974876404,2.735715389251709,2.9296371936798096,0.1939218938350677,0.7743409276008606,2.750985860824585,2.923435926437378,0.1724499762058258,0.7675394415855408,2.667793273925781,2.855329751968384,0.1875364184379577,0.7805934548377991,2.660935163497925,2.856019258499145,0.1950841546058654,0.7855181097984314,2.704347610473633,2.902625560760498,0.19827768206596375
0.7981245517730713,2.6881940364837646,2.8821048736572266,0.1939108520746231,0.7683231234550476,2.714274644851685,2.911414861679077,0.1971401423215866,0.7796353101730347,2.6592750549316406,2.844106674194336,0.1848317235708236,0.7712674140930176,2.7254579067230225,2.905078172683716,0.1796201020479202,0.7719935774803162,2.664226770401001,2.8569581508636475,0.1927313506603241,0.7788897156715393,2.702422857284546,2.902146339416504,0.1997233927249908,0.7713364362716675,2.7045934200286865,2.9301276206970215,0.22553417086601257
0.7764220237731934,2.668610095977783,2.8653221130371094,0.1967120170593261,0.7681293487548828,2.73740291595459,2.9372475147247314,0.1998445689678192,0.7664877772331238,2.667191505432129,2.8527681827545166,0.1855765432119369,0.7721928954124451,2.689980983734131,2.885059356689453,0.1950782835483551,0.7660770416259766,2.618681669235229,2.8017735481262207,0.1830918043851852,0.7828985452651978,2.642629861831665,2.863554716110229,0.220924898982048,0.7748023867607117,2.6284475326538086,2.810504913330078,0.1820572167634964
0.7762294411659241,2.6912457942962646,2.874154567718506,0.1829087883234024,0.7684532999992371,2.7105746269226074,2.9109253883361816,0.2003509253263473,0.7790616750717163,2.726116418838501,2.919809579849243,0.1936933249235153,0.7725704312324524,2.7459471225738525,2.9203829765319824,0.1744359284639358,0.772291362285614,2.692310333251953,2.8844997882843018,0.192189559340477,0.7969110012054443,2.6685376167297363,2.84990668296814,0.1813687235116958,0.7717092633247375,2.6238889694213867,2.816803216934204,0.19291436672210693
0.7822757363319397,2.716170072555542,2.9086782932281494,0.1925081461668014,0.7730305194854736,2.7229795455932617,2.9218757152557373,0.198896512389183,0.7686704397201538,2.699305534362793,2.896894693374634,0.1975892186164856,0.7661376595497131,2.7319250106811523,2.91288161277771,0.1809564083814621,0.7791044116020203,2.7012534141540527,2.9172143936157227,0.2159610539674759,0.7746136784553528,2.6835861206054688,2.8629631996154785,0.1793770343065261,0.7982895374298096,2.642228126525879,2.8431026935577393,0.20087437331676483
0.7800661325454712,2.7403275966644287,2.936068296432495,0.1957407146692276,0.7635370492935181,2.6985249519348145,2.87643837928772,0.1779132634401321,0.777213990688324,2.688309669494629,2.9081268310546875,0.2198173105716705,0.7786868214607239,2.720970392227173,2.918410062789917,0.1974394172430038,0.7674625515937805,2.625627994537353,2.8235838413238525,0.1979557424783706,0.7624611258506775,2.6929385662078857,2.8742568492889404,0.1813183575868606,0.7800722122192383,2.7016022205352783,2.879061460494995,0.17745934426784515
0.779568076133728,2.6958913803100586,2.8894824981689453,0.1935910284519195,0.7663660645484924,2.6661922931671143,2.849578857421875,0.1833863109350204,0.7763619422912598,2.632826089859009,2.826303005218506,0.1934771537780761,0.7686849236488342,2.6841254234313965,2.85709810256958,0.1729726791381836,0.7691315412521362,2.720672845840454,2.9024477005004883,0.1817748248577118,0.7785741090774536,2.649198293685913,2.8353021144866943,0.1861037909984588,0.7815180420875549,2.6327059268951416,2.8293843269348145,0.19667859375476837
0.7803239822387695,2.6696410179138184,2.870025157928467,0.2003841400146484,0.7633938193321228,2.6732192039489746,2.8710851669311523,0.1978658735752105,0.7856501936912537,2.6977901458740234,2.919746398925781,0.2219561487436294,0.7625619769096375,2.76750922203064,2.938256025314331,0.1707467138767242,0.7832492589950562,2.667877435684204,2.865340232849121,0.1974627822637558,0.7683970928192139,2.6929240226745605,2.8697221279144287,0.176797866821289,0.7825736999511719,2.6854121685028076,2.8920865058898926,0.20667435228824615
0.7896698117256165,2.7509212493896484,2.952134132385254,0.2012129575014114,0.7580674290657043,2.702744007110596,2.920013189315796,0.2172691226005554,0.7726567387580872,2.6709351539611816,2.8703057765960693,0.1993704289197921,0.7786626219749451,2.7089099884033203,2.9161438941955566,0.2072339951992035,0.7798560261726379,2.685072660446167,2.867959976196289,0.182887464761734,0.7679510116577148,2.661848545074463,2.860884189605713,0.1990355998277664,0.7802432775497437,2.6648623943328857,2.8643782138824463,0.19951602816581726
0.7787635922431946,2.6388967037200928,2.839548110961914,0.2006512284278869,0.7691265344619751,2.6529810428619385,2.872594356536865,0.2196132987737655,0.7726076245307922,2.6037673950195312,2.8240420818328857,0.220274731516838,0.7832239866256714,2.6769444942474365,2.874608039855957,0.1976633369922638,0.7836835980415344,2.68628454208374,2.909398078918457,0.2231136113405227,0.7851553559303284,2.6533796787261963,2.8587613105773926,0.2053817808628082,0.784640908241272,2.595017910003662,2.8283419609069824,0.23332403600215912
0.7867873311042786,2.6536765098571777,2.848212957382202,0.1945366412401199,0.7636319398880005,2.7229835987091064,2.913512706756592,0.1905291527509689,0.7731366753578186,2.66257119178772,2.878267765045166,0.2156966477632522,0.7672052383422852,2.7027480602264404,2.8972480297088623,0.1944999247789383,0.7740297913551331,2.7359890937805176,2.9171299934387207,0.1811408549547195,0.7739418148994446,2.6865603923797607,2.856520414352417,0.1699600219726562,0.7792834639549255,2.6561813354492188,2.870617389678955,0.21443626284599304
0.7786948680877686,2.7010321617126465,2.898876667022705,0.1978445649147033,0.7713811993598938,2.692010402679444,2.887301206588745,0.1952908784151077,0.771625816822052,2.6817069053649902,2.8826045989990234,0.200897604227066,0.7572210431098938,2.7313454151153564,2.924802541732788,0.193457081913948,0.7731913328170776,2.7183823585510254,2.897144556045532,0.1787619143724441,0.795214056968689,2.6649627685546875,2.8446483612060547,0.1796857267618179,0.783928394317627,2.6758100986480713,2.872734546661377,0.19692449271678925
0.7734999656677246,2.715057134628296,2.926936626434326,0.2118795812129974,0.7723798751831055,2.761216163635254,2.97201943397522,0.2108035236597061,0.7793188095092773,2.6635818481445312,2.88239860534668,0.2188166230916977,0.7720584869384766,2.727201461791992,2.9379031658172607,0.2107017189264297,0.7762451171875,2.678784132003784,2.8950307369232178,0.2162467092275619,0.7876882553100586,2.6687378883361816,2.891963243484497,0.2232254147529602,0.7973067760467529,2.6603493690490723,2.8766088485717773,0.21625946462154388
0.7717349529266357,2.679077625274658,2.871725082397461,0.1926475912332534,0.7625321745872498,2.6961045265197754,2.886051177978516,0.1899466663599014,0.7740558385848999,2.68042540550232,2.8790647983551025,0.1986392587423324,0.763481616973877,2.744590759277344,2.900410413742065,0.1558195948600769,0.7718371152877808,2.714094400405884,2.893050193786621,0.1789559125900268,0.7753667831420898,2.6712963581085205,2.8857126235961914,0.2144161909818649,0.7898345589637756,2.6605026721954346,2.8515119552612305,0.1910092830657959
0.7934917211532593,2.7244808673858643,2.9188218116760254,0.1943409889936447,0.769916832447052,2.6566436290740967,2.8426966667175293,0.1860529333353042,0.7701084017753601,2.67680025100708,2.873840808868408,0.1970405876636505,0.7692882418632507,2.6781773567199707,2.8688669204711914,0.1906896382570266,0.7815424799919128,2.6624388694763184,2.845277070999145,0.1828382760286331,0.7829290628433228,2.710203170776367,2.903965711593628,0.1937624365091323,0.7776955962181091,2.6437432765960693,2.8160488605499268,0.17230582237243652
0.7788697481155396,2.638195514678955,2.835341215133667,0.1971459835767746,0.7771284580230713,2.700782060623169,2.878790140151977,0.1780082136392593,0.7719311714172363,2.6544511318206787,2.8512110710144043,0.1967600136995315,0.7688295841217041,2.7382702827453613,2.920397996902466,0.1821278780698776,0.7722031474113464,2.644251585006714,2.834451198577881,0.1901997327804565,0.7781471610069275,2.678368330001831,2.861279249191284,0.1829107850790023,0.785004198551178,2.616737127304077,2.799313545227051,0.1825764775276184
0.7831792831420898,2.700967073440552,2.8809564113616943,0.1799896508455276,0.7770455479621887,2.712918996810913,2.892672061920166,0.1797530800104141,0.7781646847724915,2.7152211666107178,2.88306188583374,0.1678408980369568,0.7732851505279541,2.7142527103424072,2.8916828632354736,0.1774302124977111,0.7835219502449036,2.6378262042999268,2.825774669647217,0.1879485100507736,0.785578191280365,2.709319591522217,2.886005401611328,0.1766857653856277,0.789240300655365,2.6683220863342285,2.8455402851104736,0.17721842229366302
0.7797150015830994,2.65472674369812,2.850578546524048,0.1958518922328949,0.7797060608863831,2.7027273178100586,2.911350011825561,0.2086226046085357,0.7679527401924133,2.6811227798461914,2.8744521141052246,0.1933292150497436,0.7701040506362915,2.683842420578003,2.892799139022827,0.2089568078517913,0.7874190807342529,2.651330947875977,2.8585634231567383,0.20723257958889,0.7752004861831665,2.6659374237060547,2.883798599243164,0.2178612053394317,0.7747793197631836,2.6720805168151855,2.8829753398895264,0.21089476346969604
0.7815632820129395,2.70158052444458,2.890481948852539,0.1889014542102813,0.7622681856155396,2.707200765609741,2.898982524871826,0.1917817741632461,0.7633557319641113,2.680830717086792,2.873992681503296,0.1931619495153427,0.7771356105804443,2.6716673374176025,2.86093807220459,0.1892707347869873,0.7751681208610535,2.620007038116455,2.803359031677246,0.1833522021770477,0.773314356803894,2.664752960205078,2.8486762046813965,0.1839230805635452,0.7842991948127747,2.633136034011841,2.82460880279541,0.19147279858589172
0.8012365102767944,2.7129580974578857,2.888942241668701,0.1759840995073318,0.7663213610649109,2.740677833557129,2.9358229637146,0.195144921541214,0.776546061038971,2.675410032272339,2.8718960285186768,0.1964856684207916,0.7682204246520996,2.688013792037964,2.8773863315582275,0.1893725991249084,0.7819902896881104,2.6671414375305176,2.8581433296203613,0.1910022050142288,0.769049882888794,2.7044003009796143,2.8923375606536865,0.1879374086856842,0.7762719392776489,2.656801700592041,2.8447344303131104,0.18793277442455292
0.789059579372406,2.7088634967803955,2.905705690383911,0.1968423575162887,0.7734560370445251,2.723232746124268,2.9350507259368896,0.2118179202079773,0.7926852107048035,2.6484904289245605,2.865818500518799,0.2173278182744979,0.7915505766868591,2.6878676414489746,2.8802294731140137,0.1923616677522659,0.780154824256897,2.699561595916748,2.8984742164611816,0.1989128440618515,0.7709343433380127,2.664020776748657,2.873074769973755,0.2090540826320648,0.7779808640480042,2.7182488441467285,2.93532395362854,0.21707506477832794
0.7890700697898865,2.732851505279541,2.946223020553589,0.2133715599775314,0.7727015614509583,2.647082567214966,2.846713066101074,0.1996305435895919,0.7769637703895569,2.7015273571014404,2.888410806655884,0.1868836879730224,0.7719072699546814,2.708078384399414,2.900299072265625,0.1922205090522766,0.7746323347091675,2.7131032943725586,2.918360710144043,0.2052574753761291,0.7691454291343689,2.6691489219665527,2.8805606365203857,0.2114117890596389,0.789006233215332,2.657367467880249,2.8668222427368164,0.20945486426353455
0.7777556777000427,2.63489294052124,2.853102445602417,0.2182094305753708,0.7605562210083008,2.7318429946899414,2.9260060787200928,0.1941629499197006,0.7689327001571655,2.6746702194213867,2.8660805225372314,0.1914102882146835,0.7692698836326599,2.733581304550171,2.9022979736328125,0.1687167882919311,0.7796101570129395,2.729341745376587,2.927675724029541,0.1983340382575988,0.7792735695838928,2.701438665390014,2.8889002799987797,0.1874615103006363,0.7858489155769348,2.690208673477173,2.8970558643341064,0.20684731006622314
0.794135332107544,2.6971590518951416,2.886960983276367,0.1898019611835479,0.7608774304389954,2.711118459701538,2.898139476776123,0.1870207637548446,0.7611185312271118,2.687650442123413,2.8862557411193848,0.1986051648855209,0.7727574706077576,2.724374294281006,2.916580438613892,0.192205935716629,0.783905029296875,2.676442861557007,2.860197067260742,0.1837542355060577,0.7813253998756409,2.695305824279785,2.875670909881592,0.1803648322820663,0.793900728225708,2.6234030723571777,2.8248493671417236,0.20144659280776978
0.7795947194099426,2.736011743545532,2.941885471343994,0.2058737277984619,0.7789331674575806,2.7793526649475098,2.98271918296814,0.2033665776252746,0.774010956287384,2.686984300613404,2.8936681747436523,0.2066838890314102,0.7771127820014954,2.753715991973877,2.9678008556365967,0.2140848338603973,0.7780413627624512,2.7239859104156494,2.936612606048584,0.2126266360282898,0.7675280570983887,2.669471263885498,2.872948169708252,0.2034772485494613,0.7915517091751099,2.6227779388427734,2.8372995853424072,0.21452182531356812
0.7816283106803894,2.704484939575196,2.88538670539856,0.1809017658233642,0.7857311964035034,2.7787344455718994,2.9590706825256348,0.1803358495235443,0.7697786688804626,2.672459125518799,2.8534834384918213,0.1810240149497985,0.759323000907898,2.7170886993408203,2.903348684310913,0.1862598657608032,0.775888979434967,2.654110908508301,2.868274688720703,0.2141636908054351,0.7674976587295532,2.6835498809814453,2.868863344192505,0.1853134036064148,0.7757057547569275,2.6480488777160645,2.8514609336853027,0.2034122198820114
0.780461311340332,2.6812450885772705,2.8758633136749268,0.1946180313825607,0.7635566592216492,2.739652156829834,2.9315295219421387,0.1918774545192718,0.7674036026000977,2.71762490272522,2.914884567260742,0.1972597539424896,0.7755482792854309,2.7158632278442383,2.8993608951568604,0.1834977865219116,0.7666108012199402,2.670588731765747,2.8612139225006104,0.1906250417232513,0.76969975233078,2.657461643218994,2.8561532497406006,0.1986914724111557,0.7806834578514099,2.669560194015503,2.8594396114349365,0.18987920880317688
0.7775254249572754,2.672494649887085,2.8821935653686523,0.2096990048885345,0.7730739712715149,2.7472245693206787,2.948277950286865,0.201053038239479,0.7709624767303467,2.665136337280273,2.8881676197052,0.2230312675237655,0.7656813859939575,2.7283263206481934,2.928975343704224,0.2006488293409347,0.7651329636573792,2.7257509231567383,2.951017379760742,0.2252662926912307,0.7785400748252869,2.721794605255127,2.921966552734375,0.2001719623804092,0.7888124585151672,2.643084764480591,2.8509232997894287,0.20783835649490356
0.7988435626029968,2.644412040710449,2.85717248916626,0.2127602696418762,0.7786692380905151,2.707622528076172,2.9345452785491943,0.226922869682312,0.7682397961616516,2.722961187362671,2.961996555328369,0.2390355765819549,0.7768235206604004,2.762769222259521,2.973437786102295,0.2106685489416122,0.7710297703742981,2.7060739994049072,2.93210244178772,0.2260285317897796,0.7671348452568054,2.70963978767395,2.9388935565948486,0.2292538583278656,0.7813544273376465,2.6089534759521484,2.8247952461242676,0.21584174036979675
0.7959599494934082,2.7362306118011475,2.955875873565674,0.2196452915668487,0.7608879208564758,2.692720651626587,2.897756814956665,0.2050362229347229,0.7659376263618469,2.659226179122925,2.883197784423828,0.2239715456962585,0.779700517654419,2.714543581008911,2.922894239425659,0.2083506882190704,0.7644124627113342,2.677545547485352,2.88619327545166,0.2086479812860489,0.792528510093689,2.6931371688842773,2.925060272216797,0.2319233119487762,0.7907490134239197,2.63508677482605,2.8481104373931885,0.213023379445076
0.7802145481109619,2.7184972763061523,2.914677619934082,0.1961803138256073,0.7637866139411926,2.735212802886963,2.930028200149536,0.1948154866695404,0.7829689383506775,2.7301628589630127,2.913761138916016,0.1835982799530029,0.7632085680961609,2.741244316101074,2.936976909637451,0.1957322657108307,0.7727952599525452,2.697573661804199,2.91652774810791,0.2189541161060333,0.7764997482299805,2.694261074066162,2.911619186401367,0.2173579782247543,0.7796972990036011,2.6519174575805664,2.844299077987671,0.19238148629665375
0.7763950228691101,2.7116916179656982,2.9155235290527344,0.2038317769765854,0.791638195514679,2.762787103652954,2.971634864807129,0.2088478207588195,0.7708085775375366,2.659615993499756,2.886150598526001,0.2265345603227615,0.7774978280067444,2.748044729232788,2.970499515533448,0.2224548757076263,0.7671864032745361,2.664335250854492,2.868295192718506,0.2039599418640136,0.7612579464912415,2.709929943084717,2.913362503051758,0.203432559967041,0.7802625298500061,2.6946446895599365,2.9184749126434326,0.2238302379846573
0.7792224287986755,2.67974853515625,2.8733391761779785,0.193590760231018,0.7769870162010193,2.754671096801758,2.938750743865967,0.1840795874595642,0.7732104659080505,2.720052480697632,2.914547681808472,0.1944949775934219,0.7754513621330261,2.7415812015533447,2.9236202239990234,0.1820390373468399,0.7723228931427002,2.6754746437072754,2.868525505065918,0.1930505633354187,0.7738410234451294,2.693075656890869,2.8933072090148926,0.2002314627170562,0.786462128162384,2.653928279876709,2.8739240169525146,0.21999581158161163
0.78699791431427,2.660893678665161,2.8744373321533203,0.213543564081192,0.7631041407585144,2.68860125541687,2.9004030227661133,0.211801528930664,0.7778348326683044,2.6606006622314453,2.884491205215454,0.2238904386758804,0.7742502689361572,2.685385704040528,2.905910015106201,0.2205242663621902,0.7814325094223022,2.658333301544189,2.8759753704071045,0.2176420539617538,0.7725929021835327,2.628616571426392,2.835777759552002,0.2071611732244491,0.791571855545044,2.6540844440460205,2.867328643798828,0.2132444530725479
0.7822272181510925,2.694636583328247,2.8692786693573,0.1746421903371811,0.7762385606765747,2.770769119262696,2.9645581245422363,0.1937890201807022,0.7783884406089783,2.6544177532196045,2.85968279838562,0.205264925956726,0.7803136110305786,2.7738428115844727,2.9695534706115723,0.1957107335329055,0.7797151803970337,2.6841354370117188,2.8890836238861084,0.2049482017755508,0.7788374423980713,2.6900339126586914,2.892037868499756,0.2020039409399032,0.7865151762962341,2.680387496948242,2.8773412704467773,0.19695374369621277
0.7905697822570801,2.741159439086914,2.944411039352417,0.2032517492771148,0.7702800631523132,2.736387014389038,2.935697317123413,0.1993104815483093,0.7716079950332642,2.6377289295196533,2.842787742614746,0.2050587683916092,0.7633121609687805,2.671922445297241,2.874132871627808,0.2022102773189544,0.7740971446037292,2.6481666564941406,2.8648693561553955,0.216702714562416,0.7932978868484497,2.6848604679107666,2.8941378593444824,0.2092774659395218,0.7860255837440491,2.627340316772461,2.843552589416504,0.21621234714984894
0.7902189493179321,2.6833927631378174,2.8837265968322754,0.2003339082002639,0.7590201497077942,2.694460153579712,2.8931102752685547,0.1986499577760696,0.7725763916969299,2.641464710235596,2.8638756275177,0.2224106788635254,0.7776800394058228,2.729864358901977,2.94541072845459,0.2155465483665466,0.7673346996307373,2.634449958801269,2.8414206504821777,0.2069706916809082,0.7794638276100159,2.6744422912597656,2.881357431411743,0.2069151550531387,0.7711219787597656,2.664336919784546,2.8701136112213135,0.2057766318321228
0.7816523313522339,2.725581169128418,2.946629047393799,0.2210477143526077,0.769646406173706,2.6765236854553223,2.8795735836029053,0.2030500024557113,0.7634859681129456,2.649491310119629,2.854887723922729,0.2053964436054229,0.7732356190681458,2.717127799987793,2.922799825668335,0.2056720554828643,0.7697015404701233,2.635283946990967,2.8380279541015625,0.2027439624071121,0.7890424728393555,2.6546859741210938,2.8818697929382324,0.2271837890148162,0.7782012820243835,2.654430389404297,2.857008934020996,0.20257849991321564
0.7804751992225647,2.737645149230957,2.931881189346313,0.1942359060049057,0.774011492729187,2.674811840057373,2.869558572769165,0.1947467029094696,0.7749115228652954,2.6877224445343018,2.9098732471466064,0.2221507728099823,0.7764240503311157,2.7461822032928467,2.9373867511749268,0.1912047266960144,0.7731022834777832,2.694700241088867,2.882490873336792,0.1877905130386352,0.7638094425201416,2.6699047088623047,2.8861045837402344,0.2161997556686401,0.7843397259712219,2.5513529777526855,2.7567691802978516,0.20541606843471527
0.7865339517593384,2.743543863296509,2.9479541778564453,0.2044103443622589,0.7663007378578186,2.744550466537476,2.946068525314331,0.2015182971954345,0.7693039178848267,2.6412339210510254,2.840742588043213,0.199508786201477,0.7726289629936218,2.692694902420044,2.8967299461364746,0.2040348947048187,0.7673395872116089,2.637749671936035,2.8427176475524902,0.2049679905176162,0.7650386095046997,2.6743109226226807,2.8808276653289795,0.2065169811248779,0.7754076719284058,2.6484735012054443,2.873164415359497,0.2246910184621811
0.7826331853866577,2.7550272941589355,2.937946081161499,0.1829187124967575,0.7640633583068848,2.6658918857574463,2.8566648960113525,0.1907726228237152,0.761447012424469,2.693274736404419,2.888214111328125,0.1949396580457687,0.7741574645042419,2.756704807281494,2.929359197616577,0.1726543605327606,0.7786028385162354,2.691624879837036,2.887381076812744,0.195756122469902,0.7711793184280396,2.6486356258392334,2.8443174362182617,0.1956817060708999,0.7823981046676636,2.6610422134399414,2.8571786880493164,0.19613642990589142
0.8013976812362671,2.7117838859558105,2.9140868186950684,0.2023028284311294,0.7651622891426086,2.690809726715088,2.8970863819122314,0.206276848912239,0.7661721110343933,2.6018640995025635,2.822434186935425,0.2205700874328613,0.7601163983345032,2.669010162353516,2.8642446994781494,0.1952344477176666,0.7726462483406067,2.6362054347991943,2.851675033569336,0.215470090508461,0.781338095664978,2.586565494537353,2.785560607910156,0.1989952772855758,0.7974621653556824,2.6570627689361572,2.8646199703216553,0.20755718648433685
0.7847314476966858,2.6848256587982178,2.8850789070129395,0.2002529501914978,0.7742544412612915,2.716384172439575,2.9298534393310547,0.2134693413972854,0.7683371305465698,2.704740285873413,2.924635887145996,0.2198953479528427,0.7685646414756775,2.7698206901550293,2.9814159870147705,0.2115953713655471,0.7708258628845215,2.699261426925659,2.904388189315796,0.2051266729831695,0.776551365852356,2.703761100769043,2.91723895072937,0.2134775221347808,0.7884533405303955,2.660215377807617,2.8838999271392822,0.22368468344211578
0.7909456491470337,2.7461647987365723,2.9478907585144043,0.2017256468534469,0.7734454274177551,2.693358898162842,2.882841348648072,0.1894824653863906,0.7758150100708008,2.6128945350646973,2.8220467567443848,0.2091521769762039,0.7682816982269287,2.707609176635742,2.886748075485229,0.1791387349367141,0.7863186001777649,2.608591079711914,2.8039166927337646,0.1953256726264953,0.7819124460220337,2.6318063735961914,2.833958864212036,0.2021524012088775,0.7921968102455139,2.667903184890747,2.8745198249816895,0.20661665499210358
0.7763726115226746,2.6911540031433105,2.890824794769287,0.1996707469224929,0.7761586308479309,2.736419916152954,2.937763929367065,0.2013440430164337,0.7719282507896423,2.649970769882202,2.852479219436645,0.2025084942579269,0.7747770547866821,2.696622371673584,2.908968687057495,0.212346538901329,0.7734140157699585,2.639880418777466,2.8607728481292725,0.2208924889564514,0.7652744054794312,2.676527500152588,2.87935209274292,0.2028246223926544,0.7815238237380981,2.653236150741577,2.860886812210083,0.2076505571603775
0.791019082069397,2.7462589740753174,2.9376676082611084,0.1914088875055313,0.7678735852241516,2.7281572818756104,2.9127321243286133,0.1845748126506805,0.7911733984947205,2.667060613632202,2.8671977519989014,0.2001370340585708,0.7944280505180359,2.681584119796753,2.869647741317749,0.1880634576082229,0.7787426710128784,2.739997386932373,2.94023060798645,0.2002330720424652,0.7785255908966064,2.651467800140381,2.8294386863708496,0.177971065044403,0.8004404902458191,2.6992335319519043,2.9014415740966797,0.20220781862735748
0.7748239040374756,2.7320635318756104,2.925227165222168,0.1931638121604919,0.7625234127044678,2.7141330242156982,2.900822639465332,0.1866895854473114,0.768287181854248,2.714648723602295,2.912165403366089,0.197516918182373,0.7734988927841187,2.7451093196868896,2.924619436264038,0.1795100569725036,0.7672370076179504,2.641285181045532,2.8339147567749023,0.1926294416189193,0.7816908359527588,2.704862356185913,2.9000346660614014,0.1951722204685211,0.7813366055488586,2.621983528137207,2.8105509281158447,0.18856750428676605
0.788349449634552,2.704364776611328,2.9139046669006348,0.2095398157835006,0.7618799209594727,2.727297067642212,2.932447671890259,0.2051505446434021,0.7727162837982178,2.684955596923828,2.8930907249450684,0.2081350535154342,0.770793080329895,2.7253243923187256,2.9313673973083496,0.2060427963733673,0.7758955955505371,2.6726322174072266,2.8787965774536133,0.2061643004417419,0.7718801498413086,2.703493118286133,2.908740758895874,0.2052473723888397,0.7813692092895508,2.722337484359741,2.932609796524048,0.21027261018753052
0.7937418222427368,2.681084632873535,2.8678407669067383,0.1867563277482986,0.7753017544746399,2.7064003944396973,2.893392324447632,0.1869919896125793,0.7729040384292603,2.6658260822296143,2.857406616210937,0.1915806531906128,0.7817239165306091,2.712006092071533,2.892463207244873,0.1804571151733398,0.7743569016456604,2.685276746749878,2.8781237602233887,0.1928469836711883,0.789080798625946,2.633193016052246,2.825242042541504,0.1920491009950637,0.7858532667160034,2.6864004135131836,2.884530544281006,0.19813033938407898
0.7805771827697754,2.7406907081604004,2.933872699737549,0.1931818276643753,0.7675965428352356,2.709465742111206,2.9138166904449463,0.2043506652116775,0.7802443504333496,2.7219812870025635,2.920494556427002,0.1985132396221161,0.7627191543579102,2.70029616355896,2.8851866722106934,0.184890478849411,0.7660548090934753,2.671597719192505,2.8895931243896484,0.217995211482048,0.7624527812004089,2.6327199935913086,2.831858396530152,0.1991386264562606,0.7699918746948242,2.6250126361846924,2.8101706504821777,0.1851581186056137
0.7887294292449951,2.702343702316284,2.881011962890625,0.1786683350801468,0.7630033493041992,2.7439451217651367,2.9284374713897705,0.1844925731420517,0.7752746343612671,2.6775262355804443,2.875856876373291,0.1983307152986526,0.7850353717803955,2.661466360092163,2.8406765460968018,0.1792101413011551,0.7670584321022034,2.6995654106140137,2.878629207611084,0.179064005613327,0.7845727205276489,2.684959650039673,2.8776328563690186,0.1926732212305069,0.7814057469367981,2.6778645515441895,2.876046895980835,0.1981823593378067
0.7837406992912292,2.705779790878296,2.917128324508667,0.2113484144210815,0.758101224899292,2.761349439620972,2.9612176418304443,0.1998679935932159,0.7704420685768127,2.7070517539978027,2.908779621124268,0.2017275691032409,0.7730763554573059,2.758096694946289,2.9542465209960938,0.1961498707532882,0.768332839012146,2.69834852218628,2.901226282119751,0.202877402305603,0.7867723107337952,2.676161766052246,2.884929180145264,0.2087672501802444,0.7898246645927429,2.7056970596313477,2.91070294380188,0.20500591397285461
0.7869527339935303,2.736999034881592,2.929108142852783,0.1921091973781585,0.7672625184059143,2.680661201477051,2.877410650253296,0.1967495828866958,0.7779039740562439,2.70397686958313,2.8875417709350586,0.1835649311542511,0.7698160409927368,2.7286601066589355,2.9253830909729004,0.1967229098081588,0.7768217325210571,2.6930925846099854,2.898455619812012,0.2053632736206054,0.776983916759491,2.641005754470825,2.843050956726074,0.2020451575517654,0.7734484076499939,2.64047908782959,2.839249610900879,0.198770672082901
0.7846238613128662,2.6960718631744385,2.90297269821167,0.2069008499383926,0.7778871655464172,2.755948305130005,2.984391450881958,0.2284429967403412,0.7764163017272949,2.6939239501953125,2.903956890106201,0.2100328356027603,0.7663797736167908,2.740532875061035,2.947476387023926,0.2069434821605682,0.7738260626792908,2.665693998336792,2.895897626876831,0.2302034646272659,0.768834114074707,2.6748857498168945,2.8843328952789307,0.2094471603631973,0.7837554216384888,2.645780563354492,2.863182544708252,0.21740207076072693
0.799439013004303,2.736794233322144,2.923948287963867,0.1871539801359176,0.7752130627632141,2.744814157485962,2.939424514770508,0.1946103125810623,0.7698500752449036,2.6723618507385254,2.8686349391937256,0.1962730884552002,0.7640831470489502,2.703282594680786,2.899548053741455,0.196265697479248,0.769442617893219,2.7054202556610107,2.9016478061676025,0.1962275207042694,0.7801340818405151,2.7021355628967285,2.90079927444458,0.1986637264490127,0.7889168858528137,2.712153434753418,2.9129011631011963,0.20074759423732758
0.781417727470398,2.675166845321656,2.8842074871063232,0.2090407609939575,0.7626251578330994,2.657339811325073,2.864736795425415,0.2073969841003418,0.7621684670448303,2.6282548904418945,2.839738368988037,0.2114832699298858,0.7688316702842712,2.671957969665528,2.8834564685821533,0.211498811841011,0.7743940949440002,2.6580138206481934,2.869537830352783,0.2115237414836883,0.7662814855575562,2.6457407474517822,2.861067533493042,0.2153267115354538,0.7826197147369385,2.6108474731445312,2.8216400146484375,0.21079249680042267
0.788678765296936,2.694080114364624,2.8934500217437744,0.1993700116872787,0.7682328224182129,2.662449598312378,2.8620376586914062,0.1995879113674163,0.7736608982086182,2.658669233322144,2.864475011825561,0.2058056890964508,0.7706300616264343,2.673064947128296,2.873936176300049,0.2008710652589798,0.7812656760215759,2.633786916732788,2.837836742401123,0.2040498852729797,0.7764171957969666,2.597851037979126,2.7788519859313965,0.1810007244348526,0.7833178043365479,2.62015438079834,2.822451114654541,0.20229674875736237
0.7969452142715454,2.7171804904937744,2.9399938583374023,0.2228133827447891,0.7861828804016113,2.701246976852417,2.9109556674957275,0.2097087651491165,0.7663323283195496,2.6023457050323486,2.824007987976074,0.2216621339321136,0.7739912271499634,2.680211067199707,2.899505615234375,0.2192945033311844,0.7672140598297119,2.6678569316864014,2.8774375915527344,0.209580510854721,0.7753762006759644,2.664562225341797,2.893388271331787,0.2288261502981186,0.7918715476989746,2.6358048915863037,2.8547372817993164,0.21893218159675598
0.7799233794212341,2.6791348457336426,2.871349334716797,0.1922145038843155,0.7607520818710327,2.740309953689575,2.9107425212860107,0.1704325228929519,0.778975248336792,2.6692559719085693,2.864498853683472,0.1952430307865142,0.7832197546958923,2.7249796390533447,2.9169788360595703,0.1919992715120315,0.7786688208580017,2.71112322807312,2.898029327392578,0.1869062781333923,0.7639945149421692,2.6440062522888184,2.825527667999268,0.1815219670534134,0.7921373248100281,2.6596224308013916,2.8436222076416016,0.1839999109506607
0.786428689956665,2.6616649627685547,2.860943555831909,0.1992782652378082,0.7802850008010864,2.720675706863404,2.917233467102051,0.196557730436325,0.7874240875244141,2.688710451126098,2.909841299057007,0.2211309373378753,0.7727904915809631,2.770279884338379,2.969093084335327,0.198813334107399,0.7683048844337463,2.679371356964112,2.907400369644165,0.2280287593603134,0.7671797275543213,2.6500132083892822,2.871238470077514,0.2212251871824264,0.7884520888328552,2.6549789905548096,2.8808910846710205,0.2259122133255005
0.7885074615478516,2.7097177505493164,2.9220001697540283,0.212282508611679,0.7862865328788757,2.755568504333496,2.9712493419647217,0.2156808227300644,0.7716262340545654,2.6631665229797363,2.8750219345092773,0.2118553072214126,0.7784689664840698,2.746721744537353,2.969177484512329,0.2224558591842651,0.7671786546707153,2.632079601287842,2.8533642292022705,0.2212846577167511,0.7640901803970337,2.686854600906372,2.897170305252075,0.2103158384561538,0.7823737263679504,2.673713207244873,2.8847694396972656,0.21105614304542542
0.802733838558197,2.7115941047668457,2.9105465412139893,0.198952168226242,0.7792403101921082,2.622942924499512,2.8256876468658447,0.2027446031570434,0.7603712677955627,2.6702866554260254,2.890934467315674,0.2206478863954544,0.8031893372535706,2.707404613494873,2.9092893600463867,0.2018845677375793,0.7769864797592163,2.6539907455444336,2.861401081085205,0.2074101567268371,0.7575024962425232,2.6268153190612797,2.8086745738983154,0.1818591207265854,0.7865895628929138,2.6398751735687256,2.8488917350769043,0.20901617407798767
0.7812826037406921,2.728081703186035,2.905900239944458,0.1778183877468109,0.774137556552887,2.7095959186553955,2.888588190078736,0.1789922565221786,0.782526969909668,2.691003799438477,2.889024019241333,0.1980202198028564,0.784153938293457,2.7014949321746826,2.887989044189453,0.1864942461252212,0.7721478939056396,2.6551995277404785,2.8301703929901123,0.1749708354473114,0.7866448760032654,2.670576572418213,2.8718626499176025,0.2012859284877777,0.7860198616981506,2.619281053543091,2.8078083992004395,0.1885274201631546
0.7725302577018738,2.652454376220703,2.8527448177337646,0.2002904564142227,0.7797148823738098,2.6233949661254883,2.823883056640625,0.2004882544279098,0.766453742980957,2.6464083194732666,2.8557281494140625,0.2093195915222168,0.7832316160202026,2.724861621856689,2.941992282867432,0.2171306908130645,0.7845163941383362,2.665959119796753,2.8677897453308105,0.2018307298421859,0.774940550327301,2.6724369525909424,2.885364532470703,0.2129275053739547,0.7834670543670654,2.647902250289917,2.848860502243042,0.2009582668542862
0.782858669757843,2.6716833114624023,2.874853610992432,0.2031701505184173,0.7695759534835815,2.704964399337769,2.914267539978028,0.2093029767274856,0.7759019732475281,2.5963380336761475,2.8151862621307373,0.2188481241464615,0.7796525955200195,2.6929728984832764,2.8968801498413086,0.2039071023464203,0.7655748724937439,2.636561632156372,2.846831560134888,0.2102697938680648,0.77362060546875,2.6246180534362797,2.8257699012756348,0.2011519968509674,0.779278039932251,2.624574899673462,2.8373374938964844,0.2127625197172165
0.7759184241294861,2.702704906463623,2.9083263874053955,0.205621525645256,0.7691052556037903,2.688024044036865,2.884428739547729,0.1964046359062194,0.7670029401779175,2.637286901473999,2.863476276397705,0.2261894643306732,0.7633996605873108,2.6926841735839844,2.8938145637512207,0.2011304199695587,0.7730419635772705,2.6797022819519043,2.9016590118408203,0.221956729888916,0.7666234970092773,2.65112829208374,2.858906507492065,0.2077784538269043,0.7942465543746948,2.6583831310272217,2.8656234741210938,0.20724034309387207
0.7813747525215149,2.694077730178833,2.892378330230713,0.1983006000518798,0.7635212540626526,2.7323904037475586,2.9328927993774414,0.2005025744438171,0.7698966264724731,2.649466753005981,2.869124174118042,0.2196574509143829,0.7668349146842957,2.7327992916107178,2.926939010620117,0.1941400468349456,0.7824598550796509,2.6821889877319336,2.884890556335449,0.2027015089988708,0.7774115800857544,2.6805944442749023,2.899549961090088,0.2189555764198303,0.8011261224746704,2.6712677478790283,2.893854856491089,0.22258709371089935
0.7915859818458557,2.718523025512696,2.922706365585327,0.2041831761598587,0.7633791565895081,2.7311782836914062,2.9313459396362305,0.2001679539680481,0.7750005722045898,2.6972618103027344,2.9170289039611816,0.2197671085596084,0.7687786221504211,2.7433109283447266,2.946552276611328,0.2032417058944702,0.7644246220588684,2.6697919368743896,2.857498407363892,0.18770632147789,0.7788395285606384,2.64408540725708,2.832206010818481,0.1881204098463058,0.7887957096099854,2.641660451889038,2.8533332347869873,0.2116728276014328
0.7746123671531677,2.667828321456909,2.8647677898406982,0.1969393640756607,0.7777937054634094,2.706123113632202,2.906665325164795,0.2005420923233032,0.7874177694320679,2.615106105804444,2.819864749908448,0.2047586143016815,0.779365599155426,2.6928722858428955,2.8779428005218506,0.1850702762603759,0.77317214012146,2.683872699737549,2.885165214538574,0.2012925744056701,0.7693038582801819,2.639460563659668,2.837172031402588,0.1977114975452423,0.7946535348892212,2.654888153076172,2.857954978942871,0.20306681096553802
0.783093273639679,2.7025394439697266,2.907026529312134,0.2044871747493744,0.7743195295333862,2.74007511138916,2.9402709007263184,0.2001959681510925,0.7659041285514832,2.650289297103882,2.8715977668762207,0.2213087528944015,0.7630963921546936,2.661189079284668,2.871551036834717,0.2103617191314697,0.7696471214294434,2.6793811321258545,2.896599531173706,0.2172180563211441,0.7825263738632202,2.6696977615356445,2.881898880004883,0.2122014611959457,0.7812516093254089,2.5903985500335693,2.790391445159912,0.1999925971031189
0.7864465713500977,2.673642158508301,2.863000631332397,0.1893584430217743,0.7812687754631042,2.7205018997192383,2.9339210987091064,0.213419109582901,0.7827165722846985,2.6629648208618164,2.867469549179077,0.2045048475265503,0.7704640030860901,2.74293065071106,2.9424664974212646,0.1995355486869812,0.770318865776062,2.6634531021118164,2.865407705307007,0.2019548714160919,0.7686542868614197,2.661625862121582,2.8507466316223145,0.1891206502914428,0.8005189299583435,2.662877321243286,2.867243528366089,0.20436592400074005
0.790337860584259,2.714637994766236,2.9056103229522705,0.1909724920988083,0.7642342448234558,2.630400419235229,2.824455976486206,0.1940555572509765,0.7584015727043152,2.653721809387207,2.8304555416107178,0.1767337322235107,0.7769787907600403,2.714560985565185,2.9060890674591064,0.1915279626846313,0.7953876852989197,2.7127435207366943,2.89272403717041,0.1799804866313934,0.7608029842376709,2.707388162612915,2.9024336338043213,0.195045456290245,0.7810004949569702,2.66804838180542,2.859645366668701,0.19159728288650513
0.7889087796211243,2.755403995513916,2.928833484649658,0.1734297722578048,0.7809292078018188,2.694953441619873,2.881751775741577,0.1867980659008026,0.765805184841156,2.6804897785186768,2.848705530166626,0.1682156026363372,0.7687349319458008,2.7324929237365723,2.935696840286255,0.2032038569450378,0.7756763696670532,2.6479034423828125,2.841888904571533,0.1939854323863983,0.7804957628250122,2.6898562908172607,2.872908115386963,0.1830516904592514,0.7862553000450134,2.716553211212158,2.8956727981567383,0.17911960184574127
0.7938591837882996,2.7198619842529297,2.934313535690308,0.214451253414154,0.7727152705192566,2.724214553833008,2.929333209991455,0.2051183730363845,0.7589836716651917,2.6651926040649414,2.8680694103240967,0.2028766572475433,0.7771271467208862,2.7157623767852783,2.943985939025879,0.2282237410545349,0.7929149270057678,2.6756625175476074,2.885197639465332,0.2095348834991455,0.7699268460273743,2.6583988666534424,2.8757448196411133,0.2173459231853485,0.7915012836456299,2.7057065963745117,2.9122586250305176,0.2065521478652954
0.7801309823989868,2.6904196739196777,2.894568920135498,0.2041492909193039,0.773459255695343,2.704864501953125,2.8847663402557373,0.1799020171165466,0.7601950168609619,2.6608903408050537,2.8737621307373047,0.2128718793392181,0.7708283066749573,2.721242666244507,2.921917200088501,0.2006746083498001,0.785400927066803,2.7034568786621094,2.919475793838501,0.2160189598798751,0.7723962068557739,2.628019332885742,2.8530595302581787,0.2250401228666305,0.7815596461296082,2.6220874786376953,2.831369400024414,0.20928151905536652
0.7964772582054138,2.7310891151428223,2.9264636039733887,0.1953743696212768,0.7813107967376709,2.7139573097229004,2.912231206893921,0.1982737332582473,0.7768352627754211,2.704660177230835,2.920492887496948,0.2158328145742416,0.7675669193267822,2.707263946533203,2.904440402984619,0.1971762329339981,0.7772882580757141,2.637749671936035,2.8437485694885254,0.2059986442327499,0.7600981593132019,2.642413377761841,2.842165470123291,0.1997521519660949,0.7865170836448669,2.672271728515625,2.8867132663726807,0.2144416868686676
0.7728945016860962,2.6734979152679443,2.866586923599243,0.1930891424417495,0.7534012198448181,2.725642681121826,2.9168124198913574,0.1911697387695312,0.768869936466217,2.6399388313293457,2.839085578918457,0.1991466134786605,0.7676964998245239,2.682636976242065,2.850865125656128,0.1682282239198684,0.7618412971496582,2.65991473197937,2.8387250900268555,0.1788103282451629,0.7637755274772644,2.700415134429932,2.8982365131378174,0.197821170091629,0.7782934904098511,2.709056854248047,2.8964684009552,0.18741166591644287
0.7815343737602234,2.7118308544158936,2.914276599884033,0.2024455815553665,0.7676383852958679,2.724759340286255,2.9446492195129395,0.2198897004127502,0.759905219078064,2.693288326263428,2.902031183242798,0.2087429314851761,0.7669524550437927,2.720916986465454,2.936219930648804,0.2153026014566421,0.7804937958717346,2.61439061164856,2.823453426361084,0.2090628743171692,0.7967578768730164,2.6393239498138428,2.856088876724243,0.2167650759220123,0.7745278477668762,2.6174497604370117,2.8278777599334717,0.21042802929878235
0.7897859215736389,2.686514377593994,2.885671854019165,0.1991574466228485,0.796834409236908,2.714874505996704,2.909908533096313,0.1950339674949646,0.767859160900116,2.6642653942108154,2.868677854537964,0.2044123113155365,0.7670649886131287,2.7086493968963623,2.9078755378723145,0.1992263793945312,0.7810425758361816,2.6852824687957764,2.8976497650146484,0.212367296218872,0.7752807140350342,2.664972305297852,2.866513967514038,0.2015416622161865,0.7780886292457581,2.6115524768829346,2.8272202014923096,0.21566767990589142
0.784404456615448,2.682225465774536,2.8786420822143555,0.1964168101549148,0.7672238349914551,2.710076808929444,2.915320634841919,0.2052438706159591,0.768274188041687,2.6485238075256348,2.8268344402313232,0.1783105283975601,0.7982613444328308,2.688051462173462,2.8828070163726807,0.1947557628154754,0.7818352580070496,2.681210994720459,2.878775119781494,0.1975640803575515,0.7861087918281555,2.6384146213531494,2.840330123901367,0.2019155323505401,0.785615861415863,2.6061859130859375,2.7985286712646484,0.19234269857406616
0.7827250361442566,2.7287378311157227,2.9387366771698,0.2099988907575607,0.7772587537765503,2.750126600265503,2.96713662147522,0.2170100510120391,0.7703995108604431,2.703587293624878,2.937659978866577,0.2340725213289261,0.7720409631729126,2.7568845748901367,2.98367691040039,0.2267924845218658,0.7729523181915283,2.6723508834838867,2.896764278411865,0.2244134694337844,0.7948015928268433,2.711120843887329,2.943249464035034,0.2321287989616394,0.7817980647087097,2.646724224090576,2.86027455329895,0.21355019509792328
0.7851756811141968,2.7119719982147217,2.886591911315918,0.1746199280023574,0.7827937602996826,2.8237457275390625,3.016434669494629,0.1926889419555664,0.7611584663391113,2.65981125831604,2.854685068130493,0.1948737055063247,0.7794405221939087,2.7438528537750244,2.931392192840576,0.1875392794609069,0.7827272415161133,2.676176786422729,2.873152732849121,0.1969761848449707,0.7742336392402649,2.6428942680358887,2.830066204071045,0.1871720999479293,0.7819913625717163,2.668583869934082,2.863574743270874,0.1949908435344696
0.7848678827285767,2.704244613647461,2.90103530883789,0.196790724992752,0.7666695713996887,2.746501445770264,2.938562393188477,0.19206103682518,0.7828167080879211,2.6191961765289307,2.800243616104126,0.1810474395751953,0.7757283449172974,2.7007083892822266,2.892146110534668,0.1914376765489578,0.7664830088615417,2.7313621044158936,2.9184329509735107,0.1870708763599395,0.7778845429420471,2.6486575603485107,2.84665846824646,0.1980008780956268,0.7937086224555969,2.688624143600464,2.880878448486328,0.19225411117076874
0.7745670676231384,2.6631083488464355,2.8459718227386475,0.1828636229038238,0.7740081548690796,2.750525712966919,2.931639671325684,0.1811139583587646,0.7731035351753235,2.6771368980407715,2.8755271434783936,0.1983901113271713,0.7690454721450806,2.719322919845581,2.910790205001831,0.1914670169353485,0.771411657333374,2.6721396446228027,2.869251012802124,0.1971113532781601,0.768750011920929,2.624798536300659,2.81099534034729,0.1861966550350189,0.788292407989502,2.653000593185425,2.847259998321533,0.19425959885120392
0.7896680235862732,2.724795341491699,2.916867256164551,0.1920717805624008,0.7814775705337524,2.7761154174804688,2.962439775466919,0.1863245666027069,0.7716426253318787,2.6674013137817383,2.856325387954712,0.188923954963684,0.7600350379943848,2.711872100830078,2.9024429321289062,0.1905711144208908,0.7715893387794495,2.6838386058807373,2.8702080249786377,0.1863692998886108,0.774692952632904,2.6994903087615967,2.8996212482452397,0.2001310139894485,0.7810758352279663,2.719667434692383,2.901658058166504,0.18199098110198975
0.7774731516838074,2.667994976043701,2.8679287433624268,0.1999340057373047,0.7629493474960327,2.747487545013428,2.96187424659729,0.2143869996070861,0.7707377672195435,2.629591226577759,2.833169221878052,0.2035780102014541,0.7908572554588318,2.7125720977783203,2.923695802688598,0.2111236900091171,0.7736232280731201,2.6640405654907227,2.871675968170166,0.2076353728771209,0.7706962823867798,2.658799409866333,2.871246576309204,0.2124471813440323,0.801531970500946,2.6940407752990723,2.9193649291992188,0.22532394528388977
0.7798721790313721,2.720309495925904,2.9260406494140625,0.2057313770055771,0.771626353263855,2.733410596847534,2.932180166244507,0.1987696141004562,0.7715314030647278,2.691283702850342,2.8929011821746826,0.2016175389289856,0.7666423320770264,2.718156576156616,2.898645401000977,0.1804886162281036,0.776116669178009,2.6762969493865967,2.8761160373687744,0.1998189091682434,0.7698585391044617,2.681253671646118,2.8844685554504395,0.2032149285078048,0.7889496088027954,2.690164566040039,2.889481782913208,0.19931727647781372
0.775087833404541,2.711393117904663,2.897080183029175,0.1856868416070938,0.7624183297157288,2.7827930450439453,2.979999542236328,0.197206437587738,0.7772024869918823,2.657026529312134,2.8612542152404785,0.2042276561260223,0.7716223001480103,2.7070910930633545,2.909750699996948,0.2026596963405609,0.7731505036354065,2.695502996444702,2.8999786376953125,0.2044756263494491,0.7809574007987976,2.6709704399108887,2.884493589401245,0.2135230898857116,0.7855126857757568,2.6182734966278076,2.8481483459472656,0.22987492382526398
0.8141608834266663,2.671191930770874,2.895895481109619,0.2247035056352615,0.7734622955322266,2.718772649765014,2.9360625743865967,0.2172898054122924,0.764388918876648,2.6317970752716064,2.8566203117370605,0.22482331097126,0.7970813512802124,2.693591833114624,2.898376941680908,0.2047852724790573,0.7753733396530151,2.6488773822784424,2.875351428985596,0.2264740467071533,0.7830896973609924,2.7136435508728027,2.930924892425537,0.2172812074422836,0.7838999032974243,2.6274421215057373,2.8327479362487793,0.20530582964420319
0.7857430577278137,2.683145523071289,2.877361297607422,0.1942157447338104,0.7615988850593567,2.710449457168579,2.9101083278656006,0.1996585875749588,0.7676367163658142,2.645134687423706,2.839083909988404,0.1939490735530853,0.7733482718467712,2.6396055221557617,2.836252450942993,0.1966472417116165,0.7683414220809937,2.652745008468628,2.8403680324554443,0.1876230388879776,0.7642170786857605,2.612548351287842,2.809598445892334,0.1970504224300384,0.7753182053565979,2.6939375400543213,2.892399787902832,0.19846217334270477
0.781700611114502,2.6701016426086426,2.870605945587158,0.2005044966936111,0.7702106833457947,2.717600107192993,2.919844150543213,0.2022442668676376,0.7680405974388123,2.614832639694214,2.8182051181793213,0.2033725082874298,0.7708600759506226,2.7172160148620605,2.9164414405822754,0.1992254108190536,0.7778716087341309,2.649857997894287,2.8576409816741943,0.2077829986810684,0.7724089622497559,2.6487629413604736,2.870197057723999,0.2214340418577194,0.7756919264793396,2.6599488258361816,2.8646650314331055,0.20471623539924622
0.7972093224525452,2.696700096130371,2.9101269245147705,0.2134269028902053,0.7684715986251831,2.698011875152588,2.906376838684082,0.2083650082349777,0.7610470056533813,2.676968574523926,2.880807638168335,0.2038391381502151,0.7668723464012146,2.6968345642089844,2.905271291732788,0.2084364593029022,0.7726767063140869,2.670335054397583,2.8942315578460693,0.2238966673612594,0.7849501371383667,2.698223114013672,2.908087491989136,0.2098643034696579,0.7879892587661743,2.6260194778442383,2.8416738510131836,0.21565449237823486
0.7915968894958496,2.71604585647583,2.936933755874634,0.2208881229162216,0.7629094123840332,2.7137258052825928,2.937791585922241,0.2240655571222305,0.7676110863685608,2.6303646564483643,2.845865726470948,0.2155011743307113,0.7713640332221985,2.6610753536224365,2.860941171646118,0.1998657137155532,0.7862486839294434,2.6725127696990967,2.8835020065307617,0.2109889388084411,0.7669827342033386,2.681762218475342,2.880985975265503,0.1992239356040954,0.7756528854370117,2.6366147994995117,2.840718984603882,0.20410384237766266
0.7828086018562317,2.723444700241089,2.923135280609131,0.1996907889842987,0.7680209875106812,2.6919167041778564,2.893867015838623,0.2019500136375427,0.7658021450042725,2.6548290252685547,2.85116982460022,0.1963409930467605,0.7692101001739502,2.7173163890838623,2.919443368911743,0.2021266520023346,0.7722452282905579,2.5967555046081543,2.815336227416992,0.2185807824134826,0.7724668383598328,2.6839382648468018,2.88734769821167,0.2034094333648681,0.7900450825691223,2.617490291595459,2.824547052383423,0.20705686509609222
0.7786287069320679,2.7234036922454834,2.908024311065674,0.1846205294132232,0.7779260873794556,2.6923627853393555,2.892234563827514,0.1998716443777084,0.7691863179206848,2.634385347366333,2.8384711742401123,0.2040860801935196,0.7678346037864685,2.7074742317199707,2.90899395942688,0.201519563794136,0.7645998597145081,2.613165140151977,2.812558174133301,0.1993931978940963,0.7813259959220886,2.6942899227142334,2.911748170852661,0.2174581587314605,0.7938351631164551,2.6611647605895996,2.8627188205718994,0.201554074883461
0.778296709060669,2.7132859230041504,2.92175817489624,0.2084724605083465,0.7696743607521057,2.7108469009399414,2.916295289993286,0.2054482847452163,0.769896924495697,2.6855154037475586,2.8957090377807617,0.2101934105157852,0.7679539322853088,2.725291967391968,2.9317901134490967,0.2064984589815139,0.7723805904388428,2.698237657546997,2.924051523208618,0.225813940167427,0.7796433568000793,2.70358943939209,2.9115421772003174,0.2079528719186782,0.7772992253303528,2.6860270500183105,2.906102418899536,0.22007544338703156
0.7821550965309143,2.7130823135375977,2.9179937839508057,0.204911470413208,0.7765860557556152,2.63135313987732,2.820659637451172,0.1893064528703689,0.7704161405563354,2.6345760822296143,2.846564292907715,0.2119884043931961,0.7773483395576477,2.6604697704315186,2.855947256088257,0.195477694272995,0.7905373573303223,2.712288379669189,2.9231655597686768,0.2108773738145828,0.7846860289573669,2.747626304626465,2.949501276016236,0.2018747180700302,0.7897595167160034,2.6065571308135986,2.822699785232544,0.21614287793636322
0.7810649871826172,2.718475103378296,2.920174121856689,0.2016989588737487,0.7730740904808044,2.772470474243164,2.970022201538086,0.197551816701889,0.7693651914596558,2.718919277191162,2.9216628074646,0.2027436941862106,0.7814049124717712,2.746945381164551,2.94244384765625,0.1954984813928604,0.7857730388641357,2.676998853683472,2.895179033279419,0.2181799560785293,0.7756563425064087,2.647713661193848,2.847801685333252,0.2000881135463714,0.7846841216087341,2.6910738945007324,2.884622097015381,0.19354823231697083
0.7852267026901245,2.680649280548096,2.9007880687713623,0.2201386243104934,0.7770183682441711,2.768965482711792,2.9854159355163574,0.2164505869150161,0.7719744443893433,2.666421413421631,2.88313889503479,0.2167171984910965,0.7762174606323242,2.7351369857788086,2.9414479732513428,0.2063110172748565,0.7743489742279053,2.696472644805908,2.9136011600494385,0.2171284258365631,0.790583610534668,2.687362670898437,2.9020888805389404,0.2147261947393417,0.7783219814300537,2.634773015975952,2.8494620323181152,0.21468901634216309
0.7892429232597351,2.6780941486358643,2.860245704650879,0.1821518093347549,0.7719153165817261,2.801201820373535,2.981759786605835,0.1805580705404281,0.7826610803604126,2.6581594944000244,2.849632740020752,0.1914730221033096,0.7649158239364624,2.702808141708374,2.880836009979248,0.1780279278755188,0.7806371450424194,2.650182247161865,2.8422651290893555,0.19208325445652,0.7777122855186462,2.641885280609131,2.837968349456787,0.196083202958107,0.780841588973999,2.6858150959014893,2.8550732135772705,0.16925807297229767
0.7842892408370972,2.7232584953308105,2.9246163368225098,0.2013581097126007,0.766523003578186,2.688931465148926,2.890162229537964,0.2012306600809097,0.7695009112358093,2.6781179904937744,2.905225992202759,0.2271079123020172,0.7683780193328857,2.692558526992798,2.894036293029785,0.2014776170253753,0.7735041379928589,2.6570169925689697,2.8610169887542725,0.2039998024702072,0.7737802267074585,2.7075724601745605,2.929300308227539,0.221728041768074,0.7824894785881042,2.6825196743011475,2.8905203342437744,0.20800085365772247
0.7964602112770081,2.662975311279297,2.874276876449585,0.2113017290830612,0.7697572708129883,2.679346799850464,2.900949478149414,0.2216025739908218,0.7721334099769592,2.662041664123535,2.8641116619110107,0.2020700275897979,0.7791255712509155,2.710608959197998,2.913191318511963,0.2025825232267379,0.7801188230514526,2.6738100051879883,2.904961585998535,0.23115174472332,0.771873950958252,2.6483047008514404,2.851865768432617,0.2035611420869827,0.7822638750076294,2.619422674179077,2.837520122528076,0.2180975079536438
