created virtual environment CPython3.10.13.final.0-64 in 15465ms
  creator CPython3Posix(dest=/localscratch/onurk.65516548.0/env, clear=False, no_vcs_ignore=False, global=False)
  seeder FromAppData(download=False, pip=bundle, setuptools=bundle, wheel=bundle, via=copy, app_data_dir=/home/onurk/.local/share/virtualenv)
    added seed packages: pip==25.1.1, setuptools==80.9.0, wheel==0.45.1+computecanada
  activators BashActivator,CShellActivator,FishActivator,NushellActivator,PowerShellActivator,PythonActivator
Looking in links: /cvmfs/soft.computecanada.ca/custom/python/wheelhouse/gentoo2023/x86-64-v3, /cvmfs/soft.computecanada.ca/custom/python/wheelhouse/gentoo2023/generic, /cvmfs/soft.computecanada.ca/custom/python/wheelhouse/generic
Processing /cvmfs/soft.computecanada.ca/custom/python/wheelhouse/gentoo2023/x86-64-v3/torch-2.6.0+computecanada-cp310-cp310-linux_x86_64.whl
Processing /cvmfs/soft.computecanada.ca/custom/python/wheelhouse/generic/filelock-3.18.0+computecanada-py3-none-any.whl (from torch)
Requirement already satisfied: typing-extensions>=4.10.0 in /cvmfs/soft.computecanada.ca/easybuild/software/2023/x86-64-v3/Compiler/gcccore/ipykernel/2025a/lib/python3.10/site-packages (from torch) (4.12.2+computecanada)
Processing /cvmfs/soft.computecanada.ca/custom/python/wheelhouse/generic/networkx-3.5+computecanada-py3-none-any.whl (from torch)
Processing /cvmfs/soft.computecanada.ca/custom/python/wheelhouse/generic/jinja2-3.1.6+computecanada-py3-none-any.whl (from torch)
Processing /cvmfs/soft.computecanada.ca/custom/python/wheelhouse/generic/fsspec-2025.7.0+computecanada-py3-none-any.whl (from torch)
Processing /cvmfs/soft.computecanada.ca/custom/python/wheelhouse/generic/sympy-1.13.1+computecanada-py3-none-any.whl (from torch)
Requirement already satisfied: mpmath<1.4,>=1.1.0 in /cvmfs/soft.computecanada.ca/easybuild/software/2023/x86-64-v3/Compiler/gcccore/scipy-stack/2025a/lib/python3.10/site-packages (from sympy==1.13.1->torch) (1.3.0+computecanada)
Processing /cvmfs/soft.computecanada.ca/custom/python/wheelhouse/generic/MarkupSafe-2.1.5+computecanada-cp310-cp310-linux_x86_64.whl (from jinja2->torch)
INFO: pip is looking at multiple versions of networkx to determine which version is compatible with other requirements. This could take a while.
Processing /cvmfs/soft.computecanada.ca/custom/python/wheelhouse/generic/networkx-3.4.2+computecanada-py3-none-any.whl (from torch)
Installing collected packages: sympy, networkx, MarkupSafe, fsspec, filelock, jinja2, torch
  Attempting uninstall: sympy
    Found existing installation: sympy 1.13.3+computecanada
    Not uninstalling sympy at /cvmfs/soft.computecanada.ca/easybuild/software/2023/x86-64-v3/Compiler/gcccore/scipy-stack/2025a/lib/python3.10/site-packages, outside environment /localscratch/onurk.65516548.0/env
    Can't uninstall 'sympy'. No files were found to uninstall.

Successfully installed MarkupSafe-2.1.5+computecanada filelock-3.18.0+computecanada fsspec-2025.7.0+computecanada jinja2-3.1.6+computecanada networkx-3.4.2+computecanada sympy-1.13.1+computecanada torch-2.6.0+computecanada
pre_processing: False      drop_na: False       normalize_raw_features: False       train_models: True       save_models: True       hidden_size: 12       tramontana_run: True       
Run started at: 2025-08-08 13:34:26
gpp_input_names,  ['SW_IN', 'TA'] 
reco_input_names,  ['DOY_sin', 'DOY_cos', 'TA'] 
true_nee_name,  ['NEE'] 

Tramontana Running on GPU With hidden layer size of 12 Total epochs: 100000 lr: 0.001 patience: 500 min_delta 0.01
SNN_GPP_Tram(
  (net): Sequential(
    (0): Linear(in_features=2, out_features=12, bias=True)
    (1): Tanh()
    (2): Linear(in_features=12, out_features=1, bias=True)
    (3): Sigmoid()
  )
)
SNN_RECO_Tram(
  (net): Sequential(
    (0): Linear(in_features=3, out_features=12, bias=True)
    (1): Tanh()
    (2): Linear(in_features=12, out_features=1, bias=True)
    (3): Sigmoid()
  )
)
Params are min slope: 2e-06, trend window: 100
Epoch     0 | Train Loss: 33806.535156 | Val Loss: 35087.453125 | Train R²: -980715.4375 | Val R²: -970924.8750
Epoch   500 | Train Loss: 633.820496 | Val Loss: 638.976807 | Train R²: -18385.9238 | Val R²: -17680.5117
Epoch  1000 | Train Loss: 151.599823 | Val Loss: 151.548538 | Train R²: -4396.8604 | Val R²: -4192.5898
Epoch  1500 | Train Loss: 63.412441 | Val Loss: 63.069077 | Train R²: -1838.5737 | Val R²: -1744.2219
Epoch  2000 | Train Loss: 33.025547 | Val Loss: 32.719398 | Train R²: -957.0602 | Val R²: -904.3981
Epoch  2500 | Train Loss: 19.272631 | Val Loss: 19.030924 | Train R²: -558.0926 | Val R²: -525.6161
Epoch  3000 | Train Loss: 12.042584 | Val Loss: 11.856043 | Train R²: -348.3513 | Val R²: -327.0757
Epoch  3500 | Train Loss: 7.873932 | Val Loss: 7.730381 | Train R²: -227.4202 | Val R²: -212.9120
Epoch  4000 | Train Loss: 5.320644 | Val Loss: 5.210008 | Train R²: -153.3501 | Val R²: -143.1693
Epoch  4500 | Train Loss: 3.692142 | Val Loss: 3.606704 | Train R²: -106.1078 | Val R²: -98.8033
Epoch  5000 | Train Loss: 2.625124 | Val Loss: 2.559058 | Train R²: -75.1540 | Val R²: -69.8132
Epoch  5500 | Train Loss: 1.914016 | Val Loss: 1.862916 | Train R²: -54.5250 | Val R²: -50.5498
Epoch  6000 | Train Loss: 1.435678 | Val Loss: 1.396173 | Train R²: -40.6485 | Val R²: -37.6343
Epoch  6500 | Train Loss: 1.112849 | Val Loss: 1.082338 | Train R²: -31.2834 | Val R²: -28.9500
Epoch  7000 | Train Loss: 0.894719 | Val Loss: 0.871135 | Train R²: -24.9555 | Val R²: -23.1057
Epoch  7500 | Train Loss: 0.738826 | Val Loss: 0.719974 | Train R²: -20.4331 | Val R²: -18.9228
Epoch  8000 | Train Loss: 0.584571 | Val Loss: 0.567011 | Train R²: -15.9582 | Val R²: -14.6901
Epoch  8500 | Train Loss: 0.492698 | Val Loss: 0.480120 | Train R²: -13.2930 | Val R²: -12.2857
Epoch  9000 | Train Loss: 0.413992 | Val Loss: 0.405457 | Train R²: -11.0098 | Val R²: -10.2196
Epoch  9500 | Train Loss: 0.270420 | Val Loss: 0.260094 | Train R²: -6.8448 | Val R²: -6.1972
Epoch 10000 | Train Loss: 0.192031 | Val Loss: 0.183978 | Train R²: -4.5708 | Val R²: -4.0910
Epoch 10500 | Train Loss: 0.137676 | Val Loss: 0.131644 | Train R²: -2.9939 | Val R²: -2.6428
Epoch 11000 | Train Loss: 0.100613 | Val Loss: 0.096158 | Train R²: -1.9187 | Val R²: -1.6609
Epoch 11500 | Train Loss: 0.075730 | Val Loss: 0.072479 | Train R²: -1.1969 | Val R²: -1.0056
Epoch 12000 | Train Loss: 0.058315 | Val Loss: 0.055992 | Train R²: -0.6917 | Val R²: -0.5494
Epoch 12500 | Train Loss: 0.045540 | Val Loss: 0.043943 | Train R²: -0.3211 | Val R²: -0.2160
Epoch 13000 | Train Loss: 0.036029 | Val Loss: 0.035017 | Train R²: -0.0452 | Val R²: 0.0310
Epoch 13500 | Train Loss: 0.029022 | Val Loss: 0.028478 | Train R²: 0.1581 | Val R²: 0.2120
Epoch 14000 | Train Loss: 0.023956 | Val Loss: 0.023779 | Train R²: 0.3051 | Val R²: 0.3420
Epoch 14500 | Train Loss: 0.020361 | Val Loss: 0.020466 | Train R²: 0.4093 | Val R²: 0.4337
Epoch 15000 | Train Loss: 0.017862 | Val Loss: 0.018181 | Train R²: 0.4818 | Val R²: 0.4969
Epoch 15500 | Train Loss: 0.016172 | Val Loss: 0.016650 | Train R²: 0.5308 | Val R²: 0.5393
Epoch 16000 | Train Loss: 0.015068 | Val Loss: 0.015659 | Train R²: 0.5629 | Val R²: 0.5667
Epoch 16500 | Train Loss: 0.014369 | Val Loss: 0.015037 | Train R²: 0.5832 | Val R²: 0.5839
Epoch 17000 | Train Loss: 0.013923 | Val Loss: 0.014640 | Train R²: 0.5961 | Val R²: 0.5949
Epoch 17500 | Train Loss: 0.013608 | Val Loss: 0.014351 | Train R²: 0.6052 | Val R²: 0.6029
Epoch 18000 | Train Loss: 0.013337 | Val Loss: 0.014085 | Train R²: 0.6131 | Val R²: 0.6103
Epoch 18500 | Train Loss: 0.013058 | Val Loss: 0.013794 | Train R²: 0.6212 | Val R²: 0.6183
Epoch 19000 | Train Loss: 0.012745 | Val Loss: 0.013458 | Train R²: 0.6303 | Val R²: 0.6276
Epoch 19500 | Train Loss: 0.012388 | Val Loss: 0.013072 | Train R²: 0.6406 | Val R²: 0.6383
Epoch 20000 | Train Loss: 0.011984 | Val Loss: 0.012635 | Train R²: 0.6523 | Val R²: 0.6504
Epoch 20500 | Train Loss: 0.011536 | Val Loss: 0.012153 | Train R²: 0.6654 | Val R²: 0.6637
Epoch 21000 | Train Loss: 0.011053 | Val Loss: 0.011637 | Train R²: 0.6794 | Val R²: 0.6780
Epoch 21500 | Train Loss: 0.010552 | Val Loss: 0.011101 | Train R²: 0.6939 | Val R²: 0.6928
Epoch 22000 | Train Loss: 0.010052 | Val Loss: 0.010562 | Train R²: 0.7084 | Val R²: 0.7077
Epoch 22500 | Train Loss: 0.009568 | Val Loss: 0.010038 | Train R²: 0.7224 | Val R²: 0.7222
Epoch 23000 | Train Loss: 0.009129 | Val Loss: 0.009567 | Train R²: 0.7352 | Val R²: 0.7353
Epoch 23500 | Train Loss: 0.008752 | Val Loss: 0.009160 | Train R²: 0.7461 | Val R²: 0.7465
Epoch 24000 | Train Loss: 0.008449 | Val Loss: 0.008831 | Train R²: 0.7549 | Val R²: 0.7556
Epoch 24500 | Train Loss: 0.008225 | Val Loss: 0.008588 | Train R²: 0.7614 | Val R²: 0.7624
Epoch 25000 | Train Loss: 0.008074 | Val Loss: 0.008425 | Train R²: 0.7658 | Val R²: 0.7669
Epoch 25500 | Train Loss: 0.007983 | Val Loss: 0.008327 | Train R²: 0.7684 | Val R²: 0.7696
Epoch 26000 | Train Loss: 0.007890 | Val Loss: 0.008174 | Train R²: 0.7711 | Val R²: 0.7738
Epoch 26500 | Train Loss: 0.007834 | Val Loss: 0.008121 | Train R²: 0.7727 | Val R²: 0.7753
Early stopping at epoch 26792 due to flat/negative trend (slope=0.000002)
Epoch 26792 | Train Loss: 0.007806 | Val Loss: 0.008098 | Train R²: 0.7735 | Val R²: 0.7759
Unpickling models
Following models have been loaded and moved to cuda:
trained gpp model:
 SNN_GPP_Tram(
  (net): Sequential(
    (0): Linear(in_features=2, out_features=12, bias=True)
    (1): Tanh()
    (2): Linear(in_features=12, out_features=1, bias=True)
    (3): Sigmoid()
  )
), trained_reco_model:
 SNN_GPP_Tram(
  (net): Sequential(
    (0): Linear(in_features=3, out_features=12, bias=True)
    (1): Tanh()
    (2): Linear(in_features=12, out_features=1, bias=True)
    (3): Sigmoid()
  )
)
using full data set for visualization
Un-normalizing the GPP and RECO predictions using NEE min: tensor([-17.7365]), NEE max: tensor([5.4944])



Metrics for the Tramontana, with
GPP inputs: ['SW_IN', 'TA']
RECO inputs: ['DOY_sin', 'DOY_cos', 'TA']:
DT_GPP vs Tramontana_GPP R²=0.84 RMSE=1.41
NT_GPP vs Tramontana_GPP R²=0.73 RMSE=1.76
DT_RECO vs Tramontana_RECO R²=-1.20 RMSE=1.42
NT_RECO vs Tramontana_RECO R²=-1.84 RMSE=0.83
DT_GPP vs NT_GPP R²=0.81 RMSE=1.56
DT_RECO vs NT_RECO R²=-0.38 RMSE=1.00

gpp_input_names,  ['SW_IN', 'TA', 'VPD'] 
reco_input_names,  ['DOY_sin', 'DOY_cos', 'TA'] 
true_nee_name,  ['NEE'] 

Tramontana Running on GPU With hidden layer size of 12 Total epochs: 100000 lr: 0.001 patience: 500 min_delta 0.01
SNN_GPP_Tram(
  (net): Sequential(
    (0): Linear(in_features=3, out_features=12, bias=True)
    (1): Tanh()
    (2): Linear(in_features=12, out_features=1, bias=True)
    (3): Sigmoid()
  )
)
SNN_RECO_Tram(
  (net): Sequential(
    (0): Linear(in_features=3, out_features=12, bias=True)
    (1): Tanh()
    (2): Linear(in_features=12, out_features=1, bias=True)
    (3): Sigmoid()
  )
)
Params are min slope: 2e-06, trend window: 100
Epoch     0 | Train Loss: 53113.183594 | Val Loss: 55813.343750 | Train R²: -1540795.1250 | Val R²: -1544443.5000
Epoch   500 | Train Loss: 720.892700 | Val Loss: 738.686340 | Train R²: -20911.8613 | Val R²: -20439.6328
Epoch  1000 | Train Loss: 172.860092 | Val Loss: 175.999237 | Train R²: -5013.6143 | Val R²: -4869.1802
Epoch  1500 | Train Loss: 72.986443 | Val Loss: 74.014610 | Train R²: -2116.3125 | Val R²: -2047.1025
Epoch  2000 | Train Loss: 38.297379 | Val Loss: 38.717690 | Train R²: -1109.9943 | Val R²: -1070.3804
Epoch  2500 | Train Loss: 22.493237 | Val Loss: 22.680643 | Train R²: -651.5215 | Val R²: -626.6097
Epoch  3000 | Train Loss: 14.137005 | Val Loss: 14.220872 | Train R²: -409.1098 | Val R²: -392.5143
Epoch  3500 | Train Loss: 9.292442 | Val Loss: 9.326427 | Train R²: -268.5707 | Val R²: -257.0771
Epoch  4000 | Train Loss: 6.308278 | Val Loss: 6.317317 | Train R²: -182.0010 | Val R²: -173.8102
Epoch  4500 | Train Loss: 4.393077 | Val Loss: 4.389669 | Train R²: -126.4417 | Val R²: -120.4692
Epoch  5000 | Train Loss: 3.129271 | Val Loss: 3.119968 | Train R²: -89.7791 | Val R²: -85.3345
Epoch  5500 | Train Loss: 2.279788 | Val Loss: 2.268088 | Train R²: -65.1359 | Val R²: -61.7616
Epoch  6000 | Train Loss: 1.701761 | Val Loss: 1.689499 | Train R²: -48.3675 | Val R²: -45.7511
Epoch  6500 | Train Loss: 1.301011 | Val Loss: 1.288861 | Train R²: -36.7419 | Val R²: -34.6648
Epoch  7000 | Train Loss: 0.978291 | Val Loss: 0.964910 | Train R²: -27.3799 | Val R²: -25.7006
Epoch  7500 | Train Loss: 0.767549 | Val Loss: 0.755439 | Train R²: -21.2663 | Val R²: -19.9042
Epoch  8000 | Train Loss: 0.620126 | Val Loss: 0.609509 | Train R²: -16.9896 | Val R²: -15.8661
Epoch  8500 | Train Loss: 0.514604 | Val Loss: 0.505375 | Train R²: -13.9285 | Val R²: -12.9845
Epoch  9000 | Train Loss: 0.431937 | Val Loss: 0.423646 | Train R²: -11.5304 | Val R²: -10.7230
Epoch  9500 | Train Loss: 0.331055 | Val Loss: 0.322904 | Train R²: -8.6038 | Val R²: -7.9353
Epoch 10000 | Train Loss: 0.220374 | Val Loss: 0.212948 | Train R²: -5.3930 | Val R²: -4.8926
Epoch 10500 | Train Loss: 0.159157 | Val Loss: 0.153226 | Train R²: -3.6171 | Val R²: -3.2400
Epoch 11000 | Train Loss: 0.116055 | Val Loss: 0.111360 | Train R²: -2.3667 | Val R²: -2.0815
Epoch 11500 | Train Loss: 0.085760 | Val Loss: 0.082064 | Train R²: -1.4879 | Val R²: -1.2709
Epoch 12000 | Train Loss: 0.064160 | Val Loss: 0.061256 | Train R²: -0.8613 | Val R²: -0.6950
Epoch 12500 | Train Loss: 0.048518 | Val Loss: 0.046232 | Train R²: -0.4075 | Val R²: -0.2793
Epoch 13000 | Train Loss: 0.037165 | Val Loss: 0.035376 | Train R²: -0.0782 | Val R²: 0.0211
Epoch 13500 | Train Loss: 0.028942 | Val Loss: 0.027567 | Train R²: 0.1604 | Val R²: 0.2372
Epoch 14000 | Train Loss: 0.023014 | Val Loss: 0.021995 | Train R²: 0.3324 | Val R²: 0.3914
Epoch 14500 | Train Loss: 0.018818 | Val Loss: 0.018100 | Train R²: 0.4541 | Val R²: 0.4991
Epoch 15000 | Train Loss: 0.015942 | Val Loss: 0.015465 | Train R²: 0.5375 | Val R²: 0.5721
Epoch 15500 | Train Loss: 0.014031 | Val Loss: 0.013743 | Train R²: 0.5930 | Val R²: 0.6197
Epoch 16000 | Train Loss: 0.012807 | Val Loss: 0.012662 | Train R²: 0.6285 | Val R²: 0.6496
Epoch 16500 | Train Loss: 0.012049 | Val Loss: 0.012010 | Train R²: 0.6505 | Val R²: 0.6677
Epoch 17000 | Train Loss: 0.011593 | Val Loss: 0.011630 | Train R²: 0.6637 | Val R²: 0.6782
Epoch 17500 | Train Loss: 0.011326 | Val Loss: 0.011412 | Train R²: 0.6714 | Val R²: 0.6842
Epoch 18000 | Train Loss: 0.011152 | Val Loss: 0.011269 | Train R²: 0.6765 | Val R²: 0.6882
Epoch 18500 | Train Loss: 0.011010 | Val Loss: 0.011144 | Train R²: 0.6806 | Val R²: 0.6916
Epoch 19000 | Train Loss: 0.010869 | Val Loss: 0.011005 | Train R²: 0.6847 | Val R²: 0.6955
Epoch 19500 | Train Loss: 0.010711 | Val Loss: 0.010841 | Train R²: 0.6893 | Val R²: 0.7000
Epoch 20000 | Train Loss: 0.010531 | Val Loss: 0.010651 | Train R²: 0.6945 | Val R²: 0.7053
Epoch 20500 | Train Loss: 0.010329 | Val Loss: 0.010439 | Train R²: 0.7004 | Val R²: 0.7111
Epoch 21000 | Train Loss: 0.010102 | Val Loss: 0.010204 | Train R²: 0.7069 | Val R²: 0.7176
Epoch 21500 | Train Loss: 0.009852 | Val Loss: 0.009949 | Train R²: 0.7142 | Val R²: 0.7247
Epoch 22000 | Train Loss: 0.009586 | Val Loss: 0.009675 | Train R²: 0.7219 | Val R²: 0.7323
Epoch 22500 | Train Loss: 0.009317 | Val Loss: 0.009399 | Train R²: 0.7297 | Val R²: 0.7399
Epoch 23000 | Train Loss: 0.009062 | Val Loss: 0.009140 | Train R²: 0.7371 | Val R²: 0.7471
Epoch 23500 | Train Loss: 0.008827 | Val Loss: 0.008905 | Train R²: 0.7439 | Val R²: 0.7536
Epoch 24000 | Train Loss: 0.008614 | Val Loss: 0.008698 | Train R²: 0.7501 | Val R²: 0.7593
Epoch 24500 | Train Loss: 0.008422 | Val Loss: 0.008516 | Train R²: 0.7557 | Val R²: 0.7643
Epoch 25000 | Train Loss: 0.008249 | Val Loss: 0.008356 | Train R²: 0.7607 | Val R²: 0.7688
Epoch 25500 | Train Loss: 0.008091 | Val Loss: 0.008216 | Train R²: 0.7653 | Val R²: 0.7727
Epoch 26000 | Train Loss: 0.007947 | Val Loss: 0.008093 | Train R²: 0.7695 | Val R²: 0.7761
Epoch 26500 | Train Loss: 0.007814 | Val Loss: 0.007984 | Train R²: 0.7733 | Val R²: 0.7791
Epoch 27000 | Train Loss: 0.007689 | Val Loss: 0.007888 | Train R²: 0.7769 | Val R²: 0.7817
Epoch 27500 | Train Loss: 0.007570 | Val Loss: 0.007805 | Train R²: 0.7804 | Val R²: 0.7840
Epoch 28000 | Train Loss: 0.007460 | Val Loss: 0.007734 | Train R²: 0.7836 | Val R²: 0.7860
Epoch 28500 | Train Loss: 0.007361 | Val Loss: 0.007667 | Train R²: 0.7865 | Val R²: 0.7879
Epoch 29000 | Train Loss: 0.007274 | Val Loss: 0.007596 | Train R²: 0.7890 | Val R²: 0.7898
Epoch 29500 | Train Loss: 0.007172 | Val Loss: 0.007473 | Train R²: 0.7920 | Val R²: 0.7932
Early stopping at epoch 29756 due to flat/negative trend (slope=0.000002)
Epoch 29756 | Train Loss: 0.007139 | Val Loss: 0.007451 | Train R²: 0.7929 | Val R²: 0.7938
Unpickling models
Following models have been loaded and moved to cuda:
trained gpp model:
 SNN_GPP_Tram(
  (net): Sequential(
    (0): Linear(in_features=3, out_features=12, bias=True)
    (1): Tanh()
    (2): Linear(in_features=12, out_features=1, bias=True)
    (3): Sigmoid()
  )
), trained_reco_model:
 SNN_GPP_Tram(
  (net): Sequential(
    (0): Linear(in_features=3, out_features=12, bias=True)
    (1): Tanh()
    (2): Linear(in_features=12, out_features=1, bias=True)
    (3): Sigmoid()
  )
)
using full data set for visualization
Un-normalizing the GPP and RECO predictions using NEE min: tensor([-17.7365]), NEE max: tensor([5.4944])



Metrics for the Tramontana, with
GPP inputs: ['SW_IN', 'TA', 'VPD']
RECO inputs: ['DOY_sin', 'DOY_cos', 'TA']:
DT_GPP vs Tramontana_GPP R²=0.89 RMSE=1.19
NT_GPP vs Tramontana_GPP R²=0.77 RMSE=1.62
DT_RECO vs Tramontana_RECO R²=-0.89 RMSE=1.32
NT_RECO vs Tramontana_RECO R²=-0.95 RMSE=0.69
DT_GPP vs NT_GPP R²=0.81 RMSE=1.56
DT_RECO vs NT_RECO R²=-0.38 RMSE=1.00

gpp_input_names,  ['SW_IN', 'TA', 'VPD', 'WS'] 
reco_input_names,  ['DOY_sin', 'DOY_cos', 'TA', 'WS'] 
true_nee_name,  ['NEE'] 

Tramontana Running on GPU With hidden layer size of 12 Total epochs: 100000 lr: 0.001 patience: 500 min_delta 0.01
SNN_GPP_Tram(
  (net): Sequential(
    (0): Linear(in_features=4, out_features=12, bias=True)
    (1): Tanh()
    (2): Linear(in_features=12, out_features=1, bias=True)
    (3): Sigmoid()
  )
)
SNN_RECO_Tram(
  (net): Sequential(
    (0): Linear(in_features=4, out_features=12, bias=True)
    (1): Tanh()
    (2): Linear(in_features=12, out_features=1, bias=True)
    (3): Sigmoid()
  )
)
Params are min slope: 2e-06, trend window: 100
Epoch     0 | Train Loss: 39028.566406 | Val Loss: 40714.101562 | Train R²: -1132204.7500 | Val R²: -1126623.1250
Epoch   500 | Train Loss: 389.733215 | Val Loss: 389.856140 | Train R²: -11305.0332 | Val R²: -10786.9424
Epoch  1000 | Train Loss: 97.135178 | Val Loss: 96.106888 | Train R²: -2816.8596 | Val R²: -2658.4312
Epoch  1500 | Train Loss: 41.419640 | Val Loss: 40.702419 | Train R²: -1200.5701 | Val R²: -1125.3011
Epoch  2000 | Train Loss: 21.798843 | Val Loss: 21.308245 | Train R²: -631.3773 | Val R²: -588.6332
Epoch  2500 | Train Loss: 12.816730 | Val Loss: 12.471680 | Train R²: -370.8091 | Val R²: -344.1113
Epoch  3000 | Train Loss: 8.065831 | Val Loss: 7.816998 | Train R²: -232.9871 | Val R²: -215.3088
Epoch  3500 | Train Loss: 5.318776 | Val Loss: 5.135973 | Train R²: -153.2960 | Val R²: -141.1206
Epoch  4000 | Train Loss: 3.635485 | Val Loss: 3.499435 | Train R²: -104.4642 | Val R²: -95.8350
Epoch  4500 | Train Loss: 2.563602 | Val Loss: 2.461453 | Train R²: -73.3693 | Val R²: -67.1124
Epoch  5000 | Train Loss: 1.863689 | Val Loss: 1.786568 | Train R²: -53.0650 | Val R²: -48.4372
Epoch  5500 | Train Loss: 1.399240 | Val Loss: 1.340828 | Train R²: -39.5915 | Val R²: -36.1029
Epoch  6000 | Train Loss: 1.085057 | Val Loss: 1.040683 | Train R²: -30.4772 | Val R²: -27.7974
Epoch  6500 | Train Loss: 0.829432 | Val Loss: 0.796320 | Train R²: -23.0615 | Val R²: -21.0354
Epoch  7000 | Train Loss: 0.664284 | Val Loss: 0.640562 | Train R²: -18.2707 | Val R²: -16.7254
Epoch  7500 | Train Loss: 0.551061 | Val Loss: 0.534301 | Train R²: -14.9861 | Val R²: -13.7850
Epoch  8000 | Train Loss: 0.470667 | Val Loss: 0.458812 | Train R²: -12.6539 | Val R²: -11.6961
Epoch  8500 | Train Loss: 0.403616 | Val Loss: 0.394706 | Train R²: -10.7088 | Val R²: -9.9222
Epoch  9000 | Train Loss: 0.278418 | Val Loss: 0.266023 | Train R²: -7.0768 | Val R²: -6.3613
Epoch  9500 | Train Loss: 0.194190 | Val Loss: 0.182283 | Train R²: -4.6334 | Val R²: -4.0441
Epoch 10000 | Train Loss: 0.143920 | Val Loss: 0.134924 | Train R²: -3.1751 | Val R²: -2.7336
Epoch 10500 | Train Loss: 0.108053 | Val Loss: 0.101367 | Train R²: -2.1346 | Val R²: -1.8050
Epoch 11000 | Train Loss: 0.081639 | Val Loss: 0.076756 | Train R²: -1.3683 | Val R²: -1.1240
Epoch 11500 | Train Loss: 0.062239 | Val Loss: 0.058752 | Train R²: -0.8055 | Val R²: -0.6258
Epoch 12000 | Train Loss: 0.048115 | Val Loss: 0.045696 | Train R²: -0.3958 | Val R²: -0.2645
Epoch 12500 | Train Loss: 0.037882 | Val Loss: 0.036273 | Train R²: -0.0989 | Val R²: -0.0037
Epoch 13000 | Train Loss: 0.030502 | Val Loss: 0.029508 | Train R²: 0.1152 | Val R²: 0.1835
Epoch 13500 | Train Loss: 0.025223 | Val Loss: 0.024698 | Train R²: 0.2683 | Val R²: 0.3166
Epoch 14000 | Train Loss: 0.021504 | Val Loss: 0.021336 | Train R²: 0.3762 | Val R²: 0.4096
Epoch 14500 | Train Loss: 0.018947 | Val Loss: 0.019049 | Train R²: 0.4504 | Val R²: 0.4729
Epoch 15000 | Train Loss: 0.017245 | Val Loss: 0.017547 | Train R²: 0.4997 | Val R²: 0.5145
Epoch 15500 | Train Loss: 0.016150 | Val Loss: 0.016595 | Train R²: 0.5315 | Val R²: 0.5408
Epoch 16000 | Train Loss: 0.015458 | Val Loss: 0.016001 | Train R²: 0.5516 | Val R²: 0.5572
Epoch 16500 | Train Loss: 0.015005 | Val Loss: 0.015610 | Train R²: 0.5647 | Val R²: 0.5681
Epoch 17000 | Train Loss: 0.014666 | Val Loss: 0.015303 | Train R²: 0.5745 | Val R²: 0.5765
Epoch 17500 | Train Loss: 0.014358 | Val Loss: 0.015001 | Train R²: 0.5835 | Val R²: 0.5849
Epoch 18000 | Train Loss: 0.014029 | Val Loss: 0.014657 | Train R²: 0.5930 | Val R²: 0.5944
Epoch 18500 | Train Loss: 0.013650 | Val Loss: 0.014248 | Train R²: 0.6040 | Val R²: 0.6057
Epoch 19000 | Train Loss: 0.013207 | Val Loss: 0.013765 | Train R²: 0.6169 | Val R²: 0.6191
Epoch 19500 | Train Loss: 0.012694 | Val Loss: 0.013205 | Train R²: 0.6318 | Val R²: 0.6346
Epoch 20000 | Train Loss: 0.012113 | Val Loss: 0.012575 | Train R²: 0.6486 | Val R²: 0.6520
Epoch 20500 | Train Loss: 0.011479 | Val Loss: 0.011888 | Train R²: 0.6670 | Val R²: 0.6710
Epoch 21000 | Train Loss: 0.010826 | Val Loss: 0.011178 | Train R²: 0.6860 | Val R²: 0.6907
Epoch 21500 | Train Loss: 0.010182 | Val Loss: 0.010480 | Train R²: 0.7046 | Val R²: 0.7100
Epoch 22000 | Train Loss: 0.009567 | Val Loss: 0.009813 | Train R²: 0.7225 | Val R²: 0.7285
Epoch 22500 | Train Loss: 0.008999 | Val Loss: 0.009200 | Train R²: 0.7389 | Val R²: 0.7454
Epoch 23000 | Train Loss: 0.008501 | Val Loss: 0.008669 | Train R²: 0.7534 | Val R²: 0.7601
Epoch 23500 | Train Loss: 0.008095 | Val Loss: 0.008239 | Train R²: 0.7652 | Val R²: 0.7720
Epoch 24000 | Train Loss: 0.007793 | Val Loss: 0.007924 | Train R²: 0.7739 | Val R²: 0.7807
Epoch 24500 | Train Loss: 0.007579 | Val Loss: 0.007716 | Train R²: 0.7801 | Val R²: 0.7865
Epoch 25000 | Train Loss: 0.007410 | Val Loss: 0.007568 | Train R²: 0.7850 | Val R²: 0.7906
Epoch 25500 | Train Loss: 0.007255 | Val Loss: 0.007443 | Train R²: 0.7895 | Val R²: 0.7940
Epoch 26000 | Train Loss: 0.007103 | Val Loss: 0.007323 | Train R²: 0.7939 | Val R²: 0.7974
Epoch 26500 | Train Loss: 0.006953 | Val Loss: 0.007207 | Train R²: 0.7983 | Val R²: 0.8006
Epoch 27000 | Train Loss: 0.006808 | Val Loss: 0.007102 | Train R²: 0.8025 | Val R²: 0.8035
Epoch 27500 | Train Loss: 0.006681 | Val Loss: 0.007022 | Train R²: 0.8062 | Val R²: 0.8057
Epoch 28000 | Train Loss: 0.006571 | Val Loss: 0.006949 | Train R²: 0.8094 | Val R²: 0.8077
Epoch 28500 | Train Loss: 0.006465 | Val Loss: 0.006822 | Train R²: 0.8124 | Val R²: 0.8112
Early stopping at epoch 28700 due to flat/negative trend (slope=0.000002)
Epoch 28700 | Train Loss: 0.006443 | Val Loss: 0.006806 | Train R²: 0.8131 | Val R²: 0.8117
Unpickling models
Following models have been loaded and moved to cuda:
trained gpp model:
 SNN_GPP_Tram(
  (net): Sequential(
    (0): Linear(in_features=4, out_features=12, bias=True)
    (1): Tanh()
    (2): Linear(in_features=12, out_features=1, bias=True)
    (3): Sigmoid()
  )
), trained_reco_model:
 SNN_GPP_Tram(
  (net): Sequential(
    (0): Linear(in_features=4, out_features=12, bias=True)
    (1): Tanh()
    (2): Linear(in_features=12, out_features=1, bias=True)
    (3): Sigmoid()
  )
)
using full data set for visualization
Un-normalizing the GPP and RECO predictions using NEE min: tensor([-17.7365]), NEE max: tensor([5.4944])



Metrics for the Tramontana, with
GPP inputs: ['SW_IN', 'TA', 'VPD', 'WS']
RECO inputs: ['DOY_sin', 'DOY_cos', 'TA', 'WS']:
DT_GPP vs Tramontana_GPP R²=0.89 RMSE=1.16
NT_GPP vs Tramontana_GPP R²=0.79 RMSE=1.58
DT_RECO vs Tramontana_RECO R²=-0.68 RMSE=1.25
NT_RECO vs Tramontana_RECO R²=-1.04 RMSE=0.70
DT_GPP vs NT_GPP R²=0.81 RMSE=1.56
DT_RECO vs NT_RECO R²=-0.38 RMSE=1.00

gpp_input_names,  ['SW_IN', 'TA', 'VPD', 'WS', 'WD_COS', 'WD_SIN'] 
reco_input_names,  ['DOY_sin', 'DOY_cos', 'TA', 'WS', 'WD_COS', 'WD_SIN'] 
true_nee_name,  ['NEE'] 

Tramontana Running on GPU With hidden layer size of 12 Total epochs: 100000 lr: 0.001 patience: 500 min_delta 0.01
SNN_GPP_Tram(
  (net): Sequential(
    (0): Linear(in_features=6, out_features=12, bias=True)
    (1): Tanh()
    (2): Linear(in_features=12, out_features=1, bias=True)
    (3): Sigmoid()
  )
)
SNN_RECO_Tram(
  (net): Sequential(
    (0): Linear(in_features=6, out_features=12, bias=True)
    (1): Tanh()
    (2): Linear(in_features=12, out_features=1, bias=True)
    (3): Sigmoid()
  )
)
Params are min slope: 2e-06, trend window: 100
Epoch     0 | Train Loss: 32956.078125 | Val Loss: 33844.722656 | Train R²: -956044.0625 | Val R²: -936536.5625
Epoch   500 | Train Loss: 355.783936 | Val Loss: 347.221405 | Train R²: -10320.1729 | Val R²: -9607.1719
Epoch  1000 | Train Loss: 95.493111 | Val Loss: 91.983582 | Train R²: -2769.2239 | Val R²: -2544.3328
Epoch  1500 | Train Loss: 42.304832 | Val Loss: 40.335846 | Train R²: -1226.2493 | Val R²: -1115.1573
Epoch  2000 | Train Loss: 22.861813 | Val Loss: 21.593512 | Train R²: -662.2136 | Val R²: -596.5270
Epoch  2500 | Train Loss: 13.721562 | Val Loss: 12.841990 | Train R²: -397.0580 | Val R²: -354.3584
Epoch  3000 | Train Loss: 8.775963 | Val Loss: 8.137899 | Train R²: -253.5878 | Val R²: -224.1887
Epoch  3500 | Train Loss: 5.853151 | Val Loss: 5.376390 | Train R²: -168.7980 | Val R²: -147.7733
Epoch  4000 | Train Loss: 4.023669 | Val Loss: 3.660687 | Train R²: -115.7253 | Val R²: -100.2971
Epoch  4500 | Train Loss: 2.834028 | Val Loss: 2.554427 | Train R²: -81.2142 | Val R²: -69.6851
Epoch  5000 | Train Loss: 2.040712 | Val Loss: 1.823309 | Train R²: -58.2004 | Val R²: -49.4539
Epoch  5500 | Train Loss: 1.502759 | Val Loss: 1.332333 | Train R²: -42.5945 | Val R²: -35.8678
Epoch  6000 | Train Loss: 1.133755 | Val Loss: 0.999227 | Train R²: -31.8899 | Val R²: -26.6502
Epoch  6500 | Train Loss: 0.878357 | Val Loss: 0.771473 | Train R²: -24.4808 | Val R²: -20.3479
Epoch  7000 | Train Loss: 0.699753 | Val Loss: 0.614307 | Train R²: -19.2996 | Val R²: -15.9989
Epoch  7500 | Train Loss: 0.572372 | Val Loss: 0.503707 | Train R²: -15.6043 | Val R²: -12.9384
Epoch  8000 | Train Loss: 0.476701 | Val Loss: 0.421354 | Train R²: -12.8289 | Val R²: -10.6595
Epoch  8500 | Train Loss: 0.393394 | Val Loss: 0.348499 | Train R²: -10.4122 | Val R²: -8.6435
Epoch  9000 | Train Loss: 0.299820 | Val Loss: 0.259984 | Train R²: -7.6977 | Val R²: -6.1942
Epoch  9500 | Train Loss: 0.222334 | Val Loss: 0.189572 | Train R²: -5.4498 | Val R²: -4.2457
Epoch 10000 | Train Loss: 0.165357 | Val Loss: 0.140538 | Train R²: -3.7969 | Val R²: -2.8889
Epoch 10500 | Train Loss: 0.123805 | Val Loss: 0.105086 | Train R²: -2.5915 | Val R²: -1.9079
Epoch 11000 | Train Loss: 0.093349 | Val Loss: 0.079238 | Train R²: -1.7080 | Val R²: -1.1927
Epoch 11500 | Train Loss: 0.070950 | Val Loss: 0.060327 | Train R²: -1.0582 | Val R²: -0.6693
Epoch 12000 | Train Loss: 0.054446 | Val Loss: 0.046465 | Train R²: -0.5795 | Val R²: -0.2858
Epoch 12500 | Train Loss: 0.042295 | Val Loss: 0.036316 | Train R²: -0.2270 | Val R²: -0.0049
Epoch 13000 | Train Loss: 0.033380 | Val Loss: 0.028933 | Train R²: 0.0316 | Val R²: 0.1994
Epoch 13500 | Train Loss: 0.026915 | Val Loss: 0.023659 | Train R²: 0.2192 | Val R²: 0.3453
Epoch 14000 | Train Loss: 0.022319 | Val Loss: 0.019996 | Train R²: 0.3525 | Val R²: 0.4467
Epoch 14500 | Train Loss: 0.019102 | Val Loss: 0.017493 | Train R²: 0.4459 | Val R²: 0.5160
Epoch 15000 | Train Loss: 0.016878 | Val Loss: 0.015809 | Train R²: 0.5104 | Val R²: 0.5625
Epoch 15500 | Train Loss: 0.015351 | Val Loss: 0.014688 | Train R²: 0.5547 | Val R²: 0.5936
Epoch 16000 | Train Loss: 0.014285 | Val Loss: 0.013927 | Train R²: 0.5856 | Val R²: 0.6146
Epoch 16500 | Train Loss: 0.013498 | Val Loss: 0.013370 | Train R²: 0.6084 | Val R²: 0.6300
Epoch 17000 | Train Loss: 0.012861 | Val Loss: 0.012905 | Train R²: 0.6269 | Val R²: 0.6429
Epoch 17500 | Train Loss: 0.012290 | Val Loss: 0.012463 | Train R²: 0.6435 | Val R²: 0.6551
Epoch 18000 | Train Loss: 0.011742 | Val Loss: 0.012011 | Train R²: 0.6594 | Val R²: 0.6676
Epoch 18500 | Train Loss: 0.011205 | Val Loss: 0.011548 | Train R²: 0.6750 | Val R²: 0.6804
Epoch 19000 | Train Loss: 0.010677 | Val Loss: 0.011079 | Train R²: 0.6903 | Val R²: 0.6934
Epoch 19500 | Train Loss: 0.010153 | Val Loss: 0.010600 | Train R²: 0.7055 | Val R²: 0.7067
Epoch 20000 | Train Loss: 0.009629 | Val Loss: 0.010103 | Train R²: 0.7207 | Val R²: 0.7204
Epoch 20500 | Train Loss: 0.009106 | Val Loss: 0.009590 | Train R²: 0.7358 | Val R²: 0.7346
Epoch 21000 | Train Loss: 0.008600 | Val Loss: 0.009075 | Train R²: 0.7505 | Val R²: 0.7489
Epoch 21500 | Train Loss: 0.008126 | Val Loss: 0.008572 | Train R²: 0.7643 | Val R²: 0.7628
Epoch 22000 | Train Loss: 0.007701 | Val Loss: 0.008111 | Train R²: 0.7766 | Val R²: 0.7756
Epoch 22500 | Train Loss: 0.007343 | Val Loss: 0.007722 | Train R²: 0.7870 | Val R²: 0.7863
Epoch 23000 | Train Loss: 0.007052 | Val Loss: 0.007399 | Train R²: 0.7954 | Val R²: 0.7953
Epoch 23500 | Train Loss: 0.006830 | Val Loss: 0.007137 | Train R²: 0.8019 | Val R²: 0.8025
Epoch 24000 | Train Loss: 0.006669 | Val Loss: 0.006953 | Train R²: 0.8065 | Val R²: 0.8076
Epoch 24500 | Train Loss: 0.006551 | Val Loss: 0.006823 | Train R²: 0.8099 | Val R²: 0.8112
Epoch 25000 | Train Loss: 0.006465 | Val Loss: 0.006736 | Train R²: 0.8125 | Val R²: 0.8136
Epoch 25500 | Train Loss: 0.006387 | Val Loss: 0.006667 | Train R²: 0.8147 | Val R²: 0.8155
Epoch 26000 | Train Loss: 0.006305 | Val Loss: 0.006597 | Train R²: 0.8171 | Val R²: 0.8175
Epoch 26500 | Train Loss: 0.006208 | Val Loss: 0.006511 | Train R²: 0.8199 | Val R²: 0.8198
Epoch 27000 | Train Loss: 0.006122 | Val Loss: 0.006440 | Train R²: 0.8224 | Val R²: 0.8218
Epoch 27500 | Train Loss: 0.006039 | Val Loss: 0.006377 | Train R²: 0.8248 | Val R²: 0.8236
Epoch 28000 | Train Loss: 0.005958 | Val Loss: 0.006316 | Train R²: 0.8272 | Val R²: 0.8252
Epoch 28500 | Train Loss: 0.005875 | Val Loss: 0.006255 | Train R²: 0.8296 | Val R²: 0.8269
Epoch 29000 | Train Loss: 0.005794 | Val Loss: 0.006193 | Train R²: 0.8319 | Val R²: 0.8286
Epoch 29500 | Train Loss: 0.005722 | Val Loss: 0.006134 | Train R²: 0.8340 | Val R²: 0.8303
Epoch 30000 | Train Loss: 0.005658 | Val Loss: 0.006076 | Train R²: 0.8359 | Val R²: 0.8319
Epoch 30500 | Train Loss: 0.005600 | Val Loss: 0.006017 | Train R²: 0.8375 | Val R²: 0.8335
Epoch 31000 | Train Loss: 0.005559 | Val Loss: 0.005971 | Train R²: 0.8387 | Val R²: 0.8348
Epoch 31500 | Train Loss: 0.005526 | Val Loss: 0.005931 | Train R²: 0.8397 | Val R²: 0.8359
Early stopping at epoch 31607 due to flat/negative trend (slope=0.000002)
Epoch 31607 | Train Loss: 0.005520 | Val Loss: 0.005924 | Train R²: 0.8399 | Val R²: 0.8361
Unpickling models
Following models have been loaded and moved to cuda:
trained gpp model:
 SNN_GPP_Tram(
  (net): Sequential(
    (0): Linear(in_features=6, out_features=12, bias=True)
    (1): Tanh()
    (2): Linear(in_features=12, out_features=1, bias=True)
    (3): Sigmoid()
  )
), trained_reco_model:
 SNN_GPP_Tram(
  (net): Sequential(
    (0): Linear(in_features=6, out_features=12, bias=True)
    (1): Tanh()
    (2): Linear(in_features=12, out_features=1, bias=True)
    (3): Sigmoid()
  )
)
using full data set for visualization
Un-normalizing the GPP and RECO predictions using NEE min: tensor([-17.7365]), NEE max: tensor([5.4944])



Metrics for the Tramontana, with
GPP inputs: ['SW_IN', 'TA', 'VPD', 'WS', 'WD_COS', 'WD_SIN']
RECO inputs: ['DOY_sin', 'DOY_cos', 'TA', 'WS', 'WD_COS', 'WD_SIN']:
DT_GPP vs Tramontana_GPP R²=0.90 RMSE=1.10
NT_GPP vs Tramontana_GPP R²=0.75 RMSE=1.70
DT_RECO vs Tramontana_RECO R²=-0.70 RMSE=1.25
NT_RECO vs Tramontana_RECO R²=-3.78 RMSE=1.07
DT_GPP vs NT_GPP R²=0.81 RMSE=1.56
DT_RECO vs NT_RECO R²=-0.38 RMSE=1.00

gpp_input_names,  ['SW_IN', 'TA', 'VPD', 'WS', 'WD_COS', 'WD_SIN', 'WTD'] 
reco_input_names,  ['DOY_sin', 'DOY_cos', 'TA', 'WS', 'WD_COS', 'WD_SIN', 'WTD'] 
true_nee_name,  ['NEE'] 

Tramontana Running on GPU With hidden layer size of 12 Total epochs: 100000 lr: 0.001 patience: 500 min_delta 0.01
SNN_GPP_Tram(
  (net): Sequential(
    (0): Linear(in_features=7, out_features=12, bias=True)
    (1): Tanh()
    (2): Linear(in_features=12, out_features=1, bias=True)
    (3): Sigmoid()
  )
)
SNN_RECO_Tram(
  (net): Sequential(
    (0): Linear(in_features=7, out_features=12, bias=True)
    (1): Tanh()
    (2): Linear(in_features=12, out_features=1, bias=True)
    (3): Sigmoid()
  )
)
Params are min slope: 2e-06, trend window: 100
Epoch     0 | Train Loss: 74031.281250 | Val Loss: 77522.984375 | Train R²: -2147621.7500 | Val R²: -2145183.7500
Epoch   500 | Train Loss: 853.507996 | Val Loss: 840.785400 | Train R²: -24758.9863 | Val R²: -23264.8770
Epoch  1000 | Train Loss: 213.567932 | Val Loss: 206.872391 | Train R²: -6194.5352 | Val R²: -5723.4893
Epoch  1500 | Train Loss: 90.129150 | Val Loss: 86.427986 | Train R²: -2613.6167 | Val R²: -2390.6011
Epoch  2000 | Train Loss: 47.077644 | Val Loss: 44.798008 | Train R²: -1364.7069 | Val R²: -1238.6324
Epoch  2500 | Train Loss: 27.540558 | Val Loss: 26.032803 | Train R²: -797.9424 | Val R²: -719.3693
Epoch  3000 | Train Loss: 17.246937 | Val Loss: 16.201338 | Train R²: -499.3280 | Val R²: -447.3169
Epoch  3500 | Train Loss: 11.289812 | Val Loss: 10.540852 | Train R²: -326.5138 | Val R²: -290.6822
Epoch  4000 | Train Loss: 7.618962 | Val Loss: 7.070097 | Train R²: -220.0236 | Val R²: -194.6409
Epoch  4500 | Train Loss: 5.257174 | Val Loss: 4.848226 | Train R²: -151.5089 | Val R²: -133.1581
Epoch  5000 | Train Loss: 3.691321 | Val Loss: 3.382801 | Train R²: -106.0840 | Val R²: -92.6075
Epoch  5500 | Train Loss: 2.631239 | Val Loss: 2.396154 | Train R²: -75.3314 | Val R²: -65.3054
Epoch  6000 | Train Loss: 1.903227 | Val Loss: 1.722545 | Train R²: -54.2120 | Val R²: -46.6656
Epoch  6500 | Train Loss: 1.398490 | Val Loss: 1.258477 | Train R²: -39.5697 | Val R²: -33.8241
Epoch  7000 | Train Loss: 1.046269 | Val Loss: 0.936881 | Train R²: -29.3519 | Val R²: -24.9250
Epoch  7500 | Train Loss: 0.799148 | Val Loss: 0.712946 | Train R²: -22.1830 | Val R²: -18.7284
Epoch  8000 | Train Loss: 0.624614 | Val Loss: 0.556176 | Train R²: -17.1199 | Val R²: -14.3903
Epoch  8500 | Train Loss: 0.499450 | Val Loss: 0.445302 | Train R²: -13.4889 | Val R²: -11.3222
Epoch  9000 | Train Loss: 0.405021 | Val Loss: 0.362435 | Train R²: -10.7495 | Val R²: -9.0292
Epoch  9500 | Train Loss: 0.323346 | Val Loss: 0.288371 | Train R²: -8.3802 | Val R²: -6.9797
Epoch 10000 | Train Loss: 0.249339 | Val Loss: 0.220424 | Train R²: -6.2332 | Val R²: -5.0995
Epoch 10500 | Train Loss: 0.192495 | Val Loss: 0.170625 | Train R²: -4.5842 | Val R²: -3.7215
Epoch 11000 | Train Loss: 0.148697 | Val Loss: 0.132312 | Train R²: -3.3137 | Val R²: -2.6613
Epoch 11500 | Train Loss: 0.114339 | Val Loss: 0.101937 | Train R²: -2.3169 | Val R²: -1.8208
Epoch 12000 | Train Loss: 0.087482 | Val Loss: 0.077976 | Train R²: -1.5378 | Val R²: -1.1577
Epoch 12500 | Train Loss: 0.066832 | Val Loss: 0.059573 | Train R²: -0.9388 | Val R²: -0.6485
Epoch 13000 | Train Loss: 0.051354 | Val Loss: 0.045903 | Train R²: -0.4897 | Val R²: -0.2702
Epoch 13500 | Train Loss: 0.039952 | Val Loss: 0.035889 | Train R²: -0.1590 | Val R²: 0.0069
Epoch 14000 | Train Loss: 0.031541 | Val Loss: 0.028521 | Train R²: 0.0850 | Val R²: 0.2108
Epoch 14500 | Train Loss: 0.025321 | Val Loss: 0.023093 | Train R²: 0.2654 | Val R²: 0.3610
Epoch 15000 | Train Loss: 0.020752 | Val Loss: 0.019133 | Train R²: 0.3980 | Val R²: 0.4706
Epoch 15500 | Train Loss: 0.017451 | Val Loss: 0.016310 | Train R²: 0.4937 | Val R²: 0.5487
Epoch 16000 | Train Loss: 0.015123 | Val Loss: 0.014357 | Train R²: 0.5613 | Val R²: 0.6027
Epoch 16500 | Train Loss: 0.013519 | Val Loss: 0.013046 | Train R²: 0.6078 | Val R²: 0.6390
Epoch 17000 | Train Loss: 0.012426 | Val Loss: 0.012179 | Train R²: 0.6395 | Val R²: 0.6630
Epoch 17500 | Train Loss: 0.011663 | Val Loss: 0.011588 | Train R²: 0.6617 | Val R²: 0.6794
Epoch 18000 | Train Loss: 0.011090 | Val Loss: 0.011141 | Train R²: 0.6783 | Val R²: 0.6917
Epoch 18500 | Train Loss: 0.010609 | Val Loss: 0.010749 | Train R²: 0.6922 | Val R²: 0.7025
Epoch 19000 | Train Loss: 0.010162 | Val Loss: 0.010359 | Train R²: 0.7052 | Val R²: 0.7133
Epoch 19500 | Train Loss: 0.009721 | Val Loss: 0.009951 | Train R²: 0.7180 | Val R²: 0.7246
Epoch 20000 | Train Loss: 0.009275 | Val Loss: 0.009523 | Train R²: 0.7309 | Val R²: 0.7365
Epoch 20500 | Train Loss: 0.008823 | Val Loss: 0.009079 | Train R²: 0.7441 | Val R²: 0.7488
Epoch 21000 | Train Loss: 0.008368 | Val Loss: 0.008624 | Train R²: 0.7573 | Val R²: 0.7614
Epoch 21500 | Train Loss: 0.007921 | Val Loss: 0.008173 | Train R²: 0.7702 | Val R²: 0.7738
Epoch 22000 | Train Loss: 0.007490 | Val Loss: 0.007729 | Train R²: 0.7827 | Val R²: 0.7861
Epoch 22500 | Train Loss: 0.007079 | Val Loss: 0.007306 | Train R²: 0.7946 | Val R²: 0.7978
Epoch 23000 | Train Loss: 0.006704 | Val Loss: 0.006912 | Train R²: 0.8055 | Val R²: 0.8087
Epoch 23500 | Train Loss: 0.006389 | Val Loss: 0.006559 | Train R²: 0.8147 | Val R²: 0.8185
Epoch 24000 | Train Loss: 0.006147 | Val Loss: 0.006295 | Train R²: 0.8217 | Val R²: 0.8258
Epoch 24500 | Train Loss: 0.005967 | Val Loss: 0.006120 | Train R²: 0.8269 | Val R²: 0.8307
Epoch 25000 | Train Loss: 0.005830 | Val Loss: 0.006017 | Train R²: 0.8309 | Val R²: 0.8335
Epoch 25500 | Train Loss: 0.005739 | Val Loss: 0.005935 | Train R²: 0.8335 | Val R²: 0.8358
Epoch 26000 | Train Loss: 0.005657 | Val Loss: 0.005850 | Train R²: 0.8359 | Val R²: 0.8381
Epoch 26500 | Train Loss: 0.005577 | Val Loss: 0.005783 | Train R²: 0.8382 | Val R²: 0.8400
Epoch 27000 | Train Loss: 0.005494 | Val Loss: 0.005726 | Train R²: 0.8406 | Val R²: 0.8416
Epoch 27500 | Train Loss: 0.005412 | Val Loss: 0.005675 | Train R²: 0.8430 | Val R²: 0.8430
Epoch 28000 | Train Loss: 0.005335 | Val Loss: 0.005629 | Train R²: 0.8452 | Val R²: 0.8442
Epoch 28500 | Train Loss: 0.005266 | Val Loss: 0.005587 | Train R²: 0.8472 | Val R²: 0.8454
Early stopping at epoch 28705 due to flat/negative trend (slope=0.000002)
Epoch 28705 | Train Loss: 0.005240 | Val Loss: 0.005572 | Train R²: 0.8480 | Val R²: 0.8458
Unpickling models
Following models have been loaded and moved to cuda:
trained gpp model:
 SNN_GPP_Tram(
  (net): Sequential(
    (0): Linear(in_features=7, out_features=12, bias=True)
    (1): Tanh()
    (2): Linear(in_features=12, out_features=1, bias=True)
    (3): Sigmoid()
  )
), trained_reco_model:
 SNN_GPP_Tram(
  (net): Sequential(
    (0): Linear(in_features=7, out_features=12, bias=True)
    (1): Tanh()
    (2): Linear(in_features=12, out_features=1, bias=True)
    (3): Sigmoid()
  )
)
using full data set for visualization
Un-normalizing the GPP and RECO predictions using NEE min: tensor([-17.7365]), NEE max: tensor([5.4944])



Metrics for the Tramontana, with
GPP inputs: ['SW_IN', 'TA', 'VPD', 'WS', 'WD_COS', 'WD_SIN', 'WTD']
RECO inputs: ['DOY_sin', 'DOY_cos', 'TA', 'WS', 'WD_COS', 'WD_SIN', 'WTD']:
DT_GPP vs Tramontana_GPP R²=0.91 RMSE=1.08
NT_GPP vs Tramontana_GPP R²=0.76 RMSE=1.65
DT_RECO vs Tramontana_RECO R²=-0.72 RMSE=1.26
NT_RECO vs Tramontana_RECO R²=-3.45 RMSE=1.04
DT_GPP vs NT_GPP R²=0.81 RMSE=1.56
DT_RECO vs NT_RECO R²=-0.38 RMSE=1.00

gpp_input_names,  ['SW_IN', 'TA', 'VPD', 'WS', 'WD_COS', 'WD_SIN', 'WTD', 'Salinity'] 
reco_input_names,  ['DOY_sin', 'DOY_cos', 'TA', 'WS', 'WD_COS', 'WD_SIN', 'WTD', 'Salinity'] 
true_nee_name,  ['NEE'] 

Tramontana Running on GPU With hidden layer size of 12 Total epochs: 100000 lr: 0.001 patience: 500 min_delta 0.01
SNN_GPP_Tram(
  (net): Sequential(
    (0): Linear(in_features=8, out_features=12, bias=True)
    (1): Tanh()
    (2): Linear(in_features=12, out_features=1, bias=True)
    (3): Sigmoid()
  )
)
SNN_RECO_Tram(
  (net): Sequential(
    (0): Linear(in_features=8, out_features=12, bias=True)
    (1): Tanh()
    (2): Linear(in_features=12, out_features=1, bias=True)
    (3): Sigmoid()
  )
)
Params are min slope: 2e-06, trend window: 100
Epoch     0 | Train Loss: 45887.074219 | Val Loss: 47842.921875 | Train R²: -1331167.7500 | Val R²: -1323889.0000
Epoch   500 | Train Loss: 393.029633 | Val Loss: 398.291412 | Train R²: -11400.6582 | Val R²: -11020.3594
Epoch  1000 | Train Loss: 116.415649 | Val Loss: 115.813171 | Train R²: -3376.1794 | Val R²: -3203.7354
Epoch  1500 | Train Loss: 54.498013 | Val Loss: 53.509541 | Train R²: -1579.9692 | Val R²: -1479.6945
Epoch  2000 | Train Loss: 30.528158 | Val Loss: 29.664576 | Train R²: -884.6118 | Val R²: -819.8662
Epoch  2500 | Train Loss: 18.801279 | Val Loss: 18.108679 | Train R²: -544.4189 | Val R²: -500.0961
Epoch  3000 | Train Loss: 12.270362 | Val Loss: 11.725743 | Train R²: -354.9591 | Val R²: -323.4701
Epoch  3500 | Train Loss: 8.327997 | Val Loss: 7.901359 | Train R²: -240.5924 | Val R²: -217.6432
Epoch  4000 | Train Loss: 5.818219 | Val Loss: 5.483715 | Train R²: -167.7846 | Val R²: -150.7432
Epoch  4500 | Train Loss: 4.161341 | Val Loss: 3.898484 | Train R²: -119.7191 | Val R²: -106.8773
Epoch  5000 | Train Loss: 3.036432 | Val Loss: 2.829099 | Train R²: -87.0859 | Val R²: -77.2857
Epoch  5500 | Train Loss: 2.199555 | Val Loss: 2.030810 | Train R²: -62.8084 | Val R²: -55.1958
Epoch  6000 | Train Loss: 1.629661 | Val Loss: 1.495645 | Train R²: -46.2759 | Val R²: -40.3869
Epoch  6500 | Train Loss: 1.231144 | Val Loss: 1.123909 | Train R²: -34.7151 | Val R²: -30.1004
Epoch  7000 | Train Loss: 0.943476 | Val Loss: 0.855308 | Train R²: -26.3699 | Val R²: -22.6677
Epoch  7500 | Train Loss: 0.738959 | Val Loss: 0.666392 | Train R²: -20.4370 | Val R²: -17.4401
Epoch  8000 | Train Loss: 0.586814 | Val Loss: 0.527248 | Train R²: -16.0233 | Val R²: -13.5898
Epoch  8500 | Train Loss: 0.463104 | Val Loss: 0.414950 | Train R²: -12.4345 | Val R²: -10.4823
Epoch  9000 | Train Loss: 0.350428 | Val Loss: 0.308895 | Train R²: -9.1658 | Val R²: -7.5476
Epoch  9500 | Train Loss: 0.263683 | Val Loss: 0.230445 | Train R²: -6.6493 | Val R²: -5.3768
Epoch 10000 | Train Loss: 0.199689 | Val Loss: 0.174516 | Train R²: -4.7929 | Val R²: -3.8291
Epoch 10500 | Train Loss: 0.152180 | Val Loss: 0.133416 | Train R²: -3.4147 | Val R²: -2.6918
Epoch 11000 | Train Loss: 0.115936 | Val Loss: 0.101958 | Train R²: -2.3633 | Val R²: -1.8213
Epoch 11500 | Train Loss: 0.088392 | Val Loss: 0.077976 | Train R²: -1.5642 | Val R²: -1.1577
Epoch 12000 | Train Loss: 0.067451 | Val Loss: 0.059640 | Train R²: -0.9567 | Val R²: -0.6503
Epoch 12500 | Train Loss: 0.051559 | Val Loss: 0.045617 | Train R²: -0.4957 | Val R²: -0.2623
Epoch 13000 | Train Loss: 0.039721 | Val Loss: 0.035183 | Train R²: -0.1523 | Val R²: 0.0264
Epoch 13500 | Train Loss: 0.031002 | Val Loss: 0.027553 | Train R²: 0.1006 | Val R²: 0.2376
Epoch 14000 | Train Loss: 0.024567 | Val Loss: 0.021923 | Train R²: 0.2873 | Val R²: 0.3933
Epoch 14500 | Train Loss: 0.019863 | Val Loss: 0.017835 | Train R²: 0.4238 | Val R²: 0.5065
Epoch 15000 | Train Loss: 0.016486 | Val Loss: 0.014945 | Train R²: 0.5218 | Val R²: 0.5864
Epoch 15500 | Train Loss: 0.014103 | Val Loss: 0.012948 | Train R²: 0.5909 | Val R²: 0.6417
Epoch 16000 | Train Loss: 0.012447 | Val Loss: 0.011590 | Train R²: 0.6389 | Val R²: 0.6793
Epoch 16500 | Train Loss: 0.011306 | Val Loss: 0.010675 | Train R²: 0.6720 | Val R²: 0.7046
Epoch 17000 | Train Loss: 0.010480 | Val Loss: 0.010017 | Train R²: 0.6960 | Val R²: 0.7228
Epoch 17500 | Train Loss: 0.009857 | Val Loss: 0.009516 | Train R²: 0.7140 | Val R²: 0.7367
Epoch 18000 | Train Loss: 0.009384 | Val Loss: 0.009142 | Train R²: 0.7278 | Val R²: 0.7470
Epoch 18500 | Train Loss: 0.008977 | Val Loss: 0.008807 | Train R²: 0.7396 | Val R²: 0.7563
Epoch 19000 | Train Loss: 0.008593 | Val Loss: 0.008478 | Train R²: 0.7507 | Val R²: 0.7654
Epoch 19500 | Train Loss: 0.008225 | Val Loss: 0.008153 | Train R²: 0.7614 | Val R²: 0.7744
Epoch 20000 | Train Loss: 0.007885 | Val Loss: 0.007848 | Train R²: 0.7713 | Val R²: 0.7828
Epoch 20500 | Train Loss: 0.007581 | Val Loss: 0.007571 | Train R²: 0.7801 | Val R²: 0.7905
Epoch 21000 | Train Loss: 0.007313 | Val Loss: 0.007323 | Train R²: 0.7878 | Val R²: 0.7974
Epoch 21500 | Train Loss: 0.007080 | Val Loss: 0.007105 | Train R²: 0.7946 | Val R²: 0.8034
Epoch 22000 | Train Loss: 0.006876 | Val Loss: 0.006912 | Train R²: 0.8005 | Val R²: 0.8087
Epoch 22500 | Train Loss: 0.006701 | Val Loss: 0.006749 | Train R²: 0.8056 | Val R²: 0.8133
Epoch 23000 | Train Loss: 0.006556 | Val Loss: 0.006619 | Train R²: 0.8098 | Val R²: 0.8168
Epoch 23500 | Train Loss: 0.006421 | Val Loss: 0.006498 | Train R²: 0.8137 | Val R²: 0.8202
Epoch 24000 | Train Loss: 0.006293 | Val Loss: 0.006385 | Train R²: 0.8174 | Val R²: 0.8233
Epoch 24500 | Train Loss: 0.006175 | Val Loss: 0.006293 | Train R²: 0.8209 | Val R²: 0.8259
Epoch 25000 | Train Loss: 0.006060 | Val Loss: 0.006213 | Train R²: 0.8242 | Val R²: 0.8281
Epoch 25500 | Train Loss: 0.005944 | Val Loss: 0.006126 | Train R²: 0.8276 | Val R²: 0.8305
Epoch 26000 | Train Loss: 0.005823 | Val Loss: 0.006026 | Train R²: 0.8311 | Val R²: 0.8332
Epoch 26500 | Train Loss: 0.005699 | Val Loss: 0.005922 | Train R²: 0.8347 | Val R²: 0.8361
Epoch 27000 | Train Loss: 0.005569 | Val Loss: 0.005818 | Train R²: 0.8385 | Val R²: 0.8390
Epoch 27500 | Train Loss: 0.005428 | Val Loss: 0.005714 | Train R²: 0.8425 | Val R²: 0.8419
Epoch 28000 | Train Loss: 0.005285 | Val Loss: 0.005625 | Train R²: 0.8467 | Val R²: 0.8444
Epoch 28500 | Train Loss: 0.005160 | Val Loss: 0.005552 | Train R²: 0.8503 | Val R²: 0.8464
Epoch 29000 | Train Loss: 0.005051 | Val Loss: 0.005482 | Train R²: 0.8535 | Val R²: 0.8483
Epoch 29500 | Train Loss: 0.004955 | Val Loss: 0.005413 | Train R²: 0.8563 | Val R²: 0.8502
Epoch 30000 | Train Loss: 0.004872 | Val Loss: 0.005357 | Train R²: 0.8587 | Val R²: 0.8518
Epoch 30500 | Train Loss: 0.004802 | Val Loss: 0.005310 | Train R²: 0.8607 | Val R²: 0.8531
Epoch 31000 | Train Loss: 0.004734 | Val Loss: 0.005256 | Train R²: 0.8627 | Val R²: 0.8545
Epoch 31500 | Train Loss: 0.004663 | Val Loss: 0.005190 | Train R²: 0.8647 | Val R²: 0.8564
Epoch 32000 | Train Loss: 0.004603 | Val Loss: 0.005127 | Train R²: 0.8665 | Val R²: 0.8581
Epoch 32500 | Train Loss: 0.004551 | Val Loss: 0.005066 | Train R²: 0.8680 | Val R²: 0.8598
Epoch 33000 | Train Loss: 0.004496 | Val Loss: 0.004998 | Train R²: 0.8696 | Val R²: 0.8617
Epoch 33500 | Train Loss: 0.004442 | Val Loss: 0.004925 | Train R²: 0.8712 | Val R²: 0.8637
Epoch 34000 | Train Loss: 0.004395 | Val Loss: 0.004862 | Train R²: 0.8725 | Val R²: 0.8655
Epoch 34500 | Train Loss: 0.004361 | Val Loss: 0.004816 | Train R²: 0.8735 | Val R²: 0.8667
Early stopping at epoch 34507 due to flat/negative trend (slope=0.000002)
Epoch 34507 | Train Loss: 0.004361 | Val Loss: 0.004819 | Train R²: 0.8735 | Val R²: 0.8666
Unpickling models
Following models have been loaded and moved to cuda:
trained gpp model:
 SNN_GPP_Tram(
  (net): Sequential(
    (0): Linear(in_features=8, out_features=12, bias=True)
    (1): Tanh()
    (2): Linear(in_features=12, out_features=1, bias=True)
    (3): Sigmoid()
  )
), trained_reco_model:
 SNN_GPP_Tram(
  (net): Sequential(
    (0): Linear(in_features=8, out_features=12, bias=True)
    (1): Tanh()
    (2): Linear(in_features=12, out_features=1, bias=True)
    (3): Sigmoid()
  )
)
using full data set for visualization
Un-normalizing the GPP and RECO predictions using NEE min: tensor([-17.7365]), NEE max: tensor([5.4944])



Metrics for the Tramontana, with
GPP inputs: ['SW_IN', 'TA', 'VPD', 'WS', 'WD_COS', 'WD_SIN', 'WTD', 'Salinity']
RECO inputs: ['DOY_sin', 'DOY_cos', 'TA', 'WS', 'WD_COS', 'WD_SIN', 'WTD', 'Salinity']:
DT_GPP vs Tramontana_GPP R²=0.90 RMSE=1.10
NT_GPP vs Tramontana_GPP R²=0.80 RMSE=1.54
DT_RECO vs Tramontana_RECO R²=-0.58 RMSE=1.20
NT_RECO vs Tramontana_RECO R²=-3.07 RMSE=0.99
DT_GPP vs NT_GPP R²=0.81 RMSE=1.56
DT_RECO vs NT_RECO R²=-0.38 RMSE=1.00

gpp_input_names,  ['SW_IN', 'TA', 'VPD', 'WS', 'WD_COS', 'WD_SIN', 'WTD', 'Salinity', 'WTD_HalfHourlyDiff'] 
reco_input_names,  ['DOY_sin', 'DOY_cos', 'TA', 'WS', 'WD_COS', 'WD_SIN', 'WTD', 'Salinity', 'WTD_HalfHourlyDiff'] 
true_nee_name,  ['NEE'] 

Tramontana Running on GPU With hidden layer size of 12 Total epochs: 100000 lr: 0.001 patience: 500 min_delta 0.01
SNN_GPP_Tram(
  (net): Sequential(
    (0): Linear(in_features=9, out_features=12, bias=True)
    (1): Tanh()
    (2): Linear(in_features=12, out_features=1, bias=True)
    (3): Sigmoid()
  )
)
SNN_RECO_Tram(
  (net): Sequential(
    (0): Linear(in_features=9, out_features=12, bias=True)
    (1): Tanh()
    (2): Linear(in_features=12, out_features=1, bias=True)
    (3): Sigmoid()
  )
)
Params are min slope: 2e-06, trend window: 100
Epoch     0 | Train Loss: 47114.699219 | Val Loss: 49569.675781 | Train R²: -1366780.8750 | Val R²: -1371671.3750
Epoch   500 | Train Loss: 343.477875 | Val Loss: 346.378021 | Train R²: -9963.1807 | Val R²: -9583.8350
Epoch  1000 | Train Loss: 98.706879 | Val Loss: 97.429306 | Train R²: -2862.4546 | Val R²: -2695.0249
Epoch  1500 | Train Loss: 45.159374 | Val Loss: 44.071064 | Train R²: -1309.0586 | Val R²: -1218.5168
Epoch  2000 | Train Loss: 24.904091 | Val Loss: 24.118511 | Train R²: -721.4595 | Val R²: -666.3977
Epoch  2500 | Train Loss: 15.186898 | Val Loss: 14.621026 | Train R²: -439.5669 | Val R²: -403.5872
Epoch  3000 | Train Loss: 9.859793 | Val Loss: 9.445607 | Train R²: -285.0293 | Val R²: -260.3751
Epoch  3500 | Train Loss: 6.682873 | Val Loss: 6.374702 | Train R²: -192.8679 | Val R²: -175.3982
Epoch  4000 | Train Loss: 4.673113 | Val Loss: 4.440374 | Train R²: -134.5655 | Val R²: -121.8723
Epoch  4500 | Train Loss: 3.318148 | Val Loss: 3.139373 | Train R²: -95.2584 | Val R²: -85.8714
Epoch  5000 | Train Loss: 2.399523 | Val Loss: 2.261066 | Train R²: -68.6094 | Val R²: -61.5673
Epoch  5500 | Train Loss: 1.773404 | Val Loss: 1.664957 | Train R²: -50.4459 | Val R²: -45.0720
Epoch  6000 | Train Loss: 1.336833 | Val Loss: 1.250653 | Train R²: -37.7811 | Val R²: -33.6076
Epoch  6500 | Train Loss: 1.025901 | Val Loss: 0.956232 | Train R²: -28.7611 | Val R²: -25.4605
Epoch  7000 | Train Loss: 0.801586 | Val Loss: 0.744995 | Train R²: -22.2537 | Val R²: -19.6152
Epoch  7500 | Train Loss: 0.633827 | Val Loss: 0.587600 | Train R²: -17.3871 | Val R²: -15.2598
Epoch  8000 | Train Loss: 0.493409 | Val Loss: 0.455607 | Train R²: -13.3136 | Val R²: -11.6074
Epoch  8500 | Train Loss: 0.365102 | Val Loss: 0.332503 | Train R²: -9.5915 | Val R²: -8.2009
Epoch  9000 | Train Loss: 0.272778 | Val Loss: 0.246083 | Train R²: -6.9132 | Val R²: -5.8095
Epoch  9500 | Train Loss: 0.205696 | Val Loss: 0.184560 | Train R²: -4.9672 | Val R²: -4.1071
Epoch 10000 | Train Loss: 0.156255 | Val Loss: 0.139714 | Train R²: -3.5329 | Val R²: -2.8661
Epoch 10500 | Train Loss: 0.119220 | Val Loss: 0.106420 | Train R²: -2.4585 | Val R²: -1.9448
Epoch 11000 | Train Loss: 0.091281 | Val Loss: 0.081465 | Train R²: -1.6480 | Val R²: -1.2543
Epoch 11500 | Train Loss: 0.070196 | Val Loss: 0.062703 | Train R²: -1.0364 | Val R²: -0.7351
Epoch 12000 | Train Loss: 0.054306 | Val Loss: 0.048590 | Train R²: -0.5754 | Val R²: -0.3446
Epoch 12500 | Train Loss: 0.042340 | Val Loss: 0.037968 | Train R²: -0.2283 | Val R²: -0.0506
Epoch 13000 | Train Loss: 0.033336 | Val Loss: 0.030002 | Train R²: 0.0329 | Val R²: 0.1698
Epoch 13500 | Train Loss: 0.026637 | Val Loss: 0.024138 | Train R²: 0.2273 | Val R²: 0.3321
Epoch 14000 | Train Loss: 0.021758 | Val Loss: 0.019895 | Train R²: 0.3688 | Val R²: 0.4495
Epoch 14500 | Train Loss: 0.018256 | Val Loss: 0.016853 | Train R²: 0.4704 | Val R²: 0.5336
Epoch 15000 | Train Loss: 0.015776 | Val Loss: 0.014704 | Train R²: 0.5424 | Val R²: 0.5931
Epoch 15500 | Train Loss: 0.014033 | Val Loss: 0.013206 | Train R²: 0.5929 | Val R²: 0.6346
Epoch 16000 | Train Loss: 0.012800 | Val Loss: 0.012160 | Train R²: 0.6287 | Val R²: 0.6635
Epoch 16500 | Train Loss: 0.011907 | Val Loss: 0.011401 | Train R²: 0.6546 | Val R²: 0.6845
Epoch 17000 | Train Loss: 0.011231 | Val Loss: 0.010813 | Train R²: 0.6742 | Val R²: 0.7008
Epoch 17500 | Train Loss: 0.010687 | Val Loss: 0.010324 | Train R²: 0.6900 | Val R²: 0.7143
Epoch 18000 | Train Loss: 0.010209 | Val Loss: 0.009883 | Train R²: 0.7038 | Val R²: 0.7265
Epoch 18500 | Train Loss: 0.009764 | Val Loss: 0.009468 | Train R²: 0.7168 | Val R²: 0.7380
Epoch 19000 | Train Loss: 0.009350 | Val Loss: 0.009088 | Train R²: 0.7288 | Val R²: 0.7485
Epoch 19500 | Train Loss: 0.008971 | Val Loss: 0.008749 | Train R²: 0.7398 | Val R²: 0.7579
Epoch 20000 | Train Loss: 0.008632 | Val Loss: 0.008453 | Train R²: 0.7496 | Val R²: 0.7661
Epoch 20500 | Train Loss: 0.008340 | Val Loss: 0.008207 | Train R²: 0.7581 | Val R²: 0.7729
Epoch 21000 | Train Loss: 0.008088 | Val Loss: 0.007999 | Train R²: 0.7654 | Val R²: 0.7786
Epoch 21500 | Train Loss: 0.007861 | Val Loss: 0.007809 | Train R²: 0.7720 | Val R²: 0.7839
Epoch 22000 | Train Loss: 0.007640 | Val Loss: 0.007605 | Train R²: 0.7784 | Val R²: 0.7896
Epoch 22500 | Train Loss: 0.007411 | Val Loss: 0.007370 | Train R²: 0.7850 | Val R²: 0.7961
Epoch 23000 | Train Loss: 0.007166 | Val Loss: 0.007105 | Train R²: 0.7921 | Val R²: 0.8034
Epoch 23500 | Train Loss: 0.006918 | Val Loss: 0.006860 | Train R²: 0.7993 | Val R²: 0.8102
Epoch 24000 | Train Loss: 0.006698 | Val Loss: 0.006678 | Train R²: 0.8057 | Val R²: 0.8152
Epoch 24500 | Train Loss: 0.006506 | Val Loss: 0.006536 | Train R²: 0.8113 | Val R²: 0.8191
Epoch 25000 | Train Loss: 0.006334 | Val Loss: 0.006412 | Train R²: 0.8163 | Val R²: 0.8226
Epoch 25500 | Train Loss: 0.006167 | Val Loss: 0.006286 | Train R²: 0.8211 | Val R²: 0.8261
Epoch 26000 | Train Loss: 0.006006 | Val Loss: 0.006153 | Train R²: 0.8258 | Val R²: 0.8297
Epoch 26500 | Train Loss: 0.005861 | Val Loss: 0.006030 | Train R²: 0.8300 | Val R²: 0.8331
Epoch 27000 | Train Loss: 0.005716 | Val Loss: 0.005919 | Train R²: 0.8342 | Val R²: 0.8362
Epoch 27500 | Train Loss: 0.005571 | Val Loss: 0.005812 | Train R²: 0.8384 | Val R²: 0.8392
Epoch 28000 | Train Loss: 0.005430 | Val Loss: 0.005704 | Train R²: 0.8425 | Val R²: 0.8422
Epoch 28500 | Train Loss: 0.005293 | Val Loss: 0.005596 | Train R²: 0.8464 | Val R²: 0.8452
Epoch 29000 | Train Loss: 0.005164 | Val Loss: 0.005494 | Train R²: 0.8502 | Val R²: 0.8480
Epoch 29500 | Train Loss: 0.005045 | Val Loss: 0.005409 | Train R²: 0.8536 | Val R²: 0.8503
Epoch 30000 | Train Loss: 0.004944 | Val Loss: 0.005344 | Train R²: 0.8566 | Val R²: 0.8521
Epoch 30500 | Train Loss: 0.004859 | Val Loss: 0.005294 | Train R²: 0.8590 | Val R²: 0.8535
Epoch 31000 | Train Loss: 0.004787 | Val Loss: 0.005256 | Train R²: 0.8611 | Val R²: 0.8546
Early stopping at epoch 31022 due to flat/negative trend (slope=0.000002)
Epoch 31022 | Train Loss: 0.004785 | Val Loss: 0.005258 | Train R²: 0.8612 | Val R²: 0.8545
Unpickling models
Following models have been loaded and moved to cuda:
trained gpp model:
 SNN_GPP_Tram(
  (net): Sequential(
    (0): Linear(in_features=9, out_features=12, bias=True)
    (1): Tanh()
    (2): Linear(in_features=12, out_features=1, bias=True)
    (3): Sigmoid()
  )
), trained_reco_model:
 SNN_GPP_Tram(
  (net): Sequential(
    (0): Linear(in_features=9, out_features=12, bias=True)
    (1): Tanh()
    (2): Linear(in_features=12, out_features=1, bias=True)
    (3): Sigmoid()
  )
)
using full data set for visualization
Un-normalizing the GPP and RECO predictions using NEE min: tensor([-17.7365]), NEE max: tensor([5.4944])



Metrics for the Tramontana, with
GPP inputs: ['SW_IN', 'TA', 'VPD', 'WS', 'WD_COS', 'WD_SIN', 'WTD', 'Salinity', 'WTD_HalfHourlyDiff']
RECO inputs: ['DOY_sin', 'DOY_cos', 'TA', 'WS', 'WD_COS', 'WD_SIN', 'WTD', 'Salinity', 'WTD_HalfHourlyDiff']:
DT_GPP vs Tramontana_GPP R²=0.91 RMSE=1.06
NT_GPP vs Tramontana_GPP R²=0.76 RMSE=1.68
DT_RECO vs Tramontana_RECO R²=-0.73 RMSE=1.26
NT_RECO vs Tramontana_RECO R²=-4.43 RMSE=1.15
DT_GPP vs NT_GPP R²=0.81 RMSE=1.56
DT_RECO vs NT_RECO R²=-0.38 RMSE=1.00

gpp_input_names,  ['SW_IN', 'TA', 'VPD', 'WS', 'WD_COS', 'WD_SIN', 'WTD', 'Salinity', 'WTD_HalfHourlyDiff', 'WTD_DailyAvg', 'WTD_DailyDiff'] 
reco_input_names,  ['DOY_sin', 'DOY_cos', 'TA', 'WS', 'WD_COS', 'WD_SIN', 'WTD', 'Salinity', 'WTD_HalfHourlyDiff', 'WTD_DailyAvg', 'WTD_DailyDiff'] 
true_nee_name,  ['NEE'] 

Tramontana Running on GPU With hidden layer size of 12 Total epochs: 100000 lr: 0.001 patience: 500 min_delta 0.01
SNN_GPP_Tram(
  (net): Sequential(
    (0): Linear(in_features=11, out_features=12, bias=True)
    (1): Tanh()
    (2): Linear(in_features=12, out_features=1, bias=True)
    (3): Sigmoid()
  )
)
SNN_RECO_Tram(
  (net): Sequential(
    (0): Linear(in_features=11, out_features=12, bias=True)
    (1): Tanh()
    (2): Linear(in_features=12, out_features=1, bias=True)
    (3): Sigmoid()
  )
)
Params are min slope: 2e-06, trend window: 100
Epoch     0 | Train Loss: 77431.421875 | Val Loss: 81053.937500 | Train R²: -2246259.2500 | Val R²: -2242891.2500
Epoch   500 | Train Loss: 684.818115 | Val Loss: 668.136230 | Train R²: -19865.3457 | Val R²: -18487.3965
Epoch  1000 | Train Loss: 197.610092 | Val Loss: 186.411545 | Train R²: -5731.6030 | Val R²: -5157.3052
Epoch  1500 | Train Loss: 90.595367 | Val Loss: 83.736160 | Train R²: -2627.1416 | Val R²: -2316.1133
Epoch  2000 | Train Loss: 49.765507 | Val Loss: 45.381779 | Train R²: -1442.6808 | Val R²: -1254.7863
Epoch  2500 | Train Loss: 30.116543 | Val Loss: 27.197395 | Train R²: -872.6709 | Val R²: -751.5954
Epoch  3000 | Train Loss: 19.347710 | Val Loss: 17.340567 | Train R²: -560.2707 | Val R²: -478.8412
Epoch  3500 | Train Loss: 12.939178 | Val Loss: 11.525270 | Train R²: -374.3613 | Val R²: -317.9226
Epoch  4000 | Train Loss: 8.907387 | Val Loss: 7.892906 | Train R²: -257.4004 | Val R²: -217.4093
Epoch  4500 | Train Loss: 6.267416 | Val Loss: 5.529146 | Train R²: -180.8157 | Val R²: -152.0003
Epoch  5000 | Train Loss: 4.450590 | Val Loss: 3.907743 | Train R²: -128.1101 | Val R²: -107.1335
Epoch  5500 | Train Loss: 3.209546 | Val Loss: 2.806790 | Train R²: -92.1079 | Val R²: -76.6684
Epoch  6000 | Train Loss: 2.350421 | Val Loss: 2.048899 | Train R²: -67.1849 | Val R²: -55.6963
Epoch  6500 | Train Loss: 1.745491 | Val Loss: 1.516627 | Train R²: -49.6361 | Val R²: -40.9675
Epoch  7000 | Train Loss: 1.312980 | Val Loss: 1.136726 | Train R²: -37.0891 | Val R²: -30.4550
Epoch  7500 | Train Loss: 1.006930 | Val Loss: 0.870482 | Train R²: -28.2107 | Val R²: -23.0876
Epoch  8000 | Train Loss: 0.785346 | Val Loss: 0.678869 | Train R²: -21.7826 | Val R²: -17.7854
Epoch  8500 | Train Loss: 0.618495 | Val Loss: 0.536023 | Train R²: -16.9423 | Val R²: -13.8326
Epoch  9000 | Train Loss: 0.479532 | Val Loss: 0.415223 | Train R²: -12.9111 | Val R²: -10.4899
Epoch  9500 | Train Loss: 0.359892 | Val Loss: 0.308640 | Train R²: -9.4404 | Val R²: -7.5406
Epoch 10000 | Train Loss: 0.273484 | Val Loss: 0.234974 | Train R²: -6.9337 | Val R²: -5.5021
Epoch 10500 | Train Loss: 0.209228 | Val Loss: 0.180676 | Train R²: -5.0696 | Val R²: -3.9996
Epoch 11000 | Train Loss: 0.159554 | Val Loss: 0.138194 | Train R²: -3.6286 | Val R²: -2.8240
Epoch 11500 | Train Loss: 0.120966 | Val Loss: 0.104688 | Train R²: -2.5092 | Val R²: -1.8969
Epoch 12000 | Train Loss: 0.091692 | Val Loss: 0.079470 | Train R²: -1.6600 | Val R²: -1.1991
Epoch 12500 | Train Loss: 0.069981 | Val Loss: 0.060807 | Train R²: -1.0301 | Val R²: -0.6826
Epoch 13000 | Train Loss: 0.053618 | Val Loss: 0.046665 | Train R²: -0.5554 | Val R²: -0.2913
Epoch 13500 | Train Loss: 0.041291 | Val Loss: 0.036192 | Train R²: -0.1978 | Val R²: -0.0015
Epoch 14000 | Train Loss: 0.032306 | Val Loss: 0.028593 | Train R²: 0.0628 | Val R²: 0.2088
Epoch 14500 | Train Loss: 0.025641 | Val Loss: 0.022869 | Train R²: 0.2561 | Val R²: 0.3672
Epoch 15000 | Train Loss: 0.020685 | Val Loss: 0.018599 | Train R²: 0.3999 | Val R²: 0.4853
Epoch 15500 | Train Loss: 0.017048 | Val Loss: 0.015488 | Train R²: 0.5054 | Val R²: 0.5714
Epoch 16000 | Train Loss: 0.014438 | Val Loss: 0.013289 | Train R²: 0.5812 | Val R²: 0.6323
Epoch 16500 | Train Loss: 0.012604 | Val Loss: 0.011774 | Train R²: 0.6344 | Val R²: 0.6742
Epoch 17000 | Train Loss: 0.011337 | Val Loss: 0.010756 | Train R²: 0.6711 | Val R²: 0.7024
Epoch 17500 | Train Loss: 0.010459 | Val Loss: 0.010065 | Train R²: 0.6966 | Val R²: 0.7215
Epoch 18000 | Train Loss: 0.009827 | Val Loss: 0.009575 | Train R²: 0.7149 | Val R²: 0.7350
Epoch 18500 | Train Loss: 0.009337 | Val Loss: 0.009195 | Train R²: 0.7291 | Val R²: 0.7456
Epoch 19000 | Train Loss: 0.008916 | Val Loss: 0.008860 | Train R²: 0.7413 | Val R²: 0.7548
Epoch 19500 | Train Loss: 0.008534 | Val Loss: 0.008541 | Train R²: 0.7524 | Val R²: 0.7637
Epoch 20000 | Train Loss: 0.008178 | Val Loss: 0.008236 | Train R²: 0.7628 | Val R²: 0.7721
Epoch 20500 | Train Loss: 0.007848 | Val Loss: 0.007948 | Train R²: 0.7723 | Val R²: 0.7801
Epoch 21000 | Train Loss: 0.007546 | Val Loss: 0.007678 | Train R²: 0.7811 | Val R²: 0.7875
Epoch 21500 | Train Loss: 0.007271 | Val Loss: 0.007426 | Train R²: 0.7891 | Val R²: 0.7945
Epoch 22000 | Train Loss: 0.007023 | Val Loss: 0.007189 | Train R²: 0.7963 | Val R²: 0.8011
Epoch 22500 | Train Loss: 0.006795 | Val Loss: 0.006971 | Train R²: 0.8029 | Val R²: 0.8071
Epoch 23000 | Train Loss: 0.006589 | Val Loss: 0.006775 | Train R²: 0.8088 | Val R²: 0.8125
Epoch 23500 | Train Loss: 0.006423 | Val Loss: 0.006609 | Train R²: 0.8137 | Val R²: 0.8171
Epoch 24000 | Train Loss: 0.006284 | Val Loss: 0.006473 | Train R²: 0.8177 | Val R²: 0.8209
Epoch 24500 | Train Loss: 0.006167 | Val Loss: 0.006360 | Train R²: 0.8211 | Val R²: 0.8240
Epoch 25000 | Train Loss: 0.006054 | Val Loss: 0.006261 | Train R²: 0.8244 | Val R²: 0.8267
Epoch 25500 | Train Loss: 0.005948 | Val Loss: 0.006179 | Train R²: 0.8275 | Val R²: 0.8290
Epoch 26000 | Train Loss: 0.005848 | Val Loss: 0.006116 | Train R²: 0.8303 | Val R²: 0.8308
Epoch 26500 | Train Loss: 0.005754 | Val Loss: 0.006060 | Train R²: 0.8331 | Val R²: 0.8323
Epoch 27000 | Train Loss: 0.005661 | Val Loss: 0.005992 | Train R²: 0.8358 | Val R²: 0.8342
Epoch 27500 | Train Loss: 0.005565 | Val Loss: 0.005920 | Train R²: 0.8386 | Val R²: 0.8362
Epoch 28000 | Train Loss: 0.005463 | Val Loss: 0.005841 | Train R²: 0.8415 | Val R²: 0.8384
Epoch 28500 | Train Loss: 0.005354 | Val Loss: 0.005772 | Train R²: 0.8447 | Val R²: 0.8403
Early stopping at epoch 28673 due to flat/negative trend (slope=0.000002)
Epoch 28673 | Train Loss: 0.005314 | Val Loss: 0.005757 | Train R²: 0.8458 | Val R²: 0.8407
Unpickling models
Following models have been loaded and moved to cuda:
trained gpp model:
 SNN_GPP_Tram(
  (net): Sequential(
    (0): Linear(in_features=11, out_features=12, bias=True)
    (1): Tanh()
    (2): Linear(in_features=12, out_features=1, bias=True)
    (3): Sigmoid()
  )
), trained_reco_model:
 SNN_GPP_Tram(
  (net): Sequential(
    (0): Linear(in_features=11, out_features=12, bias=True)
    (1): Tanh()
    (2): Linear(in_features=12, out_features=1, bias=True)
    (3): Sigmoid()
  )
)
using full data set for visualization
Un-normalizing the GPP and RECO predictions using NEE min: tensor([-17.7365]), NEE max: tensor([5.4944])



Metrics for the Tramontana, with
GPP inputs: ['SW_IN', 'TA', 'VPD', 'WS', 'WD_COS', 'WD_SIN', 'WTD', 'Salinity', 'WTD_HalfHourlyDiff', 'WTD_DailyAvg', 'WTD_DailyDiff']
RECO inputs: ['DOY_sin', 'DOY_cos', 'TA', 'WS', 'WD_COS', 'WD_SIN', 'WTD', 'Salinity', 'WTD_HalfHourlyDiff', 'WTD_DailyAvg', 'WTD_DailyDiff']:
DT_GPP vs Tramontana_GPP R²=0.91 RMSE=1.09
NT_GPP vs Tramontana_GPP R²=0.77 RMSE=1.62
DT_RECO vs Tramontana_RECO R²=-0.71 RMSE=1.25
NT_RECO vs Tramontana_RECO R²=-3.11 RMSE=1.00
DT_GPP vs NT_GPP R²=0.81 RMSE=1.56
DT_RECO vs NT_RECO R²=-0.38 RMSE=1.00

gpp_input_names,  ['PotRadDailyAvg', 'PotRadDailyDiff', 'GPP_PROX'] 
reco_input_names,  ['DOY_sin', 'DOY_cos', 'NIGHTLY_NEE_AVG'] 
true_nee_name,  ['NEE'] 

Tramontana Running on GPU With hidden layer size of 12 Total epochs: 100000 lr: 0.001 patience: 500 min_delta 0.01
SNN_GPP_Tram(
  (net): Sequential(
    (0): Linear(in_features=3, out_features=12, bias=True)
    (1): Tanh()
    (2): Linear(in_features=12, out_features=1, bias=True)
    (3): Sigmoid()
  )
)
SNN_RECO_Tram(
  (net): Sequential(
    (0): Linear(in_features=3, out_features=12, bias=True)
    (1): Tanh()
    (2): Linear(in_features=12, out_features=1, bias=True)
    (3): Sigmoid()
  )
)
Params are min slope: 2e-06, trend window: 100
Epoch     0 | Train Loss: 53498.082031 | Val Loss: 56161.996094 | Train R²: -1551960.7500 | Val R²: -1554091.1250
Epoch   500 | Train Loss: 947.362366 | Val Loss: 958.969299 | Train R²: -27481.6680 | Val R²: -26535.2109
Epoch  1000 | Train Loss: 188.932510 | Val Loss: 187.866104 | Train R²: -5479.8691 | Val R²: -5197.5562
Epoch  1500 | Train Loss: 73.848183 | Val Loss: 72.777054 | Train R²: -2141.3115 | Val R²: -2012.8574
Epoch  2000 | Train Loss: 37.600899 | Val Loss: 36.825005 | Train R²: -1089.7896 | Val R²: -1018.0067
Epoch  2500 | Train Loss: 21.866802 | Val Loss: 21.308758 | Train R²: -633.3487 | Val R²: -588.6473
Epoch  3000 | Train Loss: 13.756790 | Val Loss: 13.348201 | Train R²: -398.0799 | Val R²: -368.3661
Epoch  3500 | Train Loss: 9.117641 | Val Loss: 8.813105 | Train R²: -263.4998 | Val R²: -242.8727
Epoch  4000 | Train Loss: 6.277848 | Val Loss: 6.047535 | Train R²: -181.1183 | Val R²: -166.3450
Epoch  4500 | Train Loss: 4.458106 | Val Loss: 4.281911 | Train R²: -128.3282 | Val R²: -117.4873
Epoch  5000 | Train Loss: 3.254965 | Val Loss: 3.118946 | Train R²: -93.4254 | Val R²: -85.3062
Epoch  5500 | Train Loss: 2.442528 | Val Loss: 2.336759 | Train R²: -69.8569 | Val R²: -63.6618
Epoch  6000 | Train Loss: 1.886370 | Val Loss: 1.803626 | Train R²: -53.7230 | Val R²: -48.9092
Epoch  6500 | Train Loss: 1.502371 | Val Loss: 1.437320 | Train R²: -42.5833 | Val R²: -38.7729
Epoch  7000 | Train Loss: 1.234543 | Val Loss: 1.183261 | Train R²: -34.8137 | Val R²: -31.7427
Epoch  7500 | Train Loss: 0.990015 | Val Loss: 0.952573 | Train R²: -27.7200 | Val R²: -25.3592
Epoch  8000 | Train Loss: 0.761095 | Val Loss: 0.741588 | Train R²: -21.0791 | Val R²: -19.5209
Epoch  8500 | Train Loss: 0.604903 | Val Loss: 0.593210 | Train R²: -16.5480 | Val R²: -15.4151
Epoch  9000 | Train Loss: 0.464290 | Val Loss: 0.455069 | Train R²: -12.4689 | Val R²: -11.5925
Epoch  9500 | Train Loss: 0.324431 | Val Loss: 0.313276 | Train R²: -8.4116 | Val R²: -7.6688
Epoch 10000 | Train Loss: 0.240076 | Val Loss: 0.231782 | Train R²: -5.9645 | Val R²: -5.4138
Epoch 10500 | Train Loss: 0.179489 | Val Loss: 0.173557 | Train R²: -4.2069 | Val R²: -3.8026
Epoch 11000 | Train Loss: 0.135591 | Val Loss: 0.131380 | Train R²: -2.9335 | Val R²: -2.6355
Epoch 11500 | Train Loss: 0.103638 | Val Loss: 0.100663 | Train R²: -2.0065 | Val R²: -1.7855
Epoch 12000 | Train Loss: 0.080340 | Val Loss: 0.078254 | Train R²: -1.3306 | Val R²: -1.1654
Epoch 12500 | Train Loss: 0.063373 | Val Loss: 0.061929 | Train R²: -0.8384 | Val R²: -0.7137
Epoch 13000 | Train Loss: 0.051064 | Val Loss: 0.050087 | Train R²: -0.4813 | Val R²: -0.3860
Epoch 13500 | Train Loss: 0.042194 | Val Loss: 0.041560 | Train R²: -0.2240 | Val R²: -0.1500
Epoch 14000 | Train Loss: 0.035864 | Val Loss: 0.035486 | Train R²: -0.0404 | Val R²: 0.0181
Epoch 14500 | Train Loss: 0.031401 | Val Loss: 0.031217 | Train R²: 0.0891 | Val R²: 0.1362
Epoch 15000 | Train Loss: 0.028298 | Val Loss: 0.028266 | Train R²: 0.1791 | Val R²: 0.2178
Epoch 15500 | Train Loss: 0.026170 | Val Loss: 0.026262 | Train R²: 0.2408 | Val R²: 0.2733
Epoch 16000 | Train Loss: 0.024728 | Val Loss: 0.024919 | Train R²: 0.2827 | Val R²: 0.3105
Epoch 16500 | Train Loss: 0.023748 | Val Loss: 0.024020 | Train R²: 0.3111 | Val R²: 0.3353
Epoch 17000 | Train Loss: 0.023065 | Val Loss: 0.023399 | Train R²: 0.3309 | Val R²: 0.3525
Epoch 17500 | Train Loss: 0.022547 | Val Loss: 0.022925 | Train R²: 0.3459 | Val R²: 0.3656
Epoch 18000 | Train Loss: 0.022096 | Val Loss: 0.022500 | Train R²: 0.3590 | Val R²: 0.3774
Epoch 18500 | Train Loss: 0.021636 | Val Loss: 0.022047 | Train R²: 0.3724 | Val R²: 0.3899
Epoch 19000 | Train Loss: 0.021107 | Val Loss: 0.021510 | Train R²: 0.3877 | Val R²: 0.4048
Epoch 19500 | Train Loss: 0.020467 | Val Loss: 0.020848 | Train R²: 0.4063 | Val R²: 0.4231
Epoch 20000 | Train Loss: 0.019685 | Val Loss: 0.020038 | Train R²: 0.4289 | Val R²: 0.4455
Epoch 20500 | Train Loss: 0.018740 | Val Loss: 0.019064 | Train R²: 0.4564 | Val R²: 0.4725
Epoch 21000 | Train Loss: 0.017621 | Val Loss: 0.017922 | Train R²: 0.4888 | Val R²: 0.5041
Epoch 21500 | Train Loss: 0.016333 | Val Loss: 0.016622 | Train R²: 0.5262 | Val R²: 0.5400
Epoch 22000 | Train Loss: 0.014905 | Val Loss: 0.015198 | Train R²: 0.5676 | Val R²: 0.5794
Epoch 22500 | Train Loss: 0.013393 | Val Loss: 0.013707 | Train R²: 0.6115 | Val R²: 0.6207
Epoch 23000 | Train Loss: 0.011889 | Val Loss: 0.012233 | Train R²: 0.6551 | Val R²: 0.6615
Epoch 23500 | Train Loss: 0.010509 | Val Loss: 0.010881 | Train R²: 0.6951 | Val R²: 0.6989
Epoch 24000 | Train Loss: 0.009367 | Val Loss: 0.009758 | Train R²: 0.7283 | Val R²: 0.7300
Epoch 24500 | Train Loss: 0.008542 | Val Loss: 0.008939 | Train R²: 0.7522 | Val R²: 0.7526
Epoch 25000 | Train Loss: 0.008034 | Val Loss: 0.008410 | Train R²: 0.7669 | Val R²: 0.7673
Epoch 25500 | Train Loss: 0.007637 | Val Loss: 0.007866 | Train R²: 0.7784 | Val R²: 0.7823
Epoch 26000 | Train Loss: 0.007487 | Val Loss: 0.007652 | Train R²: 0.7828 | Val R²: 0.7883
Epoch 26500 | Train Loss: 0.007427 | Val Loss: 0.007556 | Train R²: 0.7845 | Val R²: 0.7909
Epoch 27000 | Train Loss: 0.007396 | Val Loss: 0.007509 | Train R²: 0.7854 | Val R²: 0.7922
Early stopping at epoch 27107 due to flat/negative trend (slope=0.000002)
Epoch 27107 | Train Loss: 0.007391 | Val Loss: 0.007501 | Train R²: 0.7856 | Val R²: 0.7924
Unpickling models
Following models have been loaded and moved to cuda:
trained gpp model:
 SNN_GPP_Tram(
  (net): Sequential(
    (0): Linear(in_features=3, out_features=12, bias=True)
    (1): Tanh()
    (2): Linear(in_features=12, out_features=1, bias=True)
    (3): Sigmoid()
  )
), trained_reco_model:
 SNN_GPP_Tram(
  (net): Sequential(
    (0): Linear(in_features=3, out_features=12, bias=True)
    (1): Tanh()
    (2): Linear(in_features=12, out_features=1, bias=True)
    (3): Sigmoid()
  )
)
using full data set for visualization
Un-normalizing the GPP and RECO predictions using NEE min: tensor([-17.7365]), NEE max: tensor([5.4944])



Metrics for the Tramontana, with
GPP inputs: ['PotRadDailyAvg', 'PotRadDailyDiff', 'GPP_PROX']
RECO inputs: ['DOY_sin', 'DOY_cos', 'NIGHTLY_NEE_AVG']:
DT_GPP vs Tramontana_GPP R²=0.84 RMSE=1.41
NT_GPP vs Tramontana_GPP R²=0.78 RMSE=1.59
DT_RECO vs Tramontana_RECO R²=-1.44 RMSE=1.50
NT_RECO vs Tramontana_RECO R²=-0.29 RMSE=0.56
DT_GPP vs NT_GPP R²=0.81 RMSE=1.56
DT_RECO vs NT_RECO R²=-0.38 RMSE=1.00

gpp_input_names,  ['SW_IN', 'VPD', 'TA', 'WTD', 'WS', 'PotRad', 'PotRadHalfHourlyDiff', 'WD_COS', 'WD_SIN'] 
reco_input_names,  ['TA', 'TS_1', 'TS_2', 'TS_3', 'TS_4', 'WTD', 'WS', 'WD_COS', 'WD_SIN'] 
true_nee_name,  ['NEE'] 

Tramontana Running on GPU With hidden layer size of 12 Total epochs: 100000 lr: 0.001 patience: 500 min_delta 0.01
SNN_GPP_Tram(
  (net): Sequential(
    (0): Linear(in_features=9, out_features=12, bias=True)
    (1): Tanh()
    (2): Linear(in_features=12, out_features=1, bias=True)
    (3): Sigmoid()
  )
)
SNN_RECO_Tram(
  (net): Sequential(
    (0): Linear(in_features=9, out_features=12, bias=True)
    (1): Tanh()
    (2): Linear(in_features=12, out_features=1, bias=True)
    (3): Sigmoid()
  )
)
Params are min slope: 2e-06, trend window: 100
Epoch     0 | Train Loss: 39254.789062 | Val Loss: 40613.457031 | Train R²: -1138767.3750 | Val R²: -1123838.2500
Epoch   500 | Train Loss: 378.302948 | Val Loss: 343.715820 | Train R²: -10973.4424 | Val R²: -9510.1660
Epoch  1000 | Train Loss: 105.576782 | Val Loss: 90.628487 | Train R²: -3061.7478 | Val R²: -2506.8347
Epoch  1500 | Train Loss: 46.234699 | Val Loss: 38.516537 | Train R²: -1340.2533 | Val R²: -1064.8143
Epoch  2000 | Train Loss: 24.636364 | Val Loss: 20.114773 | Train R²: -713.6927 | Val R²: -555.6079
Epoch  2500 | Train Loss: 14.642299 | Val Loss: 11.773346 | Train R²: -423.7683 | Val R²: -324.7874
Epoch  3000 | Train Loss: 9.325903 | Val Loss: 7.407819 | Train R²: -269.5413 | Val R²: -203.9862
Epoch  3500 | Train Loss: 6.232590 | Val Loss: 4.903230 | Train R²: -179.8054 | Val R²: -134.6802
Epoch  4000 | Train Loss: 4.314621 | Val Loss: 3.368623 | Train R²: -124.1657 | Val R²: -92.2152
Epoch  4500 | Train Loss: 3.053364 | Val Loss: 2.365336 | Train R²: -87.5771 | Val R²: -64.4526
Epoch  5000 | Train Loss: 2.202039 | Val Loss: 1.694444 | Train R²: -62.8804 | Val R²: -45.8880
Epoch  5500 | Train Loss: 1.630835 | Val Loss: 1.253249 | Train R²: -46.3100 | Val R²: -33.6794
Epoch  6000 | Train Loss: 1.237045 | Val Loss: 0.953550 | Train R²: -34.8863 | Val R²: -25.3862
Epoch  6500 | Train Loss: 0.959727 | Val Loss: 0.745169 | Train R²: -26.8414 | Val R²: -19.6200
Epoch  7000 | Train Loss: 0.756928 | Val Loss: 0.593799 | Train R²: -20.9582 | Val R²: -15.4314
Epoch  7500 | Train Loss: 0.592410 | Val Loss: 0.468174 | Train R²: -16.1856 | Val R²: -11.9551
Epoch  8000 | Train Loss: 0.439748 | Val Loss: 0.341079 | Train R²: -11.7570 | Val R²: -8.4382
Epoch  8500 | Train Loss: 0.329184 | Val Loss: 0.254373 | Train R²: -8.5495 | Val R²: -6.0389
Epoch  9000 | Train Loss: 0.246561 | Val Loss: 0.190526 | Train R²: -6.1527 | Val R²: -4.2721
Epoch  9500 | Train Loss: 0.183926 | Val Loss: 0.142133 | Train R²: -4.3356 | Val R²: -2.9331
Epoch 10000 | Train Loss: 0.137186 | Val Loss: 0.106335 | Train R²: -2.9797 | Val R²: -1.9425
Epoch 10500 | Train Loss: 0.103493 | Val Loss: 0.081002 | Train R²: -2.0023 | Val R²: -1.2415
Epoch 11000 | Train Loss: 0.079361 | Val Loss: 0.063060 | Train R²: -1.3022 | Val R²: -0.7450
Epoch 11500 | Train Loss: 0.061781 | Val Loss: 0.049943 | Train R²: -0.7922 | Val R²: -0.3820
Epoch 12000 | Train Loss: 0.048679 | Val Loss: 0.040055 | Train R²: -0.4122 | Val R²: -0.1084
Epoch 12500 | Train Loss: 0.038848 | Val Loss: 0.032592 | Train R²: -0.1270 | Val R²: 0.0981
Epoch 13000 | Train Loss: 0.031500 | Val Loss: 0.026999 | Train R²: 0.0862 | Val R²: 0.2529
Epoch 13500 | Train Loss: 0.025997 | Val Loss: 0.022778 | Train R²: 0.2458 | Val R²: 0.3697
Epoch 14000 | Train Loss: 0.021871 | Val Loss: 0.019585 | Train R²: 0.3655 | Val R²: 0.4581
Epoch 14500 | Train Loss: 0.018780 | Val Loss: 0.017180 | Train R²: 0.4552 | Val R²: 0.5246
Epoch 15000 | Train Loss: 0.016453 | Val Loss: 0.015367 | Train R²: 0.5227 | Val R²: 0.5748
Epoch 15500 | Train Loss: 0.014678 | Val Loss: 0.013983 | Train R²: 0.5742 | Val R²: 0.6131
Epoch 16000 | Train Loss: 0.013316 | Val Loss: 0.012918 | Train R²: 0.6137 | Val R²: 0.6426
Epoch 16500 | Train Loss: 0.012251 | Val Loss: 0.012072 | Train R²: 0.6446 | Val R²: 0.6659
Epoch 17000 | Train Loss: 0.011378 | Val Loss: 0.011362 | Train R²: 0.6699 | Val R²: 0.6856
Epoch 17500 | Train Loss: 0.010624 | Val Loss: 0.010727 | Train R²: 0.6918 | Val R²: 0.7032
Epoch 18000 | Train Loss: 0.009949 | Val Loss: 0.010127 | Train R²: 0.7114 | Val R²: 0.7198
Epoch 18500 | Train Loss: 0.009334 | Val Loss: 0.009537 | Train R²: 0.7292 | Val R²: 0.7361
Epoch 19000 | Train Loss: 0.008757 | Val Loss: 0.008950 | Train R²: 0.7460 | Val R²: 0.7523
Epoch 19500 | Train Loss: 0.008193 | Val Loss: 0.008375 | Train R²: 0.7623 | Val R²: 0.7682
Epoch 20000 | Train Loss: 0.007672 | Val Loss: 0.007864 | Train R²: 0.7774 | Val R²: 0.7824
Epoch 20500 | Train Loss: 0.007229 | Val Loss: 0.007428 | Train R²: 0.7903 | Val R²: 0.7945
Epoch 21000 | Train Loss: 0.006844 | Val Loss: 0.007050 | Train R²: 0.8015 | Val R²: 0.8049
Epoch 21500 | Train Loss: 0.006510 | Val Loss: 0.006728 | Train R²: 0.8111 | Val R²: 0.8138
Epoch 22000 | Train Loss: 0.006212 | Val Loss: 0.006440 | Train R²: 0.8198 | Val R²: 0.8218
Epoch 22500 | Train Loss: 0.005946 | Val Loss: 0.006168 | Train R²: 0.8275 | Val R²: 0.8293
Epoch 23000 | Train Loss: 0.005729 | Val Loss: 0.005957 | Train R²: 0.8338 | Val R²: 0.8352
Epoch 23500 | Train Loss: 0.005540 | Val Loss: 0.005778 | Train R²: 0.8393 | Val R²: 0.8401
Epoch 24000 | Train Loss: 0.005360 | Val Loss: 0.005605 | Train R²: 0.8445 | Val R²: 0.8449
Epoch 24500 | Train Loss: 0.005179 | Val Loss: 0.005425 | Train R²: 0.8498 | Val R²: 0.8499
Epoch 25000 | Train Loss: 0.004991 | Val Loss: 0.005233 | Train R²: 0.8552 | Val R²: 0.8552
Epoch 25500 | Train Loss: 0.004793 | Val Loss: 0.005026 | Train R²: 0.8610 | Val R²: 0.8609
Epoch 26000 | Train Loss: 0.004580 | Val Loss: 0.004805 | Train R²: 0.8671 | Val R²: 0.8670
Epoch 26500 | Train Loss: 0.004356 | Val Loss: 0.004578 | Train R²: 0.8736 | Val R²: 0.8733
Epoch 27000 | Train Loss: 0.004143 | Val Loss: 0.004365 | Train R²: 0.8798 | Val R²: 0.8792
Epoch 27500 | Train Loss: 0.003971 | Val Loss: 0.004201 | Train R²: 0.8848 | Val R²: 0.8838
Epoch 28000 | Train Loss: 0.003858 | Val Loss: 0.004092 | Train R²: 0.8881 | Val R²: 0.8868
Epoch 28500 | Train Loss: 0.003785 | Val Loss: 0.004011 | Train R²: 0.8902 | Val R²: 0.8890
Epoch 29000 | Train Loss: 0.003732 | Val Loss: 0.003948 | Train R²: 0.8917 | Val R²: 0.8908
Epoch 29500 | Train Loss: 0.003689 | Val Loss: 0.003899 | Train R²: 0.8930 | Val R²: 0.8921
Early stopping at epoch 29927 due to flat/negative trend (slope=0.000002)
Epoch 29927 | Train Loss: 0.003654 | Val Loss: 0.003867 | Train R²: 0.8940 | Val R²: 0.8930
Unpickling models
Following models have been loaded and moved to cuda:
trained gpp model:
 SNN_GPP_Tram(
  (net): Sequential(
    (0): Linear(in_features=9, out_features=12, bias=True)
    (1): Tanh()
    (2): Linear(in_features=12, out_features=1, bias=True)
    (3): Sigmoid()
  )
), trained_reco_model:
 SNN_GPP_Tram(
  (net): Sequential(
    (0): Linear(in_features=9, out_features=12, bias=True)
    (1): Tanh()
    (2): Linear(in_features=12, out_features=1, bias=True)
    (3): Sigmoid()
  )
)
using full data set for visualization
Un-normalizing the GPP and RECO predictions using NEE min: tensor([-17.7365]), NEE max: tensor([5.4944])



Metrics for the Tramontana, with
GPP inputs: ['SW_IN', 'VPD', 'TA', 'WTD', 'WS', 'PotRad', 'PotRadHalfHourlyDiff', 'WD_COS', 'WD_SIN']
RECO inputs: ['TA', 'TS_1', 'TS_2', 'TS_3', 'TS_4', 'WTD', 'WS', 'WD_COS', 'WD_SIN']:
DT_GPP vs Tramontana_GPP R²=0.88 RMSE=1.25
NT_GPP vs Tramontana_GPP R²=0.84 RMSE=1.37
DT_RECO vs Tramontana_RECO R²=-0.54 RMSE=1.19
NT_RECO vs Tramontana_RECO R²=-2.13 RMSE=0.87
DT_GPP vs NT_GPP R²=0.81 RMSE=1.56
DT_RECO vs NT_RECO R²=-0.38 RMSE=1.00

gpp_input_names,  ['SW_IN', 'VPD', 'TA', 'WS', 'PotRad', 'PotRadHalfHourlyDiff', 'PotRadDailyAvg', 'PotRadDailyDiff', 'WD_COS', 'WD_SIN', 'GPP_PROX'] 
reco_input_names,  ['DOY_sin', 'DOY_cos', 'TA', 'TS_1', 'TS_2', 'TS_3', 'TS_4', 'WS', 'WD_COS', 'WD_SIN', 'NIGHTLY_NEE_AVG'] 
true_nee_name,  ['NEE'] 

Tramontana Running on GPU With hidden layer size of 12 Total epochs: 100000 lr: 0.001 patience: 500 min_delta 0.01
SNN_GPP_Tram(
  (net): Sequential(
    (0): Linear(in_features=11, out_features=12, bias=True)
    (1): Tanh()
    (2): Linear(in_features=12, out_features=1, bias=True)
    (3): Sigmoid()
  )
)
SNN_RECO_Tram(
  (net): Sequential(
    (0): Linear(in_features=11, out_features=12, bias=True)
    (1): Tanh()
    (2): Linear(in_features=12, out_features=1, bias=True)
    (3): Sigmoid()
  )
)
Params are min slope: 2e-06, trend window: 100
Epoch     0 | Train Loss: 69359.265625 | Val Loss: 72652.367188 | Train R²: -2012088.2500 | Val R²: -2010406.1250
Epoch   500 | Train Loss: 453.675110 | Val Loss: 431.504791 | Train R²: -13159.9648 | Val R²: -11939.4277
Epoch  1000 | Train Loss: 118.488472 | Val Loss: 110.755211 | Train R²: -3436.3115 | Val R²: -3063.7737
Epoch  1500 | Train Loss: 52.537312 | Val Loss: 48.572582 | Train R²: -1523.0900 | Val R²: -1343.0809
Epoch  2000 | Train Loss: 28.542549 | Val Loss: 26.154152 | Train R²: -827.0099 | Val R²: -722.7273
Epoch  2500 | Train Loss: 17.245106 | Val Loss: 15.676347 | Train R²: -499.2749 | Val R²: -432.7896
Epoch  3000 | Train Loss: 11.112848 | Val Loss: 10.026347 | Train R²: -321.3801 | Val R²: -276.4450
Epoch  3500 | Train Loss: 7.467455 | Val Loss: 6.687578 | Train R²: -215.6284 | Val R²: -184.0559
Epoch  4000 | Train Loss: 5.159960 | Val Loss: 4.586010 | Train R²: -148.6888 | Val R²: -125.9022
Epoch  4500 | Train Loss: 3.645447 | Val Loss: 3.216389 | Train R²: -104.7532 | Val R²: -88.0026
Epoch  5000 | Train Loss: 2.625893 | Val Loss: 2.301421 | Train R²: -75.1763 | Val R²: -62.6840
Epoch  5500 | Train Loss: 1.926716 | Val Loss: 1.678963 | Train R²: -54.8934 | Val R²: -45.4596
Epoch  6000 | Train Loss: 1.440875 | Val Loss: 1.250313 | Train R²: -40.7993 | Val R²: -33.5982
Epoch  6500 | Train Loss: 1.097980 | Val Loss: 0.950629 | Train R²: -30.8520 | Val R²: -25.3054
Epoch  7000 | Train Loss: 0.849261 | Val Loss: 0.735272 | Train R²: -23.6368 | Val R²: -19.3461
Epoch  7500 | Train Loss: 0.658772 | Val Loss: 0.571182 | Train R²: -18.1108 | Val R²: -14.8055
Epoch  8000 | Train Loss: 0.499267 | Val Loss: 0.432301 | Train R²: -13.4836 | Val R²: -10.9625
Epoch  8500 | Train Loss: 0.376301 | Val Loss: 0.323524 | Train R²: -9.9164 | Val R²: -7.9524
Epoch  9000 | Train Loss: 0.286968 | Val Loss: 0.245492 | Train R²: -7.3248 | Val R²: -5.7931
Epoch  9500 | Train Loss: 0.219317 | Val Loss: 0.186610 | Train R²: -5.3623 | Val R²: -4.1638
Epoch 10000 | Train Loss: 0.166829 | Val Loss: 0.141178 | Train R²: -3.8397 | Val R²: -2.9066
Epoch 10500 | Train Loss: 0.124998 | Val Loss: 0.105074 | Train R²: -2.6261 | Val R²: -1.9076
Epoch 11000 | Train Loss: 0.094337 | Val Loss: 0.078723 | Train R²: -1.7367 | Val R²: -1.1784
Epoch 11500 | Train Loss: 0.072741 | Val Loss: 0.060639 | Train R²: -1.1102 | Val R²: -0.6780
Epoch 12000 | Train Loss: 0.057460 | Val Loss: 0.048086 | Train R²: -0.6669 | Val R²: -0.3306
Epoch 12500 | Train Loss: 0.046437 | Val Loss: 0.039132 | Train R²: -0.3471 | Val R²: -0.0828
Epoch 13000 | Train Loss: 0.038399 | Val Loss: 0.032696 | Train R²: -0.1139 | Val R²: 0.0952
Epoch 13500 | Train Loss: 0.032468 | Val Loss: 0.028002 | Train R²: 0.0581 | Val R²: 0.2251
Epoch 14000 | Train Loss: 0.028005 | Val Loss: 0.024524 | Train R²: 0.1876 | Val R²: 0.3214
Epoch 14500 | Train Loss: 0.024577 | Val Loss: 0.021908 | Train R²: 0.2870 | Val R²: 0.3938
Epoch 15000 | Train Loss: 0.021973 | Val Loss: 0.019937 | Train R²: 0.3626 | Val R²: 0.4483
Epoch 15500 | Train Loss: 0.020039 | Val Loss: 0.018466 | Train R²: 0.4187 | Val R²: 0.4890
Epoch 16000 | Train Loss: 0.018594 | Val Loss: 0.017361 | Train R²: 0.4606 | Val R²: 0.5196
Epoch 16500 | Train Loss: 0.017469 | Val Loss: 0.016489 | Train R²: 0.4932 | Val R²: 0.5437
Epoch 17000 | Train Loss: 0.016537 | Val Loss: 0.015751 | Train R²: 0.5203 | Val R²: 0.5642
Epoch 17500 | Train Loss: 0.015725 | Val Loss: 0.015088 | Train R²: 0.5438 | Val R²: 0.5825
Epoch 18000 | Train Loss: 0.014977 | Val Loss: 0.014453 | Train R²: 0.5655 | Val R²: 0.6001
Epoch 18500 | Train Loss: 0.014249 | Val Loss: 0.013814 | Train R²: 0.5866 | Val R²: 0.6178
Epoch 19000 | Train Loss: 0.013522 | Val Loss: 0.013161 | Train R²: 0.6077 | Val R²: 0.6358
Epoch 19500 | Train Loss: 0.012795 | Val Loss: 0.012503 | Train R²: 0.6288 | Val R²: 0.6540
Epoch 20000 | Train Loss: 0.012077 | Val Loss: 0.011853 | Train R²: 0.6496 | Val R²: 0.6720
Epoch 20500 | Train Loss: 0.011380 | Val Loss: 0.011231 | Train R²: 0.6699 | Val R²: 0.6892
Epoch 21000 | Train Loss: 0.010698 | Val Loss: 0.010627 | Train R²: 0.6897 | Val R²: 0.7059
Epoch 21500 | Train Loss: 0.010016 | Val Loss: 0.010050 | Train R²: 0.7094 | Val R²: 0.7219
Epoch 22000 | Train Loss: 0.009369 | Val Loss: 0.009504 | Train R²: 0.7282 | Val R²: 0.7370
Epoch 22500 | Train Loss: 0.008746 | Val Loss: 0.008962 | Train R²: 0.7463 | Val R²: 0.7520
Epoch 23000 | Train Loss: 0.008143 | Val Loss: 0.008424 | Train R²: 0.7638 | Val R²: 0.7669
Epoch 23500 | Train Loss: 0.007567 | Val Loss: 0.007892 | Train R²: 0.7805 | Val R²: 0.7816
Epoch 24000 | Train Loss: 0.007012 | Val Loss: 0.007344 | Train R²: 0.7966 | Val R²: 0.7968
Epoch 24500 | Train Loss: 0.006418 | Val Loss: 0.006669 | Train R²: 0.8138 | Val R²: 0.8154
Epoch 25000 | Train Loss: 0.005859 | Val Loss: 0.006043 | Train R²: 0.8300 | Val R²: 0.8328
Epoch 25500 | Train Loss: 0.005320 | Val Loss: 0.005464 | Train R²: 0.8457 | Val R²: 0.8488
Epoch 26000 | Train Loss: 0.004809 | Val Loss: 0.004933 | Train R²: 0.8605 | Val R²: 0.8635
Epoch 26500 | Train Loss: 0.004363 | Val Loss: 0.004483 | Train R²: 0.8734 | Val R²: 0.8759
Epoch 27000 | Train Loss: 0.003990 | Val Loss: 0.004111 | Train R²: 0.8843 | Val R²: 0.8863
Epoch 27500 | Train Loss: 0.003666 | Val Loss: 0.003789 | Train R²: 0.8936 | Val R²: 0.8951
Epoch 28000 | Train Loss: 0.003396 | Val Loss: 0.003523 | Train R²: 0.9015 | Val R²: 0.9025
Epoch 28500 | Train Loss: 0.003184 | Val Loss: 0.003316 | Train R²: 0.9076 | Val R²: 0.9082
Epoch 29000 | Train Loss: 0.003035 | Val Loss: 0.003179 | Train R²: 0.9119 | Val R²: 0.9120
Epoch 29500 | Train Loss: 0.002947 | Val Loss: 0.003106 | Train R²: 0.9145 | Val R²: 0.9141
Early stopping at epoch 29945 due to flat/negative trend (slope=0.000002)
Epoch 29945 | Train Loss: 0.002899 | Val Loss: 0.003068 | Train R²: 0.9159 | Val R²: 0.9151
Unpickling models
Following models have been loaded and moved to cuda:
trained gpp model:
 SNN_GPP_Tram(
  (net): Sequential(
    (0): Linear(in_features=11, out_features=12, bias=True)
    (1): Tanh()
    (2): Linear(in_features=12, out_features=1, bias=True)
    (3): Sigmoid()
  )
), trained_reco_model:
 SNN_GPP_Tram(
  (net): Sequential(
    (0): Linear(in_features=11, out_features=12, bias=True)
    (1): Tanh()
    (2): Linear(in_features=12, out_features=1, bias=True)
    (3): Sigmoid()
  )
)
using full data set for visualization
Un-normalizing the GPP and RECO predictions using NEE min: tensor([-17.7365]), NEE max: tensor([5.4944])



Metrics for the Tramontana, with
GPP inputs: ['SW_IN', 'VPD', 'TA', 'WS', 'PotRad', 'PotRadHalfHourlyDiff', 'PotRadDailyAvg', 'PotRadDailyDiff', 'WD_COS', 'WD_SIN', 'GPP_PROX']
RECO inputs: ['DOY_sin', 'DOY_cos', 'TA', 'TS_1', 'TS_2', 'TS_3', 'TS_4', 'WS', 'WD_COS', 'WD_SIN', 'NIGHTLY_NEE_AVG']:
DT_GPP vs Tramontana_GPP R²=0.88 RMSE=1.25
NT_GPP vs Tramontana_GPP R²=0.90 RMSE=1.08
DT_RECO vs Tramontana_RECO R²=-0.50 RMSE=1.18
NT_RECO vs Tramontana_RECO R²=-0.04 RMSE=0.50
DT_GPP vs NT_GPP R²=0.81 RMSE=1.56
DT_RECO vs NT_RECO R²=-0.38 RMSE=1.00

gpp_input_names,  ['SW_IN', 'VPD', 'TA', 'WTD', 'WS', 'PotRad', 'PotRadHalfHourlyDiff', 'PotRadDailyAvg', 'PotRadDailyDiff', 'WD_COS', 'WD_SIN', 'GPP_PROX'] 
reco_input_names,  ['DOY_sin', 'DOY_cos', 'TA', 'TS_1', 'TS_2', 'TS_3', 'TS_4', 'WTD', 'WS', 'WD_COS', 'WD_SIN', 'NIGHTLY_NEE_AVG'] 
true_nee_name,  ['NEE'] 

Tramontana Running on GPU With hidden layer size of 12 Total epochs: 100000 lr: 0.001 patience: 500 min_delta 0.01
SNN_GPP_Tram(
  (net): Sequential(
    (0): Linear(in_features=12, out_features=12, bias=True)
    (1): Tanh()
    (2): Linear(in_features=12, out_features=1, bias=True)
    (3): Sigmoid()
  )
)
SNN_RECO_Tram(
  (net): Sequential(
    (0): Linear(in_features=12, out_features=12, bias=True)
    (1): Tanh()
    (2): Linear(in_features=12, out_features=1, bias=True)
    (3): Sigmoid()
  )
)
Params are min slope: 2e-06, trend window: 100
Epoch     0 | Train Loss: 18700.982422 | Val Loss: 19135.507812 | Train R²: -542508.3125 | Val R²: -529509.0000
Epoch   500 | Train Loss: 163.350082 | Val Loss: 153.270233 | Train R²: -4737.7319 | Val R²: -4240.2319
Epoch  1000 | Train Loss: 46.682320 | Val Loss: 42.008453 | Train R²: -1353.2386 | Val R²: -1161.4412
Epoch  1500 | Train Loss: 21.115623 | Val Loss: 18.478212 | Train R²: -611.5573 | Val R²: -510.3216
Epoch  2000 | Train Loss: 11.554618 | Val Loss: 9.898984 | Train R²: -334.1956 | Val R²: -272.9207
Epoch  2500 | Train Loss: 7.029140 | Val Loss: 5.921731 | Train R²: -202.9130 | Val R²: -162.8638
Epoch  3000 | Train Loss: 4.585946 | Val Loss: 3.814151 | Train R²: -132.0368 | Val R²: -104.5436
Epoch  3500 | Train Loss: 3.154951 | Val Loss: 2.601622 | Train R²: -90.5241 | Val R²: -70.9911
Epoch  4000 | Train Loss: 2.271113 | Val Loss: 1.866209 | Train R²: -64.8842 | Val R²: -50.6410
Epoch  4500 | Train Loss: 1.705372 | Val Loss: 1.404424 | Train R²: -48.4723 | Val R²: -37.8626
Epoch  5000 | Train Loss: 1.332695 | Val Loss: 1.106153 | Train R²: -37.6610 | Val R²: -29.6090
Epoch  5500 | Train Loss: 1.041568 | Val Loss: 0.868433 | Train R²: -29.2155 | Val R²: -23.0309
Epoch  6000 | Train Loss: 0.727847 | Val Loss: 0.596412 | Train R²: -20.1146 | Val R²: -15.5037
Epoch  6500 | Train Loss: 0.547132 | Val Loss: 0.448065 | Train R²: -14.8721 | Val R²: -11.3987
Epoch  7000 | Train Loss: 0.412967 | Val Loss: 0.336940 | Train R²: -10.9800 | Val R²: -8.3237
Epoch  7500 | Train Loss: 0.312263 | Val Loss: 0.253426 | Train R²: -8.0586 | Val R²: -6.0127
Epoch  8000 | Train Loss: 0.235391 | Val Loss: 0.190450 | Train R²: -5.8286 | Val R²: -4.2700
Epoch  8500 | Train Loss: 0.176863 | Val Loss: 0.142779 | Train R²: -4.1308 | Val R²: -2.9509
Epoch  9000 | Train Loss: 0.132565 | Val Loss: 0.106942 | Train R²: -2.8457 | Val R²: -1.9593
Epoch  9500 | Train Loss: 0.099099 | Val Loss: 0.080058 | Train R²: -1.8748 | Val R²: -1.2153
Epoch 10000 | Train Loss: 0.074110 | Val Loss: 0.060065 | Train R²: -1.1499 | Val R²: -0.6621
Epoch 10500 | Train Loss: 0.055893 | Val Loss: 0.045542 | Train R²: -0.6214 | Val R²: -0.2602
Epoch 11000 | Train Loss: 0.043048 | Val Loss: 0.035380 | Train R²: -0.2488 | Val R²: 0.0210
Epoch 11500 | Train Loss: 0.034357 | Val Loss: 0.028621 | Train R²: 0.0033 | Val R²: 0.2080
Epoch 12000 | Train Loss: 0.028506 | Val Loss: 0.024193 | Train R²: 0.1730 | Val R²: 0.3305
Epoch 12500 | Train Loss: 0.024277 | Val Loss: 0.020996 | Train R²: 0.2957 | Val R²: 0.4190
Epoch 13000 | Train Loss: 0.020726 | Val Loss: 0.018245 | Train R²: 0.3987 | Val R²: 0.4951
Epoch 13500 | Train Loss: 0.018147 | Val Loss: 0.016336 | Train R²: 0.4736 | Val R²: 0.5480
Epoch 14000 | Train Loss: 0.016297 | Val Loss: 0.014973 | Train R²: 0.5272 | Val R²: 0.5857
Epoch 14500 | Train Loss: 0.014867 | Val Loss: 0.013902 | Train R²: 0.5687 | Val R²: 0.6153
Epoch 15000 | Train Loss: 0.013650 | Val Loss: 0.012946 | Train R²: 0.6040 | Val R²: 0.6418
Epoch 15500 | Train Loss: 0.012586 | Val Loss: 0.012090 | Train R²: 0.6349 | Val R²: 0.6655
Epoch 16000 | Train Loss: 0.011665 | Val Loss: 0.011337 | Train R²: 0.6616 | Val R²: 0.6863
Epoch 16500 | Train Loss: 0.010857 | Val Loss: 0.010654 | Train R²: 0.6850 | Val R²: 0.7052
Epoch 17000 | Train Loss: 0.010116 | Val Loss: 0.010016 | Train R²: 0.7065 | Val R²: 0.7228
Epoch 17500 | Train Loss: 0.009440 | Val Loss: 0.009451 | Train R²: 0.7262 | Val R²: 0.7385
Epoch 18000 | Train Loss: 0.008836 | Val Loss: 0.008933 | Train R²: 0.7437 | Val R²: 0.7528
Epoch 18500 | Train Loss: 0.008289 | Val Loss: 0.008441 | Train R²: 0.7595 | Val R²: 0.7664
Epoch 19000 | Train Loss: 0.007789 | Val Loss: 0.007983 | Train R²: 0.7740 | Val R²: 0.7791
Epoch 19500 | Train Loss: 0.007310 | Val Loss: 0.007544 | Train R²: 0.7879 | Val R²: 0.7912
Epoch 20000 | Train Loss: 0.006848 | Val Loss: 0.007129 | Train R²: 0.8013 | Val R²: 0.8027
Epoch 20500 | Train Loss: 0.006393 | Val Loss: 0.006701 | Train R²: 0.8145 | Val R²: 0.8146
Epoch 21000 | Train Loss: 0.005978 | Val Loss: 0.006301 | Train R²: 0.8266 | Val R²: 0.8257
Epoch 21500 | Train Loss: 0.005584 | Val Loss: 0.005911 | Train R²: 0.8380 | Val R²: 0.8364
Epoch 22000 | Train Loss: 0.005208 | Val Loss: 0.005542 | Train R²: 0.8489 | Val R²: 0.8466
Epoch 22500 | Train Loss: 0.004859 | Val Loss: 0.005201 | Train R²: 0.8590 | Val R²: 0.8561
Epoch 23000 | Train Loss: 0.004544 | Val Loss: 0.004887 | Train R²: 0.8682 | Val R²: 0.8648
Epoch 23500 | Train Loss: 0.004267 | Val Loss: 0.004593 | Train R²: 0.8762 | Val R²: 0.8729
Epoch 24000 | Train Loss: 0.004016 | Val Loss: 0.004319 | Train R²: 0.8835 | Val R²: 0.8805
Epoch 24500 | Train Loss: 0.003776 | Val Loss: 0.004057 | Train R²: 0.8905 | Val R²: 0.8877
Epoch 25000 | Train Loss: 0.003541 | Val Loss: 0.003805 | Train R²: 0.8973 | Val R²: 0.8947
Epoch 25500 | Train Loss: 0.003316 | Val Loss: 0.003566 | Train R²: 0.9038 | Val R²: 0.9013
Epoch 26000 | Train Loss: 0.003104 | Val Loss: 0.003341 | Train R²: 0.9100 | Val R²: 0.9075
Epoch 26500 | Train Loss: 0.002917 | Val Loss: 0.003140 | Train R²: 0.9154 | Val R²: 0.9131
Epoch 27000 | Train Loss: 0.002785 | Val Loss: 0.003000 | Train R²: 0.9192 | Val R²: 0.9170
Epoch 27500 | Train Loss: 0.002714 | Val Loss: 0.002930 | Train R²: 0.9213 | Val R²: 0.9189
Early stopping at epoch 27729 due to flat/negative trend (slope=0.000002)
Epoch 27729 | Train Loss: 0.002694 | Val Loss: 0.002912 | Train R²: 0.9218 | Val R²: 0.9194
Unpickling models
Following models have been loaded and moved to cuda:
trained gpp model:
 SNN_GPP_Tram(
  (net): Sequential(
    (0): Linear(in_features=12, out_features=12, bias=True)
    (1): Tanh()
    (2): Linear(in_features=12, out_features=1, bias=True)
    (3): Sigmoid()
  )
), trained_reco_model:
 SNN_GPP_Tram(
  (net): Sequential(
    (0): Linear(in_features=12, out_features=12, bias=True)
    (1): Tanh()
    (2): Linear(in_features=12, out_features=1, bias=True)
    (3): Sigmoid()
  )
)
using full data set for visualization
Un-normalizing the GPP and RECO predictions using NEE min: tensor([-17.7365]), NEE max: tensor([5.4944])



Metrics for the Tramontana, with
GPP inputs: ['SW_IN', 'VPD', 'TA', 'WTD', 'WS', 'PotRad', 'PotRadHalfHourlyDiff', 'PotRadDailyAvg', 'PotRadDailyDiff', 'WD_COS', 'WD_SIN', 'GPP_PROX']
RECO inputs: ['DOY_sin', 'DOY_cos', 'TA', 'TS_1', 'TS_2', 'TS_3', 'TS_4', 'WTD', 'WS', 'WD_COS', 'WD_SIN', 'NIGHTLY_NEE_AVG']:
DT_GPP vs Tramontana_GPP R²=0.89 RMSE=1.21
NT_GPP vs Tramontana_GPP R²=0.88 RMSE=1.17
DT_RECO vs Tramontana_RECO R²=-0.37 RMSE=1.12
NT_RECO vs Tramontana_RECO R²=-1.06 RMSE=0.71
DT_GPP vs NT_GPP R²=0.81 RMSE=1.56
DT_RECO vs NT_RECO R²=-0.38 RMSE=1.00

gpp_input_names,  ['SW_IN', 'VPD', 'TA', 'WTD', 'WS', 'PotRad', 'PotRadHalfHourlyDiff', 'PotRadDailyAvg', 'PotRadDailyDiff', 'WD_COS', 'WD_SIN', 'GPP_PROX', 'Salinity'] 
reco_input_names,  ['DOY_sin', 'DOY_cos', 'TA', 'TS_1', 'TS_2', 'TS_3', 'TS_4', 'WTD', 'WS', 'WD_COS', 'WD_SIN', 'NIGHTLY_NEE_AVG', 'Salinity'] 
true_nee_name,  ['NEE'] 

Tramontana Running on GPU With hidden layer size of 12 Total epochs: 100000 lr: 0.001 patience: 500 min_delta 0.01
SNN_GPP_Tram(
  (net): Sequential(
    (0): Linear(in_features=13, out_features=12, bias=True)
    (1): Tanh()
    (2): Linear(in_features=12, out_features=1, bias=True)
    (3): Sigmoid()
  )
)
SNN_RECO_Tram(
  (net): Sequential(
    (0): Linear(in_features=13, out_features=12, bias=True)
    (1): Tanh()
    (2): Linear(in_features=12, out_features=1, bias=True)
    (3): Sigmoid()
  )
)
Params are min slope: 2e-06, trend window: 100
Epoch     0 | Train Loss: 32521.457031 | Val Loss: 33527.210938 | Train R²: -943435.6250 | Val R²: -927750.5625
Epoch   500 | Train Loss: 311.145355 | Val Loss: 300.867218 | Train R²: -9025.2236 | Val R²: -8324.4756
Epoch  1000 | Train Loss: 86.472252 | Val Loss: 81.668404 | Train R²: -2507.5315 | Val R²: -2258.8953
Epoch  1500 | Train Loss: 38.553204 | Val Loss: 35.938808 | Train R²: -1117.4158 | Val R²: -993.4842
Epoch  2000 | Train Loss: 20.848583 | Val Loss: 19.250612 | Train R²: -603.8105 | Val R²: -531.6952
Epoch  2500 | Train Loss: 12.516202 | Val Loss: 11.466393 | Train R²: -362.0909 | Val R²: -316.2934
Epoch  3000 | Train Loss: 8.024202 | Val Loss: 7.301041 | Train R²: -231.7794 | Val R²: -201.0315
Epoch  3500 | Train Loss: 5.387941 | Val Loss: 4.873172 | Train R²: -155.3024 | Val R²: -133.8484
Epoch  4000 | Train Loss: 3.751677 | Val Loss: 3.376423 | Train R²: -107.8349 | Val R²: -92.4310
Epoch  4500 | Train Loss: 2.697132 | Val Loss: 2.418611 | Train R²: -77.2429 | Val R²: -65.9268
Epoch  5000 | Train Loss: 2.000179 | Val Loss: 1.790490 | Train R²: -57.0245 | Val R²: -48.5457
Epoch  5500 | Train Loss: 1.531720 | Val Loss: 1.371949 | Train R²: -43.4347 | Val R²: -36.9640
Epoch  6000 | Train Loss: 1.210080 | Val Loss: 1.086884 | Train R²: -34.1040 | Val R²: -29.0758
Epoch  6500 | Train Loss: 0.878166 | Val Loss: 0.778757 | Train R²: -24.4753 | Val R²: -20.5494
Epoch  7000 | Train Loss: 0.662601 | Val Loss: 0.584721 | Train R²: -18.2218 | Val R²: -15.1802
Epoch  7500 | Train Loss: 0.508527 | Val Loss: 0.448274 | Train R²: -13.7522 | Val R²: -11.4045
Epoch  8000 | Train Loss: 0.374500 | Val Loss: 0.324744 | Train R²: -9.8641 | Val R²: -7.9862
Epoch  8500 | Train Loss: 0.268350 | Val Loss: 0.227887 | Train R²: -6.7847 | Val R²: -5.3060
Epoch  9000 | Train Loss: 0.194084 | Val Loss: 0.162805 | Train R²: -4.6303 | Val R²: -3.5051
Epoch  9500 | Train Loss: 0.141738 | Val Loss: 0.117647 | Train R²: -3.1118 | Val R²: -2.2555
Epoch 10000 | Train Loss: 0.103809 | Val Loss: 0.085275 | Train R²: -2.0115 | Val R²: -1.3597
Epoch 10500 | Train Loss: 0.075591 | Val Loss: 0.061651 | Train R²: -1.1929 | Val R²: -0.7060
Epoch 11000 | Train Loss: 0.055729 | Val Loss: 0.045655 | Train R²: -0.6167 | Val R²: -0.2633
Epoch 11500 | Train Loss: 0.043012 | Val Loss: 0.035667 | Train R²: -0.2478 | Val R²: 0.0130
Epoch 12000 | Train Loss: 0.034809 | Val Loss: 0.029255 | Train R²: -0.0098 | Val R²: 0.1905
Epoch 12500 | Train Loss: 0.029098 | Val Loss: 0.024785 | Train R²: 0.1559 | Val R²: 0.3142
Epoch 13000 | Train Loss: 0.024748 | Val Loss: 0.021336 | Train R²: 0.2821 | Val R²: 0.4096
Epoch 13500 | Train Loss: 0.021172 | Val Loss: 0.018422 | Train R²: 0.3858 | Val R²: 0.4902
Epoch 14000 | Train Loss: 0.018126 | Val Loss: 0.015891 | Train R²: 0.4742 | Val R²: 0.5603
Epoch 14500 | Train Loss: 0.015673 | Val Loss: 0.013873 | Train R²: 0.5453 | Val R²: 0.6161
Epoch 15000 | Train Loss: 0.013790 | Val Loss: 0.012359 | Train R²: 0.5999 | Val R²: 0.6580
Epoch 15500 | Train Loss: 0.012349 | Val Loss: 0.011240 | Train R²: 0.6418 | Val R²: 0.6890
Epoch 16000 | Train Loss: 0.011263 | Val Loss: 0.010418 | Train R²: 0.6733 | Val R²: 0.7117
Epoch 16500 | Train Loss: 0.010443 | Val Loss: 0.009794 | Train R²: 0.6970 | Val R²: 0.7290
Epoch 17000 | Train Loss: 0.009794 | Val Loss: 0.009285 | Train R²: 0.7159 | Val R²: 0.7431
Epoch 17500 | Train Loss: 0.009262 | Val Loss: 0.008856 | Train R²: 0.7313 | Val R²: 0.7549
Epoch 18000 | Train Loss: 0.008816 | Val Loss: 0.008496 | Train R²: 0.7443 | Val R²: 0.7649
Epoch 18500 | Train Loss: 0.008417 | Val Loss: 0.008181 | Train R²: 0.7558 | Val R²: 0.7736
Epoch 19000 | Train Loss: 0.008047 | Val Loss: 0.007895 | Train R²: 0.7666 | Val R²: 0.7815
Epoch 19500 | Train Loss: 0.007703 | Val Loss: 0.007623 | Train R²: 0.7766 | Val R²: 0.7891
Epoch 20000 | Train Loss: 0.007369 | Val Loss: 0.007352 | Train R²: 0.7862 | Val R²: 0.7966
Epoch 20500 | Train Loss: 0.007028 | Val Loss: 0.007073 | Train R²: 0.7961 | Val R²: 0.8043
Epoch 21000 | Train Loss: 0.006672 | Val Loss: 0.006777 | Train R²: 0.8065 | Val R²: 0.8125
Epoch 21500 | Train Loss: 0.006305 | Val Loss: 0.006463 | Train R²: 0.8171 | Val R²: 0.8212
Epoch 22000 | Train Loss: 0.005939 | Val Loss: 0.006137 | Train R²: 0.8277 | Val R²: 0.8302
Epoch 22500 | Train Loss: 0.005583 | Val Loss: 0.005800 | Train R²: 0.8380 | Val R²: 0.8395
Epoch 23000 | Train Loss: 0.005213 | Val Loss: 0.005425 | Train R²: 0.8488 | Val R²: 0.8499
Epoch 23500 | Train Loss: 0.004758 | Val Loss: 0.004936 | Train R²: 0.8620 | Val R²: 0.8634
Epoch 24000 | Train Loss: 0.004189 | Val Loss: 0.004332 | Train R²: 0.8785 | Val R²: 0.8801
Epoch 24500 | Train Loss: 0.003711 | Val Loss: 0.003853 | Train R²: 0.8923 | Val R²: 0.8934
Epoch 25000 | Train Loss: 0.003406 | Val Loss: 0.003546 | Train R²: 0.9012 | Val R²: 0.9019
Epoch 25500 | Train Loss: 0.003188 | Val Loss: 0.003319 | Train R²: 0.9075 | Val R²: 0.9082
Epoch 26000 | Train Loss: 0.003026 | Val Loss: 0.003153 | Train R²: 0.9122 | Val R²: 0.9127
Epoch 26500 | Train Loss: 0.002909 | Val Loss: 0.003042 | Train R²: 0.9156 | Val R²: 0.9158
Epoch 27000 | Train Loss: 0.002823 | Val Loss: 0.002967 | Train R²: 0.9181 | Val R²: 0.9179
Epoch 27500 | Train Loss: 0.002759 | Val Loss: 0.002914 | Train R²: 0.9200 | Val R²: 0.9194
Early stopping at epoch 27911 due to flat/negative trend (slope=0.000002)
Epoch 27911 | Train Loss: 0.002721 | Val Loss: 0.002882 | Train R²: 0.9211 | Val R²: 0.9203
Unpickling models
Following models have been loaded and moved to cuda:
trained gpp model:
 SNN_GPP_Tram(
  (net): Sequential(
    (0): Linear(in_features=13, out_features=12, bias=True)
    (1): Tanh()
    (2): Linear(in_features=12, out_features=1, bias=True)
    (3): Sigmoid()
  )
), trained_reco_model:
 SNN_GPP_Tram(
  (net): Sequential(
    (0): Linear(in_features=13, out_features=12, bias=True)
    (1): Tanh()
    (2): Linear(in_features=12, out_features=1, bias=True)
    (3): Sigmoid()
  )
)
using full data set for visualization
Un-normalizing the GPP and RECO predictions using NEE min: tensor([-17.7365]), NEE max: tensor([5.4944])



Metrics for the Tramontana, with
GPP inputs: ['SW_IN', 'VPD', 'TA', 'WTD', 'WS', 'PotRad', 'PotRadHalfHourlyDiff', 'PotRadDailyAvg', 'PotRadDailyDiff', 'WD_COS', 'WD_SIN', 'GPP_PROX', 'Salinity']
RECO inputs: ['DOY_sin', 'DOY_cos', 'TA', 'TS_1', 'TS_2', 'TS_3', 'TS_4', 'WTD', 'WS', 'WD_COS', 'WD_SIN', 'NIGHTLY_NEE_AVG', 'Salinity']:
DT_GPP vs Tramontana_GPP R²=0.88 RMSE=1.22
NT_GPP vs Tramontana_GPP R²=0.86 RMSE=1.29
DT_RECO vs Tramontana_RECO R²=-0.39 RMSE=1.13
NT_RECO vs Tramontana_RECO R²=-2.28 RMSE=0.89
DT_GPP vs NT_GPP R²=0.81 RMSE=1.56
DT_RECO vs NT_RECO R²=-0.38 RMSE=1.00

gpp_input_names,  ['SW_IN', 'VPD', 'TA', 'WTD', 'WS', 'PotRad', 'PotRadHalfHourlyDiff', 'PotRadDailyAvg', 'PotRadDailyDiff', 'WD_COS', 'WD_SIN', 'GPP_PROX', 'WTD_HalfHourlyDiff'] 
reco_input_names,  ['DOY_sin', 'DOY_cos', 'TA', 'TS_1', 'TS_2', 'TS_3', 'TS_4', 'WTD', 'WS', 'WD_COS', 'WD_SIN', 'NIGHTLY_NEE_AVG', 'WTD_HalfHourlyDiff'] 
true_nee_name,  ['NEE'] 

Tramontana Running on GPU With hidden layer size of 12 Total epochs: 100000 lr: 0.001 patience: 500 min_delta 0.01
SNN_GPP_Tram(
  (net): Sequential(
    (0): Linear(in_features=13, out_features=12, bias=True)
    (1): Tanh()
    (2): Linear(in_features=12, out_features=1, bias=True)
    (3): Sigmoid()
  )
)
SNN_RECO_Tram(
  (net): Sequential(
    (0): Linear(in_features=13, out_features=12, bias=True)
    (1): Tanh()
    (2): Linear(in_features=12, out_features=1, bias=True)
    (3): Sigmoid()
  )
)
Params are min slope: 2e-06, trend window: 100
Epoch     0 | Train Loss: 30055.066406 | Val Loss: 31029.097656 | Train R²: -871886.5000 | Val R²: -858623.7500
Epoch   500 | Train Loss: 366.734436 | Val Loss: 354.659058 | Train R²: -10637.8447 | Val R²: -9812.9844
Epoch  1000 | Train Loss: 104.024963 | Val Loss: 97.002312 | Train R²: -3016.7295 | Val R²: -2683.2092
Epoch  1500 | Train Loss: 46.938370 | Val Loss: 42.789288 | Train R²: -1360.6666 | Val R²: -1183.0480
Epoch  2000 | Train Loss: 25.599144 | Val Loss: 22.945442 | Train R²: -741.6228 | Val R²: -633.9371
Epoch  2500 | Train Loss: 15.459151 | Val Loss: 13.665010 | Train R²: -447.4649 | Val R²: -377.1327
Epoch  3000 | Train Loss: 9.945526 | Val Loss: 8.685965 | Train R²: -287.5164 | Val R²: -239.3545
Epoch  3500 | Train Loss: 6.683841 | Val Loss: 5.776139 | Train R²: -192.8960 | Val R²: -158.8350
Epoch  4000 | Train Loss: 4.644003 | Val Loss: 3.977525 | Train R²: -133.7210 | Val R²: -109.0645
Epoch  4500 | Train Loss: 3.319418 | Val Loss: 2.823251 | Train R²: -95.2952 | Val R²: -77.1238
Epoch  5000 | Train Loss: 2.436192 | Val Loss: 2.062798 | Train R²: -69.6731 | Val R²: -56.0809
Epoch  5500 | Train Loss: 1.819985 | Val Loss: 1.535613 | Train R²: -51.7971 | Val R²: -41.4929
Epoch  6000 | Train Loss: 1.320967 | Val Loss: 1.103111 | Train R²: -37.3208 | Val R²: -29.5249
Epoch  6500 | Train Loss: 1.003416 | Val Loss: 0.835118 | Train R²: -28.1088 | Val R²: -22.1091
Epoch  7000 | Train Loss: 0.768835 | Val Loss: 0.637885 | Train R²: -21.3036 | Val R²: -16.6513
Epoch  7500 | Train Loss: 0.594681 | Val Loss: 0.494449 | Train R²: -16.2515 | Val R²: -12.6822
Epoch  8000 | Train Loss: 0.445562 | Val Loss: 0.366672 | Train R²: -11.9256 | Val R²: -9.1464
Epoch  8500 | Train Loss: 0.321520 | Val Loss: 0.258639 | Train R²: -8.3272 | Val R²: -6.1570
Epoch  9000 | Train Loss: 0.234645 | Val Loss: 0.186986 | Train R²: -5.8070 | Val R²: -4.1742
Epoch  9500 | Train Loss: 0.172027 | Val Loss: 0.136151 | Train R²: -3.9905 | Val R²: -2.7675
Epoch 10000 | Train Loss: 0.125461 | Val Loss: 0.098485 | Train R²: -2.6396 | Val R²: -1.7252
Epoch 10500 | Train Loss: 0.091199 | Val Loss: 0.071121 | Train R²: -1.6457 | Val R²: -0.9680
Epoch 11000 | Train Loss: 0.067910 | Val Loss: 0.053217 | Train R²: -0.9700 | Val R²: -0.4726
Epoch 11500 | Train Loss: 0.052766 | Val Loss: 0.041934 | Train R²: -0.5307 | Val R²: -0.1604
Epoch 12000 | Train Loss: 0.042471 | Val Loss: 0.034362 | Train R²: -0.2321 | Val R²: 0.0491
Epoch 12500 | Train Loss: 0.034962 | Val Loss: 0.028782 | Train R²: -0.0142 | Val R²: 0.2036
Epoch 13000 | Train Loss: 0.029168 | Val Loss: 0.024375 | Train R²: 0.1538 | Val R²: 0.3255
Epoch 13500 | Train Loss: 0.024500 | Val Loss: 0.020774 | Train R²: 0.2893 | Val R²: 0.4251
Epoch 14000 | Train Loss: 0.020519 | Val Loss: 0.017638 | Train R²: 0.4048 | Val R²: 0.5119
Epoch 14500 | Train Loss: 0.017209 | Val Loss: 0.015000 | Train R²: 0.5008 | Val R²: 0.5849
Epoch 15000 | Train Loss: 0.014759 | Val Loss: 0.013066 | Train R²: 0.5718 | Val R²: 0.6384
Epoch 15500 | Train Loss: 0.013025 | Val Loss: 0.011717 | Train R²: 0.6222 | Val R²: 0.6758
Epoch 16000 | Train Loss: 0.011765 | Val Loss: 0.010752 | Train R²: 0.6587 | Val R²: 0.7025
Epoch 16500 | Train Loss: 0.010804 | Val Loss: 0.010022 | Train R²: 0.6866 | Val R²: 0.7227
Epoch 17000 | Train Loss: 0.010038 | Val Loss: 0.009436 | Train R²: 0.7088 | Val R²: 0.7389
Epoch 17500 | Train Loss: 0.009397 | Val Loss: 0.008932 | Train R²: 0.7274 | Val R²: 0.7528
Epoch 18000 | Train Loss: 0.008825 | Val Loss: 0.008469 | Train R²: 0.7440 | Val R²: 0.7657
Epoch 18500 | Train Loss: 0.008300 | Val Loss: 0.008036 | Train R²: 0.7592 | Val R²: 0.7776
Epoch 19000 | Train Loss: 0.007797 | Val Loss: 0.007604 | Train R²: 0.7738 | Val R²: 0.7896
Epoch 19500 | Train Loss: 0.007290 | Val Loss: 0.007151 | Train R²: 0.7885 | Val R²: 0.8021
Epoch 20000 | Train Loss: 0.006799 | Val Loss: 0.006710 | Train R²: 0.8028 | Val R²: 0.8143
Epoch 20500 | Train Loss: 0.006354 | Val Loss: 0.006312 | Train R²: 0.8157 | Val R²: 0.8253
Epoch 21000 | Train Loss: 0.005952 | Val Loss: 0.005960 | Train R²: 0.8273 | Val R²: 0.8351
Epoch 21500 | Train Loss: 0.005555 | Val Loss: 0.005612 | Train R²: 0.8388 | Val R²: 0.8447
Epoch 22000 | Train Loss: 0.005115 | Val Loss: 0.005206 | Train R²: 0.8516 | Val R²: 0.8559
Epoch 22500 | Train Loss: 0.004605 | Val Loss: 0.004719 | Train R²: 0.8664 | Val R²: 0.8694
Epoch 23000 | Train Loss: 0.004139 | Val Loss: 0.004265 | Train R²: 0.8799 | Val R²: 0.8820
Epoch 23500 | Train Loss: 0.003800 | Val Loss: 0.003927 | Train R²: 0.8898 | Val R²: 0.8913
Epoch 24000 | Train Loss: 0.003538 | Val Loss: 0.003666 | Train R²: 0.8974 | Val R²: 0.8985
Epoch 24500 | Train Loss: 0.003328 | Val Loss: 0.003457 | Train R²: 0.9035 | Val R²: 0.9044
Epoch 25000 | Train Loss: 0.003141 | Val Loss: 0.003278 | Train R²: 0.9089 | Val R²: 0.9093
Epoch 25500 | Train Loss: 0.002972 | Val Loss: 0.003121 | Train R²: 0.9138 | Val R²: 0.9136
Epoch 26000 | Train Loss: 0.002839 | Val Loss: 0.002997 | Train R²: 0.9176 | Val R²: 0.9171
Epoch 26500 | Train Loss: 0.002749 | Val Loss: 0.002911 | Train R²: 0.9202 | Val R²: 0.9195
Epoch 27000 | Train Loss: 0.002689 | Val Loss: 0.002852 | Train R²: 0.9220 | Val R²: 0.9211
Epoch 27500 | Train Loss: 0.002646 | Val Loss: 0.002810 | Train R²: 0.9232 | Val R²: 0.9222
Early stopping at epoch 27515 due to flat/negative trend (slope=0.000002)
Epoch 27515 | Train Loss: 0.002645 | Val Loss: 0.002809 | Train R²: 0.9233 | Val R²: 0.9223
Unpickling models
Following models have been loaded and moved to cuda:
trained gpp model:
 SNN_GPP_Tram(
  (net): Sequential(
    (0): Linear(in_features=13, out_features=12, bias=True)
    (1): Tanh()
    (2): Linear(in_features=12, out_features=1, bias=True)
    (3): Sigmoid()
  )
), trained_reco_model:
 SNN_GPP_Tram(
  (net): Sequential(
    (0): Linear(in_features=13, out_features=12, bias=True)
    (1): Tanh()
    (2): Linear(in_features=12, out_features=1, bias=True)
    (3): Sigmoid()
  )
)
using full data set for visualization
Un-normalizing the GPP and RECO predictions using NEE min: tensor([-17.7365]), NEE max: tensor([5.4944])



Metrics for the Tramontana, with
GPP inputs: ['SW_IN', 'VPD', 'TA', 'WTD', 'WS', 'PotRad', 'PotRadHalfHourlyDiff', 'PotRadDailyAvg', 'PotRadDailyDiff', 'WD_COS', 'WD_SIN', 'GPP_PROX', 'WTD_HalfHourlyDiff']
RECO inputs: ['DOY_sin', 'DOY_cos', 'TA', 'TS_1', 'TS_2', 'TS_3', 'TS_4', 'WTD', 'WS', 'WD_COS', 'WD_SIN', 'NIGHTLY_NEE_AVG', 'WTD_HalfHourlyDiff']:
DT_GPP vs Tramontana_GPP R²=0.87 RMSE=1.27
NT_GPP vs Tramontana_GPP R²=0.86 RMSE=1.26
DT_RECO vs Tramontana_RECO R²=-0.49 RMSE=1.17
NT_RECO vs Tramontana_RECO R²=-2.14 RMSE=0.87
DT_GPP vs NT_GPP R²=0.81 RMSE=1.56
DT_RECO vs NT_RECO R²=-0.38 RMSE=1.00

gpp_input_names,  ['SW_IN', 'VPD', 'TA', 'WTD', 'WS', 'PotRad', 'PotRadHalfHourlyDiff', 'PotRadDailyAvg', 'PotRadDailyDiff', 'WD_COS', 'WD_SIN', 'GPP_PROX', 'Salinity', 'WTD_HalfHourlyDiff'] 
reco_input_names,  ['DOY_sin', 'DOY_cos', 'TA', 'TS_1', 'TS_2', 'TS_3', 'TS_4', 'WTD', 'WS', 'WD_COS', 'WD_SIN', 'NIGHTLY_NEE_AVG', 'Salinity', 'WTD_HalfHourlyDiff'] 
true_nee_name,  ['NEE'] 

Tramontana Running on GPU With hidden layer size of 12 Total epochs: 100000 lr: 0.001 patience: 500 min_delta 0.01
SNN_GPP_Tram(
  (net): Sequential(
    (0): Linear(in_features=14, out_features=12, bias=True)
    (1): Tanh()
    (2): Linear(in_features=12, out_features=1, bias=True)
    (3): Sigmoid()
  )
)
SNN_RECO_Tram(
  (net): Sequential(
    (0): Linear(in_features=14, out_features=12, bias=True)
    (1): Tanh()
    (2): Linear(in_features=12, out_features=1, bias=True)
    (3): Sigmoid()
  )
)
Params are min slope: 2e-06, trend window: 100
Epoch     0 | Train Loss: 16826.027344 | Val Loss: 16969.976562 | Train R²: -488116.4688 | Val R²: -469585.3750
Epoch   500 | Train Loss: 114.120300 | Val Loss: 107.225845 | Train R²: -3309.5923 | Val R²: -2966.1104
Epoch  1000 | Train Loss: 31.395285 | Val Loss: 29.138330 | Train R²: -909.7668 | Val R²: -805.3041
Epoch  1500 | Train Loss: 13.851713 | Val Loss: 12.756159 | Train R²: -400.8336 | Val R²: -351.9833
Epoch  2000 | Train Loss: 7.468342 | Val Loss: 6.836457 | Train R²: -215.6541 | Val R²: -188.1757
Epoch  2500 | Train Loss: 4.513076 | Val Loss: 4.112218 | Train R²: -129.9228 | Val R²: -112.7917
Epoch  3000 | Train Loss: 2.940408 | Val Loss: 2.670208 | Train R²: -84.3003 | Val R²: -72.8889
Epoch  3500 | Train Loss: 1.989891 | Val Loss: 1.798965 | Train R²: -56.7261 | Val R²: -48.7802
Epoch  4000 | Train Loss: 1.391221 | Val Loss: 1.253001 | Train R²: -39.3589 | Val R²: -33.6725
Epoch  4500 | Train Loss: 1.009540 | Val Loss: 0.907576 | Train R²: -28.2864 | Val R²: -24.1141
Epoch  5000 | Train Loss: 0.756415 | Val Loss: 0.680008 | Train R²: -20.9433 | Val R²: -17.8169
Epoch  5500 | Train Loss: 0.584679 | Val Loss: 0.526926 | Train R²: -15.9613 | Val R²: -13.5809
Epoch  6000 | Train Loss: 0.453899 | Val Loss: 0.411748 | Train R²: -12.1675 | Val R²: -10.3937
Epoch  6500 | Train Loss: 0.334604 | Val Loss: 0.303533 | Train R²: -8.7068 | Val R²: -7.3992
Epoch  7000 | Train Loss: 0.245134 | Val Loss: 0.219685 | Train R²: -6.1113 | Val R²: -5.0790
Epoch  7500 | Train Loss: 0.183671 | Val Loss: 0.163697 | Train R²: -4.3282 | Val R²: -3.5297
Epoch  8000 | Train Loss: 0.137765 | Val Loss: 0.122197 | Train R²: -2.9965 | Val R²: -2.3814
Epoch  8500 | Train Loss: 0.103247 | Val Loss: 0.091074 | Train R²: -1.9952 | Val R²: -1.5202
Epoch  9000 | Train Loss: 0.077472 | Val Loss: 0.067951 | Train R²: -1.2474 | Val R²: -0.8803
Epoch  9500 | Train Loss: 0.058549 | Val Loss: 0.051192 | Train R²: -0.6985 | Val R²: -0.4166
Epoch 10000 | Train Loss: 0.044850 | Val Loss: 0.039270 | Train R²: -0.3011 | Val R²: -0.0867
Epoch 10500 | Train Loss: 0.035068 | Val Loss: 0.030908 | Train R²: -0.0173 | Val R²: 0.1447
Epoch 11000 | Train Loss: 0.028165 | Val Loss: 0.025075 | Train R²: 0.1829 | Val R²: 0.3061
Epoch 11500 | Train Loss: 0.023345 | Val Loss: 0.021026 | Train R²: 0.3228 | Val R²: 0.4182
Epoch 12000 | Train Loss: 0.019955 | Val Loss: 0.018203 | Train R²: 0.4211 | Val R²: 0.4963
Epoch 12500 | Train Loss: 0.017480 | Val Loss: 0.016168 | Train R²: 0.4929 | Val R²: 0.5526
Epoch 13000 | Train Loss: 0.015634 | Val Loss: 0.014657 | Train R²: 0.5465 | Val R²: 0.5944
Epoch 13500 | Train Loss: 0.014236 | Val Loss: 0.013508 | Train R²: 0.5870 | Val R²: 0.6262
Epoch 14000 | Train Loss: 0.013160 | Val Loss: 0.012619 | Train R²: 0.6182 | Val R²: 0.6508
Epoch 14500 | Train Loss: 0.012305 | Val Loss: 0.011901 | Train R²: 0.6430 | Val R²: 0.6707
Epoch 15000 | Train Loss: 0.011565 | Val Loss: 0.011261 | Train R²: 0.6645 | Val R²: 0.6884
Epoch 15500 | Train Loss: 0.010860 | Val Loss: 0.010628 | Train R²: 0.6850 | Val R²: 0.7059
Epoch 16000 | Train Loss: 0.010156 | Val Loss: 0.009982 | Train R²: 0.7054 | Val R²: 0.7238
Epoch 16500 | Train Loss: 0.009455 | Val Loss: 0.009329 | Train R²: 0.7257 | Val R²: 0.7419
Epoch 17000 | Train Loss: 0.008767 | Val Loss: 0.008684 | Train R²: 0.7457 | Val R²: 0.7597
Epoch 17500 | Train Loss: 0.008100 | Val Loss: 0.008065 | Train R²: 0.7650 | Val R²: 0.7768
Epoch 18000 | Train Loss: 0.007484 | Val Loss: 0.007500 | Train R²: 0.7829 | Val R²: 0.7925
Epoch 18500 | Train Loss: 0.006940 | Val Loss: 0.007002 | Train R²: 0.7987 | Val R²: 0.8062
Epoch 19000 | Train Loss: 0.006474 | Val Loss: 0.006575 | Train R²: 0.8122 | Val R²: 0.8181
Epoch 19500 | Train Loss: 0.006072 | Val Loss: 0.006205 | Train R²: 0.8239 | Val R²: 0.8283
Epoch 20000 | Train Loss: 0.005686 | Val Loss: 0.005828 | Train R²: 0.8351 | Val R²: 0.8387
Epoch 20500 | Train Loss: 0.005311 | Val Loss: 0.005461 | Train R²: 0.8459 | Val R²: 0.8489
Epoch 21000 | Train Loss: 0.004956 | Val Loss: 0.005112 | Train R²: 0.8562 | Val R²: 0.8585
Epoch 21500 | Train Loss: 0.004614 | Val Loss: 0.004777 | Train R²: 0.8661 | Val R²: 0.8678
Epoch 22000 | Train Loss: 0.004276 | Val Loss: 0.004448 | Train R²: 0.8759 | Val R²: 0.8769
Epoch 22500 | Train Loss: 0.003961 | Val Loss: 0.004135 | Train R²: 0.8851 | Val R²: 0.8856
Epoch 23000 | Train Loss: 0.003690 | Val Loss: 0.003858 | Train R²: 0.8929 | Val R²: 0.8932
Epoch 23500 | Train Loss: 0.003465 | Val Loss: 0.003625 | Train R²: 0.8995 | Val R²: 0.8997
Epoch 24000 | Train Loss: 0.003272 | Val Loss: 0.003420 | Train R²: 0.9051 | Val R²: 0.9054
Epoch 24500 | Train Loss: 0.003121 | Val Loss: 0.003263 | Train R²: 0.9095 | Val R²: 0.9097
Epoch 25000 | Train Loss: 0.002996 | Val Loss: 0.003140 | Train R²: 0.9131 | Val R²: 0.9131
Epoch 25500 | Train Loss: 0.002892 | Val Loss: 0.003044 | Train R²: 0.9161 | Val R²: 0.9158
Epoch 26000 | Train Loss: 0.002811 | Val Loss: 0.002971 | Train R²: 0.9184 | Val R²: 0.9178
Epoch 26500 | Train Loss: 0.002752 | Val Loss: 0.002920 | Train R²: 0.9202 | Val R²: 0.9192
Early stopping at epoch 26771 due to flat/negative trend (slope=0.000002)
Epoch 26771 | Train Loss: 0.002727 | Val Loss: 0.002899 | Train R²: 0.9209 | Val R²: 0.9198
Unpickling models
Following models have been loaded and moved to cuda:
trained gpp model:
 SNN_GPP_Tram(
  (net): Sequential(
    (0): Linear(in_features=14, out_features=12, bias=True)
    (1): Tanh()
    (2): Linear(in_features=12, out_features=1, bias=True)
    (3): Sigmoid()
  )
), trained_reco_model:
 SNN_GPP_Tram(
  (net): Sequential(
    (0): Linear(in_features=14, out_features=12, bias=True)
    (1): Tanh()
    (2): Linear(in_features=12, out_features=1, bias=True)
    (3): Sigmoid()
  )
)
using full data set for visualization
Un-normalizing the GPP and RECO predictions using NEE min: tensor([-17.7365]), NEE max: tensor([5.4944])



Metrics for the Tramontana, with
GPP inputs: ['SW_IN', 'VPD', 'TA', 'WTD', 'WS', 'PotRad', 'PotRadHalfHourlyDiff', 'PotRadDailyAvg', 'PotRadDailyDiff', 'WD_COS', 'WD_SIN', 'GPP_PROX', 'Salinity', 'WTD_HalfHourlyDiff']
RECO inputs: ['DOY_sin', 'DOY_cos', 'TA', 'TS_1', 'TS_2', 'TS_3', 'TS_4', 'WTD', 'WS', 'WD_COS', 'WD_SIN', 'NIGHTLY_NEE_AVG', 'Salinity', 'WTD_HalfHourlyDiff']:
DT_GPP vs Tramontana_GPP R²=0.87 RMSE=1.27
NT_GPP vs Tramontana_GPP R²=0.84 RMSE=1.35
DT_RECO vs Tramontana_RECO R²=-0.52 RMSE=1.18
NT_RECO vs Tramontana_RECO R²=-2.92 RMSE=0.97
DT_GPP vs NT_GPP R²=0.81 RMSE=1.56
DT_RECO vs NT_RECO R²=-0.38 RMSE=1.00

gpp_input_names,  ['SW_IN', 'VPD', 'TA', 'WTD', 'WS', 'PotRad', 'PotRadHalfHourlyDiff', 'PotRadDailyAvg', 'PotRadDailyDiff', 'WD_COS', 'WD_SIN', 'GPP_PROX', 'Salinity', 'WTD_HalfHourlyDiff', 'WTD_DailyAvg', 'WTD_DailyDiff'] 
reco_input_names,  ['DOY_sin', 'DOY_cos', 'TA', 'TS_1', 'TS_2', 'TS_3', 'TS_4', 'WTD', 'WS', 'WD_COS', 'WD_SIN', 'NIGHTLY_NEE_AVG', 'Salinity', 'WTD_HalfHourlyDiff', 'WTD_DailyAvg', 'WTD_DailyDiff'] 
true_nee_name,  ['NEE'] 

Tramontana Running on GPU With hidden layer size of 12 Total epochs: 100000 lr: 0.001 patience: 500 min_delta 0.01
SNN_GPP_Tram(
  (net): Sequential(
    (0): Linear(in_features=16, out_features=12, bias=True)
    (1): Tanh()
    (2): Linear(in_features=12, out_features=1, bias=True)
    (3): Sigmoid()
  )
)
SNN_RECO_Tram(
  (net): Sequential(
    (0): Linear(in_features=16, out_features=12, bias=True)
    (1): Tanh()
    (2): Linear(in_features=12, out_features=1, bias=True)
    (3): Sigmoid()
  )
)
Params are min slope: 2e-06, trend window: 100
Epoch     0 | Train Loss: 30485.585938 | Val Loss: 31777.908203 | Train R²: -884375.6875 | Val R²: -879344.4375
Epoch   500 | Train Loss: 207.440689 | Val Loss: 200.919189 | Train R²: -6016.7856 | Val R²: -5558.7549
Epoch  1000 | Train Loss: 62.294834 | Val Loss: 58.988327 | Train R²: -1806.1525 | Val R²: -1631.3013
Epoch  1500 | Train Loss: 28.991032 | Val Loss: 27.080606 | Train R²: -840.0202 | Val R²: -748.3636
Epoch  2000 | Train Loss: 16.141165 | Val Loss: 14.922931 | Train R²: -467.2498 | Val R²: -411.9413
Epoch  2500 | Train Loss: 9.911230 | Val Loss: 9.085192 | Train R²: -286.5215 | Val R²: -250.4018
Epoch  3000 | Train Loss: 6.478477 | Val Loss: 5.895318 | Train R²: -186.9385 | Val R²: -162.1329
Epoch  3500 | Train Loss: 4.429628 | Val Loss: 4.006249 | Train R²: -127.5020 | Val R²: -109.8593
Epoch  4000 | Train Loss: 3.139981 | Val Loss: 2.826149 | Train R²: -90.0898 | Val R²: -77.2041
Epoch  4500 | Train Loss: 2.295464 | Val Loss: 2.059051 | Train R²: -65.5906 | Val R²: -55.9772
Epoch  5000 | Train Loss: 1.675544 | Val Loss: 1.495424 | Train R²: -47.6070 | Val R²: -40.3808
Epoch  5500 | Train Loss: 1.249837 | Val Loss: 1.112036 | Train R²: -35.2574 | Val R²: -29.7718
Epoch  6000 | Train Loss: 0.960091 | Val Loss: 0.852435 | Train R²: -26.8519 | Val R²: -22.5882
Epoch  6500 | Train Loss: 0.736179 | Val Loss: 0.650230 | Train R²: -20.3563 | Val R²: -16.9929
Epoch  7000 | Train Loss: 0.559853 | Val Loss: 0.493876 | Train R²: -15.2411 | Val R²: -12.6663
Epoch  7500 | Train Loss: 0.413272 | Val Loss: 0.359620 | Train R²: -10.9889 | Val R²: -8.9513
Epoch  8000 | Train Loss: 0.303676 | Val Loss: 0.260994 | Train R²: -7.8095 | Val R²: -6.2221
Epoch  8500 | Train Loss: 0.223459 | Val Loss: 0.190508 | Train R²: -5.4825 | Val R²: -4.2717
Epoch  9000 | Train Loss: 0.166243 | Val Loss: 0.141054 | Train R²: -3.8227 | Val R²: -2.9032
Epoch  9500 | Train Loss: 0.124996 | Val Loss: 0.105748 | Train R²: -2.6261 | Val R²: -1.9262
Epoch 10000 | Train Loss: 0.094259 | Val Loss: 0.079433 | Train R²: -1.7344 | Val R²: -1.1980
Epoch 10500 | Train Loss: 0.071086 | Val Loss: 0.059705 | Train R²: -1.0622 | Val R²: -0.6521
Epoch 11000 | Train Loss: 0.054101 | Val Loss: 0.045603 | Train R²: -0.5695 | Val R²: -0.2619
Epoch 11500 | Train Loss: 0.042305 | Val Loss: 0.036079 | Train R²: -0.2273 | Val R²: 0.0016
Epoch 12000 | Train Loss: 0.034205 | Val Loss: 0.029593 | Train R²: 0.0077 | Val R²: 0.1811
Epoch 12500 | Train Loss: 0.028372 | Val Loss: 0.024924 | Train R²: 0.1769 | Val R²: 0.3103
Epoch 13000 | Train Loss: 0.023873 | Val Loss: 0.021306 | Train R²: 0.3075 | Val R²: 0.4104
Epoch 13500 | Train Loss: 0.020259 | Val Loss: 0.018357 | Train R²: 0.4123 | Val R²: 0.4920
Epoch 14000 | Train Loss: 0.017399 | Val Loss: 0.015993 | Train R²: 0.4953 | Val R²: 0.5575
Epoch 14500 | Train Loss: 0.015176 | Val Loss: 0.014136 | Train R²: 0.5598 | Val R²: 0.6088
Epoch 15000 | Train Loss: 0.013433 | Val Loss: 0.012665 | Train R²: 0.6103 | Val R²: 0.6496
Epoch 15500 | Train Loss: 0.012074 | Val Loss: 0.011518 | Train R²: 0.6497 | Val R²: 0.6813
Epoch 16000 | Train Loss: 0.011037 | Val Loss: 0.010622 | Train R²: 0.6798 | Val R²: 0.7061
Epoch 16500 | Train Loss: 0.010216 | Val Loss: 0.009888 | Train R²: 0.7036 | Val R²: 0.7264
Epoch 17000 | Train Loss: 0.009539 | Val Loss: 0.009262 | Train R²: 0.7233 | Val R²: 0.7437
Epoch 17500 | Train Loss: 0.008950 | Val Loss: 0.008704 | Train R²: 0.7404 | Val R²: 0.7591
Epoch 18000 | Train Loss: 0.008402 | Val Loss: 0.008192 | Train R²: 0.7563 | Val R²: 0.7733
Epoch 18500 | Train Loss: 0.007877 | Val Loss: 0.007717 | Train R²: 0.7715 | Val R²: 0.7865
Epoch 19000 | Train Loss: 0.007388 | Val Loss: 0.007285 | Train R²: 0.7857 | Val R²: 0.7984
Epoch 19500 | Train Loss: 0.006946 | Val Loss: 0.006894 | Train R²: 0.7985 | Val R²: 0.8092
Epoch 20000 | Train Loss: 0.006550 | Val Loss: 0.006537 | Train R²: 0.8100 | Val R²: 0.8191
Epoch 20500 | Train Loss: 0.006194 | Val Loss: 0.006215 | Train R²: 0.8203 | Val R²: 0.8280
Epoch 21000 | Train Loss: 0.005871 | Val Loss: 0.005927 | Train R²: 0.8297 | Val R²: 0.8360
Epoch 21500 | Train Loss: 0.005559 | Val Loss: 0.005640 | Train R²: 0.8387 | Val R²: 0.8439
Epoch 22000 | Train Loss: 0.005239 | Val Loss: 0.005340 | Train R²: 0.8480 | Val R²: 0.8522
Epoch 22500 | Train Loss: 0.004894 | Val Loss: 0.005020 | Train R²: 0.8580 | Val R²: 0.8611
Epoch 23000 | Train Loss: 0.004550 | Val Loss: 0.004719 | Train R²: 0.8680 | Val R²: 0.8694
Epoch 23500 | Train Loss: 0.004222 | Val Loss: 0.004448 | Train R²: 0.8775 | Val R²: 0.8769
Epoch 24000 | Train Loss: 0.003933 | Val Loss: 0.004172 | Train R²: 0.8859 | Val R²: 0.8846
Epoch 24500 | Train Loss: 0.003676 | Val Loss: 0.003913 | Train R²: 0.8934 | Val R²: 0.8917
Epoch 25000 | Train Loss: 0.003449 | Val Loss: 0.003678 | Train R²: 0.8999 | Val R²: 0.8982
Epoch 25500 | Train Loss: 0.003270 | Val Loss: 0.003491 | Train R²: 0.9051 | Val R²: 0.9034
Epoch 26000 | Train Loss: 0.003135 | Val Loss: 0.003345 | Train R²: 0.9090 | Val R²: 0.9074
Epoch 26500 | Train Loss: 0.003022 | Val Loss: 0.003223 | Train R²: 0.9123 | Val R²: 0.9108
Epoch 27000 | Train Loss: 0.002920 | Val Loss: 0.003115 | Train R²: 0.9153 | Val R²: 0.9138
Epoch 27500 | Train Loss: 0.002829 | Val Loss: 0.003027 | Train R²: 0.9179 | Val R²: 0.9162
Early stopping at epoch 27939 due to flat/negative trend (slope=0.000002)
Epoch 27939 | Train Loss: 0.002756 | Val Loss: 0.002982 | Train R²: 0.9200 | Val R²: 0.9175
Unpickling models
Following models have been loaded and moved to cuda:
trained gpp model:
 SNN_GPP_Tram(
  (net): Sequential(
    (0): Linear(in_features=16, out_features=12, bias=True)
    (1): Tanh()
    (2): Linear(in_features=12, out_features=1, bias=True)
    (3): Sigmoid()
  )
), trained_reco_model:
 SNN_GPP_Tram(
  (net): Sequential(
    (0): Linear(in_features=16, out_features=12, bias=True)
    (1): Tanh()
    (2): Linear(in_features=12, out_features=1, bias=True)
    (3): Sigmoid()
  )
)
using full data set for visualization
Un-normalizing the GPP and RECO predictions using NEE min: tensor([-17.7365]), NEE max: tensor([5.4944])



Metrics for the Tramontana, with
GPP inputs: ['SW_IN', 'VPD', 'TA', 'WTD', 'WS', 'PotRad', 'PotRadHalfHourlyDiff', 'PotRadDailyAvg', 'PotRadDailyDiff', 'WD_COS', 'WD_SIN', 'GPP_PROX', 'Salinity', 'WTD_HalfHourlyDiff', 'WTD_DailyAvg', 'WTD_DailyDiff']
RECO inputs: ['DOY_sin', 'DOY_cos', 'TA', 'TS_1', 'TS_2', 'TS_3', 'TS_4', 'WTD', 'WS', 'WD_COS', 'WD_SIN', 'NIGHTLY_NEE_AVG', 'Salinity', 'WTD_HalfHourlyDiff', 'WTD_DailyAvg', 'WTD_DailyDiff']:
DT_GPP vs Tramontana_GPP R²=0.88 RMSE=1.22
NT_GPP vs Tramontana_GPP R²=0.83 RMSE=1.39
DT_RECO vs Tramontana_RECO R²=-0.52 RMSE=1.18
NT_RECO vs Tramontana_RECO R²=-3.40 RMSE=1.03
DT_GPP vs NT_GPP R²=0.81 RMSE=1.56
DT_RECO vs NT_RECO R²=-0.38 RMSE=1.00

gpp_input_names,  ['VPD', 'TA', 'WTD', 'WS', 'PotRad', 'PotRadHalfHourlyDiff', 'PotRadDailyAvg', 'PotRadDailyDiff', 'WD_COS', 'WD_SIN', 'GPP_PROX'] 
reco_input_names,  ['DOY_sin', 'DOY_cos', 'TA', 'TS_1', 'TS_2', 'TS_3', 'TS_4', 'WTD', 'WS', 'WD_COS', 'WD_SIN', 'NIGHTLY_NEE_AVG'] 
true_nee_name,  ['NEE'] 

Tramontana Running on GPU With hidden layer size of 12 Total epochs: 100000 lr: 0.001 patience: 500 min_delta 0.01
SNN_GPP_Tram(
  (net): Sequential(
    (0): Linear(in_features=11, out_features=12, bias=True)
    (1): Tanh()
    (2): Linear(in_features=12, out_features=1, bias=True)
    (3): Sigmoid()
  )
)
SNN_RECO_Tram(
  (net): Sequential(
    (0): Linear(in_features=12, out_features=12, bias=True)
    (1): Tanh()
    (2): Linear(in_features=12, out_features=1, bias=True)
    (3): Sigmoid()
  )
)
Params are min slope: 2e-06, trend window: 100
Epoch     0 | Train Loss: 66563.398438 | Val Loss: 69681.882812 | Train R²: -1930981.2500 | Val R²: -1928207.8750
Epoch   500 | Train Loss: 528.982788 | Val Loss: 498.773621 | Train R²: -15344.6152 | Val R²: -13800.8643
Epoch  1000 | Train Loss: 135.799393 | Val Loss: 125.107933 | Train R²: -3938.4954 | Val R²: -3460.9365
Epoch  1500 | Train Loss: 59.536999 | Val Loss: 54.056370 | Train R²: -1726.1487 | Val R²: -1494.8263
Epoch  2000 | Train Loss: 32.133308 | Val Loss: 28.836102 | Train R²: -931.1767 | Val R²: -796.9410
Epoch  2500 | Train Loss: 19.333918 | Val Loss: 17.171061 | Train R²: -559.8705 | Val R²: -474.1507
Epoch  3000 | Train Loss: 12.420329 | Val Loss: 10.924669 | Train R²: -359.3096 | Val R²: -301.3031
Epoch  3500 | Train Loss: 8.329928 | Val Loss: 7.259705 | Train R²: -240.6485 | Val R²: -199.8876
Epoch  4000 | Train Loss: 5.761899 | Val Loss: 4.978157 | Train R²: -166.1508 | Val R²: -136.7536
Epoch  4500 | Train Loss: 4.082152 | Val Loss: 3.498514 | Train R²: -117.4219 | Val R²: -95.8095
Epoch  5000 | Train Loss: 2.950268 | Val Loss: 2.509920 | Train R²: -84.5863 | Val R²: -68.4535
Epoch  5500 | Train Loss: 2.169370 | Val Loss: 1.833344 | Train R²: -61.9327 | Val R²: -49.7316
Epoch  6000 | Train Loss: 1.620591 | Val Loss: 1.361808 | Train R²: -46.0128 | Val R²: -36.6834
Epoch  6500 | Train Loss: 1.227719 | Val Loss: 1.027526 | Train R²: -34.6157 | Val R²: -27.4333
Epoch  7000 | Train Loss: 0.936492 | Val Loss: 0.782363 | Train R²: -26.1673 | Val R²: -20.6492
Epoch  7500 | Train Loss: 0.711747 | Val Loss: 0.593134 | Train R²: -19.6476 | Val R²: -15.4130
Epoch  8000 | Train Loss: 0.538638 | Val Loss: 0.445155 | Train R²: -14.6257 | Val R²: -11.3182
Epoch  8500 | Train Loss: 0.407464 | Val Loss: 0.334469 | Train R²: -10.8204 | Val R²: -8.2553
Epoch  9000 | Train Loss: 0.308899 | Val Loss: 0.252831 | Train R²: -7.9610 | Val R²: -5.9962
Epoch  9500 | Train Loss: 0.234912 | Val Loss: 0.191686 | Train R²: -5.8147 | Val R²: -4.3042
Epoch 10000 | Train Loss: 0.178417 | Val Loss: 0.144755 | Train R²: -4.1758 | Val R²: -3.0056
Epoch 10500 | Train Loss: 0.134194 | Val Loss: 0.107758 | Train R²: -2.8929 | Val R²: -1.9818
Epoch 11000 | Train Loss: 0.099154 | Val Loss: 0.078467 | Train R²: -1.8764 | Val R²: -1.1713
Epoch 11500 | Train Loss: 0.073025 | Val Loss: 0.057304 | Train R²: -1.1184 | Val R²: -0.5857
Epoch 12000 | Train Loss: 0.055595 | Val Loss: 0.043808 | Train R²: -0.6128 | Val R²: -0.2122
Epoch 12500 | Train Loss: 0.044220 | Val Loss: 0.035287 | Train R²: -0.2828 | Val R²: 0.0236
Epoch 13000 | Train Loss: 0.036495 | Val Loss: 0.029622 | Train R²: -0.0587 | Val R²: 0.1803
Epoch 13500 | Train Loss: 0.030986 | Val Loss: 0.025604 | Train R²: 0.1011 | Val R²: 0.2915
Epoch 14000 | Train Loss: 0.026845 | Val Loss: 0.022563 | Train R²: 0.2212 | Val R²: 0.3756
Epoch 14500 | Train Loss: 0.023545 | Val Loss: 0.020125 | Train R²: 0.3170 | Val R²: 0.4431
Epoch 15000 | Train Loss: 0.020876 | Val Loss: 0.018183 | Train R²: 0.3944 | Val R²: 0.4969
Epoch 15500 | Train Loss: 0.018803 | Val Loss: 0.016695 | Train R²: 0.4545 | Val R²: 0.5380
Epoch 16000 | Train Loss: 0.017193 | Val Loss: 0.015522 | Train R²: 0.5012 | Val R²: 0.5705
Epoch 16500 | Train Loss: 0.015955 | Val Loss: 0.014591 | Train R²: 0.5371 | Val R²: 0.5962
Epoch 17000 | Train Loss: 0.014967 | Val Loss: 0.013815 | Train R²: 0.5658 | Val R²: 0.6177
Epoch 17500 | Train Loss: 0.014109 | Val Loss: 0.013115 | Train R²: 0.5907 | Val R²: 0.6371
Epoch 18000 | Train Loss: 0.013298 | Val Loss: 0.012444 | Train R²: 0.6142 | Val R²: 0.6557
Epoch 18500 | Train Loss: 0.012487 | Val Loss: 0.011764 | Train R²: 0.6377 | Val R²: 0.6745
Epoch 19000 | Train Loss: 0.011694 | Val Loss: 0.011077 | Train R²: 0.6608 | Val R²: 0.6935
Epoch 19500 | Train Loss: 0.010956 | Val Loss: 0.010435 | Train R²: 0.6822 | Val R²: 0.7113
Epoch 20000 | Train Loss: 0.010277 | Val Loss: 0.009861 | Train R²: 0.7019 | Val R²: 0.7271
Epoch 20500 | Train Loss: 0.009654 | Val Loss: 0.009345 | Train R²: 0.7199 | Val R²: 0.7414
Epoch 21000 | Train Loss: 0.009074 | Val Loss: 0.008861 | Train R²: 0.7368 | Val R²: 0.7548
Epoch 21500 | Train Loss: 0.008549 | Val Loss: 0.008431 | Train R²: 0.7520 | Val R²: 0.7667
Epoch 22000 | Train Loss: 0.008084 | Val Loss: 0.008057 | Train R²: 0.7655 | Val R²: 0.7771
Epoch 22500 | Train Loss: 0.007660 | Val Loss: 0.007698 | Train R²: 0.7778 | Val R²: 0.7870
Epoch 23000 | Train Loss: 0.007244 | Val Loss: 0.007304 | Train R²: 0.7898 | Val R²: 0.7979
Epoch 23500 | Train Loss: 0.006833 | Val Loss: 0.006899 | Train R²: 0.8018 | Val R²: 0.8091
Epoch 24000 | Train Loss: 0.006458 | Val Loss: 0.006545 | Train R²: 0.8126 | Val R²: 0.8189
Epoch 24500 | Train Loss: 0.006100 | Val Loss: 0.006190 | Train R²: 0.8230 | Val R²: 0.8287
Epoch 25000 | Train Loss: 0.005719 | Val Loss: 0.005821 | Train R²: 0.8341 | Val R²: 0.8389
Epoch 25500 | Train Loss: 0.005318 | Val Loss: 0.005437 | Train R²: 0.8457 | Val R²: 0.8495
Epoch 26000 | Train Loss: 0.004965 | Val Loss: 0.005094 | Train R²: 0.8560 | Val R²: 0.8590
Epoch 26500 | Train Loss: 0.004672 | Val Loss: 0.004807 | Train R²: 0.8645 | Val R²: 0.8670
Epoch 27000 | Train Loss: 0.004438 | Val Loss: 0.004580 | Train R²: 0.8712 | Val R²: 0.8733
Epoch 27500 | Train Loss: 0.004269 | Val Loss: 0.004420 | Train R²: 0.8762 | Val R²: 0.8777
Epoch 28000 | Train Loss: 0.004150 | Val Loss: 0.004314 | Train R²: 0.8796 | Val R²: 0.8806
Epoch 28500 | Train Loss: 0.004061 | Val Loss: 0.004241 | Train R²: 0.8822 | Val R²: 0.8827
Epoch 29000 | Train Loss: 0.003991 | Val Loss: 0.004187 | Train R²: 0.8842 | Val R²: 0.8841
Epoch 29500 | Train Loss: 0.003936 | Val Loss: 0.004146 | Train R²: 0.8858 | Val R²: 0.8853
Early stopping at epoch 29618 due to flat/negative trend (slope=0.000002)
Epoch 29618 | Train Loss: 0.003925 | Val Loss: 0.004138 | Train R²: 0.8861 | Val R²: 0.8855
Unpickling models
Following models have been loaded and moved to cuda:
trained gpp model:
 SNN_GPP_Tram(
  (net): Sequential(
    (0): Linear(in_features=11, out_features=12, bias=True)
    (1): Tanh()
    (2): Linear(in_features=12, out_features=1, bias=True)
    (3): Sigmoid()
  )
), trained_reco_model:
 SNN_GPP_Tram(
  (net): Sequential(
    (0): Linear(in_features=12, out_features=12, bias=True)
    (1): Tanh()
    (2): Linear(in_features=12, out_features=1, bias=True)
    (3): Sigmoid()
  )
)
using full data set for visualization
Un-normalizing the GPP and RECO predictions using NEE min: tensor([-17.7365]), NEE max: tensor([5.4944])



Metrics for the Tramontana, with
GPP inputs: ['VPD', 'TA', 'WTD', 'WS', 'PotRad', 'PotRadHalfHourlyDiff', 'PotRadDailyAvg', 'PotRadDailyDiff', 'WD_COS', 'WD_SIN', 'GPP_PROX']
RECO inputs: ['DOY_sin', 'DOY_cos', 'TA', 'TS_1', 'TS_2', 'TS_3', 'TS_4', 'WTD', 'WS', 'WD_COS', 'WD_SIN', 'NIGHTLY_NEE_AVG']:
DT_GPP vs Tramontana_GPP R²=0.86 RMSE=1.32
NT_GPP vs Tramontana_GPP R²=0.83 RMSE=1.42
DT_RECO vs Tramontana_RECO R²=-0.74 RMSE=1.27
NT_RECO vs Tramontana_RECO R²=-2.28 RMSE=0.89
DT_GPP vs NT_GPP R²=0.81 RMSE=1.56
DT_RECO vs NT_RECO R²=-0.38 RMSE=1.00

gpp_input_names,  ['SW_IN', 'TA', 'WTD', 'WS', 'PotRad', 'PotRadHalfHourlyDiff', 'PotRadDailyAvg', 'PotRadDailyDiff', 'WD_COS', 'WD_SIN', 'GPP_PROX'] 
reco_input_names,  ['DOY_sin', 'DOY_cos', 'TA', 'TS_1', 'TS_2', 'TS_3', 'TS_4', 'WTD', 'WS', 'WD_COS', 'WD_SIN', 'NIGHTLY_NEE_AVG'] 
true_nee_name,  ['NEE'] 

Tramontana Running on GPU With hidden layer size of 12 Total epochs: 100000 lr: 0.001 patience: 500 min_delta 0.01
SNN_GPP_Tram(
  (net): Sequential(
    (0): Linear(in_features=11, out_features=12, bias=True)
    (1): Tanh()
    (2): Linear(in_features=12, out_features=1, bias=True)
    (3): Sigmoid()
  )
)
SNN_RECO_Tram(
  (net): Sequential(
    (0): Linear(in_features=12, out_features=12, bias=True)
    (1): Tanh()
    (2): Linear(in_features=12, out_features=1, bias=True)
    (3): Sigmoid()
  )
)
Params are min slope: 2e-06, trend window: 100
Epoch     0 | Train Loss: 73661.000000 | Val Loss: 77220.773438 | Train R²: -2136880.0000 | Val R²: -2136821.0000
Epoch   500 | Train Loss: 554.760132 | Val Loss: 524.702087 | Train R²: -16092.4072 | Val R²: -14518.3447
Epoch  1000 | Train Loss: 147.513245 | Val Loss: 136.177902 | Train R²: -4278.3101 | Val R²: -3767.2607
Epoch  1500 | Train Loss: 65.790771 | Val Loss: 59.809765 | Train R²: -1907.5684 | Val R²: -1654.0317
Epoch  2000 | Train Loss: 35.887535 | Val Loss: 32.225433 | Train R²: -1040.0856 | Val R²: -890.7291
Epoch  2500 | Train Loss: 21.752115 | Val Loss: 19.320793 | Train R²: -630.0217 | Val R²: -533.6373
Epoch  3000 | Train Loss: 14.050450 | Val Loss: 12.354362 | Train R²: -406.5989 | Val R²: -340.8650
Epoch  3500 | Train Loss: 9.460514 | Val Loss: 8.238514 | Train R²: -273.4464 | Val R²: -226.9728
Epoch  4000 | Train Loss: 6.559356 | Val Loss: 5.659877 | Train R²: -189.2848 | Val R²: -155.6178
Epoch  4500 | Train Loss: 4.651502 | Val Loss: 3.979404 | Train R²: -133.9385 | Val R²: -109.1165
Epoch  5000 | Train Loss: 3.360360 | Val Loss: 2.852389 | Train R²: -96.4829 | Val R²: -77.9302
Epoch  5500 | Train Loss: 2.467211 | Val Loss: 2.079493 | Train R²: -70.5730 | Val R²: -56.5429
Epoch  6000 | Train Loss: 1.837768 | Val Loss: 1.539167 | Train R²: -52.3131 | Val R²: -41.5912
Epoch  6500 | Train Loss: 1.387641 | Val Loss: 1.156309 | Train R²: -39.2550 | Val R²: -30.9969
Epoch  7000 | Train Loss: 1.057990 | Val Loss: 0.879010 | Train R²: -29.6919 | Val R²: -23.3236
Epoch  7500 | Train Loss: 0.807443 | Val Loss: 0.669948 | Train R²: -22.4237 | Val R²: -17.5385
Epoch  8000 | Train Loss: 0.613829 | Val Loss: 0.506711 | Train R²: -16.8070 | Val R²: -13.0215
Epoch  8500 | Train Loss: 0.465220 | Val Loss: 0.381116 | Train R²: -12.4959 | Val R²: -9.5461
Epoch  9000 | Train Loss: 0.352571 | Val Loss: 0.287913 | Train R²: -9.2280 | Val R²: -6.9670
Epoch  9500 | Train Loss: 0.268049 | Val Loss: 0.218524 | Train R²: -6.7760 | Val R²: -5.0469
Epoch 10000 | Train Loss: 0.203621 | Val Loss: 0.165347 | Train R²: -4.9070 | Val R²: -3.5754
Epoch 10500 | Train Loss: 0.153172 | Val Loss: 0.123283 | Train R²: -3.4435 | Val R²: -2.4114
Epoch 11000 | Train Loss: 0.112991 | Val Loss: 0.089577 | Train R²: -2.2778 | Val R²: -1.4787
Epoch 11500 | Train Loss: 0.082414 | Val Loss: 0.064468 | Train R²: -1.3908 | Val R²: -0.7839
Epoch 12000 | Train Loss: 0.061588 | Val Loss: 0.048178 | Train R²: -0.7867 | Val R²: -0.3332
Epoch 12500 | Train Loss: 0.048102 | Val Loss: 0.038084 | Train R²: -0.3954 | Val R²: -0.0538
Epoch 13000 | Train Loss: 0.039096 | Val Loss: 0.031541 | Train R²: -0.1342 | Val R²: 0.1272
Epoch 13500 | Train Loss: 0.032749 | Val Loss: 0.026954 | Train R²: 0.0500 | Val R²: 0.2541
Epoch 14000 | Train Loss: 0.028029 | Val Loss: 0.023484 | Train R²: 0.1869 | Val R²: 0.3502
Epoch 14500 | Train Loss: 0.024223 | Val Loss: 0.020634 | Train R²: 0.2973 | Val R²: 0.4290
Epoch 15000 | Train Loss: 0.021095 | Val Loss: 0.018365 | Train R²: 0.3880 | Val R²: 0.4918
Epoch 15500 | Train Loss: 0.018728 | Val Loss: 0.016684 | Train R²: 0.4567 | Val R²: 0.5383
Epoch 16000 | Train Loss: 0.016957 | Val Loss: 0.015407 | Train R²: 0.5081 | Val R²: 0.5737
Epoch 16500 | Train Loss: 0.015629 | Val Loss: 0.014449 | Train R²: 0.5466 | Val R²: 0.6002
Epoch 17000 | Train Loss: 0.014595 | Val Loss: 0.013699 | Train R²: 0.5766 | Val R²: 0.6209
Epoch 17500 | Train Loss: 0.013748 | Val Loss: 0.013061 | Train R²: 0.6012 | Val R²: 0.6386
Epoch 18000 | Train Loss: 0.013000 | Val Loss: 0.012483 | Train R²: 0.6229 | Val R²: 0.6546
Epoch 18500 | Train Loss: 0.012293 | Val Loss: 0.011924 | Train R²: 0.6434 | Val R²: 0.6701
Epoch 19000 | Train Loss: 0.011596 | Val Loss: 0.011340 | Train R²: 0.6636 | Val R²: 0.6862
Epoch 19500 | Train Loss: 0.010913 | Val Loss: 0.010759 | Train R²: 0.6834 | Val R²: 0.7023
Epoch 20000 | Train Loss: 0.010264 | Val Loss: 0.010207 | Train R²: 0.7022 | Val R²: 0.7176
Epoch 20500 | Train Loss: 0.009652 | Val Loss: 0.009666 | Train R²: 0.7200 | Val R²: 0.7325
Epoch 21000 | Train Loss: 0.009091 | Val Loss: 0.009148 | Train R²: 0.7363 | Val R²: 0.7469
Epoch 21500 | Train Loss: 0.008587 | Val Loss: 0.008680 | Train R²: 0.7509 | Val R²: 0.7598
Epoch 22000 | Train Loss: 0.008124 | Val Loss: 0.008244 | Train R²: 0.7643 | Val R²: 0.7719
Epoch 22500 | Train Loss: 0.007690 | Val Loss: 0.007837 | Train R²: 0.7769 | Val R²: 0.7831
Epoch 23000 | Train Loss: 0.007271 | Val Loss: 0.007442 | Train R²: 0.7891 | Val R²: 0.7941
Epoch 23500 | Train Loss: 0.006875 | Val Loss: 0.007060 | Train R²: 0.8006 | Val R²: 0.8046
Epoch 24000 | Train Loss: 0.006500 | Val Loss: 0.006687 | Train R²: 0.8114 | Val R²: 0.8150
Epoch 24500 | Train Loss: 0.006135 | Val Loss: 0.006312 | Train R²: 0.8220 | Val R²: 0.8253
Epoch 25000 | Train Loss: 0.005759 | Val Loss: 0.005933 | Train R²: 0.8329 | Val R²: 0.8358
Epoch 25500 | Train Loss: 0.005358 | Val Loss: 0.005535 | Train R²: 0.8446 | Val R²: 0.8468
Epoch 26000 | Train Loss: 0.004876 | Val Loss: 0.005131 | Train R²: 0.8586 | Val R²: 0.8580
Epoch 26500 | Train Loss: 0.004406 | Val Loss: 0.004687 | Train R²: 0.8722 | Val R²: 0.8703
Epoch 27000 | Train Loss: 0.003900 | Val Loss: 0.004151 | Train R²: 0.8869 | Val R²: 0.8851
Epoch 27500 | Train Loss: 0.003436 | Val Loss: 0.003652 | Train R²: 0.9003 | Val R²: 0.8989
Epoch 28000 | Train Loss: 0.003137 | Val Loss: 0.003325 | Train R²: 0.9090 | Val R²: 0.9080
Epoch 28500 | Train Loss: 0.002944 | Val Loss: 0.003105 | Train R²: 0.9146 | Val R²: 0.9141
Epoch 29000 | Train Loss: 0.002824 | Val Loss: 0.002971 | Train R²: 0.9181 | Val R²: 0.9178
Epoch 29500 | Train Loss: 0.002750 | Val Loss: 0.002892 | Train R²: 0.9202 | Val R²: 0.9200
Epoch 30000 | Train Loss: 0.002697 | Val Loss: 0.002841 | Train R²: 0.9218 | Val R²: 0.9214
Early stopping at epoch 30275 due to flat/negative trend (slope=0.000002)
Epoch 30275 | Train Loss: 0.002674 | Val Loss: 0.002819 | Train R²: 0.9224 | Val R²: 0.9220
Unpickling models
Following models have been loaded and moved to cuda:
trained gpp model:
 SNN_GPP_Tram(
  (net): Sequential(
    (0): Linear(in_features=11, out_features=12, bias=True)
    (1): Tanh()
    (2): Linear(in_features=12, out_features=1, bias=True)
    (3): Sigmoid()
  )
), trained_reco_model:
 SNN_GPP_Tram(
  (net): Sequential(
    (0): Linear(in_features=12, out_features=12, bias=True)
    (1): Tanh()
    (2): Linear(in_features=12, out_features=1, bias=True)
    (3): Sigmoid()
  )
)
using full data set for visualization
Un-normalizing the GPP and RECO predictions using NEE min: tensor([-17.7365]), NEE max: tensor([5.4944])



Metrics for the Tramontana, with
GPP inputs: ['SW_IN', 'TA', 'WTD', 'WS', 'PotRad', 'PotRadHalfHourlyDiff', 'PotRadDailyAvg', 'PotRadDailyDiff', 'WD_COS', 'WD_SIN', 'GPP_PROX']
RECO inputs: ['DOY_sin', 'DOY_cos', 'TA', 'TS_1', 'TS_2', 'TS_3', 'TS_4', 'WTD', 'WS', 'WD_COS', 'WD_SIN', 'NIGHTLY_NEE_AVG']:
DT_GPP vs Tramontana_GPP R²=0.86 RMSE=1.32
NT_GPP vs Tramontana_GPP R²=0.86 RMSE=1.29
DT_RECO vs Tramontana_RECO R²=-0.48 RMSE=1.17
NT_RECO vs Tramontana_RECO R²=-2.38 RMSE=0.90
DT_GPP vs NT_GPP R²=0.81 RMSE=1.56
DT_RECO vs NT_RECO R²=-0.38 RMSE=1.00

gpp_input_names,  ['SW_IN', 'VPD', 'WTD', 'WS', 'PotRad', 'PotRadHalfHourlyDiff', 'PotRadDailyAvg', 'PotRadDailyDiff', 'WD_COS', 'WD_SIN', 'GPP_PROX'] 
reco_input_names,  ['DOY_sin', 'DOY_cos', 'TA', 'TS_1', 'TS_2', 'TS_3', 'TS_4', 'WTD', 'WS', 'WD_COS', 'WD_SIN', 'NIGHTLY_NEE_AVG'] 
true_nee_name,  ['NEE'] 

Tramontana Running on GPU With hidden layer size of 12 Total epochs: 100000 lr: 0.001 patience: 500 min_delta 0.01
SNN_GPP_Tram(
  (net): Sequential(
    (0): Linear(in_features=11, out_features=12, bias=True)
    (1): Tanh()
    (2): Linear(in_features=12, out_features=1, bias=True)
    (3): Sigmoid()
  )
)
SNN_RECO_Tram(
  (net): Sequential(
    (0): Linear(in_features=12, out_features=12, bias=True)
    (1): Tanh()
    (2): Linear(in_features=12, out_features=1, bias=True)
    (3): Sigmoid()
  )
)
Params are min slope: 2e-06, trend window: 100
Epoch     0 | Train Loss: 70897.351562 | Val Loss: 74319.781250 | Train R²: -2056707.8750 | Val R²: -2056546.1250
Epoch   500 | Train Loss: 579.688660 | Val Loss: 550.725647 | Train R²: -16815.5762 | Val R²: -15238.4590
Epoch  1000 | Train Loss: 154.263016 | Val Loss: 143.328293 | Train R²: -4474.1196 | Val R²: -3965.1228
Epoch  1500 | Train Loss: 68.951241 | Val Loss: 63.168179 | Train R²: -1999.2527 | Val R²: -1746.9644
Epoch  2000 | Train Loss: 37.684395 | Val Loss: 34.135601 | Train R²: -1092.2118 | Val R²: -943.5867
Epoch  2500 | Train Loss: 22.875921 | Val Loss: 20.515450 | Train R²: -662.6229 | Val R²: -566.6952
Epoch  3000 | Train Loss: 14.792914 | Val Loss: 13.143785 | Train R²: -428.1376 | Val R²: -362.7095
Epoch  3500 | Train Loss: 9.967738 | Val Loss: 8.778214 | Train R²: -288.1608 | Val R²: -241.9072
Epoch  4000 | Train Loss: 6.912474 | Val Loss: 6.036205 | Train R²: -199.5286 | Val R²: -166.0314
Epoch  4500 | Train Loss: 4.900251 | Val Loss: 4.245135 | Train R²: -141.1547 | Val R²: -116.4697
Epoch  5000 | Train Loss: 3.536795 | Val Loss: 3.041526 | Train R²: -101.6012 | Val R²: -83.1639
Epoch  5500 | Train Loss: 2.592960 | Val Loss: 2.214927 | Train R²: -74.2209 | Val R²: -60.2906
Epoch  6000 | Train Loss: 1.927752 | Val Loss: 1.636591 | Train R²: -54.9234 | Val R²: -44.2871
Epoch  6500 | Train Loss: 1.452802 | Val Loss: 1.227119 | Train R²: -41.1453 | Val R²: -32.9563
Epoch  7000 | Train Loss: 1.106690 | Val Loss: 0.931756 | Train R²: -31.1047 | Val R²: -24.7832
Epoch  7500 | Train Loss: 0.845262 | Val Loss: 0.710970 | Train R²: -23.5208 | Val R²: -18.6737
Epoch  8000 | Train Loss: 0.643082 | Val Loss: 0.539258 | Train R²: -17.6556 | Val R²: -13.9221
Epoch  8500 | Train Loss: 0.487702 | Val Loss: 0.406322 | Train R²: -13.1481 | Val R²: -10.2436
Epoch  9000 | Train Loss: 0.370119 | Val Loss: 0.307674 | Train R²: -9.7370 | Val R²: -7.5138
Epoch  9500 | Train Loss: 0.281783 | Val Loss: 0.234226 | Train R²: -7.1744 | Val R²: -5.4814
Epoch 10000 | Train Loss: 0.214181 | Val Loss: 0.177668 | Train R²: -5.2133 | Val R²: -3.9163
Epoch 10500 | Train Loss: 0.160920 | Val Loss: 0.132520 | Train R²: -3.6682 | Val R²: -2.6670
Epoch 11000 | Train Loss: 0.118196 | Val Loss: 0.095987 | Train R²: -2.4288 | Val R²: -1.6561
Epoch 11500 | Train Loss: 0.085786 | Val Loss: 0.068901 | Train R²: -1.4886 | Val R²: -0.9066
Epoch 12000 | Train Loss: 0.064034 | Val Loss: 0.051526 | Train R²: -0.8576 | Val R²: -0.4258
Epoch 12500 | Train Loss: 0.049923 | Val Loss: 0.040624 | Train R²: -0.4482 | Val R²: -0.1241
Epoch 13000 | Train Loss: 0.040422 | Val Loss: 0.033429 | Train R²: -0.1726 | Val R²: 0.0750
Epoch 13500 | Train Loss: 0.033703 | Val Loss: 0.028352 | Train R²: 0.0223 | Val R²: 0.2155
Epoch 14000 | Train Loss: 0.028684 | Val Loss: 0.024508 | Train R²: 0.1679 | Val R²: 0.3218
Epoch 14500 | Train Loss: 0.024657 | Val Loss: 0.021416 | Train R²: 0.2847 | Val R²: 0.4074
Epoch 15000 | Train Loss: 0.021395 | Val Loss: 0.018988 | Train R²: 0.3793 | Val R²: 0.4746
Epoch 15500 | Train Loss: 0.018884 | Val Loss: 0.017109 | Train R²: 0.4522 | Val R²: 0.5266
Epoch 16000 | Train Loss: 0.016982 | Val Loss: 0.015655 | Train R²: 0.5073 | Val R²: 0.5668
Epoch 16500 | Train Loss: 0.015557 | Val Loss: 0.014554 | Train R²: 0.5487 | Val R²: 0.5973
Epoch 17000 | Train Loss: 0.014476 | Val Loss: 0.013697 | Train R²: 0.5801 | Val R²: 0.6210
Epoch 17500 | Train Loss: 0.013615 | Val Loss: 0.012992 | Train R²: 0.6050 | Val R²: 0.6405
Epoch 18000 | Train Loss: 0.012853 | Val Loss: 0.012358 | Train R²: 0.6271 | Val R²: 0.6580
Epoch 18500 | Train Loss: 0.012092 | Val Loss: 0.011706 | Train R²: 0.6492 | Val R²: 0.6761
Epoch 19000 | Train Loss: 0.011331 | Val Loss: 0.011046 | Train R²: 0.6713 | Val R²: 0.6943
Epoch 19500 | Train Loss: 0.010644 | Val Loss: 0.010450 | Train R²: 0.6912 | Val R²: 0.7108
Epoch 20000 | Train Loss: 0.010014 | Val Loss: 0.009896 | Train R²: 0.7095 | Val R²: 0.7262
Epoch 20500 | Train Loss: 0.009419 | Val Loss: 0.009361 | Train R²: 0.7268 | Val R²: 0.7410
Epoch 21000 | Train Loss: 0.008851 | Val Loss: 0.008848 | Train R²: 0.7432 | Val R²: 0.7552
Epoch 21500 | Train Loss: 0.008318 | Val Loss: 0.008358 | Train R²: 0.7587 | Val R²: 0.7687
Epoch 22000 | Train Loss: 0.007813 | Val Loss: 0.007881 | Train R²: 0.7734 | Val R²: 0.7819
Epoch 22500 | Train Loss: 0.007324 | Val Loss: 0.007411 | Train R²: 0.7875 | Val R²: 0.7949
Epoch 23000 | Train Loss: 0.006877 | Val Loss: 0.007000 | Train R²: 0.8005 | Val R²: 0.8063
Epoch 23500 | Train Loss: 0.006469 | Val Loss: 0.006628 | Train R²: 0.8123 | Val R²: 0.8166
Epoch 24000 | Train Loss: 0.006086 | Val Loss: 0.006261 | Train R²: 0.8235 | Val R²: 0.8268
Epoch 24500 | Train Loss: 0.005699 | Val Loss: 0.005879 | Train R²: 0.8347 | Val R²: 0.8373
Epoch 25000 | Train Loss: 0.005294 | Val Loss: 0.005474 | Train R²: 0.8464 | Val R²: 0.8485
Epoch 25500 | Train Loss: 0.004886 | Val Loss: 0.005074 | Train R²: 0.8583 | Val R²: 0.8596
Epoch 26000 | Train Loss: 0.004485 | Val Loss: 0.004664 | Train R²: 0.8699 | Val R²: 0.8709
Epoch 26500 | Train Loss: 0.004088 | Val Loss: 0.004239 | Train R²: 0.8814 | Val R²: 0.8827
Epoch 27000 | Train Loss: 0.003722 | Val Loss: 0.003844 | Train R²: 0.8920 | Val R²: 0.8936
Epoch 27500 | Train Loss: 0.003410 | Val Loss: 0.003521 | Train R²: 0.9011 | Val R²: 0.9026
Epoch 28000 | Train Loss: 0.003154 | Val Loss: 0.003271 | Train R²: 0.9085 | Val R²: 0.9095
Epoch 28500 | Train Loss: 0.002953 | Val Loss: 0.003081 | Train R²: 0.9143 | Val R²: 0.9147
Epoch 29000 | Train Loss: 0.002817 | Val Loss: 0.002957 | Train R²: 0.9183 | Val R²: 0.9182
Epoch 29500 | Train Loss: 0.002741 | Val Loss: 0.002889 | Train R²: 0.9205 | Val R²: 0.9201
Early stopping at epoch 29773 due to flat/negative trend (slope=0.000002)
Epoch 29773 | Train Loss: 0.002715 | Val Loss: 0.002867 | Train R²: 0.9212 | Val R²: 0.9207
Unpickling models
Following models have been loaded and moved to cuda:
trained gpp model:
 SNN_GPP_Tram(
  (net): Sequential(
    (0): Linear(in_features=11, out_features=12, bias=True)
    (1): Tanh()
    (2): Linear(in_features=12, out_features=1, bias=True)
    (3): Sigmoid()
  )
), trained_reco_model:
 SNN_GPP_Tram(
  (net): Sequential(
    (0): Linear(in_features=12, out_features=12, bias=True)
    (1): Tanh()
    (2): Linear(in_features=12, out_features=1, bias=True)
    (3): Sigmoid()
  )
)
using full data set for visualization
Un-normalizing the GPP and RECO predictions using NEE min: tensor([-17.7365]), NEE max: tensor([5.4944])



Metrics for the Tramontana, with
GPP inputs: ['SW_IN', 'VPD', 'WTD', 'WS', 'PotRad', 'PotRadHalfHourlyDiff', 'PotRadDailyAvg', 'PotRadDailyDiff', 'WD_COS', 'WD_SIN', 'GPP_PROX']
RECO inputs: ['DOY_sin', 'DOY_cos', 'TA', 'TS_1', 'TS_2', 'TS_3', 'TS_4', 'WTD', 'WS', 'WD_COS', 'WD_SIN', 'NIGHTLY_NEE_AVG']:
DT_GPP vs Tramontana_GPP R²=0.89 RMSE=1.18
NT_GPP vs Tramontana_GPP R²=0.86 RMSE=1.29
DT_RECO vs Tramontana_RECO R²=-0.34 RMSE=1.11
NT_RECO vs Tramontana_RECO R²=-2.26 RMSE=0.89
DT_GPP vs NT_GPP R²=0.81 RMSE=1.56
DT_RECO vs NT_RECO R²=-0.38 RMSE=1.00

gpp_input_names,  ['SW_IN', 'VPD', 'TA', 'WS', 'PotRad', 'PotRadHalfHourlyDiff', 'PotRadDailyAvg', 'PotRadDailyDiff', 'WD_COS', 'WD_SIN', 'GPP_PROX'] 
reco_input_names,  ['DOY_sin', 'DOY_cos', 'TA', 'TS_1', 'TS_2', 'TS_3', 'TS_4', 'WTD', 'WS', 'WD_COS', 'WD_SIN', 'NIGHTLY_NEE_AVG'] 
true_nee_name,  ['NEE'] 

Tramontana Running on GPU With hidden layer size of 12 Total epochs: 100000 lr: 0.001 patience: 500 min_delta 0.01
SNN_GPP_Tram(
  (net): Sequential(
    (0): Linear(in_features=11, out_features=12, bias=True)
    (1): Tanh()
    (2): Linear(in_features=12, out_features=1, bias=True)
    (3): Sigmoid()
  )
)
SNN_RECO_Tram(
  (net): Sequential(
    (0): Linear(in_features=12, out_features=12, bias=True)
    (1): Tanh()
    (2): Linear(in_features=12, out_features=1, bias=True)
    (3): Sigmoid()
  )
)
Params are min slope: 2e-06, trend window: 100
Epoch     0 | Train Loss: 69370.171875 | Val Loss: 72664.312500 | Train R²: -2012404.6250 | Val R²: -2010736.7500
Epoch   500 | Train Loss: 453.646912 | Val Loss: 431.445251 | Train R²: -13159.1475 | Val R²: -11937.7783
Epoch  1000 | Train Loss: 118.449883 | Val Loss: 110.702133 | Train R²: -3435.1917 | Val R²: -3062.3049
Epoch  1500 | Train Loss: 52.499199 | Val Loss: 48.526371 | Train R²: -1521.9845 | Val R²: -1341.8022
Epoch  2000 | Train Loss: 28.504065 | Val Loss: 26.110275 | Train R²: -825.8934 | Val R²: -721.5130
Epoch  2500 | Train Loss: 17.202833 | Val Loss: 15.630062 | Train R²: -498.0485 | Val R²: -431.5088
Epoch  3000 | Train Loss: 11.065425 | Val Loss: 9.976083 | Train R²: -320.0043 | Val R²: -275.0542
Epoch  3500 | Train Loss: 7.424087 | Val Loss: 6.643026 | Train R²: -214.3703 | Val R²: -182.8232
Epoch  4000 | Train Loss: 5.133586 | Val Loss: 4.559972 | Train R²: -147.9236 | Val R²: -125.1817
Epoch  4500 | Train Loss: 3.632822 | Val Loss: 3.204109 | Train R²: -104.3870 | Val R²: -87.6628
Epoch  5000 | Train Loss: 2.620195 | Val Loss: 2.295483 | Train R²: -75.0110 | Val R²: -62.5197
Epoch  5500 | Train Loss: 1.923594 | Val Loss: 1.675141 | Train R²: -54.8028 | Val R²: -45.3538
Epoch  6000 | Train Loss: 1.436904 | Val Loss: 1.245217 | Train R²: -40.6841 | Val R²: -33.4572
Epoch  6500 | Train Loss: 1.089394 | Val Loss: 0.940910 | Train R²: -30.6029 | Val R²: -25.0365
Epoch  7000 | Train Loss: 0.832989 | Val Loss: 0.718911 | Train R²: -23.1647 | Val R²: -18.8934
Epoch  7500 | Train Loss: 0.637507 | Val Loss: 0.550097 | Train R²: -17.4939 | Val R²: -14.2221
Epoch  8000 | Train Loss: 0.488090 | Val Loss: 0.419338 | Train R²: -13.1593 | Val R²: -10.6038
Epoch  8500 | Train Loss: 0.372978 | Val Loss: 0.318887 | Train R²: -9.8200 | Val R²: -7.8241
Epoch  9000 | Train Loss: 0.284291 | Val Loss: 0.242867 | Train R²: -7.2472 | Val R²: -5.7205
Epoch  9500 | Train Loss: 0.217238 | Val Loss: 0.185652 | Train R²: -5.3020 | Val R²: -4.1373
Epoch 10000 | Train Loss: 0.166008 | Val Loss: 0.141594 | Train R²: -3.8158 | Val R²: -2.9181
Epoch 10500 | Train Loss: 0.125845 | Val Loss: 0.106665 | Train R²: -2.6507 | Val R²: -1.9516
Epoch 11000 | Train Loss: 0.093715 | Val Loss: 0.078498 | Train R²: -1.7187 | Val R²: -1.1722
Epoch 11500 | Train Loss: 0.069083 | Val Loss: 0.057390 | Train R²: -1.0041 | Val R²: -0.5881
Epoch 12000 | Train Loss: 0.052483 | Val Loss: 0.043813 | Train R²: -0.5225 | Val R²: -0.2124
Epoch 12500 | Train Loss: 0.041718 | Val Loss: 0.035239 | Train R²: -0.2102 | Val R²: 0.0249
Epoch 13000 | Train Loss: 0.034398 | Val Loss: 0.029468 | Train R²: 0.0021 | Val R²: 0.1846
Epoch 13500 | Train Loss: 0.029205 | Val Loss: 0.025366 | Train R²: 0.1528 | Val R²: 0.2981
Epoch 14000 | Train Loss: 0.025379 | Val Loss: 0.022344 | Train R²: 0.2638 | Val R²: 0.3817
Epoch 14500 | Train Loss: 0.022385 | Val Loss: 0.019985 | Train R²: 0.3506 | Val R²: 0.4470
Epoch 15000 | Train Loss: 0.020011 | Val Loss: 0.018133 | Train R²: 0.4195 | Val R²: 0.4982
Epoch 15500 | Train Loss: 0.018164 | Val Loss: 0.016693 | Train R²: 0.4731 | Val R²: 0.5381
Epoch 16000 | Train Loss: 0.016718 | Val Loss: 0.015543 | Train R²: 0.5150 | Val R²: 0.5699
Epoch 16500 | Train Loss: 0.015594 | Val Loss: 0.014620 | Train R²: 0.5476 | Val R²: 0.5954
Epoch 17000 | Train Loss: 0.014700 | Val Loss: 0.013862 | Train R²: 0.5736 | Val R²: 0.6164
Epoch 17500 | Train Loss: 0.013915 | Val Loss: 0.013184 | Train R²: 0.5963 | Val R²: 0.6352
Epoch 18000 | Train Loss: 0.013181 | Val Loss: 0.012552 | Train R²: 0.6176 | Val R²: 0.6527
Epoch 18500 | Train Loss: 0.012475 | Val Loss: 0.011941 | Train R²: 0.6381 | Val R²: 0.6696
Epoch 19000 | Train Loss: 0.011793 | Val Loss: 0.011340 | Train R²: 0.6579 | Val R²: 0.6862
Epoch 19500 | Train Loss: 0.011142 | Val Loss: 0.010763 | Train R²: 0.6768 | Val R²: 0.7022
Epoch 20000 | Train Loss: 0.010515 | Val Loss: 0.010229 | Train R²: 0.6949 | Val R²: 0.7169
Epoch 20500 | Train Loss: 0.009863 | Val Loss: 0.009698 | Train R²: 0.7139 | Val R²: 0.7316
Epoch 21000 | Train Loss: 0.009253 | Val Loss: 0.009215 | Train R²: 0.7316 | Val R²: 0.7450
Epoch 21500 | Train Loss: 0.008693 | Val Loss: 0.008758 | Train R²: 0.7478 | Val R²: 0.7577
Epoch 22000 | Train Loss: 0.008192 | Val Loss: 0.008329 | Train R²: 0.7624 | Val R²: 0.7695
Epoch 22500 | Train Loss: 0.007729 | Val Loss: 0.007915 | Train R²: 0.7758 | Val R²: 0.7810
Epoch 23000 | Train Loss: 0.007280 | Val Loss: 0.007494 | Train R²: 0.7888 | Val R²: 0.7926
Epoch 23500 | Train Loss: 0.006830 | Val Loss: 0.007048 | Train R²: 0.8019 | Val R²: 0.8050
Epoch 24000 | Train Loss: 0.006373 | Val Loss: 0.006575 | Train R²: 0.8151 | Val R²: 0.8181
Epoch 24500 | Train Loss: 0.005938 | Val Loss: 0.006126 | Train R²: 0.8277 | Val R²: 0.8305
Epoch 25000 | Train Loss: 0.005515 | Val Loss: 0.005684 | Train R²: 0.8400 | Val R²: 0.8427
Epoch 25500 | Train Loss: 0.005075 | Val Loss: 0.005222 | Train R²: 0.8528 | Val R²: 0.8555
Epoch 26000 | Train Loss: 0.004620 | Val Loss: 0.004740 | Train R²: 0.8660 | Val R²: 0.8688
Epoch 26500 | Train Loss: 0.004160 | Val Loss: 0.004259 | Train R²: 0.8793 | Val R²: 0.8822
Epoch 27000 | Train Loss: 0.003689 | Val Loss: 0.003785 | Train R²: 0.8930 | Val R²: 0.8953
Epoch 27500 | Train Loss: 0.003335 | Val Loss: 0.003428 | Train R²: 0.9033 | Val R²: 0.9051
Epoch 28000 | Train Loss: 0.003106 | Val Loss: 0.003211 | Train R²: 0.9099 | Val R²: 0.9111
Epoch 28500 | Train Loss: 0.002946 | Val Loss: 0.003064 | Train R²: 0.9145 | Val R²: 0.9152
Epoch 29000 | Train Loss: 0.002838 | Val Loss: 0.002967 | Train R²: 0.9177 | Val R²: 0.9179
Epoch 29500 | Train Loss: 0.002769 | Val Loss: 0.002910 | Train R²: 0.9197 | Val R²: 0.9195
Early stopping at epoch 29690 due to flat/negative trend (slope=0.000002)
Epoch 29690 | Train Loss: 0.002750 | Val Loss: 0.002895 | Train R²: 0.9202 | Val R²: 0.9199
Unpickling models
Following models have been loaded and moved to cuda:
trained gpp model:
 SNN_GPP_Tram(
  (net): Sequential(
    (0): Linear(in_features=11, out_features=12, bias=True)
    (1): Tanh()
    (2): Linear(in_features=12, out_features=1, bias=True)
    (3): Sigmoid()
  )
), trained_reco_model:
 SNN_GPP_Tram(
  (net): Sequential(
    (0): Linear(in_features=12, out_features=12, bias=True)
    (1): Tanh()
    (2): Linear(in_features=12, out_features=1, bias=True)
    (3): Sigmoid()
  )
)
using full data set for visualization
Un-normalizing the GPP and RECO predictions using NEE min: tensor([-17.7365]), NEE max: tensor([5.4944])



Metrics for the Tramontana, with
GPP inputs: ['SW_IN', 'VPD', 'TA', 'WS', 'PotRad', 'PotRadHalfHourlyDiff', 'PotRadDailyAvg', 'PotRadDailyDiff', 'WD_COS', 'WD_SIN', 'GPP_PROX']
RECO inputs: ['DOY_sin', 'DOY_cos', 'TA', 'TS_1', 'TS_2', 'TS_3', 'TS_4', 'WTD', 'WS', 'WD_COS', 'WD_SIN', 'NIGHTLY_NEE_AVG']:
DT_GPP vs Tramontana_GPP R²=0.89 RMSE=1.20
NT_GPP vs Tramontana_GPP R²=0.87 RMSE=1.25
DT_RECO vs Tramontana_RECO R²=-0.38 RMSE=1.13
NT_RECO vs Tramontana_RECO R²=-1.87 RMSE=0.83
DT_GPP vs NT_GPP R²=0.81 RMSE=1.56
DT_RECO vs NT_RECO R²=-0.38 RMSE=1.00

gpp_input_names,  ['SW_IN', 'VPD', 'TA', 'WTD', 'PotRad', 'PotRadHalfHourlyDiff', 'PotRadDailyAvg', 'PotRadDailyDiff', 'WD_COS', 'WD_SIN', 'GPP_PROX'] 
reco_input_names,  ['DOY_sin', 'DOY_cos', 'TA', 'TS_1', 'TS_2', 'TS_3', 'TS_4', 'WTD', 'WS', 'WD_COS', 'WD_SIN', 'NIGHTLY_NEE_AVG'] 
true_nee_name,  ['NEE'] 

Tramontana Running on GPU With hidden layer size of 12 Total epochs: 100000 lr: 0.001 patience: 500 min_delta 0.01
SNN_GPP_Tram(
  (net): Sequential(
    (0): Linear(in_features=11, out_features=12, bias=True)
    (1): Tanh()
    (2): Linear(in_features=12, out_features=1, bias=True)
    (3): Sigmoid()
  )
)
SNN_RECO_Tram(
  (net): Sequential(
    (0): Linear(in_features=12, out_features=12, bias=True)
    (1): Tanh()
    (2): Linear(in_features=12, out_features=1, bias=True)
    (3): Sigmoid()
  )
)
Params are min slope: 2e-06, trend window: 100
Epoch     0 | Train Loss: 68681.757812 | Val Loss: 71932.835938 | Train R²: -1992434.0000 | Val R²: -1990495.7500
Epoch   500 | Train Loss: 580.407959 | Val Loss: 551.043213 | Train R²: -16836.4434 | Val R²: -15247.2451
Epoch  1000 | Train Loss: 133.057800 | Val Loss: 123.510727 | Train R²: -3858.9626 | Val R²: -3416.7393
Epoch  1500 | Train Loss: 54.450996 | Val Loss: 49.972389 | Train R²: -1578.6053 | Val R²: -1381.8158
Epoch  2000 | Train Loss: 28.510359 | Val Loss: 25.932339 | Train R²: -826.0760 | Val R²: -716.5893
Epoch  2500 | Train Loss: 16.904369 | Val Loss: 15.254696 | Train R²: -489.3901 | Val R²: -421.1218
Epoch  3000 | Train Loss: 10.778058 | Val Loss: 9.655144 | Train R²: -311.6679 | Val R²: -266.1733
Epoch  3500 | Train Loss: 7.201645 | Val Loss: 6.407113 | Train R²: -207.9173 | Val R²: -176.2951
Epoch  4000 | Train Loss: 4.975193 | Val Loss: 4.398411 | Train R²: -143.3287 | Val R²: -120.7111
Epoch  4500 | Train Loss: 3.527000 | Val Loss: 3.100588 | Train R²: -101.3171 | Val R²: -84.7982
Epoch  5000 | Train Loss: 2.554550 | Val Loss: 2.234783 | Train R²: -73.1066 | Val R²: -60.8400
Epoch  5500 | Train Loss: 1.884316 | Val Loss: 1.641484 | Train R²: -53.6634 | Val R²: -44.4225
Epoch  6000 | Train Loss: 1.412990 | Val Loss: 1.226812 | Train R²: -39.9904 | Val R²: -32.9478
Epoch  6500 | Train Loss: 1.074205 | Val Loss: 0.931180 | Train R²: -30.1623 | Val R²: -24.7672
Epoch  7000 | Train Loss: 0.820478 | Val Loss: 0.711758 | Train R²: -22.8018 | Val R²: -18.6955
Epoch  7500 | Train Loss: 0.623227 | Val Loss: 0.540430 | Train R²: -17.0796 | Val R²: -13.9546
Epoch  8000 | Train Loss: 0.471936 | Val Loss: 0.406948 | Train R²: -12.6907 | Val R²: -10.2609
Epoch  8500 | Train Loss: 0.356644 | Val Loss: 0.306063 | Train R²: -9.3461 | Val R²: -7.4693
Epoch  9000 | Train Loss: 0.269693 | Val Loss: 0.231131 | Train R²: -6.8237 | Val R²: -5.3958
Epoch  9500 | Train Loss: 0.204681 | Val Loss: 0.175182 | Train R²: -4.9377 | Val R²: -3.8476
Epoch 10000 | Train Loss: 0.155596 | Val Loss: 0.132730 | Train R²: -3.5138 | Val R²: -2.6729
Epoch 10500 | Train Loss: 0.117924 | Val Loss: 0.099943 | Train R²: -2.4209 | Val R²: -1.7656
Epoch 11000 | Train Loss: 0.088731 | Val Loss: 0.074441 | Train R²: -1.5741 | Val R²: -1.0599
Epoch 11500 | Train Loss: 0.066756 | Val Loss: 0.055482 | Train R²: -0.9366 | Val R²: -0.5353
Epoch 12000 | Train Loss: 0.051389 | Val Loss: 0.042727 | Train R²: -0.4908 | Val R²: -0.1823
Epoch 12500 | Train Loss: 0.041129 | Val Loss: 0.034541 | Train R²: -0.1931 | Val R²: 0.0442
Epoch 13000 | Train Loss: 0.034080 | Val Loss: 0.029029 | Train R²: 0.0113 | Val R²: 0.1967
Epoch 13500 | Train Loss: 0.029002 | Val Loss: 0.025075 | Train R²: 0.1587 | Val R²: 0.3061
Epoch 14000 | Train Loss: 0.025167 | Val Loss: 0.022095 | Train R²: 0.2699 | Val R²: 0.3886
Epoch 14500 | Train Loss: 0.022155 | Val Loss: 0.019761 | Train R²: 0.3573 | Val R²: 0.4532
Epoch 15000 | Train Loss: 0.019807 | Val Loss: 0.017948 | Train R²: 0.4254 | Val R²: 0.5033
Epoch 15500 | Train Loss: 0.017985 | Val Loss: 0.016534 | Train R²: 0.4783 | Val R²: 0.5425
Epoch 16000 | Train Loss: 0.016562 | Val Loss: 0.015408 | Train R²: 0.5195 | Val R²: 0.5736
Epoch 16500 | Train Loss: 0.015460 | Val Loss: 0.014513 | Train R²: 0.5515 | Val R²: 0.5984
Epoch 17000 | Train Loss: 0.014562 | Val Loss: 0.013759 | Train R²: 0.5776 | Val R²: 0.6193
Epoch 17500 | Train Loss: 0.013765 | Val Loss: 0.013068 | Train R²: 0.6007 | Val R²: 0.6384
Epoch 18000 | Train Loss: 0.013005 | Val Loss: 0.012394 | Train R²: 0.6227 | Val R²: 0.6570
Epoch 18500 | Train Loss: 0.012253 | Val Loss: 0.011720 | Train R²: 0.6445 | Val R²: 0.6757
Epoch 19000 | Train Loss: 0.011501 | Val Loss: 0.011036 | Train R²: 0.6664 | Val R²: 0.6946
Epoch 19500 | Train Loss: 0.010737 | Val Loss: 0.010350 | Train R²: 0.6885 | Val R²: 0.7136
Epoch 20000 | Train Loss: 0.010012 | Val Loss: 0.009707 | Train R²: 0.7096 | Val R²: 0.7314
Epoch 20500 | Train Loss: 0.009352 | Val Loss: 0.009145 | Train R²: 0.7287 | Val R²: 0.7470
Epoch 21000 | Train Loss: 0.008751 | Val Loss: 0.008633 | Train R²: 0.7461 | Val R²: 0.7611
Epoch 21500 | Train Loss: 0.008209 | Val Loss: 0.008161 | Train R²: 0.7619 | Val R²: 0.7742
Epoch 22000 | Train Loss: 0.007720 | Val Loss: 0.007724 | Train R²: 0.7761 | Val R²: 0.7863
Epoch 22500 | Train Loss: 0.007266 | Val Loss: 0.007293 | Train R²: 0.7892 | Val R²: 0.7982
Epoch 23000 | Train Loss: 0.006817 | Val Loss: 0.006839 | Train R²: 0.8022 | Val R²: 0.8107
Epoch 23500 | Train Loss: 0.006340 | Val Loss: 0.006333 | Train R²: 0.8161 | Val R²: 0.8248
Epoch 24000 | Train Loss: 0.005863 | Val Loss: 0.005859 | Train R²: 0.8299 | Val R²: 0.8379
Epoch 24500 | Train Loss: 0.005379 | Val Loss: 0.005403 | Train R²: 0.8440 | Val R²: 0.8505
Epoch 25000 | Train Loss: 0.004876 | Val Loss: 0.004942 | Train R²: 0.8586 | Val R²: 0.8632
Epoch 25500 | Train Loss: 0.004388 | Val Loss: 0.004484 | Train R²: 0.8727 | Val R²: 0.8759
Epoch 26000 | Train Loss: 0.003955 | Val Loss: 0.004063 | Train R²: 0.8853 | Val R²: 0.8876
Epoch 26500 | Train Loss: 0.003609 | Val Loss: 0.003728 | Train R²: 0.8953 | Val R²: 0.8968
Epoch 27000 | Train Loss: 0.003347 | Val Loss: 0.003486 | Train R²: 0.9029 | Val R²: 0.9036
Epoch 27500 | Train Loss: 0.003146 | Val Loss: 0.003298 | Train R²: 0.9087 | Val R²: 0.9087
Epoch 28000 | Train Loss: 0.002991 | Val Loss: 0.003149 | Train R²: 0.9132 | Val R²: 0.9129
Epoch 28500 | Train Loss: 0.002880 | Val Loss: 0.003043 | Train R²: 0.9165 | Val R²: 0.9158
Epoch 29000 | Train Loss: 0.002807 | Val Loss: 0.002976 | Train R²: 0.9186 | Val R²: 0.9177
Epoch 29500 | Train Loss: 0.002756 | Val Loss: 0.002925 | Train R²: 0.9201 | Val R²: 0.9191
Epoch 30000 | Train Loss: 0.002714 | Val Loss: 0.002881 | Train R²: 0.9213 | Val R²: 0.9203
Early stopping at epoch 30377 due to flat/negative trend (slope=0.000002)
Epoch 30377 | Train Loss: 0.002688 | Val Loss: 0.002852 | Train R²: 0.9220 | Val R²: 0.9211
Unpickling models
Following models have been loaded and moved to cuda:
trained gpp model:
 SNN_GPP_Tram(
  (net): Sequential(
    (0): Linear(in_features=11, out_features=12, bias=True)
    (1): Tanh()
    (2): Linear(in_features=12, out_features=1, bias=True)
    (3): Sigmoid()
  )
), trained_reco_model:
 SNN_GPP_Tram(
  (net): Sequential(
    (0): Linear(in_features=12, out_features=12, bias=True)
    (1): Tanh()
    (2): Linear(in_features=12, out_features=1, bias=True)
    (3): Sigmoid()
  )
)
using full data set for visualization
Un-normalizing the GPP and RECO predictions using NEE min: tensor([-17.7365]), NEE max: tensor([5.4944])



Metrics for the Tramontana, with
GPP inputs: ['SW_IN', 'VPD', 'TA', 'WTD', 'PotRad', 'PotRadHalfHourlyDiff', 'PotRadDailyAvg', 'PotRadDailyDiff', 'WD_COS', 'WD_SIN', 'GPP_PROX']
RECO inputs: ['DOY_sin', 'DOY_cos', 'TA', 'TS_1', 'TS_2', 'TS_3', 'TS_4', 'WTD', 'WS', 'WD_COS', 'WD_SIN', 'NIGHTLY_NEE_AVG']:
DT_GPP vs Tramontana_GPP R²=0.89 RMSE=1.20
NT_GPP vs Tramontana_GPP R²=0.87 RMSE=1.23
DT_RECO vs Tramontana_RECO R²=-0.44 RMSE=1.15
NT_RECO vs Tramontana_RECO R²=-1.73 RMSE=0.81
DT_GPP vs NT_GPP R²=0.81 RMSE=1.56
DT_RECO vs NT_RECO R²=-0.38 RMSE=1.00

gpp_input_names,  ['SW_IN', 'VPD', 'TA', 'WTD', 'WS', 'PotRadHalfHourlyDiff', 'PotRadDailyAvg', 'PotRadDailyDiff', 'WD_COS', 'WD_SIN', 'GPP_PROX'] 
reco_input_names,  ['DOY_sin', 'DOY_cos', 'TA', 'TS_1', 'TS_2', 'TS_3', 'TS_4', 'WTD', 'WS', 'WD_COS', 'WD_SIN', 'NIGHTLY_NEE_AVG'] 
true_nee_name,  ['NEE'] 

Tramontana Running on GPU With hidden layer size of 12 Total epochs: 100000 lr: 0.001 patience: 500 min_delta 0.01
SNN_GPP_Tram(
  (net): Sequential(
    (0): Linear(in_features=11, out_features=12, bias=True)
    (1): Tanh()
    (2): Linear(in_features=12, out_features=1, bias=True)
    (3): Sigmoid()
  )
)
SNN_RECO_Tram(
  (net): Sequential(
    (0): Linear(in_features=12, out_features=12, bias=True)
    (1): Tanh()
    (2): Linear(in_features=12, out_features=1, bias=True)
    (3): Sigmoid()
  )
)
Params are min slope: 2e-06, trend window: 100
Epoch     0 | Train Loss: 63579.089844 | Val Loss: 66620.578125 | Train R²: -1844407.2500 | Val R²: -1843496.8750
Epoch   500 | Train Loss: 524.961731 | Val Loss: 493.746124 | Train R²: -15227.9678 | Val R²: -13661.7441
Epoch  1000 | Train Loss: 130.166077 | Val Loss: 119.584930 | Train R²: -3775.0750 | Val R²: -3308.1060
Epoch  1500 | Train Loss: 55.834221 | Val Loss: 50.609352 | Train R²: -1618.7321 | Val R²: -1399.4418
Epoch  2000 | Train Loss: 29.674444 | Val Loss: 26.621216 | Train R²: -859.8458 | Val R²: -735.6516
Epoch  2500 | Train Loss: 17.648350 | Val Loss: 15.691937 | Train R²: -510.9728 | Val R²: -433.2209
Epoch  3000 | Train Loss: 11.235829 | Val Loss: 9.909667 | Train R²: -324.9477 | Val R²: -273.2163
Epoch  3500 | Train Loss: 7.485102 | Val Loss: 6.552563 | Train R²: -216.1404 | Val R²: -180.3199
Epoch  4000 | Train Loss: 5.153429 | Val Loss: 4.480880 | Train R²: -148.4993 | Val R²: -122.9931
Epoch  4500 | Train Loss: 3.641258 | Val Loss: 3.147197 | Train R²: -104.6317 | Val R²: -86.0880
Epoch  5000 | Train Loss: 2.629054 | Val Loss: 2.260792 | Train R²: -75.2680 | Val R²: -61.5597
Epoch  5500 | Train Loss: 1.933861 | Val Loss: 1.656036 | Train R²: -55.1007 | Val R²: -44.8252
Epoch  6000 | Train Loss: 1.446127 | Val Loss: 1.234866 | Train R²: -40.9517 | Val R²: -33.1707
Epoch  6500 | Train Loss: 1.093068 | Val Loss: 0.932781 | Train R²: -30.7095 | Val R²: -24.8115
Epoch  7000 | Train Loss: 0.825936 | Val Loss: 0.705587 | Train R²: -22.9601 | Val R²: -18.5247
Epoch  7500 | Train Loss: 0.622491 | Val Loss: 0.530757 | Train R²: -17.0583 | Val R²: -13.6869
Epoch  8000 | Train Loss: 0.471313 | Val Loss: 0.400399 | Train R²: -12.6726 | Val R²: -10.0797
Epoch  8500 | Train Loss: 0.356507 | Val Loss: 0.302262 | Train R²: -9.3422 | Val R²: -7.3641
Epoch  9000 | Train Loss: 0.269796 | Val Loss: 0.228805 | Train R²: -6.8267 | Val R²: -5.3314
Epoch  9500 | Train Loss: 0.204900 | Val Loss: 0.173787 | Train R²: -4.9441 | Val R²: -3.8090
Epoch 10000 | Train Loss: 0.155768 | Val Loss: 0.131838 | Train R²: -3.5188 | Val R²: -2.6482
Epoch 10500 | Train Loss: 0.117748 | Val Loss: 0.099048 | Train R²: -2.4158 | Val R²: -1.7408
Epoch 11000 | Train Loss: 0.088006 | Val Loss: 0.073341 | Train R²: -1.5530 | Val R²: -1.0295
Epoch 11500 | Train Loss: 0.066015 | Val Loss: 0.054801 | Train R²: -0.9151 | Val R²: -0.5164
Epoch 12000 | Train Loss: 0.051179 | Val Loss: 0.042727 | Train R²: -0.4847 | Val R²: -0.1823
Epoch 12500 | Train Loss: 0.041274 | Val Loss: 0.034860 | Train R²: -0.1973 | Val R²: 0.0354
Epoch 13000 | Train Loss: 0.034360 | Val Loss: 0.029477 | Train R²: 0.0032 | Val R²: 0.1843
Epoch 13500 | Train Loss: 0.029336 | Val Loss: 0.025604 | Train R²: 0.1490 | Val R²: 0.2915
Epoch 14000 | Train Loss: 0.025540 | Val Loss: 0.022683 | Train R²: 0.2591 | Val R²: 0.3723
Epoch 14500 | Train Loss: 0.022599 | Val Loss: 0.020428 | Train R²: 0.3444 | Val R²: 0.4347
Epoch 15000 | Train Loss: 0.020361 | Val Loss: 0.018714 | Train R²: 0.4093 | Val R²: 0.4822
Epoch 15500 | Train Loss: 0.018653 | Val Loss: 0.017376 | Train R²: 0.4589 | Val R²: 0.5192
Epoch 16000 | Train Loss: 0.017303 | Val Loss: 0.016269 | Train R²: 0.4981 | Val R²: 0.5498
Epoch 16500 | Train Loss: 0.016206 | Val Loss: 0.015339 | Train R²: 0.5299 | Val R²: 0.5755
Epoch 17000 | Train Loss: 0.015265 | Val Loss: 0.014517 | Train R²: 0.5572 | Val R²: 0.5983
Epoch 17500 | Train Loss: 0.014384 | Val Loss: 0.013719 | Train R²: 0.5827 | Val R²: 0.6204
Epoch 18000 | Train Loss: 0.013505 | Val Loss: 0.012921 | Train R²: 0.6082 | Val R²: 0.6424
Epoch 18500 | Train Loss: 0.012616 | Val Loss: 0.012122 | Train R²: 0.6340 | Val R²: 0.6646
Epoch 19000 | Train Loss: 0.011747 | Val Loss: 0.011337 | Train R²: 0.6592 | Val R²: 0.6863
Epoch 19500 | Train Loss: 0.010928 | Val Loss: 0.010598 | Train R²: 0.6830 | Val R²: 0.7067
Epoch 20000 | Train Loss: 0.010156 | Val Loss: 0.009920 | Train R²: 0.7054 | Val R²: 0.7255
Epoch 20500 | Train Loss: 0.009447 | Val Loss: 0.009317 | Train R²: 0.7259 | Val R²: 0.7422
Epoch 21000 | Train Loss: 0.008810 | Val Loss: 0.008768 | Train R²: 0.7444 | Val R²: 0.7574
Epoch 21500 | Train Loss: 0.008232 | Val Loss: 0.008268 | Train R²: 0.7612 | Val R²: 0.7712
Epoch 22000 | Train Loss: 0.007700 | Val Loss: 0.007807 | Train R²: 0.7766 | Val R²: 0.7840
Epoch 22500 | Train Loss: 0.007185 | Val Loss: 0.007326 | Train R²: 0.7916 | Val R²: 0.7973
Epoch 23000 | Train Loss: 0.006632 | Val Loss: 0.006762 | Train R²: 0.8076 | Val R²: 0.8129
Epoch 23500 | Train Loss: 0.006063 | Val Loss: 0.006218 | Train R²: 0.8241 | Val R²: 0.8279
Epoch 24000 | Train Loss: 0.005500 | Val Loss: 0.005669 | Train R²: 0.8405 | Val R²: 0.8431
Epoch 24500 | Train Loss: 0.004979 | Val Loss: 0.005162 | Train R²: 0.8556 | Val R²: 0.8572
Epoch 25000 | Train Loss: 0.004468 | Val Loss: 0.004656 | Train R²: 0.8704 | Val R²: 0.8712
Epoch 25500 | Train Loss: 0.004019 | Val Loss: 0.004217 | Train R²: 0.8834 | Val R²: 0.8833
Epoch 26000 | Train Loss: 0.003695 | Val Loss: 0.003902 | Train R²: 0.8928 | Val R²: 0.8920
Epoch 26500 | Train Loss: 0.003488 | Val Loss: 0.003687 | Train R²: 0.8988 | Val R²: 0.8980
Epoch 27000 | Train Loss: 0.003355 | Val Loss: 0.003539 | Train R²: 0.9027 | Val R²: 0.9021
Epoch 27500 | Train Loss: 0.003266 | Val Loss: 0.003435 | Train R²: 0.9053 | Val R²: 0.9049
Epoch 28000 | Train Loss: 0.003196 | Val Loss: 0.003357 | Train R²: 0.9073 | Val R²: 0.9071
Epoch 28500 | Train Loss: 0.003137 | Val Loss: 0.003298 | Train R²: 0.9090 | Val R²: 0.9087
Epoch 29000 | Train Loss: 0.003087 | Val Loss: 0.003252 | Train R²: 0.9104 | Val R²: 0.9100
Early stopping at epoch 29271 due to flat/negative trend (slope=0.000002)
Epoch 29271 | Train Loss: 0.003064 | Val Loss: 0.003232 | Train R²: 0.9111 | Val R²: 0.9106
Unpickling models
Following models have been loaded and moved to cuda:
trained gpp model:
 SNN_GPP_Tram(
  (net): Sequential(
    (0): Linear(in_features=11, out_features=12, bias=True)
    (1): Tanh()
    (2): Linear(in_features=12, out_features=1, bias=True)
    (3): Sigmoid()
  )
), trained_reco_model:
 SNN_GPP_Tram(
  (net): Sequential(
    (0): Linear(in_features=12, out_features=12, bias=True)
    (1): Tanh()
    (2): Linear(in_features=12, out_features=1, bias=True)
    (3): Sigmoid()
  )
)
using full data set for visualization
Un-normalizing the GPP and RECO predictions using NEE min: tensor([-17.7365]), NEE max: tensor([5.4944])



Metrics for the Tramontana, with
GPP inputs: ['SW_IN', 'VPD', 'TA', 'WTD', 'WS', 'PotRadHalfHourlyDiff', 'PotRadDailyAvg', 'PotRadDailyDiff', 'WD_COS', 'WD_SIN', 'GPP_PROX']
RECO inputs: ['DOY_sin', 'DOY_cos', 'TA', 'TS_1', 'TS_2', 'TS_3', 'TS_4', 'WTD', 'WS', 'WD_COS', 'WD_SIN', 'NIGHTLY_NEE_AVG']:
DT_GPP vs Tramontana_GPP R²=0.87 RMSE=1.30
NT_GPP vs Tramontana_GPP R²=0.82 RMSE=1.46
DT_RECO vs Tramontana_RECO R²=-0.64 RMSE=1.23
NT_RECO vs Tramontana_RECO R²=-3.73 RMSE=1.07
DT_GPP vs NT_GPP R²=0.81 RMSE=1.56
DT_RECO vs NT_RECO R²=-0.38 RMSE=1.00

gpp_input_names,  ['SW_IN', 'VPD', 'TA', 'WTD', 'WS', 'PotRad', 'PotRadDailyAvg', 'PotRadDailyDiff', 'WD_COS', 'WD_SIN', 'GPP_PROX'] 
reco_input_names,  ['DOY_sin', 'DOY_cos', 'TA', 'TS_1', 'TS_2', 'TS_3', 'TS_4', 'WTD', 'WS', 'WD_COS', 'WD_SIN', 'NIGHTLY_NEE_AVG'] 
true_nee_name,  ['NEE'] 

Tramontana Running on GPU With hidden layer size of 12 Total epochs: 100000 lr: 0.001 patience: 500 min_delta 0.01
SNN_GPP_Tram(
  (net): Sequential(
    (0): Linear(in_features=11, out_features=12, bias=True)
    (1): Tanh()
    (2): Linear(in_features=12, out_features=1, bias=True)
    (3): Sigmoid()
  )
)
SNN_RECO_Tram(
  (net): Sequential(
    (0): Linear(in_features=12, out_features=12, bias=True)
    (1): Tanh()
    (2): Linear(in_features=12, out_features=1, bias=True)
    (3): Sigmoid()
  )
)
Params are min slope: 2e-06, trend window: 100
Epoch     0 | Train Loss: 58575.929688 | Val Loss: 61092.054688 | Train R²: -1699267.3750 | Val R²: -1690513.6250
Epoch   500 | Train Loss: 386.937897 | Val Loss: 360.017426 | Train R²: -11223.9414 | Val R²: -9961.2578
Epoch  1000 | Train Loss: 96.285851 | Val Loss: 87.316994 | Train R²: -2792.2207 | Val R²: -2415.2004
Epoch  1500 | Train Loss: 41.056679 | Val Loss: 36.526695 | Train R²: -1190.0406 | Val R²: -1009.7520
Epoch  2000 | Train Loss: 21.747129 | Val Loss: 19.044796 | Train R²: -629.8771 | Val R²: -525.9999
Epoch  2500 | Train Loss: 12.917300 | Val Loss: 11.159006 | Train R²: -373.7266 | Val R²: -307.7875
Epoch  3000 | Train Loss: 8.224332 | Val Loss: 7.019341 | Train R²: -237.5851 | Val R²: -193.2364
Epoch  3500 | Train Loss: 5.483974 | Val Loss: 4.630483 | Train R²: -158.0883 | Val R²: -127.1329
Epoch  4000 | Train Loss: 3.783661 | Val Loss: 3.165735 | Train R²: -108.7627 | Val R²: -86.6010
Epoch  4500 | Train Loss: 2.683187 | Val Loss: 2.228601 | Train R²: -76.8384 | Val R²: -60.6690
Epoch  5000 | Train Loss: 1.947231 | Val Loss: 1.608393 | Train R²: -55.4885 | Val R²: -43.5068
Epoch  5500 | Train Loss: 1.441457 | Val Loss: 1.186465 | Train R²: -40.8162 | Val R²: -31.8314
Epoch  6000 | Train Loss: 1.084527 | Val Loss: 0.892115 | Train R²: -30.4618 | Val R²: -23.6863
Epoch  6500 | Train Loss: 0.823714 | Val Loss: 0.679380 | Train R²: -22.8957 | Val R²: -17.7995
Epoch  7000 | Train Loss: 0.625718 | Val Loss: 0.517880 | Train R²: -17.1519 | Val R²: -13.3306
Epoch  7500 | Train Loss: 0.476136 | Val Loss: 0.394686 | Train R²: -12.8125 | Val R²: -9.9216
Epoch  8000 | Train Loss: 0.364516 | Val Loss: 0.302701 | Train R²: -9.5745 | Val R²: -7.3762
Epoch  8500 | Train Loss: 0.278988 | Val Loss: 0.232199 | Train R²: -7.0933 | Val R²: -5.4253
Epoch  9000 | Train Loss: 0.212500 | Val Loss: 0.177182 | Train R²: -5.1645 | Val R²: -3.9029
Epoch  9500 | Train Loss: 0.160726 | Val Loss: 0.134063 | Train R²: -3.6626 | Val R²: -2.7097
Epoch 10000 | Train Loss: 0.120367 | Val Loss: 0.100191 | Train R²: -2.4918 | Val R²: -1.7725
Epoch 10500 | Train Loss: 0.088625 | Val Loss: 0.073353 | Train R²: -1.5710 | Val R²: -1.0298
Epoch 11000 | Train Loss: 0.063713 | Val Loss: 0.052293 | Train R²: -0.8483 | Val R²: -0.4470
Epoch 11500 | Train Loss: 0.046104 | Val Loss: 0.037661 | Train R²: -0.3375 | Val R²: -0.0421
Epoch 12000 | Train Loss: 0.035215 | Val Loss: 0.029007 | Train R²: -0.0216 | Val R²: 0.1973
Epoch 12500 | Train Loss: 0.028548 | Val Loss: 0.023970 | Train R²: 0.1718 | Val R²: 0.3367
Epoch 13000 | Train Loss: 0.024161 | Val Loss: 0.020754 | Train R²: 0.2991 | Val R²: 0.4257
Epoch 13500 | Train Loss: 0.021053 | Val Loss: 0.018508 | Train R²: 0.3893 | Val R²: 0.4879
Epoch 14000 | Train Loss: 0.018857 | Val Loss: 0.016940 | Train R²: 0.4530 | Val R²: 0.5312
Epoch 14500 | Train Loss: 0.017299 | Val Loss: 0.015829 | Train R²: 0.4982 | Val R²: 0.5620
Epoch 15000 | Train Loss: 0.016189 | Val Loss: 0.015043 | Train R²: 0.5304 | Val R²: 0.5837
Epoch 15500 | Train Loss: 0.015355 | Val Loss: 0.014458 | Train R²: 0.5546 | Val R²: 0.5999
Epoch 16000 | Train Loss: 0.014623 | Val Loss: 0.013949 | Train R²: 0.5758 | Val R²: 0.6140
Epoch 16500 | Train Loss: 0.013837 | Val Loss: 0.013416 | Train R²: 0.5986 | Val R²: 0.6288
Epoch 17000 | Train Loss: 0.013173 | Val Loss: 0.012881 | Train R²: 0.6178 | Val R²: 0.6436
Epoch 17500 | Train Loss: 0.012579 | Val Loss: 0.012344 | Train R²: 0.6351 | Val R²: 0.6584
Epoch 18000 | Train Loss: 0.011995 | Val Loss: 0.011797 | Train R²: 0.6520 | Val R²: 0.6735
Epoch 18500 | Train Loss: 0.011405 | Val Loss: 0.011250 | Train R²: 0.6692 | Val R²: 0.6887
Epoch 19000 | Train Loss: 0.010818 | Val Loss: 0.010706 | Train R²: 0.6862 | Val R²: 0.7037
Epoch 19500 | Train Loss: 0.010263 | Val Loss: 0.010200 | Train R²: 0.7023 | Val R²: 0.7178
Epoch 20000 | Train Loss: 0.009738 | Val Loss: 0.009738 | Train R²: 0.7175 | Val R²: 0.7305
Epoch 20500 | Train Loss: 0.009248 | Val Loss: 0.009319 | Train R²: 0.7317 | Val R²: 0.7421
Epoch 21000 | Train Loss: 0.008784 | Val Loss: 0.008921 | Train R²: 0.7452 | Val R²: 0.7531
Epoch 21500 | Train Loss: 0.008310 | Val Loss: 0.008475 | Train R²: 0.7589 | Val R²: 0.7655
Epoch 22000 | Train Loss: 0.007856 | Val Loss: 0.008002 | Train R²: 0.7721 | Val R²: 0.7786
Epoch 22500 | Train Loss: 0.007463 | Val Loss: 0.007613 | Train R²: 0.7835 | Val R²: 0.7893
Epoch 23000 | Train Loss: 0.007099 | Val Loss: 0.007250 | Train R²: 0.7941 | Val R²: 0.7994
Epoch 23500 | Train Loss: 0.006746 | Val Loss: 0.006895 | Train R²: 0.8043 | Val R²: 0.8092
Epoch 24000 | Train Loss: 0.006390 | Val Loss: 0.006530 | Train R²: 0.8146 | Val R²: 0.8193
Epoch 24500 | Train Loss: 0.006008 | Val Loss: 0.006129 | Train R²: 0.8257 | Val R²: 0.8304
Epoch 25000 | Train Loss: 0.005592 | Val Loss: 0.005701 | Train R²: 0.8378 | Val R²: 0.8422
Epoch 25500 | Train Loss: 0.005146 | Val Loss: 0.005265 | Train R²: 0.8507 | Val R²: 0.8543
Epoch 26000 | Train Loss: 0.004691 | Val Loss: 0.004819 | Train R²: 0.8639 | Val R²: 0.8667
Epoch 26500 | Train Loss: 0.004298 | Val Loss: 0.004416 | Train R²: 0.8753 | Val R²: 0.8778
Epoch 27000 | Train Loss: 0.004004 | Val Loss: 0.004107 | Train R²: 0.8838 | Val R²: 0.8863
Epoch 27500 | Train Loss: 0.003771 | Val Loss: 0.003864 | Train R²: 0.8906 | Val R²: 0.8931
Epoch 28000 | Train Loss: 0.003571 | Val Loss: 0.003663 | Train R²: 0.8964 | Val R²: 0.8986
Epoch 28500 | Train Loss: 0.003406 | Val Loss: 0.003504 | Train R²: 0.9012 | Val R²: 0.9030
Epoch 29000 | Train Loss: 0.003289 | Val Loss: 0.003397 | Train R²: 0.9046 | Val R²: 0.9060
Epoch 29500 | Train Loss: 0.003214 | Val Loss: 0.003334 | Train R²: 0.9068 | Val R²: 0.9077
Early stopping at epoch 29884 due to flat/negative trend (slope=0.000002)
Epoch 29884 | Train Loss: 0.003170 | Val Loss: 0.003304 | Train R²: 0.9081 | Val R²: 0.9086
Unpickling models
Following models have been loaded and moved to cuda:
trained gpp model:
 SNN_GPP_Tram(
  (net): Sequential(
    (0): Linear(in_features=11, out_features=12, bias=True)
    (1): Tanh()
    (2): Linear(in_features=12, out_features=1, bias=True)
    (3): Sigmoid()
  )
), trained_reco_model:
 SNN_GPP_Tram(
  (net): Sequential(
    (0): Linear(in_features=12, out_features=12, bias=True)
    (1): Tanh()
    (2): Linear(in_features=12, out_features=1, bias=True)
    (3): Sigmoid()
  )
)
using full data set for visualization
Un-normalizing the GPP and RECO predictions using NEE min: tensor([-17.7365]), NEE max: tensor([5.4944])



Metrics for the Tramontana, with
GPP inputs: ['SW_IN', 'VPD', 'TA', 'WTD', 'WS', 'PotRad', 'PotRadDailyAvg', 'PotRadDailyDiff', 'WD_COS', 'WD_SIN', 'GPP_PROX']
RECO inputs: ['DOY_sin', 'DOY_cos', 'TA', 'TS_1', 'TS_2', 'TS_3', 'TS_4', 'WTD', 'WS', 'WD_COS', 'WD_SIN', 'NIGHTLY_NEE_AVG']:
DT_GPP vs Tramontana_GPP R²=0.90 RMSE=1.13
NT_GPP vs Tramontana_GPP R²=0.79 RMSE=1.56
DT_RECO vs Tramontana_RECO R²=-0.89 RMSE=1.32
NT_RECO vs Tramontana_RECO R²=-4.95 RMSE=1.20
DT_GPP vs NT_GPP R²=0.81 RMSE=1.56
DT_RECO vs NT_RECO R²=-0.38 RMSE=1.00

gpp_input_names,  ['SW_IN', 'VPD', 'TA', 'WTD', 'WS', 'PotRad', 'PotRadHalfHourlyDiff', 'PotRadDailyDiff', 'WD_COS', 'WD_SIN', 'GPP_PROX'] 
reco_input_names,  ['DOY_sin', 'DOY_cos', 'TA', 'TS_1', 'TS_2', 'TS_3', 'TS_4', 'WTD', 'WS', 'WD_COS', 'WD_SIN', 'NIGHTLY_NEE_AVG'] 
true_nee_name,  ['NEE'] 

Tramontana Running on GPU With hidden layer size of 12 Total epochs: 100000 lr: 0.001 patience: 500 min_delta 0.01
SNN_GPP_Tram(
  (net): Sequential(
    (0): Linear(in_features=11, out_features=12, bias=True)
    (1): Tanh()
    (2): Linear(in_features=12, out_features=1, bias=True)
    (3): Sigmoid()
  )
)
SNN_RECO_Tram(
  (net): Sequential(
    (0): Linear(in_features=12, out_features=12, bias=True)
    (1): Tanh()
    (2): Linear(in_features=12, out_features=1, bias=True)
    (3): Sigmoid()
  )
)
Params are min slope: 2e-06, trend window: 100
Epoch     0 | Train Loss: 49909.984375 | Val Loss: 51767.437500 | Train R²: -1447871.1250 | Val R²: -1432486.8750
Epoch   500 | Train Loss: 405.353180 | Val Loss: 384.258057 | Train R²: -11758.1621 | Val R²: -10632.0352
Epoch  1000 | Train Loss: 108.686470 | Val Loss: 101.866196 | Train R²: -3151.9585 | Val R²: -2817.8005
Epoch  1500 | Train Loss: 48.201401 | Val Loss: 44.801060 | Train R²: -1397.3066 | Val R²: -1238.7169
Epoch  2000 | Train Loss: 26.104317 | Val Loss: 24.084593 | Train R²: -756.2776 | Val R²: -665.4591
Epoch  2500 | Train Loss: 15.707830 | Val Loss: 14.390767 | Train R²: -454.6790 | Val R²: -397.2155
Epoch  3000 | Train Loss: 10.072972 | Val Loss: 9.163922 | Train R²: -291.2136 | Val R²: -252.5804
Epoch  3500 | Train Loss: 6.737310 | Val Loss: 6.086386 | Train R²: -194.4471 | Val R²: -167.4200
Epoch  4000 | Train Loss: 4.645245 | Val Loss: 4.167226 | Train R²: -133.7570 | Val R²: -114.3138
Epoch  4500 | Train Loss: 3.279366 | Val Loss: 2.921625 | Train R²: -94.1333 | Val R²: -79.8460
Epoch  5000 | Train Loss: 2.362349 | Val Loss: 2.090598 | Train R²: -67.5310 | Val R²: -56.8502
Epoch  5500 | Train Loss: 1.735585 | Val Loss: 1.526830 | Train R²: -49.3487 | Val R²: -41.2498
Epoch  6000 | Train Loss: 1.300649 | Val Loss: 1.138649 | Train R²: -36.7314 | Val R²: -30.5082
Epoch  6500 | Train Loss: 0.992715 | Val Loss: 0.865745 | Train R²: -27.7983 | Val R²: -22.9565
Epoch  7000 | Train Loss: 0.766477 | Val Loss: 0.667299 | Train R²: -21.2352 | Val R²: -17.4652
Epoch  7500 | Train Loss: 0.590492 | Val Loss: 0.513914 | Train R²: -16.1300 | Val R²: -13.2208
Epoch  8000 | Train Loss: 0.449955 | Val Loss: 0.388498 | Train R²: -12.0531 | Val R²: -9.7504
Epoch  8500 | Train Loss: 0.341628 | Val Loss: 0.293697 | Train R²: -8.9105 | Val R²: -7.1271
Epoch  9000 | Train Loss: 0.260814 | Val Loss: 0.224134 | Train R²: -6.5661 | Val R²: -5.2021
Epoch  9500 | Train Loss: 0.199958 | Val Loss: 0.171635 | Train R²: -4.8007 | Val R²: -3.7494
Epoch 10000 | Train Loss: 0.152722 | Val Loss: 0.130579 | Train R²: -3.4304 | Val R²: -2.6133
Epoch 10500 | Train Loss: 0.115378 | Val Loss: 0.097885 | Train R²: -2.3471 | Val R²: -1.7086
Epoch 11000 | Train Loss: 0.086465 | Val Loss: 0.072679 | Train R²: -1.5083 | Val R²: -1.0112
Epoch 11500 | Train Loss: 0.065997 | Val Loss: 0.055571 | Train R²: -0.9146 | Val R²: -0.5377
Epoch 12000 | Train Loss: 0.052458 | Val Loss: 0.044738 | Train R²: -0.5218 | Val R²: -0.2380
Epoch 12500 | Train Loss: 0.043172 | Val Loss: 0.037363 | Train R²: -0.2524 | Val R²: -0.0339
Epoch 13000 | Train Loss: 0.036476 | Val Loss: 0.032012 | Train R²: -0.0582 | Val R²: 0.1142
Epoch 13500 | Train Loss: 0.031333 | Val Loss: 0.027860 | Train R²: 0.0910 | Val R²: 0.2291
Epoch 14000 | Train Loss: 0.027119 | Val Loss: 0.024406 | Train R²: 0.2133 | Val R²: 0.3246
Epoch 14500 | Train Loss: 0.023479 | Val Loss: 0.021427 | Train R²: 0.3189 | Val R²: 0.4071
Epoch 15000 | Train Loss: 0.020383 | Val Loss: 0.018905 | Train R²: 0.4087 | Val R²: 0.4769
Epoch 15500 | Train Loss: 0.018028 | Val Loss: 0.016978 | Train R²: 0.4770 | Val R²: 0.5302
Epoch 16000 | Train Loss: 0.016313 | Val Loss: 0.015589 | Train R²: 0.5268 | Val R²: 0.5686
Epoch 16500 | Train Loss: 0.015025 | Val Loss: 0.014544 | Train R²: 0.5641 | Val R²: 0.5975
Epoch 17000 | Train Loss: 0.013988 | Val Loss: 0.013684 | Train R²: 0.5942 | Val R²: 0.6213
Epoch 17500 | Train Loss: 0.013095 | Val Loss: 0.012917 | Train R²: 0.6201 | Val R²: 0.6426
Epoch 18000 | Train Loss: 0.012280 | Val Loss: 0.012192 | Train R²: 0.6437 | Val R²: 0.6626
Epoch 18500 | Train Loss: 0.011519 | Val Loss: 0.011494 | Train R²: 0.6658 | Val R²: 0.6819
Epoch 19000 | Train Loss: 0.010800 | Val Loss: 0.010812 | Train R²: 0.6867 | Val R²: 0.7008
Epoch 19500 | Train Loss: 0.010119 | Val Loss: 0.010145 | Train R²: 0.7064 | Val R²: 0.7193
Epoch 20000 | Train Loss: 0.009481 | Val Loss: 0.009537 | Train R²: 0.7249 | Val R²: 0.7361
Epoch 20500 | Train Loss: 0.008876 | Val Loss: 0.008991 | Train R²: 0.7425 | Val R²: 0.7512
Epoch 21000 | Train Loss: 0.008315 | Val Loss: 0.008488 | Train R²: 0.7588 | Val R²: 0.7651
Epoch 21500 | Train Loss: 0.007814 | Val Loss: 0.008013 | Train R²: 0.7733 | Val R²: 0.7783
Epoch 22000 | Train Loss: 0.007345 | Val Loss: 0.007534 | Train R²: 0.7869 | Val R²: 0.7915
Epoch 22500 | Train Loss: 0.006921 | Val Loss: 0.007097 | Train R²: 0.7992 | Val R²: 0.8036
Epoch 23000 | Train Loss: 0.006522 | Val Loss: 0.006691 | Train R²: 0.8108 | Val R²: 0.8149
Epoch 23500 | Train Loss: 0.006123 | Val Loss: 0.006291 | Train R²: 0.8224 | Val R²: 0.8259
Epoch 24000 | Train Loss: 0.005722 | Val Loss: 0.005900 | Train R²: 0.8340 | Val R²: 0.8367
Epoch 24500 | Train Loss: 0.005325 | Val Loss: 0.005538 | Train R²: 0.8455 | Val R²: 0.8467
Epoch 25000 | Train Loss: 0.004954 | Val Loss: 0.005204 | Train R²: 0.8563 | Val R²: 0.8560
Epoch 25500 | Train Loss: 0.004616 | Val Loss: 0.004882 | Train R²: 0.8661 | Val R²: 0.8649
Epoch 26000 | Train Loss: 0.004292 | Val Loss: 0.004565 | Train R²: 0.8755 | Val R²: 0.8737
Epoch 26500 | Train Loss: 0.003975 | Val Loss: 0.004250 | Train R²: 0.8847 | Val R²: 0.8824
Epoch 27000 | Train Loss: 0.003670 | Val Loss: 0.003944 | Train R²: 0.8935 | Val R²: 0.8909
Epoch 27500 | Train Loss: 0.003392 | Val Loss: 0.003651 | Train R²: 0.9016 | Val R²: 0.8990
Epoch 28000 | Train Loss: 0.003135 | Val Loss: 0.003373 | Train R²: 0.9090 | Val R²: 0.9067
Epoch 28500 | Train Loss: 0.002911 | Val Loss: 0.003126 | Train R²: 0.9156 | Val R²: 0.9135
Epoch 29000 | Train Loss: 0.002760 | Val Loss: 0.002961 | Train R²: 0.9199 | Val R²: 0.9181
Epoch 29500 | Train Loss: 0.002688 | Val Loss: 0.002888 | Train R²: 0.9220 | Val R²: 0.9201
Early stopping at epoch 29702 due to flat/negative trend (slope=0.000002)
Epoch 29702 | Train Loss: 0.002671 | Val Loss: 0.002872 | Train R²: 0.9225 | Val R²: 0.9205
Unpickling models
Following models have been loaded and moved to cuda:
trained gpp model:
 SNN_GPP_Tram(
  (net): Sequential(
    (0): Linear(in_features=11, out_features=12, bias=True)
    (1): Tanh()
    (2): Linear(in_features=12, out_features=1, bias=True)
    (3): Sigmoid()
  )
), trained_reco_model:
 SNN_GPP_Tram(
  (net): Sequential(
    (0): Linear(in_features=12, out_features=12, bias=True)
    (1): Tanh()
    (2): Linear(in_features=12, out_features=1, bias=True)
    (3): Sigmoid()
  )
)
using full data set for visualization
Un-normalizing the GPP and RECO predictions using NEE min: tensor([-17.7365]), NEE max: tensor([5.4944])



Metrics for the Tramontana, with
GPP inputs: ['SW_IN', 'VPD', 'TA', 'WTD', 'WS', 'PotRad', 'PotRadHalfHourlyDiff', 'PotRadDailyDiff', 'WD_COS', 'WD_SIN', 'GPP_PROX']
RECO inputs: ['DOY_sin', 'DOY_cos', 'TA', 'TS_1', 'TS_2', 'TS_3', 'TS_4', 'WTD', 'WS', 'WD_COS', 'WD_SIN', 'NIGHTLY_NEE_AVG']:
DT_GPP vs Tramontana_GPP R²=0.89 RMSE=1.17
NT_GPP vs Tramontana_GPP R²=0.87 RMSE=1.21
DT_RECO vs Tramontana_RECO R²=-0.34 RMSE=1.11
NT_RECO vs Tramontana_RECO R²=-1.41 RMSE=0.76
DT_GPP vs NT_GPP R²=0.81 RMSE=1.56
DT_RECO vs NT_RECO R²=-0.38 RMSE=1.00

gpp_input_names,  ['SW_IN', 'VPD', 'TA', 'WTD', 'WS', 'PotRad', 'PotRadHalfHourlyDiff', 'PotRadDailyAvg', 'WD_COS', 'WD_SIN', 'GPP_PROX'] 
reco_input_names,  ['DOY_sin', 'DOY_cos', 'TA', 'TS_1', 'TS_2', 'TS_3', 'TS_4', 'WTD', 'WS', 'WD_COS', 'WD_SIN', 'NIGHTLY_NEE_AVG'] 
true_nee_name,  ['NEE'] 

Tramontana Running on GPU With hidden layer size of 12 Total epochs: 100000 lr: 0.001 patience: 500 min_delta 0.01
SNN_GPP_Tram(
  (net): Sequential(
    (0): Linear(in_features=11, out_features=12, bias=True)
    (1): Tanh()
    (2): Linear(in_features=12, out_features=1, bias=True)
    (3): Sigmoid()
  )
)
SNN_RECO_Tram(
  (net): Sequential(
    (0): Linear(in_features=12, out_features=12, bias=True)
    (1): Tanh()
    (2): Linear(in_features=12, out_features=1, bias=True)
    (3): Sigmoid()
  )
)
Params are min slope: 2e-06, trend window: 100
Epoch     0 | Train Loss: 71293.117188 | Val Loss: 74210.875000 | Train R²: -2068188.8750 | Val R²: -2053532.5000
Epoch   500 | Train Loss: 453.799774 | Val Loss: 438.579773 | Train R²: -13163.5820 | Val R²: -12135.2031
Epoch  1000 | Train Loss: 122.659180 | Val Loss: 116.689964 | Train R²: -3557.3022 | Val R²: -3227.9978
Epoch  1500 | Train Loss: 54.954720 | Val Loss: 51.727222 | Train R²: -1593.2183 | Val R²: -1430.3751
Epoch  2000 | Train Loss: 29.985703 | Val Loss: 27.977125 | Train R²: -868.8753 | Val R²: -773.1718
Epoch  2500 | Train Loss: 18.145844 | Val Loss: 16.795088 | Train R²: -525.4050 | Val R²: -463.7469
Epoch  3000 | Train Loss: 11.689594 | Val Loss: 10.736102 | Train R²: -338.1113 | Val R²: -296.0851
Epoch  3500 | Train Loss: 7.843261 | Val Loss: 7.147724 | Train R²: -226.5304 | Val R²: -196.7890
Epoch  4000 | Train Loss: 5.413530 | Val Loss: 4.894767 | Train R²: -156.0447 | Val R²: -134.4460
Epoch  4500 | Train Loss: 3.819120 | Val Loss: 3.426588 | Train R²: -109.7914 | Val R²: -93.8192
Epoch  5000 | Train Loss: 2.744546 | Val Loss: 2.444286 | Train R²: -78.6184 | Val R²: -66.6373
Epoch  5500 | Train Loss: 2.006886 | Val Loss: 1.774994 | Train R²: -57.2191 | Val R²: -48.1169
Epoch  6000 | Train Loss: 1.493452 | Val Loss: 1.312688 | Train R²: -42.3246 | Val R²: -35.3242
Epoch  6500 | Train Loss: 1.130921 | Val Loss: 0.988697 | Train R²: -31.8077 | Val R²: -26.3588
Epoch  7000 | Train Loss: 0.868986 | Val Loss: 0.756632 | Train R²: -24.2090 | Val R²: -19.9372
Epoch  7500 | Train Loss: 0.672531 | Val Loss: 0.584880 | Train R²: -18.5099 | Val R²: -15.1846
Epoch  8000 | Train Loss: 0.520561 | Val Loss: 0.451816 | Train R²: -14.1013 | Val R²: -11.5025
Epoch  8500 | Train Loss: 0.399179 | Val Loss: 0.343519 | Train R²: -10.5801 | Val R²: -8.5057
Epoch  9000 | Train Loss: 0.303697 | Val Loss: 0.259688 | Train R²: -7.8102 | Val R²: -6.1860
Epoch  9500 | Train Loss: 0.231903 | Val Loss: 0.197827 | Train R²: -5.7274 | Val R²: -4.4742
Epoch 10000 | Train Loss: 0.177544 | Val Loss: 0.151064 | Train R²: -4.1505 | Val R²: -3.1802
Epoch 10500 | Train Loss: 0.135143 | Val Loss: 0.114397 | Train R²: -2.9205 | Val R²: -2.1656
Epoch 11000 | Train Loss: 0.101470 | Val Loss: 0.085179 | Train R²: -1.9436 | Val R²: -1.3570
Epoch 11500 | Train Loss: 0.075441 | Val Loss: 0.062785 | Train R²: -1.1885 | Val R²: -0.7374
Epoch 12000 | Train Loss: 0.057498 | Val Loss: 0.047969 | Train R²: -0.6680 | Val R²: -0.3274
Epoch 12500 | Train Loss: 0.046021 | Val Loss: 0.038832 | Train R²: -0.3351 | Val R²: -0.0745
Epoch 13000 | Train Loss: 0.038346 | Val Loss: 0.032818 | Train R²: -0.1124 | Val R²: 0.0919
Epoch 13500 | Train Loss: 0.032749 | Val Loss: 0.028390 | Train R²: 0.0500 | Val R²: 0.2144
Epoch 14000 | Train Loss: 0.028418 | Val Loss: 0.024872 | Train R²: 0.1756 | Val R²: 0.3118
Epoch 14500 | Train Loss: 0.024790 | Val Loss: 0.021896 | Train R²: 0.2808 | Val R²: 0.3941
Epoch 15000 | Train Loss: 0.021535 | Val Loss: 0.019303 | Train R²: 0.3753 | Val R²: 0.4659
Epoch 15500 | Train Loss: 0.018841 | Val Loss: 0.017246 | Train R²: 0.4534 | Val R²: 0.5228
Epoch 16000 | Train Loss: 0.016826 | Val Loss: 0.015706 | Train R²: 0.5119 | Val R²: 0.5654
Epoch 16500 | Train Loss: 0.015360 | Val Loss: 0.014558 | Train R²: 0.5544 | Val R²: 0.5972
Epoch 17000 | Train Loss: 0.014243 | Val Loss: 0.013665 | Train R²: 0.5868 | Val R²: 0.6219
Epoch 17500 | Train Loss: 0.013334 | Val Loss: 0.012912 | Train R²: 0.6132 | Val R²: 0.6427
Epoch 18000 | Train Loss: 0.012539 | Val Loss: 0.012222 | Train R²: 0.6362 | Val R²: 0.6618
Epoch 18500 | Train Loss: 0.011814 | Val Loss: 0.011568 | Train R²: 0.6573 | Val R²: 0.6799
Epoch 19000 | Train Loss: 0.011145 | Val Loss: 0.010951 | Train R²: 0.6767 | Val R²: 0.6970
Epoch 19500 | Train Loss: 0.010523 | Val Loss: 0.010374 | Train R²: 0.6947 | Val R²: 0.7129
Epoch 20000 | Train Loss: 0.009938 | Val Loss: 0.009832 | Train R²: 0.7117 | Val R²: 0.7279
Epoch 20500 | Train Loss: 0.009374 | Val Loss: 0.009314 | Train R²: 0.7281 | Val R²: 0.7423
Epoch 21000 | Train Loss: 0.008832 | Val Loss: 0.008832 | Train R²: 0.7438 | Val R²: 0.7556
Epoch 21500 | Train Loss: 0.008321 | Val Loss: 0.008388 | Train R²: 0.7586 | Val R²: 0.7679
Epoch 22000 | Train Loss: 0.007844 | Val Loss: 0.007966 | Train R²: 0.7725 | Val R²: 0.7796
Epoch 22500 | Train Loss: 0.007392 | Val Loss: 0.007558 | Train R²: 0.7855 | Val R²: 0.7909
Epoch 23000 | Train Loss: 0.006987 | Val Loss: 0.007191 | Train R²: 0.7973 | Val R²: 0.8010
Epoch 23500 | Train Loss: 0.006603 | Val Loss: 0.006840 | Train R²: 0.8084 | Val R²: 0.8107
Epoch 24000 | Train Loss: 0.006231 | Val Loss: 0.006489 | Train R²: 0.8193 | Val R²: 0.8204
Epoch 24500 | Train Loss: 0.005863 | Val Loss: 0.006130 | Train R²: 0.8299 | Val R²: 0.8304
Epoch 25000 | Train Loss: 0.005488 | Val Loss: 0.005743 | Train R²: 0.8408 | Val R²: 0.8411
Epoch 25500 | Train Loss: 0.005067 | Val Loss: 0.005293 | Train R²: 0.8530 | Val R²: 0.8535
Epoch 26000 | Train Loss: 0.004662 | Val Loss: 0.004872 | Train R²: 0.8647 | Val R²: 0.8652
Epoch 26500 | Train Loss: 0.004271 | Val Loss: 0.004458 | Train R²: 0.8761 | Val R²: 0.8767
Epoch 27000 | Train Loss: 0.003900 | Val Loss: 0.004062 | Train R²: 0.8869 | Val R²: 0.8876
Epoch 27500 | Train Loss: 0.003570 | Val Loss: 0.003706 | Train R²: 0.8964 | Val R²: 0.8974
Epoch 28000 | Train Loss: 0.003303 | Val Loss: 0.003427 | Train R²: 0.9042 | Val R²: 0.9052
Epoch 28500 | Train Loss: 0.003087 | Val Loss: 0.003210 | Train R²: 0.9105 | Val R²: 0.9112
Epoch 29000 | Train Loss: 0.002925 | Val Loss: 0.003052 | Train R²: 0.9152 | Val R²: 0.9155
Epoch 29500 | Train Loss: 0.002825 | Val Loss: 0.002959 | Train R²: 0.9180 | Val R²: 0.9181
Epoch 30000 | Train Loss: 0.002769 | Val Loss: 0.002912 | Train R²: 0.9197 | Val R²: 0.9194
Early stopping at epoch 30025 due to flat/negative trend (slope=0.000002)
Epoch 30025 | Train Loss: 0.002767 | Val Loss: 0.002910 | Train R²: 0.9197 | Val R²: 0.9195
Unpickling models
Following models have been loaded and moved to cuda:
trained gpp model:
 SNN_GPP_Tram(
  (net): Sequential(
    (0): Linear(in_features=11, out_features=12, bias=True)
    (1): Tanh()
    (2): Linear(in_features=12, out_features=1, bias=True)
    (3): Sigmoid()
  )
), trained_reco_model:
 SNN_GPP_Tram(
  (net): Sequential(
    (0): Linear(in_features=12, out_features=12, bias=True)
    (1): Tanh()
    (2): Linear(in_features=12, out_features=1, bias=True)
    (3): Sigmoid()
  )
)
using full data set for visualization
Un-normalizing the GPP and RECO predictions using NEE min: tensor([-17.7365]), NEE max: tensor([5.4944])



Metrics for the Tramontana, with
GPP inputs: ['SW_IN', 'VPD', 'TA', 'WTD', 'WS', 'PotRad', 'PotRadHalfHourlyDiff', 'PotRadDailyAvg', 'WD_COS', 'WD_SIN', 'GPP_PROX']
RECO inputs: ['DOY_sin', 'DOY_cos', 'TA', 'TS_1', 'TS_2', 'TS_3', 'TS_4', 'WTD', 'WS', 'WD_COS', 'WD_SIN', 'NIGHTLY_NEE_AVG']:
DT_GPP vs Tramontana_GPP R²=0.88 RMSE=1.21
NT_GPP vs Tramontana_GPP R²=0.87 RMSE=1.22
DT_RECO vs Tramontana_RECO R²=-0.46 RMSE=1.16
NT_RECO vs Tramontana_RECO R²=-1.48 RMSE=0.77
DT_GPP vs NT_GPP R²=0.81 RMSE=1.56
DT_RECO vs NT_RECO R²=-0.38 RMSE=1.00

gpp_input_names,  ['SW_IN', 'VPD', 'TA', 'WTD', 'WS', 'PotRad', 'PotRadHalfHourlyDiff', 'PotRadDailyAvg', 'PotRadDailyDiff', 'WD_SIN', 'GPP_PROX'] 
reco_input_names,  ['DOY_sin', 'DOY_cos', 'TA', 'TS_1', 'TS_2', 'TS_3', 'TS_4', 'WTD', 'WS', 'WD_COS', 'WD_SIN', 'NIGHTLY_NEE_AVG'] 
true_nee_name,  ['NEE'] 

Tramontana Running on GPU With hidden layer size of 12 Total epochs: 100000 lr: 0.001 patience: 500 min_delta 0.01
SNN_GPP_Tram(
  (net): Sequential(
    (0): Linear(in_features=11, out_features=12, bias=True)
    (1): Tanh()
    (2): Linear(in_features=12, out_features=1, bias=True)
    (3): Sigmoid()
  )
)
SNN_RECO_Tram(
  (net): Sequential(
    (0): Linear(in_features=12, out_features=12, bias=True)
    (1): Tanh()
    (2): Linear(in_features=12, out_features=1, bias=True)
    (3): Sigmoid()
  )
)
Params are min slope: 2e-06, trend window: 100
Epoch     0 | Train Loss: 74734.335938 | Val Loss: 78037.937500 | Train R²: -2168017.2500 | Val R²: -2159433.7500
Epoch   500 | Train Loss: 461.660767 | Val Loss: 451.129883 | Train R²: -13391.6260 | Val R²: -12482.4854
Epoch  1000 | Train Loss: 126.205574 | Val Loss: 121.279381 | Train R²: -3660.1821 | Val R²: -3354.9941
Epoch  1500 | Train Loss: 57.249046 | Val Loss: 54.394657 | Train R²: -1659.7761 | Val R²: -1504.1871
Epoch  2000 | Train Loss: 31.535906 | Val Loss: 29.684467 | Train R²: -913.8463 | Val R²: -820.4166
Epoch  2500 | Train Loss: 19.227449 | Val Loss: 17.946445 | Train R²: -556.7820 | Val R²: -495.6069
Epoch  3000 | Train Loss: 12.465139 | Val Loss: 11.541834 | Train R²: -360.6096 | Val R²: -318.3810
Epoch  3500 | Train Loss: 8.414503 | Val Loss: 7.730064 | Train R²: -243.1020 | Val R²: -212.9032
Epoch  4000 | Train Loss: 5.838840 | Val Loss: 5.320722 | Train R²: -168.3828 | Val R²: -146.2329
Epoch  4500 | Train Loss: 4.132533 | Val Loss: 3.734676 | Train R²: -118.8834 | Val R²: -102.3445
Epoch  5000 | Train Loss: 2.974881 | Val Loss: 2.667349 | Train R²: -85.3003 | Val R²: -72.8098
Epoch  5500 | Train Loss: 2.175613 | Val Loss: 1.936611 | Train R²: -62.1138 | Val R²: -52.5891
Epoch  6000 | Train Loss: 1.617192 | Val Loss: 1.430092 | Train R²: -45.9142 | Val R²: -38.5729
Epoch  6500 | Train Loss: 1.223225 | Val Loss: 1.075559 | Train R²: -34.4853 | Val R²: -28.7624
Epoch  7000 | Train Loss: 0.941295 | Val Loss: 0.823839 | Train R²: -26.3067 | Val R²: -21.7969
Epoch  7500 | Train Loss: 0.732998 | Val Loss: 0.639619 | Train R²: -20.2640 | Val R²: -16.6993
Epoch  8000 | Train Loss: 0.571149 | Val Loss: 0.497714 | Train R²: -15.5689 | Val R²: -12.7725
Epoch  8500 | Train Loss: 0.439094 | Val Loss: 0.379224 | Train R²: -11.7380 | Val R²: -9.4937
Epoch  9000 | Train Loss: 0.331694 | Val Loss: 0.283233 | Train R²: -8.6223 | Val R²: -6.8375
Epoch  9500 | Train Loss: 0.250826 | Val Loss: 0.213142 | Train R²: -6.2764 | Val R²: -4.8980
Epoch 10000 | Train Loss: 0.190017 | Val Loss: 0.160903 | Train R²: -4.5123 | Val R²: -3.4524
Epoch 10500 | Train Loss: 0.142919 | Val Loss: 0.120438 | Train R²: -3.1460 | Val R²: -2.3327
Epoch 11000 | Train Loss: 0.105912 | Val Loss: 0.088662 | Train R²: -2.0725 | Val R²: -1.4534
Epoch 11500 | Train Loss: 0.077683 | Val Loss: 0.064657 | Train R²: -1.2536 | Val R²: -0.7891
Epoch 12000 | Train Loss: 0.058453 | Val Loss: 0.048822 | Train R²: -0.6957 | Val R²: -0.3510
Epoch 12500 | Train Loss: 0.046247 | Val Loss: 0.039044 | Train R²: -0.3416 | Val R²: -0.0804
Epoch 13000 | Train Loss: 0.038200 | Val Loss: 0.032680 | Train R²: -0.1082 | Val R²: 0.0957
Epoch 13500 | Train Loss: 0.032498 | Val Loss: 0.028159 | Train R²: 0.0572 | Val R²: 0.2208
Epoch 14000 | Train Loss: 0.028148 | Val Loss: 0.024636 | Train R²: 0.1834 | Val R²: 0.3183
Epoch 14500 | Train Loss: 0.024645 | Val Loss: 0.021750 | Train R²: 0.2850 | Val R²: 0.3981
Epoch 15000 | Train Loss: 0.021539 | Val Loss: 0.019179 | Train R²: 0.3752 | Val R²: 0.4693
Epoch 15500 | Train Loss: 0.018603 | Val Loss: 0.016824 | Train R²: 0.4603 | Val R²: 0.5344
Epoch 16000 | Train Loss: 0.016230 | Val Loss: 0.014925 | Train R²: 0.5292 | Val R²: 0.5870
Epoch 16500 | Train Loss: 0.014505 | Val Loss: 0.013540 | Train R²: 0.5792 | Val R²: 0.6253
Epoch 17000 | Train Loss: 0.013251 | Val Loss: 0.012531 | Train R²: 0.6156 | Val R²: 0.6533
Epoch 17500 | Train Loss: 0.012283 | Val Loss: 0.011747 | Train R²: 0.6437 | Val R²: 0.6749
Epoch 18000 | Train Loss: 0.011505 | Val Loss: 0.011115 | Train R²: 0.6662 | Val R²: 0.6924
Epoch 18500 | Train Loss: 0.010855 | Val Loss: 0.010578 | Train R²: 0.6851 | Val R²: 0.7073
Epoch 19000 | Train Loss: 0.010283 | Val Loss: 0.010092 | Train R²: 0.7017 | Val R²: 0.7207
Epoch 19500 | Train Loss: 0.009756 | Val Loss: 0.009625 | Train R²: 0.7170 | Val R²: 0.7337
Epoch 20000 | Train Loss: 0.009257 | Val Loss: 0.009172 | Train R²: 0.7315 | Val R²: 0.7462
Epoch 20500 | Train Loss: 0.008788 | Val Loss: 0.008747 | Train R²: 0.7451 | Val R²: 0.7580
Epoch 21000 | Train Loss: 0.008351 | Val Loss: 0.008353 | Train R²: 0.7577 | Val R²: 0.7689
Epoch 21500 | Train Loss: 0.007938 | Val Loss: 0.007988 | Train R²: 0.7697 | Val R²: 0.7790
Epoch 22000 | Train Loss: 0.007547 | Val Loss: 0.007647 | Train R²: 0.7811 | Val R²: 0.7884
Epoch 22500 | Train Loss: 0.007179 | Val Loss: 0.007325 | Train R²: 0.7917 | Val R²: 0.7973
Epoch 23000 | Train Loss: 0.006835 | Val Loss: 0.007009 | Train R²: 0.8017 | Val R²: 0.8061
Epoch 23500 | Train Loss: 0.006500 | Val Loss: 0.006684 | Train R²: 0.8114 | Val R²: 0.8151
Epoch 24000 | Train Loss: 0.006168 | Val Loss: 0.006347 | Train R²: 0.8211 | Val R²: 0.8244
Epoch 24500 | Train Loss: 0.005798 | Val Loss: 0.005990 | Train R²: 0.8318 | Val R²: 0.8343
Epoch 25000 | Train Loss: 0.005407 | Val Loss: 0.005626 | Train R²: 0.8432 | Val R²: 0.8443
Epoch 25500 | Train Loss: 0.005027 | Val Loss: 0.005265 | Train R²: 0.8542 | Val R²: 0.8543
Epoch 26000 | Train Loss: 0.004655 | Val Loss: 0.004900 | Train R²: 0.8650 | Val R²: 0.8644
Epoch 26500 | Train Loss: 0.004295 | Val Loss: 0.004533 | Train R²: 0.8754 | Val R²: 0.8746
Epoch 27000 | Train Loss: 0.003961 | Val Loss: 0.004177 | Train R²: 0.8851 | Val R²: 0.8844
Epoch 27500 | Train Loss: 0.003668 | Val Loss: 0.003860 | Train R²: 0.8936 | Val R²: 0.8932
Epoch 28000 | Train Loss: 0.003409 | Val Loss: 0.003583 | Train R²: 0.9011 | Val R²: 0.9009
Epoch 28500 | Train Loss: 0.003168 | Val Loss: 0.003328 | Train R²: 0.9081 | Val R²: 0.9079
Epoch 29000 | Train Loss: 0.002952 | Val Loss: 0.003103 | Train R²: 0.9144 | Val R²: 0.9141
Epoch 29500 | Train Loss: 0.002802 | Val Loss: 0.002947 | Train R²: 0.9187 | Val R²: 0.9184
Epoch 30000 | Train Loss: 0.002728 | Val Loss: 0.002874 | Train R²: 0.9209 | Val R²: 0.9205
Early stopping at epoch 30154 due to flat/negative trend (slope=0.000002)
Epoch 30154 | Train Loss: 0.002715 | Val Loss: 0.002862 | Train R²: 0.9212 | Val R²: 0.9208
Unpickling models
Following models have been loaded and moved to cuda:
trained gpp model:
 SNN_GPP_Tram(
  (net): Sequential(
    (0): Linear(in_features=11, out_features=12, bias=True)
    (1): Tanh()
    (2): Linear(in_features=12, out_features=1, bias=True)
    (3): Sigmoid()
  )
), trained_reco_model:
 SNN_GPP_Tram(
  (net): Sequential(
    (0): Linear(in_features=12, out_features=12, bias=True)
    (1): Tanh()
    (2): Linear(in_features=12, out_features=1, bias=True)
    (3): Sigmoid()
  )
)
using full data set for visualization
Un-normalizing the GPP and RECO predictions using NEE min: tensor([-17.7365]), NEE max: tensor([5.4944])



Metrics for the Tramontana, with
GPP inputs: ['SW_IN', 'VPD', 'TA', 'WTD', 'WS', 'PotRad', 'PotRadHalfHourlyDiff', 'PotRadDailyAvg', 'PotRadDailyDiff', 'WD_SIN', 'GPP_PROX']
RECO inputs: ['DOY_sin', 'DOY_cos', 'TA', 'TS_1', 'TS_2', 'TS_3', 'TS_4', 'WTD', 'WS', 'WD_COS', 'WD_SIN', 'NIGHTLY_NEE_AVG']:
DT_GPP vs Tramontana_GPP R²=0.87 RMSE=1.30
NT_GPP vs Tramontana_GPP R²=0.85 RMSE=1.33
DT_RECO vs Tramontana_RECO R²=-0.51 RMSE=1.18
NT_RECO vs Tramontana_RECO R²=-2.64 RMSE=0.94
DT_GPP vs NT_GPP R²=0.81 RMSE=1.56
DT_RECO vs NT_RECO R²=-0.38 RMSE=1.00

gpp_input_names,  ['SW_IN', 'VPD', 'TA', 'WTD', 'WS', 'PotRad', 'PotRadHalfHourlyDiff', 'PotRadDailyAvg', 'PotRadDailyDiff', 'WD_COS', 'GPP_PROX'] 
reco_input_names,  ['DOY_sin', 'DOY_cos', 'TA', 'TS_1', 'TS_2', 'TS_3', 'TS_4', 'WTD', 'WS', 'WD_COS', 'WD_SIN', 'NIGHTLY_NEE_AVG'] 
true_nee_name,  ['NEE'] 

Tramontana Running on GPU With hidden layer size of 12 Total epochs: 100000 lr: 0.001 patience: 500 min_delta 0.01
SNN_GPP_Tram(
  (net): Sequential(
    (0): Linear(in_features=11, out_features=12, bias=True)
    (1): Tanh()
    (2): Linear(in_features=12, out_features=1, bias=True)
    (3): Sigmoid()
  )
)
SNN_RECO_Tram(
  (net): Sequential(
    (0): Linear(in_features=12, out_features=12, bias=True)
    (1): Tanh()
    (2): Linear(in_features=12, out_features=1, bias=True)
    (3): Sigmoid()
  )
)
Params are min slope: 2e-06, trend window: 100
Epoch     0 | Train Loss: 55425.101562 | Val Loss: 57530.847656 | Train R²: -1607862.7500 | Val R²: -1591969.2500
Epoch   500 | Train Loss: 411.667542 | Val Loss: 394.329865 | Train R²: -11941.3398 | Val R²: -10910.7363
Epoch  1000 | Train Loss: 104.611694 | Val Loss: 99.040504 | Train R²: -3033.7510 | Val R²: -2739.6089
Epoch  1500 | Train Loss: 45.215851 | Val Loss: 42.522259 | Train R²: -1310.6969 | Val R²: -1175.6588
Epoch  2000 | Train Loss: 24.099417 | Val Loss: 22.548599 | Train R²: -698.1161 | Val R²: -622.9557
Epoch  2500 | Train Loss: 14.332019 | Val Loss: 13.350359 | Train R²: -414.7671 | Val R²: -368.4258
Epoch  3000 | Train Loss: 9.101853 | Val Loss: 8.443046 | Train R²: -263.0417 | Val R²: -232.6326
Epoch  3500 | Train Loss: 6.035405 | Val Loss: 5.576076 | Train R²: -174.0851 | Val R²: -153.2989
Epoch  4000 | Train Loss: 4.128733 | Val Loss: 3.800293 | Train R²: -118.7732 | Val R²: -104.1602
Epoch  4500 | Train Loss: 2.894863 | Val Loss: 2.655817 | Train R²: -82.9790 | Val R²: -72.4907
Epoch  5000 | Train Loss: 2.073795 | Val Loss: 1.897432 | Train R²: -59.1601 | Val R²: -51.5050
Epoch  5500 | Train Loss: 1.515993 | Val Loss: 1.384388 | Train R²: -42.9784 | Val R²: -37.3082
Epoch  6000 | Train Loss: 1.129823 | Val Loss: 1.030729 | Train R²: -31.7758 | Val R²: -27.5219
Epoch  6500 | Train Loss: 0.855336 | Val Loss: 0.780734 | Train R²: -23.8130 | Val R²: -20.6042
Epoch  7000 | Train Loss: 0.651246 | Val Loss: 0.596306 | Train R²: -17.8924 | Val R²: -15.5007
Epoch  7500 | Train Loss: 0.494112 | Val Loss: 0.453580 | Train R²: -13.3340 | Val R²: -11.5513
Epoch  8000 | Train Loss: 0.376253 | Val Loss: 0.345228 | Train R²: -9.9150 | Val R²: -8.5530
Epoch  8500 | Train Loss: 0.286963 | Val Loss: 0.263412 | Train R²: -7.3247 | Val R²: -6.2890
Epoch  9000 | Train Loss: 0.217472 | Val Loss: 0.200136 | Train R²: -5.3088 | Val R²: -4.5381
Epoch  9500 | Train Loss: 0.165156 | Val Loss: 0.152621 | Train R²: -3.7911 | Val R²: -3.2233
Epoch 10000 | Train Loss: 0.125717 | Val Loss: 0.116687 | Train R²: -2.6470 | Val R²: -2.2289
Epoch 10500 | Train Loss: 0.095386 | Val Loss: 0.088881 | Train R²: -1.7671 | Val R²: -1.4595
Epoch 11000 | Train Loss: 0.071711 | Val Loss: 0.066893 | Train R²: -1.0803 | Val R²: -0.8510
Epoch 11500 | Train Loss: 0.053609 | Val Loss: 0.050024 | Train R²: -0.5552 | Val R²: -0.3842
Epoch 12000 | Train Loss: 0.041275 | Val Loss: 0.038729 | Train R²: -0.1974 | Val R²: -0.0717
Epoch 12500 | Train Loss: 0.033476 | Val Loss: 0.031661 | Train R²: 0.0289 | Val R²: 0.1239
Epoch 13000 | Train Loss: 0.028419 | Val Loss: 0.027104 | Train R²: 0.1756 | Val R²: 0.2500
Epoch 13500 | Train Loss: 0.024934 | Val Loss: 0.023964 | Train R²: 0.2767 | Val R²: 0.3369
Epoch 14000 | Train Loss: 0.022374 | Val Loss: 0.021624 | Train R²: 0.3509 | Val R²: 0.4016
Epoch 14500 | Train Loss: 0.020320 | Val Loss: 0.019730 | Train R²: 0.4105 | Val R²: 0.4540
Epoch 15000 | Train Loss: 0.018536 | Val Loss: 0.018120 | Train R²: 0.4623 | Val R²: 0.4986
Epoch 15500 | Train Loss: 0.017050 | Val Loss: 0.016794 | Train R²: 0.5054 | Val R²: 0.5353
Epoch 16000 | Train Loss: 0.015865 | Val Loss: 0.015732 | Train R²: 0.5398 | Val R²: 0.5647
Epoch 16500 | Train Loss: 0.014903 | Val Loss: 0.014847 | Train R²: 0.5677 | Val R²: 0.5892
Epoch 17000 | Train Loss: 0.014061 | Val Loss: 0.014034 | Train R²: 0.5921 | Val R²: 0.6117
Epoch 17500 | Train Loss: 0.013271 | Val Loss: 0.013257 | Train R²: 0.6150 | Val R²: 0.6332
Epoch 18000 | Train Loss: 0.012532 | Val Loss: 0.012536 | Train R²: 0.6364 | Val R²: 0.6531
Epoch 18500 | Train Loss: 0.011822 | Val Loss: 0.011843 | Train R²: 0.6571 | Val R²: 0.6723
Epoch 19000 | Train Loss: 0.011120 | Val Loss: 0.011163 | Train R²: 0.6774 | Val R²: 0.6911
Epoch 19500 | Train Loss: 0.010432 | Val Loss: 0.010505 | Train R²: 0.6974 | Val R²: 0.7093
Epoch 20000 | Train Loss: 0.009764 | Val Loss: 0.009869 | Train R²: 0.7168 | Val R²: 0.7269
Epoch 20500 | Train Loss: 0.009116 | Val Loss: 0.009254 | Train R²: 0.7355 | Val R²: 0.7439
Epoch 21000 | Train Loss: 0.008502 | Val Loss: 0.008658 | Train R²: 0.7533 | Val R²: 0.7604
Epoch 21500 | Train Loss: 0.007947 | Val Loss: 0.008106 | Train R²: 0.7694 | Val R²: 0.7757
Epoch 22000 | Train Loss: 0.007435 | Val Loss: 0.007590 | Train R²: 0.7843 | Val R²: 0.7900
Epoch 22500 | Train Loss: 0.006959 | Val Loss: 0.007112 | Train R²: 0.7981 | Val R²: 0.8032
Epoch 23000 | Train Loss: 0.006502 | Val Loss: 0.006653 | Train R²: 0.8114 | Val R²: 0.8159
Epoch 23500 | Train Loss: 0.006030 | Val Loss: 0.006186 | Train R²: 0.8251 | Val R²: 0.8288
Epoch 24000 | Train Loss: 0.005533 | Val Loss: 0.005711 | Train R²: 0.8395 | Val R²: 0.8420
Epoch 24500 | Train Loss: 0.005094 | Val Loss: 0.005280 | Train R²: 0.8522 | Val R²: 0.8539
Epoch 25000 | Train Loss: 0.004706 | Val Loss: 0.004908 | Train R²: 0.8635 | Val R²: 0.8642
Epoch 25500 | Train Loss: 0.004356 | Val Loss: 0.004573 | Train R²: 0.8736 | Val R²: 0.8735
Epoch 26000 | Train Loss: 0.004045 | Val Loss: 0.004259 | Train R²: 0.8827 | Val R²: 0.8821
Epoch 26500 | Train Loss: 0.003771 | Val Loss: 0.003982 | Train R²: 0.8906 | Val R²: 0.8898
Epoch 27000 | Train Loss: 0.003520 | Val Loss: 0.003737 | Train R²: 0.8979 | Val R²: 0.8966
Epoch 27500 | Train Loss: 0.003276 | Val Loss: 0.003499 | Train R²: 0.9050 | Val R²: 0.9032
Epoch 28000 | Train Loss: 0.003051 | Val Loss: 0.003272 | Train R²: 0.9115 | Val R²: 0.9095
Epoch 28500 | Train Loss: 0.002880 | Val Loss: 0.003097 | Train R²: 0.9165 | Val R²: 0.9143
Epoch 29000 | Train Loss: 0.002787 | Val Loss: 0.002999 | Train R²: 0.9192 | Val R²: 0.9170
Epoch 29500 | Train Loss: 0.002744 | Val Loss: 0.002952 | Train R²: 0.9204 | Val R²: 0.9183
Early stopping at epoch 29520 due to flat/negative trend (slope=0.000002)
Epoch 29520 | Train Loss: 0.002742 | Val Loss: 0.002951 | Train R²: 0.9204 | Val R²: 0.9183
Unpickling models
Following models have been loaded and moved to cuda:
trained gpp model:
 SNN_GPP_Tram(
  (net): Sequential(
    (0): Linear(in_features=11, out_features=12, bias=True)
    (1): Tanh()
    (2): Linear(in_features=12, out_features=1, bias=True)
    (3): Sigmoid()
  )
), trained_reco_model:
 SNN_GPP_Tram(
  (net): Sequential(
    (0): Linear(in_features=12, out_features=12, bias=True)
    (1): Tanh()
    (2): Linear(in_features=12, out_features=1, bias=True)
    (3): Sigmoid()
  )
)
using full data set for visualization
Un-normalizing the GPP and RECO predictions using NEE min: tensor([-17.7365]), NEE max: tensor([5.4944])



Metrics for the Tramontana, with
GPP inputs: ['SW_IN', 'VPD', 'TA', 'WTD', 'WS', 'PotRad', 'PotRadHalfHourlyDiff', 'PotRadDailyAvg', 'PotRadDailyDiff', 'WD_COS', 'GPP_PROX']
RECO inputs: ['DOY_sin', 'DOY_cos', 'TA', 'TS_1', 'TS_2', 'TS_3', 'TS_4', 'WTD', 'WS', 'WD_COS', 'WD_SIN', 'NIGHTLY_NEE_AVG']:
DT_GPP vs Tramontana_GPP R²=0.89 RMSE=1.21
NT_GPP vs Tramontana_GPP R²=0.87 RMSE=1.22
DT_RECO vs Tramontana_RECO R²=-0.49 RMSE=1.17
NT_RECO vs Tramontana_RECO R²=-1.59 RMSE=0.79
DT_GPP vs NT_GPP R²=0.81 RMSE=1.56
DT_RECO vs NT_RECO R²=-0.38 RMSE=1.00

gpp_input_names,  ['SW_IN', 'VPD', 'TA', 'WTD', 'WS', 'PotRad', 'PotRadHalfHourlyDiff', 'PotRadDailyAvg', 'PotRadDailyDiff', 'WD_COS', 'WD_SIN'] 
reco_input_names,  ['DOY_sin', 'DOY_cos', 'TA', 'TS_1', 'TS_2', 'TS_3', 'TS_4', 'WTD', 'WS', 'WD_COS', 'WD_SIN', 'NIGHTLY_NEE_AVG'] 
true_nee_name,  ['NEE'] 

Tramontana Running on GPU With hidden layer size of 12 Total epochs: 100000 lr: 0.001 patience: 500 min_delta 0.01
SNN_GPP_Tram(
  (net): Sequential(
    (0): Linear(in_features=11, out_features=12, bias=True)
    (1): Tanh()
    (2): Linear(in_features=12, out_features=1, bias=True)
    (3): Sigmoid()
  )
)
SNN_RECO_Tram(
  (net): Sequential(
    (0): Linear(in_features=12, out_features=12, bias=True)
    (1): Tanh()
    (2): Linear(in_features=12, out_features=1, bias=True)
    (3): Sigmoid()
  )
)
Params are min slope: 2e-06, trend window: 100
Epoch     0 | Train Loss: 51857.195312 | Val Loss: 53797.144531 | Train R²: -1504359.1250 | Val R²: -1488652.0000
Epoch   500 | Train Loss: 424.124023 | Val Loss: 404.795441 | Train R²: -12302.6973 | Val R²: -11200.3379
Epoch  1000 | Train Loss: 112.281677 | Val Loss: 102.968803 | Train R²: -3256.2544 | Val R²: -2848.3115
Epoch  1500 | Train Loss: 48.944057 | Val Loss: 43.738838 | Train R²: -1418.8510 | Val R²: -1209.3235
Epoch  2000 | Train Loss: 26.327862 | Val Loss: 23.077745 | Train R²: -762.7626 | Val R²: -637.5980
Epoch  2500 | Train Loss: 15.840614 | Val Loss: 13.665133 | Train R²: -458.5310 | Val R²: -377.1361
Epoch  3000 | Train Loss: 10.206100 | Val Loss: 8.682792 | Train R²: -295.0756 | Val R²: -239.2667
Epoch  3500 | Train Loss: 6.881830 | Val Loss: 5.781793 | Train R²: -198.6396 | Val R²: -158.9915
Epoch  4000 | Train Loss: 4.784708 | Val Loss: 3.972750 | Train R²: -137.8028 | Val R²: -108.9323
Epoch  4500 | Train Loss: 3.411143 | Val Loss: 2.803696 | Train R²: -97.9561 | Val R²: -76.5827
Epoch  5000 | Train Loss: 2.488964 | Val Loss: 2.029912 | Train R²: -71.2040 | Val R²: -55.1709
Epoch  5500 | Train Loss: 1.856786 | Val Loss: 1.506611 | Train R²: -52.8647 | Val R²: -40.6903
Epoch  6000 | Train Loss: 1.416390 | Val Loss: 1.146924 | Train R²: -40.0890 | Val R²: -30.7372
Epoch  6500 | Train Loss: 1.104013 | Val Loss: 0.894882 | Train R²: -31.0271 | Val R²: -23.7628
Epoch  7000 | Train Loss: 0.874866 | Val Loss: 0.711856 | Train R²: -24.3796 | Val R²: -18.6982
Epoch  7500 | Train Loss: 0.693587 | Val Loss: 0.567549 | Train R²: -19.1207 | Val R²: -14.7050
Epoch  8000 | Train Loss: 0.526110 | Val Loss: 0.427557 | Train R²: -14.2623 | Val R²: -10.8312
Epoch  8500 | Train Loss: 0.391298 | Val Loss: 0.314416 | Train R²: -10.3514 | Val R²: -7.7004
Epoch  9000 | Train Loss: 0.296734 | Val Loss: 0.238739 | Train R²: -7.6082 | Val R²: -5.6063
Epoch  9500 | Train Loss: 0.226925 | Val Loss: 0.183154 | Train R²: -5.5830 | Val R²: -4.0682
Epoch 10000 | Train Loss: 0.174245 | Val Loss: 0.141153 | Train R²: -4.0548 | Val R²: -2.9059
Epoch 10500 | Train Loss: 0.133844 | Val Loss: 0.108775 | Train R²: -2.8828 | Val R²: -2.0100
Epoch 11000 | Train Loss: 0.102966 | Val Loss: 0.083942 | Train R²: -1.9870 | Val R²: -1.3228
Epoch 11500 | Train Loss: 0.079790 | Val Loss: 0.065387 | Train R²: -1.3147 | Val R²: -0.8094
Epoch 12000 | Train Loss: 0.062724 | Val Loss: 0.051906 | Train R²: -0.8196 | Val R²: -0.4363
Epoch 12500 | Train Loss: 0.050163 | Val Loss: 0.042092 | Train R²: -0.4552 | Val R²: -0.1648
Epoch 13000 | Train Loss: 0.040768 | Val Loss: 0.034752 | Train R²: -0.1827 | Val R²: 0.0384
Epoch 13500 | Train Loss: 0.033699 | Val Loss: 0.029217 | Train R²: 0.0224 | Val R²: 0.1915
Epoch 14000 | Train Loss: 0.028339 | Val Loss: 0.024994 | Train R²: 0.1779 | Val R²: 0.3084
Epoch 14500 | Train Loss: 0.024219 | Val Loss: 0.021746 | Train R²: 0.2974 | Val R²: 0.3983
Epoch 15000 | Train Loss: 0.021067 | Val Loss: 0.019289 | Train R²: 0.3889 | Val R²: 0.4663
Epoch 15500 | Train Loss: 0.018688 | Val Loss: 0.017473 | Train R²: 0.4579 | Val R²: 0.5165
Epoch 16000 | Train Loss: 0.016935 | Val Loss: 0.016122 | Train R²: 0.5087 | Val R²: 0.5539
Epoch 16500 | Train Loss: 0.015531 | Val Loss: 0.014985 | Train R²: 0.5495 | Val R²: 0.5853
Epoch 17000 | Train Loss: 0.014288 | Val Loss: 0.013916 | Train R²: 0.5855 | Val R²: 0.6149
Epoch 17500 | Train Loss: 0.013104 | Val Loss: 0.012835 | Train R²: 0.6199 | Val R²: 0.6448
Epoch 18000 | Train Loss: 0.011941 | Val Loss: 0.011723 | Train R²: 0.6536 | Val R²: 0.6756
Epoch 18500 | Train Loss: 0.010839 | Val Loss: 0.010644 | Train R²: 0.6856 | Val R²: 0.7055
Epoch 19000 | Train Loss: 0.009855 | Val Loss: 0.009679 | Train R²: 0.7141 | Val R²: 0.7322
Epoch 19500 | Train Loss: 0.008997 | Val Loss: 0.008851 | Train R²: 0.7390 | Val R²: 0.7551
Epoch 20000 | Train Loss: 0.008255 | Val Loss: 0.008144 | Train R²: 0.7605 | Val R²: 0.7746
Epoch 20500 | Train Loss: 0.007586 | Val Loss: 0.007470 | Train R²: 0.7799 | Val R²: 0.7933
Epoch 21000 | Train Loss: 0.006964 | Val Loss: 0.006827 | Train R²: 0.7980 | Val R²: 0.8111
Epoch 21500 | Train Loss: 0.006405 | Val Loss: 0.006284 | Train R²: 0.8142 | Val R²: 0.8261
Epoch 22000 | Train Loss: 0.005935 | Val Loss: 0.005847 | Train R²: 0.8278 | Val R²: 0.8382
Epoch 22500 | Train Loss: 0.005554 | Val Loss: 0.005514 | Train R²: 0.8389 | Val R²: 0.8474
Epoch 23000 | Train Loss: 0.005243 | Val Loss: 0.005253 | Train R²: 0.8479 | Val R²: 0.8546
Epoch 23500 | Train Loss: 0.004985 | Val Loss: 0.005047 | Train R²: 0.8554 | Val R²: 0.8604
Epoch 24000 | Train Loss: 0.004773 | Val Loss: 0.004870 | Train R²: 0.8615 | Val R²: 0.8653
Epoch 24500 | Train Loss: 0.004587 | Val Loss: 0.004715 | Train R²: 0.8669 | Val R²: 0.8695
Epoch 25000 | Train Loss: 0.004409 | Val Loss: 0.004576 | Train R²: 0.8721 | Val R²: 0.8734
Epoch 25500 | Train Loss: 0.004230 | Val Loss: 0.004432 | Train R²: 0.8773 | Val R²: 0.8774
Epoch 26000 | Train Loss: 0.004047 | Val Loss: 0.004263 | Train R²: 0.8826 | Val R²: 0.8820
Epoch 26500 | Train Loss: 0.003850 | Val Loss: 0.004065 | Train R²: 0.8883 | Val R²: 0.8875
Epoch 27000 | Train Loss: 0.003632 | Val Loss: 0.003840 | Train R²: 0.8946 | Val R²: 0.8937
Epoch 27500 | Train Loss: 0.003406 | Val Loss: 0.003612 | Train R²: 0.9012 | Val R²: 0.9000
Epoch 28000 | Train Loss: 0.003214 | Val Loss: 0.003426 | Train R²: 0.9068 | Val R²: 0.9052
Epoch 28500 | Train Loss: 0.003096 | Val Loss: 0.003320 | Train R²: 0.9102 | Val R²: 0.9081
Epoch 29000 | Train Loss: 0.003034 | Val Loss: 0.003269 | Train R²: 0.9120 | Val R²: 0.9095
Early stopping at epoch 29001 due to flat/negative trend (slope=0.000002)
Epoch 29001 | Train Loss: 0.003034 | Val Loss: 0.003269 | Train R²: 0.9120 | Val R²: 0.9095
Unpickling models
Following models have been loaded and moved to cuda:
trained gpp model:
 SNN_GPP_Tram(
  (net): Sequential(
    (0): Linear(in_features=11, out_features=12, bias=True)
    (1): Tanh()
    (2): Linear(in_features=12, out_features=1, bias=True)
    (3): Sigmoid()
  )
), trained_reco_model:
 SNN_GPP_Tram(
  (net): Sequential(
    (0): Linear(in_features=12, out_features=12, bias=True)
    (1): Tanh()
    (2): Linear(in_features=12, out_features=1, bias=True)
    (3): Sigmoid()
  )
)
using full data set for visualization
Un-normalizing the GPP and RECO predictions using NEE min: tensor([-17.7365]), NEE max: tensor([5.4944])



Metrics for the Tramontana, with
GPP inputs: ['SW_IN', 'VPD', 'TA', 'WTD', 'WS', 'PotRad', 'PotRadHalfHourlyDiff', 'PotRadDailyAvg', 'PotRadDailyDiff', 'WD_COS', 'WD_SIN']
RECO inputs: ['DOY_sin', 'DOY_cos', 'TA', 'TS_1', 'TS_2', 'TS_3', 'TS_4', 'WTD', 'WS', 'WD_COS', 'WD_SIN', 'NIGHTLY_NEE_AVG']:
DT_GPP vs Tramontana_GPP R²=0.89 RMSE=1.17
NT_GPP vs Tramontana_GPP R²=0.86 RMSE=1.26
DT_RECO vs Tramontana_RECO R²=-0.36 RMSE=1.12
NT_RECO vs Tramontana_RECO R²=-1.45 RMSE=0.77
DT_GPP vs NT_GPP R²=0.81 RMSE=1.56
DT_RECO vs NT_RECO R²=-0.38 RMSE=1.00

gpp_input_names,  ['SW_IN', 'VPD', 'TA', 'WTD', 'WS', 'PotRad', 'PotRadHalfHourlyDiff', 'PotRadDailyAvg', 'PotRadDailyDiff', 'WD_COS', 'WD_SIN', 'GPP_PROX'] 
reco_input_names,  ['DOY_cos', 'TA', 'TS_1', 'TS_2', 'TS_3', 'TS_4', 'WTD', 'WS', 'WD_COS', 'WD_SIN', 'NIGHTLY_NEE_AVG'] 
true_nee_name,  ['NEE'] 

Tramontana Running on GPU With hidden layer size of 12 Total epochs: 100000 lr: 0.001 patience: 500 min_delta 0.01
SNN_GPP_Tram(
  (net): Sequential(
    (0): Linear(in_features=12, out_features=12, bias=True)
    (1): Tanh()
    (2): Linear(in_features=12, out_features=1, bias=True)
    (3): Sigmoid()
  )
)
SNN_RECO_Tram(
  (net): Sequential(
    (0): Linear(in_features=11, out_features=12, bias=True)
    (1): Tanh()
    (2): Linear(in_features=12, out_features=1, bias=True)
    (3): Sigmoid()
  )
)
Params are min slope: 2e-06, trend window: 100
Epoch     0 | Train Loss: 18727.587891 | Val Loss: 19163.984375 | Train R²: -543280.1250 | Val R²: -530297.0625
Epoch   500 | Train Loss: 163.493881 | Val Loss: 153.411621 | Train R²: -4741.9033 | Val R²: -4244.1450
Epoch  1000 | Train Loss: 46.735649 | Val Loss: 42.053680 | Train R²: -1354.7856 | Val R²: -1162.6925
Epoch  1500 | Train Loss: 21.133787 | Val Loss: 18.492014 | Train R²: -612.0842 | Val R²: -510.7036
Epoch  2000 | Train Loss: 11.558619 | Val Loss: 9.900512 | Train R²: -334.3117 | Val R²: -272.9630
Epoch  2500 | Train Loss: 7.025751 | Val Loss: 5.916814 | Train R²: -202.8147 | Val R²: -162.7277
Epoch  3000 | Train Loss: 4.577165 | Val Loss: 3.804345 | Train R²: -131.7820 | Val R²: -104.2723
Epoch  3500 | Train Loss: 3.139776 | Val Loss: 2.585681 | Train R²: -90.0839 | Val R²: -70.5499
Epoch  4000 | Train Loss: 2.242104 | Val Loss: 1.836489 | Train R²: -64.0427 | Val R²: -49.8186
Epoch  4500 | Train Loss: 1.622260 | Val Loss: 1.320192 | Train R²: -46.0612 | Val R²: -35.5318
Epoch  5000 | Train Loss: 1.175884 | Val Loss: 0.947793 | Train R²: -33.1120 | Val R²: -25.2270
Epoch  5500 | Train Loss: 0.889094 | Val Loss: 0.717223 | Train R²: -24.7923 | Val R²: -18.8467
Epoch  6000 | Train Loss: 0.687316 | Val Loss: 0.558089 | Train R²: -18.9388 | Val R²: -14.4432
Epoch  6500 | Train Loss: 0.536919 | Val Loss: 0.439435 | Train R²: -14.5758 | Val R²: -11.1599
Epoch  7000 | Train Loss: 0.415956 | Val Loss: 0.341410 | Train R²: -11.0667 | Val R²: -8.4473
Epoch  7500 | Train Loss: 0.315240 | Val Loss: 0.256839 | Train R²: -8.1450 | Val R²: -6.1071
Epoch  8000 | Train Loss: 0.236412 | Val Loss: 0.191140 | Train R²: -5.8582 | Val R²: -4.2891
Epoch  8500 | Train Loss: 0.176759 | Val Loss: 0.142397 | Train R²: -4.1277 | Val R²: -2.9404
Epoch  9000 | Train Loss: 0.132077 | Val Loss: 0.106169 | Train R²: -2.8315 | Val R²: -1.9379
Epoch  9500 | Train Loss: 0.098901 | Val Loss: 0.079442 | Train R²: -1.8691 | Val R²: -1.1983
Epoch 10000 | Train Loss: 0.074559 | Val Loss: 0.060011 | Train R²: -1.1629 | Val R²: -0.6606
Epoch 10500 | Train Loss: 0.057082 | Val Loss: 0.046272 | Train R²: -0.6559 | Val R²: -0.2804
Epoch 11000 | Train Loss: 0.044677 | Val Loss: 0.036681 | Train R²: -0.2961 | Val R²: -0.0150
Epoch 11500 | Train Loss: 0.035881 | Val Loss: 0.029971 | Train R²: -0.0409 | Val R²: 0.1706
Epoch 12000 | Train Loss: 0.029631 | Val Loss: 0.025258 | Train R²: 0.1404 | Val R²: 0.3011
Epoch 12500 | Train Loss: 0.025154 | Val Loss: 0.021909 | Train R²: 0.2703 | Val R²: 0.3937
Epoch 13000 | Train Loss: 0.021890 | Val Loss: 0.019472 | Train R²: 0.3650 | Val R²: 0.4612
Epoch 13500 | Train Loss: 0.019468 | Val Loss: 0.017657 | Train R²: 0.4352 | Val R²: 0.5114
Epoch 14000 | Train Loss: 0.017649 | Val Loss: 0.016282 | Train R²: 0.4880 | Val R²: 0.5494
Epoch 14500 | Train Loss: 0.016217 | Val Loss: 0.015183 | Train R²: 0.5296 | Val R²: 0.5799
Epoch 15000 | Train Loss: 0.015005 | Val Loss: 0.014247 | Train R²: 0.5647 | Val R²: 0.6058
Epoch 15500 | Train Loss: 0.013941 | Val Loss: 0.013403 | Train R²: 0.5956 | Val R²: 0.6291
Epoch 16000 | Train Loss: 0.012936 | Val Loss: 0.012572 | Train R²: 0.6247 | Val R²: 0.6521
Epoch 16500 | Train Loss: 0.011994 | Val Loss: 0.011776 | Train R²: 0.6521 | Val R²: 0.6741
Epoch 17000 | Train Loss: 0.011139 | Val Loss: 0.011019 | Train R²: 0.6769 | Val R²: 0.6951
Epoch 17500 | Train Loss: 0.010312 | Val Loss: 0.010251 | Train R²: 0.7009 | Val R²: 0.7163
Epoch 18000 | Train Loss: 0.009546 | Val Loss: 0.009532 | Train R²: 0.7231 | Val R²: 0.7362
Epoch 18500 | Train Loss: 0.008826 | Val Loss: 0.008856 | Train R²: 0.7440 | Val R²: 0.7549
Epoch 19000 | Train Loss: 0.008179 | Val Loss: 0.008245 | Train R²: 0.7627 | Val R²: 0.7718
Epoch 19500 | Train Loss: 0.007577 | Val Loss: 0.007688 | Train R²: 0.7802 | Val R²: 0.7873
Epoch 20000 | Train Loss: 0.007024 | Val Loss: 0.007201 | Train R²: 0.7962 | Val R²: 0.8007
Epoch 20500 | Train Loss: 0.006534 | Val Loss: 0.006766 | Train R²: 0.8104 | Val R²: 0.8128
Epoch 21000 | Train Loss: 0.006090 | Val Loss: 0.006345 | Train R²: 0.8233 | Val R²: 0.8244
Epoch 21500 | Train Loss: 0.005670 | Val Loss: 0.005911 | Train R²: 0.8355 | Val R²: 0.8364
Epoch 22000 | Train Loss: 0.005291 | Val Loss: 0.005510 | Train R²: 0.8465 | Val R²: 0.8475
Epoch 22500 | Train Loss: 0.004961 | Val Loss: 0.005170 | Train R²: 0.8561 | Val R²: 0.8569
Epoch 23000 | Train Loss: 0.004673 | Val Loss: 0.004877 | Train R²: 0.8644 | Val R²: 0.8650
Epoch 23500 | Train Loss: 0.004406 | Val Loss: 0.004599 | Train R²: 0.8722 | Val R²: 0.8727
Epoch 24000 | Train Loss: 0.004151 | Val Loss: 0.004331 | Train R²: 0.8796 | Val R²: 0.8802
Epoch 24500 | Train Loss: 0.003898 | Val Loss: 0.004074 | Train R²: 0.8869 | Val R²: 0.8873
Epoch 25000 | Train Loss: 0.003640 | Val Loss: 0.003818 | Train R²: 0.8944 | Val R²: 0.8944
Epoch 25500 | Train Loss: 0.003387 | Val Loss: 0.003563 | Train R²: 0.9017 | Val R²: 0.9014
Epoch 26000 | Train Loss: 0.003150 | Val Loss: 0.003324 | Train R²: 0.9086 | Val R²: 0.9080
Epoch 26500 | Train Loss: 0.002947 | Val Loss: 0.003120 | Train R²: 0.9145 | Val R²: 0.9137
Epoch 27000 | Train Loss: 0.002811 | Val Loss: 0.002986 | Train R²: 0.9184 | Val R²: 0.9174
Epoch 27500 | Train Loss: 0.002740 | Val Loss: 0.002920 | Train R²: 0.9205 | Val R²: 0.9192
Early stopping at epoch 27863 due to flat/negative trend (slope=0.000002)
Epoch 27863 | Train Loss: 0.002708 | Val Loss: 0.002891 | Train R²: 0.9214 | Val R²: 0.9200
Unpickling models
Following models have been loaded and moved to cuda:
trained gpp model:
 SNN_GPP_Tram(
  (net): Sequential(
    (0): Linear(in_features=12, out_features=12, bias=True)
    (1): Tanh()
    (2): Linear(in_features=12, out_features=1, bias=True)
    (3): Sigmoid()
  )
), trained_reco_model:
 SNN_GPP_Tram(
  (net): Sequential(
    (0): Linear(in_features=11, out_features=12, bias=True)
    (1): Tanh()
    (2): Linear(in_features=12, out_features=1, bias=True)
    (3): Sigmoid()
  )
)
using full data set for visualization
Un-normalizing the GPP and RECO predictions using NEE min: tensor([-17.7365]), NEE max: tensor([5.4944])



Metrics for the Tramontana, with
GPP inputs: ['SW_IN', 'VPD', 'TA', 'WTD', 'WS', 'PotRad', 'PotRadHalfHourlyDiff', 'PotRadDailyAvg', 'PotRadDailyDiff', 'WD_COS', 'WD_SIN', 'GPP_PROX']
RECO inputs: ['DOY_cos', 'TA', 'TS_1', 'TS_2', 'TS_3', 'TS_4', 'WTD', 'WS', 'WD_COS', 'WD_SIN', 'NIGHTLY_NEE_AVG']:
DT_GPP vs Tramontana_GPP R²=0.89 RMSE=1.17
NT_GPP vs Tramontana_GPP R²=0.89 RMSE=1.13
DT_RECO vs Tramontana_RECO R²=-0.34 RMSE=1.11
NT_RECO vs Tramontana_RECO R²=-0.72 RMSE=0.64
DT_GPP vs NT_GPP R²=0.81 RMSE=1.56
DT_RECO vs NT_RECO R²=-0.38 RMSE=1.00

gpp_input_names,  ['SW_IN', 'VPD', 'TA', 'WTD', 'WS', 'PotRad', 'PotRadHalfHourlyDiff', 'PotRadDailyAvg', 'PotRadDailyDiff', 'WD_COS', 'WD_SIN', 'GPP_PROX'] 
reco_input_names,  ['DOY_sin', 'TA', 'TS_1', 'TS_2', 'TS_3', 'TS_4', 'WTD', 'WS', 'WD_COS', 'WD_SIN', 'NIGHTLY_NEE_AVG'] 
true_nee_name,  ['NEE'] 

Tramontana Running on GPU With hidden layer size of 12 Total epochs: 100000 lr: 0.001 patience: 500 min_delta 0.01
SNN_GPP_Tram(
  (net): Sequential(
    (0): Linear(in_features=12, out_features=12, bias=True)
    (1): Tanh()
    (2): Linear(in_features=12, out_features=1, bias=True)
    (3): Sigmoid()
  )
)
SNN_RECO_Tram(
  (net): Sequential(
    (0): Linear(in_features=11, out_features=12, bias=True)
    (1): Tanh()
    (2): Linear(in_features=12, out_features=1, bias=True)
    (3): Sigmoid()
  )
)
Params are min slope: 2e-06, trend window: 100
Epoch     0 | Train Loss: 18725.986328 | Val Loss: 19161.783203 | Train R²: -543233.6250 | Val R²: -530236.1250
Epoch   500 | Train Loss: 163.524704 | Val Loss: 153.419434 | Train R²: -4742.7979 | Val R²: -4244.3613
Epoch  1000 | Train Loss: 46.748142 | Val Loss: 42.053551 | Train R²: -1355.1481 | Val R²: -1162.6890
Epoch  1500 | Train Loss: 21.139454 | Val Loss: 18.489887 | Train R²: -612.2486 | Val R²: -510.6447
Epoch  2000 | Train Loss: 11.561601 | Val Loss: 9.898070 | Train R²: -334.3982 | Val R²: -272.8954
Epoch  2500 | Train Loss: 7.027510 | Val Loss: 5.914400 | Train R²: -202.8657 | Val R²: -162.6609
Epoch  3000 | Train Loss: 4.578060 | Val Loss: 3.801652 | Train R²: -131.8080 | Val R²: -104.1978
Epoch  3500 | Train Loss: 3.138102 | Val Loss: 2.580350 | Train R²: -90.0353 | Val R²: -70.4024
Epoch  4000 | Train Loss: 2.226666 | Val Loss: 1.816132 | Train R²: -63.5948 | Val R²: -49.2553
Epoch  4500 | Train Loss: 1.622016 | Val Loss: 1.314639 | Train R²: -46.0541 | Val R²: -35.3782
Epoch  5000 | Train Loss: 1.224710 | Val Loss: 0.992527 | Train R²: -34.5284 | Val R²: -26.4648
Epoch  5500 | Train Loss: 0.954652 | Val Loss: 0.777577 | Train R²: -26.6941 | Val R²: -20.5168
Epoch  6000 | Train Loss: 0.761756 | Val Loss: 0.625774 | Train R²: -21.0983 | Val R²: -16.3162
Epoch  6500 | Train Loss: 0.610035 | Val Loss: 0.505960 | Train R²: -16.6969 | Val R²: -13.0007
Epoch  7000 | Train Loss: 0.475246 | Val Loss: 0.395281 | Train R²: -12.7867 | Val R²: -9.9381
Epoch  7500 | Train Loss: 0.348148 | Val Loss: 0.284109 | Train R²: -9.0997 | Val R²: -6.8617
Epoch  8000 | Train Loss: 0.256852 | Val Loss: 0.206978 | Train R²: -6.4512 | Val R²: -4.7274
Epoch  8500 | Train Loss: 0.191020 | Val Loss: 0.153702 | Train R²: -4.5414 | Val R²: -3.2532
Epoch  9000 | Train Loss: 0.142660 | Val Loss: 0.114848 | Train R²: -3.1385 | Val R²: -2.1780
Epoch  9500 | Train Loss: 0.107116 | Val Loss: 0.086435 | Train R²: -2.1074 | Val R²: -1.3918
Epoch 10000 | Train Loss: 0.080996 | Val Loss: 0.065652 | Train R²: -1.3497 | Val R²: -0.8167
Epoch 10500 | Train Loss: 0.061857 | Val Loss: 0.050503 | Train R²: -0.7945 | Val R²: -0.3975
Epoch 11000 | Train Loss: 0.047977 | Val Loss: 0.039647 | Train R²: -0.3918 | Val R²: -0.0971
Epoch 11500 | Train Loss: 0.038160 | Val Loss: 0.032128 | Train R²: -0.1070 | Val R²: 0.1110
Epoch 12000 | Train Loss: 0.031365 | Val Loss: 0.027023 | Train R²: 0.0901 | Val R²: 0.2522
Epoch 12500 | Train Loss: 0.026621 | Val Loss: 0.023492 | Train R²: 0.2277 | Val R²: 0.3499
Epoch 13000 | Train Loss: 0.023218 | Val Loss: 0.020939 | Train R²: 0.3265 | Val R²: 0.4206
Epoch 13500 | Train Loss: 0.020687 | Val Loss: 0.018986 | Train R²: 0.3999 | Val R²: 0.4746
Epoch 14000 | Train Loss: 0.018777 | Val Loss: 0.017485 | Train R²: 0.4553 | Val R²: 0.5162
Epoch 14500 | Train Loss: 0.017322 | Val Loss: 0.016340 | Train R²: 0.4975 | Val R²: 0.5478
Epoch 15000 | Train Loss: 0.016156 | Val Loss: 0.015411 | Train R²: 0.5313 | Val R²: 0.5736
Epoch 15500 | Train Loss: 0.015145 | Val Loss: 0.014584 | Train R²: 0.5607 | Val R²: 0.5964
Epoch 16000 | Train Loss: 0.014200 | Val Loss: 0.013782 | Train R²: 0.5881 | Val R²: 0.6186
Epoch 16500 | Train Loss: 0.013265 | Val Loss: 0.012961 | Train R²: 0.6152 | Val R²: 0.6414
Epoch 17000 | Train Loss: 0.012320 | Val Loss: 0.012106 | Train R²: 0.6426 | Val R²: 0.6650
Epoch 17500 | Train Loss: 0.011389 | Val Loss: 0.011249 | Train R²: 0.6696 | Val R²: 0.6887
Epoch 18000 | Train Loss: 0.010461 | Val Loss: 0.010381 | Train R²: 0.6965 | Val R²: 0.7127
Epoch 18500 | Train Loss: 0.009603 | Val Loss: 0.009620 | Train R²: 0.7214 | Val R²: 0.7338
Epoch 19000 | Train Loss: 0.008814 | Val Loss: 0.008955 | Train R²: 0.7443 | Val R²: 0.7522
Epoch 19500 | Train Loss: 0.008056 | Val Loss: 0.008285 | Train R²: 0.7663 | Val R²: 0.7708
Epoch 20000 | Train Loss: 0.007335 | Val Loss: 0.007604 | Train R²: 0.7872 | Val R²: 0.7896
Epoch 20500 | Train Loss: 0.006673 | Val Loss: 0.006966 | Train R²: 0.8064 | Val R²: 0.8072
Epoch 21000 | Train Loss: 0.006110 | Val Loss: 0.006404 | Train R²: 0.8227 | Val R²: 0.8228
Epoch 21500 | Train Loss: 0.005647 | Val Loss: 0.005945 | Train R²: 0.8362 | Val R²: 0.8355
Epoch 22000 | Train Loss: 0.005267 | Val Loss: 0.005568 | Train R²: 0.8472 | Val R²: 0.8459
Epoch 22500 | Train Loss: 0.004934 | Val Loss: 0.005211 | Train R²: 0.8569 | Val R²: 0.8558
Epoch 23000 | Train Loss: 0.004621 | Val Loss: 0.004851 | Train R²: 0.8659 | Val R²: 0.8658
Epoch 23500 | Train Loss: 0.004347 | Val Loss: 0.004559 | Train R²: 0.8739 | Val R²: 0.8739
Epoch 24000 | Train Loss: 0.004100 | Val Loss: 0.004307 | Train R²: 0.8811 | Val R²: 0.8808
Epoch 24500 | Train Loss: 0.003854 | Val Loss: 0.004047 | Train R²: 0.8882 | Val R²: 0.8880
Epoch 25000 | Train Loss: 0.003600 | Val Loss: 0.003772 | Train R²: 0.8956 | Val R²: 0.8956
Epoch 25500 | Train Loss: 0.003352 | Val Loss: 0.003504 | Train R²: 0.9028 | Val R²: 0.9030
Epoch 26000 | Train Loss: 0.003125 | Val Loss: 0.003261 | Train R²: 0.9093 | Val R²: 0.9098
Epoch 26500 | Train Loss: 0.002941 | Val Loss: 0.003068 | Train R²: 0.9147 | Val R²: 0.9151
Epoch 27000 | Train Loss: 0.002817 | Val Loss: 0.002952 | Train R²: 0.9183 | Val R²: 0.9183
Epoch 27500 | Train Loss: 0.002742 | Val Loss: 0.002895 | Train R²: 0.9204 | Val R²: 0.9199
Early stopping at epoch 27671 due to flat/negative trend (slope=0.000002)
Epoch 27671 | Train Loss: 0.002723 | Val Loss: 0.002882 | Train R²: 0.9210 | Val R²: 0.9202
Unpickling models
Following models have been loaded and moved to cuda:
trained gpp model:
 SNN_GPP_Tram(
  (net): Sequential(
    (0): Linear(in_features=12, out_features=12, bias=True)
    (1): Tanh()
    (2): Linear(in_features=12, out_features=1, bias=True)
    (3): Sigmoid()
  )
), trained_reco_model:
 SNN_GPP_Tram(
  (net): Sequential(
    (0): Linear(in_features=11, out_features=12, bias=True)
    (1): Tanh()
    (2): Linear(in_features=12, out_features=1, bias=True)
    (3): Sigmoid()
  )
)
using full data set for visualization
Un-normalizing the GPP and RECO predictions using NEE min: tensor([-17.7365]), NEE max: tensor([5.4944])



Metrics for the Tramontana, with
GPP inputs: ['SW_IN', 'VPD', 'TA', 'WTD', 'WS', 'PotRad', 'PotRadHalfHourlyDiff', 'PotRadDailyAvg', 'PotRadDailyDiff', 'WD_COS', 'WD_SIN', 'GPP_PROX']
RECO inputs: ['DOY_sin', 'TA', 'TS_1', 'TS_2', 'TS_3', 'TS_4', 'WTD', 'WS', 'WD_COS', 'WD_SIN', 'NIGHTLY_NEE_AVG']:
DT_GPP vs Tramontana_GPP R²=0.89 RMSE=1.21
NT_GPP vs Tramontana_GPP R²=0.89 RMSE=1.15
DT_RECO vs Tramontana_RECO R²=-0.39 RMSE=1.13
NT_RECO vs Tramontana_RECO R²=-0.86 RMSE=0.67
DT_GPP vs NT_GPP R²=0.81 RMSE=1.56
DT_RECO vs NT_RECO R²=-0.38 RMSE=1.00

gpp_input_names,  ['SW_IN', 'VPD', 'TA', 'WTD', 'WS', 'PotRad', 'PotRadHalfHourlyDiff', 'PotRadDailyAvg', 'PotRadDailyDiff', 'WD_COS', 'WD_SIN', 'GPP_PROX'] 
reco_input_names,  ['DOY_sin', 'DOY_cos', 'TS_1', 'TS_2', 'TS_3', 'TS_4', 'WTD', 'WS', 'WD_COS', 'WD_SIN', 'NIGHTLY_NEE_AVG'] 
true_nee_name,  ['NEE'] 

Tramontana Running on GPU With hidden layer size of 12 Total epochs: 100000 lr: 0.001 patience: 500 min_delta 0.01
SNN_GPP_Tram(
  (net): Sequential(
    (0): Linear(in_features=12, out_features=12, bias=True)
    (1): Tanh()
    (2): Linear(in_features=12, out_features=1, bias=True)
    (3): Sigmoid()
  )
)
SNN_RECO_Tram(
  (net): Sequential(
    (0): Linear(in_features=11, out_features=12, bias=True)
    (1): Tanh()
    (2): Linear(in_features=12, out_features=1, bias=True)
    (3): Sigmoid()
  )
)
Params are min slope: 2e-06, trend window: 100
Epoch     0 | Train Loss: 18731.824219 | Val Loss: 19168.275391 | Train R²: -543403.0625 | Val R²: -530415.8125
Epoch   500 | Train Loss: 163.562958 | Val Loss: 153.473160 | Train R²: -4743.9077 | Val R²: -4245.8477
Epoch  1000 | Train Loss: 46.748272 | Val Loss: 42.066448 | Train R²: -1355.1520 | Val R²: -1163.0459
Epoch  1500 | Train Loss: 21.139204 | Val Loss: 18.497864 | Train R²: -612.2413 | Val R²: -510.8654
Epoch  2000 | Train Loss: 11.561861 | Val Loss: 9.904061 | Train R²: -334.4058 | Val R²: -273.0612
Epoch  2500 | Train Loss: 7.027604 | Val Loss: 5.918885 | Train R²: -202.8685 | Val R²: -162.7850
Epoch  3000 | Train Loss: 4.576680 | Val Loss: 3.804047 | Train R²: -131.7680 | Val R²: -104.2641
Epoch  3500 | Train Loss: 3.127301 | Val Loss: 2.573524 | Train R²: -89.7220 | Val R²: -70.2135
Epoch  4000 | Train Loss: 2.182541 | Val Loss: 1.778155 | Train R²: -62.3148 | Val R²: -48.2044
Epoch  4500 | Train Loss: 1.580525 | Val Loss: 1.280224 | Train R²: -44.8505 | Val R²: -34.4258
Epoch  5000 | Train Loss: 1.179633 | Val Loss: 0.953595 | Train R²: -33.2208 | Val R²: -25.3875
Epoch  5500 | Train Loss: 0.900679 | Val Loss: 0.729603 | Train R²: -25.1284 | Val R²: -19.1893
Epoch  6000 | Train Loss: 0.697324 | Val Loss: 0.567708 | Train R²: -19.2291 | Val R²: -14.7094
Epoch  6500 | Train Loss: 0.541909 | Val Loss: 0.443761 | Train R²: -14.7206 | Val R²: -11.2796
Epoch  7000 | Train Loss: 0.416910 | Val Loss: 0.341756 | Train R²: -11.0944 | Val R²: -8.4569
Epoch  7500 | Train Loss: 0.314233 | Val Loss: 0.255574 | Train R²: -8.1158 | Val R²: -6.0721
Epoch  8000 | Train Loss: 0.234977 | Val Loss: 0.190124 | Train R²: -5.8166 | Val R²: -4.2610
Epoch  8500 | Train Loss: 0.175962 | Val Loss: 0.142207 | Train R²: -4.1046 | Val R²: -2.9351
Epoch  9000 | Train Loss: 0.132018 | Val Loss: 0.106763 | Train R²: -2.8298 | Val R²: -1.9543
Epoch  9500 | Train Loss: 0.099272 | Val Loss: 0.080438 | Train R²: -1.8798 | Val R²: -1.2259
Epoch 10000 | Train Loss: 0.074962 | Val Loss: 0.060933 | Train R²: -1.1746 | Val R²: -0.6861
Epoch 10500 | Train Loss: 0.057031 | Val Loss: 0.046557 | Train R²: -0.6544 | Val R²: -0.2883
Epoch 11000 | Train Loss: 0.044128 | Val Loss: 0.036275 | Train R²: -0.2801 | Val R²: -0.0038
Epoch 11500 | Train Loss: 0.035085 | Val Loss: 0.029148 | Train R²: -0.0178 | Val R²: 0.1934
Epoch 12000 | Train Loss: 0.028775 | Val Loss: 0.024265 | Train R²: 0.1652 | Val R²: 0.3286
Epoch 12500 | Train Loss: 0.024186 | Val Loss: 0.020792 | Train R²: 0.2984 | Val R²: 0.4247
Epoch 13000 | Train Loss: 0.020825 | Val Loss: 0.018276 | Train R²: 0.3959 | Val R²: 0.4943
Epoch 13500 | Train Loss: 0.018319 | Val Loss: 0.016415 | Train R²: 0.4686 | Val R²: 0.5458
Epoch 14000 | Train Loss: 0.016455 | Val Loss: 0.015080 | Train R²: 0.5226 | Val R²: 0.5827
Epoch 14500 | Train Loss: 0.015015 | Val Loss: 0.014070 | Train R²: 0.5644 | Val R²: 0.6106
Epoch 15000 | Train Loss: 0.013863 | Val Loss: 0.013210 | Train R²: 0.5978 | Val R²: 0.6345
Epoch 15500 | Train Loss: 0.012924 | Val Loss: 0.012471 | Train R²: 0.6251 | Val R²: 0.6549
Epoch 16000 | Train Loss: 0.012086 | Val Loss: 0.011772 | Train R²: 0.6494 | Val R²: 0.6743
Epoch 16500 | Train Loss: 0.011260 | Val Loss: 0.011025 | Train R²: 0.6733 | Val R²: 0.6949
Epoch 17000 | Train Loss: 0.010412 | Val Loss: 0.010232 | Train R²: 0.6980 | Val R²: 0.7169
Epoch 17500 | Train Loss: 0.009709 | Val Loss: 0.009607 | Train R²: 0.7183 | Val R²: 0.7342
Epoch 18000 | Train Loss: 0.009109 | Val Loss: 0.009081 | Train R²: 0.7358 | Val R²: 0.7487
Epoch 18500 | Train Loss: 0.008551 | Val Loss: 0.008575 | Train R²: 0.7519 | Val R²: 0.7627
Epoch 19000 | Train Loss: 0.008031 | Val Loss: 0.008104 | Train R²: 0.7670 | Val R²: 0.7757
Epoch 19500 | Train Loss: 0.007546 | Val Loss: 0.007673 | Train R²: 0.7811 | Val R²: 0.7877
Epoch 20000 | Train Loss: 0.007073 | Val Loss: 0.007257 | Train R²: 0.7948 | Val R²: 0.7992
Epoch 20500 | Train Loss: 0.006618 | Val Loss: 0.006858 | Train R²: 0.8080 | Val R²: 0.8102
Epoch 21000 | Train Loss: 0.006168 | Val Loss: 0.006454 | Train R²: 0.8211 | Val R²: 0.8214
Epoch 21500 | Train Loss: 0.005765 | Val Loss: 0.006078 | Train R²: 0.8328 | Val R²: 0.8318
Epoch 22000 | Train Loss: 0.005395 | Val Loss: 0.005693 | Train R²: 0.8435 | Val R²: 0.8425
Epoch 22500 | Train Loss: 0.005071 | Val Loss: 0.005365 | Train R²: 0.8529 | Val R²: 0.8516
Epoch 23000 | Train Loss: 0.004767 | Val Loss: 0.005065 | Train R²: 0.8617 | Val R²: 0.8598
Epoch 23500 | Train Loss: 0.004483 | Val Loss: 0.004786 | Train R²: 0.8699 | Val R²: 0.8676
Epoch 24000 | Train Loss: 0.004218 | Val Loss: 0.004508 | Train R²: 0.8776 | Val R²: 0.8753
Epoch 24500 | Train Loss: 0.003945 | Val Loss: 0.004217 | Train R²: 0.8856 | Val R²: 0.8833
Epoch 25000 | Train Loss: 0.003672 | Val Loss: 0.003926 | Train R²: 0.8935 | Val R²: 0.8914
Epoch 25500 | Train Loss: 0.003417 | Val Loss: 0.003656 | Train R²: 0.9009 | Val R²: 0.8988
Epoch 26000 | Train Loss: 0.003172 | Val Loss: 0.003401 | Train R²: 0.9080 | Val R²: 0.9059
Epoch 26500 | Train Loss: 0.002953 | Val Loss: 0.003172 | Train R²: 0.9143 | Val R²: 0.9122
Epoch 27000 | Train Loss: 0.002801 | Val Loss: 0.003007 | Train R²: 0.9187 | Val R²: 0.9168
Epoch 27500 | Train Loss: 0.002721 | Val Loss: 0.002915 | Train R²: 0.9211 | Val R²: 0.9193
Epoch 28000 | Train Loss: 0.002678 | Val Loss: 0.002865 | Train R²: 0.9223 | Val R²: 0.9207
Early stopping at epoch 28043 due to flat/negative trend (slope=0.000002)
Epoch 28043 | Train Loss: 0.002675 | Val Loss: 0.002862 | Train R²: 0.9224 | Val R²: 0.9208
Unpickling models
Following models have been loaded and moved to cuda:
trained gpp model:
 SNN_GPP_Tram(
  (net): Sequential(
    (0): Linear(in_features=12, out_features=12, bias=True)
    (1): Tanh()
    (2): Linear(in_features=12, out_features=1, bias=True)
    (3): Sigmoid()
  )
), trained_reco_model:
 SNN_GPP_Tram(
  (net): Sequential(
    (0): Linear(in_features=11, out_features=12, bias=True)
    (1): Tanh()
    (2): Linear(in_features=12, out_features=1, bias=True)
    (3): Sigmoid()
  )
)
using full data set for visualization
Un-normalizing the GPP and RECO predictions using NEE min: tensor([-17.7365]), NEE max: tensor([5.4944])



Metrics for the Tramontana, with
GPP inputs: ['SW_IN', 'VPD', 'TA', 'WTD', 'WS', 'PotRad', 'PotRadHalfHourlyDiff', 'PotRadDailyAvg', 'PotRadDailyDiff', 'WD_COS', 'WD_SIN', 'GPP_PROX']
RECO inputs: ['DOY_sin', 'DOY_cos', 'TS_1', 'TS_2', 'TS_3', 'TS_4', 'WTD', 'WS', 'WD_COS', 'WD_SIN', 'NIGHTLY_NEE_AVG']:
DT_GPP vs Tramontana_GPP R²=0.89 RMSE=1.16
NT_GPP vs Tramontana_GPP R²=0.89 RMSE=1.15
DT_RECO vs Tramontana_RECO R²=-0.36 RMSE=1.12
NT_RECO vs Tramontana_RECO R²=-0.85 RMSE=0.67
DT_GPP vs NT_GPP R²=0.81 RMSE=1.56
DT_RECO vs NT_RECO R²=-0.38 RMSE=1.00

gpp_input_names,  ['SW_IN', 'VPD', 'TA', 'WTD', 'WS', 'PotRad', 'PotRadHalfHourlyDiff', 'PotRadDailyAvg', 'PotRadDailyDiff', 'WD_COS', 'WD_SIN', 'GPP_PROX'] 
reco_input_names,  ['DOY_sin', 'DOY_cos', 'TA', 'TS_2', 'TS_3', 'TS_4', 'WTD', 'WS', 'WD_COS', 'WD_SIN', 'NIGHTLY_NEE_AVG'] 
true_nee_name,  ['NEE'] 

Tramontana Running on GPU With hidden layer size of 12 Total epochs: 100000 lr: 0.001 patience: 500 min_delta 0.01
SNN_GPP_Tram(
  (net): Sequential(
    (0): Linear(in_features=12, out_features=12, bias=True)
    (1): Tanh()
    (2): Linear(in_features=12, out_features=1, bias=True)
    (3): Sigmoid()
  )
)
SNN_RECO_Tram(
  (net): Sequential(
    (0): Linear(in_features=11, out_features=12, bias=True)
    (1): Tanh()
    (2): Linear(in_features=12, out_features=1, bias=True)
    (3): Sigmoid()
  )
)
Params are min slope: 2e-06, trend window: 100
Epoch     0 | Train Loss: 18732.605469 | Val Loss: 19169.041016 | Train R²: -543425.6875 | Val R²: -530437.0625
Epoch   500 | Train Loss: 163.559753 | Val Loss: 153.472198 | Train R²: -4743.8145 | Val R²: -4245.8213
Epoch  1000 | Train Loss: 46.746761 | Val Loss: 42.065727 | Train R²: -1355.1079 | Val R²: -1163.0259
Epoch  1500 | Train Loss: 21.138226 | Val Loss: 18.497242 | Train R²: -612.2130 | Val R²: -510.8483
Epoch  2000 | Train Loss: 11.561008 | Val Loss: 9.903401 | Train R²: -334.3810 | Val R²: -273.0429
Epoch  2500 | Train Loss: 7.026499 | Val Loss: 5.917893 | Train R²: -202.8364 | Val R²: -162.7576
Epoch  3000 | Train Loss: 4.573613 | Val Loss: 3.801075 | Train R²: -131.6790 | Val R²: -104.1818
Epoch  3500 | Train Loss: 3.110960 | Val Loss: 2.557413 | Train R²: -89.2479 | Val R²: -69.7677
Epoch  4000 | Train Loss: 2.176569 | Val Loss: 1.772600 | Train R²: -62.1416 | Val R²: -48.0507
Epoch  4500 | Train Loss: 1.578765 | Val Loss: 1.278879 | Train R²: -44.7995 | Val R²: -34.3886
Epoch  5000 | Train Loss: 1.179647 | Val Loss: 0.953854 | Train R²: -33.2212 | Val R²: -25.3947
Epoch  5500 | Train Loss: 0.901856 | Val Loss: 0.730765 | Train R²: -25.1625 | Val R²: -19.2214
Epoch  6000 | Train Loss: 0.699574 | Val Loss: 0.569786 | Train R²: -19.2944 | Val R²: -14.7669
Epoch  6500 | Train Loss: 0.544837 | Val Loss: 0.446464 | Train R²: -14.8055 | Val R²: -11.3544
Epoch  7000 | Train Loss: 0.420415 | Val Loss: 0.344925 | Train R²: -11.1961 | Val R²: -8.5446
Epoch  7500 | Train Loss: 0.319756 | Val Loss: 0.260493 | Train R²: -8.2760 | Val R²: -6.2082
Epoch  8000 | Train Loss: 0.241040 | Val Loss: 0.195066 | Train R²: -5.9925 | Val R²: -4.3978
Epoch  8500 | Train Loss: 0.181585 | Val Loss: 0.146660 | Train R²: -4.2677 | Val R²: -3.0583
Epoch  9000 | Train Loss: 0.137291 | Val Loss: 0.110920 | Train R²: -2.9828 | Val R²: -2.0693
Epoch  9500 | Train Loss: 0.104503 | Val Loss: 0.084583 | Train R²: -2.0316 | Val R²: -1.3405
Epoch 10000 | Train Loss: 0.080331 | Val Loss: 0.065269 | Train R²: -1.3304 | Val R²: -0.8061
Epoch 10500 | Train Loss: 0.062592 | Val Loss: 0.051187 | Train R²: -0.8158 | Val R²: -0.4164
Epoch 11000 | Train Loss: 0.049556 | Val Loss: 0.040889 | Train R²: -0.4376 | Val R²: -0.1315
Epoch 11500 | Train Loss: 0.039911 | Val Loss: 0.033318 | Train R²: -0.1578 | Val R²: 0.0780
Epoch 12000 | Train Loss: 0.032782 | Val Loss: 0.027786 | Train R²: 0.0490 | Val R²: 0.2311
Epoch 12500 | Train Loss: 0.027578 | Val Loss: 0.023815 | Train R²: 0.2000 | Val R²: 0.3410
Epoch 13000 | Train Loss: 0.023835 | Val Loss: 0.021017 | Train R²: 0.3085 | Val R²: 0.4184
Epoch 13500 | Train Loss: 0.021171 | Val Loss: 0.019071 | Train R²: 0.3858 | Val R²: 0.4723
Epoch 14000 | Train Loss: 0.019272 | Val Loss: 0.017718 | Train R²: 0.4409 | Val R²: 0.5097
Epoch 14500 | Train Loss: 0.017889 | Val Loss: 0.016748 | Train R²: 0.4810 | Val R²: 0.5366
Epoch 15000 | Train Loss: 0.016826 | Val Loss: 0.015997 | Train R²: 0.5119 | Val R²: 0.5573
Epoch 15500 | Train Loss: 0.015934 | Val Loss: 0.015341 | Train R²: 0.5378 | Val R²: 0.5755
Epoch 16000 | Train Loss: 0.015106 | Val Loss: 0.014696 | Train R²: 0.5618 | Val R²: 0.5933
Epoch 16500 | Train Loss: 0.014276 | Val Loss: 0.014016 | Train R²: 0.5859 | Val R²: 0.6122
Epoch 17000 | Train Loss: 0.013415 | Val Loss: 0.013291 | Train R²: 0.6108 | Val R²: 0.6322
Epoch 17500 | Train Loss: 0.012526 | Val Loss: 0.012549 | Train R²: 0.6366 | Val R²: 0.6528
Epoch 18000 | Train Loss: 0.011603 | Val Loss: 0.011797 | Train R²: 0.6634 | Val R²: 0.6736
Epoch 18500 | Train Loss: 0.010649 | Val Loss: 0.010965 | Train R²: 0.6911 | Val R²: 0.6966
Epoch 19000 | Train Loss: 0.009719 | Val Loss: 0.010112 | Train R²: 0.7181 | Val R²: 0.7202
Epoch 19500 | Train Loss: 0.008843 | Val Loss: 0.009323 | Train R²: 0.7435 | Val R²: 0.7420
Epoch 20000 | Train Loss: 0.008070 | Val Loss: 0.008599 | Train R²: 0.7659 | Val R²: 0.7620
Epoch 20500 | Train Loss: 0.007384 | Val Loss: 0.007909 | Train R²: 0.7858 | Val R²: 0.7812
Epoch 21000 | Train Loss: 0.006744 | Val Loss: 0.007217 | Train R²: 0.8044 | Val R²: 0.8003
Epoch 21500 | Train Loss: 0.006129 | Val Loss: 0.006520 | Train R²: 0.8222 | Val R²: 0.8196
Epoch 22000 | Train Loss: 0.005610 | Val Loss: 0.005940 | Train R²: 0.8373 | Val R²: 0.8356
Epoch 22500 | Train Loss: 0.005184 | Val Loss: 0.005495 | Train R²: 0.8496 | Val R²: 0.8479
Epoch 23000 | Train Loss: 0.004806 | Val Loss: 0.005097 | Train R²: 0.8606 | Val R²: 0.8590
Epoch 23500 | Train Loss: 0.004497 | Val Loss: 0.004761 | Train R²: 0.8695 | Val R²: 0.8683
Epoch 24000 | Train Loss: 0.004251 | Val Loss: 0.004509 | Train R²: 0.8767 | Val R²: 0.8752
Epoch 24500 | Train Loss: 0.004038 | Val Loss: 0.004298 | Train R²: 0.8829 | Val R²: 0.8811
Epoch 25000 | Train Loss: 0.003832 | Val Loss: 0.004079 | Train R²: 0.8888 | Val R²: 0.8871
Epoch 25500 | Train Loss: 0.003617 | Val Loss: 0.003850 | Train R²: 0.8951 | Val R²: 0.8935
Epoch 26000 | Train Loss: 0.003371 | Val Loss: 0.003593 | Train R²: 0.9022 | Val R²: 0.9006
Epoch 26500 | Train Loss: 0.003088 | Val Loss: 0.003306 | Train R²: 0.9104 | Val R²: 0.9085
Epoch 27000 | Train Loss: 0.002835 | Val Loss: 0.003057 | Train R²: 0.9177 | Val R²: 0.9154
Epoch 27500 | Train Loss: 0.002690 | Val Loss: 0.002920 | Train R²: 0.9220 | Val R²: 0.9192
Epoch 28000 | Train Loss: 0.002627 | Val Loss: 0.002866 | Train R²: 0.9238 | Val R²: 0.9207
Early stopping at epoch 28052 due to flat/negative trend (slope=0.000002)
Epoch 28052 | Train Loss: 0.002622 | Val Loss: 0.002863 | Train R²: 0.9239 | Val R²: 0.9208
Unpickling models
Following models have been loaded and moved to cuda:
trained gpp model:
 SNN_GPP_Tram(
  (net): Sequential(
    (0): Linear(in_features=12, out_features=12, bias=True)
    (1): Tanh()
    (2): Linear(in_features=12, out_features=1, bias=True)
    (3): Sigmoid()
  )
), trained_reco_model:
 SNN_GPP_Tram(
  (net): Sequential(
    (0): Linear(in_features=11, out_features=12, bias=True)
    (1): Tanh()
    (2): Linear(in_features=12, out_features=1, bias=True)
    (3): Sigmoid()
  )
)
using full data set for visualization
Un-normalizing the GPP and RECO predictions using NEE min: tensor([-17.7365]), NEE max: tensor([5.4944])



Metrics for the Tramontana, with
GPP inputs: ['SW_IN', 'VPD', 'TA', 'WTD', 'WS', 'PotRad', 'PotRadHalfHourlyDiff', 'PotRadDailyAvg', 'PotRadDailyDiff', 'WD_COS', 'WD_SIN', 'GPP_PROX']
RECO inputs: ['DOY_sin', 'DOY_cos', 'TA', 'TS_2', 'TS_3', 'TS_4', 'WTD', 'WS', 'WD_COS', 'WD_SIN', 'NIGHTLY_NEE_AVG']:
DT_GPP vs Tramontana_GPP R²=0.89 RMSE=1.20
NT_GPP vs Tramontana_GPP R²=0.90 RMSE=1.09
DT_RECO vs Tramontana_RECO R²=-0.41 RMSE=1.14
NT_RECO vs Tramontana_RECO R²=-0.43 RMSE=0.59
DT_GPP vs NT_GPP R²=0.81 RMSE=1.56
DT_RECO vs NT_RECO R²=-0.38 RMSE=1.00

gpp_input_names,  ['SW_IN', 'VPD', 'TA', 'WTD', 'WS', 'PotRad', 'PotRadHalfHourlyDiff', 'PotRadDailyAvg', 'PotRadDailyDiff', 'WD_COS', 'WD_SIN', 'GPP_PROX'] 
reco_input_names,  ['DOY_sin', 'DOY_cos', 'TA', 'TS_1', 'TS_3', 'TS_4', 'WTD', 'WS', 'WD_COS', 'WD_SIN', 'NIGHTLY_NEE_AVG'] 
true_nee_name,  ['NEE'] 

Tramontana Running on GPU With hidden layer size of 12 Total epochs: 100000 lr: 0.001 patience: 500 min_delta 0.01
SNN_GPP_Tram(
  (net): Sequential(
    (0): Linear(in_features=12, out_features=12, bias=True)
    (1): Tanh()
    (2): Linear(in_features=12, out_features=1, bias=True)
    (3): Sigmoid()
  )
)
SNN_RECO_Tram(
  (net): Sequential(
    (0): Linear(in_features=11, out_features=12, bias=True)
    (1): Tanh()
    (2): Linear(in_features=12, out_features=1, bias=True)
    (3): Sigmoid()
  )
)
Params are min slope: 2e-06, trend window: 100
Epoch     0 | Train Loss: 18732.263672 | Val Loss: 19168.740234 | Train R²: -543415.8125 | Val R²: -530428.6875
Epoch   500 | Train Loss: 163.562271 | Val Loss: 153.474380 | Train R²: -4743.8872 | Val R²: -4245.8813
Epoch  1000 | Train Loss: 46.747971 | Val Loss: 42.066948 | Train R²: -1355.1433 | Val R²: -1163.0597
Epoch  1500 | Train Loss: 21.139421 | Val Loss: 18.498484 | Train R²: -612.2477 | Val R²: -510.8826
Epoch  2000 | Train Loss: 11.562352 | Val Loss: 9.904793 | Train R²: -334.4200 | Val R²: -273.0815
Epoch  2500 | Train Loss: 7.028341 | Val Loss: 5.919793 | Train R²: -202.8899 | Val R²: -162.8101
Epoch  3000 | Train Loss: 4.577686 | Val Loss: 3.805196 | Train R²: -131.7972 | Val R²: -104.2958
Epoch  3500 | Train Loss: 3.127707 | Val Loss: 2.574102 | Train R²: -89.7337 | Val R²: -70.2295
Epoch  4000 | Train Loss: 2.185486 | Val Loss: 1.781534 | Train R²: -62.4002 | Val R²: -48.2979
Epoch  4500 | Train Loss: 1.583817 | Val Loss: 1.284106 | Train R²: -44.9460 | Val R²: -34.5333
Epoch  5000 | Train Loss: 1.182646 | Val Loss: 0.957126 | Train R²: -33.3082 | Val R²: -25.4852
Epoch  5500 | Train Loss: 0.903185 | Val Loss: 0.732504 | Train R²: -25.2011 | Val R²: -19.2696
Epoch  6000 | Train Loss: 0.698954 | Val Loss: 0.569634 | Train R²: -19.2764 | Val R²: -14.7627
Epoch  6500 | Train Loss: 0.542388 | Val Loss: 0.444418 | Train R²: -14.7345 | Val R²: -11.2978
Epoch  7000 | Train Loss: 0.416750 | Val Loss: 0.341561 | Train R²: -11.0898 | Val R²: -8.4515
Epoch  7500 | Train Loss: 0.315198 | Val Loss: 0.256362 | Train R²: -8.1438 | Val R²: -6.0940
Epoch  8000 | Train Loss: 0.236145 | Val Loss: 0.191230 | Train R²: -5.8505 | Val R²: -4.2916
Epoch  8500 | Train Loss: 0.176804 | Val Loss: 0.143080 | Train R²: -4.1290 | Val R²: -2.9592
Epoch  9000 | Train Loss: 0.132778 | Val Loss: 0.107623 | Train R²: -2.8518 | Val R²: -1.9781
Epoch  9500 | Train Loss: 0.100153 | Val Loss: 0.081550 | Train R²: -1.9054 | Val R²: -1.2566
Epoch 10000 | Train Loss: 0.076025 | Val Loss: 0.062352 | Train R²: -1.2054 | Val R²: -0.7254
Epoch 10500 | Train Loss: 0.058344 | Val Loss: 0.048328 | Train R²: -0.6926 | Val R²: -0.3373
Epoch 11000 | Train Loss: 0.045565 | Val Loss: 0.038213 | Train R²: -0.3218 | Val R²: -0.0574
Epoch 11500 | Train Loss: 0.036443 | Val Loss: 0.031009 | Train R²: -0.0572 | Val R²: 0.1419
Epoch 12000 | Train Loss: 0.029956 | Val Loss: 0.025910 | Train R²: 0.1310 | Val R²: 0.2830
Epoch 12500 | Train Loss: 0.025287 | Val Loss: 0.022250 | Train R²: 0.2664 | Val R²: 0.3843
Epoch 13000 | Train Loss: 0.021808 | Val Loss: 0.019547 | Train R²: 0.3674 | Val R²: 0.4591
Epoch 13500 | Train Loss: 0.019169 | Val Loss: 0.017541 | Train R²: 0.4439 | Val R²: 0.5146
Epoch 14000 | Train Loss: 0.017215 | Val Loss: 0.016090 | Train R²: 0.5006 | Val R²: 0.5548
Epoch 14500 | Train Loss: 0.015764 | Val Loss: 0.015025 | Train R²: 0.5427 | Val R²: 0.5842
Epoch 15000 | Train Loss: 0.014659 | Val Loss: 0.014206 | Train R²: 0.5747 | Val R²: 0.6069
Epoch 15500 | Train Loss: 0.013753 | Val Loss: 0.013506 | Train R²: 0.6010 | Val R²: 0.6263
Epoch 16000 | Train Loss: 0.012946 | Val Loss: 0.012843 | Train R²: 0.6244 | Val R²: 0.6446
Epoch 16500 | Train Loss: 0.012189 | Val Loss: 0.012182 | Train R²: 0.6464 | Val R²: 0.6629
Epoch 17000 | Train Loss: 0.011466 | Val Loss: 0.011521 | Train R²: 0.6674 | Val R²: 0.6812
Epoch 17500 | Train Loss: 0.010769 | Val Loss: 0.010860 | Train R²: 0.6876 | Val R²: 0.6995
Epoch 18000 | Train Loss: 0.010086 | Val Loss: 0.010209 | Train R²: 0.7074 | Val R²: 0.7175
Epoch 18500 | Train Loss: 0.009443 | Val Loss: 0.009610 | Train R²: 0.7261 | Val R²: 0.7341
Epoch 19000 | Train Loss: 0.008841 | Val Loss: 0.009044 | Train R²: 0.7435 | Val R²: 0.7497
Epoch 19500 | Train Loss: 0.008259 | Val Loss: 0.008488 | Train R²: 0.7604 | Val R²: 0.7651
Epoch 20000 | Train Loss: 0.007699 | Val Loss: 0.007963 | Train R²: 0.7766 | Val R²: 0.7797
Epoch 20500 | Train Loss: 0.007147 | Val Loss: 0.007433 | Train R²: 0.7927 | Val R²: 0.7943
Epoch 21000 | Train Loss: 0.006618 | Val Loss: 0.006915 | Train R²: 0.8080 | Val R²: 0.8086
Epoch 21500 | Train Loss: 0.006149 | Val Loss: 0.006469 | Train R²: 0.8216 | Val R²: 0.8210
Epoch 22000 | Train Loss: 0.005715 | Val Loss: 0.006025 | Train R²: 0.8342 | Val R²: 0.8333
Epoch 22500 | Train Loss: 0.005294 | Val Loss: 0.005612 | Train R²: 0.8464 | Val R²: 0.8447
Epoch 23000 | Train Loss: 0.004892 | Val Loss: 0.005201 | Train R²: 0.8581 | Val R²: 0.8561
Epoch 23500 | Train Loss: 0.004552 | Val Loss: 0.004841 | Train R²: 0.8680 | Val R²: 0.8660
Epoch 24000 | Train Loss: 0.004258 | Val Loss: 0.004527 | Train R²: 0.8765 | Val R²: 0.8747
Epoch 24500 | Train Loss: 0.003975 | Val Loss: 0.004234 | Train R²: 0.8847 | Val R²: 0.8828
Epoch 25000 | Train Loss: 0.003710 | Val Loss: 0.003937 | Train R²: 0.8924 | Val R²: 0.8911
Epoch 25500 | Train Loss: 0.003470 | Val Loss: 0.003686 | Train R²: 0.8993 | Val R²: 0.8980
Epoch 26000 | Train Loss: 0.003217 | Val Loss: 0.003419 | Train R²: 0.9067 | Val R²: 0.9054
Epoch 26500 | Train Loss: 0.002969 | Val Loss: 0.003162 | Train R²: 0.9139 | Val R²: 0.9125
Epoch 27000 | Train Loss: 0.002783 | Val Loss: 0.002978 | Train R²: 0.9193 | Val R²: 0.9176
Epoch 27500 | Train Loss: 0.002700 | Val Loss: 0.002904 | Train R²: 0.9217 | Val R²: 0.9197
Early stopping at epoch 27573 due to flat/negative trend (slope=0.000002)
Epoch 27573 | Train Loss: 0.002693 | Val Loss: 0.002898 | Train R²: 0.9219 | Val R²: 0.9198
Unpickling models
Following models have been loaded and moved to cuda:
trained gpp model:
 SNN_GPP_Tram(
  (net): Sequential(
    (0): Linear(in_features=12, out_features=12, bias=True)
    (1): Tanh()
    (2): Linear(in_features=12, out_features=1, bias=True)
    (3): Sigmoid()
  )
), trained_reco_model:
 SNN_GPP_Tram(
  (net): Sequential(
    (0): Linear(in_features=11, out_features=12, bias=True)
    (1): Tanh()
    (2): Linear(in_features=12, out_features=1, bias=True)
    (3): Sigmoid()
  )
)
using full data set for visualization
Un-normalizing the GPP and RECO predictions using NEE min: tensor([-17.7365]), NEE max: tensor([5.4944])



Metrics for the Tramontana, with
GPP inputs: ['SW_IN', 'VPD', 'TA', 'WTD', 'WS', 'PotRad', 'PotRadHalfHourlyDiff', 'PotRadDailyAvg', 'PotRadDailyDiff', 'WD_COS', 'WD_SIN', 'GPP_PROX']
RECO inputs: ['DOY_sin', 'DOY_cos', 'TA', 'TS_1', 'TS_3', 'TS_4', 'WTD', 'WS', 'WD_COS', 'WD_SIN', 'NIGHTLY_NEE_AVG']:
DT_GPP vs Tramontana_GPP R²=0.89 RMSE=1.19
NT_GPP vs Tramontana_GPP R²=0.89 RMSE=1.13
DT_RECO vs Tramontana_RECO R²=-0.48 RMSE=1.17
NT_RECO vs Tramontana_RECO R²=-0.71 RMSE=0.64
DT_GPP vs NT_GPP R²=0.81 RMSE=1.56
DT_RECO vs NT_RECO R²=-0.38 RMSE=1.00

gpp_input_names,  ['SW_IN', 'VPD', 'TA', 'WTD', 'WS', 'PotRad', 'PotRadHalfHourlyDiff', 'PotRadDailyAvg', 'PotRadDailyDiff', 'WD_COS', 'WD_SIN', 'GPP_PROX'] 
reco_input_names,  ['DOY_sin', 'DOY_cos', 'TA', 'TS_1', 'TS_2', 'TS_4', 'WTD', 'WS', 'WD_COS', 'WD_SIN', 'NIGHTLY_NEE_AVG'] 
true_nee_name,  ['NEE'] 

Tramontana Running on GPU With hidden layer size of 12 Total epochs: 100000 lr: 0.001 patience: 500 min_delta 0.01
SNN_GPP_Tram(
  (net): Sequential(
    (0): Linear(in_features=12, out_features=12, bias=True)
    (1): Tanh()
    (2): Linear(in_features=12, out_features=1, bias=True)
    (3): Sigmoid()
  )
)
SNN_RECO_Tram(
  (net): Sequential(
    (0): Linear(in_features=11, out_features=12, bias=True)
    (1): Tanh()
    (2): Linear(in_features=12, out_features=1, bias=True)
    (3): Sigmoid()
  )
)
Params are min slope: 2e-06, trend window: 100
Epoch     0 | Train Loss: 18725.996094 | Val Loss: 19162.201172 | Train R²: -543234.0000 | Val R²: -530247.6875
Epoch   500 | Train Loss: 163.554749 | Val Loss: 153.468140 | Train R²: -4743.6699 | Val R²: -4245.7085
Epoch  1000 | Train Loss: 46.740185 | Val Loss: 42.060532 | Train R²: -1354.9171 | Val R²: -1162.8823
Epoch  1500 | Train Loss: 21.134663 | Val Loss: 18.494635 | Train R²: -612.1096 | Val R²: -510.7761
Epoch  2000 | Train Loss: 11.559384 | Val Loss: 9.902427 | Train R²: -334.3339 | Val R²: -273.0160
Epoch  2500 | Train Loss: 7.026445 | Val Loss: 5.918297 | Train R²: -202.8348 | Val R²: -162.7687
Epoch  3000 | Train Loss: 4.576915 | Val Loss: 3.804683 | Train R²: -131.7748 | Val R²: -104.2817
Epoch  3500 | Train Loss: 3.133283 | Val Loss: 2.579705 | Train R²: -89.8955 | Val R²: -70.3846
Epoch  4000 | Train Loss: 2.195733 | Val Loss: 1.790830 | Train R²: -62.6975 | Val R²: -48.5551
Epoch  4500 | Train Loss: 1.585330 | Val Loss: 1.284983 | Train R²: -44.9899 | Val R²: -34.5575
Epoch  5000 | Train Loss: 1.182693 | Val Loss: 0.957038 | Train R²: -33.3095 | Val R²: -25.4828
Epoch  5500 | Train Loss: 0.902923 | Val Loss: 0.732324 | Train R²: -25.1935 | Val R²: -19.2646
Epoch  6000 | Train Loss: 0.698658 | Val Loss: 0.569552 | Train R²: -19.2678 | Val R²: -14.7604
Epoch  6500 | Train Loss: 0.542161 | Val Loss: 0.444415 | Train R²: -14.7279 | Val R²: -11.2977
Epoch  7000 | Train Loss: 0.416356 | Val Loss: 0.341585 | Train R²: -11.0783 | Val R²: -8.4522
Epoch  7500 | Train Loss: 0.313682 | Val Loss: 0.255298 | Train R²: -8.0998 | Val R²: -6.0645
Epoch  8000 | Train Loss: 0.235127 | Val Loss: 0.190408 | Train R²: -5.8210 | Val R²: -4.2689
Epoch  8500 | Train Loss: 0.176180 | Val Loss: 0.142408 | Train R²: -4.1109 | Val R²: -2.9407
Epoch  9000 | Train Loss: 0.131966 | Val Loss: 0.106721 | Train R²: -2.8283 | Val R²: -1.9531
Epoch  9500 | Train Loss: 0.098806 | Val Loss: 0.080133 | Train R²: -1.8663 | Val R²: -1.2174
Epoch 10000 | Train Loss: 0.073890 | Val Loss: 0.060175 | Train R²: -1.1435 | Val R²: -0.6651
Epoch 10500 | Train Loss: 0.055595 | Val Loss: 0.045487 | Train R²: -0.6128 | Val R²: -0.2587
Epoch 11000 | Train Loss: 0.042938 | Val Loss: 0.035402 | Train R²: -0.2456 | Val R²: 0.0204
Epoch 11500 | Train Loss: 0.034481 | Val Loss: 0.028856 | Train R²: -0.0003 | Val R²: 0.2015
Epoch 12000 | Train Loss: 0.028622 | Val Loss: 0.024380 | Train R²: 0.1697 | Val R²: 0.3254
Epoch 12500 | Train Loss: 0.024213 | Val Loss: 0.020969 | Train R²: 0.2976 | Val R²: 0.4197
Epoch 13000 | Train Loss: 0.020854 | Val Loss: 0.018383 | Train R²: 0.3950 | Val R²: 0.4913
Epoch 13500 | Train Loss: 0.018327 | Val Loss: 0.016543 | Train R²: 0.4684 | Val R²: 0.5422
Epoch 14000 | Train Loss: 0.016403 | Val Loss: 0.015181 | Train R²: 0.5241 | Val R²: 0.5799
Epoch 14500 | Train Loss: 0.014944 | Val Loss: 0.014117 | Train R²: 0.5665 | Val R²: 0.6094
Epoch 15000 | Train Loss: 0.013817 | Val Loss: 0.013250 | Train R²: 0.5992 | Val R²: 0.6333
Epoch 15500 | Train Loss: 0.012891 | Val Loss: 0.012486 | Train R²: 0.6260 | Val R²: 0.6545
Epoch 16000 | Train Loss: 0.012050 | Val Loss: 0.011736 | Train R²: 0.6504 | Val R²: 0.6752
Epoch 16500 | Train Loss: 0.011249 | Val Loss: 0.010991 | Train R²: 0.6737 | Val R²: 0.6959
Epoch 17000 | Train Loss: 0.010487 | Val Loss: 0.010276 | Train R²: 0.6958 | Val R²: 0.7157
Epoch 17500 | Train Loss: 0.009758 | Val Loss: 0.009602 | Train R²: 0.7169 | Val R²: 0.7343
Epoch 18000 | Train Loss: 0.009099 | Val Loss: 0.009010 | Train R²: 0.7360 | Val R²: 0.7507
Epoch 18500 | Train Loss: 0.008512 | Val Loss: 0.008493 | Train R²: 0.7531 | Val R²: 0.7650
Epoch 19000 | Train Loss: 0.007965 | Val Loss: 0.008011 | Train R²: 0.7689 | Val R²: 0.7783
Epoch 19500 | Train Loss: 0.007432 | Val Loss: 0.007554 | Train R²: 0.7844 | Val R²: 0.7910
Epoch 20000 | Train Loss: 0.006954 | Val Loss: 0.007134 | Train R²: 0.7983 | Val R²: 0.8026
Epoch 20500 | Train Loss: 0.006497 | Val Loss: 0.006728 | Train R²: 0.8115 | Val R²: 0.8138
Epoch 21000 | Train Loss: 0.006060 | Val Loss: 0.006340 | Train R²: 0.8242 | Val R²: 0.8245
Epoch 21500 | Train Loss: 0.005647 | Val Loss: 0.005968 | Train R²: 0.8362 | Val R²: 0.8349
Epoch 22000 | Train Loss: 0.005244 | Val Loss: 0.005596 | Train R²: 0.8479 | Val R²: 0.8451
Epoch 22500 | Train Loss: 0.004850 | Val Loss: 0.005222 | Train R²: 0.8593 | Val R²: 0.8555
Epoch 23000 | Train Loss: 0.004523 | Val Loss: 0.004903 | Train R²: 0.8688 | Val R²: 0.8643
Epoch 23500 | Train Loss: 0.004257 | Val Loss: 0.004616 | Train R²: 0.8765 | Val R²: 0.8723
Epoch 24000 | Train Loss: 0.004010 | Val Loss: 0.004332 | Train R²: 0.8837 | Val R²: 0.8801
Epoch 24500 | Train Loss: 0.003769 | Val Loss: 0.004054 | Train R²: 0.8907 | Val R²: 0.8878
Epoch 25000 | Train Loss: 0.003541 | Val Loss: 0.003796 | Train R²: 0.8973 | Val R²: 0.8950
Epoch 25500 | Train Loss: 0.003327 | Val Loss: 0.003561 | Train R²: 0.9035 | Val R²: 0.9015
Epoch 26000 | Train Loss: 0.003123 | Val Loss: 0.003340 | Train R²: 0.9094 | Val R²: 0.9076
Epoch 26500 | Train Loss: 0.002934 | Val Loss: 0.003136 | Train R²: 0.9149 | Val R²: 0.9132
Epoch 27000 | Train Loss: 0.002791 | Val Loss: 0.002978 | Train R²: 0.9190 | Val R²: 0.9176
Epoch 27500 | Train Loss: 0.002710 | Val Loss: 0.002888 | Train R²: 0.9214 | Val R²: 0.9201
Early stopping at epoch 27998 due to flat/negative trend (slope=0.000002)
Epoch 27998 | Train Loss: 0.002663 | Val Loss: 0.002839 | Train R²: 0.9227 | Val R²: 0.9214
Unpickling models
Following models have been loaded and moved to cuda:
trained gpp model:
 SNN_GPP_Tram(
  (net): Sequential(
    (0): Linear(in_features=12, out_features=12, bias=True)
    (1): Tanh()
    (2): Linear(in_features=12, out_features=1, bias=True)
    (3): Sigmoid()
  )
), trained_reco_model:
 SNN_GPP_Tram(
  (net): Sequential(
    (0): Linear(in_features=11, out_features=12, bias=True)
    (1): Tanh()
    (2): Linear(in_features=12, out_features=1, bias=True)
    (3): Sigmoid()
  )
)
using full data set for visualization
Un-normalizing the GPP and RECO predictions using NEE min: tensor([-17.7365]), NEE max: tensor([5.4944])



Metrics for the Tramontana, with
GPP inputs: ['SW_IN', 'VPD', 'TA', 'WTD', 'WS', 'PotRad', 'PotRadHalfHourlyDiff', 'PotRadDailyAvg', 'PotRadDailyDiff', 'WD_COS', 'WD_SIN', 'GPP_PROX']
RECO inputs: ['DOY_sin', 'DOY_cos', 'TA', 'TS_1', 'TS_2', 'TS_4', 'WTD', 'WS', 'WD_COS', 'WD_SIN', 'NIGHTLY_NEE_AVG']:
DT_GPP vs Tramontana_GPP R²=0.89 RMSE=1.18
NT_GPP vs Tramontana_GPP R²=0.88 RMSE=1.17
DT_RECO vs Tramontana_RECO R²=-0.40 RMSE=1.14
NT_RECO vs Tramontana_RECO R²=-1.13 RMSE=0.72
DT_GPP vs NT_GPP R²=0.81 RMSE=1.56
DT_RECO vs NT_RECO R²=-0.38 RMSE=1.00

gpp_input_names,  ['SW_IN', 'VPD', 'TA', 'WTD', 'WS', 'PotRad', 'PotRadHalfHourlyDiff', 'PotRadDailyAvg', 'PotRadDailyDiff', 'WD_COS', 'WD_SIN', 'GPP_PROX'] 
reco_input_names,  ['DOY_sin', 'DOY_cos', 'TA', 'TS_1', 'TS_2', 'TS_3', 'WTD', 'WS', 'WD_COS', 'WD_SIN', 'NIGHTLY_NEE_AVG'] 
true_nee_name,  ['NEE'] 

Tramontana Running on GPU With hidden layer size of 12 Total epochs: 100000 lr: 0.001 patience: 500 min_delta 0.01
SNN_GPP_Tram(
  (net): Sequential(
    (0): Linear(in_features=12, out_features=12, bias=True)
    (1): Tanh()
    (2): Linear(in_features=12, out_features=1, bias=True)
    (3): Sigmoid()
  )
)
SNN_RECO_Tram(
  (net): Sequential(
    (0): Linear(in_features=11, out_features=12, bias=True)
    (1): Tanh()
    (2): Linear(in_features=12, out_features=1, bias=True)
    (3): Sigmoid()
  )
)
Params are min slope: 2e-06, trend window: 100
Epoch     0 | Train Loss: 18726.089844 | Val Loss: 19162.294922 | Train R²: -543236.6250 | Val R²: -530250.3125
Epoch   500 | Train Loss: 163.556305 | Val Loss: 153.469574 | Train R²: -4743.7148 | Val R²: -4245.7485
Epoch  1000 | Train Loss: 46.739380 | Val Loss: 42.059818 | Train R²: -1354.8939 | Val R²: -1162.8624
Epoch  1500 | Train Loss: 21.133482 | Val Loss: 18.493517 | Train R²: -612.0753 | Val R²: -510.7451
Epoch  2000 | Train Loss: 11.557999 | Val Loss: 9.901086 | Train R²: -334.2937 | Val R²: -272.9789
Epoch  2500 | Train Loss: 7.024724 | Val Loss: 5.916598 | Train R²: -202.7849 | Val R²: -162.7217
Epoch  3000 | Train Loss: 4.574267 | Val Loss: 3.802037 | Train R²: -131.6980 | Val R²: -104.2085
Epoch  3500 | Train Loss: 3.126018 | Val Loss: 2.572408 | Train R²: -89.6847 | Val R²: -70.1827
Epoch  4000 | Train Loss: 2.184036 | Val Loss: 1.779164 | Train R²: -62.3582 | Val R²: -48.2323
Epoch  4500 | Train Loss: 1.579675 | Val Loss: 1.279357 | Train R²: -44.8259 | Val R²: -34.4019
Epoch  5000 | Train Loss: 1.178171 | Val Loss: 0.952506 | Train R²: -33.1784 | Val R²: -25.3574
Epoch  5500 | Train Loss: 0.898977 | Val Loss: 0.728365 | Train R²: -25.0790 | Val R²: -19.1550
Epoch  6000 | Train Loss: 0.695511 | Val Loss: 0.566365 | Train R²: -19.1765 | Val R²: -14.6722
Epoch  6500 | Train Loss: 0.539835 | Val Loss: 0.442069 | Train R²: -14.6604 | Val R²: -11.2328
Epoch  7000 | Train Loss: 0.414370 | Val Loss: 0.339545 | Train R²: -11.0207 | Val R²: -8.3958
Epoch  7500 | Train Loss: 0.311559 | Val Loss: 0.253143 | Train R²: -8.0382 | Val R²: -6.0049
Epoch  8000 | Train Loss: 0.233016 | Val Loss: 0.188394 | Train R²: -5.7597 | Val R²: -4.2132
Epoch  8500 | Train Loss: 0.174097 | Val Loss: 0.140490 | Train R²: -4.0505 | Val R²: -2.8876
Epoch  9000 | Train Loss: 0.129927 | Val Loss: 0.104884 | Train R²: -2.7692 | Val R²: -1.9023
Epoch  9500 | Train Loss: 0.096842 | Val Loss: 0.078371 | Train R²: -1.8093 | Val R²: -1.1687
Epoch 10000 | Train Loss: 0.072249 | Val Loss: 0.058701 | Train R²: -1.0959 | Val R²: -0.6244
Epoch 10500 | Train Loss: 0.054588 | Val Loss: 0.044552 | Train R²: -0.5836 | Val R²: -0.2328
Epoch 11000 | Train Loss: 0.042564 | Val Loss: 0.035041 | Train R²: -0.2348 | Val R²: 0.0303
Epoch 11500 | Train Loss: 0.034431 | Val Loss: 0.028765 | Train R²: 0.0012 | Val R²: 0.2040
Epoch 12000 | Train Loss: 0.028612 | Val Loss: 0.024291 | Train R²: 0.1700 | Val R²: 0.3278
Epoch 12500 | Train Loss: 0.024200 | Val Loss: 0.020885 | Train R²: 0.2980 | Val R²: 0.4221
Epoch 13000 | Train Loss: 0.020817 | Val Loss: 0.018291 | Train R²: 0.3961 | Val R²: 0.4939
Epoch 13500 | Train Loss: 0.018288 | Val Loss: 0.016436 | Train R²: 0.4695 | Val R²: 0.5452
Epoch 14000 | Train Loss: 0.016389 | Val Loss: 0.015112 | Train R²: 0.5245 | Val R²: 0.5818
Epoch 14500 | Train Loss: 0.014960 | Val Loss: 0.014107 | Train R²: 0.5660 | Val R²: 0.6096
Epoch 15000 | Train Loss: 0.013810 | Val Loss: 0.013242 | Train R²: 0.5994 | Val R²: 0.6336
Epoch 15500 | Train Loss: 0.012872 | Val Loss: 0.012498 | Train R²: 0.6266 | Val R²: 0.6542
Epoch 16000 | Train Loss: 0.012059 | Val Loss: 0.011812 | Train R²: 0.6502 | Val R²: 0.6731
Epoch 16500 | Train Loss: 0.011273 | Val Loss: 0.011090 | Train R²: 0.6730 | Val R²: 0.6931
Epoch 17000 | Train Loss: 0.010482 | Val Loss: 0.010311 | Train R²: 0.6959 | Val R²: 0.7147
Epoch 17500 | Train Loss: 0.009745 | Val Loss: 0.009611 | Train R²: 0.7173 | Val R²: 0.7341
Epoch 18000 | Train Loss: 0.009091 | Val Loss: 0.009012 | Train R²: 0.7363 | Val R²: 0.7506
Epoch 18500 | Train Loss: 0.008507 | Val Loss: 0.008483 | Train R²: 0.7532 | Val R²: 0.7653
Epoch 19000 | Train Loss: 0.007989 | Val Loss: 0.008022 | Train R²: 0.7682 | Val R²: 0.7780
Epoch 19500 | Train Loss: 0.007508 | Val Loss: 0.007599 | Train R²: 0.7822 | Val R²: 0.7897
Epoch 20000 | Train Loss: 0.007043 | Val Loss: 0.007166 | Train R²: 0.7957 | Val R²: 0.8017
Epoch 20500 | Train Loss: 0.006579 | Val Loss: 0.006736 | Train R²: 0.8091 | Val R²: 0.8136
Epoch 21000 | Train Loss: 0.006132 | Val Loss: 0.006336 | Train R²: 0.8221 | Val R²: 0.8247
Epoch 21500 | Train Loss: 0.005716 | Val Loss: 0.005953 | Train R²: 0.8342 | Val R²: 0.8353
Epoch 22000 | Train Loss: 0.005315 | Val Loss: 0.005569 | Train R²: 0.8458 | Val R²: 0.8459
Epoch 22500 | Train Loss: 0.004933 | Val Loss: 0.005205 | Train R²: 0.8569 | Val R²: 0.8560
Epoch 23000 | Train Loss: 0.004588 | Val Loss: 0.004865 | Train R²: 0.8669 | Val R²: 0.8654
Epoch 23500 | Train Loss: 0.004292 | Val Loss: 0.004556 | Train R²: 0.8755 | Val R²: 0.8739
Epoch 24000 | Train Loss: 0.004012 | Val Loss: 0.004248 | Train R²: 0.8836 | Val R²: 0.8824
Epoch 24500 | Train Loss: 0.003745 | Val Loss: 0.003954 | Train R²: 0.8913 | Val R²: 0.8906
Epoch 25000 | Train Loss: 0.003501 | Val Loss: 0.003695 | Train R²: 0.8984 | Val R²: 0.8977
Epoch 25500 | Train Loss: 0.003278 | Val Loss: 0.003465 | Train R²: 0.9049 | Val R²: 0.9041
Epoch 26000 | Train Loss: 0.003073 | Val Loss: 0.003257 | Train R²: 0.9108 | Val R²: 0.9099
Epoch 26500 | Train Loss: 0.002898 | Val Loss: 0.003082 | Train R²: 0.9159 | Val R²: 0.9147
Epoch 27000 | Train Loss: 0.002779 | Val Loss: 0.002963 | Train R²: 0.9194 | Val R²: 0.9180
Epoch 27500 | Train Loss: 0.002716 | Val Loss: 0.002902 | Train R²: 0.9212 | Val R²: 0.9197
Early stopping at epoch 27674 due to flat/negative trend (slope=0.000002)
Epoch 27674 | Train Loss: 0.002701 | Val Loss: 0.002889 | Train R²: 0.9216 | Val R²: 0.9201
Unpickling models
Following models have been loaded and moved to cuda:
trained gpp model:
 SNN_GPP_Tram(
  (net): Sequential(
    (0): Linear(in_features=12, out_features=12, bias=True)
    (1): Tanh()
    (2): Linear(in_features=12, out_features=1, bias=True)
    (3): Sigmoid()
  )
), trained_reco_model:
 SNN_GPP_Tram(
  (net): Sequential(
    (0): Linear(in_features=11, out_features=12, bias=True)
    (1): Tanh()
    (2): Linear(in_features=12, out_features=1, bias=True)
    (3): Sigmoid()
  )
)
using full data set for visualization
Un-normalizing the GPP and RECO predictions using NEE min: tensor([-17.7365]), NEE max: tensor([5.4944])



Metrics for the Tramontana, with
GPP inputs: ['SW_IN', 'VPD', 'TA', 'WTD', 'WS', 'PotRad', 'PotRadHalfHourlyDiff', 'PotRadDailyAvg', 'PotRadDailyDiff', 'WD_COS', 'WD_SIN', 'GPP_PROX']
RECO inputs: ['DOY_sin', 'DOY_cos', 'TA', 'TS_1', 'TS_2', 'TS_3', 'WTD', 'WS', 'WD_COS', 'WD_SIN', 'NIGHTLY_NEE_AVG']:
DT_GPP vs Tramontana_GPP R²=0.88 RMSE=1.21
NT_GPP vs Tramontana_GPP R²=0.88 RMSE=1.16
DT_RECO vs Tramontana_RECO R²=-0.40 RMSE=1.14
NT_RECO vs Tramontana_RECO R²=-1.00 RMSE=0.70
DT_GPP vs NT_GPP R²=0.81 RMSE=1.56
DT_RECO vs NT_RECO R²=-0.38 RMSE=1.00

gpp_input_names,  ['SW_IN', 'VPD', 'TA', 'WTD', 'WS', 'PotRad', 'PotRadHalfHourlyDiff', 'PotRadDailyAvg', 'PotRadDailyDiff', 'WD_COS', 'WD_SIN', 'GPP_PROX'] 
reco_input_names,  ['DOY_sin', 'DOY_cos', 'TA', 'TS_1', 'TS_2', 'TS_3', 'TS_4', 'WS', 'WD_COS', 'WD_SIN', 'NIGHTLY_NEE_AVG'] 
true_nee_name,  ['NEE'] 

Tramontana Running on GPU With hidden layer size of 12 Total epochs: 100000 lr: 0.001 patience: 500 min_delta 0.01
SNN_GPP_Tram(
  (net): Sequential(
    (0): Linear(in_features=12, out_features=12, bias=True)
    (1): Tanh()
    (2): Linear(in_features=12, out_features=1, bias=True)
    (3): Sigmoid()
  )
)
SNN_RECO_Tram(
  (net): Sequential(
    (0): Linear(in_features=11, out_features=12, bias=True)
    (1): Tanh()
    (2): Linear(in_features=12, out_features=1, bias=True)
    (3): Sigmoid()
  )
)
Params are min slope: 2e-06, trend window: 100
Epoch     0 | Train Loss: 18735.085938 | Val Loss: 19171.826172 | Train R²: -543497.6250 | Val R²: -530514.1250
Epoch   500 | Train Loss: 163.564682 | Val Loss: 153.474762 | Train R²: -4743.9570 | Val R²: -4245.8926
Epoch  1000 | Train Loss: 46.752071 | Val Loss: 42.068314 | Train R²: -1355.2621 | Val R²: -1163.0977
Epoch  1500 | Train Loss: 21.140720 | Val Loss: 18.498240 | Train R²: -612.2853 | Val R²: -510.8759
Epoch  2000 | Train Loss: 11.562606 | Val Loss: 9.904113 | Train R²: -334.4274 | Val R²: -273.0627
Epoch  2500 | Train Loss: 7.028399 | Val Loss: 5.919223 | Train R²: -202.8915 | Val R²: -162.7944
Epoch  3000 | Train Loss: 4.578784 | Val Loss: 3.805823 | Train R²: -131.8290 | Val R²: -104.3132
Epoch  3500 | Train Loss: 3.138801 | Val Loss: 2.584685 | Train R²: -90.0556 | Val R²: -70.5224
Epoch  4000 | Train Loss: 2.220483 | Val Loss: 1.815486 | Train R²: -63.4155 | Val R²: -49.2374
Epoch  4500 | Train Loss: 1.598299 | Val Loss: 1.299960 | Train R²: -45.3661 | Val R²: -34.9720
Epoch  5000 | Train Loss: 1.199138 | Val Loss: 0.976051 | Train R²: -33.7866 | Val R²: -26.0089
Epoch  5500 | Train Loss: 0.925788 | Val Loss: 0.756853 | Train R²: -25.8568 | Val R²: -19.9433
Epoch  6000 | Train Loss: 0.728045 | Val Loss: 0.599103 | Train R²: -20.1203 | Val R²: -15.5781
Epoch  6500 | Train Loss: 0.573454 | Val Loss: 0.475483 | Train R²: -15.6357 | Val R²: -12.1574
Epoch  7000 | Train Loss: 0.434074 | Val Loss: 0.360186 | Train R²: -11.5924 | Val R²: -8.9669
Epoch  7500 | Train Loss: 0.318257 | Val Loss: 0.260099 | Train R²: -8.2325 | Val R²: -6.1974
Epoch  8000 | Train Loss: 0.236526 | Val Loss: 0.192006 | Train R²: -5.8615 | Val R²: -4.3131
Epoch  8500 | Train Loss: 0.176020 | Val Loss: 0.142312 | Train R²: -4.1063 | Val R²: -2.9380
Epoch  9000 | Train Loss: 0.130821 | Val Loss: 0.105288 | Train R²: -2.7951 | Val R²: -1.9135
Epoch  9500 | Train Loss: 0.097137 | Val Loss: 0.077858 | Train R²: -1.8179 | Val R²: -1.1545
Epoch 10000 | Train Loss: 0.072667 | Val Loss: 0.058176 | Train R²: -1.1080 | Val R²: -0.6098
Epoch 10500 | Train Loss: 0.055355 | Val Loss: 0.044464 | Train R²: -0.6058 | Val R²: -0.2304
Epoch 11000 | Train Loss: 0.043313 | Val Loss: 0.035133 | Train R²: -0.2565 | Val R²: 0.0278
Epoch 11500 | Train Loss: 0.034914 | Val Loss: 0.028753 | Train R²: -0.0128 | Val R²: 0.2044
Epoch 12000 | Train Loss: 0.028894 | Val Loss: 0.024209 | Train R²: 0.1618 | Val R²: 0.3301
Epoch 12500 | Train Loss: 0.024370 | Val Loss: 0.020807 | Train R²: 0.2930 | Val R²: 0.4242
Epoch 13000 | Train Loss: 0.020951 | Val Loss: 0.018303 | Train R²: 0.3922 | Val R²: 0.4935
Epoch 13500 | Train Loss: 0.018478 | Val Loss: 0.016552 | Train R²: 0.4640 | Val R²: 0.5420
Epoch 14000 | Train Loss: 0.016658 | Val Loss: 0.015268 | Train R²: 0.5167 | Val R²: 0.5775
Epoch 14500 | Train Loss: 0.015255 | Val Loss: 0.014259 | Train R²: 0.5575 | Val R²: 0.6054
Epoch 15000 | Train Loss: 0.014106 | Val Loss: 0.013402 | Train R²: 0.5908 | Val R²: 0.6291
Epoch 15500 | Train Loss: 0.013120 | Val Loss: 0.012633 | Train R²: 0.6194 | Val R²: 0.6504
Epoch 16000 | Train Loss: 0.012244 | Val Loss: 0.011919 | Train R²: 0.6448 | Val R²: 0.6702
Epoch 16500 | Train Loss: 0.011446 | Val Loss: 0.011244 | Train R²: 0.6680 | Val R²: 0.6889
Epoch 17000 | Train Loss: 0.010711 | Val Loss: 0.010605 | Train R²: 0.6893 | Val R²: 0.7065
Epoch 17500 | Train Loss: 0.010045 | Val Loss: 0.010017 | Train R²: 0.7086 | Val R²: 0.7228
Epoch 18000 | Train Loss: 0.009436 | Val Loss: 0.009488 | Train R²: 0.7263 | Val R²: 0.7374
Epoch 18500 | Train Loss: 0.008859 | Val Loss: 0.008996 | Train R²: 0.7430 | Val R²: 0.7511
Epoch 19000 | Train Loss: 0.008294 | Val Loss: 0.008471 | Train R²: 0.7594 | Val R²: 0.7656
Epoch 19500 | Train Loss: 0.007745 | Val Loss: 0.007912 | Train R²: 0.7753 | Val R²: 0.7811
Epoch 20000 | Train Loss: 0.007238 | Val Loss: 0.007426 | Train R²: 0.7900 | Val R²: 0.7945
Epoch 20500 | Train Loss: 0.006769 | Val Loss: 0.006992 | Train R²: 0.8036 | Val R²: 0.8065
Epoch 21000 | Train Loss: 0.006346 | Val Loss: 0.006584 | Train R²: 0.8159 | Val R²: 0.8178
Epoch 21500 | Train Loss: 0.005966 | Val Loss: 0.006199 | Train R²: 0.8269 | Val R²: 0.8285
Epoch 22000 | Train Loss: 0.005618 | Val Loss: 0.005833 | Train R²: 0.8370 | Val R²: 0.8386
Epoch 22500 | Train Loss: 0.005291 | Val Loss: 0.005483 | Train R²: 0.8465 | Val R²: 0.8483
Epoch 23000 | Train Loss: 0.004976 | Val Loss: 0.005144 | Train R²: 0.8556 | Val R²: 0.8577
Epoch 23500 | Train Loss: 0.004673 | Val Loss: 0.004820 | Train R²: 0.8644 | Val R²: 0.8666
Epoch 24000 | Train Loss: 0.004377 | Val Loss: 0.004504 | Train R²: 0.8730 | Val R²: 0.8754
Epoch 24500 | Train Loss: 0.004081 | Val Loss: 0.004192 | Train R²: 0.8816 | Val R²: 0.8840
Epoch 25000 | Train Loss: 0.003793 | Val Loss: 0.003908 | Train R²: 0.8900 | Val R²: 0.8919
Epoch 25500 | Train Loss: 0.003527 | Val Loss: 0.003661 | Train R²: 0.8977 | Val R²: 0.8987
Epoch 26000 | Train Loss: 0.003275 | Val Loss: 0.003427 | Train R²: 0.9050 | Val R²: 0.9052
Epoch 26500 | Train Loss: 0.003042 | Val Loss: 0.003207 | Train R²: 0.9118 | Val R²: 0.9113
Epoch 27000 | Train Loss: 0.002870 | Val Loss: 0.003043 | Train R²: 0.9167 | Val R²: 0.9158
Epoch 27500 | Train Loss: 0.002783 | Val Loss: 0.002963 | Train R²: 0.9193 | Val R²: 0.9180
Early stopping at epoch 27735 due to flat/negative trend (slope=0.000002)
Epoch 27735 | Train Loss: 0.002762 | Val Loss: 0.002944 | Train R²: 0.9199 | Val R²: 0.9185
Unpickling models
Following models have been loaded and moved to cuda:
trained gpp model:
 SNN_GPP_Tram(
  (net): Sequential(
    (0): Linear(in_features=12, out_features=12, bias=True)
    (1): Tanh()
    (2): Linear(in_features=12, out_features=1, bias=True)
    (3): Sigmoid()
  )
), trained_reco_model:
 SNN_GPP_Tram(
  (net): Sequential(
    (0): Linear(in_features=11, out_features=12, bias=True)
    (1): Tanh()
    (2): Linear(in_features=12, out_features=1, bias=True)
    (3): Sigmoid()
  )
)
using full data set for visualization
Un-normalizing the GPP and RECO predictions using NEE min: tensor([-17.7365]), NEE max: tensor([5.4944])



Metrics for the Tramontana, with
GPP inputs: ['SW_IN', 'VPD', 'TA', 'WTD', 'WS', 'PotRad', 'PotRadHalfHourlyDiff', 'PotRadDailyAvg', 'PotRadDailyDiff', 'WD_COS', 'WD_SIN', 'GPP_PROX']
RECO inputs: ['DOY_sin', 'DOY_cos', 'TA', 'TS_1', 'TS_2', 'TS_3', 'TS_4', 'WS', 'WD_COS', 'WD_SIN', 'NIGHTLY_NEE_AVG']:
DT_GPP vs Tramontana_GPP R²=0.88 RMSE=1.21
NT_GPP vs Tramontana_GPP R²=0.90 RMSE=1.07
DT_RECO vs Tramontana_RECO R²=-0.42 RMSE=1.14
NT_RECO vs Tramontana_RECO R²=-0.01 RMSE=0.49
DT_GPP vs NT_GPP R²=0.81 RMSE=1.56
DT_RECO vs NT_RECO R²=-0.38 RMSE=1.00

gpp_input_names,  ['SW_IN', 'VPD', 'TA', 'WTD', 'WS', 'PotRad', 'PotRadHalfHourlyDiff', 'PotRadDailyAvg', 'PotRadDailyDiff', 'WD_COS', 'WD_SIN', 'GPP_PROX'] 
reco_input_names,  ['DOY_sin', 'DOY_cos', 'TA', 'TS_1', 'TS_2', 'TS_3', 'TS_4', 'WTD', 'WD_COS', 'WD_SIN', 'NIGHTLY_NEE_AVG'] 
true_nee_name,  ['NEE'] 

Tramontana Running on GPU With hidden layer size of 12 Total epochs: 100000 lr: 0.001 patience: 500 min_delta 0.01
SNN_GPP_Tram(
  (net): Sequential(
    (0): Linear(in_features=12, out_features=12, bias=True)
    (1): Tanh()
    (2): Linear(in_features=12, out_features=1, bias=True)
    (3): Sigmoid()
  )
)
SNN_RECO_Tram(
  (net): Sequential(
    (0): Linear(in_features=11, out_features=12, bias=True)
    (1): Tanh()
    (2): Linear(in_features=12, out_features=1, bias=True)
    (3): Sigmoid()
  )
)
Params are min slope: 2e-06, trend window: 100
Epoch     0 | Train Loss: 18731.457031 | Val Loss: 19167.896484 | Train R²: -543392.3750 | Val R²: -530405.3750
Epoch   500 | Train Loss: 163.578934 | Val Loss: 153.482376 | Train R²: -4744.3706 | Val R²: -4246.1025
Epoch  1000 | Train Loss: 46.748482 | Val Loss: 42.064987 | Train R²: -1355.1580 | Val R²: -1163.0055
Epoch  1500 | Train Loss: 21.137667 | Val Loss: 18.495762 | Train R²: -612.1968 | Val R²: -510.8073
Epoch  2000 | Train Loss: 11.560505 | Val Loss: 9.902406 | Train R²: -334.3664 | Val R²: -273.0154
Epoch  2500 | Train Loss: 7.026798 | Val Loss: 5.917830 | Train R²: -202.8451 | Val R²: -162.7558
Epoch  3000 | Train Loss: 4.577063 | Val Loss: 3.804138 | Train R²: -131.7791 | Val R²: -104.2666
Epoch  3500 | Train Loss: 3.134838 | Val Loss: 2.580532 | Train R²: -89.9406 | Val R²: -70.4074
Epoch  4000 | Train Loss: 2.204592 | Val Loss: 1.798948 | Train R²: -62.9545 | Val R²: -48.7798
Epoch  4500 | Train Loss: 1.591048 | Val Loss: 1.290978 | Train R²: -45.1558 | Val R²: -34.7234
Epoch  5000 | Train Loss: 1.189727 | Val Loss: 0.964452 | Train R²: -33.5136 | Val R²: -25.6879
Epoch  5500 | Train Loss: 0.911384 | Val Loss: 0.740896 | Train R²: -25.4389 | Val R²: -19.5018
Epoch  6000 | Train Loss: 0.707178 | Val Loss: 0.577984 | Train R²: -19.5150 | Val R²: -14.9937
Epoch  6500 | Train Loss: 0.549710 | Val Loss: 0.451499 | Train R²: -14.9469 | Val R²: -11.4937
Epoch  7000 | Train Loss: 0.423570 | Val Loss: 0.348133 | Train R²: -11.2876 | Val R²: -8.6334
Epoch  7500 | Train Loss: 0.320093 | Val Loss: 0.260915 | Train R²: -8.2858 | Val R²: -6.2199
Epoch  8000 | Train Loss: 0.239160 | Val Loss: 0.193830 | Train R²: -5.9379 | Val R²: -4.3636
Epoch  8500 | Train Loss: 0.178548 | Val Loss: 0.144854 | Train R²: -4.1796 | Val R²: -3.0084
Epoch  9000 | Train Loss: 0.133453 | Val Loss: 0.108495 | Train R²: -2.8714 | Val R²: -2.0022
Epoch  9500 | Train Loss: 0.099910 | Val Loss: 0.081497 | Train R²: -1.8984 | Val R²: -1.2552
Epoch 10000 | Train Loss: 0.075269 | Val Loss: 0.061704 | Train R²: -1.1835 | Val R²: -0.7074
Epoch 10500 | Train Loss: 0.057467 | Val Loss: 0.047404 | Train R²: -0.6671 | Val R²: -0.3117
Epoch 11000 | Train Loss: 0.044716 | Val Loss: 0.037150 | Train R²: -0.2972 | Val R²: -0.0280
Epoch 11500 | Train Loss: 0.035635 | Val Loss: 0.029887 | Train R²: -0.0338 | Val R²: 0.1730
Epoch 12000 | Train Loss: 0.029226 | Val Loss: 0.024855 | Train R²: 0.1522 | Val R²: 0.3122
Epoch 12500 | Train Loss: 0.024705 | Val Loss: 0.021401 | Train R²: 0.2833 | Val R²: 0.4078
Epoch 13000 | Train Loss: 0.021398 | Val Loss: 0.018926 | Train R²: 0.3793 | Val R²: 0.4763
Epoch 13500 | Train Loss: 0.018924 | Val Loss: 0.017083 | Train R²: 0.4510 | Val R²: 0.5273
Epoch 14000 | Train Loss: 0.016998 | Val Loss: 0.015615 | Train R²: 0.5069 | Val R²: 0.5679
Epoch 14500 | Train Loss: 0.015492 | Val Loss: 0.014462 | Train R²: 0.5506 | Val R²: 0.5998
Epoch 15000 | Train Loss: 0.014304 | Val Loss: 0.013551 | Train R²: 0.5850 | Val R²: 0.6250
Epoch 15500 | Train Loss: 0.013297 | Val Loss: 0.012763 | Train R²: 0.6142 | Val R²: 0.6468
Epoch 16000 | Train Loss: 0.012382 | Val Loss: 0.012015 | Train R²: 0.6408 | Val R²: 0.6675
Epoch 16500 | Train Loss: 0.011527 | Val Loss: 0.011283 | Train R²: 0.6656 | Val R²: 0.6878
Epoch 17000 | Train Loss: 0.010723 | Val Loss: 0.010559 | Train R²: 0.6889 | Val R²: 0.7078
Epoch 17500 | Train Loss: 0.010008 | Val Loss: 0.009893 | Train R²: 0.7097 | Val R²: 0.7262
Epoch 18000 | Train Loss: 0.009390 | Val Loss: 0.009330 | Train R²: 0.7276 | Val R²: 0.7418
Epoch 18500 | Train Loss: 0.008827 | Val Loss: 0.008844 | Train R²: 0.7439 | Val R²: 0.7553
Epoch 19000 | Train Loss: 0.008299 | Val Loss: 0.008399 | Train R²: 0.7592 | Val R²: 0.7676
Epoch 19500 | Train Loss: 0.007752 | Val Loss: 0.007885 | Train R²: 0.7751 | Val R²: 0.7818
Epoch 20000 | Train Loss: 0.007218 | Val Loss: 0.007388 | Train R²: 0.7906 | Val R²: 0.7956
Epoch 20500 | Train Loss: 0.006726 | Val Loss: 0.006918 | Train R²: 0.8049 | Val R²: 0.8086
Epoch 21000 | Train Loss: 0.006276 | Val Loss: 0.006486 | Train R²: 0.8179 | Val R²: 0.8205
Epoch 21500 | Train Loss: 0.005859 | Val Loss: 0.006076 | Train R²: 0.8300 | Val R²: 0.8319
Epoch 22000 | Train Loss: 0.005481 | Val Loss: 0.005706 | Train R²: 0.8410 | Val R²: 0.8421
Epoch 22500 | Train Loss: 0.005103 | Val Loss: 0.005340 | Train R²: 0.8520 | Val R²: 0.8522
Epoch 23000 | Train Loss: 0.004724 | Val Loss: 0.004965 | Train R²: 0.8630 | Val R²: 0.8626
Epoch 23500 | Train Loss: 0.004380 | Val Loss: 0.004619 | Train R²: 0.8729 | Val R²: 0.8722
Epoch 24000 | Train Loss: 0.004078 | Val Loss: 0.004305 | Train R²: 0.8817 | Val R²: 0.8809
Epoch 24500 | Train Loss: 0.003810 | Val Loss: 0.004022 | Train R²: 0.8895 | Val R²: 0.8887
Epoch 25000 | Train Loss: 0.003570 | Val Loss: 0.003773 | Train R²: 0.8964 | Val R²: 0.8956
Epoch 25500 | Train Loss: 0.003349 | Val Loss: 0.003548 | Train R²: 0.9029 | Val R²: 0.9018
Epoch 26000 | Train Loss: 0.003133 | Val Loss: 0.003327 | Train R²: 0.9091 | Val R²: 0.9079
Epoch 26500 | Train Loss: 0.002936 | Val Loss: 0.003121 | Train R²: 0.9148 | Val R²: 0.9136
Epoch 27000 | Train Loss: 0.002794 | Val Loss: 0.002974 | Train R²: 0.9189 | Val R²: 0.9177
Epoch 27500 | Train Loss: 0.002716 | Val Loss: 0.002892 | Train R²: 0.9212 | Val R²: 0.9200
Early stopping at epoch 27910 due to flat/negative trend (slope=0.000002)
Epoch 27910 | Train Loss: 0.002681 | Val Loss: 0.002856 | Train R²: 0.9222 | Val R²: 0.9210
Unpickling models
Following models have been loaded and moved to cuda:
trained gpp model:
 SNN_GPP_Tram(
  (net): Sequential(
    (0): Linear(in_features=12, out_features=12, bias=True)
    (1): Tanh()
    (2): Linear(in_features=12, out_features=1, bias=True)
    (3): Sigmoid()
  )
), trained_reco_model:
 SNN_GPP_Tram(
  (net): Sequential(
    (0): Linear(in_features=11, out_features=12, bias=True)
    (1): Tanh()
    (2): Linear(in_features=12, out_features=1, bias=True)
    (3): Sigmoid()
  )
)
using full data set for visualization
Un-normalizing the GPP and RECO predictions using NEE min: tensor([-17.7365]), NEE max: tensor([5.4944])



Metrics for the Tramontana, with
GPP inputs: ['SW_IN', 'VPD', 'TA', 'WTD', 'WS', 'PotRad', 'PotRadHalfHourlyDiff', 'PotRadDailyAvg', 'PotRadDailyDiff', 'WD_COS', 'WD_SIN', 'GPP_PROX']
RECO inputs: ['DOY_sin', 'DOY_cos', 'TA', 'TS_1', 'TS_2', 'TS_3', 'TS_4', 'WTD', 'WD_COS', 'WD_SIN', 'NIGHTLY_NEE_AVG']:
DT_GPP vs Tramontana_GPP R²=0.89 RMSE=1.18
NT_GPP vs Tramontana_GPP R²=0.89 RMSE=1.15
DT_RECO vs Tramontana_RECO R²=-0.37 RMSE=1.12
NT_RECO vs Tramontana_RECO R²=-0.86 RMSE=0.67
DT_GPP vs NT_GPP R²=0.81 RMSE=1.56
DT_RECO vs NT_RECO R²=-0.38 RMSE=1.00

gpp_input_names,  ['SW_IN', 'VPD', 'TA', 'WTD', 'WS', 'PotRad', 'PotRadHalfHourlyDiff', 'PotRadDailyAvg', 'PotRadDailyDiff', 'WD_COS', 'WD_SIN', 'GPP_PROX'] 
reco_input_names,  ['DOY_sin', 'DOY_cos', 'TA', 'TS_1', 'TS_2', 'TS_3', 'TS_4', 'WTD', 'WS', 'WD_SIN', 'NIGHTLY_NEE_AVG'] 
true_nee_name,  ['NEE'] 

Tramontana Running on GPU With hidden layer size of 12 Total epochs: 100000 lr: 0.001 patience: 500 min_delta 0.01
SNN_GPP_Tram(
  (net): Sequential(
    (0): Linear(in_features=12, out_features=12, bias=True)
    (1): Tanh()
    (2): Linear(in_features=12, out_features=1, bias=True)
    (3): Sigmoid()
  )
)
SNN_RECO_Tram(
  (net): Sequential(
    (0): Linear(in_features=11, out_features=12, bias=True)
    (1): Tanh()
    (2): Linear(in_features=12, out_features=1, bias=True)
    (3): Sigmoid()
  )
)
Params are min slope: 2e-06, trend window: 100
Epoch     0 | Train Loss: 18734.246094 | Val Loss: 19170.533203 | Train R²: -543473.3125 | Val R²: -530478.3125
Epoch   500 | Train Loss: 163.572861 | Val Loss: 153.480560 | Train R²: -4744.1948 | Val R²: -4246.0522
Epoch  1000 | Train Loss: 46.753017 | Val Loss: 42.070190 | Train R²: -1355.2896 | Val R²: -1163.1494
Epoch  1500 | Train Loss: 21.142551 | Val Loss: 18.500856 | Train R²: -612.3384 | Val R²: -510.9483
Epoch  2000 | Train Loss: 11.565424 | Val Loss: 9.907488 | Train R²: -334.5091 | Val R²: -273.1560
Epoch  2500 | Train Loss: 7.032455 | Val Loss: 5.923678 | Train R²: -203.0092 | Val R²: -162.9176
Epoch  3000 | Train Loss: 4.585010 | Val Loss: 3.812344 | Train R²: -132.0096 | Val R²: -104.4936
Epoch  3500 | Train Loss: 3.150861 | Val Loss: 2.596957 | Train R²: -90.4054 | Val R²: -70.8620
Epoch  4000 | Train Loss: 2.263276 | Val Loss: 1.858005 | Train R²: -64.6569 | Val R²: -50.4140
Epoch  4500 | Train Loss: 1.687205 | Val Loss: 1.386245 | Train R²: -47.9453 | Val R²: -37.3596
Epoch  5000 | Train Loss: 1.255702 | Val Loss: 1.032547 | Train R²: -35.4275 | Val R²: -27.5722
Epoch  5500 | Train Loss: 0.948067 | Val Loss: 0.784101 | Train R²: -26.5031 | Val R²: -20.6973
Epoch  6000 | Train Loss: 0.733752 | Val Loss: 0.610416 | Train R²: -20.2859 | Val R²: -15.8912
Epoch  6500 | Train Loss: 0.566315 | Val Loss: 0.472196 | Train R²: -15.4286 | Val R²: -12.0664
Epoch  7000 | Train Loss: 0.424794 | Val Loss: 0.348324 | Train R²: -11.3231 | Val R²: -8.6387
Epoch  7500 | Train Loss: 0.317351 | Val Loss: 0.256404 | Train R²: -8.2062 | Val R²: -6.0951
Epoch  8000 | Train Loss: 0.237034 | Val Loss: 0.190679 | Train R²: -5.8763 | Val R²: -4.2764
Epoch  8500 | Train Loss: 0.177434 | Val Loss: 0.142545 | Train R²: -4.1473 | Val R²: -2.9444
Epoch  9000 | Train Loss: 0.133184 | Val Loss: 0.107055 | Train R²: -2.8636 | Val R²: -1.9624
Epoch  9500 | Train Loss: 0.100186 | Val Loss: 0.080714 | Train R²: -1.9064 | Val R²: -1.2335
Epoch 10000 | Train Loss: 0.075573 | Val Loss: 0.061124 | Train R²: -1.1924 | Val R²: -0.6914
Epoch 10500 | Train Loss: 0.057382 | Val Loss: 0.046682 | Train R²: -0.6646 | Val R²: -0.2918
Epoch 11000 | Train Loss: 0.044244 | Val Loss: 0.036319 | Train R²: -0.2835 | Val R²: -0.0050
Epoch 11500 | Train Loss: 0.035044 | Val Loss: 0.029180 | Train R²: -0.0166 | Val R²: 0.1925
Epoch 12000 | Train Loss: 0.028727 | Val Loss: 0.024397 | Train R²: 0.1666 | Val R²: 0.3249
Epoch 12500 | Train Loss: 0.024375 | Val Loss: 0.021176 | Train R²: 0.2929 | Val R²: 0.4140
Epoch 13000 | Train Loss: 0.021290 | Val Loss: 0.018915 | Train R²: 0.3824 | Val R²: 0.4766
Epoch 13500 | Train Loss: 0.018911 | Val Loss: 0.017081 | Train R²: 0.4514 | Val R²: 0.5273
Epoch 14000 | Train Loss: 0.017005 | Val Loss: 0.015586 | Train R²: 0.5067 | Val R²: 0.5687
Epoch 14500 | Train Loss: 0.015508 | Val Loss: 0.014476 | Train R²: 0.5501 | Val R²: 0.5994
Epoch 15000 | Train Loss: 0.014304 | Val Loss: 0.013560 | Train R²: 0.5851 | Val R²: 0.6248
Epoch 15500 | Train Loss: 0.013302 | Val Loss: 0.012766 | Train R²: 0.6141 | Val R²: 0.6467
Epoch 16000 | Train Loss: 0.012416 | Val Loss: 0.012025 | Train R²: 0.6398 | Val R²: 0.6672
Epoch 16500 | Train Loss: 0.011605 | Val Loss: 0.011322 | Train R²: 0.6634 | Val R²: 0.6867
Epoch 17000 | Train Loss: 0.010855 | Val Loss: 0.010666 | Train R²: 0.6851 | Val R²: 0.7048
Epoch 17500 | Train Loss: 0.010158 | Val Loss: 0.010057 | Train R²: 0.7053 | Val R²: 0.7217
Epoch 18000 | Train Loss: 0.009496 | Val Loss: 0.009470 | Train R²: 0.7245 | Val R²: 0.7380
Epoch 18500 | Train Loss: 0.008872 | Val Loss: 0.008905 | Train R²: 0.7426 | Val R²: 0.7536
Epoch 19000 | Train Loss: 0.008287 | Val Loss: 0.008375 | Train R²: 0.7596 | Val R²: 0.7682
Epoch 19500 | Train Loss: 0.007732 | Val Loss: 0.007878 | Train R²: 0.7757 | Val R²: 0.7820
Epoch 20000 | Train Loss: 0.007204 | Val Loss: 0.007400 | Train R²: 0.7910 | Val R²: 0.7952
Epoch 20500 | Train Loss: 0.006710 | Val Loss: 0.006929 | Train R²: 0.8054 | Val R²: 0.8083
Epoch 21000 | Train Loss: 0.006231 | Val Loss: 0.006464 | Train R²: 0.8192 | Val R²: 0.8211
Epoch 21500 | Train Loss: 0.005796 | Val Loss: 0.006036 | Train R²: 0.8318 | Val R²: 0.8330
Epoch 22000 | Train Loss: 0.005408 | Val Loss: 0.005642 | Train R²: 0.8431 | Val R²: 0.8439
Epoch 22500 | Train Loss: 0.005045 | Val Loss: 0.005278 | Train R²: 0.8537 | Val R²: 0.8539
Epoch 23000 | Train Loss: 0.004691 | Val Loss: 0.004930 | Train R²: 0.8639 | Val R²: 0.8636
Epoch 23500 | Train Loss: 0.004382 | Val Loss: 0.004636 | Train R²: 0.8729 | Val R²: 0.8717
Epoch 24000 | Train Loss: 0.004120 | Val Loss: 0.004371 | Train R²: 0.8805 | Val R²: 0.8790
Epoch 24500 | Train Loss: 0.003866 | Val Loss: 0.004089 | Train R²: 0.8878 | Val R²: 0.8868
Epoch 25000 | Train Loss: 0.003620 | Val Loss: 0.003808 | Train R²: 0.8950 | Val R²: 0.8946
Epoch 25500 | Train Loss: 0.003385 | Val Loss: 0.003548 | Train R²: 0.9018 | Val R²: 0.9018
Epoch 26000 | Train Loss: 0.003163 | Val Loss: 0.003307 | Train R²: 0.9083 | Val R²: 0.9085
Epoch 26500 | Train Loss: 0.002964 | Val Loss: 0.003095 | Train R²: 0.9140 | Val R²: 0.9144
Epoch 27000 | Train Loss: 0.002822 | Val Loss: 0.002945 | Train R²: 0.9181 | Val R²: 0.9185
Epoch 27500 | Train Loss: 0.002738 | Val Loss: 0.002863 | Train R²: 0.9206 | Val R²: 0.9208
Epoch 28000 | Train Loss: 0.002686 | Val Loss: 0.002818 | Train R²: 0.9221 | Val R²: 0.9220
Early stopping at epoch 28007 due to flat/negative trend (slope=0.000002)
Epoch 28007 | Train Loss: 0.002685 | Val Loss: 0.002820 | Train R²: 0.9221 | Val R²: 0.9220
Unpickling models
Following models have been loaded and moved to cuda:
trained gpp model:
 SNN_GPP_Tram(
  (net): Sequential(
    (0): Linear(in_features=12, out_features=12, bias=True)
    (1): Tanh()
    (2): Linear(in_features=12, out_features=1, bias=True)
    (3): Sigmoid()
  )
), trained_reco_model:
 SNN_GPP_Tram(
  (net): Sequential(
    (0): Linear(in_features=11, out_features=12, bias=True)
    (1): Tanh()
    (2): Linear(in_features=12, out_features=1, bias=True)
    (3): Sigmoid()
  )
)
using full data set for visualization
Un-normalizing the GPP and RECO predictions using NEE min: tensor([-17.7365]), NEE max: tensor([5.4944])



Metrics for the Tramontana, with
GPP inputs: ['SW_IN', 'VPD', 'TA', 'WTD', 'WS', 'PotRad', 'PotRadHalfHourlyDiff', 'PotRadDailyAvg', 'PotRadDailyDiff', 'WD_COS', 'WD_SIN', 'GPP_PROX']
RECO inputs: ['DOY_sin', 'DOY_cos', 'TA', 'TS_1', 'TS_2', 'TS_3', 'TS_4', 'WTD', 'WS', 'WD_SIN', 'NIGHTLY_NEE_AVG']:
DT_GPP vs Tramontana_GPP R²=0.89 RMSE=1.18
NT_GPP vs Tramontana_GPP R²=0.88 RMSE=1.16
DT_RECO vs Tramontana_RECO R²=-0.37 RMSE=1.12
NT_RECO vs Tramontana_RECO R²=-0.96 RMSE=0.69
DT_GPP vs NT_GPP R²=0.81 RMSE=1.56
DT_RECO vs NT_RECO R²=-0.38 RMSE=1.00

gpp_input_names,  ['SW_IN', 'VPD', 'TA', 'WTD', 'WS', 'PotRad', 'PotRadHalfHourlyDiff', 'PotRadDailyAvg', 'PotRadDailyDiff', 'WD_COS', 'WD_SIN', 'GPP_PROX'] 
reco_input_names,  ['DOY_sin', 'DOY_cos', 'TA', 'TS_1', 'TS_2', 'TS_3', 'TS_4', 'WTD', 'WS', 'WD_COS', 'NIGHTLY_NEE_AVG'] 
true_nee_name,  ['NEE'] 

Tramontana Running on GPU With hidden layer size of 12 Total epochs: 100000 lr: 0.001 patience: 500 min_delta 0.01
SNN_GPP_Tram(
  (net): Sequential(
    (0): Linear(in_features=12, out_features=12, bias=True)
    (1): Tanh()
    (2): Linear(in_features=12, out_features=1, bias=True)
    (3): Sigmoid()
  )
)
SNN_RECO_Tram(
  (net): Sequential(
    (0): Linear(in_features=11, out_features=12, bias=True)
    (1): Tanh()
    (2): Linear(in_features=12, out_features=1, bias=True)
    (3): Sigmoid()
  )
)
Params are min slope: 2e-06, trend window: 100
Epoch     0 | Train Loss: 18737.490234 | Val Loss: 19173.978516 | Train R²: -543567.3750 | Val R²: -530573.6250
Epoch   500 | Train Loss: 163.482529 | Val Loss: 153.424744 | Train R²: -4741.5747 | Val R²: -4244.5073
Epoch  1000 | Train Loss: 46.738888 | Val Loss: 42.065033 | Train R²: -1354.8796 | Val R²: -1163.0068
Epoch  1500 | Train Loss: 21.142471 | Val Loss: 18.503923 | Train R²: -612.3361 | Val R²: -511.0332
Epoch  2000 | Train Loss: 11.569013 | Val Loss: 9.912448 | Train R²: -334.6133 | Val R²: -273.2933
Epoch  2500 | Train Loss: 7.037300 | Val Loss: 5.929237 | Train R²: -203.1497 | Val R²: -163.0715
Epoch  3000 | Train Loss: 4.590508 | Val Loss: 3.818302 | Train R²: -132.1691 | Val R²: -104.6585
Epoch  3500 | Train Loss: 3.157091 | Val Loss: 2.603552 | Train R²: -90.5862 | Val R²: -71.0444
Epoch  4000 | Train Loss: 2.271135 | Val Loss: 1.866206 | Train R²: -64.8849 | Val R²: -50.6409
Epoch  4500 | Train Loss: 1.702118 | Val Loss: 1.401395 | Train R²: -48.3779 | Val R²: -37.7788
Epoch  5000 | Train Loss: 1.311795 | Val Loss: 1.086176 | Train R²: -37.0547 | Val R²: -29.0562
Epoch  5500 | Train Loss: 0.935613 | Val Loss: 0.766127 | Train R²: -26.1418 | Val R²: -20.2000
Epoch  6000 | Train Loss: 0.710303 | Val Loss: 0.581042 | Train R²: -19.6057 | Val R²: -15.0784
Epoch  6500 | Train Loss: 0.546100 | Val Loss: 0.447616 | Train R²: -14.8422 | Val R²: -11.3862
Epoch  7000 | Train Loss: 0.415557 | Val Loss: 0.339964 | Train R²: -11.0552 | Val R²: -8.4074
Epoch  7500 | Train Loss: 0.310954 | Val Loss: 0.252131 | Train R²: -8.0207 | Val R²: -5.9769
Epoch  8000 | Train Loss: 0.232817 | Val Loss: 0.188286 | Train R²: -5.7539 | Val R²: -4.2102
Epoch  8500 | Train Loss: 0.174385 | Val Loss: 0.141184 | Train R²: -4.0589 | Val R²: -2.9068
Epoch  9000 | Train Loss: 0.130687 | Val Loss: 0.106057 | Train R²: -2.7912 | Val R²: -1.9348
Epoch  9500 | Train Loss: 0.098093 | Val Loss: 0.079802 | Train R²: -1.8456 | Val R²: -1.2083
Epoch 10000 | Train Loss: 0.074072 | Val Loss: 0.060418 | Train R²: -1.1488 | Val R²: -0.6718
Epoch 10500 | Train Loss: 0.056689 | Val Loss: 0.046399 | Train R²: -0.6445 | Val R²: -0.2839
Epoch 11000 | Train Loss: 0.044366 | Val Loss: 0.036506 | Train R²: -0.2871 | Val R²: -0.0102
Epoch 11500 | Train Loss: 0.035801 | Val Loss: 0.029692 | Train R²: -0.0386 | Val R²: 0.1784
Epoch 12000 | Train Loss: 0.029749 | Val Loss: 0.024891 | Train R²: 0.1370 | Val R²: 0.3112
Epoch 12500 | Train Loss: 0.025343 | Val Loss: 0.021458 | Train R²: 0.2648 | Val R²: 0.4062
Epoch 13000 | Train Loss: 0.022061 | Val Loss: 0.018962 | Train R²: 0.3600 | Val R²: 0.4753
Epoch 13500 | Train Loss: 0.019542 | Val Loss: 0.017117 | Train R²: 0.4331 | Val R²: 0.5263
Epoch 14000 | Train Loss: 0.017634 | Val Loss: 0.015778 | Train R²: 0.4884 | Val R²: 0.5634
Epoch 14500 | Train Loss: 0.016174 | Val Loss: 0.014752 | Train R²: 0.5308 | Val R²: 0.5918
Epoch 15000 | Train Loss: 0.014989 | Val Loss: 0.013911 | Train R²: 0.5652 | Val R²: 0.6150
Epoch 15500 | Train Loss: 0.013969 | Val Loss: 0.013167 | Train R²: 0.5948 | Val R²: 0.6357
Epoch 16000 | Train Loss: 0.013044 | Val Loss: 0.012463 | Train R²: 0.6216 | Val R²: 0.6551
Epoch 16500 | Train Loss: 0.012175 | Val Loss: 0.011774 | Train R²: 0.6468 | Val R²: 0.6742
Epoch 17000 | Train Loss: 0.011345 | Val Loss: 0.011094 | Train R²: 0.6709 | Val R²: 0.6930
Epoch 17500 | Train Loss: 0.010552 | Val Loss: 0.010431 | Train R²: 0.6939 | Val R²: 0.7114
Epoch 18000 | Train Loss: 0.009811 | Val Loss: 0.009797 | Train R²: 0.7154 | Val R²: 0.7289
Epoch 18500 | Train Loss: 0.009083 | Val Loss: 0.009138 | Train R²: 0.7365 | Val R²: 0.7471
Epoch 19000 | Train Loss: 0.008364 | Val Loss: 0.008469 | Train R²: 0.7574 | Val R²: 0.7657
Epoch 19500 | Train Loss: 0.007720 | Val Loss: 0.007851 | Train R²: 0.7760 | Val R²: 0.7828
Epoch 20000 | Train Loss: 0.007097 | Val Loss: 0.007294 | Train R²: 0.7941 | Val R²: 0.7982
Epoch 20500 | Train Loss: 0.006585 | Val Loss: 0.006834 | Train R²: 0.8090 | Val R²: 0.8109
Epoch 21000 | Train Loss: 0.006112 | Val Loss: 0.006382 | Train R²: 0.8227 | Val R²: 0.8234
Epoch 21500 | Train Loss: 0.005679 | Val Loss: 0.005943 | Train R²: 0.8353 | Val R²: 0.8355
Epoch 22000 | Train Loss: 0.005301 | Val Loss: 0.005552 | Train R²: 0.8462 | Val R²: 0.8464
Epoch 22500 | Train Loss: 0.004988 | Val Loss: 0.005229 | Train R²: 0.8553 | Val R²: 0.8553
Epoch 23000 | Train Loss: 0.004706 | Val Loss: 0.004936 | Train R²: 0.8635 | Val R²: 0.8634
Epoch 23500 | Train Loss: 0.004434 | Val Loss: 0.004657 | Train R²: 0.8714 | Val R²: 0.8711
Epoch 24000 | Train Loss: 0.004186 | Val Loss: 0.004384 | Train R²: 0.8786 | Val R²: 0.8787
Epoch 24500 | Train Loss: 0.003951 | Val Loss: 0.004136 | Train R²: 0.8854 | Val R²: 0.8856
Epoch 25000 | Train Loss: 0.003723 | Val Loss: 0.003905 | Train R²: 0.8920 | Val R²: 0.8919
Epoch 25500 | Train Loss: 0.003494 | Val Loss: 0.003676 | Train R²: 0.8986 | Val R²: 0.8983
Epoch 26000 | Train Loss: 0.003258 | Val Loss: 0.003443 | Train R²: 0.9055 | Val R²: 0.9047
Epoch 26500 | Train Loss: 0.003028 | Val Loss: 0.003214 | Train R²: 0.9122 | Val R²: 0.9111
Epoch 27000 | Train Loss: 0.002844 | Val Loss: 0.003031 | Train R²: 0.9175 | Val R²: 0.9161
Epoch 27500 | Train Loss: 0.002726 | Val Loss: 0.002920 | Train R²: 0.9209 | Val R²: 0.9192
Epoch 28000 | Train Loss: 0.002660 | Val Loss: 0.002861 | Train R²: 0.9228 | Val R²: 0.9208
Early stopping at epoch 28301 due to flat/negative trend (slope=0.000002)
Epoch 28301 | Train Loss: 0.002632 | Val Loss: 0.002837 | Train R²: 0.9236 | Val R²: 0.9215
Unpickling models
Following models have been loaded and moved to cuda:
trained gpp model:
 SNN_GPP_Tram(
  (net): Sequential(
    (0): Linear(in_features=12, out_features=12, bias=True)
    (1): Tanh()
    (2): Linear(in_features=12, out_features=1, bias=True)
    (3): Sigmoid()
  )
), trained_reco_model:
 SNN_GPP_Tram(
  (net): Sequential(
    (0): Linear(in_features=11, out_features=12, bias=True)
    (1): Tanh()
    (2): Linear(in_features=12, out_features=1, bias=True)
    (3): Sigmoid()
  )
)
using full data set for visualization
Un-normalizing the GPP and RECO predictions using NEE min: tensor([-17.7365]), NEE max: tensor([5.4944])



Metrics for the Tramontana, with
GPP inputs: ['SW_IN', 'VPD', 'TA', 'WTD', 'WS', 'PotRad', 'PotRadHalfHourlyDiff', 'PotRadDailyAvg', 'PotRadDailyDiff', 'WD_COS', 'WD_SIN', 'GPP_PROX']
RECO inputs: ['DOY_sin', 'DOY_cos', 'TA', 'TS_1', 'TS_2', 'TS_3', 'TS_4', 'WTD', 'WS', 'WD_COS', 'NIGHTLY_NEE_AVG']:
DT_GPP vs Tramontana_GPP R²=0.88 RMSE=1.22
NT_GPP vs Tramontana_GPP R²=0.88 RMSE=1.19
DT_RECO vs Tramontana_RECO R²=-0.38 RMSE=1.13
NT_RECO vs Tramontana_RECO R²=-1.31 RMSE=0.75
DT_GPP vs NT_GPP R²=0.81 RMSE=1.56
DT_RECO vs NT_RECO R²=-0.38 RMSE=1.00

gpp_input_names,  ['SW_IN', 'VPD', 'TA', 'WTD', 'WS', 'PotRad', 'PotRadHalfHourlyDiff', 'PotRadDailyAvg', 'PotRadDailyDiff', 'WD_COS', 'WD_SIN', 'GPP_PROX'] 
reco_input_names,  ['DOY_sin', 'DOY_cos', 'TA', 'TS_1', 'TS_2', 'TS_3', 'TS_4', 'WTD', 'WS', 'WD_COS', 'WD_SIN'] 
true_nee_name,  ['NEE'] 

Tramontana Running on GPU With hidden layer size of 12 Total epochs: 100000 lr: 0.001 patience: 500 min_delta 0.01
SNN_GPP_Tram(
  (net): Sequential(
    (0): Linear(in_features=12, out_features=12, bias=True)
    (1): Tanh()
    (2): Linear(in_features=12, out_features=1, bias=True)
    (3): Sigmoid()
  )
)
SNN_RECO_Tram(
  (net): Sequential(
    (0): Linear(in_features=11, out_features=12, bias=True)
    (1): Tanh()
    (2): Linear(in_features=12, out_features=1, bias=True)
    (3): Sigmoid()
  )
)
Params are min slope: 2e-06, trend window: 100
Epoch     0 | Train Loss: 18734.810547 | Val Loss: 19171.164062 | Train R²: -543489.7500 | Val R²: -530495.7500
Epoch   500 | Train Loss: 163.505829 | Val Loss: 153.428345 | Train R²: -4742.2500 | Val R²: -4244.6074
Epoch  1000 | Train Loss: 46.737293 | Val Loss: 42.057693 | Train R²: -1354.8336 | Val R²: -1162.8036
Epoch  1500 | Train Loss: 21.137033 | Val Loss: 18.496199 | Train R²: -612.1783 | Val R²: -510.8194
Epoch  2000 | Train Loss: 11.562977 | Val Loss: 9.905229 | Train R²: -334.4381 | Val R²: -273.0935
Epoch  2500 | Train Loss: 7.030771 | Val Loss: 5.921937 | Train R²: -202.9603 | Val R²: -162.8695
Epoch  3000 | Train Loss: 4.582526 | Val Loss: 3.809692 | Train R²: -131.9376 | Val R²: -104.4203
Epoch  3500 | Train Loss: 3.143808 | Val Loss: 2.589616 | Train R²: -90.2008 | Val R²: -70.6588
Epoch  4000 | Train Loss: 2.223605 | Val Loss: 1.817678 | Train R²: -63.5061 | Val R²: -49.2980
Epoch  4500 | Train Loss: 1.593202 | Val Loss: 1.292294 | Train R²: -45.2183 | Val R²: -34.7598
Epoch  5000 | Train Loss: 1.186867 | Val Loss: 0.960889 | Train R²: -33.4306 | Val R²: -25.5893
Epoch  5500 | Train Loss: 0.902823 | Val Loss: 0.731844 | Train R²: -25.1906 | Val R²: -19.2513
Epoch  6000 | Train Loss: 0.693305 | Val Loss: 0.564045 | Train R²: -19.1125 | Val R²: -14.6080
Epoch  6500 | Train Loss: 0.530385 | Val Loss: 0.432563 | Train R²: -14.3863 | Val R²: -10.9697
Epoch  7000 | Train Loss: 0.401460 | Val Loss: 0.325868 | Train R²: -10.6462 | Val R²: -8.0173
Epoch  7500 | Train Loss: 0.301565 | Val Loss: 0.243425 | Train R²: -7.7483 | Val R²: -5.7360
Epoch  8000 | Train Loss: 0.227257 | Val Loss: 0.183179 | Train R²: -5.5926 | Val R²: -4.0688
Epoch  8500 | Train Loss: 0.171402 | Val Loss: 0.138135 | Train R²: -3.9723 | Val R²: -2.8224
Epoch  9000 | Train Loss: 0.129235 | Val Loss: 0.104236 | Train R²: -2.7491 | Val R²: -1.8844
Epoch  9500 | Train Loss: 0.097395 | Val Loss: 0.078705 | Train R²: -1.8254 | Val R²: -1.1779
Epoch 10000 | Train Loss: 0.073412 | Val Loss: 0.059486 | Train R²: -1.1297 | Val R²: -0.6461
Epoch 10500 | Train Loss: 0.055577 | Val Loss: 0.045186 | Train R²: -0.6123 | Val R²: -0.2504
Epoch 11000 | Train Loss: 0.042672 | Val Loss: 0.035025 | Train R²: -0.2379 | Val R²: 0.0308
Epoch 11500 | Train Loss: 0.033645 | Val Loss: 0.028070 | Train R²: 0.0240 | Val R²: 0.2233
Epoch 12000 | Train Loss: 0.027464 | Val Loss: 0.023406 | Train R²: 0.2033 | Val R²: 0.3523
Epoch 12500 | Train Loss: 0.023203 | Val Loss: 0.020253 | Train R²: 0.3269 | Val R²: 0.4396
Epoch 13000 | Train Loss: 0.020179 | Val Loss: 0.018045 | Train R²: 0.4146 | Val R²: 0.5007
Epoch 13500 | Train Loss: 0.017965 | Val Loss: 0.016424 | Train R²: 0.4788 | Val R²: 0.5455
Epoch 14000 | Train Loss: 0.016286 | Val Loss: 0.015167 | Train R²: 0.5275 | Val R²: 0.5803
Epoch 14500 | Train Loss: 0.014893 | Val Loss: 0.014093 | Train R²: 0.5680 | Val R²: 0.6100
Epoch 15000 | Train Loss: 0.013731 | Val Loss: 0.013191 | Train R²: 0.6017 | Val R²: 0.6350
Epoch 15500 | Train Loss: 0.012823 | Val Loss: 0.012463 | Train R²: 0.6280 | Val R²: 0.6551
Epoch 16000 | Train Loss: 0.012051 | Val Loss: 0.011816 | Train R²: 0.6504 | Val R²: 0.6730
Epoch 16500 | Train Loss: 0.011325 | Val Loss: 0.011180 | Train R²: 0.6715 | Val R²: 0.6906
Epoch 17000 | Train Loss: 0.010593 | Val Loss: 0.010524 | Train R²: 0.6927 | Val R²: 0.7088
Epoch 17500 | Train Loss: 0.009886 | Val Loss: 0.009885 | Train R²: 0.7132 | Val R²: 0.7265
Epoch 18000 | Train Loss: 0.009240 | Val Loss: 0.009299 | Train R²: 0.7319 | Val R²: 0.7427
Epoch 18500 | Train Loss: 0.008644 | Val Loss: 0.008747 | Train R²: 0.7493 | Val R²: 0.7579
Epoch 19000 | Train Loss: 0.008073 | Val Loss: 0.008208 | Train R²: 0.7658 | Val R²: 0.7729
Epoch 19500 | Train Loss: 0.007542 | Val Loss: 0.007693 | Train R²: 0.7812 | Val R²: 0.7871
Epoch 20000 | Train Loss: 0.007065 | Val Loss: 0.007232 | Train R²: 0.7951 | Val R²: 0.7999
Epoch 20500 | Train Loss: 0.006616 | Val Loss: 0.006809 | Train R²: 0.8081 | Val R²: 0.8116
Epoch 21000 | Train Loss: 0.006172 | Val Loss: 0.006391 | Train R²: 0.8210 | Val R²: 0.8232
Epoch 21500 | Train Loss: 0.005741 | Val Loss: 0.005990 | Train R²: 0.8334 | Val R²: 0.8342
Epoch 22000 | Train Loss: 0.005352 | Val Loss: 0.005627 | Train R²: 0.8447 | Val R²: 0.8443
Epoch 22500 | Train Loss: 0.005009 | Val Loss: 0.005299 | Train R²: 0.8547 | Val R²: 0.8534
Epoch 23000 | Train Loss: 0.004715 | Val Loss: 0.005012 | Train R²: 0.8632 | Val R²: 0.8613
Epoch 23500 | Train Loss: 0.004466 | Val Loss: 0.004764 | Train R²: 0.8704 | Val R²: 0.8682
Epoch 24000 | Train Loss: 0.004239 | Val Loss: 0.004527 | Train R²: 0.8770 | Val R²: 0.8747
Epoch 24500 | Train Loss: 0.004023 | Val Loss: 0.004290 | Train R²: 0.8833 | Val R²: 0.8813
Epoch 25000 | Train Loss: 0.003808 | Val Loss: 0.004056 | Train R²: 0.8895 | Val R²: 0.8878
Epoch 25500 | Train Loss: 0.003588 | Val Loss: 0.003820 | Train R²: 0.8959 | Val R²: 0.8943
Epoch 26000 | Train Loss: 0.003356 | Val Loss: 0.003574 | Train R²: 0.9027 | Val R²: 0.9011
Epoch 26500 | Train Loss: 0.003133 | Val Loss: 0.003335 | Train R²: 0.9091 | Val R²: 0.9077
Epoch 27000 | Train Loss: 0.002973 | Val Loss: 0.003164 | Train R²: 0.9137 | Val R²: 0.9124
Epoch 27500 | Train Loss: 0.002897 | Val Loss: 0.003086 | Train R²: 0.9160 | Val R²: 0.9146
Early stopping at epoch 27748 due to flat/negative trend (slope=0.000002)
Epoch 27748 | Train Loss: 0.002876 | Val Loss: 0.003066 | Train R²: 0.9166 | Val R²: 0.9152
Unpickling models
Following models have been loaded and moved to cuda:
trained gpp model:
 SNN_GPP_Tram(
  (net): Sequential(
    (0): Linear(in_features=12, out_features=12, bias=True)
    (1): Tanh()
    (2): Linear(in_features=12, out_features=1, bias=True)
    (3): Sigmoid()
  )
), trained_reco_model:
 SNN_GPP_Tram(
  (net): Sequential(
    (0): Linear(in_features=11, out_features=12, bias=True)
    (1): Tanh()
    (2): Linear(in_features=12, out_features=1, bias=True)
    (3): Sigmoid()
  )
)
using full data set for visualization
Un-normalizing the GPP and RECO predictions using NEE min: tensor([-17.7365]), NEE max: tensor([5.4944])



Metrics for the Tramontana, with
GPP inputs: ['SW_IN', 'VPD', 'TA', 'WTD', 'WS', 'PotRad', 'PotRadHalfHourlyDiff', 'PotRadDailyAvg', 'PotRadDailyDiff', 'WD_COS', 'WD_SIN', 'GPP_PROX']
RECO inputs: ['DOY_sin', 'DOY_cos', 'TA', 'TS_1', 'TS_2', 'TS_3', 'TS_4', 'WTD', 'WS', 'WD_COS', 'WD_SIN']:
DT_GPP vs Tramontana_GPP R²=0.89 RMSE=1.18
NT_GPP vs Tramontana_GPP R²=0.89 RMSE=1.14
DT_RECO vs Tramontana_RECO R²=-0.28 RMSE=1.08
NT_RECO vs Tramontana_RECO R²=-0.85 RMSE=0.67
DT_GPP vs NT_GPP R²=0.81 RMSE=1.56
DT_RECO vs NT_RECO R²=-0.38 RMSE=1.00

{
    "experiment_0": {
        "run_type": "Tramontana",
        "gpp_inputs": [
            "SW_IN",
            "TA"
        ],
        "reco_inputs": [
            "DOY_sin",
            "DOY_cos",
            "TA"
        ],
        "metrics": {
            "DT_GPP_vs_model": {
                "r2": 0.84,
                "rmse": 1.41
            },
            "NT_GPP_vs_model": {
                "r2": 0.73,
                "rmse": 1.76
            },
            "DT_RECO_vs_model": {
                "r2": -1.2,
                "rmse": 1.42
            },
            "NT_RECO_vs_model": {
                "r2": -1.84,
                "rmse": 0.83
            },
            "DT_GPP_vs_NT_GPP": {
                "r2": 0.81,
                "rmse": 1.56
            },
            "DT_RECO_vs_NT_RECO": {
                "r2": -0.38,
                "rmse": 1
            },
            "val_r2": 0.7759
        }
    },
    "experiment_1": {
        "run_type": "Tramontana",
        "gpp_inputs": [
            "SW_IN",
            "TA",
            "VPD"
        ],
        "reco_inputs": [
            "DOY_sin",
            "DOY_cos",
            "TA"
        ],
        "metrics": {
            "DT_GPP_vs_model": {
                "r2": 0.89,
                "rmse": 1.19
            },
            "NT_GPP_vs_model": {
                "r2": 0.77,
                "rmse": 1.62
            },
            "DT_RECO_vs_model": {
                "r2": -0.89,
                "rmse": 1.32
            },
            "NT_RECO_vs_model": {
                "r2": -0.95,
                "rmse": 0.69
            },
            "DT_GPP_vs_NT_GPP": {
                "r2": 0.81,
                "rmse": 1.56
            },
            "DT_RECO_vs_NT_RECO": {
                "r2": -0.38,
                "rmse": 1
            },
            "val_r2": 0.7938
        }
    },
    "experiment_2": {
        "run_type": "Tramontana",
        "gpp_inputs": [
            "SW_IN",
            "TA",
            "VPD",
            "WS"
        ],
        "reco_inputs": [
            "DOY_sin",
            "DOY_cos",
            "TA",
            "WS"
        ],
        "metrics": {
            "DT_GPP_vs_model": {
                "r2": 0.89,
                "rmse": 1.16
            },
            "NT_GPP_vs_model": {
                "r2": 0.79,
                "rmse": 1.58
            },
            "DT_RECO_vs_model": {
                "r2": -0.68,
                "rmse": 1.25
            },
            "NT_RECO_vs_model": {
                "r2": -1.04,
                "rmse": 0.7
            },
            "DT_GPP_vs_NT_GPP": {
                "r2": 0.81,
                "rmse": 1.56
            },
            "DT_RECO_vs_NT_RECO": {
                "r2": -0.38,
                "rmse": 1
            },
            "val_r2": 0.8117
        }
    },
    "experiment_3": {
        "run_type": "Tramontana",
        "gpp_inputs": [
            "SW_IN",
            "TA",
            "VPD",
            "WS",
            "WD_COS",
            "WD_SIN"
        ],
        "reco_inputs": [
            "DOY_sin",
            "DOY_cos",
            "TA",
            "WS",
            "WD_COS",
            "WD_SIN"
        ],
        "metrics": {
            "DT_GPP_vs_model": {
                "r2": 0.9,
                "rmse": 1.1
            },
            "NT_GPP_vs_model": {
                "r2": 0.75,
                "rmse": 1.7
            },
            "DT_RECO_vs_model": {
                "r2": -0.7,
                "rmse": 1.25
            },
            "NT_RECO_vs_model": {
                "r2": -3.78,
                "rmse": 1.07
            },
            "DT_GPP_vs_NT_GPP": {
                "r2": 0.81,
                "rmse": 1.56
            },
            "DT_RECO_vs_NT_RECO": {
                "r2": -0.38,
                "rmse": 1
            },
            "val_r2": 0.8361
        }
    },
    "experiment_4": {
        "run_type": "Tramontana",
        "gpp_inputs": [
            "SW_IN",
            "TA",
            "VPD",
            "WS",
            "WD_COS",
            "WD_SIN",
            "WTD"
        ],
        "reco_inputs": [
            "DOY_sin",
            "DOY_cos",
            "TA",
            "WS",
            "WD_COS",
            "WD_SIN",
            "WTD"
        ],
        "metrics": {
            "DT_GPP_vs_model": {
                "r2": 0.91,
                "rmse": 1.08
            },
            "NT_GPP_vs_model": {
                "r2": 0.76,
                "rmse": 1.65
            },
            "DT_RECO_vs_model": {
                "r2": -0.72,
                "rmse": 1.26
            },
            "NT_RECO_vs_model": {
                "r2": -3.45,
                "rmse": 1.04
            },
            "DT_GPP_vs_NT_GPP": {
                "r2": 0.81,
                "rmse": 1.56
            },
            "DT_RECO_vs_NT_RECO": {
                "r2": -0.38,
                "rmse": 1
            },
            "val_r2": 0.8458
        }
    },
    "experiment_5": {
        "run_type": "Tramontana",
        "gpp_inputs": [
            "SW_IN",
            "TA",
            "VPD",
            "WS",
            "WD_COS",
            "WD_SIN",
            "WTD",
            "Salinity"
        ],
        "reco_inputs": [
            "DOY_sin",
            "DOY_cos",
            "TA",
            "WS",
            "WD_COS",
            "WD_SIN",
            "WTD",
            "Salinity"
        ],
        "metrics": {
            "DT_GPP_vs_model": {
                "r2": 0.9,
                "rmse": 1.1
            },
            "NT_GPP_vs_model": {
                "r2": 0.8,
                "rmse": 1.54
            },
            "DT_RECO_vs_model": {
                "r2": -0.58,
                "rmse": 1.2
            },
            "NT_RECO_vs_model": {
                "r2": -3.07,
                "rmse": 0.99
            },
            "DT_GPP_vs_NT_GPP": {
                "r2": 0.81,
                "rmse": 1.56
            },
            "DT_RECO_vs_NT_RECO": {
                "r2": -0.38,
                "rmse": 1
            },
            "val_r2": 0.8666
        }
    },
    "experiment_6": {
        "run_type": "Tramontana",
        "gpp_inputs": [
            "SW_IN",
            "TA",
            "VPD",
            "WS",
            "WD_COS",
            "WD_SIN",
            "WTD",
            "Salinity",
            "WTD_HalfHourlyDiff"
        ],
        "reco_inputs": [
            "DOY_sin",
            "DOY_cos",
            "TA",
            "WS",
            "WD_COS",
            "WD_SIN",
            "WTD",
            "Salinity",
            "WTD_HalfHourlyDiff"
        ],
        "metrics": {
            "DT_GPP_vs_model": {
                "r2": 0.91,
                "rmse": 1.06
            },
            "NT_GPP_vs_model": {
                "r2": 0.76,
                "rmse": 1.68
            },
            "DT_RECO_vs_model": {
                "r2": -0.73,
                "rmse": 1.26
            },
            "NT_RECO_vs_model": {
                "r2": -4.43,
                "rmse": 1.15
            },
            "DT_GPP_vs_NT_GPP": {
                "r2": 0.81,
                "rmse": 1.56
            },
            "DT_RECO_vs_NT_RECO": {
                "r2": -0.38,
                "rmse": 1
            },
            "val_r2": 0.8545
        }
    },
    "experiment_7": {
        "run_type": "Tramontana",
        "gpp_inputs": [
            "SW_IN",
            "TA",
            "VPD",
            "WS",
            "WD_COS",
            "WD_SIN",
            "WTD",
            "Salinity",
            "WTD_HalfHourlyDiff",
            "WTD_DailyAvg",
            "WTD_DailyDiff"
        ],
        "reco_inputs": [
            "DOY_sin",
            "DOY_cos",
            "TA",
            "WS",
            "WD_COS",
            "WD_SIN",
            "WTD",
            "Salinity",
            "WTD_HalfHourlyDiff",
            "WTD_DailyAvg",
            "WTD_DailyDiff"
        ],
        "metrics": {
            "DT_GPP_vs_model": {
                "r2": 0.91,
                "rmse": 1.09
            },
            "NT_GPP_vs_model": {
                "r2": 0.77,
                "rmse": 1.62
            },
            "DT_RECO_vs_model": {
                "r2": -0.71,
                "rmse": 1.25
            },
            "NT_RECO_vs_model": {
                "r2": -3.11,
                "rmse": 1.0
            },
            "DT_GPP_vs_NT_GPP": {
                "r2": 0.81,
                "rmse": 1.56
            },
            "DT_RECO_vs_NT_RECO": {
                "r2": -0.38,
                "rmse": 1
            },
            "val_r2": 0.8407
        }
    },
    "experiment_8": {
        "run_type": "Tramontana",
        "gpp_inputs": [
            "PotRadDailyAvg",
            "PotRadDailyDiff",
            "GPP_PROX"
        ],
        "reco_inputs": [
            "DOY_sin",
            "DOY_cos",
            "NIGHTLY_NEE_AVG"
        ],
        "metrics": {
            "DT_GPP_vs_model": {
                "r2": 0.84,
                "rmse": 1.41
            },
            "NT_GPP_vs_model": {
                "r2": 0.78,
                "rmse": 1.59
            },
            "DT_RECO_vs_model": {
                "r2": -1.44,
                "rmse": 1.5
            },
            "NT_RECO_vs_model": {
                "r2": -0.29,
                "rmse": 0.56
            },
            "DT_GPP_vs_NT_GPP": {
                "r2": 0.81,
                "rmse": 1.56
            },
            "DT_RECO_vs_NT_RECO": {
                "r2": -0.38,
                "rmse": 1
            },
            "val_r2": 0.7924
        }
    },
    "experiment_9": {
        "run_type": "Tramontana",
        "gpp_inputs": [
            "SW_IN",
            "VPD",
            "TA",
            "WTD",
            "WS",
            "PotRad",
            "PotRadHalfHourlyDiff",
            "WD_COS",
            "WD_SIN"
        ],
        "reco_inputs": [
            "TA",
            "TS_1",
            "TS_2",
            "TS_3",
            "TS_4",
            "WTD",
            "WS",
            "WD_COS",
            "WD_SIN"
        ],
        "metrics": {
            "DT_GPP_vs_model": {
                "r2": 0.88,
                "rmse": 1.25
            },
            "NT_GPP_vs_model": {
                "r2": 0.84,
                "rmse": 1.37
            },
            "DT_RECO_vs_model": {
                "r2": -0.54,
                "rmse": 1.19
            },
            "NT_RECO_vs_model": {
                "r2": -2.13,
                "rmse": 0.87
            },
            "DT_GPP_vs_NT_GPP": {
                "r2": 0.81,
                "rmse": 1.56
            },
            "DT_RECO_vs_NT_RECO": {
                "r2": -0.38,
                "rmse": 1
            },
            "val_r2": 0.893
        }
    },
    "experiment_10": {
        "run_type": "Tramontana",
        "gpp_inputs": [
            "SW_IN",
            "VPD",
            "TA",
            "WS",
            "PotRad",
            "PotRadHalfHourlyDiff",
            "PotRadDailyAvg",
            "PotRadDailyDiff",
            "WD_COS",
            "WD_SIN",
            "GPP_PROX"
        ],
        "reco_inputs": [
            "DOY_sin",
            "DOY_cos",
            "TA",
            "TS_1",
            "TS_2",
            "TS_3",
            "TS_4",
            "WS",
            "WD_COS",
            "WD_SIN",
            "NIGHTLY_NEE_AVG"
        ],
        "metrics": {
            "DT_GPP_vs_model": {
                "r2": 0.88,
                "rmse": 1.25
            },
            "NT_GPP_vs_model": {
                "r2": 0.9,
                "rmse": 1.08
            },
            "DT_RECO_vs_model": {
                "r2": -0.5,
                "rmse": 1.18
            },
            "NT_RECO_vs_model": {
                "r2": -0.04,
                "rmse": 0.5
            },
            "DT_GPP_vs_NT_GPP": {
                "r2": 0.81,
                "rmse": 1.56
            },
            "DT_RECO_vs_NT_RECO": {
                "r2": -0.38,
                "rmse": 1
            },
            "val_r2": 0.9151
        }
    },
    "experiment_11": {
        "run_type": "Tramontana",
        "gpp_inputs": [
            "SW_IN",
            "VPD",
            "TA",
            "WTD",
            "WS",
            "PotRad",
            "PotRadHalfHourlyDiff",
            "PotRadDailyAvg",
            "PotRadDailyDiff",
            "WD_COS",
            "WD_SIN",
            "GPP_PROX"
        ],
        "reco_inputs": [
            "DOY_sin",
            "DOY_cos",
            "TA",
            "TS_1",
            "TS_2",
            "TS_3",
            "TS_4",
            "WTD",
            "WS",
            "WD_COS",
            "WD_SIN",
            "NIGHTLY_NEE_AVG"
        ],
        "metrics": {
            "DT_GPP_vs_model": {
                "r2": 0.89,
                "rmse": 1.21
            },
            "NT_GPP_vs_model": {
                "r2": 0.88,
                "rmse": 1.17
            },
            "DT_RECO_vs_model": {
                "r2": -0.37,
                "rmse": 1.12
            },
            "NT_RECO_vs_model": {
                "r2": -1.06,
                "rmse": 0.71
            },
            "DT_GPP_vs_NT_GPP": {
                "r2": 0.81,
                "rmse": 1.56
            },
            "DT_RECO_vs_NT_RECO": {
                "r2": -0.38,
                "rmse": 1
            },
            "val_r2": 0.9194
        }
    },
    "experiment_12": {
        "run_type": "Tramontana",
        "gpp_inputs": [
            "SW_IN",
            "VPD",
            "TA",
            "WTD",
            "WS",
            "PotRad",
            "PotRadHalfHourlyDiff",
            "PotRadDailyAvg",
            "PotRadDailyDiff",
            "WD_COS",
            "WD_SIN",
            "GPP_PROX",
            "Salinity"
        ],
        "reco_inputs": [
            "DOY_sin",
            "DOY_cos",
            "TA",
            "TS_1",
            "TS_2",
            "TS_3",
            "TS_4",
            "WTD",
            "WS",
            "WD_COS",
            "WD_SIN",
            "NIGHTLY_NEE_AVG",
            "Salinity"
        ],
        "metrics": {
            "DT_GPP_vs_model": {
                "r2": 0.88,
                "rmse": 1.22
            },
            "NT_GPP_vs_model": {
                "r2": 0.86,
                "rmse": 1.29
            },
            "DT_RECO_vs_model": {
                "r2": -0.39,
                "rmse": 1.13
            },
            "NT_RECO_vs_model": {
                "r2": -2.28,
                "rmse": 0.89
            },
            "DT_GPP_vs_NT_GPP": {
                "r2": 0.81,
                "rmse": 1.56
            },
            "DT_RECO_vs_NT_RECO": {
                "r2": -0.38,
                "rmse": 1
            },
            "val_r2": 0.9203
        }
    },
    "experiment_13": {
        "run_type": "Tramontana",
        "gpp_inputs": [
            "SW_IN",
            "VPD",
            "TA",
            "WTD",
            "WS",
            "PotRad",
            "PotRadHalfHourlyDiff",
            "PotRadDailyAvg",
            "PotRadDailyDiff",
            "WD_COS",
            "WD_SIN",
            "GPP_PROX",
            "WTD_HalfHourlyDiff"
        ],
        "reco_inputs": [
            "DOY_sin",
            "DOY_cos",
            "TA",
            "TS_1",
            "TS_2",
            "TS_3",
            "TS_4",
            "WTD",
            "WS",
            "WD_COS",
            "WD_SIN",
            "NIGHTLY_NEE_AVG",
            "WTD_HalfHourlyDiff"
        ],
        "metrics": {
            "DT_GPP_vs_model": {
                "r2": 0.87,
                "rmse": 1.27
            },
            "NT_GPP_vs_model": {
                "r2": 0.86,
                "rmse": 1.26
            },
            "DT_RECO_vs_model": {
                "r2": -0.49,
                "rmse": 1.17
            },
            "NT_RECO_vs_model": {
                "r2": -2.14,
                "rmse": 0.87
            },
            "DT_GPP_vs_NT_GPP": {
                "r2": 0.81,
                "rmse": 1.56
            },
            "DT_RECO_vs_NT_RECO": {
                "r2": -0.38,
                "rmse": 1
            },
            "val_r2": 0.9223
        }
    },
    "experiment_14": {
        "run_type": "Tramontana",
        "gpp_inputs": [
            "SW_IN",
            "VPD",
            "TA",
            "WTD",
            "WS",
            "PotRad",
            "PotRadHalfHourlyDiff",
            "PotRadDailyAvg",
            "PotRadDailyDiff",
            "WD_COS",
            "WD_SIN",
            "GPP_PROX",
            "Salinity",
            "WTD_HalfHourlyDiff"
        ],
        "reco_inputs": [
            "DOY_sin",
            "DOY_cos",
            "TA",
            "TS_1",
            "TS_2",
            "TS_3",
            "TS_4",
            "WTD",
            "WS",
            "WD_COS",
            "WD_SIN",
            "NIGHTLY_NEE_AVG",
            "Salinity",
            "WTD_HalfHourlyDiff"
        ],
        "metrics": {
            "DT_GPP_vs_model": {
                "r2": 0.87,
                "rmse": 1.27
            },
            "NT_GPP_vs_model": {
                "r2": 0.84,
                "rmse": 1.35
            },
            "DT_RECO_vs_model": {
                "r2": -0.52,
                "rmse": 1.18
            },
            "NT_RECO_vs_model": {
                "r2": -2.92,
                "rmse": 0.97
            },
            "DT_GPP_vs_NT_GPP": {
                "r2": 0.81,
                "rmse": 1.56
            },
            "DT_RECO_vs_NT_RECO": {
                "r2": -0.38,
                "rmse": 1
            },
            "val_r2": 0.9198
        }
    },
    "experiment_15": {
        "run_type": "Tramontana",
        "gpp_inputs": [
            "SW_IN",
            "VPD",
            "TA",
            "WTD",
            "WS",
            "PotRad",
            "PotRadHalfHourlyDiff",
            "PotRadDailyAvg",
            "PotRadDailyDiff",
            "WD_COS",
            "WD_SIN",
            "GPP_PROX",
            "Salinity",
            "WTD_HalfHourlyDiff",
            "WTD_DailyAvg",
            "WTD_DailyDiff"
        ],
        "reco_inputs": [
            "DOY_sin",
            "DOY_cos",
            "TA",
            "TS_1",
            "TS_2",
            "TS_3",
            "TS_4",
            "WTD",
            "WS",
            "WD_COS",
            "WD_SIN",
            "NIGHTLY_NEE_AVG",
            "Salinity",
            "WTD_HalfHourlyDiff",
            "WTD_DailyAvg",
            "WTD_DailyDiff"
        ],
        "metrics": {
            "DT_GPP_vs_model": {
                "r2": 0.88,
                "rmse": 1.22
            },
            "NT_GPP_vs_model": {
                "r2": 0.83,
                "rmse": 1.39
            },
            "DT_RECO_vs_model": {
                "r2": -0.52,
                "rmse": 1.18
            },
            "NT_RECO_vs_model": {
                "r2": -3.4,
                "rmse": 1.03
            },
            "DT_GPP_vs_NT_GPP": {
                "r2": 0.81,
                "rmse": 1.56
            },
            "DT_RECO_vs_NT_RECO": {
                "r2": -0.38,
                "rmse": 1
            },
            "val_r2": 0.9175
        }
    },
    "experiment_16": {
        "run_type": "Tramontana",
        "gpp_inputs": [
            "VPD",
            "TA",
            "WTD",
            "WS",
            "PotRad",
            "PotRadHalfHourlyDiff",
            "PotRadDailyAvg",
            "PotRadDailyDiff",
            "WD_COS",
            "WD_SIN",
            "GPP_PROX"
        ],
        "reco_inputs": [
            "DOY_sin",
            "DOY_cos",
            "TA",
            "TS_1",
            "TS_2",
            "TS_3",
            "TS_4",
            "WTD",
            "WS",
            "WD_COS",
            "WD_SIN",
            "NIGHTLY_NEE_AVG"
        ],
        "metrics": {
            "DT_GPP_vs_model": {
                "r2": 0.86,
                "rmse": 1.32
            },
            "NT_GPP_vs_model": {
                "r2": 0.83,
                "rmse": 1.42
            },
            "DT_RECO_vs_model": {
                "r2": -0.74,
                "rmse": 1.27
            },
            "NT_RECO_vs_model": {
                "r2": -2.28,
                "rmse": 0.89
            },
            "DT_GPP_vs_NT_GPP": {
                "r2": 0.81,
                "rmse": 1.56
            },
            "DT_RECO_vs_NT_RECO": {
                "r2": -0.38,
                "rmse": 1
            },
            "val_r2": 0.8855
        }
    },
    "experiment_17": {
        "run_type": "Tramontana",
        "gpp_inputs": [
            "SW_IN",
            "TA",
            "WTD",
            "WS",
            "PotRad",
            "PotRadHalfHourlyDiff",
            "PotRadDailyAvg",
            "PotRadDailyDiff",
            "WD_COS",
            "WD_SIN",
            "GPP_PROX"
        ],
        "reco_inputs": [
            "DOY_sin",
            "DOY_cos",
            "TA",
            "TS_1",
            "TS_2",
            "TS_3",
            "TS_4",
            "WTD",
            "WS",
            "WD_COS",
            "WD_SIN",
            "NIGHTLY_NEE_AVG"
        ],
        "metrics": {
            "DT_GPP_vs_model": {
                "r2": 0.86,
                "rmse": 1.32
            },
            "NT_GPP_vs_model": {
                "r2": 0.86,
                "rmse": 1.29
            },
            "DT_RECO_vs_model": {
                "r2": -0.48,
                "rmse": 1.17
            },
            "NT_RECO_vs_model": {
                "r2": -2.38,
                "rmse": 0.9
            },
            "DT_GPP_vs_NT_GPP": {
                "r2": 0.81,
                "rmse": 1.56
            },
            "DT_RECO_vs_NT_RECO": {
                "r2": -0.38,
                "rmse": 1
            },
            "val_r2": 0.922
        }
    },
    "experiment_18": {
        "run_type": "Tramontana",
        "gpp_inputs": [
            "SW_IN",
            "VPD",
            "WTD",
            "WS",
            "PotRad",
            "PotRadHalfHourlyDiff",
            "PotRadDailyAvg",
            "PotRadDailyDiff",
            "WD_COS",
            "WD_SIN",
            "GPP_PROX"
        ],
        "reco_inputs": [
            "DOY_sin",
            "DOY_cos",
            "TA",
            "TS_1",
            "TS_2",
            "TS_3",
            "TS_4",
            "WTD",
            "WS",
            "WD_COS",
            "WD_SIN",
            "NIGHTLY_NEE_AVG"
        ],
        "metrics": {
            "DT_GPP_vs_model": {
                "r2": 0.89,
                "rmse": 1.18
            },
            "NT_GPP_vs_model": {
                "r2": 0.86,
                "rmse": 1.29
            },
            "DT_RECO_vs_model": {
                "r2": -0.34,
                "rmse": 1.11
            },
            "NT_RECO_vs_model": {
                "r2": -2.26,
                "rmse": 0.89
            },
            "DT_GPP_vs_NT_GPP": {
                "r2": 0.81,
                "rmse": 1.56
            },
            "DT_RECO_vs_NT_RECO": {
                "r2": -0.38,
                "rmse": 1
            },
            "val_r2": 0.9207
        }
    },
    "experiment_19": {
        "run_type": "Tramontana",
        "gpp_inputs": [
            "SW_IN",
            "VPD",
            "TA",
            "WS",
            "PotRad",
            "PotRadHalfHourlyDiff",
            "PotRadDailyAvg",
            "PotRadDailyDiff",
            "WD_COS",
            "WD_SIN",
            "GPP_PROX"
        ],
        "reco_inputs": [
            "DOY_sin",
            "DOY_cos",
            "TA",
            "TS_1",
            "TS_2",
            "TS_3",
            "TS_4",
            "WTD",
            "WS",
            "WD_COS",
            "WD_SIN",
            "NIGHTLY_NEE_AVG"
        ],
        "metrics": {
            "DT_GPP_vs_model": {
                "r2": 0.89,
                "rmse": 1.2
            },
            "NT_GPP_vs_model": {
                "r2": 0.87,
                "rmse": 1.25
            },
            "DT_RECO_vs_model": {
                "r2": -0.38,
                "rmse": 1.13
            },
            "NT_RECO_vs_model": {
                "r2": -1.87,
                "rmse": 0.83
            },
            "DT_GPP_vs_NT_GPP": {
                "r2": 0.81,
                "rmse": 1.56
            },
            "DT_RECO_vs_NT_RECO": {
                "r2": -0.38,
                "rmse": 1
            },
            "val_r2": 0.9199
        }
    },
    "experiment_20": {
        "run_type": "Tramontana",
        "gpp_inputs": [
            "SW_IN",
            "VPD",
            "TA",
            "WTD",
            "PotRad",
            "PotRadHalfHourlyDiff",
            "PotRadDailyAvg",
            "PotRadDailyDiff",
            "WD_COS",
            "WD_SIN",
            "GPP_PROX"
        ],
        "reco_inputs": [
            "DOY_sin",
            "DOY_cos",
            "TA",
            "TS_1",
            "TS_2",
            "TS_3",
            "TS_4",
            "WTD",
            "WS",
            "WD_COS",
            "WD_SIN",
            "NIGHTLY_NEE_AVG"
        ],
        "metrics": {
            "DT_GPP_vs_model": {
                "r2": 0.89,
                "rmse": 1.2
            },
            "NT_GPP_vs_model": {
                "r2": 0.87,
                "rmse": 1.23
            },
            "DT_RECO_vs_model": {
                "r2": -0.44,
                "rmse": 1.15
            },
            "NT_RECO_vs_model": {
                "r2": -1.73,
                "rmse": 0.81
            },
            "DT_GPP_vs_NT_GPP": {
                "r2": 0.81,
                "rmse": 1.56
            },
            "DT_RECO_vs_NT_RECO": {
                "r2": -0.38,
                "rmse": 1
            },
            "val_r2": 0.9211
        }
    },
    "experiment_21": {
        "run_type": "Tramontana",
        "gpp_inputs": [
            "SW_IN",
            "VPD",
            "TA",
            "WTD",
            "WS",
            "PotRadHalfHourlyDiff",
            "PotRadDailyAvg",
            "PotRadDailyDiff",
            "WD_COS",
            "WD_SIN",
            "GPP_PROX"
        ],
        "reco_inputs": [
            "DOY_sin",
            "DOY_cos",
            "TA",
            "TS_1",
            "TS_2",
            "TS_3",
            "TS_4",
            "WTD",
            "WS",
            "WD_COS",
            "WD_SIN",
            "NIGHTLY_NEE_AVG"
        ],
        "metrics": {
            "DT_GPP_vs_model": {
                "r2": 0.87,
                "rmse": 1.3
            },
            "NT_GPP_vs_model": {
                "r2": 0.82,
                "rmse": 1.46
            },
            "DT_RECO_vs_model": {
                "r2": -0.64,
                "rmse": 1.23
            },
            "NT_RECO_vs_model": {
                "r2": -3.73,
                "rmse": 1.07
            },
            "DT_GPP_vs_NT_GPP": {
                "r2": 0.81,
                "rmse": 1.56
            },
            "DT_RECO_vs_NT_RECO": {
                "r2": -0.38,
                "rmse": 1
            },
            "val_r2": 0.9106
        }
    },
    "experiment_22": {
        "run_type": "Tramontana",
        "gpp_inputs": [
            "SW_IN",
            "VPD",
            "TA",
            "WTD",
            "WS",
            "PotRad",
            "PotRadDailyAvg",
            "PotRadDailyDiff",
            "WD_COS",
            "WD_SIN",
            "GPP_PROX"
        ],
        "reco_inputs": [
            "DOY_sin",
            "DOY_cos",
            "TA",
            "TS_1",
            "TS_2",
            "TS_3",
            "TS_4",
            "WTD",
            "WS",
            "WD_COS",
            "WD_SIN",
            "NIGHTLY_NEE_AVG"
        ],
        "metrics": {
            "DT_GPP_vs_model": {
                "r2": 0.9,
                "rmse": 1.13
            },
            "NT_GPP_vs_model": {
                "r2": 0.79,
                "rmse": 1.56
            },
            "DT_RECO_vs_model": {
                "r2": -0.89,
                "rmse": 1.32
            },
            "NT_RECO_vs_model": {
                "r2": -4.95,
                "rmse": 1.2
            },
            "DT_GPP_vs_NT_GPP": {
                "r2": 0.81,
                "rmse": 1.56
            },
            "DT_RECO_vs_NT_RECO": {
                "r2": -0.38,
                "rmse": 1
            },
            "val_r2": 0.9086
        }
    },
    "experiment_23": {
        "run_type": "Tramontana",
        "gpp_inputs": [
            "SW_IN",
            "VPD",
            "TA",
            "WTD",
            "WS",
            "PotRad",
            "PotRadHalfHourlyDiff",
            "PotRadDailyDiff",
            "WD_COS",
            "WD_SIN",
            "GPP_PROX"
        ],
        "reco_inputs": [
            "DOY_sin",
            "DOY_cos",
            "TA",
            "TS_1",
            "TS_2",
            "TS_3",
            "TS_4",
            "WTD",
            "WS",
            "WD_COS",
            "WD_SIN",
            "NIGHTLY_NEE_AVG"
        ],
        "metrics": {
            "DT_GPP_vs_model": {
                "r2": 0.89,
                "rmse": 1.17
            },
            "NT_GPP_vs_model": {
                "r2": 0.87,
                "rmse": 1.21
            },
            "DT_RECO_vs_model": {
                "r2": -0.34,
                "rmse": 1.11
            },
            "NT_RECO_vs_model": {
                "r2": -1.41,
                "rmse": 0.76
            },
            "DT_GPP_vs_NT_GPP": {
                "r2": 0.81,
                "rmse": 1.56
            },
            "DT_RECO_vs_NT_RECO": {
                "r2": -0.38,
                "rmse": 1
            },
            "val_r2": 0.9205
        }
    },
    "experiment_24": {
        "run_type": "Tramontana",
        "gpp_inputs": [
            "SW_IN",
            "VPD",
            "TA",
            "WTD",
            "WS",
            "PotRad",
            "PotRadHalfHourlyDiff",
            "PotRadDailyAvg",
            "WD_COS",
            "WD_SIN",
            "GPP_PROX"
        ],
        "reco_inputs": [
            "DOY_sin",
            "DOY_cos",
            "TA",
            "TS_1",
            "TS_2",
            "TS_3",
            "TS_4",
            "WTD",
            "WS",
            "WD_COS",
            "WD_SIN",
            "NIGHTLY_NEE_AVG"
        ],
        "metrics": {
            "DT_GPP_vs_model": {
                "r2": 0.88,
                "rmse": 1.21
            },
            "NT_GPP_vs_model": {
                "r2": 0.87,
                "rmse": 1.22
            },
            "DT_RECO_vs_model": {
                "r2": -0.46,
                "rmse": 1.16
            },
            "NT_RECO_vs_model": {
                "r2": -1.48,
                "rmse": 0.77
            },
            "DT_GPP_vs_NT_GPP": {
                "r2": 0.81,
                "rmse": 1.56
            },
            "DT_RECO_vs_NT_RECO": {
                "r2": -0.38,
                "rmse": 1
            },
            "val_r2": 0.9195
        }
    },
    "experiment_25": {
        "run_type": "Tramontana",
        "gpp_inputs": [
            "SW_IN",
            "VPD",
            "TA",
            "WTD",
            "WS",
            "PotRad",
            "PotRadHalfHourlyDiff",
            "PotRadDailyAvg",
            "PotRadDailyDiff",
            "WD_SIN",
            "GPP_PROX"
        ],
        "reco_inputs": [
            "DOY_sin",
            "DOY_cos",
            "TA",
            "TS_1",
            "TS_2",
            "TS_3",
            "TS_4",
            "WTD",
            "WS",
            "WD_COS",
            "WD_SIN",
            "NIGHTLY_NEE_AVG"
        ],
        "metrics": {
            "DT_GPP_vs_model": {
                "r2": 0.87,
                "rmse": 1.3
            },
            "NT_GPP_vs_model": {
                "r2": 0.85,
                "rmse": 1.33
            },
            "DT_RECO_vs_model": {
                "r2": -0.51,
                "rmse": 1.18
            },
            "NT_RECO_vs_model": {
                "r2": -2.64,
                "rmse": 0.94
            },
            "DT_GPP_vs_NT_GPP": {
                "r2": 0.81,
                "rmse": 1.56
            },
            "DT_RECO_vs_NT_RECO": {
                "r2": -0.38,
                "rmse": 1
            },
            "val_r2": 0.9208
        }
    },
    "experiment_26": {
        "run_type": "Tramontana",
        "gpp_inputs": [
            "SW_IN",
            "VPD",
            "TA",
            "WTD",
            "WS",
            "PotRad",
            "PotRadHalfHourlyDiff",
            "PotRadDailyAvg",
            "PotRadDailyDiff",
            "WD_COS",
            "GPP_PROX"
        ],
        "reco_inputs": [
            "DOY_sin",
            "DOY_cos",
            "TA",
            "TS_1",
            "TS_2",
            "TS_3",
            "TS_4",
            "WTD",
            "WS",
            "WD_COS",
            "WD_SIN",
            "NIGHTLY_NEE_AVG"
        ],
        "metrics": {
            "DT_GPP_vs_model": {
                "r2": 0.89,
                "rmse": 1.21
            },
            "NT_GPP_vs_model": {
                "r2": 0.87,
                "rmse": 1.22
            },
            "DT_RECO_vs_model": {
                "r2": -0.49,
                "rmse": 1.17
            },
            "NT_RECO_vs_model": {
                "r2": -1.59,
                "rmse": 0.79
            },
            "DT_GPP_vs_NT_GPP": {
                "r2": 0.81,
                "rmse": 1.56
            },
            "DT_RECO_vs_NT_RECO": {
                "r2": -0.38,
                "rmse": 1
            },
            "val_r2": 0.9183
        }
    },
    "experiment_27": {
        "run_type": "Tramontana",
        "gpp_inputs": [
            "SW_IN",
            "VPD",
            "TA",
            "WTD",
            "WS",
            "PotRad",
            "PotRadHalfHourlyDiff",
            "PotRadDailyAvg",
            "PotRadDailyDiff",
            "WD_COS",
            "WD_SIN"
        ],
        "reco_inputs": [
            "DOY_sin",
            "DOY_cos",
            "TA",
            "TS_1",
            "TS_2",
            "TS_3",
            "TS_4",
            "WTD",
            "WS",
            "WD_COS",
            "WD_SIN",
            "NIGHTLY_NEE_AVG"
        ],
        "metrics": {
            "DT_GPP_vs_model": {
                "r2": 0.89,
                "rmse": 1.17
            },
            "NT_GPP_vs_model": {
                "r2": 0.86,
                "rmse": 1.26
            },
            "DT_RECO_vs_model": {
                "r2": -0.36,
                "rmse": 1.12
            },
            "NT_RECO_vs_model": {
                "r2": -1.45,
                "rmse": 0.77
            },
            "DT_GPP_vs_NT_GPP": {
                "r2": 0.81,
                "rmse": 1.56
            },
            "DT_RECO_vs_NT_RECO": {
                "r2": -0.38,
                "rmse": 1
            },
            "val_r2": 0.9095
        }
    },
    "experiment_28": {
        "run_type": "Tramontana",
        "gpp_inputs": [
            "SW_IN",
            "VPD",
            "TA",
            "WTD",
            "WS",
            "PotRad",
            "PotRadHalfHourlyDiff",
            "PotRadDailyAvg",
            "PotRadDailyDiff",
            "WD_COS",
            "WD_SIN",
            "GPP_PROX"
        ],
        "reco_inputs": [
            "DOY_cos",
            "TA",
            "TS_1",
            "TS_2",
            "TS_3",
            "TS_4",
            "WTD",
            "WS",
            "WD_COS",
            "WD_SIN",
            "NIGHTLY_NEE_AVG"
        ],
        "metrics": {
            "DT_GPP_vs_model": {
                "r2": 0.89,
                "rmse": 1.17
            },
            "NT_GPP_vs_model": {
                "r2": 0.89,
                "rmse": 1.13
            },
            "DT_RECO_vs_model": {
                "r2": -0.34,
                "rmse": 1.11
            },
            "NT_RECO_vs_model": {
                "r2": -0.72,
                "rmse": 0.64
            },
            "DT_GPP_vs_NT_GPP": {
                "r2": 0.81,
                "rmse": 1.56
            },
            "DT_RECO_vs_NT_RECO": {
                "r2": -0.38,
                "rmse": 1
            },
            "val_r2": 0.92
        }
    },
    "experiment_29": {
        "run_type": "Tramontana",
        "gpp_inputs": [
            "SW_IN",
            "VPD",
            "TA",
            "WTD",
            "WS",
            "PotRad",
            "PotRadHalfHourlyDiff",
            "PotRadDailyAvg",
            "PotRadDailyDiff",
            "WD_COS",
            "WD_SIN",
            "GPP_PROX"
        ],
        "reco_inputs": [
            "DOY_sin",
            "TA",
            "TS_1",
            "TS_2",
            "TS_3",
            "TS_4",
            "WTD",
            "WS",
            "WD_COS",
            "WD_SIN",
            "NIGHTLY_NEE_AVG"
        ],
        "metrics": {
            "DT_GPP_vs_model": {
                "r2": 0.89,
                "rmse": 1.21
            },
            "NT_GPP_vs_model": {
                "r2": 0.89,
                "rmse": 1.15
            },
            "DT_RECO_vs_model": {
                "r2": -0.39,
                "rmse": 1.13
            },
            "NT_RECO_vs_model": {
                "r2": -0.86,
                "rmse": 0.67
            },
            "DT_GPP_vs_NT_GPP": {
                "r2": 0.81,
                "rmse": 1.56
            },
            "DT_RECO_vs_NT_RECO": {
                "r2": -0.38,
                "rmse": 1
            },
            "val_r2": 0.9202
        }
    },
    "experiment_30": {
        "run_type": "Tramontana",
        "gpp_inputs": [
            "SW_IN",
            "VPD",
            "TA",
            "WTD",
            "WS",
            "PotRad",
            "PotRadHalfHourlyDiff",
            "PotRadDailyAvg",
            "PotRadDailyDiff",
            "WD_COS",
            "WD_SIN",
            "GPP_PROX"
        ],
        "reco_inputs": [
            "DOY_sin",
            "DOY_cos",
            "TS_1",
            "TS_2",
            "TS_3",
            "TS_4",
            "WTD",
            "WS",
            "WD_COS",
            "WD_SIN",
            "NIGHTLY_NEE_AVG"
        ],
        "metrics": {
            "DT_GPP_vs_model": {
                "r2": 0.89,
                "rmse": 1.16
            },
            "NT_GPP_vs_model": {
                "r2": 0.89,
                "rmse": 1.15
            },
            "DT_RECO_vs_model": {
                "r2": -0.36,
                "rmse": 1.12
            },
            "NT_RECO_vs_model": {
                "r2": -0.85,
                "rmse": 0.67
            },
            "DT_GPP_vs_NT_GPP": {
                "r2": 0.81,
                "rmse": 1.56
            },
            "DT_RECO_vs_NT_RECO": {
                "r2": -0.38,
                "rmse": 1
            },
            "val_r2": 0.9208
        }
    },
    "experiment_31": {
        "run_type": "Tramontana",
        "gpp_inputs": [
            "SW_IN",
            "VPD",
            "TA",
            "WTD",
            "WS",
            "PotRad",
            "PotRadHalfHourlyDiff",
            "PotRadDailyAvg",
            "PotRadDailyDiff",
            "WD_COS",
            "WD_SIN",
            "GPP_PROX"
        ],
        "reco_inputs": [
            "DOY_sin",
            "DOY_cos",
            "TA",
            "TS_2",
            "TS_3",
            "TS_4",
            "WTD",
            "WS",
            "WD_COS",
            "WD_SIN",
            "NIGHTLY_NEE_AVG"
        ],
        "metrics": {
            "DT_GPP_vs_model": {
                "r2": 0.89,
                "rmse": 1.2
            },
            "NT_GPP_vs_model": {
                "r2": 0.9,
                "rmse": 1.09
            },
            "DT_RECO_vs_model": {
                "r2": -0.41,
                "rmse": 1.14
            },
            "NT_RECO_vs_model": {
                "r2": -0.43,
                "rmse": 0.59
            },
            "DT_GPP_vs_NT_GPP": {
                "r2": 0.81,
                "rmse": 1.56
            },
            "DT_RECO_vs_NT_RECO": {
                "r2": -0.38,
                "rmse": 1
            },
            "val_r2": 0.9208
        }
    },
    "experiment_32": {
        "run_type": "Tramontana",
        "gpp_inputs": [
            "SW_IN",
            "VPD",
            "TA",
            "WTD",
            "WS",
            "PotRad",
            "PotRadHalfHourlyDiff",
            "PotRadDailyAvg",
            "PotRadDailyDiff",
            "WD_COS",
            "WD_SIN",
            "GPP_PROX"
        ],
        "reco_inputs": [
            "DOY_sin",
            "DOY_cos",
            "TA",
            "TS_1",
            "TS_3",
            "TS_4",
            "WTD",
            "WS",
            "WD_COS",
            "WD_SIN",
            "NIGHTLY_NEE_AVG"
        ],
        "metrics": {
            "DT_GPP_vs_model": {
                "r2": 0.89,
                "rmse": 1.19
            },
            "NT_GPP_vs_model": {
                "r2": 0.89,
                "rmse": 1.13
            },
            "DT_RECO_vs_model": {
                "r2": -0.48,
                "rmse": 1.17
            },
            "NT_RECO_vs_model": {
                "r2": -0.71,
                "rmse": 0.64
            },
            "DT_GPP_vs_NT_GPP": {
                "r2": 0.81,
                "rmse": 1.56
            },
            "DT_RECO_vs_NT_RECO": {
                "r2": -0.38,
                "rmse": 1
            },
            "val_r2": 0.9198
        }
    },
    "experiment_33": {
        "run_type": "Tramontana",
        "gpp_inputs": [
            "SW_IN",
            "VPD",
            "TA",
            "WTD",
            "WS",
            "PotRad",
            "PotRadHalfHourlyDiff",
            "PotRadDailyAvg",
            "PotRadDailyDiff",
            "WD_COS",
            "WD_SIN",
            "GPP_PROX"
        ],
        "reco_inputs": [
            "DOY_sin",
            "DOY_cos",
            "TA",
            "TS_1",
            "TS_2",
            "TS_4",
            "WTD",
            "WS",
            "WD_COS",
            "WD_SIN",
            "NIGHTLY_NEE_AVG"
        ],
        "metrics": {
            "DT_GPP_vs_model": {
                "r2": 0.89,
                "rmse": 1.18
            },
            "NT_GPP_vs_model": {
                "r2": 0.88,
                "rmse": 1.17
            },
            "DT_RECO_vs_model": {
                "r2": -0.4,
                "rmse": 1.14
            },
            "NT_RECO_vs_model": {
                "r2": -1.13,
                "rmse": 0.72
            },
            "DT_GPP_vs_NT_GPP": {
                "r2": 0.81,
                "rmse": 1.56
            },
            "DT_RECO_vs_NT_RECO": {
                "r2": -0.38,
                "rmse": 1
            },
            "val_r2": 0.9214
        }
    },
    "experiment_34": {
        "run_type": "Tramontana",
        "gpp_inputs": [
            "SW_IN",
            "VPD",
            "TA",
            "WTD",
            "WS",
            "PotRad",
            "PotRadHalfHourlyDiff",
            "PotRadDailyAvg",
            "PotRadDailyDiff",
            "WD_COS",
            "WD_SIN",
            "GPP_PROX"
        ],
        "reco_inputs": [
            "DOY_sin",
            "DOY_cos",
            "TA",
            "TS_1",
            "TS_2",
            "TS_3",
            "WTD",
            "WS",
            "WD_COS",
            "WD_SIN",
            "NIGHTLY_NEE_AVG"
        ],
        "metrics": {
            "DT_GPP_vs_model": {
                "r2": 0.88,
                "rmse": 1.21
            },
            "NT_GPP_vs_model": {
                "r2": 0.88,
                "rmse": 1.16
            },
            "DT_RECO_vs_model": {
                "r2": -0.4,
                "rmse": 1.14
            },
            "NT_RECO_vs_model": {
                "r2": -1.0,
                "rmse": 0.7
            },
            "DT_GPP_vs_NT_GPP": {
                "r2": 0.81,
                "rmse": 1.56
            },
            "DT_RECO_vs_NT_RECO": {
                "r2": -0.38,
                "rmse": 1
            },
            "val_r2": 0.9201
        }
    },
    "experiment_35": {
        "run_type": "Tramontana",
        "gpp_inputs": [
            "SW_IN",
            "VPD",
            "TA",
            "WTD",
            "WS",
            "PotRad",
            "PotRadHalfHourlyDiff",
            "PotRadDailyAvg",
            "PotRadDailyDiff",
            "WD_COS",
            "WD_SIN",
            "GPP_PROX"
        ],
        "reco_inputs": [
            "DOY_sin",
            "DOY_cos",
            "TA",
            "TS_1",
            "TS_2",
            "TS_3",
            "TS_4",
            "WS",
            "WD_COS",
            "WD_SIN",
            "NIGHTLY_NEE_AVG"
        ],
        "metrics": {
            "DT_GPP_vs_model": {
                "r2": 0.88,
                "rmse": 1.21
            },
            "NT_GPP_vs_model": {
                "r2": 0.9,
                "rmse": 1.07
            },
            "DT_RECO_vs_model": {
                "r2": -0.42,
                "rmse": 1.14
            },
            "NT_RECO_vs_model": {
                "r2": -0.01,
                "rmse": 0.49
            },
            "DT_GPP_vs_NT_GPP": {
                "r2": 0.81,
                "rmse": 1.56
            },
            "DT_RECO_vs_NT_RECO": {
                "r2": -0.38,
                "rmse": 1
            },
            "val_r2": 0.9185
        }
    },
    "experiment_36": {
        "run_type": "Tramontana",
        "gpp_inputs": [
            "SW_IN",
            "VPD",
            "TA",
            "WTD",
            "WS",
            "PotRad",
            "PotRadHalfHourlyDiff",
            "PotRadDailyAvg",
            "PotRadDailyDiff",
            "WD_COS",
            "WD_SIN",
            "GPP_PROX"
        ],
        "reco_inputs": [
            "DOY_sin",
            "DOY_cos",
            "TA",
            "TS_1",
            "TS_2",
            "TS_3",
            "TS_4",
            "WTD",
            "WD_COS",
            "WD_SIN",
            "NIGHTLY_NEE_AVG"
        ],
        "metrics": {
            "DT_GPP_vs_model": {
                "r2": 0.89,
                "rmse": 1.18
            },
            "NT_GPP_vs_model": {
                "r2": 0.89,
                "rmse": 1.15
            },
            "DT_RECO_vs_model": {
                "r2": -0.37,
                "rmse": 1.12
            },
            "NT_RECO_vs_model": {
                "r2": -0.86,
                "rmse": 0.67
            },
            "DT_GPP_vs_NT_GPP": {
                "r2": 0.81,
                "rmse": 1.56
            },
            "DT_RECO_vs_NT_RECO": {
                "r2": -0.38,
                "rmse": 1
            },
            "val_r2": 0.921
        }
    },
    "experiment_37": {
        "run_type": "Tramontana",
        "gpp_inputs": [
            "SW_IN",
            "VPD",
            "TA",
            "WTD",
            "WS",
            "PotRad",
            "PotRadHalfHourlyDiff",
            "PotRadDailyAvg",
            "PotRadDailyDiff",
            "WD_COS",
            "WD_SIN",
            "GPP_PROX"
        ],
        "reco_inputs": [
            "DOY_sin",
            "DOY_cos",
            "TA",
            "TS_1",
            "TS_2",
            "TS_3",
            "TS_4",
            "WTD",
            "WS",
            "WD_SIN",
            "NIGHTLY_NEE_AVG"
        ],
        "metrics": {
            "DT_GPP_vs_model": {
                "r2": 0.89,
                "rmse": 1.18
            },
            "NT_GPP_vs_model": {
                "r2": 0.88,
                "rmse": 1.16
            },
            "DT_RECO_vs_model": {
                "r2": -0.37,
                "rmse": 1.12
            },
            "NT_RECO_vs_model": {
                "r2": -0.96,
                "rmse": 0.69
            },
            "DT_GPP_vs_NT_GPP": {
                "r2": 0.81,
                "rmse": 1.56
            },
            "DT_RECO_vs_NT_RECO": {
                "r2": -0.38,
                "rmse": 1
            },
            "val_r2": 0.922
        }
    },
    "experiment_38": {
        "run_type": "Tramontana",
        "gpp_inputs": [
            "SW_IN",
            "VPD",
            "TA",
            "WTD",
            "WS",
            "PotRad",
            "PotRadHalfHourlyDiff",
            "PotRadDailyAvg",
            "PotRadDailyDiff",
            "WD_COS",
            "WD_SIN",
            "GPP_PROX"
        ],
        "reco_inputs": [
            "DOY_sin",
            "DOY_cos",
            "TA",
            "TS_1",
            "TS_2",
            "TS_3",
            "TS_4",
            "WTD",
            "WS",
            "WD_COS",
            "NIGHTLY_NEE_AVG"
        ],
        "metrics": {
            "DT_GPP_vs_model": {
                "r2": 0.88,
                "rmse": 1.22
            },
            "NT_GPP_vs_model": {
                "r2": 0.88,
                "rmse": 1.19
            },
            "DT_RECO_vs_model": {
                "r2": -0.38,
                "rmse": 1.13
            },
            "NT_RECO_vs_model": {
                "r2": -1.31,
                "rmse": 0.75
            },
            "DT_GPP_vs_NT_GPP": {
                "r2": 0.81,
                "rmse": 1.56
            },
            "DT_RECO_vs_NT_RECO": {
                "r2": -0.38,
                "rmse": 1
            },
            "val_r2": 0.9215
        }
    },
    "experiment_39": {
        "run_type": "Tramontana",
        "gpp_inputs": [
            "SW_IN",
            "VPD",
            "TA",
            "WTD",
            "WS",
            "PotRad",
            "PotRadHalfHourlyDiff",
            "PotRadDailyAvg",
            "PotRadDailyDiff",
            "WD_COS",
            "WD_SIN",
            "GPP_PROX"
        ],
        "reco_inputs": [
            "DOY_sin",
            "DOY_cos",
            "TA",
            "TS_1",
            "TS_2",
            "TS_3",
            "TS_4",
            "WTD",
            "WS",
            "WD_COS",
            "WD_SIN"
        ],
        "metrics": {
            "DT_GPP_vs_model": {
                "r2": 0.89,
                "rmse": 1.18
            },
            "NT_GPP_vs_model": {
                "r2": 0.89,
                "rmse": 1.14
            },
            "DT_RECO_vs_model": {
                "r2": -0.28,
                "rmse": 1.08
            },
            "NT_RECO_vs_model": {
                "r2": -0.85,
                "rmse": 0.67
            },
            "DT_GPP_vs_NT_GPP": {
                "r2": 0.81,
                "rmse": 1.56
            },
            "DT_RECO_vs_NT_RECO": {
                "r2": -0.38,
                "rmse": 1
            },
            "val_r2": 0.9152
        }
    }
}
0.7759,0.84,0.73,-1.2,-1.84
0.7938,0.89,0.77,-0.89,-0.95
0.8117,0.89,0.79,-0.68,-1.04
0.8361,0.9,0.75,-0.7,-3.78
0.8458,0.91,0.76,-0.72,-3.45
0.8666,0.9,0.8,-0.58,-3.07
0.8545,0.91,0.76,-0.73,-4.43
0.8407,0.91,0.77,-0.71,-3.11
0.7924,0.84,0.78,-1.44,-0.29
0.893,0.88,0.84,-0.54,-2.13
0.9151,0.88,0.9,-0.5,-0.04
0.9194,0.89,0.88,-0.37,-1.06
0.9203,0.88,0.86,-0.39,-2.28
0.9223,0.87,0.86,-0.49,-2.14
0.9198,0.87,0.84,-0.52,-2.92
0.9175,0.88,0.83,-0.52,-3.4

0.8855,0.86,0.83,-0.74,-2.28
0.922,0.86,0.86,-0.48,-2.38
0.9207,0.89,0.86,-0.34,-2.26
0.9199,0.89,0.87,-0.38,-1.87
0.9211,0.89,0.87,-0.44,-1.73
0.9106,0.87,0.82,-0.64,-3.73
0.9086,0.9,0.79,-0.89,-4.95
0.9205,0.89,0.87,-0.34,-1.41
0.9195,0.88,0.87,-0.46,-1.48
0.9208,0.87,0.85,-0.51,-2.64
0.9183,0.89,0.87,-0.49,-1.59
0.9095,0.89,0.86,-0.36,-1.45

0.92,0.89,0.89,-0.34,-0.72
0.9202,0.89,0.89,-0.39,-0.86
0.9208,0.89,0.89,-0.36,-0.85
0.9208,0.89,0.9,-0.41,-0.43
0.9198,0.89,0.89,-0.48,-0.71
0.9214,0.89,0.88,-0.4,-1.13
0.9201,0.88,0.88,-0.4,-1.0
0.9185,0.88,0.9,-0.42,-0.01
0.921,0.89,0.89,-0.37,-0.86
0.922,0.89,0.88,-0.37,-0.96
0.9215,0.88,0.88,-0.38,-1.31
0.9152,0.89,0.89,-0.28,-0.85
Run ended at:   2025-08-08 14:40:11
Total duration: 1:05:45 (hh:mm:ss)
