created virtual environment CPython3.10.13.final.0-64 in 1747ms
  creator CPython3Posix(dest=/localscratch/onurk.65894470.0/env, clear=False, no_vcs_ignore=False, global=False)
  seeder FromAppData(download=False, pip=bundle, setuptools=bundle, wheel=bundle, via=copy, app_data_dir=/home/onurk/.local/share/virtualenv)
    added seed packages: pip==25.1.1, setuptools==80.9.0, wheel==0.45.1+computecanada
  activators BashActivator,CShellActivator,FishActivator,NushellActivator,PowerShellActivator,PythonActivator
Looking in links: /cvmfs/soft.computecanada.ca/custom/python/wheelhouse/gentoo2023/x86-64-v3, /cvmfs/soft.computecanada.ca/custom/python/wheelhouse/gentoo2023/generic, /cvmfs/soft.computecanada.ca/custom/python/wheelhouse/generic
Processing /cvmfs/soft.computecanada.ca/custom/python/wheelhouse/gentoo2023/x86-64-v3/torch-2.6.0+computecanada-cp310-cp310-linux_x86_64.whl
Processing /cvmfs/soft.computecanada.ca/custom/python/wheelhouse/generic/filelock-3.18.0+computecanada-py3-none-any.whl (from torch)
Requirement already satisfied: typing-extensions>=4.10.0 in /cvmfs/soft.computecanada.ca/easybuild/software/2023/x86-64-v3/Compiler/gcccore/ipykernel/2025a/lib/python3.10/site-packages (from torch) (4.12.2+computecanada)
Processing /cvmfs/soft.computecanada.ca/custom/python/wheelhouse/generic/networkx-3.5+computecanada-py3-none-any.whl (from torch)
Processing /cvmfs/soft.computecanada.ca/custom/python/wheelhouse/generic/jinja2-3.1.6+computecanada-py3-none-any.whl (from torch)
Processing /cvmfs/soft.computecanada.ca/custom/python/wheelhouse/generic/fsspec-2025.7.0+computecanada-py3-none-any.whl (from torch)
Processing /cvmfs/soft.computecanada.ca/custom/python/wheelhouse/generic/sympy-1.13.1+computecanada-py3-none-any.whl (from torch)
Requirement already satisfied: mpmath<1.4,>=1.1.0 in /cvmfs/soft.computecanada.ca/easybuild/software/2023/x86-64-v3/Compiler/gcccore/scipy-stack/2025a/lib/python3.10/site-packages (from sympy==1.13.1->torch) (1.3.0+computecanada)
Processing /cvmfs/soft.computecanada.ca/custom/python/wheelhouse/generic/MarkupSafe-2.1.5+computecanada-cp310-cp310-linux_x86_64.whl (from jinja2->torch)
INFO: pip is looking at multiple versions of networkx to determine which version is compatible with other requirements. This could take a while.
Processing /cvmfs/soft.computecanada.ca/custom/python/wheelhouse/generic/networkx-3.4.2+computecanada-py3-none-any.whl (from torch)
Installing collected packages: sympy, networkx, MarkupSafe, fsspec, filelock, jinja2, torch
  Attempting uninstall: sympy
    Found existing installation: sympy 1.13.3+computecanada
    Not uninstalling sympy at /cvmfs/soft.computecanada.ca/easybuild/software/2023/x86-64-v3/Compiler/gcccore/scipy-stack/2025a/lib/python3.10/site-packages, outside environment /localscratch/onurk.65894470.0/env
    Can't uninstall 'sympy'. No files were found to uninstall.

Successfully installed MarkupSafe-2.1.5+computecanada filelock-3.18.0+computecanada fsspec-2025.7.0+computecanada jinja2-3.1.6+computecanada networkx-3.4.2+computecanada sympy-1.13.1+computecanada torch-2.6.0+computecanada
pre_processing: False      drop_na: False       normalize_raw_features: False       train_models: True       save_models: True       hidden_size: 12       tramontana_run: True       
Site name: CADSM      Full file name: CADSM_nee_partition_202109170000_202505292359.csv      
Run started at: 2025-08-14 23:47:53
gpp_input_names,  ['SW_IN', 'TA'] 
reco_input_names,  ['DOY_sin', 'DOY_cos', 'TA'] 
true_nee_name,  ['NEE'] 

Tramontana Running on GPU With hidden layer size of 12 Total epochs: 100000 lr: 0.001 patience: 500 min_delta 0.01
SNN_GPP_Tram(
  (net): Sequential(
    (0): Linear(in_features=2, out_features=12, bias=True)
    (1): Tanh()
    (2): Linear(in_features=12, out_features=1, bias=True)
    (3): Sigmoid()
  )
)
SNN_RECO_Tram(
  (net): Sequential(
    (0): Linear(in_features=3, out_features=12, bias=True)
    (1): Tanh()
    (2): Linear(in_features=12, out_features=1, bias=True)
    (3): Sigmoid()
  )
)
Params are min slope: 2e-06, trend window: 100
Epoch     0 | Train Loss: 15620.319336 | Val Loss: 15414.284180 | Train R²: -552290.5625 | Val R²: -533137.5625 | NightHrsTrueNEE vs NightHrsModelReco R²: -62.7600 | NightHrsTrueNee vs NightHrsModelNee R²: -185.8900
Epoch   500 | Train Loss: 275.773285 | Val Loss: 270.728394 | Train R²: -9749.5859 | Val R²: -9362.7646 | NightHrsTrueNEE vs NightHrsModelReco R²: -187.6200 | NightHrsTrueNee vs NightHrsModelNee R²: -177.2200
Epoch  1000 | Train Loss: 69.242538 | Val Loss: 67.924080 | Train R²: -2447.2258 | Val R²: -2348.3105 | NightHrsTrueNEE vs NightHrsModelReco R²: -233.8000 | NightHrsTrueNee vs NightHrsModelNee R²: -220.9300
Epoch  1500 | Train Loss: 29.588049 | Val Loss: 29.001259 | Train R²: -1045.1522 | Val R²: -1002.0753 | NightHrsTrueNEE vs NightHrsModelReco R²: -249.6800 | NightHrsTrueNee vs NightHrsModelNee R²: -238.2000
Epoch  2000 | Train Loss: 15.605912 | Val Loss: 15.286047 | Train R²: -550.7822 | Val R²: -527.7031 | NightHrsTrueNEE vs NightHrsModelReco R²: -256.9800 | NightHrsTrueNee vs NightHrsModelNee R²: -246.9600
Epoch  2500 | Train Loss: 9.208652 | Val Loss: 9.015303 | Train R²: -324.5927 | Val R²: -310.8150 | NightHrsTrueNEE vs NightHrsModelReco R²: -260.9700 | NightHrsTrueNee vs NightHrsModelNee R²: -252.1800
Epoch  3000 | Train Loss: 5.830659 | Val Loss: 5.706594 | Train R²: -205.1561 | Val R²: -196.3757 | NightHrsTrueNEE vs NightHrsModelReco R²: -263.3200 | NightHrsTrueNee vs NightHrsModelNee R²: -255.5500
Epoch  3500 | Train Loss: 3.882411 | Val Loss: 3.799879 | Train R²: -136.2713 | Val R²: -130.4276 | NightHrsTrueNEE vs NightHrsModelReco R²: -264.6700 | NightHrsTrueNee vs NightHrsModelNee R²: -257.7600
Epoch  4000 | Train Loss: 2.692402 | Val Loss: 2.636314 | Train R²: -94.1959 | Val R²: -90.1830 | NightHrsTrueNEE vs NightHrsModelReco R²: -265.2200 | NightHrsTrueNee vs NightHrsModelNee R²: -259.0400
Epoch  4500 | Train Loss: 1.937160 | Val Loss: 1.898624 | Train R²: -67.4927 | Val R²: -64.6683 | NightHrsTrueNEE vs NightHrsModelReco R²: -264.8300 | NightHrsTrueNee vs NightHrsModelNee R²: -259.2700
Epoch  5000 | Train Loss: 1.444651 | Val Loss: 1.418102 | Train R²: -50.0789 | Val R²: -48.0483 | NightHrsTrueNEE vs NightHrsModelReco R²: -262.4500 | NightHrsTrueNee vs NightHrsModelNee R²: -257.4400
Epoch  5500 | Train Loss: 1.110841 | Val Loss: 1.092558 | Train R²: -38.2763 | Val R²: -36.7886 | NightHrsTrueNEE vs NightHrsModelReco R²: -250.0900 | NightHrsTrueNee vs NightHrsModelNee R²: -245.6500
Epoch  6000 | Train Loss: 0.868359 | Val Loss: 0.856158 | Train R²: -29.7028 | Val R²: -28.6122 | NightHrsTrueNEE vs NightHrsModelReco R²: -213.3000 | NightHrsTrueNee vs NightHrsModelNee R²: -209.6500
Epoch  6500 | Train Loss: 0.700975 | Val Loss: 0.692616 | Train R²: -23.7845 | Val R²: -22.9557 | NightHrsTrueNEE vs NightHrsModelReco R²: -193.5700 | NightHrsTrueNee vs NightHrsModelNee R²: -190.5000
Epoch  7000 | Train Loss: 0.573991 | Val Loss: 0.566695 | Train R²: -19.2947 | Val R²: -18.6005 | NightHrsTrueNEE vs NightHrsModelReco R²: -164.7400 | NightHrsTrueNee vs NightHrsModelNee R²: -162.2600
Epoch  7500 | Train Loss: 0.478645 | Val Loss: 0.471687 | Train R²: -15.9236 | Val R²: -15.3144 | NightHrsTrueNEE vs NightHrsModelReco R²: -138.2400 | NightHrsTrueNee vs NightHrsModelNee R²: -136.2100
Epoch  8000 | Train Loss: 0.384539 | Val Loss: 0.378214 | Train R²: -12.5962 | Val R²: -12.0814 | NightHrsTrueNEE vs NightHrsModelReco R²: -105.7900 | NightHrsTrueNee vs NightHrsModelNee R²: -104.1200
Epoch  8500 | Train Loss: 0.270517 | Val Loss: 0.265253 | Train R²: -8.5647 | Val R²: -8.1744 | NightHrsTrueNEE vs NightHrsModelReco R²: -54.6900 | NightHrsTrueNee vs NightHrsModelNee R²: -53.5500
Epoch  9000 | Train Loss: 0.199350 | Val Loss: 0.195602 | Train R²: -6.0485 | Val R²: -5.7653 | NightHrsTrueNEE vs NightHrsModelReco R²: -36.4000 | NightHrsTrueNee vs NightHrsModelNee R²: -35.5800
Epoch  9500 | Train Loss: 0.148553 | Val Loss: 0.145968 | Train R²: -4.2524 | Val R²: -4.0486 | NightHrsTrueNEE vs NightHrsModelReco R²: -26.0600 | NightHrsTrueNee vs NightHrsModelNee R²: -25.4500
Epoch 10000 | Train Loss: 0.112418 | Val Loss: 0.110617 | Train R²: -2.9748 | Val R²: -2.8260 | NightHrsTrueNEE vs NightHrsModelReco R²: -18.4700 | NightHrsTrueNee vs NightHrsModelNee R²: -18.0200
Epoch 10500 | Train Loss: 0.086601 | Val Loss: 0.085342 | Train R²: -2.0620 | Val R²: -1.9517 | NightHrsTrueNEE vs NightHrsModelReco R²: -13.1800 | NightHrsTrueNee vs NightHrsModelNee R²: -12.8500
Epoch 11000 | Train Loss: 0.067908 | Val Loss: 0.067043 | Train R²: -1.4010 | Val R²: -1.3188 | NightHrsTrueNEE vs NightHrsModelReco R²: -9.5500 | NightHrsTrueNee vs NightHrsModelNee R²: -9.3100
Epoch 11500 | Train Loss: 0.054233 | Val Loss: 0.053659 | Train R²: -0.9175 | Val R²: -0.8559 | NightHrsTrueNEE vs NightHrsModelReco R²: -7.0600 | NightHrsTrueNee vs NightHrsModelNee R²: -6.8800
Epoch 12000 | Train Loss: 0.044164 | Val Loss: 0.043805 | Train R²: -0.5615 | Val R²: -0.5151 | NightHrsTrueNEE vs NightHrsModelReco R²: -5.3300 | NightHrsTrueNee vs NightHrsModelNee R²: -5.1900
Epoch 12500 | Train Loss: 0.036742 | Val Loss: 0.036545 | Train R²: -0.2991 | Val R²: -0.2640 | NightHrsTrueNEE vs NightHrsModelReco R²: -4.1200 | NightHrsTrueNee vs NightHrsModelNee R²: -4.0200
Epoch 13000 | Train Loss: 0.031290 | Val Loss: 0.031215 | Train R²: -0.1063 | Val R²: -0.0796 | NightHrsTrueNEE vs NightHrsModelReco R²: -3.2700 | NightHrsTrueNee vs NightHrsModelNee R²: -3.1900
Epoch 13500 | Train Loss: 0.027309 | Val Loss: 0.027328 | Train R²: 0.0344 | Val R²: 0.0548 | NightHrsTrueNEE vs NightHrsModelReco R²: -2.6700 | NightHrsTrueNee vs NightHrsModelNee R²: -2.6100
Epoch 14000 | Train Loss: 0.024425 | Val Loss: 0.024516 | Train R²: 0.1364 | Val R²: 0.1521 | NightHrsTrueNEE vs NightHrsModelReco R²: -2.2400 | NightHrsTrueNee vs NightHrsModelNee R²: -2.2000
Epoch 14500 | Train Loss: 0.022350 | Val Loss: 0.022497 | Train R²: 0.2098 | Val R²: 0.2219 | NightHrsTrueNEE vs NightHrsModelReco R²: -1.9400 | NightHrsTrueNee vs NightHrsModelNee R²: -1.9100
Epoch 15000 | Train Loss: 0.020862 | Val Loss: 0.021052 | Train R²: 0.2624 | Val R²: 0.2719 | NightHrsTrueNEE vs NightHrsModelReco R²: -1.7200 | NightHrsTrueNee vs NightHrsModelNee R²: -1.7000
Epoch 15500 | Train Loss: 0.019792 | Val Loss: 0.020013 | Train R²: 0.3002 | Val R²: 0.3078 | NightHrsTrueNEE vs NightHrsModelReco R²: -1.5700 | NightHrsTrueNee vs NightHrsModelNee R²: -1.5500
Epoch 16000 | Train Loss: 0.019009 | Val Loss: 0.019252 | Train R²: 0.3279 | Val R²: 0.3341 | NightHrsTrueNEE vs NightHrsModelReco R²: -1.4400 | NightHrsTrueNee vs NightHrsModelNee R²: -1.4300
Epoch 16500 | Train Loss: 0.018381 | Val Loss: 0.018639 | Train R²: 0.3501 | Val R²: 0.3553 | NightHrsTrueNEE vs NightHrsModelReco R²: -1.3400 | NightHrsTrueNee vs NightHrsModelNee R²: -1.3200
Epoch 17000 | Train Loss: 0.017757 | Val Loss: 0.018027 | Train R²: 0.3722 | Val R²: 0.3765 | NightHrsTrueNEE vs NightHrsModelReco R²: -1.1900 | NightHrsTrueNee vs NightHrsModelNee R²: -1.1800
Epoch 17500 | Train Loss: 0.017046 | Val Loss: 0.017336 | Train R²: 0.3973 | Val R²: 0.4004 | NightHrsTrueNEE vs NightHrsModelReco R²: -0.9800 | NightHrsTrueNee vs NightHrsModelNee R²: -0.9700
Epoch 18000 | Train Loss: 0.016200 | Val Loss: 0.016507 | Train R²: 0.4272 | Val R²: 0.4291 | NightHrsTrueNEE vs NightHrsModelReco R²: -0.7700 | NightHrsTrueNee vs NightHrsModelNee R²: -0.7600
Epoch 18500 | Train Loss: 0.015457 | Val Loss: 0.015751 | Train R²: 0.4535 | Val R²: 0.4552 | NightHrsTrueNEE vs NightHrsModelReco R²: -0.7000 | NightHrsTrueNee vs NightHrsModelNee R²: -0.6900
Epoch 19000 | Train Loss: 0.014691 | Val Loss: 0.014951 | Train R²: 0.4806 | Val R²: 0.4829 | NightHrsTrueNEE vs NightHrsModelReco R²: -0.6600 | NightHrsTrueNee vs NightHrsModelNee R²: -0.6500
Epoch 19500 | Train Loss: 0.013849 | Val Loss: 0.014056 | Train R²: 0.5103 | Val R²: 0.5138 | NightHrsTrueNEE vs NightHrsModelReco R²: -0.6300 | NightHrsTrueNee vs NightHrsModelNee R²: -0.6200
Epoch 20000 | Train Loss: 0.012941 | Val Loss: 0.013089 | Train R²: 0.5424 | Val R²: 0.5473 | NightHrsTrueNEE vs NightHrsModelReco R²: -0.5800 | NightHrsTrueNee vs NightHrsModelNee R²: -0.5700
Epoch 20500 | Train Loss: 0.011955 | Val Loss: 0.012042 | Train R²: 0.5773 | Val R²: 0.5835 | NightHrsTrueNEE vs NightHrsModelReco R²: -0.5000 | NightHrsTrueNee vs NightHrsModelNee R²: -0.4900
Epoch 21000 | Train Loss: 0.010910 | Val Loss: 0.010935 | Train R²: 0.6142 | Val R²: 0.6218 | NightHrsTrueNEE vs NightHrsModelReco R²: -0.3900 | NightHrsTrueNee vs NightHrsModelNee R²: -0.3800
Epoch 21500 | Train Loss: 0.009839 | Val Loss: 0.009802 | Train R²: 0.6521 | Val R²: 0.6610 | NightHrsTrueNEE vs NightHrsModelReco R²: -0.2600 | NightHrsTrueNee vs NightHrsModelNee R²: -0.2500
Epoch 22000 | Train Loss: 0.008771 | Val Loss: 0.008685 | Train R²: 0.6899 | Val R²: 0.6996 | NightHrsTrueNEE vs NightHrsModelReco R²: -0.1100 | NightHrsTrueNee vs NightHrsModelNee R²: -0.1000
Epoch 22500 | Train Loss: 0.007529 | Val Loss: 0.007420 | Train R²: 0.7338 | Val R²: 0.7434 | NightHrsTrueNEE vs NightHrsModelReco R²: 0.0100 | NightHrsTrueNee vs NightHrsModelNee R²: 0.0200
Epoch 23000 | Train Loss: 0.006438 | Val Loss: 0.006316 | Train R²: 0.7724 | Val R²: 0.7815 | NightHrsTrueNEE vs NightHrsModelReco R²: 0.1500 | NightHrsTrueNee vs NightHrsModelNee R²: 0.1500
Epoch 23500 | Train Loss: 0.005925 | Val Loss: 0.005811 | Train R²: 0.7905 | Val R²: 0.7990 | NightHrsTrueNEE vs NightHrsModelReco R²: 0.2400 | NightHrsTrueNee vs NightHrsModelNee R²: 0.2400
Epoch 24000 | Train Loss: 0.005741 | Val Loss: 0.005638 | Train R²: 0.7970 | Val R²: 0.8050 | NightHrsTrueNEE vs NightHrsModelReco R²: 0.2800 | NightHrsTrueNee vs NightHrsModelNee R²: 0.2800
Epoch 24500 | Train Loss: 0.005677 | Val Loss: 0.005582 | Train R²: 0.7993 | Val R²: 0.8069 | NightHrsTrueNEE vs NightHrsModelReco R²: 0.3000 | NightHrsTrueNee vs NightHrsModelNee R²: 0.3000
Epoch 25000 | Train Loss: 0.005638 | Val Loss: 0.005549 | Train R²: 0.8006 | Val R²: 0.8081 | NightHrsTrueNEE vs NightHrsModelReco R²: 0.3100 | NightHrsTrueNee vs NightHrsModelNee R²: 0.3100
Epoch 25500 | Train Loss: 0.005601 | Val Loss: 0.005511 | Train R²: 0.8020 | Val R²: 0.8094 | NightHrsTrueNEE vs NightHrsModelReco R²: 0.3200 | NightHrsTrueNee vs NightHrsModelNee R²: 0.3200
Epoch 26000 | Train Loss: 0.005559 | Val Loss: 0.005468 | Train R²: 0.8034 | Val R²: 0.8109 | NightHrsTrueNEE vs NightHrsModelReco R²: 0.3200 | NightHrsTrueNee vs NightHrsModelNee R²: 0.3300
Epoch 26500 | Train Loss: 0.005510 | Val Loss: 0.005418 | Train R²: 0.8052 | Val R²: 0.8126 | NightHrsTrueNEE vs NightHrsModelReco R²: 0.3300 | NightHrsTrueNee vs NightHrsModelNee R²: 0.3300
Epoch 27000 | Train Loss: 0.005447 | Val Loss: 0.005355 | Train R²: 0.8074 | Val R²: 0.8148 | NightHrsTrueNEE vs NightHrsModelReco R²: 0.3400 | NightHrsTrueNee vs NightHrsModelNee R²: 0.3400
Epoch 27500 | Train Loss: 0.005361 | Val Loss: 0.005270 | Train R²: 0.8104 | Val R²: 0.8177 | NightHrsTrueNEE vs NightHrsModelReco R²: 0.3500 | NightHrsTrueNee vs NightHrsModelNee R²: 0.3500
Epoch 28000 | Train Loss: 0.005244 | Val Loss: 0.005156 | Train R²: 0.8146 | Val R²: 0.8217 | NightHrsTrueNEE vs NightHrsModelReco R²: 0.3600 | NightHrsTrueNee vs NightHrsModelNee R²: 0.3700
Epoch 28500 | Train Loss: 0.005087 | Val Loss: 0.005006 | Train R²: 0.8202 | Val R²: 0.8269 | NightHrsTrueNEE vs NightHrsModelReco R²: 0.3800 | NightHrsTrueNee vs NightHrsModelNee R²: 0.3800
Epoch 29000 | Train Loss: 0.004896 | Val Loss: 0.004825 | Train R²: 0.8269 | Val R²: 0.8331 | NightHrsTrueNEE vs NightHrsModelReco R²: 0.4000 | NightHrsTrueNee vs NightHrsModelNee R²: 0.4000
Epoch 29500 | Train Loss: 0.004723 | Val Loss: 0.004660 | Train R²: 0.8330 | Val R²: 0.8388 | NightHrsTrueNEE vs NightHrsModelReco R²: 0.4100 | NightHrsTrueNee vs NightHrsModelNee R²: 0.4100
Epoch 30000 | Train Loss: 0.004601 | Val Loss: 0.004542 | Train R²: 0.8373 | Val R²: 0.8429 | NightHrsTrueNEE vs NightHrsModelReco R²: 0.4200 | NightHrsTrueNee vs NightHrsModelNee R²: 0.4200
Epoch 30500 | Train Loss: 0.004507 | Val Loss: 0.004449 | Train R²: 0.8406 | Val R²: 0.8461 | NightHrsTrueNEE vs NightHrsModelReco R²: 0.4300 | NightHrsTrueNee vs NightHrsModelNee R²: 0.4300
Epoch 31000 | Train Loss: 0.004423 | Val Loss: 0.004365 | Train R²: 0.8436 | Val R²: 0.8490 | NightHrsTrueNEE vs NightHrsModelReco R²: 0.4400 | NightHrsTrueNee vs NightHrsModelNee R²: 0.4500
Epoch 31500 | Train Loss: 0.004341 | Val Loss: 0.004284 | Train R²: 0.8465 | Val R²: 0.8518 | NightHrsTrueNEE vs NightHrsModelReco R²: 0.4600 | NightHrsTrueNee vs NightHrsModelNee R²: 0.4600
Epoch 32000 | Train Loss: 0.004261 | Val Loss: 0.004205 | Train R²: 0.8494 | Val R²: 0.8546 | NightHrsTrueNEE vs NightHrsModelReco R²: 0.4700 | NightHrsTrueNee vs NightHrsModelNee R²: 0.4700
Epoch 32500 | Train Loss: 0.004184 | Val Loss: 0.004132 | Train R²: 0.8521 | Val R²: 0.8571 | NightHrsTrueNEE vs NightHrsModelReco R²: 0.4800 | NightHrsTrueNee vs NightHrsModelNee R²: 0.4800
Epoch 33000 | Train Loss: 0.004113 | Val Loss: 0.004065 | Train R²: 0.8546 | Val R²: 0.8594 | NightHrsTrueNEE vs NightHrsModelReco R²: 0.4900 | NightHrsTrueNee vs NightHrsModelNee R²: 0.4900
Epoch 33500 | Train Loss: 0.004053 | Val Loss: 0.004011 | Train R²: 0.8567 | Val R²: 0.8613 | NightHrsTrueNEE vs NightHrsModelReco R²: 0.5000 | NightHrsTrueNee vs NightHrsModelNee R²: 0.5000
Epoch 34000 | Train Loss: 0.004015 | Val Loss: 0.003972 | Train R²: 0.8580 | Val R²: 0.8626 | NightHrsTrueNEE vs NightHrsModelReco R²: 0.5100 | NightHrsTrueNee vs NightHrsModelNee R²: 0.5100
Early stopping at epoch 34283 due to flat/negative trend (slope=0.000002)
Epoch 34283 | Train Loss: 0.004001 | Val Loss: 0.003957 | Train R²: 0.8585 | Val R²: 0.8631
Unpickling models
Following models have been loaded and moved to cuda:
trained gpp model:
 SNN_GPP_Tram(
  (net): Sequential(
    (0): Linear(in_features=2, out_features=12, bias=True)
    (1): Tanh()
    (2): Linear(in_features=12, out_features=1, bias=True)
    (3): Sigmoid()
  )
), trained_reco_model:
 SNN_GPP_Tram(
  (net): Sequential(
    (0): Linear(in_features=3, out_features=12, bias=True)
    (1): Tanh()
    (2): Linear(in_features=12, out_features=1, bias=True)
    (3): Sigmoid()
  )
)
using full data set for visualization
Un-normalizing the GPP and RECO predictions using NEE min: tensor([-36.1705]), NEE max: tensor([35.8634])



Metrics for the Tramontana, with
GPP inputs: ['SW_IN', 'TA']
RECO inputs: ['DOY_sin', 'DOY_cos', 'TA']:
dt_gpp vs Tramontana_GPP R²=0.86 RMSE=2.68
nt_gpp vs Tramontana_GPP R²=0.82 RMSE=3.00
dt_reco vs Tramontana_RECO R²=0.19 RMSE=2.10
nt_reco vs Tramontana_RECO R²=0.07 RMSE=1.95
night_hours_true_nee vs Tramontana_night_hours_model_reco R²=0.49 RMSE=1.43
night_hours_true_nee vs Tramontana_night_hours_model_nee R²=0.49 RMSE=1.43
dt_gpp vs nt_gpp R²=0.95 RMSE=1.56
dt_reco vs nt_reco R²=0.85 RMSE=1.00

gpp_input_names,  ['SW_IN', 'TA', 'VPD'] 
reco_input_names,  ['DOY_sin', 'DOY_cos', 'TA'] 
true_nee_name,  ['NEE'] 

Tramontana Running on GPU With hidden layer size of 12 Total epochs: 100000 lr: 0.001 patience: 500 min_delta 0.01
SNN_GPP_Tram(
  (net): Sequential(
    (0): Linear(in_features=3, out_features=12, bias=True)
    (1): Tanh()
    (2): Linear(in_features=12, out_features=1, bias=True)
    (3): Sigmoid()
  )
)
SNN_RECO_Tram(
  (net): Sequential(
    (0): Linear(in_features=3, out_features=12, bias=True)
    (1): Tanh()
    (2): Linear(in_features=12, out_features=1, bias=True)
    (3): Sigmoid()
  )
)
Params are min slope: 2e-06, trend window: 100
Epoch     0 | Train Loss: 7624.008789 | Val Loss: 7402.645996 | Train R²: -269563.0000 | Val R²: -256036.5781 | NightHrsTrueNEE vs NightHrsModelReco R²: -54.3300 | NightHrsTrueNee vs NightHrsModelNee R²: -153.1500
Epoch   500 | Train Loss: 92.578468 | Val Loss: 90.015739 | Train R²: -3272.3201 | Val R²: -3112.4019 | NightHrsTrueNEE vs NightHrsModelReco R²: -199.9700 | NightHrsTrueNee vs NightHrsModelNee R²: -188.6000
Epoch  1000 | Train Loss: 25.208364 | Val Loss: 24.452486 | Train R²: -890.2985 | Val R²: -844.7455 | NightHrsTrueNEE vs NightHrsModelReco R²: -243.2500 | NightHrsTrueNee vs NightHrsModelNee R²: -231.5600
Epoch  1500 | Train Loss: 11.129477 | Val Loss: 10.778339 | Train R²: -392.5078 | Val R²: -371.7937 | NightHrsTrueNEE vs NightHrsModelReco R²: -255.1400 | NightHrsTrueNee vs NightHrsModelNee R²: -245.1100
Epoch  2000 | Train Loss: 6.032926 | Val Loss: 5.837878 | Train R²: -212.3077 | Val R²: -200.9164 | NightHrsTrueNEE vs NightHrsModelReco R²: -260.0700 | NightHrsTrueNee vs NightHrsModelNee R²: -251.4600
Epoch  2500 | Train Loss: 3.685501 | Val Loss: 3.566695 | Train R²: -129.3092 | Val R²: -122.3623 | NightHrsTrueNEE vs NightHrsModelReco R²: -262.3000 | NightHrsTrueNee vs NightHrsModelNee R²: -254.8100
Epoch  3000 | Train Loss: 2.449550 | Val Loss: 2.373258 | Train R²: -85.6094 | Val R²: -81.0846 | NightHrsTrueNEE vs NightHrsModelReco R²: -262.7100 | NightHrsTrueNee vs NightHrsModelNee R²: -256.1300
Epoch  3500 | Train Loss: 1.741084 | Val Loss: 1.690541 | Train R²: -60.5599 | Val R²: -57.4712 | NightHrsTrueNEE vs NightHrsModelReco R²: -260.0600 | NightHrsTrueNee vs NightHrsModelNee R²: -254.2400
Epoch  4000 | Train Loss: 1.299861 | Val Loss: 1.265561 | Train R²: -44.9595 | Val R²: -42.7723 | NightHrsTrueNEE vs NightHrsModelReco R²: -243.0600 | NightHrsTrueNee vs NightHrsModelNee R²: -238.0000
Epoch  4500 | Train Loss: 1.005730 | Val Loss: 0.982318 | Train R²: -34.5598 | Val R²: -32.9757 | NightHrsTrueNEE vs NightHrsModelReco R²: -217.9900 | NightHrsTrueNee vs NightHrsModelNee R²: -213.6700
Epoch  5000 | Train Loss: 0.808620 | Val Loss: 0.793253 | Train R²: -27.5906 | Val R²: -26.4365 | NightHrsTrueNEE vs NightHrsModelReco R²: -207.5900 | NightHrsTrueNee vs NightHrsModelNee R²: -203.7800
Epoch  5500 | Train Loss: 0.666078 | Val Loss: 0.656756 | Train R²: -22.5507 | Val R²: -21.7154 | NightHrsTrueNEE vs NightHrsModelReco R²: -198.0800 | NightHrsTrueNee vs NightHrsModelNee R²: -194.7100
Epoch  6000 | Train Loss: 0.549287 | Val Loss: 0.544183 | Train R²: -18.4213 | Val R²: -17.8218 | NightHrsTrueNEE vs NightHrsModelReco R²: -181.5900 | NightHrsTrueNee vs NightHrsModelNee R²: -178.6800
Epoch  6500 | Train Loss: 0.409753 | Val Loss: 0.405639 | Train R²: -13.4878 | Val R²: -13.0300 | NightHrsTrueNEE vs NightHrsModelReco R²: -122.3700 | NightHrsTrueNee vs NightHrsModelNee R²: -120.2600
Epoch  7000 | Train Loss: 0.280991 | Val Loss: 0.275865 | Train R²: -8.9351 | Val R²: -8.5414 | NightHrsTrueNEE vs NightHrsModelReco R²: -44.7700 | NightHrsTrueNee vs NightHrsModelNee R²: -43.6900
Epoch  7500 | Train Loss: 0.208117 | Val Loss: 0.204619 | Train R²: -6.3585 | Val R²: -6.0772 | NightHrsTrueNEE vs NightHrsModelReco R²: -29.7400 | NightHrsTrueNee vs NightHrsModelNee R²: -28.9800
Epoch  8000 | Train Loss: 0.156757 | Val Loss: 0.154475 | Train R²: -4.5425 | Val R²: -4.3429 | NightHrsTrueNEE vs NightHrsModelReco R²: -21.2100 | NightHrsTrueNee vs NightHrsModelNee R²: -20.6600
Epoch  8500 | Train Loss: 0.119989 | Val Loss: 0.118548 | Train R²: -3.2425 | Val R²: -3.1002 | NightHrsTrueNEE vs NightHrsModelReco R²: -15.5300 | NightHrsTrueNee vs NightHrsModelNee R²: -15.1200
Epoch  9000 | Train Loss: 0.093407 | Val Loss: 0.092540 | Train R²: -2.3026 | Val R²: -2.2007 | NightHrsTrueNEE vs NightHrsModelReco R²: -11.6500 | NightHrsTrueNee vs NightHrsModelNee R²: -11.3400
Epoch  9500 | Train Loss: 0.074181 | Val Loss: 0.073710 | Train R²: -1.6229 | Val R²: -1.5494 | NightHrsTrueNEE vs NightHrsModelReco R²: -8.9000 | NightHrsTrueNee vs NightHrsModelNee R²: -8.6700
Epoch 10000 | Train Loss: 0.060235 | Val Loss: 0.060046 | Train R²: -1.1297 | Val R²: -1.0768 | NightHrsTrueNEE vs NightHrsModelReco R²: -6.9200 | NightHrsTrueNee vs NightHrsModelNee R²: -6.7500
Epoch 10500 | Train Loss: 0.050061 | Val Loss: 0.050078 | Train R²: -0.7700 | Val R²: -0.7321 | NightHrsTrueNEE vs NightHrsModelReco R²: -5.4800 | NightHrsTrueNee vs NightHrsModelNee R²: -5.3500
Epoch 11000 | Train Loss: 0.042619 | Val Loss: 0.042785 | Train R²: -0.5069 | Val R²: -0.4798 | NightHrsTrueNEE vs NightHrsModelReco R²: -4.4200 | NightHrsTrueNee vs NightHrsModelNee R²: -4.3300
Epoch 11500 | Train Loss: 0.037176 | Val Loss: 0.037448 | Train R²: -0.3145 | Val R²: -0.2952 | NightHrsTrueNEE vs NightHrsModelReco R²: -3.6400 | NightHrsTrueNee vs NightHrsModelNee R²: -3.5800
Epoch 12000 | Train Loss: 0.033200 | Val Loss: 0.033544 | Train R²: -0.1739 | Val R²: -0.1602 | NightHrsTrueNEE vs NightHrsModelReco R²: -3.0700 | NightHrsTrueNee vs NightHrsModelNee R²: -3.0200
Epoch 12500 | Train Loss: 0.030300 | Val Loss: 0.030693 | Train R²: -0.0713 | Val R²: -0.0616 | NightHrsTrueNEE vs NightHrsModelReco R²: -2.6400 | NightHrsTrueNee vs NightHrsModelNee R²: -2.6000
Epoch 13000 | Train Loss: 0.028188 | Val Loss: 0.028614 | Train R²: 0.0033 | Val R²: 0.0103 | NightHrsTrueNEE vs NightHrsModelReco R²: -2.3100 | NightHrsTrueNee vs NightHrsModelNee R²: -2.2800
Epoch 13500 | Train Loss: 0.026650 | Val Loss: 0.027097 | Train R²: 0.0577 | Val R²: 0.0628 | NightHrsTrueNEE vs NightHrsModelReco R²: -2.0600 | NightHrsTrueNee vs NightHrsModelNee R²: -2.0400
Epoch 14000 | Train Loss: 0.025523 | Val Loss: 0.025984 | Train R²: 0.0976 | Val R²: 0.1013 | NightHrsTrueNEE vs NightHrsModelReco R²: -1.8800 | NightHrsTrueNee vs NightHrsModelNee R²: -1.8600
Epoch 14500 | Train Loss: 0.024686 | Val Loss: 0.025154 | Train R²: 0.1272 | Val R²: 0.1300 | NightHrsTrueNEE vs NightHrsModelReco R²: -1.7300 | NightHrsTrueNee vs NightHrsModelNee R²: -1.7200
Epoch 15000 | Train Loss: 0.024040 | Val Loss: 0.024516 | Train R²: 0.1500 | Val R²: 0.1521 | NightHrsTrueNEE vs NightHrsModelReco R²: -1.6200 | NightHrsTrueNee vs NightHrsModelNee R²: -1.6200
Epoch 15500 | Train Loss: 0.023509 | Val Loss: 0.023994 | Train R²: 0.1688 | Val R²: 0.1701 | NightHrsTrueNEE vs NightHrsModelReco R²: -1.5400 | NightHrsTrueNee vs NightHrsModelNee R²: -1.5300
Epoch 16000 | Train Loss: 0.023027 | Val Loss: 0.023518 | Train R²: 0.1858 | Val R²: 0.1866 | NightHrsTrueNEE vs NightHrsModelReco R²: -1.4700 | NightHrsTrueNee vs NightHrsModelNee R²: -1.4600
Epoch 16500 | Train Loss: 0.022523 | Val Loss: 0.023008 | Train R²: 0.2036 | Val R²: 0.2042 | NightHrsTrueNEE vs NightHrsModelReco R²: -1.4000 | NightHrsTrueNee vs NightHrsModelNee R²: -1.3900
Epoch 17000 | Train Loss: 0.021898 | Val Loss: 0.022367 | Train R²: 0.2257 | Val R²: 0.2264 | NightHrsTrueNEE vs NightHrsModelReco R²: -1.3100 | NightHrsTrueNee vs NightHrsModelNee R²: -1.3000
Epoch 17500 | Train Loss: 0.021024 | Val Loss: 0.021482 | Train R²: 0.2566 | Val R²: 0.2570 | NightHrsTrueNEE vs NightHrsModelReco R²: -1.1900 | NightHrsTrueNee vs NightHrsModelNee R²: -1.1900
Epoch 18000 | Train Loss: 0.019736 | Val Loss: 0.020195 | Train R²: 0.3022 | Val R²: 0.3015 | NightHrsTrueNEE vs NightHrsModelReco R²: -1.0600 | NightHrsTrueNee vs NightHrsModelNee R²: -1.0500
Epoch 18500 | Train Loss: 0.017856 | Val Loss: 0.018249 | Train R²: 0.3687 | Val R²: 0.3688 | NightHrsTrueNEE vs NightHrsModelReco R²: -0.8600 | NightHrsTrueNee vs NightHrsModelNee R²: -0.8500
Epoch 19000 | Train Loss: 0.015568 | Val Loss: 0.015839 | Train R²: 0.4496 | Val R²: 0.4522 | NightHrsTrueNEE vs NightHrsModelReco R²: -0.7400 | NightHrsTrueNee vs NightHrsModelNee R²: -0.7300
Epoch 19500 | Train Loss: 0.013196 | Val Loss: 0.013326 | Train R²: 0.5334 | Val R²: 0.5391 | NightHrsTrueNEE vs NightHrsModelReco R²: -0.5500 | NightHrsTrueNee vs NightHrsModelNee R²: -0.5400
Epoch 20000 | Train Loss: 0.011069 | Val Loss: 0.011052 | Train R²: 0.6086 | Val R²: 0.6177 | NightHrsTrueNEE vs NightHrsModelReco R²: -0.3300 | NightHrsTrueNee vs NightHrsModelNee R²: -0.3200
Epoch 20500 | Train Loss: 0.009091 | Val Loss: 0.008972 | Train R²: 0.6786 | Val R²: 0.6897 | NightHrsTrueNEE vs NightHrsModelReco R²: -0.1100 | NightHrsTrueNee vs NightHrsModelNee R²: -0.1100
Epoch 21000 | Train Loss: 0.007173 | Val Loss: 0.007028 | Train R²: 0.7464 | Val R²: 0.7569 | NightHrsTrueNEE vs NightHrsModelReco R²: 0.0600 | NightHrsTrueNee vs NightHrsModelNee R²: 0.0600
Epoch 21500 | Train Loss: 0.006145 | Val Loss: 0.006000 | Train R²: 0.7827 | Val R²: 0.7925 | NightHrsTrueNEE vs NightHrsModelReco R²: 0.1900 | NightHrsTrueNee vs NightHrsModelNee R²: 0.2000
Epoch 22000 | Train Loss: 0.005600 | Val Loss: 0.005481 | Train R²: 0.8020 | Val R²: 0.8104 | NightHrsTrueNEE vs NightHrsModelReco R²: 0.2700 | NightHrsTrueNee vs NightHrsModelNee R²: 0.2700
Epoch 22500 | Train Loss: 0.005271 | Val Loss: 0.005181 | Train R²: 0.8136 | Val R²: 0.8208 | NightHrsTrueNEE vs NightHrsModelReco R²: 0.3200 | NightHrsTrueNee vs NightHrsModelNee R²: 0.3200
Epoch 23000 | Train Loss: 0.005100 | Val Loss: 0.005031 | Train R²: 0.8197 | Val R²: 0.8260 | NightHrsTrueNEE vs NightHrsModelReco R²: 0.3500 | NightHrsTrueNee vs NightHrsModelNee R²: 0.3500
Epoch 23500 | Train Loss: 0.005013 | Val Loss: 0.004955 | Train R²: 0.8228 | Val R²: 0.8286 | NightHrsTrueNEE vs NightHrsModelReco R²: 0.3600 | NightHrsTrueNee vs NightHrsModelNee R²: 0.3600
Epoch 24000 | Train Loss: 0.004950 | Val Loss: 0.004901 | Train R²: 0.8250 | Val R²: 0.8305 | NightHrsTrueNEE vs NightHrsModelReco R²: 0.3700 | NightHrsTrueNee vs NightHrsModelNee R²: 0.3700
Epoch 24500 | Train Loss: 0.004883 | Val Loss: 0.004837 | Train R²: 0.8273 | Val R²: 0.8327 | NightHrsTrueNEE vs NightHrsModelReco R²: 0.3700 | NightHrsTrueNee vs NightHrsModelNee R²: 0.3700
Epoch 25000 | Train Loss: 0.004802 | Val Loss: 0.004761 | Train R²: 0.8302 | Val R²: 0.8353 | NightHrsTrueNEE vs NightHrsModelReco R²: 0.3800 | NightHrsTrueNee vs NightHrsModelNee R²: 0.3800
Epoch 25500 | Train Loss: 0.004716 | Val Loss: 0.004678 | Train R²: 0.8333 | Val R²: 0.8382 | NightHrsTrueNEE vs NightHrsModelReco R²: 0.3800 | NightHrsTrueNee vs NightHrsModelNee R²: 0.3900
Epoch 26000 | Train Loss: 0.004632 | Val Loss: 0.004596 | Train R²: 0.8362 | Val R²: 0.8410 | NightHrsTrueNEE vs NightHrsModelReco R²: 0.3900 | NightHrsTrueNee vs NightHrsModelNee R²: 0.3900
Epoch 26500 | Train Loss: 0.004555 | Val Loss: 0.004518 | Train R²: 0.8390 | Val R²: 0.8437 | NightHrsTrueNEE vs NightHrsModelReco R²: 0.4000 | NightHrsTrueNee vs NightHrsModelNee R²: 0.4100
Epoch 27000 | Train Loss: 0.004481 | Val Loss: 0.004444 | Train R²: 0.8416 | Val R²: 0.8463 | NightHrsTrueNEE vs NightHrsModelReco R²: 0.4100 | NightHrsTrueNee vs NightHrsModelNee R²: 0.4200
Epoch 27500 | Train Loss: 0.004405 | Val Loss: 0.004369 | Train R²: 0.8443 | Val R²: 0.8489 | NightHrsTrueNEE vs NightHrsModelReco R²: 0.4300 | NightHrsTrueNee vs NightHrsModelNee R²: 0.4300
Epoch 28000 | Train Loss: 0.004320 | Val Loss: 0.004286 | Train R²: 0.8473 | Val R²: 0.8518 | NightHrsTrueNEE vs NightHrsModelReco R²: 0.4400 | NightHrsTrueNee vs NightHrsModelNee R²: 0.4400
Epoch 28500 | Train Loss: 0.004223 | Val Loss: 0.004192 | Train R²: 0.8507 | Val R²: 0.8550 | NightHrsTrueNEE vs NightHrsModelReco R²: 0.4500 | NightHrsTrueNee vs NightHrsModelNee R²: 0.4500
Epoch 29000 | Train Loss: 0.004120 | Val Loss: 0.004093 | Train R²: 0.8543 | Val R²: 0.8584 | NightHrsTrueNEE vs NightHrsModelReco R²: 0.4600 | NightHrsTrueNee vs NightHrsModelNee R²: 0.4700
Epoch 29500 | Train Loss: 0.004022 | Val Loss: 0.003998 | Train R²: 0.8578 | Val R²: 0.8617 | NightHrsTrueNEE vs NightHrsModelReco R²: 0.4800 | NightHrsTrueNee vs NightHrsModelNee R²: 0.4800
Epoch 30000 | Train Loss: 0.003941 | Val Loss: 0.003920 | Train R²: 0.8606 | Val R²: 0.8644 | NightHrsTrueNEE vs NightHrsModelReco R²: 0.4900 | NightHrsTrueNee vs NightHrsModelNee R²: 0.4900
Epoch 30500 | Train Loss: 0.003882 | Val Loss: 0.003859 | Train R²: 0.8628 | Val R²: 0.8665 | NightHrsTrueNEE vs NightHrsModelReco R²: 0.5000 | NightHrsTrueNee vs NightHrsModelNee R²: 0.5000
Epoch 31000 | Train Loss: 0.003833 | Val Loss: 0.003807 | Train R²: 0.8645 | Val R²: 0.8683 | NightHrsTrueNEE vs NightHrsModelReco R²: 0.5100 | NightHrsTrueNee vs NightHrsModelNee R²: 0.5200
Early stopping at epoch 31495 due to flat/negative trend (slope=0.000002)
Epoch 31495 | Train Loss: 0.003800 | Val Loss: 0.003774 | Train R²: 0.8656 | Val R²: 0.8695
Unpickling models
Following models have been loaded and moved to cuda:
trained gpp model:
 SNN_GPP_Tram(
  (net): Sequential(
    (0): Linear(in_features=3, out_features=12, bias=True)
    (1): Tanh()
    (2): Linear(in_features=12, out_features=1, bias=True)
    (3): Sigmoid()
  )
), trained_reco_model:
 SNN_GPP_Tram(
  (net): Sequential(
    (0): Linear(in_features=3, out_features=12, bias=True)
    (1): Tanh()
    (2): Linear(in_features=12, out_features=1, bias=True)
    (3): Sigmoid()
  )
)
using full data set for visualization
Un-normalizing the GPP and RECO predictions using NEE min: tensor([-36.1705]), NEE max: tensor([35.8634])



Metrics for the Tramontana, with
GPP inputs: ['SW_IN', 'TA', 'VPD']
RECO inputs: ['DOY_sin', 'DOY_cos', 'TA']:
dt_gpp vs Tramontana_GPP R²=0.87 RMSE=2.60
nt_gpp vs Tramontana_GPP R²=0.83 RMSE=2.88
dt_reco vs Tramontana_RECO R²=0.24 RMSE=2.04
nt_reco vs Tramontana_RECO R²=0.18 RMSE=1.83
night_hours_true_nee vs Tramontana_night_hours_model_reco R²=0.49 RMSE=1.43
night_hours_true_nee vs Tramontana_night_hours_model_nee R²=0.49 RMSE=1.43
dt_gpp vs nt_gpp R²=0.95 RMSE=1.56
dt_reco vs nt_reco R²=0.85 RMSE=1.00

gpp_input_names,  ['SW_IN', 'TA', 'VPD', 'WS'] 
reco_input_names,  ['DOY_sin', 'DOY_cos', 'TA', 'WS'] 
true_nee_name,  ['NEE'] 

Tramontana Running on GPU With hidden layer size of 12 Total epochs: 100000 lr: 0.001 patience: 500 min_delta 0.01
SNN_GPP_Tram(
  (net): Sequential(
    (0): Linear(in_features=4, out_features=12, bias=True)
    (1): Tanh()
    (2): Linear(in_features=12, out_features=1, bias=True)
    (3): Sigmoid()
  )
)
SNN_RECO_Tram(
  (net): Sequential(
    (0): Linear(in_features=4, out_features=12, bias=True)
    (1): Tanh()
    (2): Linear(in_features=12, out_features=1, bias=True)
    (3): Sigmoid()
  )
)
Params are min slope: 2e-06, trend window: 100
Epoch     0 | Train Loss: 13286.389648 | Val Loss: 13048.198242 | Train R²: -469769.2500 | Val R²: -451301.0000 | NightHrsTrueNEE vs NightHrsModelReco R²: -52.2000 | NightHrsTrueNee vs NightHrsModelNee R²: -144.7200
Epoch   500 | Train Loss: 147.362152 | Val Loss: 141.979492 | Train R²: -5209.3208 | Val R²: -4909.6875 | NightHrsTrueNEE vs NightHrsModelReco R²: -194.9900 | NightHrsTrueNee vs NightHrsModelNee R²: -184.0700
Epoch  1000 | Train Loss: 37.880505 | Val Loss: 36.118561 | Train R²: -1338.3505 | Val R²: -1248.2434 | NightHrsTrueNEE vs NightHrsModelReco R²: -240.5200 | NightHrsTrueNee vs NightHrsModelNee R²: -230.0600
Epoch  1500 | Train Loss: 16.436007 | Val Loss: 15.555723 | Train R²: -580.1320 | Val R²: -537.0305 | NightHrsTrueNEE vs NightHrsModelReco R²: -253.4400 | NightHrsTrueNee vs NightHrsModelNee R²: -244.7100
Epoch  2000 | Train Loss: 8.813288 | Val Loss: 8.292831 | Train R²: -310.6136 | Val R²: -285.8267 | NightHrsTrueNEE vs NightHrsModelReco R²: -258.9100 | NightHrsTrueNee vs NightHrsModelNee R²: -251.5300
Epoch  2500 | Train Loss: 5.316241 | Val Loss: 4.979843 | Train R²: -186.9677 | Val R²: -171.2393 | NightHrsTrueNEE vs NightHrsModelReco R²: -261.5700 | NightHrsTrueNee vs NightHrsModelNee R²: -255.2200
Epoch  3000 | Train Loss: 3.470234 | Val Loss: 3.240773 | Train R²: -121.6979 | Val R²: -111.0896 | NightHrsTrueNEE vs NightHrsModelReco R²: -262.6300 | NightHrsTrueNee vs NightHrsModelNee R²: -257.0900
Epoch  3500 | Train Loss: 2.407547 | Val Loss: 2.245445 | Train R²: -84.1243 | Val R²: -76.6639 | NightHrsTrueNEE vs NightHrsModelReco R²: -262.0600 | NightHrsTrueNee vs NightHrsModelNee R²: -257.1900
Epoch  4000 | Train Loss: 1.758007 | Val Loss: 1.640673 | Train R²: -61.1583 | Val R²: -55.7464 | NightHrsTrueNEE vs NightHrsModelReco R²: -257.5200 | NightHrsTrueNee vs NightHrsModelNee R²: -253.2300
Epoch  4500 | Train Loss: 1.332582 | Val Loss: 1.245792 | Train R²: -46.1164 | Val R²: -42.0886 | NightHrsTrueNEE vs NightHrsModelReco R²: -233.5700 | NightHrsTrueNee vs NightHrsModelNee R²: -229.9300
Epoch  5000 | Train Loss: 1.048257 | Val Loss: 0.983557 | Train R²: -36.0635 | Val R²: -33.0186 | NightHrsTrueNEE vs NightHrsModelReco R²: -214.2200 | NightHrsTrueNee vs NightHrsModelNee R²: -211.1200
Epoch  5500 | Train Loss: 0.853416 | Val Loss: 0.805002 | Train R²: -29.1744 | Val R²: -26.8428 | NightHrsTrueNEE vs NightHrsModelReco R²: -201.8600 | NightHrsTrueNee vs NightHrsModelNee R²: -199.1600
Epoch  6000 | Train Loss: 0.707215 | Val Loss: 0.670798 | Train R²: -24.0052 | Val R²: -22.2011 | NightHrsTrueNEE vs NightHrsModelReco R²: -185.2200 | NightHrsTrueNee vs NightHrsModelNee R²: -182.9100
Epoch  6500 | Train Loss: 0.559858 | Val Loss: 0.531058 | Train R²: -18.7950 | Val R²: -17.3678 | NightHrsTrueNEE vs NightHrsModelReco R²: -147.8800 | NightHrsTrueNee vs NightHrsModelNee R²: -146.0200
Epoch  7000 | Train Loss: 0.380127 | Val Loss: 0.353405 | Train R²: -12.4402 | Val R²: -11.2233 | NightHrsTrueNEE vs NightHrsModelReco R²: -63.5100 | NightHrsTrueNee vs NightHrsModelNee R²: -62.4100
Epoch  7500 | Train Loss: 0.280522 | Val Loss: 0.259986 | Train R²: -8.9185 | Val R²: -7.9922 | NightHrsTrueNEE vs NightHrsModelReco R²: -39.6400 | NightHrsTrueNee vs NightHrsModelNee R²: -38.8800
Epoch  8000 | Train Loss: 0.209841 | Val Loss: 0.194342 | Train R²: -6.4194 | Val R²: -5.7218 | NightHrsTrueNEE vs NightHrsModelReco R²: -27.9900 | NightHrsTrueNee vs NightHrsModelNee R²: -27.4300
Epoch  8500 | Train Loss: 0.158678 | Val Loss: 0.146944 | Train R²: -4.6104 | Val R²: -4.0824 | NightHrsTrueNEE vs NightHrsModelReco R²: -20.1700 | NightHrsTrueNee vs NightHrsModelNee R²: -19.7500
Epoch  9000 | Train Loss: 0.121437 | Val Loss: 0.112518 | Train R²: -3.2937 | Val R²: -2.8917 | NightHrsTrueNEE vs NightHrsModelReco R²: -14.7200 | NightHrsTrueNee vs NightHrsModelNee R²: -14.4100
Epoch  9500 | Train Loss: 0.094233 | Val Loss: 0.087435 | Train R²: -2.3318 | Val R²: -2.0241 | NightHrsTrueNEE vs NightHrsModelReco R²: -10.8900 | NightHrsTrueNee vs NightHrsModelNee R²: -10.6600
Epoch 10000 | Train Loss: 0.074322 | Val Loss: 0.069133 | Train R²: -1.6278 | Val R²: -1.3911 | NightHrsTrueNEE vs NightHrsModelReco R²: -8.1800 | NightHrsTrueNee vs NightHrsModelNee R²: -8.0000
Epoch 10500 | Train Loss: 0.059734 | Val Loss: 0.055775 | Train R²: -1.1120 | Val R²: -0.9291 | NightHrsTrueNEE vs NightHrsModelReco R²: -6.2400 | NightHrsTrueNee vs NightHrsModelNee R²: -6.1100
Epoch 11000 | Train Loss: 0.049040 | Val Loss: 0.046027 | Train R²: -0.7339 | Val R²: -0.5920 | NightHrsTrueNEE vs NightHrsModelReco R²: -4.8500 | NightHrsTrueNee vs NightHrsModelNee R²: -4.7500
Epoch 11500 | Train Loss: 0.041202 | Val Loss: 0.038921 | Train R²: -0.4568 | Val R²: -0.3462 | NightHrsTrueNEE vs NightHrsModelReco R²: -3.8500 | NightHrsTrueNee vs NightHrsModelNee R²: -3.7800
Epoch 12000 | Train Loss: 0.035471 | Val Loss: 0.033758 | Train R²: -0.2541 | Val R²: -0.1676 | NightHrsTrueNEE vs NightHrsModelReco R²: -3.1200 | NightHrsTrueNee vs NightHrsModelNee R²: -3.0700
Epoch 12500 | Train Loss: 0.031298 | Val Loss: 0.030025 | Train R²: -0.1066 | Val R²: -0.0385 | NightHrsTrueNEE vs NightHrsModelReco R²: -2.6000 | NightHrsTrueNee vs NightHrsModelNee R²: -2.5600
Epoch 13000 | Train Loss: 0.028276 | Val Loss: 0.027344 | Train R²: 0.0003 | Val R²: 0.0542 | NightHrsTrueNEE vs NightHrsModelReco R²: -2.2200 | NightHrsTrueNee vs NightHrsModelNee R²: -2.1800
Epoch 13500 | Train Loss: 0.026097 | Val Loss: 0.025430 | Train R²: 0.0773 | Val R²: 0.1204 | NightHrsTrueNEE vs NightHrsModelReco R²: -1.9300 | NightHrsTrueNee vs NightHrsModelNee R²: -1.9100
Epoch 14000 | Train Loss: 0.024528 | Val Loss: 0.024067 | Train R²: 0.1327 | Val R²: 0.1676 | NightHrsTrueNEE vs NightHrsModelReco R²: -1.7200 | NightHrsTrueNee vs NightHrsModelNee R²: -1.7000
Epoch 14500 | Train Loss: 0.023391 | Val Loss: 0.023087 | Train R²: 0.1730 | Val R²: 0.2015 | NightHrsTrueNEE vs NightHrsModelReco R²: -1.5500 | NightHrsTrueNee vs NightHrsModelNee R²: -1.5400
Epoch 15000 | Train Loss: 0.022545 | Val Loss: 0.022364 | Train R²: 0.2029 | Val R²: 0.2265 | NightHrsTrueNEE vs NightHrsModelReco R²: -1.4100 | NightHrsTrueNee vs NightHrsModelNee R²: -1.4000
Epoch 15500 | Train Loss: 0.021877 | Val Loss: 0.021788 | Train R²: 0.2265 | Val R²: 0.2464 | NightHrsTrueNEE vs NightHrsModelReco R²: -1.2800 | NightHrsTrueNee vs NightHrsModelNee R²: -1.2700
Epoch 16000 | Train Loss: 0.021279 | Val Loss: 0.021260 | Train R²: 0.2476 | Val R²: 0.2647 | NightHrsTrueNEE vs NightHrsModelReco R²: -1.1300 | NightHrsTrueNee vs NightHrsModelNee R²: -1.1200
Epoch 16500 | Train Loss: 0.020634 | Val Loss: 0.020668 | Train R²: 0.2704 | Val R²: 0.2851 | NightHrsTrueNEE vs NightHrsModelReco R²: -0.9300 | NightHrsTrueNee vs NightHrsModelNee R²: -0.9300
Epoch 17000 | Train Loss: 0.019871 | Val Loss: 0.019939 | Train R²: 0.2974 | Val R²: 0.3104 | NightHrsTrueNEE vs NightHrsModelReco R²: -0.7600 | NightHrsTrueNee vs NightHrsModelNee R²: -0.7500
Epoch 17500 | Train Loss: 0.019063 | Val Loss: 0.019143 | Train R²: 0.3260 | Val R²: 0.3379 | NightHrsTrueNEE vs NightHrsModelReco R²: -0.6900 | NightHrsTrueNee vs NightHrsModelNee R²: -0.6900
Epoch 18000 | Train Loss: 0.018182 | Val Loss: 0.018246 | Train R²: 0.3571 | Val R²: 0.3689 | NightHrsTrueNEE vs NightHrsModelReco R²: -0.6600 | NightHrsTrueNee vs NightHrsModelNee R²: -0.6500
Epoch 18500 | Train Loss: 0.017136 | Val Loss: 0.017156 | Train R²: 0.3941 | Val R²: 0.4066 | NightHrsTrueNEE vs NightHrsModelReco R²: -0.6300 | NightHrsTrueNee vs NightHrsModelNee R²: -0.6200
Epoch 19000 | Train Loss: 0.015816 | Val Loss: 0.015771 | Train R²: 0.4408 | Val R²: 0.4545 | NightHrsTrueNEE vs NightHrsModelReco R²: -0.6000 | NightHrsTrueNee vs NightHrsModelNee R²: -0.5900
Epoch 19500 | Train Loss: 0.014099 | Val Loss: 0.013975 | Train R²: 0.5015 | Val R²: 0.5166 | NightHrsTrueNEE vs NightHrsModelReco R²: -0.5300 | NightHrsTrueNee vs NightHrsModelNee R²: -0.5300
Epoch 20000 | Train Loss: 0.011976 | Val Loss: 0.011775 | Train R²: 0.5766 | Val R²: 0.5927 | NightHrsTrueNEE vs NightHrsModelReco R²: -0.4100 | NightHrsTrueNee vs NightHrsModelNee R²: -0.4000
Epoch 20500 | Train Loss: 0.009769 | Val Loss: 0.009520 | Train R²: 0.6546 | Val R²: 0.6707 | NightHrsTrueNEE vs NightHrsModelReco R²: -0.2200 | NightHrsTrueNee vs NightHrsModelNee R²: -0.2100
Epoch 21000 | Train Loss: 0.008099 | Val Loss: 0.007841 | Train R²: 0.7136 | Val R²: 0.7288 | NightHrsTrueNEE vs NightHrsModelReco R²: -0.0100 | NightHrsTrueNee vs NightHrsModelNee R²: -0.0100
Epoch 21500 | Train Loss: 0.007143 | Val Loss: 0.006901 | Train R²: 0.7474 | Val R²: 0.7613 | NightHrsTrueNEE vs NightHrsModelReco R²: 0.1200 | NightHrsTrueNee vs NightHrsModelNee R²: 0.1200
Epoch 22000 | Train Loss: 0.006473 | Val Loss: 0.006273 | Train R²: 0.7711 | Val R²: 0.7830 | NightHrsTrueNEE vs NightHrsModelReco R²: 0.1900 | NightHrsTrueNee vs NightHrsModelNee R²: 0.1900
Epoch 22500 | Train Loss: 0.005896 | Val Loss: 0.005734 | Train R²: 0.7915 | Val R²: 0.8017 | NightHrsTrueNEE vs NightHrsModelReco R²: 0.2500 | NightHrsTrueNee vs NightHrsModelNee R²: 0.2500
Epoch 23000 | Train Loss: 0.005434 | Val Loss: 0.005311 | Train R²: 0.8079 | Val R²: 0.8163 | NightHrsTrueNEE vs NightHrsModelReco R²: 0.3000 | NightHrsTrueNee vs NightHrsModelNee R²: 0.3000
Epoch 23500 | Train Loss: 0.005079 | Val Loss: 0.004978 | Train R²: 0.8204 | Val R²: 0.8278 | NightHrsTrueNEE vs NightHrsModelReco R²: 0.3400 | NightHrsTrueNee vs NightHrsModelNee R²: 0.3400
Epoch 24000 | Train Loss: 0.004817 | Val Loss: 0.004732 | Train R²: 0.8297 | Val R²: 0.8363 | NightHrsTrueNEE vs NightHrsModelReco R²: 0.3600 | NightHrsTrueNee vs NightHrsModelNee R²: 0.3600
Epoch 24500 | Train Loss: 0.004637 | Val Loss: 0.004564 | Train R²: 0.8361 | Val R²: 0.8421 | NightHrsTrueNEE vs NightHrsModelReco R²: 0.3800 | NightHrsTrueNee vs NightHrsModelNee R²: 0.3900
Epoch 25000 | Train Loss: 0.004509 | Val Loss: 0.004447 | Train R²: 0.8406 | Val R²: 0.8462 | NightHrsTrueNEE vs NightHrsModelReco R²: 0.4000 | NightHrsTrueNee vs NightHrsModelNee R²: 0.4000
Epoch 25500 | Train Loss: 0.004411 | Val Loss: 0.004359 | Train R²: 0.8441 | Val R²: 0.8493 | NightHrsTrueNEE vs NightHrsModelReco R²: 0.4100 | NightHrsTrueNee vs NightHrsModelNee R²: 0.4100
Epoch 26000 | Train Loss: 0.004330 | Val Loss: 0.004285 | Train R²: 0.8469 | Val R²: 0.8518 | NightHrsTrueNEE vs NightHrsModelReco R²: 0.4200 | NightHrsTrueNee vs NightHrsModelNee R²: 0.4200
Epoch 26500 | Train Loss: 0.004258 | Val Loss: 0.004217 | Train R²: 0.8494 | Val R²: 0.8542 | NightHrsTrueNEE vs NightHrsModelReco R²: 0.4300 | NightHrsTrueNee vs NightHrsModelNee R²: 0.4300
Epoch 27000 | Train Loss: 0.004186 | Val Loss: 0.004147 | Train R²: 0.8520 | Val R²: 0.8566 | NightHrsTrueNEE vs NightHrsModelReco R²: 0.4400 | NightHrsTrueNee vs NightHrsModelNee R²: 0.4400
Epoch 27500 | Train Loss: 0.004110 | Val Loss: 0.004073 | Train R²: 0.8547 | Val R²: 0.8591 | NightHrsTrueNEE vs NightHrsModelReco R²: 0.4500 | NightHrsTrueNee vs NightHrsModelNee R²: 0.4500
Epoch 28000 | Train Loss: 0.004027 | Val Loss: 0.003992 | Train R²: 0.8576 | Val R²: 0.8619 | NightHrsTrueNEE vs NightHrsModelReco R²: 0.4600 | NightHrsTrueNee vs NightHrsModelNee R²: 0.4600
Epoch 28500 | Train Loss: 0.003940 | Val Loss: 0.003908 | Train R²: 0.8607 | Val R²: 0.8648 | NightHrsTrueNEE vs NightHrsModelReco R²: 0.4700 | NightHrsTrueNee vs NightHrsModelNee R²: 0.4700
Epoch 29000 | Train Loss: 0.003858 | Val Loss: 0.003829 | Train R²: 0.8636 | Val R²: 0.8676 | NightHrsTrueNEE vs NightHrsModelReco R²: 0.4900 | NightHrsTrueNee vs NightHrsModelNee R²: 0.4900
Epoch 29500 | Train Loss: 0.003788 | Val Loss: 0.003764 | Train R²: 0.8661 | Val R²: 0.8698 | NightHrsTrueNEE vs NightHrsModelReco R²: 0.5000 | NightHrsTrueNee vs NightHrsModelNee R²: 0.5000
Epoch 30000 | Train Loss: 0.003733 | Val Loss: 0.003713 | Train R²: 0.8680 | Val R²: 0.8716 | NightHrsTrueNEE vs NightHrsModelReco R²: 0.5100 | NightHrsTrueNee vs NightHrsModelNee R²: 0.5100
Epoch 30500 | Train Loss: 0.003688 | Val Loss: 0.003674 | Train R²: 0.8696 | Val R²: 0.8729 | NightHrsTrueNEE vs NightHrsModelReco R²: 0.5100 | NightHrsTrueNee vs NightHrsModelNee R²: 0.5100
Early stopping at epoch 30936 due to flat/negative trend (slope=0.000002)
Epoch 30936 | Train Loss: 0.003656 | Val Loss: 0.003647 | Train R²: 0.8707 | Val R²: 0.8739
Unpickling models
Following models have been loaded and moved to cuda:
trained gpp model:
 SNN_GPP_Tram(
  (net): Sequential(
    (0): Linear(in_features=4, out_features=12, bias=True)
    (1): Tanh()
    (2): Linear(in_features=12, out_features=1, bias=True)
    (3): Sigmoid()
  )
), trained_reco_model:
 SNN_GPP_Tram(
  (net): Sequential(
    (0): Linear(in_features=4, out_features=12, bias=True)
    (1): Tanh()
    (2): Linear(in_features=12, out_features=1, bias=True)
    (3): Sigmoid()
  )
)
using full data set for visualization
Un-normalizing the GPP and RECO predictions using NEE min: tensor([-36.1705]), NEE max: tensor([35.8634])



Metrics for the Tramontana, with
GPP inputs: ['SW_IN', 'TA', 'VPD', 'WS']
RECO inputs: ['DOY_sin', 'DOY_cos', 'TA', 'WS']:
dt_gpp vs Tramontana_GPP R²=0.86 RMSE=2.67
nt_gpp vs Tramontana_GPP R²=0.82 RMSE=2.99
dt_reco vs Tramontana_RECO R²=0.13 RMSE=2.18
nt_reco vs Tramontana_RECO R²=-0.05 RMSE=2.08
night_hours_true_nee vs Tramontana_night_hours_model_reco R²=0.50 RMSE=1.42
night_hours_true_nee vs Tramontana_night_hours_model_nee R²=0.50 RMSE=1.42
dt_gpp vs nt_gpp R²=0.95 RMSE=1.56
dt_reco vs nt_reco R²=0.85 RMSE=1.00

gpp_input_names,  ['SW_IN', 'TA', 'VPD', 'WS', 'WD_COS', 'WD_SIN'] 
reco_input_names,  ['DOY_sin', 'DOY_cos', 'TA', 'WS', 'WD_COS', 'WD_SIN'] 
true_nee_name,  ['NEE'] 

Tramontana Running on GPU With hidden layer size of 12 Total epochs: 100000 lr: 0.001 patience: 500 min_delta 0.01
SNN_GPP_Tram(
  (net): Sequential(
    (0): Linear(in_features=6, out_features=12, bias=True)
    (1): Tanh()
    (2): Linear(in_features=12, out_features=1, bias=True)
    (3): Sigmoid()
  )
)
SNN_RECO_Tram(
  (net): Sequential(
    (0): Linear(in_features=6, out_features=12, bias=True)
    (1): Tanh()
    (2): Linear(in_features=12, out_features=1, bias=True)
    (3): Sigmoid()
  )
)
Params are min slope: 2e-06, trend window: 100
Epoch     0 | Train Loss: 11530.525391 | Val Loss: 11301.236328 | Train R²: -407686.7188 | Val R²: -390878.2812 | NightHrsTrueNEE vs NightHrsModelReco R²: -71.7500 | NightHrsTrueNee vs NightHrsModelNee R²: -193.4000
Epoch   500 | Train Loss: 204.960068 | Val Loss: 198.352005 | Train R²: -7245.8242 | Val R²: -6859.4604 | NightHrsTrueNEE vs NightHrsModelReco R²: -218.6100 | NightHrsTrueNee vs NightHrsModelNee R²: -212.1400
Epoch  1000 | Train Loss: 53.546700 | Val Loss: 51.150494 | Train R²: -1892.2642 | Val R²: -1768.1577 | NightHrsTrueNEE vs NightHrsModelReco R²: -252.2400 | NightHrsTrueNee vs NightHrsModelNee R²: -240.5600
Epoch  1500 | Train Loss: 23.113525 | Val Loss: 21.877779 | Train R²: -816.2308 | Val R²: -755.6933 | NightHrsTrueNEE vs NightHrsModelReco R²: -261.4000 | NightHrsTrueNee vs NightHrsModelNee R²: -250.6400
Epoch  2000 | Train Loss: 12.268489 | Val Loss: 11.530919 | Train R²: -432.7801 | Val R²: -397.8234 | NightHrsTrueNEE vs NightHrsModelReco R²: -265.0200 | NightHrsTrueNee vs NightHrsModelNee R²: -255.5600
Epoch  2500 | Train Loss: 7.296834 | Val Loss: 6.820424 | Train R²: -256.9960 | Val R²: -234.9000 | NightHrsTrueNEE vs NightHrsModelReco R²: -266.5200 | NightHrsTrueNee vs NightHrsModelNee R²: -258.2400
Epoch  3000 | Train Loss: 4.674514 | Val Loss: 4.351560 | Train R²: -164.2780 | Val R²: -149.5087 | NightHrsTrueNEE vs NightHrsModelReco R²: -266.5700 | NightHrsTrueNee vs NightHrsModelNee R²: -259.2900
Epoch  3500 | Train Loss: 3.164166 | Val Loss: 2.938108 | Train R²: -110.8762 | Val R²: -100.6212 | NightHrsTrueNEE vs NightHrsModelReco R²: -263.8600 | NightHrsTrueNee vs NightHrsModelNee R²: -257.4600
Epoch  4000 | Train Loss: 2.231066 | Val Loss: 2.068429 | Train R²: -77.8844 | Val R²: -70.5414 | NightHrsTrueNEE vs NightHrsModelReco R²: -241.1800 | NightHrsTrueNee vs NightHrsModelNee R²: -235.8200
Epoch  4500 | Train Loss: 1.618947 | Val Loss: 1.498079 | Train R²: -56.2415 | Val R²: -50.8145 | NightHrsTrueNEE vs NightHrsModelReco R²: -194.2300 | NightHrsTrueNee vs NightHrsModelNee R²: -190.1400
Epoch  5000 | Train Loss: 1.204530 | Val Loss: 1.114022 | Train R²: -41.5889 | Val R²: -37.5310 | NightHrsTrueNEE vs NightHrsModelReco R²: -159.4300 | NightHrsTrueNee vs NightHrsModelNee R²: -156.2500
Epoch  5500 | Train Loss: 0.922148 | Val Loss: 0.854531 | Train R²: -31.6046 | Val R²: -28.5559 | NightHrsTrueNEE vs NightHrsModelReco R²: -141.3400 | NightHrsTrueNee vs NightHrsModelNee R²: -138.6800
Epoch  6000 | Train Loss: 0.724092 | Val Loss: 0.673510 | Train R²: -24.6019 | Val R²: -22.2949 | NightHrsTrueNEE vs NightHrsModelReco R²: -126.9500 | NightHrsTrueNee vs NightHrsModelNee R²: -124.6800
Epoch  6500 | Train Loss: 0.575009 | Val Loss: 0.537274 | Train R²: -19.3307 | Val R²: -17.5829 | NightHrsTrueNEE vs NightHrsModelReco R²: -111.5200 | NightHrsTrueNee vs NightHrsModelNee R²: -109.5400
Epoch  7000 | Train Loss: 0.432752 | Val Loss: 0.403802 | Train R²: -14.3009 | Val R²: -12.9664 | NightHrsTrueNEE vs NightHrsModelReco R²: -87.5300 | NightHrsTrueNee vs NightHrsModelNee R²: -85.8000
Epoch  7500 | Train Loss: 0.328140 | Val Loss: 0.305075 | Train R²: -10.6021 | Val R²: -9.5517 | NightHrsTrueNEE vs NightHrsModelReco R²: -66.0200 | NightHrsTrueNee vs NightHrsModelNee R²: -64.6700
Epoch  8000 | Train Loss: 0.242304 | Val Loss: 0.223104 | Train R²: -7.5672 | Val R²: -6.7166 | NightHrsTrueNEE vs NightHrsModelReco R²: -37.3500 | NightHrsTrueNee vs NightHrsModelNee R²: -36.4900
Epoch  8500 | Train Loss: 0.182234 | Val Loss: 0.167378 | Train R²: -5.4433 | Val R²: -4.7891 | NightHrsTrueNEE vs NightHrsModelReco R²: -26.3700 | NightHrsTrueNee vs NightHrsModelNee R²: -25.7300
Epoch  9000 | Train Loss: 0.137805 | Val Loss: 0.126474 | Train R²: -3.8724 | Val R²: -3.3744 | NightHrsTrueNEE vs NightHrsModelReco R²: -19.1100 | NightHrsTrueNee vs NightHrsModelNee R²: -18.6300
Epoch  9500 | Train Loss: 0.105014 | Val Loss: 0.096382 | Train R²: -2.7130 | Val R²: -2.3336 | NightHrsTrueNEE vs NightHrsModelReco R²: -13.9000 | NightHrsTrueNee vs NightHrsModelNee R²: -13.5400
Epoch 10000 | Train Loss: 0.080756 | Val Loss: 0.074139 | Train R²: -1.8553 | Val R²: -1.5643 | NightHrsTrueNEE vs NightHrsModelReco R²: -10.1000 | NightHrsTrueNee vs NightHrsModelNee R²: -9.8300
Epoch 10500 | Train Loss: 0.062749 | Val Loss: 0.057647 | Train R²: -1.2186 | Val R²: -0.9938 | NightHrsTrueNEE vs NightHrsModelReco R²: -7.3900 | NightHrsTrueNee vs NightHrsModelNee R²: -7.1900
Epoch 11000 | Train Loss: 0.049385 | Val Loss: 0.045432 | Train R²: -0.7461 | Val R²: -0.5714 | NightHrsTrueNEE vs NightHrsModelReco R²: -5.4600 | NightHrsTrueNee vs NightHrsModelNee R²: -5.3100
Epoch 11500 | Train Loss: 0.039528 | Val Loss: 0.036455 | Train R²: -0.3976 | Val R²: -0.2609 | NightHrsTrueNEE vs NightHrsModelReco R²: -4.0800 | NightHrsTrueNee vs NightHrsModelNee R²: -3.9600
Epoch 12000 | Train Loss: 0.032319 | Val Loss: 0.029921 | Train R²: -0.1427 | Val R²: -0.0349 | NightHrsTrueNEE vs NightHrsModelReco R²: -3.0900 | NightHrsTrueNee vs NightHrsModelNee R²: -3.0100
Epoch 12500 | Train Loss: 0.027078 | Val Loss: 0.025206 | Train R²: 0.0426 | Val R²: 0.1282 | NightHrsTrueNEE vs NightHrsModelReco R²: -2.3900 | NightHrsTrueNee vs NightHrsModelNee R²: -2.3200
Epoch 13000 | Train Loss: 0.023283 | Val Loss: 0.021826 | Train R²: 0.1768 | Val R²: 0.2451 | NightHrsTrueNEE vs NightHrsModelReco R²: -1.8800 | NightHrsTrueNee vs NightHrsModelNee R²: -1.8300
Epoch 13500 | Train Loss: 0.020542 | Val Loss: 0.019411 | Train R²: 0.2737 | Val R²: 0.3286 | NightHrsTrueNEE vs NightHrsModelReco R²: -1.5200 | NightHrsTrueNee vs NightHrsModelNee R²: -1.4800
Epoch 14000 | Train Loss: 0.018557 | Val Loss: 0.017683 | Train R²: 0.3439 | Val R²: 0.3884 | NightHrsTrueNEE vs NightHrsModelReco R²: -1.2400 | NightHrsTrueNee vs NightHrsModelNee R²: -1.2100
Epoch 14500 | Train Loss: 0.017103 | Val Loss: 0.016428 | Train R²: 0.3953 | Val R²: 0.4318 | NightHrsTrueNEE vs NightHrsModelReco R²: -1.0400 | NightHrsTrueNee vs NightHrsModelNee R²: -1.0100
Epoch 15000 | Train Loss: 0.015991 | Val Loss: 0.015467 | Train R²: 0.4346 | Val R²: 0.4650 | NightHrsTrueNEE vs NightHrsModelReco R²: -0.8800 | NightHrsTrueNee vs NightHrsModelNee R²: -0.8600
Epoch 15500 | Train Loss: 0.015075 | Val Loss: 0.014661 | Train R²: 0.4670 | Val R²: 0.4929 | NightHrsTrueNEE vs NightHrsModelReco R²: -0.7600 | NightHrsTrueNee vs NightHrsModelNee R²: -0.7500
Epoch 16000 | Train Loss: 0.014307 | Val Loss: 0.013970 | Train R²: 0.4942 | Val R²: 0.5168 | NightHrsTrueNEE vs NightHrsModelReco R²: -0.6800 | NightHrsTrueNee vs NightHrsModelNee R²: -0.6700
Epoch 16500 | Train Loss: 0.013607 | Val Loss: 0.013319 | Train R²: 0.5189 | Val R²: 0.5393 | NightHrsTrueNEE vs NightHrsModelReco R²: -0.6200 | NightHrsTrueNee vs NightHrsModelNee R²: -0.6100
Epoch 17000 | Train Loss: 0.012897 | Val Loss: 0.012631 | Train R²: 0.5440 | Val R²: 0.5631 | NightHrsTrueNEE vs NightHrsModelReco R²: -0.5600 | NightHrsTrueNee vs NightHrsModelNee R²: -0.5500
Epoch 17500 | Train Loss: 0.012157 | Val Loss: 0.011898 | Train R²: 0.5701 | Val R²: 0.5885 | NightHrsTrueNEE vs NightHrsModelReco R²: -0.5300 | NightHrsTrueNee vs NightHrsModelNee R²: -0.5100
Epoch 18000 | Train Loss: 0.011399 | Val Loss: 0.011149 | Train R²: 0.5970 | Val R²: 0.6144 | NightHrsTrueNEE vs NightHrsModelReco R²: -0.5000 | NightHrsTrueNee vs NightHrsModelNee R²: -0.4900
Epoch 18500 | Train Loss: 0.010625 | Val Loss: 0.010384 | Train R²: 0.6243 | Val R²: 0.6408 | NightHrsTrueNEE vs NightHrsModelReco R²: -0.4600 | NightHrsTrueNee vs NightHrsModelNee R²: -0.4500
Epoch 19000 | Train Loss: 0.009851 | Val Loss: 0.009617 | Train R²: 0.6517 | Val R²: 0.6674 | NightHrsTrueNEE vs NightHrsModelReco R²: -0.4000 | NightHrsTrueNee vs NightHrsModelNee R²: -0.4000
Epoch 19500 | Train Loss: 0.009110 | Val Loss: 0.008886 | Train R²: 0.6779 | Val R²: 0.6927 | NightHrsTrueNEE vs NightHrsModelReco R²: -0.3300 | NightHrsTrueNee vs NightHrsModelNee R²: -0.3300
Epoch 20000 | Train Loss: 0.008421 | Val Loss: 0.008208 | Train R²: 0.7023 | Val R²: 0.7161 | NightHrsTrueNEE vs NightHrsModelReco R²: -0.2500 | NightHrsTrueNee vs NightHrsModelNee R²: -0.2500
Epoch 20500 | Train Loss: 0.007798 | Val Loss: 0.007596 | Train R²: 0.7243 | Val R²: 0.7373 | NightHrsTrueNEE vs NightHrsModelReco R²: -0.1700 | NightHrsTrueNee vs NightHrsModelNee R²: -0.1700
Epoch 21000 | Train Loss: 0.007250 | Val Loss: 0.007062 | Train R²: 0.7437 | Val R²: 0.7558 | NightHrsTrueNEE vs NightHrsModelReco R²: -0.1000 | NightHrsTrueNee vs NightHrsModelNee R²: -0.0900
Epoch 21500 | Train Loss: 0.006778 | Val Loss: 0.006606 | Train R²: 0.7603 | Val R²: 0.7715 | NightHrsTrueNEE vs NightHrsModelReco R²: -0.0200 | NightHrsTrueNee vs NightHrsModelNee R²: -0.0200
Epoch 22000 | Train Loss: 0.006376 | Val Loss: 0.006226 | Train R²: 0.7746 | Val R²: 0.7847 | NightHrsTrueNEE vs NightHrsModelReco R²: 0.0400 | NightHrsTrueNee vs NightHrsModelNee R²: 0.0400
Epoch 22500 | Train Loss: 0.006018 | Val Loss: 0.005890 | Train R²: 0.7872 | Val R²: 0.7963 | NightHrsTrueNEE vs NightHrsModelReco R²: 0.1100 | NightHrsTrueNee vs NightHrsModelNee R²: 0.1100
Epoch 23000 | Train Loss: 0.005660 | Val Loss: 0.005557 | Train R²: 0.7999 | Val R²: 0.8078 | NightHrsTrueNEE vs NightHrsModelReco R²: 0.1700 | NightHrsTrueNee vs NightHrsModelNee R²: 0.1700
Epoch 23500 | Train Loss: 0.005222 | Val Loss: 0.005135 | Train R²: 0.8154 | Val R²: 0.8224 | NightHrsTrueNEE vs NightHrsModelReco R²: 0.2400 | NightHrsTrueNee vs NightHrsModelNee R²: 0.2400
Epoch 24000 | Train Loss: 0.004829 | Val Loss: 0.004757 | Train R²: 0.8292 | Val R²: 0.8355 | NightHrsTrueNEE vs NightHrsModelReco R²: 0.3100 | NightHrsTrueNee vs NightHrsModelNee R²: 0.3100
Epoch 24500 | Train Loss: 0.004521 | Val Loss: 0.004455 | Train R²: 0.8401 | Val R²: 0.8459 | NightHrsTrueNEE vs NightHrsModelReco R²: 0.3600 | NightHrsTrueNee vs NightHrsModelNee R²: 0.3600
Epoch 25000 | Train Loss: 0.004331 | Val Loss: 0.004266 | Train R²: 0.8469 | Val R²: 0.8525 | NightHrsTrueNEE vs NightHrsModelReco R²: 0.3900 | NightHrsTrueNee vs NightHrsModelNee R²: 0.3900
Epoch 25500 | Train Loss: 0.004217 | Val Loss: 0.004150 | Train R²: 0.8509 | Val R²: 0.8565 | NightHrsTrueNEE vs NightHrsModelReco R²: 0.4100 | NightHrsTrueNee vs NightHrsModelNee R²: 0.4100
Epoch 26000 | Train Loss: 0.004135 | Val Loss: 0.004063 | Train R²: 0.8538 | Val R²: 0.8595 | NightHrsTrueNEE vs NightHrsModelReco R²: 0.4200 | NightHrsTrueNee vs NightHrsModelNee R²: 0.4300
Epoch 26500 | Train Loss: 0.004069 | Val Loss: 0.003994 | Train R²: 0.8561 | Val R²: 0.8619 | NightHrsTrueNEE vs NightHrsModelReco R²: 0.4400 | NightHrsTrueNee vs NightHrsModelNee R²: 0.4400
Epoch 27000 | Train Loss: 0.004006 | Val Loss: 0.003932 | Train R²: 0.8584 | Val R²: 0.8640 | NightHrsTrueNEE vs NightHrsModelReco R²: 0.4500 | NightHrsTrueNee vs NightHrsModelNee R²: 0.4500
Epoch 27500 | Train Loss: 0.003940 | Val Loss: 0.003871 | Train R²: 0.8607 | Val R²: 0.8661 | NightHrsTrueNEE vs NightHrsModelReco R²: 0.4600 | NightHrsTrueNee vs NightHrsModelNee R²: 0.4600
Epoch 28000 | Train Loss: 0.003869 | Val Loss: 0.003806 | Train R²: 0.8632 | Val R²: 0.8684 | NightHrsTrueNEE vs NightHrsModelReco R²: 0.4700 | NightHrsTrueNee vs NightHrsModelNee R²: 0.4700
Epoch 28500 | Train Loss: 0.003790 | Val Loss: 0.003732 | Train R²: 0.8660 | Val R²: 0.8709 | NightHrsTrueNEE vs NightHrsModelReco R²: 0.4800 | NightHrsTrueNee vs NightHrsModelNee R²: 0.4800
Epoch 29000 | Train Loss: 0.003704 | Val Loss: 0.003649 | Train R²: 0.8691 | Val R²: 0.8738 | NightHrsTrueNEE vs NightHrsModelReco R²: 0.4900 | NightHrsTrueNee vs NightHrsModelNee R²: 0.4900
Epoch 29500 | Train Loss: 0.003613 | Val Loss: 0.003561 | Train R²: 0.8722 | Val R²: 0.8768 | NightHrsTrueNEE vs NightHrsModelReco R²: 0.5000 | NightHrsTrueNee vs NightHrsModelNee R²: 0.5000
Epoch 30000 | Train Loss: 0.003526 | Val Loss: 0.003475 | Train R²: 0.8753 | Val R²: 0.8798 | NightHrsTrueNEE vs NightHrsModelReco R²: 0.5100 | NightHrsTrueNee vs NightHrsModelNee R²: 0.5100
Epoch 30500 | Train Loss: 0.003447 | Val Loss: 0.003396 | Train R²: 0.8781 | Val R²: 0.8825 | NightHrsTrueNEE vs NightHrsModelReco R²: 0.5200 | NightHrsTrueNee vs NightHrsModelNee R²: 0.5200
Epoch 31000 | Train Loss: 0.003380 | Val Loss: 0.003330 | Train R²: 0.8805 | Val R²: 0.8848 | NightHrsTrueNEE vs NightHrsModelReco R²: 0.5300 | NightHrsTrueNee vs NightHrsModelNee R²: 0.5300
Epoch 31500 | Train Loss: 0.003329 | Val Loss: 0.003280 | Train R²: 0.8823 | Val R²: 0.8866 | NightHrsTrueNEE vs NightHrsModelReco R²: 0.5400 | NightHrsTrueNee vs NightHrsModelNee R²: 0.5400
Early stopping at epoch 31934 due to flat/negative trend (slope=0.000002)
Epoch 31934 | Train Loss: 0.003298 | Val Loss: 0.003251 | Train R²: 0.8834 | Val R²: 0.8876
Unpickling models
Following models have been loaded and moved to cuda:
trained gpp model:
 SNN_GPP_Tram(
  (net): Sequential(
    (0): Linear(in_features=6, out_features=12, bias=True)
    (1): Tanh()
    (2): Linear(in_features=12, out_features=1, bias=True)
    (3): Sigmoid()
  )
), trained_reco_model:
 SNN_GPP_Tram(
  (net): Sequential(
    (0): Linear(in_features=6, out_features=12, bias=True)
    (1): Tanh()
    (2): Linear(in_features=12, out_features=1, bias=True)
    (3): Sigmoid()
  )
)
using full data set for visualization
Un-normalizing the GPP and RECO predictions using NEE min: tensor([-36.1705]), NEE max: tensor([35.8634])



Metrics for the Tramontana, with
GPP inputs: ['SW_IN', 'TA', 'VPD', 'WS', 'WD_COS', 'WD_SIN']
RECO inputs: ['DOY_sin', 'DOY_cos', 'TA', 'WS', 'WD_COS', 'WD_SIN']:
dt_gpp vs Tramontana_GPP R²=0.85 RMSE=2.73
nt_gpp vs Tramontana_GPP R²=0.81 RMSE=3.05
dt_reco vs Tramontana_RECO R²=-0.00 RMSE=2.34
nt_reco vs Tramontana_RECO R²=-0.26 RMSE=2.27
night_hours_true_nee vs Tramontana_night_hours_model_reco R²=0.52 RMSE=1.39
night_hours_true_nee vs Tramontana_night_hours_model_nee R²=0.52 RMSE=1.39
dt_gpp vs nt_gpp R²=0.95 RMSE=1.56
dt_reco vs nt_reco R²=0.85 RMSE=1.00

gpp_input_names,  ['SW_IN', 'TA', 'VPD', 'WS', 'WD_COS', 'WD_SIN', 'WTD'] 
reco_input_names,  ['DOY_sin', 'DOY_cos', 'TA', 'WS', 'WD_COS', 'WD_SIN', 'WTD'] 
true_nee_name,  ['NEE'] 

Tramontana Running on GPU With hidden layer size of 12 Total epochs: 100000 lr: 0.001 patience: 500 min_delta 0.01
SNN_GPP_Tram(
  (net): Sequential(
    (0): Linear(in_features=7, out_features=12, bias=True)
    (1): Tanh()
    (2): Linear(in_features=12, out_features=1, bias=True)
    (3): Sigmoid()
  )
)
SNN_RECO_Tram(
  (net): Sequential(
    (0): Linear(in_features=7, out_features=12, bias=True)
    (1): Tanh()
    (2): Linear(in_features=12, out_features=1, bias=True)
    (3): Sigmoid()
  )
)
Params are min slope: 2e-06, trend window: 100
Epoch     0 | Train Loss: 44527.800781 | Val Loss: 44157.394531 | Train R²: -1574379.5000 | Val R²: -1527284.1250 | NightHrsTrueNEE vs NightHrsModelReco R²: -116.0200 | NightHrsTrueNee vs NightHrsModelNee R²: -242.5200
Epoch   500 | Train Loss: 436.225464 | Val Loss: 427.273743 | Train R²: -15422.7334 | Val R²: -14777.2461 | NightHrsTrueNEE vs NightHrsModelReco R²: -207.9400 | NightHrsTrueNee vs NightHrsModelNee R²: -201.0400
Epoch  1000 | Train Loss: 115.974197 | Val Loss: 112.433655 | Train R²: -4099.5293 | Val R²: -3887.7769 | NightHrsTrueNEE vs NightHrsModelReco R²: -232.6200 | NightHrsTrueNee vs NightHrsModelNee R²: -221.4500
Epoch  1500 | Train Loss: 50.193073 | Val Loss: 48.308430 | Train R²: -1773.6891 | Val R²: -1669.8582 | NightHrsTrueNEE vs NightHrsModelReco R²: -244.3600 | NightHrsTrueNee vs NightHrsModelNee R²: -233.7200
Epoch  2000 | Train Loss: 26.666243 | Val Loss: 25.515806 | Train R²: -941.8450 | Val R²: -881.5228 | NightHrsTrueNEE vs NightHrsModelReco R²: -251.0500 | NightHrsTrueNee vs NightHrsModelNee R²: -241.5300
Epoch  2500 | Train Loss: 15.838652 | Val Loss: 15.080636 | Train R²: -559.0112 | Val R²: -520.5984 | NightHrsTrueNEE vs NightHrsModelReco R²: -255.1900 | NightHrsTrueNee vs NightHrsModelNee R²: -246.7600
Epoch  3000 | Train Loss: 10.086425 | Val Loss: 9.562910 | Train R²: -355.6283 | Val R²: -329.7552 | NightHrsTrueNEE vs NightHrsModelReco R²: -257.7700 | NightHrsTrueNee vs NightHrsModelNee R²: -250.3100
Epoch  3500 | Train Loss: 6.741164 | Val Loss: 6.368295 | Train R²: -237.3490 | Val R²: -219.2622 | NightHrsTrueNEE vs NightHrsModelReco R²: -259.1500 | NightHrsTrueNee vs NightHrsModelNee R²: -252.5300
Epoch  4000 | Train Loss: 4.674477 | Val Loss: 4.403280 | Train R²: -164.2767 | Val R²: -151.2976 | NightHrsTrueNEE vs NightHrsModelReco R²: -259.1400 | NightHrsTrueNee vs NightHrsModelNee R²: -253.2600
Epoch  4500 | Train Loss: 3.342452 | Val Loss: 3.142172 | Train R²: -117.1799 | Val R²: -107.6793 | NightHrsTrueNEE vs NightHrsModelReco R²: -256.1500 | NightHrsTrueNee vs NightHrsModelNee R²: -250.9400
Epoch  5000 | Train Loss: 2.454603 | Val Loss: 2.304539 | Train R²: -85.7880 | Val R²: -78.7078 | NightHrsTrueNEE vs NightHrsModelReco R²: -245.1400 | NightHrsTrueNee vs NightHrsModelNee R²: -240.6100
Epoch  5500 | Train Loss: 1.846458 | Val Loss: 1.732921 | Train R²: -64.2857 | Val R²: -58.9371 | NightHrsTrueNEE vs NightHrsModelReco R²: -229.2300 | NightHrsTrueNee vs NightHrsModelNee R²: -225.3400
Epoch  6000 | Train Loss: 1.423136 | Val Loss: 1.337047 | Train R²: -49.3182 | Val R²: -45.2449 | NightHrsTrueNEE vs NightHrsModelReco R²: -215.2400 | NightHrsTrueNee vs NightHrsModelNee R²: -211.8900
Epoch  6500 | Train Loss: 1.122180 | Val Loss: 1.056475 | Train R²: -38.6772 | Val R²: -35.5406 | NightHrsTrueNEE vs NightHrsModelReco R²: -200.1500 | NightHrsTrueNee vs NightHrsModelNee R²: -197.2900
Epoch  7000 | Train Loss: 0.889570 | Val Loss: 0.837945 | Train R²: -30.4527 | Val R²: -27.9823 | NightHrsTrueNEE vs NightHrsModelReco R²: -169.5900 | NightHrsTrueNee vs NightHrsModelNee R²: -167.2700
Epoch  7500 | Train Loss: 0.694859 | Val Loss: 0.652943 | Train R²: -23.5683 | Val R²: -21.5835 | NightHrsTrueNEE vs NightHrsModelReco R²: -113.4300 | NightHrsTrueNee vs NightHrsModelNee R²: -111.8400
Epoch  8000 | Train Loss: 0.547578 | Val Loss: 0.514670 | Train R²: -18.3609 | Val R²: -16.8010 | NightHrsTrueNEE vs NightHrsModelReco R²: -88.3300 | NightHrsTrueNee vs NightHrsModelNee R²: -87.0800
Epoch  8500 | Train Loss: 0.408081 | Val Loss: 0.381743 | Train R²: -13.4286 | Val R²: -12.2034 | NightHrsTrueNEE vs NightHrsModelReco R²: -57.6800 | NightHrsTrueNee vs NightHrsModelNee R²: -56.7100
Epoch  9000 | Train Loss: 0.304421 | Val Loss: 0.284033 | Train R²: -9.7635 | Val R²: -8.8239 | NightHrsTrueNEE vs NightHrsModelReco R²: -40.1300 | NightHrsTrueNee vs NightHrsModelNee R²: -39.3700
Epoch  9500 | Train Loss: 0.229016 | Val Loss: 0.213272 | Train R²: -7.0974 | Val R²: -6.3765 | NightHrsTrueNEE vs NightHrsModelReco R²: -28.9900 | NightHrsTrueNee vs NightHrsModelNee R²: -28.4200
Epoch 10000 | Train Loss: 0.173148 | Val Loss: 0.161021 | Train R²: -5.1220 | Val R²: -4.5693 | NightHrsTrueNEE vs NightHrsModelReco R²: -21.1000 | NightHrsTrueNee vs NightHrsModelNee R²: -20.6700
Epoch 10500 | Train Loss: 0.131883 | Val Loss: 0.122554 | Train R²: -3.6630 | Val R²: -3.2388 | NightHrsTrueNEE vs NightHrsModelReco R²: -15.5700 | NightHrsTrueNee vs NightHrsModelNee R²: -15.2500
Epoch 11000 | Train Loss: 0.101366 | Val Loss: 0.094164 | Train R²: -2.5840 | Val R²: -2.2569 | NightHrsTrueNEE vs NightHrsModelReco R²: -11.6000 | NightHrsTrueNee vs NightHrsModelNee R²: -11.3500
Epoch 11500 | Train Loss: 0.078735 | Val Loss: 0.073139 | Train R²: -1.7839 | Val R²: -1.5297 | NightHrsTrueNEE vs NightHrsModelReco R²: -8.6900 | NightHrsTrueNee vs NightHrsModelNee R²: -8.5000
Epoch 12000 | Train Loss: 0.061915 | Val Loss: 0.057536 | Train R²: -1.1891 | Val R²: -0.9900 | NightHrsTrueNEE vs NightHrsModelReco R²: -6.5500 | NightHrsTrueNee vs NightHrsModelNee R²: -6.4000
Epoch 12500 | Train Loss: 0.049407 | Val Loss: 0.045962 | Train R²: -0.7469 | Val R²: -0.5897 | NightHrsTrueNEE vs NightHrsModelReco R²: -4.9700 | NightHrsTrueNee vs NightHrsModelNee R²: -4.8600
Epoch 13000 | Train Loss: 0.040119 | Val Loss: 0.037397 | Train R²: -0.4185 | Val R²: -0.2935 | NightHrsTrueNEE vs NightHrsModelReco R²: -3.8100 | NightHrsTrueNee vs NightHrsModelNee R²: -3.7200
Epoch 13500 | Train Loss: 0.033240 | Val Loss: 0.031083 | Train R²: -0.1753 | Val R²: -0.0751 | NightHrsTrueNEE vs NightHrsModelReco R²: -2.9600 | NightHrsTrueNee vs NightHrsModelNee R²: -2.8900
Epoch 14000 | Train Loss: 0.028163 | Val Loss: 0.026450 | Train R²: 0.0042 | Val R²: 0.0852 | NightHrsTrueNEE vs NightHrsModelReco R²: -2.3300 | NightHrsTrueNee vs NightHrsModelNee R²: -2.2800
Epoch 14500 | Train Loss: 0.024427 | Val Loss: 0.023064 | Train R²: 0.1363 | Val R²: 0.2023 | NightHrsTrueNEE vs NightHrsModelReco R²: -1.8700 | NightHrsTrueNee vs NightHrsModelNee R²: -1.8300
Epoch 15000 | Train Loss: 0.021685 | Val Loss: 0.020595 | Train R²: 0.2333 | Val R²: 0.2877 | NightHrsTrueNEE vs NightHrsModelReco R²: -1.5200 | NightHrsTrueNee vs NightHrsModelNee R²: -1.4900
Epoch 15500 | Train Loss: 0.019677 | Val Loss: 0.018796 | Train R²: 0.3043 | Val R²: 0.3499 | NightHrsTrueNEE vs NightHrsModelReco R²: -1.2500 | NightHrsTrueNee vs NightHrsModelNee R²: -1.2300
Epoch 16000 | Train Loss: 0.018206 | Val Loss: 0.017483 | Train R²: 0.3563 | Val R²: 0.3953 | NightHrsTrueNEE vs NightHrsModelReco R²: -1.0500 | NightHrsTrueNee vs NightHrsModelNee R²: -1.0300
Epoch 16500 | Train Loss: 0.017117 | Val Loss: 0.016514 | Train R²: 0.3948 | Val R²: 0.4288 | NightHrsTrueNEE vs NightHrsModelReco R²: -0.9100 | NightHrsTrueNee vs NightHrsModelNee R²: -0.8900
Epoch 17000 | Train Loss: 0.016266 | Val Loss: 0.015753 | Train R²: 0.4249 | Val R²: 0.4552 | NightHrsTrueNEE vs NightHrsModelReco R²: -0.8000 | NightHrsTrueNee vs NightHrsModelNee R²: -0.7900
Epoch 17500 | Train Loss: 0.015521 | Val Loss: 0.015076 | Train R²: 0.4512 | Val R²: 0.4786 | NightHrsTrueNEE vs NightHrsModelReco R²: -0.7300 | NightHrsTrueNee vs NightHrsModelNee R²: -0.7200
Epoch 18000 | Train Loss: 0.014806 | Val Loss: 0.014404 | Train R²: 0.4765 | Val R²: 0.5018 | NightHrsTrueNEE vs NightHrsModelReco R²: -0.6900 | NightHrsTrueNee vs NightHrsModelNee R²: -0.6800
Epoch 18500 | Train Loss: 0.014070 | Val Loss: 0.013685 | Train R²: 0.5025 | Val R²: 0.5267 | NightHrsTrueNEE vs NightHrsModelReco R²: -0.6600 | NightHrsTrueNee vs NightHrsModelNee R²: -0.6500
Epoch 19000 | Train Loss: 0.013253 | Val Loss: 0.012851 | Train R²: 0.5314 | Val R²: 0.5555 | NightHrsTrueNEE vs NightHrsModelReco R²: -0.6100 | NightHrsTrueNee vs NightHrsModelNee R²: -0.6000
Epoch 19500 | Train Loss: 0.012427 | Val Loss: 0.012003 | Train R²: 0.5606 | Val R²: 0.5849 | NightHrsTrueNEE vs NightHrsModelReco R²: -0.5800 | NightHrsTrueNee vs NightHrsModelNee R²: -0.5700
Epoch 20000 | Train Loss: 0.011612 | Val Loss: 0.011190 | Train R²: 0.5894 | Val R²: 0.6130 | NightHrsTrueNEE vs NightHrsModelReco R²: -0.5200 | NightHrsTrueNee vs NightHrsModelNee R²: -0.5200
Epoch 20500 | Train Loss: 0.010774 | Val Loss: 0.010381 | Train R²: 0.6191 | Val R²: 0.6410 | NightHrsTrueNEE vs NightHrsModelReco R²: -0.4500 | NightHrsTrueNee vs NightHrsModelNee R²: -0.4500
Epoch 21000 | Train Loss: 0.009942 | Val Loss: 0.009592 | Train R²: 0.6485 | Val R²: 0.6682 | NightHrsTrueNEE vs NightHrsModelReco R²: -0.3900 | NightHrsTrueNee vs NightHrsModelNee R²: -0.3800
Epoch 21500 | Train Loss: 0.009145 | Val Loss: 0.008839 | Train R²: 0.6767 | Val R²: 0.6943 | NightHrsTrueNEE vs NightHrsModelReco R²: -0.3200 | NightHrsTrueNee vs NightHrsModelNee R²: -0.3100
Epoch 22000 | Train Loss: 0.008393 | Val Loss: 0.008127 | Train R²: 0.7032 | Val R²: 0.7189 | NightHrsTrueNEE vs NightHrsModelReco R²: -0.2300 | NightHrsTrueNee vs NightHrsModelNee R²: -0.2300
Epoch 22500 | Train Loss: 0.007711 | Val Loss: 0.007477 | Train R²: 0.7274 | Val R²: 0.7414 | NightHrsTrueNEE vs NightHrsModelReco R²: -0.1400 | NightHrsTrueNee vs NightHrsModelNee R²: -0.1400
Epoch 23000 | Train Loss: 0.007120 | Val Loss: 0.006914 | Train R²: 0.7482 | Val R²: 0.7609 | NightHrsTrueNEE vs NightHrsModelReco R²: -0.0500 | NightHrsTrueNee vs NightHrsModelNee R²: -0.0500
Epoch 23500 | Train Loss: 0.006625 | Val Loss: 0.006444 | Train R²: 0.7658 | Val R²: 0.7771 | NightHrsTrueNEE vs NightHrsModelReco R²: 0.0300 | NightHrsTrueNee vs NightHrsModelNee R²: 0.0300
Epoch 24000 | Train Loss: 0.006199 | Val Loss: 0.006050 | Train R²: 0.7808 | Val R²: 0.7908 | NightHrsTrueNEE vs NightHrsModelReco R²: 0.0900 | NightHrsTrueNee vs NightHrsModelNee R²: 0.0900
Epoch 24500 | Train Loss: 0.005780 | Val Loss: 0.005679 | Train R²: 0.7956 | Val R²: 0.8036 | NightHrsTrueNEE vs NightHrsModelReco R²: 0.1500 | NightHrsTrueNee vs NightHrsModelNee R²: 0.1500
Epoch 25000 | Train Loss: 0.005377 | Val Loss: 0.005307 | Train R²: 0.8099 | Val R²: 0.8164 | NightHrsTrueNEE vs NightHrsModelReco R²: 0.2200 | NightHrsTrueNee vs NightHrsModelNee R²: 0.2200
Epoch 25500 | Train Loss: 0.005031 | Val Loss: 0.004978 | Train R²: 0.8221 | Val R²: 0.8278 | NightHrsTrueNEE vs NightHrsModelReco R²: 0.2800 | NightHrsTrueNee vs NightHrsModelNee R²: 0.2800
Epoch 26000 | Train Loss: 0.004724 | Val Loss: 0.004682 | Train R²: 0.8330 | Val R²: 0.8381 | NightHrsTrueNEE vs NightHrsModelReco R²: 0.3300 | NightHrsTrueNee vs NightHrsModelNee R²: 0.3300
Epoch 26500 | Train Loss: 0.004457 | Val Loss: 0.004425 | Train R²: 0.8424 | Val R²: 0.8469 | NightHrsTrueNEE vs NightHrsModelReco R²: 0.3600 | NightHrsTrueNee vs NightHrsModelNee R²: 0.3700
Epoch 27000 | Train Loss: 0.004251 | Val Loss: 0.004232 | Train R²: 0.8497 | Val R²: 0.8536 | NightHrsTrueNEE vs NightHrsModelReco R²: 0.3900 | NightHrsTrueNee vs NightHrsModelNee R²: 0.3900
Epoch 27500 | Train Loss: 0.004110 | Val Loss: 0.004105 | Train R²: 0.8547 | Val R²: 0.8580 | NightHrsTrueNEE vs NightHrsModelReco R²: 0.4100 | NightHrsTrueNee vs NightHrsModelNee R²: 0.4100
Epoch 28000 | Train Loss: 0.004011 | Val Loss: 0.004019 | Train R²: 0.8582 | Val R²: 0.8610 | NightHrsTrueNEE vs NightHrsModelReco R²: 0.4200 | NightHrsTrueNee vs NightHrsModelNee R²: 0.4200
Epoch 28500 | Train Loss: 0.003934 | Val Loss: 0.003946 | Train R²: 0.8609 | Val R²: 0.8635 | NightHrsTrueNEE vs NightHrsModelReco R²: 0.4300 | NightHrsTrueNee vs NightHrsModelNee R²: 0.4300
Epoch 29000 | Train Loss: 0.003862 | Val Loss: 0.003875 | Train R²: 0.8635 | Val R²: 0.8660 | NightHrsTrueNEE vs NightHrsModelReco R²: 0.4300 | NightHrsTrueNee vs NightHrsModelNee R²: 0.4300
Epoch 29500 | Train Loss: 0.003783 | Val Loss: 0.003794 | Train R²: 0.8662 | Val R²: 0.8688 | NightHrsTrueNEE vs NightHrsModelReco R²: 0.4400 | NightHrsTrueNee vs NightHrsModelNee R²: 0.4400
Epoch 30000 | Train Loss: 0.003695 | Val Loss: 0.003704 | Train R²: 0.8694 | Val R²: 0.8719 | NightHrsTrueNEE vs NightHrsModelReco R²: 0.4500 | NightHrsTrueNee vs NightHrsModelNee R²: 0.4500
Epoch 30500 | Train Loss: 0.003597 | Val Loss: 0.003604 | Train R²: 0.8728 | Val R²: 0.8753 | NightHrsTrueNEE vs NightHrsModelReco R²: 0.4600 | NightHrsTrueNee vs NightHrsModelNee R²: 0.4600
Epoch 31000 | Train Loss: 0.003494 | Val Loss: 0.003501 | Train R²: 0.8764 | Val R²: 0.8789 | NightHrsTrueNEE vs NightHrsModelReco R²: 0.4700 | NightHrsTrueNee vs NightHrsModelNee R²: 0.4700
Epoch 31500 | Train Loss: 0.003396 | Val Loss: 0.003403 | Train R²: 0.8799 | Val R²: 0.8823 | NightHrsTrueNEE vs NightHrsModelReco R²: 0.4800 | NightHrsTrueNee vs NightHrsModelNee R²: 0.4800
Epoch 32000 | Train Loss: 0.003309 | Val Loss: 0.003317 | Train R²: 0.8830 | Val R²: 0.8853 | NightHrsTrueNEE vs NightHrsModelReco R²: 0.4900 | NightHrsTrueNee vs NightHrsModelNee R²: 0.4900
Epoch 32500 | Train Loss: 0.003235 | Val Loss: 0.003243 | Train R²: 0.8856 | Val R²: 0.8878 | NightHrsTrueNEE vs NightHrsModelReco R²: 0.5000 | NightHrsTrueNee vs NightHrsModelNee R²: 0.5000
Epoch 33000 | Train Loss: 0.003173 | Val Loss: 0.003183 | Train R²: 0.8878 | Val R²: 0.8899 | NightHrsTrueNEE vs NightHrsModelReco R²: 0.5100 | NightHrsTrueNee vs NightHrsModelNee R²: 0.5100
Epoch 33500 | Train Loss: 0.003125 | Val Loss: 0.003138 | Train R²: 0.8895 | Val R²: 0.8915 | NightHrsTrueNEE vs NightHrsModelReco R²: 0.5200 | NightHrsTrueNee vs NightHrsModelNee R²: 0.5200
Epoch 34000 | Train Loss: 0.003086 | Val Loss: 0.003102 | Train R²: 0.8909 | Val R²: 0.8927 | NightHrsTrueNEE vs NightHrsModelReco R²: 0.5300 | NightHrsTrueNee vs NightHrsModelNee R²: 0.5300
Early stopping at epoch 34122 due to flat/negative trend (slope=0.000002)
Epoch 34122 | Train Loss: 0.003080 | Val Loss: 0.003098 | Train R²: 0.8911 | Val R²: 0.8928
Unpickling models
Following models have been loaded and moved to cuda:
trained gpp model:
 SNN_GPP_Tram(
  (net): Sequential(
    (0): Linear(in_features=7, out_features=12, bias=True)
    (1): Tanh()
    (2): Linear(in_features=12, out_features=1, bias=True)
    (3): Sigmoid()
  )
), trained_reco_model:
 SNN_GPP_Tram(
  (net): Sequential(
    (0): Linear(in_features=7, out_features=12, bias=True)
    (1): Tanh()
    (2): Linear(in_features=12, out_features=1, bias=True)
    (3): Sigmoid()
  )
)
using full data set for visualization
Un-normalizing the GPP and RECO predictions using NEE min: tensor([-36.1705]), NEE max: tensor([35.8634])



Metrics for the Tramontana, with
GPP inputs: ['SW_IN', 'TA', 'VPD', 'WS', 'WD_COS', 'WD_SIN', 'WTD']
RECO inputs: ['DOY_sin', 'DOY_cos', 'TA', 'WS', 'WD_COS', 'WD_SIN', 'WTD']:
dt_gpp vs Tramontana_GPP R²=0.86 RMSE=2.69
nt_gpp vs Tramontana_GPP R²=0.82 RMSE=3.02
dt_reco vs Tramontana_RECO R²=-0.03 RMSE=2.37
nt_reco vs Tramontana_RECO R²=-0.34 RMSE=2.35
night_hours_true_nee vs Tramontana_night_hours_model_reco R²=0.51 RMSE=1.40
night_hours_true_nee vs Tramontana_night_hours_model_nee R²=0.51 RMSE=1.40
dt_gpp vs nt_gpp R²=0.95 RMSE=1.56
dt_reco vs nt_reco R²=0.85 RMSE=1.00

gpp_input_names,  ['SW_IN', 'TA', 'VPD', 'WS', 'WD_COS', 'WD_SIN', 'WTD', 'Salinity'] 
reco_input_names,  ['DOY_sin', 'DOY_cos', 'TA', 'WS', 'WD_COS', 'WD_SIN', 'WTD', 'Salinity'] 
true_nee_name,  ['NEE'] 

Tramontana Running on GPU With hidden layer size of 12 Total epochs: 100000 lr: 0.001 patience: 500 min_delta 0.01
SNN_GPP_Tram(
  (net): Sequential(
    (0): Linear(in_features=8, out_features=12, bias=True)
    (1): Tanh()
    (2): Linear(in_features=12, out_features=1, bias=True)
    (3): Sigmoid()
  )
)
SNN_RECO_Tram(
  (net): Sequential(
    (0): Linear(in_features=8, out_features=12, bias=True)
    (1): Tanh()
    (2): Linear(in_features=12, out_features=1, bias=True)
    (3): Sigmoid()
  )
)
Params are min slope: 2e-06, trend window: 100
Epoch     0 | Train Loss: 21242.863281 | Val Loss: 20829.654297 | Train R²: -751088.2500 | Val R²: -720440.5625 | NightHrsTrueNEE vs NightHrsModelReco R²: -81.6300 | NightHrsTrueNee vs NightHrsModelNee R²: -228.5900
Epoch   500 | Train Loss: 260.282013 | Val Loss: 250.027649 | Train R²: -9201.8564 | Val R²: -8646.7812 | NightHrsTrueNEE vs NightHrsModelReco R²: -223.7500 | NightHrsTrueNee vs NightHrsModelNee R²: -218.0300
Epoch  1000 | Train Loss: 66.243889 | Val Loss: 62.581356 | Train R²: -2341.2019 | Val R²: -2163.5203 | NightHrsTrueNEE vs NightHrsModelReco R²: -249.5900 | NightHrsTrueNee vs NightHrsModelNee R²: -239.3700
Epoch  1500 | Train Loss: 28.296923 | Val Loss: 26.436508 | Train R²: -999.5015 | Val R²: -913.3675 | NightHrsTrueNEE vs NightHrsModelReco R²: -257.8600 | NightHrsTrueNee vs NightHrsModelNee R²: -248.6100
Epoch  2000 | Train Loss: 14.974428 | Val Loss: 13.872452 | Train R²: -528.4545 | Val R²: -478.8106 | NightHrsTrueNEE vs NightHrsModelReco R²: -261.7900 | NightHrsTrueNee vs NightHrsModelNee R²: -253.7900
Epoch  2500 | Train Loss: 8.906892 | Val Loss: 8.196692 | Train R²: -313.9232 | Val R²: -282.5014 | NightHrsTrueNEE vs NightHrsModelReco R²: -263.9500 | NightHrsTrueNee vs NightHrsModelNee R²: -257.0300
Epoch  3000 | Train Loss: 5.711919 | Val Loss: 5.229698 | Train R²: -200.9578 | Val R²: -179.8811 | NightHrsTrueNEE vs NightHrsModelReco R²: -265.0700 | NightHrsTrueNee vs NightHrsModelNee R²: -259.0500
Epoch  3500 | Train Loss: 3.870265 | Val Loss: 3.531328 | Train R²: -135.8419 | Val R²: -121.1391 | NightHrsTrueNEE vs NightHrsModelReco R²: -265.1000 | NightHrsTrueNee vs NightHrsModelNee R²: -259.8300
Epoch  4000 | Train Loss: 2.741457 | Val Loss: 2.497395 | Train R²: -95.9304 | Val R²: -85.3781 | NightHrsTrueNEE vs NightHrsModelReco R²: -261.5900 | NightHrsTrueNee vs NightHrsModelNee R²: -256.9800
Epoch  4500 | Train Loss: 2.012712 | Val Loss: 1.833764 | Train R²: -70.1640 | Val R²: -62.4250 | NightHrsTrueNEE vs NightHrsModelReco R²: -248.8900 | NightHrsTrueNee vs NightHrsModelNee R²: -244.9300
Epoch  5000 | Train Loss: 1.510371 | Val Loss: 1.376407 | Train R²: -52.4026 | Val R²: -46.6062 | NightHrsTrueNEE vs NightHrsModelReco R²: -212.9900 | NightHrsTrueNee vs NightHrsModelNee R²: -209.8300
Epoch  5500 | Train Loss: 1.157245 | Val Loss: 1.055254 | Train R²: -39.9170 | Val R²: -35.4984 | NightHrsTrueNEE vs NightHrsModelReco R²: -179.3400 | NightHrsTrueNee vs NightHrsModelNee R²: -176.8700
Epoch  6000 | Train Loss: 0.890280 | Val Loss: 0.811787 | Train R²: -30.4778 | Val R²: -27.0775 | NightHrsTrueNEE vs NightHrsModelReco R²: -141.2100 | NightHrsTrueNee vs NightHrsModelNee R²: -139.3000
Epoch  6500 | Train Loss: 0.679620 | Val Loss: 0.618584 | Train R²: -23.0295 | Val R²: -20.3952 | NightHrsTrueNEE vs NightHrsModelReco R²: -103.5600 | NightHrsTrueNee vs NightHrsModelNee R²: -102.0800
Epoch  7000 | Train Loss: 0.501949 | Val Loss: 0.454361 | Train R²: -16.7475 | Val R²: -14.7151 | NightHrsTrueNEE vs NightHrsModelReco R²: -69.9800 | NightHrsTrueNee vs NightHrsModelNee R²: -68.8200
Epoch  7500 | Train Loss: 0.374493 | Val Loss: 0.337239 | Train R²: -12.2410 | Val R²: -10.6642 | NightHrsTrueNEE vs NightHrsModelReco R²: -46.0600 | NightHrsTrueNee vs NightHrsModelNee R²: -45.2100
Epoch  8000 | Train Loss: 0.280585 | Val Loss: 0.251639 | Train R²: -8.9207 | Val R²: -7.7035 | NightHrsTrueNEE vs NightHrsModelReco R²: -31.5900 | NightHrsTrueNee vs NightHrsModelNee R²: -30.9700
Epoch  8500 | Train Loss: 0.210826 | Val Loss: 0.188646 | Train R²: -6.4542 | Val R²: -5.5248 | NightHrsTrueNEE vs NightHrsModelReco R²: -22.7400 | NightHrsTrueNee vs NightHrsModelNee R²: -22.2800
Epoch  9000 | Train Loss: 0.159070 | Val Loss: 0.142175 | Train R²: -4.6243 | Val R²: -3.9175 | NightHrsTrueNEE vs NightHrsModelReco R²: -16.6800 | NightHrsTrueNee vs NightHrsModelNee R²: -16.3300
Epoch  9500 | Train Loss: 0.121009 | Val Loss: 0.108094 | Train R²: -3.2785 | Val R²: -2.7387 | NightHrsTrueNEE vs NightHrsModelReco R²: -12.3500 | NightHrsTrueNee vs NightHrsModelNee R²: -12.0800
Epoch 10000 | Train Loss: 0.093046 | Val Loss: 0.083125 | Train R²: -2.2899 | Val R²: -1.8751 | NightHrsTrueNEE vs NightHrsModelReco R²: -9.2200 | NightHrsTrueNee vs NightHrsModelNee R²: -9.0100
Epoch 10500 | Train Loss: 0.072412 | Val Loss: 0.064748 | Train R²: -1.5603 | Val R²: -1.2394 | NightHrsTrueNEE vs NightHrsModelReco R²: -6.9200 | NightHrsTrueNee vs NightHrsModelNee R²: -6.7700
Epoch 11000 | Train Loss: 0.057098 | Val Loss: 0.051140 | Train R²: -1.0188 | Val R²: -0.7688 | NightHrsTrueNEE vs NightHrsModelReco R²: -5.2400 | NightHrsTrueNee vs NightHrsModelNee R²: -5.1200
Epoch 11500 | Train Loss: 0.045692 | Val Loss: 0.041030 | Train R²: -0.6155 | Val R²: -0.4191 | NightHrsTrueNEE vs NightHrsModelReco R²: -4.0000 | NightHrsTrueNee vs NightHrsModelNee R²: -3.9100
Epoch 12000 | Train Loss: 0.037192 | Val Loss: 0.033523 | Train R²: -0.3150 | Val R²: -0.1595 | NightHrsTrueNEE vs NightHrsModelReco R²: -3.0900 | NightHrsTrueNee vs NightHrsModelNee R²: -3.0200
Epoch 12500 | Train Loss: 0.030865 | Val Loss: 0.027963 | Train R²: -0.0913 | Val R²: 0.0328 | NightHrsTrueNEE vs NightHrsModelReco R²: -2.4200 | NightHrsTrueNee vs NightHrsModelNee R²: -2.3700
Epoch 13000 | Train Loss: 0.026159 | Val Loss: 0.023851 | Train R²: 0.0751 | Val R²: 0.1750 | NightHrsTrueNEE vs NightHrsModelReco R²: -1.9400 | NightHrsTrueNee vs NightHrsModelNee R²: -1.8900
Epoch 13500 | Train Loss: 0.022675 | Val Loss: 0.020830 | Train R²: 0.1983 | Val R²: 0.2795 | NightHrsTrueNEE vs NightHrsModelReco R²: -1.5800 | NightHrsTrueNee vs NightHrsModelNee R²: -1.5500
Epoch 14000 | Train Loss: 0.020116 | Val Loss: 0.018637 | Train R²: 0.2887 | Val R²: 0.3554 | NightHrsTrueNEE vs NightHrsModelReco R²: -1.3100 | NightHrsTrueNee vs NightHrsModelNee R²: -1.2800
Epoch 14500 | Train Loss: 0.018234 | Val Loss: 0.017043 | Train R²: 0.3553 | Val R²: 0.4105 | NightHrsTrueNEE vs NightHrsModelReco R²: -1.1000 | NightHrsTrueNee vs NightHrsModelNee R²: -1.0800
Epoch 15000 | Train Loss: 0.016831 | Val Loss: 0.015865 | Train R²: 0.4049 | Val R²: 0.4513 | NightHrsTrueNEE vs NightHrsModelReco R²: -0.9300 | NightHrsTrueNee vs NightHrsModelNee R²: -0.9100
Epoch 15500 | Train Loss: 0.015749 | Val Loss: 0.014959 | Train R²: 0.4432 | Val R²: 0.4826 | NightHrsTrueNEE vs NightHrsModelReco R²: -0.8000 | NightHrsTrueNee vs NightHrsModelNee R²: -0.7900
Epoch 16000 | Train Loss: 0.014868 | Val Loss: 0.014208 | Train R²: 0.4743 | Val R²: 0.5086 | NightHrsTrueNEE vs NightHrsModelReco R²: -0.7100 | NightHrsTrueNee vs NightHrsModelNee R²: -0.7000
Epoch 16500 | Train Loss: 0.014091 | Val Loss: 0.013522 | Train R²: 0.5018 | Val R²: 0.5323 | NightHrsTrueNEE vs NightHrsModelReco R²: -0.6400 | NightHrsTrueNee vs NightHrsModelNee R²: -0.6300
Epoch 17000 | Train Loss: 0.013336 | Val Loss: 0.012832 | Train R²: 0.5285 | Val R²: 0.5562 | NightHrsTrueNEE vs NightHrsModelReco R²: -0.5900 | NightHrsTrueNee vs NightHrsModelNee R²: -0.5800
Epoch 17500 | Train Loss: 0.012567 | Val Loss: 0.012110 | Train R²: 0.5557 | Val R²: 0.5812 | NightHrsTrueNEE vs NightHrsModelReco R²: -0.5500 | NightHrsTrueNee vs NightHrsModelNee R²: -0.5400
Epoch 18000 | Train Loss: 0.011793 | Val Loss: 0.011370 | Train R²: 0.5830 | Val R²: 0.6067 | NightHrsTrueNEE vs NightHrsModelReco R²: -0.5100 | NightHrsTrueNee vs NightHrsModelNee R²: -0.5000
Epoch 18500 | Train Loss: 0.011039 | Val Loss: 0.010640 | Train R²: 0.6097 | Val R²: 0.6320 | NightHrsTrueNEE vs NightHrsModelReco R²: -0.4600 | NightHrsTrueNee vs NightHrsModelNee R²: -0.4600
Epoch 19000 | Train Loss: 0.010324 | Val Loss: 0.009946 | Train R²: 0.6350 | Val R²: 0.6560 | NightHrsTrueNEE vs NightHrsModelReco R²: -0.4100 | NightHrsTrueNee vs NightHrsModelNee R²: -0.4100
Epoch 19500 | Train Loss: 0.009642 | Val Loss: 0.009300 | Train R²: 0.6591 | Val R²: 0.6783 | NightHrsTrueNEE vs NightHrsModelReco R²: -0.3600 | NightHrsTrueNee vs NightHrsModelNee R²: -0.3500
Epoch 20000 | Train Loss: 0.009014 | Val Loss: 0.008717 | Train R²: 0.6813 | Val R²: 0.6985 | NightHrsTrueNEE vs NightHrsModelReco R²: -0.3000 | NightHrsTrueNee vs NightHrsModelNee R²: -0.3000
Epoch 20500 | Train Loss: 0.008474 | Val Loss: 0.008199 | Train R²: 0.7004 | Val R²: 0.7164 | NightHrsTrueNEE vs NightHrsModelReco R²: -0.2400 | NightHrsTrueNee vs NightHrsModelNee R²: -0.2400
Epoch 21000 | Train Loss: 0.007985 | Val Loss: 0.007727 | Train R²: 0.7177 | Val R²: 0.7328 | NightHrsTrueNEE vs NightHrsModelReco R²: -0.1600 | NightHrsTrueNee vs NightHrsModelNee R²: -0.1600
Epoch 21500 | Train Loss: 0.007569 | Val Loss: 0.007340 | Train R²: 0.7324 | Val R²: 0.7461 | NightHrsTrueNEE vs NightHrsModelReco R²: -0.1000 | NightHrsTrueNee vs NightHrsModelNee R²: -0.1000
Epoch 22000 | Train Loss: 0.007203 | Val Loss: 0.006996 | Train R²: 0.7453 | Val R²: 0.7580 | NightHrsTrueNEE vs NightHrsModelReco R²: -0.0500 | NightHrsTrueNee vs NightHrsModelNee R²: -0.0500
Epoch 22500 | Train Loss: 0.006875 | Val Loss: 0.006678 | Train R²: 0.7569 | Val R²: 0.7690 | NightHrsTrueNEE vs NightHrsModelReco R²: 0.0000 | NightHrsTrueNee vs NightHrsModelNee R²: 0.0000
Epoch 23000 | Train Loss: 0.006573 | Val Loss: 0.006384 | Train R²: 0.7676 | Val R²: 0.7792 | NightHrsTrueNEE vs NightHrsModelReco R²: 0.0500 | NightHrsTrueNee vs NightHrsModelNee R²: 0.0500
Epoch 23500 | Train Loss: 0.006283 | Val Loss: 0.006107 | Train R²: 0.7779 | Val R²: 0.7888 | NightHrsTrueNEE vs NightHrsModelReco R²: 0.1000 | NightHrsTrueNee vs NightHrsModelNee R²: 0.1000
Epoch 24000 | Train Loss: 0.005976 | Val Loss: 0.005814 | Train R²: 0.7887 | Val R²: 0.7989 | NightHrsTrueNEE vs NightHrsModelReco R²: 0.1500 | NightHrsTrueNee vs NightHrsModelNee R²: 0.1500
Epoch 24500 | Train Loss: 0.005628 | Val Loss: 0.005487 | Train R²: 0.8010 | Val R²: 0.8102 | NightHrsTrueNEE vs NightHrsModelReco R²: 0.2000 | NightHrsTrueNee vs NightHrsModelNee R²: 0.2100
Epoch 25000 | Train Loss: 0.005188 | Val Loss: 0.005077 | Train R²: 0.8166 | Val R²: 0.8244 | NightHrsTrueNEE vs NightHrsModelReco R²: 0.2600 | NightHrsTrueNee vs NightHrsModelNee R²: 0.2600
Epoch 25500 | Train Loss: 0.004765 | Val Loss: 0.004685 | Train R²: 0.8315 | Val R²: 0.8380 | NightHrsTrueNEE vs NightHrsModelReco R²: 0.3200 | NightHrsTrueNee vs NightHrsModelNee R²: 0.3200
Epoch 26000 | Train Loss: 0.004423 | Val Loss: 0.004367 | Train R²: 0.8436 | Val R²: 0.8490 | NightHrsTrueNEE vs NightHrsModelReco R²: 0.3700 | NightHrsTrueNee vs NightHrsModelNee R²: 0.3700
Epoch 26500 | Train Loss: 0.004203 | Val Loss: 0.004165 | Train R²: 0.8514 | Val R²: 0.8559 | NightHrsTrueNEE vs NightHrsModelReco R²: 0.3900 | NightHrsTrueNee vs NightHrsModelNee R²: 0.3900
Epoch 27000 | Train Loss: 0.004075 | Val Loss: 0.004051 | Train R²: 0.8559 | Val R²: 0.8599 | NightHrsTrueNEE vs NightHrsModelReco R²: 0.4100 | NightHrsTrueNee vs NightHrsModelNee R²: 0.4100
Epoch 27500 | Train Loss: 0.003983 | Val Loss: 0.003967 | Train R²: 0.8592 | Val R²: 0.8628 | NightHrsTrueNEE vs NightHrsModelReco R²: 0.4100 | NightHrsTrueNee vs NightHrsModelNee R²: 0.4100
Epoch 28000 | Train Loss: 0.003900 | Val Loss: 0.003886 | Train R²: 0.8621 | Val R²: 0.8656 | NightHrsTrueNEE vs NightHrsModelReco R²: 0.4200 | NightHrsTrueNee vs NightHrsModelNee R²: 0.4200
Epoch 28500 | Train Loss: 0.003817 | Val Loss: 0.003801 | Train R²: 0.8650 | Val R²: 0.8685 | NightHrsTrueNEE vs NightHrsModelReco R²: 0.4300 | NightHrsTrueNee vs NightHrsModelNee R²: 0.4300
Epoch 29000 | Train Loss: 0.003735 | Val Loss: 0.003716 | Train R²: 0.8679 | Val R²: 0.8715 | NightHrsTrueNEE vs NightHrsModelReco R²: 0.4400 | NightHrsTrueNee vs NightHrsModelNee R²: 0.4400
Epoch 29500 | Train Loss: 0.003647 | Val Loss: 0.003621 | Train R²: 0.8710 | Val R²: 0.8747 | NightHrsTrueNEE vs NightHrsModelReco R²: 0.4500 | NightHrsTrueNee vs NightHrsModelNee R²: 0.4500
Epoch 30000 | Train Loss: 0.003553 | Val Loss: 0.003519 | Train R²: 0.8744 | Val R²: 0.8783 | NightHrsTrueNEE vs NightHrsModelReco R²: 0.4600 | NightHrsTrueNee vs NightHrsModelNee R²: 0.4700
Epoch 30500 | Train Loss: 0.003455 | Val Loss: 0.003413 | Train R²: 0.8779 | Val R²: 0.8819 | NightHrsTrueNEE vs NightHrsModelReco R²: 0.4800 | NightHrsTrueNee vs NightHrsModelNee R²: 0.4800
Epoch 31000 | Train Loss: 0.003349 | Val Loss: 0.003300 | Train R²: 0.8816 | Val R²: 0.8859 | NightHrsTrueNEE vs NightHrsModelReco R²: 0.5000 | NightHrsTrueNee vs NightHrsModelNee R²: 0.5000
Epoch 31500 | Train Loss: 0.003243 | Val Loss: 0.003188 | Train R²: 0.8854 | Val R²: 0.8897 | NightHrsTrueNEE vs NightHrsModelReco R²: 0.5100 | NightHrsTrueNee vs NightHrsModelNee R²: 0.5200
Epoch 32000 | Train Loss: 0.003149 | Val Loss: 0.003093 | Train R²: 0.8887 | Val R²: 0.8930 | NightHrsTrueNEE vs NightHrsModelReco R²: 0.5300 | NightHrsTrueNee vs NightHrsModelNee R²: 0.5300
Epoch 32500 | Train Loss: 0.003067 | Val Loss: 0.003017 | Train R²: 0.8916 | Val R²: 0.8957 | NightHrsTrueNEE vs NightHrsModelReco R²: 0.5500 | NightHrsTrueNee vs NightHrsModelNee R²: 0.5500
Epoch 33000 | Train Loss: 0.002996 | Val Loss: 0.002951 | Train R²: 0.8941 | Val R²: 0.8979 | NightHrsTrueNEE vs NightHrsModelReco R²: 0.5600 | NightHrsTrueNee vs NightHrsModelNee R²: 0.5600
Epoch 33500 | Train Loss: 0.002930 | Val Loss: 0.002895 | Train R²: 0.8964 | Val R²: 0.8999 | NightHrsTrueNEE vs NightHrsModelReco R²: 0.5700 | NightHrsTrueNee vs NightHrsModelNee R²: 0.5700
Epoch 34000 | Train Loss: 0.002869 | Val Loss: 0.002851 | Train R²: 0.8986 | Val R²: 0.9014 | NightHrsTrueNEE vs NightHrsModelReco R²: 0.5700 | NightHrsTrueNee vs NightHrsModelNee R²: 0.5700
Early stopping at epoch 34336 due to flat/negative trend (slope=0.000002)
Epoch 34336 | Train Loss: 0.002839 | Val Loss: 0.002830 | Train R²: 0.8996 | Val R²: 0.9021
Unpickling models
Following models have been loaded and moved to cuda:
trained gpp model:
 SNN_GPP_Tram(
  (net): Sequential(
    (0): Linear(in_features=8, out_features=12, bias=True)
    (1): Tanh()
    (2): Linear(in_features=12, out_features=1, bias=True)
    (3): Sigmoid()
  )
), trained_reco_model:
 SNN_GPP_Tram(
  (net): Sequential(
    (0): Linear(in_features=8, out_features=12, bias=True)
    (1): Tanh()
    (2): Linear(in_features=12, out_features=1, bias=True)
    (3): Sigmoid()
  )
)
using full data set for visualization
Un-normalizing the GPP and RECO predictions using NEE min: tensor([-36.1705]), NEE max: tensor([35.8634])



Metrics for the Tramontana, with
GPP inputs: ['SW_IN', 'TA', 'VPD', 'WS', 'WD_COS', 'WD_SIN', 'WTD', 'Salinity']
RECO inputs: ['DOY_sin', 'DOY_cos', 'TA', 'WS', 'WD_COS', 'WD_SIN', 'WTD', 'Salinity']:
dt_gpp vs Tramontana_GPP R²=0.87 RMSE=2.56
nt_gpp vs Tramontana_GPP R²=0.83 RMSE=2.91
dt_reco vs Tramontana_RECO R²=0.06 RMSE=2.26
nt_reco vs Tramontana_RECO R²=-0.21 RMSE=2.23
night_hours_true_nee vs Tramontana_night_hours_model_reco R²=0.55 RMSE=1.35
night_hours_true_nee vs Tramontana_night_hours_model_nee R²=0.55 RMSE=1.35
dt_gpp vs nt_gpp R²=0.95 RMSE=1.56
dt_reco vs nt_reco R²=0.85 RMSE=1.00

gpp_input_names,  ['SW_IN', 'TA', 'VPD', 'WS', 'WD_COS', 'WD_SIN', 'WTD', 'Salinity', 'WTD_HalfHourlyDiff'] 
reco_input_names,  ['DOY_sin', 'DOY_cos', 'TA', 'WS', 'WD_COS', 'WD_SIN', 'WTD', 'Salinity', 'WTD_HalfHourlyDiff'] 
true_nee_name,  ['NEE'] 

Tramontana Running on GPU With hidden layer size of 12 Total epochs: 100000 lr: 0.001 patience: 500 min_delta 0.01
SNN_GPP_Tram(
  (net): Sequential(
    (0): Linear(in_features=9, out_features=12, bias=True)
    (1): Tanh()
    (2): Linear(in_features=12, out_features=1, bias=True)
    (3): Sigmoid()
  )
)
SNN_RECO_Tram(
  (net): Sequential(
    (0): Linear(in_features=9, out_features=12, bias=True)
    (1): Tanh()
    (2): Linear(in_features=12, out_features=1, bias=True)
    (3): Sigmoid()
  )
)
Params are min slope: 2e-06, trend window: 100
Epoch     0 | Train Loss: 29059.703125 | Val Loss: 28709.675781 | Train R²: -1027470.3125 | Val R²: -992989.1250 | NightHrsTrueNEE vs NightHrsModelReco R²: -56.8500 | NightHrsTrueNee vs NightHrsModelNee R²: -234.5300
Epoch   500 | Train Loss: 264.938721 | Val Loss: 258.161469 | Train R²: -9366.5059 | Val R²: -8928.1074 | NightHrsTrueNEE vs NightHrsModelReco R²: -219.2600 | NightHrsTrueNee vs NightHrsModelNee R²: -210.7200
Epoch  1000 | Train Loss: 66.034027 | Val Loss: 63.832272 | Train R²: -2333.7820 | Val R²: -2206.7861 | NightHrsTrueNEE vs NightHrsModelReco R²: -243.3800 | NightHrsTrueNee vs NightHrsModelNee R²: -231.7000
Epoch  1500 | Train Loss: 28.179964 | Val Loss: 27.071150 | Train R²: -995.3661 | Val R²: -935.3179 | NightHrsTrueNEE vs NightHrsModelReco R²: -252.4000 | NightHrsTrueNee vs NightHrsModelNee R²: -242.1800
Epoch  2000 | Train Loss: 14.915554 | Val Loss: 14.251585 | Train R²: -526.3730 | Val R²: -491.9239 | NightHrsTrueNEE vs NightHrsModelReco R²: -257.0500 | NightHrsTrueNee vs NightHrsModelNee R²: -248.2900
Epoch  2500 | Train Loss: 8.859837 | Val Loss: 8.425038 | Train R²: -312.2595 | Val R²: -290.3993 | NightHrsTrueNEE vs NightHrsModelReco R²: -259.6700 | NightHrsTrueNee vs NightHrsModelNee R²: -252.1100
Epoch  3000 | Train Loss: 5.662099 | Val Loss: 5.361859 | Train R²: -199.1963 | Val R²: -184.4522 | NightHrsTrueNEE vs NightHrsModelReco R²: -261.0200 | NightHrsTrueNee vs NightHrsModelNee R²: -254.4300
Epoch  3500 | Train Loss: 3.814817 | Val Loss: 3.600328 | Train R²: -133.8814 | Val R²: -123.5256 | NightHrsTrueNEE vs NightHrsModelReco R²: -261.2000 | NightHrsTrueNee vs NightHrsModelNee R²: -255.4200
Epoch  4000 | Train Loss: 2.682227 | Val Loss: 2.525462 | Train R²: -93.8362 | Val R²: -86.3489 | NightHrsTrueNEE vs NightHrsModelReco R²: -259.5100 | NightHrsTrueNee vs NightHrsModelNee R²: -254.4100
Epoch  4500 | Train Loss: 1.955076 | Val Loss: 1.838610 | Train R²: -68.1261 | Val R²: -62.5926 | NightHrsTrueNEE vs NightHrsModelReco R²: -251.5400 | NightHrsTrueNee vs NightHrsModelNee R²: -247.0800
Epoch  5000 | Train Loss: 1.458307 | Val Loss: 1.370302 | Train R²: -50.5617 | Val R²: -46.3951 | NightHrsTrueNEE vs NightHrsModelReco R²: -219.4000 | NightHrsTrueNee vs NightHrsModelNee R²: -215.7400
Epoch  5500 | Train Loss: 1.119973 | Val Loss: 1.052749 | Train R²: -38.5992 | Val R²: -35.4117 | NightHrsTrueNEE vs NightHrsModelReco R²: -197.1500 | NightHrsTrueNee vs NightHrsModelNee R²: -194.1100
Epoch  6000 | Train Loss: 0.878361 | Val Loss: 0.825920 | Train R²: -30.0564 | Val R²: -27.5663 | NightHrsTrueNEE vs NightHrsModelReco R²: -174.2600 | NightHrsTrueNee vs NightHrsModelNee R²: -171.7500
Epoch  6500 | Train Loss: 0.686727 | Val Loss: 0.643891 | Train R²: -23.2808 | Val R²: -21.2704 | NightHrsTrueNEE vs NightHrsModelReco R²: -131.6100 | NightHrsTrueNee vs NightHrsModelNee R²: -129.7100
Epoch  7000 | Train Loss: 0.540312 | Val Loss: 0.505944 | Train R²: -18.1039 | Val R²: -16.4992 | NightHrsTrueNEE vs NightHrsModelReco R²: -102.1400 | NightHrsTrueNee vs NightHrsModelNee R²: -100.6600
Epoch  7500 | Train Loss: 0.410110 | Val Loss: 0.382481 | Train R²: -13.5004 | Val R²: -12.2290 | NightHrsTrueNEE vs NightHrsModelReco R²: -71.2400 | NightHrsTrueNee vs NightHrsModelNee R²: -70.1000
Epoch  8000 | Train Loss: 0.301982 | Val Loss: 0.279479 | Train R²: -9.6773 | Val R²: -8.6664 | NightHrsTrueNEE vs NightHrsModelReco R²: -41.9600 | NightHrsTrueNee vs NightHrsModelNee R²: -41.1400
Epoch  8500 | Train Loss: 0.226851 | Val Loss: 0.209575 | Train R²: -7.0208 | Val R²: -6.2486 | NightHrsTrueNEE vs NightHrsModelReco R²: -30.7000 | NightHrsTrueNee vs NightHrsModelNee R²: -30.0700
Epoch  9000 | Train Loss: 0.171363 | Val Loss: 0.158141 | Train R²: -5.0589 | Val R²: -4.4697 | NightHrsTrueNEE vs NightHrsModelReco R²: -22.8700 | NightHrsTrueNee vs NightHrsModelNee R²: -22.3900
Epoch  9500 | Train Loss: 0.130327 | Val Loss: 0.120192 | Train R²: -3.6080 | Val R²: -3.1571 | NightHrsTrueNEE vs NightHrsModelReco R²: -17.0500 | NightHrsTrueNee vs NightHrsModelNee R²: -16.6800
Epoch 10000 | Train Loss: 0.099963 | Val Loss: 0.092172 | Train R²: -2.5344 | Val R²: -2.1880 | NightHrsTrueNEE vs NightHrsModelReco R²: -12.7500 | NightHrsTrueNee vs NightHrsModelNee R²: -12.4600
Epoch 10500 | Train Loss: 0.077501 | Val Loss: 0.071481 | Train R²: -1.7402 | Val R²: -1.4723 | NightHrsTrueNEE vs NightHrsModelReco R²: -9.5700 | NightHrsTrueNee vs NightHrsModelNee R²: -9.3500
Epoch 11000 | Train Loss: 0.060870 | Val Loss: 0.056192 | Train R²: -1.1522 | Val R²: -0.9435 | NightHrsTrueNEE vs NightHrsModelReco R²: -7.2200 | NightHrsTrueNee vs NightHrsModelNee R²: -7.0600
Epoch 11500 | Train Loss: 0.048521 | Val Loss: 0.044869 | Train R²: -0.7156 | Val R²: -0.5519 | NightHrsTrueNEE vs NightHrsModelReco R²: -5.5000 | NightHrsTrueNee vs NightHrsModelNee R²: -5.3600
Epoch 12000 | Train Loss: 0.039337 | Val Loss: 0.036472 | Train R²: -0.3908 | Val R²: -0.2615 | NightHrsTrueNEE vs NightHrsModelReco R²: -4.2200 | NightHrsTrueNee vs NightHrsModelNee R²: -4.1200
Epoch 12500 | Train Loss: 0.032516 | Val Loss: 0.030259 | Train R²: -0.1497 | Val R²: -0.0466 | NightHrsTrueNEE vs NightHrsModelReco R²: -3.2700 | NightHrsTrueNee vs NightHrsModelNee R²: -3.1900
Epoch 13000 | Train Loss: 0.027483 | Val Loss: 0.025700 | Train R²: 0.0283 | Val R²: 0.1111 | NightHrsTrueNEE vs NightHrsModelReco R²: -2.5700 | NightHrsTrueNee vs NightHrsModelNee R²: -2.5100
Epoch 13500 | Train Loss: 0.023802 | Val Loss: 0.022387 | Train R²: 0.1584 | Val R²: 0.2257 | NightHrsTrueNEE vs NightHrsModelReco R²: -2.0500 | NightHrsTrueNee vs NightHrsModelNee R²: -2.0000
Epoch 14000 | Train Loss: 0.021125 | Val Loss: 0.019999 | Train R²: 0.2531 | Val R²: 0.3083 | NightHrsTrueNEE vs NightHrsModelReco R²: -1.6700 | NightHrsTrueNee vs NightHrsModelNee R²: -1.6400
Epoch 14500 | Train Loss: 0.019180 | Val Loss: 0.018282 | Train R²: 0.3218 | Val R²: 0.3677 | NightHrsTrueNEE vs NightHrsModelReco R²: -1.3900 | NightHrsTrueNee vs NightHrsModelNee R²: -1.3600
Epoch 15000 | Train Loss: 0.017764 | Val Loss: 0.017043 | Train R²: 0.3719 | Val R²: 0.4105 | NightHrsTrueNEE vs NightHrsModelReco R²: -1.1700 | NightHrsTrueNee vs NightHrsModelNee R²: -1.1500
Epoch 15500 | Train Loss: 0.016713 | Val Loss: 0.016127 | Train R²: 0.4091 | Val R²: 0.4422 | NightHrsTrueNEE vs NightHrsModelReco R²: -1.0000 | NightHrsTrueNee vs NightHrsModelNee R²: -0.9800
Epoch 16000 | Train Loss: 0.015894 | Val Loss: 0.015407 | Train R²: 0.4380 | Val R²: 0.4671 | NightHrsTrueNEE vs NightHrsModelReco R²: -0.8800 | NightHrsTrueNee vs NightHrsModelNee R²: -0.8600
Epoch 16500 | Train Loss: 0.015196 | Val Loss: 0.014780 | Train R²: 0.4627 | Val R²: 0.4888 | NightHrsTrueNEE vs NightHrsModelReco R²: -0.7800 | NightHrsTrueNee vs NightHrsModelNee R²: -0.7700
Epoch 17000 | Train Loss: 0.014548 | Val Loss: 0.014183 | Train R²: 0.4856 | Val R²: 0.5095 | NightHrsTrueNEE vs NightHrsModelReco R²: -0.7100 | NightHrsTrueNee vs NightHrsModelNee R²: -0.7000
Epoch 17500 | Train Loss: 0.013922 | Val Loss: 0.013591 | Train R²: 0.5078 | Val R²: 0.5299 | NightHrsTrueNEE vs NightHrsModelReco R²: -0.6600 | NightHrsTrueNee vs NightHrsModelNee R²: -0.6500
Epoch 18000 | Train Loss: 0.013293 | Val Loss: 0.012983 | Train R²: 0.5300 | Val R²: 0.5509 | NightHrsTrueNEE vs NightHrsModelReco R²: -0.6300 | NightHrsTrueNee vs NightHrsModelNee R²: -0.6200
Epoch 18500 | Train Loss: 0.012638 | Val Loss: 0.012338 | Train R²: 0.5532 | Val R²: 0.5733 | NightHrsTrueNEE vs NightHrsModelReco R²: -0.6000 | NightHrsTrueNee vs NightHrsModelNee R²: -0.5900
Epoch 19000 | Train Loss: 0.011962 | Val Loss: 0.011670 | Train R²: 0.5771 | Val R²: 0.5964 | NightHrsTrueNEE vs NightHrsModelReco R²: -0.5700 | NightHrsTrueNee vs NightHrsModelNee R²: -0.5600
Epoch 19500 | Train Loss: 0.011278 | Val Loss: 0.011001 | Train R²: 0.6013 | Val R²: 0.6195 | NightHrsTrueNEE vs NightHrsModelReco R²: -0.5300 | NightHrsTrueNee vs NightHrsModelNee R²: -0.5200
Epoch 20000 | Train Loss: 0.010596 | Val Loss: 0.010342 | Train R²: 0.6253 | Val R²: 0.6423 | NightHrsTrueNEE vs NightHrsModelReco R²: -0.4900 | NightHrsTrueNee vs NightHrsModelNee R²: -0.4800
Epoch 20500 | Train Loss: 0.009923 | Val Loss: 0.009693 | Train R²: 0.6492 | Val R²: 0.6647 | NightHrsTrueNEE vs NightHrsModelReco R²: -0.4400 | NightHrsTrueNee vs NightHrsModelNee R²: -0.4300
Epoch 21000 | Train Loss: 0.009250 | Val Loss: 0.009045 | Train R²: 0.6729 | Val R²: 0.6872 | NightHrsTrueNEE vs NightHrsModelReco R²: -0.3700 | NightHrsTrueNee vs NightHrsModelNee R²: -0.3700
Epoch 21500 | Train Loss: 0.008591 | Val Loss: 0.008407 | Train R²: 0.6962 | Val R²: 0.7092 | NightHrsTrueNEE vs NightHrsModelReco R²: -0.3000 | NightHrsTrueNee vs NightHrsModelNee R²: -0.2900
Epoch 22000 | Train Loss: 0.007974 | Val Loss: 0.007804 | Train R²: 0.7181 | Val R²: 0.7301 | NightHrsTrueNEE vs NightHrsModelReco R²: -0.2200 | NightHrsTrueNee vs NightHrsModelNee R²: -0.2100
Epoch 22500 | Train Loss: 0.007406 | Val Loss: 0.007250 | Train R²: 0.7381 | Val R²: 0.7492 | NightHrsTrueNEE vs NightHrsModelReco R²: -0.1400 | NightHrsTrueNee vs NightHrsModelNee R²: -0.1400
Epoch 23000 | Train Loss: 0.006909 | Val Loss: 0.006772 | Train R²: 0.7557 | Val R²: 0.7658 | NightHrsTrueNEE vs NightHrsModelReco R²: -0.0700 | NightHrsTrueNee vs NightHrsModelNee R²: -0.0700
Epoch 23500 | Train Loss: 0.006479 | Val Loss: 0.006361 | Train R²: 0.7709 | Val R²: 0.7800 | NightHrsTrueNEE vs NightHrsModelReco R²: 0.0000 | NightHrsTrueNee vs NightHrsModelNee R²: 0.0000
Epoch 24000 | Train Loss: 0.006092 | Val Loss: 0.005992 | Train R²: 0.7846 | Val R²: 0.7928 | NightHrsTrueNEE vs NightHrsModelReco R²: 0.0700 | NightHrsTrueNee vs NightHrsModelNee R²: 0.0700
Epoch 24500 | Train Loss: 0.005714 | Val Loss: 0.005636 | Train R²: 0.7980 | Val R²: 0.8051 | NightHrsTrueNEE vs NightHrsModelReco R²: 0.1300 | NightHrsTrueNee vs NightHrsModelNee R²: 0.1400
Epoch 25000 | Train Loss: 0.005330 | Val Loss: 0.005270 | Train R²: 0.8116 | Val R²: 0.8177 | NightHrsTrueNEE vs NightHrsModelReco R²: 0.2000 | NightHrsTrueNee vs NightHrsModelNee R²: 0.2000
Epoch 25500 | Train Loss: 0.004942 | Val Loss: 0.004888 | Train R²: 0.8253 | Val R²: 0.8309 | NightHrsTrueNEE vs NightHrsModelReco R²: 0.2700 | NightHrsTrueNee vs NightHrsModelNee R²: 0.2700
Epoch 26000 | Train Loss: 0.004570 | Val Loss: 0.004519 | Train R²: 0.8384 | Val R²: 0.8437 | NightHrsTrueNEE vs NightHrsModelReco R²: 0.3200 | NightHrsTrueNee vs NightHrsModelNee R²: 0.3200
Epoch 26500 | Train Loss: 0.004265 | Val Loss: 0.004222 | Train R²: 0.8492 | Val R²: 0.8540 | NightHrsTrueNEE vs NightHrsModelReco R²: 0.3600 | NightHrsTrueNee vs NightHrsModelNee R²: 0.3600
Epoch 27000 | Train Loss: 0.004078 | Val Loss: 0.004042 | Train R²: 0.8558 | Val R²: 0.8602 | NightHrsTrueNEE vs NightHrsModelReco R²: 0.3800 | NightHrsTrueNee vs NightHrsModelNee R²: 0.3900
Epoch 27500 | Train Loss: 0.003984 | Val Loss: 0.003954 | Train R²: 0.8591 | Val R²: 0.8633 | NightHrsTrueNEE vs NightHrsModelReco R²: 0.4000 | NightHrsTrueNee vs NightHrsModelNee R²: 0.4000
Epoch 28000 | Train Loss: 0.003931 | Val Loss: 0.003904 | Train R²: 0.8610 | Val R²: 0.8650 | NightHrsTrueNEE vs NightHrsModelReco R²: 0.4000 | NightHrsTrueNee vs NightHrsModelNee R²: 0.4100
Epoch 28500 | Train Loss: 0.003888 | Val Loss: 0.003865 | Train R²: 0.8625 | Val R²: 0.8663 | NightHrsTrueNEE vs NightHrsModelReco R²: 0.4100 | NightHrsTrueNee vs NightHrsModelNee R²: 0.4100
Epoch 29000 | Train Loss: 0.003843 | Val Loss: 0.003823 | Train R²: 0.8641 | Val R²: 0.8678 | NightHrsTrueNEE vs NightHrsModelReco R²: 0.4100 | NightHrsTrueNee vs NightHrsModelNee R²: 0.4200
Epoch 29500 | Train Loss: 0.003792 | Val Loss: 0.003776 | Train R²: 0.8659 | Val R²: 0.8694 | NightHrsTrueNEE vs NightHrsModelReco R²: 0.4200 | NightHrsTrueNee vs NightHrsModelNee R²: 0.4200
Epoch 30000 | Train Loss: 0.003727 | Val Loss: 0.003713 | Train R²: 0.8682 | Val R²: 0.8716 | NightHrsTrueNEE vs NightHrsModelReco R²: 0.4300 | NightHrsTrueNee vs NightHrsModelNee R²: 0.4300
Epoch 30500 | Train Loss: 0.003632 | Val Loss: 0.003616 | Train R²: 0.8716 | Val R²: 0.8749 | NightHrsTrueNEE vs NightHrsModelReco R²: 0.4400 | NightHrsTrueNee vs NightHrsModelNee R²: 0.4400
Epoch 31000 | Train Loss: 0.003515 | Val Loss: 0.003491 | Train R²: 0.8757 | Val R²: 0.8793 | NightHrsTrueNEE vs NightHrsModelReco R²: 0.4600 | NightHrsTrueNee vs NightHrsModelNee R²: 0.4600
Epoch 31500 | Train Loss: 0.003398 | Val Loss: 0.003368 | Train R²: 0.8799 | Val R²: 0.8835 | NightHrsTrueNEE vs NightHrsModelReco R²: 0.4700 | NightHrsTrueNee vs NightHrsModelNee R²: 0.4700
Epoch 32000 | Train Loss: 0.003284 | Val Loss: 0.003248 | Train R²: 0.8839 | Val R²: 0.8877 | NightHrsTrueNEE vs NightHrsModelReco R²: 0.4900 | NightHrsTrueNee vs NightHrsModelNee R²: 0.4900
Epoch 32500 | Train Loss: 0.003176 | Val Loss: 0.003134 | Train R²: 0.8877 | Val R²: 0.8916 | NightHrsTrueNEE vs NightHrsModelReco R²: 0.5000 | NightHrsTrueNee vs NightHrsModelNee R²: 0.5100
Epoch 33000 | Train Loss: 0.003086 | Val Loss: 0.003039 | Train R²: 0.8909 | Val R²: 0.8949 | NightHrsTrueNEE vs NightHrsModelReco R²: 0.5200 | NightHrsTrueNee vs NightHrsModelNee R²: 0.5200
Epoch 33500 | Train Loss: 0.003015 | Val Loss: 0.002968 | Train R²: 0.8934 | Val R²: 0.8973 | NightHrsTrueNEE vs NightHrsModelReco R²: 0.5300 | NightHrsTrueNee vs NightHrsModelNee R²: 0.5300
Epoch 34000 | Train Loss: 0.002963 | Val Loss: 0.002920 | Train R²: 0.8952 | Val R²: 0.8990 | NightHrsTrueNEE vs NightHrsModelReco R²: 0.5400 | NightHrsTrueNee vs NightHrsModelNee R²: 0.5400
Epoch 34500 | Train Loss: 0.002923 | Val Loss: 0.002882 | Train R²: 0.8967 | Val R²: 0.9003 | NightHrsTrueNEE vs NightHrsModelReco R²: 0.5400 | NightHrsTrueNee vs NightHrsModelNee R²: 0.5400
Early stopping at epoch 34909 due to flat/negative trend (slope=0.000002)
Epoch 34909 | Train Loss: 0.002897 | Val Loss: 0.002859 | Train R²: 0.8976 | Val R²: 0.9011
Unpickling models
Following models have been loaded and moved to cuda:
trained gpp model:
 SNN_GPP_Tram(
  (net): Sequential(
    (0): Linear(in_features=9, out_features=12, bias=True)
    (1): Tanh()
    (2): Linear(in_features=12, out_features=1, bias=True)
    (3): Sigmoid()
  )
), trained_reco_model:
 SNN_GPP_Tram(
  (net): Sequential(
    (0): Linear(in_features=9, out_features=12, bias=True)
    (1): Tanh()
    (2): Linear(in_features=12, out_features=1, bias=True)
    (3): Sigmoid()
  )
)
using full data set for visualization
Un-normalizing the GPP and RECO predictions using NEE min: tensor([-36.1705]), NEE max: tensor([35.8634])



Metrics for the Tramontana, with
GPP inputs: ['SW_IN', 'TA', 'VPD', 'WS', 'WD_COS', 'WD_SIN', 'WTD', 'Salinity', 'WTD_HalfHourlyDiff']
RECO inputs: ['DOY_sin', 'DOY_cos', 'TA', 'WS', 'WD_COS', 'WD_SIN', 'WTD', 'Salinity', 'WTD_HalfHourlyDiff']:
dt_gpp vs Tramontana_GPP R²=0.87 RMSE=2.58
nt_gpp vs Tramontana_GPP R²=0.83 RMSE=2.95
dt_reco vs Tramontana_RECO R²=0.02 RMSE=2.31
nt_reco vs Tramontana_RECO R²=-0.28 RMSE=2.30
night_hours_true_nee vs Tramontana_night_hours_model_reco R²=0.52 RMSE=1.39
night_hours_true_nee vs Tramontana_night_hours_model_nee R²=0.52 RMSE=1.39
dt_gpp vs nt_gpp R²=0.95 RMSE=1.56
dt_reco vs nt_reco R²=0.85 RMSE=1.00

gpp_input_names,  ['SW_IN', 'TA', 'VPD', 'WS', 'WD_COS', 'WD_SIN', 'WTD', 'Salinity', 'WTD_HalfHourlyDiff', 'WTD_DailyAvg', 'WTD_DailyDiff'] 
reco_input_names,  ['DOY_sin', 'DOY_cos', 'TA', 'WS', 'WD_COS', 'WD_SIN', 'WTD', 'Salinity', 'WTD_HalfHourlyDiff', 'WTD_DailyAvg', 'WTD_DailyDiff'] 
true_nee_name,  ['NEE'] 

Tramontana Running on GPU With hidden layer size of 12 Total epochs: 100000 lr: 0.001 patience: 500 min_delta 0.01
SNN_GPP_Tram(
  (net): Sequential(
    (0): Linear(in_features=11, out_features=12, bias=True)
    (1): Tanh()
    (2): Linear(in_features=12, out_features=1, bias=True)
    (3): Sigmoid()
  )
)
SNN_RECO_Tram(
  (net): Sequential(
    (0): Linear(in_features=11, out_features=12, bias=True)
    (1): Tanh()
    (2): Linear(in_features=12, out_features=1, bias=True)
    (3): Sigmoid()
  )
)
Params are min slope: 2e-06, trend window: 100
Epoch     0 | Train Loss: 18388.875000 | Val Loss: 18050.400391 | Train R²: -650179.1250 | Val R²: -624313.6250 | NightHrsTrueNEE vs NightHrsModelReco R²: -59.2000 | NightHrsTrueNee vs NightHrsModelNee R²: -192.4700
Epoch   500 | Train Loss: 180.325806 | Val Loss: 174.968140 | Train R²: -6374.8252 | Val R²: -6050.6763 | NightHrsTrueNEE vs NightHrsModelReco R²: -214.4900 | NightHrsTrueNee vs NightHrsModelNee R²: -203.6800
Epoch  1000 | Train Loss: 46.317577 | Val Loss: 44.459301 | Train R²: -1636.6624 | Val R²: -1536.7273 | NightHrsTrueNEE vs NightHrsModelReco R²: -242.4500 | NightHrsTrueNee vs NightHrsModelNee R²: -231.3300
Epoch  1500 | Train Loss: 19.838428 | Val Loss: 18.888859 | Train R²: -700.4324 | Val R²: -652.3146 | NightHrsTrueNEE vs NightHrsModelReco R²: -252.1200 | NightHrsTrueNee vs NightHrsModelNee R²: -242.7900
Epoch  2000 | Train Loss: 10.512233 | Val Loss: 9.943158 | Train R²: -370.6837 | Val R²: -342.9070 | NightHrsTrueNEE vs NightHrsModelReco R²: -256.6300 | NightHrsTrueNee vs NightHrsModelNee R²: -248.7900
Epoch  2500 | Train Loss: 6.266358 | Val Loss: 5.895046 | Train R²: -220.5612 | Val R²: -202.8937 | NightHrsTrueNEE vs NightHrsModelReco R²: -258.7200 | NightHrsTrueNee vs NightHrsModelNee R²: -252.0300
Epoch  3000 | Train Loss: 4.036252 | Val Loss: 3.781166 | Train R²: -141.7108 | Val R²: -129.7803 | NightHrsTrueNEE vs NightHrsModelReco R²: -259.0000 | NightHrsTrueNee vs NightHrsModelNee R²: -253.2200
Epoch  3500 | Train Loss: 2.755033 | Val Loss: 2.573778 | Train R²: -96.4104 | Val R²: -88.0201 | NightHrsTrueNEE vs NightHrsModelReco R²: -256.6400 | NightHrsTrueNee vs NightHrsModelNee R²: -251.6200
Epoch  4000 | Train Loss: 1.967816 | Val Loss: 1.835845 | Train R²: -68.5766 | Val R²: -62.4969 | NightHrsTrueNEE vs NightHrsModelReco R²: -245.6800 | NightHrsTrueNee vs NightHrsModelNee R²: -241.3600
Epoch  4500 | Train Loss: 1.445390 | Val Loss: 1.346485 | Train R²: -50.1050 | Val R²: -45.5713 | NightHrsTrueNEE vs NightHrsModelReco R²: -208.2800 | NightHrsTrueNee vs NightHrsModelNee R²: -204.8300
Epoch  5000 | Train Loss: 1.091753 | Val Loss: 1.015630 | Train R²: -37.6014 | Val R²: -34.1279 | NightHrsTrueNEE vs NightHrsModelReco R²: -172.6100 | NightHrsTrueNee vs NightHrsModelNee R²: -169.9100
Epoch  5500 | Train Loss: 0.843191 | Val Loss: 0.783396 | Train R²: -28.8129 | Val R²: -26.0955 | NightHrsTrueNEE vs NightHrsModelReco R²: -139.3100 | NightHrsTrueNee vs NightHrsModelNee R²: -137.2000
Epoch  6000 | Train Loss: 0.668549 | Val Loss: 0.621661 | Train R²: -22.6380 | Val R²: -20.5016 | NightHrsTrueNEE vs NightHrsModelReco R²: -119.3300 | NightHrsTrueNee vs NightHrsModelNee R²: -117.6200
Epoch  6500 | Train Loss: 0.531444 | Val Loss: 0.494522 | Train R²: -17.7904 | Val R²: -16.1042 | NightHrsTrueNEE vs NightHrsModelReco R²: -98.0000 | NightHrsTrueNee vs NightHrsModelNee R²: -96.6300
Epoch  7000 | Train Loss: 0.397968 | Val Loss: 0.368625 | Train R²: -13.0710 | Val R²: -11.7497 | NightHrsTrueNEE vs NightHrsModelReco R²: -64.4700 | NightHrsTrueNee vs NightHrsModelNee R²: -63.4500
Epoch  7500 | Train Loss: 0.289600 | Val Loss: 0.266113 | Train R²: -9.2395 | Val R²: -8.2041 | NightHrsTrueNEE vs NightHrsModelReco R²: -37.9900 | NightHrsTrueNee vs NightHrsModelNee R²: -37.2500
Epoch  8000 | Train Loss: 0.216177 | Val Loss: 0.198311 | Train R²: -6.6434 | Val R²: -5.8590 | NightHrsTrueNEE vs NightHrsModelReco R²: -28.3400 | NightHrsTrueNee vs NightHrsModelNee R²: -27.7700
Epoch  8500 | Train Loss: 0.162523 | Val Loss: 0.148839 | Train R²: -4.7464 | Val R²: -4.1479 | NightHrsTrueNEE vs NightHrsModelReco R²: -21.0300 | NightHrsTrueNee vs NightHrsModelNee R²: -20.6000
Epoch  9000 | Train Loss: 0.123222 | Val Loss: 0.112694 | Train R²: -3.3568 | Val R²: -2.8978 | NightHrsTrueNEE vs NightHrsModelReco R²: -15.5800 | NightHrsTrueNee vs NightHrsModelNee R²: -15.2500
Epoch  9500 | Train Loss: 0.094367 | Val Loss: 0.086246 | Train R²: -2.3365 | Val R²: -1.9830 | NightHrsTrueNEE vs NightHrsModelReco R²: -11.6100 | NightHrsTrueNee vs NightHrsModelNee R²: -11.3600
Epoch 10000 | Train Loss: 0.073133 | Val Loss: 0.066860 | Train R²: -1.5858 | Val R²: -1.3125 | NightHrsTrueNEE vs NightHrsModelReco R²: -8.7300 | NightHrsTrueNee vs NightHrsModelNee R²: -8.5400
Epoch 10500 | Train Loss: 0.057471 | Val Loss: 0.052623 | Train R²: -1.0320 | Val R²: -0.8201 | NightHrsTrueNEE vs NightHrsModelReco R²: -6.6300 | NightHrsTrueNee vs NightHrsModelNee R²: -6.4800
Epoch 11000 | Train Loss: 0.045890 | Val Loss: 0.042143 | Train R²: -0.6225 | Val R²: -0.4576 | NightHrsTrueNEE vs NightHrsModelReco R²: -5.0900 | NightHrsTrueNee vs NightHrsModelNee R²: -4.9700
Epoch 11500 | Train Loss: 0.037324 | Val Loss: 0.034419 | Train R²: -0.3197 | Val R²: -0.1905 | NightHrsTrueNEE vs NightHrsModelReco R²: -3.9400 | NightHrsTrueNee vs NightHrsModelNee R²: -3.8500
Epoch 12000 | Train Loss: 0.031010 | Val Loss: 0.028746 | Train R²: -0.0964 | Val R²: 0.0058 | NightHrsTrueNEE vs NightHrsModelReco R²: -3.0900 | NightHrsTrueNee vs NightHrsModelNee R²: -3.0200
Epoch 12500 | Train Loss: 0.026385 | Val Loss: 0.024610 | Train R²: 0.0671 | Val R²: 0.1488 | NightHrsTrueNEE vs NightHrsModelReco R²: -2.4500 | NightHrsTrueNee vs NightHrsModelNee R²: -2.3900
Epoch 13000 | Train Loss: 0.023020 | Val Loss: 0.021620 | Train R²: 0.1861 | Val R²: 0.2522 | NightHrsTrueNEE vs NightHrsModelReco R²: -1.9700 | NightHrsTrueNee vs NightHrsModelNee R²: -1.9300
Epoch 13500 | Train Loss: 0.020580 | Val Loss: 0.019470 | Train R²: 0.2724 | Val R²: 0.3266 | NightHrsTrueNEE vs NightHrsModelReco R²: -1.6100 | NightHrsTrueNee vs NightHrsModelNee R²: -1.5800
Epoch 14000 | Train Loss: 0.018809 | Val Loss: 0.017923 | Train R²: 0.3350 | Val R²: 0.3801 | NightHrsTrueNEE vs NightHrsModelReco R²: -1.3400 | NightHrsTrueNee vs NightHrsModelNee R²: -1.3100
Epoch 14500 | Train Loss: 0.017512 | Val Loss: 0.016798 | Train R²: 0.3808 | Val R²: 0.4190 | NightHrsTrueNEE vs NightHrsModelReco R²: -1.1300 | NightHrsTrueNee vs NightHrsModelNee R²: -1.1100
Epoch 15000 | Train Loss: 0.016537 | Val Loss: 0.015953 | Train R²: 0.4153 | Val R²: 0.4482 | NightHrsTrueNEE vs NightHrsModelReco R²: -0.9700 | NightHrsTrueNee vs NightHrsModelNee R²: -0.9500
Epoch 15500 | Train Loss: 0.015761 | Val Loss: 0.015276 | Train R²: 0.4427 | Val R²: 0.4716 | NightHrsTrueNEE vs NightHrsModelReco R²: -0.8500 | NightHrsTrueNee vs NightHrsModelNee R²: -0.8300
Epoch 16000 | Train Loss: 0.015089 | Val Loss: 0.014675 | Train R²: 0.4665 | Val R²: 0.4924 | NightHrsTrueNEE vs NightHrsModelReco R²: -0.7700 | NightHrsTrueNee vs NightHrsModelNee R²: -0.7600
Epoch 16500 | Train Loss: 0.014459 | Val Loss: 0.014087 | Train R²: 0.4888 | Val R²: 0.5128 | NightHrsTrueNEE vs NightHrsModelReco R²: -0.7200 | NightHrsTrueNee vs NightHrsModelNee R²: -0.7100
Epoch 17000 | Train Loss: 0.013828 | Val Loss: 0.013472 | Train R²: 0.5111 | Val R²: 0.5340 | NightHrsTrueNEE vs NightHrsModelReco R²: -0.7000 | NightHrsTrueNee vs NightHrsModelNee R²: -0.6900
Epoch 17500 | Train Loss: 0.013157 | Val Loss: 0.012799 | Train R²: 0.5348 | Val R²: 0.5573 | NightHrsTrueNEE vs NightHrsModelReco R²: -0.6600 | NightHrsTrueNee vs NightHrsModelNee R²: -0.6500
Epoch 18000 | Train Loss: 0.012417 | Val Loss: 0.012054 | Train R²: 0.5610 | Val R²: 0.5831 | NightHrsTrueNEE vs NightHrsModelReco R²: -0.6100 | NightHrsTrueNee vs NightHrsModelNee R²: -0.6000
Epoch 18500 | Train Loss: 0.011653 | Val Loss: 0.011290 | Train R²: 0.5880 | Val R²: 0.6095 | NightHrsTrueNEE vs NightHrsModelReco R²: -0.5700 | NightHrsTrueNee vs NightHrsModelNee R²: -0.5600
Epoch 19000 | Train Loss: 0.010920 | Val Loss: 0.010572 | Train R²: 0.6139 | Val R²: 0.6344 | NightHrsTrueNEE vs NightHrsModelReco R²: -0.5200 | NightHrsTrueNee vs NightHrsModelNee R²: -0.5100
Epoch 19500 | Train Loss: 0.010210 | Val Loss: 0.009892 | Train R²: 0.6390 | Val R²: 0.6579 | NightHrsTrueNEE vs NightHrsModelReco R²: -0.4700 | NightHrsTrueNee vs NightHrsModelNee R²: -0.4600
Epoch 20000 | Train Loss: 0.009524 | Val Loss: 0.009236 | Train R²: 0.6632 | Val R²: 0.6806 | NightHrsTrueNEE vs NightHrsModelReco R²: -0.4100 | NightHrsTrueNee vs NightHrsModelNee R²: -0.4000
Epoch 20500 | Train Loss: 0.008878 | Val Loss: 0.008614 | Train R²: 0.6861 | Val R²: 0.7020 | NightHrsTrueNEE vs NightHrsModelReco R²: -0.3400 | NightHrsTrueNee vs NightHrsModelNee R²: -0.3300
Epoch 21000 | Train Loss: 0.008271 | Val Loss: 0.008032 | Train R²: 0.7075 | Val R²: 0.7222 | NightHrsTrueNEE vs NightHrsModelReco R²: -0.2700 | NightHrsTrueNee vs NightHrsModelNee R²: -0.2600
Epoch 21500 | Train Loss: 0.007707 | Val Loss: 0.007485 | Train R²: 0.7275 | Val R²: 0.7411 | NightHrsTrueNEE vs NightHrsModelReco R²: -0.1900 | NightHrsTrueNee vs NightHrsModelNee R²: -0.1800
Epoch 22000 | Train Loss: 0.007168 | Val Loss: 0.006960 | Train R²: 0.7466 | Val R²: 0.7593 | NightHrsTrueNEE vs NightHrsModelReco R²: -0.1100 | NightHrsTrueNee vs NightHrsModelNee R²: -0.1100
Epoch 22500 | Train Loss: 0.006644 | Val Loss: 0.006452 | Train R²: 0.7651 | Val R²: 0.7768 | NightHrsTrueNEE vs NightHrsModelReco R²: -0.0400 | NightHrsTrueNee vs NightHrsModelNee R²: -0.0400
Epoch 23000 | Train Loss: 0.006139 | Val Loss: 0.005976 | Train R²: 0.7829 | Val R²: 0.7933 | NightHrsTrueNEE vs NightHrsModelReco R²: 0.0300 | NightHrsTrueNee vs NightHrsModelNee R²: 0.0400
Epoch 23500 | Train Loss: 0.005637 | Val Loss: 0.005476 | Train R²: 0.8007 | Val R²: 0.8106 | NightHrsTrueNEE vs NightHrsModelReco R²: 0.1200 | NightHrsTrueNee vs NightHrsModelNee R²: 0.1200
Epoch 24000 | Train Loss: 0.005185 | Val Loss: 0.005026 | Train R²: 0.8167 | Val R²: 0.8262 | NightHrsTrueNEE vs NightHrsModelReco R²: 0.2100 | NightHrsTrueNee vs NightHrsModelNee R²: 0.2100
Epoch 24500 | Train Loss: 0.004785 | Val Loss: 0.004647 | Train R²: 0.8308 | Val R²: 0.8393 | NightHrsTrueNEE vs NightHrsModelReco R²: 0.2800 | NightHrsTrueNee vs NightHrsModelNee R²: 0.2800
Epoch 25000 | Train Loss: 0.004472 | Val Loss: 0.004366 | Train R²: 0.8419 | Val R²: 0.8490 | NightHrsTrueNEE vs NightHrsModelReco R²: 0.3300 | NightHrsTrueNee vs NightHrsModelNee R²: 0.3300
Epoch 25500 | Train Loss: 0.004236 | Val Loss: 0.004145 | Train R²: 0.8502 | Val R²: 0.8566 | NightHrsTrueNEE vs NightHrsModelReco R²: 0.3700 | NightHrsTrueNee vs NightHrsModelNee R²: 0.3700
Epoch 26000 | Train Loss: 0.004067 | Val Loss: 0.003988 | Train R²: 0.8562 | Val R²: 0.8621 | NightHrsTrueNEE vs NightHrsModelReco R²: 0.3900 | NightHrsTrueNee vs NightHrsModelNee R²: 0.3900
Epoch 26500 | Train Loss: 0.003947 | Val Loss: 0.003879 | Train R²: 0.8605 | Val R²: 0.8658 | NightHrsTrueNEE vs NightHrsModelReco R²: 0.4000 | NightHrsTrueNee vs NightHrsModelNee R²: 0.4100
Epoch 27000 | Train Loss: 0.003849 | Val Loss: 0.003793 | Train R²: 0.8639 | Val R²: 0.8688 | NightHrsTrueNEE vs NightHrsModelReco R²: 0.4200 | NightHrsTrueNee vs NightHrsModelNee R²: 0.4200
Epoch 27500 | Train Loss: 0.003758 | Val Loss: 0.003712 | Train R²: 0.8671 | Val R²: 0.8716 | NightHrsTrueNEE vs NightHrsModelReco R²: 0.4300 | NightHrsTrueNee vs NightHrsModelNee R²: 0.4300
Epoch 28000 | Train Loss: 0.003658 | Val Loss: 0.003615 | Train R²: 0.8706 | Val R²: 0.8750 | NightHrsTrueNEE vs NightHrsModelReco R²: 0.4400 | NightHrsTrueNee vs NightHrsModelNee R²: 0.4400
Epoch 28500 | Train Loss: 0.003552 | Val Loss: 0.003518 | Train R²: 0.8744 | Val R²: 0.8783 | NightHrsTrueNEE vs NightHrsModelReco R²: 0.4600 | NightHrsTrueNee vs NightHrsModelNee R²: 0.4600
Epoch 29000 | Train Loss: 0.003445 | Val Loss: 0.003417 | Train R²: 0.8782 | Val R²: 0.8818 | NightHrsTrueNEE vs NightHrsModelReco R²: 0.4700 | NightHrsTrueNee vs NightHrsModelNee R²: 0.4700
Epoch 29500 | Train Loss: 0.003341 | Val Loss: 0.003318 | Train R²: 0.8819 | Val R²: 0.8852 | NightHrsTrueNEE vs NightHrsModelReco R²: 0.4900 | NightHrsTrueNee vs NightHrsModelNee R²: 0.4900
Epoch 30000 | Train Loss: 0.003243 | Val Loss: 0.003225 | Train R²: 0.8853 | Val R²: 0.8885 | NightHrsTrueNEE vs NightHrsModelReco R²: 0.5000 | NightHrsTrueNee vs NightHrsModelNee R²: 0.5000
Epoch 30500 | Train Loss: 0.003153 | Val Loss: 0.003140 | Train R²: 0.8885 | Val R²: 0.8914 | NightHrsTrueNEE vs NightHrsModelReco R²: 0.5200 | NightHrsTrueNee vs NightHrsModelNee R²: 0.5200
Epoch 31000 | Train Loss: 0.003075 | Val Loss: 0.003060 | Train R²: 0.8913 | Val R²: 0.8941 | NightHrsTrueNEE vs NightHrsModelReco R²: 0.5300 | NightHrsTrueNee vs NightHrsModelNee R²: 0.5300
Epoch 31500 | Train Loss: 0.003004 | Val Loss: 0.002986 | Train R²: 0.8938 | Val R²: 0.8967 | NightHrsTrueNEE vs NightHrsModelReco R²: 0.5400 | NightHrsTrueNee vs NightHrsModelNee R²: 0.5400
Epoch 32000 | Train Loss: 0.002942 | Val Loss: 0.002920 | Train R²: 0.8960 | Val R²: 0.8990 | NightHrsTrueNEE vs NightHrsModelReco R²: 0.5500 | NightHrsTrueNee vs NightHrsModelNee R²: 0.5500
Epoch 32500 | Train Loss: 0.002890 | Val Loss: 0.002869 | Train R²: 0.8978 | Val R²: 0.9008 | NightHrsTrueNEE vs NightHrsModelReco R²: 0.5600 | NightHrsTrueNee vs NightHrsModelNee R²: 0.5600
Early stopping at epoch 32983 due to flat/negative trend (slope=0.000002)
Epoch 32983 | Train Loss: 0.002852 | Val Loss: 0.002838 | Train R²: 0.8992 | Val R²: 0.9018
Unpickling models
Following models have been loaded and moved to cuda:
trained gpp model:
 SNN_GPP_Tram(
  (net): Sequential(
    (0): Linear(in_features=11, out_features=12, bias=True)
    (1): Tanh()
    (2): Linear(in_features=12, out_features=1, bias=True)
    (3): Sigmoid()
  )
), trained_reco_model:
 SNN_GPP_Tram(
  (net): Sequential(
    (0): Linear(in_features=11, out_features=12, bias=True)
    (1): Tanh()
    (2): Linear(in_features=12, out_features=1, bias=True)
    (3): Sigmoid()
  )
)
using full data set for visualization
Un-normalizing the GPP and RECO predictions using NEE min: tensor([-36.1705]), NEE max: tensor([35.8634])



Metrics for the Tramontana, with
GPP inputs: ['SW_IN', 'TA', 'VPD', 'WS', 'WD_COS', 'WD_SIN', 'WTD', 'Salinity', 'WTD_HalfHourlyDiff', 'WTD_DailyAvg', 'WTD_DailyDiff']
RECO inputs: ['DOY_sin', 'DOY_cos', 'TA', 'WS', 'WD_COS', 'WD_SIN', 'WTD', 'Salinity', 'WTD_HalfHourlyDiff', 'WTD_DailyAvg', 'WTD_DailyDiff']:
dt_gpp vs Tramontana_GPP R²=0.86 RMSE=2.63
nt_gpp vs Tramontana_GPP R²=0.82 RMSE=2.98
dt_reco vs Tramontana_RECO R²=-0.02 RMSE=2.36
nt_reco vs Tramontana_RECO R²=-0.34 RMSE=2.34
night_hours_true_nee vs Tramontana_night_hours_model_reco R²=0.54 RMSE=1.37
night_hours_true_nee vs Tramontana_night_hours_model_nee R²=0.54 RMSE=1.37
dt_gpp vs nt_gpp R²=0.95 RMSE=1.56
dt_reco vs nt_reco R²=0.85 RMSE=1.00

gpp_input_names,  ['PotRadDailyAvg', 'PotRadDailyDiff', 'GPP_PROX'] 
reco_input_names,  ['DOY_sin', 'DOY_cos', 'NIGHTLY_NEE_AVG'] 
true_nee_name,  ['NEE'] 

Tramontana Running on GPU With hidden layer size of 12 Total epochs: 100000 lr: 0.001 patience: 500 min_delta 0.01
SNN_GPP_Tram(
  (net): Sequential(
    (0): Linear(in_features=3, out_features=12, bias=True)
    (1): Tanh()
    (2): Linear(in_features=12, out_features=1, bias=True)
    (3): Sigmoid()
  )
)
SNN_RECO_Tram(
  (net): Sequential(
    (0): Linear(in_features=3, out_features=12, bias=True)
    (1): Tanh()
    (2): Linear(in_features=12, out_features=1, bias=True)
    (3): Sigmoid()
  )
)
Params are min slope: 2e-06, trend window: 100
Epoch     0 | Train Loss: 5713.823242 | Val Loss: 5485.345703 | Train R²: -202024.0938 | Val R²: -189722.3125 | NightHrsTrueNEE vs NightHrsModelReco R²: -55.8100 | NightHrsTrueNee vs NightHrsModelNee R²: -109.5600
Epoch   500 | Train Loss: 89.668648 | Val Loss: 85.272179 | Train R²: -3169.4368 | Val R²: -2948.3345 | NightHrsTrueNEE vs NightHrsModelReco R²: -225.6500 | NightHrsTrueNee vs NightHrsModelNee R²: -216.7900
Epoch  1000 | Train Loss: 24.445818 | Val Loss: 23.316797 | Train R²: -863.3370 | Val R²: -805.4651 | NightHrsTrueNEE vs NightHrsModelReco R²: -254.1800 | NightHrsTrueNee vs NightHrsModelNee R²: -247.6000
Epoch  1500 | Train Loss: 10.863679 | Val Loss: 10.383304 | Train R²: -383.1098 | Val R²: -358.1304 | NightHrsTrueNEE vs NightHrsModelReco R²: -261.2600 | NightHrsTrueNee vs NightHrsModelNee R²: -256.2500
Epoch  2000 | Train Loss: 5.977828 | Val Loss: 5.726931 | Train R²: -210.3595 | Val R²: -197.0791 | NightHrsTrueNEE vs NightHrsModelReco R²: -263.8100 | NightHrsTrueNee vs NightHrsModelNee R²: -259.8100
Epoch  2500 | Train Loss: 3.730983 | Val Loss: 3.585310 | Train R²: -130.9173 | Val R²: -123.0062 | NightHrsTrueNEE vs NightHrsModelReco R²: -263.9300 | NightHrsTrueNee vs NightHrsModelNee R²: -260.6200
Epoch  3000 | Train Loss: 2.534421 | Val Loss: 2.444315 | Train R²: -88.6102 | Val R²: -83.5422 | NightHrsTrueNEE vs NightHrsModelReco R²: -258.4500 | NightHrsTrueNee vs NightHrsModelNee R²: -255.6500
Epoch  3500 | Train Loss: 1.771557 | Val Loss: 1.713273 | Train R²: -61.6374 | Val R²: -58.2575 | NightHrsTrueNEE vs NightHrsModelReco R²: -224.2500 | NightHrsTrueNee vs NightHrsModelNee R²: -221.9100
Epoch  4000 | Train Loss: 1.288605 | Val Loss: 1.254672 | Train R²: -44.5615 | Val R²: -42.3957 | NightHrsTrueNEE vs NightHrsModelReco R²: -212.3500 | NightHrsTrueNee vs NightHrsModelNee R²: -210.3300
Epoch  4500 | Train Loss: 0.987608 | Val Loss: 0.966583 | Train R²: -33.9191 | Val R²: -32.4315 | NightHrsTrueNEE vs NightHrsModelReco R²: -204.4600 | NightHrsTrueNee vs NightHrsModelNee R²: -202.7100
Epoch  5000 | Train Loss: 0.785562 | Val Loss: 0.772123 | Train R²: -26.7753 | Val R²: -25.7056 | NightHrsTrueNEE vs NightHrsModelReco R²: -195.6300 | NightHrsTrueNee vs NightHrsModelNee R²: -194.1100
Epoch  5500 | Train Loss: 0.637753 | Val Loss: 0.628461 | Train R²: -21.5492 | Val R²: -20.7368 | NightHrsTrueNEE vs NightHrsModelReco R²: -180.4800 | NightHrsTrueNee vs NightHrsModelNee R²: -179.1600
Epoch  6000 | Train Loss: 0.488628 | Val Loss: 0.479683 | Train R²: -16.2766 | Val R²: -15.5909 | NightHrsTrueNEE vs NightHrsModelReco R²: -132.1200 | NightHrsTrueNee vs NightHrsModelNee R²: -131.0800
Epoch  6500 | Train Loss: 0.320292 | Val Loss: 0.310012 | Train R²: -10.3246 | Val R²: -9.7225 | NightHrsTrueNEE vs NightHrsModelReco R²: -34.3500 | NightHrsTrueNee vs NightHrsModelNee R²: -33.8900
Epoch  7000 | Train Loss: 0.235104 | Val Loss: 0.227856 | Train R²: -7.3126 | Val R²: -6.8809 | NightHrsTrueNEE vs NightHrsModelReco R²: -24.0500 | NightHrsTrueNee vs NightHrsModelNee R²: -23.7200
Epoch  7500 | Train Loss: 0.176231 | Val Loss: 0.171143 | Train R²: -5.2311 | Val R²: -4.9194 | NightHrsTrueNEE vs NightHrsModelReco R²: -17.6900 | NightHrsTrueNee vs NightHrsModelNee R²: -17.4500
Epoch  8000 | Train Loss: 0.134950 | Val Loss: 0.131308 | Train R²: -3.7715 | Val R²: -3.5416 | NightHrsTrueNEE vs NightHrsModelReco R²: -13.2900 | NightHrsTrueNee vs NightHrsModelNee R²: -13.1200
Epoch  8500 | Train Loss: 0.105323 | Val Loss: 0.102711 | Train R²: -2.7239 | Val R²: -2.5525 | NightHrsTrueNEE vs NightHrsModelReco R²: -10.1700 | NightHrsTrueNee vs NightHrsModelNee R²: -10.0400
Epoch  9000 | Train Loss: 0.083767 | Val Loss: 0.081913 | Train R²: -1.9618 | Val R²: -1.8331 | NightHrsTrueNEE vs NightHrsModelReco R²: -7.9000 | NightHrsTrueNee vs NightHrsModelNee R²: -7.8100
Epoch  9500 | Train Loss: 0.067961 | Val Loss: 0.066672 | Train R²: -1.4029 | Val R²: -1.3060 | NightHrsTrueNEE vs NightHrsModelReco R²: -6.2400 | NightHrsTrueNee vs NightHrsModelNee R²: -6.1600
Epoch 10000 | Train Loss: 0.056318 | Val Loss: 0.055455 | Train R²: -0.9912 | Val R²: -0.9180 | NightHrsTrueNEE vs NightHrsModelReco R²: -5.0100 | NightHrsTrueNee vs NightHrsModelNee R²: -4.9500
Epoch 10500 | Train Loss: 0.047718 | Val Loss: 0.047179 | Train R²: -0.6872 | Val R²: -0.6318 | NightHrsTrueNEE vs NightHrsModelReco R²: -4.0900 | NightHrsTrueNee vs NightHrsModelNee R²: -4.0500
Epoch 11000 | Train Loss: 0.041358 | Val Loss: 0.041066 | Train R²: -0.4623 | Val R²: -0.4204 | NightHrsTrueNEE vs NightHrsModelReco R²: -3.4100 | NightHrsTrueNee vs NightHrsModelNee R²: -3.3800
Epoch 11500 | Train Loss: 0.036650 | Val Loss: 0.036548 | Train R²: -0.2958 | Val R²: -0.2641 | NightHrsTrueNEE vs NightHrsModelReco R²: -2.9000 | NightHrsTrueNee vs NightHrsModelNee R²: -2.8700
Epoch 12000 | Train Loss: 0.033165 | Val Loss: 0.033209 | Train R²: -0.1726 | Val R²: -0.1486 | NightHrsTrueNEE vs NightHrsModelReco R²: -2.5100 | NightHrsTrueNee vs NightHrsModelNee R²: -2.4900
Epoch 12500 | Train Loss: 0.030583 | Val Loss: 0.030741 | Train R²: -0.0813 | Val R²: -0.0633 | NightHrsTrueNEE vs NightHrsModelReco R²: -2.2200 | NightHrsTrueNee vs NightHrsModelNee R²: -2.2000
Epoch 13000 | Train Loss: 0.028668 | Val Loss: 0.028913 | Train R²: -0.0136 | Val R²: -0.0000 | NightHrsTrueNEE vs NightHrsModelReco R²: -2.0000 | NightHrsTrueNee vs NightHrsModelNee R²: -1.9800
Epoch 13500 | Train Loss: 0.027239 | Val Loss: 0.027552 | Train R²: 0.0369 | Val R²: 0.0471 | NightHrsTrueNEE vs NightHrsModelReco R²: -1.8300 | NightHrsTrueNee vs NightHrsModelNee R²: -1.8200
Epoch 14000 | Train Loss: 0.026159 | Val Loss: 0.026524 | Train R²: 0.0751 | Val R²: 0.0826 | NightHrsTrueNEE vs NightHrsModelReco R²: -1.7000 | NightHrsTrueNee vs NightHrsModelNee R²: -1.6900
Epoch 14500 | Train Loss: 0.025321 | Val Loss: 0.025727 | Train R²: 0.1047 | Val R²: 0.1102 | NightHrsTrueNEE vs NightHrsModelReco R²: -1.6000 | NightHrsTrueNee vs NightHrsModelNee R²: -1.5900
Epoch 15000 | Train Loss: 0.024639 | Val Loss: 0.025075 | Train R²: 0.1288 | Val R²: 0.1327 | NightHrsTrueNEE vs NightHrsModelReco R²: -1.5200 | NightHrsTrueNee vs NightHrsModelNee R²: -1.5100
Epoch 15500 | Train Loss: 0.024034 | Val Loss: 0.024491 | Train R²: 0.1502 | Val R²: 0.1529 | NightHrsTrueNEE vs NightHrsModelReco R²: -1.4600 | NightHrsTrueNee vs NightHrsModelNee R²: -1.4500
Epoch 16000 | Train Loss: 0.023426 | Val Loss: 0.023895 | Train R²: 0.1717 | Val R²: 0.1735 | NightHrsTrueNEE vs NightHrsModelReco R²: -1.4100 | NightHrsTrueNee vs NightHrsModelNee R²: -1.4100
Epoch 16500 | Train Loss: 0.022708 | Val Loss: 0.023177 | Train R²: 0.1971 | Val R²: 0.1984 | NightHrsTrueNEE vs NightHrsModelReco R²: -1.3600 | NightHrsTrueNee vs NightHrsModelNee R²: -1.3600
Epoch 17000 | Train Loss: 0.021698 | Val Loss: 0.022149 | Train R²: 0.2328 | Val R²: 0.2339 | NightHrsTrueNEE vs NightHrsModelReco R²: -1.3200 | NightHrsTrueNee vs NightHrsModelNee R²: -1.3100
Epoch 17500 | Train Loss: 0.020014 | Val Loss: 0.020401 | Train R²: 0.2924 | Val R²: 0.2944 | NightHrsTrueNEE vs NightHrsModelReco R²: -1.2400 | NightHrsTrueNee vs NightHrsModelNee R²: -1.2400
Epoch 18000 | Train Loss: 0.016752 | Val Loss: 0.016967 | Train R²: 0.4077 | Val R²: 0.4132 | NightHrsTrueNEE vs NightHrsModelReco R²: -1.1000 | NightHrsTrueNee vs NightHrsModelNee R²: -1.1000
Epoch 18500 | Train Loss: 0.011122 | Val Loss: 0.010974 | Train R²: 0.6068 | Val R²: 0.6204 | NightHrsTrueNEE vs NightHrsModelReco R²: -0.6400 | NightHrsTrueNee vs NightHrsModelNee R²: -0.6300
Epoch 19000 | Train Loss: 0.006898 | Val Loss: 0.006639 | Train R²: 0.7561 | Val R²: 0.7704 | NightHrsTrueNEE vs NightHrsModelReco R²: 0.0500 | NightHrsTrueNee vs NightHrsModelNee R²: 0.0500
Epoch 19500 | Train Loss: 0.005616 | Val Loss: 0.005404 | Train R²: 0.8014 | Val R²: 0.8131 | NightHrsTrueNEE vs NightHrsModelReco R²: 0.2900 | NightHrsTrueNee vs NightHrsModelNee R²: 0.2800
Epoch 20000 | Train Loss: 0.005243 | Val Loss: 0.005066 | Train R²: 0.8146 | Val R²: 0.8248 | NightHrsTrueNEE vs NightHrsModelReco R²: 0.3400 | NightHrsTrueNee vs NightHrsModelNee R²: 0.3400
Epoch 20500 | Train Loss: 0.005068 | Val Loss: 0.004911 | Train R²: 0.8208 | Val R²: 0.8301 | NightHrsTrueNEE vs NightHrsModelReco R²: 0.3600 | NightHrsTrueNee vs NightHrsModelNee R²: 0.3600
Epoch 21000 | Train Loss: 0.004925 | Val Loss: 0.004776 | Train R²: 0.8259 | Val R²: 0.8348 | NightHrsTrueNEE vs NightHrsModelReco R²: 0.3800 | NightHrsTrueNee vs NightHrsModelNee R²: 0.3800
Epoch 21500 | Train Loss: 0.004777 | Val Loss: 0.004630 | Train R²: 0.8311 | Val R²: 0.8398 | NightHrsTrueNEE vs NightHrsModelReco R²: 0.4100 | NightHrsTrueNee vs NightHrsModelNee R²: 0.4100
Epoch 22000 | Train Loss: 0.004619 | Val Loss: 0.004473 | Train R²: 0.8367 | Val R²: 0.8453 | NightHrsTrueNEE vs NightHrsModelReco R²: 0.4400 | NightHrsTrueNee vs NightHrsModelNee R²: 0.4400
Epoch 22500 | Train Loss: 0.004455 | Val Loss: 0.004309 | Train R²: 0.8425 | Val R²: 0.8510 | NightHrsTrueNEE vs NightHrsModelReco R²: 0.4700 | NightHrsTrueNee vs NightHrsModelNee R²: 0.4700
Epoch 23000 | Train Loss: 0.004293 | Val Loss: 0.004148 | Train R²: 0.8482 | Val R²: 0.8565 | NightHrsTrueNEE vs NightHrsModelReco R²: 0.5000 | NightHrsTrueNee vs NightHrsModelNee R²: 0.5000
Epoch 23500 | Train Loss: 0.004142 | Val Loss: 0.003998 | Train R²: 0.8536 | Val R²: 0.8617 | NightHrsTrueNEE vs NightHrsModelReco R²: 0.5300 | NightHrsTrueNee vs NightHrsModelNee R²: 0.5300
Epoch 24000 | Train Loss: 0.004012 | Val Loss: 0.003870 | Train R²: 0.8581 | Val R²: 0.8661 | NightHrsTrueNEE vs NightHrsModelReco R²: 0.5500 | NightHrsTrueNee vs NightHrsModelNee R²: 0.5500
Epoch 24500 | Train Loss: 0.003913 | Val Loss: 0.003775 | Train R²: 0.8616 | Val R²: 0.8694 | NightHrsTrueNEE vs NightHrsModelReco R²: 0.5700 | NightHrsTrueNee vs NightHrsModelNee R²: 0.5700
Epoch 25000 | Train Loss: 0.003843 | Val Loss: 0.003710 | Train R²: 0.8641 | Val R²: 0.8717 | NightHrsTrueNEE vs NightHrsModelReco R²: 0.5800 | NightHrsTrueNee vs NightHrsModelNee R²: 0.5800
Epoch 25500 | Train Loss: 0.003796 | Val Loss: 0.003668 | Train R²: 0.8658 | Val R²: 0.8731 | NightHrsTrueNEE vs NightHrsModelReco R²: 0.5900 | NightHrsTrueNee vs NightHrsModelNee R²: 0.5900
Early stopping at epoch 25667 due to flat/negative trend (slope=0.000002)
Epoch 25667 | Train Loss: 0.003785 | Val Loss: 0.003658 | Train R²: 0.8662 | Val R²: 0.8735
Unpickling models
Following models have been loaded and moved to cuda:
trained gpp model:
 SNN_GPP_Tram(
  (net): Sequential(
    (0): Linear(in_features=3, out_features=12, bias=True)
    (1): Tanh()
    (2): Linear(in_features=12, out_features=1, bias=True)
    (3): Sigmoid()
  )
), trained_reco_model:
 SNN_GPP_Tram(
  (net): Sequential(
    (0): Linear(in_features=3, out_features=12, bias=True)
    (1): Tanh()
    (2): Linear(in_features=12, out_features=1, bias=True)
    (3): Sigmoid()
  )
)
using full data set for visualization
Un-normalizing the GPP and RECO predictions using NEE min: tensor([-36.1705]), NEE max: tensor([35.8634])



Metrics for the Tramontana, with
GPP inputs: ['PotRadDailyAvg', 'PotRadDailyDiff', 'GPP_PROX']
RECO inputs: ['DOY_sin', 'DOY_cos', 'NIGHTLY_NEE_AVG']:
dt_gpp vs Tramontana_GPP R²=0.89 RMSE=2.40
nt_gpp vs Tramontana_GPP R²=0.87 RMSE=2.53
dt_reco vs Tramontana_RECO R²=0.44 RMSE=1.75
nt_reco vs Tramontana_RECO R²=0.61 RMSE=1.26
night_hours_true_nee vs Tramontana_night_hours_model_reco R²=0.59 RMSE=1.30
night_hours_true_nee vs Tramontana_night_hours_model_nee R²=0.59 RMSE=1.30
dt_gpp vs nt_gpp R²=0.95 RMSE=1.56
dt_reco vs nt_reco R²=0.85 RMSE=1.00

gpp_input_names,  ['SW_IN', 'VPD', 'TA', 'WTD', 'WS', 'PotRad', 'PotRadHalfHourlyDiff', 'WD_COS', 'WD_SIN'] 
reco_input_names,  ['TA', 'TS_1', 'TS_2', 'TS_3', 'TS_4', 'WTD', 'WS', 'WD_COS', 'WD_SIN'] 
true_nee_name,  ['NEE'] 

Tramontana Running on GPU With hidden layer size of 12 Total epochs: 100000 lr: 0.001 patience: 500 min_delta 0.01
SNN_GPP_Tram(
  (net): Sequential(
    (0): Linear(in_features=9, out_features=12, bias=True)
    (1): Tanh()
    (2): Linear(in_features=12, out_features=1, bias=True)
    (3): Sigmoid()
  )
)
SNN_RECO_Tram(
  (net): Sequential(
    (0): Linear(in_features=9, out_features=12, bias=True)
    (1): Tanh()
    (2): Linear(in_features=12, out_features=1, bias=True)
    (3): Sigmoid()
  )
)
Params are min slope: 2e-06, trend window: 100
Epoch     0 | Train Loss: 31520.011719 | Val Loss: 30836.966797 | Train R²: -1114460.0000 | Val R²: -1066566.3750 | NightHrsTrueNEE vs NightHrsModelReco R²: -95.2100 | NightHrsTrueNee vs NightHrsModelNee R²: -195.9800
Epoch   500 | Train Loss: 219.674545 | Val Loss: 214.539032 | Train R²: -7766.0879 | Val R²: -7419.3262 | NightHrsTrueNEE vs NightHrsModelReco R²: -235.2300 | NightHrsTrueNee vs NightHrsModelNee R²: -226.1900
Epoch  1000 | Train Loss: 59.691769 | Val Loss: 57.999691 | Train R²: -2109.5369 | Val R²: -2005.0530 | NightHrsTrueNEE vs NightHrsModelReco R²: -253.3400 | NightHrsTrueNee vs NightHrsModelNee R²: -241.4500
Epoch  1500 | Train Loss: 27.008295 | Val Loss: 26.128302 | Train R²: -953.9392 | Val R²: -902.7075 | NightHrsTrueNEE vs NightHrsModelReco R²: -260.4400 | NightHrsTrueNee vs NightHrsModelNee R²: -248.4800
Epoch  2000 | Train Loss: 14.876226 | Val Loss: 14.339192 | Train R²: -524.9825 | Val R²: -494.9539 | NightHrsTrueNEE vs NightHrsModelReco R²: -264.1000 | NightHrsTrueNee vs NightHrsModelNee R²: -252.6300
Epoch  2500 | Train Loss: 9.100701 | Val Loss: 8.745987 | Train R²: -320.7758 | Val R²: -301.5001 | NightHrsTrueNEE vs NightHrsModelReco R²: -266.2200 | NightHrsTrueNee vs NightHrsModelNee R²: -255.4300
Epoch  3000 | Train Loss: 5.951086 | Val Loss: 5.705917 | Train R²: -209.4141 | Val R²: -196.3523 | NightHrsTrueNEE vs NightHrsModelReco R²: -267.4900 | NightHrsTrueNee vs NightHrsModelNee R²: -257.4000
Epoch  3500 | Train Loss: 4.083848 | Val Loss: 3.909606 | Train R²: -143.3936 | Val R²: -134.2227 | NightHrsTrueNEE vs NightHrsModelReco R²: -268.1600 | NightHrsTrueNee vs NightHrsModelNee R²: -258.7600
Epoch  4000 | Train Loss: 2.914865 | Val Loss: 2.788844 | Train R²: -102.0616 | Val R²: -95.4586 | NightHrsTrueNEE vs NightHrsModelReco R²: -268.2600 | NightHrsTrueNee vs NightHrsModelNee R²: -259.5300
Epoch  4500 | Train Loss: 2.155639 | Val Loss: 2.063490 | Train R²: -75.2175 | Val R²: -70.3706 | NightHrsTrueNEE vs NightHrsModelReco R²: -267.5900 | NightHrsTrueNee vs NightHrsModelNee R²: -259.5000
Epoch  5000 | Train Loss: 1.649315 | Val Loss: 1.581431 | Train R²: -57.3152 | Val R²: -53.6975 | NightHrsTrueNEE vs NightHrsModelReco R²: -265.2000 | NightHrsTrueNee vs NightHrsModelNee R²: -257.7300
Epoch  5500 | Train Loss: 1.300345 | Val Loss: 1.249689 | Train R²: -44.9766 | Val R²: -42.2234 | NightHrsTrueNEE vs NightHrsModelReco R²: -255.5600 | NightHrsTrueNee vs NightHrsModelNee R²: -248.7800
Epoch  6000 | Train Loss: 1.010743 | Val Loss: 0.970129 | Train R²: -34.7371 | Val R²: -32.5541 | NightHrsTrueNEE vs NightHrsModelReco R²: -182.4400 | NightHrsTrueNee vs NightHrsModelNee R²: -177.3900
Epoch  6500 | Train Loss: 0.787979 | Val Loss: 0.757049 | Train R²: -26.8608 | Val R²: -25.1843 | NightHrsTrueNEE vs NightHrsModelReco R²: -122.2400 | NightHrsTrueNee vs NightHrsModelNee R²: -118.8000
Epoch  7000 | Train Loss: 0.586325 | Val Loss: 0.561982 | Train R²: -19.7308 | Val R²: -18.4374 | NightHrsTrueNEE vs NightHrsModelReco R²: -77.4400 | NightHrsTrueNee vs NightHrsModelNee R²: -74.9200
Epoch  7500 | Train Loss: 0.427553 | Val Loss: 0.408486 | Train R²: -14.1171 | Val R²: -13.1284 | NightHrsTrueNEE vs NightHrsModelReco R²: -54.6300 | NightHrsTrueNee vs NightHrsModelNee R²: -52.6000
Epoch  8000 | Train Loss: 0.319588 | Val Loss: 0.305199 | Train R²: -10.2997 | Val R²: -9.5560 | NightHrsTrueNEE vs NightHrsModelReco R²: -42.2200 | NightHrsTrueNee vs NightHrsModelNee R²: -40.5800
Epoch  8500 | Train Loss: 0.240330 | Val Loss: 0.229353 | Train R²: -7.4974 | Val R²: -6.9327 | NightHrsTrueNEE vs NightHrsModelReco R²: -31.6900 | NightHrsTrueNee vs NightHrsModelNee R²: -30.3800
Epoch  9000 | Train Loss: 0.183275 | Val Loss: 0.174880 | Train R²: -5.4801 | Val R²: -5.0486 | NightHrsTrueNEE vs NightHrsModelReco R²: -23.7900 | NightHrsTrueNee vs NightHrsModelNee R²: -22.7500
Epoch  9500 | Train Loss: 0.142205 | Val Loss: 0.135753 | Train R²: -4.0280 | Val R²: -3.6953 | NightHrsTrueNEE vs NightHrsModelReco R²: -18.1000 | NightHrsTrueNee vs NightHrsModelNee R²: -17.2800
Epoch 10000 | Train Loss: 0.112041 | Val Loss: 0.107027 | Train R²: -2.9615 | Val R²: -2.7018 | NightHrsTrueNEE vs NightHrsModelReco R²: -13.9300 | NightHrsTrueNee vs NightHrsModelNee R²: -13.2800
Epoch 10500 | Train Loss: 0.089292 | Val Loss: 0.085352 | Train R²: -2.1571 | Val R²: -1.9521 | NightHrsTrueNEE vs NightHrsModelReco R²: -10.8200 | NightHrsTrueNee vs NightHrsModelNee R²: -10.3100
Epoch 11000 | Train Loss: 0.071775 | Val Loss: 0.068667 | Train R²: -1.5378 | Val R²: -1.3750 | NightHrsTrueNEE vs NightHrsModelReco R²: -8.4400 | NightHrsTrueNee vs NightHrsModelNee R²: -8.0400
Epoch 11500 | Train Loss: 0.058186 | Val Loss: 0.055764 | Train R²: -1.0573 | Val R²: -0.9287 | NightHrsTrueNEE vs NightHrsModelReco R²: -6.5700 | NightHrsTrueNee vs NightHrsModelNee R²: -6.2600
Epoch 12000 | Train Loss: 0.047732 | Val Loss: 0.045900 | Train R²: -0.6877 | Val R²: -0.5876 | NightHrsTrueNEE vs NightHrsModelReco R²: -5.1100 | NightHrsTrueNee vs NightHrsModelNee R²: -4.8700
Epoch 12500 | Train Loss: 0.039859 | Val Loss: 0.038501 | Train R²: -0.4093 | Val R²: -0.3316 | NightHrsTrueNEE vs NightHrsModelReco R²: -4.0000 | NightHrsTrueNee vs NightHrsModelNee R²: -3.8100
Epoch 13000 | Train Loss: 0.034063 | Val Loss: 0.033057 | Train R²: -0.2044 | Val R²: -0.1434 | NightHrsTrueNEE vs NightHrsModelReco R²: -3.1600 | NightHrsTrueNee vs NightHrsModelNee R²: -3.0100
Epoch 13500 | Train Loss: 0.029816 | Val Loss: 0.029080 | Train R²: -0.0542 | Val R²: -0.0058 | NightHrsTrueNEE vs NightHrsModelReco R²: -2.5200 | NightHrsTrueNee vs NightHrsModelNee R²: -2.4100
Epoch 14000 | Train Loss: 0.026702 | Val Loss: 0.026178 | Train R²: 0.0559 | Val R²: 0.0946 | NightHrsTrueNEE vs NightHrsModelReco R²: -2.0400 | NightHrsTrueNee vs NightHrsModelNee R²: -1.9500
Epoch 14500 | Train Loss: 0.024406 | Val Loss: 0.024052 | Train R²: 0.1371 | Val R²: 0.1681 | NightHrsTrueNEE vs NightHrsModelReco R²: -1.6800 | NightHrsTrueNee vs NightHrsModelNee R²: -1.6100
Epoch 15000 | Train Loss: 0.022694 | Val Loss: 0.022477 | Train R²: 0.1976 | Val R²: 0.2226 | NightHrsTrueNEE vs NightHrsModelReco R²: -1.4000 | NightHrsTrueNee vs NightHrsModelNee R²: -1.3500
Epoch 15500 | Train Loss: 0.021392 | Val Loss: 0.021284 | Train R²: 0.2436 | Val R²: 0.2639 | NightHrsTrueNEE vs NightHrsModelReco R²: -1.1900 | NightHrsTrueNee vs NightHrsModelNee R²: -1.1500
Epoch 16000 | Train Loss: 0.020364 | Val Loss: 0.020342 | Train R²: 0.2800 | Val R²: 0.2964 | NightHrsTrueNEE vs NightHrsModelReco R²: -1.0300 | NightHrsTrueNee vs NightHrsModelNee R²: -1.0000
Epoch 16500 | Train Loss: 0.019497 | Val Loss: 0.019540 | Train R²: 0.3106 | Val R²: 0.3242 | NightHrsTrueNEE vs NightHrsModelReco R²: -0.9100 | NightHrsTrueNee vs NightHrsModelNee R²: -0.8900
Epoch 17000 | Train Loss: 0.018683 | Val Loss: 0.018767 | Train R²: 0.3394 | Val R²: 0.3509 | NightHrsTrueNEE vs NightHrsModelReco R²: -0.8200 | NightHrsTrueNee vs NightHrsModelNee R²: -0.8000
Epoch 17500 | Train Loss: 0.017848 | Val Loss: 0.017947 | Train R²: 0.3689 | Val R²: 0.3793 | NightHrsTrueNEE vs NightHrsModelReco R²: -0.7500 | NightHrsTrueNee vs NightHrsModelNee R²: -0.7300
Epoch 18000 | Train Loss: 0.016967 | Val Loss: 0.017052 | Train R²: 0.4001 | Val R²: 0.4102 | NightHrsTrueNEE vs NightHrsModelReco R²: -0.6900 | NightHrsTrueNee vs NightHrsModelNee R²: -0.6800
Epoch 18500 | Train Loss: 0.016007 | Val Loss: 0.016057 | Train R²: 0.4340 | Val R²: 0.4446 | NightHrsTrueNEE vs NightHrsModelReco R²: -0.6400 | NightHrsTrueNee vs NightHrsModelNee R²: -0.6300
Epoch 19000 | Train Loss: 0.014927 | Val Loss: 0.014930 | Train R²: 0.4722 | Val R²: 0.4836 | NightHrsTrueNEE vs NightHrsModelReco R²: -0.5700 | NightHrsTrueNee vs NightHrsModelNee R²: -0.5600
Epoch 19500 | Train Loss: 0.013660 | Val Loss: 0.013623 | Train R²: 0.5170 | Val R²: 0.5288 | NightHrsTrueNEE vs NightHrsModelReco R²: -0.4700 | NightHrsTrueNee vs NightHrsModelNee R²: -0.4500
Epoch 20000 | Train Loss: 0.012271 | Val Loss: 0.012226 | Train R²: 0.5661 | Val R²: 0.5771 | NightHrsTrueNEE vs NightHrsModelReco R²: -0.3800 | NightHrsTrueNee vs NightHrsModelNee R²: -0.3600
Epoch 20500 | Train Loss: 0.011040 | Val Loss: 0.010984 | Train R²: 0.6097 | Val R²: 0.6201 | NightHrsTrueNEE vs NightHrsModelReco R²: -0.3000 | NightHrsTrueNee vs NightHrsModelNee R²: -0.2900
Epoch 21000 | Train Loss: 0.009892 | Val Loss: 0.009821 | Train R²: 0.6502 | Val R²: 0.6603 | NightHrsTrueNEE vs NightHrsModelReco R²: -0.2100 | NightHrsTrueNee vs NightHrsModelNee R²: -0.1900
Epoch 21500 | Train Loss: 0.008774 | Val Loss: 0.008698 | Train R²: 0.6898 | Val R²: 0.6992 | NightHrsTrueNEE vs NightHrsModelReco R²: -0.1100 | NightHrsTrueNee vs NightHrsModelNee R²: -0.1000
Epoch 22000 | Train Loss: 0.007723 | Val Loss: 0.007655 | Train R²: 0.7269 | Val R²: 0.7352 | NightHrsTrueNEE vs NightHrsModelReco R²: 0.0000 | NightHrsTrueNee vs NightHrsModelNee R²: 0.0100
Epoch 22500 | Train Loss: 0.006814 | Val Loss: 0.006750 | Train R²: 0.7591 | Val R²: 0.7665 | NightHrsTrueNEE vs NightHrsModelReco R²: 0.1200 | NightHrsTrueNee vs NightHrsModelNee R²: 0.1200
Epoch 23000 | Train Loss: 0.006089 | Val Loss: 0.006034 | Train R²: 0.7847 | Val R²: 0.7913 | NightHrsTrueNEE vs NightHrsModelReco R²: 0.2000 | NightHrsTrueNee vs NightHrsModelNee R²: 0.2000
Epoch 23500 | Train Loss: 0.005528 | Val Loss: 0.005494 | Train R²: 0.8046 | Val R²: 0.8100 | NightHrsTrueNEE vs NightHrsModelReco R²: 0.2700 | NightHrsTrueNee vs NightHrsModelNee R²: 0.2700
Epoch 24000 | Train Loss: 0.005033 | Val Loss: 0.005027 | Train R²: 0.8220 | Val R²: 0.8261 | NightHrsTrueNEE vs NightHrsModelReco R²: 0.3200 | NightHrsTrueNee vs NightHrsModelNee R²: 0.3200
Epoch 24500 | Train Loss: 0.004581 | Val Loss: 0.004592 | Train R²: 0.8380 | Val R²: 0.8412 | NightHrsTrueNEE vs NightHrsModelReco R²: 0.3700 | NightHrsTrueNee vs NightHrsModelNee R²: 0.3800
Epoch 25000 | Train Loss: 0.004180 | Val Loss: 0.004200 | Train R²: 0.8522 | Val R²: 0.8547 | NightHrsTrueNEE vs NightHrsModelReco R²: 0.4200 | NightHrsTrueNee vs NightHrsModelNee R²: 0.4200
Epoch 25500 | Train Loss: 0.003830 | Val Loss: 0.003852 | Train R²: 0.8646 | Val R²: 0.8668 | NightHrsTrueNEE vs NightHrsModelReco R²: 0.4600 | NightHrsTrueNee vs NightHrsModelNee R²: 0.4700
Epoch 26000 | Train Loss: 0.003547 | Val Loss: 0.003565 | Train R²: 0.8746 | Val R²: 0.8767 | NightHrsTrueNEE vs NightHrsModelReco R²: 0.5000 | NightHrsTrueNee vs NightHrsModelNee R²: 0.5100
Epoch 26500 | Train Loss: 0.003337 | Val Loss: 0.003348 | Train R²: 0.8820 | Val R²: 0.8842 | NightHrsTrueNEE vs NightHrsModelReco R²: 0.5300 | NightHrsTrueNee vs NightHrsModelNee R²: 0.5300
Epoch 27000 | Train Loss: 0.003192 | Val Loss: 0.003196 | Train R²: 0.8871 | Val R²: 0.8894 | NightHrsTrueNEE vs NightHrsModelReco R²: 0.5500 | NightHrsTrueNee vs NightHrsModelNee R²: 0.5500
Epoch 27500 | Train Loss: 0.003093 | Val Loss: 0.003092 | Train R²: 0.8907 | Val R²: 0.8931 | NightHrsTrueNEE vs NightHrsModelReco R²: 0.5700 | NightHrsTrueNee vs NightHrsModelNee R²: 0.5700
Epoch 28000 | Train Loss: 0.003020 | Val Loss: 0.003017 | Train R²: 0.8932 | Val R²: 0.8957 | NightHrsTrueNEE vs NightHrsModelReco R²: 0.5700 | NightHrsTrueNee vs NightHrsModelNee R²: 0.5800
Epoch 28500 | Train Loss: 0.002962 | Val Loss: 0.002957 | Train R²: 0.8953 | Val R²: 0.8977 | NightHrsTrueNEE vs NightHrsModelReco R²: 0.5800 | NightHrsTrueNee vs NightHrsModelNee R²: 0.5800
Epoch 29000 | Train Loss: 0.002912 | Val Loss: 0.002906 | Train R²: 0.8970 | Val R²: 0.8995 | NightHrsTrueNEE vs NightHrsModelReco R²: 0.5800 | NightHrsTrueNee vs NightHrsModelNee R²: 0.5900
Epoch 29500 | Train Loss: 0.002863 | Val Loss: 0.002856 | Train R²: 0.8988 | Val R²: 0.9012 | NightHrsTrueNEE vs NightHrsModelReco R²: 0.5900 | NightHrsTrueNee vs NightHrsModelNee R²: 0.5900
Epoch 30000 | Train Loss: 0.002813 | Val Loss: 0.002805 | Train R²: 0.9006 | Val R²: 0.9030 | NightHrsTrueNEE vs NightHrsModelReco R²: 0.5900 | NightHrsTrueNee vs NightHrsModelNee R²: 0.5900
Epoch 30500 | Train Loss: 0.002758 | Val Loss: 0.002749 | Train R²: 0.9025 | Val R²: 0.9049 | NightHrsTrueNEE vs NightHrsModelReco R²: 0.6000 | NightHrsTrueNee vs NightHrsModelNee R²: 0.6000
Epoch 31000 | Train Loss: 0.002699 | Val Loss: 0.002684 | Train R²: 0.9046 | Val R²: 0.9072 | NightHrsTrueNEE vs NightHrsModelReco R²: 0.6000 | NightHrsTrueNee vs NightHrsModelNee R²: 0.6000
Epoch 31500 | Train Loss: 0.002640 | Val Loss: 0.002618 | Train R²: 0.9066 | Val R²: 0.9094 | NightHrsTrueNEE vs NightHrsModelReco R²: 0.6100 | NightHrsTrueNee vs NightHrsModelNee R²: 0.6100
Epoch 32000 | Train Loss: 0.002581 | Val Loss: 0.002552 | Train R²: 0.9087 | Val R²: 0.9117 | NightHrsTrueNEE vs NightHrsModelReco R²: 0.6100 | NightHrsTrueNee vs NightHrsModelNee R²: 0.6100
Epoch 32500 | Train Loss: 0.002523 | Val Loss: 0.002488 | Train R²: 0.9108 | Val R²: 0.9139 | NightHrsTrueNEE vs NightHrsModelReco R²: 0.6200 | NightHrsTrueNee vs NightHrsModelNee R²: 0.6200
Epoch 33000 | Train Loss: 0.002468 | Val Loss: 0.002431 | Train R²: 0.9127 | Val R²: 0.9159 | NightHrsTrueNEE vs NightHrsModelReco R²: 0.6300 | NightHrsTrueNee vs NightHrsModelNee R²: 0.6300
Epoch 33500 | Train Loss: 0.002421 | Val Loss: 0.002381 | Train R²: 0.9144 | Val R²: 0.9176 | NightHrsTrueNEE vs NightHrsModelReco R²: 0.6300 | NightHrsTrueNee vs NightHrsModelNee R²: 0.6300
Epoch 34000 | Train Loss: 0.002380 | Val Loss: 0.002340 | Train R²: 0.9159 | Val R²: 0.9191 | NightHrsTrueNEE vs NightHrsModelReco R²: 0.6300 | NightHrsTrueNee vs NightHrsModelNee R²: 0.6300
Early stopping at epoch 34250 due to flat/negative trend (slope=0.000002)
Epoch 34250 | Train Loss: 0.002367 | Val Loss: 0.002330 | Train R²: 0.9163 | Val R²: 0.9194
Unpickling models
Following models have been loaded and moved to cuda:
trained gpp model:
 SNN_GPP_Tram(
  (net): Sequential(
    (0): Linear(in_features=9, out_features=12, bias=True)
    (1): Tanh()
    (2): Linear(in_features=12, out_features=1, bias=True)
    (3): Sigmoid()
  )
), trained_reco_model:
 SNN_GPP_Tram(
  (net): Sequential(
    (0): Linear(in_features=9, out_features=12, bias=True)
    (1): Tanh()
    (2): Linear(in_features=12, out_features=1, bias=True)
    (3): Sigmoid()
  )
)
using full data set for visualization
Un-normalizing the GPP and RECO predictions using NEE min: tensor([-36.1705]), NEE max: tensor([35.8634])



Metrics for the Tramontana, with
GPP inputs: ['SW_IN', 'VPD', 'TA', 'WTD', 'WS', 'PotRad', 'PotRadHalfHourlyDiff', 'WD_COS', 'WD_SIN']
RECO inputs: ['TA', 'TS_1', 'TS_2', 'TS_3', 'TS_4', 'WTD', 'WS', 'WD_COS', 'WD_SIN']:
dt_gpp vs Tramontana_GPP R²=0.89 RMSE=2.36
nt_gpp vs Tramontana_GPP R²=0.86 RMSE=2.68
dt_reco vs Tramontana_RECO R²=0.21 RMSE=2.07
nt_reco vs Tramontana_RECO R²=-0.09 RMSE=2.12
night_hours_true_nee vs Tramontana_night_hours_model_reco R²=0.61 RMSE=1.25
night_hours_true_nee vs Tramontana_night_hours_model_nee R²=0.61 RMSE=1.25
dt_gpp vs nt_gpp R²=0.95 RMSE=1.56
dt_reco vs nt_reco R²=0.85 RMSE=1.00

gpp_input_names,  ['SW_IN', 'VPD', 'TA', 'WS', 'PotRad', 'PotRadHalfHourlyDiff', 'PotRadDailyAvg', 'PotRadDailyDiff', 'WD_COS', 'WD_SIN', 'GPP_PROX'] 
reco_input_names,  ['DOY_sin', 'DOY_cos', 'TA', 'TS_1', 'TS_2', 'TS_3', 'TS_4', 'WS', 'WD_COS', 'WD_SIN', 'NIGHTLY_NEE_AVG'] 
true_nee_name,  ['NEE'] 

Tramontana Running on GPU With hidden layer size of 12 Total epochs: 100000 lr: 0.001 patience: 500 min_delta 0.01
SNN_GPP_Tram(
  (net): Sequential(
    (0): Linear(in_features=11, out_features=12, bias=True)
    (1): Tanh()
    (2): Linear(in_features=12, out_features=1, bias=True)
    (3): Sigmoid()
  )
)
SNN_RECO_Tram(
  (net): Sequential(
    (0): Linear(in_features=11, out_features=12, bias=True)
    (1): Tanh()
    (2): Linear(in_features=12, out_features=1, bias=True)
    (3): Sigmoid()
  )
)
Params are min slope: 2e-06, trend window: 100
Epoch     0 | Train Loss: 12440.083984 | Val Loss: 12140.985352 | Train R²: -439846.1250 | Val R²: -419922.9062 | NightHrsTrueNEE vs NightHrsModelReco R²: -93.5000 | NightHrsTrueNee vs NightHrsModelNee R²: -184.5900
Epoch   500 | Train Loss: 121.177223 | Val Loss: 117.885681 | Train R²: -4283.4937 | Val R²: -4076.3474 | NightHrsTrueNEE vs NightHrsModelReco R²: -249.0300 | NightHrsTrueNee vs NightHrsModelNee R²: -237.4300
Epoch  1000 | Train Loss: 34.038933 | Val Loss: 32.964851 | Train R²: -1202.5231 | Val R²: -1139.1653 | NightHrsTrueNEE vs NightHrsModelReco R²: -262.4700 | NightHrsTrueNee vs NightHrsModelNee R²: -249.8000
Epoch  1500 | Train Loss: 15.232431 | Val Loss: 14.699417 | Train R²: -537.5769 | Val R²: -507.4132 | NightHrsTrueNEE vs NightHrsModelReco R²: -266.8400 | NightHrsTrueNee vs NightHrsModelNee R²: -255.5400
Epoch  2000 | Train Loss: 8.323312 | Val Loss: 8.012441 | Train R²: -293.2894 | Val R²: -276.1287 | NightHrsTrueNEE vs NightHrsModelReco R²: -268.8800 | NightHrsTrueNee vs NightHrsModelNee R²: -258.9700
Epoch  2500 | Train Loss: 5.100121 | Val Loss: 4.903028 | Train R²: -179.3263 | Val R²: -168.5825 | NightHrsTrueNEE vs NightHrsModelReco R²: -269.9300 | NightHrsTrueNee vs NightHrsModelNee R²: -261.2000
Epoch  3000 | Train Loss: 3.380589 | Val Loss: 3.249413 | Train R²: -118.5283 | Val R²: -111.3884 | NightHrsTrueNEE vs NightHrsModelReco R²: -270.3800 | NightHrsTrueNee vs NightHrsModelNee R²: -262.6300
Epoch  3500 | Train Loss: 2.383338 | Val Loss: 2.293423 | Train R²: -83.2683 | Val R²: -78.3233 | NightHrsTrueNEE vs NightHrsModelReco R²: -270.2400 | NightHrsTrueNee vs NightHrsModelNee R²: -263.3200
Epoch  4000 | Train Loss: 1.771986 | Val Loss: 1.709241 | Train R²: -61.6525 | Val R²: -58.1180 | NightHrsTrueNEE vs NightHrsModelReco R²: -269.1400 | NightHrsTrueNee vs NightHrsModelNee R²: -262.9300
Epoch  4500 | Train Loss: 1.380040 | Val Loss: 1.335654 | Train R²: -47.7944 | Val R²: -45.1967 | NightHrsTrueNEE vs NightHrsModelReco R²: -264.6500 | NightHrsTrueNee vs NightHrsModelNee R²: -259.0900
Epoch  5000 | Train Loss: 1.053807 | Val Loss: 1.018974 | Train R²: -36.2597 | Val R²: -34.2436 | NightHrsTrueNEE vs NightHrsModelReco R²: -194.5200 | NightHrsTrueNee vs NightHrsModelNee R²: -190.2600
Epoch  5500 | Train Loss: 0.774994 | Val Loss: 0.750237 | Train R²: -26.4017 | Val R²: -24.9487 | NightHrsTrueNEE vs NightHrsModelReco R²: -116.3300 | NightHrsTrueNee vs NightHrsModelNee R²: -113.4100
Epoch  6000 | Train Loss: 0.559836 | Val Loss: 0.542240 | Train R²: -18.7943 | Val R²: -17.7546 | NightHrsTrueNEE vs NightHrsModelReco R²: -80.4800 | NightHrsTrueNee vs NightHrsModelNee R²: -78.2000
Epoch  6500 | Train Loss: 0.419885 | Val Loss: 0.406664 | Train R²: -13.8460 | Val R²: -13.0654 | NightHrsTrueNEE vs NightHrsModelReco R²: -61.4900 | NightHrsTrueNee vs NightHrsModelNee R²: -59.6900
Epoch  7000 | Train Loss: 0.316479 | Val Loss: 0.306081 | Train R²: -10.1898 | Val R²: -9.5865 | NightHrsTrueNEE vs NightHrsModelReco R²: -45.6200 | NightHrsTrueNee vs NightHrsModelNee R²: -44.2200
Epoch  7500 | Train Loss: 0.239498 | Val Loss: 0.231281 | Train R²: -7.4680 | Val R²: -6.9994 | NightHrsTrueNEE vs NightHrsModelReco R²: -33.5900 | NightHrsTrueNee vs NightHrsModelNee R²: -32.5100
Epoch  8000 | Train Loss: 0.181835 | Val Loss: 0.175490 | Train R²: -5.4292 | Val R²: -5.0697 | NightHrsTrueNEE vs NightHrsModelReco R²: -25.0500 | NightHrsTrueNee vs NightHrsModelNee R²: -24.2000
Epoch  8500 | Train Loss: 0.138616 | Val Loss: 0.133806 | Train R²: -3.9011 | Val R²: -3.6280 | NightHrsTrueNEE vs NightHrsModelReco R²: -19.0000 | NightHrsTrueNee vs NightHrsModelNee R²: -18.3300
Epoch  9000 | Train Loss: 0.106680 | Val Loss: 0.103052 | Train R²: -2.7719 | Val R²: -2.5643 | NightHrsTrueNEE vs NightHrsModelReco R²: -14.6200 | NightHrsTrueNee vs NightHrsModelNee R²: -14.0900
Epoch  9500 | Train Loss: 0.083394 | Val Loss: 0.080632 | Train R²: -1.9486 | Val R²: -1.7889 | NightHrsTrueNEE vs NightHrsModelReco R²: -11.3600 | NightHrsTrueNee vs NightHrsModelNee R²: -10.9400
Epoch 10000 | Train Loss: 0.066396 | Val Loss: 0.064252 | Train R²: -1.3476 | Val R²: -1.2223 | NightHrsTrueNEE vs NightHrsModelReco R²: -8.8700 | NightHrsTrueNee vs NightHrsModelNee R²: -8.5300
Epoch 10500 | Train Loss: 0.053841 | Val Loss: 0.052165 | Train R²: -0.9037 | Val R²: -0.8042 | NightHrsTrueNEE vs NightHrsModelReco R²: -6.9400 | NightHrsTrueNee vs NightHrsModelNee R²: -6.6800
Epoch 11000 | Train Loss: 0.044489 | Val Loss: 0.043192 | Train R²: -0.5730 | Val R²: -0.4939 | NightHrsTrueNEE vs NightHrsModelReco R²: -5.4700 | NightHrsTrueNee vs NightHrsModelNee R²: -5.2600
Epoch 11500 | Train Loss: 0.037521 | Val Loss: 0.036541 | Train R²: -0.3266 | Val R²: -0.2638 | NightHrsTrueNEE vs NightHrsModelReco R²: -4.3600 | NightHrsTrueNee vs NightHrsModelNee R²: -4.1900
Epoch 12000 | Train Loss: 0.032333 | Val Loss: 0.031613 | Train R²: -0.1432 | Val R²: -0.0934 | NightHrsTrueNEE vs NightHrsModelReco R²: -3.5100 | NightHrsTrueNee vs NightHrsModelNee R²: -3.3700
Epoch 12500 | Train Loss: 0.028470 | Val Loss: 0.027958 | Train R²: -0.0066 | Val R²: 0.0330 | NightHrsTrueNEE vs NightHrsModelReco R²: -2.8500 | NightHrsTrueNee vs NightHrsModelNee R²: -2.7400
Epoch 13000 | Train Loss: 0.025596 | Val Loss: 0.025248 | Train R²: 0.0950 | Val R²: 0.1267 | NightHrsTrueNEE vs NightHrsModelReco R²: -2.3500 | NightHrsTrueNee vs NightHrsModelNee R²: -2.2600
Epoch 13500 | Train Loss: 0.023448 | Val Loss: 0.023229 | Train R²: 0.1709 | Val R²: 0.1966 | NightHrsTrueNEE vs NightHrsModelReco R²: -1.9600 | NightHrsTrueNee vs NightHrsModelNee R²: -1.8900
Epoch 14000 | Train Loss: 0.021816 | Val Loss: 0.021696 | Train R²: 0.2286 | Val R²: 0.2496 | NightHrsTrueNEE vs NightHrsModelReco R²: -1.6500 | NightHrsTrueNee vs NightHrsModelNee R²: -1.5900
Epoch 14500 | Train Loss: 0.020539 | Val Loss: 0.020499 | Train R²: 0.2738 | Val R²: 0.2910 | NightHrsTrueNEE vs NightHrsModelReco R²: -1.4100 | NightHrsTrueNee vs NightHrsModelNee R²: -1.3600
Epoch 15000 | Train Loss: 0.019492 | Val Loss: 0.019515 | Train R²: 0.3108 | Val R²: 0.3250 | NightHrsTrueNEE vs NightHrsModelReco R²: -1.2300 | NightHrsTrueNee vs NightHrsModelNee R²: -1.1800
Epoch 15500 | Train Loss: 0.018560 | Val Loss: 0.018628 | Train R²: 0.3438 | Val R²: 0.3557 | NightHrsTrueNEE vs NightHrsModelReco R²: -1.0800 | NightHrsTrueNee vs NightHrsModelNee R²: -1.0500
Epoch 16000 | Train Loss: 0.017627 | Val Loss: 0.017723 | Train R²: 0.3768 | Val R²: 0.3870 | NightHrsTrueNEE vs NightHrsModelReco R²: -0.9700 | NightHrsTrueNee vs NightHrsModelNee R²: -0.9400
Epoch 16500 | Train Loss: 0.016576 | Val Loss: 0.016677 | Train R²: 0.4139 | Val R²: 0.4232 | NightHrsTrueNEE vs NightHrsModelReco R²: -0.8800 | NightHrsTrueNee vs NightHrsModelNee R²: -0.8500
Epoch 17000 | Train Loss: 0.015282 | Val Loss: 0.015362 | Train R²: 0.4597 | Val R²: 0.4687 | NightHrsTrueNEE vs NightHrsModelReco R²: -0.8000 | NightHrsTrueNee vs NightHrsModelNee R²: -0.7700
Epoch 17500 | Train Loss: 0.013651 | Val Loss: 0.013683 | Train R²: 0.5173 | Val R²: 0.5267 | NightHrsTrueNEE vs NightHrsModelReco R²: -0.7100 | NightHrsTrueNee vs NightHrsModelNee R²: -0.6900
Epoch 18000 | Train Loss: 0.011735 | Val Loss: 0.011704 | Train R²: 0.5851 | Val R²: 0.5952 | NightHrsTrueNEE vs NightHrsModelReco R²: -0.5800 | NightHrsTrueNee vs NightHrsModelNee R²: -0.5600
Epoch 18500 | Train Loss: 0.009782 | Val Loss: 0.009708 | Train R²: 0.6541 | Val R²: 0.6642 | NightHrsTrueNEE vs NightHrsModelReco R²: -0.4000 | NightHrsTrueNee vs NightHrsModelNee R²: -0.3700
Epoch 19000 | Train Loss: 0.008082 | Val Loss: 0.007996 | Train R²: 0.7142 | Val R²: 0.7234 | NightHrsTrueNEE vs NightHrsModelReco R²: -0.1800 | NightHrsTrueNee vs NightHrsModelNee R²: -0.1600
Epoch 19500 | Train Loss: 0.006733 | Val Loss: 0.006648 | Train R²: 0.7619 | Val R²: 0.7701 | NightHrsTrueNEE vs NightHrsModelReco R²: 0.0100 | NightHrsTrueNee vs NightHrsModelNee R²: 0.0200
Epoch 20000 | Train Loss: 0.005712 | Val Loss: 0.005630 | Train R²: 0.7981 | Val R²: 0.8053 | NightHrsTrueNEE vs NightHrsModelReco R²: 0.1700 | NightHrsTrueNee vs NightHrsModelNee R²: 0.1800
Epoch 20500 | Train Loss: 0.004956 | Val Loss: 0.004885 | Train R²: 0.8248 | Val R²: 0.8310 | NightHrsTrueNEE vs NightHrsModelReco R²: 0.3000 | NightHrsTrueNee vs NightHrsModelNee R²: 0.3100
Epoch 21000 | Train Loss: 0.004383 | Val Loss: 0.004325 | Train R²: 0.8450 | Val R²: 0.8504 | NightHrsTrueNEE vs NightHrsModelReco R²: 0.4000 | NightHrsTrueNee vs NightHrsModelNee R²: 0.4000
Epoch 21500 | Train Loss: 0.003930 | Val Loss: 0.003890 | Train R²: 0.8610 | Val R²: 0.8654 | NightHrsTrueNEE vs NightHrsModelReco R²: 0.4700 | NightHrsTrueNee vs NightHrsModelNee R²: 0.4700
Epoch 22000 | Train Loss: 0.003549 | Val Loss: 0.003529 | Train R²: 0.8745 | Val R²: 0.8780 | NightHrsTrueNEE vs NightHrsModelReco R²: 0.5300 | NightHrsTrueNee vs NightHrsModelNee R²: 0.5300
Epoch 22500 | Train Loss: 0.003203 | Val Loss: 0.003196 | Train R²: 0.8867 | Val R²: 0.8894 | NightHrsTrueNEE vs NightHrsModelReco R²: 0.5700 | NightHrsTrueNee vs NightHrsModelNee R²: 0.5700
Epoch 23000 | Train Loss: 0.002874 | Val Loss: 0.002870 | Train R²: 0.8984 | Val R²: 0.9007 | NightHrsTrueNEE vs NightHrsModelReco R²: 0.6000 | NightHrsTrueNee vs NightHrsModelNee R²: 0.6000
Epoch 23500 | Train Loss: 0.002555 | Val Loss: 0.002547 | Train R²: 0.9097 | Val R²: 0.9119 | NightHrsTrueNEE vs NightHrsModelReco R²: 0.6300 | NightHrsTrueNee vs NightHrsModelNee R²: 0.6300
Epoch 24000 | Train Loss: 0.002253 | Val Loss: 0.002234 | Train R²: 0.9203 | Val R²: 0.9227 | NightHrsTrueNEE vs NightHrsModelReco R²: 0.6600 | NightHrsTrueNee vs NightHrsModelNee R²: 0.6600
Epoch 24500 | Train Loss: 0.001995 | Val Loss: 0.001962 | Train R²: 0.9295 | Val R²: 0.9322 | NightHrsTrueNEE vs NightHrsModelReco R²: 0.6900 | NightHrsTrueNee vs NightHrsModelNee R²: 0.6900
Epoch 25000 | Train Loss: 0.001812 | Val Loss: 0.001766 | Train R²: 0.9359 | Val R²: 0.9389 | NightHrsTrueNEE vs NightHrsModelReco R²: 0.7100 | NightHrsTrueNee vs NightHrsModelNee R²: 0.7100
Epoch 25500 | Train Loss: 0.001696 | Val Loss: 0.001641 | Train R²: 0.9400 | Val R²: 0.9432 | NightHrsTrueNEE vs NightHrsModelReco R²: 0.7300 | NightHrsTrueNee vs NightHrsModelNee R²: 0.7300
Epoch 26000 | Train Loss: 0.001613 | Val Loss: 0.001555 | Train R²: 0.9430 | Val R²: 0.9462 | NightHrsTrueNEE vs NightHrsModelReco R²: 0.7400 | NightHrsTrueNee vs NightHrsModelNee R²: 0.7400
Epoch 26500 | Train Loss: 0.001546 | Val Loss: 0.001488 | Train R²: 0.9454 | Val R²: 0.9485 | NightHrsTrueNEE vs NightHrsModelReco R²: 0.7500 | NightHrsTrueNee vs NightHrsModelNee R²: 0.7500
Epoch 27000 | Train Loss: 0.001490 | Val Loss: 0.001435 | Train R²: 0.9473 | Val R²: 0.9504 | NightHrsTrueNEE vs NightHrsModelReco R²: 0.7600 | NightHrsTrueNee vs NightHrsModelNee R²: 0.7600
Epoch 27500 | Train Loss: 0.001444 | Val Loss: 0.001390 | Train R²: 0.9489 | Val R²: 0.9519 | NightHrsTrueNEE vs NightHrsModelReco R²: 0.7600 | NightHrsTrueNee vs NightHrsModelNee R²: 0.7600
Epoch 28000 | Train Loss: 0.001407 | Val Loss: 0.001353 | Train R²: 0.9503 | Val R²: 0.9532 | NightHrsTrueNEE vs NightHrsModelReco R²: 0.7600 | NightHrsTrueNee vs NightHrsModelNee R²: 0.7600
Early stopping at epoch 28378 due to flat/negative trend (slope=0.000002)
Epoch 28378 | Train Loss: 0.001383 | Val Loss: 0.001330 | Train R²: 0.9511 | Val R²: 0.9540
Unpickling models
Following models have been loaded and moved to cuda:
trained gpp model:
 SNN_GPP_Tram(
  (net): Sequential(
    (0): Linear(in_features=11, out_features=12, bias=True)
    (1): Tanh()
    (2): Linear(in_features=12, out_features=1, bias=True)
    (3): Sigmoid()
  )
), trained_reco_model:
 SNN_GPP_Tram(
  (net): Sequential(
    (0): Linear(in_features=11, out_features=12, bias=True)
    (1): Tanh()
    (2): Linear(in_features=12, out_features=1, bias=True)
    (3): Sigmoid()
  )
)
using full data set for visualization
Un-normalizing the GPP and RECO predictions using NEE min: tensor([-36.1705]), NEE max: tensor([35.8634])



Metrics for the Tramontana, with
GPP inputs: ['SW_IN', 'VPD', 'TA', 'WS', 'PotRad', 'PotRadHalfHourlyDiff', 'PotRadDailyAvg', 'PotRadDailyDiff', 'WD_COS', 'WD_SIN', 'GPP_PROX']
RECO inputs: ['DOY_sin', 'DOY_cos', 'TA', 'TS_1', 'TS_2', 'TS_3', 'TS_4', 'WS', 'WD_COS', 'WD_SIN', 'NIGHTLY_NEE_AVG']:
dt_gpp vs Tramontana_GPP R²=0.97 RMSE=1.26
nt_gpp vs Tramontana_GPP R²=0.95 RMSE=1.54
dt_reco vs Tramontana_RECO R²=0.80 RMSE=1.05
nt_reco vs Tramontana_RECO R²=0.86 RMSE=0.76
night_hours_true_nee vs Tramontana_night_hours_model_reco R²=0.75 RMSE=1.00
night_hours_true_nee vs Tramontana_night_hours_model_nee R²=0.75 RMSE=1.00
dt_gpp vs nt_gpp R²=0.95 RMSE=1.56
dt_reco vs nt_reco R²=0.85 RMSE=1.00

gpp_input_names,  ['SW_IN', 'VPD', 'TA', 'WTD', 'WS', 'PotRad', 'PotRadHalfHourlyDiff', 'PotRadDailyAvg', 'PotRadDailyDiff', 'WD_COS', 'WD_SIN', 'GPP_PROX'] 
reco_input_names,  ['DOY_sin', 'DOY_cos', 'TA', 'TS_1', 'TS_2', 'TS_3', 'TS_4', 'WTD', 'WS', 'WD_COS', 'WD_SIN', 'NIGHTLY_NEE_AVG'] 
true_nee_name,  ['NEE'] 

Tramontana Running on GPU With hidden layer size of 12 Total epochs: 100000 lr: 0.001 patience: 500 min_delta 0.01
SNN_GPP_Tram(
  (net): Sequential(
    (0): Linear(in_features=12, out_features=12, bias=True)
    (1): Tanh()
    (2): Linear(in_features=12, out_features=1, bias=True)
    (3): Sigmoid()
  )
)
SNN_RECO_Tram(
  (net): Sequential(
    (0): Linear(in_features=12, out_features=12, bias=True)
    (1): Tanh()
    (2): Linear(in_features=12, out_features=1, bias=True)
    (3): Sigmoid()
  )
)
Params are min slope: 2e-06, trend window: 100
Epoch     0 | Train Loss: 19096.541016 | Val Loss: 18659.697266 | Train R²: -675200.3125 | Val R²: -645387.6250 | NightHrsTrueNEE vs NightHrsModelReco R²: -71.7700 | NightHrsTrueNee vs NightHrsModelNee R²: -197.8200
Epoch   500 | Train Loss: 167.144608 | Val Loss: 164.144440 | Train R²: -5908.7739 | Val R²: -5676.3130 | NightHrsTrueNEE vs NightHrsModelReco R²: -244.3800 | NightHrsTrueNee vs NightHrsModelNee R²: -233.7500
Epoch  1000 | Train Loss: 47.287586 | Val Loss: 46.285618 | Train R²: -1670.9590 | Val R²: -1599.8944 | NightHrsTrueNEE vs NightHrsModelReco R²: -258.7100 | NightHrsTrueNee vs NightHrsModelNee R²: -245.9000
Epoch  1500 | Train Loss: 21.437401 | Val Loss: 20.922976 | Train R²: -756.9677 | Val R²: -722.6692 | NightHrsTrueNEE vs NightHrsModelReco R²: -263.6900 | NightHrsTrueNee vs NightHrsModelNee R²: -251.8800
Epoch  2000 | Train Loss: 11.804677 | Val Loss: 11.498134 | Train R²: -416.3809 | Val R²: -396.6894 | NightHrsTrueNEE vs NightHrsModelReco R²: -266.1800 | NightHrsTrueNee vs NightHrsModelNee R²: -255.6000
Epoch  2500 | Train Loss: 7.237997 | Val Loss: 7.041052 | Train R²: -254.9157 | Val R²: -242.5310 | NightHrsTrueNEE vs NightHrsModelReco R²: -267.6000 | NightHrsTrueNee vs NightHrsModelNee R²: -258.1300
Epoch  3000 | Train Loss: 4.761963 | Val Loss: 4.629832 | Train R²: -167.3699 | Val R²: -159.1334 | NightHrsTrueNEE vs NightHrsModelReco R²: -268.3800 | NightHrsTrueNee vs NightHrsModelNee R²: -259.9000
Epoch  3500 | Train Loss: 3.302699 | Val Loss: 3.211745 | Train R²: -115.7744 | Val R²: -110.0856 | NightHrsTrueNEE vs NightHrsModelReco R²: -268.6800 | NightHrsTrueNee vs NightHrsModelNee R²: -261.0500
Epoch  4000 | Train Loss: 2.394156 | Val Loss: 2.330642 | Train R²: -83.6508 | Val R²: -79.6106 | NightHrsTrueNEE vs NightHrsModelReco R²: -268.4300 | NightHrsTrueNee vs NightHrsModelNee R²: -261.5400
Epoch  4500 | Train Loss: 1.806639 | Val Loss: 1.762008 | Train R²: -62.8778 | Val R²: -59.9431 | NightHrsTrueNEE vs NightHrsModelReco R²: -267.2000 | NightHrsTrueNee vs NightHrsModelNee R²: -260.9700
Epoch  5000 | Train Loss: 1.413858 | Val Loss: 1.382429 | Train R²: -48.9901 | Val R²: -46.8145 | NightHrsTrueNEE vs NightHrsModelReco R²: -262.8100 | NightHrsTrueNee vs NightHrsModelNee R²: -257.1900
Epoch  5500 | Train Loss: 1.088474 | Val Loss: 1.064737 | Train R²: -37.4854 | Val R²: -35.8264 | NightHrsTrueNEE vs NightHrsModelReco R²: -207.2400 | NightHrsTrueNee vs NightHrsModelNee R²: -202.7200
Epoch  6000 | Train Loss: 0.808246 | Val Loss: 0.791471 | Train R²: -27.5773 | Val R²: -26.3748 | NightHrsTrueNEE vs NightHrsModelReco R²: -123.1700 | NightHrsTrueNee vs NightHrsModelNee R²: -120.1500
Epoch  6500 | Train Loss: 0.610636 | Val Loss: 0.598966 | Train R²: -20.5904 | Val R²: -19.7166 | NightHrsTrueNEE vs NightHrsModelReco R²: -93.7700 | NightHrsTrueNee vs NightHrsModelNee R²: -91.3500
Epoch  7000 | Train Loss: 0.460913 | Val Loss: 0.451624 | Train R²: -15.2966 | Val R²: -14.6204 | NightHrsTrueNEE vs NightHrsModelReco R²: -67.6600 | NightHrsTrueNee vs NightHrsModelNee R²: -65.7900
Epoch  7500 | Train Loss: 0.347413 | Val Loss: 0.339191 | Train R²: -11.2836 | Val R²: -10.7317 | NightHrsTrueNEE vs NightHrsModelReco R²: -46.1400 | NightHrsTrueNee vs NightHrsModelNee R²: -44.7600
Epoch  8000 | Train Loss: 0.263224 | Val Loss: 0.256482 | Train R²: -8.3069 | Val R²: -7.8710 | NightHrsTrueNEE vs NightHrsModelReco R²: -33.6600 | NightHrsTrueNee vs NightHrsModelNee R²: -32.5900
Epoch  8500 | Train Loss: 0.200373 | Val Loss: 0.194992 | Train R²: -6.0846 | Val R²: -5.7443 | NightHrsTrueNEE vs NightHrsModelReco R²: -25.2800 | NightHrsTrueNee vs NightHrsModelNee R²: -24.4500
Epoch  9000 | Train Loss: 0.153346 | Val Loss: 0.149069 | Train R²: -4.4219 | Val R²: -4.1559 | NightHrsTrueNEE vs NightHrsModelReco R²: -19.1200 | NightHrsTrueNee vs NightHrsModelNee R²: -18.4700
Epoch  9500 | Train Loss: 0.118078 | Val Loss: 0.114658 | Train R²: -3.1749 | Val R²: -2.9657 | NightHrsTrueNEE vs NightHrsModelReco R²: -14.6300 | NightHrsTrueNee vs NightHrsModelNee R²: -14.1200
Epoch 10000 | Train Loss: 0.092024 | Val Loss: 0.089287 | Train R²: -2.2537 | Val R²: -2.0882 | NightHrsTrueNEE vs NightHrsModelReco R²: -11.3100 | NightHrsTrueNee vs NightHrsModelNee R²: -10.9100
Epoch 10500 | Train Loss: 0.072684 | Val Loss: 0.070483 | Train R²: -1.5699 | Val R²: -1.4378 | NightHrsTrueNEE vs NightHrsModelReco R²: -8.8500 | NightHrsTrueNee vs NightHrsModelNee R²: -8.5300
Epoch 11000 | Train Loss: 0.058274 | Val Loss: 0.056496 | Train R²: -1.0604 | Val R²: -0.9541 | NightHrsTrueNEE vs NightHrsModelReco R²: -6.9800 | NightHrsTrueNee vs NightHrsModelNee R²: -6.7300
Epoch 11500 | Train Loss: 0.047501 | Val Loss: 0.046075 | Train R²: -0.6795 | Val R²: -0.5936 | NightHrsTrueNEE vs NightHrsModelReco R²: -5.5400 | NightHrsTrueNee vs NightHrsModelNee R²: -5.3400
Epoch 12000 | Train Loss: 0.039410 | Val Loss: 0.038269 | Train R²: -0.3934 | Val R²: -0.3236 | NightHrsTrueNEE vs NightHrsModelReco R²: -4.3800 | NightHrsTrueNee vs NightHrsModelNee R²: -4.2200
Epoch 12500 | Train Loss: 0.033341 | Val Loss: 0.032427 | Train R²: -0.1788 | Val R²: -0.1216 | NightHrsTrueNEE vs NightHrsModelReco R²: -3.4500 | NightHrsTrueNee vs NightHrsModelNee R²: -3.3200
Epoch 13000 | Train Loss: 0.028768 | Val Loss: 0.028030 | Train R²: -0.0172 | Val R²: 0.0305 | NightHrsTrueNEE vs NightHrsModelReco R²: -2.7700 | NightHrsTrueNee vs NightHrsModelNee R²: -2.6600
Epoch 13500 | Train Loss: 0.025401 | Val Loss: 0.024772 | Train R²: 0.1019 | Val R²: 0.1432 | NightHrsTrueNEE vs NightHrsModelReco R²: -2.2800 | NightHrsTrueNee vs NightHrsModelNee R²: -2.1900
Epoch 14000 | Train Loss: 0.022911 | Val Loss: 0.022397 | Train R²: 0.1899 | Val R²: 0.2253 | NightHrsTrueNEE vs NightHrsModelReco R²: -1.8900 | NightHrsTrueNee vs NightHrsModelNee R²: -1.8200
Epoch 14500 | Train Loss: 0.021050 | Val Loss: 0.020655 | Train R²: 0.2557 | Val R²: 0.2856 | NightHrsTrueNEE vs NightHrsModelReco R²: -1.5900 | NightHrsTrueNee vs NightHrsModelNee R²: -1.5300
Epoch 15000 | Train Loss: 0.019624 | Val Loss: 0.019337 | Train R²: 0.3062 | Val R²: 0.3312 | NightHrsTrueNEE vs NightHrsModelReco R²: -1.3500 | NightHrsTrueNee vs NightHrsModelNee R²: -1.3100
Epoch 15500 | Train Loss: 0.018486 | Val Loss: 0.018289 | Train R²: 0.3464 | Val R²: 0.3674 | NightHrsTrueNEE vs NightHrsModelReco R²: -1.1700 | NightHrsTrueNee vs NightHrsModelNee R²: -1.1300
Epoch 16000 | Train Loss: 0.017508 | Val Loss: 0.017381 | Train R²: 0.3810 | Val R²: 0.3988 | NightHrsTrueNEE vs NightHrsModelReco R²: -1.0300 | NightHrsTrueNee vs NightHrsModelNee R²: -1.0000
Epoch 16500 | Train Loss: 0.016567 | Val Loss: 0.016487 | Train R²: 0.4142 | Val R²: 0.4298 | NightHrsTrueNEE vs NightHrsModelReco R²: -0.9100 | NightHrsTrueNee vs NightHrsModelNee R²: -0.8800
Epoch 17000 | Train Loss: 0.015554 | Val Loss: 0.015492 | Train R²: 0.4500 | Val R²: 0.4642 | NightHrsTrueNEE vs NightHrsModelReco R²: -0.8000 | NightHrsTrueNee vs NightHrsModelNee R²: -0.7700
Epoch 17500 | Train Loss: 0.014407 | Val Loss: 0.014333 | Train R²: 0.4906 | Val R²: 0.5042 | NightHrsTrueNEE vs NightHrsModelReco R²: -0.6900 | NightHrsTrueNee vs NightHrsModelNee R²: -0.6700
Epoch 18000 | Train Loss: 0.013069 | Val Loss: 0.012958 | Train R²: 0.5379 | Val R²: 0.5518 | NightHrsTrueNEE vs NightHrsModelReco R²: -0.5800 | NightHrsTrueNee vs NightHrsModelNee R²: -0.5600
Epoch 18500 | Train Loss: 0.011538 | Val Loss: 0.011389 | Train R²: 0.5920 | Val R²: 0.6061 | NightHrsTrueNEE vs NightHrsModelReco R²: -0.4700 | NightHrsTrueNee vs NightHrsModelNee R²: -0.4500
Epoch 19000 | Train Loss: 0.009896 | Val Loss: 0.009725 | Train R²: 0.6501 | Val R²: 0.6636 | NightHrsTrueNEE vs NightHrsModelReco R²: -0.3300 | NightHrsTrueNee vs NightHrsModelNee R²: -0.3100
Epoch 19500 | Train Loss: 0.008278 | Val Loss: 0.008110 | Train R²: 0.7073 | Val R²: 0.7195 | NightHrsTrueNEE vs NightHrsModelReco R²: -0.1500 | NightHrsTrueNee vs NightHrsModelNee R²: -0.1400
Epoch 20000 | Train Loss: 0.006830 | Val Loss: 0.006680 | Train R²: 0.7585 | Val R²: 0.7690 | NightHrsTrueNEE vs NightHrsModelReco R²: 0.0200 | NightHrsTrueNee vs NightHrsModelNee R²: 0.0400
Epoch 20500 | Train Loss: 0.005657 | Val Loss: 0.005526 | Train R²: 0.8000 | Val R²: 0.8089 | NightHrsTrueNEE vs NightHrsModelReco R²: 0.1800 | NightHrsTrueNee vs NightHrsModelNee R²: 0.1900
Epoch 21000 | Train Loss: 0.004774 | Val Loss: 0.004659 | Train R²: 0.8312 | Val R²: 0.8389 | NightHrsTrueNEE vs NightHrsModelReco R²: 0.3100 | NightHrsTrueNee vs NightHrsModelNee R²: 0.3200
Epoch 21500 | Train Loss: 0.004129 | Val Loss: 0.004035 | Train R²: 0.8540 | Val R²: 0.8605 | NightHrsTrueNEE vs NightHrsModelReco R²: 0.4200 | NightHrsTrueNee vs NightHrsModelNee R²: 0.4200
Epoch 22000 | Train Loss: 0.003683 | Val Loss: 0.003613 | Train R²: 0.8698 | Val R²: 0.8751 | NightHrsTrueNEE vs NightHrsModelReco R²: 0.4900 | NightHrsTrueNee vs NightHrsModelNee R²: 0.4900
Epoch 22500 | Train Loss: 0.003358 | Val Loss: 0.003311 | Train R²: 0.8813 | Val R²: 0.8855 | NightHrsTrueNEE vs NightHrsModelReco R²: 0.5400 | NightHrsTrueNee vs NightHrsModelNee R²: 0.5500
Epoch 23000 | Train Loss: 0.003090 | Val Loss: 0.003066 | Train R²: 0.8908 | Val R²: 0.8939 | NightHrsTrueNEE vs NightHrsModelReco R²: 0.5800 | NightHrsTrueNee vs NightHrsModelNee R²: 0.5800
Epoch 23500 | Train Loss: 0.002858 | Val Loss: 0.002854 | Train R²: 0.8990 | Val R²: 0.9013 | NightHrsTrueNEE vs NightHrsModelReco R²: 0.6000 | NightHrsTrueNee vs NightHrsModelNee R²: 0.6000
Epoch 24000 | Train Loss: 0.002635 | Val Loss: 0.002643 | Train R²: 0.9068 | Val R²: 0.9086 | NightHrsTrueNEE vs NightHrsModelReco R²: 0.6300 | NightHrsTrueNee vs NightHrsModelNee R²: 0.6300
Epoch 24500 | Train Loss: 0.002409 | Val Loss: 0.002422 | Train R²: 0.9148 | Val R²: 0.9162 | NightHrsTrueNEE vs NightHrsModelReco R²: 0.6500 | NightHrsTrueNee vs NightHrsModelNee R²: 0.6500
Epoch 25000 | Train Loss: 0.002191 | Val Loss: 0.002201 | Train R²: 0.9225 | Val R²: 0.9239 | NightHrsTrueNEE vs NightHrsModelReco R²: 0.6700 | NightHrsTrueNee vs NightHrsModelNee R²: 0.6700
Epoch 25500 | Train Loss: 0.001996 | Val Loss: 0.002000 | Train R²: 0.9294 | Val R²: 0.9308 | NightHrsTrueNEE vs NightHrsModelReco R²: 0.6900 | NightHrsTrueNee vs NightHrsModelNee R²: 0.6900
Epoch 26000 | Train Loss: 0.001844 | Val Loss: 0.001841 | Train R²: 0.9348 | Val R²: 0.9363 | NightHrsTrueNEE vs NightHrsModelReco R²: 0.7000 | NightHrsTrueNee vs NightHrsModelNee R²: 0.7000
Epoch 26500 | Train Loss: 0.001735 | Val Loss: 0.001729 | Train R²: 0.9387 | Val R²: 0.9402 | NightHrsTrueNEE vs NightHrsModelReco R²: 0.7100 | NightHrsTrueNee vs NightHrsModelNee R²: 0.7100
Epoch 27000 | Train Loss: 0.001650 | Val Loss: 0.001645 | Train R²: 0.9416 | Val R²: 0.9431 | NightHrsTrueNEE vs NightHrsModelReco R²: 0.7300 | NightHrsTrueNee vs NightHrsModelNee R²: 0.7300
Epoch 27500 | Train Loss: 0.001583 | Val Loss: 0.001579 | Train R²: 0.9440 | Val R²: 0.9454 | NightHrsTrueNEE vs NightHrsModelReco R²: 0.7400 | NightHrsTrueNee vs NightHrsModelNee R²: 0.7400
Epoch 28000 | Train Loss: 0.001530 | Val Loss: 0.001526 | Train R²: 0.9459 | Val R²: 0.9472 | NightHrsTrueNEE vs NightHrsModelReco R²: 0.7400 | NightHrsTrueNee vs NightHrsModelNee R²: 0.7400
Epoch 28500 | Train Loss: 0.001491 | Val Loss: 0.001482 | Train R²: 0.9473 | Val R²: 0.9487 | NightHrsTrueNEE vs NightHrsModelReco R²: 0.7500 | NightHrsTrueNee vs NightHrsModelNee R²: 0.7500
Epoch 29000 | Train Loss: 0.001458 | Val Loss: 0.001445 | Train R²: 0.9485 | Val R²: 0.9500 | NightHrsTrueNEE vs NightHrsModelReco R²: 0.7600 | NightHrsTrueNee vs NightHrsModelNee R²: 0.7600
Epoch 29500 | Train Loss: 0.001427 | Val Loss: 0.001409 | Train R²: 0.9495 | Val R²: 0.9513 | NightHrsTrueNEE vs NightHrsModelReco R²: 0.7600 | NightHrsTrueNee vs NightHrsModelNee R²: 0.7600
Epoch 30000 | Train Loss: 0.001397 | Val Loss: 0.001376 | Train R²: 0.9506 | Val R²: 0.9524 | NightHrsTrueNEE vs NightHrsModelReco R²: 0.7700 | NightHrsTrueNee vs NightHrsModelNee R²: 0.7700
Epoch 30500 | Train Loss: 0.001368 | Val Loss: 0.001344 | Train R²: 0.9516 | Val R²: 0.9535 | NightHrsTrueNEE vs NightHrsModelReco R²: 0.7700 | NightHrsTrueNee vs NightHrsModelNee R²: 0.7700
Epoch 31000 | Train Loss: 0.001341 | Val Loss: 0.001314 | Train R²: 0.9526 | Val R²: 0.9545 | NightHrsTrueNEE vs NightHrsModelReco R²: 0.7700 | NightHrsTrueNee vs NightHrsModelNee R²: 0.7700
Early stopping at epoch 31100 due to flat/negative trend (slope=0.000002)
Epoch 31100 | Train Loss: 0.001337 | Val Loss: 0.001309 | Train R²: 0.9527 | Val R²: 0.9547
Unpickling models
Following models have been loaded and moved to cuda:
trained gpp model:
 SNN_GPP_Tram(
  (net): Sequential(
    (0): Linear(in_features=12, out_features=12, bias=True)
    (1): Tanh()
    (2): Linear(in_features=12, out_features=1, bias=True)
    (3): Sigmoid()
  )
), trained_reco_model:
 SNN_GPP_Tram(
  (net): Sequential(
    (0): Linear(in_features=12, out_features=12, bias=True)
    (1): Tanh()
    (2): Linear(in_features=12, out_features=1, bias=True)
    (3): Sigmoid()
  )
)
using full data set for visualization
Un-normalizing the GPP and RECO predictions using NEE min: tensor([-36.1705]), NEE max: tensor([35.8634])



Metrics for the Tramontana, with
GPP inputs: ['SW_IN', 'VPD', 'TA', 'WTD', 'WS', 'PotRad', 'PotRadHalfHourlyDiff', 'PotRadDailyAvg', 'PotRadDailyDiff', 'WD_COS', 'WD_SIN', 'GPP_PROX']
RECO inputs: ['DOY_sin', 'DOY_cos', 'TA', 'TS_1', 'TS_2', 'TS_3', 'TS_4', 'WTD', 'WS', 'WD_COS', 'WD_SIN', 'NIGHTLY_NEE_AVG']:
dt_gpp vs Tramontana_GPP R²=0.97 RMSE=1.26
nt_gpp vs Tramontana_GPP R²=0.95 RMSE=1.50
dt_reco vs Tramontana_RECO R²=0.79 RMSE=1.06
nt_reco vs Tramontana_RECO R²=0.88 RMSE=0.71
night_hours_true_nee vs Tramontana_night_hours_model_reco R²=0.76 RMSE=0.99
night_hours_true_nee vs Tramontana_night_hours_model_nee R²=0.76 RMSE=0.99
dt_gpp vs nt_gpp R²=0.95 RMSE=1.56
dt_reco vs nt_reco R²=0.85 RMSE=1.00

gpp_input_names,  ['SW_IN', 'VPD', 'TA', 'WTD', 'WS', 'PotRad', 'PotRadHalfHourlyDiff', 'PotRadDailyAvg', 'PotRadDailyDiff', 'WD_COS', 'WD_SIN', 'GPP_PROX', 'Salinity'] 
reco_input_names,  ['DOY_sin', 'DOY_cos', 'TA', 'TS_1', 'TS_2', 'TS_3', 'TS_4', 'WTD', 'WS', 'WD_COS', 'WD_SIN', 'NIGHTLY_NEE_AVG', 'Salinity'] 
true_nee_name,  ['NEE'] 

Tramontana Running on GPU With hidden layer size of 12 Total epochs: 100000 lr: 0.001 patience: 500 min_delta 0.01
SNN_GPP_Tram(
  (net): Sequential(
    (0): Linear(in_features=13, out_features=12, bias=True)
    (1): Tanh()
    (2): Linear(in_features=12, out_features=1, bias=True)
    (3): Sigmoid()
  )
)
SNN_RECO_Tram(
  (net): Sequential(
    (0): Linear(in_features=13, out_features=12, bias=True)
    (1): Tanh()
    (2): Linear(in_features=12, out_features=1, bias=True)
    (3): Sigmoid()
  )
)
Params are min slope: 2e-06, trend window: 100
Epoch     0 | Train Loss: 19972.595703 | Val Loss: 19245.085938 | Train R²: -706175.1250 | Val R²: -665634.6875 | NightHrsTrueNEE vs NightHrsModelReco R²: -38.9300 | NightHrsTrueNee vs NightHrsModelNee R²: -188.4800
Epoch   500 | Train Loss: 136.931976 | Val Loss: 132.045364 | Train R²: -4840.5391 | Val R²: -4566.0928 | NightHrsTrueNEE vs NightHrsModelReco R²: -235.8300 | NightHrsTrueNee vs NightHrsModelNee R²: -225.3600
Epoch  1000 | Train Loss: 38.795403 | Val Loss: 37.285095 | Train R²: -1370.6987 | Val R²: -1288.5909 | NightHrsTrueNEE vs NightHrsModelReco R²: -255.2200 | NightHrsTrueNee vs NightHrsModelNee R²: -243.9400
Epoch  1500 | Train Loss: 17.472834 | Val Loss: 16.746302 | Train R²: -616.7915 | Val R²: -578.2094 | NightHrsTrueNEE vs NightHrsModelReco R²: -261.2900 | NightHrsTrueNee vs NightHrsModelNee R²: -251.3300
Epoch  2000 | Train Loss: 9.580875 | Val Loss: 9.167254 | Train R²: -337.7534 | Val R²: -316.0706 | NightHrsTrueNEE vs NightHrsModelReco R²: -264.0500 | NightHrsTrueNee vs NightHrsModelNee R²: -255.3600
Epoch  2500 | Train Loss: 5.877825 | Val Loss: 5.620990 | Train R²: -206.8238 | Val R²: -193.4149 | NightHrsTrueNEE vs NightHrsModelReco R²: -265.3500 | NightHrsTrueNee vs NightHrsModelNee R²: -257.7400
Epoch  3000 | Train Loss: 3.891915 | Val Loss: 3.724135 | Train R²: -136.6074 | Val R²: -127.8078 | NightHrsTrueNEE vs NightHrsModelReco R²: -265.6400 | NightHrsTrueNee vs NightHrsModelNee R²: -258.9300
Epoch  3500 | Train Loss: 2.733351 | Val Loss: 2.620269 | Train R²: -95.6438 | Val R²: -89.6280 | NightHrsTrueNEE vs NightHrsModelReco R²: -264.7400 | NightHrsTrueNee vs NightHrsModelNee R²: -258.7900
Epoch  4000 | Train Loss: 2.016012 | Val Loss: 1.938266 | Train R²: -70.2806 | Val R²: -66.0394 | NightHrsTrueNEE vs NightHrsModelReco R²: -261.1200 | NightHrsTrueNee vs NightHrsModelNee R²: -255.8300
Epoch  4500 | Train Loss: 1.532510 | Val Loss: 1.478118 | Train R²: -53.1854 | Val R²: -50.1241 | NightHrsTrueNEE vs NightHrsModelReco R²: -241.7300 | NightHrsTrueNee vs NightHrsModelNee R²: -237.1400
Epoch  5000 | Train Loss: 1.124527 | Val Loss: 1.083962 | Train R²: -38.7602 | Val R²: -36.4913 | NightHrsTrueNEE vs NightHrsModelReco R²: -155.6100 | NightHrsTrueNee vs NightHrsModelNee R²: -152.3400
Epoch  5500 | Train Loss: 0.832959 | Val Loss: 0.804232 | Train R²: -28.4512 | Val R²: -26.8162 | NightHrsTrueNEE vs NightHrsModelReco R²: -105.9200 | NightHrsTrueNee vs NightHrsModelNee R²: -103.5500
Epoch  6000 | Train Loss: 0.622306 | Val Loss: 0.602054 | Train R²: -21.0030 | Val R²: -19.8234 | NightHrsTrueNEE vs NightHrsModelReco R²: -80.0600 | NightHrsTrueNee vs NightHrsModelNee R²: -78.2200
Epoch  6500 | Train Loss: 0.468563 | Val Loss: 0.453697 | Train R²: -15.5671 | Val R²: -14.6921 | NightHrsTrueNEE vs NightHrsModelReco R²: -61.1400 | NightHrsTrueNee vs NightHrsModelNee R²: -59.7200
Epoch  7000 | Train Loss: 0.352906 | Val Loss: 0.341495 | Train R²: -11.4778 | Val R²: -10.8114 | NightHrsTrueNEE vs NightHrsModelReco R²: -44.9400 | NightHrsTrueNee vs NightHrsModelNee R²: -43.8500
Epoch  7500 | Train Loss: 0.266694 | Val Loss: 0.257762 | Train R²: -8.4296 | Val R²: -7.9153 | NightHrsTrueNEE vs NightHrsModelReco R²: -32.5000 | NightHrsTrueNee vs NightHrsModelNee R²: -31.6500
Epoch  8000 | Train Loss: 0.203150 | Val Loss: 0.196248 | Train R²: -6.1828 | Val R²: -5.7877 | NightHrsTrueNEE vs NightHrsModelReco R²: -24.0900 | NightHrsTrueNee vs NightHrsModelNee R²: -23.4300
Epoch  8500 | Train Loss: 0.156149 | Val Loss: 0.150879 | Train R²: -4.5210 | Val R²: -4.2185 | NightHrsTrueNEE vs NightHrsModelReco R²: -18.3300 | NightHrsTrueNee vs NightHrsModelNee R²: -17.8100
Epoch  9000 | Train Loss: 0.121217 | Val Loss: 0.117213 | Train R²: -3.2859 | Val R²: -3.0541 | NightHrsTrueNEE vs NightHrsModelReco R²: -14.1700 | NightHrsTrueNee vs NightHrsModelNee R²: -13.7600
Epoch  9500 | Train Loss: 0.095205 | Val Loss: 0.092172 | Train R²: -2.3662 | Val R²: -2.1880 | NightHrsTrueNEE vs NightHrsModelReco R²: -11.0900 | NightHrsTrueNee vs NightHrsModelNee R²: -10.7600
Epoch 10000 | Train Loss: 0.075830 | Val Loss: 0.073544 | Train R²: -1.6812 | Val R²: -1.5437 | NightHrsTrueNEE vs NightHrsModelReco R²: -8.7800 | NightHrsTrueNee vs NightHrsModelNee R²: -8.5200
Epoch 10500 | Train Loss: 0.061402 | Val Loss: 0.059691 | Train R²: -1.1710 | Val R²: -1.0645 | NightHrsTrueNEE vs NightHrsModelReco R²: -7.0300 | NightHrsTrueNee vs NightHrsModelNee R²: -6.8200
Epoch 11000 | Train Loss: 0.050646 | Val Loss: 0.049380 | Train R²: -0.7907 | Val R²: -0.7079 | NightHrsTrueNEE vs NightHrsModelReco R²: -5.6800 | NightHrsTrueNee vs NightHrsModelNee R²: -5.5100
Epoch 11500 | Train Loss: 0.042588 | Val Loss: 0.041666 | Train R²: -0.5058 | Val R²: -0.4411 | NightHrsTrueNEE vs NightHrsModelReco R²: -4.6100 | NightHrsTrueNee vs NightHrsModelNee R²: -4.4800
Epoch 12000 | Train Loss: 0.036547 | Val Loss: 0.035895 | Train R²: -0.2922 | Val R²: -0.2415 | NightHrsTrueNEE vs NightHrsModelReco R²: -3.7600 | NightHrsTrueNee vs NightHrsModelNee R²: -3.6600
Epoch 12500 | Train Loss: 0.032039 | Val Loss: 0.031607 | Train R²: -0.1328 | Val R²: -0.0932 | NightHrsTrueNEE vs NightHrsModelReco R²: -3.0800 | NightHrsTrueNee vs NightHrsModelNee R²: -2.9900
Epoch 13000 | Train Loss: 0.028656 | Val Loss: 0.028398 | Train R²: -0.0132 | Val R²: 0.0178 | NightHrsTrueNEE vs NightHrsModelReco R²: -2.5200 | NightHrsTrueNee vs NightHrsModelNee R²: -2.4500
Epoch 13500 | Train Loss: 0.026105 | Val Loss: 0.025975 | Train R²: 0.0770 | Val R²: 0.1016 | NightHrsTrueNEE vs NightHrsModelReco R²: -2.0900 | NightHrsTrueNee vs NightHrsModelNee R²: -2.0300
Epoch 14000 | Train Loss: 0.024194 | Val Loss: 0.024151 | Train R²: 0.1446 | Val R²: 0.1647 | NightHrsTrueNEE vs NightHrsModelReco R²: -1.7800 | NightHrsTrueNee vs NightHrsModelNee R²: -1.7300
Epoch 14500 | Train Loss: 0.022765 | Val Loss: 0.022780 | Train R²: 0.1951 | Val R²: 0.2121 | NightHrsTrueNEE vs NightHrsModelReco R²: -1.5500 | NightHrsTrueNee vs NightHrsModelNee R²: -1.5100
Epoch 15000 | Train Loss: 0.021660 | Val Loss: 0.021717 | Train R²: 0.2342 | Val R²: 0.2489 | NightHrsTrueNEE vs NightHrsModelReco R²: -1.3700 | NightHrsTrueNee vs NightHrsModelNee R²: -1.3400
Epoch 15500 | Train Loss: 0.020742 | Val Loss: 0.020828 | Train R²: 0.2666 | Val R²: 0.2796 | NightHrsTrueNEE vs NightHrsModelReco R²: -1.2300 | NightHrsTrueNee vs NightHrsModelNee R²: -1.2000
Epoch 16000 | Train Loss: 0.019887 | Val Loss: 0.019990 | Train R²: 0.2969 | Val R²: 0.3086 | NightHrsTrueNEE vs NightHrsModelReco R²: -1.1100 | NightHrsTrueNee vs NightHrsModelNee R²: -1.0900
Epoch 16500 | Train Loss: 0.018975 | Val Loss: 0.019083 | Train R²: 0.3291 | Val R²: 0.3400 | NightHrsTrueNEE vs NightHrsModelReco R²: -1.0200 | NightHrsTrueNee vs NightHrsModelNee R²: -1.0000
Epoch 17000 | Train Loss: 0.017869 | Val Loss: 0.017970 | Train R²: 0.3682 | Val R²: 0.3785 | NightHrsTrueNEE vs NightHrsModelReco R²: -0.9600 | NightHrsTrueNee vs NightHrsModelNee R²: -0.9400
Epoch 17500 | Train Loss: 0.016407 | Val Loss: 0.016484 | Train R²: 0.4199 | Val R²: 0.4299 | NightHrsTrueNEE vs NightHrsModelReco R²: -0.9100 | NightHrsTrueNee vs NightHrsModelNee R²: -0.8900
Epoch 18000 | Train Loss: 0.014470 | Val Loss: 0.014492 | Train R²: 0.4884 | Val R²: 0.4988 | NightHrsTrueNEE vs NightHrsModelReco R²: -0.8700 | NightHrsTrueNee vs NightHrsModelNee R²: -0.8500
Epoch 18500 | Train Loss: 0.012221 | Val Loss: 0.012172 | Train R²: 0.5679 | Val R²: 0.5790 | NightHrsTrueNEE vs NightHrsModelReco R²: -0.7500 | NightHrsTrueNee vs NightHrsModelNee R²: -0.7300
Epoch 19000 | Train Loss: 0.009981 | Val Loss: 0.009878 | Train R²: 0.6471 | Val R²: 0.6584 | NightHrsTrueNEE vs NightHrsModelReco R²: -0.4800 | NightHrsTrueNee vs NightHrsModelNee R²: -0.4600
Epoch 19500 | Train Loss: 0.008095 | Val Loss: 0.007965 | Train R²: 0.7138 | Val R²: 0.7245 | NightHrsTrueNEE vs NightHrsModelReco R²: -0.2200 | NightHrsTrueNee vs NightHrsModelNee R²: -0.2000
Epoch 20000 | Train Loss: 0.006717 | Val Loss: 0.006595 | Train R²: 0.7625 | Val R²: 0.7719 | NightHrsTrueNEE vs NightHrsModelReco R²: -0.0000 | NightHrsTrueNee vs NightHrsModelNee R²: 0.0100
Epoch 20500 | Train Loss: 0.005764 | Val Loss: 0.005663 | Train R²: 0.7962 | Val R²: 0.8041 | NightHrsTrueNEE vs NightHrsModelReco R²: 0.1500 | NightHrsTrueNee vs NightHrsModelNee R²: 0.1600
Epoch 21000 | Train Loss: 0.005090 | Val Loss: 0.005015 | Train R²: 0.8200 | Val R²: 0.8265 | NightHrsTrueNEE vs NightHrsModelReco R²: 0.2600 | NightHrsTrueNee vs NightHrsModelNee R²: 0.2600
Epoch 21500 | Train Loss: 0.004596 | Val Loss: 0.004537 | Train R²: 0.8375 | Val R²: 0.8431 | NightHrsTrueNEE vs NightHrsModelReco R²: 0.3400 | NightHrsTrueNee vs NightHrsModelNee R²: 0.3400
Epoch 22000 | Train Loss: 0.004198 | Val Loss: 0.004147 | Train R²: 0.8516 | Val R²: 0.8566 | NightHrsTrueNEE vs NightHrsModelReco R²: 0.4000 | NightHrsTrueNee vs NightHrsModelNee R²: 0.4000
Epoch 22500 | Train Loss: 0.003844 | Val Loss: 0.003807 | Train R²: 0.8641 | Val R²: 0.8683 | NightHrsTrueNEE vs NightHrsModelReco R²: 0.4500 | NightHrsTrueNee vs NightHrsModelNee R²: 0.4500
Epoch 23000 | Train Loss: 0.003529 | Val Loss: 0.003511 | Train R²: 0.8752 | Val R²: 0.8786 | NightHrsTrueNEE vs NightHrsModelReco R²: 0.4900 | NightHrsTrueNee vs NightHrsModelNee R²: 0.4900
Epoch 23500 | Train Loss: 0.003248 | Val Loss: 0.003234 | Train R²: 0.8852 | Val R²: 0.8881 | NightHrsTrueNEE vs NightHrsModelReco R²: 0.5300 | NightHrsTrueNee vs NightHrsModelNee R²: 0.5300
Epoch 24000 | Train Loss: 0.002969 | Val Loss: 0.002957 | Train R²: 0.8950 | Val R²: 0.8977 | NightHrsTrueNEE vs NightHrsModelReco R²: 0.5700 | NightHrsTrueNee vs NightHrsModelNee R²: 0.5700
Epoch 24500 | Train Loss: 0.002697 | Val Loss: 0.002688 | Train R²: 0.9046 | Val R²: 0.9070 | NightHrsTrueNEE vs NightHrsModelReco R²: 0.6000 | NightHrsTrueNee vs NightHrsModelNee R²: 0.6000
Epoch 25000 | Train Loss: 0.002444 | Val Loss: 0.002440 | Train R²: 0.9136 | Val R²: 0.9156 | NightHrsTrueNEE vs NightHrsModelReco R²: 0.6200 | NightHrsTrueNee vs NightHrsModelNee R²: 0.6300
Epoch 25500 | Train Loss: 0.002215 | Val Loss: 0.002219 | Train R²: 0.9217 | Val R²: 0.9233 | NightHrsTrueNEE vs NightHrsModelReco R²: 0.6500 | NightHrsTrueNee vs NightHrsModelNee R²: 0.6500
Epoch 26000 | Train Loss: 0.002015 | Val Loss: 0.002024 | Train R²: 0.9288 | Val R²: 0.9300 | NightHrsTrueNEE vs NightHrsModelReco R²: 0.6700 | NightHrsTrueNee vs NightHrsModelNee R²: 0.6700
Epoch 26500 | Train Loss: 0.001842 | Val Loss: 0.001850 | Train R²: 0.9349 | Val R²: 0.9360 | NightHrsTrueNEE vs NightHrsModelReco R²: 0.6900 | NightHrsTrueNee vs NightHrsModelNee R²: 0.6900
Epoch 27000 | Train Loss: 0.001709 | Val Loss: 0.001710 | Train R²: 0.9396 | Val R²: 0.9409 | NightHrsTrueNEE vs NightHrsModelReco R²: 0.7000 | NightHrsTrueNee vs NightHrsModelNee R²: 0.7000
Epoch 27500 | Train Loss: 0.001621 | Val Loss: 0.001615 | Train R²: 0.9427 | Val R²: 0.9442 | NightHrsTrueNEE vs NightHrsModelReco R²: 0.7200 | NightHrsTrueNee vs NightHrsModelNee R²: 0.7200
Epoch 28000 | Train Loss: 0.001557 | Val Loss: 0.001545 | Train R²: 0.9449 | Val R²: 0.9466 | NightHrsTrueNEE vs NightHrsModelReco R²: 0.7300 | NightHrsTrueNee vs NightHrsModelNee R²: 0.7300
Epoch 28500 | Train Loss: 0.001509 | Val Loss: 0.001491 | Train R²: 0.9467 | Val R²: 0.9484 | NightHrsTrueNEE vs NightHrsModelReco R²: 0.7400 | NightHrsTrueNee vs NightHrsModelNee R²: 0.7400
Epoch 29000 | Train Loss: 0.001468 | Val Loss: 0.001447 | Train R²: 0.9481 | Val R²: 0.9499 | NightHrsTrueNEE vs NightHrsModelReco R²: 0.7500 | NightHrsTrueNee vs NightHrsModelNee R²: 0.7500
Epoch 29500 | Train Loss: 0.001433 | Val Loss: 0.001409 | Train R²: 0.9493 | Val R²: 0.9513 | NightHrsTrueNEE vs NightHrsModelReco R²: 0.7500 | NightHrsTrueNee vs NightHrsModelNee R²: 0.7500
Epoch 30000 | Train Loss: 0.001398 | Val Loss: 0.001371 | Train R²: 0.9506 | Val R²: 0.9526 | NightHrsTrueNEE vs NightHrsModelReco R²: 0.7600 | NightHrsTrueNee vs NightHrsModelNee R²: 0.7600
Epoch 30500 | Train Loss: 0.001364 | Val Loss: 0.001335 | Train R²: 0.9518 | Val R²: 0.9538 | NightHrsTrueNEE vs NightHrsModelReco R²: 0.7600 | NightHrsTrueNee vs NightHrsModelNee R²: 0.7600
Early stopping at epoch 30832 due to flat/negative trend (slope=0.000002)
Epoch 30832 | Train Loss: 0.001345 | Val Loss: 0.001314 | Train R²: 0.9524 | Val R²: 0.9546
Unpickling models
Following models have been loaded and moved to cuda:
trained gpp model:
 SNN_GPP_Tram(
  (net): Sequential(
    (0): Linear(in_features=13, out_features=12, bias=True)
    (1): Tanh()
    (2): Linear(in_features=12, out_features=1, bias=True)
    (3): Sigmoid()
  )
), trained_reco_model:
 SNN_GPP_Tram(
  (net): Sequential(
    (0): Linear(in_features=13, out_features=12, bias=True)
    (1): Tanh()
    (2): Linear(in_features=12, out_features=1, bias=True)
    (3): Sigmoid()
  )
)
using full data set for visualization
Un-normalizing the GPP and RECO predictions using NEE min: tensor([-36.1705]), NEE max: tensor([35.8634])



Metrics for the Tramontana, with
GPP inputs: ['SW_IN', 'VPD', 'TA', 'WTD', 'WS', 'PotRad', 'PotRadHalfHourlyDiff', 'PotRadDailyAvg', 'PotRadDailyDiff', 'WD_COS', 'WD_SIN', 'GPP_PROX', 'Salinity']
RECO inputs: ['DOY_sin', 'DOY_cos', 'TA', 'TS_1', 'TS_2', 'TS_3', 'TS_4', 'WTD', 'WS', 'WD_COS', 'WD_SIN', 'NIGHTLY_NEE_AVG', 'Salinity']:
dt_gpp vs Tramontana_GPP R²=0.97 RMSE=1.26
nt_gpp vs Tramontana_GPP R²=0.95 RMSE=1.52
dt_reco vs Tramontana_RECO R²=0.79 RMSE=1.08
nt_reco vs Tramontana_RECO R²=0.87 RMSE=0.74
night_hours_true_nee vs Tramontana_night_hours_model_reco R²=0.75 RMSE=1.00
night_hours_true_nee vs Tramontana_night_hours_model_nee R²=0.75 RMSE=1.00
dt_gpp vs nt_gpp R²=0.95 RMSE=1.56
dt_reco vs nt_reco R²=0.85 RMSE=1.00

gpp_input_names,  ['SW_IN', 'VPD', 'TA', 'WTD', 'WS', 'PotRad', 'PotRadHalfHourlyDiff', 'PotRadDailyAvg', 'PotRadDailyDiff', 'WD_COS', 'WD_SIN', 'GPP_PROX', 'WTD_HalfHourlyDiff'] 
reco_input_names,  ['DOY_sin', 'DOY_cos', 'TA', 'TS_1', 'TS_2', 'TS_3', 'TS_4', 'WTD', 'WS', 'WD_COS', 'WD_SIN', 'NIGHTLY_NEE_AVG', 'WTD_HalfHourlyDiff'] 
true_nee_name,  ['NEE'] 

Tramontana Running on GPU With hidden layer size of 12 Total epochs: 100000 lr: 0.001 patience: 500 min_delta 0.01
SNN_GPP_Tram(
  (net): Sequential(
    (0): Linear(in_features=13, out_features=12, bias=True)
    (1): Tanh()
    (2): Linear(in_features=12, out_features=1, bias=True)
    (3): Sigmoid()
  )
)
SNN_RECO_Tram(
  (net): Sequential(
    (0): Linear(in_features=13, out_features=12, bias=True)
    (1): Tanh()
    (2): Linear(in_features=12, out_features=1, bias=True)
    (3): Sigmoid()
  )
)
Params are min slope: 2e-06, trend window: 100
Epoch     0 | Train Loss: 14637.334961 | Val Loss: 13914.265625 | Train R²: -517534.9375 | Val R²: -481255.9688 | NightHrsTrueNEE vs NightHrsModelReco R²: -40.7700 | NightHrsTrueNee vs NightHrsModelNee R²: -144.7900
Epoch   500 | Train Loss: 112.875771 | Val Loss: 107.974152 | Train R²: -3989.9766 | Val R²: -3733.5347 | NightHrsTrueNEE vs NightHrsModelReco R²: -227.7900 | NightHrsTrueNee vs NightHrsModelNee R²: -217.3300
Epoch  1000 | Train Loss: 32.554016 | Val Loss: 31.084366 | Train R²: -1150.0208 | Val R²: -1074.1244 | NightHrsTrueNEE vs NightHrsModelReco R²: -251.1900 | NightHrsTrueNee vs NightHrsModelNee R²: -240.4000
Epoch  1500 | Train Loss: 14.913383 | Val Loss: 14.230325 | Train R²: -526.2963 | Val R²: -491.1885 | NightHrsTrueNEE vs NightHrsModelReco R²: -258.3200 | NightHrsTrueNee vs NightHrsModelNee R²: -248.8100
Epoch  2000 | Train Loss: 8.307740 | Val Loss: 7.931498 | Train R²: -292.7389 | Val R²: -273.3291 | NightHrsTrueNEE vs NightHrsModelReco R²: -261.2900 | NightHrsTrueNee vs NightHrsModelNee R²: -252.9700
Epoch  2500 | Train Loss: 5.176177 | Val Loss: 4.950133 | Train R²: -182.0154 | Val R²: -170.2117 | NightHrsTrueNEE vs NightHrsModelReco R²: -262.2400 | NightHrsTrueNee vs NightHrsModelNee R²: -254.9100
Epoch  3000 | Train Loss: 3.480863 | Val Loss: 3.338205 | Train R²: -122.0738 | Val R²: -114.4595 | NightHrsTrueNEE vs NightHrsModelReco R²: -261.2500 | NightHrsTrueNee vs NightHrsModelNee R²: -254.7600
Epoch  3500 | Train Loss: 2.478849 | Val Loss: 2.386197 | Train R²: -86.6453 | Val R²: -81.5321 | NightHrsTrueNEE vs NightHrsModelReco R²: -255.8900 | NightHrsTrueNee vs NightHrsModelNee R²: -250.1300
Epoch  4000 | Train Loss: 1.818586 | Val Loss: 1.757334 | Train R²: -63.3002 | Val R²: -59.7814 | NightHrsTrueNEE vs NightHrsModelReco R²: -226.9400 | NightHrsTrueNee vs NightHrsModelNee R²: -222.0100
Epoch  4500 | Train Loss: 1.339648 | Val Loss: 1.297547 | Train R²: -46.3663 | Val R²: -43.8786 | NightHrsTrueNEE vs NightHrsModelReco R²: -167.5500 | NightHrsTrueNee vs NightHrsModelNee R²: -163.7200
Epoch  5000 | Train Loss: 0.988865 | Val Loss: 0.961022 | Train R²: -33.9635 | Val R²: -32.2392 | NightHrsTrueNEE vs NightHrsModelReco R²: -120.0400 | NightHrsTrueNee vs NightHrsModelNee R²: -117.1400
Epoch  5500 | Train Loss: 0.736063 | Val Loss: 0.717958 | Train R²: -25.0252 | Val R²: -23.8322 | NightHrsTrueNEE vs NightHrsModelReco R²: -89.8800 | NightHrsTrueNee vs NightHrsModelNee R²: -87.6500
Epoch  6000 | Train Loss: 0.553469 | Val Loss: 0.541262 | Train R²: -18.5691 | Val R²: -17.7208 | NightHrsTrueNEE vs NightHrsModelReco R²: -70.0700 | NightHrsTrueNee vs NightHrsModelNee R²: -68.3200
Epoch  6500 | Train Loss: 0.417773 | Val Loss: 0.409028 | Train R²: -13.7713 | Val R²: -13.1472 | NightHrsTrueNEE vs NightHrsModelReco R²: -53.5600 | NightHrsTrueNee vs NightHrsModelNee R²: -52.1800
Epoch  7000 | Train Loss: 0.316272 | Val Loss: 0.309596 | Train R²: -10.1825 | Val R²: -9.7081 | NightHrsTrueNEE vs NightHrsModelReco R²: -39.7200 | NightHrsTrueNee vs NightHrsModelNee R²: -38.6500
Epoch  7500 | Train Loss: 0.240918 | Val Loss: 0.235735 | Train R²: -7.5182 | Val R²: -7.1534 | NightHrsTrueNEE vs NightHrsModelReco R²: -29.5000 | NightHrsTrueNee vs NightHrsModelNee R²: -28.6600
Epoch  8000 | Train Loss: 0.185010 | Val Loss: 0.181048 | Train R²: -5.5414 | Val R²: -5.2620 | NightHrsTrueNEE vs NightHrsModelReco R²: -22.3900 | NightHrsTrueNee vs NightHrsModelNee R²: -21.7300
Epoch  8500 | Train Loss: 0.143358 | Val Loss: 0.140368 | Train R²: -4.0687 | Val R²: -3.8549 | NightHrsTrueNEE vs NightHrsModelReco R²: -17.3000 | NightHrsTrueNee vs NightHrsModelNee R²: -16.7700
Epoch  9000 | Train Loss: 0.112269 | Val Loss: 0.110036 | Train R²: -2.9695 | Val R²: -2.8058 | NightHrsTrueNEE vs NightHrsModelReco R²: -13.5400 | NightHrsTrueNee vs NightHrsModelNee R²: -13.1200
Epoch  9500 | Train Loss: 0.089076 | Val Loss: 0.087431 | Train R²: -2.1495 | Val R²: -2.0240 | NightHrsTrueNEE vs NightHrsModelReco R²: -10.7200 | NightHrsTrueNee vs NightHrsModelNee R²: -10.3900
Epoch 10000 | Train Loss: 0.071795 | Val Loss: 0.070608 | Train R²: -1.5385 | Val R²: -1.4422 | NightHrsTrueNEE vs NightHrsModelReco R²: -8.5800 | NightHrsTrueNee vs NightHrsModelNee R²: -8.3100
Epoch 10500 | Train Loss: 0.058929 | Val Loss: 0.058096 | Train R²: -1.0836 | Val R²: -1.0094 | NightHrsTrueNEE vs NightHrsModelReco R²: -6.9300 | NightHrsTrueNee vs NightHrsModelNee R²: -6.7200
Epoch 11000 | Train Loss: 0.049330 | Val Loss: 0.048771 | Train R²: -0.7442 | Val R²: -0.6868 | NightHrsTrueNEE vs NightHrsModelReco R²: -5.6300 | NightHrsTrueNee vs NightHrsModelNee R²: -5.4600
Epoch 11500 | Train Loss: 0.042127 | Val Loss: 0.041785 | Train R²: -0.4895 | Val R²: -0.4452 | NightHrsTrueNEE vs NightHrsModelReco R²: -4.5800 | NightHrsTrueNee vs NightHrsModelNee R²: -4.4500
Epoch 12000 | Train Loss: 0.036694 | Val Loss: 0.036523 | Train R²: -0.2974 | Val R²: -0.2632 | NightHrsTrueNEE vs NightHrsModelReco R²: -3.7000 | NightHrsTrueNee vs NightHrsModelNee R²: -3.5900
Epoch 12500 | Train Loss: 0.032619 | Val Loss: 0.032577 | Train R²: -0.1533 | Val R²: -0.1267 | NightHrsTrueNEE vs NightHrsModelReco R²: -2.9800 | NightHrsTrueNee vs NightHrsModelNee R²: -2.9000
Epoch 13000 | Train Loss: 0.029584 | Val Loss: 0.029635 | Train R²: -0.0460 | Val R²: -0.0250 | NightHrsTrueNEE vs NightHrsModelReco R²: -2.4400 | NightHrsTrueNee vs NightHrsModelNee R²: -2.3700
Epoch 13500 | Train Loss: 0.027294 | Val Loss: 0.027413 | Train R²: 0.0349 | Val R²: 0.0519 | NightHrsTrueNEE vs NightHrsModelReco R²: -2.0200 | NightHrsTrueNee vs NightHrsModelNee R²: -1.9700
Epoch 14000 | Train Loss: 0.025539 | Val Loss: 0.025705 | Train R²: 0.0970 | Val R²: 0.1109 | NightHrsTrueNEE vs NightHrsModelReco R²: -1.7000 | NightHrsTrueNee vs NightHrsModelNee R²: -1.6600
Epoch 14500 | Train Loss: 0.024190 | Val Loss: 0.024395 | Train R²: 0.1447 | Val R²: 0.1562 | NightHrsTrueNEE vs NightHrsModelReco R²: -1.4600 | NightHrsTrueNee vs NightHrsModelNee R²: -1.4200
Epoch 15000 | Train Loss: 0.023136 | Val Loss: 0.023372 | Train R²: 0.1820 | Val R²: 0.1916 | NightHrsTrueNEE vs NightHrsModelReco R²: -1.2700 | NightHrsTrueNee vs NightHrsModelNee R²: -1.2400
Epoch 15500 | Train Loss: 0.022248 | Val Loss: 0.022507 | Train R²: 0.2134 | Val R²: 0.2215 | NightHrsTrueNEE vs NightHrsModelReco R²: -1.1300 | NightHrsTrueNee vs NightHrsModelNee R²: -1.1000
Epoch 16000 | Train Loss: 0.021411 | Val Loss: 0.021682 | Train R²: 0.2430 | Val R²: 0.2501 | NightHrsTrueNEE vs NightHrsModelReco R²: -1.0200 | NightHrsTrueNee vs NightHrsModelNee R²: -1.0000
Epoch 16500 | Train Loss: 0.020496 | Val Loss: 0.020769 | Train R²: 0.2753 | Val R²: 0.2817 | NightHrsTrueNEE vs NightHrsModelReco R²: -0.9400 | NightHrsTrueNee vs NightHrsModelNee R²: -0.9200
Epoch 17000 | Train Loss: 0.019326 | Val Loss: 0.019582 | Train R²: 0.3167 | Val R²: 0.3227 | NightHrsTrueNEE vs NightHrsModelReco R²: -0.8800 | NightHrsTrueNee vs NightHrsModelNee R²: -0.8600
Epoch 17500 | Train Loss: 0.017629 | Val Loss: 0.017836 | Train R²: 0.3767 | Val R²: 0.3831 | NightHrsTrueNEE vs NightHrsModelReco R²: -0.8400 | NightHrsTrueNee vs NightHrsModelNee R²: -0.8200
Epoch 18000 | Train Loss: 0.015137 | Val Loss: 0.015259 | Train R²: 0.4648 | Val R²: 0.4722 | NightHrsTrueNEE vs NightHrsModelReco R²: -0.8000 | NightHrsTrueNee vs NightHrsModelNee R²: -0.7800
Epoch 18500 | Train Loss: 0.012055 | Val Loss: 0.012112 | Train R²: 0.5738 | Val R²: 0.5811 | NightHrsTrueNEE vs NightHrsModelReco R²: -0.6200 | NightHrsTrueNee vs NightHrsModelNee R²: -0.5900
Epoch 19000 | Train Loss: 0.009054 | Val Loss: 0.009051 | Train R²: 0.6799 | Val R²: 0.6870 | NightHrsTrueNEE vs NightHrsModelReco R²: -0.3000 | NightHrsTrueNee vs NightHrsModelNee R²: -0.2800
Epoch 19500 | Train Loss: 0.007047 | Val Loss: 0.007030 | Train R²: 0.7509 | Val R²: 0.7569 | NightHrsTrueNEE vs NightHrsModelReco R²: -0.0100 | NightHrsTrueNee vs NightHrsModelNee R²: 0.0100
Epoch 20000 | Train Loss: 0.005878 | Val Loss: 0.005857 | Train R²: 0.7922 | Val R²: 0.7974 | NightHrsTrueNEE vs NightHrsModelReco R²: 0.1800 | NightHrsTrueNee vs NightHrsModelNee R²: 0.1900
Epoch 20500 | Train Loss: 0.005148 | Val Loss: 0.005127 | Train R²: 0.8180 | Val R²: 0.8227 | NightHrsTrueNEE vs NightHrsModelReco R²: 0.2900 | NightHrsTrueNee vs NightHrsModelNee R²: 0.3000
Epoch 21000 | Train Loss: 0.004619 | Val Loss: 0.004602 | Train R²: 0.8367 | Val R²: 0.8408 | NightHrsTrueNEE vs NightHrsModelReco R²: 0.3700 | NightHrsTrueNee vs NightHrsModelNee R²: 0.3700
Epoch 21500 | Train Loss: 0.004199 | Val Loss: 0.004188 | Train R²: 0.8515 | Val R²: 0.8552 | NightHrsTrueNEE vs NightHrsModelReco R²: 0.4300 | NightHrsTrueNee vs NightHrsModelNee R²: 0.4300
Epoch 22000 | Train Loss: 0.003851 | Val Loss: 0.003837 | Train R²: 0.8638 | Val R²: 0.8673 | NightHrsTrueNEE vs NightHrsModelReco R²: 0.4700 | NightHrsTrueNee vs NightHrsModelNee R²: 0.4700
Epoch 22500 | Train Loss: 0.003551 | Val Loss: 0.003535 | Train R²: 0.8744 | Val R²: 0.8777 | NightHrsTrueNEE vs NightHrsModelReco R²: 0.5100 | NightHrsTrueNee vs NightHrsModelNee R²: 0.5100
Epoch 23000 | Train Loss: 0.003274 | Val Loss: 0.003259 | Train R²: 0.8842 | Val R²: 0.8873 | NightHrsTrueNEE vs NightHrsModelReco R²: 0.5400 | NightHrsTrueNee vs NightHrsModelNee R²: 0.5400
Epoch 23500 | Train Loss: 0.002997 | Val Loss: 0.002985 | Train R²: 0.8940 | Val R²: 0.8968 | NightHrsTrueNEE vs NightHrsModelReco R²: 0.5700 | NightHrsTrueNee vs NightHrsModelNee R²: 0.5700
Epoch 24000 | Train Loss: 0.002714 | Val Loss: 0.002703 | Train R²: 0.9041 | Val R²: 0.9065 | NightHrsTrueNEE vs NightHrsModelReco R²: 0.6000 | NightHrsTrueNee vs NightHrsModelNee R²: 0.6000
Epoch 24500 | Train Loss: 0.002434 | Val Loss: 0.002423 | Train R²: 0.9139 | Val R²: 0.9162 | NightHrsTrueNEE vs NightHrsModelReco R²: 0.6200 | NightHrsTrueNee vs NightHrsModelNee R²: 0.6200
Epoch 25000 | Train Loss: 0.002179 | Val Loss: 0.002164 | Train R²: 0.9230 | Val R²: 0.9251 | NightHrsTrueNEE vs NightHrsModelReco R²: 0.6500 | NightHrsTrueNee vs NightHrsModelNee R²: 0.6500
Epoch 25500 | Train Loss: 0.001983 | Val Loss: 0.001968 | Train R²: 0.9299 | Val R²: 0.9319 | NightHrsTrueNEE vs NightHrsModelReco R²: 0.6700 | NightHrsTrueNee vs NightHrsModelNee R²: 0.6700
Epoch 26000 | Train Loss: 0.001839 | Val Loss: 0.001825 | Train R²: 0.9350 | Val R²: 0.9369 | NightHrsTrueNEE vs NightHrsModelReco R²: 0.6900 | NightHrsTrueNee vs NightHrsModelNee R²: 0.6900
Epoch 26500 | Train Loss: 0.001724 | Val Loss: 0.001710 | Train R²: 0.9390 | Val R²: 0.9409 | NightHrsTrueNEE vs NightHrsModelReco R²: 0.7100 | NightHrsTrueNee vs NightHrsModelNee R²: 0.7100
Epoch 27000 | Train Loss: 0.001630 | Val Loss: 0.001617 | Train R²: 0.9424 | Val R²: 0.9441 | NightHrsTrueNEE vs NightHrsModelReco R²: 0.7300 | NightHrsTrueNee vs NightHrsModelNee R²: 0.7300
Epoch 27500 | Train Loss: 0.001555 | Val Loss: 0.001541 | Train R²: 0.9450 | Val R²: 0.9467 | NightHrsTrueNEE vs NightHrsModelReco R²: 0.7400 | NightHrsTrueNee vs NightHrsModelNee R²: 0.7400
Epoch 28000 | Train Loss: 0.001495 | Val Loss: 0.001481 | Train R²: 0.9471 | Val R²: 0.9488 | NightHrsTrueNEE vs NightHrsModelReco R²: 0.7500 | NightHrsTrueNee vs NightHrsModelNee R²: 0.7500
Epoch 28500 | Train Loss: 0.001447 | Val Loss: 0.001434 | Train R²: 0.9488 | Val R²: 0.9504 | NightHrsTrueNEE vs NightHrsModelReco R²: 0.7600 | NightHrsTrueNee vs NightHrsModelNee R²: 0.7600
Epoch 29000 | Train Loss: 0.001409 | Val Loss: 0.001395 | Train R²: 0.9502 | Val R²: 0.9517 | NightHrsTrueNEE vs NightHrsModelReco R²: 0.7600 | NightHrsTrueNee vs NightHrsModelNee R²: 0.7600
Epoch 29500 | Train Loss: 0.001378 | Val Loss: 0.001362 | Train R²: 0.9513 | Val R²: 0.9529 | NightHrsTrueNEE vs NightHrsModelReco R²: 0.7600 | NightHrsTrueNee vs NightHrsModelNee R²: 0.7600
Early stopping at epoch 29814 due to flat/negative trend (slope=0.000002)
Epoch 29814 | Train Loss: 0.001361 | Val Loss: 0.001344 | Train R²: 0.9519 | Val R²: 0.9535
Unpickling models
Following models have been loaded and moved to cuda:
trained gpp model:
 SNN_GPP_Tram(
  (net): Sequential(
    (0): Linear(in_features=13, out_features=12, bias=True)
    (1): Tanh()
    (2): Linear(in_features=12, out_features=1, bias=True)
    (3): Sigmoid()
  )
), trained_reco_model:
 SNN_GPP_Tram(
  (net): Sequential(
    (0): Linear(in_features=13, out_features=12, bias=True)
    (1): Tanh()
    (2): Linear(in_features=12, out_features=1, bias=True)
    (3): Sigmoid()
  )
)
using full data set for visualization
Un-normalizing the GPP and RECO predictions using NEE min: tensor([-36.1705]), NEE max: tensor([35.8634])



Metrics for the Tramontana, with
GPP inputs: ['SW_IN', 'VPD', 'TA', 'WTD', 'WS', 'PotRad', 'PotRadHalfHourlyDiff', 'PotRadDailyAvg', 'PotRadDailyDiff', 'WD_COS', 'WD_SIN', 'GPP_PROX', 'WTD_HalfHourlyDiff']
RECO inputs: ['DOY_sin', 'DOY_cos', 'TA', 'TS_1', 'TS_2', 'TS_3', 'TS_4', 'WTD', 'WS', 'WD_COS', 'WD_SIN', 'NIGHTLY_NEE_AVG', 'WTD_HalfHourlyDiff']:
dt_gpp vs Tramontana_GPP R²=0.97 RMSE=1.28
nt_gpp vs Tramontana_GPP R²=0.95 RMSE=1.55
dt_reco vs Tramontana_RECO R²=0.78 RMSE=1.08
nt_reco vs Tramontana_RECO R²=0.84 RMSE=0.80
night_hours_true_nee vs Tramontana_night_hours_model_reco R²=0.75 RMSE=1.00
night_hours_true_nee vs Tramontana_night_hours_model_nee R²=0.75 RMSE=1.00
dt_gpp vs nt_gpp R²=0.95 RMSE=1.56
dt_reco vs nt_reco R²=0.85 RMSE=1.00

gpp_input_names,  ['SW_IN', 'VPD', 'TA', 'WTD', 'WS', 'PotRad', 'PotRadHalfHourlyDiff', 'PotRadDailyAvg', 'PotRadDailyDiff', 'WD_COS', 'WD_SIN', 'GPP_PROX', 'Salinity', 'WTD_HalfHourlyDiff'] 
reco_input_names,  ['DOY_sin', 'DOY_cos', 'TA', 'TS_1', 'TS_2', 'TS_3', 'TS_4', 'WTD', 'WS', 'WD_COS', 'WD_SIN', 'NIGHTLY_NEE_AVG', 'Salinity', 'WTD_HalfHourlyDiff'] 
true_nee_name,  ['NEE'] 

Tramontana Running on GPU With hidden layer size of 12 Total epochs: 100000 lr: 0.001 patience: 500 min_delta 0.01
SNN_GPP_Tram(
  (net): Sequential(
    (0): Linear(in_features=14, out_features=12, bias=True)
    (1): Tanh()
    (2): Linear(in_features=12, out_features=1, bias=True)
    (3): Sigmoid()
  )
)
SNN_RECO_Tram(
  (net): Sequential(
    (0): Linear(in_features=14, out_features=12, bias=True)
    (1): Tanh()
    (2): Linear(in_features=12, out_features=1, bias=True)
    (3): Sigmoid()
  )
)
Params are min slope: 2e-06, trend window: 100
Epoch     0 | Train Loss: 18962.439453 | Val Loss: 18909.429688 | Train R²: -670458.7500 | Val R²: -654025.1250 | NightHrsTrueNEE vs NightHrsModelReco R²: -59.2000 | NightHrsTrueNee vs NightHrsModelNee R²: -203.5600
Epoch   500 | Train Loss: 113.372498 | Val Loss: 109.839249 | Train R²: -4007.5400 | Val R²: -3798.0435 | NightHrsTrueNEE vs NightHrsModelReco R²: -241.3300 | NightHrsTrueNee vs NightHrsModelNee R²: -229.6800
Epoch  1000 | Train Loss: 30.766855 | Val Loss: 29.674314 | Train R²: -1086.8315 | Val R²: -1025.3545 | NightHrsTrueNEE vs NightHrsModelReco R²: -257.5100 | NightHrsTrueNee vs NightHrsModelNee R²: -244.9900
Epoch  1500 | Train Loss: 13.736630 | Val Loss: 13.212955 | Train R²: -484.6896 | Val R²: -456.0005 | NightHrsTrueNEE vs NightHrsModelReco R²: -262.9700 | NightHrsTrueNee vs NightHrsModelNee R²: -251.7800
Epoch  2000 | Train Loss: 7.534234 | Val Loss: 7.235943 | Train R²: -265.3898 | Val R²: -249.2717 | NightHrsTrueNEE vs NightHrsModelReco R²: -265.6100 | NightHrsTrueNee vs NightHrsModelNee R²: -255.7100
Epoch  2500 | Train Loss: 4.641923 | Val Loss: 4.456234 | Train R²: -163.1256 | Val R²: -153.1291 | NightHrsTrueNEE vs NightHrsModelReco R²: -267.0200 | NightHrsTrueNee vs NightHrsModelNee R²: -258.2100
Epoch  3000 | Train Loss: 3.096059 | Val Loss: 2.974404 | Train R²: -108.4681 | Val R²: -101.8766 | NightHrsTrueNEE vs NightHrsModelReco R²: -267.6900 | NightHrsTrueNee vs NightHrsModelNee R²: -259.7900
Epoch  3500 | Train Loss: 2.197420 | Val Loss: 2.115254 | Train R²: -76.6947 | Val R²: -72.1609 | NightHrsTrueNEE vs NightHrsModelReco R²: -267.6900 | NightHrsTrueNee vs NightHrsModelNee R²: -260.5700
Epoch  4000 | Train Loss: 1.645341 | Val Loss: 1.588853 | Train R²: -57.1747 | Val R²: -53.9541 | NightHrsTrueNEE vs NightHrsModelReco R²: -266.7600 | NightHrsTrueNee vs NightHrsModelNee R²: -260.3300
Epoch  4500 | Train Loss: 1.291710 | Val Loss: 1.252450 | Train R²: -44.6713 | Val R²: -42.3189 | NightHrsTrueNEE vs NightHrsModelReco R²: -263.5200 | NightHrsTrueNee vs NightHrsModelNee R²: -257.7000
Epoch  5000 | Train Loss: 1.041489 | Val Loss: 1.013104 | Train R²: -35.8242 | Val R²: -34.0405 | NightHrsTrueNEE vs NightHrsModelReco R²: -242.9500 | NightHrsTrueNee vs NightHrsModelNee R²: -237.8800
Epoch  5500 | Train Loss: 0.759909 | Val Loss: 0.737687 | Train R²: -25.8683 | Val R²: -24.5146 | NightHrsTrueNEE vs NightHrsModelReco R²: -120.4100 | NightHrsTrueNee vs NightHrsModelNee R²: -117.4600
Epoch  6000 | Train Loss: 0.549546 | Val Loss: 0.533462 | Train R²: -18.4304 | Val R²: -17.4510 | NightHrsTrueNEE vs NightHrsModelReco R²: -81.7700 | NightHrsTrueNee vs NightHrsModelNee R²: -79.5000
Epoch  6500 | Train Loss: 0.405927 | Val Loss: 0.393560 | Train R²: -13.3525 | Val R²: -12.6122 | NightHrsTrueNEE vs NightHrsModelReco R²: -59.5800 | NightHrsTrueNee vs NightHrsModelNee R²: -57.7800
Epoch  7000 | Train Loss: 0.304870 | Val Loss: 0.295191 | Train R²: -9.7794 | Val R²: -9.2099 | NightHrsTrueNEE vs NightHrsModelReco R²: -44.0000 | NightHrsTrueNee vs NightHrsModelNee R²: -42.6000
Epoch  7500 | Train Loss: 0.230642 | Val Loss: 0.223069 | Train R²: -7.1549 | Val R²: -6.7154 | NightHrsTrueNEE vs NightHrsModelReco R²: -32.2200 | NightHrsTrueNee vs NightHrsModelNee R²: -31.1500
Epoch  8000 | Train Loss: 0.175680 | Val Loss: 0.169809 | Train R²: -5.2115 | Val R²: -4.8732 | NightHrsTrueNEE vs NightHrsModelReco R²: -23.9600 | NightHrsTrueNee vs NightHrsModelNee R²: -23.1300
Epoch  8500 | Train Loss: 0.134791 | Val Loss: 0.130228 | Train R²: -3.7658 | Val R²: -3.5042 | NightHrsTrueNEE vs NightHrsModelReco R²: -17.9800 | NightHrsTrueNee vs NightHrsModelNee R²: -17.3300
Epoch  9000 | Train Loss: 0.104473 | Val Loss: 0.100907 | Train R²: -2.6939 | Val R²: -2.4901 | NightHrsTrueNEE vs NightHrsModelReco R²: -13.6100 | NightHrsTrueNee vs NightHrsModelNee R²: -13.1000
Epoch  9500 | Train Loss: 0.082037 | Val Loss: 0.079248 | Train R²: -1.9006 | Val R²: -1.7410 | NightHrsTrueNEE vs NightHrsModelReco R²: -10.4300 | NightHrsTrueNee vs NightHrsModelNee R²: -10.0400
Epoch 10000 | Train Loss: 0.065414 | Val Loss: 0.063241 | Train R²: -1.3129 | Val R²: -1.1874 | NightHrsTrueNEE vs NightHrsModelReco R²: -8.1100 | NightHrsTrueNee vs NightHrsModelNee R²: -7.8100
Epoch 10500 | Train Loss: 0.053077 | Val Loss: 0.051392 | Train R²: -0.8766 | Val R²: -0.7775 | NightHrsTrueNEE vs NightHrsModelReco R²: -6.4000 | NightHrsTrueNee vs NightHrsModelNee R²: -6.1700
Epoch 11000 | Train Loss: 0.043903 | Val Loss: 0.042605 | Train R²: -0.5523 | Val R²: -0.4736 | NightHrsTrueNEE vs NightHrsModelReco R²: -5.1200 | NightHrsTrueNee vs NightHrsModelNee R²: -4.9400
Epoch 11500 | Train Loss: 0.037077 | Val Loss: 0.036086 | Train R²: -0.3110 | Val R²: -0.2481 | NightHrsTrueNEE vs NightHrsModelReco R²: -4.1400 | NightHrsTrueNee vs NightHrsModelNee R²: -3.9900
Epoch 12000 | Train Loss: 0.031967 | Val Loss: 0.031223 | Train R²: -0.1303 | Val R²: -0.0799 | NightHrsTrueNEE vs NightHrsModelReco R²: -3.3600 | NightHrsTrueNee vs NightHrsModelNee R²: -3.2400
Epoch 12500 | Train Loss: 0.028059 | Val Loss: 0.027511 | Train R²: 0.0079 | Val R²: 0.0485 | NightHrsTrueNEE vs NightHrsModelReco R²: -2.7000 | NightHrsTrueNee vs NightHrsModelNee R²: -2.6000
Epoch 13000 | Train Loss: 0.025146 | Val Loss: 0.024746 | Train R²: 0.1109 | Val R²: 0.1441 | NightHrsTrueNEE vs NightHrsModelReco R²: -2.2000 | NightHrsTrueNee vs NightHrsModelNee R²: -2.1300
Epoch 13500 | Train Loss: 0.023048 | Val Loss: 0.022757 | Train R²: 0.1851 | Val R²: 0.2129 | NightHrsTrueNEE vs NightHrsModelReco R²: -1.8500 | NightHrsTrueNee vs NightHrsModelNee R²: -1.7800
Epoch 14000 | Train Loss: 0.021489 | Val Loss: 0.021285 | Train R²: 0.2402 | Val R²: 0.2638 | NightHrsTrueNEE vs NightHrsModelReco R²: -1.5600 | NightHrsTrueNee vs NightHrsModelNee R²: -1.5000
Epoch 14500 | Train Loss: 0.020285 | Val Loss: 0.020150 | Train R²: 0.2828 | Val R²: 0.3031 | NightHrsTrueNEE vs NightHrsModelReco R²: -1.3200 | NightHrsTrueNee vs NightHrsModelNee R²: -1.2800
Epoch 15000 | Train Loss: 0.019304 | Val Loss: 0.019226 | Train R²: 0.3175 | Val R²: 0.3350 | NightHrsTrueNEE vs NightHrsModelReco R²: -1.1500 | NightHrsTrueNee vs NightHrsModelNee R²: -1.1100
Epoch 15500 | Train Loss: 0.018434 | Val Loss: 0.018400 | Train R²: 0.3482 | Val R²: 0.3636 | NightHrsTrueNEE vs NightHrsModelReco R²: -1.0200 | NightHrsTrueNee vs NightHrsModelNee R²: -0.9900
Epoch 16000 | Train Loss: 0.017569 | Val Loss: 0.017560 | Train R²: 0.3788 | Val R²: 0.3926 | NightHrsTrueNEE vs NightHrsModelReco R²: -0.9200 | NightHrsTrueNee vs NightHrsModelNee R²: -0.8900
Epoch 16500 | Train Loss: 0.016615 | Val Loss: 0.016610 | Train R²: 0.4126 | Val R²: 0.4255 | NightHrsTrueNEE vs NightHrsModelReco R²: -0.8400 | NightHrsTrueNee vs NightHrsModelNee R²: -0.8200
Epoch 17000 | Train Loss: 0.015494 | Val Loss: 0.015474 | Train R²: 0.4522 | Val R²: 0.4648 | NightHrsTrueNEE vs NightHrsModelReco R²: -0.7700 | NightHrsTrueNee vs NightHrsModelNee R²: -0.7500
Epoch 17500 | Train Loss: 0.014164 | Val Loss: 0.014114 | Train R²: 0.4992 | Val R²: 0.5118 | NightHrsTrueNEE vs NightHrsModelReco R²: -0.7000 | NightHrsTrueNee vs NightHrsModelNee R²: -0.6800
Epoch 18000 | Train Loss: 0.012614 | Val Loss: 0.012535 | Train R²: 0.5540 | Val R²: 0.5665 | NightHrsTrueNEE vs NightHrsModelReco R²: -0.5900 | NightHrsTrueNee vs NightHrsModelNee R²: -0.5700
Epoch 18500 | Train Loss: 0.010930 | Val Loss: 0.010833 | Train R²: 0.6135 | Val R²: 0.6253 | NightHrsTrueNEE vs NightHrsModelReco R²: -0.4400 | NightHrsTrueNee vs NightHrsModelNee R²: -0.4200
Epoch 19000 | Train Loss: 0.009311 | Val Loss: 0.009200 | Train R²: 0.6708 | Val R²: 0.6818 | NightHrsTrueNEE vs NightHrsModelReco R²: -0.2600 | NightHrsTrueNee vs NightHrsModelNee R²: -0.2500
Epoch 19500 | Train Loss: 0.007895 | Val Loss: 0.007772 | Train R²: 0.7209 | Val R²: 0.7312 | NightHrsTrueNEE vs NightHrsModelReco R²: -0.0900 | NightHrsTrueNee vs NightHrsModelNee R²: -0.0700
Epoch 20000 | Train Loss: 0.006741 | Val Loss: 0.006633 | Train R²: 0.7616 | Val R²: 0.7706 | NightHrsTrueNEE vs NightHrsModelReco R²: 0.0700 | NightHrsTrueNee vs NightHrsModelNee R²: 0.0800
Epoch 20500 | Train Loss: 0.005850 | Val Loss: 0.005756 | Train R²: 0.7932 | Val R²: 0.8009 | NightHrsTrueNEE vs NightHrsModelReco R²: 0.1900 | NightHrsTrueNee vs NightHrsModelNee R²: 0.2000
Epoch 21000 | Train Loss: 0.005156 | Val Loss: 0.005073 | Train R²: 0.8177 | Val R²: 0.8245 | NightHrsTrueNEE vs NightHrsModelReco R²: 0.2900 | NightHrsTrueNee vs NightHrsModelNee R²: 0.3000
Epoch 21500 | Train Loss: 0.004598 | Val Loss: 0.004527 | Train R²: 0.8374 | Val R²: 0.8434 | NightHrsTrueNEE vs NightHrsModelReco R²: 0.3700 | NightHrsTrueNee vs NightHrsModelNee R²: 0.3800
Epoch 22000 | Train Loss: 0.004131 | Val Loss: 0.004081 | Train R²: 0.8539 | Val R²: 0.8589 | NightHrsTrueNEE vs NightHrsModelReco R²: 0.4400 | NightHrsTrueNee vs NightHrsModelNee R²: 0.4400
Epoch 22500 | Train Loss: 0.003731 | Val Loss: 0.003702 | Train R²: 0.8681 | Val R²: 0.8719 | NightHrsTrueNEE vs NightHrsModelReco R²: 0.4900 | NightHrsTrueNee vs NightHrsModelNee R²: 0.4900
Epoch 23000 | Train Loss: 0.003398 | Val Loss: 0.003382 | Train R²: 0.8799 | Val R²: 0.8830 | NightHrsTrueNEE vs NightHrsModelReco R²: 0.5400 | NightHrsTrueNee vs NightHrsModelNee R²: 0.5400
Epoch 23500 | Train Loss: 0.003121 | Val Loss: 0.003111 | Train R²: 0.8896 | Val R²: 0.8924 | NightHrsTrueNEE vs NightHrsModelReco R²: 0.5800 | NightHrsTrueNee vs NightHrsModelNee R²: 0.5800
Epoch 24000 | Train Loss: 0.002876 | Val Loss: 0.002869 | Train R²: 0.8983 | Val R²: 0.9008 | NightHrsTrueNEE vs NightHrsModelReco R²: 0.6100 | NightHrsTrueNee vs NightHrsModelNee R²: 0.6100
Epoch 24500 | Train Loss: 0.002642 | Val Loss: 0.002641 | Train R²: 0.9066 | Val R²: 0.9087 | NightHrsTrueNEE vs NightHrsModelReco R²: 0.6400 | NightHrsTrueNee vs NightHrsModelNee R²: 0.6400
Epoch 25000 | Train Loss: 0.002403 | Val Loss: 0.002405 | Train R²: 0.9150 | Val R²: 0.9168 | NightHrsTrueNEE vs NightHrsModelReco R²: 0.6600 | NightHrsTrueNee vs NightHrsModelNee R²: 0.6600
Epoch 25500 | Train Loss: 0.002149 | Val Loss: 0.002155 | Train R²: 0.9240 | Val R²: 0.9255 | NightHrsTrueNEE vs NightHrsModelReco R²: 0.6800 | NightHrsTrueNee vs NightHrsModelNee R²: 0.6800
Epoch 26000 | Train Loss: 0.001907 | Val Loss: 0.001913 | Train R²: 0.9326 | Val R²: 0.9338 | NightHrsTrueNEE vs NightHrsModelReco R²: 0.7000 | NightHrsTrueNee vs NightHrsModelNee R²: 0.7000
Epoch 26500 | Train Loss: 0.001730 | Val Loss: 0.001732 | Train R²: 0.9388 | Val R²: 0.9401 | NightHrsTrueNEE vs NightHrsModelReco R²: 0.7100 | NightHrsTrueNee vs NightHrsModelNee R²: 0.7100
Epoch 27000 | Train Loss: 0.001626 | Val Loss: 0.001624 | Train R²: 0.9425 | Val R²: 0.9438 | NightHrsTrueNEE vs NightHrsModelReco R²: 0.7300 | NightHrsTrueNee vs NightHrsModelNee R²: 0.7300
Epoch 27500 | Train Loss: 0.001558 | Val Loss: 0.001551 | Train R²: 0.9449 | Val R²: 0.9463 | NightHrsTrueNEE vs NightHrsModelReco R²: 0.7400 | NightHrsTrueNee vs NightHrsModelNee R²: 0.7400
Epoch 28000 | Train Loss: 0.001502 | Val Loss: 0.001491 | Train R²: 0.9469 | Val R²: 0.9484 | NightHrsTrueNEE vs NightHrsModelReco R²: 0.7400 | NightHrsTrueNee vs NightHrsModelNee R²: 0.7400
Epoch 28500 | Train Loss: 0.001456 | Val Loss: 0.001439 | Train R²: 0.9485 | Val R²: 0.9502 | NightHrsTrueNEE vs NightHrsModelReco R²: 0.7500 | NightHrsTrueNee vs NightHrsModelNee R²: 0.7500
Epoch 29000 | Train Loss: 0.001418 | Val Loss: 0.001394 | Train R²: 0.9499 | Val R²: 0.9518 | NightHrsTrueNEE vs NightHrsModelReco R²: 0.7600 | NightHrsTrueNee vs NightHrsModelNee R²: 0.7600
Epoch 29500 | Train Loss: 0.001384 | Val Loss: 0.001356 | Train R²: 0.9511 | Val R²: 0.9531 | NightHrsTrueNEE vs NightHrsModelReco R²: 0.7600 | NightHrsTrueNee vs NightHrsModelNee R²: 0.7600
Epoch 30000 | Train Loss: 0.001355 | Val Loss: 0.001323 | Train R²: 0.9521 | Val R²: 0.9542 | NightHrsTrueNEE vs NightHrsModelReco R²: 0.7600 | NightHrsTrueNee vs NightHrsModelNee R²: 0.7600
Early stopping at epoch 30157 due to flat/negative trend (slope=0.000002)
Epoch 30157 | Train Loss: 0.001348 | Val Loss: 0.001315 | Train R²: 0.9523 | Val R²: 0.9545
Unpickling models
Following models have been loaded and moved to cuda:
trained gpp model:
 SNN_GPP_Tram(
  (net): Sequential(
    (0): Linear(in_features=14, out_features=12, bias=True)
    (1): Tanh()
    (2): Linear(in_features=12, out_features=1, bias=True)
    (3): Sigmoid()
  )
), trained_reco_model:
 SNN_GPP_Tram(
  (net): Sequential(
    (0): Linear(in_features=14, out_features=12, bias=True)
    (1): Tanh()
    (2): Linear(in_features=12, out_features=1, bias=True)
    (3): Sigmoid()
  )
)
using full data set for visualization
Un-normalizing the GPP and RECO predictions using NEE min: tensor([-36.1705]), NEE max: tensor([35.8634])



Metrics for the Tramontana, with
GPP inputs: ['SW_IN', 'VPD', 'TA', 'WTD', 'WS', 'PotRad', 'PotRadHalfHourlyDiff', 'PotRadDailyAvg', 'PotRadDailyDiff', 'WD_COS', 'WD_SIN', 'GPP_PROX', 'Salinity', 'WTD_HalfHourlyDiff']
RECO inputs: ['DOY_sin', 'DOY_cos', 'TA', 'TS_1', 'TS_2', 'TS_3', 'TS_4', 'WTD', 'WS', 'WD_COS', 'WD_SIN', 'NIGHTLY_NEE_AVG', 'Salinity', 'WTD_HalfHourlyDiff']:
dt_gpp vs Tramontana_GPP R²=0.97 RMSE=1.30
nt_gpp vs Tramontana_GPP R²=0.95 RMSE=1.53
dt_reco vs Tramontana_RECO R²=0.77 RMSE=1.12
nt_reco vs Tramontana_RECO R²=0.86 RMSE=0.77
night_hours_true_nee vs Tramontana_night_hours_model_reco R²=0.75 RMSE=1.00
night_hours_true_nee vs Tramontana_night_hours_model_nee R²=0.75 RMSE=1.00
dt_gpp vs nt_gpp R²=0.95 RMSE=1.56
dt_reco vs nt_reco R²=0.85 RMSE=1.00

gpp_input_names,  ['SW_IN', 'VPD', 'TA', 'WTD', 'WS', 'PotRad', 'PotRadHalfHourlyDiff', 'PotRadDailyAvg', 'PotRadDailyDiff', 'WD_COS', 'WD_SIN', 'GPP_PROX', 'Salinity', 'WTD_HalfHourlyDiff', 'WTD_DailyAvg', 'WTD_DailyDiff'] 
reco_input_names,  ['DOY_sin', 'DOY_cos', 'TA', 'TS_1', 'TS_2', 'TS_3', 'TS_4', 'WTD', 'WS', 'WD_COS', 'WD_SIN', 'NIGHTLY_NEE_AVG', 'Salinity', 'WTD_HalfHourlyDiff', 'WTD_DailyAvg', 'WTD_DailyDiff'] 
true_nee_name,  ['NEE'] 

Tramontana Running on GPU With hidden layer size of 12 Total epochs: 100000 lr: 0.001 patience: 500 min_delta 0.01
SNN_GPP_Tram(
  (net): Sequential(
    (0): Linear(in_features=16, out_features=12, bias=True)
    (1): Tanh()
    (2): Linear(in_features=12, out_features=1, bias=True)
    (3): Sigmoid()
  )
)
SNN_RECO_Tram(
  (net): Sequential(
    (0): Linear(in_features=16, out_features=12, bias=True)
    (1): Tanh()
    (2): Linear(in_features=12, out_features=1, bias=True)
    (3): Sigmoid()
  )
)
Params are min slope: 2e-06, trend window: 100
Epoch     0 | Train Loss: 17790.095703 | Val Loss: 17345.796875 | Train R²: -629007.8750 | Val R²: -599943.2500 | NightHrsTrueNEE vs NightHrsModelReco R²: -49.7900 | NightHrsTrueNee vs NightHrsModelNee R²: -169.2600
Epoch   500 | Train Loss: 121.980255 | Val Loss: 116.793938 | Train R²: -4311.8867 | Val R²: -4038.5867 | NightHrsTrueNEE vs NightHrsModelReco R²: -235.5900 | NightHrsTrueNee vs NightHrsModelNee R²: -224.5100
Epoch  1000 | Train Loss: 34.074223 | Val Loss: 32.427319 | Train R²: -1203.7709 | Val R²: -1120.5734 | NightHrsTrueNEE vs NightHrsModelReco R²: -256.4600 | NightHrsTrueNee vs NightHrsModelNee R²: -245.2500
Epoch  1500 | Train Loss: 15.362781 | Val Loss: 14.554574 | Train R²: -542.1857 | Val R²: -502.4035 | NightHrsTrueNEE vs NightHrsModelReco R²: -263.0200 | NightHrsTrueNee vs NightHrsModelNee R²: -253.2600
Epoch  2000 | Train Loss: 8.451338 | Val Loss: 7.980919 | Train R²: -297.8161 | Val R²: -275.0385 | NightHrsTrueNEE vs NightHrsModelReco R²: -266.0500 | NightHrsTrueNee vs NightHrsModelNee R²: -257.5700
Epoch  2500 | Train Loss: 5.202917 | Val Loss: 4.903575 | Train R²: -182.9609 | Val R²: -168.6014 | NightHrsTrueNEE vs NightHrsModelReco R²: -267.6300 | NightHrsTrueNee vs NightHrsModelNee R²: -260.2100
Epoch  3000 | Train Loss: 3.457383 | Val Loss: 3.256538 | Train R²: -121.2436 | Val R²: -111.6348 | NightHrsTrueNEE vs NightHrsModelReco R²: -268.3900 | NightHrsTrueNee vs NightHrsModelNee R²: -261.8400
Epoch  3500 | Train Loss: 2.438279 | Val Loss: 2.298910 | Train R²: -85.2109 | Val R²: -78.5131 | NightHrsTrueNEE vs NightHrsModelReco R²: -268.4600 | NightHrsTrueNee vs NightHrsModelNee R²: -262.6400
Epoch  4000 | Train Loss: 1.809767 | Val Loss: 1.710869 | Train R²: -62.9884 | Val R²: -58.1744 | NightHrsTrueNEE vs NightHrsModelReco R²: -267.5700 | NightHrsTrueNee vs NightHrsModelNee R²: -262.3800
Epoch  4500 | Train Loss: 1.405642 | Val Loss: 1.334220 | Train R²: -48.6996 | Val R²: -45.1471 | NightHrsTrueNEE vs NightHrsModelReco R²: -264.0200 | NightHrsTrueNee vs NightHrsModelNee R²: -259.3800
Epoch  5000 | Train Loss: 1.111307 | Val Loss: 1.056745 | Train R²: -38.2928 | Val R²: -35.5500 | NightHrsTrueNEE vs NightHrsModelReco R²: -232.3200 | NightHrsTrueNee vs NightHrsModelNee R²: -228.4200
Epoch  5500 | Train Loss: 0.826990 | Val Loss: 0.784583 | Train R²: -28.2401 | Val R²: -26.1366 | NightHrsTrueNEE vs NightHrsModelReco R²: -127.7900 | NightHrsTrueNee vs NightHrsModelNee R²: -125.4200
Epoch  6000 | Train Loss: 0.612772 | Val Loss: 0.581336 | Train R²: -20.6659 | Val R²: -19.1068 | NightHrsTrueNEE vs NightHrsModelReco R²: -91.7300 | NightHrsTrueNee vs NightHrsModelNee R²: -89.8700
Epoch  6500 | Train Loss: 0.446815 | Val Loss: 0.422550 | Train R²: -14.7982 | Val R²: -13.6149 | NightHrsTrueNEE vs NightHrsModelReco R²: -60.7000 | NightHrsTrueNee vs NightHrsModelNee R²: -59.3200
Epoch  7000 | Train Loss: 0.334114 | Val Loss: 0.315156 | Train R²: -10.8134 | Val R²: -9.9004 | NightHrsTrueNEE vs NightHrsModelReco R²: -43.3100 | NightHrsTrueNee vs NightHrsModelNee R²: -42.2500
Epoch  7500 | Train Loss: 0.251536 | Val Loss: 0.236786 | Train R²: -7.8936 | Val R²: -7.1898 | NightHrsTrueNEE vs NightHrsModelReco R²: -31.4800 | NightHrsTrueNee vs NightHrsModelNee R²: -30.6700
Epoch  8000 | Train Loss: 0.190728 | Val Loss: 0.179327 | Train R²: -5.7436 | Val R²: -5.2024 | NightHrsTrueNEE vs NightHrsModelReco R²: -23.4400 | NightHrsTrueNee vs NightHrsModelNee R²: -22.8100
Epoch  8500 | Train Loss: 0.145767 | Val Loss: 0.136997 | Train R²: -4.1539 | Val R²: -3.7384 | NightHrsTrueNEE vs NightHrsModelReco R²: -17.7400 | NightHrsTrueNee vs NightHrsModelNee R²: -17.2500
Epoch  9000 | Train Loss: 0.112413 | Val Loss: 0.105703 | Train R²: -2.9746 | Val R²: -2.6560 | NightHrsTrueNEE vs NightHrsModelReco R²: -13.6200 | NightHrsTrueNee vs NightHrsModelNee R²: -13.2300
Epoch  9500 | Train Loss: 0.087614 | Val Loss: 0.082522 | Train R²: -2.0978 | Val R²: -1.8542 | NightHrsTrueNEE vs NightHrsModelReco R²: -10.6100 | NightHrsTrueNee vs NightHrsModelNee R²: -10.3000
Epoch 10000 | Train Loss: 0.069181 | Val Loss: 0.065360 | Train R²: -1.4460 | Val R²: -1.2606 | NightHrsTrueNEE vs NightHrsModelReco R²: -8.3800 | NightHrsTrueNee vs NightHrsModelNee R²: -8.1300
Epoch 10500 | Train Loss: 0.055551 | Val Loss: 0.052697 | Train R²: -0.9641 | Val R²: -0.8226 | NightHrsTrueNEE vs NightHrsModelReco R²: -6.6900 | NightHrsTrueNee vs NightHrsModelNee R²: -6.4900
Epoch 11000 | Train Loss: 0.045534 | Val Loss: 0.043375 | Train R²: -0.6099 | Val R²: -0.5002 | NightHrsTrueNEE vs NightHrsModelReco R²: -5.3500 | NightHrsTrueNee vs NightHrsModelNee R²: -5.1900
Epoch 11500 | Train Loss: 0.038148 | Val Loss: 0.036502 | Train R²: -0.3488 | Val R²: -0.2625 | NightHrsTrueNEE vs NightHrsModelReco R²: -4.3200 | NightHrsTrueNee vs NightHrsModelNee R²: -4.1800
Epoch 12000 | Train Loss: 0.032671 | Val Loss: 0.031418 | Train R²: -0.1552 | Val R²: -0.0866 | NightHrsTrueNEE vs NightHrsModelReco R²: -3.5100 | NightHrsTrueNee vs NightHrsModelNee R²: -3.4100
Epoch 12500 | Train Loss: 0.028581 | Val Loss: 0.027624 | Train R²: -0.0105 | Val R²: 0.0445 | NightHrsTrueNEE vs NightHrsModelReco R²: -2.8900 | NightHrsTrueNee vs NightHrsModelNee R²: -2.8100
Epoch 13000 | Train Loss: 0.025502 | Val Loss: 0.024768 | Train R²: 0.0983 | Val R²: 0.1433 | NightHrsTrueNEE vs NightHrsModelReco R²: -2.4000 | NightHrsTrueNee vs NightHrsModelNee R²: -2.3400
Epoch 13500 | Train Loss: 0.023175 | Val Loss: 0.022617 | Train R²: 0.1806 | Val R²: 0.2178 | NightHrsTrueNEE vs NightHrsModelReco R²: -2.0100 | NightHrsTrueNee vs NightHrsModelNee R²: -1.9600
Epoch 14000 | Train Loss: 0.021408 | Val Loss: 0.020988 | Train R²: 0.2431 | Val R²: 0.2741 | NightHrsTrueNEE vs NightHrsModelReco R²: -1.7000 | NightHrsTrueNee vs NightHrsModelNee R²: -1.6600
Epoch 14500 | Train Loss: 0.020048 | Val Loss: 0.019733 | Train R²: 0.2912 | Val R²: 0.3175 | NightHrsTrueNEE vs NightHrsModelReco R²: -1.4500 | NightHrsTrueNee vs NightHrsModelNee R²: -1.4200
Epoch 15000 | Train Loss: 0.018942 | Val Loss: 0.018713 | Train R²: 0.3302 | Val R²: 0.3528 | NightHrsTrueNEE vs NightHrsModelReco R²: -1.2500 | NightHrsTrueNee vs NightHrsModelNee R²: -1.2200
Epoch 15500 | Train Loss: 0.017966 | Val Loss: 0.017807 | Train R²: 0.3648 | Val R²: 0.3841 | NightHrsTrueNEE vs NightHrsModelReco R²: -1.0800 | NightHrsTrueNee vs NightHrsModelNee R²: -1.0500
Epoch 16000 | Train Loss: 0.017026 | Val Loss: 0.016926 | Train R²: 0.3980 | Val R²: 0.4146 | NightHrsTrueNEE vs NightHrsModelReco R²: -0.9500 | NightHrsTrueNee vs NightHrsModelNee R²: -0.9200
Epoch 16500 | Train Loss: 0.016046 | Val Loss: 0.015987 | Train R²: 0.4327 | Val R²: 0.4471 | NightHrsTrueNEE vs NightHrsModelReco R²: -0.8400 | NightHrsTrueNee vs NightHrsModelNee R²: -0.8200
Epoch 17000 | Train Loss: 0.014948 | Val Loss: 0.014906 | Train R²: 0.4715 | Val R²: 0.4844 | NightHrsTrueNEE vs NightHrsModelReco R²: -0.7600 | NightHrsTrueNee vs NightHrsModelNee R²: -0.7400
Epoch 17500 | Train Loss: 0.013670 | Val Loss: 0.013623 | Train R²: 0.5167 | Val R²: 0.5288 | NightHrsTrueNEE vs NightHrsModelReco R²: -0.6900 | NightHrsTrueNee vs NightHrsModelNee R²: -0.6700
Epoch 18000 | Train Loss: 0.012183 | Val Loss: 0.012118 | Train R²: 0.5692 | Val R²: 0.5809 | NightHrsTrueNEE vs NightHrsModelReco R²: -0.5800 | NightHrsTrueNee vs NightHrsModelNee R²: -0.5700
Epoch 18500 | Train Loss: 0.010510 | Val Loss: 0.010432 | Train R²: 0.6284 | Val R²: 0.6392 | NightHrsTrueNEE vs NightHrsModelReco R²: -0.4400 | NightHrsTrueNee vs NightHrsModelNee R²: -0.4200
Epoch 19000 | Train Loss: 0.008740 | Val Loss: 0.008667 | Train R²: 0.6910 | Val R²: 0.7002 | NightHrsTrueNEE vs NightHrsModelReco R²: -0.2600 | NightHrsTrueNee vs NightHrsModelNee R²: -0.2500
Epoch 19500 | Train Loss: 0.007106 | Val Loss: 0.007059 | Train R²: 0.7488 | Val R²: 0.7558 | NightHrsTrueNEE vs NightHrsModelReco R²: -0.0700 | NightHrsTrueNee vs NightHrsModelNee R²: -0.0600
Epoch 20000 | Train Loss: 0.005739 | Val Loss: 0.005730 | Train R²: 0.7971 | Val R²: 0.8018 | NightHrsTrueNEE vs NightHrsModelReco R²: 0.0900 | NightHrsTrueNee vs NightHrsModelNee R²: 0.1000
Epoch 20500 | Train Loss: 0.004724 | Val Loss: 0.004725 | Train R²: 0.8330 | Val R²: 0.8366 | NightHrsTrueNEE vs NightHrsModelReco R²: 0.2300 | NightHrsTrueNee vs NightHrsModelNee R²: 0.2400
Epoch 21000 | Train Loss: 0.004035 | Val Loss: 0.004035 | Train R²: 0.8573 | Val R²: 0.8604 | NightHrsTrueNEE vs NightHrsModelReco R²: 0.3400 | NightHrsTrueNee vs NightHrsModelNee R²: 0.3400
Epoch 21500 | Train Loss: 0.003553 | Val Loss: 0.003544 | Train R²: 0.8744 | Val R²: 0.8774 | NightHrsTrueNEE vs NightHrsModelReco R²: 0.4200 | NightHrsTrueNee vs NightHrsModelNee R²: 0.4200
Epoch 22000 | Train Loss: 0.003199 | Val Loss: 0.003193 | Train R²: 0.8869 | Val R²: 0.8896 | NightHrsTrueNEE vs NightHrsModelReco R²: 0.4800 | NightHrsTrueNee vs NightHrsModelNee R²: 0.4800
Epoch 22500 | Train Loss: 0.002935 | Val Loss: 0.002938 | Train R²: 0.8962 | Val R²: 0.8984 | NightHrsTrueNEE vs NightHrsModelReco R²: 0.5300 | NightHrsTrueNee vs NightHrsModelNee R²: 0.5300
Epoch 23000 | Train Loss: 0.002719 | Val Loss: 0.002728 | Train R²: 0.9039 | Val R²: 0.9056 | NightHrsTrueNEE vs NightHrsModelReco R²: 0.5600 | NightHrsTrueNee vs NightHrsModelNee R²: 0.5700
Epoch 23500 | Train Loss: 0.002523 | Val Loss: 0.002535 | Train R²: 0.9108 | Val R²: 0.9123 | NightHrsTrueNEE vs NightHrsModelReco R²: 0.5900 | NightHrsTrueNee vs NightHrsModelNee R²: 0.5900
Epoch 24000 | Train Loss: 0.002341 | Val Loss: 0.002351 | Train R²: 0.9172 | Val R²: 0.9187 | NightHrsTrueNEE vs NightHrsModelReco R²: 0.6100 | NightHrsTrueNee vs NightHrsModelNee R²: 0.6200
Epoch 24500 | Train Loss: 0.002172 | Val Loss: 0.002180 | Train R²: 0.9232 | Val R²: 0.9246 | NightHrsTrueNEE vs NightHrsModelReco R²: 0.6400 | NightHrsTrueNee vs NightHrsModelNee R²: 0.6400
Epoch 25000 | Train Loss: 0.002022 | Val Loss: 0.002027 | Train R²: 0.9285 | Val R²: 0.9299 | NightHrsTrueNEE vs NightHrsModelReco R²: 0.6600 | NightHrsTrueNee vs NightHrsModelNee R²: 0.6600
Epoch 25500 | Train Loss: 0.001893 | Val Loss: 0.001896 | Train R²: 0.9331 | Val R²: 0.9344 | NightHrsTrueNEE vs NightHrsModelReco R²: 0.6800 | NightHrsTrueNee vs NightHrsModelNee R²: 0.6800
Epoch 26000 | Train Loss: 0.001785 | Val Loss: 0.001785 | Train R²: 0.9369 | Val R²: 0.9382 | NightHrsTrueNEE vs NightHrsModelReco R²: 0.7000 | NightHrsTrueNee vs NightHrsModelNee R²: 0.7000
Epoch 26500 | Train Loss: 0.001697 | Val Loss: 0.001695 | Train R²: 0.9400 | Val R²: 0.9414 | NightHrsTrueNEE vs NightHrsModelReco R²: 0.7100 | NightHrsTrueNee vs NightHrsModelNee R²: 0.7100
Epoch 27000 | Train Loss: 0.001622 | Val Loss: 0.001623 | Train R²: 0.9426 | Val R²: 0.9439 | NightHrsTrueNEE vs NightHrsModelReco R²: 0.7200 | NightHrsTrueNee vs NightHrsModelNee R²: 0.7200
Epoch 27500 | Train Loss: 0.001561 | Val Loss: 0.001563 | Train R²: 0.9448 | Val R²: 0.9459 | NightHrsTrueNEE vs NightHrsModelReco R²: 0.7300 | NightHrsTrueNee vs NightHrsModelNee R²: 0.7300
Epoch 28000 | Train Loss: 0.001513 | Val Loss: 0.001515 | Train R²: 0.9465 | Val R²: 0.9476 | NightHrsTrueNEE vs NightHrsModelReco R²: 0.7400 | NightHrsTrueNee vs NightHrsModelNee R²: 0.7400
Epoch 28500 | Train Loss: 0.001474 | Val Loss: 0.001474 | Train R²: 0.9479 | Val R²: 0.9490 | NightHrsTrueNEE vs NightHrsModelReco R²: 0.7400 | NightHrsTrueNee vs NightHrsModelNee R²: 0.7400
Epoch 29000 | Train Loss: 0.001440 | Val Loss: 0.001437 | Train R²: 0.9491 | Val R²: 0.9503 | NightHrsTrueNEE vs NightHrsModelReco R²: 0.7500 | NightHrsTrueNee vs NightHrsModelNee R²: 0.7500
Epoch 29500 | Train Loss: 0.001410 | Val Loss: 0.001405 | Train R²: 0.9502 | Val R²: 0.9514 | NightHrsTrueNEE vs NightHrsModelReco R²: 0.7500 | NightHrsTrueNee vs NightHrsModelNee R²: 0.7500
Epoch 30000 | Train Loss: 0.001381 | Val Loss: 0.001373 | Train R²: 0.9512 | Val R²: 0.9525 | NightHrsTrueNEE vs NightHrsModelReco R²: 0.7600 | NightHrsTrueNee vs NightHrsModelNee R²: 0.7600
Epoch 30500 | Train Loss: 0.001352 | Val Loss: 0.001342 | Train R²: 0.9522 | Val R²: 0.9536 | NightHrsTrueNEE vs NightHrsModelReco R²: 0.7600 | NightHrsTrueNee vs NightHrsModelNee R²: 0.7600
Epoch 31000 | Train Loss: 0.001322 | Val Loss: 0.001311 | Train R²: 0.9532 | Val R²: 0.9547 | NightHrsTrueNEE vs NightHrsModelReco R²: 0.7600 | NightHrsTrueNee vs NightHrsModelNee R²: 0.7600
Early stopping at epoch 31382 due to flat/negative trend (slope=0.000002)
Epoch 31382 | Train Loss: 0.001302 | Val Loss: 0.001287 | Train R²: 0.9540 | Val R²: 0.9555
Unpickling models
Following models have been loaded and moved to cuda:
trained gpp model:
 SNN_GPP_Tram(
  (net): Sequential(
    (0): Linear(in_features=16, out_features=12, bias=True)
    (1): Tanh()
    (2): Linear(in_features=12, out_features=1, bias=True)
    (3): Sigmoid()
  )
), trained_reco_model:
 SNN_GPP_Tram(
  (net): Sequential(
    (0): Linear(in_features=16, out_features=12, bias=True)
    (1): Tanh()
    (2): Linear(in_features=12, out_features=1, bias=True)
    (3): Sigmoid()
  )
)
using full data set for visualization
Un-normalizing the GPP and RECO predictions using NEE min: tensor([-36.1705]), NEE max: tensor([35.8634])



Metrics for the Tramontana, with
GPP inputs: ['SW_IN', 'VPD', 'TA', 'WTD', 'WS', 'PotRad', 'PotRadHalfHourlyDiff', 'PotRadDailyAvg', 'PotRadDailyDiff', 'WD_COS', 'WD_SIN', 'GPP_PROX', 'Salinity', 'WTD_HalfHourlyDiff', 'WTD_DailyAvg', 'WTD_DailyDiff']
RECO inputs: ['DOY_sin', 'DOY_cos', 'TA', 'TS_1', 'TS_2', 'TS_3', 'TS_4', 'WTD', 'WS', 'WD_COS', 'WD_SIN', 'NIGHTLY_NEE_AVG', 'Salinity', 'WTD_HalfHourlyDiff', 'WTD_DailyAvg', 'WTD_DailyDiff']:
dt_gpp vs Tramontana_GPP R²=0.97 RMSE=1.26
nt_gpp vs Tramontana_GPP R²=0.95 RMSE=1.51
dt_reco vs Tramontana_RECO R²=0.79 RMSE=1.08
nt_reco vs Tramontana_RECO R²=0.85 RMSE=0.78
night_hours_true_nee vs Tramontana_night_hours_model_reco R²=0.76 RMSE=1.00
night_hours_true_nee vs Tramontana_night_hours_model_nee R²=0.76 RMSE=1.00
dt_gpp vs nt_gpp R²=0.95 RMSE=1.56
dt_reco vs nt_reco R²=0.85 RMSE=1.00

gpp_input_names,  ['VPD', 'TA', 'WTD', 'WS', 'PotRad', 'PotRadHalfHourlyDiff', 'PotRadDailyAvg', 'PotRadDailyDiff', 'WD_COS', 'WD_SIN', 'GPP_PROX'] 
reco_input_names,  ['DOY_sin', 'DOY_cos', 'TA', 'TS_1', 'TS_2', 'TS_3', 'TS_4', 'WTD', 'WS', 'WD_COS', 'WD_SIN', 'NIGHTLY_NEE_AVG'] 
true_nee_name,  ['NEE'] 

Tramontana Running on GPU With hidden layer size of 12 Total epochs: 100000 lr: 0.001 patience: 500 min_delta 0.01
SNN_GPP_Tram(
  (net): Sequential(
    (0): Linear(in_features=11, out_features=12, bias=True)
    (1): Tanh()
    (2): Linear(in_features=12, out_features=1, bias=True)
    (3): Sigmoid()
  )
)
SNN_RECO_Tram(
  (net): Sequential(
    (0): Linear(in_features=12, out_features=12, bias=True)
    (1): Tanh()
    (2): Linear(in_features=12, out_features=1, bias=True)
    (3): Sigmoid()
  )
)
Params are min slope: 2e-06, trend window: 100
Epoch     0 | Train Loss: 16962.365234 | Val Loss: 16620.791016 | Train R²: -599741.6875 | Val R²: -574867.3125 | NightHrsTrueNEE vs NightHrsModelReco R²: -97.6600 | NightHrsTrueNee vs NightHrsModelNee R²: -207.5100
Epoch   500 | Train Loss: 181.861542 | Val Loss: 176.683655 | Train R²: -6429.1235 | Val R²: -6110.0107 | NightHrsTrueNEE vs NightHrsModelReco R²: -249.4700 | NightHrsTrueNee vs NightHrsModelNee R²: -238.6200
Epoch  1000 | Train Loss: 51.279339 | Val Loss: 49.577297 | Train R²: -1812.0966 | Val R²: -1713.7449 | NightHrsTrueNEE vs NightHrsModelReco R²: -261.6600 | NightHrsTrueNee vs NightHrsModelNee R²: -249.1500
Epoch  1500 | Train Loss: 22.891029 | Val Loss: 22.045004 | Train R²: -808.3639 | Val R²: -761.4772 | NightHrsTrueNEE vs NightHrsModelReco R²: -265.8700 | NightHrsTrueNee vs NightHrsModelNee R²: -254.6200
Epoch  2000 | Train Loss: 12.443757 | Val Loss: 11.950645 | Train R²: -438.9771 | Val R²: -412.3406 | NightHrsTrueNEE vs NightHrsModelReco R²: -267.9800 | NightHrsTrueNee vs NightHrsModelNee R²: -258.1100
Epoch  2500 | Train Loss: 7.558140 | Val Loss: 7.245709 | Train R²: -266.2351 | Val R²: -249.6096 | NightHrsTrueNEE vs NightHrsModelReco R²: -269.1900 | NightHrsTrueNee vs NightHrsModelNee R²: -260.5300
Epoch  3000 | Train Loss: 4.940742 | Val Loss: 4.732720 | Train R²: -173.6911 | Val R²: -162.6920 | NightHrsTrueNEE vs NightHrsModelReco R²: -269.8800 | NightHrsTrueNee vs NightHrsModelNee R²: -262.2400
Epoch  3500 | Train Loss: 3.413588 | Val Loss: 3.270703 | Train R²: -119.6951 | Val R²: -112.1248 | NightHrsTrueNEE vs NightHrsModelReco R²: -270.1900 | NightHrsTrueNee vs NightHrsModelNee R²: -263.4000
Epoch  4000 | Train Loss: 2.470736 | Val Loss: 2.370647 | Train R²: -86.3584 | Val R²: -80.9943 | NightHrsTrueNEE vs NightHrsModelReco R²: -270.0800 | NightHrsTrueNee vs NightHrsModelNee R²: -264.0300
Epoch  4500 | Train Loss: 1.865589 | Val Loss: 1.794633 | Train R²: -64.9621 | Val R²: -61.0715 | NightHrsTrueNEE vs NightHrsModelReco R²: -269.2900 | NightHrsTrueNee vs NightHrsModelNee R²: -263.8700
Epoch  5000 | Train Loss: 1.465117 | Val Loss: 1.414399 | Train R²: -50.8025 | Val R²: -47.9203 | NightHrsTrueNEE vs NightHrsModelReco R²: -266.4300 | NightHrsTrueNee vs NightHrsModelNee R²: -261.5700
Epoch  5500 | Train Loss: 1.167318 | Val Loss: 1.129025 | Train R²: -40.2732 | Val R²: -38.0499 | NightHrsTrueNEE vs NightHrsModelReco R²: -236.4200 | NightHrsTrueNee vs NightHrsModelNee R²: -232.3000
Epoch  6000 | Train Loss: 0.849267 | Val Loss: 0.820187 | Train R²: -29.0277 | Val R²: -27.3681 | NightHrsTrueNEE vs NightHrsModelReco R²: -120.4600 | NightHrsTrueNee vs NightHrsModelNee R²: -117.9900
Epoch  6500 | Train Loss: 0.618881 | Val Loss: 0.598591 | Train R²: -20.8819 | Val R²: -19.7036 | NightHrsTrueNEE vs NightHrsModelReco R²: -88.4300 | NightHrsTrueNee vs NightHrsModelNee R²: -86.4100
Epoch  7000 | Train Loss: 0.462939 | Val Loss: 0.447618 | Train R²: -15.3683 | Val R²: -14.4819 | NightHrsTrueNEE vs NightHrsModelReco R²: -63.8800 | NightHrsTrueNee vs NightHrsModelNee R²: -62.3400
Epoch  7500 | Train Loss: 0.349014 | Val Loss: 0.336611 | Train R²: -11.3402 | Val R²: -10.6425 | NightHrsTrueNEE vs NightHrsModelReco R²: -46.3000 | NightHrsTrueNee vs NightHrsModelNee R²: -45.1300
Epoch  8000 | Train Loss: 0.264465 | Val Loss: 0.254265 | Train R²: -8.3508 | Val R²: -7.7943 | NightHrsTrueNEE vs NightHrsModelReco R²: -33.6900 | NightHrsTrueNee vs NightHrsModelNee R²: -32.7900
Epoch  8500 | Train Loss: 0.201528 | Val Loss: 0.193294 | Train R²: -6.1255 | Val R²: -5.6855 | NightHrsTrueNEE vs NightHrsModelReco R²: -24.8400 | NightHrsTrueNee vs NightHrsModelNee R²: -24.1500
Epoch  9000 | Train Loss: 0.154421 | Val Loss: 0.147940 | Train R²: -4.4599 | Val R²: -4.1168 | NightHrsTrueNEE vs NightHrsModelReco R²: -18.5200 | NightHrsTrueNee vs NightHrsModelNee R²: -17.9900
Epoch  9500 | Train Loss: 0.119054 | Val Loss: 0.114028 | Train R²: -3.2094 | Val R²: -2.9439 | NightHrsTrueNEE vs NightHrsModelReco R²: -14.0500 | NightHrsTrueNee vs NightHrsModelNee R²: -13.6300
Epoch 10000 | Train Loss: 0.092588 | Val Loss: 0.088708 | Train R²: -2.2737 | Val R²: -2.0682 | NightHrsTrueNEE vs NightHrsModelReco R²: -10.7900 | NightHrsTrueNee vs NightHrsModelNee R²: -10.4700
Epoch 10500 | Train Loss: 0.072847 | Val Loss: 0.069889 | Train R²: -1.5757 | Val R²: -1.4173 | NightHrsTrueNEE vs NightHrsModelReco R²: -8.4100 | NightHrsTrueNee vs NightHrsModelNee R²: -8.1600
Epoch 11000 | Train Loss: 0.058164 | Val Loss: 0.055932 | Train R²: -1.0565 | Val R²: -0.9345 | NightHrsTrueNEE vs NightHrsModelReco R²: -6.6400 | NightHrsTrueNee vs NightHrsModelNee R²: -6.4400
Epoch 11500 | Train Loss: 0.047298 | Val Loss: 0.045605 | Train R²: -0.6723 | Val R²: -0.5773 | NightHrsTrueNEE vs NightHrsModelReco R²: -5.2800 | NightHrsTrueNee vs NightHrsModelNee R²: -5.1100
Epoch 12000 | Train Loss: 0.039262 | Val Loss: 0.037964 | Train R²: -0.3882 | Val R²: -0.3131 | NightHrsTrueNEE vs NightHrsModelReco R²: -4.2200 | NightHrsTrueNee vs NightHrsModelNee R²: -4.0800
Epoch 12500 | Train Loss: 0.033275 | Val Loss: 0.032275 | Train R²: -0.1765 | Val R²: -0.1163 | NightHrsTrueNEE vs NightHrsModelReco R²: -3.3800 | NightHrsTrueNee vs NightHrsModelNee R²: -3.2700
Epoch 13000 | Train Loss: 0.028813 | Val Loss: 0.028046 | Train R²: -0.0187 | Val R²: 0.0300 | NightHrsTrueNEE vs NightHrsModelReco R²: -2.7300 | NightHrsTrueNee vs NightHrsModelNee R²: -2.6400
Epoch 13500 | Train Loss: 0.025497 | Val Loss: 0.024907 | Train R²: 0.0985 | Val R²: 0.1385 | NightHrsTrueNEE vs NightHrsModelReco R²: -2.2300 | NightHrsTrueNee vs NightHrsModelNee R²: -2.1600
Epoch 14000 | Train Loss: 0.023020 | Val Loss: 0.022566 | Train R²: 0.1861 | Val R²: 0.2195 | NightHrsTrueNEE vs NightHrsModelReco R²: -1.8700 | NightHrsTrueNee vs NightHrsModelNee R²: -1.8100
Epoch 14500 | Train Loss: 0.021162 | Val Loss: 0.020823 | Train R²: 0.2518 | Val R²: 0.2798 | NightHrsTrueNEE vs NightHrsModelReco R²: -1.5800 | NightHrsTrueNee vs NightHrsModelNee R²: -1.5300
Epoch 15000 | Train Loss: 0.019739 | Val Loss: 0.019501 | Train R²: 0.3021 | Val R²: 0.3255 | NightHrsTrueNEE vs NightHrsModelReco R²: -1.3500 | NightHrsTrueNee vs NightHrsModelNee R²: -1.3200
Epoch 15500 | Train Loss: 0.018583 | Val Loss: 0.018429 | Train R²: 0.3429 | Val R²: 0.3626 | NightHrsTrueNEE vs NightHrsModelReco R²: -1.1700 | NightHrsTrueNee vs NightHrsModelNee R²: -1.1400
Epoch 16000 | Train Loss: 0.017555 | Val Loss: 0.017466 | Train R²: 0.3793 | Val R²: 0.3959 | NightHrsTrueNEE vs NightHrsModelReco R²: -1.0100 | NightHrsTrueNee vs NightHrsModelNee R²: -0.9900
Epoch 16500 | Train Loss: 0.016533 | Val Loss: 0.016490 | Train R²: 0.4154 | Val R²: 0.4296 | NightHrsTrueNEE vs NightHrsModelReco R²: -0.8900 | NightHrsTrueNee vs NightHrsModelNee R²: -0.8600
Epoch 17000 | Train Loss: 0.015407 | Val Loss: 0.015390 | Train R²: 0.4552 | Val R²: 0.4677 | NightHrsTrueNEE vs NightHrsModelReco R²: -0.7800 | NightHrsTrueNee vs NightHrsModelNee R²: -0.7600
Epoch 17500 | Train Loss: 0.014096 | Val Loss: 0.014081 | Train R²: 0.5016 | Val R²: 0.5130 | NightHrsTrueNEE vs NightHrsModelReco R²: -0.6700 | NightHrsTrueNee vs NightHrsModelNee R²: -0.6500
Epoch 18000 | Train Loss: 0.012592 | Val Loss: 0.012557 | Train R²: 0.5548 | Val R²: 0.5657 | NightHrsTrueNEE vs NightHrsModelReco R²: -0.5600 | NightHrsTrueNee vs NightHrsModelNee R²: -0.5400
Epoch 18500 | Train Loss: 0.010990 | Val Loss: 0.010928 | Train R²: 0.6114 | Val R²: 0.6220 | NightHrsTrueNEE vs NightHrsModelReco R²: -0.4300 | NightHrsTrueNee vs NightHrsModelNee R²: -0.4100
Epoch 19000 | Train Loss: 0.009440 | Val Loss: 0.009356 | Train R²: 0.6662 | Val R²: 0.6764 | NightHrsTrueNEE vs NightHrsModelReco R²: -0.2800 | NightHrsTrueNee vs NightHrsModelNee R²: -0.2700
Epoch 19500 | Train Loss: 0.008070 | Val Loss: 0.007970 | Train R²: 0.7147 | Val R²: 0.7243 | NightHrsTrueNEE vs NightHrsModelReco R²: -0.1300 | NightHrsTrueNee vs NightHrsModelNee R²: -0.1200
Epoch 20000 | Train Loss: 0.006937 | Val Loss: 0.006834 | Train R²: 0.7547 | Val R²: 0.7636 | NightHrsTrueNEE vs NightHrsModelReco R²: 0.0200 | NightHrsTrueNee vs NightHrsModelNee R²: 0.0300
Epoch 20500 | Train Loss: 0.006032 | Val Loss: 0.005943 | Train R²: 0.7867 | Val R²: 0.7945 | NightHrsTrueNEE vs NightHrsModelReco R²: 0.1500 | NightHrsTrueNee vs NightHrsModelNee R²: 0.1600
Epoch 21000 | Train Loss: 0.005295 | Val Loss: 0.005218 | Train R²: 0.8128 | Val R²: 0.8195 | NightHrsTrueNEE vs NightHrsModelReco R²: 0.2700 | NightHrsTrueNee vs NightHrsModelNee R²: 0.2700
Epoch 21500 | Train Loss: 0.004679 | Val Loss: 0.004612 | Train R²: 0.8346 | Val R²: 0.8405 | NightHrsTrueNEE vs NightHrsModelReco R²: 0.3600 | NightHrsTrueNee vs NightHrsModelNee R²: 0.3600
Epoch 22000 | Train Loss: 0.004213 | Val Loss: 0.004174 | Train R²: 0.8510 | Val R²: 0.8556 | NightHrsTrueNEE vs NightHrsModelReco R²: 0.4200 | NightHrsTrueNee vs NightHrsModelNee R²: 0.4200
Epoch 22500 | Train Loss: 0.003867 | Val Loss: 0.003845 | Train R²: 0.8633 | Val R²: 0.8670 | NightHrsTrueNEE vs NightHrsModelReco R²: 0.4700 | NightHrsTrueNee vs NightHrsModelNee R²: 0.4700
Epoch 23000 | Train Loss: 0.003606 | Val Loss: 0.003593 | Train R²: 0.8725 | Val R²: 0.8757 | NightHrsTrueNEE vs NightHrsModelReco R²: 0.5100 | NightHrsTrueNee vs NightHrsModelNee R²: 0.5100
Epoch 23500 | Train Loss: 0.003401 | Val Loss: 0.003393 | Train R²: 0.8798 | Val R²: 0.8826 | NightHrsTrueNEE vs NightHrsModelReco R²: 0.5400 | NightHrsTrueNee vs NightHrsModelNee R²: 0.5400
Epoch 24000 | Train Loss: 0.003230 | Val Loss: 0.003226 | Train R²: 0.8858 | Val R²: 0.8884 | NightHrsTrueNEE vs NightHrsModelReco R²: 0.5700 | NightHrsTrueNee vs NightHrsModelNee R²: 0.5700
Epoch 24500 | Train Loss: 0.003082 | Val Loss: 0.003079 | Train R²: 0.8910 | Val R²: 0.8935 | NightHrsTrueNEE vs NightHrsModelReco R²: 0.5900 | NightHrsTrueNee vs NightHrsModelNee R²: 0.5900
Epoch 25000 | Train Loss: 0.002952 | Val Loss: 0.002948 | Train R²: 0.8956 | Val R²: 0.8980 | NightHrsTrueNEE vs NightHrsModelReco R²: 0.6200 | NightHrsTrueNee vs NightHrsModelNee R²: 0.6100
Epoch 25500 | Train Loss: 0.002838 | Val Loss: 0.002832 | Train R²: 0.8996 | Val R²: 0.9021 | NightHrsTrueNEE vs NightHrsModelReco R²: 0.6300 | NightHrsTrueNee vs NightHrsModelNee R²: 0.6300
Epoch 26000 | Train Loss: 0.002737 | Val Loss: 0.002727 | Train R²: 0.9032 | Val R²: 0.9057 | NightHrsTrueNEE vs NightHrsModelReco R²: 0.6500 | NightHrsTrueNee vs NightHrsModelNee R²: 0.6500
Epoch 26500 | Train Loss: 0.002646 | Val Loss: 0.002631 | Train R²: 0.9064 | Val R²: 0.9090 | NightHrsTrueNEE vs NightHrsModelReco R²: 0.6600 | NightHrsTrueNee vs NightHrsModelNee R²: 0.6600
Epoch 27000 | Train Loss: 0.002562 | Val Loss: 0.002544 | Train R²: 0.9094 | Val R²: 0.9120 | NightHrsTrueNEE vs NightHrsModelReco R²: 0.6700 | NightHrsTrueNee vs NightHrsModelNee R²: 0.6700
Epoch 27500 | Train Loss: 0.002484 | Val Loss: 0.002465 | Train R²: 0.9122 | Val R²: 0.9147 | NightHrsTrueNEE vs NightHrsModelReco R²: 0.6800 | NightHrsTrueNee vs NightHrsModelNee R²: 0.6800
Epoch 28000 | Train Loss: 0.002415 | Val Loss: 0.002397 | Train R²: 0.9146 | Val R²: 0.9171 | NightHrsTrueNEE vs NightHrsModelReco R²: 0.6900 | NightHrsTrueNee vs NightHrsModelNee R²: 0.6900
Epoch 28500 | Train Loss: 0.002353 | Val Loss: 0.002339 | Train R²: 0.9168 | Val R²: 0.9191 | NightHrsTrueNEE vs NightHrsModelReco R²: 0.7000 | NightHrsTrueNee vs NightHrsModelNee R²: 0.7000
Epoch 29000 | Train Loss: 0.002297 | Val Loss: 0.002287 | Train R²: 0.9188 | Val R²: 0.9209 | NightHrsTrueNEE vs NightHrsModelReco R²: 0.7100 | NightHrsTrueNee vs NightHrsModelNee R²: 0.7100
Epoch 29500 | Train Loss: 0.002247 | Val Loss: 0.002238 | Train R²: 0.9205 | Val R²: 0.9226 | NightHrsTrueNEE vs NightHrsModelReco R²: 0.7100 | NightHrsTrueNee vs NightHrsModelNee R²: 0.7100
Epoch 30000 | Train Loss: 0.002201 | Val Loss: 0.002193 | Train R²: 0.9222 | Val R²: 0.9241 | NightHrsTrueNEE vs NightHrsModelReco R²: 0.7200 | NightHrsTrueNee vs NightHrsModelNee R²: 0.7200
Epoch 30500 | Train Loss: 0.002160 | Val Loss: 0.002160 | Train R²: 0.9236 | Val R²: 0.9253 | NightHrsTrueNEE vs NightHrsModelReco R²: 0.7200 | NightHrsTrueNee vs NightHrsModelNee R²: 0.7200
Early stopping at epoch 30508 due to flat/negative trend (slope=0.000002)
Epoch 30508 | Train Loss: 0.002159 | Val Loss: 0.002159 | Train R²: 0.9236 | Val R²: 0.9253
Unpickling models
Following models have been loaded and moved to cuda:
trained gpp model:
 SNN_GPP_Tram(
  (net): Sequential(
    (0): Linear(in_features=11, out_features=12, bias=True)
    (1): Tanh()
    (2): Linear(in_features=12, out_features=1, bias=True)
    (3): Sigmoid()
  )
), trained_reco_model:
 SNN_GPP_Tram(
  (net): Sequential(
    (0): Linear(in_features=12, out_features=12, bias=True)
    (1): Tanh()
    (2): Linear(in_features=12, out_features=1, bias=True)
    (3): Sigmoid()
  )
)
using full data set for visualization
Un-normalizing the GPP and RECO predictions using NEE min: tensor([-36.1705]), NEE max: tensor([35.8634])



Metrics for the Tramontana, with
GPP inputs: ['VPD', 'TA', 'WTD', 'WS', 'PotRad', 'PotRadHalfHourlyDiff', 'PotRadDailyAvg', 'PotRadDailyDiff', 'WD_COS', 'WD_SIN', 'GPP_PROX']
RECO inputs: ['DOY_sin', 'DOY_cos', 'TA', 'TS_1', 'TS_2', 'TS_3', 'TS_4', 'WTD', 'WS', 'WD_COS', 'WD_SIN', 'NIGHTLY_NEE_AVG']:
dt_gpp vs Tramontana_GPP R²=0.92 RMSE=2.08
nt_gpp vs Tramontana_GPP R²=0.90 RMSE=2.20
dt_reco vs Tramontana_RECO R²=0.41 RMSE=1.80
nt_reco vs Tramontana_RECO R²=0.53 RMSE=1.40
night_hours_true_nee vs Tramontana_night_hours_model_reco R²=0.71 RMSE=1.09
night_hours_true_nee vs Tramontana_night_hours_model_nee R²=0.71 RMSE=1.09
dt_gpp vs nt_gpp R²=0.95 RMSE=1.56
dt_reco vs nt_reco R²=0.85 RMSE=1.00

gpp_input_names,  ['SW_IN', 'TA', 'WTD', 'WS', 'PotRad', 'PotRadHalfHourlyDiff', 'PotRadDailyAvg', 'PotRadDailyDiff', 'WD_COS', 'WD_SIN', 'GPP_PROX'] 
reco_input_names,  ['DOY_sin', 'DOY_cos', 'TA', 'TS_1', 'TS_2', 'TS_3', 'TS_4', 'WTD', 'WS', 'WD_COS', 'WD_SIN', 'NIGHTLY_NEE_AVG'] 
true_nee_name,  ['NEE'] 

Tramontana Running on GPU With hidden layer size of 12 Total epochs: 100000 lr: 0.001 patience: 500 min_delta 0.01
SNN_GPP_Tram(
  (net): Sequential(
    (0): Linear(in_features=11, out_features=12, bias=True)
    (1): Tanh()
    (2): Linear(in_features=12, out_features=1, bias=True)
    (3): Sigmoid()
  )
)
SNN_RECO_Tram(
  (net): Sequential(
    (0): Linear(in_features=12, out_features=12, bias=True)
    (1): Tanh()
    (2): Linear(in_features=12, out_features=1, bias=True)
    (3): Sigmoid()
  )
)
Params are min slope: 2e-06, trend window: 100
Epoch     0 | Train Loss: 15120.402344 | Val Loss: 14756.375977 | Train R²: -534614.9375 | Val R²: -510382.3438 | NightHrsTrueNEE vs NightHrsModelReco R²: -97.6600 | NightHrsTrueNee vs NightHrsModelNee R²: -208.9800
Epoch   500 | Train Loss: 162.051987 | Val Loss: 158.556656 | Train R²: -5728.7129 | Val R²: -5483.0469 | NightHrsTrueNEE vs NightHrsModelReco R²: -250.0000 | NightHrsTrueNee vs NightHrsModelNee R²: -239.0300
Epoch  1000 | Train Loss: 45.845680 | Val Loss: 44.771511 | Train R²: -1619.9773 | Val R²: -1547.5256 | NightHrsTrueNEE vs NightHrsModelReco R²: -262.1600 | NightHrsTrueNee vs NightHrsModelNee R²: -248.8600
Epoch  1500 | Train Loss: 20.457510 | Val Loss: 19.937536 | Train R²: -722.3214 | Val R²: -688.5856 | NightHrsTrueNEE vs NightHrsModelReco R²: -266.3200 | NightHrsTrueNee vs NightHrsModelNee R²: -254.1400
Epoch  2000 | Train Loss: 11.101068 | Val Loss: 10.802976 | Train R²: -391.5033 | Val R²: -372.6458 | NightHrsTrueNEE vs NightHrsModelReco R²: -268.4100 | NightHrsTrueNee vs NightHrsModelNee R²: -257.6000
Epoch  2500 | Train Loss: 6.727351 | Val Loss: 6.541255 | Train R²: -236.8606 | Val R²: -225.2443 | NightHrsTrueNEE vs NightHrsModelReco R²: -269.6000 | NightHrsTrueNee vs NightHrsModelNee R²: -260.0300
Epoch  3000 | Train Loss: 4.388090 | Val Loss: 4.266156 | Train R²: -154.1508 | Val R²: -146.5548 | NightHrsTrueNEE vs NightHrsModelReco R²: -270.3100 | NightHrsTrueNee vs NightHrsModelNee R²: -261.7900
Epoch  3500 | Train Loss: 3.026933 | Val Loss: 2.944767 | Train R²: -106.0240 | Val R²: -100.8515 | NightHrsTrueNEE vs NightHrsModelReco R²: -270.6500 | NightHrsTrueNee vs NightHrsModelNee R²: -263.0300
Epoch  4000 | Train Loss: 2.189767 | Val Loss: 2.133568 | Train R²: -76.4241 | Val R²: -72.7944 | NightHrsTrueNEE vs NightHrsModelReco R²: -270.6300 | NightHrsTrueNee vs NightHrsModelNee R²: -263.7900
Epoch  4500 | Train Loss: 1.655192 | Val Loss: 1.616554 | Train R²: -57.5231 | Val R²: -54.9122 | NightHrsTrueNEE vs NightHrsModelReco R²: -270.0400 | NightHrsTrueNee vs NightHrsModelNee R²: -263.8700
Epoch  5000 | Train Loss: 1.304050 | Val Loss: 1.277506 | Train R²: -45.1076 | Val R²: -43.1855 | NightHrsTrueNEE vs NightHrsModelReco R²: -267.8900 | NightHrsTrueNee vs NightHrsModelNee R²: -262.3200
Epoch  5500 | Train Loss: 1.052390 | Val Loss: 1.033127 | Train R²: -36.2096 | Val R²: -34.7331 | NightHrsTrueNEE vs NightHrsModelReco R²: -248.4500 | NightHrsTrueNee vs NightHrsModelNee R²: -243.5800
Epoch  6000 | Train Loss: 0.766632 | Val Loss: 0.752024 | Train R²: -26.1060 | Val R²: -25.0105 | NightHrsTrueNEE vs NightHrsModelReco R²: -127.5800 | NightHrsTrueNee vs NightHrsModelNee R²: -124.6400
Epoch  6500 | Train Loss: 0.569912 | Val Loss: 0.560428 | Train R²: -19.1505 | Val R²: -18.3837 | NightHrsTrueNEE vs NightHrsModelReco R²: -97.1500 | NightHrsTrueNee vs NightHrsModelNee R²: -94.7200
Epoch  7000 | Train Loss: 0.424170 | Val Loss: 0.417445 | Train R²: -13.9975 | Val R²: -13.4383 | NightHrsTrueNEE vs NightHrsModelReco R²: -69.0700 | NightHrsTrueNee vs NightHrsModelNee R²: -67.2000
Epoch  7500 | Train Loss: 0.319524 | Val Loss: 0.313822 | Train R²: -10.2975 | Val R²: -9.8542 | NightHrsTrueNEE vs NightHrsModelReco R²: -49.4700 | NightHrsTrueNee vs NightHrsModelNee R²: -48.0500
Epoch  8000 | Train Loss: 0.241722 | Val Loss: 0.236725 | Train R²: -7.5466 | Val R²: -7.1877 | NightHrsTrueNEE vs NightHrsModelReco R²: -35.6500 | NightHrsTrueNee vs NightHrsModelNee R²: -34.5600
Epoch  8500 | Train Loss: 0.183851 | Val Loss: 0.179686 | Train R²: -5.5005 | Val R²: -5.2148 | NightHrsTrueNEE vs NightHrsModelReco R²: -26.2800 | NightHrsTrueNee vs NightHrsModelNee R²: -25.4400
Epoch  9000 | Train Loss: 0.140554 | Val Loss: 0.137245 | Train R²: -3.9696 | Val R²: -3.7469 | NightHrsTrueNEE vs NightHrsModelReco R²: -19.6100 | NightHrsTrueNee vs NightHrsModelNee R²: -18.9600
Epoch  9500 | Train Loss: 0.108099 | Val Loss: 0.105530 | Train R²: -2.8221 | Val R²: -2.6500 | NightHrsTrueNEE vs NightHrsModelReco R²: -14.8200 | NightHrsTrueNee vs NightHrsModelNee R²: -14.3100
Epoch 10000 | Train Loss: 0.083887 | Val Loss: 0.081908 | Train R²: -1.9660 | Val R²: -1.8330 | NightHrsTrueNEE vs NightHrsModelReco R²: -11.3300 | NightHrsTrueNee vs NightHrsModelNee R²: -10.9200
Epoch 10500 | Train Loss: 0.065887 | Val Loss: 0.064390 | Train R²: -1.3296 | Val R²: -1.2271 | NightHrsTrueNEE vs NightHrsModelReco R²: -8.7800 | NightHrsTrueNee vs NightHrsModelNee R²: -8.4600
Epoch 11000 | Train Loss: 0.052536 | Val Loss: 0.051419 | Train R²: -0.8575 | Val R²: -0.7784 | NightHrsTrueNEE vs NightHrsModelReco R²: -6.9000 | NightHrsTrueNee vs NightHrsModelNee R²: -6.6500
Epoch 11500 | Train Loss: 0.042691 | Val Loss: 0.041837 | Train R²: -0.5094 | Val R²: -0.4470 | NightHrsTrueNEE vs NightHrsModelReco R²: -5.4800 | NightHrsTrueNee vs NightHrsModelNee R²: -5.2800
Epoch 12000 | Train Loss: 0.035430 | Val Loss: 0.034789 | Train R²: -0.2527 | Val R²: -0.2033 | NightHrsTrueNEE vs NightHrsModelReco R²: -4.3800 | NightHrsTrueNee vs NightHrsModelNee R²: -4.2100
Epoch 12500 | Train Loss: 0.030077 | Val Loss: 0.029599 | Train R²: -0.0635 | Val R²: -0.0237 | NightHrsTrueNEE vs NightHrsModelReco R²: -3.5100 | NightHrsTrueNee vs NightHrsModelNee R²: -3.3800
Epoch 13000 | Train Loss: 0.026113 | Val Loss: 0.025751 | Train R²: 0.0767 | Val R²: 0.1093 | NightHrsTrueNEE vs NightHrsModelReco R²: -2.8600 | NightHrsTrueNee vs NightHrsModelNee R²: -2.7500
Epoch 13500 | Train Loss: 0.023175 | Val Loss: 0.022900 | Train R²: 0.1806 | Val R²: 0.2079 | NightHrsTrueNEE vs NightHrsModelReco R²: -2.3500 | NightHrsTrueNee vs NightHrsModelNee R²: -2.2600
Epoch 14000 | Train Loss: 0.020995 | Val Loss: 0.020792 | Train R²: 0.2577 | Val R²: 0.2809 | NightHrsTrueNEE vs NightHrsModelReco R²: -1.9600 | NightHrsTrueNee vs NightHrsModelNee R²: -1.8900
Epoch 14500 | Train Loss: 0.019345 | Val Loss: 0.019204 | Train R²: 0.3160 | Val R²: 0.3358 | NightHrsTrueNEE vs NightHrsModelReco R²: -1.6600 | NightHrsTrueNee vs NightHrsModelNee R²: -1.6000
Epoch 15000 | Train Loss: 0.018048 | Val Loss: 0.017959 | Train R²: 0.3619 | Val R²: 0.3788 | NightHrsTrueNEE vs NightHrsModelReco R²: -1.4100 | NightHrsTrueNee vs NightHrsModelNee R²: -1.3700
Epoch 15500 | Train Loss: 0.016958 | Val Loss: 0.016916 | Train R²: 0.4004 | Val R²: 0.4149 | NightHrsTrueNEE vs NightHrsModelReco R²: -1.2100 | NightHrsTrueNee vs NightHrsModelNee R²: -1.1700
Epoch 16000 | Train Loss: 0.015958 | Val Loss: 0.015951 | Train R²: 0.4358 | Val R²: 0.4483 | NightHrsTrueNEE vs NightHrsModelReco R²: -1.0500 | NightHrsTrueNee vs NightHrsModelNee R²: -1.0100
Epoch 16500 | Train Loss: 0.014947 | Val Loss: 0.014958 | Train R²: 0.4715 | Val R²: 0.4826 | NightHrsTrueNEE vs NightHrsModelReco R²: -0.9100 | NightHrsTrueNee vs NightHrsModelNee R²: -0.8700
Epoch 17000 | Train Loss: 0.013845 | Val Loss: 0.013854 | Train R²: 0.5105 | Val R²: 0.5208 | NightHrsTrueNEE vs NightHrsModelReco R²: -0.7800 | NightHrsTrueNee vs NightHrsModelNee R²: -0.7500
Epoch 17500 | Train Loss: 0.012607 | Val Loss: 0.012600 | Train R²: 0.5542 | Val R²: 0.5642 | NightHrsTrueNEE vs NightHrsModelReco R²: -0.6600 | NightHrsTrueNee vs NightHrsModelNee R²: -0.6300
Epoch 18000 | Train Loss: 0.011257 | Val Loss: 0.011228 | Train R²: 0.6020 | Val R²: 0.6117 | NightHrsTrueNEE vs NightHrsModelReco R²: -0.5400 | NightHrsTrueNee vs NightHrsModelNee R²: -0.5100
Epoch 18500 | Train Loss: 0.009877 | Val Loss: 0.009827 | Train R²: 0.6508 | Val R²: 0.6601 | NightHrsTrueNEE vs NightHrsModelReco R²: -0.4000 | NightHrsTrueNee vs NightHrsModelNee R²: -0.3800
Epoch 19000 | Train Loss: 0.008562 | Val Loss: 0.008498 | Train R²: 0.6973 | Val R²: 0.7061 | NightHrsTrueNEE vs NightHrsModelReco R²: -0.2500 | NightHrsTrueNee vs NightHrsModelNee R²: -0.2300
Epoch 19500 | Train Loss: 0.007376 | Val Loss: 0.007309 | Train R²: 0.7392 | Val R²: 0.7472 | NightHrsTrueNEE vs NightHrsModelReco R²: -0.0900 | NightHrsTrueNee vs NightHrsModelNee R²: -0.0800
Epoch 20000 | Train Loss: 0.006351 | Val Loss: 0.006280 | Train R²: 0.7754 | Val R²: 0.7828 | NightHrsTrueNEE vs NightHrsModelReco R²: 0.0600 | NightHrsTrueNee vs NightHrsModelNee R²: 0.0700
Epoch 20500 | Train Loss: 0.005510 | Val Loss: 0.005432 | Train R²: 0.8052 | Val R²: 0.8121 | NightHrsTrueNEE vs NightHrsModelReco R²: 0.2000 | NightHrsTrueNee vs NightHrsModelNee R²: 0.2100
Epoch 21000 | Train Loss: 0.004824 | Val Loss: 0.004754 | Train R²: 0.8294 | Val R²: 0.8356 | NightHrsTrueNEE vs NightHrsModelReco R²: 0.3000 | NightHrsTrueNee vs NightHrsModelNee R²: 0.3100
Epoch 21500 | Train Loss: 0.004277 | Val Loss: 0.004231 | Train R²: 0.8488 | Val R²: 0.8537 | NightHrsTrueNEE vs NightHrsModelReco R²: 0.3900 | NightHrsTrueNee vs NightHrsModelNee R²: 0.3900
Epoch 22000 | Train Loss: 0.003843 | Val Loss: 0.003816 | Train R²: 0.8641 | Val R²: 0.8680 | NightHrsTrueNEE vs NightHrsModelReco R²: 0.4600 | NightHrsTrueNee vs NightHrsModelNee R²: 0.4600
Epoch 22500 | Train Loss: 0.003485 | Val Loss: 0.003473 | Train R²: 0.8768 | Val R²: 0.8799 | NightHrsTrueNEE vs NightHrsModelReco R²: 0.5200 | NightHrsTrueNee vs NightHrsModelNee R²: 0.5200
Epoch 23000 | Train Loss: 0.003167 | Val Loss: 0.003166 | Train R²: 0.8880 | Val R²: 0.8905 | NightHrsTrueNEE vs NightHrsModelReco R²: 0.5600 | NightHrsTrueNee vs NightHrsModelNee R²: 0.5600
Epoch 23500 | Train Loss: 0.002882 | Val Loss: 0.002883 | Train R²: 0.8981 | Val R²: 0.9003 | NightHrsTrueNEE vs NightHrsModelReco R²: 0.6000 | NightHrsTrueNee vs NightHrsModelNee R²: 0.6000
Epoch 24000 | Train Loss: 0.002620 | Val Loss: 0.002618 | Train R²: 0.9074 | Val R²: 0.9094 | NightHrsTrueNEE vs NightHrsModelReco R²: 0.6400 | NightHrsTrueNee vs NightHrsModelNee R²: 0.6400
Epoch 24500 | Train Loss: 0.002372 | Val Loss: 0.002365 | Train R²: 0.9161 | Val R²: 0.9182 | NightHrsTrueNEE vs NightHrsModelReco R²: 0.6600 | NightHrsTrueNee vs NightHrsModelNee R²: 0.6600
Epoch 25000 | Train Loss: 0.002129 | Val Loss: 0.002117 | Train R²: 0.9247 | Val R²: 0.9268 | NightHrsTrueNEE vs NightHrsModelReco R²: 0.6900 | NightHrsTrueNee vs NightHrsModelNee R²: 0.6900
Epoch 25500 | Train Loss: 0.001901 | Val Loss: 0.001883 | Train R²: 0.9328 | Val R²: 0.9349 | NightHrsTrueNEE vs NightHrsModelReco R²: 0.7000 | NightHrsTrueNee vs NightHrsModelNee R²: 0.7000
Epoch 26000 | Train Loss: 0.001717 | Val Loss: 0.001691 | Train R²: 0.9393 | Val R²: 0.9415 | NightHrsTrueNEE vs NightHrsModelReco R²: 0.7200 | NightHrsTrueNee vs NightHrsModelNee R²: 0.7200
Epoch 26500 | Train Loss: 0.001599 | Val Loss: 0.001566 | Train R²: 0.9435 | Val R²: 0.9458 | NightHrsTrueNEE vs NightHrsModelReco R²: 0.7300 | NightHrsTrueNee vs NightHrsModelNee R²: 0.7300
Epoch 27000 | Train Loss: 0.001527 | Val Loss: 0.001491 | Train R²: 0.9460 | Val R²: 0.9484 | NightHrsTrueNEE vs NightHrsModelReco R²: 0.7400 | NightHrsTrueNee vs NightHrsModelNee R²: 0.7400
Epoch 27500 | Train Loss: 0.001475 | Val Loss: 0.001438 | Train R²: 0.9478 | Val R²: 0.9503 | NightHrsTrueNEE vs NightHrsModelReco R²: 0.7500 | NightHrsTrueNee vs NightHrsModelNee R²: 0.7500
Epoch 28000 | Train Loss: 0.001433 | Val Loss: 0.001394 | Train R²: 0.9493 | Val R²: 0.9518 | NightHrsTrueNEE vs NightHrsModelReco R²: 0.7600 | NightHrsTrueNee vs NightHrsModelNee R²: 0.7600
Epoch 28500 | Train Loss: 0.001399 | Val Loss: 0.001359 | Train R²: 0.9505 | Val R²: 0.9530 | NightHrsTrueNEE vs NightHrsModelReco R²: 0.7600 | NightHrsTrueNee vs NightHrsModelNee R²: 0.7600
Early stopping at epoch 28833 due to flat/negative trend (slope=0.000002)
Epoch 28833 | Train Loss: 0.001379 | Val Loss: 0.001339 | Train R²: 0.9512 | Val R²: 0.9537
Unpickling models
Following models have been loaded and moved to cuda:
trained gpp model:
 SNN_GPP_Tram(
  (net): Sequential(
    (0): Linear(in_features=11, out_features=12, bias=True)
    (1): Tanh()
    (2): Linear(in_features=12, out_features=1, bias=True)
    (3): Sigmoid()
  )
), trained_reco_model:
 SNN_GPP_Tram(
  (net): Sequential(
    (0): Linear(in_features=12, out_features=12, bias=True)
    (1): Tanh()
    (2): Linear(in_features=12, out_features=1, bias=True)
    (3): Sigmoid()
  )
)
using full data set for visualization
Un-normalizing the GPP and RECO predictions using NEE min: tensor([-36.1705]), NEE max: tensor([35.8634])



Metrics for the Tramontana, with
GPP inputs: ['SW_IN', 'TA', 'WTD', 'WS', 'PotRad', 'PotRadHalfHourlyDiff', 'PotRadDailyAvg', 'PotRadDailyDiff', 'WD_COS', 'WD_SIN', 'GPP_PROX']
RECO inputs: ['DOY_sin', 'DOY_cos', 'TA', 'TS_1', 'TS_2', 'TS_3', 'TS_4', 'WTD', 'WS', 'WD_COS', 'WD_SIN', 'NIGHTLY_NEE_AVG']:
dt_gpp vs Tramontana_GPP R²=0.97 RMSE=1.30
nt_gpp vs Tramontana_GPP R²=0.95 RMSE=1.63
dt_reco vs Tramontana_RECO R²=0.78 RMSE=1.09
nt_reco vs Tramontana_RECO R²=0.80 RMSE=0.92
night_hours_true_nee vs Tramontana_night_hours_model_reco R²=0.75 RMSE=1.00
night_hours_true_nee vs Tramontana_night_hours_model_nee R²=0.75 RMSE=1.00
dt_gpp vs nt_gpp R²=0.95 RMSE=1.56
dt_reco vs nt_reco R²=0.85 RMSE=1.00

gpp_input_names,  ['SW_IN', 'VPD', 'WTD', 'WS', 'PotRad', 'PotRadHalfHourlyDiff', 'PotRadDailyAvg', 'PotRadDailyDiff', 'WD_COS', 'WD_SIN', 'GPP_PROX'] 
reco_input_names,  ['DOY_sin', 'DOY_cos', 'TA', 'TS_1', 'TS_2', 'TS_3', 'TS_4', 'WTD', 'WS', 'WD_COS', 'WD_SIN', 'NIGHTLY_NEE_AVG'] 
true_nee_name,  ['NEE'] 

Tramontana Running on GPU With hidden layer size of 12 Total epochs: 100000 lr: 0.001 patience: 500 min_delta 0.01
SNN_GPP_Tram(
  (net): Sequential(
    (0): Linear(in_features=11, out_features=12, bias=True)
    (1): Tanh()
    (2): Linear(in_features=12, out_features=1, bias=True)
    (3): Sigmoid()
  )
)
SNN_RECO_Tram(
  (net): Sequential(
    (0): Linear(in_features=12, out_features=12, bias=True)
    (1): Tanh()
    (2): Linear(in_features=12, out_features=1, bias=True)
    (3): Sigmoid()
  )
)
Params are min slope: 2e-06, trend window: 100
Epoch     0 | Train Loss: 13635.630859 | Val Loss: 13283.779297 | Train R²: -482117.4375 | Val R²: -459449.0625 | NightHrsTrueNEE vs NightHrsModelReco R²: -97.6600 | NightHrsTrueNee vs NightHrsModelNee R²: -199.6900
Epoch   500 | Train Loss: 165.297150 | Val Loss: 161.836090 | Train R²: -5843.4531 | Val R²: -5596.4736 | NightHrsTrueNEE vs NightHrsModelReco R²: -250.9400 | NightHrsTrueNee vs NightHrsModelNee R²: -239.6500
Epoch  1000 | Train Loss: 47.421700 | Val Loss: 46.319366 | Train R²: -1675.7012 | Val R²: -1601.0618 | NightHrsTrueNEE vs NightHrsModelReco R²: -262.8300 | NightHrsTrueNee vs NightHrsModelNee R²: -249.2600
Epoch  1500 | Train Loss: 21.312040 | Val Loss: 20.771286 | Train R²: -752.5352 | Val R²: -717.4227 | NightHrsTrueNEE vs NightHrsModelReco R²: -266.8700 | NightHrsTrueNee vs NightHrsModelNee R²: -254.3800
Epoch  2000 | Train Loss: 11.599379 | Val Loss: 11.287269 | Train R²: -409.1221 | Val R²: -389.3961 | NightHrsTrueNEE vs NightHrsModelReco R²: -268.8900 | NightHrsTrueNee vs NightHrsModelNee R²: -257.7400
Epoch  2500 | Train Loss: 7.030029 | Val Loss: 6.834332 | Train R²: -247.5625 | Val R²: -235.3811 | NightHrsTrueNEE vs NightHrsModelReco R²: -270.0500 | NightHrsTrueNee vs NightHrsModelNee R²: -260.1300
Epoch  3000 | Train Loss: 4.575747 | Val Loss: 4.447097 | Train R²: -160.7858 | Val R²: -152.8131 | NightHrsTrueNEE vs NightHrsModelReco R²: -270.7500 | NightHrsTrueNee vs NightHrsModelNee R²: -261.8900
Epoch  3500 | Train Loss: 3.143849 | Val Loss: 3.056911 | Train R²: -110.1579 | Val R²: -104.7303 | NightHrsTrueNEE vs NightHrsModelReco R²: -271.1000 | NightHrsTrueNee vs NightHrsModelNee R²: -263.1500
Epoch  4000 | Train Loss: 2.261898 | Val Loss: 2.202276 | Train R²: -78.9745 | Val R²: -75.1708 | NightHrsTrueNEE vs NightHrsModelReco R²: -271.1300 | NightHrsTrueNee vs NightHrsModelNee R²: -263.9700
Epoch  4500 | Train Loss: 1.698533 | Val Loss: 1.657432 | Train R²: -59.0555 | Val R²: -56.3261 | NightHrsTrueNEE vs NightHrsModelReco R²: -270.6600 | NightHrsTrueNee vs NightHrsModelNee R²: -264.2000
Epoch  5000 | Train Loss: 1.329031 | Val Loss: 1.300733 | Train R²: -45.9909 | Val R²: -43.9888 | NightHrsTrueNEE vs NightHrsModelReco R²: -268.9000 | NightHrsTrueNee vs NightHrsModelNee R²: -263.0500
Epoch  5500 | Train Loss: 1.069865 | Val Loss: 1.049607 | Train R²: -36.8275 | Val R²: -35.3031 | NightHrsTrueNEE vs NightHrsModelReco R²: -253.8200 | NightHrsTrueNee vs NightHrsModelNee R²: -248.6600
Epoch  6000 | Train Loss: 0.784644 | Val Loss: 0.768904 | Train R²: -26.7428 | Val R²: -25.5943 | NightHrsTrueNEE vs NightHrsModelReco R²: -134.4600 | NightHrsTrueNee vs NightHrsModelNee R²: -131.3100
Epoch  6500 | Train Loss: 0.592340 | Val Loss: 0.581666 | Train R²: -19.9435 | Val R²: -19.1183 | NightHrsTrueNEE vs NightHrsModelReco R²: -105.1400 | NightHrsTrueNee vs NightHrsModelNee R²: -102.5200
Epoch  7000 | Train Loss: 0.438283 | Val Loss: 0.430772 | Train R²: -14.4965 | Val R²: -13.8993 | NightHrsTrueNEE vs NightHrsModelReco R²: -74.2100 | NightHrsTrueNee vs NightHrsModelNee R²: -72.1800
Epoch  7500 | Train Loss: 0.330339 | Val Loss: 0.324091 | Train R²: -10.6799 | Val R²: -10.2094 | NightHrsTrueNEE vs NightHrsModelReco R²: -53.3600 | NightHrsTrueNee vs NightHrsModelNee R²: -51.8200
Epoch  8000 | Train Loss: 0.249467 | Val Loss: 0.243963 | Train R²: -7.8205 | Val R²: -7.4380 | NightHrsTrueNEE vs NightHrsModelReco R²: -37.9300 | NightHrsTrueNee vs NightHrsModelNee R²: -36.7600
Epoch  8500 | Train Loss: 0.189040 | Val Loss: 0.184438 | Train R²: -5.6839 | Val R²: -5.3792 | NightHrsTrueNEE vs NightHrsModelReco R²: -27.6800 | NightHrsTrueNee vs NightHrsModelNee R²: -26.7900
Epoch  9000 | Train Loss: 0.143747 | Val Loss: 0.140098 | Train R²: -4.0825 | Val R²: -3.8456 | NightHrsTrueNEE vs NightHrsModelReco R²: -20.5200 | NightHrsTrueNee vs NightHrsModelNee R²: -19.8300
Epoch  9500 | Train Loss: 0.109929 | Val Loss: 0.107081 | Train R²: -2.8868 | Val R²: -2.7036 | NightHrsTrueNEE vs NightHrsModelReco R²: -15.4400 | NightHrsTrueNee vs NightHrsModelNee R²: -14.9000
Epoch 10000 | Train Loss: 0.084835 | Val Loss: 0.082621 | Train R²: -1.9995 | Val R²: -1.8576 | NightHrsTrueNEE vs NightHrsModelReco R²: -11.7800 | NightHrsTrueNee vs NightHrsModelNee R²: -11.3500
Epoch 10500 | Train Loss: 0.066334 | Val Loss: 0.064609 | Train R²: -1.3454 | Val R²: -1.2346 | NightHrsTrueNEE vs NightHrsModelReco R²: -9.1000 | NightHrsTrueNee vs NightHrsModelNee R²: -8.7600
Epoch 11000 | Train Loss: 0.052795 | Val Loss: 0.051444 | Train R²: -0.8667 | Val R²: -0.7793 | NightHrsTrueNEE vs NightHrsModelReco R²: -7.1200 | NightHrsTrueNee vs NightHrsModelNee R²: -6.8500
Epoch 11500 | Train Loss: 0.042852 | Val Loss: 0.041789 | Train R²: -0.5151 | Val R²: -0.4454 | NightHrsTrueNEE vs NightHrsModelReco R²: -5.5900 | NightHrsTrueNee vs NightHrsModelNee R²: -5.3700
Epoch 12000 | Train Loss: 0.035494 | Val Loss: 0.034648 | Train R²: -0.2550 | Val R²: -0.1984 | NightHrsTrueNEE vs NightHrsModelReco R²: -4.4000 | NightHrsTrueNee vs NightHrsModelNee R²: -4.2200
Epoch 12500 | Train Loss: 0.030025 | Val Loss: 0.029345 | Train R²: -0.0616 | Val R²: -0.0150 | NightHrsTrueNEE vs NightHrsModelReco R²: -3.5000 | NightHrsTrueNee vs NightHrsModelNee R²: -3.3600
Epoch 13000 | Train Loss: 0.025950 | Val Loss: 0.025393 | Train R²: 0.0825 | Val R²: 0.1217 | NightHrsTrueNEE vs NightHrsModelReco R²: -2.8300 | NightHrsTrueNee vs NightHrsModelNee R²: -2.7100
Epoch 13500 | Train Loss: 0.022955 | Val Loss: 0.022510 | Train R²: 0.1884 | Val R²: 0.2214 | NightHrsTrueNEE vs NightHrsModelReco R²: -2.3200 | NightHrsTrueNee vs NightHrsModelNee R²: -2.2200
Epoch 14000 | Train Loss: 0.020763 | Val Loss: 0.020427 | Train R²: 0.2659 | Val R²: 0.2935 | NightHrsTrueNEE vs NightHrsModelReco R²: -1.9200 | NightHrsTrueNee vs NightHrsModelNee R²: -1.8400
Epoch 14500 | Train Loss: 0.019124 | Val Loss: 0.018886 | Train R²: 0.3238 | Val R²: 0.3468 | NightHrsTrueNEE vs NightHrsModelReco R²: -1.6100 | NightHrsTrueNee vs NightHrsModelNee R²: -1.5500
Epoch 15000 | Train Loss: 0.017846 | Val Loss: 0.017690 | Train R²: 0.3690 | Val R²: 0.3882 | NightHrsTrueNEE vs NightHrsModelReco R²: -1.3600 | NightHrsTrueNee vs NightHrsModelNee R²: -1.3100
Epoch 15500 | Train Loss: 0.016780 | Val Loss: 0.016688 | Train R²: 0.4067 | Val R²: 0.4228 | NightHrsTrueNEE vs NightHrsModelReco R²: -1.1700 | NightHrsTrueNee vs NightHrsModelNee R²: -1.1200
Epoch 16000 | Train Loss: 0.015807 | Val Loss: 0.015762 | Train R²: 0.4411 | Val R²: 0.4548 | NightHrsTrueNEE vs NightHrsModelReco R²: -1.0100 | NightHrsTrueNee vs NightHrsModelNee R²: -0.9700
Epoch 16500 | Train Loss: 0.014826 | Val Loss: 0.014810 | Train R²: 0.4758 | Val R²: 0.4877 | NightHrsTrueNEE vs NightHrsModelReco R²: -0.8800 | NightHrsTrueNee vs NightHrsModelNee R²: -0.8400
Epoch 17000 | Train Loss: 0.013755 | Val Loss: 0.013751 | Train R²: 0.5137 | Val R²: 0.5244 | NightHrsTrueNEE vs NightHrsModelReco R²: -0.7600 | NightHrsTrueNee vs NightHrsModelNee R²: -0.7300
Epoch 17500 | Train Loss: 0.012550 | Val Loss: 0.012539 | Train R²: 0.5563 | Val R²: 0.5663 | NightHrsTrueNEE vs NightHrsModelReco R²: -0.6600 | NightHrsTrueNee vs NightHrsModelNee R²: -0.6300
Epoch 18000 | Train Loss: 0.011234 | Val Loss: 0.011205 | Train R²: 0.6028 | Val R²: 0.6124 | NightHrsTrueNEE vs NightHrsModelReco R²: -0.5600 | NightHrsTrueNee vs NightHrsModelNee R²: -0.5300
Epoch 18500 | Train Loss: 0.009892 | Val Loss: 0.009852 | Train R²: 0.6502 | Val R²: 0.6593 | NightHrsTrueNEE vs NightHrsModelReco R²: -0.4300 | NightHrsTrueNee vs NightHrsModelNee R²: -0.4100
Epoch 19000 | Train Loss: 0.008611 | Val Loss: 0.008565 | Train R²: 0.6956 | Val R²: 0.7038 | NightHrsTrueNEE vs NightHrsModelReco R²: -0.2900 | NightHrsTrueNee vs NightHrsModelNee R²: -0.2700
Epoch 19500 | Train Loss: 0.007461 | Val Loss: 0.007410 | Train R²: 0.7362 | Val R²: 0.7437 | NightHrsTrueNEE vs NightHrsModelReco R²: -0.1300 | NightHrsTrueNee vs NightHrsModelNee R²: -0.1100
Epoch 20000 | Train Loss: 0.006465 | Val Loss: 0.006419 | Train R²: 0.7714 | Val R²: 0.7780 | NightHrsTrueNEE vs NightHrsModelReco R²: 0.0200 | NightHrsTrueNee vs NightHrsModelNee R²: 0.0300
Epoch 20500 | Train Loss: 0.005606 | Val Loss: 0.005571 | Train R²: 0.8018 | Val R²: 0.8073 | NightHrsTrueNEE vs NightHrsModelReco R²: 0.1500 | NightHrsTrueNee vs NightHrsModelNee R²: 0.1600
Epoch 21000 | Train Loss: 0.004860 | Val Loss: 0.004852 | Train R²: 0.8282 | Val R²: 0.8322 | NightHrsTrueNEE vs NightHrsModelReco R²: 0.2700 | NightHrsTrueNee vs NightHrsModelNee R²: 0.2800
Epoch 21500 | Train Loss: 0.004253 | Val Loss: 0.004257 | Train R²: 0.8496 | Val R²: 0.8528 | NightHrsTrueNEE vs NightHrsModelReco R²: 0.3700 | NightHrsTrueNee vs NightHrsModelNee R²: 0.3700
Epoch 22000 | Train Loss: 0.003759 | Val Loss: 0.003772 | Train R²: 0.8671 | Val R²: 0.8695 | NightHrsTrueNEE vs NightHrsModelReco R²: 0.4500 | NightHrsTrueNee vs NightHrsModelNee R²: 0.4600
Epoch 22500 | Train Loss: 0.003335 | Val Loss: 0.003355 | Train R²: 0.8821 | Val R²: 0.8840 | NightHrsTrueNEE vs NightHrsModelReco R²: 0.5200 | NightHrsTrueNee vs NightHrsModelNee R²: 0.5200
Epoch 23000 | Train Loss: 0.002999 | Val Loss: 0.003020 | Train R²: 0.8940 | Val R²: 0.8955 | NightHrsTrueNEE vs NightHrsModelReco R²: 0.5700 | NightHrsTrueNee vs NightHrsModelNee R²: 0.5700
Epoch 23500 | Train Loss: 0.002696 | Val Loss: 0.002712 | Train R²: 0.9047 | Val R²: 0.9062 | NightHrsTrueNEE vs NightHrsModelReco R²: 0.6100 | NightHrsTrueNee vs NightHrsModelNee R²: 0.6100
Epoch 24000 | Train Loss: 0.002408 | Val Loss: 0.002415 | Train R²: 0.9148 | Val R²: 0.9165 | NightHrsTrueNEE vs NightHrsModelReco R²: 0.6500 | NightHrsTrueNee vs NightHrsModelNee R²: 0.6500
Epoch 24500 | Train Loss: 0.002135 | Val Loss: 0.002131 | Train R²: 0.9245 | Val R²: 0.9263 | NightHrsTrueNEE vs NightHrsModelReco R²: 0.6800 | NightHrsTrueNee vs NightHrsModelNee R²: 0.6800
Epoch 25000 | Train Loss: 0.001898 | Val Loss: 0.001882 | Train R²: 0.9329 | Val R²: 0.9349 | NightHrsTrueNEE vs NightHrsModelReco R²: 0.7000 | NightHrsTrueNee vs NightHrsModelNee R²: 0.7000
Epoch 25500 | Train Loss: 0.001728 | Val Loss: 0.001698 | Train R²: 0.9389 | Val R²: 0.9413 | NightHrsTrueNEE vs NightHrsModelReco R²: 0.7200 | NightHrsTrueNee vs NightHrsModelNee R²: 0.7200
Epoch 26000 | Train Loss: 0.001619 | Val Loss: 0.001581 | Train R²: 0.9428 | Val R²: 0.9453 | NightHrsTrueNEE vs NightHrsModelReco R²: 0.7300 | NightHrsTrueNee vs NightHrsModelNee R²: 0.7300
Epoch 26500 | Train Loss: 0.001542 | Val Loss: 0.001499 | Train R²: 0.9455 | Val R²: 0.9481 | NightHrsTrueNEE vs NightHrsModelReco R²: 0.7400 | NightHrsTrueNee vs NightHrsModelNee R²: 0.7400
Epoch 27000 | Train Loss: 0.001481 | Val Loss: 0.001437 | Train R²: 0.9476 | Val R²: 0.9503 | NightHrsTrueNEE vs NightHrsModelReco R²: 0.7500 | NightHrsTrueNee vs NightHrsModelNee R²: 0.7500
Epoch 27500 | Train Loss: 0.001433 | Val Loss: 0.001389 | Train R²: 0.9493 | Val R²: 0.9520 | NightHrsTrueNEE vs NightHrsModelReco R²: 0.7600 | NightHrsTrueNee vs NightHrsModelNee R²: 0.7600
Epoch 28000 | Train Loss: 0.001395 | Val Loss: 0.001351 | Train R²: 0.9507 | Val R²: 0.9533 | NightHrsTrueNEE vs NightHrsModelReco R²: 0.7600 | NightHrsTrueNee vs NightHrsModelNee R²: 0.7600
Early stopping at epoch 28409 due to flat/negative trend (slope=0.000002)
Epoch 28409 | Train Loss: 0.001370 | Val Loss: 0.001325 | Train R²: 0.9516 | Val R²: 0.9542
Unpickling models
Following models have been loaded and moved to cuda:
trained gpp model:
 SNN_GPP_Tram(
  (net): Sequential(
    (0): Linear(in_features=11, out_features=12, bias=True)
    (1): Tanh()
    (2): Linear(in_features=12, out_features=1, bias=True)
    (3): Sigmoid()
  )
), trained_reco_model:
 SNN_GPP_Tram(
  (net): Sequential(
    (0): Linear(in_features=12, out_features=12, bias=True)
    (1): Tanh()
    (2): Linear(in_features=12, out_features=1, bias=True)
    (3): Sigmoid()
  )
)
using full data set for visualization
Un-normalizing the GPP and RECO predictions using NEE min: tensor([-36.1705]), NEE max: tensor([35.8634])



Metrics for the Tramontana, with
GPP inputs: ['SW_IN', 'VPD', 'WTD', 'WS', 'PotRad', 'PotRadHalfHourlyDiff', 'PotRadDailyAvg', 'PotRadDailyDiff', 'WD_COS', 'WD_SIN', 'GPP_PROX']
RECO inputs: ['DOY_sin', 'DOY_cos', 'TA', 'TS_1', 'TS_2', 'TS_3', 'TS_4', 'WTD', 'WS', 'WD_COS', 'WD_SIN', 'NIGHTLY_NEE_AVG']:
dt_gpp vs Tramontana_GPP R²=0.97 RMSE=1.23
nt_gpp vs Tramontana_GPP R²=0.95 RMSE=1.53
dt_reco vs Tramontana_RECO R²=0.80 RMSE=1.05
nt_reco vs Tramontana_RECO R²=0.87 RMSE=0.74
night_hours_true_nee vs Tramontana_night_hours_model_reco R²=0.75 RMSE=1.00
night_hours_true_nee vs Tramontana_night_hours_model_nee R²=0.75 RMSE=1.00
dt_gpp vs nt_gpp R²=0.95 RMSE=1.56
dt_reco vs nt_reco R²=0.85 RMSE=1.00

gpp_input_names,  ['SW_IN', 'VPD', 'TA', 'WS', 'PotRad', 'PotRadHalfHourlyDiff', 'PotRadDailyAvg', 'PotRadDailyDiff', 'WD_COS', 'WD_SIN', 'GPP_PROX'] 
reco_input_names,  ['DOY_sin', 'DOY_cos', 'TA', 'TS_1', 'TS_2', 'TS_3', 'TS_4', 'WTD', 'WS', 'WD_COS', 'WD_SIN', 'NIGHTLY_NEE_AVG'] 
true_nee_name,  ['NEE'] 

Tramontana Running on GPU With hidden layer size of 12 Total epochs: 100000 lr: 0.001 patience: 500 min_delta 0.01
SNN_GPP_Tram(
  (net): Sequential(
    (0): Linear(in_features=11, out_features=12, bias=True)
    (1): Tanh()
    (2): Linear(in_features=12, out_features=1, bias=True)
    (3): Sigmoid()
  )
)
SNN_RECO_Tram(
  (net): Sequential(
    (0): Linear(in_features=12, out_features=12, bias=True)
    (1): Tanh()
    (2): Linear(in_features=12, out_features=1, bias=True)
    (3): Sigmoid()
  )
)
Params are min slope: 2e-06, trend window: 100
Epoch     0 | Train Loss: 12453.184570 | Val Loss: 12153.978516 | Train R²: -440309.4062 | Val R²: -420372.2812 | NightHrsTrueNEE vs NightHrsModelReco R²: -97.6600 | NightHrsTrueNee vs NightHrsModelNee R²: -190.1100
Epoch   500 | Train Loss: 121.309067 | Val Loss: 118.014984 | Train R²: -4288.1553 | Val R²: -4080.8193 | NightHrsTrueNEE vs NightHrsModelReco R²: -249.7200 | NightHrsTrueNee vs NightHrsModelNee R²: -237.9900
Epoch  1000 | Train Loss: 34.079636 | Val Loss: 33.004944 | Train R²: -1203.9623 | Val R²: -1140.5519 | NightHrsTrueNEE vs NightHrsModelReco R²: -261.8100 | NightHrsTrueNee vs NightHrsModelNee R²: -249.1300
Epoch  1500 | Train Loss: 15.250652 | Val Loss: 14.717340 | Train R²: -538.2211 | Val R²: -508.0331 | NightHrsTrueNEE vs NightHrsModelReco R²: -265.9200 | NightHrsTrueNee vs NightHrsModelNee R²: -254.6300
Epoch  2000 | Train Loss: 8.332597 | Val Loss: 8.021551 | Train R²: -293.6177 | Val R²: -276.4438 | NightHrsTrueNEE vs NightHrsModelReco R²: -267.9400 | NightHrsTrueNee vs NightHrsModelNee R²: -258.0300
Epoch  2500 | Train Loss: 5.105030 | Val Loss: 4.907831 | Train R²: -179.4998 | Val R²: -168.7486 | NightHrsTrueNEE vs NightHrsModelReco R²: -269.0400 | NightHrsTrueNee vs NightHrsModelNee R²: -260.3200
Epoch  3000 | Train Loss: 3.383090 | Val Loss: 3.251860 | Train R²: -118.6168 | Val R²: -111.4730 | NightHrsTrueNEE vs NightHrsModelReco R²: -269.6000 | NightHrsTrueNee vs NightHrsModelNee R²: -261.8600
Epoch  3500 | Train Loss: 2.384503 | Val Loss: 2.294577 | Train R²: -83.3095 | Val R²: -78.3632 | NightHrsTrueNEE vs NightHrsModelReco R²: -269.6900 | NightHrsTrueNee vs NightHrsModelNee R²: -262.7700
Epoch  4000 | Train Loss: 1.772710 | Val Loss: 1.710012 | Train R²: -61.6781 | Val R²: -58.1447 | NightHrsTrueNEE vs NightHrsModelReco R²: -269.1700 | NightHrsTrueNee vs NightHrsModelNee R²: -262.9600
Epoch  4500 | Train Loss: 1.382767 | Val Loss: 1.338612 | Train R²: -47.8908 | Val R²: -45.2990 | NightHrsTrueNEE vs NightHrsModelReco R²: -267.1800 | NightHrsTrueNee vs NightHrsModelNee R²: -261.5900
Epoch  5000 | Train Loss: 1.115385 | Val Loss: 1.083438 | Train R²: -38.4369 | Val R²: -36.4732 | NightHrsTrueNEE vs NightHrsModelReco R²: -253.8800 | NightHrsTrueNee vs NightHrsModelNee R²: -248.9300
Epoch  5500 | Train Loss: 0.804694 | Val Loss: 0.779957 | Train R²: -27.4518 | Val R²: -25.9766 | NightHrsTrueNEE vs NightHrsModelReco R²: -128.2300 | NightHrsTrueNee vs NightHrsModelNee R²: -125.1800
Epoch  6000 | Train Loss: 0.576775 | Val Loss: 0.559774 | Train R²: -19.3932 | Val R²: -18.3611 | NightHrsTrueNEE vs NightHrsModelReco R²: -90.7000 | NightHrsTrueNee vs NightHrsModelNee R²: -88.2400
Epoch  6500 | Train Loss: 0.429411 | Val Loss: 0.416879 | Train R²: -14.1828 | Val R²: -13.4187 | NightHrsTrueNEE vs NightHrsModelReco R²: -66.5400 | NightHrsTrueNee vs NightHrsModelNee R²: -64.6400
Epoch  7000 | Train Loss: 0.323452 | Val Loss: 0.313583 | Train R²: -10.4364 | Val R²: -9.8460 | NightHrsTrueNEE vs NightHrsModelReco R²: -49.3500 | NightHrsTrueNee vs NightHrsModelNee R²: -47.8800
Epoch  7500 | Train Loss: 0.244656 | Val Loss: 0.236562 | Train R²: -7.6504 | Val R²: -7.1820 | NightHrsTrueNEE vs NightHrsModelReco R²: -35.9800 | NightHrsTrueNee vs NightHrsModelNee R²: -34.8500
Epoch  8000 | Train Loss: 0.186382 | Val Loss: 0.179832 | Train R²: -5.5900 | Val R²: -5.2199 | NightHrsTrueNEE vs NightHrsModelReco R²: -26.7100 | NightHrsTrueNee vs NightHrsModelNee R²: -25.8400
Epoch  8500 | Train Loss: 0.143185 | Val Loss: 0.138022 | Train R²: -4.0626 | Val R²: -3.7738 | NightHrsTrueNEE vs NightHrsModelReco R²: -20.1500 | NightHrsTrueNee vs NightHrsModelNee R²: -19.4700
Epoch  9000 | Train Loss: 0.111069 | Val Loss: 0.107085 | Train R²: -2.9271 | Val R²: -2.7038 | NightHrsTrueNEE vs NightHrsModelReco R²: -15.4000 | NightHrsTrueNee vs NightHrsModelNee R²: -14.8700
Epoch  9500 | Train Loss: 0.087158 | Val Loss: 0.084117 | Train R²: -2.0817 | Val R²: -1.9094 | NightHrsTrueNEE vs NightHrsModelReco R²: -11.8700 | NightHrsTrueNee vs NightHrsModelNee R²: -11.4600
Epoch 10000 | Train Loss: 0.069333 | Val Loss: 0.067040 | Train R²: -1.4514 | Val R²: -1.3187 | NightHrsTrueNEE vs NightHrsModelReco R²: -9.2300 | NightHrsTrueNee vs NightHrsModelNee R²: -8.9000
Epoch 10500 | Train Loss: 0.056003 | Val Loss: 0.054314 | Train R²: -0.9801 | Val R²: -0.8786 | NightHrsTrueNEE vs NightHrsModelReco R²: -7.2600 | NightHrsTrueNee vs NightHrsModelNee R²: -6.9900
Epoch 11000 | Train Loss: 0.046003 | Val Loss: 0.044789 | Train R²: -0.6265 | Val R²: -0.5491 | NightHrsTrueNEE vs NightHrsModelReco R²: -5.7600 | NightHrsTrueNee vs NightHrsModelNee R²: -5.5500
Epoch 11500 | Train Loss: 0.038557 | Val Loss: 0.037673 | Train R²: -0.3633 | Val R²: -0.3030 | NightHrsTrueNEE vs NightHrsModelReco R²: -4.5700 | NightHrsTrueNee vs NightHrsModelNee R²: -4.4000
Epoch 12000 | Train Loss: 0.033072 | Val Loss: 0.032415 | Train R²: -0.1693 | Val R²: -0.1211 | NightHrsTrueNEE vs NightHrsModelReco R²: -3.6500 | NightHrsTrueNee vs NightHrsModelNee R²: -3.5100
Epoch 12500 | Train Loss: 0.029023 | Val Loss: 0.028542 | Train R²: -0.0262 | Val R²: 0.0128 | NightHrsTrueNEE vs NightHrsModelReco R²: -2.9400 | NightHrsTrueNee vs NightHrsModelNee R²: -2.8300
Epoch 13000 | Train Loss: 0.026016 | Val Loss: 0.025686 | Train R²: 0.0801 | Val R²: 0.1116 | NightHrsTrueNEE vs NightHrsModelReco R²: -2.4000 | NightHrsTrueNee vs NightHrsModelNee R²: -2.3100
Epoch 13500 | Train Loss: 0.023767 | Val Loss: 0.023553 | Train R²: 0.1597 | Val R²: 0.1854 | NightHrsTrueNEE vs NightHrsModelReco R²: -1.9900 | NightHrsTrueNee vs NightHrsModelNee R²: -1.9200
Epoch 14000 | Train Loss: 0.022089 | Val Loss: 0.021952 | Train R²: 0.2190 | Val R²: 0.2408 | NightHrsTrueNEE vs NightHrsModelReco R²: -1.6800 | NightHrsTrueNee vs NightHrsModelNee R²: -1.6200
Epoch 14500 | Train Loss: 0.020807 | Val Loss: 0.020736 | Train R²: 0.2643 | Val R²: 0.2828 | NightHrsTrueNEE vs NightHrsModelReco R²: -1.4400 | NightHrsTrueNee vs NightHrsModelNee R²: -1.3900
Epoch 15000 | Train Loss: 0.019754 | Val Loss: 0.019738 | Train R²: 0.3015 | Val R²: 0.3173 | NightHrsTrueNEE vs NightHrsModelReco R²: -1.2600 | NightHrsTrueNee vs NightHrsModelNee R²: -1.2100
Epoch 15500 | Train Loss: 0.018799 | Val Loss: 0.018830 | Train R²: 0.3353 | Val R²: 0.3487 | NightHrsTrueNEE vs NightHrsModelReco R²: -1.1200 | NightHrsTrueNee vs NightHrsModelNee R²: -1.0800
Epoch 16000 | Train Loss: 0.017829 | Val Loss: 0.017898 | Train R²: 0.3696 | Val R²: 0.3810 | NightHrsTrueNEE vs NightHrsModelReco R²: -1.0200 | NightHrsTrueNee vs NightHrsModelNee R²: -0.9800
Epoch 16500 | Train Loss: 0.016734 | Val Loss: 0.016820 | Train R²: 0.4083 | Val R²: 0.4182 | NightHrsTrueNEE vs NightHrsModelReco R²: -0.9300 | NightHrsTrueNee vs NightHrsModelNee R²: -0.9000
Epoch 17000 | Train Loss: 0.015403 | Val Loss: 0.015474 | Train R²: 0.4554 | Val R²: 0.4648 | NightHrsTrueNEE vs NightHrsModelReco R²: -0.8600 | NightHrsTrueNee vs NightHrsModelNee R²: -0.8300
Epoch 17500 | Train Loss: 0.013744 | Val Loss: 0.013771 | Train R²: 0.5141 | Val R²: 0.5237 | NightHrsTrueNEE vs NightHrsModelReco R²: -0.7800 | NightHrsTrueNee vs NightHrsModelNee R²: -0.7600
Epoch 18000 | Train Loss: 0.011791 | Val Loss: 0.011759 | Train R²: 0.5831 | Val R²: 0.5933 | NightHrsTrueNEE vs NightHrsModelReco R²: -0.6600 | NightHrsTrueNee vs NightHrsModelNee R²: -0.6400
Epoch 18500 | Train Loss: 0.009798 | Val Loss: 0.009710 | Train R²: 0.6536 | Val R²: 0.6642 | NightHrsTrueNEE vs NightHrsModelReco R²: -0.4800 | NightHrsTrueNee vs NightHrsModelNee R²: -0.4600
Epoch 19000 | Train Loss: 0.008084 | Val Loss: 0.007963 | Train R²: 0.7142 | Val R²: 0.7246 | NightHrsTrueNEE vs NightHrsModelReco R²: -0.2600 | NightHrsTrueNee vs NightHrsModelNee R²: -0.2500
Epoch 19500 | Train Loss: 0.006729 | Val Loss: 0.006605 | Train R²: 0.7621 | Val R²: 0.7716 | NightHrsTrueNEE vs NightHrsModelReco R²: -0.0600 | NightHrsTrueNee vs NightHrsModelNee R²: -0.0400
Epoch 20000 | Train Loss: 0.005698 | Val Loss: 0.005586 | Train R²: 0.7985 | Val R²: 0.8068 | NightHrsTrueNEE vs NightHrsModelReco R²: 0.1200 | NightHrsTrueNee vs NightHrsModelNee R²: 0.1300
Epoch 20500 | Train Loss: 0.004924 | Val Loss: 0.004837 | Train R²: 0.8259 | Val R²: 0.8327 | NightHrsTrueNEE vs NightHrsModelReco R²: 0.2600 | NightHrsTrueNee vs NightHrsModelNee R²: 0.2600
Epoch 21000 | Train Loss: 0.004342 | Val Loss: 0.004283 | Train R²: 0.8465 | Val R²: 0.8519 | NightHrsTrueNEE vs NightHrsModelReco R²: 0.3700 | NightHrsTrueNee vs NightHrsModelNee R²: 0.3700
Epoch 21500 | Train Loss: 0.003889 | Val Loss: 0.003855 | Train R²: 0.8625 | Val R²: 0.8667 | NightHrsTrueNEE vs NightHrsModelReco R²: 0.4500 | NightHrsTrueNee vs NightHrsModelNee R²: 0.4500
Epoch 22000 | Train Loss: 0.003507 | Val Loss: 0.003501 | Train R²: 0.8760 | Val R²: 0.8789 | NightHrsTrueNEE vs NightHrsModelReco R²: 0.5100 | NightHrsTrueNee vs NightHrsModelNee R²: 0.5100
Epoch 22500 | Train Loss: 0.003172 | Val Loss: 0.003183 | Train R²: 0.8878 | Val R²: 0.8899 | NightHrsTrueNEE vs NightHrsModelReco R²: 0.5500 | NightHrsTrueNee vs NightHrsModelNee R²: 0.5500
Epoch 23000 | Train Loss: 0.002858 | Val Loss: 0.002873 | Train R²: 0.8989 | Val R²: 0.9006 | NightHrsTrueNEE vs NightHrsModelReco R²: 0.5900 | NightHrsTrueNee vs NightHrsModelNee R²: 0.5900
Epoch 23500 | Train Loss: 0.002549 | Val Loss: 0.002561 | Train R²: 0.9099 | Val R²: 0.9114 | NightHrsTrueNEE vs NightHrsModelReco R²: 0.6300 | NightHrsTrueNee vs NightHrsModelNee R²: 0.6300
Epoch 24000 | Train Loss: 0.002247 | Val Loss: 0.002250 | Train R²: 0.9205 | Val R²: 0.9222 | NightHrsTrueNEE vs NightHrsModelReco R²: 0.6600 | NightHrsTrueNee vs NightHrsModelNee R²: 0.6600
Epoch 24500 | Train Loss: 0.001984 | Val Loss: 0.001974 | Train R²: 0.9298 | Val R²: 0.9317 | NightHrsTrueNEE vs NightHrsModelReco R²: 0.6800 | NightHrsTrueNee vs NightHrsModelNee R²: 0.6800
Epoch 25000 | Train Loss: 0.001796 | Val Loss: 0.001772 | Train R²: 0.9365 | Val R²: 0.9387 | NightHrsTrueNEE vs NightHrsModelReco R²: 0.7000 | NightHrsTrueNee vs NightHrsModelNee R²: 0.7000
Epoch 25500 | Train Loss: 0.001676 | Val Loss: 0.001643 | Train R²: 0.9407 | Val R²: 0.9432 | NightHrsTrueNEE vs NightHrsModelReco R²: 0.7200 | NightHrsTrueNee vs NightHrsModelNee R²: 0.7200
Epoch 26000 | Train Loss: 0.001591 | Val Loss: 0.001551 | Train R²: 0.9437 | Val R²: 0.9464 | NightHrsTrueNEE vs NightHrsModelReco R²: 0.7300 | NightHrsTrueNee vs NightHrsModelNee R²: 0.7300
Epoch 26500 | Train Loss: 0.001525 | Val Loss: 0.001480 | Train R²: 0.9461 | Val R²: 0.9488 | NightHrsTrueNEE vs NightHrsModelReco R²: 0.7400 | NightHrsTrueNee vs NightHrsModelNee R²: 0.7400
Epoch 27000 | Train Loss: 0.001471 | Val Loss: 0.001426 | Train R²: 0.9480 | Val R²: 0.9507 | NightHrsTrueNEE vs NightHrsModelReco R²: 0.7500 | NightHrsTrueNee vs NightHrsModelNee R²: 0.7500
Epoch 27500 | Train Loss: 0.001428 | Val Loss: 0.001382 | Train R²: 0.9495 | Val R²: 0.9522 | NightHrsTrueNEE vs NightHrsModelReco R²: 0.7600 | NightHrsTrueNee vs NightHrsModelNee R²: 0.7600
Epoch 28000 | Train Loss: 0.001393 | Val Loss: 0.001345 | Train R²: 0.9507 | Val R²: 0.9535 | NightHrsTrueNEE vs NightHrsModelReco R²: 0.7600 | NightHrsTrueNee vs NightHrsModelNee R²: 0.7600
Early stopping at epoch 28494 due to flat/negative trend (slope=0.000002)
Epoch 28494 | Train Loss: 0.001365 | Val Loss: 0.001315 | Train R²: 0.9517 | Val R²: 0.9545
Unpickling models
Following models have been loaded and moved to cuda:
trained gpp model:
 SNN_GPP_Tram(
  (net): Sequential(
    (0): Linear(in_features=11, out_features=12, bias=True)
    (1): Tanh()
    (2): Linear(in_features=12, out_features=1, bias=True)
    (3): Sigmoid()
  )
), trained_reco_model:
 SNN_GPP_Tram(
  (net): Sequential(
    (0): Linear(in_features=12, out_features=12, bias=True)
    (1): Tanh()
    (2): Linear(in_features=12, out_features=1, bias=True)
    (3): Sigmoid()
  )
)
using full data set for visualization
Un-normalizing the GPP and RECO predictions using NEE min: tensor([-36.1705]), NEE max: tensor([35.8634])



Metrics for the Tramontana, with
GPP inputs: ['SW_IN', 'VPD', 'TA', 'WS', 'PotRad', 'PotRadHalfHourlyDiff', 'PotRadDailyAvg', 'PotRadDailyDiff', 'WD_COS', 'WD_SIN', 'GPP_PROX']
RECO inputs: ['DOY_sin', 'DOY_cos', 'TA', 'TS_1', 'TS_2', 'TS_3', 'TS_4', 'WTD', 'WS', 'WD_COS', 'WD_SIN', 'NIGHTLY_NEE_AVG']:
dt_gpp vs Tramontana_GPP R²=0.97 RMSE=1.24
nt_gpp vs Tramontana_GPP R²=0.95 RMSE=1.55
dt_reco vs Tramontana_RECO R²=0.80 RMSE=1.05
nt_reco vs Tramontana_RECO R²=0.85 RMSE=0.79
night_hours_true_nee vs Tramontana_night_hours_model_reco R²=0.75 RMSE=1.00
night_hours_true_nee vs Tramontana_night_hours_model_nee R²=0.75 RMSE=1.00
dt_gpp vs nt_gpp R²=0.95 RMSE=1.56
dt_reco vs nt_reco R²=0.85 RMSE=1.00

gpp_input_names,  ['SW_IN', 'VPD', 'TA', 'WTD', 'PotRad', 'PotRadHalfHourlyDiff', 'PotRadDailyAvg', 'PotRadDailyDiff', 'WD_COS', 'WD_SIN', 'GPP_PROX'] 
reco_input_names,  ['DOY_sin', 'DOY_cos', 'TA', 'TS_1', 'TS_2', 'TS_3', 'TS_4', 'WTD', 'WS', 'WD_COS', 'WD_SIN', 'NIGHTLY_NEE_AVG'] 
true_nee_name,  ['NEE'] 

Tramontana Running on GPU With hidden layer size of 12 Total epochs: 100000 lr: 0.001 patience: 500 min_delta 0.01
SNN_GPP_Tram(
  (net): Sequential(
    (0): Linear(in_features=11, out_features=12, bias=True)
    (1): Tanh()
    (2): Linear(in_features=12, out_features=1, bias=True)
    (3): Sigmoid()
  )
)
SNN_RECO_Tram(
  (net): Sequential(
    (0): Linear(in_features=12, out_features=12, bias=True)
    (1): Tanh()
    (2): Linear(in_features=12, out_features=1, bias=True)
    (3): Sigmoid()
  )
)
Params are min slope: 2e-06, trend window: 100
Epoch     0 | Train Loss: 12434.621094 | Val Loss: 12153.401367 | Train R²: -439653.0938 | Val R²: -420352.3438 | NightHrsTrueNEE vs NightHrsModelReco R²: -97.6600 | NightHrsTrueNee vs NightHrsModelNee R²: -190.8100
Epoch   500 | Train Loss: 124.569847 | Val Loss: 122.565285 | Train R²: -4403.4468 | Val R²: -4238.2026 | NightHrsTrueNEE vs NightHrsModelReco R²: -250.0700 | NightHrsTrueNee vs NightHrsModelNee R²: -238.8600
Epoch  1000 | Train Loss: 34.908607 | Val Loss: 34.271503 | Train R²: -1233.2723 | Val R²: -1184.3588 | NightHrsTrueNEE vs NightHrsModelReco R²: -261.9700 | NightHrsTrueNee vs NightHrsModelNee R²: -249.2700
Epoch  1500 | Train Loss: 15.633929 | Val Loss: 15.313723 | Train R²: -551.7728 | Val R²: -528.6603 | NightHrsTrueNEE vs NightHrsModelReco R²: -266.0200 | NightHrsTrueNee vs NightHrsModelNee R²: -254.5700
Epoch  2000 | Train Loss: 8.556174 | Val Loss: 8.367414 | Train R²: -301.5229 | Val R²: -288.4063 | NightHrsTrueNEE vs NightHrsModelReco R²: -268.0000 | NightHrsTrueNee vs NightHrsModelNee R²: -257.9000
Epoch  2500 | Train Loss: 5.251968 | Val Loss: 5.131467 | Train R²: -184.6952 | Val R²: -176.4836 | NightHrsTrueNEE vs NightHrsModelReco R²: -269.0800 | NightHrsTrueNee vs NightHrsModelNee R²: -260.1500
Epoch  3000 | Train Loss: 3.487096 | Val Loss: 3.406623 | Train R²: -122.2941 | Val R²: -116.8259 | NightHrsTrueNEE vs NightHrsModelReco R²: -269.6200 | NightHrsTrueNee vs NightHrsModelNee R²: -261.6700
Epoch  3500 | Train Loss: 2.462076 | Val Loss: 2.406919 | Train R²: -86.0522 | Val R²: -82.2488 | NightHrsTrueNEE vs NightHrsModelReco R²: -269.6900 | NightHrsTrueNee vs NightHrsModelNee R²: -262.5900
Epoch  4000 | Train Loss: 1.832922 | Val Loss: 1.794593 | Train R²: -63.8071 | Val R²: -61.0701 | NightHrsTrueNEE vs NightHrsModelReco R²: -269.1500 | NightHrsTrueNee vs NightHrsModelNee R²: -262.7700
Epoch  4500 | Train Loss: 1.430963 | Val Loss: 1.404162 | Train R²: -49.5949 | Val R²: -47.5662 | NightHrsTrueNEE vs NightHrsModelReco R²: -267.1700 | NightHrsTrueNee vs NightHrsModelNee R²: -261.4200
Epoch  5000 | Train Loss: 1.154530 | Val Loss: 1.135223 | Train R²: -39.8210 | Val R²: -38.2643 | NightHrsTrueNEE vs NightHrsModelReco R²: -254.2600 | NightHrsTrueNee vs NightHrsModelNee R²: -249.1500
Epoch  5500 | Train Loss: 0.828701 | Val Loss: 0.814521 | Train R²: -28.3006 | Val R²: -27.1721 | NightHrsTrueNEE vs NightHrsModelReco R²: -128.0000 | NightHrsTrueNee vs NightHrsModelNee R²: -124.7700
Epoch  6000 | Train Loss: 0.582548 | Val Loss: 0.573436 | Train R²: -19.5973 | Val R²: -18.8336 | NightHrsTrueNEE vs NightHrsModelReco R²: -87.6900 | NightHrsTrueNee vs NightHrsModelNee R²: -85.1100
Epoch  6500 | Train Loss: 0.434571 | Val Loss: 0.427763 | Train R²: -14.3652 | Val R²: -13.7952 | NightHrsTrueNEE vs NightHrsModelReco R²: -65.7100 | NightHrsTrueNee vs NightHrsModelNee R²: -63.7100
Epoch  7000 | Train Loss: 0.327241 | Val Loss: 0.321686 | Train R²: -10.5703 | Val R²: -10.1263 | NightHrsTrueNEE vs NightHrsModelReco R²: -49.1000 | NightHrsTrueNee vs NightHrsModelNee R²: -47.5500
Epoch  7500 | Train Loss: 0.247990 | Val Loss: 0.243257 | Train R²: -7.7682 | Val R²: -7.4136 | NightHrsTrueNEE vs NightHrsModelReco R²: -36.3900 | NightHrsTrueNee vs NightHrsModelNee R²: -35.1900
Epoch  8000 | Train Loss: 0.189504 | Val Loss: 0.185508 | Train R²: -5.7004 | Val R²: -5.4162 | NightHrsTrueNEE vs NightHrsModelReco R²: -27.4800 | NightHrsTrueNee vs NightHrsModelNee R²: -26.5400
Epoch  8500 | Train Loss: 0.146207 | Val Loss: 0.142884 | Train R²: -4.1695 | Val R²: -3.9420 | NightHrsTrueNEE vs NightHrsModelReco R²: -21.0000 | NightHrsTrueNee vs NightHrsModelNee R²: -20.2600
Epoch  9000 | Train Loss: 0.113978 | Val Loss: 0.111256 | Train R²: -3.0299 | Val R²: -2.8481 | NightHrsTrueNEE vs NightHrsModelReco R²: -16.1700 | NightHrsTrueNee vs NightHrsModelNee R²: -15.5900
Epoch  9500 | Train Loss: 0.089864 | Val Loss: 0.087663 | Train R²: -2.1774 | Val R²: -2.0320 | NightHrsTrueNEE vs NightHrsModelReco R²: -12.5200 | NightHrsTrueNee vs NightHrsModelNee R²: -12.0700
Epoch 10000 | Train Loss: 0.071806 | Val Loss: 0.070039 | Train R²: -1.5389 | Val R²: -1.4225 | NightHrsTrueNEE vs NightHrsModelReco R²: -9.7700 | NightHrsTrueNee vs NightHrsModelNee R²: -9.4100
Epoch 10500 | Train Loss: 0.058315 | Val Loss: 0.056907 | Train R²: -1.0619 | Val R²: -0.9683 | NightHrsTrueNEE vs NightHrsModelReco R²: -7.6800 | NightHrsTrueNee vs NightHrsModelNee R²: -7.4000
Epoch 11000 | Train Loss: 0.048261 | Val Loss: 0.047151 | Train R²: -0.7064 | Val R²: -0.6308 | NightHrsTrueNEE vs NightHrsModelReco R²: -6.0800 | NightHrsTrueNee vs NightHrsModelNee R²: -5.8500
Epoch 11500 | Train Loss: 0.040770 | Val Loss: 0.039913 | Train R²: -0.4415 | Val R²: -0.3805 | NightHrsTrueNEE vs NightHrsModelReco R²: -4.8400 | NightHrsTrueNee vs NightHrsModelNee R²: -4.6600
Epoch 12000 | Train Loss: 0.035171 | Val Loss: 0.034530 | Train R²: -0.2435 | Val R²: -0.1943 | NightHrsTrueNEE vs NightHrsModelReco R²: -3.8700 | NightHrsTrueNee vs NightHrsModelNee R²: -3.7300
Epoch 12500 | Train Loss: 0.030980 | Val Loss: 0.030522 | Train R²: -0.0954 | Val R²: -0.0557 | NightHrsTrueNEE vs NightHrsModelReco R²: -3.1300 | NightHrsTrueNee vs NightHrsModelNee R²: -3.0100
Epoch 13000 | Train Loss: 0.027845 | Val Loss: 0.027536 | Train R²: 0.0155 | Val R²: 0.0476 | NightHrsTrueNEE vs NightHrsModelReco R²: -2.5600 | NightHrsTrueNee vs NightHrsModelNee R²: -2.4600
Epoch 13500 | Train Loss: 0.025498 | Val Loss: 0.025306 | Train R²: 0.0985 | Val R²: 0.1247 | NightHrsTrueNEE vs NightHrsModelReco R²: -2.1200 | NightHrsTrueNee vs NightHrsModelNee R²: -2.0400
Epoch 14000 | Train Loss: 0.023729 | Val Loss: 0.023627 | Train R²: 0.1610 | Val R²: 0.1828 | NightHrsTrueNEE vs NightHrsModelReco R²: -1.7900 | NightHrsTrueNee vs NightHrsModelNee R²: -1.7300
Epoch 14500 | Train Loss: 0.022363 | Val Loss: 0.022337 | Train R²: 0.2093 | Val R²: 0.2274 | NightHrsTrueNEE vs NightHrsModelReco R²: -1.5300 | NightHrsTrueNee vs NightHrsModelNee R²: -1.4800
Epoch 15000 | Train Loss: 0.021250 | Val Loss: 0.021293 | Train R²: 0.2487 | Val R²: 0.2635 | NightHrsTrueNEE vs NightHrsModelReco R²: -1.3200 | NightHrsTrueNee vs NightHrsModelNee R²: -1.2800
Epoch 15500 | Train Loss: 0.020263 | Val Loss: 0.020331 | Train R²: 0.2835 | Val R²: 0.2968 | NightHrsTrueNEE vs NightHrsModelReco R²: -1.1600 | NightHrsTrueNee vs NightHrsModelNee R²: -1.1200
Epoch 16000 | Train Loss: 0.019330 | Val Loss: 0.019393 | Train R²: 0.3165 | Val R²: 0.3293 | NightHrsTrueNEE vs NightHrsModelReco R²: -1.0400 | NightHrsTrueNee vs NightHrsModelNee R²: -1.0000
Epoch 16500 | Train Loss: 0.018313 | Val Loss: 0.018382 | Train R²: 0.3525 | Val R²: 0.3642 | NightHrsTrueNEE vs NightHrsModelReco R²: -0.9500 | NightHrsTrueNee vs NightHrsModelNee R²: -0.9200
Epoch 17000 | Train Loss: 0.017044 | Val Loss: 0.017101 | Train R²: 0.3974 | Val R²: 0.4085 | NightHrsTrueNEE vs NightHrsModelReco R²: -0.8800 | NightHrsTrueNee vs NightHrsModelNee R²: -0.8500
Epoch 17500 | Train Loss: 0.015358 | Val Loss: 0.015373 | Train R²: 0.4570 | Val R²: 0.4683 | NightHrsTrueNEE vs NightHrsModelReco R²: -0.8200 | NightHrsTrueNee vs NightHrsModelNee R²: -0.7900
Epoch 18000 | Train Loss: 0.013190 | Val Loss: 0.013131 | Train R²: 0.5336 | Val R²: 0.5458 | NightHrsTrueNEE vs NightHrsModelReco R²: -0.7200 | NightHrsTrueNee vs NightHrsModelNee R²: -0.6900
Epoch 18500 | Train Loss: 0.010793 | Val Loss: 0.010656 | Train R²: 0.6184 | Val R²: 0.6314 | NightHrsTrueNEE vs NightHrsModelReco R²: -0.5400 | NightHrsTrueNee vs NightHrsModelNee R²: -0.5100
Epoch 19000 | Train Loss: 0.008638 | Val Loss: 0.008464 | Train R²: 0.6946 | Val R²: 0.7073 | NightHrsTrueNEE vs NightHrsModelReco R²: -0.2900 | NightHrsTrueNee vs NightHrsModelNee R²: -0.2800
Epoch 19500 | Train Loss: 0.006988 | Val Loss: 0.006829 | Train R²: 0.7529 | Val R²: 0.7638 | NightHrsTrueNEE vs NightHrsModelReco R²: -0.0500 | NightHrsTrueNee vs NightHrsModelNee R²: -0.0400
Epoch 20000 | Train Loss: 0.005818 | Val Loss: 0.005693 | Train R²: 0.7943 | Val R²: 0.8031 | NightHrsTrueNEE vs NightHrsModelReco R²: 0.1500 | NightHrsTrueNee vs NightHrsModelNee R²: 0.1500
Epoch 20500 | Train Loss: 0.005010 | Val Loss: 0.004910 | Train R²: 0.8229 | Val R²: 0.8302 | NightHrsTrueNEE vs NightHrsModelReco R²: 0.2900 | NightHrsTrueNee vs NightHrsModelNee R²: 0.2900
Epoch 21000 | Train Loss: 0.004407 | Val Loss: 0.004333 | Train R²: 0.8442 | Val R²: 0.8501 | NightHrsTrueNEE vs NightHrsModelReco R²: 0.3700 | NightHrsTrueNee vs NightHrsModelNee R²: 0.3700
Epoch 21500 | Train Loss: 0.003932 | Val Loss: 0.003880 | Train R²: 0.8610 | Val R²: 0.8658 | NightHrsTrueNEE vs NightHrsModelReco R²: 0.4400 | NightHrsTrueNee vs NightHrsModelNee R²: 0.4400
Epoch 22000 | Train Loss: 0.003541 | Val Loss: 0.003513 | Train R²: 0.8748 | Val R²: 0.8785 | NightHrsTrueNEE vs NightHrsModelReco R²: 0.5000 | NightHrsTrueNee vs NightHrsModelNee R²: 0.5000
Epoch 22500 | Train Loss: 0.003195 | Val Loss: 0.003183 | Train R²: 0.8870 | Val R²: 0.8899 | NightHrsTrueNEE vs NightHrsModelReco R²: 0.5500 | NightHrsTrueNee vs NightHrsModelNee R²: 0.5500
Epoch 23000 | Train Loss: 0.002871 | Val Loss: 0.002867 | Train R²: 0.8985 | Val R²: 0.9008 | NightHrsTrueNEE vs NightHrsModelReco R²: 0.5900 | NightHrsTrueNee vs NightHrsModelNee R²: 0.5900
Epoch 23500 | Train Loss: 0.002558 | Val Loss: 0.002552 | Train R²: 0.9096 | Val R²: 0.9117 | NightHrsTrueNEE vs NightHrsModelReco R²: 0.6300 | NightHrsTrueNee vs NightHrsModelNee R²: 0.6300
Epoch 24000 | Train Loss: 0.002255 | Val Loss: 0.002243 | Train R²: 0.9203 | Val R²: 0.9224 | NightHrsTrueNEE vs NightHrsModelReco R²: 0.6600 | NightHrsTrueNee vs NightHrsModelNee R²: 0.6600
Epoch 24500 | Train Loss: 0.001994 | Val Loss: 0.001973 | Train R²: 0.9295 | Val R²: 0.9318 | NightHrsTrueNEE vs NightHrsModelReco R²: 0.6800 | NightHrsTrueNee vs NightHrsModelNee R²: 0.6900
Epoch 25000 | Train Loss: 0.001809 | Val Loss: 0.001780 | Train R²: 0.9360 | Val R²: 0.9384 | NightHrsTrueNEE vs NightHrsModelReco R²: 0.7100 | NightHrsTrueNee vs NightHrsModelNee R²: 0.7100
Epoch 25500 | Train Loss: 0.001692 | Val Loss: 0.001660 | Train R²: 0.9402 | Val R²: 0.9426 | NightHrsTrueNEE vs NightHrsModelReco R²: 0.7200 | NightHrsTrueNee vs NightHrsModelNee R²: 0.7200
Epoch 26000 | Train Loss: 0.001609 | Val Loss: 0.001575 | Train R²: 0.9431 | Val R²: 0.9455 | NightHrsTrueNEE vs NightHrsModelReco R²: 0.7300 | NightHrsTrueNee vs NightHrsModelNee R²: 0.7300
Epoch 26500 | Train Loss: 0.001541 | Val Loss: 0.001506 | Train R²: 0.9455 | Val R²: 0.9479 | NightHrsTrueNEE vs NightHrsModelReco R²: 0.7400 | NightHrsTrueNee vs NightHrsModelNee R²: 0.7400
Epoch 27000 | Train Loss: 0.001482 | Val Loss: 0.001445 | Train R²: 0.9476 | Val R²: 0.9500 | NightHrsTrueNEE vs NightHrsModelReco R²: 0.7500 | NightHrsTrueNee vs NightHrsModelNee R²: 0.7500
Epoch 27500 | Train Loss: 0.001432 | Val Loss: 0.001393 | Train R²: 0.9494 | Val R²: 0.9518 | NightHrsTrueNEE vs NightHrsModelReco R²: 0.7600 | NightHrsTrueNee vs NightHrsModelNee R²: 0.7600
Epoch 28000 | Train Loss: 0.001391 | Val Loss: 0.001351 | Train R²: 0.9508 | Val R²: 0.9533 | NightHrsTrueNEE vs NightHrsModelReco R²: 0.7600 | NightHrsTrueNee vs NightHrsModelNee R²: 0.7600
Epoch 28500 | Train Loss: 0.001358 | Val Loss: 0.001316 | Train R²: 0.9520 | Val R²: 0.9545 | NightHrsTrueNEE vs NightHrsModelReco R²: 0.7700 | NightHrsTrueNee vs NightHrsModelNee R²: 0.7700
Early stopping at epoch 28674 due to flat/negative trend (slope=0.000002)
Epoch 28674 | Train Loss: 0.001348 | Val Loss: 0.001305 | Train R²: 0.9523 | Val R²: 0.9548
Unpickling models
Following models have been loaded and moved to cuda:
trained gpp model:
 SNN_GPP_Tram(
  (net): Sequential(
    (0): Linear(in_features=11, out_features=12, bias=True)
    (1): Tanh()
    (2): Linear(in_features=12, out_features=1, bias=True)
    (3): Sigmoid()
  )
), trained_reco_model:
 SNN_GPP_Tram(
  (net): Sequential(
    (0): Linear(in_features=12, out_features=12, bias=True)
    (1): Tanh()
    (2): Linear(in_features=12, out_features=1, bias=True)
    (3): Sigmoid()
  )
)
using full data set for visualization
Un-normalizing the GPP and RECO predictions using NEE min: tensor([-36.1705]), NEE max: tensor([35.8634])



Metrics for the Tramontana, with
GPP inputs: ['SW_IN', 'VPD', 'TA', 'WTD', 'PotRad', 'PotRadHalfHourlyDiff', 'PotRadDailyAvg', 'PotRadDailyDiff', 'WD_COS', 'WD_SIN', 'GPP_PROX']
RECO inputs: ['DOY_sin', 'DOY_cos', 'TA', 'TS_1', 'TS_2', 'TS_3', 'TS_4', 'WTD', 'WS', 'WD_COS', 'WD_SIN', 'NIGHTLY_NEE_AVG']:
dt_gpp vs Tramontana_GPP R²=0.97 RMSE=1.24
nt_gpp vs Tramontana_GPP R²=0.95 RMSE=1.51
dt_reco vs Tramontana_RECO R²=0.80 RMSE=1.05
nt_reco vs Tramontana_RECO R²=0.87 RMSE=0.72
night_hours_true_nee vs Tramontana_night_hours_model_reco R²=0.76 RMSE=1.00
night_hours_true_nee vs Tramontana_night_hours_model_nee R²=0.76 RMSE=1.00
dt_gpp vs nt_gpp R²=0.95 RMSE=1.56
dt_reco vs nt_reco R²=0.85 RMSE=1.00

gpp_input_names,  ['SW_IN', 'VPD', 'TA', 'WTD', 'WS', 'PotRadHalfHourlyDiff', 'PotRadDailyAvg', 'PotRadDailyDiff', 'WD_COS', 'WD_SIN', 'GPP_PROX'] 
reco_input_names,  ['DOY_sin', 'DOY_cos', 'TA', 'TS_1', 'TS_2', 'TS_3', 'TS_4', 'WTD', 'WS', 'WD_COS', 'WD_SIN', 'NIGHTLY_NEE_AVG'] 
true_nee_name,  ['NEE'] 

Tramontana Running on GPU With hidden layer size of 12 Total epochs: 100000 lr: 0.001 patience: 500 min_delta 0.01
SNN_GPP_Tram(
  (net): Sequential(
    (0): Linear(in_features=11, out_features=12, bias=True)
    (1): Tanh()
    (2): Linear(in_features=12, out_features=1, bias=True)
    (3): Sigmoid()
  )
)
SNN_RECO_Tram(
  (net): Sequential(
    (0): Linear(in_features=12, out_features=12, bias=True)
    (1): Tanh()
    (2): Linear(in_features=12, out_features=1, bias=True)
    (3): Sigmoid()
  )
)
Params are min slope: 2e-06, trend window: 100
Epoch     0 | Train Loss: 13477.267578 | Val Loss: 13197.954102 | Train R²: -476518.0938 | Val R²: -456480.6562 | NightHrsTrueNEE vs NightHrsModelReco R²: -97.6600 | NightHrsTrueNee vs NightHrsModelNee R²: -187.2000
Epoch   500 | Train Loss: 144.229874 | Val Loss: 141.134293 | Train R²: -5098.5718 | Val R²: -4880.4541 | NightHrsTrueNEE vs NightHrsModelReco R²: -250.3500 | NightHrsTrueNee vs NightHrsModelNee R²: -238.8500
Epoch  1000 | Train Loss: 39.440762 | Val Loss: 38.400597 | Train R²: -1393.5170 | Val R²: -1327.1730 | NightHrsTrueNEE vs NightHrsModelReco R²: -262.0400 | NightHrsTrueNee vs NightHrsModelNee R²: -250.3700
Epoch  1500 | Train Loss: 17.529373 | Val Loss: 17.000233 | Train R²: -618.7905 | Val R²: -586.9921 | NightHrsTrueNEE vs NightHrsModelReco R²: -266.0700 | NightHrsTrueNee vs NightHrsModelNee R²: -256.0500
Epoch  2000 | Train Loss: 9.556514 | Val Loss: 9.243930 | Train R²: -336.8921 | Val R²: -318.7226 | NightHrsTrueNEE vs NightHrsModelReco R²: -268.0700 | NightHrsTrueNee vs NightHrsModelNee R²: -259.5000
Epoch  2500 | Train Loss: 5.844926 | Val Loss: 5.645603 | Train R²: -205.6605 | Val R²: -194.2662 | NightHrsTrueNEE vs NightHrsModelReco R²: -269.1900 | NightHrsTrueNee vs NightHrsModelNee R²: -261.7800
Epoch  3000 | Train Loss: 3.862406 | Val Loss: 3.729560 | Train R²: -135.5641 | Val R²: -127.9954 | NightHrsTrueNEE vs NightHrsModelReco R²: -269.8000 | NightHrsTrueNee vs NightHrsModelNee R²: -263.3200
Epoch  3500 | Train Loss: 2.709162 | Val Loss: 2.618262 | Train R²: -94.7885 | Val R²: -89.5586 | NightHrsTrueNEE vs NightHrsModelReco R²: -269.9900 | NightHrsTrueNee vs NightHrsModelNee R²: -264.2800
Epoch  4000 | Train Loss: 1.999657 | Val Loss: 1.936528 | Train R²: -69.7024 | Val R²: -65.9793 | NightHrsTrueNEE vs NightHrsModelReco R²: -269.7000 | NightHrsTrueNee vs NightHrsModelNee R²: -264.6300
Epoch  4500 | Train Loss: 1.545829 | Val Loss: 1.501675 | Train R²: -53.6563 | Val R²: -50.9389 | NightHrsTrueNEE vs NightHrsModelReco R²: -268.4800 | NightHrsTrueNee vs NightHrsModelNee R²: -263.9600
Epoch  5000 | Train Loss: 1.243952 | Val Loss: 1.212842 | Train R²: -42.9827 | Val R²: -40.9489 | NightHrsTrueNEE vs NightHrsModelReco R²: -263.4500 | NightHrsTrueNee vs NightHrsModelNee R²: -259.4200
Epoch  5500 | Train Loss: 0.943521 | Val Loss: 0.918318 | Train R²: -32.3603 | Val R²: -30.7621 | NightHrsTrueNEE vs NightHrsModelReco R²: -170.1300 | NightHrsTrueNee vs NightHrsModelNee R²: -167.2600
Epoch  6000 | Train Loss: 0.671543 | Val Loss: 0.655537 | Train R²: -22.7439 | Val R²: -21.6733 | NightHrsTrueNEE vs NightHrsModelReco R²: -101.0200 | NightHrsTrueNee vs NightHrsModelNee R²: -98.9700
Epoch  6500 | Train Loss: 0.490276 | Val Loss: 0.479411 | Train R²: -16.3348 | Val R²: -15.5815 | NightHrsTrueNEE vs NightHrsModelReco R²: -71.5700 | NightHrsTrueNee vs NightHrsModelNee R²: -69.9900
Epoch  7000 | Train Loss: 0.368975 | Val Loss: 0.360543 | Train R²: -12.0459 | Val R²: -11.4702 | NightHrsTrueNEE vs NightHrsModelReco R²: -53.4900 | NightHrsTrueNee vs NightHrsModelNee R²: -52.2700
Epoch  7500 | Train Loss: 0.278815 | Val Loss: 0.271794 | Train R²: -8.8581 | Val R²: -8.4006 | NightHrsTrueNEE vs NightHrsModelReco R²: -39.0700 | NightHrsTrueNee vs NightHrsModelNee R²: -38.1300
Epoch  8000 | Train Loss: 0.212015 | Val Loss: 0.206190 | Train R²: -6.4963 | Val R²: -6.1316 | NightHrsTrueNEE vs NightHrsModelReco R²: -28.8800 | NightHrsTrueNee vs NightHrsModelNee R²: -28.1600
Epoch  8500 | Train Loss: 0.162435 | Val Loss: 0.157742 | Train R²: -4.7432 | Val R²: -4.4559 | NightHrsTrueNEE vs NightHrsModelReco R²: -21.6700 | NightHrsTrueNee vs NightHrsModelNee R²: -21.1100
Epoch  9000 | Train Loss: 0.125505 | Val Loss: 0.121828 | Train R²: -3.4375 | Val R²: -3.2137 | NightHrsTrueNEE vs NightHrsModelReco R²: -16.4900 | NightHrsTrueNee vs NightHrsModelNee R²: -16.0500
Epoch  9500 | Train Loss: 0.097887 | Val Loss: 0.095046 | Train R²: -2.4610 | Val R²: -2.2874 | NightHrsTrueNEE vs NightHrsModelReco R²: -12.6900 | NightHrsTrueNee vs NightHrsModelNee R²: -12.3500
Epoch 10000 | Train Loss: 0.077256 | Val Loss: 0.075084 | Train R²: -1.7316 | Val R²: -1.5969 | NightHrsTrueNEE vs NightHrsModelReco R²: -9.8700 | NightHrsTrueNee vs NightHrsModelNee R²: -9.6000
Epoch 10500 | Train Loss: 0.061843 | Val Loss: 0.060233 | Train R²: -1.1866 | Val R²: -1.0833 | NightHrsTrueNEE vs NightHrsModelReco R²: -7.7900 | NightHrsTrueNee vs NightHrsModelNee R²: -7.5800
Epoch 11000 | Train Loss: 0.050336 | Val Loss: 0.049165 | Train R²: -0.7798 | Val R²: -0.7005 | NightHrsTrueNEE vs NightHrsModelReco R²: -6.1800 | NightHrsTrueNee vs NightHrsModelNee R²: -6.0100
Epoch 11500 | Train Loss: 0.041827 | Val Loss: 0.040969 | Train R²: -0.4789 | Val R²: -0.4170 | NightHrsTrueNEE vs NightHrsModelReco R²: -4.9300 | NightHrsTrueNee vs NightHrsModelNee R²: -4.7900
Epoch 12000 | Train Loss: 0.035547 | Val Loss: 0.034915 | Train R²: -0.2569 | Val R²: -0.2076 | NightHrsTrueNEE vs NightHrsModelReco R²: -3.9500 | NightHrsTrueNee vs NightHrsModelNee R²: -3.8400
Epoch 12500 | Train Loss: 0.030887 | Val Loss: 0.030421 | Train R²: -0.0921 | Val R²: -0.0522 | NightHrsTrueNEE vs NightHrsModelReco R²: -3.1800 | NightHrsTrueNee vs NightHrsModelNee R²: -3.0900
Epoch 13000 | Train Loss: 0.027410 | Val Loss: 0.027072 | Train R²: 0.0309 | Val R²: 0.0637 | NightHrsTrueNEE vs NightHrsModelReco R²: -2.5800 | NightHrsTrueNee vs NightHrsModelNee R²: -2.5100
Epoch 13500 | Train Loss: 0.024819 | Val Loss: 0.024581 | Train R²: 0.1225 | Val R²: 0.1498 | NightHrsTrueNEE vs NightHrsModelReco R²: -2.1400 | NightHrsTrueNee vs NightHrsModelNee R²: -2.0800
Epoch 14000 | Train Loss: 0.022883 | Val Loss: 0.022729 | Train R²: 0.1909 | Val R²: 0.2139 | NightHrsTrueNEE vs NightHrsModelReco R²: -1.8100 | NightHrsTrueNee vs NightHrsModelNee R²: -1.7600
Epoch 14500 | Train Loss: 0.021410 | Val Loss: 0.021332 | Train R²: 0.2430 | Val R²: 0.2622 | NightHrsTrueNEE vs NightHrsModelReco R²: -1.5500 | NightHrsTrueNee vs NightHrsModelNee R²: -1.5100
Epoch 15000 | Train Loss: 0.020235 | Val Loss: 0.020224 | Train R²: 0.2845 | Val R²: 0.3005 | NightHrsTrueNEE vs NightHrsModelReco R²: -1.3500 | NightHrsTrueNee vs NightHrsModelNee R²: -1.3200
Epoch 15500 | Train Loss: 0.019219 | Val Loss: 0.019263 | Train R²: 0.3205 | Val R²: 0.3337 | NightHrsTrueNEE vs NightHrsModelReco R²: -1.1900 | NightHrsTrueNee vs NightHrsModelNee R²: -1.1600
Epoch 16000 | Train Loss: 0.018236 | Val Loss: 0.018323 | Train R²: 0.3552 | Val R²: 0.3663 | NightHrsTrueNEE vs NightHrsModelReco R²: -1.0700 | NightHrsTrueNee vs NightHrsModelNee R²: -1.0400
Epoch 16500 | Train Loss: 0.017169 | Val Loss: 0.017284 | Train R²: 0.3930 | Val R²: 0.4022 | NightHrsTrueNEE vs NightHrsModelReco R²: -0.9700 | NightHrsTrueNee vs NightHrsModelNee R²: -0.9500
Epoch 17000 | Train Loss: 0.015901 | Val Loss: 0.016024 | Train R²: 0.4378 | Val R²: 0.4458 | NightHrsTrueNEE vs NightHrsModelReco R²: -0.9000 | NightHrsTrueNee vs NightHrsModelNee R²: -0.8800
Epoch 17500 | Train Loss: 0.014335 | Val Loss: 0.014442 | Train R²: 0.4932 | Val R²: 0.5005 | NightHrsTrueNEE vs NightHrsModelReco R²: -0.8300 | NightHrsTrueNee vs NightHrsModelNee R²: -0.8100
Epoch 18000 | Train Loss: 0.012462 | Val Loss: 0.012535 | Train R²: 0.5594 | Val R²: 0.5664 | NightHrsTrueNEE vs NightHrsModelReco R²: -0.7300 | NightHrsTrueNee vs NightHrsModelNee R²: -0.7100
Epoch 18500 | Train Loss: 0.010460 | Val Loss: 0.010488 | Train R²: 0.6302 | Val R²: 0.6372 | NightHrsTrueNEE vs NightHrsModelReco R²: -0.5700 | NightHrsTrueNee vs NightHrsModelNee R²: -0.5500
Epoch 19000 | Train Loss: 0.008639 | Val Loss: 0.008630 | Train R²: 0.6945 | Val R²: 0.7015 | NightHrsTrueNEE vs NightHrsModelReco R²: -0.3700 | NightHrsTrueNee vs NightHrsModelNee R²: -0.3500
Epoch 19500 | Train Loss: 0.007162 | Val Loss: 0.007134 | Train R²: 0.7468 | Val R²: 0.7532 | NightHrsTrueNEE vs NightHrsModelReco R²: -0.1600 | NightHrsTrueNee vs NightHrsModelNee R²: -0.1500
Epoch 20000 | Train Loss: 0.006032 | Val Loss: 0.006002 | Train R²: 0.7867 | Val R²: 0.7924 | NightHrsTrueNEE vs NightHrsModelReco R²: 0.0300 | NightHrsTrueNee vs NightHrsModelNee R²: 0.0400
Epoch 20500 | Train Loss: 0.005169 | Val Loss: 0.005159 | Train R²: 0.8172 | Val R²: 0.8216 | NightHrsTrueNEE vs NightHrsModelReco R²: 0.1900 | NightHrsTrueNee vs NightHrsModelNee R²: 0.1900
Epoch 21000 | Train Loss: 0.004501 | Val Loss: 0.004516 | Train R²: 0.8409 | Val R²: 0.8438 | NightHrsTrueNEE vs NightHrsModelReco R²: 0.3000 | NightHrsTrueNee vs NightHrsModelNee R²: 0.3100
Epoch 21500 | Train Loss: 0.004004 | Val Loss: 0.004040 | Train R²: 0.8584 | Val R²: 0.8603 | NightHrsTrueNEE vs NightHrsModelReco R²: 0.3900 | NightHrsTrueNee vs NightHrsModelNee R²: 0.4000
Epoch 22000 | Train Loss: 0.003617 | Val Loss: 0.003674 | Train R²: 0.8721 | Val R²: 0.8729 | NightHrsTrueNEE vs NightHrsModelReco R²: 0.4600 | NightHrsTrueNee vs NightHrsModelNee R²: 0.4600
Epoch 22500 | Train Loss: 0.003315 | Val Loss: 0.003382 | Train R²: 0.8828 | Val R²: 0.8830 | NightHrsTrueNEE vs NightHrsModelReco R²: 0.5100 | NightHrsTrueNee vs NightHrsModelNee R²: 0.5100
Epoch 23000 | Train Loss: 0.003072 | Val Loss: 0.003137 | Train R²: 0.8914 | Val R²: 0.8915 | NightHrsTrueNEE vs NightHrsModelReco R²: 0.5500 | NightHrsTrueNee vs NightHrsModelNee R²: 0.5500
Epoch 23500 | Train Loss: 0.002856 | Val Loss: 0.002917 | Train R²: 0.8990 | Val R²: 0.8991 | NightHrsTrueNEE vs NightHrsModelReco R²: 0.5800 | NightHrsTrueNee vs NightHrsModelNee R²: 0.5800
Epoch 24000 | Train Loss: 0.002649 | Val Loss: 0.002700 | Train R²: 0.9064 | Val R²: 0.9066 | NightHrsTrueNEE vs NightHrsModelReco R²: 0.6100 | NightHrsTrueNee vs NightHrsModelNee R²: 0.6100
Epoch 24500 | Train Loss: 0.002440 | Val Loss: 0.002481 | Train R²: 0.9137 | Val R²: 0.9142 | NightHrsTrueNEE vs NightHrsModelReco R²: 0.6400 | NightHrsTrueNee vs NightHrsModelNee R²: 0.6400
Epoch 25000 | Train Loss: 0.002236 | Val Loss: 0.002265 | Train R²: 0.9209 | Val R²: 0.9216 | NightHrsTrueNEE vs NightHrsModelReco R²: 0.6600 | NightHrsTrueNee vs NightHrsModelNee R²: 0.6600
Epoch 25500 | Train Loss: 0.002050 | Val Loss: 0.002063 | Train R²: 0.9275 | Val R²: 0.9287 | NightHrsTrueNEE vs NightHrsModelReco R²: 0.6800 | NightHrsTrueNee vs NightHrsModelNee R²: 0.6800
Epoch 26000 | Train Loss: 0.001891 | Val Loss: 0.001887 | Train R²: 0.9332 | Val R²: 0.9347 | NightHrsTrueNEE vs NightHrsModelReco R²: 0.7000 | NightHrsTrueNee vs NightHrsModelNee R²: 0.7000
Epoch 26500 | Train Loss: 0.001758 | Val Loss: 0.001742 | Train R²: 0.9378 | Val R²: 0.9397 | NightHrsTrueNEE vs NightHrsModelReco R²: 0.7200 | NightHrsTrueNee vs NightHrsModelNee R²: 0.7200
Epoch 27000 | Train Loss: 0.001650 | Val Loss: 0.001626 | Train R²: 0.9417 | Val R²: 0.9437 | NightHrsTrueNEE vs NightHrsModelReco R²: 0.7400 | NightHrsTrueNee vs NightHrsModelNee R²: 0.7400
Epoch 27500 | Train Loss: 0.001560 | Val Loss: 0.001531 | Train R²: 0.9448 | Val R²: 0.9470 | NightHrsTrueNEE vs NightHrsModelReco R²: 0.7500 | NightHrsTrueNee vs NightHrsModelNee R²: 0.7500
Epoch 28000 | Train Loss: 0.001484 | Val Loss: 0.001451 | Train R²: 0.9475 | Val R²: 0.9498 | NightHrsTrueNEE vs NightHrsModelReco R²: 0.7500 | NightHrsTrueNee vs NightHrsModelNee R²: 0.7600
Epoch 28500 | Train Loss: 0.001427 | Val Loss: 0.001392 | Train R²: 0.9496 | Val R²: 0.9519 | NightHrsTrueNEE vs NightHrsModelReco R²: 0.7600 | NightHrsTrueNee vs NightHrsModelNee R²: 0.7600
Epoch 29000 | Train Loss: 0.001390 | Val Loss: 0.001355 | Train R²: 0.9509 | Val R²: 0.9531 | NightHrsTrueNEE vs NightHrsModelReco R²: 0.7700 | NightHrsTrueNee vs NightHrsModelNee R²: 0.7700
Early stopping at epoch 29102 due to flat/negative trend (slope=0.000002)
Epoch 29102 | Train Loss: 0.001384 | Val Loss: 0.001349 | Train R²: 0.9511 | Val R²: 0.9534
Unpickling models
Following models have been loaded and moved to cuda:
trained gpp model:
 SNN_GPP_Tram(
  (net): Sequential(
    (0): Linear(in_features=11, out_features=12, bias=True)
    (1): Tanh()
    (2): Linear(in_features=12, out_features=1, bias=True)
    (3): Sigmoid()
  )
), trained_reco_model:
 SNN_GPP_Tram(
  (net): Sequential(
    (0): Linear(in_features=12, out_features=12, bias=True)
    (1): Tanh()
    (2): Linear(in_features=12, out_features=1, bias=True)
    (3): Sigmoid()
  )
)
using full data set for visualization
Un-normalizing the GPP and RECO predictions using NEE min: tensor([-36.1705]), NEE max: tensor([35.8634])



Metrics for the Tramontana, with
GPP inputs: ['SW_IN', 'VPD', 'TA', 'WTD', 'WS', 'PotRadHalfHourlyDiff', 'PotRadDailyAvg', 'PotRadDailyDiff', 'WD_COS', 'WD_SIN', 'GPP_PROX']
RECO inputs: ['DOY_sin', 'DOY_cos', 'TA', 'TS_1', 'TS_2', 'TS_3', 'TS_4', 'WTD', 'WS', 'WD_COS', 'WD_SIN', 'NIGHTLY_NEE_AVG']:
dt_gpp vs Tramontana_GPP R²=0.97 RMSE=1.23
nt_gpp vs Tramontana_GPP R²=0.95 RMSE=1.64
dt_reco vs Tramontana_RECO R²=0.79 RMSE=1.06
nt_reco vs Tramontana_RECO R²=0.78 RMSE=0.94
night_hours_true_nee vs Tramontana_night_hours_model_reco R²=0.75 RMSE=1.00
night_hours_true_nee vs Tramontana_night_hours_model_nee R²=0.75 RMSE=1.00
dt_gpp vs nt_gpp R²=0.95 RMSE=1.56
dt_reco vs nt_reco R²=0.85 RMSE=1.00

gpp_input_names,  ['SW_IN', 'VPD', 'TA', 'WTD', 'WS', 'PotRad', 'PotRadDailyAvg', 'PotRadDailyDiff', 'WD_COS', 'WD_SIN', 'GPP_PROX'] 
reco_input_names,  ['DOY_sin', 'DOY_cos', 'TA', 'TS_1', 'TS_2', 'TS_3', 'TS_4', 'WTD', 'WS', 'WD_COS', 'WD_SIN', 'NIGHTLY_NEE_AVG'] 
true_nee_name,  ['NEE'] 

Tramontana Running on GPU With hidden layer size of 12 Total epochs: 100000 lr: 0.001 patience: 500 min_delta 0.01
SNN_GPP_Tram(
  (net): Sequential(
    (0): Linear(in_features=11, out_features=12, bias=True)
    (1): Tanh()
    (2): Linear(in_features=12, out_features=1, bias=True)
    (3): Sigmoid()
  )
)
SNN_RECO_Tram(
  (net): Sequential(
    (0): Linear(in_features=12, out_features=12, bias=True)
    (1): Tanh()
    (2): Linear(in_features=12, out_features=1, bias=True)
    (3): Sigmoid()
  )
)
Params are min slope: 2e-06, trend window: 100
Epoch     0 | Train Loss: 15785.326172 | Val Loss: 15376.000000 | Train R²: -558124.8125 | Val R²: -531813.3125 | NightHrsTrueNEE vs NightHrsModelReco R²: -97.6600 | NightHrsTrueNee vs NightHrsModelNee R²: -190.5100
Epoch   500 | Train Loss: 168.930084 | Val Loss: 165.746765 | Train R²: -5971.9033 | Val R²: -5731.7329 | NightHrsTrueNEE vs NightHrsModelReco R²: -250.0000 | NightHrsTrueNee vs NightHrsModelNee R²: -237.5400
Epoch  1000 | Train Loss: 46.350502 | Val Loss: 45.400414 | Train R²: -1637.8264 | Val R²: -1569.2778 | NightHrsTrueNEE vs NightHrsModelReco R²: -262.0600 | NightHrsTrueNee vs NightHrsModelNee R²: -249.6100
Epoch  1500 | Train Loss: 20.489050 | Val Loss: 20.030111 | Train R²: -723.4365 | Val R²: -691.7875 | NightHrsTrueNEE vs NightHrsModelReco R²: -266.2100 | NightHrsTrueNee vs NightHrsModelNee R²: -255.4900
Epoch  2000 | Train Loss: 11.090658 | Val Loss: 10.826213 | Train R²: -391.1352 | Val R²: -373.4495 | NightHrsTrueNEE vs NightHrsModelReco R²: -268.2900 | NightHrsTrueNee vs NightHrsModelNee R²: -259.0700
Epoch  2500 | Train Loss: 6.722836 | Val Loss: 6.556499 | Train R²: -236.7010 | Val R²: -225.7716 | NightHrsTrueNEE vs NightHrsModelReco R²: -269.5000 | NightHrsTrueNee vs NightHrsModelNee R²: -261.4600
Epoch  3000 | Train Loss: 4.392346 | Val Loss: 4.282426 | Train R²: -154.3013 | Val R²: -147.1176 | NightHrsTrueNEE vs NightHrsModelReco R²: -270.2100 | NightHrsTrueNee vs NightHrsModelNee R²: -263.1400
Epoch  3500 | Train Loss: 3.037399 | Val Loss: 2.962644 | Train R²: -106.3941 | Val R²: -101.4699 | NightHrsTrueNEE vs NightHrsModelReco R²: -270.5600 | NightHrsTrueNee vs NightHrsModelNee R²: -264.2800
Epoch  4000 | Train Loss: 2.204033 | Val Loss: 2.152401 | Train R²: -76.9285 | Val R²: -73.4457 | NightHrsTrueNEE vs NightHrsModelReco R²: -270.5500 | NightHrsTrueNee vs NightHrsModelNee R²: -264.9400
Epoch  4500 | Train Loss: 1.671635 | Val Loss: 1.635758 | Train R²: -58.1044 | Val R²: -55.5765 | NightHrsTrueNEE vs NightHrsModelReco R²: -270.0200 | NightHrsTrueNee vs NightHrsModelNee R²: -264.9700
Epoch  5000 | Train Loss: 1.321826 | Val Loss: 1.296901 | Train R²: -45.7361 | Val R²: -43.8563 | NightHrsTrueNEE vs NightHrsModelReco R²: -268.1400 | NightHrsTrueNee vs NightHrsModelNee R²: -263.5900
Epoch  5500 | Train Loss: 1.077087 | Val Loss: 1.059230 | Train R²: -37.0828 | Val R²: -35.6359 | NightHrsTrueNEE vs NightHrsModelReco R²: -255.7300 | NightHrsTrueNee vs NightHrsModelNee R²: -251.6900
Epoch  6000 | Train Loss: 0.785191 | Val Loss: 0.771077 | Train R²: -26.7622 | Val R²: -25.6695 | NightHrsTrueNEE vs NightHrsModelReco R²: -129.5100 | NightHrsTrueNee vs NightHrsModelNee R²: -127.0200
Epoch  6500 | Train Loss: 0.570427 | Val Loss: 0.561430 | Train R²: -19.1687 | Val R²: -18.4184 | NightHrsTrueNEE vs NightHrsModelReco R²: -91.1800 | NightHrsTrueNee vs NightHrsModelNee R²: -89.1600
Epoch  7000 | Train Loss: 0.425691 | Val Loss: 0.419032 | Train R²: -14.0513 | Val R²: -13.4932 | NightHrsTrueNEE vs NightHrsModelReco R²: -64.7200 | NightHrsTrueNee vs NightHrsModelNee R²: -63.1600
Epoch  7500 | Train Loss: 0.319809 | Val Loss: 0.314024 | Train R²: -10.3076 | Val R²: -9.8613 | NightHrsTrueNEE vs NightHrsModelReco R²: -45.6400 | NightHrsTrueNee vs NightHrsModelNee R²: -44.4600
Epoch  8000 | Train Loss: 0.241562 | Val Loss: 0.236526 | Train R²: -7.5410 | Val R²: -7.1808 | NightHrsTrueNEE vs NightHrsModelReco R²: -33.1800 | NightHrsTrueNee vs NightHrsModelNee R²: -32.2700
Epoch  8500 | Train Loss: 0.183773 | Val Loss: 0.179579 | Train R²: -5.4977 | Val R²: -5.2111 | NightHrsTrueNEE vs NightHrsModelReco R²: -24.8900 | NightHrsTrueNee vs NightHrsModelNee R²: -24.1800
Epoch  9000 | Train Loss: 0.140806 | Val Loss: 0.137426 | Train R²: -3.9785 | Val R²: -3.7532 | NightHrsTrueNEE vs NightHrsModelReco R²: -18.8700 | NightHrsTrueNee vs NightHrsModelNee R²: -18.3200
Epoch  9500 | Train Loss: 0.108713 | Val Loss: 0.106034 | Train R²: -2.8438 | Val R²: -2.6674 | NightHrsTrueNEE vs NightHrsModelReco R²: -14.4200 | NightHrsTrueNee vs NightHrsModelNee R²: -13.9800
Epoch 10000 | Train Loss: 0.084793 | Val Loss: 0.082681 | Train R²: -1.9981 | Val R²: -1.8597 | NightHrsTrueNEE vs NightHrsModelReco R²: -11.1000 | NightHrsTrueNee vs NightHrsModelNee R²: -10.7600
Epoch 10500 | Train Loss: 0.067029 | Val Loss: 0.065378 | Train R²: -1.3700 | Val R²: -1.2612 | NightHrsTrueNEE vs NightHrsModelReco R²: -8.6500 | NightHrsTrueNee vs NightHrsModelNee R²: -8.3700
Epoch 11000 | Train Loss: 0.053842 | Val Loss: 0.052557 | Train R²: -0.9037 | Val R²: -0.8178 | NightHrsTrueNEE vs NightHrsModelReco R²: -6.8200 | NightHrsTrueNee vs NightHrsModelNee R²: -6.6000
Epoch 11500 | Train Loss: 0.044040 | Val Loss: 0.043037 | Train R²: -0.5571 | Val R²: -0.4885 | NightHrsTrueNEE vs NightHrsModelReco R²: -5.4200 | NightHrsTrueNee vs NightHrsModelNee R²: -5.2500
Epoch 12000 | Train Loss: 0.036777 | Val Loss: 0.035996 | Train R²: -0.3003 | Val R²: -0.2450 | NightHrsTrueNEE vs NightHrsModelReco R²: -4.3300 | NightHrsTrueNee vs NightHrsModelNee R²: -4.1900
Epoch 12500 | Train Loss: 0.031379 | Val Loss: 0.030799 | Train R²: -0.1095 | Val R²: -0.0652 | NightHrsTrueNEE vs NightHrsModelReco R²: -3.4500 | NightHrsTrueNee vs NightHrsModelNee R²: -3.3400
Epoch 13000 | Train Loss: 0.027358 | Val Loss: 0.026959 | Train R²: 0.0327 | Val R²: 0.0676 | NightHrsTrueNEE vs NightHrsModelReco R²: -2.7800 | NightHrsTrueNee vs NightHrsModelNee R²: -2.6900
Epoch 13500 | Train Loss: 0.024388 | Val Loss: 0.024125 | Train R²: 0.1377 | Val R²: 0.1656 | NightHrsTrueNEE vs NightHrsModelReco R²: -2.2900 | NightHrsTrueNee vs NightHrsModelNee R²: -2.2100
Epoch 14000 | Train Loss: 0.022179 | Val Loss: 0.022018 | Train R²: 0.2158 | Val R²: 0.2385 | NightHrsTrueNEE vs NightHrsModelReco R²: -1.9100 | NightHrsTrueNee vs NightHrsModelNee R²: -1.8500
Epoch 14500 | Train Loss: 0.020508 | Val Loss: 0.020427 | Train R²: 0.2749 | Val R²: 0.2935 | NightHrsTrueNEE vs NightHrsModelReco R²: -1.6100 | NightHrsTrueNee vs NightHrsModelNee R²: -1.5600
Epoch 15000 | Train Loss: 0.019205 | Val Loss: 0.019186 | Train R²: 0.3210 | Val R²: 0.3364 | NightHrsTrueNEE vs NightHrsModelReco R²: -1.3700 | NightHrsTrueNee vs NightHrsModelNee R²: -1.3300
Epoch 15500 | Train Loss: 0.018140 | Val Loss: 0.018162 | Train R²: 0.3586 | Val R²: 0.3718 | NightHrsTrueNEE vs NightHrsModelReco R²: -1.2000 | NightHrsTrueNee vs NightHrsModelNee R²: -1.1600
Epoch 16000 | Train Loss: 0.017197 | Val Loss: 0.017242 | Train R²: 0.3920 | Val R²: 0.4036 | NightHrsTrueNEE vs NightHrsModelReco R²: -1.0600 | NightHrsTrueNee vs NightHrsModelNee R²: -1.0300
Epoch 16500 | Train Loss: 0.016250 | Val Loss: 0.016290 | Train R²: 0.4254 | Val R²: 0.4366 | NightHrsTrueNEE vs NightHrsModelReco R²: -0.9600 | NightHrsTrueNee vs NightHrsModelNee R²: -0.9300
Epoch 17000 | Train Loss: 0.015224 | Val Loss: 0.015258 | Train R²: 0.4617 | Val R²: 0.4723 | NightHrsTrueNEE vs NightHrsModelReco R²: -0.8600 | NightHrsTrueNee vs NightHrsModelNee R²: -0.8300
Epoch 17500 | Train Loss: 0.014045 | Val Loss: 0.014070 | Train R²: 0.5034 | Val R²: 0.5134 | NightHrsTrueNEE vs NightHrsModelReco R²: -0.7700 | NightHrsTrueNee vs NightHrsModelNee R²: -0.7500
Epoch 18000 | Train Loss: 0.012701 | Val Loss: 0.012705 | Train R²: 0.5509 | Val R²: 0.5606 | NightHrsTrueNEE vs NightHrsModelReco R²: -0.6800 | NightHrsTrueNee vs NightHrsModelNee R²: -0.6600
Epoch 18500 | Train Loss: 0.011250 | Val Loss: 0.011223 | Train R²: 0.6022 | Val R²: 0.6118 | NightHrsTrueNEE vs NightHrsModelReco R²: -0.5700 | NightHrsTrueNee vs NightHrsModelNee R²: -0.5500
Epoch 19000 | Train Loss: 0.009803 | Val Loss: 0.009752 | Train R²: 0.6534 | Val R²: 0.6627 | NightHrsTrueNEE vs NightHrsModelReco R²: -0.4400 | NightHrsTrueNee vs NightHrsModelNee R²: -0.4200
Epoch 19500 | Train Loss: 0.008447 | Val Loss: 0.008396 | Train R²: 0.7013 | Val R²: 0.7096 | NightHrsTrueNEE vs NightHrsModelReco R²: -0.2900 | NightHrsTrueNee vs NightHrsModelNee R²: -0.2800
Epoch 20000 | Train Loss: 0.007222 | Val Loss: 0.007177 | Train R²: 0.7446 | Val R²: 0.7518 | NightHrsTrueNEE vs NightHrsModelReco R²: -0.1400 | NightHrsTrueNee vs NightHrsModelNee R²: -0.1300
Epoch 20500 | Train Loss: 0.006145 | Val Loss: 0.006096 | Train R²: 0.7827 | Val R²: 0.7892 | NightHrsTrueNEE vs NightHrsModelReco R²: 0.0200 | NightHrsTrueNee vs NightHrsModelNee R²: 0.0300
Epoch 21000 | Train Loss: 0.005210 | Val Loss: 0.005158 | Train R²: 0.8158 | Val R²: 0.8216 | NightHrsTrueNEE vs NightHrsModelReco R²: 0.1800 | NightHrsTrueNee vs NightHrsModelNee R²: 0.1900
Epoch 21500 | Train Loss: 0.004449 | Val Loss: 0.004414 | Train R²: 0.8427 | Val R²: 0.8473 | NightHrsTrueNEE vs NightHrsModelReco R²: 0.3100 | NightHrsTrueNee vs NightHrsModelNee R²: 0.3200
Epoch 22000 | Train Loss: 0.003871 | Val Loss: 0.003862 | Train R²: 0.8631 | Val R²: 0.8664 | NightHrsTrueNEE vs NightHrsModelReco R²: 0.4100 | NightHrsTrueNee vs NightHrsModelNee R²: 0.4200
Epoch 22500 | Train Loss: 0.003428 | Val Loss: 0.003443 | Train R²: 0.8788 | Val R²: 0.8809 | NightHrsTrueNEE vs NightHrsModelReco R²: 0.4900 | NightHrsTrueNee vs NightHrsModelNee R²: 0.4900
Epoch 23000 | Train Loss: 0.003062 | Val Loss: 0.003089 | Train R²: 0.8917 | Val R²: 0.8932 | NightHrsTrueNEE vs NightHrsModelReco R²: 0.5400 | NightHrsTrueNee vs NightHrsModelNee R²: 0.5400
Epoch 23500 | Train Loss: 0.002741 | Val Loss: 0.002772 | Train R²: 0.9031 | Val R²: 0.9041 | NightHrsTrueNEE vs NightHrsModelReco R²: 0.5900 | NightHrsTrueNee vs NightHrsModelNee R²: 0.5900
Epoch 24000 | Train Loss: 0.002459 | Val Loss: 0.002487 | Train R²: 0.9130 | Val R²: 0.9140 | NightHrsTrueNEE vs NightHrsModelReco R²: 0.6300 | NightHrsTrueNee vs NightHrsModelNee R²: 0.6300
Epoch 24500 | Train Loss: 0.002221 | Val Loss: 0.002236 | Train R²: 0.9215 | Val R²: 0.9227 | NightHrsTrueNEE vs NightHrsModelReco R²: 0.6500 | NightHrsTrueNee vs NightHrsModelNee R²: 0.6500
Epoch 25000 | Train Loss: 0.002027 | Val Loss: 0.002027 | Train R²: 0.9283 | Val R²: 0.9299 | NightHrsTrueNEE vs NightHrsModelReco R²: 0.6800 | NightHrsTrueNee vs NightHrsModelNee R²: 0.6800
Epoch 25500 | Train Loss: 0.001881 | Val Loss: 0.001866 | Train R²: 0.9335 | Val R²: 0.9354 | NightHrsTrueNEE vs NightHrsModelReco R²: 0.7000 | NightHrsTrueNee vs NightHrsModelNee R²: 0.7000
Epoch 26000 | Train Loss: 0.001772 | Val Loss: 0.001746 | Train R²: 0.9373 | Val R²: 0.9396 | NightHrsTrueNEE vs NightHrsModelReco R²: 0.7100 | NightHrsTrueNee vs NightHrsModelNee R²: 0.7100
Epoch 26500 | Train Loss: 0.001682 | Val Loss: 0.001647 | Train R²: 0.9405 | Val R²: 0.9430 | NightHrsTrueNEE vs NightHrsModelReco R²: 0.7200 | NightHrsTrueNee vs NightHrsModelNee R²: 0.7200
Epoch 27000 | Train Loss: 0.001602 | Val Loss: 0.001561 | Train R²: 0.9434 | Val R²: 0.9460 | NightHrsTrueNEE vs NightHrsModelReco R²: 0.7300 | NightHrsTrueNee vs NightHrsModelNee R²: 0.7300
Epoch 27500 | Train Loss: 0.001531 | Val Loss: 0.001487 | Train R²: 0.9459 | Val R²: 0.9486 | NightHrsTrueNEE vs NightHrsModelReco R²: 0.7400 | NightHrsTrueNee vs NightHrsModelNee R²: 0.7400
Epoch 28000 | Train Loss: 0.001470 | Val Loss: 0.001428 | Train R²: 0.9480 | Val R²: 0.9506 | NightHrsTrueNEE vs NightHrsModelReco R²: 0.7500 | NightHrsTrueNee vs NightHrsModelNee R²: 0.7500
Epoch 28500 | Train Loss: 0.001418 | Val Loss: 0.001381 | Train R²: 0.9498 | Val R²: 0.9522 | NightHrsTrueNEE vs NightHrsModelReco R²: 0.7600 | NightHrsTrueNee vs NightHrsModelNee R²: 0.7600
Epoch 29000 | Train Loss: 0.001378 | Val Loss: 0.001342 | Train R²: 0.9513 | Val R²: 0.9536 | NightHrsTrueNEE vs NightHrsModelReco R²: 0.7600 | NightHrsTrueNee vs NightHrsModelNee R²: 0.7600
Epoch 29500 | Train Loss: 0.001345 | Val Loss: 0.001310 | Train R²: 0.9525 | Val R²: 0.9547 | NightHrsTrueNEE vs NightHrsModelReco R²: 0.7700 | NightHrsTrueNee vs NightHrsModelNee R²: 0.7700
Early stopping at epoch 29617 due to flat/negative trend (slope=0.000002)
Epoch 29617 | Train Loss: 0.001338 | Val Loss: 0.001303 | Train R²: 0.9527 | Val R²: 0.9549
Unpickling models
Following models have been loaded and moved to cuda:
trained gpp model:
 SNN_GPP_Tram(
  (net): Sequential(
    (0): Linear(in_features=11, out_features=12, bias=True)
    (1): Tanh()
    (2): Linear(in_features=12, out_features=1, bias=True)
    (3): Sigmoid()
  )
), trained_reco_model:
 SNN_GPP_Tram(
  (net): Sequential(
    (0): Linear(in_features=12, out_features=12, bias=True)
    (1): Tanh()
    (2): Linear(in_features=12, out_features=1, bias=True)
    (3): Sigmoid()
  )
)
using full data set for visualization
Un-normalizing the GPP and RECO predictions using NEE min: tensor([-36.1705]), NEE max: tensor([35.8634])



Metrics for the Tramontana, with
GPP inputs: ['SW_IN', 'VPD', 'TA', 'WTD', 'WS', 'PotRad', 'PotRadDailyAvg', 'PotRadDailyDiff', 'WD_COS', 'WD_SIN', 'GPP_PROX']
RECO inputs: ['DOY_sin', 'DOY_cos', 'TA', 'TS_1', 'TS_2', 'TS_3', 'TS_4', 'WTD', 'WS', 'WD_COS', 'WD_SIN', 'NIGHTLY_NEE_AVG']:
dt_gpp vs Tramontana_GPP R²=0.97 RMSE=1.26
nt_gpp vs Tramontana_GPP R²=0.95 RMSE=1.52
dt_reco vs Tramontana_RECO R²=0.79 RMSE=1.08
nt_reco vs Tramontana_RECO R²=0.86 RMSE=0.76
night_hours_true_nee vs Tramontana_night_hours_model_reco R²=0.76 RMSE=1.00
night_hours_true_nee vs Tramontana_night_hours_model_nee R²=0.76 RMSE=1.00
dt_gpp vs nt_gpp R²=0.95 RMSE=1.56
dt_reco vs nt_reco R²=0.85 RMSE=1.00

gpp_input_names,  ['SW_IN', 'VPD', 'TA', 'WTD', 'WS', 'PotRad', 'PotRadHalfHourlyDiff', 'PotRadDailyDiff', 'WD_COS', 'WD_SIN', 'GPP_PROX'] 
reco_input_names,  ['DOY_sin', 'DOY_cos', 'TA', 'TS_1', 'TS_2', 'TS_3', 'TS_4', 'WTD', 'WS', 'WD_COS', 'WD_SIN', 'NIGHTLY_NEE_AVG'] 
true_nee_name,  ['NEE'] 

Tramontana Running on GPU With hidden layer size of 12 Total epochs: 100000 lr: 0.001 patience: 500 min_delta 0.01
SNN_GPP_Tram(
  (net): Sequential(
    (0): Linear(in_features=11, out_features=12, bias=True)
    (1): Tanh()
    (2): Linear(in_features=12, out_features=1, bias=True)
    (3): Sigmoid()
  )
)
SNN_RECO_Tram(
  (net): Sequential(
    (0): Linear(in_features=12, out_features=12, bias=True)
    (1): Tanh()
    (2): Linear(in_features=12, out_features=1, bias=True)
    (3): Sigmoid()
  )
)
Params are min slope: 2e-06, trend window: 100
Epoch     0 | Train Loss: 17664.433594 | Val Loss: 17273.644531 | Train R²: -624564.8750 | Val R²: -597447.7500 | NightHrsTrueNEE vs NightHrsModelReco R²: -97.6400 | NightHrsTrueNee vs NightHrsModelNee R²: -198.3700
Epoch   500 | Train Loss: 205.830963 | Val Loss: 200.779373 | Train R²: -7276.6167 | Val R²: -6943.4175 | NightHrsTrueNEE vs NightHrsModelReco R²: -249.2000 | NightHrsTrueNee vs NightHrsModelNee R²: -237.9600
Epoch  1000 | Train Loss: 59.574596 | Val Loss: 58.092785 | Train R²: -2105.3940 | Val R²: -2008.2725 | NightHrsTrueNEE vs NightHrsModelReco R²: -261.7600 | NightHrsTrueNee vs NightHrsModelNee R²: -248.1000
Epoch  1500 | Train Loss: 27.155180 | Val Loss: 26.447182 | Train R²: -959.1326 | Val R²: -913.7367 | NightHrsTrueNEE vs NightHrsModelReco R²: -266.1900 | NightHrsTrueNee vs NightHrsModelNee R²: -253.3500
Epoch  2000 | Train Loss: 14.935762 | Val Loss: 14.529392 | Train R²: -527.0875 | Val R²: -501.5324 | NightHrsTrueNEE vs NightHrsModelReco R²: -268.4500 | NightHrsTrueNee vs NightHrsModelNee R²: -256.8000
Epoch  2500 | Train Loss: 9.105218 | Val Loss: 8.849399 | Train R²: -320.9355 | Val R²: -305.0768 | NightHrsTrueNEE vs NightHrsModelReco R²: -269.7900 | NightHrsTrueNee vs NightHrsModelNee R²: -259.2600
Epoch  3000 | Train Loss: 5.929708 | Val Loss: 5.759885 | Train R²: -208.6582 | Val R²: -198.2189 | NightHrsTrueNEE vs NightHrsModelReco R²: -270.6300 | NightHrsTrueNee vs NightHrsModelNee R²: -261.1100
Epoch  3500 | Train Loss: 4.051578 | Val Loss: 3.935162 | Train R²: -142.2526 | Val R²: -135.1066 | NightHrsTrueNEE vs NightHrsModelReco R²: -271.1400 | NightHrsTrueNee vs NightHrsModelNee R²: -262.5100
Epoch  4000 | Train Loss: 2.878957 | Val Loss: 2.797605 | Train R²: -100.7920 | Val R²: -95.7616 | NightHrsTrueNEE vs NightHrsModelReco R²: -271.3600 | NightHrsTrueNee vs NightHrsModelNee R²: -263.5100
Epoch  4500 | Train Loss: 2.119739 | Val Loss: 2.062300 | Train R²: -73.9481 | Val R²: -70.3294 | NightHrsTrueNEE vs NightHrsModelReco R²: -271.2300 | NightHrsTrueNee vs NightHrsModelNee R²: -264.0800
Epoch  5000 | Train Loss: 1.615929 | Val Loss: 1.575222 | Train R²: -56.1348 | Val R²: -53.4827 | NightHrsTrueNEE vs NightHrsModelReco R²: -270.4600 | NightHrsTrueNee vs NightHrsModelNee R²: -263.9400
Epoch  5500 | Train Loss: 1.275097 | Val Loss: 1.246232 | Train R²: -44.0839 | Val R²: -42.1038 | NightHrsTrueNEE vs NightHrsModelReco R²: -267.8900 | NightHrsTrueNee vs NightHrsModelNee R²: -261.9500
Epoch  6000 | Train Loss: 1.028275 | Val Loss: 1.006808 | Train R²: -35.3570 | Val R²: -33.8228 | NightHrsTrueNEE vs NightHrsModelReco R²: -249.2700 | NightHrsTrueNee vs NightHrsModelNee R²: -244.0400
Epoch  6500 | Train Loss: 0.761726 | Val Loss: 0.744594 | Train R²: -25.9325 | Val R²: -24.7535 | NightHrsTrueNEE vs NightHrsModelReco R²: -132.7700 | NightHrsTrueNee vs NightHrsModelNee R²: -129.6100
Epoch  7000 | Train Loss: 0.584158 | Val Loss: 0.572073 | Train R²: -19.6542 | Val R²: -18.7865 | NightHrsTrueNEE vs NightHrsModelReco R²: -105.4900 | NightHrsTrueNee vs NightHrsModelNee R²: -102.8600
Epoch  7500 | Train Loss: 0.442817 | Val Loss: 0.433631 | Train R²: -14.6568 | Val R²: -13.9981 | NightHrsTrueNEE vs NightHrsModelReco R²: -76.2400 | NightHrsTrueNee vs NightHrsModelNee R²: -74.1700
Epoch  8000 | Train Loss: 0.333867 | Val Loss: 0.325438 | Train R²: -10.8046 | Val R²: -10.2560 | NightHrsTrueNEE vs NightHrsModelReco R²: -51.0400 | NightHrsTrueNee vs NightHrsModelNee R²: -49.5200
Epoch  8500 | Train Loss: 0.252834 | Val Loss: 0.245534 | Train R²: -7.9395 | Val R²: -7.4923 | NightHrsTrueNEE vs NightHrsModelReco R²: -36.0100 | NightHrsTrueNee vs NightHrsModelNee R²: -34.8600
Epoch  9000 | Train Loss: 0.191894 | Val Loss: 0.186054 | Train R²: -5.7848 | Val R²: -5.4351 | NightHrsTrueNEE vs NightHrsModelReco R²: -26.6500 | NightHrsTrueNee vs NightHrsModelNee R²: -25.7600
Epoch  9500 | Train Loss: 0.145640 | Val Loss: 0.141121 | Train R²: -4.1494 | Val R²: -3.8810 | NightHrsTrueNEE vs NightHrsModelReco R²: -19.8500 | NightHrsTrueNee vs NightHrsModelNee R²: -19.1500
Epoch 10000 | Train Loss: 0.110889 | Val Loss: 0.107439 | Train R²: -2.9207 | Val R²: -2.7160 | NightHrsTrueNEE vs NightHrsModelReco R²: -14.9000 | NightHrsTrueNee vs NightHrsModelNee R²: -14.3500
Epoch 10500 | Train Loss: 0.085172 | Val Loss: 0.082539 | Train R²: -2.0114 | Val R²: -1.8548 | NightHrsTrueNEE vs NightHrsModelReco R²: -11.3200 | NightHrsTrueNee vs NightHrsModelNee R²: -10.8900
Epoch 11000 | Train Loss: 0.066243 | Val Loss: 0.064236 | Train R²: -1.3422 | Val R²: -1.2217 | NightHrsTrueNEE vs NightHrsModelReco R²: -8.7300 | NightHrsTrueNee vs NightHrsModelNee R²: -8.3800
Epoch 11500 | Train Loss: 0.052363 | Val Loss: 0.050812 | Train R²: -0.8514 | Val R²: -0.7574 | NightHrsTrueNEE vs NightHrsModelReco R²: -6.8200 | NightHrsTrueNee vs NightHrsModelNee R²: -6.5400
Epoch 12000 | Train Loss: 0.042140 | Val Loss: 0.040917 | Train R²: -0.4899 | Val R²: -0.4152 | NightHrsTrueNEE vs NightHrsModelReco R²: -5.3600 | NightHrsTrueNee vs NightHrsModelNee R²: -5.1400
Epoch 12500 | Train Loss: 0.034545 | Val Loss: 0.033572 | Train R²: -0.2214 | Val R²: -0.1612 | NightHrsTrueNEE vs NightHrsModelReco R²: -4.2500 | NightHrsTrueNee vs NightHrsModelNee R²: -4.0700
Epoch 13000 | Train Loss: 0.028878 | Val Loss: 0.028102 | Train R²: -0.0210 | Val R²: 0.0280 | NightHrsTrueNEE vs NightHrsModelReco R²: -3.3900 | NightHrsTrueNee vs NightHrsModelNee R²: -3.2400
Epoch 13500 | Train Loss: 0.024674 | Val Loss: 0.024063 | Train R²: 0.1276 | Val R²: 0.1677 | NightHrsTrueNEE vs NightHrsModelReco R²: -2.7200 | NightHrsTrueNee vs NightHrsModelNee R²: -2.6100
Epoch 14000 | Train Loss: 0.021527 | Val Loss: 0.021054 | Train R²: 0.2389 | Val R²: 0.2718 | NightHrsTrueNEE vs NightHrsModelReco R²: -2.2100 | NightHrsTrueNee vs NightHrsModelNee R²: -2.1100
Epoch 14500 | Train Loss: 0.019117 | Val Loss: 0.018749 | Train R²: 0.3241 | Val R²: 0.3515 | NightHrsTrueNEE vs NightHrsModelReco R²: -1.7900 | NightHrsTrueNee vs NightHrsModelNee R²: -1.7200
Epoch 15000 | Train Loss: 0.017263 | Val Loss: 0.016977 | Train R²: 0.3896 | Val R²: 0.4128 | NightHrsTrueNEE vs NightHrsModelReco R²: -1.4500 | NightHrsTrueNee vs NightHrsModelNee R²: -1.3900
Epoch 15500 | Train Loss: 0.015817 | Val Loss: 0.015595 | Train R²: 0.4408 | Val R²: 0.4606 | NightHrsTrueNEE vs NightHrsModelReco R²: -1.2000 | NightHrsTrueNee vs NightHrsModelNee R²: -1.1500
Epoch 16000 | Train Loss: 0.014627 | Val Loss: 0.014458 | Train R²: 0.4828 | Val R²: 0.4999 | NightHrsTrueNEE vs NightHrsModelReco R²: -1.0100 | NightHrsTrueNee vs NightHrsModelNee R²: -0.9600
Epoch 16500 | Train Loss: 0.013554 | Val Loss: 0.013424 | Train R²: 0.5208 | Val R²: 0.5357 | NightHrsTrueNEE vs NightHrsModelReco R²: -0.8500 | NightHrsTrueNee vs NightHrsModelNee R²: -0.8100
Epoch 17000 | Train Loss: 0.012472 | Val Loss: 0.012360 | Train R²: 0.5590 | Val R²: 0.5725 | NightHrsTrueNEE vs NightHrsModelReco R²: -0.7100 | NightHrsTrueNee vs NightHrsModelNee R²: -0.6800
Epoch 17500 | Train Loss: 0.011321 | Val Loss: 0.011221 | Train R²: 0.5997 | Val R²: 0.6119 | NightHrsTrueNEE vs NightHrsModelReco R²: -0.5800 | NightHrsTrueNee vs NightHrsModelNee R²: -0.5500
Epoch 18000 | Train Loss: 0.010109 | Val Loss: 0.010019 | Train R²: 0.6426 | Val R²: 0.6535 | NightHrsTrueNEE vs NightHrsModelReco R²: -0.4400 | NightHrsTrueNee vs NightHrsModelNee R²: -0.4100
Epoch 18500 | Train Loss: 0.008860 | Val Loss: 0.008776 | Train R²: 0.6867 | Val R²: 0.6965 | NightHrsTrueNEE vs NightHrsModelReco R²: -0.2900 | NightHrsTrueNee vs NightHrsModelNee R²: -0.2700
Epoch 19000 | Train Loss: 0.007645 | Val Loss: 0.007572 | Train R²: 0.7297 | Val R²: 0.7381 | NightHrsTrueNEE vs NightHrsModelReco R²: -0.1400 | NightHrsTrueNee vs NightHrsModelNee R²: -0.1200
Epoch 19500 | Train Loss: 0.006566 | Val Loss: 0.006508 | Train R²: 0.7678 | Val R²: 0.7749 | NightHrsTrueNEE vs NightHrsModelReco R²: 0.0100 | NightHrsTrueNee vs NightHrsModelNee R²: 0.0200
Epoch 20000 | Train Loss: 0.005682 | Val Loss: 0.005641 | Train R²: 0.7991 | Val R²: 0.8049 | NightHrsTrueNEE vs NightHrsModelReco R²: 0.1400 | NightHrsTrueNee vs NightHrsModelNee R²: 0.1500
Epoch 20500 | Train Loss: 0.004996 | Val Loss: 0.004971 | Train R²: 0.8233 | Val R²: 0.8281 | NightHrsTrueNEE vs NightHrsModelReco R²: 0.2500 | NightHrsTrueNee vs NightHrsModelNee R²: 0.2600
Epoch 21000 | Train Loss: 0.004473 | Val Loss: 0.004456 | Train R²: 0.8419 | Val R²: 0.8459 | NightHrsTrueNEE vs NightHrsModelReco R²: 0.3300 | NightHrsTrueNee vs NightHrsModelNee R²: 0.3400
Epoch 21500 | Train Loss: 0.004052 | Val Loss: 0.004036 | Train R²: 0.8567 | Val R²: 0.8604 | NightHrsTrueNEE vs NightHrsModelReco R²: 0.4000 | NightHrsTrueNee vs NightHrsModelNee R²: 0.4000
Epoch 22000 | Train Loss: 0.003701 | Val Loss: 0.003692 | Train R²: 0.8691 | Val R²: 0.8723 | NightHrsTrueNEE vs NightHrsModelReco R²: 0.4500 | NightHrsTrueNee vs NightHrsModelNee R²: 0.4500
Epoch 22500 | Train Loss: 0.003392 | Val Loss: 0.003388 | Train R²: 0.8801 | Val R²: 0.8828 | NightHrsTrueNEE vs NightHrsModelReco R²: 0.4900 | NightHrsTrueNee vs NightHrsModelNee R²: 0.4900
Epoch 23000 | Train Loss: 0.003103 | Val Loss: 0.003104 | Train R²: 0.8903 | Val R²: 0.8926 | NightHrsTrueNEE vs NightHrsModelReco R²: 0.5300 | NightHrsTrueNee vs NightHrsModelNee R²: 0.5300
Epoch 23500 | Train Loss: 0.002836 | Val Loss: 0.002846 | Train R²: 0.8997 | Val R²: 0.9016 | NightHrsTrueNEE vs NightHrsModelReco R²: 0.5700 | NightHrsTrueNee vs NightHrsModelNee R²: 0.5700
Epoch 24000 | Train Loss: 0.002594 | Val Loss: 0.002605 | Train R²: 0.9083 | Val R²: 0.9099 | NightHrsTrueNEE vs NightHrsModelReco R²: 0.6000 | NightHrsTrueNee vs NightHrsModelNee R²: 0.6000
Epoch 24500 | Train Loss: 0.002371 | Val Loss: 0.002378 | Train R²: 0.9162 | Val R²: 0.9178 | NightHrsTrueNEE vs NightHrsModelReco R²: 0.6300 | NightHrsTrueNee vs NightHrsModelNee R²: 0.6300
Epoch 25000 | Train Loss: 0.002172 | Val Loss: 0.002169 | Train R²: 0.9232 | Val R²: 0.9250 | NightHrsTrueNEE vs NightHrsModelReco R²: 0.6600 | NightHrsTrueNee vs NightHrsModelNee R²: 0.6600
Epoch 25500 | Train Loss: 0.002010 | Val Loss: 0.001993 | Train R²: 0.9289 | Val R²: 0.9311 | NightHrsTrueNEE vs NightHrsModelReco R²: 0.6800 | NightHrsTrueNee vs NightHrsModelNee R²: 0.6800
Epoch 26000 | Train Loss: 0.001888 | Val Loss: 0.001857 | Train R²: 0.9333 | Val R²: 0.9358 | NightHrsTrueNEE vs NightHrsModelReco R²: 0.6900 | NightHrsTrueNee vs NightHrsModelNee R²: 0.6900
Epoch 26500 | Train Loss: 0.001791 | Val Loss: 0.001749 | Train R²: 0.9367 | Val R²: 0.9395 | NightHrsTrueNEE vs NightHrsModelReco R²: 0.7100 | NightHrsTrueNee vs NightHrsModelNee R²: 0.7100
Epoch 27000 | Train Loss: 0.001705 | Val Loss: 0.001657 | Train R²: 0.9397 | Val R²: 0.9427 | NightHrsTrueNEE vs NightHrsModelReco R²: 0.7200 | NightHrsTrueNee vs NightHrsModelNee R²: 0.7200
Epoch 27500 | Train Loss: 0.001626 | Val Loss: 0.001576 | Train R²: 0.9425 | Val R²: 0.9455 | NightHrsTrueNEE vs NightHrsModelReco R²: 0.7300 | NightHrsTrueNee vs NightHrsModelNee R²: 0.7300
Epoch 28000 | Train Loss: 0.001559 | Val Loss: 0.001507 | Train R²: 0.9449 | Val R²: 0.9479 | NightHrsTrueNEE vs NightHrsModelReco R²: 0.7400 | NightHrsTrueNee vs NightHrsModelNee R²: 0.7400
Epoch 28500 | Train Loss: 0.001499 | Val Loss: 0.001447 | Train R²: 0.9470 | Val R²: 0.9499 | NightHrsTrueNEE vs NightHrsModelReco R²: 0.7400 | NightHrsTrueNee vs NightHrsModelNee R²: 0.7400
Epoch 29000 | Train Loss: 0.001450 | Val Loss: 0.001398 | Train R²: 0.9487 | Val R²: 0.9516 | NightHrsTrueNEE vs NightHrsModelReco R²: 0.7500 | NightHrsTrueNee vs NightHrsModelNee R²: 0.7500
Epoch 29500 | Train Loss: 0.001410 | Val Loss: 0.001361 | Train R²: 0.9501 | Val R²: 0.9529 | NightHrsTrueNEE vs NightHrsModelReco R²: 0.7600 | NightHrsTrueNee vs NightHrsModelNee R²: 0.7600
Early stopping at epoch 29763 due to flat/negative trend (slope=0.000002)
Epoch 29763 | Train Loss: 0.001393 | Val Loss: 0.001345 | Train R²: 0.9507 | Val R²: 0.9535
Unpickling models
Following models have been loaded and moved to cuda:
trained gpp model:
 SNN_GPP_Tram(
  (net): Sequential(
    (0): Linear(in_features=11, out_features=12, bias=True)
    (1): Tanh()
    (2): Linear(in_features=12, out_features=1, bias=True)
    (3): Sigmoid()
  )
), trained_reco_model:
 SNN_GPP_Tram(
  (net): Sequential(
    (0): Linear(in_features=12, out_features=12, bias=True)
    (1): Tanh()
    (2): Linear(in_features=12, out_features=1, bias=True)
    (3): Sigmoid()
  )
)
using full data set for visualization
Un-normalizing the GPP and RECO predictions using NEE min: tensor([-36.1705]), NEE max: tensor([35.8634])



Metrics for the Tramontana, with
GPP inputs: ['SW_IN', 'VPD', 'TA', 'WTD', 'WS', 'PotRad', 'PotRadHalfHourlyDiff', 'PotRadDailyDiff', 'WD_COS', 'WD_SIN', 'GPP_PROX']
RECO inputs: ['DOY_sin', 'DOY_cos', 'TA', 'TS_1', 'TS_2', 'TS_3', 'TS_4', 'WTD', 'WS', 'WD_COS', 'WD_SIN', 'NIGHTLY_NEE_AVG']:
dt_gpp vs Tramontana_GPP R²=0.97 RMSE=1.27
nt_gpp vs Tramontana_GPP R²=0.95 RMSE=1.53
dt_reco vs Tramontana_RECO R²=0.80 RMSE=1.05
nt_reco vs Tramontana_RECO R²=0.86 RMSE=0.75
night_hours_true_nee vs Tramontana_night_hours_model_reco R²=0.75 RMSE=1.01
night_hours_true_nee vs Tramontana_night_hours_model_nee R²=0.75 RMSE=1.01
dt_gpp vs nt_gpp R²=0.95 RMSE=1.56
dt_reco vs nt_reco R²=0.85 RMSE=1.00

gpp_input_names,  ['SW_IN', 'VPD', 'TA', 'WTD', 'WS', 'PotRad', 'PotRadHalfHourlyDiff', 'PotRadDailyAvg', 'WD_COS', 'WD_SIN', 'GPP_PROX'] 
reco_input_names,  ['DOY_sin', 'DOY_cos', 'TA', 'TS_1', 'TS_2', 'TS_3', 'TS_4', 'WTD', 'WS', 'WD_COS', 'WD_SIN', 'NIGHTLY_NEE_AVG'] 
true_nee_name,  ['NEE'] 

Tramontana Running on GPU With hidden layer size of 12 Total epochs: 100000 lr: 0.001 patience: 500 min_delta 0.01
SNN_GPP_Tram(
  (net): Sequential(
    (0): Linear(in_features=11, out_features=12, bias=True)
    (1): Tanh()
    (2): Linear(in_features=12, out_features=1, bias=True)
    (3): Sigmoid()
  )
)
SNN_RECO_Tram(
  (net): Sequential(
    (0): Linear(in_features=12, out_features=12, bias=True)
    (1): Tanh()
    (2): Linear(in_features=12, out_features=1, bias=True)
    (3): Sigmoid()
  )
)
Params are min slope: 2e-06, trend window: 100
Epoch     0 | Train Loss: 17923.613281 | Val Loss: 17518.564453 | Train R²: -633728.6875 | Val R²: -605918.9375 | NightHrsTrueNEE vs NightHrsModelReco R²: -97.6000 | NightHrsTrueNee vs NightHrsModelNee R²: -194.6400
Epoch   500 | Train Loss: 180.456985 | Val Loss: 174.685776 | Train R²: -6379.4629 | Val R²: -6040.9092 | NightHrsTrueNEE vs NightHrsModelReco R²: -248.4200 | NightHrsTrueNee vs NightHrsModelNee R²: -235.8900
Epoch  1000 | Train Loss: 51.839867 | Val Loss: 49.932316 | Train R²: -1831.9153 | Val R²: -1726.0240 | NightHrsTrueNEE vs NightHrsModelReco R²: -261.1700 | NightHrsTrueNee vs NightHrsModelNee R²: -248.2100
Epoch  1500 | Train Loss: 23.648668 | Val Loss: 22.693752 | Train R²: -835.1519 | Val R²: -783.9156 | NightHrsTrueNEE vs NightHrsModelReco R²: -265.6600 | NightHrsTrueNee vs NightHrsModelNee R²: -254.0700
Epoch  2000 | Train Loss: 13.049357 | Val Loss: 12.486943 | Train R²: -460.3894 | Val R²: -430.8897 | NightHrsTrueNEE vs NightHrsModelReco R²: -267.9400 | NightHrsTrueNee vs NightHrsModelNee R²: -257.6800
Epoch  2500 | Train Loss: 7.995923 | Val Loss: 7.635346 | Train R²: -281.7139 | Val R²: -263.0860 | NightHrsTrueNEE vs NightHrsModelReco R²: -269.2900 | NightHrsTrueNee vs NightHrsModelNee R²: -260.1600
Epoch  3000 | Train Loss: 5.244919 | Val Loss: 5.001807 | Train R²: -184.4459 | Val R²: -171.9990 | NightHrsTrueNEE vs NightHrsModelReco R²: -270.1100 | NightHrsTrueNee vs NightHrsModelNee R²: -261.9400
Epoch  3500 | Train Loss: 3.618591 | Val Loss: 3.449373 | Train R²: -126.9434 | Val R²: -118.3045 | NightHrsTrueNEE vs NightHrsModelReco R²: -270.5600 | NightHrsTrueNee vs NightHrsModelNee R²: -263.2100
Epoch  4000 | Train Loss: 2.603690 | Val Loss: 2.483453 | Train R²: -91.0593 | Val R²: -84.8959 | NightHrsTrueNEE vs NightHrsModelReco R²: -270.6900 | NightHrsTrueNee vs NightHrsModelNee R²: -264.0500
Epoch  4500 | Train Loss: 1.946869 | Val Loss: 1.860298 | Train R²: -67.8359 | Val R²: -63.3427 | NightHrsTrueNEE vs NightHrsModelReco R²: -270.3700 | NightHrsTrueNee vs NightHrsModelNee R²: -264.3500
Epoch  5000 | Train Loss: 1.510844 | Val Loss: 1.447995 | Train R²: -52.4193 | Val R²: -49.0823 | NightHrsTrueNEE vs NightHrsModelReco R²: -269.1300 | NightHrsTrueNee vs NightHrsModelNee R²: -263.6700
Epoch  5500 | Train Loss: 1.213464 | Val Loss: 1.167479 | Train R²: -41.9048 | Val R²: -39.3799 | NightHrsTrueNEE vs NightHrsModelReco R²: -264.1600 | NightHrsTrueNee vs NightHrsModelNee R²: -259.2200
Epoch  6000 | Train Loss: 0.942032 | Val Loss: 0.905949 | Train R²: -32.3077 | Val R²: -30.3343 | NightHrsTrueNEE vs NightHrsModelReco R²: -189.1000 | NightHrsTrueNee vs NightHrsModelNee R²: -185.4700
Epoch  6500 | Train Loss: 0.687317 | Val Loss: 0.661522 | Train R²: -23.3017 | Val R²: -21.8803 | NightHrsTrueNEE vs NightHrsModelReco R²: -109.8300 | NightHrsTrueNee vs NightHrsModelNee R²: -107.3400
Epoch  7000 | Train Loss: 0.514646 | Val Loss: 0.496922 | Train R²: -17.1965 | Val R²: -16.1872 | NightHrsTrueNEE vs NightHrsModelReco R²: -82.7100 | NightHrsTrueNee vs NightHrsModelNee R²: -80.6700
Epoch  7500 | Train Loss: 0.391158 | Val Loss: 0.377723 | Train R²: -12.8303 | Val R²: -12.0644 | NightHrsTrueNEE vs NightHrsModelReco R²: -61.5300 | NightHrsTrueNee vs NightHrsModelNee R²: -59.9400
Epoch  8000 | Train Loss: 0.297041 | Val Loss: 0.286087 | Train R²: -9.5025 | Val R²: -8.8950 | NightHrsTrueNEE vs NightHrsModelReco R²: -43.7200 | NightHrsTrueNee vs NightHrsModelNee R²: -42.5100
Epoch  8500 | Train Loss: 0.226068 | Val Loss: 0.217319 | Train R²: -6.9931 | Val R²: -6.5165 | NightHrsTrueNEE vs NightHrsModelReco R²: -32.2700 | NightHrsTrueNee vs NightHrsModelNee R²: -31.3300
Epoch  9000 | Train Loss: 0.172435 | Val Loss: 0.165580 | Train R²: -5.0968 | Val R²: -4.7270 | NightHrsTrueNEE vs NightHrsModelReco R²: -24.1800 | NightHrsTrueNee vs NightHrsModelNee R²: -23.4400
Epoch  9500 | Train Loss: 0.132099 | Val Loss: 0.126770 | Train R²: -3.6706 | Val R²: -3.3846 | NightHrsTrueNEE vs NightHrsModelReco R²: -18.2200 | NightHrsTrueNee vs NightHrsModelNee R²: -17.6400
Epoch 10000 | Train Loss: 0.101912 | Val Loss: 0.097825 | Train R²: -2.6033 | Val R²: -2.3835 | NightHrsTrueNEE vs NightHrsModelReco R²: -13.8800 | NightHrsTrueNee vs NightHrsModelNee R²: -13.4200
Epoch 10500 | Train Loss: 0.079391 | Val Loss: 0.076273 | Train R²: -1.8071 | Val R²: -1.6381 | NightHrsTrueNEE vs NightHrsModelReco R²: -10.6800 | NightHrsTrueNee vs NightHrsModelNee R²: -10.3100
Epoch 11000 | Train Loss: 0.062654 | Val Loss: 0.060270 | Train R²: -1.2153 | Val R²: -1.0846 | NightHrsTrueNEE vs NightHrsModelReco R²: -8.2900 | NightHrsTrueNee vs NightHrsModelNee R²: -8.0000
Epoch 11500 | Train Loss: 0.050262 | Val Loss: 0.048423 | Train R²: -0.7771 | Val R²: -0.6748 | NightHrsTrueNEE vs NightHrsModelReco R²: -6.4900 | NightHrsTrueNee vs NightHrsModelNee R²: -6.2600
Epoch 12000 | Train Loss: 0.041103 | Val Loss: 0.039666 | Train R²: -0.4533 | Val R²: -0.3720 | NightHrsTrueNEE vs NightHrsModelReco R²: -5.1200 | NightHrsTrueNee vs NightHrsModelNee R²: -4.9300
Epoch 12500 | Train Loss: 0.034321 | Val Loss: 0.033197 | Train R²: -0.2135 | Val R²: -0.1482 | NightHrsTrueNEE vs NightHrsModelReco R²: -4.0600 | NightHrsTrueNee vs NightHrsModelNee R²: -3.9100
Epoch 13000 | Train Loss: 0.029293 | Val Loss: 0.028417 | Train R²: -0.0357 | Val R²: 0.0171 | NightHrsTrueNEE vs NightHrsModelReco R²: -3.2600 | NightHrsTrueNee vs NightHrsModelNee R²: -3.1300
Epoch 13500 | Train Loss: 0.025545 | Val Loss: 0.024860 | Train R²: 0.0968 | Val R²: 0.1402 | NightHrsTrueNEE vs NightHrsModelReco R²: -2.6600 | NightHrsTrueNee vs NightHrsModelNee R²: -2.5600
Epoch 14000 | Train Loss: 0.022711 | Val Loss: 0.022166 | Train R²: 0.1970 | Val R²: 0.2333 | NightHrsTrueNEE vs NightHrsModelReco R²: -2.2200 | NightHrsTrueNee vs NightHrsModelNee R²: -2.1400
Epoch 14500 | Train Loss: 0.020619 | Val Loss: 0.020193 | Train R²: 0.2710 | Val R²: 0.3016 | NightHrsTrueNEE vs NightHrsModelReco R²: -1.8600 | NightHrsTrueNee vs NightHrsModelNee R²: -1.8000
Epoch 15000 | Train Loss: 0.019075 | Val Loss: 0.018747 | Train R²: 0.3256 | Val R²: 0.3516 | NightHrsTrueNEE vs NightHrsModelReco R²: -1.5800 | NightHrsTrueNee vs NightHrsModelNee R²: -1.5300
Epoch 15500 | Train Loss: 0.017886 | Val Loss: 0.017636 | Train R²: 0.3676 | Val R²: 0.3900 | NightHrsTrueNEE vs NightHrsModelReco R²: -1.3700 | NightHrsTrueNee vs NightHrsModelNee R²: -1.3200
Epoch 16000 | Train Loss: 0.016907 | Val Loss: 0.016715 | Train R²: 0.4022 | Val R²: 0.4219 | NightHrsTrueNEE vs NightHrsModelReco R²: -1.1900 | NightHrsTrueNee vs NightHrsModelNee R²: -1.1500
Epoch 16500 | Train Loss: 0.016021 | Val Loss: 0.015869 | Train R²: 0.4336 | Val R²: 0.4511 | NightHrsTrueNEE vs NightHrsModelReco R²: -1.0500 | NightHrsTrueNee vs NightHrsModelNee R²: -1.0200
Epoch 17000 | Train Loss: 0.015124 | Val Loss: 0.014998 | Train R²: 0.4653 | Val R²: 0.4813 | NightHrsTrueNEE vs NightHrsModelReco R²: -0.9400 | NightHrsTrueNee vs NightHrsModelNee R²: -0.9100
Epoch 17500 | Train Loss: 0.014123 | Val Loss: 0.014006 | Train R²: 0.5007 | Val R²: 0.5156 | NightHrsTrueNEE vs NightHrsModelReco R²: -0.8400 | NightHrsTrueNee vs NightHrsModelNee R²: -0.8100
Epoch 18000 | Train Loss: 0.012943 | Val Loss: 0.012817 | Train R²: 0.5424 | Val R²: 0.5567 | NightHrsTrueNEE vs NightHrsModelReco R²: -0.7500 | NightHrsTrueNee vs NightHrsModelNee R²: -0.7200
Epoch 18500 | Train Loss: 0.011548 | Val Loss: 0.011395 | Train R²: 0.5917 | Val R²: 0.6059 | NightHrsTrueNEE vs NightHrsModelReco R²: -0.6400 | NightHrsTrueNee vs NightHrsModelNee R²: -0.6200
Epoch 19000 | Train Loss: 0.009956 | Val Loss: 0.009770 | Train R²: 0.6480 | Val R²: 0.6621 | NightHrsTrueNEE vs NightHrsModelReco R²: -0.5000 | NightHrsTrueNee vs NightHrsModelNee R²: -0.4700
Epoch 19500 | Train Loss: 0.008333 | Val Loss: 0.008139 | Train R²: 0.7054 | Val R²: 0.7185 | NightHrsTrueNEE vs NightHrsModelReco R²: -0.3100 | NightHrsTrueNee vs NightHrsModelNee R²: -0.2900
Epoch 20000 | Train Loss: 0.006926 | Val Loss: 0.006769 | Train R²: 0.7551 | Val R²: 0.7659 | NightHrsTrueNEE vs NightHrsModelReco R²: -0.1200 | NightHrsTrueNee vs NightHrsModelNee R²: -0.1000
Epoch 20500 | Train Loss: 0.005877 | Val Loss: 0.005764 | Train R²: 0.7922 | Val R²: 0.8006 | NightHrsTrueNEE vs NightHrsModelReco R²: 0.0600 | NightHrsTrueNee vs NightHrsModelNee R²: 0.0700
Epoch 21000 | Train Loss: 0.005144 | Val Loss: 0.005070 | Train R²: 0.8181 | Val R²: 0.8246 | NightHrsTrueNEE vs NightHrsModelReco R²: 0.2000 | NightHrsTrueNee vs NightHrsModelNee R²: 0.2100
Epoch 21500 | Train Loss: 0.004614 | Val Loss: 0.004568 | Train R²: 0.8369 | Val R²: 0.8420 | NightHrsTrueNEE vs NightHrsModelReco R²: 0.3000 | NightHrsTrueNee vs NightHrsModelNee R²: 0.3000
Epoch 22000 | Train Loss: 0.004202 | Val Loss: 0.004170 | Train R²: 0.8514 | Val R²: 0.8558 | NightHrsTrueNEE vs NightHrsModelReco R²: 0.3700 | NightHrsTrueNee vs NightHrsModelNee R²: 0.3800
Epoch 22500 | Train Loss: 0.003854 | Val Loss: 0.003830 | Train R²: 0.8637 | Val R²: 0.8675 | NightHrsTrueNEE vs NightHrsModelReco R²: 0.4300 | NightHrsTrueNee vs NightHrsModelNee R²: 0.4400
Epoch 23000 | Train Loss: 0.003515 | Val Loss: 0.003496 | Train R²: 0.8757 | Val R²: 0.8791 | NightHrsTrueNEE vs NightHrsModelReco R²: 0.4900 | NightHrsTrueNee vs NightHrsModelNee R²: 0.4900
Epoch 23500 | Train Loss: 0.003192 | Val Loss: 0.003179 | Train R²: 0.8872 | Val R²: 0.8900 | NightHrsTrueNEE vs NightHrsModelReco R²: 0.5400 | NightHrsTrueNee vs NightHrsModelNee R²: 0.5400
Epoch 24000 | Train Loss: 0.002883 | Val Loss: 0.002869 | Train R²: 0.8981 | Val R²: 0.9008 | NightHrsTrueNEE vs NightHrsModelReco R²: 0.5800 | NightHrsTrueNee vs NightHrsModelNee R²: 0.5800
Epoch 24500 | Train Loss: 0.002591 | Val Loss: 0.002576 | Train R²: 0.9084 | Val R²: 0.9109 | NightHrsTrueNEE vs NightHrsModelReco R²: 0.6100 | NightHrsTrueNee vs NightHrsModelNee R²: 0.6100
Epoch 25000 | Train Loss: 0.002316 | Val Loss: 0.002296 | Train R²: 0.9181 | Val R²: 0.9206 | NightHrsTrueNEE vs NightHrsModelReco R²: 0.6400 | NightHrsTrueNee vs NightHrsModelNee R²: 0.6400
Epoch 25500 | Train Loss: 0.002083 | Val Loss: 0.002057 | Train R²: 0.9263 | Val R²: 0.9289 | NightHrsTrueNEE vs NightHrsModelReco R²: 0.6600 | NightHrsTrueNee vs NightHrsModelNee R²: 0.6600
Epoch 26000 | Train Loss: 0.001920 | Val Loss: 0.001886 | Train R²: 0.9321 | Val R²: 0.9348 | NightHrsTrueNEE vs NightHrsModelReco R²: 0.6800 | NightHrsTrueNee vs NightHrsModelNee R²: 0.6800
Epoch 26500 | Train Loss: 0.001817 | Val Loss: 0.001778 | Train R²: 0.9358 | Val R²: 0.9385 | NightHrsTrueNEE vs NightHrsModelReco R²: 0.7000 | NightHrsTrueNee vs NightHrsModelNee R²: 0.7000
Epoch 27000 | Train Loss: 0.001742 | Val Loss: 0.001704 | Train R²: 0.9384 | Val R²: 0.9411 | NightHrsTrueNEE vs NightHrsModelReco R²: 0.7100 | NightHrsTrueNee vs NightHrsModelNee R²: 0.7100
Epoch 27500 | Train Loss: 0.001680 | Val Loss: 0.001643 | Train R²: 0.9406 | Val R²: 0.9432 | NightHrsTrueNEE vs NightHrsModelReco R²: 0.7200 | NightHrsTrueNee vs NightHrsModelNee R²: 0.7200
Epoch 28000 | Train Loss: 0.001624 | Val Loss: 0.001589 | Train R²: 0.9426 | Val R²: 0.9450 | NightHrsTrueNEE vs NightHrsModelReco R²: 0.7200 | NightHrsTrueNee vs NightHrsModelNee R²: 0.7200
Epoch 28500 | Train Loss: 0.001571 | Val Loss: 0.001540 | Train R²: 0.9444 | Val R²: 0.9468 | NightHrsTrueNEE vs NightHrsModelReco R²: 0.7300 | NightHrsTrueNee vs NightHrsModelNee R²: 0.7300
Epoch 29000 | Train Loss: 0.001521 | Val Loss: 0.001493 | Train R²: 0.9462 | Val R²: 0.9484 | NightHrsTrueNEE vs NightHrsModelReco R²: 0.7400 | NightHrsTrueNee vs NightHrsModelNee R²: 0.7400
Epoch 29500 | Train Loss: 0.001478 | Val Loss: 0.001450 | Train R²: 0.9477 | Val R²: 0.9499 | NightHrsTrueNEE vs NightHrsModelReco R²: 0.7500 | NightHrsTrueNee vs NightHrsModelNee R²: 0.7500
Epoch 30000 | Train Loss: 0.001444 | Val Loss: 0.001413 | Train R²: 0.9489 | Val R²: 0.9511 | NightHrsTrueNEE vs NightHrsModelReco R²: 0.7500 | NightHrsTrueNee vs NightHrsModelNee R²: 0.7500
Early stopping at epoch 30379 due to flat/negative trend (slope=0.000002)
Epoch 30379 | Train Loss: 0.001423 | Val Loss: 0.001390 | Train R²: 0.9497 | Val R²: 0.9519
Unpickling models
Following models have been loaded and moved to cuda:
trained gpp model:
 SNN_GPP_Tram(
  (net): Sequential(
    (0): Linear(in_features=11, out_features=12, bias=True)
    (1): Tanh()
    (2): Linear(in_features=12, out_features=1, bias=True)
    (3): Sigmoid()
  )
), trained_reco_model:
 SNN_GPP_Tram(
  (net): Sequential(
    (0): Linear(in_features=12, out_features=12, bias=True)
    (1): Tanh()
    (2): Linear(in_features=12, out_features=1, bias=True)
    (3): Sigmoid()
  )
)
using full data set for visualization
Un-normalizing the GPP and RECO predictions using NEE min: tensor([-36.1705]), NEE max: tensor([35.8634])



Metrics for the Tramontana, with
GPP inputs: ['SW_IN', 'VPD', 'TA', 'WTD', 'WS', 'PotRad', 'PotRadHalfHourlyDiff', 'PotRadDailyAvg', 'WD_COS', 'WD_SIN', 'GPP_PROX']
RECO inputs: ['DOY_sin', 'DOY_cos', 'TA', 'TS_1', 'TS_2', 'TS_3', 'TS_4', 'WTD', 'WS', 'WD_COS', 'WD_SIN', 'NIGHTLY_NEE_AVG']:
dt_gpp vs Tramontana_GPP R²=0.96 RMSE=1.34
nt_gpp vs Tramontana_GPP R²=0.94 RMSE=1.70
dt_reco vs Tramontana_RECO R²=0.75 RMSE=1.17
nt_reco vs Tramontana_RECO R²=0.75 RMSE=1.01
night_hours_true_nee vs Tramontana_night_hours_model_reco R²=0.74 RMSE=1.02
night_hours_true_nee vs Tramontana_night_hours_model_nee R²=0.74 RMSE=1.02
dt_gpp vs nt_gpp R²=0.95 RMSE=1.56
dt_reco vs nt_reco R²=0.85 RMSE=1.00

gpp_input_names,  ['SW_IN', 'VPD', 'TA', 'WTD', 'WS', 'PotRad', 'PotRadHalfHourlyDiff', 'PotRadDailyAvg', 'PotRadDailyDiff', 'WD_SIN', 'GPP_PROX'] 
reco_input_names,  ['DOY_sin', 'DOY_cos', 'TA', 'TS_1', 'TS_2', 'TS_3', 'TS_4', 'WTD', 'WS', 'WD_COS', 'WD_SIN', 'NIGHTLY_NEE_AVG'] 
true_nee_name,  ['NEE'] 

Tramontana Running on GPU With hidden layer size of 12 Total epochs: 100000 lr: 0.001 patience: 500 min_delta 0.01
SNN_GPP_Tram(
  (net): Sequential(
    (0): Linear(in_features=11, out_features=12, bias=True)
    (1): Tanh()
    (2): Linear(in_features=12, out_features=1, bias=True)
    (3): Sigmoid()
  )
)
SNN_RECO_Tram(
  (net): Sequential(
    (0): Linear(in_features=12, out_features=12, bias=True)
    (1): Tanh()
    (2): Linear(in_features=12, out_features=1, bias=True)
    (3): Sigmoid()
  )
)
Params are min slope: 2e-06, trend window: 100
Epoch     0 | Train Loss: 16376.665039 | Val Loss: 16017.940430 | Train R²: -579032.8750 | Val R²: -554016.3125 | NightHrsTrueNEE vs NightHrsModelReco R²: -97.6000 | NightHrsTrueNee vs NightHrsModelNee R²: -190.9100
Epoch   500 | Train Loss: 157.482864 | Val Loss: 153.077072 | Train R²: -5567.1611 | Val R²: -5293.5229 | NightHrsTrueNEE vs NightHrsModelReco R²: -247.9600 | NightHrsTrueNee vs NightHrsModelNee R²: -235.0300
Epoch  1000 | Train Loss: 43.249054 | Val Loss: 41.944092 | Train R²: -1528.1677 | Val R²: -1449.7329 | NightHrsTrueNEE vs NightHrsModelReco R²: -260.3900 | NightHrsTrueNee vs NightHrsModelNee R²: -247.9900
Epoch  1500 | Train Loss: 19.296688 | Val Loss: 18.679350 | Train R²: -681.2779 | Val R²: -645.0683 | NightHrsTrueNEE vs NightHrsModelReco R²: -264.8000 | NightHrsTrueNee vs NightHrsModelNee R²: -254.1100
Epoch  2000 | Train Loss: 10.515064 | Val Loss: 10.165419 | Train R²: -370.7838 | Val R²: -350.5944 | NightHrsTrueNEE vs NightHrsModelReco R²: -267.0300 | NightHrsTrueNee vs NightHrsModelNee R²: -257.8000
Epoch  2500 | Train Loss: 6.402641 | Val Loss: 6.185548 | Train R²: -225.3798 | Val R²: -212.9414 | NightHrsTrueNEE vs NightHrsModelReco R²: -268.3100 | NightHrsTrueNee vs NightHrsModelNee R²: -260.2400
Epoch  3000 | Train Loss: 4.195712 | Val Loss: 4.053601 | Train R²: -147.3489 | Val R²: -139.2031 | NightHrsTrueNEE vs NightHrsModelReco R²: -269.0200 | NightHrsTrueNee vs NightHrsModelNee R²: -261.9000
Epoch  3500 | Train Loss: 2.906992 | Val Loss: 2.810976 | Train R²: -101.7833 | Val R²: -96.2241 | NightHrsTrueNEE vs NightHrsModelReco R²: -269.2700 | NightHrsTrueNee vs NightHrsModelNee R²: -262.9500
Epoch  4000 | Train Loss: 2.111635 | Val Loss: 2.045557 | Train R²: -73.6616 | Val R²: -69.7503 | NightHrsTrueNEE vs NightHrsModelReco R²: -269.0000 | NightHrsTrueNee vs NightHrsModelNee R²: -263.3400
Epoch  4500 | Train Loss: 1.601732 | Val Loss: 1.555815 | Train R²: -55.6328 | Val R²: -52.8114 | NightHrsTrueNEE vs NightHrsModelReco R²: -267.7100 | NightHrsTrueNee vs NightHrsModelNee R²: -262.6300
Epoch  5000 | Train Loss: 1.262757 | Val Loss: 1.230525 | Train R²: -43.6476 | Val R²: -41.5605 | NightHrsTrueNEE vs NightHrsModelReco R²: -262.2300 | NightHrsTrueNee vs NightHrsModelNee R²: -257.6800
Epoch  5500 | Train Loss: 0.962582 | Val Loss: 0.936750 | Train R²: -33.0342 | Val R²: -31.3997 | NightHrsTrueNEE vs NightHrsModelReco R²: -184.6700 | NightHrsTrueNee vs NightHrsModelNee R²: -181.3100
Epoch  6000 | Train Loss: 0.704392 | Val Loss: 0.687043 | Train R²: -23.9054 | Val R²: -22.7630 | NightHrsTrueNEE vs NightHrsModelReco R²: -111.7400 | NightHrsTrueNee vs NightHrsModelNee R²: -109.4000
Epoch  6500 | Train Loss: 0.524710 | Val Loss: 0.512719 | Train R²: -17.5523 | Val R²: -16.7336 | NightHrsTrueNEE vs NightHrsModelReco R²: -83.9300 | NightHrsTrueNee vs NightHrsModelNee R²: -81.9800
Epoch  7000 | Train Loss: 0.396769 | Val Loss: 0.387952 | Train R²: -13.0286 | Val R²: -12.4182 | NightHrsTrueNEE vs NightHrsModelReco R²: -61.2500 | NightHrsTrueNee vs NightHrsModelNee R²: -59.7500
Epoch  7500 | Train Loss: 0.301815 | Val Loss: 0.295004 | Train R²: -9.6714 | Val R²: -9.2034 | NightHrsTrueNEE vs NightHrsModelReco R²: -44.3100 | NightHrsTrueNee vs NightHrsModelNee R²: -43.1700
Epoch  8000 | Train Loss: 0.229798 | Val Loss: 0.224470 | Train R²: -7.1250 | Val R²: -6.7638 | NightHrsTrueNEE vs NightHrsModelReco R²: -32.5800 | NightHrsTrueNee vs NightHrsModelNee R²: -31.6900
Epoch  8500 | Train Loss: 0.175678 | Val Loss: 0.171581 | Train R²: -5.2115 | Val R²: -4.9345 | NightHrsTrueNEE vs NightHrsModelReco R²: -24.8300 | NightHrsTrueNee vs NightHrsModelNee R²: -24.1300
Epoch  9000 | Train Loss: 0.135003 | Val Loss: 0.131906 | Train R²: -3.7733 | Val R²: -3.5623 | NightHrsTrueNEE vs NightHrsModelReco R²: -19.1000 | NightHrsTrueNee vs NightHrsModelNee R²: -18.5400
Epoch  9500 | Train Loss: 0.104394 | Val Loss: 0.102083 | Train R²: -2.6911 | Val R²: -2.5308 | NightHrsTrueNEE vs NightHrsModelReco R²: -14.7400 | NightHrsTrueNee vs NightHrsModelNee R²: -14.3000
Epoch 10000 | Train Loss: 0.081397 | Val Loss: 0.079677 | Train R²: -1.8780 | Val R²: -1.7558 | NightHrsTrueNEE vs NightHrsModelReco R²: -11.4400 | NightHrsTrueNee vs NightHrsModelNee R²: -11.0900
Epoch 10500 | Train Loss: 0.064197 | Val Loss: 0.062912 | Train R²: -1.2698 | Val R²: -1.1759 | NightHrsTrueNEE vs NightHrsModelReco R²: -8.9500 | NightHrsTrueNee vs NightHrsModelNee R²: -8.6700
Epoch 11000 | Train Loss: 0.051383 | Val Loss: 0.050421 | Train R²: -0.8168 | Val R²: -0.7439 | NightHrsTrueNEE vs NightHrsModelReco R²: -7.0500 | NightHrsTrueNee vs NightHrsModelNee R²: -6.8200
Epoch 11500 | Train Loss: 0.041861 | Val Loss: 0.041146 | Train R²: -0.4801 | Val R²: -0.4231 | NightHrsTrueNEE vs NightHrsModelReco R²: -5.5900 | NightHrsTrueNee vs NightHrsModelNee R²: -5.4100
Epoch 12000 | Train Loss: 0.034799 | Val Loss: 0.034282 | Train R²: -0.2304 | Val R²: -0.1857 | NightHrsTrueNEE vs NightHrsModelReco R²: -4.4600 | NightHrsTrueNee vs NightHrsModelNee R²: -4.3100
Epoch 12500 | Train Loss: 0.029566 | Val Loss: 0.029209 | Train R²: -0.0454 | Val R²: -0.0103 | NightHrsTrueNEE vs NightHrsModelReco R²: -3.5900 | NightHrsTrueNee vs NightHrsModelNee R²: -3.4700
Epoch 13000 | Train Loss: 0.025676 | Val Loss: 0.025445 | Train R²: 0.0922 | Val R²: 0.1199 | NightHrsTrueNEE vs NightHrsModelReco R²: -2.9300 | NightHrsTrueNee vs NightHrsModelNee R²: -2.8300
Epoch 13500 | Train Loss: 0.022791 | Val Loss: 0.022649 | Train R²: 0.1942 | Val R²: 0.2166 | NightHrsTrueNEE vs NightHrsModelReco R²: -2.4200 | NightHrsTrueNee vs NightHrsModelNee R²: -2.3400
Epoch 14000 | Train Loss: 0.020671 | Val Loss: 0.020593 | Train R²: 0.2691 | Val R²: 0.2877 | NightHrsTrueNEE vs NightHrsModelReco R²: -2.0200 | NightHrsTrueNee vs NightHrsModelNee R²: -1.9600
Epoch 14500 | Train Loss: 0.019090 | Val Loss: 0.019065 | Train R²: 0.3250 | Val R²: 0.3406 | NightHrsTrueNEE vs NightHrsModelReco R²: -1.7100 | NightHrsTrueNee vs NightHrsModelNee R²: -1.6600
Epoch 15000 | Train Loss: 0.017868 | Val Loss: 0.017889 | Train R²: 0.3682 | Val R²: 0.3813 | NightHrsTrueNEE vs NightHrsModelReco R²: -1.4600 | NightHrsTrueNee vs NightHrsModelNee R²: -1.4200
Epoch 15500 | Train Loss: 0.016873 | Val Loss: 0.016931 | Train R²: 0.4034 | Val R²: 0.4144 | NightHrsTrueNEE vs NightHrsModelReco R²: -1.2700 | NightHrsTrueNee vs NightHrsModelNee R²: -1.2300
Epoch 16000 | Train Loss: 0.015998 | Val Loss: 0.016082 | Train R²: 0.4343 | Val R²: 0.4438 | NightHrsTrueNEE vs NightHrsModelReco R²: -1.1100 | NightHrsTrueNee vs NightHrsModelNee R²: -1.0800
Epoch 16500 | Train Loss: 0.015142 | Val Loss: 0.015238 | Train R²: 0.4646 | Val R²: 0.4729 | NightHrsTrueNEE vs NightHrsModelReco R²: -0.9900 | NightHrsTrueNee vs NightHrsModelNee R²: -0.9600
Epoch 17000 | Train Loss: 0.014202 | Val Loss: 0.014289 | Train R²: 0.4978 | Val R²: 0.5058 | NightHrsTrueNEE vs NightHrsModelReco R²: -0.8800 | NightHrsTrueNee vs NightHrsModelNee R²: -0.8500
Epoch 17500 | Train Loss: 0.013128 | Val Loss: 0.013190 | Train R²: 0.5358 | Val R²: 0.5438 | NightHrsTrueNEE vs NightHrsModelReco R²: -0.7700 | NightHrsTrueNee vs NightHrsModelNee R²: -0.7400
Epoch 18000 | Train Loss: 0.011898 | Val Loss: 0.011932 | Train R²: 0.5793 | Val R²: 0.5873 | NightHrsTrueNEE vs NightHrsModelReco R²: -0.6300 | NightHrsTrueNee vs NightHrsModelNee R²: -0.6100
Epoch 18500 | Train Loss: 0.010562 | Val Loss: 0.010564 | Train R²: 0.6266 | Val R²: 0.6346 | NightHrsTrueNEE vs NightHrsModelReco R²: -0.4900 | NightHrsTrueNee vs NightHrsModelNee R²: -0.4600
Epoch 19000 | Train Loss: 0.009203 | Val Loss: 0.009183 | Train R²: 0.6746 | Val R²: 0.6824 | NightHrsTrueNEE vs NightHrsModelReco R²: -0.3400 | NightHrsTrueNee vs NightHrsModelNee R²: -0.3200
Epoch 19500 | Train Loss: 0.007892 | Val Loss: 0.007855 | Train R²: 0.7210 | Val R²: 0.7283 | NightHrsTrueNEE vs NightHrsModelReco R²: -0.1900 | NightHrsTrueNee vs NightHrsModelNee R²: -0.1700
Epoch 20000 | Train Loss: 0.006687 | Val Loss: 0.006634 | Train R²: 0.7636 | Val R²: 0.7705 | NightHrsTrueNEE vs NightHrsModelReco R²: -0.0300 | NightHrsTrueNee vs NightHrsModelNee R²: -0.0100
Epoch 20500 | Train Loss: 0.005659 | Val Loss: 0.005595 | Train R²: 0.7999 | Val R²: 0.8065 | NightHrsTrueNEE vs NightHrsModelReco R²: 0.1300 | NightHrsTrueNee vs NightHrsModelNee R²: 0.1400
Epoch 21000 | Train Loss: 0.004845 | Val Loss: 0.004777 | Train R²: 0.8287 | Val R²: 0.8348 | NightHrsTrueNEE vs NightHrsModelReco R²: 0.2500 | NightHrsTrueNee vs NightHrsModelNee R²: 0.2600
Epoch 21500 | Train Loss: 0.004206 | Val Loss: 0.004147 | Train R²: 0.8513 | Val R²: 0.8566 | NightHrsTrueNEE vs NightHrsModelReco R²: 0.3400 | NightHrsTrueNee vs NightHrsModelNee R²: 0.3500
Epoch 22000 | Train Loss: 0.003713 | Val Loss: 0.003671 | Train R²: 0.8687 | Val R²: 0.8730 | NightHrsTrueNEE vs NightHrsModelReco R²: 0.4200 | NightHrsTrueNee vs NightHrsModelNee R²: 0.4200
Epoch 22500 | Train Loss: 0.003332 | Val Loss: 0.003302 | Train R²: 0.8822 | Val R²: 0.8858 | NightHrsTrueNEE vs NightHrsModelReco R²: 0.4800 | NightHrsTrueNee vs NightHrsModelNee R²: 0.4800
Epoch 23000 | Train Loss: 0.003021 | Val Loss: 0.002996 | Train R²: 0.8932 | Val R²: 0.8964 | NightHrsTrueNEE vs NightHrsModelReco R²: 0.5300 | NightHrsTrueNee vs NightHrsModelNee R²: 0.5300
Epoch 23500 | Train Loss: 0.002748 | Val Loss: 0.002732 | Train R²: 0.9028 | Val R²: 0.9055 | NightHrsTrueNEE vs NightHrsModelReco R²: 0.5700 | NightHrsTrueNee vs NightHrsModelNee R²: 0.5800
Epoch 24000 | Train Loss: 0.002502 | Val Loss: 0.002492 | Train R²: 0.9115 | Val R²: 0.9138 | NightHrsTrueNEE vs NightHrsModelReco R²: 0.6100 | NightHrsTrueNee vs NightHrsModelNee R²: 0.6100
Epoch 24500 | Train Loss: 0.002277 | Val Loss: 0.002268 | Train R²: 0.9195 | Val R²: 0.9215 | NightHrsTrueNEE vs NightHrsModelReco R²: 0.6400 | NightHrsTrueNee vs NightHrsModelNee R²: 0.6400
Epoch 25000 | Train Loss: 0.002072 | Val Loss: 0.002060 | Train R²: 0.9267 | Val R²: 0.9288 | NightHrsTrueNEE vs NightHrsModelReco R²: 0.6700 | NightHrsTrueNee vs NightHrsModelNee R²: 0.6700
Epoch 25500 | Train Loss: 0.001899 | Val Loss: 0.001883 | Train R²: 0.9328 | Val R²: 0.9349 | NightHrsTrueNEE vs NightHrsModelReco R²: 0.6900 | NightHrsTrueNee vs NightHrsModelNee R²: 0.6900
Epoch 26000 | Train Loss: 0.001768 | Val Loss: 0.001747 | Train R²: 0.9375 | Val R²: 0.9396 | NightHrsTrueNEE vs NightHrsModelReco R²: 0.7000 | NightHrsTrueNee vs NightHrsModelNee R²: 0.7100
Epoch 26500 | Train Loss: 0.001673 | Val Loss: 0.001648 | Train R²: 0.9409 | Val R²: 0.9430 | NightHrsTrueNEE vs NightHrsModelReco R²: 0.7200 | NightHrsTrueNee vs NightHrsModelNee R²: 0.7200
Epoch 27000 | Train Loss: 0.001600 | Val Loss: 0.001575 | Train R²: 0.9434 | Val R²: 0.9455 | NightHrsTrueNEE vs NightHrsModelReco R²: 0.7300 | NightHrsTrueNee vs NightHrsModelNee R²: 0.7300
Epoch 27500 | Train Loss: 0.001541 | Val Loss: 0.001517 | Train R²: 0.9455 | Val R²: 0.9475 | NightHrsTrueNEE vs NightHrsModelReco R²: 0.7400 | NightHrsTrueNee vs NightHrsModelNee R²: 0.7400
Epoch 28000 | Train Loss: 0.001493 | Val Loss: 0.001468 | Train R²: 0.9472 | Val R²: 0.9492 | NightHrsTrueNEE vs NightHrsModelReco R²: 0.7400 | NightHrsTrueNee vs NightHrsModelNee R²: 0.7400
Epoch 28500 | Train Loss: 0.001455 | Val Loss: 0.001429 | Train R²: 0.9486 | Val R²: 0.9506 | NightHrsTrueNEE vs NightHrsModelReco R²: 0.7500 | NightHrsTrueNee vs NightHrsModelNee R²: 0.7500
Early stopping at epoch 28953 due to flat/negative trend (slope=0.000002)
Epoch 28953 | Train Loss: 0.001427 | Val Loss: 0.001401 | Train R²: 0.9495 | Val R²: 0.9516
Unpickling models
Following models have been loaded and moved to cuda:
trained gpp model:
 SNN_GPP_Tram(
  (net): Sequential(
    (0): Linear(in_features=11, out_features=12, bias=True)
    (1): Tanh()
    (2): Linear(in_features=12, out_features=1, bias=True)
    (3): Sigmoid()
  )
), trained_reco_model:
 SNN_GPP_Tram(
  (net): Sequential(
    (0): Linear(in_features=12, out_features=12, bias=True)
    (1): Tanh()
    (2): Linear(in_features=12, out_features=1, bias=True)
    (3): Sigmoid()
  )
)
using full data set for visualization
Un-normalizing the GPP and RECO predictions using NEE min: tensor([-36.1705]), NEE max: tensor([35.8634])



Metrics for the Tramontana, with
GPP inputs: ['SW_IN', 'VPD', 'TA', 'WTD', 'WS', 'PotRad', 'PotRadHalfHourlyDiff', 'PotRadDailyAvg', 'PotRadDailyDiff', 'WD_SIN', 'GPP_PROX']
RECO inputs: ['DOY_sin', 'DOY_cos', 'TA', 'TS_1', 'TS_2', 'TS_3', 'TS_4', 'WTD', 'WS', 'WD_COS', 'WD_SIN', 'NIGHTLY_NEE_AVG']:
dt_gpp vs Tramontana_GPP R²=0.97 RMSE=1.26
nt_gpp vs Tramontana_GPP R²=0.95 RMSE=1.60
dt_reco vs Tramontana_RECO R²=0.77 RMSE=1.11
nt_reco vs Tramontana_RECO R²=0.83 RMSE=0.84
night_hours_true_nee vs Tramontana_night_hours_model_reco R²=0.74 RMSE=1.02
night_hours_true_nee vs Tramontana_night_hours_model_nee R²=0.74 RMSE=1.02
dt_gpp vs nt_gpp R²=0.95 RMSE=1.56
dt_reco vs nt_reco R²=0.85 RMSE=1.00

gpp_input_names,  ['SW_IN', 'VPD', 'TA', 'WTD', 'WS', 'PotRad', 'PotRadHalfHourlyDiff', 'PotRadDailyAvg', 'PotRadDailyDiff', 'WD_COS', 'GPP_PROX'] 
reco_input_names,  ['DOY_sin', 'DOY_cos', 'TA', 'TS_1', 'TS_2', 'TS_3', 'TS_4', 'WTD', 'WS', 'WD_COS', 'WD_SIN', 'NIGHTLY_NEE_AVG'] 
true_nee_name,  ['NEE'] 

Tramontana Running on GPU With hidden layer size of 12 Total epochs: 100000 lr: 0.001 patience: 500 min_delta 0.01
SNN_GPP_Tram(
  (net): Sequential(
    (0): Linear(in_features=11, out_features=12, bias=True)
    (1): Tanh()
    (2): Linear(in_features=12, out_features=1, bias=True)
    (3): Sigmoid()
  )
)
SNN_RECO_Tram(
  (net): Sequential(
    (0): Linear(in_features=12, out_features=12, bias=True)
    (1): Tanh()
    (2): Linear(in_features=12, out_features=1, bias=True)
    (3): Sigmoid()
  )
)
Params are min slope: 2e-06, trend window: 100
Epoch     0 | Train Loss: 16396.917969 | Val Loss: 15958.181641 | Train R²: -579748.9375 | Val R²: -551949.5000 | NightHrsTrueNEE vs NightHrsModelReco R²: -97.6000 | NightHrsTrueNee vs NightHrsModelNee R²: -185.2200
Epoch   500 | Train Loss: 150.064423 | Val Loss: 145.542084 | Train R²: -5304.8652 | Val R²: -5032.9082 | NightHrsTrueNEE vs NightHrsModelReco R²: -246.6200 | NightHrsTrueNee vs NightHrsModelNee R²: -233.9300
Epoch  1000 | Train Loss: 42.439720 | Val Loss: 41.146442 | Train R²: -1499.5520 | Val R²: -1422.1444 | NightHrsTrueNEE vs NightHrsModelReco R²: -259.9100 | NightHrsTrueNee vs NightHrsModelNee R²: -247.7700
Epoch  1500 | Train Loss: 19.299303 | Val Loss: 18.699842 | Train R²: -681.3703 | Val R²: -645.7771 | NightHrsTrueNEE vs NightHrsModelReco R²: -264.6400 | NightHrsTrueNee vs NightHrsModelNee R²: -253.8800
Epoch  2000 | Train Loss: 10.655845 | Val Loss: 10.319962 | Train R²: -375.7614 | Val R²: -355.9396 | NightHrsTrueNEE vs NightHrsModelReco R²: -267.0400 | NightHrsTrueNee vs NightHrsModelNee R²: -257.5000
Epoch  2500 | Train Loss: 6.550873 | Val Loss: 6.343366 | Train R²: -230.6208 | Val R²: -218.3999 | NightHrsTrueNEE vs NightHrsModelReco R²: -268.4300 | NightHrsTrueNee vs NightHrsModelNee R²: -259.9200
Epoch  3000 | Train Loss: 4.323667 | Val Loss: 4.187990 | Train R²: -151.8730 | Val R²: -143.8513 | NightHrsTrueNEE vs NightHrsModelReco R²: -269.2500 | NightHrsTrueNee vs NightHrsModelNee R²: -261.6000
Epoch  3500 | Train Loss: 3.011528 | Val Loss: 2.919691 | Train R²: -105.4794 | Val R²: -99.9842 | NightHrsTrueNEE vs NightHrsModelReco R²: -269.6500 | NightHrsTrueNee vs NightHrsModelNee R²: -262.7400
Epoch  4000 | Train Loss: 2.195757 | Val Loss: 2.132269 | Train R²: -76.6359 | Val R²: -72.7494 | NightHrsTrueNEE vs NightHrsModelReco R²: -269.6200 | NightHrsTrueNee vs NightHrsModelNee R²: -263.3600
Epoch  4500 | Train Loss: 1.669808 | Val Loss: 1.625387 | Train R²: -58.0398 | Val R²: -55.2177 | NightHrsTrueNEE vs NightHrsModelReco R²: -268.9600 | NightHrsTrueNee vs NightHrsModelNee R²: -263.2700
Epoch  5000 | Train Loss: 1.321183 | Val Loss: 1.289869 | Train R²: -45.7134 | Val R²: -43.6131 | NightHrsTrueNEE vs NightHrsModelReco R²: -266.6200 | NightHrsTrueNee vs NightHrsModelNee R²: -261.4600
Epoch  5500 | Train Loss: 1.071024 | Val Loss: 1.047886 | Train R²: -36.8685 | Val R²: -35.2436 | NightHrsTrueNEE vs NightHrsModelReco R²: -249.3300 | NightHrsTrueNee vs NightHrsModelNee R²: -244.7800
Epoch  6000 | Train Loss: 0.774207 | Val Loss: 0.755634 | Train R²: -26.3738 | Val R²: -25.1354 | NightHrsTrueNEE vs NightHrsModelReco R²: -124.1200 | NightHrsTrueNee vs NightHrsModelNee R²: -121.4100
Epoch  6500 | Train Loss: 0.566164 | Val Loss: 0.553751 | Train R²: -19.0180 | Val R²: -18.1528 | NightHrsTrueNEE vs NightHrsModelReco R²: -86.6900 | NightHrsTrueNee vs NightHrsModelNee R²: -84.5200
Epoch  7000 | Train Loss: 0.428551 | Val Loss: 0.419273 | Train R²: -14.1524 | Val R²: -13.5015 | NightHrsTrueNEE vs NightHrsModelReco R²: -65.0400 | NightHrsTrueNee vs NightHrsModelNee R²: -63.3200
Epoch  7500 | Train Loss: 0.324299 | Val Loss: 0.316384 | Train R²: -10.4663 | Val R²: -9.9429 | NightHrsTrueNEE vs NightHrsModelReco R²: -46.8300 | NightHrsTrueNee vs NightHrsModelNee R²: -45.5100
Epoch  8000 | Train Loss: 0.245963 | Val Loss: 0.239147 | Train R²: -7.6966 | Val R²: -7.2714 | NightHrsTrueNEE vs NightHrsModelReco R²: -33.3400 | NightHrsTrueNee vs NightHrsModelNee R²: -32.3500
Epoch  8500 | Train Loss: 0.187493 | Val Loss: 0.181929 | Train R²: -5.6292 | Val R²: -5.2924 | NightHrsTrueNEE vs NightHrsModelReco R²: -24.6100 | NightHrsTrueNee vs NightHrsModelNee R²: -23.8400
Epoch  9000 | Train Loss: 0.143691 | Val Loss: 0.139280 | Train R²: -4.0805 | Val R²: -3.8173 | NightHrsTrueNEE vs NightHrsModelReco R²: -18.4900 | NightHrsTrueNee vs NightHrsModelNee R²: -17.8900
Epoch  9500 | Train Loss: 0.110819 | Val Loss: 0.107392 | Train R²: -2.9183 | Val R²: -2.7144 | NightHrsTrueNEE vs NightHrsModelReco R²: -14.0400 | NightHrsTrueNee vs NightHrsModelNee R²: -13.5700
Epoch 10000 | Train Loss: 0.086213 | Val Loss: 0.083590 | Train R²: -2.0483 | Val R²: -1.8911 | NightHrsTrueNEE vs NightHrsModelReco R²: -10.7900 | NightHrsTrueNee vs NightHrsModelNee R²: -10.4200
Epoch 10500 | Train Loss: 0.067919 | Val Loss: 0.065917 | Train R²: -1.4014 | Val R²: -1.2799 | NightHrsTrueNEE vs NightHrsModelReco R²: -8.3700 | NightHrsTrueNee vs NightHrsModelNee R²: -8.0700
Epoch 11000 | Train Loss: 0.054384 | Val Loss: 0.052856 | Train R²: -0.9229 | Val R²: -0.8281 | NightHrsTrueNEE vs NightHrsModelReco R²: -6.5600 | NightHrsTrueNee vs NightHrsModelNee R²: -6.3300
Epoch 11500 | Train Loss: 0.044379 | Val Loss: 0.043211 | Train R²: -0.5691 | Val R²: -0.4946 | NightHrsTrueNEE vs NightHrsModelReco R²: -5.1900 | NightHrsTrueNee vs NightHrsModelNee R²: -5.0100
Epoch 12000 | Train Loss: 0.036951 | Val Loss: 0.036047 | Train R²: -0.3065 | Val R²: -0.2468 | NightHrsTrueNEE vs NightHrsModelReco R²: -4.1400 | NightHrsTrueNee vs NightHrsModelNee R²: -3.9900
Epoch 12500 | Train Loss: 0.031401 | Val Loss: 0.030684 | Train R²: -0.1103 | Val R²: -0.0613 | NightHrsTrueNEE vs NightHrsModelReco R²: -3.3200 | NightHrsTrueNee vs NightHrsModelNee R²: -3.2000
Epoch 13000 | Train Loss: 0.027310 | Val Loss: 0.026732 | Train R²: 0.0344 | Val R²: 0.0754 | NightHrsTrueNEE vs NightHrsModelReco R²: -2.7000 | NightHrsTrueNee vs NightHrsModelNee R²: -2.6100
Epoch 13500 | Train Loss: 0.024292 | Val Loss: 0.023824 | Train R²: 0.1411 | Val R²: 0.1760 | NightHrsTrueNEE vs NightHrsModelReco R²: -2.2300 | NightHrsTrueNee vs NightHrsModelNee R²: -2.1500
Epoch 14000 | Train Loss: 0.022039 | Val Loss: 0.021666 | Train R²: 0.2207 | Val R²: 0.2506 | NightHrsTrueNEE vs NightHrsModelReco R²: -1.8600 | NightHrsTrueNee vs NightHrsModelNee R²: -1.8000
Epoch 14500 | Train Loss: 0.020371 | Val Loss: 0.020089 | Train R²: 0.2797 | Val R²: 0.3052 | NightHrsTrueNEE vs NightHrsModelReco R²: -1.5700 | NightHrsTrueNee vs NightHrsModelNee R²: -1.5200
Epoch 15000 | Train Loss: 0.019110 | Val Loss: 0.018906 | Train R²: 0.3243 | Val R²: 0.3461 | NightHrsTrueNEE vs NightHrsModelReco R²: -1.3500 | NightHrsTrueNee vs NightHrsModelNee R²: -1.3100
Epoch 15500 | Train Loss: 0.018098 | Val Loss: 0.017958 | Train R²: 0.3601 | Val R²: 0.3789 | NightHrsTrueNEE vs NightHrsModelReco R²: -1.1800 | NightHrsTrueNee vs NightHrsModelNee R²: -1.1400
Epoch 16000 | Train Loss: 0.017212 | Val Loss: 0.017122 | Train R²: 0.3914 | Val R²: 0.4078 | NightHrsTrueNEE vs NightHrsModelReco R²: -1.0400 | NightHrsTrueNee vs NightHrsModelNee R²: -1.0100
Epoch 16500 | Train Loss: 0.016353 | Val Loss: 0.016301 | Train R²: 0.4218 | Val R²: 0.4362 | NightHrsTrueNEE vs NightHrsModelReco R²: -0.9200 | NightHrsTrueNee vs NightHrsModelNee R²: -0.9000
Epoch 17000 | Train Loss: 0.015451 | Val Loss: 0.015424 | Train R²: 0.4537 | Val R²: 0.4665 | NightHrsTrueNEE vs NightHrsModelReco R²: -0.8300 | NightHrsTrueNee vs NightHrsModelNee R²: -0.8000
Epoch 17500 | Train Loss: 0.014444 | Val Loss: 0.014428 | Train R²: 0.4893 | Val R²: 0.5010 | NightHrsTrueNEE vs NightHrsModelReco R²: -0.7400 | NightHrsTrueNee vs NightHrsModelNee R²: -0.7200
Epoch 18000 | Train Loss: 0.013285 | Val Loss: 0.013263 | Train R²: 0.5303 | Val R²: 0.5413 | NightHrsTrueNEE vs NightHrsModelReco R²: -0.6600 | NightHrsTrueNee vs NightHrsModelNee R²: -0.6400
Epoch 18500 | Train Loss: 0.011965 | Val Loss: 0.011922 | Train R²: 0.5770 | Val R²: 0.5877 | NightHrsTrueNEE vs NightHrsModelReco R²: -0.5600 | NightHrsTrueNee vs NightHrsModelNee R²: -0.5400
Epoch 19000 | Train Loss: 0.010524 | Val Loss: 0.010457 | Train R²: 0.6279 | Val R²: 0.6383 | NightHrsTrueNEE vs NightHrsModelReco R²: -0.4300 | NightHrsTrueNee vs NightHrsModelNee R²: -0.4100
Epoch 19500 | Train Loss: 0.009030 | Val Loss: 0.008954 | Train R²: 0.6807 | Val R²: 0.6903 | NightHrsTrueNEE vs NightHrsModelReco R²: -0.2800 | NightHrsTrueNee vs NightHrsModelNee R²: -0.2600
Epoch 20000 | Train Loss: 0.007545 | Val Loss: 0.007477 | Train R²: 0.7332 | Val R²: 0.7414 | NightHrsTrueNEE vs NightHrsModelReco R²: -0.1100 | NightHrsTrueNee vs NightHrsModelNee R²: -0.1000
Epoch 20500 | Train Loss: 0.006176 | Val Loss: 0.006117 | Train R²: 0.7816 | Val R²: 0.7884 | NightHrsTrueNEE vs NightHrsModelReco R²: 0.0600 | NightHrsTrueNee vs NightHrsModelNee R²: 0.0800
Epoch 21000 | Train Loss: 0.005065 | Val Loss: 0.005015 | Train R²: 0.8209 | Val R²: 0.8266 | NightHrsTrueNEE vs NightHrsModelReco R²: 0.2200 | NightHrsTrueNee vs NightHrsModelNee R²: 0.2300
Epoch 21500 | Train Loss: 0.004256 | Val Loss: 0.004212 | Train R²: 0.8495 | Val R²: 0.8543 | NightHrsTrueNEE vs NightHrsModelReco R²: 0.3400 | NightHrsTrueNee vs NightHrsModelNee R²: 0.3500
Epoch 22000 | Train Loss: 0.003708 | Val Loss: 0.003669 | Train R²: 0.8689 | Val R²: 0.8731 | NightHrsTrueNEE vs NightHrsModelReco R²: 0.4300 | NightHrsTrueNee vs NightHrsModelNee R²: 0.4300
Epoch 22500 | Train Loss: 0.003327 | Val Loss: 0.003297 | Train R²: 0.8824 | Val R²: 0.8860 | NightHrsTrueNEE vs NightHrsModelReco R²: 0.4900 | NightHrsTrueNee vs NightHrsModelNee R²: 0.4900
Epoch 23000 | Train Loss: 0.003027 | Val Loss: 0.003016 | Train R²: 0.8930 | Val R²: 0.8957 | NightHrsTrueNEE vs NightHrsModelReco R²: 0.5300 | NightHrsTrueNee vs NightHrsModelNee R²: 0.5300
Epoch 23500 | Train Loss: 0.002767 | Val Loss: 0.002770 | Train R²: 0.9022 | Val R²: 0.9042 | NightHrsTrueNEE vs NightHrsModelReco R²: 0.5700 | NightHrsTrueNee vs NightHrsModelNee R²: 0.5700
Epoch 24000 | Train Loss: 0.002524 | Val Loss: 0.002536 | Train R²: 0.9108 | Val R²: 0.9123 | NightHrsTrueNEE vs NightHrsModelReco R²: 0.6000 | NightHrsTrueNee vs NightHrsModelNee R²: 0.6000
Epoch 24500 | Train Loss: 0.002300 | Val Loss: 0.002314 | Train R²: 0.9187 | Val R²: 0.9200 | NightHrsTrueNEE vs NightHrsModelReco R²: 0.6300 | NightHrsTrueNee vs NightHrsModelNee R²: 0.6300
Epoch 25000 | Train Loss: 0.002098 | Val Loss: 0.002108 | Train R²: 0.9258 | Val R²: 0.9271 | NightHrsTrueNEE vs NightHrsModelReco R²: 0.6600 | NightHrsTrueNee vs NightHrsModelNee R²: 0.6600
Epoch 25500 | Train Loss: 0.001932 | Val Loss: 0.001932 | Train R²: 0.9317 | Val R²: 0.9332 | NightHrsTrueNEE vs NightHrsModelReco R²: 0.6800 | NightHrsTrueNee vs NightHrsModelNee R²: 0.6800
Epoch 26000 | Train Loss: 0.001804 | Val Loss: 0.001796 | Train R²: 0.9362 | Val R²: 0.9379 | NightHrsTrueNEE vs NightHrsModelReco R²: 0.7000 | NightHrsTrueNee vs NightHrsModelNee R²: 0.7000
Epoch 26500 | Train Loss: 0.001709 | Val Loss: 0.001697 | Train R²: 0.9396 | Val R²: 0.9413 | NightHrsTrueNEE vs NightHrsModelReco R²: 0.7100 | NightHrsTrueNee vs NightHrsModelNee R²: 0.7100
Epoch 27000 | Train Loss: 0.001634 | Val Loss: 0.001621 | Train R²: 0.9422 | Val R²: 0.9439 | NightHrsTrueNEE vs NightHrsModelReco R²: 0.7200 | NightHrsTrueNee vs NightHrsModelNee R²: 0.7200
Epoch 27500 | Train Loss: 0.001571 | Val Loss: 0.001557 | Train R²: 0.9444 | Val R²: 0.9462 | NightHrsTrueNEE vs NightHrsModelReco R²: 0.7300 | NightHrsTrueNee vs NightHrsModelNee R²: 0.7300
Epoch 28000 | Train Loss: 0.001516 | Val Loss: 0.001498 | Train R²: 0.9464 | Val R²: 0.9482 | NightHrsTrueNEE vs NightHrsModelReco R²: 0.7400 | NightHrsTrueNee vs NightHrsModelNee R²: 0.7400
Epoch 28500 | Train Loss: 0.001469 | Val Loss: 0.001448 | Train R²: 0.9481 | Val R²: 0.9499 | NightHrsTrueNEE vs NightHrsModelReco R²: 0.7500 | NightHrsTrueNee vs NightHrsModelNee R²: 0.7500
Epoch 29000 | Train Loss: 0.001433 | Val Loss: 0.001408 | Train R²: 0.9493 | Val R²: 0.9513 | NightHrsTrueNEE vs NightHrsModelReco R²: 0.7500 | NightHrsTrueNee vs NightHrsModelNee R²: 0.7500
Early stopping at epoch 29348 due to flat/negative trend (slope=0.000002)
Epoch 29348 | Train Loss: 0.001413 | Val Loss: 0.001387 | Train R²: 0.9500 | Val R²: 0.9520
Unpickling models
Following models have been loaded and moved to cuda:
trained gpp model:
 SNN_GPP_Tram(
  (net): Sequential(
    (0): Linear(in_features=11, out_features=12, bias=True)
    (1): Tanh()
    (2): Linear(in_features=12, out_features=1, bias=True)
    (3): Sigmoid()
  )
), trained_reco_model:
 SNN_GPP_Tram(
  (net): Sequential(
    (0): Linear(in_features=12, out_features=12, bias=True)
    (1): Tanh()
    (2): Linear(in_features=12, out_features=1, bias=True)
    (3): Sigmoid()
  )
)
using full data set for visualization
Un-normalizing the GPP and RECO predictions using NEE min: tensor([-36.1705]), NEE max: tensor([35.8634])



Metrics for the Tramontana, with
GPP inputs: ['SW_IN', 'VPD', 'TA', 'WTD', 'WS', 'PotRad', 'PotRadHalfHourlyDiff', 'PotRadDailyAvg', 'PotRadDailyDiff', 'WD_COS', 'GPP_PROX']
RECO inputs: ['DOY_sin', 'DOY_cos', 'TA', 'TS_1', 'TS_2', 'TS_3', 'TS_4', 'WTD', 'WS', 'WD_COS', 'WD_SIN', 'NIGHTLY_NEE_AVG']:
dt_gpp vs Tramontana_GPP R²=0.97 RMSE=1.28
nt_gpp vs Tramontana_GPP R²=0.95 RMSE=1.60
dt_reco vs Tramontana_RECO R²=0.78 RMSE=1.10
nt_reco vs Tramontana_RECO R²=0.83 RMSE=0.84
night_hours_true_nee vs Tramontana_night_hours_model_reco R²=0.75 RMSE=1.02
night_hours_true_nee vs Tramontana_night_hours_model_nee R²=0.75 RMSE=1.02
dt_gpp vs nt_gpp R²=0.95 RMSE=1.56
dt_reco vs nt_reco R²=0.85 RMSE=1.00

gpp_input_names,  ['SW_IN', 'VPD', 'TA', 'WTD', 'WS', 'PotRad', 'PotRadHalfHourlyDiff', 'PotRadDailyAvg', 'PotRadDailyDiff', 'WD_COS', 'WD_SIN'] 
reco_input_names,  ['DOY_sin', 'DOY_cos', 'TA', 'TS_1', 'TS_2', 'TS_3', 'TS_4', 'WTD', 'WS', 'WD_COS', 'WD_SIN', 'NIGHTLY_NEE_AVG'] 
true_nee_name,  ['NEE'] 

Tramontana Running on GPU With hidden layer size of 12 Total epochs: 100000 lr: 0.001 patience: 500 min_delta 0.01
SNN_GPP_Tram(
  (net): Sequential(
    (0): Linear(in_features=11, out_features=12, bias=True)
    (1): Tanh()
    (2): Linear(in_features=12, out_features=1, bias=True)
    (3): Sigmoid()
  )
)
SNN_RECO_Tram(
  (net): Sequential(
    (0): Linear(in_features=12, out_features=12, bias=True)
    (1): Tanh()
    (2): Linear(in_features=12, out_features=1, bias=True)
    (3): Sigmoid()
  )
)
Params are min slope: 2e-06, trend window: 100
Epoch     0 | Train Loss: 16078.294922 | Val Loss: 15615.069336 | Train R²: -568483.3125 | Val R²: -540082.1250 | NightHrsTrueNEE vs NightHrsModelReco R²: -97.6000 | NightHrsTrueNee vs NightHrsModelNee R²: -188.3000
Epoch   500 | Train Loss: 157.944290 | Val Loss: 154.693649 | Train R²: -5583.4771 | Val R²: -5349.4355 | NightHrsTrueNEE vs NightHrsModelReco R²: -248.6400 | NightHrsTrueNee vs NightHrsModelNee R²: -238.2000
Epoch  1000 | Train Loss: 43.085739 | Val Loss: 42.128639 | Train R²: -1522.3934 | Val R²: -1456.1161 | NightHrsTrueNEE vs NightHrsModelReco R²: -260.9600 | NightHrsTrueNee vs NightHrsModelNee R²: -248.1400
Epoch  1500 | Train Loss: 19.127745 | Val Loss: 18.666119 | Train R²: -675.3046 | Val R²: -644.6107 | NightHrsTrueNEE vs NightHrsModelReco R²: -265.3200 | NightHrsTrueNee vs NightHrsModelNee R²: -253.4400
Epoch  2000 | Train Loss: 10.391395 | Val Loss: 10.125548 | Train R²: -366.4112 | Val R²: -349.2154 | NightHrsTrueNEE vs NightHrsModelReco R²: -267.5300 | NightHrsTrueNee vs NightHrsModelNee R²: -256.9000
Epoch  2500 | Train Loss: 6.316775 | Val Loss: 6.149578 | Train R²: -222.3438 | Val R²: -211.6973 | NightHrsTrueNEE vs NightHrsModelReco R²: -268.8200 | NightHrsTrueNee vs NightHrsModelNee R²: -259.3300
Epoch  3000 | Train Loss: 4.136884 | Val Loss: 4.026343 | Train R²: -145.2689 | Val R²: -138.2603 | NightHrsTrueNEE vs NightHrsModelReco R²: -269.5800 | NightHrsTrueNee vs NightHrsModelNee R²: -261.0900
Epoch  3500 | Train Loss: 2.867110 | Val Loss: 2.791842 | Train R²: -100.3731 | Val R²: -95.5623 | NightHrsTrueNEE vs NightHrsModelReco R²: -269.9500 | NightHrsTrueNee vs NightHrsModelNee R²: -262.3100
Epoch  4000 | Train Loss: 2.085192 | Val Loss: 2.033082 | Train R²: -72.7267 | Val R²: -69.3188 | NightHrsTrueNEE vs NightHrsModelReco R²: -269.9100 | NightHrsTrueNee vs NightHrsModelNee R²: -263.0300
Epoch  4500 | Train Loss: 1.585310 | Val Loss: 1.548954 | Train R²: -55.0522 | Val R²: -52.5741 | NightHrsTrueNEE vs NightHrsModelReco R²: -269.2800 | NightHrsTrueNee vs NightHrsModelNee R²: -263.0500
Epoch  5000 | Train Loss: 1.256670 | Val Loss: 1.231238 | Train R²: -43.4324 | Val R²: -41.5852 | NightHrsTrueNEE vs NightHrsModelReco R²: -267.1600 | NightHrsTrueNee vs NightHrsModelNee R²: -261.5200
Epoch  5500 | Train Loss: 1.028910 | Val Loss: 1.010628 | Train R²: -35.3794 | Val R²: -33.9549 | NightHrsTrueNEE vs NightHrsModelReco R²: -256.6700 | NightHrsTrueNee vs NightHrsModelNee R²: -251.6500
Epoch  6000 | Train Loss: 0.769465 | Val Loss: 0.753042 | Train R²: -26.2062 | Val R²: -25.0457 | NightHrsTrueNEE vs NightHrsModelReco R²: -143.6400 | NightHrsTrueNee vs NightHrsModelNee R²: -140.5900
Epoch  6500 | Train Loss: 0.556433 | Val Loss: 0.545620 | Train R²: -18.6740 | Val R²: -17.8715 | NightHrsTrueNEE vs NightHrsModelReco R²: -91.8000 | NightHrsTrueNee vs NightHrsModelNee R²: -89.5800
Epoch  7000 | Train Loss: 0.413197 | Val Loss: 0.405516 | Train R²: -13.6095 | Val R²: -13.0257 | NightHrsTrueNEE vs NightHrsModelReco R²: -64.8200 | NightHrsTrueNee vs NightHrsModelNee R²: -63.1100
Epoch  7500 | Train Loss: 0.309638 | Val Loss: 0.302927 | Train R²: -9.9479 | Val R²: -9.4774 | NightHrsTrueNEE vs NightHrsModelReco R²: -45.6000 | NightHrsTrueNee vs NightHrsModelNee R²: -44.3000
Epoch  8000 | Train Loss: 0.233149 | Val Loss: 0.227279 | Train R²: -7.2435 | Val R²: -6.8610 | NightHrsTrueNEE vs NightHrsModelReco R²: -32.0600 | NightHrsTrueNee vs NightHrsModelNee R²: -31.0900
Epoch  8500 | Train Loss: 0.176767 | Val Loss: 0.171953 | Train R²: -5.2500 | Val R²: -4.9474 | NightHrsTrueNEE vs NightHrsModelReco R²: -23.3800 | NightHrsTrueNee vs NightHrsModelNee R²: -22.6300
Epoch  9000 | Train Loss: 0.134964 | Val Loss: 0.131149 | Train R²: -3.7720 | Val R²: -3.5361 | NightHrsTrueNEE vs NightHrsModelReco R²: -17.4300 | NightHrsTrueNee vs NightHrsModelNee R²: -16.8400
Epoch  9500 | Train Loss: 0.103909 | Val Loss: 0.100932 | Train R²: -2.6739 | Val R²: -2.4910 | NightHrsTrueNEE vs NightHrsModelReco R²: -13.1700 | NightHrsTrueNee vs NightHrsModelNee R²: -12.7100
Epoch 10000 | Train Loss: 0.080813 | Val Loss: 0.078526 | Train R²: -1.8573 | Val R²: -1.7160 | NightHrsTrueNEE vs NightHrsModelReco R²: -10.0600 | NightHrsTrueNee vs NightHrsModelNee R²: -9.7000
Epoch 10500 | Train Loss: 0.063575 | Val Loss: 0.061851 | Train R²: -1.2478 | Val R²: -1.1392 | NightHrsTrueNEE vs NightHrsModelReco R²: -7.7300 | NightHrsTrueNee vs NightHrsModelNee R²: -7.4500
Epoch 11000 | Train Loss: 0.050902 | Val Loss: 0.049565 | Train R²: -0.7998 | Val R²: -0.7143 | NightHrsTrueNEE vs NightHrsModelReco R²: -6.0400 | NightHrsTrueNee vs NightHrsModelNee R²: -5.8100
Epoch 11500 | Train Loss: 0.041572 | Val Loss: 0.040520 | Train R²: -0.4699 | Val R²: -0.4015 | NightHrsTrueNEE vs NightHrsModelReco R²: -4.7900 | NightHrsTrueNee vs NightHrsModelNee R²: -4.6100
Epoch 12000 | Train Loss: 0.034696 | Val Loss: 0.033863 | Train R²: -0.2267 | Val R²: -0.1712 | NightHrsTrueNEE vs NightHrsModelReco R²: -3.8400 | NightHrsTrueNee vs NightHrsModelNee R²: -3.7000
Epoch 12500 | Train Loss: 0.029634 | Val Loss: 0.028977 | Train R²: -0.0478 | Val R²: -0.0023 | NightHrsTrueNEE vs NightHrsModelReco R²: -3.1200 | NightHrsTrueNee vs NightHrsModelNee R²: -3.0000
Epoch 13000 | Train Loss: 0.025914 | Val Loss: 0.025403 | Train R²: 0.0838 | Val R²: 0.1214 | NightHrsTrueNEE vs NightHrsModelReco R²: -2.5500 | NightHrsTrueNee vs NightHrsModelNee R²: -2.4600
Epoch 13500 | Train Loss: 0.023148 | Val Loss: 0.022758 | Train R²: 0.1815 | Val R²: 0.2129 | NightHrsTrueNEE vs NightHrsModelReco R²: -2.1100 | NightHrsTrueNee vs NightHrsModelNee R²: -2.0300
Epoch 14000 | Train Loss: 0.021025 | Val Loss: 0.020723 | Train R²: 0.2566 | Val R²: 0.2832 | NightHrsTrueNEE vs NightHrsModelReco R²: -1.7600 | NightHrsTrueNee vs NightHrsModelNee R²: -1.7000
Epoch 14500 | Train Loss: 0.019415 | Val Loss: 0.019172 | Train R²: 0.3135 | Val R²: 0.3369 | NightHrsTrueNEE vs NightHrsModelReco R²: -1.4800 | NightHrsTrueNee vs NightHrsModelNee R²: -1.4300
Epoch 15000 | Train Loss: 0.018219 | Val Loss: 0.018037 | Train R²: 0.3558 | Val R²: 0.3762 | NightHrsTrueNEE vs NightHrsModelReco R²: -1.2800 | NightHrsTrueNee vs NightHrsModelNee R²: -1.2400
Epoch 15500 | Train Loss: 0.017261 | Val Loss: 0.017134 | Train R²: 0.3897 | Val R²: 0.4074 | NightHrsTrueNEE vs NightHrsModelReco R²: -1.1200 | NightHrsTrueNee vs NightHrsModelNee R²: -1.0800
Epoch 16000 | Train Loss: 0.016420 | Val Loss: 0.016335 | Train R²: 0.4194 | Val R²: 0.4350 | NightHrsTrueNEE vs NightHrsModelReco R²: -0.9900 | NightHrsTrueNee vs NightHrsModelNee R²: -0.9600
Epoch 16500 | Train Loss: 0.015599 | Val Loss: 0.015544 | Train R²: 0.4485 | Val R²: 0.4624 | NightHrsTrueNEE vs NightHrsModelReco R²: -0.8900 | NightHrsTrueNee vs NightHrsModelNee R²: -0.8600
Epoch 17000 | Train Loss: 0.014727 | Val Loss: 0.014684 | Train R²: 0.4793 | Val R²: 0.4921 | NightHrsTrueNEE vs NightHrsModelReco R²: -0.8000 | NightHrsTrueNee vs NightHrsModelNee R²: -0.7700
Epoch 17500 | Train Loss: 0.013770 | Val Loss: 0.013724 | Train R²: 0.5131 | Val R²: 0.5253 | NightHrsTrueNEE vs NightHrsModelReco R²: -0.7100 | NightHrsTrueNee vs NightHrsModelNee R²: -0.6900
Epoch 18000 | Train Loss: 0.012733 | Val Loss: 0.012680 | Train R²: 0.5498 | Val R²: 0.5614 | NightHrsTrueNEE vs NightHrsModelReco R²: -0.6300 | NightHrsTrueNee vs NightHrsModelNee R²: -0.6000
Epoch 18500 | Train Loss: 0.011617 | Val Loss: 0.011560 | Train R²: 0.5892 | Val R²: 0.6002 | NightHrsTrueNEE vs NightHrsModelReco R²: -0.5400 | NightHrsTrueNee vs NightHrsModelNee R²: -0.5100
Epoch 19000 | Train Loss: 0.010464 | Val Loss: 0.010422 | Train R²: 0.6300 | Val R²: 0.6395 | NightHrsTrueNEE vs NightHrsModelReco R²: -0.4400 | NightHrsTrueNee vs NightHrsModelNee R²: -0.4200
Epoch 19500 | Train Loss: 0.009328 | Val Loss: 0.009313 | Train R²: 0.6702 | Val R²: 0.6779 | NightHrsTrueNEE vs NightHrsModelReco R²: -0.3300 | NightHrsTrueNee vs NightHrsModelNee R²: -0.3100
Epoch 20000 | Train Loss: 0.008240 | Val Loss: 0.008247 | Train R²: 0.7087 | Val R²: 0.7148 | NightHrsTrueNEE vs NightHrsModelReco R²: -0.2100 | NightHrsTrueNee vs NightHrsModelNee R²: -0.1900
Epoch 20500 | Train Loss: 0.007225 | Val Loss: 0.007248 | Train R²: 0.7445 | Val R²: 0.7493 | NightHrsTrueNEE vs NightHrsModelReco R²: -0.0700 | NightHrsTrueNee vs NightHrsModelNee R²: -0.0600
Epoch 21000 | Train Loss: 0.006335 | Val Loss: 0.006370 | Train R²: 0.7760 | Val R²: 0.7797 | NightHrsTrueNEE vs NightHrsModelReco R²: 0.0600 | NightHrsTrueNee vs NightHrsModelNee R²: 0.0700
Epoch 21500 | Train Loss: 0.005594 | Val Loss: 0.005633 | Train R²: 0.8022 | Val R²: 0.8052 | NightHrsTrueNEE vs NightHrsModelReco R²: 0.1800 | NightHrsTrueNee vs NightHrsModelNee R²: 0.1900
Epoch 22000 | Train Loss: 0.004984 | Val Loss: 0.005036 | Train R²: 0.8238 | Val R²: 0.8258 | NightHrsTrueNEE vs NightHrsModelReco R²: 0.2800 | NightHrsTrueNee vs NightHrsModelNee R²: 0.2800
Epoch 22500 | Train Loss: 0.004477 | Val Loss: 0.004541 | Train R²: 0.8417 | Val R²: 0.8429 | NightHrsTrueNEE vs NightHrsModelReco R²: 0.3600 | NightHrsTrueNee vs NightHrsModelNee R²: 0.3600
Epoch 23000 | Train Loss: 0.004018 | Val Loss: 0.004090 | Train R²: 0.8579 | Val R²: 0.8585 | NightHrsTrueNEE vs NightHrsModelReco R²: 0.4300 | NightHrsTrueNee vs NightHrsModelNee R²: 0.4300
Epoch 23500 | Train Loss: 0.003574 | Val Loss: 0.003655 | Train R²: 0.8736 | Val R²: 0.8736 | NightHrsTrueNEE vs NightHrsModelReco R²: 0.4900 | NightHrsTrueNee vs NightHrsModelNee R²: 0.4900
Epoch 24000 | Train Loss: 0.003130 | Val Loss: 0.003214 | Train R²: 0.8893 | Val R²: 0.8888 | NightHrsTrueNEE vs NightHrsModelReco R²: 0.5500 | NightHrsTrueNee vs NightHrsModelNee R²: 0.5500
Epoch 24500 | Train Loss: 0.002729 | Val Loss: 0.002809 | Train R²: 0.9035 | Val R²: 0.9029 | NightHrsTrueNEE vs NightHrsModelReco R²: 0.6000 | NightHrsTrueNee vs NightHrsModelNee R²: 0.6000
Epoch 25000 | Train Loss: 0.002435 | Val Loss: 0.002505 | Train R²: 0.9139 | Val R²: 0.9134 | NightHrsTrueNEE vs NightHrsModelReco R²: 0.6400 | NightHrsTrueNee vs NightHrsModelNee R²: 0.6400
Epoch 25500 | Train Loss: 0.002245 | Val Loss: 0.002304 | Train R²: 0.9206 | Val R²: 0.9203 | NightHrsTrueNEE vs NightHrsModelReco R²: 0.6700 | NightHrsTrueNee vs NightHrsModelNee R²: 0.6700
Epoch 26000 | Train Loss: 0.002111 | Val Loss: 0.002161 | Train R²: 0.9253 | Val R²: 0.9253 | NightHrsTrueNEE vs NightHrsModelReco R²: 0.6900 | NightHrsTrueNee vs NightHrsModelNee R²: 0.6900
Epoch 26500 | Train Loss: 0.002010 | Val Loss: 0.002050 | Train R²: 0.9289 | Val R²: 0.9291 | NightHrsTrueNEE vs NightHrsModelReco R²: 0.7000 | NightHrsTrueNee vs NightHrsModelNee R²: 0.7000
Epoch 27000 | Train Loss: 0.001931 | Val Loss: 0.001961 | Train R²: 0.9317 | Val R²: 0.9322 | NightHrsTrueNEE vs NightHrsModelReco R²: 0.7100 | NightHrsTrueNee vs NightHrsModelNee R²: 0.7100
Epoch 27500 | Train Loss: 0.001868 | Val Loss: 0.001890 | Train R²: 0.9339 | Val R²: 0.9346 | NightHrsTrueNEE vs NightHrsModelReco R²: 0.7200 | NightHrsTrueNee vs NightHrsModelNee R²: 0.7200
Epoch 28000 | Train Loss: 0.001814 | Val Loss: 0.001831 | Train R²: 0.9359 | Val R²: 0.9367 | NightHrsTrueNEE vs NightHrsModelReco R²: 0.7300 | NightHrsTrueNee vs NightHrsModelNee R²: 0.7300
Epoch 28500 | Train Loss: 0.001765 | Val Loss: 0.001781 | Train R²: 0.9376 | Val R²: 0.9384 | NightHrsTrueNEE vs NightHrsModelReco R²: 0.7300 | NightHrsTrueNee vs NightHrsModelNee R²: 0.7300
Epoch 29000 | Train Loss: 0.001718 | Val Loss: 0.001736 | Train R²: 0.9392 | Val R²: 0.9399 | NightHrsTrueNEE vs NightHrsModelReco R²: 0.7400 | NightHrsTrueNee vs NightHrsModelNee R²: 0.7400
Epoch 29500 | Train Loss: 0.001677 | Val Loss: 0.001699 | Train R²: 0.9407 | Val R²: 0.9412 | NightHrsTrueNEE vs NightHrsModelReco R²: 0.7400 | NightHrsTrueNee vs NightHrsModelNee R²: 0.7400
Early stopping at epoch 29906 due to flat/negative trend (slope=0.000002)
Epoch 29906 | Train Loss: 0.001650 | Val Loss: 0.001675 | Train R²: 0.9417 | Val R²: 0.9421
Unpickling models
Following models have been loaded and moved to cuda:
trained gpp model:
 SNN_GPP_Tram(
  (net): Sequential(
    (0): Linear(in_features=11, out_features=12, bias=True)
    (1): Tanh()
    (2): Linear(in_features=12, out_features=1, bias=True)
    (3): Sigmoid()
  )
), trained_reco_model:
 SNN_GPP_Tram(
  (net): Sequential(
    (0): Linear(in_features=12, out_features=12, bias=True)
    (1): Tanh()
    (2): Linear(in_features=12, out_features=1, bias=True)
    (3): Sigmoid()
  )
)
using full data set for visualization
Un-normalizing the GPP and RECO predictions using NEE min: tensor([-36.1705]), NEE max: tensor([35.8634])



Metrics for the Tramontana, with
GPP inputs: ['SW_IN', 'VPD', 'TA', 'WTD', 'WS', 'PotRad', 'PotRadHalfHourlyDiff', 'PotRadDailyAvg', 'PotRadDailyDiff', 'WD_COS', 'WD_SIN']
RECO inputs: ['DOY_sin', 'DOY_cos', 'TA', 'TS_1', 'TS_2', 'TS_3', 'TS_4', 'WTD', 'WS', 'WD_COS', 'WD_SIN', 'NIGHTLY_NEE_AVG']:
dt_gpp vs Tramontana_GPP R²=0.96 RMSE=1.47
nt_gpp vs Tramontana_GPP R²=0.93 RMSE=1.83
dt_reco vs Tramontana_RECO R²=0.74 RMSE=1.19
nt_reco vs Tramontana_RECO R²=0.71 RMSE=1.09
night_hours_true_nee vs Tramontana_night_hours_model_reco R²=0.74 RMSE=1.03
night_hours_true_nee vs Tramontana_night_hours_model_nee R²=0.74 RMSE=1.03
dt_gpp vs nt_gpp R²=0.95 RMSE=1.56
dt_reco vs nt_reco R²=0.85 RMSE=1.00

gpp_input_names,  ['SW_IN', 'VPD', 'TA', 'WTD', 'WS', 'PotRad', 'PotRadHalfHourlyDiff', 'PotRadDailyAvg', 'PotRadDailyDiff', 'WD_COS', 'WD_SIN', 'GPP_PROX'] 
reco_input_names,  ['DOY_cos', 'TA', 'TS_1', 'TS_2', 'TS_3', 'TS_4', 'WTD', 'WS', 'WD_COS', 'WD_SIN', 'NIGHTLY_NEE_AVG'] 
true_nee_name,  ['NEE'] 

Tramontana Running on GPU With hidden layer size of 12 Total epochs: 100000 lr: 0.001 patience: 500 min_delta 0.01
SNN_GPP_Tram(
  (net): Sequential(
    (0): Linear(in_features=12, out_features=12, bias=True)
    (1): Tanh()
    (2): Linear(in_features=12, out_features=1, bias=True)
    (3): Sigmoid()
  )
)
SNN_RECO_Tram(
  (net): Sequential(
    (0): Linear(in_features=11, out_features=12, bias=True)
    (1): Tanh()
    (2): Linear(in_features=12, out_features=1, bias=True)
    (3): Sigmoid()
  )
)
Params are min slope: 2e-06, trend window: 100
Epoch     0 | Train Loss: 19099.044922 | Val Loss: 18662.367188 | Train R²: -675288.6875 | Val R²: -645480.0000 | NightHrsTrueNEE vs NightHrsModelReco R²: -52.9600 | NightHrsTrueNee vs NightHrsModelNee R²: -186.0300
Epoch   500 | Train Loss: 167.197250 | Val Loss: 164.189575 | Train R²: -5910.6357 | Val R²: -5677.8740 | NightHrsTrueNEE vs NightHrsModelReco R²: -230.7300 | NightHrsTrueNee vs NightHrsModelNee R²: -221.0800
Epoch  1000 | Train Loss: 47.288891 | Val Loss: 46.284271 | Train R²: -1671.0052 | Val R²: -1599.8480 | NightHrsTrueNEE vs NightHrsModelReco R²: -252.8700 | NightHrsTrueNee vs NightHrsModelNee R²: -240.3300
Epoch  1500 | Train Loss: 21.435802 | Val Loss: 20.919973 | Train R²: -756.9111 | Val R²: -722.5653 | NightHrsTrueNEE vs NightHrsModelReco R²: -260.0800 | NightHrsTrueNee vs NightHrsModelNee R²: -248.4000
Epoch  2000 | Train Loss: 11.802924 | Val Loss: 11.495484 | Train R²: -416.3190 | Val R²: -396.5978 | NightHrsTrueNEE vs NightHrsModelReco R²: -263.5400 | NightHrsTrueNee vs NightHrsModelNee R²: -253.0300
Epoch  2500 | Train Loss: 7.236367 | Val Loss: 7.038772 | Train R²: -254.8581 | Val R²: -242.4521 | NightHrsTrueNEE vs NightHrsModelReco R²: -265.4200 | NightHrsTrueNee vs NightHrsModelNee R²: -256.0100
Epoch  3000 | Train Loss: 4.760409 | Val Loss: 4.627763 | Train R²: -167.3150 | Val R²: -159.0618 | NightHrsTrueNEE vs NightHrsModelReco R²: -266.4100 | NightHrsTrueNee vs NightHrsModelNee R²: -257.9600
Epoch  3500 | Train Loss: 3.301046 | Val Loss: 3.209649 | Train R²: -115.7159 | Val R²: -110.0131 | NightHrsTrueNEE vs NightHrsModelReco R²: -266.6700 | NightHrsTrueNee vs NightHrsModelNee R²: -259.0700
Epoch  4000 | Train Loss: 2.392055 | Val Loss: 2.328115 | Train R²: -83.5765 | Val R²: -79.5232 | NightHrsTrueNEE vs NightHrsModelReco R²: -266.0400 | NightHrsTrueNee vs NightHrsModelNee R²: -259.1800
Epoch  4500 | Train Loss: 1.802841 | Val Loss: 1.757711 | Train R²: -62.7435 | Val R²: -59.7945 | NightHrsTrueNEE vs NightHrsModelReco R²: -263.3100 | NightHrsTrueNee vs NightHrsModelNee R²: -257.1300
Epoch  5000 | Train Loss: 1.397704 | Val Loss: 1.365229 | Train R²: -48.4190 | Val R²: -46.2196 | NightHrsTrueNEE vs NightHrsModelReco R²: -248.1600 | NightHrsTrueNee vs NightHrsModelNee R²: -242.7100
Epoch  5500 | Train Loss: 1.031995 | Val Loss: 1.007038 | Train R²: -35.4885 | Val R²: -33.8307 | NightHrsTrueNEE vs NightHrsModelReco R²: -142.4100 | NightHrsTrueNee vs NightHrsModelNee R²: -138.8300
Epoch  6000 | Train Loss: 0.788364 | Val Loss: 0.770688 | Train R²: -26.8744 | Val R²: -25.6560 | NightHrsTrueNEE vs NightHrsModelReco R²: -115.0400 | NightHrsTrueNee vs NightHrsModelNee R²: -112.1200
Epoch  6500 | Train Loss: 0.595485 | Val Loss: 0.583069 | Train R²: -20.0547 | Val R²: -19.1668 | NightHrsTrueNEE vs NightHrsModelReco R²: -85.7200 | NightHrsTrueNee vs NightHrsModelNee R²: -83.4300
Epoch  7000 | Train Loss: 0.452152 | Val Loss: 0.442286 | Train R²: -14.9868 | Val R²: -14.2975 | NightHrsTrueNEE vs NightHrsModelReco R²: -63.2100 | NightHrsTrueNee vs NightHrsModelNee R²: -61.4400
Epoch  7500 | Train Loss: 0.342914 | Val Loss: 0.334580 | Train R²: -11.1245 | Val R²: -10.5722 | NightHrsTrueNEE vs NightHrsModelReco R²: -44.9900 | NightHrsTrueNee vs NightHrsModelNee R²: -43.6400
Epoch  8000 | Train Loss: 0.260950 | Val Loss: 0.254187 | Train R²: -8.2265 | Val R²: -7.7916 | NightHrsTrueNEE vs NightHrsModelReco R²: -33.1000 | NightHrsTrueNee vs NightHrsModelNee R²: -32.0600
Epoch  8500 | Train Loss: 0.199429 | Val Loss: 0.194108 | Train R²: -6.0513 | Val R²: -5.7137 | NightHrsTrueNEE vs NightHrsModelReco R²: -24.9500 | NightHrsTrueNee vs NightHrsModelNee R²: -24.1300
Epoch  9000 | Train Loss: 0.153228 | Val Loss: 0.149095 | Train R²: -4.4177 | Val R²: -4.1568 | NightHrsTrueNEE vs NightHrsModelReco R²: -18.9800 | NightHrsTrueNee vs NightHrsModelNee R²: -18.3400
Epoch  9500 | Train Loss: 0.118504 | Val Loss: 0.115328 | Train R²: -3.1900 | Val R²: -2.9889 | NightHrsTrueNEE vs NightHrsModelReco R²: -14.5400 | NightHrsTrueNee vs NightHrsModelNee R²: -14.0300
Epoch 10000 | Train Loss: 0.092424 | Val Loss: 0.089997 | Train R²: -2.2679 | Val R²: -2.1127 | NightHrsTrueNEE vs NightHrsModelReco R²: -11.2100 | NightHrsTrueNee vs NightHrsModelNee R²: -10.8100
Epoch 10500 | Train Loss: 0.072926 | Val Loss: 0.071044 | Train R²: -1.5785 | Val R²: -1.4572 | NightHrsTrueNEE vs NightHrsModelReco R²: -8.7000 | NightHrsTrueNee vs NightHrsModelNee R²: -8.3800
Epoch 11000 | Train Loss: 0.058381 | Val Loss: 0.056895 | Train R²: -1.0642 | Val R²: -0.9678 | NightHrsTrueNEE vs NightHrsModelReco R²: -6.8200 | NightHrsTrueNee vs NightHrsModelNee R²: -6.5700
Epoch 11500 | Train Loss: 0.047527 | Val Loss: 0.046339 | Train R²: -0.6804 | Val R²: -0.6027 | NightHrsTrueNEE vs NightHrsModelReco R²: -5.4000 | NightHrsTrueNee vs NightHrsModelNee R²: -5.2000
Epoch 12000 | Train Loss: 0.039432 | Val Loss: 0.038473 | Train R²: -0.3942 | Val R²: -0.3307 | NightHrsTrueNEE vs NightHrsModelReco R²: -4.3100 | NightHrsTrueNee vs NightHrsModelNee R²: -4.1500
Epoch 12500 | Train Loss: 0.033418 | Val Loss: 0.032640 | Train R²: -0.1816 | Val R²: -0.1289 | NightHrsTrueNEE vs NightHrsModelReco R²: -3.4800 | NightHrsTrueNee vs NightHrsModelNee R²: -3.3500
Epoch 13000 | Train Loss: 0.028990 | Val Loss: 0.028363 | Train R²: -0.0250 | Val R²: 0.0190 | NightHrsTrueNEE vs NightHrsModelReco R²: -2.8300 | NightHrsTrueNee vs NightHrsModelNee R²: -2.7300
Epoch 13500 | Train Loss: 0.025729 | Val Loss: 0.025236 | Train R²: 0.0903 | Val R²: 0.1272 | NightHrsTrueNEE vs NightHrsModelReco R²: -2.3300 | NightHrsTrueNee vs NightHrsModelNee R²: -2.2400
Epoch 14000 | Train Loss: 0.023307 | Val Loss: 0.022936 | Train R²: 0.1759 | Val R²: 0.2067 | NightHrsTrueNEE vs NightHrsModelReco R²: -1.9300 | NightHrsTrueNee vs NightHrsModelNee R²: -1.8700
Epoch 14500 | Train Loss: 0.021486 | Val Loss: 0.021223 | Train R²: 0.2403 | Val R²: 0.2659 | NightHrsTrueNEE vs NightHrsModelReco R²: -1.6300 | NightHrsTrueNee vs NightHrsModelNee R²: -1.5800
Epoch 15000 | Train Loss: 0.020083 | Val Loss: 0.019914 | Train R²: 0.2899 | Val R²: 0.3112 | NightHrsTrueNEE vs NightHrsModelReco R²: -1.3900 | NightHrsTrueNee vs NightHrsModelNee R²: -1.3500
Epoch 15500 | Train Loss: 0.018953 | Val Loss: 0.018859 | Train R²: 0.3299 | Val R²: 0.3477 | NightHrsTrueNEE vs NightHrsModelReco R²: -1.2100 | NightHrsTrueNee vs NightHrsModelNee R²: -1.1700
Epoch 16000 | Train Loss: 0.017973 | Val Loss: 0.017931 | Train R²: 0.3645 | Val R²: 0.3798 | NightHrsTrueNEE vs NightHrsModelReco R²: -1.0600 | NightHrsTrueNee vs NightHrsModelNee R²: -1.0300
Epoch 16500 | Train Loss: 0.017038 | Val Loss: 0.017027 | Train R²: 0.3976 | Val R²: 0.4111 | NightHrsTrueNEE vs NightHrsModelReco R²: -0.9500 | NightHrsTrueNee vs NightHrsModelNee R²: -0.9200
Epoch 17000 | Train Loss: 0.016061 | Val Loss: 0.016061 | Train R²: 0.4321 | Val R²: 0.4445 | NightHrsTrueNEE vs NightHrsModelReco R²: -0.8600 | NightHrsTrueNee vs NightHrsModelNee R²: -0.8400
Epoch 17500 | Train Loss: 0.014950 | Val Loss: 0.014942 | Train R²: 0.4714 | Val R²: 0.4832 | NightHrsTrueNEE vs NightHrsModelReco R²: -0.7900 | NightHrsTrueNee vs NightHrsModelNee R²: -0.7700
Epoch 18000 | Train Loss: 0.013629 | Val Loss: 0.013591 | Train R²: 0.5181 | Val R²: 0.5299 | NightHrsTrueNEE vs NightHrsModelReco R²: -0.7200 | NightHrsTrueNee vs NightHrsModelNee R²: -0.6900
Epoch 18500 | Train Loss: 0.012096 | Val Loss: 0.012015 | Train R²: 0.5723 | Val R²: 0.5844 | NightHrsTrueNEE vs NightHrsModelReco R²: -0.6000 | NightHrsTrueNee vs NightHrsModelNee R²: -0.5800
Epoch 19000 | Train Loss: 0.010410 | Val Loss: 0.010281 | Train R²: 0.6319 | Val R²: 0.6444 | NightHrsTrueNEE vs NightHrsModelReco R²: -0.4400 | NightHrsTrueNee vs NightHrsModelNee R²: -0.4200
Epoch 19500 | Train Loss: 0.008684 | Val Loss: 0.008522 | Train R²: 0.6930 | Val R²: 0.7052 | NightHrsTrueNEE vs NightHrsModelReco R²: -0.2300 | NightHrsTrueNee vs NightHrsModelNee R²: -0.2100
Epoch 20000 | Train Loss: 0.007068 | Val Loss: 0.006906 | Train R²: 0.7501 | Val R²: 0.7612 | NightHrsTrueNEE vs NightHrsModelReco R²: -0.0100 | NightHrsTrueNee vs NightHrsModelNee R²: 0.0000
Epoch 20500 | Train Loss: 0.005779 | Val Loss: 0.005633 | Train R²: 0.7957 | Val R²: 0.8052 | NightHrsTrueNEE vs NightHrsModelReco R²: 0.1700 | NightHrsTrueNee vs NightHrsModelNee R²: 0.1800
Epoch 21000 | Train Loss: 0.004843 | Val Loss: 0.004720 | Train R²: 0.8288 | Val R²: 0.8367 | NightHrsTrueNEE vs NightHrsModelReco R²: 0.3100 | NightHrsTrueNee vs NightHrsModelNee R²: 0.3100
Epoch 21500 | Train Loss: 0.004197 | Val Loss: 0.004104 | Train R²: 0.8516 | Val R²: 0.8581 | NightHrsTrueNEE vs NightHrsModelReco R²: 0.4100 | NightHrsTrueNee vs NightHrsModelNee R²: 0.4100
Epoch 22000 | Train Loss: 0.003747 | Val Loss: 0.003681 | Train R²: 0.8675 | Val R²: 0.8727 | NightHrsTrueNEE vs NightHrsModelReco R²: 0.4800 | NightHrsTrueNee vs NightHrsModelNee R²: 0.4800
Epoch 22500 | Train Loss: 0.003411 | Val Loss: 0.003365 | Train R²: 0.8794 | Val R²: 0.8836 | NightHrsTrueNEE vs NightHrsModelReco R²: 0.5400 | NightHrsTrueNee vs NightHrsModelNee R²: 0.5400
Epoch 23000 | Train Loss: 0.003137 | Val Loss: 0.003105 | Train R²: 0.8891 | Val R²: 0.8926 | NightHrsTrueNEE vs NightHrsModelReco R²: 0.5700 | NightHrsTrueNee vs NightHrsModelNee R²: 0.5800
Epoch 23500 | Train Loss: 0.002887 | Val Loss: 0.002863 | Train R²: 0.8979 | Val R²: 0.9010 | NightHrsTrueNEE vs NightHrsModelReco R²: 0.6100 | NightHrsTrueNee vs NightHrsModelNee R²: 0.6100
Epoch 24000 | Train Loss: 0.002647 | Val Loss: 0.002625 | Train R²: 0.9064 | Val R²: 0.9092 | NightHrsTrueNEE vs NightHrsModelReco R²: 0.6300 | NightHrsTrueNee vs NightHrsModelNee R²: 0.6300
Epoch 24500 | Train Loss: 0.002414 | Val Loss: 0.002391 | Train R²: 0.9146 | Val R²: 0.9173 | NightHrsTrueNEE vs NightHrsModelReco R²: 0.6500 | NightHrsTrueNee vs NightHrsModelNee R²: 0.6600
Epoch 25000 | Train Loss: 0.002191 | Val Loss: 0.002169 | Train R²: 0.9225 | Val R²: 0.9250 | NightHrsTrueNEE vs NightHrsModelReco R²: 0.6700 | NightHrsTrueNee vs NightHrsModelNee R²: 0.6700
Epoch 25500 | Train Loss: 0.001993 | Val Loss: 0.001972 | Train R²: 0.9295 | Val R²: 0.9318 | NightHrsTrueNEE vs NightHrsModelReco R²: 0.6900 | NightHrsTrueNee vs NightHrsModelNee R²: 0.6900
Epoch 26000 | Train Loss: 0.001836 | Val Loss: 0.001816 | Train R²: 0.9351 | Val R²: 0.9372 | NightHrsTrueNEE vs NightHrsModelReco R²: 0.7100 | NightHrsTrueNee vs NightHrsModelNee R²: 0.7100
Epoch 26500 | Train Loss: 0.001721 | Val Loss: 0.001701 | Train R²: 0.9392 | Val R²: 0.9412 | NightHrsTrueNEE vs NightHrsModelReco R²: 0.7200 | NightHrsTrueNee vs NightHrsModelNee R²: 0.7200
Epoch 27000 | Train Loss: 0.001637 | Val Loss: 0.001618 | Train R²: 0.9421 | Val R²: 0.9440 | NightHrsTrueNEE vs NightHrsModelReco R²: 0.7400 | NightHrsTrueNee vs NightHrsModelNee R²: 0.7400
Epoch 27500 | Train Loss: 0.001574 | Val Loss: 0.001555 | Train R²: 0.9444 | Val R²: 0.9462 | NightHrsTrueNEE vs NightHrsModelReco R²: 0.7500 | NightHrsTrueNee vs NightHrsModelNee R²: 0.7500
Epoch 28000 | Train Loss: 0.001525 | Val Loss: 0.001504 | Train R²: 0.9461 | Val R²: 0.9480 | NightHrsTrueNEE vs NightHrsModelReco R²: 0.7500 | NightHrsTrueNee vs NightHrsModelNee R²: 0.7500
Epoch 28500 | Train Loss: 0.001486 | Val Loss: 0.001462 | Train R²: 0.9475 | Val R²: 0.9494 | NightHrsTrueNEE vs NightHrsModelReco R²: 0.7600 | NightHrsTrueNee vs NightHrsModelNee R²: 0.7600
Epoch 29000 | Train Loss: 0.001453 | Val Loss: 0.001426 | Train R²: 0.9486 | Val R²: 0.9507 | NightHrsTrueNEE vs NightHrsModelReco R²: 0.7700 | NightHrsTrueNee vs NightHrsModelNee R²: 0.7700
Epoch 29500 | Train Loss: 0.001423 | Val Loss: 0.001394 | Train R²: 0.9497 | Val R²: 0.9518 | NightHrsTrueNEE vs NightHrsModelReco R²: 0.7700 | NightHrsTrueNee vs NightHrsModelNee R²: 0.7700
Epoch 30000 | Train Loss: 0.001396 | Val Loss: 0.001364 | Train R²: 0.9507 | Val R²: 0.9528 | NightHrsTrueNEE vs NightHrsModelReco R²: 0.7700 | NightHrsTrueNee vs NightHrsModelNee R²: 0.7700
Early stopping at epoch 30066 due to flat/negative trend (slope=0.000002)
Epoch 30066 | Train Loss: 0.001392 | Val Loss: 0.001360 | Train R²: 0.9508 | Val R²: 0.9529
Unpickling models
Following models have been loaded and moved to cuda:
trained gpp model:
 SNN_GPP_Tram(
  (net): Sequential(
    (0): Linear(in_features=12, out_features=12, bias=True)
    (1): Tanh()
    (2): Linear(in_features=12, out_features=1, bias=True)
    (3): Sigmoid()
  )
), trained_reco_model:
 SNN_GPP_Tram(
  (net): Sequential(
    (0): Linear(in_features=11, out_features=12, bias=True)
    (1): Tanh()
    (2): Linear(in_features=12, out_features=1, bias=True)
    (3): Sigmoid()
  )
)
using full data set for visualization
Un-normalizing the GPP and RECO predictions using NEE min: tensor([-36.1705]), NEE max: tensor([35.8634])



Metrics for the Tramontana, with
GPP inputs: ['SW_IN', 'VPD', 'TA', 'WTD', 'WS', 'PotRad', 'PotRadHalfHourlyDiff', 'PotRadDailyAvg', 'PotRadDailyDiff', 'WD_COS', 'WD_SIN', 'GPP_PROX']
RECO inputs: ['DOY_cos', 'TA', 'TS_1', 'TS_2', 'TS_3', 'TS_4', 'WTD', 'WS', 'WD_COS', 'WD_SIN', 'NIGHTLY_NEE_AVG']:
dt_gpp vs Tramontana_GPP R²=0.97 RMSE=1.27
nt_gpp vs Tramontana_GPP R²=0.95 RMSE=1.53
dt_reco vs Tramontana_RECO R²=0.80 RMSE=1.05
nt_reco vs Tramontana_RECO R²=0.88 RMSE=0.71
night_hours_true_nee vs Tramontana_night_hours_model_reco R²=0.76 RMSE=0.99
night_hours_true_nee vs Tramontana_night_hours_model_nee R²=0.76 RMSE=0.99
dt_gpp vs nt_gpp R²=0.95 RMSE=1.56
dt_reco vs nt_reco R²=0.85 RMSE=1.00

gpp_input_names,  ['SW_IN', 'VPD', 'TA', 'WTD', 'WS', 'PotRad', 'PotRadHalfHourlyDiff', 'PotRadDailyAvg', 'PotRadDailyDiff', 'WD_COS', 'WD_SIN', 'GPP_PROX'] 
reco_input_names,  ['DOY_sin', 'TA', 'TS_1', 'TS_2', 'TS_3', 'TS_4', 'WTD', 'WS', 'WD_COS', 'WD_SIN', 'NIGHTLY_NEE_AVG'] 
true_nee_name,  ['NEE'] 

Tramontana Running on GPU With hidden layer size of 12 Total epochs: 100000 lr: 0.001 patience: 500 min_delta 0.01
SNN_GPP_Tram(
  (net): Sequential(
    (0): Linear(in_features=12, out_features=12, bias=True)
    (1): Tanh()
    (2): Linear(in_features=12, out_features=1, bias=True)
    (3): Sigmoid()
  )
)
SNN_RECO_Tram(
  (net): Sequential(
    (0): Linear(in_features=11, out_features=12, bias=True)
    (1): Tanh()
    (2): Linear(in_features=12, out_features=1, bias=True)
    (3): Sigmoid()
  )
)
Params are min slope: 2e-06, trend window: 100
Epoch     0 | Train Loss: 19092.160156 | Val Loss: 18655.339844 | Train R²: -675045.3125 | Val R²: -645236.8125 | NightHrsTrueNEE vs NightHrsModelReco R²: -47.4600 | NightHrsTrueNee vs NightHrsModelNee R²: -181.4700
Epoch   500 | Train Loss: 167.172241 | Val Loss: 164.165741 | Train R²: -5909.7520 | Val R²: -5677.0503 | NightHrsTrueNEE vs NightHrsModelReco R²: -229.6500 | NightHrsTrueNee vs NightHrsModelNee R²: -220.3400
Epoch  1000 | Train Loss: 47.286983 | Val Loss: 46.282574 | Train R²: -1670.9379 | Val R²: -1599.7893 | NightHrsTrueNEE vs NightHrsModelReco R²: -252.7500 | NightHrsTrueNee vs NightHrsModelNee R²: -240.3600
Epoch  1500 | Train Loss: 21.436983 | Val Loss: 20.921272 | Train R²: -756.9529 | Val R²: -722.6103 | NightHrsTrueNEE vs NightHrsModelReco R²: -260.1600 | NightHrsTrueNee vs NightHrsModelNee R²: -248.5700
Epoch  2000 | Train Loss: 11.804749 | Val Loss: 11.497400 | Train R²: -416.3835 | Val R²: -396.6641 | NightHrsTrueNEE vs NightHrsModelReco R²: -263.7400 | NightHrsTrueNee vs NightHrsModelNee R²: -253.3000
Epoch  2500 | Train Loss: 7.238397 | Val Loss: 7.040874 | Train R²: -254.9298 | Val R²: -242.5248 | NightHrsTrueNEE vs NightHrsModelReco R²: -265.7500 | NightHrsTrueNee vs NightHrsModelNee R²: -256.3900
Epoch  3000 | Train Loss: 4.762608 | Val Loss: 4.630024 | Train R²: -167.3927 | Val R²: -159.1400 | NightHrsTrueNEE vs NightHrsModelReco R²: -266.9000 | NightHrsTrueNee vs NightHrsModelNee R²: -258.5000
Epoch  3500 | Train Loss: 3.303575 | Val Loss: 3.212229 | Train R²: -115.8053 | Val R²: -110.1023 | NightHrsTrueNEE vs NightHrsModelReco R²: -267.4300 | NightHrsTrueNee vs NightHrsModelNee R²: -259.8600
Epoch  4000 | Train Loss: 2.395319 | Val Loss: 2.331429 | Train R²: -83.6919 | Val R²: -79.6378 | NightHrsTrueNEE vs NightHrsModelReco R²: -267.3100 | NightHrsTrueNee vs NightHrsModelNee R²: -260.4700
Epoch  4500 | Train Loss: 1.808259 | Val Loss: 1.763212 | Train R²: -62.9351 | Val R²: -59.9847 | NightHrsTrueNEE vs NightHrsModelReco R²: -266.0800 | NightHrsTrueNee vs NightHrsModelNee R²: -259.9000
Epoch  5000 | Train Loss: 1.416409 | Val Loss: 1.384353 | Train R²: -49.0803 | Val R²: -46.8810 | NightHrsTrueNEE vs NightHrsModelReco R²: -261.0300 | NightHrsTrueNee vs NightHrsModelNee R²: -255.4800
Epoch  5500 | Train Loss: 1.103381 | Val Loss: 1.077591 | Train R²: -38.0125 | Val R²: -36.2710 | NightHrsTrueNEE vs NightHrsModelReco R²: -197.1700 | NightHrsTrueNee vs NightHrsModelNee R²: -192.9700
Epoch  6000 | Train Loss: 0.832427 | Val Loss: 0.813106 | Train R²: -28.4323 | Val R²: -27.1232 | NightHrsTrueNEE vs NightHrsModelReco R²: -116.3100 | NightHrsTrueNee vs NightHrsModelNee R²: -113.6800
Epoch  6500 | Train Loss: 0.606073 | Val Loss: 0.589489 | Train R²: -20.4291 | Val R²: -19.3888 | NightHrsTrueNEE vs NightHrsModelReco R²: -66.8400 | NightHrsTrueNee vs NightHrsModelNee R²: -64.9700
Epoch  7000 | Train Loss: 0.446406 | Val Loss: 0.433925 | Train R²: -14.7837 | Val R²: -14.0083 | NightHrsTrueNEE vs NightHrsModelReco R²: -51.1100 | NightHrsTrueNee vs NightHrsModelNee R²: -49.5200
Epoch  7500 | Train Loss: 0.336453 | Val Loss: 0.327339 | Train R²: -10.8961 | Val R²: -10.3218 | NightHrsTrueNEE vs NightHrsModelReco R²: -42.3800 | NightHrsTrueNee vs NightHrsModelNee R²: -41.0400
Epoch  8000 | Train Loss: 0.255730 | Val Loss: 0.248836 | Train R²: -8.0419 | Val R²: -7.6066 | NightHrsTrueNEE vs NightHrsModelReco R²: -33.4800 | NightHrsTrueNee vs NightHrsModelNee R²: -32.4000
Epoch  8500 | Train Loss: 0.195174 | Val Loss: 0.189820 | Train R²: -5.9008 | Val R²: -5.5654 | NightHrsTrueNEE vs NightHrsModelReco R²: -25.5100 | NightHrsTrueNee vs NightHrsModelNee R²: -24.6600
Epoch  9000 | Train Loss: 0.149772 | Val Loss: 0.145512 | Train R²: -4.2955 | Val R²: -4.0329 | NightHrsTrueNEE vs NightHrsModelReco R²: -19.1000 | NightHrsTrueNee vs NightHrsModelNee R²: -18.4300
Epoch  9500 | Train Loss: 0.116014 | Val Loss: 0.112552 | Train R²: -3.1019 | Val R²: -2.8929 | NightHrsTrueNEE vs NightHrsModelReco R²: -14.3700 | NightHrsTrueNee vs NightHrsModelNee R²: -13.8500
Epoch 10000 | Train Loss: 0.090949 | Val Loss: 0.088103 | Train R²: -2.2157 | Val R²: -2.0472 | NightHrsTrueNEE vs NightHrsModelReco R²: -11.0100 | NightHrsTrueNee vs NightHrsModelNee R²: -10.6000
Epoch 10500 | Train Loss: 0.072278 | Val Loss: 0.069922 | Train R²: -1.5555 | Val R²: -1.4184 | NightHrsTrueNEE vs NightHrsModelReco R²: -8.5900 | NightHrsTrueNee vs NightHrsModelNee R²: -8.2700
Epoch 11000 | Train Loss: 0.058303 | Val Loss: 0.056348 | Train R²: -1.0614 | Val R²: -0.9489 | NightHrsTrueNEE vs NightHrsModelReco R²: -6.7800 | NightHrsTrueNee vs NightHrsModelNee R²: -6.5300
Epoch 11500 | Train Loss: 0.047778 | Val Loss: 0.046173 | Train R²: -0.6893 | Val R²: -0.5970 | NightHrsTrueNEE vs NightHrsModelReco R²: -5.4000 | NightHrsTrueNee vs NightHrsModelNee R²: -5.1900
Epoch 12000 | Train Loss: 0.039802 | Val Loss: 0.038516 | Train R²: -0.4073 | Val R²: -0.3322 | NightHrsTrueNEE vs NightHrsModelReco R²: -4.3100 | NightHrsTrueNee vs NightHrsModelNee R²: -4.1500
Epoch 12500 | Train Loss: 0.033776 | Val Loss: 0.032767 | Train R²: -0.1942 | Val R²: -0.1333 | NightHrsTrueNEE vs NightHrsModelReco R²: -3.4500 | NightHrsTrueNee vs NightHrsModelNee R²: -3.3200
Epoch 13000 | Train Loss: 0.029283 | Val Loss: 0.028502 | Train R²: -0.0354 | Val R²: 0.0142 | NightHrsTrueNEE vs NightHrsModelReco R²: -2.7600 | NightHrsTrueNee vs NightHrsModelNee R²: -2.6600
Epoch 13500 | Train Loss: 0.025962 | Val Loss: 0.025369 | Train R²: 0.0821 | Val R²: 0.1225 | NightHrsTrueNEE vs NightHrsModelReco R²: -2.2300 | NightHrsTrueNee vs NightHrsModelNee R²: -2.1500
Epoch 14000 | Train Loss: 0.023502 | Val Loss: 0.023065 | Train R²: 0.1690 | Val R²: 0.2022 | NightHrsTrueNEE vs NightHrsModelReco R²: -1.8300 | NightHrsTrueNee vs NightHrsModelNee R²: -1.7700
Epoch 14500 | Train Loss: 0.021656 | Val Loss: 0.021342 | Train R²: 0.2343 | Val R²: 0.2619 | NightHrsTrueNEE vs NightHrsModelReco R²: -1.5300 | NightHrsTrueNee vs NightHrsModelNee R²: -1.4700
Epoch 15000 | Train Loss: 0.020231 | Val Loss: 0.020010 | Train R²: 0.2847 | Val R²: 0.3079 | NightHrsTrueNEE vs NightHrsModelReco R²: -1.3000 | NightHrsTrueNee vs NightHrsModelNee R²: -1.2500
Epoch 15500 | Train Loss: 0.019082 | Val Loss: 0.018926 | Train R²: 0.3253 | Val R²: 0.3454 | NightHrsTrueNEE vs NightHrsModelReco R²: -1.1200 | NightHrsTrueNee vs NightHrsModelNee R²: -1.0800
Epoch 16000 | Train Loss: 0.018087 | Val Loss: 0.017971 | Train R²: 0.3605 | Val R²: 0.3784 | NightHrsTrueNEE vs NightHrsModelReco R²: -0.9800 | NightHrsTrueNee vs NightHrsModelNee R²: -0.9500
Epoch 16500 | Train Loss: 0.017138 | Val Loss: 0.017042 | Train R²: 0.3940 | Val R²: 0.4106 | NightHrsTrueNEE vs NightHrsModelReco R²: -0.8700 | NightHrsTrueNee vs NightHrsModelNee R²: -0.8400
Epoch 17000 | Train Loss: 0.016138 | Val Loss: 0.016049 | Train R²: 0.4294 | Val R²: 0.4449 | NightHrsTrueNEE vs NightHrsModelReco R²: -0.7800 | NightHrsTrueNee vs NightHrsModelNee R²: -0.7600
Epoch 17500 | Train Loss: 0.014988 | Val Loss: 0.014885 | Train R²: 0.4701 | Val R²: 0.4852 | NightHrsTrueNEE vs NightHrsModelReco R²: -0.7100 | NightHrsTrueNee vs NightHrsModelNee R²: -0.6900
Epoch 18000 | Train Loss: 0.013617 | Val Loss: 0.013479 | Train R²: 0.5185 | Val R²: 0.5338 | NightHrsTrueNEE vs NightHrsModelReco R²: -0.6400 | NightHrsTrueNee vs NightHrsModelNee R²: -0.6200
Epoch 18500 | Train Loss: 0.012019 | Val Loss: 0.011838 | Train R²: 0.5750 | Val R²: 0.5906 | NightHrsTrueNEE vs NightHrsModelReco R²: -0.5500 | NightHrsTrueNee vs NightHrsModelNee R²: -0.5300
Epoch 19000 | Train Loss: 0.010266 | Val Loss: 0.010054 | Train R²: 0.6370 | Val R²: 0.6523 | NightHrsTrueNEE vs NightHrsModelReco R²: -0.4100 | NightHrsTrueNee vs NightHrsModelNee R²: -0.4000
Epoch 19500 | Train Loss: 0.008518 | Val Loss: 0.008288 | Train R²: 0.6988 | Val R²: 0.7133 | NightHrsTrueNEE vs NightHrsModelReco R²: -0.2200 | NightHrsTrueNee vs NightHrsModelNee R²: -0.2000
Epoch 20000 | Train Loss: 0.006978 | Val Loss: 0.006745 | Train R²: 0.7533 | Val R²: 0.7667 | NightHrsTrueNEE vs NightHrsModelReco R²: 0.0000 | NightHrsTrueNee vs NightHrsModelNee R²: 0.0100
Epoch 20500 | Train Loss: 0.005763 | Val Loss: 0.005555 | Train R²: 0.7962 | Val R²: 0.8079 | NightHrsTrueNEE vs NightHrsModelReco R²: 0.1900 | NightHrsTrueNee vs NightHrsModelNee R²: 0.2000
Epoch 21000 | Train Loss: 0.004858 | Val Loss: 0.004687 | Train R²: 0.8282 | Val R²: 0.8379 | NightHrsTrueNEE vs NightHrsModelReco R²: 0.3300 | NightHrsTrueNee vs NightHrsModelNee R²: 0.3300
Epoch 21500 | Train Loss: 0.004206 | Val Loss: 0.004069 | Train R²: 0.8513 | Val R²: 0.8593 | NightHrsTrueNEE vs NightHrsModelReco R²: 0.4300 | NightHrsTrueNee vs NightHrsModelNee R²: 0.4400
Epoch 22000 | Train Loss: 0.003749 | Val Loss: 0.003644 | Train R²: 0.8675 | Val R²: 0.8740 | NightHrsTrueNEE vs NightHrsModelReco R²: 0.5100 | NightHrsTrueNee vs NightHrsModelNee R²: 0.5100
Epoch 22500 | Train Loss: 0.003402 | Val Loss: 0.003331 | Train R²: 0.8797 | Val R²: 0.8848 | NightHrsTrueNEE vs NightHrsModelReco R²: 0.5600 | NightHrsTrueNee vs NightHrsModelNee R²: 0.5600
Epoch 23000 | Train Loss: 0.003106 | Val Loss: 0.003073 | Train R²: 0.8902 | Val R²: 0.8937 | NightHrsTrueNEE vs NightHrsModelReco R²: 0.5900 | NightHrsTrueNee vs NightHrsModelNee R²: 0.5900
Epoch 23500 | Train Loss: 0.002869 | Val Loss: 0.002853 | Train R²: 0.8986 | Val R²: 0.9013 | NightHrsTrueNEE vs NightHrsModelReco R²: 0.6100 | NightHrsTrueNee vs NightHrsModelNee R²: 0.6100
Epoch 24000 | Train Loss: 0.002645 | Val Loss: 0.002641 | Train R²: 0.9065 | Val R²: 0.9087 | NightHrsTrueNEE vs NightHrsModelReco R²: 0.6300 | NightHrsTrueNee vs NightHrsModelNee R²: 0.6300
Epoch 24500 | Train Loss: 0.002419 | Val Loss: 0.002425 | Train R²: 0.9145 | Val R²: 0.9161 | NightHrsTrueNEE vs NightHrsModelReco R²: 0.6500 | NightHrsTrueNee vs NightHrsModelNee R²: 0.6500
Epoch 25000 | Train Loss: 0.002198 | Val Loss: 0.002210 | Train R²: 0.9223 | Val R²: 0.9236 | NightHrsTrueNEE vs NightHrsModelReco R²: 0.6600 | NightHrsTrueNee vs NightHrsModelNee R²: 0.6700
Epoch 25500 | Train Loss: 0.002002 | Val Loss: 0.002016 | Train R²: 0.9292 | Val R²: 0.9303 | NightHrsTrueNEE vs NightHrsModelReco R²: 0.6800 | NightHrsTrueNee vs NightHrsModelNee R²: 0.6800
Epoch 26000 | Train Loss: 0.001847 | Val Loss: 0.001862 | Train R²: 0.9347 | Val R²: 0.9356 | NightHrsTrueNEE vs NightHrsModelReco R²: 0.7000 | NightHrsTrueNee vs NightHrsModelNee R²: 0.7000
Epoch 26500 | Train Loss: 0.001731 | Val Loss: 0.001746 | Train R²: 0.9388 | Val R²: 0.9396 | NightHrsTrueNEE vs NightHrsModelReco R²: 0.7200 | NightHrsTrueNee vs NightHrsModelNee R²: 0.7200
Epoch 27000 | Train Loss: 0.001644 | Val Loss: 0.001658 | Train R²: 0.9419 | Val R²: 0.9427 | NightHrsTrueNEE vs NightHrsModelReco R²: 0.7300 | NightHrsTrueNee vs NightHrsModelNee R²: 0.7300
Epoch 27500 | Train Loss: 0.001577 | Val Loss: 0.001587 | Train R²: 0.9442 | Val R²: 0.9451 | NightHrsTrueNEE vs NightHrsModelReco R²: 0.7400 | NightHrsTrueNee vs NightHrsModelNee R²: 0.7400
Epoch 28000 | Train Loss: 0.001521 | Val Loss: 0.001525 | Train R²: 0.9462 | Val R²: 0.9473 | NightHrsTrueNEE vs NightHrsModelReco R²: 0.7500 | NightHrsTrueNee vs NightHrsModelNee R²: 0.7500
Epoch 28500 | Train Loss: 0.001475 | Val Loss: 0.001474 | Train R²: 0.9479 | Val R²: 0.9490 | NightHrsTrueNEE vs NightHrsModelReco R²: 0.7600 | NightHrsTrueNee vs NightHrsModelNee R²: 0.7600
Epoch 29000 | Train Loss: 0.001439 | Val Loss: 0.001435 | Train R²: 0.9491 | Val R²: 0.9504 | NightHrsTrueNEE vs NightHrsModelReco R²: 0.7600 | NightHrsTrueNee vs NightHrsModelNee R²: 0.7600
Epoch 29500 | Train Loss: 0.001409 | Val Loss: 0.001403 | Train R²: 0.9502 | Val R²: 0.9515 | NightHrsTrueNEE vs NightHrsModelReco R²: 0.7700 | NightHrsTrueNee vs NightHrsModelNee R²: 0.7700
Early stopping at epoch 29941 due to flat/negative trend (slope=0.000002)
Epoch 29941 | Train Loss: 0.001386 | Val Loss: 0.001377 | Train R²: 0.9510 | Val R²: 0.9524
Unpickling models
Following models have been loaded and moved to cuda:
trained gpp model:
 SNN_GPP_Tram(
  (net): Sequential(
    (0): Linear(in_features=12, out_features=12, bias=True)
    (1): Tanh()
    (2): Linear(in_features=12, out_features=1, bias=True)
    (3): Sigmoid()
  )
), trained_reco_model:
 SNN_GPP_Tram(
  (net): Sequential(
    (0): Linear(in_features=11, out_features=12, bias=True)
    (1): Tanh()
    (2): Linear(in_features=12, out_features=1, bias=True)
    (3): Sigmoid()
  )
)
using full data set for visualization
Un-normalizing the GPP and RECO predictions using NEE min: tensor([-36.1705]), NEE max: tensor([35.8634])



Metrics for the Tramontana, with
GPP inputs: ['SW_IN', 'VPD', 'TA', 'WTD', 'WS', 'PotRad', 'PotRadHalfHourlyDiff', 'PotRadDailyAvg', 'PotRadDailyDiff', 'WD_COS', 'WD_SIN', 'GPP_PROX']
RECO inputs: ['DOY_sin', 'TA', 'TS_1', 'TS_2', 'TS_3', 'TS_4', 'WTD', 'WS', 'WD_COS', 'WD_SIN', 'NIGHTLY_NEE_AVG']:
dt_gpp vs Tramontana_GPP R²=0.97 RMSE=1.22
nt_gpp vs Tramontana_GPP R²=0.95 RMSE=1.50
dt_reco vs Tramontana_RECO R²=0.82 RMSE=1.00
nt_reco vs Tramontana_RECO R²=0.89 RMSE=0.66
night_hours_true_nee vs Tramontana_night_hours_model_reco R²=0.76 RMSE=1.00
night_hours_true_nee vs Tramontana_night_hours_model_nee R²=0.76 RMSE=1.00
dt_gpp vs nt_gpp R²=0.95 RMSE=1.56
dt_reco vs nt_reco R²=0.85 RMSE=1.00

gpp_input_names,  ['SW_IN', 'VPD', 'TA', 'WTD', 'WS', 'PotRad', 'PotRadHalfHourlyDiff', 'PotRadDailyAvg', 'PotRadDailyDiff', 'WD_COS', 'WD_SIN', 'GPP_PROX'] 
reco_input_names,  ['DOY_sin', 'DOY_cos', 'TS_1', 'TS_2', 'TS_3', 'TS_4', 'WTD', 'WS', 'WD_COS', 'WD_SIN', 'NIGHTLY_NEE_AVG'] 
true_nee_name,  ['NEE'] 

Tramontana Running on GPU With hidden layer size of 12 Total epochs: 100000 lr: 0.001 patience: 500 min_delta 0.01
SNN_GPP_Tram(
  (net): Sequential(
    (0): Linear(in_features=12, out_features=12, bias=True)
    (1): Tanh()
    (2): Linear(in_features=12, out_features=1, bias=True)
    (3): Sigmoid()
  )
)
SNN_RECO_Tram(
  (net): Sequential(
    (0): Linear(in_features=11, out_features=12, bias=True)
    (1): Tanh()
    (2): Linear(in_features=12, out_features=1, bias=True)
    (3): Sigmoid()
  )
)
Params are min slope: 2e-06, trend window: 100
Epoch     0 | Train Loss: 19103.732422 | Val Loss: 18667.130859 | Train R²: -675454.5000 | Val R²: -645644.6875 | NightHrsTrueNEE vs NightHrsModelReco R²: -54.5800 | NightHrsTrueNee vs NightHrsModelNee R²: -187.8900
Epoch   500 | Train Loss: 167.222137 | Val Loss: 164.217697 | Train R²: -5911.5151 | Val R²: -5678.8472 | NightHrsTrueNEE vs NightHrsModelReco R²: -230.3400 | NightHrsTrueNee vs NightHrsModelNee R²: -220.8900
Epoch  1000 | Train Loss: 47.293381 | Val Loss: 46.289955 | Train R²: -1671.1639 | Val R²: -1600.0446 | NightHrsTrueNEE vs NightHrsModelReco R²: -255.3000 | NightHrsTrueNee vs NightHrsModelNee R²: -242.7200
Epoch  1500 | Train Loss: 21.439495 | Val Loss: 20.924337 | Train R²: -757.0416 | Val R²: -722.7163 | NightHrsTrueNEE vs NightHrsModelReco R²: -262.5300 | NightHrsTrueNee vs NightHrsModelNee R²: -250.8000
Epoch  2000 | Train Loss: 11.806338 | Val Loss: 11.499344 | Train R²: -416.4397 | Val R²: -396.7313 | NightHrsTrueNEE vs NightHrsModelReco R²: -265.8400 | NightHrsTrueNee vs NightHrsModelNee R²: -255.2900
Epoch  2500 | Train Loss: 7.239596 | Val Loss: 7.042333 | Train R²: -254.9722 | Val R²: -242.5753 | NightHrsTrueNEE vs NightHrsModelReco R²: -267.6200 | NightHrsTrueNee vs NightHrsModelNee R²: -258.1800
Epoch  3000 | Train Loss: 4.763577 | Val Loss: 4.631207 | Train R²: -167.4270 | Val R²: -159.1810 | NightHrsTrueNEE vs NightHrsModelReco R²: -268.6000 | NightHrsTrueNee vs NightHrsModelNee R²: -260.1300
Epoch  3500 | Train Loss: 3.304379 | Val Loss: 3.213229 | Train R²: -115.8338 | Val R²: -110.1369 | NightHrsTrueNEE vs NightHrsModelReco R²: -269.0200 | NightHrsTrueNee vs NightHrsModelNee R²: -261.3900
Epoch  4000 | Train Loss: 2.395954 | Val Loss: 2.332263 | Train R²: -83.7144 | Val R²: -79.6667 | NightHrsTrueNEE vs NightHrsModelReco R²: -268.8300 | NightHrsTrueNee vs NightHrsModelNee R²: -261.9400
Epoch  4500 | Train Loss: 1.808612 | Val Loss: 1.763794 | Train R²: -62.9476 | Val R²: -60.0049 | NightHrsTrueNEE vs NightHrsModelReco R²: -267.5900 | NightHrsTrueNee vs NightHrsModelNee R²: -261.3700
Epoch  5000 | Train Loss: 1.415165 | Val Loss: 1.383416 | Train R²: -49.0363 | Val R²: -46.8486 | NightHrsTrueNEE vs NightHrsModelReco R²: -262.1800 | NightHrsTrueNee vs NightHrsModelNee R²: -256.5800
Epoch  5500 | Train Loss: 1.050153 | Val Loss: 1.025305 | Train R²: -36.1305 | Val R²: -34.4625 | NightHrsTrueNEE vs NightHrsModelReco R²: -159.1200 | NightHrsTrueNee vs NightHrsModelNee R²: -155.2900
Epoch  6000 | Train Loss: 0.800343 | Val Loss: 0.782571 | Train R²: -27.2979 | Val R²: -26.0670 | NightHrsTrueNEE vs NightHrsModelReco R²: -118.2500 | NightHrsTrueNee vs NightHrsModelNee R²: -115.3000
Epoch  6500 | Train Loss: 0.601067 | Val Loss: 0.588114 | Train R²: -20.2521 | Val R²: -19.3413 | NightHrsTrueNEE vs NightHrsModelReco R²: -86.0900 | NightHrsTrueNee vs NightHrsModelNee R²: -83.7700
Epoch  7000 | Train Loss: 0.455692 | Val Loss: 0.445393 | Train R²: -15.1120 | Val R²: -14.4049 | NightHrsTrueNEE vs NightHrsModelReco R²: -63.2800 | NightHrsTrueNee vs NightHrsModelNee R²: -61.4800
Epoch  7500 | Train Loss: 0.346027 | Val Loss: 0.337591 | Train R²: -11.2346 | Val R²: -10.6764 | NightHrsTrueNEE vs NightHrsModelReco R²: -46.3300 | NightHrsTrueNee vs NightHrsModelNee R²: -44.9400
Epoch  8000 | Train Loss: 0.263549 | Val Loss: 0.256707 | Train R²: -8.3184 | Val R²: -7.8788 | NightHrsTrueNEE vs NightHrsModelReco R²: -34.5800 | NightHrsTrueNee vs NightHrsModelNee R²: -33.4900
Epoch  8500 | Train Loss: 0.201402 | Val Loss: 0.195920 | Train R²: -6.1210 | Val R²: -5.7764 | NightHrsTrueNEE vs NightHrsModelReco R²: -26.1100 | NightHrsTrueNee vs NightHrsModelNee R²: -25.2700
Epoch  9000 | Train Loss: 0.154710 | Val Loss: 0.150382 | Train R²: -4.4701 | Val R²: -4.2013 | NightHrsTrueNEE vs NightHrsModelReco R²: -19.8900 | NightHrsTrueNee vs NightHrsModelNee R²: -19.2400
Epoch  9500 | Train Loss: 0.119876 | Val Loss: 0.116497 | Train R²: -3.2385 | Val R²: -3.0293 | NightHrsTrueNEE vs NightHrsModelReco R²: -15.3900 | NightHrsTrueNee vs NightHrsModelNee R²: -14.8900
Epoch 10000 | Train Loss: 0.093826 | Val Loss: 0.091179 | Train R²: -2.3174 | Val R²: -2.1536 | NightHrsTrueNEE vs NightHrsModelReco R²: -12.0300 | NightHrsTrueNee vs NightHrsModelNee R²: -11.6300
Epoch 10500 | Train Loss: 0.074318 | Val Loss: 0.072242 | Train R²: -1.6277 | Val R²: -1.4986 | NightHrsTrueNEE vs NightHrsModelReco R²: -9.4700 | NightHrsTrueNee vs NightHrsModelNee R²: -9.1500
Epoch 11000 | Train Loss: 0.059705 | Val Loss: 0.058087 | Train R²: -1.1110 | Val R²: -1.0091 | NightHrsTrueNEE vs NightHrsModelReco R²: -7.5100 | NightHrsTrueNee vs NightHrsModelNee R²: -7.2600
Epoch 11500 | Train Loss: 0.048752 | Val Loss: 0.047515 | Train R²: -0.7237 | Val R²: -0.6434 | NightHrsTrueNEE vs NightHrsModelReco R²: -5.9900 | NightHrsTrueNee vs NightHrsModelNee R²: -5.7900
Epoch 12000 | Train Loss: 0.040549 | Val Loss: 0.039628 | Train R²: -0.4337 | Val R²: -0.3706 | NightHrsTrueNEE vs NightHrsModelReco R²: -4.8000 | NightHrsTrueNee vs NightHrsModelNee R²: -4.6400
Epoch 12500 | Train Loss: 0.034413 | Val Loss: 0.033749 | Train R²: -0.2167 | Val R²: -0.1673 | NightHrsTrueNEE vs NightHrsModelReco R²: -3.8500 | NightHrsTrueNee vs NightHrsModelNee R²: -3.7300
Epoch 13000 | Train Loss: 0.029821 | Val Loss: 0.029363 | Train R²: -0.0544 | Val R²: -0.0156 | NightHrsTrueNEE vs NightHrsModelReco R²: -3.1000 | NightHrsTrueNee vs NightHrsModelNee R²: -3.0000
Epoch 13500 | Train Loss: 0.026384 | Val Loss: 0.026084 | Train R²: 0.0671 | Val R²: 0.0978 | NightHrsTrueNEE vs NightHrsModelReco R²: -2.5200 | NightHrsTrueNee vs NightHrsModelNee R²: -2.4300
Epoch 14000 | Train Loss: 0.023815 | Val Loss: 0.023631 | Train R²: 0.1580 | Val R²: 0.1827 | NightHrsTrueNEE vs NightHrsModelReco R²: -2.0600 | NightHrsTrueNee vs NightHrsModelNee R²: -2.0000
Epoch 14500 | Train Loss: 0.021898 | Val Loss: 0.021795 | Train R²: 0.2258 | Val R²: 0.2462 | NightHrsTrueNEE vs NightHrsModelReco R²: -1.7200 | NightHrsTrueNee vs NightHrsModelNee R²: -1.6700
Epoch 15000 | Train Loss: 0.020448 | Val Loss: 0.020408 | Train R²: 0.2770 | Val R²: 0.2941 | NightHrsTrueNEE vs NightHrsModelReco R²: -1.4600 | NightHrsTrueNee vs NightHrsModelNee R²: -1.4200
Epoch 15500 | Train Loss: 0.019310 | Val Loss: 0.019321 | Train R²: 0.3173 | Val R²: 0.3318 | NightHrsTrueNEE vs NightHrsModelReco R²: -1.2600 | NightHrsTrueNee vs NightHrsModelNee R²: -1.2300
Epoch 16000 | Train Loss: 0.018353 | Val Loss: 0.018403 | Train R²: 0.3511 | Val R²: 0.3635 | NightHrsTrueNEE vs NightHrsModelReco R²: -1.1100 | NightHrsTrueNee vs NightHrsModelNee R²: -1.0800
Epoch 16500 | Train Loss: 0.017469 | Val Loss: 0.017545 | Train R²: 0.3823 | Val R²: 0.3932 | NightHrsTrueNEE vs NightHrsModelReco R²: -0.9900 | NightHrsTrueNee vs NightHrsModelNee R²: -0.9600
Epoch 17000 | Train Loss: 0.016564 | Val Loss: 0.016648 | Train R²: 0.4143 | Val R²: 0.4242 | NightHrsTrueNEE vs NightHrsModelReco R²: -0.9000 | NightHrsTrueNee vs NightHrsModelNee R²: -0.8700
Epoch 17500 | Train Loss: 0.015547 | Val Loss: 0.015620 | Train R²: 0.4503 | Val R²: 0.4597 | NightHrsTrueNEE vs NightHrsModelReco R²: -0.8300 | NightHrsTrueNee vs NightHrsModelNee R²: -0.8100
Epoch 18000 | Train Loss: 0.014326 | Val Loss: 0.014373 | Train R²: 0.4935 | Val R²: 0.5029 | NightHrsTrueNEE vs NightHrsModelReco R²: -0.7700 | NightHrsTrueNee vs NightHrsModelNee R²: -0.7500
Epoch 18500 | Train Loss: 0.012839 | Val Loss: 0.012850 | Train R²: 0.5460 | Val R²: 0.5556 | NightHrsTrueNEE vs NightHrsModelReco R²: -0.7000 | NightHrsTrueNee vs NightHrsModelNee R²: -0.6800
Epoch 19000 | Train Loss: 0.011096 | Val Loss: 0.011067 | Train R²: 0.6077 | Val R²: 0.6172 | NightHrsTrueNEE vs NightHrsModelReco R²: -0.5900 | NightHrsTrueNee vs NightHrsModelNee R²: -0.5800
Epoch 19500 | Train Loss: 0.009235 | Val Loss: 0.009162 | Train R²: 0.6735 | Val R²: 0.6831 | NightHrsTrueNEE vs NightHrsModelReco R²: -0.4200 | NightHrsTrueNee vs NightHrsModelNee R²: -0.4000
Epoch 20000 | Train Loss: 0.007498 | Val Loss: 0.007390 | Train R²: 0.7349 | Val R²: 0.7444 | NightHrsTrueNEE vs NightHrsModelReco R²: -0.2000 | NightHrsTrueNee vs NightHrsModelNee R²: -0.1900
Epoch 20500 | Train Loss: 0.006076 | Val Loss: 0.005960 | Train R²: 0.7852 | Val R²: 0.7939 | NightHrsTrueNEE vs NightHrsModelReco R²: 0.0100 | NightHrsTrueNee vs NightHrsModelNee R²: 0.0200
Epoch 21000 | Train Loss: 0.005040 | Val Loss: 0.004935 | Train R²: 0.8218 | Val R²: 0.8293 | NightHrsTrueNEE vs NightHrsModelReco R²: 0.1900 | NightHrsTrueNee vs NightHrsModelNee R²: 0.1900
Epoch 21500 | Train Loss: 0.004336 | Val Loss: 0.004255 | Train R²: 0.8467 | Val R²: 0.8528 | NightHrsTrueNEE vs NightHrsModelReco R²: 0.3200 | NightHrsTrueNee vs NightHrsModelNee R²: 0.3200
Epoch 22000 | Train Loss: 0.003849 | Val Loss: 0.003796 | Train R²: 0.8639 | Val R²: 0.8687 | NightHrsTrueNEE vs NightHrsModelReco R²: 0.4100 | NightHrsTrueNee vs NightHrsModelNee R²: 0.4100
Epoch 22500 | Train Loss: 0.003494 | Val Loss: 0.003461 | Train R²: 0.8765 | Val R²: 0.8803 | NightHrsTrueNEE vs NightHrsModelReco R²: 0.4800 | NightHrsTrueNee vs NightHrsModelNee R²: 0.4800
Epoch 23000 | Train Loss: 0.003227 | Val Loss: 0.003213 | Train R²: 0.8859 | Val R²: 0.8889 | NightHrsTrueNEE vs NightHrsModelReco R²: 0.5200 | NightHrsTrueNee vs NightHrsModelNee R²: 0.5200
Epoch 23500 | Train Loss: 0.002996 | Val Loss: 0.002992 | Train R²: 0.8941 | Val R²: 0.8965 | NightHrsTrueNEE vs NightHrsModelReco R²: 0.5600 | NightHrsTrueNee vs NightHrsModelNee R²: 0.5600
Epoch 24000 | Train Loss: 0.002771 | Val Loss: 0.002773 | Train R²: 0.9020 | Val R²: 0.9041 | NightHrsTrueNEE vs NightHrsModelReco R²: 0.5900 | NightHrsTrueNee vs NightHrsModelNee R²: 0.5900
Epoch 24500 | Train Loss: 0.002541 | Val Loss: 0.002546 | Train R²: 0.9102 | Val R²: 0.9120 | NightHrsTrueNEE vs NightHrsModelReco R²: 0.6100 | NightHrsTrueNee vs NightHrsModelNee R²: 0.6100
Epoch 25000 | Train Loss: 0.002311 | Val Loss: 0.002313 | Train R²: 0.9183 | Val R²: 0.9200 | NightHrsTrueNEE vs NightHrsModelReco R²: 0.6400 | NightHrsTrueNee vs NightHrsModelNee R²: 0.6400
Epoch 25500 | Train Loss: 0.002098 | Val Loss: 0.002096 | Train R²: 0.9258 | Val R²: 0.9275 | NightHrsTrueNEE vs NightHrsModelReco R²: 0.6600 | NightHrsTrueNee vs NightHrsModelNee R²: 0.6600
Epoch 26000 | Train Loss: 0.001918 | Val Loss: 0.001912 | Train R²: 0.9322 | Val R²: 0.9339 | NightHrsTrueNEE vs NightHrsModelReco R²: 0.6800 | NightHrsTrueNee vs NightHrsModelNee R²: 0.6800
Epoch 26500 | Train Loss: 0.001778 | Val Loss: 0.001769 | Train R²: 0.9371 | Val R²: 0.9388 | NightHrsTrueNEE vs NightHrsModelReco R²: 0.7000 | NightHrsTrueNee vs NightHrsModelNee R²: 0.7000
Epoch 27000 | Train Loss: 0.001672 | Val Loss: 0.001661 | Train R²: 0.9409 | Val R²: 0.9426 | NightHrsTrueNEE vs NightHrsModelReco R²: 0.7200 | NightHrsTrueNee vs NightHrsModelNee R²: 0.7200
Epoch 27500 | Train Loss: 0.001591 | Val Loss: 0.001576 | Train R²: 0.9438 | Val R²: 0.9455 | NightHrsTrueNEE vs NightHrsModelReco R²: 0.7300 | NightHrsTrueNee vs NightHrsModelNee R²: 0.7300
Epoch 28000 | Train Loss: 0.001527 | Val Loss: 0.001510 | Train R²: 0.9460 | Val R²: 0.9478 | NightHrsTrueNEE vs NightHrsModelReco R²: 0.7400 | NightHrsTrueNee vs NightHrsModelNee R²: 0.7400
Epoch 28500 | Train Loss: 0.001480 | Val Loss: 0.001461 | Train R²: 0.9477 | Val R²: 0.9495 | NightHrsTrueNEE vs NightHrsModelReco R²: 0.7500 | NightHrsTrueNee vs NightHrsModelNee R²: 0.7500
Epoch 29000 | Train Loss: 0.001444 | Val Loss: 0.001422 | Train R²: 0.9490 | Val R²: 0.9508 | NightHrsTrueNEE vs NightHrsModelReco R²: 0.7500 | NightHrsTrueNee vs NightHrsModelNee R²: 0.7500
Epoch 29500 | Train Loss: 0.001414 | Val Loss: 0.001390 | Train R²: 0.9500 | Val R²: 0.9519 | NightHrsTrueNEE vs NightHrsModelReco R²: 0.7500 | NightHrsTrueNee vs NightHrsModelNee R²: 0.7500
Early stopping at epoch 29705 due to flat/negative trend (slope=0.000002)
Epoch 29705 | Train Loss: 0.001403 | Val Loss: 0.001379 | Train R²: 0.9504 | Val R²: 0.9523
Unpickling models
Following models have been loaded and moved to cuda:
trained gpp model:
 SNN_GPP_Tram(
  (net): Sequential(
    (0): Linear(in_features=12, out_features=12, bias=True)
    (1): Tanh()
    (2): Linear(in_features=12, out_features=1, bias=True)
    (3): Sigmoid()
  )
), trained_reco_model:
 SNN_GPP_Tram(
  (net): Sequential(
    (0): Linear(in_features=11, out_features=12, bias=True)
    (1): Tanh()
    (2): Linear(in_features=12, out_features=1, bias=True)
    (3): Sigmoid()
  )
)
using full data set for visualization
Un-normalizing the GPP and RECO predictions using NEE min: tensor([-36.1705]), NEE max: tensor([35.8634])



Metrics for the Tramontana, with
GPP inputs: ['SW_IN', 'VPD', 'TA', 'WTD', 'WS', 'PotRad', 'PotRadHalfHourlyDiff', 'PotRadDailyAvg', 'PotRadDailyDiff', 'WD_COS', 'WD_SIN', 'GPP_PROX']
RECO inputs: ['DOY_sin', 'DOY_cos', 'TS_1', 'TS_2', 'TS_3', 'TS_4', 'WTD', 'WS', 'WD_COS', 'WD_SIN', 'NIGHTLY_NEE_AVG']:
dt_gpp vs Tramontana_GPP R²=0.97 RMSE=1.23
nt_gpp vs Tramontana_GPP R²=0.96 RMSE=1.48
dt_reco vs Tramontana_RECO R²=0.82 RMSE=0.98
nt_reco vs Tramontana_RECO R²=0.91 RMSE=0.61
night_hours_true_nee vs Tramontana_night_hours_model_reco R²=0.75 RMSE=1.02
night_hours_true_nee vs Tramontana_night_hours_model_nee R²=0.75 RMSE=1.02
dt_gpp vs nt_gpp R²=0.95 RMSE=1.56
dt_reco vs nt_reco R²=0.85 RMSE=1.00

gpp_input_names,  ['SW_IN', 'VPD', 'TA', 'WTD', 'WS', 'PotRad', 'PotRadHalfHourlyDiff', 'PotRadDailyAvg', 'PotRadDailyDiff', 'WD_COS', 'WD_SIN', 'GPP_PROX'] 
reco_input_names,  ['DOY_sin', 'DOY_cos', 'TA', 'TS_2', 'TS_3', 'TS_4', 'WTD', 'WS', 'WD_COS', 'WD_SIN', 'NIGHTLY_NEE_AVG'] 
true_nee_name,  ['NEE'] 

Tramontana Running on GPU With hidden layer size of 12 Total epochs: 100000 lr: 0.001 patience: 500 min_delta 0.01
SNN_GPP_Tram(
  (net): Sequential(
    (0): Linear(in_features=12, out_features=12, bias=True)
    (1): Tanh()
    (2): Linear(in_features=12, out_features=1, bias=True)
    (3): Sigmoid()
  )
)
SNN_RECO_Tram(
  (net): Sequential(
    (0): Linear(in_features=11, out_features=12, bias=True)
    (1): Tanh()
    (2): Linear(in_features=12, out_features=1, bias=True)
    (3): Sigmoid()
  )
)
Params are min slope: 2e-06, trend window: 100
Epoch     0 | Train Loss: 19103.478516 | Val Loss: 18666.882812 | Train R²: -675445.5625 | Val R²: -645636.1875 | NightHrsTrueNEE vs NightHrsModelReco R²: -56.0300 | NightHrsTrueNee vs NightHrsModelNee R²: -188.7200
Epoch   500 | Train Loss: 167.253769 | Val Loss: 164.248215 | Train R²: -5912.6343 | Val R²: -5679.9023 | NightHrsTrueNEE vs NightHrsModelReco R²: -225.2300 | NightHrsTrueNee vs NightHrsModelNee R²: -216.1500
Epoch  1000 | Train Loss: 47.290733 | Val Loss: 46.286949 | Train R²: -1671.0706 | Val R²: -1599.9406 | NightHrsTrueNEE vs NightHrsModelReco R²: -253.2000 | NightHrsTrueNee vs NightHrsModelNee R²: -240.7100
Epoch  1500 | Train Loss: 21.436832 | Val Loss: 20.921499 | Train R²: -756.9475 | Val R²: -722.6182 | NightHrsTrueNEE vs NightHrsModelReco R²: -261.3500 | NightHrsTrueNee vs NightHrsModelNee R²: -249.6500
Epoch  2000 | Train Loss: 11.804513 | Val Loss: 11.497398 | Train R²: -416.3751 | Val R²: -396.6639 | NightHrsTrueNEE vs NightHrsModelReco R²: -264.9500 | NightHrsTrueNee vs NightHrsModelNee R²: -254.4200
Epoch  2500 | Train Loss: 7.238244 | Val Loss: 7.040882 | Train R²: -254.9244 | Val R²: -242.5251 | NightHrsTrueNEE vs NightHrsModelReco R²: -266.8200 | NightHrsTrueNee vs NightHrsModelNee R²: -257.4000
Epoch  3000 | Train Loss: 4.762407 | Val Loss: 4.629945 | Train R²: -167.3856 | Val R²: -159.1373 | NightHrsTrueNEE vs NightHrsModelReco R²: -267.7800 | NightHrsTrueNee vs NightHrsModelNee R²: -259.3200
Epoch  3500 | Train Loss: 3.303127 | Val Loss: 3.211881 | Train R²: -115.7895 | Val R²: -110.0903 | NightHrsTrueNEE vs NightHrsModelReco R²: -268.0200 | NightHrsTrueNee vs NightHrsModelNee R²: -260.4100
Epoch  4000 | Train Loss: 2.394078 | Val Loss: 2.330259 | Train R²: -83.6480 | Val R²: -79.5974 | NightHrsTrueNEE vs NightHrsModelReco R²: -267.2400 | NightHrsTrueNee vs NightHrsModelNee R²: -260.3800
Epoch  4500 | Train Loss: 1.802073 | Val Loss: 1.756902 | Train R²: -62.7164 | Val R²: -59.7665 | NightHrsTrueNEE vs NightHrsModelReco R²: -262.0000 | NightHrsTrueNee vs NightHrsModelNee R²: -255.8400
Epoch  5000 | Train Loss: 1.359131 | Val Loss: 1.325124 | Train R²: -47.0551 | Val R²: -44.8325 | NightHrsTrueNEE vs NightHrsModelReco R²: -208.1000 | NightHrsTrueNee vs NightHrsModelNee R²: -203.1800
Epoch  5500 | Train Loss: 1.014301 | Val Loss: 0.989208 | Train R²: -34.8629 | Val R²: -33.2140 | NightHrsTrueNEE vs NightHrsModelReco R²: -135.4600 | NightHrsTrueNee vs NightHrsModelNee R²: -131.9700
Epoch  6000 | Train Loss: 0.774727 | Val Loss: 0.756567 | Train R²: -26.3922 | Val R²: -25.1676 | NightHrsTrueNEE vs NightHrsModelReco R²: -108.1700 | NightHrsTrueNee vs NightHrsModelNee R²: -105.3200
Epoch  6500 | Train Loss: 0.587722 | Val Loss: 0.574155 | Train R²: -19.7802 | Val R²: -18.8585 | NightHrsTrueNEE vs NightHrsModelReco R²: -80.1500 | NightHrsTrueNee vs NightHrsModelNee R²: -77.9200
Epoch  7000 | Train Loss: 0.446436 | Val Loss: 0.435705 | Train R²: -14.7847 | Val R²: -14.0699 | NightHrsTrueNEE vs NightHrsModelReco R²: -59.7100 | NightHrsTrueNee vs NightHrsModelNee R²: -57.9700
Epoch  7500 | Train Loss: 0.336313 | Val Loss: 0.327292 | Train R²: -10.8911 | Val R²: -10.3201 | NightHrsTrueNEE vs NightHrsModelReco R²: -43.4300 | NightHrsTrueNee vs NightHrsModelNee R²: -42.0800
Epoch  8000 | Train Loss: 0.253676 | Val Loss: 0.246173 | Train R²: -7.9693 | Val R²: -7.5145 | NightHrsTrueNEE vs NightHrsModelReco R²: -30.6800 | NightHrsTrueNee vs NightHrsModelNee R²: -29.6600
Epoch  8500 | Train Loss: 0.192770 | Val Loss: 0.186984 | Train R²: -5.8158 | Val R²: -5.4673 | NightHrsTrueNEE vs NightHrsModelReco R²: -23.1000 | NightHrsTrueNee vs NightHrsModelNee R²: -22.3000
Epoch  9000 | Train Loss: 0.147407 | Val Loss: 0.142986 | Train R²: -4.2119 | Val R²: -3.9455 | NightHrsTrueNEE vs NightHrsModelReco R²: -17.7300 | NightHrsTrueNee vs NightHrsModelNee R²: -17.0900
Epoch  9500 | Train Loss: 0.114460 | Val Loss: 0.110895 | Train R²: -3.0470 | Val R²: -2.8356 | NightHrsTrueNEE vs NightHrsModelReco R²: -13.6800 | NightHrsTrueNee vs NightHrsModelNee R²: -13.1700
Epoch 10000 | Train Loss: 0.089980 | Val Loss: 0.087040 | Train R²: -2.1814 | Val R²: -2.0105 | NightHrsTrueNEE vs NightHrsModelReco R²: -10.7000 | NightHrsTrueNee vs NightHrsModelNee R²: -10.2900
Epoch 10500 | Train Loss: 0.071455 | Val Loss: 0.069038 | Train R²: -1.5264 | Val R²: -1.3878 | NightHrsTrueNEE vs NightHrsModelReco R²: -8.4200 | NightHrsTrueNee vs NightHrsModelNee R²: -8.1000
Epoch 11000 | Train Loss: 0.057389 | Val Loss: 0.055423 | Train R²: -1.0291 | Val R²: -0.9169 | NightHrsTrueNEE vs NightHrsModelReco R²: -6.6300 | NightHrsTrueNee vs NightHrsModelNee R²: -6.3700
Epoch 11500 | Train Loss: 0.046775 | Val Loss: 0.045194 | Train R²: -0.6538 | Val R²: -0.5631 | NightHrsTrueNEE vs NightHrsModelReco R²: -5.2200 | NightHrsTrueNee vs NightHrsModelNee R²: -5.0100
Epoch 12000 | Train Loss: 0.038838 | Val Loss: 0.037579 | Train R²: -0.3732 | Val R²: -0.2997 | NightHrsTrueNEE vs NightHrsModelReco R²: -4.1300 | NightHrsTrueNee vs NightHrsModelNee R²: -3.9700
Epoch 12500 | Train Loss: 0.032935 | Val Loss: 0.031939 | Train R²: -0.1645 | Val R²: -0.1047 | NightHrsTrueNEE vs NightHrsModelReco R²: -3.3000 | NightHrsTrueNee vs NightHrsModelNee R²: -3.1700
Epoch 13000 | Train Loss: 0.028537 | Val Loss: 0.027764 | Train R²: -0.0090 | Val R²: 0.0397 | NightHrsTrueNEE vs NightHrsModelReco R²: -2.6600 | NightHrsTrueNee vs NightHrsModelNee R²: -2.5500
Epoch 13500 | Train Loss: 0.025257 | Val Loss: 0.024672 | Train R²: 0.1070 | Val R²: 0.1466 | NightHrsTrueNEE vs NightHrsModelReco R²: -2.1700 | NightHrsTrueNee vs NightHrsModelNee R²: -2.0800
Epoch 14000 | Train Loss: 0.022823 | Val Loss: 0.022392 | Train R²: 0.1931 | Val R²: 0.2255 | NightHrsTrueNEE vs NightHrsModelReco R²: -1.8000 | NightHrsTrueNee vs NightHrsModelNee R²: -1.7200
Epoch 14500 | Train Loss: 0.021012 | Val Loss: 0.020703 | Train R²: 0.2571 | Val R²: 0.2839 | NightHrsTrueNEE vs NightHrsModelReco R²: -1.5100 | NightHrsTrueNee vs NightHrsModelNee R²: -1.4500
Epoch 15000 | Train Loss: 0.019632 | Val Loss: 0.019419 | Train R²: 0.3059 | Val R²: 0.3284 | NightHrsTrueNEE vs NightHrsModelReco R²: -1.2900 | NightHrsTrueNee vs NightHrsModelNee R²: -1.2400
Epoch 15500 | Train Loss: 0.018527 | Val Loss: 0.018388 | Train R²: 0.3449 | Val R²: 0.3640 | NightHrsTrueNEE vs NightHrsModelReco R²: -1.1200 | NightHrsTrueNee vs NightHrsModelNee R²: -1.0800
Epoch 16000 | Train Loss: 0.017573 | Val Loss: 0.017489 | Train R²: 0.3787 | Val R²: 0.3951 | NightHrsTrueNEE vs NightHrsModelReco R²: -0.9800 | NightHrsTrueNee vs NightHrsModelNee R²: -0.9400
Epoch 16500 | Train Loss: 0.016662 | Val Loss: 0.016615 | Train R²: 0.4109 | Val R²: 0.4253 | NightHrsTrueNEE vs NightHrsModelReco R²: -0.8700 | NightHrsTrueNee vs NightHrsModelNee R²: -0.8400
Epoch 17000 | Train Loss: 0.015694 | Val Loss: 0.015664 | Train R²: 0.4451 | Val R²: 0.4582 | NightHrsTrueNEE vs NightHrsModelReco R²: -0.7700 | NightHrsTrueNee vs NightHrsModelNee R²: -0.7400
Epoch 17500 | Train Loss: 0.014569 | Val Loss: 0.014538 | Train R²: 0.4849 | Val R²: 0.4972 | NightHrsTrueNEE vs NightHrsModelReco R²: -0.6700 | NightHrsTrueNee vs NightHrsModelNee R²: -0.6500
Epoch 18000 | Train Loss: 0.013214 | Val Loss: 0.013170 | Train R²: 0.5328 | Val R²: 0.5445 | NightHrsTrueNEE vs NightHrsModelReco R²: -0.5800 | NightHrsTrueNee vs NightHrsModelNee R²: -0.5600
Epoch 18500 | Train Loss: 0.011649 | Val Loss: 0.011586 | Train R²: 0.5881 | Val R²: 0.5993 | NightHrsTrueNEE vs NightHrsModelReco R²: -0.4700 | NightHrsTrueNee vs NightHrsModelNee R²: -0.4500
Epoch 19000 | Train Loss: 0.009959 | Val Loss: 0.009877 | Train R²: 0.6479 | Val R²: 0.6584 | NightHrsTrueNEE vs NightHrsModelReco R²: -0.3300 | NightHrsTrueNee vs NightHrsModelNee R²: -0.3100
Epoch 19500 | Train Loss: 0.008308 | Val Loss: 0.008219 | Train R²: 0.7063 | Val R²: 0.7157 | NightHrsTrueNEE vs NightHrsModelReco R²: -0.1800 | NightHrsTrueNee vs NightHrsModelNee R²: -0.1600
Epoch 20000 | Train Loss: 0.006862 | Val Loss: 0.006773 | Train R²: 0.7574 | Val R²: 0.7657 | NightHrsTrueNEE vs NightHrsModelReco R²: -0.0000 | NightHrsTrueNee vs NightHrsModelNee R²: 0.0100
Epoch 20500 | Train Loss: 0.005673 | Val Loss: 0.005591 | Train R²: 0.7994 | Val R²: 0.8066 | NightHrsTrueNEE vs NightHrsModelReco R²: 0.1600 | NightHrsTrueNee vs NightHrsModelNee R²: 0.1700
Epoch 21000 | Train Loss: 0.004779 | Val Loss: 0.004710 | Train R²: 0.8310 | Val R²: 0.8371 | NightHrsTrueNEE vs NightHrsModelReco R²: 0.2900 | NightHrsTrueNee vs NightHrsModelNee R²: 0.3000
Epoch 21500 | Train Loss: 0.004149 | Val Loss: 0.004095 | Train R²: 0.8533 | Val R²: 0.8584 | NightHrsTrueNEE vs NightHrsModelReco R²: 0.3900 | NightHrsTrueNee vs NightHrsModelNee R²: 0.3900
Epoch 22000 | Train Loss: 0.003709 | Val Loss: 0.003664 | Train R²: 0.8688 | Val R²: 0.8733 | NightHrsTrueNEE vs NightHrsModelReco R²: 0.4600 | NightHrsTrueNee vs NightHrsModelNee R²: 0.4600
Epoch 22500 | Train Loss: 0.003393 | Val Loss: 0.003355 | Train R²: 0.8800 | Val R²: 0.8840 | NightHrsTrueNEE vs NightHrsModelReco R²: 0.5100 | NightHrsTrueNee vs NightHrsModelNee R²: 0.5200
Epoch 23000 | Train Loss: 0.003143 | Val Loss: 0.003112 | Train R²: 0.8889 | Val R²: 0.8924 | NightHrsTrueNEE vs NightHrsModelReco R²: 0.5500 | NightHrsTrueNee vs NightHrsModelNee R²: 0.5600
Epoch 23500 | Train Loss: 0.002905 | Val Loss: 0.002880 | Train R²: 0.8973 | Val R²: 0.9004 | NightHrsTrueNEE vs NightHrsModelReco R²: 0.5900 | NightHrsTrueNee vs NightHrsModelNee R²: 0.5900
Epoch 24000 | Train Loss: 0.002656 | Val Loss: 0.002640 | Train R²: 0.9061 | Val R²: 0.9087 | NightHrsTrueNEE vs NightHrsModelReco R²: 0.6200 | NightHrsTrueNee vs NightHrsModelNee R²: 0.6200
Epoch 24500 | Train Loss: 0.002421 | Val Loss: 0.002412 | Train R²: 0.9144 | Val R²: 0.9166 | NightHrsTrueNEE vs NightHrsModelReco R²: 0.6500 | NightHrsTrueNee vs NightHrsModelNee R²: 0.6500
Epoch 25000 | Train Loss: 0.002204 | Val Loss: 0.002199 | Train R²: 0.9221 | Val R²: 0.9239 | NightHrsTrueNEE vs NightHrsModelReco R²: 0.6600 | NightHrsTrueNee vs NightHrsModelNee R²: 0.6600
Epoch 25500 | Train Loss: 0.002012 | Val Loss: 0.002007 | Train R²: 0.9289 | Val R²: 0.9306 | NightHrsTrueNEE vs NightHrsModelReco R²: 0.6800 | NightHrsTrueNee vs NightHrsModelNee R²: 0.6800
Epoch 26000 | Train Loss: 0.001855 | Val Loss: 0.001851 | Train R²: 0.9344 | Val R²: 0.9360 | NightHrsTrueNEE vs NightHrsModelReco R²: 0.7000 | NightHrsTrueNee vs NightHrsModelNee R²: 0.7000
Epoch 26500 | Train Loss: 0.001736 | Val Loss: 0.001732 | Train R²: 0.9386 | Val R²: 0.9401 | NightHrsTrueNEE vs NightHrsModelReco R²: 0.7200 | NightHrsTrueNee vs NightHrsModelNee R²: 0.7200
Epoch 27000 | Train Loss: 0.001646 | Val Loss: 0.001641 | Train R²: 0.9418 | Val R²: 0.9433 | NightHrsTrueNEE vs NightHrsModelReco R²: 0.7300 | NightHrsTrueNee vs NightHrsModelNee R²: 0.7300
Epoch 27500 | Train Loss: 0.001578 | Val Loss: 0.001569 | Train R²: 0.9442 | Val R²: 0.9457 | NightHrsTrueNEE vs NightHrsModelReco R²: 0.7400 | NightHrsTrueNee vs NightHrsModelNee R²: 0.7400
Epoch 28000 | Train Loss: 0.001526 | Val Loss: 0.001512 | Train R²: 0.9461 | Val R²: 0.9477 | NightHrsTrueNEE vs NightHrsModelReco R²: 0.7500 | NightHrsTrueNee vs NightHrsModelNee R²: 0.7500
Epoch 28500 | Train Loss: 0.001484 | Val Loss: 0.001466 | Train R²: 0.9475 | Val R²: 0.9493 | NightHrsTrueNEE vs NightHrsModelReco R²: 0.7600 | NightHrsTrueNee vs NightHrsModelNee R²: 0.7600
Epoch 29000 | Train Loss: 0.001452 | Val Loss: 0.001433 | Train R²: 0.9486 | Val R²: 0.9504 | NightHrsTrueNEE vs NightHrsModelReco R²: 0.7600 | NightHrsTrueNee vs NightHrsModelNee R²: 0.7600
Early stopping at epoch 29015 due to flat/negative trend (slope=0.000002)
Epoch 29015 | Train Loss: 0.001452 | Val Loss: 0.001432 | Train R²: 0.9487 | Val R²: 0.9505
Unpickling models
Following models have been loaded and moved to cuda:
trained gpp model:
 SNN_GPP_Tram(
  (net): Sequential(
    (0): Linear(in_features=12, out_features=12, bias=True)
    (1): Tanh()
    (2): Linear(in_features=12, out_features=1, bias=True)
    (3): Sigmoid()
  )
), trained_reco_model:
 SNN_GPP_Tram(
  (net): Sequential(
    (0): Linear(in_features=11, out_features=12, bias=True)
    (1): Tanh()
    (2): Linear(in_features=12, out_features=1, bias=True)
    (3): Sigmoid()
  )
)
using full data set for visualization
Un-normalizing the GPP and RECO predictions using NEE min: tensor([-36.1705]), NEE max: tensor([35.8634])



Metrics for the Tramontana, with
GPP inputs: ['SW_IN', 'VPD', 'TA', 'WTD', 'WS', 'PotRad', 'PotRadHalfHourlyDiff', 'PotRadDailyAvg', 'PotRadDailyDiff', 'WD_COS', 'WD_SIN', 'GPP_PROX']
RECO inputs: ['DOY_sin', 'DOY_cos', 'TA', 'TS_2', 'TS_3', 'TS_4', 'WTD', 'WS', 'WD_COS', 'WD_SIN', 'NIGHTLY_NEE_AVG']:
dt_gpp vs Tramontana_GPP R²=0.97 RMSE=1.30
nt_gpp vs Tramontana_GPP R²=0.95 RMSE=1.57
dt_reco vs Tramontana_RECO R²=0.78 RMSE=1.09
nt_reco vs Tramontana_RECO R²=0.87 RMSE=0.74
night_hours_true_nee vs Tramontana_night_hours_model_reco R²=0.75 RMSE=1.01
night_hours_true_nee vs Tramontana_night_hours_model_nee R²=0.75 RMSE=1.01
dt_gpp vs nt_gpp R²=0.95 RMSE=1.56
dt_reco vs nt_reco R²=0.85 RMSE=1.00

gpp_input_names,  ['SW_IN', 'VPD', 'TA', 'WTD', 'WS', 'PotRad', 'PotRadHalfHourlyDiff', 'PotRadDailyAvg', 'PotRadDailyDiff', 'WD_COS', 'WD_SIN', 'GPP_PROX'] 
reco_input_names,  ['DOY_sin', 'DOY_cos', 'TA', 'TS_1', 'TS_3', 'TS_4', 'WTD', 'WS', 'WD_COS', 'WD_SIN', 'NIGHTLY_NEE_AVG'] 
true_nee_name,  ['NEE'] 

Tramontana Running on GPU With hidden layer size of 12 Total epochs: 100000 lr: 0.001 patience: 500 min_delta 0.01
SNN_GPP_Tram(
  (net): Sequential(
    (0): Linear(in_features=12, out_features=12, bias=True)
    (1): Tanh()
    (2): Linear(in_features=12, out_features=1, bias=True)
    (3): Sigmoid()
  )
)
SNN_RECO_Tram(
  (net): Sequential(
    (0): Linear(in_features=11, out_features=12, bias=True)
    (1): Tanh()
    (2): Linear(in_features=12, out_features=1, bias=True)
    (3): Sigmoid()
  )
)
Params are min slope: 2e-06, trend window: 100
Epoch     0 | Train Loss: 19103.287109 | Val Loss: 18666.689453 | Train R²: -675438.7500 | Val R²: -645629.3125 | NightHrsTrueNEE vs NightHrsModelReco R²: -56.5100 | NightHrsTrueNee vs NightHrsModelNee R²: -189.0000
Epoch   500 | Train Loss: 167.237808 | Val Loss: 164.232391 | Train R²: -5912.0698 | Val R²: -5679.3555 | NightHrsTrueNEE vs NightHrsModelReco R²: -226.1900 | NightHrsTrueNee vs NightHrsModelNee R²: -217.0400
Epoch  1000 | Train Loss: 47.289509 | Val Loss: 46.285786 | Train R²: -1671.0271 | Val R²: -1599.9004 | NightHrsTrueNEE vs NightHrsModelReco R²: -253.6700 | NightHrsTrueNee vs NightHrsModelNee R²: -241.1600
Epoch  1500 | Train Loss: 21.437012 | Val Loss: 20.921682 | Train R²: -756.9538 | Val R²: -722.6246 | NightHrsTrueNEE vs NightHrsModelReco R²: -261.5100 | NightHrsTrueNee vs NightHrsModelNee R²: -249.8100
Epoch  2000 | Train Loss: 11.804703 | Val Loss: 11.497586 | Train R²: -416.3818 | Val R²: -396.6704 | NightHrsTrueNEE vs NightHrsModelReco R²: -265.0000 | NightHrsTrueNee vs NightHrsModelNee R²: -254.4800
Epoch  2500 | Train Loss: 7.238367 | Val Loss: 7.041002 | Train R²: -254.9288 | Val R²: -242.5292 | NightHrsTrueNEE vs NightHrsModelReco R²: -266.8400 | NightHrsTrueNee vs NightHrsModelNee R²: -257.4200
Epoch  3000 | Train Loss: 4.762479 | Val Loss: 4.630013 | Train R²: -167.3882 | Val R²: -159.1396 | NightHrsTrueNEE vs NightHrsModelReco R²: -267.7900 | NightHrsTrueNee vs NightHrsModelNee R²: -259.3300
Epoch  3500 | Train Loss: 3.303185 | Val Loss: 3.211937 | Train R²: -115.7915 | Val R²: -110.0922 | NightHrsTrueNEE vs NightHrsModelReco R²: -268.0400 | NightHrsTrueNee vs NightHrsModelNee R²: -260.4300
Epoch  4000 | Train Loss: 2.394222 | Val Loss: 2.330410 | Train R²: -83.6531 | Val R²: -79.6026 | NightHrsTrueNEE vs NightHrsModelReco R²: -267.3600 | NightHrsTrueNee vs NightHrsModelNee R²: -260.4900
Epoch  4500 | Train Loss: 1.803396 | Val Loss: 1.758285 | Train R²: -62.7631 | Val R²: -59.8143 | NightHrsTrueNEE vs NightHrsModelReco R²: -263.2000 | NightHrsTrueNee vs NightHrsModelNee R²: -257.0300
Epoch  5000 | Train Loss: 1.363895 | Val Loss: 1.329998 | Train R²: -47.2236 | Val R²: -45.0010 | NightHrsTrueNEE vs NightHrsModelReco R²: -213.8600 | NightHrsTrueNee vs NightHrsModelNee R²: -208.8500
Epoch  5500 | Train Loss: 1.015080 | Val Loss: 0.990015 | Train R²: -34.8905 | Val R²: -33.2420 | NightHrsTrueNEE vs NightHrsModelReco R²: -135.6500 | NightHrsTrueNee vs NightHrsModelNee R²: -132.1600
Epoch  6000 | Train Loss: 0.775349 | Val Loss: 0.757264 | Train R²: -26.4142 | Val R²: -25.1917 | NightHrsTrueNEE vs NightHrsModelReco R²: -108.5800 | NightHrsTrueNee vs NightHrsModelNee R²: -105.7300
Epoch  6500 | Train Loss: 0.587930 | Val Loss: 0.574443 | Train R²: -19.7876 | Val R²: -18.8684 | NightHrsTrueNEE vs NightHrsModelReco R²: -80.4000 | NightHrsTrueNee vs NightHrsModelNee R²: -78.1600
Epoch  7000 | Train Loss: 0.446532 | Val Loss: 0.435861 | Train R²: -14.7881 | Val R²: -14.0752 | NightHrsTrueNEE vs NightHrsModelReco R²: -59.5800 | NightHrsTrueNee vs NightHrsModelNee R²: -57.8400
Epoch  7500 | Train Loss: 0.336859 | Val Loss: 0.328162 | Train R²: -10.9104 | Val R²: -10.3502 | NightHrsTrueNEE vs NightHrsModelReco R²: -43.9300 | NightHrsTrueNee vs NightHrsModelNee R²: -42.5700
Epoch  8000 | Train Loss: 0.253445 | Val Loss: 0.246164 | Train R²: -7.9611 | Val R²: -7.5141 | NightHrsTrueNEE vs NightHrsModelReco R²: -30.8900 | NightHrsTrueNee vs NightHrsModelNee R²: -29.8700
Epoch  8500 | Train Loss: 0.191963 | Val Loss: 0.186439 | Train R²: -5.7873 | Val R²: -5.4484 | NightHrsTrueNEE vs NightHrsModelReco R²: -23.3200 | NightHrsTrueNee vs NightHrsModelNee R²: -22.5100
Epoch  9000 | Train Loss: 0.146323 | Val Loss: 0.142156 | Train R²: -4.1736 | Val R²: -3.9168 | NightHrsTrueNEE vs NightHrsModelReco R²: -17.8300 | NightHrsTrueNee vs NightHrsModelNee R²: -17.1900
Epoch  9500 | Train Loss: 0.113452 | Val Loss: 0.110124 | Train R²: -3.0113 | Val R²: -2.8089 | NightHrsTrueNEE vs NightHrsModelReco R²: -13.7600 | NightHrsTrueNee vs NightHrsModelNee R²: -13.2500
Epoch 10000 | Train Loss: 0.089054 | Val Loss: 0.086334 | Train R²: -2.1487 | Val R²: -1.9861 | NightHrsTrueNEE vs NightHrsModelReco R²: -10.7400 | NightHrsTrueNee vs NightHrsModelNee R²: -10.3400
Epoch 10500 | Train Loss: 0.070600 | Val Loss: 0.068373 | Train R²: -1.4962 | Val R²: -1.3648 | NightHrsTrueNEE vs NightHrsModelReco R²: -8.4100 | NightHrsTrueNee vs NightHrsModelNee R²: -8.0800
Epoch 11000 | Train Loss: 0.056638 | Val Loss: 0.054810 | Train R²: -1.0026 | Val R²: -0.8957 | NightHrsTrueNEE vs NightHrsModelReco R²: -6.5800 | NightHrsTrueNee vs NightHrsModelNee R²: -6.3200
Epoch 11500 | Train Loss: 0.046177 | Val Loss: 0.044677 | Train R²: -0.6327 | Val R²: -0.5453 | NightHrsTrueNEE vs NightHrsModelReco R²: -5.1800 | NightHrsTrueNee vs NightHrsModelNee R²: -4.9800
Epoch 12000 | Train Loss: 0.038372 | Val Loss: 0.037156 | Train R²: -0.3567 | Val R²: -0.2851 | NightHrsTrueNEE vs NightHrsModelReco R²: -4.1200 | NightHrsTrueNee vs NightHrsModelNee R²: -3.9500
Epoch 12500 | Train Loss: 0.032557 | Val Loss: 0.031592 | Train R²: -0.1511 | Val R²: -0.0927 | NightHrsTrueNEE vs NightHrsModelReco R²: -3.3000 | NightHrsTrueNee vs NightHrsModelNee R²: -3.1600
Epoch 13000 | Train Loss: 0.028225 | Val Loss: 0.027482 | Train R²: 0.0020 | Val R²: 0.0495 | NightHrsTrueNEE vs NightHrsModelReco R²: -2.6600 | NightHrsTrueNee vs NightHrsModelNee R²: -2.5500
Epoch 13500 | Train Loss: 0.025008 | Val Loss: 0.024452 | Train R²: 0.1158 | Val R²: 0.1543 | NightHrsTrueNEE vs NightHrsModelReco R²: -2.1700 | NightHrsTrueNee vs NightHrsModelNee R²: -2.0900
Epoch 14000 | Train Loss: 0.022624 | Val Loss: 0.022221 | Train R²: 0.2001 | Val R²: 0.2314 | NightHrsTrueNEE vs NightHrsModelReco R²: -1.8000 | NightHrsTrueNee vs NightHrsModelNee R²: -1.7300
Epoch 14500 | Train Loss: 0.020841 | Val Loss: 0.020557 | Train R²: 0.2631 | Val R²: 0.2890 | NightHrsTrueNEE vs NightHrsModelReco R²: -1.5100 | NightHrsTrueNee vs NightHrsModelNee R²: -1.4500
Epoch 15000 | Train Loss: 0.019469 | Val Loss: 0.019278 | Train R²: 0.3116 | Val R²: 0.3332 | NightHrsTrueNEE vs NightHrsModelReco R²: -1.2800 | NightHrsTrueNee vs NightHrsModelNee R²: -1.2300
Epoch 15500 | Train Loss: 0.018362 | Val Loss: 0.018241 | Train R²: 0.3508 | Val R²: 0.3691 | NightHrsTrueNEE vs NightHrsModelReco R²: -1.1100 | NightHrsTrueNee vs NightHrsModelNee R²: -1.0700
Epoch 16000 | Train Loss: 0.017398 | Val Loss: 0.017329 | Train R²: 0.3848 | Val R²: 0.4006 | NightHrsTrueNEE vs NightHrsModelReco R²: -0.9600 | NightHrsTrueNee vs NightHrsModelNee R²: -0.9300
Epoch 16500 | Train Loss: 0.016467 | Val Loss: 0.016434 | Train R²: 0.4178 | Val R²: 0.4316 | NightHrsTrueNEE vs NightHrsModelReco R²: -0.8400 | NightHrsTrueNee vs NightHrsModelNee R²: -0.8100
Epoch 17000 | Train Loss: 0.015462 | Val Loss: 0.015447 | Train R²: 0.4533 | Val R²: 0.4657 | NightHrsTrueNEE vs NightHrsModelReco R²: -0.7300 | NightHrsTrueNee vs NightHrsModelNee R²: -0.7000
Epoch 17500 | Train Loss: 0.014303 | Val Loss: 0.014288 | Train R²: 0.4943 | Val R²: 0.5058 | NightHrsTrueNEE vs NightHrsModelReco R²: -0.6400 | NightHrsTrueNee vs NightHrsModelNee R²: -0.6100
Epoch 18000 | Train Loss: 0.012963 | Val Loss: 0.012934 | Train R²: 0.5416 | Val R²: 0.5527 | NightHrsTrueNEE vs NightHrsModelReco R²: -0.5500 | NightHrsTrueNee vs NightHrsModelNee R²: -0.5200
Epoch 18500 | Train Loss: 0.011438 | Val Loss: 0.011391 | Train R²: 0.5956 | Val R²: 0.6060 | NightHrsTrueNEE vs NightHrsModelReco R²: -0.4400 | NightHrsTrueNee vs NightHrsModelNee R²: -0.4100
Epoch 19000 | Train Loss: 0.009806 | Val Loss: 0.009739 | Train R²: 0.6533 | Val R²: 0.6631 | NightHrsTrueNEE vs NightHrsModelReco R²: -0.3100 | NightHrsTrueNee vs NightHrsModelNee R²: -0.2900
Epoch 19500 | Train Loss: 0.008243 | Val Loss: 0.008161 | Train R²: 0.7085 | Val R²: 0.7177 | NightHrsTrueNEE vs NightHrsModelReco R²: -0.1600 | NightHrsTrueNee vs NightHrsModelNee R²: -0.1400
Epoch 20000 | Train Loss: 0.006858 | Val Loss: 0.006765 | Train R²: 0.7575 | Val R²: 0.7660 | NightHrsTrueNEE vs NightHrsModelReco R²: 0.0100 | NightHrsTrueNee vs NightHrsModelNee R²: 0.0200
Epoch 20500 | Train Loss: 0.005692 | Val Loss: 0.005596 | Train R²: 0.7988 | Val R²: 0.8065 | NightHrsTrueNEE vs NightHrsModelReco R²: 0.1700 | NightHrsTrueNee vs NightHrsModelNee R²: 0.1800
Epoch 21000 | Train Loss: 0.004785 | Val Loss: 0.004697 | Train R²: 0.8308 | Val R²: 0.8375 | NightHrsTrueNEE vs NightHrsModelReco R²: 0.3000 | NightHrsTrueNee vs NightHrsModelNee R²: 0.3100
Epoch 21500 | Train Loss: 0.004134 | Val Loss: 0.004056 | Train R²: 0.8538 | Val R²: 0.8597 | NightHrsTrueNEE vs NightHrsModelReco R²: 0.4000 | NightHrsTrueNee vs NightHrsModelNee R²: 0.4100
Epoch 22000 | Train Loss: 0.003683 | Val Loss: 0.003614 | Train R²: 0.8698 | Val R²: 0.8750 | NightHrsTrueNEE vs NightHrsModelReco R²: 0.4800 | NightHrsTrueNee vs NightHrsModelNee R²: 0.4800
Epoch 22500 | Train Loss: 0.003360 | Val Loss: 0.003302 | Train R²: 0.8812 | Val R²: 0.8858 | NightHrsTrueNEE vs NightHrsModelReco R²: 0.5300 | NightHrsTrueNee vs NightHrsModelNee R²: 0.5300
Epoch 23000 | Train Loss: 0.003104 | Val Loss: 0.003060 | Train R²: 0.8902 | Val R²: 0.8942 | NightHrsTrueNEE vs NightHrsModelReco R²: 0.5600 | NightHrsTrueNee vs NightHrsModelNee R²: 0.5600
Epoch 23500 | Train Loss: 0.002881 | Val Loss: 0.002847 | Train R²: 0.8981 | Val R²: 0.9015 | NightHrsTrueNEE vs NightHrsModelReco R²: 0.5900 | NightHrsTrueNee vs NightHrsModelNee R²: 0.5900
Epoch 24000 | Train Loss: 0.002664 | Val Loss: 0.002639 | Train R²: 0.9058 | Val R²: 0.9087 | NightHrsTrueNEE vs NightHrsModelReco R²: 0.6200 | NightHrsTrueNee vs NightHrsModelNee R²: 0.6200
Epoch 24500 | Train Loss: 0.002444 | Val Loss: 0.002427 | Train R²: 0.9136 | Val R²: 0.9160 | NightHrsTrueNEE vs NightHrsModelReco R²: 0.6400 | NightHrsTrueNee vs NightHrsModelNee R²: 0.6400
Epoch 25000 | Train Loss: 0.002227 | Val Loss: 0.002217 | Train R²: 0.9213 | Val R²: 0.9233 | NightHrsTrueNEE vs NightHrsModelReco R²: 0.6500 | NightHrsTrueNee vs NightHrsModelNee R²: 0.6600
Epoch 25500 | Train Loss: 0.002029 | Val Loss: 0.002025 | Train R²: 0.9283 | Val R²: 0.9299 | NightHrsTrueNEE vs NightHrsModelReco R²: 0.6700 | NightHrsTrueNee vs NightHrsModelNee R²: 0.6700
Epoch 26000 | Train Loss: 0.001868 | Val Loss: 0.001870 | Train R²: 0.9340 | Val R²: 0.9353 | NightHrsTrueNEE vs NightHrsModelReco R²: 0.6900 | NightHrsTrueNee vs NightHrsModelNee R²: 0.6900
Epoch 26500 | Train Loss: 0.001750 | Val Loss: 0.001754 | Train R²: 0.9381 | Val R²: 0.9393 | NightHrsTrueNEE vs NightHrsModelReco R²: 0.7100 | NightHrsTrueNee vs NightHrsModelNee R²: 0.7100
Epoch 27000 | Train Loss: 0.001664 | Val Loss: 0.001667 | Train R²: 0.9412 | Val R²: 0.9423 | NightHrsTrueNEE vs NightHrsModelReco R²: 0.7300 | NightHrsTrueNee vs NightHrsModelNee R²: 0.7300
Epoch 27500 | Train Loss: 0.001596 | Val Loss: 0.001597 | Train R²: 0.9436 | Val R²: 0.9448 | NightHrsTrueNEE vs NightHrsModelReco R²: 0.7400 | NightHrsTrueNee vs NightHrsModelNee R²: 0.7400
Epoch 28000 | Train Loss: 0.001542 | Val Loss: 0.001538 | Train R²: 0.9455 | Val R²: 0.9468 | NightHrsTrueNEE vs NightHrsModelReco R²: 0.7500 | NightHrsTrueNee vs NightHrsModelNee R²: 0.7500
Epoch 28500 | Train Loss: 0.001496 | Val Loss: 0.001488 | Train R²: 0.9471 | Val R²: 0.9485 | NightHrsTrueNEE vs NightHrsModelReco R²: 0.7500 | NightHrsTrueNee vs NightHrsModelNee R²: 0.7500
Epoch 29000 | Train Loss: 0.001453 | Val Loss: 0.001442 | Train R²: 0.9486 | Val R²: 0.9501 | NightHrsTrueNEE vs NightHrsModelReco R²: 0.7600 | NightHrsTrueNee vs NightHrsModelNee R²: 0.7600
Epoch 29500 | Train Loss: 0.001413 | Val Loss: 0.001399 | Train R²: 0.9500 | Val R²: 0.9516 | NightHrsTrueNEE vs NightHrsModelReco R²: 0.7600 | NightHrsTrueNee vs NightHrsModelNee R²: 0.7600
Epoch 30000 | Train Loss: 0.001379 | Val Loss: 0.001362 | Train R²: 0.9513 | Val R²: 0.9529 | NightHrsTrueNEE vs NightHrsModelReco R²: 0.7600 | NightHrsTrueNee vs NightHrsModelNee R²: 0.7600
Epoch 30500 | Train Loss: 0.001348 | Val Loss: 0.001327 | Train R²: 0.9523 | Val R²: 0.9541 | NightHrsTrueNEE vs NightHrsModelReco R²: 0.7700 | NightHrsTrueNee vs NightHrsModelNee R²: 0.7700
Early stopping at epoch 30739 due to flat/negative trend (slope=0.000002)
Epoch 30739 | Train Loss: 0.001336 | Val Loss: 0.001313 | Train R²: 0.9528 | Val R²: 0.9546
Unpickling models
Following models have been loaded and moved to cuda:
trained gpp model:
 SNN_GPP_Tram(
  (net): Sequential(
    (0): Linear(in_features=12, out_features=12, bias=True)
    (1): Tanh()
    (2): Linear(in_features=12, out_features=1, bias=True)
    (3): Sigmoid()
  )
), trained_reco_model:
 SNN_GPP_Tram(
  (net): Sequential(
    (0): Linear(in_features=11, out_features=12, bias=True)
    (1): Tanh()
    (2): Linear(in_features=12, out_features=1, bias=True)
    (3): Sigmoid()
  )
)
using full data set for visualization
Un-normalizing the GPP and RECO predictions using NEE min: tensor([-36.1705]), NEE max: tensor([35.8634])



Metrics for the Tramontana, with
GPP inputs: ['SW_IN', 'VPD', 'TA', 'WTD', 'WS', 'PotRad', 'PotRadHalfHourlyDiff', 'PotRadDailyAvg', 'PotRadDailyDiff', 'WD_COS', 'WD_SIN', 'GPP_PROX']
RECO inputs: ['DOY_sin', 'DOY_cos', 'TA', 'TS_1', 'TS_3', 'TS_4', 'WTD', 'WS', 'WD_COS', 'WD_SIN', 'NIGHTLY_NEE_AVG']:
dt_gpp vs Tramontana_GPP R²=0.97 RMSE=1.23
nt_gpp vs Tramontana_GPP R²=0.96 RMSE=1.48
dt_reco vs Tramontana_RECO R²=0.81 RMSE=1.02
nt_reco vs Tramontana_RECO R²=0.89 RMSE=0.67
night_hours_true_nee vs Tramontana_night_hours_model_reco R²=0.76 RMSE=1.00
night_hours_true_nee vs Tramontana_night_hours_model_nee R²=0.76 RMSE=1.00
dt_gpp vs nt_gpp R²=0.95 RMSE=1.56
dt_reco vs nt_reco R²=0.85 RMSE=1.00

gpp_input_names,  ['SW_IN', 'VPD', 'TA', 'WTD', 'WS', 'PotRad', 'PotRadHalfHourlyDiff', 'PotRadDailyAvg', 'PotRadDailyDiff', 'WD_COS', 'WD_SIN', 'GPP_PROX'] 
reco_input_names,  ['DOY_sin', 'DOY_cos', 'TA', 'TS_1', 'TS_2', 'TS_4', 'WTD', 'WS', 'WD_COS', 'WD_SIN', 'NIGHTLY_NEE_AVG'] 
true_nee_name,  ['NEE'] 

Tramontana Running on GPU With hidden layer size of 12 Total epochs: 100000 lr: 0.001 patience: 500 min_delta 0.01
SNN_GPP_Tram(
  (net): Sequential(
    (0): Linear(in_features=12, out_features=12, bias=True)
    (1): Tanh()
    (2): Linear(in_features=12, out_features=1, bias=True)
    (3): Sigmoid()
  )
)
SNN_RECO_Tram(
  (net): Sequential(
    (0): Linear(in_features=11, out_features=12, bias=True)
    (1): Tanh()
    (2): Linear(in_features=12, out_features=1, bias=True)
    (3): Sigmoid()
  )
)
Params are min slope: 2e-06, trend window: 100
Epoch     0 | Train Loss: 19103.136719 | Val Loss: 18666.548828 | Train R²: -675433.4375 | Val R²: -645624.5625 | NightHrsTrueNEE vs NightHrsModelReco R²: -56.7000 | NightHrsTrueNee vs NightHrsModelNee R²: -189.1000
Epoch   500 | Train Loss: 167.228897 | Val Loss: 164.223129 | Train R²: -5911.7544 | Val R²: -5679.0347 | NightHrsTrueNEE vs NightHrsModelReco R²: -226.7600 | NightHrsTrueNee vs NightHrsModelNee R²: -217.5700
Epoch  1000 | Train Loss: 47.290848 | Val Loss: 46.286926 | Train R²: -1671.0743 | Val R²: -1599.9398 | NightHrsTrueNEE vs NightHrsModelReco R²: -253.6500 | NightHrsTrueNee vs NightHrsModelNee R²: -241.1500
Epoch  1500 | Train Loss: 21.437796 | Val Loss: 20.922361 | Train R²: -756.9814 | Val R²: -722.6480 | NightHrsTrueNEE vs NightHrsModelReco R²: -261.3900 | NightHrsTrueNee vs NightHrsModelNee R²: -249.6900
Epoch  2000 | Train Loss: 11.805078 | Val Loss: 11.497890 | Train R²: -416.3951 | Val R²: -396.6810 | NightHrsTrueNEE vs NightHrsModelReco R²: -264.8800 | NightHrsTrueNee vs NightHrsModelNee R²: -254.3600
Epoch  2500 | Train Loss: 7.238520 | Val Loss: 7.041105 | Train R²: -254.9342 | Val R²: -242.5328 | NightHrsTrueNEE vs NightHrsModelReco R²: -266.7300 | NightHrsTrueNee vs NightHrsModelNee R²: -257.3000
Epoch  3000 | Train Loss: 4.762521 | Val Loss: 4.630019 | Train R²: -167.3897 | Val R²: -159.1398 | NightHrsTrueNEE vs NightHrsModelReco R²: -267.6800 | NightHrsTrueNee vs NightHrsModelNee R²: -259.2200
Epoch  3500 | Train Loss: 3.303171 | Val Loss: 3.211893 | Train R²: -115.7911 | Val R²: -110.0907 | NightHrsTrueNEE vs NightHrsModelReco R²: -267.9400 | NightHrsTrueNee vs NightHrsModelNee R²: -260.3300
Epoch  4000 | Train Loss: 2.394215 | Val Loss: 2.330378 | Train R²: -83.6529 | Val R²: -79.6015 | NightHrsTrueNEE vs NightHrsModelReco R²: -267.3000 | NightHrsTrueNee vs NightHrsModelNee R²: -260.4400
Epoch  4500 | Train Loss: 1.804253 | Val Loss: 1.759159 | Train R²: -62.7934 | Val R²: -59.8446 | NightHrsTrueNEE vs NightHrsModelReco R²: -263.9100 | NightHrsTrueNee vs NightHrsModelNee R²: -257.7300
Epoch  5000 | Train Loss: 1.372834 | Val Loss: 1.339172 | Train R²: -47.5396 | Val R²: -45.3183 | NightHrsTrueNEE vs NightHrsModelReco R²: -224.4100 | NightHrsTrueNee vs NightHrsModelNee R²: -219.2500
Epoch  5500 | Train Loss: 1.017595 | Val Loss: 0.992502 | Train R²: -34.9794 | Val R²: -33.3280 | NightHrsTrueNEE vs NightHrsModelReco R²: -136.6500 | NightHrsTrueNee vs NightHrsModelNee R²: -133.1600
Epoch  6000 | Train Loss: 0.778051 | Val Loss: 0.760034 | Train R²: -26.5097 | Val R²: -25.2875 | NightHrsTrueNEE vs NightHrsModelReco R²: -110.0600 | NightHrsTrueNee vs NightHrsModelNee R²: -107.1900
Epoch  6500 | Train Loss: 0.588709 | Val Loss: 0.575339 | Train R²: -19.8151 | Val R²: -18.8994 | NightHrsTrueNEE vs NightHrsModelReco R²: -80.8100 | NightHrsTrueNee vs NightHrsModelNee R²: -78.5700
Epoch  7000 | Train Loss: 0.446217 | Val Loss: 0.435674 | Train R²: -14.7770 | Val R²: -14.0688 | NightHrsTrueNEE vs NightHrsModelReco R²: -59.3900 | NightHrsTrueNee vs NightHrsModelNee R²: -57.6500
Epoch  7500 | Train Loss: 0.335675 | Val Loss: 0.327131 | Train R²: -10.8685 | Val R²: -10.3146 | NightHrsTrueNEE vs NightHrsModelReco R²: -43.3300 | NightHrsTrueNee vs NightHrsModelNee R²: -41.9800
Epoch  8000 | Train Loss: 0.252187 | Val Loss: 0.245182 | Train R²: -7.9167 | Val R²: -7.4802 | NightHrsTrueNEE vs NightHrsModelReco R²: -30.6900 | NightHrsTrueNee vs NightHrsModelNee R²: -29.6700
Epoch  8500 | Train Loss: 0.190695 | Val Loss: 0.185465 | Train R²: -5.7425 | Val R²: -5.4147 | NightHrsTrueNEE vs NightHrsModelReco R²: -23.4100 | NightHrsTrueNee vs NightHrsModelNee R²: -22.6000
Epoch  9000 | Train Loss: 0.145900 | Val Loss: 0.141921 | Train R²: -4.1586 | Val R²: -3.9087 | NightHrsTrueNEE vs NightHrsModelReco R²: -17.9400 | NightHrsTrueNee vs NightHrsModelNee R²: -17.2900
Epoch  9500 | Train Loss: 0.113604 | Val Loss: 0.110383 | Train R²: -3.0167 | Val R²: -2.8178 | NightHrsTrueNEE vs NightHrsModelReco R²: -13.9100 | NightHrsTrueNee vs NightHrsModelNee R²: -13.4000
Epoch 10000 | Train Loss: 0.089511 | Val Loss: 0.086820 | Train R²: -2.1649 | Val R²: -2.0029 | NightHrsTrueNEE vs NightHrsModelReco R²: -10.8700 | NightHrsTrueNee vs NightHrsModelNee R²: -10.4600
Epoch 10500 | Train Loss: 0.071207 | Val Loss: 0.068946 | Train R²: -1.5177 | Val R²: -1.3846 | NightHrsTrueNEE vs NightHrsModelReco R²: -8.5000 | NightHrsTrueNee vs NightHrsModelNee R²: -8.1800
Epoch 11000 | Train Loss: 0.057283 | Val Loss: 0.055383 | Train R²: -1.0254 | Val R²: -0.9156 | NightHrsTrueNEE vs NightHrsModelReco R²: -6.6600 | NightHrsTrueNee vs NightHrsModelNee R²: -6.4000
Epoch 11500 | Train Loss: 0.046772 | Val Loss: 0.045185 | Train R²: -0.6537 | Val R²: -0.5628 | NightHrsTrueNEE vs NightHrsModelReco R²: -5.2400 | NightHrsTrueNee vs NightHrsModelNee R²: -5.0300
Epoch 12000 | Train Loss: 0.038877 | Val Loss: 0.037575 | Train R²: -0.3746 | Val R²: -0.2996 | NightHrsTrueNEE vs NightHrsModelReco R²: -4.1500 | NightHrsTrueNee vs NightHrsModelNee R²: -3.9900
Epoch 12500 | Train Loss: 0.032965 | Val Loss: 0.031924 | Train R²: -0.1655 | Val R²: -0.1041 | NightHrsTrueNEE vs NightHrsModelReco R²: -3.3200 | NightHrsTrueNee vs NightHrsModelNee R²: -3.1800
Epoch 13000 | Train Loss: 0.028553 | Val Loss: 0.027745 | Train R²: -0.0096 | Val R²: 0.0404 | NightHrsTrueNEE vs NightHrsModelReco R²: -2.6800 | NightHrsTrueNee vs NightHrsModelNee R²: -2.5700
Epoch 13500 | Train Loss: 0.025277 | Val Loss: 0.024664 | Train R²: 0.1063 | Val R²: 0.1469 | NightHrsTrueNEE vs NightHrsModelReco R²: -2.1900 | NightHrsTrueNee vs NightHrsModelNee R²: -2.1100
Epoch 14000 | Train Loss: 0.022841 | Val Loss: 0.022387 | Train R²: 0.1924 | Val R²: 0.2257 | NightHrsTrueNEE vs NightHrsModelReco R²: -1.8300 | NightHrsTrueNee vs NightHrsModelNee R²: -1.7600
Epoch 14500 | Train Loss: 0.021017 | Val Loss: 0.020688 | Train R²: 0.2569 | Val R²: 0.2845 | NightHrsTrueNEE vs NightHrsModelReco R²: -1.5500 | NightHrsTrueNee vs NightHrsModelNee R²: -1.4900
Epoch 15000 | Train Loss: 0.019625 | Val Loss: 0.019393 | Train R²: 0.3061 | Val R²: 0.3293 | NightHrsTrueNEE vs NightHrsModelReco R²: -1.3300 | NightHrsTrueNee vs NightHrsModelNee R²: -1.2800
Epoch 15500 | Train Loss: 0.018522 | Val Loss: 0.018363 | Train R²: 0.3451 | Val R²: 0.3649 | NightHrsTrueNEE vs NightHrsModelReco R²: -1.1500 | NightHrsTrueNee vs NightHrsModelNee R²: -1.1100
Epoch 16000 | Train Loss: 0.017584 | Val Loss: 0.017477 | Train R²: 0.3783 | Val R²: 0.3955 | NightHrsTrueNEE vs NightHrsModelReco R²: -1.0100 | NightHrsTrueNee vs NightHrsModelNee R²: -0.9800
Epoch 16500 | Train Loss: 0.016699 | Val Loss: 0.016624 | Train R²: 0.4096 | Val R²: 0.4250 | NightHrsTrueNEE vs NightHrsModelReco R²: -0.9000 | NightHrsTrueNee vs NightHrsModelNee R²: -0.8700
Epoch 17000 | Train Loss: 0.015766 | Val Loss: 0.015702 | Train R²: 0.4426 | Val R²: 0.4569 | NightHrsTrueNEE vs NightHrsModelReco R²: -0.7900 | NightHrsTrueNee vs NightHrsModelNee R²: -0.7700
Epoch 17500 | Train Loss: 0.014691 | Val Loss: 0.014618 | Train R²: 0.4806 | Val R²: 0.4944 | NightHrsTrueNEE vs NightHrsModelReco R²: -0.7000 | NightHrsTrueNee vs NightHrsModelNee R²: -0.6800
Epoch 18000 | Train Loss: 0.013399 | Val Loss: 0.013297 | Train R²: 0.5262 | Val R²: 0.5401 | NightHrsTrueNEE vs NightHrsModelReco R²: -0.6000 | NightHrsTrueNee vs NightHrsModelNee R²: -0.5800
Epoch 18500 | Train Loss: 0.011869 | Val Loss: 0.011728 | Train R²: 0.5803 | Val R²: 0.5944 | NightHrsTrueNEE vs NightHrsModelReco R²: -0.4800 | NightHrsTrueNee vs NightHrsModelNee R²: -0.4600
Epoch 19000 | Train Loss: 0.010176 | Val Loss: 0.010006 | Train R²: 0.6402 | Val R²: 0.6539 | NightHrsTrueNEE vs NightHrsModelReco R²: -0.3300 | NightHrsTrueNee vs NightHrsModelNee R²: -0.3100
Epoch 19500 | Train Loss: 0.008495 | Val Loss: 0.008310 | Train R²: 0.6996 | Val R²: 0.7126 | NightHrsTrueNEE vs NightHrsModelReco R²: -0.1400 | NightHrsTrueNee vs NightHrsModelNee R²: -0.1300
Epoch 20000 | Train Loss: 0.006991 | Val Loss: 0.006805 | Train R²: 0.7528 | Val R²: 0.7646 | NightHrsTrueNEE vs NightHrsModelReco R²: 0.0300 | NightHrsTrueNee vs NightHrsModelNee R²: 0.0500
Epoch 20500 | Train Loss: 0.005762 | Val Loss: 0.005589 | Train R²: 0.7963 | Val R²: 0.8067 | NightHrsTrueNEE vs NightHrsModelReco R²: 0.1900 | NightHrsTrueNee vs NightHrsModelNee R²: 0.2000
Epoch 21000 | Train Loss: 0.004827 | Val Loss: 0.004674 | Train R²: 0.8293 | Val R²: 0.8383 | NightHrsTrueNEE vs NightHrsModelReco R²: 0.3100 | NightHrsTrueNee vs NightHrsModelNee R²: 0.3200
Epoch 21500 | Train Loss: 0.004164 | Val Loss: 0.004035 | Train R²: 0.8528 | Val R²: 0.8604 | NightHrsTrueNEE vs NightHrsModelReco R²: 0.4000 | NightHrsTrueNee vs NightHrsModelNee R²: 0.4100
Epoch 22000 | Train Loss: 0.003703 | Val Loss: 0.003601 | Train R²: 0.8691 | Val R²: 0.8755 | NightHrsTrueNEE vs NightHrsModelReco R²: 0.4700 | NightHrsTrueNee vs NightHrsModelNee R²: 0.4800
Epoch 22500 | Train Loss: 0.003369 | Val Loss: 0.003292 | Train R²: 0.8809 | Val R²: 0.8861 | NightHrsTrueNEE vs NightHrsModelReco R²: 0.5200 | NightHrsTrueNee vs NightHrsModelNee R²: 0.5200
Epoch 23000 | Train Loss: 0.003115 | Val Loss: 0.003058 | Train R²: 0.8899 | Val R²: 0.8942 | NightHrsTrueNEE vs NightHrsModelReco R²: 0.5600 | NightHrsTrueNee vs NightHrsModelNee R²: 0.5600
Epoch 23500 | Train Loss: 0.002895 | Val Loss: 0.002856 | Train R²: 0.8976 | Val R²: 0.9012 | NightHrsTrueNEE vs NightHrsModelReco R²: 0.5800 | NightHrsTrueNee vs NightHrsModelNee R²: 0.5800
Epoch 24000 | Train Loss: 0.002682 | Val Loss: 0.002653 | Train R²: 0.9052 | Val R²: 0.9082 | NightHrsTrueNEE vs NightHrsModelReco R²: 0.6100 | NightHrsTrueNee vs NightHrsModelNee R²: 0.6100
Epoch 24500 | Train Loss: 0.002464 | Val Loss: 0.002443 | Train R²: 0.9129 | Val R²: 0.9155 | NightHrsTrueNEE vs NightHrsModelReco R²: 0.6300 | NightHrsTrueNee vs NightHrsModelNee R²: 0.6300
Epoch 25000 | Train Loss: 0.002246 | Val Loss: 0.002232 | Train R²: 0.9206 | Val R²: 0.9228 | NightHrsTrueNEE vs NightHrsModelReco R²: 0.6500 | NightHrsTrueNee vs NightHrsModelNee R²: 0.6500
Epoch 25500 | Train Loss: 0.002048 | Val Loss: 0.002039 | Train R²: 0.9276 | Val R²: 0.9295 | NightHrsTrueNEE vs NightHrsModelReco R²: 0.6700 | NightHrsTrueNee vs NightHrsModelNee R²: 0.6700
Epoch 26000 | Train Loss: 0.001889 | Val Loss: 0.001883 | Train R²: 0.9332 | Val R²: 0.9349 | NightHrsTrueNEE vs NightHrsModelReco R²: 0.6900 | NightHrsTrueNee vs NightHrsModelNee R²: 0.6900
Epoch 26500 | Train Loss: 0.001768 | Val Loss: 0.001764 | Train R²: 0.9375 | Val R²: 0.9390 | NightHrsTrueNEE vs NightHrsModelReco R²: 0.7100 | NightHrsTrueNee vs NightHrsModelNee R²: 0.7100
Epoch 27000 | Train Loss: 0.001675 | Val Loss: 0.001669 | Train R²: 0.9408 | Val R²: 0.9423 | NightHrsTrueNEE vs NightHrsModelReco R²: 0.7200 | NightHrsTrueNee vs NightHrsModelNee R²: 0.7200
Epoch 27500 | Train Loss: 0.001603 | Val Loss: 0.001594 | Train R²: 0.9433 | Val R²: 0.9449 | NightHrsTrueNEE vs NightHrsModelReco R²: 0.7400 | NightHrsTrueNee vs NightHrsModelNee R²: 0.7400
Epoch 28000 | Train Loss: 0.001546 | Val Loss: 0.001531 | Train R²: 0.9453 | Val R²: 0.9470 | NightHrsTrueNEE vs NightHrsModelReco R²: 0.7500 | NightHrsTrueNee vs NightHrsModelNee R²: 0.7500
Epoch 28500 | Train Loss: 0.001500 | Val Loss: 0.001483 | Train R²: 0.9470 | Val R²: 0.9487 | NightHrsTrueNEE vs NightHrsModelReco R²: 0.7600 | NightHrsTrueNee vs NightHrsModelNee R²: 0.7600
Epoch 29000 | Train Loss: 0.001462 | Val Loss: 0.001443 | Train R²: 0.9483 | Val R²: 0.9501 | NightHrsTrueNEE vs NightHrsModelReco R²: 0.7600 | NightHrsTrueNee vs NightHrsModelNee R²: 0.7600
Epoch 29500 | Train Loss: 0.001427 | Val Loss: 0.001405 | Train R²: 0.9496 | Val R²: 0.9514 | NightHrsTrueNEE vs NightHrsModelReco R²: 0.7600 | NightHrsTrueNee vs NightHrsModelNee R²: 0.7600
Epoch 30000 | Train Loss: 0.001390 | Val Loss: 0.001366 | Train R²: 0.9509 | Val R²: 0.9527 | NightHrsTrueNEE vs NightHrsModelReco R²: 0.7700 | NightHrsTrueNee vs NightHrsModelNee R²: 0.7700
Epoch 30500 | Train Loss: 0.001356 | Val Loss: 0.001330 | Train R²: 0.9521 | Val R²: 0.9540 | NightHrsTrueNEE vs NightHrsModelReco R²: 0.7700 | NightHrsTrueNee vs NightHrsModelNee R²: 0.7700
Early stopping at epoch 30961 due to flat/negative trend (slope=0.000002)
Epoch 30961 | Train Loss: 0.001330 | Val Loss: 0.001302 | Train R²: 0.9530 | Val R²: 0.9550
Unpickling models
Following models have been loaded and moved to cuda:
trained gpp model:
 SNN_GPP_Tram(
  (net): Sequential(
    (0): Linear(in_features=12, out_features=12, bias=True)
    (1): Tanh()
    (2): Linear(in_features=12, out_features=1, bias=True)
    (3): Sigmoid()
  )
), trained_reco_model:
 SNN_GPP_Tram(
  (net): Sequential(
    (0): Linear(in_features=11, out_features=12, bias=True)
    (1): Tanh()
    (2): Linear(in_features=12, out_features=1, bias=True)
    (3): Sigmoid()
  )
)
using full data set for visualization
Un-normalizing the GPP and RECO predictions using NEE min: tensor([-36.1705]), NEE max: tensor([35.8634])



Metrics for the Tramontana, with
GPP inputs: ['SW_IN', 'VPD', 'TA', 'WTD', 'WS', 'PotRad', 'PotRadHalfHourlyDiff', 'PotRadDailyAvg', 'PotRadDailyDiff', 'WD_COS', 'WD_SIN', 'GPP_PROX']
RECO inputs: ['DOY_sin', 'DOY_cos', 'TA', 'TS_1', 'TS_2', 'TS_4', 'WTD', 'WS', 'WD_COS', 'WD_SIN', 'NIGHTLY_NEE_AVG']:
dt_gpp vs Tramontana_GPP R²=0.97 RMSE=1.22
nt_gpp vs Tramontana_GPP R²=0.96 RMSE=1.47
dt_reco vs Tramontana_RECO R²=0.81 RMSE=1.01
nt_reco vs Tramontana_RECO R²=0.90 RMSE=0.65
night_hours_true_nee vs Tramontana_night_hours_model_reco R²=0.76 RMSE=0.99
night_hours_true_nee vs Tramontana_night_hours_model_nee R²=0.76 RMSE=0.99
dt_gpp vs nt_gpp R²=0.95 RMSE=1.56
dt_reco vs nt_reco R²=0.85 RMSE=1.00

gpp_input_names,  ['SW_IN', 'VPD', 'TA', 'WTD', 'WS', 'PotRad', 'PotRadHalfHourlyDiff', 'PotRadDailyAvg', 'PotRadDailyDiff', 'WD_COS', 'WD_SIN', 'GPP_PROX'] 
reco_input_names,  ['DOY_sin', 'DOY_cos', 'TA', 'TS_1', 'TS_2', 'TS_3', 'WTD', 'WS', 'WD_COS', 'WD_SIN', 'NIGHTLY_NEE_AVG'] 
true_nee_name,  ['NEE'] 

Tramontana Running on GPU With hidden layer size of 12 Total epochs: 100000 lr: 0.001 patience: 500 min_delta 0.01
SNN_GPP_Tram(
  (net): Sequential(
    (0): Linear(in_features=12, out_features=12, bias=True)
    (1): Tanh()
    (2): Linear(in_features=12, out_features=1, bias=True)
    (3): Sigmoid()
  )
)
SNN_RECO_Tram(
  (net): Sequential(
    (0): Linear(in_features=11, out_features=12, bias=True)
    (1): Tanh()
    (2): Linear(in_features=12, out_features=1, bias=True)
    (3): Sigmoid()
  )
)
Params are min slope: 2e-06, trend window: 100
Epoch     0 | Train Loss: 19103.152344 | Val Loss: 18666.576172 | Train R²: -675433.9375 | Val R²: -645625.5000 | NightHrsTrueNEE vs NightHrsModelReco R²: -56.6100 | NightHrsTrueNee vs NightHrsModelNee R²: -189.0700
Epoch   500 | Train Loss: 167.286179 | Val Loss: 164.278427 | Train R²: -5913.7798 | Val R²: -5680.9482 | NightHrsTrueNEE vs NightHrsModelReco R²: -223.5300 | NightHrsTrueNee vs NightHrsModelNee R²: -214.6300
Epoch  1000 | Train Loss: 47.306702 | Val Loss: 46.301888 | Train R²: -1671.6350 | Val R²: -1600.4575 | NightHrsTrueNEE vs NightHrsModelReco R²: -250.9100 | NightHrsTrueNee vs NightHrsModelNee R²: -238.5700
Epoch  1500 | Train Loss: 21.442652 | Val Loss: 20.926805 | Train R²: -757.1532 | Val R²: -722.8018 | NightHrsTrueNEE vs NightHrsModelReco R²: -259.5400 | NightHrsTrueNee vs NightHrsModelNee R²: -247.9300
Epoch  2000 | Train Loss: 11.806579 | Val Loss: 11.499185 | Train R²: -416.4482 | Val R²: -396.7258 | NightHrsTrueNEE vs NightHrsModelReco R²: -263.5800 | NightHrsTrueNee vs NightHrsModelNee R²: -253.1100
Epoch  2500 | Train Loss: 7.238834 | Val Loss: 7.041303 | Train R²: -254.9453 | Val R²: -242.5397 | NightHrsTrueNEE vs NightHrsModelReco R²: -265.7600 | NightHrsTrueNee vs NightHrsModelNee R²: -256.3700
Epoch  3000 | Train Loss: 4.762387 | Val Loss: 4.629809 | Train R²: -167.3849 | Val R²: -159.1326 | NightHrsTrueNEE vs NightHrsModelReco R²: -266.9100 | NightHrsTrueNee vs NightHrsModelNee R²: -258.4800
Epoch  3500 | Train Loss: 3.302856 | Val Loss: 3.211523 | Train R²: -115.7799 | Val R²: -110.0779 | NightHrsTrueNEE vs NightHrsModelReco R²: -267.2600 | NightHrsTrueNee vs NightHrsModelNee R²: -259.6700
Epoch  4000 | Train Loss: 2.393850 | Val Loss: 2.329962 | Train R²: -83.6399 | Val R²: -79.5871 | NightHrsTrueNEE vs NightHrsModelReco R²: -266.6500 | NightHrsTrueNee vs NightHrsModelNee R²: -259.8000
Epoch  4500 | Train Loss: 1.804790 | Val Loss: 1.759688 | Train R²: -62.8124 | Val R²: -59.8629 | NightHrsTrueNEE vs NightHrsModelReco R²: -263.9100 | NightHrsTrueNee vs NightHrsModelNee R²: -257.7400
Epoch  5000 | Train Loss: 1.400221 | Val Loss: 1.367636 | Train R²: -48.5080 | Val R²: -46.3028 | NightHrsTrueNEE vs NightHrsModelReco R²: -248.3700 | NightHrsTrueNee vs NightHrsModelNee R²: -242.9400
Epoch  5500 | Train Loss: 1.035275 | Val Loss: 1.010138 | Train R²: -35.6045 | Val R²: -33.9379 | NightHrsTrueNEE vs NightHrsModelReco R²: -143.5700 | NightHrsTrueNee vs NightHrsModelNee R²: -140.0200
Epoch  6000 | Train Loss: 0.803969 | Val Loss: 0.785861 | Train R²: -27.4261 | Val R²: -26.1808 | NightHrsTrueNEE vs NightHrsModelReco R²: -122.0000 | NightHrsTrueNee vs NightHrsModelNee R²: -119.0300
Epoch  6500 | Train Loss: 0.602612 | Val Loss: 0.589352 | Train R²: -20.3067 | Val R²: -19.3841 | NightHrsTrueNEE vs NightHrsModelReco R²: -88.4000 | NightHrsTrueNee vs NightHrsModelNee R²: -86.0500
Epoch  7000 | Train Loss: 0.451451 | Val Loss: 0.440641 | Train R²: -14.9621 | Val R²: -14.2406 | NightHrsTrueNEE vs NightHrsModelReco R²: -61.6600 | NightHrsTrueNee vs NightHrsModelNee R²: -59.8800
Epoch  7500 | Train Loss: 0.340532 | Val Loss: 0.331515 | Train R²: -11.0403 | Val R²: -10.4662 | NightHrsTrueNEE vs NightHrsModelReco R²: -44.9600 | NightHrsTrueNee vs NightHrsModelNee R²: -43.5900
Epoch  8000 | Train Loss: 0.258198 | Val Loss: 0.250827 | Train R²: -8.1292 | Val R²: -7.6754 | NightHrsTrueNEE vs NightHrsModelReco R²: -33.3800 | NightHrsTrueNee vs NightHrsModelNee R²: -32.3200
Epoch  8500 | Train Loss: 0.196339 | Val Loss: 0.190754 | Train R²: -5.9420 | Val R²: -5.5977 | NightHrsTrueNEE vs NightHrsModelReco R²: -25.0700 | NightHrsTrueNee vs NightHrsModelNee R²: -24.2300
Epoch  9000 | Train Loss: 0.148837 | Val Loss: 0.144953 | Train R²: -4.2625 | Val R²: -4.0135 | NightHrsTrueNEE vs NightHrsModelReco R²: -18.8700 | NightHrsTrueNee vs NightHrsModelNee R²: -18.2000
Epoch  9500 | Train Loss: 0.114900 | Val Loss: 0.111723 | Train R²: -3.0626 | Val R²: -2.8642 | NightHrsTrueNEE vs NightHrsModelReco R²: -14.3100 | NightHrsTrueNee vs NightHrsModelNee R²: -13.7800
Epoch 10000 | Train Loss: 0.089797 | Val Loss: 0.087162 | Train R²: -2.1750 | Val R²: -2.0147 | NightHrsTrueNEE vs NightHrsModelReco R²: -10.9700 | NightHrsTrueNee vs NightHrsModelNee R²: -10.5500
Epoch 10500 | Train Loss: 0.070959 | Val Loss: 0.068769 | Train R²: -1.5089 | Val R²: -1.3785 | NightHrsTrueNEE vs NightHrsModelReco R²: -8.4300 | NightHrsTrueNee vs NightHrsModelNee R²: -8.1000
Epoch 11000 | Train Loss: 0.056853 | Val Loss: 0.055034 | Train R²: -1.0101 | Val R²: -0.9035 | NightHrsTrueNEE vs NightHrsModelReco R²: -6.5300 | NightHrsTrueNee vs NightHrsModelNee R²: -6.2700
Epoch 11500 | Train Loss: 0.046317 | Val Loss: 0.044825 | Train R²: -0.6377 | Val R²: -0.5504 | NightHrsTrueNEE vs NightHrsModelReco R²: -5.1300 | NightHrsTrueNee vs NightHrsModelNee R²: -4.9200
Epoch 12000 | Train Loss: 0.038455 | Val Loss: 0.037256 | Train R²: -0.3597 | Val R²: -0.2886 | NightHrsTrueNEE vs NightHrsModelReco R²: -4.0900 | NightHrsTrueNee vs NightHrsModelNee R²: -3.9200
Epoch 12500 | Train Loss: 0.032575 | Val Loss: 0.031639 | Train R²: -0.1518 | Val R²: -0.0943 | NightHrsTrueNEE vs NightHrsModelReco R²: -3.3000 | NightHrsTrueNee vs NightHrsModelNee R²: -3.1600
Epoch 13000 | Train Loss: 0.028165 | Val Loss: 0.027463 | Train R²: 0.0042 | Val R²: 0.0501 | NightHrsTrueNEE vs NightHrsModelReco R²: -2.6900 | NightHrsTrueNee vs NightHrsModelNee R²: -2.5800
Epoch 13500 | Train Loss: 0.024843 | Val Loss: 0.024339 | Train R²: 0.1216 | Val R²: 0.1582 | NightHrsTrueNEE vs NightHrsModelReco R²: -2.2100 | NightHrsTrueNee vs NightHrsModelNee R²: -2.1200
Epoch 14000 | Train Loss: 0.022329 | Val Loss: 0.021983 | Train R²: 0.2105 | Val R²: 0.2397 | NightHrsTrueNEE vs NightHrsModelReco R²: -1.8100 | NightHrsTrueNee vs NightHrsModelNee R²: -1.7400
Epoch 14500 | Train Loss: 0.020454 | Val Loss: 0.020227 | Train R²: 0.2768 | Val R²: 0.3004 | NightHrsTrueNEE vs NightHrsModelReco R²: -1.5100 | NightHrsTrueNee vs NightHrsModelNee R²: -1.4500
Epoch 15000 | Train Loss: 0.019061 | Val Loss: 0.018923 | Train R²: 0.3261 | Val R²: 0.3455 | NightHrsTrueNEE vs NightHrsModelReco R²: -1.2700 | NightHrsTrueNee vs NightHrsModelNee R²: -1.2200
Epoch 15500 | Train Loss: 0.017971 | Val Loss: 0.017893 | Train R²: 0.3646 | Val R²: 0.3811 | NightHrsTrueNEE vs NightHrsModelReco R²: -1.0900 | NightHrsTrueNee vs NightHrsModelNee R²: -1.0500
Epoch 16000 | Train Loss: 0.017030 | Val Loss: 0.016989 | Train R²: 0.3979 | Val R²: 0.4124 | NightHrsTrueNEE vs NightHrsModelReco R²: -0.9500 | NightHrsTrueNee vs NightHrsModelNee R²: -0.9100
Epoch 16500 | Train Loss: 0.016107 | Val Loss: 0.016083 | Train R²: 0.4305 | Val R²: 0.4437 | NightHrsTrueNEE vs NightHrsModelReco R²: -0.8300 | NightHrsTrueNee vs NightHrsModelNee R²: -0.7900
Epoch 17000 | Train Loss: 0.015106 | Val Loss: 0.015085 | Train R²: 0.4659 | Val R²: 0.4783 | NightHrsTrueNEE vs NightHrsModelReco R²: -0.7300 | NightHrsTrueNee vs NightHrsModelNee R²: -0.7000
Epoch 17500 | Train Loss: 0.013969 | Val Loss: 0.013946 | Train R²: 0.5061 | Val R²: 0.5177 | NightHrsTrueNEE vs NightHrsModelReco R²: -0.6400 | NightHrsTrueNee vs NightHrsModelNee R²: -0.6100
Epoch 18000 | Train Loss: 0.012631 | Val Loss: 0.012592 | Train R²: 0.5534 | Val R²: 0.5645 | NightHrsTrueNEE vs NightHrsModelReco R²: -0.5200 | NightHrsTrueNee vs NightHrsModelNee R²: -0.4900
Epoch 18500 | Train Loss: 0.011133 | Val Loss: 0.011056 | Train R²: 0.6064 | Val R²: 0.6176 | NightHrsTrueNEE vs NightHrsModelReco R²: -0.3900 | NightHrsTrueNee vs NightHrsModelNee R²: -0.3600
Epoch 19000 | Train Loss: 0.009602 | Val Loss: 0.009509 | Train R²: 0.6605 | Val R²: 0.6711 | NightHrsTrueNEE vs NightHrsModelReco R²: -0.2500 | NightHrsTrueNee vs NightHrsModelNee R²: -0.2300
Epoch 19500 | Train Loss: 0.008116 | Val Loss: 0.008013 | Train R²: 0.7130 | Val R²: 0.7229 | NightHrsTrueNEE vs NightHrsModelReco R²: -0.1000 | NightHrsTrueNee vs NightHrsModelNee R²: -0.0800
Epoch 20000 | Train Loss: 0.006772 | Val Loss: 0.006657 | Train R²: 0.7606 | Val R²: 0.7698 | NightHrsTrueNEE vs NightHrsModelReco R²: 0.0600 | NightHrsTrueNee vs NightHrsModelNee R²: 0.0700
Epoch 20500 | Train Loss: 0.005646 | Val Loss: 0.005526 | Train R²: 0.8004 | Val R²: 0.8089 | NightHrsTrueNEE vs NightHrsModelReco R²: 0.2000 | NightHrsTrueNee vs NightHrsModelNee R²: 0.2100
Epoch 21000 | Train Loss: 0.004773 | Val Loss: 0.004660 | Train R²: 0.8313 | Val R²: 0.8388 | NightHrsTrueNEE vs NightHrsModelReco R²: 0.3200 | NightHrsTrueNee vs NightHrsModelNee R²: 0.3300
Epoch 21500 | Train Loss: 0.004142 | Val Loss: 0.004049 | Train R²: 0.8536 | Val R²: 0.8600 | NightHrsTrueNEE vs NightHrsModelReco R²: 0.4100 | NightHrsTrueNee vs NightHrsModelNee R²: 0.4100
Epoch 22000 | Train Loss: 0.003702 | Val Loss: 0.003629 | Train R²: 0.8691 | Val R²: 0.8745 | NightHrsTrueNEE vs NightHrsModelReco R²: 0.4800 | NightHrsTrueNee vs NightHrsModelNee R²: 0.4800
Epoch 22500 | Train Loss: 0.003383 | Val Loss: 0.003325 | Train R²: 0.8804 | Val R²: 0.8850 | NightHrsTrueNEE vs NightHrsModelReco R²: 0.5200 | NightHrsTrueNee vs NightHrsModelNee R²: 0.5200
Epoch 23000 | Train Loss: 0.003122 | Val Loss: 0.003082 | Train R²: 0.8896 | Val R²: 0.8934 | NightHrsTrueNEE vs NightHrsModelReco R²: 0.5600 | NightHrsTrueNee vs NightHrsModelNee R²: 0.5600
Epoch 23500 | Train Loss: 0.002891 | Val Loss: 0.002864 | Train R²: 0.8978 | Val R²: 0.9010 | NightHrsTrueNEE vs NightHrsModelReco R²: 0.5900 | NightHrsTrueNee vs NightHrsModelNee R²: 0.5900
Epoch 24000 | Train Loss: 0.002675 | Val Loss: 0.002656 | Train R²: 0.9054 | Val R²: 0.9081 | NightHrsTrueNEE vs NightHrsModelReco R²: 0.6100 | NightHrsTrueNee vs NightHrsModelNee R²: 0.6100
Epoch 24500 | Train Loss: 0.002456 | Val Loss: 0.002445 | Train R²: 0.9132 | Val R²: 0.9154 | NightHrsTrueNEE vs NightHrsModelReco R²: 0.6400 | NightHrsTrueNee vs NightHrsModelNee R²: 0.6400
Epoch 25000 | Train Loss: 0.002237 | Val Loss: 0.002230 | Train R²: 0.9209 | Val R²: 0.9229 | NightHrsTrueNEE vs NightHrsModelReco R²: 0.6600 | NightHrsTrueNee vs NightHrsModelNee R²: 0.6600
Epoch 25500 | Train Loss: 0.002038 | Val Loss: 0.002031 | Train R²: 0.9279 | Val R²: 0.9298 | NightHrsTrueNEE vs NightHrsModelReco R²: 0.6800 | NightHrsTrueNee vs NightHrsModelNee R²: 0.6800
Epoch 26000 | Train Loss: 0.001877 | Val Loss: 0.001870 | Train R²: 0.9336 | Val R²: 0.9353 | NightHrsTrueNEE vs NightHrsModelReco R²: 0.7000 | NightHrsTrueNee vs NightHrsModelNee R²: 0.7000
Epoch 26500 | Train Loss: 0.001755 | Val Loss: 0.001749 | Train R²: 0.9379 | Val R²: 0.9395 | NightHrsTrueNEE vs NightHrsModelReco R²: 0.7100 | NightHrsTrueNee vs NightHrsModelNee R²: 0.7100
Epoch 27000 | Train Loss: 0.001663 | Val Loss: 0.001658 | Train R²: 0.9412 | Val R²: 0.9427 | NightHrsTrueNEE vs NightHrsModelReco R²: 0.7300 | NightHrsTrueNee vs NightHrsModelNee R²: 0.7300
Epoch 27500 | Train Loss: 0.001593 | Val Loss: 0.001587 | Train R²: 0.9437 | Val R²: 0.9451 | NightHrsTrueNEE vs NightHrsModelReco R²: 0.7400 | NightHrsTrueNee vs NightHrsModelNee R²: 0.7400
Epoch 28000 | Train Loss: 0.001541 | Val Loss: 0.001532 | Train R²: 0.9455 | Val R²: 0.9470 | NightHrsTrueNEE vs NightHrsModelReco R²: 0.7500 | NightHrsTrueNee vs NightHrsModelNee R²: 0.7500
Epoch 28500 | Train Loss: 0.001499 | Val Loss: 0.001487 | Train R²: 0.9470 | Val R²: 0.9486 | NightHrsTrueNEE vs NightHrsModelReco R²: 0.7600 | NightHrsTrueNee vs NightHrsModelNee R²: 0.7600
Epoch 29000 | Train Loss: 0.001462 | Val Loss: 0.001448 | Train R²: 0.9483 | Val R²: 0.9499 | NightHrsTrueNEE vs NightHrsModelReco R²: 0.7600 | NightHrsTrueNee vs NightHrsModelNee R²: 0.7600
Epoch 29500 | Train Loss: 0.001426 | Val Loss: 0.001408 | Train R²: 0.9496 | Val R²: 0.9513 | NightHrsTrueNEE vs NightHrsModelReco R²: 0.7700 | NightHrsTrueNee vs NightHrsModelNee R²: 0.7700
Epoch 30000 | Train Loss: 0.001390 | Val Loss: 0.001368 | Train R²: 0.9508 | Val R²: 0.9527 | NightHrsTrueNEE vs NightHrsModelReco R²: 0.7700 | NightHrsTrueNee vs NightHrsModelNee R²: 0.7700
Epoch 30500 | Train Loss: 0.001358 | Val Loss: 0.001333 | Train R²: 0.9520 | Val R²: 0.9539 | NightHrsTrueNEE vs NightHrsModelReco R²: 0.7700 | NightHrsTrueNee vs NightHrsModelNee R²: 0.7700
Epoch 31000 | Train Loss: 0.001330 | Val Loss: 0.001299 | Train R²: 0.9530 | Val R²: 0.9551 | NightHrsTrueNEE vs NightHrsModelReco R²: 0.7700 | NightHrsTrueNee vs NightHrsModelNee R²: 0.7700
Early stopping at epoch 31114 due to flat/negative trend (slope=0.000002)
Epoch 31114 | Train Loss: 0.001324 | Val Loss: 0.001293 | Train R²: 0.9532 | Val R²: 0.9553
Unpickling models
Following models have been loaded and moved to cuda:
trained gpp model:
 SNN_GPP_Tram(
  (net): Sequential(
    (0): Linear(in_features=12, out_features=12, bias=True)
    (1): Tanh()
    (2): Linear(in_features=12, out_features=1, bias=True)
    (3): Sigmoid()
  )
), trained_reco_model:
 SNN_GPP_Tram(
  (net): Sequential(
    (0): Linear(in_features=11, out_features=12, bias=True)
    (1): Tanh()
    (2): Linear(in_features=12, out_features=1, bias=True)
    (3): Sigmoid()
  )
)
using full data set for visualization
Un-normalizing the GPP and RECO predictions using NEE min: tensor([-36.1705]), NEE max: tensor([35.8634])



Metrics for the Tramontana, with
GPP inputs: ['SW_IN', 'VPD', 'TA', 'WTD', 'WS', 'PotRad', 'PotRadHalfHourlyDiff', 'PotRadDailyAvg', 'PotRadDailyDiff', 'WD_COS', 'WD_SIN', 'GPP_PROX']
RECO inputs: ['DOY_sin', 'DOY_cos', 'TA', 'TS_1', 'TS_2', 'TS_3', 'WTD', 'WS', 'WD_COS', 'WD_SIN', 'NIGHTLY_NEE_AVG']:
dt_gpp vs Tramontana_GPP R²=0.97 RMSE=1.22
nt_gpp vs Tramontana_GPP R²=0.96 RMSE=1.48
dt_reco vs Tramontana_RECO R²=0.81 RMSE=1.02
nt_reco vs Tramontana_RECO R²=0.89 RMSE=0.68
night_hours_true_nee vs Tramontana_night_hours_model_reco R²=0.76 RMSE=0.99
night_hours_true_nee vs Tramontana_night_hours_model_nee R²=0.76 RMSE=0.99
dt_gpp vs nt_gpp R²=0.95 RMSE=1.56
dt_reco vs nt_reco R²=0.85 RMSE=1.00

gpp_input_names,  ['SW_IN', 'VPD', 'TA', 'WTD', 'WS', 'PotRad', 'PotRadHalfHourlyDiff', 'PotRadDailyAvg', 'PotRadDailyDiff', 'WD_COS', 'WD_SIN', 'GPP_PROX'] 
reco_input_names,  ['DOY_sin', 'DOY_cos', 'TA', 'TS_1', 'TS_2', 'TS_3', 'TS_4', 'WS', 'WD_COS', 'WD_SIN', 'NIGHTLY_NEE_AVG'] 
true_nee_name,  ['NEE'] 

Tramontana Running on GPU With hidden layer size of 12 Total epochs: 100000 lr: 0.001 patience: 500 min_delta 0.01
SNN_GPP_Tram(
  (net): Sequential(
    (0): Linear(in_features=12, out_features=12, bias=True)
    (1): Tanh()
    (2): Linear(in_features=12, out_features=1, bias=True)
    (3): Sigmoid()
  )
)
SNN_RECO_Tram(
  (net): Sequential(
    (0): Linear(in_features=11, out_features=12, bias=True)
    (1): Tanh()
    (2): Linear(in_features=12, out_features=1, bias=True)
    (3): Sigmoid()
  )
)
Params are min slope: 2e-06, trend window: 100
Epoch     0 | Train Loss: 19100.478516 | Val Loss: 18663.845703 | Train R²: -675339.4375 | Val R²: -645531.0625 | NightHrsTrueNEE vs NightHrsModelReco R²: -60.7100 | NightHrsTrueNee vs NightHrsModelNee R²: -191.2100
Epoch   500 | Train Loss: 167.243240 | Val Loss: 164.238617 | Train R²: -5912.2612 | Val R²: -5679.5708 | NightHrsTrueNEE vs NightHrsModelReco R²: -230.9900 | NightHrsTrueNee vs NightHrsModelNee R²: -221.4100
Epoch  1000 | Train Loss: 47.303429 | Val Loss: 46.299744 | Train R²: -1671.5194 | Val R²: -1600.3834 | NightHrsTrueNEE vs NightHrsModelReco R²: -252.7700 | NightHrsTrueNee vs NightHrsModelNee R²: -240.2800
Epoch  1500 | Train Loss: 21.442097 | Val Loss: 20.926773 | Train R²: -757.1337 | Val R²: -722.8006 | NightHrsTrueNEE vs NightHrsModelReco R²: -259.9800 | NightHrsTrueNee vs NightHrsModelNee R²: -248.3200
Epoch  2000 | Train Loss: 11.806232 | Val Loss: 11.499121 | Train R²: -416.4359 | Val R²: -396.7235 | NightHrsTrueNEE vs NightHrsModelReco R²: -263.4800 | NightHrsTrueNee vs NightHrsModelNee R²: -252.9800
Epoch  2500 | Train Loss: 7.238312 | Val Loss: 7.040956 | Train R²: -254.9268 | Val R²: -242.5277 | NightHrsTrueNEE vs NightHrsModelReco R²: -265.4200 | NightHrsTrueNee vs NightHrsModelNee R²: -256.0200
Epoch  3000 | Train Loss: 4.761676 | Val Loss: 4.629223 | Train R²: -167.3598 | Val R²: -159.1123 | NightHrsTrueNEE vs NightHrsModelReco R²: -266.4900 | NightHrsTrueNee vs NightHrsModelNee R²: -258.0500
Epoch  3500 | Train Loss: 3.302030 | Val Loss: 3.210805 | Train R²: -115.7507 | Val R²: -110.0531 | NightHrsTrueNEE vs NightHrsModelReco R²: -266.8900 | NightHrsTrueNee vs NightHrsModelNee R²: -259.3000
Epoch  4000 | Train Loss: 2.393116 | Val Loss: 2.329348 | Train R²: -83.6140 | Val R²: -79.5659 | NightHrsTrueNEE vs NightHrsModelReco R²: -266.5500 | NightHrsTrueNee vs NightHrsModelNee R²: -259.6900
Epoch  4500 | Train Loss: 1.804844 | Val Loss: 1.759930 | Train R²: -62.8143 | Val R²: -59.8712 | NightHrsTrueNEE vs NightHrsModelReco R²: -264.7400 | NightHrsTrueNee vs NightHrsModelNee R²: -258.5400
Epoch  5000 | Train Loss: 1.406428 | Val Loss: 1.374414 | Train R²: -48.7274 | Val R²: -46.5373 | NightHrsTrueNEE vs NightHrsModelReco R²: -255.2800 | NightHrsTrueNee vs NightHrsModelNee R²: -249.7600
Epoch  5500 | Train Loss: 1.039875 | Val Loss: 1.015345 | Train R²: -35.7671 | Val R²: -34.1180 | NightHrsTrueNEE vs NightHrsModelReco R²: -150.1200 | NightHrsTrueNee vs NightHrsModelNee R²: -146.4200
Epoch  6000 | Train Loss: 0.792673 | Val Loss: 0.775360 | Train R²: -27.0267 | Val R²: -25.8176 | NightHrsTrueNEE vs NightHrsModelReco R²: -116.1000 | NightHrsTrueNee vs NightHrsModelNee R²: -113.1600
Epoch  6500 | Train Loss: 0.598124 | Val Loss: 0.585728 | Train R²: -20.1480 | Val R²: -19.2588 | NightHrsTrueNEE vs NightHrsModelReco R²: -86.4800 | NightHrsTrueNee vs NightHrsModelNee R²: -84.1500
Epoch  7000 | Train Loss: 0.454010 | Val Loss: 0.444199 | Train R²: -15.0526 | Val R²: -14.3637 | NightHrsTrueNEE vs NightHrsModelReco R²: -63.8500 | NightHrsTrueNee vs NightHrsModelNee R²: -62.0400
Epoch  7500 | Train Loss: 0.344579 | Val Loss: 0.336430 | Train R²: -11.1834 | Val R²: -10.6362 | NightHrsTrueNEE vs NightHrsModelReco R²: -46.3700 | NightHrsTrueNee vs NightHrsModelNee R²: -44.9800
Epoch  8000 | Train Loss: 0.261625 | Val Loss: 0.254899 | Train R²: -8.2503 | Val R²: -7.8163 | NightHrsTrueNEE vs NightHrsModelReco R²: -34.2700 | NightHrsTrueNee vs NightHrsModelNee R²: -33.1900
Epoch  8500 | Train Loss: 0.198743 | Val Loss: 0.193265 | Train R²: -6.0270 | Val R²: -5.6845 | NightHrsTrueNEE vs NightHrsModelReco R²: -25.4300 | NightHrsTrueNee vs NightHrsModelNee R²: -24.5900
Epoch  9000 | Train Loss: 0.151825 | Val Loss: 0.147460 | Train R²: -4.3681 | Val R²: -4.1002 | NightHrsTrueNEE vs NightHrsModelReco R²: -19.1500 | NightHrsTrueNee vs NightHrsModelNee R²: -18.5000
Epoch  9500 | Train Loss: 0.116886 | Val Loss: 0.113510 | Train R²: -3.1328 | Val R²: -2.9260 | NightHrsTrueNEE vs NightHrsModelReco R²: -14.7400 | NightHrsTrueNee vs NightHrsModelNee R²: -14.2200
Epoch 10000 | Train Loss: 0.091058 | Val Loss: 0.088407 | Train R²: -2.2196 | Val R²: -2.0578 | NightHrsTrueNEE vs NightHrsModelReco R²: -11.2500 | NightHrsTrueNee vs NightHrsModelNee R²: -10.8400
Epoch 10500 | Train Loss: 0.072168 | Val Loss: 0.070020 | Train R²: -1.5517 | Val R²: -1.4218 | NightHrsTrueNEE vs NightHrsModelReco R²: -8.7800 | NightHrsTrueNee vs NightHrsModelNee R²: -8.4600
Epoch 11000 | Train Loss: 0.057966 | Val Loss: 0.056218 | Train R²: -1.0495 | Val R²: -0.9444 | NightHrsTrueNEE vs NightHrsModelReco R²: -6.8900 | NightHrsTrueNee vs NightHrsModelNee R²: -6.6300
Epoch 11500 | Train Loss: 0.047254 | Val Loss: 0.045845 | Train R²: -0.6708 | Val R²: -0.5857 | NightHrsTrueNEE vs NightHrsModelReco R²: -5.3900 | NightHrsTrueNee vs NightHrsModelNee R²: -5.1800
Epoch 12000 | Train Loss: 0.039269 | Val Loss: 0.038126 | Train R²: -0.3885 | Val R²: -0.3187 | NightHrsTrueNEE vs NightHrsModelReco R²: -4.2500 | NightHrsTrueNee vs NightHrsModelNee R²: -4.0900
Epoch 12500 | Train Loss: 0.033330 | Val Loss: 0.032412 | Train R²: -0.1784 | Val R²: -0.1210 | NightHrsTrueNEE vs NightHrsModelReco R²: -3.3800 | NightHrsTrueNee vs NightHrsModelNee R²: -3.2500
Epoch 13000 | Train Loss: 0.028922 | Val Loss: 0.028205 | Train R²: -0.0226 | Val R²: 0.0245 | NightHrsTrueNEE vs NightHrsModelReco R²: -2.7200 | NightHrsTrueNee vs NightHrsModelNee R²: -2.6200
Epoch 13500 | Train Loss: 0.025648 | Val Loss: 0.025111 | Train R²: 0.0932 | Val R²: 0.1315 | NightHrsTrueNEE vs NightHrsModelReco R²: -2.2200 | NightHrsTrueNee vs NightHrsModelNee R²: -2.1400
Epoch 14000 | Train Loss: 0.023205 | Val Loss: 0.022824 | Train R²: 0.1796 | Val R²: 0.2106 | NightHrsTrueNEE vs NightHrsModelReco R²: -1.8300 | NightHrsTrueNee vs NightHrsModelNee R²: -1.7700
Epoch 14500 | Train Loss: 0.021358 | Val Loss: 0.021109 | Train R²: 0.2448 | Val R²: 0.2699 | NightHrsTrueNEE vs NightHrsModelReco R²: -1.5300 | NightHrsTrueNee vs NightHrsModelNee R²: -1.4800
Epoch 15000 | Train Loss: 0.019929 | Val Loss: 0.019784 | Train R²: 0.2954 | Val R²: 0.3157 | NightHrsTrueNEE vs NightHrsModelReco R²: -1.3000 | NightHrsTrueNee vs NightHrsModelNee R²: -1.2500
Epoch 15500 | Train Loss: 0.018783 | Val Loss: 0.018710 | Train R²: 0.3359 | Val R²: 0.3529 | NightHrsTrueNEE vs NightHrsModelReco R²: -1.1200 | NightHrsTrueNee vs NightHrsModelNee R²: -1.0800
Epoch 16000 | Train Loss: 0.017805 | Val Loss: 0.017775 | Train R²: 0.3705 | Val R²: 0.3852 | NightHrsTrueNEE vs NightHrsModelReco R²: -0.9800 | NightHrsTrueNee vs NightHrsModelNee R²: -0.9500
Epoch 16500 | Train Loss: 0.016889 | Val Loss: 0.016879 | Train R²: 0.4029 | Val R²: 0.4162 | NightHrsTrueNEE vs NightHrsModelReco R²: -0.8700 | NightHrsTrueNee vs NightHrsModelNee R²: -0.8400
Epoch 17000 | Train Loss: 0.015934 | Val Loss: 0.015924 | Train R²: 0.4366 | Val R²: 0.4492 | NightHrsTrueNEE vs NightHrsModelReco R²: -0.7800 | NightHrsTrueNee vs NightHrsModelNee R²: -0.7500
Epoch 17500 | Train Loss: 0.014841 | Val Loss: 0.014814 | Train R²: 0.4753 | Val R²: 0.4876 | NightHrsTrueNEE vs NightHrsModelReco R²: -0.6900 | NightHrsTrueNee vs NightHrsModelNee R²: -0.6700
Epoch 18000 | Train Loss: 0.013529 | Val Loss: 0.013468 | Train R²: 0.5216 | Val R²: 0.5342 | NightHrsTrueNEE vs NightHrsModelReco R²: -0.6000 | NightHrsTrueNee vs NightHrsModelNee R²: -0.5800
Epoch 18500 | Train Loss: 0.011969 | Val Loss: 0.011865 | Train R²: 0.5768 | Val R²: 0.5896 | NightHrsTrueNEE vs NightHrsModelReco R²: -0.4900 | NightHrsTrueNee vs NightHrsModelNee R²: -0.4700
Epoch 19000 | Train Loss: 0.010222 | Val Loss: 0.010085 | Train R²: 0.6386 | Val R²: 0.6512 | NightHrsTrueNEE vs NightHrsModelReco R²: -0.3500 | NightHrsTrueNee vs NightHrsModelNee R²: -0.3300
Epoch 19500 | Train Loss: 0.008502 | Val Loss: 0.008342 | Train R²: 0.6994 | Val R²: 0.7115 | NightHrsTrueNEE vs NightHrsModelReco R²: -0.1900 | NightHrsTrueNee vs NightHrsModelNee R²: -0.1700
Epoch 20000 | Train Loss: 0.006985 | Val Loss: 0.006810 | Train R²: 0.7530 | Val R²: 0.7645 | NightHrsTrueNEE vs NightHrsModelReco R²: -0.0100 | NightHrsTrueNee vs NightHrsModelNee R²: 0.0100
Epoch 20500 | Train Loss: 0.005746 | Val Loss: 0.005571 | Train R²: 0.7968 | Val R²: 0.8073 | NightHrsTrueNEE vs NightHrsModelReco R²: 0.1600 | NightHrsTrueNee vs NightHrsModelNee R²: 0.1700
Epoch 21000 | Train Loss: 0.004817 | Val Loss: 0.004660 | Train R²: 0.8297 | Val R²: 0.8388 | NightHrsTrueNEE vs NightHrsModelReco R²: 0.3000 | NightHrsTrueNee vs NightHrsModelNee R²: 0.3100
Epoch 21500 | Train Loss: 0.004156 | Val Loss: 0.004025 | Train R²: 0.8531 | Val R²: 0.8608 | NightHrsTrueNEE vs NightHrsModelReco R²: 0.4100 | NightHrsTrueNee vs NightHrsModelNee R²: 0.4100
Epoch 22000 | Train Loss: 0.003692 | Val Loss: 0.003587 | Train R²: 0.8695 | Val R²: 0.8760 | NightHrsTrueNEE vs NightHrsModelReco R²: 0.4800 | NightHrsTrueNee vs NightHrsModelNee R²: 0.4800
Epoch 22500 | Train Loss: 0.003359 | Val Loss: 0.003278 | Train R²: 0.8812 | Val R²: 0.8866 | NightHrsTrueNEE vs NightHrsModelReco R²: 0.5300 | NightHrsTrueNee vs NightHrsModelNee R²: 0.5400
Epoch 23000 | Train Loss: 0.003098 | Val Loss: 0.003040 | Train R²: 0.8905 | Val R²: 0.8949 | NightHrsTrueNEE vs NightHrsModelReco R²: 0.5700 | NightHrsTrueNee vs NightHrsModelNee R²: 0.5700
Epoch 23500 | Train Loss: 0.002869 | Val Loss: 0.002832 | Train R²: 0.8986 | Val R²: 0.9021 | NightHrsTrueNEE vs NightHrsModelReco R²: 0.6000 | NightHrsTrueNee vs NightHrsModelNee R²: 0.6000
Epoch 24000 | Train Loss: 0.002649 | Val Loss: 0.002626 | Train R²: 0.9063 | Val R²: 0.9092 | NightHrsTrueNEE vs NightHrsModelReco R²: 0.6300 | NightHrsTrueNee vs NightHrsModelNee R²: 0.6300
Epoch 24500 | Train Loss: 0.002416 | Val Loss: 0.002408 | Train R²: 0.9146 | Val R²: 0.9167 | NightHrsTrueNEE vs NightHrsModelReco R²: 0.6500 | NightHrsTrueNee vs NightHrsModelNee R²: 0.6500
Epoch 25000 | Train Loss: 0.002197 | Val Loss: 0.002193 | Train R²: 0.9223 | Val R²: 0.9241 | NightHrsTrueNEE vs NightHrsModelReco R²: 0.6700 | NightHrsTrueNee vs NightHrsModelNee R²: 0.6700
Epoch 25500 | Train Loss: 0.002003 | Val Loss: 0.002002 | Train R²: 0.9292 | Val R²: 0.9308 | NightHrsTrueNEE vs NightHrsModelReco R²: 0.6900 | NightHrsTrueNee vs NightHrsModelNee R²: 0.6900
Epoch 26000 | Train Loss: 0.001846 | Val Loss: 0.001843 | Train R²: 0.9347 | Val R²: 0.9363 | NightHrsTrueNEE vs NightHrsModelReco R²: 0.7000 | NightHrsTrueNee vs NightHrsModelNee R²: 0.7000
Epoch 26500 | Train Loss: 0.001730 | Val Loss: 0.001723 | Train R²: 0.9388 | Val R²: 0.9404 | NightHrsTrueNEE vs NightHrsModelReco R²: 0.7200 | NightHrsTrueNee vs NightHrsModelNee R²: 0.7200
Epoch 27000 | Train Loss: 0.001644 | Val Loss: 0.001635 | Train R²: 0.9419 | Val R²: 0.9435 | NightHrsTrueNEE vs NightHrsModelReco R²: 0.7300 | NightHrsTrueNee vs NightHrsModelNee R²: 0.7300
Epoch 27500 | Train Loss: 0.001579 | Val Loss: 0.001567 | Train R²: 0.9442 | Val R²: 0.9458 | NightHrsTrueNEE vs NightHrsModelReco R²: 0.7400 | NightHrsTrueNee vs NightHrsModelNee R²: 0.7400
Epoch 28000 | Train Loss: 0.001527 | Val Loss: 0.001513 | Train R²: 0.9460 | Val R²: 0.9477 | NightHrsTrueNEE vs NightHrsModelReco R²: 0.7500 | NightHrsTrueNee vs NightHrsModelNee R²: 0.7500
Epoch 28500 | Train Loss: 0.001487 | Val Loss: 0.001471 | Train R²: 0.9474 | Val R²: 0.9491 | NightHrsTrueNEE vs NightHrsModelReco R²: 0.7500 | NightHrsTrueNee vs NightHrsModelNee R²: 0.7500
Epoch 29000 | Train Loss: 0.001455 | Val Loss: 0.001437 | Train R²: 0.9486 | Val R²: 0.9503 | NightHrsTrueNEE vs NightHrsModelReco R²: 0.7600 | NightHrsTrueNee vs NightHrsModelNee R²: 0.7600
Epoch 29500 | Train Loss: 0.001427 | Val Loss: 0.001406 | Train R²: 0.9495 | Val R²: 0.9514 | NightHrsTrueNEE vs NightHrsModelReco R²: 0.7600 | NightHrsTrueNee vs NightHrsModelNee R²: 0.7600
Early stopping at epoch 29602 due to flat/negative trend (slope=0.000002)
Epoch 29602 | Train Loss: 0.001422 | Val Loss: 0.001401 | Train R²: 0.9497 | Val R²: 0.9515
Unpickling models
Following models have been loaded and moved to cuda:
trained gpp model:
 SNN_GPP_Tram(
  (net): Sequential(
    (0): Linear(in_features=12, out_features=12, bias=True)
    (1): Tanh()
    (2): Linear(in_features=12, out_features=1, bias=True)
    (3): Sigmoid()
  )
), trained_reco_model:
 SNN_GPP_Tram(
  (net): Sequential(
    (0): Linear(in_features=11, out_features=12, bias=True)
    (1): Tanh()
    (2): Linear(in_features=12, out_features=1, bias=True)
    (3): Sigmoid()
  )
)
using full data set for visualization
Un-normalizing the GPP and RECO predictions using NEE min: tensor([-36.1705]), NEE max: tensor([35.8634])



Metrics for the Tramontana, with
GPP inputs: ['SW_IN', 'VPD', 'TA', 'WTD', 'WS', 'PotRad', 'PotRadHalfHourlyDiff', 'PotRadDailyAvg', 'PotRadDailyDiff', 'WD_COS', 'WD_SIN', 'GPP_PROX']
RECO inputs: ['DOY_sin', 'DOY_cos', 'TA', 'TS_1', 'TS_2', 'TS_3', 'TS_4', 'WS', 'WD_COS', 'WD_SIN', 'NIGHTLY_NEE_AVG']:
dt_gpp vs Tramontana_GPP R²=0.97 RMSE=1.30
nt_gpp vs Tramontana_GPP R²=0.95 RMSE=1.57
dt_reco vs Tramontana_RECO R²=0.78 RMSE=1.09
nt_reco vs Tramontana_RECO R²=0.86 RMSE=0.76
night_hours_true_nee vs Tramontana_night_hours_model_reco R²=0.75 RMSE=1.00
night_hours_true_nee vs Tramontana_night_hours_model_nee R²=0.75 RMSE=1.00
dt_gpp vs nt_gpp R²=0.95 RMSE=1.56
dt_reco vs nt_reco R²=0.85 RMSE=1.00

gpp_input_names,  ['SW_IN', 'VPD', 'TA', 'WTD', 'WS', 'PotRad', 'PotRadHalfHourlyDiff', 'PotRadDailyAvg', 'PotRadDailyDiff', 'WD_COS', 'WD_SIN', 'GPP_PROX'] 
reco_input_names,  ['DOY_sin', 'DOY_cos', 'TA', 'TS_1', 'TS_2', 'TS_3', 'TS_4', 'WTD', 'WD_COS', 'WD_SIN', 'NIGHTLY_NEE_AVG'] 
true_nee_name,  ['NEE'] 

Tramontana Running on GPU With hidden layer size of 12 Total epochs: 100000 lr: 0.001 patience: 500 min_delta 0.01
SNN_GPP_Tram(
  (net): Sequential(
    (0): Linear(in_features=12, out_features=12, bias=True)
    (1): Tanh()
    (2): Linear(in_features=12, out_features=1, bias=True)
    (3): Sigmoid()
  )
)
SNN_RECO_Tram(
  (net): Sequential(
    (0): Linear(in_features=11, out_features=12, bias=True)
    (1): Tanh()
    (2): Linear(in_features=12, out_features=1, bias=True)
    (3): Sigmoid()
  )
)
Params are min slope: 2e-06, trend window: 100
Epoch     0 | Train Loss: 19101.404297 | Val Loss: 18664.781250 | Train R²: -675372.1875 | Val R²: -645563.3750 | NightHrsTrueNEE vs NightHrsModelReco R²: -59.0700 | NightHrsTrueNee vs NightHrsModelNee R²: -190.3200
Epoch   500 | Train Loss: 167.248947 | Val Loss: 164.247116 | Train R²: -5912.4634 | Val R²: -5679.8638 | NightHrsTrueNEE vs NightHrsModelReco R²: -231.7100 | NightHrsTrueNee vs NightHrsModelNee R²: -222.1300
Epoch  1000 | Train Loss: 47.305950 | Val Loss: 46.303036 | Train R²: -1671.6084 | Val R²: -1600.4969 | NightHrsTrueNEE vs NightHrsModelReco R²: -253.6100 | NightHrsTrueNee vs NightHrsModelNee R²: -241.0900
Epoch  1500 | Train Loss: 21.443785 | Val Loss: 20.928823 | Train R²: -757.1934 | Val R²: -722.8715 | NightHrsTrueNEE vs NightHrsModelReco R²: -260.7300 | NightHrsTrueNee vs NightHrsModelNee R²: -249.0500
Epoch  2000 | Train Loss: 11.807531 | Val Loss: 11.500634 | Train R²: -416.4818 | Val R²: -396.7759 | NightHrsTrueNEE vs NightHrsModelReco R²: -264.1700 | NightHrsTrueNee vs NightHrsModelNee R²: -253.6700
Epoch  2500 | Train Loss: 7.239438 | Val Loss: 7.042228 | Train R²: -254.9666 | Val R²: -242.5717 | NightHrsTrueNEE vs NightHrsModelReco R²: -266.1000 | NightHrsTrueNee vs NightHrsModelNee R²: -256.6800
Epoch  3000 | Train Loss: 4.762759 | Val Loss: 4.630414 | Train R²: -167.3981 | Val R²: -159.1535 | NightHrsTrueNEE vs NightHrsModelReco R²: -267.1900 | NightHrsTrueNee vs NightHrsModelNee R²: -258.7400
Epoch  3500 | Train Loss: 3.303179 | Val Loss: 3.212044 | Train R²: -115.7913 | Val R²: -110.0959 | NightHrsTrueNEE vs NightHrsModelReco R²: -267.6800 | NightHrsTrueNee vs NightHrsModelNee R²: -260.0700
Epoch  4000 | Train Loss: 2.394519 | Val Loss: 2.330837 | Train R²: -83.6636 | Val R²: -79.6174 | NightHrsTrueNEE vs NightHrsModelReco R²: -267.5600 | NightHrsTrueNee vs NightHrsModelNee R²: -260.6900
Epoch  4500 | Train Loss: 1.807080 | Val Loss: 1.762278 | Train R²: -62.8934 | Val R²: -59.9524 | NightHrsTrueNEE vs NightHrsModelReco R²: -266.4200 | NightHrsTrueNee vs NightHrsModelNee R²: -260.2100
Epoch  5000 | Train Loss: 1.414710 | Val Loss: 1.383064 | Train R²: -49.0203 | Val R²: -46.8365 | NightHrsTrueNEE vs NightHrsModelReco R²: -262.0100 | NightHrsTrueNee vs NightHrsModelNee R²: -256.4100
Epoch  5500 | Train Loss: 1.088860 | Val Loss: 1.064826 | Train R²: -37.4991 | Val R²: -35.8294 | NightHrsTrueNEE vs NightHrsModelReco R²: -202.3000 | NightHrsTrueNee vs NightHrsModelNee R²: -197.8700
Epoch  6000 | Train Loss: 0.808087 | Val Loss: 0.790991 | Train R²: -27.5717 | Val R²: -26.3583 | NightHrsTrueNEE vs NightHrsModelReco R²: -119.7300 | NightHrsTrueNee vs NightHrsModelNee R²: -116.7700
Epoch  6500 | Train Loss: 0.605525 | Val Loss: 0.593152 | Train R²: -20.4097 | Val R²: -19.5155 | NightHrsTrueNEE vs NightHrsModelReco R²: -88.5200 | NightHrsTrueNee vs NightHrsModelNee R²: -86.1600
Epoch  7000 | Train Loss: 0.457637 | Val Loss: 0.447799 | Train R²: -15.1808 | Val R²: -14.4882 | NightHrsTrueNEE vs NightHrsModelReco R²: -64.3700 | NightHrsTrueNee vs NightHrsModelNee R²: -62.5400
Epoch  7500 | Train Loss: 0.346439 | Val Loss: 0.338270 | Train R²: -11.2491 | Val R²: -10.6998 | NightHrsTrueNEE vs NightHrsModelReco R²: -46.4800 | NightHrsTrueNee vs NightHrsModelNee R²: -45.0700
Epoch  8000 | Train Loss: 0.262616 | Val Loss: 0.255895 | Train R²: -8.2854 | Val R²: -7.8507 | NightHrsTrueNEE vs NightHrsModelReco R²: -34.2500 | NightHrsTrueNee vs NightHrsModelNee R²: -33.1600
Epoch  8500 | Train Loss: 0.199316 | Val Loss: 0.193848 | Train R²: -6.0473 | Val R²: -5.7047 | NightHrsTrueNEE vs NightHrsModelReco R²: -25.4300 | NightHrsTrueNee vs NightHrsModelNee R²: -24.5900
Epoch  9000 | Train Loss: 0.152153 | Val Loss: 0.147749 | Train R²: -4.3797 | Val R²: -4.1102 | NightHrsTrueNEE vs NightHrsModelReco R²: -19.1500 | NightHrsTrueNee vs NightHrsModelNee R²: -18.5000
Epoch  9500 | Train Loss: 0.117343 | Val Loss: 0.113819 | Train R²: -3.1489 | Val R²: -2.9367 | NightHrsTrueNEE vs NightHrsModelReco R²: -14.6700 | NightHrsTrueNee vs NightHrsModelNee R²: -14.1600
Epoch 10000 | Train Loss: 0.091664 | Val Loss: 0.088842 | Train R²: -2.2410 | Val R²: -2.0728 | NightHrsTrueNEE vs NightHrsModelReco R²: -11.3900 | NightHrsTrueNee vs NightHrsModelNee R²: -10.9900
Epoch 10500 | Train Loss: 0.072651 | Val Loss: 0.070365 | Train R²: -1.5687 | Val R²: -1.4337 | NightHrsTrueNEE vs NightHrsModelReco R²: -8.9500 | NightHrsTrueNee vs NightHrsModelNee R²: -8.6300
Epoch 11000 | Train Loss: 0.058506 | Val Loss: 0.056622 | Train R²: -1.0686 | Val R²: -0.9584 | NightHrsTrueNEE vs NightHrsModelReco R²: -7.0800 | NightHrsTrueNee vs NightHrsModelNee R²: -6.8400
Epoch 11500 | Train Loss: 0.047904 | Val Loss: 0.046333 | Train R²: -0.6938 | Val R²: -0.6025 | NightHrsTrueNEE vs NightHrsModelReco R²: -5.6100 | NightHrsTrueNee vs NightHrsModelNee R²: -5.4200
Epoch 12000 | Train Loss: 0.039831 | Val Loss: 0.038516 | Train R²: -0.4083 | Val R²: -0.3322 | NightHrsTrueNEE vs NightHrsModelReco R²: -4.4000 | NightHrsTrueNee vs NightHrsModelNee R²: -4.2500
Epoch 12500 | Train Loss: 0.033704 | Val Loss: 0.032639 | Train R²: -0.1917 | Val R²: -0.1289 | NightHrsTrueNEE vs NightHrsModelReco R²: -3.4500 | NightHrsTrueNee vs NightHrsModelNee R²: -3.3300
Epoch 13000 | Train Loss: 0.029139 | Val Loss: 0.028305 | Train R²: -0.0303 | Val R²: 0.0210 | NightHrsTrueNEE vs NightHrsModelReco R²: -2.7600 | NightHrsTrueNee vs NightHrsModelNee R²: -2.6700
Epoch 13500 | Train Loss: 0.025717 | Val Loss: 0.025072 | Train R²: 0.0907 | Val R²: 0.1328 | NightHrsTrueNEE vs NightHrsModelReco R²: -2.2400 | NightHrsTrueNee vs NightHrsModelNee R²: -2.1600
Epoch 14000 | Train Loss: 0.023162 | Val Loss: 0.022659 | Train R²: 0.1811 | Val R²: 0.2163 | NightHrsTrueNEE vs NightHrsModelReco R²: -1.8400 | NightHrsTrueNee vs NightHrsModelNee R²: -1.7800
Epoch 14500 | Train Loss: 0.021264 | Val Loss: 0.020869 | Train R²: 0.2481 | Val R²: 0.2782 | NightHrsTrueNEE vs NightHrsModelReco R²: -1.5400 | NightHrsTrueNee vs NightHrsModelNee R²: -1.4900
Epoch 15000 | Train Loss: 0.019842 | Val Loss: 0.019529 | Train R²: 0.2984 | Val R²: 0.3246 | NightHrsTrueNEE vs NightHrsModelReco R²: -1.3100 | NightHrsTrueNee vs NightHrsModelNee R²: -1.2700
Epoch 15500 | Train Loss: 0.018731 | Val Loss: 0.018485 | Train R²: 0.3377 | Val R²: 0.3607 | NightHrsTrueNEE vs NightHrsModelReco R²: -1.1400 | NightHrsTrueNee vs NightHrsModelNee R²: -1.1100
Epoch 16000 | Train Loss: 0.017794 | Val Loss: 0.017602 | Train R²: 0.3709 | Val R²: 0.3912 | NightHrsTrueNEE vs NightHrsModelReco R²: -1.0100 | NightHrsTrueNee vs NightHrsModelNee R²: -0.9800
Epoch 16500 | Train Loss: 0.016917 | Val Loss: 0.016764 | Train R²: 0.4019 | Val R²: 0.4202 | NightHrsTrueNEE vs NightHrsModelReco R²: -0.9100 | NightHrsTrueNee vs NightHrsModelNee R²: -0.8900
Epoch 17000 | Train Loss: 0.016002 | Val Loss: 0.015870 | Train R²: 0.4342 | Val R²: 0.4511 | NightHrsTrueNEE vs NightHrsModelReco R²: -0.8300 | NightHrsTrueNee vs NightHrsModelNee R²: -0.8100
Epoch 17500 | Train Loss: 0.014957 | Val Loss: 0.014826 | Train R²: 0.4711 | Val R²: 0.4872 | NightHrsTrueNEE vs NightHrsModelReco R²: -0.7600 | NightHrsTrueNee vs NightHrsModelNee R²: -0.7400
Epoch 18000 | Train Loss: 0.013699 | Val Loss: 0.013547 | Train R²: 0.5156 | Val R²: 0.5315 | NightHrsTrueNEE vs NightHrsModelReco R²: -0.6900 | NightHrsTrueNee vs NightHrsModelNee R²: -0.6700
Epoch 18500 | Train Loss: 0.012184 | Val Loss: 0.012000 | Train R²: 0.5692 | Val R²: 0.5850 | NightHrsTrueNEE vs NightHrsModelReco R²: -0.5900 | NightHrsTrueNee vs NightHrsModelNee R²: -0.5700
Epoch 19000 | Train Loss: 0.010475 | Val Loss: 0.010266 | Train R²: 0.6296 | Val R²: 0.6449 | NightHrsTrueNEE vs NightHrsModelReco R²: -0.4400 | NightHrsTrueNee vs NightHrsModelNee R²: -0.4200
Epoch 19500 | Train Loss: 0.008734 | Val Loss: 0.008534 | Train R²: 0.6912 | Val R²: 0.7048 | NightHrsTrueNEE vs NightHrsModelReco R²: -0.2500 | NightHrsTrueNee vs NightHrsModelNee R²: -0.2300
Epoch 20000 | Train Loss: 0.007135 | Val Loss: 0.006970 | Train R²: 0.7477 | Val R²: 0.7589 | NightHrsTrueNEE vs NightHrsModelReco R²: -0.0500 | NightHrsTrueNee vs NightHrsModelNee R²: -0.0400
Epoch 20500 | Train Loss: 0.005820 | Val Loss: 0.005691 | Train R²: 0.7942 | Val R²: 0.8032 | NightHrsTrueNEE vs NightHrsModelReco R²: 0.1300 | NightHrsTrueNee vs NightHrsModelNee R²: 0.1400
Epoch 21000 | Train Loss: 0.004851 | Val Loss: 0.004747 | Train R²: 0.8285 | Val R²: 0.8358 | NightHrsTrueNEE vs NightHrsModelReco R²: 0.2900 | NightHrsTrueNee vs NightHrsModelNee R²: 0.2900
Epoch 21500 | Train Loss: 0.004185 | Val Loss: 0.004100 | Train R²: 0.8520 | Val R²: 0.8582 | NightHrsTrueNEE vs NightHrsModelReco R²: 0.4000 | NightHrsTrueNee vs NightHrsModelNee R²: 0.4000
Epoch 22000 | Train Loss: 0.003730 | Val Loss: 0.003662 | Train R²: 0.8681 | Val R²: 0.8733 | NightHrsTrueNEE vs NightHrsModelReco R²: 0.4700 | NightHrsTrueNee vs NightHrsModelNee R²: 0.4800
Epoch 22500 | Train Loss: 0.003403 | Val Loss: 0.003350 | Train R²: 0.8797 | Val R²: 0.8841 | NightHrsTrueNEE vs NightHrsModelReco R²: 0.5200 | NightHrsTrueNee vs NightHrsModelNee R²: 0.5200
Epoch 23000 | Train Loss: 0.003150 | Val Loss: 0.003111 | Train R²: 0.8886 | Val R²: 0.8924 | NightHrsTrueNEE vs NightHrsModelReco R²: 0.5600 | NightHrsTrueNee vs NightHrsModelNee R²: 0.5600
Epoch 23500 | Train Loss: 0.002921 | Val Loss: 0.002895 | Train R²: 0.8967 | Val R²: 0.8999 | NightHrsTrueNEE vs NightHrsModelReco R²: 0.5900 | NightHrsTrueNee vs NightHrsModelNee R²: 0.5900
Epoch 24000 | Train Loss: 0.002697 | Val Loss: 0.002680 | Train R²: 0.9046 | Val R²: 0.9073 | NightHrsTrueNEE vs NightHrsModelReco R²: 0.6100 | NightHrsTrueNee vs NightHrsModelNee R²: 0.6100
Epoch 24500 | Train Loss: 0.002467 | Val Loss: 0.002457 | Train R²: 0.9128 | Val R²: 0.9150 | NightHrsTrueNEE vs NightHrsModelReco R²: 0.6400 | NightHrsTrueNee vs NightHrsModelNee R²: 0.6400
Epoch 25000 | Train Loss: 0.002237 | Val Loss: 0.002233 | Train R²: 0.9209 | Val R²: 0.9227 | NightHrsTrueNEE vs NightHrsModelReco R²: 0.6600 | NightHrsTrueNee vs NightHrsModelNee R²: 0.6600
Epoch 25500 | Train Loss: 0.002030 | Val Loss: 0.002029 | Train R²: 0.9282 | Val R²: 0.9298 | NightHrsTrueNEE vs NightHrsModelReco R²: 0.6800 | NightHrsTrueNee vs NightHrsModelNee R²: 0.6800
Epoch 26000 | Train Loss: 0.001866 | Val Loss: 0.001864 | Train R²: 0.9340 | Val R²: 0.9355 | NightHrsTrueNEE vs NightHrsModelReco R²: 0.6900 | NightHrsTrueNee vs NightHrsModelNee R²: 0.6900
Epoch 26500 | Train Loss: 0.001745 | Val Loss: 0.001743 | Train R²: 0.9383 | Val R²: 0.9397 | NightHrsTrueNEE vs NightHrsModelReco R²: 0.7100 | NightHrsTrueNee vs NightHrsModelNee R²: 0.7100
Epoch 27000 | Train Loss: 0.001655 | Val Loss: 0.001653 | Train R²: 0.9415 | Val R²: 0.9428 | NightHrsTrueNEE vs NightHrsModelReco R²: 0.7200 | NightHrsTrueNee vs NightHrsModelNee R²: 0.7200
Epoch 27500 | Train Loss: 0.001588 | Val Loss: 0.001585 | Train R²: 0.9439 | Val R²: 0.9452 | NightHrsTrueNEE vs NightHrsModelReco R²: 0.7400 | NightHrsTrueNee vs NightHrsModelNee R²: 0.7400
Epoch 28000 | Train Loss: 0.001537 | Val Loss: 0.001533 | Train R²: 0.9457 | Val R²: 0.9470 | NightHrsTrueNEE vs NightHrsModelReco R²: 0.7400 | NightHrsTrueNee vs NightHrsModelNee R²: 0.7400
Epoch 28500 | Train Loss: 0.001499 | Val Loss: 0.001491 | Train R²: 0.9470 | Val R²: 0.9484 | NightHrsTrueNEE vs NightHrsModelReco R²: 0.7500 | NightHrsTrueNee vs NightHrsModelNee R²: 0.7500
Epoch 29000 | Train Loss: 0.001467 | Val Loss: 0.001456 | Train R²: 0.9481 | Val R²: 0.9496 | NightHrsTrueNEE vs NightHrsModelReco R²: 0.7600 | NightHrsTrueNee vs NightHrsModelNee R²: 0.7600
Epoch 29500 | Train Loss: 0.001437 | Val Loss: 0.001424 | Train R²: 0.9492 | Val R²: 0.9508 | NightHrsTrueNEE vs NightHrsModelReco R²: 0.7600 | NightHrsTrueNee vs NightHrsModelNee R²: 0.7600
Epoch 30000 | Train Loss: 0.001408 | Val Loss: 0.001393 | Train R²: 0.9502 | Val R²: 0.9518 | NightHrsTrueNEE vs NightHrsModelReco R²: 0.7600 | NightHrsTrueNee vs NightHrsModelNee R²: 0.7600
Early stopping at epoch 30305 due to flat/negative trend (slope=0.000002)
Epoch 30305 | Train Loss: 0.001392 | Val Loss: 0.001375 | Train R²: 0.9508 | Val R²: 0.9525
Unpickling models
Following models have been loaded and moved to cuda:
trained gpp model:
 SNN_GPP_Tram(
  (net): Sequential(
    (0): Linear(in_features=12, out_features=12, bias=True)
    (1): Tanh()
    (2): Linear(in_features=12, out_features=1, bias=True)
    (3): Sigmoid()
  )
), trained_reco_model:
 SNN_GPP_Tram(
  (net): Sequential(
    (0): Linear(in_features=11, out_features=12, bias=True)
    (1): Tanh()
    (2): Linear(in_features=12, out_features=1, bias=True)
    (3): Sigmoid()
  )
)
using full data set for visualization
Un-normalizing the GPP and RECO predictions using NEE min: tensor([-36.1705]), NEE max: tensor([35.8634])



Metrics for the Tramontana, with
GPP inputs: ['SW_IN', 'VPD', 'TA', 'WTD', 'WS', 'PotRad', 'PotRadHalfHourlyDiff', 'PotRadDailyAvg', 'PotRadDailyDiff', 'WD_COS', 'WD_SIN', 'GPP_PROX']
RECO inputs: ['DOY_sin', 'DOY_cos', 'TA', 'TS_1', 'TS_2', 'TS_3', 'TS_4', 'WTD', 'WD_COS', 'WD_SIN', 'NIGHTLY_NEE_AVG']:
dt_gpp vs Tramontana_GPP R²=0.97 RMSE=1.27
nt_gpp vs Tramontana_GPP R²=0.95 RMSE=1.52
dt_reco vs Tramontana_RECO R²=0.80 RMSE=1.04
nt_reco vs Tramontana_RECO R²=0.89 RMSE=0.68
night_hours_true_nee vs Tramontana_night_hours_model_reco R²=0.75 RMSE=1.00
night_hours_true_nee vs Tramontana_night_hours_model_nee R²=0.75 RMSE=1.00
dt_gpp vs nt_gpp R²=0.95 RMSE=1.56
dt_reco vs nt_reco R²=0.85 RMSE=1.00

gpp_input_names,  ['SW_IN', 'VPD', 'TA', 'WTD', 'WS', 'PotRad', 'PotRadHalfHourlyDiff', 'PotRadDailyAvg', 'PotRadDailyDiff', 'WD_COS', 'WD_SIN', 'GPP_PROX'] 
reco_input_names,  ['DOY_sin', 'DOY_cos', 'TA', 'TS_1', 'TS_2', 'TS_3', 'TS_4', 'WTD', 'WS', 'WD_SIN', 'NIGHTLY_NEE_AVG'] 
true_nee_name,  ['NEE'] 

Tramontana Running on GPU With hidden layer size of 12 Total epochs: 100000 lr: 0.001 patience: 500 min_delta 0.01
SNN_GPP_Tram(
  (net): Sequential(
    (0): Linear(in_features=12, out_features=12, bias=True)
    (1): Tanh()
    (2): Linear(in_features=12, out_features=1, bias=True)
    (3): Sigmoid()
  )
)
SNN_RECO_Tram(
  (net): Sequential(
    (0): Linear(in_features=11, out_features=12, bias=True)
    (1): Tanh()
    (2): Linear(in_features=12, out_features=1, bias=True)
    (3): Sigmoid()
  )
)
Params are min slope: 2e-06, trend window: 100
Epoch     0 | Train Loss: 19101.142578 | Val Loss: 18664.523438 | Train R²: -675362.8750 | Val R²: -645554.5625 | NightHrsTrueNEE vs NightHrsModelReco R²: -59.2600 | NightHrsTrueNee vs NightHrsModelNee R²: -190.3800
Epoch   500 | Train Loss: 167.249557 | Val Loss: 164.248093 | Train R²: -5912.4849 | Val R²: -5679.8989 | NightHrsTrueNEE vs NightHrsModelReco R²: -234.6500 | NightHrsTrueNee vs NightHrsModelNee R²: -224.8000
Epoch  1000 | Train Loss: 47.307777 | Val Loss: 46.304996 | Train R²: -1671.6732 | Val R²: -1600.5648 | NightHrsTrueNEE vs NightHrsModelReco R²: -255.2600 | NightHrsTrueNee vs NightHrsModelNee R²: -242.6300
Epoch  1500 | Train Loss: 21.446011 | Val Loss: 20.931049 | Train R²: -757.2720 | Val R²: -722.9485 | NightHrsTrueNEE vs NightHrsModelReco R²: -261.7500 | NightHrsTrueNee vs NightHrsModelNee R²: -250.0100
Epoch  2000 | Train Loss: 11.809258 | Val Loss: 11.502349 | Train R²: -416.5429 | Val R²: -396.8352 | NightHrsTrueNEE vs NightHrsModelReco R²: -264.9000 | NightHrsTrueNee vs NightHrsModelNee R²: -254.3600
Epoch  2500 | Train Loss: 7.240703 | Val Loss: 7.043485 | Train R²: -255.0114 | Val R²: -242.6151 | NightHrsTrueNEE vs NightHrsModelReco R²: -266.7000 | NightHrsTrueNee vs NightHrsModelNee R²: -257.2700
Epoch  3000 | Train Loss: 4.763718 | Val Loss: 4.631382 | Train R²: -167.4320 | Val R²: -159.1870 | NightHrsTrueNEE vs NightHrsModelReco R²: -267.7800 | NightHrsTrueNee vs NightHrsModelNee R²: -259.3100
Epoch  3500 | Train Loss: 3.304003 | Val Loss: 3.212891 | Train R²: -115.8205 | Val R²: -110.1252 | NightHrsTrueNEE vs NightHrsModelReco R²: -268.3400 | NightHrsTrueNee vs NightHrsModelNee R²: -260.7200
Epoch  4000 | Train Loss: 2.395431 | Val Loss: 2.331795 | Train R²: -83.6959 | Val R²: -79.6505 | NightHrsTrueNEE vs NightHrsModelReco R²: -268.4500 | NightHrsTrueNee vs NightHrsModelNee R²: -261.5600
Epoch  4500 | Train Loss: 1.808560 | Val Loss: 1.763846 | Train R²: -62.9457 | Val R²: -60.0067 | NightHrsTrueNEE vs NightHrsModelReco R²: -267.9500 | NightHrsTrueNee vs NightHrsModelNee R²: -261.7100
Epoch  5000 | Train Loss: 1.419098 | Val Loss: 1.387689 | Train R²: -49.1754 | Val R²: -46.9964 | NightHrsTrueNEE vs NightHrsModelReco R²: -266.2400 | NightHrsTrueNee vs NightHrsModelNee R²: -260.5800
Epoch  5500 | Train Loss: 1.151403 | Val Loss: 1.129332 | Train R²: -39.7105 | Val R²: -38.0606 | NightHrsTrueNEE vs NightHrsModelReco R²: -259.9700 | NightHrsTrueNee vs NightHrsModelNee R²: -254.8800
Epoch  6000 | Train Loss: 0.848512 | Val Loss: 0.830853 | Train R²: -29.0011 | Val R²: -27.7370 | NightHrsTrueNEE vs NightHrsModelReco R²: -147.4600 | NightHrsTrueNee vs NightHrsModelNee R²: -144.0500
Epoch  6500 | Train Loss: 0.624438 | Val Loss: 0.612026 | Train R²: -21.0784 | Val R²: -20.1683 | NightHrsTrueNEE vs NightHrsModelReco R²: -95.4600 | NightHrsTrueNee vs NightHrsModelNee R²: -92.9800
Epoch  7000 | Train Loss: 0.465610 | Val Loss: 0.455529 | Train R²: -15.4627 | Val R²: -14.7555 | NightHrsTrueNEE vs NightHrsModelReco R²: -67.1700 | NightHrsTrueNee vs NightHrsModelNee R²: -65.2500
Epoch  7500 | Train Loss: 0.350041 | Val Loss: 0.341715 | Train R²: -11.3765 | Val R²: -10.8190 | NightHrsTrueNEE vs NightHrsModelReco R²: -48.2200 | NightHrsTrueNee vs NightHrsModelNee R²: -46.7500
Epoch  8000 | Train Loss: 0.263911 | Val Loss: 0.257114 | Train R²: -8.3312 | Val R²: -7.8929 | NightHrsTrueNEE vs NightHrsModelReco R²: -35.1500 | NightHrsTrueNee vs NightHrsModelNee R²: -34.0300
Epoch  8500 | Train Loss: 0.198775 | Val Loss: 0.193486 | Train R²: -6.0282 | Val R²: -5.6922 | NightHrsTrueNEE vs NightHrsModelReco R²: -25.8800 | NightHrsTrueNee vs NightHrsModelNee R²: -25.0200
Epoch  9000 | Train Loss: 0.150482 | Val Loss: 0.146563 | Train R²: -4.3206 | Val R²: -4.0692 | NightHrsTrueNEE vs NightHrsModelReco R²: -19.2400 | NightHrsTrueNee vs NightHrsModelNee R²: -18.5700
Epoch  9500 | Train Loss: 0.116021 | Val Loss: 0.112949 | Train R²: -3.1022 | Val R²: -2.9066 | NightHrsTrueNEE vs NightHrsModelReco R²: -14.5200 | NightHrsTrueNee vs NightHrsModelNee R²: -13.9900
Epoch 10000 | Train Loss: 0.090944 | Val Loss: 0.088448 | Train R²: -2.2155 | Val R²: -2.0592 | NightHrsTrueNEE vs NightHrsModelReco R²: -11.1800 | NightHrsTrueNee vs NightHrsModelNee R²: -10.7600
Epoch 10500 | Train Loss: 0.072269 | Val Loss: 0.070215 | Train R²: -1.5552 | Val R²: -1.4286 | NightHrsTrueNEE vs NightHrsModelReco R²: -8.6600 | NightHrsTrueNee vs NightHrsModelNee R²: -8.3400
Epoch 11000 | Train Loss: 0.058228 | Val Loss: 0.056538 | Train R²: -1.0588 | Val R²: -0.9555 | NightHrsTrueNEE vs NightHrsModelReco R²: -6.7500 | NightHrsTrueNee vs NightHrsModelNee R²: -6.4900
Epoch 11500 | Train Loss: 0.047665 | Val Loss: 0.046277 | Train R²: -0.6853 | Val R²: -0.6006 | NightHrsTrueNEE vs NightHrsModelReco R²: -5.3000 | NightHrsTrueNee vs NightHrsModelNee R²: -5.1000
Epoch 12000 | Train Loss: 0.039749 | Val Loss: 0.038612 | Train R²: -0.4054 | Val R²: -0.3355 | NightHrsTrueNEE vs NightHrsModelReco R²: -4.2200 | NightHrsTrueNee vs NightHrsModelNee R²: -4.0700
Epoch 12500 | Train Loss: 0.033845 | Val Loss: 0.032924 | Train R²: -0.1967 | Val R²: -0.1387 | NightHrsTrueNEE vs NightHrsModelReco R²: -3.4100 | NightHrsTrueNee vs NightHrsModelNee R²: -3.2900
Epoch 13000 | Train Loss: 0.029440 | Val Loss: 0.028709 | Train R²: -0.0409 | Val R²: 0.0070 | NightHrsTrueNEE vs NightHrsModelReco R²: -2.8000 | NightHrsTrueNee vs NightHrsModelNee R²: -2.7000
Epoch 13500 | Train Loss: 0.026138 | Val Loss: 0.025574 | Train R²: 0.0758 | Val R²: 0.1155 | NightHrsTrueNEE vs NightHrsModelReco R²: -2.3200 | NightHrsTrueNee vs NightHrsModelNee R²: -2.2400
Epoch 14000 | Train Loss: 0.023648 | Val Loss: 0.023230 | Train R²: 0.1639 | Val R²: 0.1966 | NightHrsTrueNEE vs NightHrsModelReco R²: -1.9500 | NightHrsTrueNee vs NightHrsModelNee R²: -1.8900
Epoch 14500 | Train Loss: 0.021757 | Val Loss: 0.021460 | Train R²: 0.2307 | Val R²: 0.2578 | NightHrsTrueNEE vs NightHrsModelReco R²: -1.6600 | NightHrsTrueNee vs NightHrsModelNee R²: -1.6100
Epoch 15000 | Train Loss: 0.020299 | Val Loss: 0.020102 | Train R²: 0.2823 | Val R²: 0.3047 | NightHrsTrueNEE vs NightHrsModelReco R²: -1.4400 | NightHrsTrueNee vs NightHrsModelNee R²: -1.4000
Epoch 15500 | Train Loss: 0.019137 | Val Loss: 0.019019 | Train R²: 0.3234 | Val R²: 0.3422 | NightHrsTrueNEE vs NightHrsModelReco R²: -1.2600 | NightHrsTrueNee vs NightHrsModelNee R²: -1.2300
Epoch 16000 | Train Loss: 0.018145 | Val Loss: 0.018082 | Train R²: 0.3584 | Val R²: 0.3746 | NightHrsTrueNEE vs NightHrsModelReco R²: -1.1300 | NightHrsTrueNee vs NightHrsModelNee R²: -1.0900
Epoch 16500 | Train Loss: 0.017206 | Val Loss: 0.017173 | Train R²: 0.3916 | Val R²: 0.4060 | NightHrsTrueNEE vs NightHrsModelReco R²: -1.0100 | NightHrsTrueNee vs NightHrsModelNee R²: -0.9800
Epoch 17000 | Train Loss: 0.016207 | Val Loss: 0.016178 | Train R²: 0.4270 | Val R²: 0.4404 | NightHrsTrueNEE vs NightHrsModelReco R²: -0.9100 | NightHrsTrueNee vs NightHrsModelNee R²: -0.8800
Epoch 17500 | Train Loss: 0.015038 | Val Loss: 0.014984 | Train R²: 0.4683 | Val R²: 0.4818 | NightHrsTrueNEE vs NightHrsModelReco R²: -0.7900 | NightHrsTrueNee vs NightHrsModelNee R²: -0.7700
Epoch 18000 | Train Loss: 0.013608 | Val Loss: 0.013505 | Train R²: 0.5189 | Val R²: 0.5329 | NightHrsTrueNEE vs NightHrsModelReco R²: -0.6400 | NightHrsTrueNee vs NightHrsModelNee R²: -0.6200
Epoch 18500 | Train Loss: 0.011933 | Val Loss: 0.011776 | Train R²: 0.5781 | Val R²: 0.5927 | NightHrsTrueNEE vs NightHrsModelReco R²: -0.4800 | NightHrsTrueNee vs NightHrsModelNee R²: -0.4600
Epoch 19000 | Train Loss: 0.010157 | Val Loss: 0.009973 | Train R²: 0.6409 | Val R²: 0.6551 | NightHrsTrueNEE vs NightHrsModelReco R²: -0.3100 | NightHrsTrueNee vs NightHrsModelNee R²: -0.2900
Epoch 19500 | Train Loss: 0.008416 | Val Loss: 0.008229 | Train R²: 0.7024 | Val R²: 0.7154 | NightHrsTrueNEE vs NightHrsModelReco R²: -0.1400 | NightHrsTrueNee vs NightHrsModelNee R²: -0.1200
Epoch 20000 | Train Loss: 0.006865 | Val Loss: 0.006688 | Train R²: 0.7573 | Val R²: 0.7687 | NightHrsTrueNEE vs NightHrsModelReco R²: 0.0400 | NightHrsTrueNee vs NightHrsModelNee R²: 0.0500
Epoch 20500 | Train Loss: 0.005625 | Val Loss: 0.005471 | Train R²: 0.8011 | Val R²: 0.8108 | NightHrsTrueNEE vs NightHrsModelReco R²: 0.2000 | NightHrsTrueNee vs NightHrsModelNee R²: 0.2100
Epoch 21000 | Train Loss: 0.004733 | Val Loss: 0.004610 | Train R²: 0.8327 | Val R²: 0.8406 | NightHrsTrueNEE vs NightHrsModelReco R²: 0.3200 | NightHrsTrueNee vs NightHrsModelNee R²: 0.3300
Epoch 21500 | Train Loss: 0.004119 | Val Loss: 0.004025 | Train R²: 0.8544 | Val R²: 0.8608 | NightHrsTrueNEE vs NightHrsModelReco R²: 0.4100 | NightHrsTrueNee vs NightHrsModelNee R²: 0.4200
Epoch 22000 | Train Loss: 0.003692 | Val Loss: 0.003619 | Train R²: 0.8695 | Val R²: 0.8748 | NightHrsTrueNEE vs NightHrsModelReco R²: 0.4800 | NightHrsTrueNee vs NightHrsModelNee R²: 0.4800
Epoch 22500 | Train Loss: 0.003375 | Val Loss: 0.003317 | Train R²: 0.8807 | Val R²: 0.8853 | NightHrsTrueNEE vs NightHrsModelReco R²: 0.5300 | NightHrsTrueNee vs NightHrsModelNee R²: 0.5300
Epoch 23000 | Train Loss: 0.003113 | Val Loss: 0.003065 | Train R²: 0.8899 | Val R²: 0.8940 | NightHrsTrueNEE vs NightHrsModelReco R²: 0.5600 | NightHrsTrueNee vs NightHrsModelNee R²: 0.5700
Epoch 23500 | Train Loss: 0.002881 | Val Loss: 0.002838 | Train R²: 0.8982 | Val R²: 0.9018 | NightHrsTrueNEE vs NightHrsModelReco R²: 0.5900 | NightHrsTrueNee vs NightHrsModelNee R²: 0.5900
Epoch 24000 | Train Loss: 0.002654 | Val Loss: 0.002619 | Train R²: 0.9062 | Val R²: 0.9094 | NightHrsTrueNEE vs NightHrsModelReco R²: 0.6200 | NightHrsTrueNee vs NightHrsModelNee R²: 0.6200
Epoch 24500 | Train Loss: 0.002426 | Val Loss: 0.002401 | Train R²: 0.9142 | Val R²: 0.9170 | NightHrsTrueNEE vs NightHrsModelReco R²: 0.6400 | NightHrsTrueNee vs NightHrsModelNee R²: 0.6400
Epoch 25000 | Train Loss: 0.002204 | Val Loss: 0.002190 | Train R²: 0.9221 | Val R²: 0.9242 | NightHrsTrueNEE vs NightHrsModelReco R²: 0.6600 | NightHrsTrueNee vs NightHrsModelNee R²: 0.6600
Epoch 25500 | Train Loss: 0.002006 | Val Loss: 0.002001 | Train R²: 0.9291 | Val R²: 0.9308 | NightHrsTrueNEE vs NightHrsModelReco R²: 0.6800 | NightHrsTrueNee vs NightHrsModelNee R²: 0.6800
Epoch 26000 | Train Loss: 0.001850 | Val Loss: 0.001850 | Train R²: 0.9346 | Val R²: 0.9360 | NightHrsTrueNEE vs NightHrsModelReco R²: 0.7000 | NightHrsTrueNee vs NightHrsModelNee R²: 0.7000
Epoch 26500 | Train Loss: 0.001735 | Val Loss: 0.001737 | Train R²: 0.9386 | Val R²: 0.9399 | NightHrsTrueNEE vs NightHrsModelReco R²: 0.7100 | NightHrsTrueNee vs NightHrsModelNee R²: 0.7100
Epoch 27000 | Train Loss: 0.001651 | Val Loss: 0.001652 | Train R²: 0.9416 | Val R²: 0.9428 | NightHrsTrueNEE vs NightHrsModelReco R²: 0.7300 | NightHrsTrueNee vs NightHrsModelNee R²: 0.7300
Epoch 27500 | Train Loss: 0.001586 | Val Loss: 0.001585 | Train R²: 0.9439 | Val R²: 0.9452 | NightHrsTrueNEE vs NightHrsModelReco R²: 0.7400 | NightHrsTrueNee vs NightHrsModelNee R²: 0.7400
Epoch 28000 | Train Loss: 0.001534 | Val Loss: 0.001531 | Train R²: 0.9458 | Val R²: 0.9471 | NightHrsTrueNEE vs NightHrsModelReco R²: 0.7500 | NightHrsTrueNee vs NightHrsModelNee R²: 0.7500
Epoch 28500 | Train Loss: 0.001487 | Val Loss: 0.001482 | Train R²: 0.9474 | Val R²: 0.9487 | NightHrsTrueNEE vs NightHrsModelReco R²: 0.7500 | NightHrsTrueNee vs NightHrsModelNee R²: 0.7500
Epoch 29000 | Train Loss: 0.001442 | Val Loss: 0.001435 | Train R²: 0.9490 | Val R²: 0.9504 | NightHrsTrueNEE vs NightHrsModelReco R²: 0.7600 | NightHrsTrueNee vs NightHrsModelNee R²: 0.7600
Epoch 29500 | Train Loss: 0.001404 | Val Loss: 0.001394 | Train R²: 0.9504 | Val R²: 0.9518 | NightHrsTrueNEE vs NightHrsModelReco R²: 0.7600 | NightHrsTrueNee vs NightHrsModelNee R²: 0.7600
Epoch 30000 | Train Loss: 0.001372 | Val Loss: 0.001359 | Train R²: 0.9515 | Val R²: 0.9530 | NightHrsTrueNEE vs NightHrsModelReco R²: 0.7700 | NightHrsTrueNee vs NightHrsModelNee R²: 0.7700
Epoch 30500 | Train Loss: 0.001345 | Val Loss: 0.001328 | Train R²: 0.9525 | Val R²: 0.9541 | NightHrsTrueNEE vs NightHrsModelReco R²: 0.7700 | NightHrsTrueNee vs NightHrsModelNee R²: 0.7700
Early stopping at epoch 30545 due to flat/negative trend (slope=0.000002)
Epoch 30545 | Train Loss: 0.001343 | Val Loss: 0.001327 | Train R²: 0.9525 | Val R²: 0.9541
Unpickling models
Following models have been loaded and moved to cuda:
trained gpp model:
 SNN_GPP_Tram(
  (net): Sequential(
    (0): Linear(in_features=12, out_features=12, bias=True)
    (1): Tanh()
    (2): Linear(in_features=12, out_features=1, bias=True)
    (3): Sigmoid()
  )
), trained_reco_model:
 SNN_GPP_Tram(
  (net): Sequential(
    (0): Linear(in_features=11, out_features=12, bias=True)
    (1): Tanh()
    (2): Linear(in_features=12, out_features=1, bias=True)
    (3): Sigmoid()
  )
)
using full data set for visualization
Un-normalizing the GPP and RECO predictions using NEE min: tensor([-36.1705]), NEE max: tensor([35.8634])



Metrics for the Tramontana, with
GPP inputs: ['SW_IN', 'VPD', 'TA', 'WTD', 'WS', 'PotRad', 'PotRadHalfHourlyDiff', 'PotRadDailyAvg', 'PotRadDailyDiff', 'WD_COS', 'WD_SIN', 'GPP_PROX']
RECO inputs: ['DOY_sin', 'DOY_cos', 'TA', 'TS_1', 'TS_2', 'TS_3', 'TS_4', 'WTD', 'WS', 'WD_SIN', 'NIGHTLY_NEE_AVG']:
dt_gpp vs Tramontana_GPP R²=0.97 RMSE=1.18
nt_gpp vs Tramontana_GPP R²=0.96 RMSE=1.48
dt_reco vs Tramontana_RECO R²=0.82 RMSE=0.99
nt_reco vs Tramontana_RECO R²=0.90 RMSE=0.64
night_hours_true_nee vs Tramontana_night_hours_model_reco R²=0.76 RMSE=0.99
night_hours_true_nee vs Tramontana_night_hours_model_nee R²=0.76 RMSE=0.99
dt_gpp vs nt_gpp R²=0.95 RMSE=1.56
dt_reco vs nt_reco R²=0.85 RMSE=1.00

gpp_input_names,  ['SW_IN', 'VPD', 'TA', 'WTD', 'WS', 'PotRad', 'PotRadHalfHourlyDiff', 'PotRadDailyAvg', 'PotRadDailyDiff', 'WD_COS', 'WD_SIN', 'GPP_PROX'] 
reco_input_names,  ['DOY_sin', 'DOY_cos', 'TA', 'TS_1', 'TS_2', 'TS_3', 'TS_4', 'WTD', 'WS', 'WD_COS', 'NIGHTLY_NEE_AVG'] 
true_nee_name,  ['NEE'] 

Tramontana Running on GPU With hidden layer size of 12 Total epochs: 100000 lr: 0.001 patience: 500 min_delta 0.01
SNN_GPP_Tram(
  (net): Sequential(
    (0): Linear(in_features=12, out_features=12, bias=True)
    (1): Tanh()
    (2): Linear(in_features=12, out_features=1, bias=True)
    (3): Sigmoid()
  )
)
SNN_RECO_Tram(
  (net): Sequential(
    (0): Linear(in_features=11, out_features=12, bias=True)
    (1): Tanh()
    (2): Linear(in_features=12, out_features=1, bias=True)
    (3): Sigmoid()
  )
)
Params are min slope: 2e-06, trend window: 100
Epoch     0 | Train Loss: 19098.003906 | Val Loss: 18661.263672 | Train R²: -675251.9375 | Val R²: -645441.7500 | NightHrsTrueNEE vs NightHrsModelReco R²: -67.0300 | NightHrsTrueNee vs NightHrsModelNee R²: -194.8700
Epoch   500 | Train Loss: 167.304733 | Val Loss: 164.300522 | Train R²: -5914.4360 | Val R²: -5681.7119 | NightHrsTrueNEE vs NightHrsModelReco R²: -225.8200 | NightHrsTrueNee vs NightHrsModelNee R²: -216.6600
Epoch  1000 | Train Loss: 47.322086 | Val Loss: 46.318420 | Train R²: -1672.1790 | Val R²: -1601.0293 | NightHrsTrueNEE vs NightHrsModelReco R²: -247.7000 | NightHrsTrueNee vs NightHrsModelNee R²: -235.4800
Epoch  1500 | Train Loss: 21.448374 | Val Loss: 20.932943 | Train R²: -757.3556 | Val R²: -723.0140 | NightHrsTrueNEE vs NightHrsModelReco R²: -255.9000 | NightHrsTrueNee vs NightHrsModelNee R²: -244.4100
Epoch  2000 | Train Loss: 11.808099 | Val Loss: 11.500859 | Train R²: -416.5019 | Val R²: -396.7837 | NightHrsTrueNEE vs NightHrsModelReco R²: -260.1300 | NightHrsTrueNee vs NightHrsModelNee R²: -249.7600
Epoch  2500 | Train Loss: 7.238326 | Val Loss: 7.040847 | Train R²: -254.9273 | Val R²: -242.5239 | NightHrsTrueNEE vs NightHrsModelReco R²: -262.6300 | NightHrsTrueNee vs NightHrsModelNee R²: -253.3100
Epoch  3000 | Train Loss: 4.760859 | Val Loss: 4.628293 | Train R²: -167.3309 | Val R²: -159.0802 | NightHrsTrueNEE vs NightHrsModelReco R²: -264.1600 | NightHrsTrueNee vs NightHrsModelNee R²: -255.7800
Epoch  3500 | Train Loss: 3.300935 | Val Loss: 3.209607 | Train R²: -115.7120 | Val R²: -110.0116 | NightHrsTrueNEE vs NightHrsModelReco R²: -265.0200 | NightHrsTrueNee vs NightHrsModelNee R²: -257.4700
Epoch  4000 | Train Loss: 2.392215 | Val Loss: 2.328365 | Train R²: -83.5821 | Val R²: -79.5319 | NightHrsTrueNEE vs NightHrsModelReco R²: -265.3000 | NightHrsTrueNee vs NightHrsModelNee R²: -258.4700
Epoch  4500 | Train Loss: 1.805180 | Val Loss: 1.760240 | Train R²: -62.8262 | Val R²: -59.8820 | NightHrsTrueNEE vs NightHrsModelReco R²: -264.8700 | NightHrsTrueNee vs NightHrsModelNee R²: -258.6900
Epoch  5000 | Train Loss: 1.415480 | Val Loss: 1.383811 | Train R²: -49.0475 | Val R²: -46.8623 | NightHrsTrueNEE vs NightHrsModelReco R²: -263.1500 | NightHrsTrueNee vs NightHrsModelNee R²: -257.5500
Epoch  5500 | Train Loss: 1.146643 | Val Loss: 1.124137 | Train R²: -39.5422 | Val R²: -37.8809 | NightHrsTrueNEE vs NightHrsModelReco R²: -256.4400 | NightHrsTrueNee vs NightHrsModelNee R²: -251.4000
Epoch  6000 | Train Loss: 0.919862 | Val Loss: 0.902185 | Train R²: -31.5238 | Val R²: -30.2042 | NightHrsTrueNEE vs NightHrsModelReco R²: -220.4800 | NightHrsTrueNee vs NightHrsModelNee R²: -216.1900
Epoch  6500 | Train Loss: 0.662596 | Val Loss: 0.646687 | Train R²: -22.4276 | Val R²: -21.3671 | NightHrsTrueNEE vs NightHrsModelReco R²: -116.5200 | NightHrsTrueNee vs NightHrsModelNee R²: -113.7800
Epoch  7000 | Train Loss: 0.488025 | Val Loss: 0.474657 | Train R²: -16.2552 | Val R²: -15.4171 | NightHrsTrueNEE vs NightHrsModelReco R²: -64.6400 | NightHrsTrueNee vs NightHrsModelNee R²: -62.9100
Epoch  7500 | Train Loss: 0.363205 | Val Loss: 0.352697 | Train R²: -11.8419 | Val R²: -11.1988 | NightHrsTrueNEE vs NightHrsModelReco R²: -44.5100 | NightHrsTrueNee vs NightHrsModelNee R²: -43.2300
Epoch  8000 | Train Loss: 0.271838 | Val Loss: 0.263678 | Train R²: -8.6114 | Val R²: -8.1199 | NightHrsTrueNEE vs NightHrsModelReco R²: -32.6100 | NightHrsTrueNee vs NightHrsModelNee R²: -31.6200
Epoch  8500 | Train Loss: 0.204843 | Val Loss: 0.198602 | Train R²: -6.2427 | Val R²: -5.8691 | NightHrsTrueNEE vs NightHrsModelReco R²: -24.4300 | NightHrsTrueNee vs NightHrsModelNee R²: -23.6600
Epoch  9000 | Train Loss: 0.155502 | Val Loss: 0.150749 | Train R²: -4.4981 | Val R²: -4.2140 | NightHrsTrueNEE vs NightHrsModelReco R²: -18.4300 | NightHrsTrueNee vs NightHrsModelNee R²: -17.8300
Epoch  9500 | Train Loss: 0.119427 | Val Loss: 0.115783 | Train R²: -3.2226 | Val R²: -3.0046 | NightHrsTrueNEE vs NightHrsModelReco R²: -14.1200 | NightHrsTrueNee vs NightHrsModelNee R²: -13.6500
Epoch 10000 | Train Loss: 0.093227 | Val Loss: 0.090446 | Train R²: -2.2962 | Val R²: -2.1283 | NightHrsTrueNEE vs NightHrsModelReco R²: -10.9600 | NightHrsTrueNee vs NightHrsModelNee R²: -10.5900
Epoch 10500 | Train Loss: 0.073910 | Val Loss: 0.071865 | Train R²: -1.6133 | Val R²: -1.4856 | NightHrsTrueNEE vs NightHrsModelReco R²: -8.5700 | NightHrsTrueNee vs NightHrsModelNee R²: -8.2800
Epoch 11000 | Train Loss: 0.059336 | Val Loss: 0.057884 | Train R²: -1.0979 | Val R²: -1.0021 | NightHrsTrueNEE vs NightHrsModelReco R²: -6.6600 | NightHrsTrueNee vs NightHrsModelNee R²: -6.4200
Epoch 11500 | Train Loss: 0.048413 | Val Loss: 0.047373 | Train R²: -0.7118 | Val R²: -0.6385 | NightHrsTrueNEE vs NightHrsModelReco R²: -5.2500 | NightHrsTrueNee vs NightHrsModelNee R²: -5.0700
Epoch 12000 | Train Loss: 0.040283 | Val Loss: 0.039541 | Train R²: -0.4243 | Val R²: -0.3676 | NightHrsTrueNEE vs NightHrsModelReco R²: -4.2300 | NightHrsTrueNee vs NightHrsModelNee R²: -4.0800
Epoch 12500 | Train Loss: 0.034211 | Val Loss: 0.033697 | Train R²: -0.2096 | Val R²: -0.1655 | NightHrsTrueNEE vs NightHrsModelReco R²: -3.4500 | NightHrsTrueNee vs NightHrsModelNee R²: -3.3300
Epoch 13000 | Train Loss: 0.029704 | Val Loss: 0.029357 | Train R²: -0.0502 | Val R²: -0.0154 | NightHrsTrueNEE vs NightHrsModelReco R²: -2.8500 | NightHrsTrueNee vs NightHrsModelNee R²: -2.7600
Epoch 13500 | Train Loss: 0.026375 | Val Loss: 0.026152 | Train R²: 0.0675 | Val R²: 0.0955 | NightHrsTrueNEE vs NightHrsModelReco R²: -2.3800 | NightHrsTrueNee vs NightHrsModelNee R²: -2.3100
Epoch 14000 | Train Loss: 0.023912 | Val Loss: 0.023783 | Train R²: 0.1545 | Val R²: 0.1774 | NightHrsTrueNEE vs NightHrsModelReco R²: -2.0200 | NightHrsTrueNee vs NightHrsModelNee R²: -1.9600
Epoch 14500 | Train Loss: 0.022062 | Val Loss: 0.022003 | Train R²: 0.2199 | Val R²: 0.2390 | NightHrsTrueNEE vs NightHrsModelReco R²: -1.7200 | NightHrsTrueNee vs NightHrsModelNee R²: -1.6800
Epoch 15000 | Train Loss: 0.020614 | Val Loss: 0.020610 | Train R²: 0.2711 | Val R²: 0.2872 | NightHrsTrueNEE vs NightHrsModelReco R²: -1.4800 | NightHrsTrueNee vs NightHrsModelNee R²: -1.4400
Epoch 15500 | Train Loss: 0.019412 | Val Loss: 0.019449 | Train R²: 0.3137 | Val R²: 0.3273 | NightHrsTrueNEE vs NightHrsModelReco R²: -1.2800 | NightHrsTrueNee vs NightHrsModelNee R²: -1.2500
Epoch 16000 | Train Loss: 0.018349 | Val Loss: 0.018418 | Train R²: 0.3512 | Val R²: 0.3630 | NightHrsTrueNEE vs NightHrsModelReco R²: -1.1100 | NightHrsTrueNee vs NightHrsModelNee R²: -1.0900
Epoch 16500 | Train Loss: 0.017328 | Val Loss: 0.017409 | Train R²: 0.3873 | Val R²: 0.3979 | NightHrsTrueNEE vs NightHrsModelReco R²: -0.9600 | NightHrsTrueNee vs NightHrsModelNee R²: -0.9400
Epoch 17000 | Train Loss: 0.016258 | Val Loss: 0.016329 | Train R²: 0.4252 | Val R²: 0.4352 | NightHrsTrueNEE vs NightHrsModelReco R²: -0.8200 | NightHrsTrueNee vs NightHrsModelNee R²: -0.8000
Epoch 17500 | Train Loss: 0.015068 | Val Loss: 0.015106 | Train R²: 0.4672 | Val R²: 0.4775 | NightHrsTrueNEE vs NightHrsModelReco R²: -0.7000 | NightHrsTrueNee vs NightHrsModelNee R²: -0.6800
Epoch 18000 | Train Loss: 0.013712 | Val Loss: 0.013697 | Train R²: 0.5152 | Val R²: 0.5262 | NightHrsTrueNEE vs NightHrsModelReco R²: -0.5900 | NightHrsTrueNee vs NightHrsModelNee R²: -0.5700
Epoch 18500 | Train Loss: 0.012167 | Val Loss: 0.012096 | Train R²: 0.5698 | Val R²: 0.5816 | NightHrsTrueNEE vs NightHrsModelReco R²: -0.4800 | NightHrsTrueNee vs NightHrsModelNee R²: -0.4600
Epoch 19000 | Train Loss: 0.010453 | Val Loss: 0.010343 | Train R²: 0.6304 | Val R²: 0.6422 | NightHrsTrueNEE vs NightHrsModelReco R²: -0.3300 | NightHrsTrueNee vs NightHrsModelNee R²: -0.3100
Epoch 19500 | Train Loss: 0.008680 | Val Loss: 0.008568 | Train R²: 0.6931 | Val R²: 0.7037 | NightHrsTrueNEE vs NightHrsModelReco R²: -0.1400 | NightHrsTrueNee vs NightHrsModelNee R²: -0.1300
Epoch 20000 | Train Loss: 0.007055 | Val Loss: 0.006959 | Train R²: 0.7506 | Val R²: 0.7593 | NightHrsTrueNEE vs NightHrsModelReco R²: 0.0400 | NightHrsTrueNee vs NightHrsModelNee R²: 0.0500
Epoch 20500 | Train Loss: 0.005733 | Val Loss: 0.005646 | Train R²: 0.7973 | Val R²: 0.8047 | NightHrsTrueNEE vs NightHrsModelReco R²: 0.2000 | NightHrsTrueNee vs NightHrsModelNee R²: 0.2100
Epoch 21000 | Train Loss: 0.004765 | Val Loss: 0.004689 | Train R²: 0.8315 | Val R²: 0.8378 | NightHrsTrueNEE vs NightHrsModelReco R²: 0.3300 | NightHrsTrueNee vs NightHrsModelNee R²: 0.3300
Epoch 21500 | Train Loss: 0.004119 | Val Loss: 0.004060 | Train R²: 0.8544 | Val R²: 0.8596 | NightHrsTrueNEE vs NightHrsModelReco R²: 0.4200 | NightHrsTrueNee vs NightHrsModelNee R²: 0.4200
Epoch 22000 | Train Loss: 0.003679 | Val Loss: 0.003638 | Train R²: 0.8699 | Val R²: 0.8742 | NightHrsTrueNEE vs NightHrsModelReco R²: 0.4800 | NightHrsTrueNee vs NightHrsModelNee R²: 0.4800
Epoch 22500 | Train Loss: 0.003364 | Val Loss: 0.003337 | Train R²: 0.8810 | Val R²: 0.8846 | NightHrsTrueNEE vs NightHrsModelReco R²: 0.5300 | NightHrsTrueNee vs NightHrsModelNee R²: 0.5300
Epoch 23000 | Train Loss: 0.003113 | Val Loss: 0.003093 | Train R²: 0.8899 | Val R²: 0.8930 | NightHrsTrueNEE vs NightHrsModelReco R²: 0.5700 | NightHrsTrueNee vs NightHrsModelNee R²: 0.5700
Epoch 23500 | Train Loss: 0.002889 | Val Loss: 0.002878 | Train R²: 0.8978 | Val R²: 0.9004 | NightHrsTrueNEE vs NightHrsModelReco R²: 0.6000 | NightHrsTrueNee vs NightHrsModelNee R²: 0.6000
Epoch 24000 | Train Loss: 0.002675 | Val Loss: 0.002672 | Train R²: 0.9054 | Val R²: 0.9076 | NightHrsTrueNEE vs NightHrsModelReco R²: 0.6200 | NightHrsTrueNee vs NightHrsModelNee R²: 0.6200
Epoch 24500 | Train Loss: 0.002457 | Val Loss: 0.002462 | Train R²: 0.9131 | Val R²: 0.9148 | NightHrsTrueNEE vs NightHrsModelReco R²: 0.6500 | NightHrsTrueNee vs NightHrsModelNee R²: 0.6500
Epoch 25000 | Train Loss: 0.002240 | Val Loss: 0.002249 | Train R²: 0.9208 | Val R²: 0.9222 | NightHrsTrueNEE vs NightHrsModelReco R²: 0.6700 | NightHrsTrueNee vs NightHrsModelNee R²: 0.6700
Epoch 25500 | Train Loss: 0.002040 | Val Loss: 0.002048 | Train R²: 0.9279 | Val R²: 0.9292 | NightHrsTrueNEE vs NightHrsModelReco R²: 0.6800 | NightHrsTrueNee vs NightHrsModelNee R²: 0.6800
Epoch 26000 | Train Loss: 0.001879 | Val Loss: 0.001884 | Train R²: 0.9336 | Val R²: 0.9348 | NightHrsTrueNEE vs NightHrsModelReco R²: 0.7000 | NightHrsTrueNee vs NightHrsModelNee R²: 0.7000
Epoch 26500 | Train Loss: 0.001758 | Val Loss: 0.001765 | Train R²: 0.9378 | Val R²: 0.9390 | NightHrsTrueNEE vs NightHrsModelReco R²: 0.7200 | NightHrsTrueNee vs NightHrsModelNee R²: 0.7100
Epoch 27000 | Train Loss: 0.001668 | Val Loss: 0.001675 | Train R²: 0.9410 | Val R²: 0.9421 | NightHrsTrueNEE vs NightHrsModelReco R²: 0.7300 | NightHrsTrueNee vs NightHrsModelNee R²: 0.7300
Epoch 27500 | Train Loss: 0.001598 | Val Loss: 0.001604 | Train R²: 0.9435 | Val R²: 0.9445 | NightHrsTrueNEE vs NightHrsModelReco R²: 0.7400 | NightHrsTrueNee vs NightHrsModelNee R²: 0.7400
Epoch 28000 | Train Loss: 0.001544 | Val Loss: 0.001547 | Train R²: 0.9454 | Val R²: 0.9465 | NightHrsTrueNEE vs NightHrsModelReco R²: 0.7500 | NightHrsTrueNee vs NightHrsModelNee R²: 0.7500
Epoch 28500 | Train Loss: 0.001500 | Val Loss: 0.001499 | Train R²: 0.9470 | Val R²: 0.9482 | NightHrsTrueNEE vs NightHrsModelReco R²: 0.7500 | NightHrsTrueNee vs NightHrsModelNee R²: 0.7500
Epoch 29000 | Train Loss: 0.001464 | Val Loss: 0.001459 | Train R²: 0.9482 | Val R²: 0.9495 | NightHrsTrueNEE vs NightHrsModelReco R²: 0.7600 | NightHrsTrueNee vs NightHrsModelNee R²: 0.7600
Epoch 29500 | Train Loss: 0.001434 | Val Loss: 0.001425 | Train R²: 0.9493 | Val R²: 0.9507 | NightHrsTrueNEE vs NightHrsModelReco R²: 0.7600 | NightHrsTrueNee vs NightHrsModelNee R²: 0.7600
Epoch 30000 | Train Loss: 0.001407 | Val Loss: 0.001394 | Train R²: 0.9503 | Val R²: 0.9518 | NightHrsTrueNEE vs NightHrsModelReco R²: 0.7600 | NightHrsTrueNee vs NightHrsModelNee R²: 0.7600
Early stopping at epoch 30367 due to flat/negative trend (slope=0.000002)
Epoch 30367 | Train Loss: 0.001388 | Val Loss: 0.001372 | Train R²: 0.9509 | Val R²: 0.9525
Unpickling models
Following models have been loaded and moved to cuda:
trained gpp model:
 SNN_GPP_Tram(
  (net): Sequential(
    (0): Linear(in_features=12, out_features=12, bias=True)
    (1): Tanh()
    (2): Linear(in_features=12, out_features=1, bias=True)
    (3): Sigmoid()
  )
), trained_reco_model:
 SNN_GPP_Tram(
  (net): Sequential(
    (0): Linear(in_features=11, out_features=12, bias=True)
    (1): Tanh()
    (2): Linear(in_features=12, out_features=1, bias=True)
    (3): Sigmoid()
  )
)
using full data set for visualization
Un-normalizing the GPP and RECO predictions using NEE min: tensor([-36.1705]), NEE max: tensor([35.8634])



Metrics for the Tramontana, with
GPP inputs: ['SW_IN', 'VPD', 'TA', 'WTD', 'WS', 'PotRad', 'PotRadHalfHourlyDiff', 'PotRadDailyAvg', 'PotRadDailyDiff', 'WD_COS', 'WD_SIN', 'GPP_PROX']
RECO inputs: ['DOY_sin', 'DOY_cos', 'TA', 'TS_1', 'TS_2', 'TS_3', 'TS_4', 'WTD', 'WS', 'WD_COS', 'NIGHTLY_NEE_AVG']:
dt_gpp vs Tramontana_GPP R²=0.97 RMSE=1.25
nt_gpp vs Tramontana_GPP R²=0.95 RMSE=1.52
dt_reco vs Tramontana_RECO R²=0.81 RMSE=1.02
nt_reco vs Tramontana_RECO R²=0.89 RMSE=0.69
night_hours_true_nee vs Tramontana_night_hours_model_reco R²=0.75 RMSE=1.00
night_hours_true_nee vs Tramontana_night_hours_model_nee R²=0.75 RMSE=1.00
dt_gpp vs nt_gpp R²=0.95 RMSE=1.56
dt_reco vs nt_reco R²=0.85 RMSE=1.00

gpp_input_names,  ['SW_IN', 'VPD', 'TA', 'WTD', 'WS', 'PotRad', 'PotRadHalfHourlyDiff', 'PotRadDailyAvg', 'PotRadDailyDiff', 'WD_COS', 'WD_SIN', 'GPP_PROX'] 
reco_input_names,  ['DOY_sin', 'DOY_cos', 'TA', 'TS_1', 'TS_2', 'TS_3', 'TS_4', 'WTD', 'WS', 'WD_COS', 'WD_SIN'] 
true_nee_name,  ['NEE'] 

Tramontana Running on GPU With hidden layer size of 12 Total epochs: 100000 lr: 0.001 patience: 500 min_delta 0.01
SNN_GPP_Tram(
  (net): Sequential(
    (0): Linear(in_features=12, out_features=12, bias=True)
    (1): Tanh()
    (2): Linear(in_features=12, out_features=1, bias=True)
    (3): Sigmoid()
  )
)
SNN_RECO_Tram(
  (net): Sequential(
    (0): Linear(in_features=11, out_features=12, bias=True)
    (1): Tanh()
    (2): Linear(in_features=12, out_features=1, bias=True)
    (3): Sigmoid()
  )
)
Params are min slope: 2e-06, trend window: 100
Epoch     0 | Train Loss: 19104.804688 | Val Loss: 18668.011719 | Train R²: -675492.3750 | Val R²: -645675.0625 | NightHrsTrueNEE vs NightHrsModelReco R²: -71.4400 | NightHrsTrueNee vs NightHrsModelNee R²: -198.9900
Epoch   500 | Train Loss: 167.320923 | Val Loss: 164.317322 | Train R²: -5915.0083 | Val R²: -5682.2925 | NightHrsTrueNEE vs NightHrsModelReco R²: -227.5900 | NightHrsTrueNee vs NightHrsModelNee R²: -218.3000
Epoch  1000 | Train Loss: 47.324551 | Val Loss: 46.321461 | Train R²: -1672.2661 | Val R²: -1601.1345 | NightHrsTrueNEE vs NightHrsModelReco R²: -249.7500 | NightHrsTrueNee vs NightHrsModelNee R²: -237.4400
Epoch  1500 | Train Loss: 21.449385 | Val Loss: 20.934366 | Train R²: -757.3914 | Val R²: -723.0632 | NightHrsTrueNEE vs NightHrsModelReco R²: -257.8900 | NightHrsTrueNee vs NightHrsModelNee R²: -246.3400
Epoch  2000 | Train Loss: 11.809125 | Val Loss: 11.502196 | Train R²: -416.5382 | Val R²: -396.8299 | NightHrsTrueNEE vs NightHrsModelReco R²: -261.9700 | NightHrsTrueNee vs NightHrsModelNee R²: -251.5400
Epoch  2500 | Train Loss: 7.239520 | Val Loss: 7.042283 | Train R²: -254.9695 | Val R²: -242.5736 | NightHrsTrueNEE vs NightHrsModelReco R²: -264.2700 | NightHrsTrueNee vs NightHrsModelNee R²: -254.9100
Epoch  3000 | Train Loss: 4.762129 | Val Loss: 4.629761 | Train R²: -167.3758 | Val R²: -159.1309 | NightHrsTrueNEE vs NightHrsModelReco R²: -265.5500 | NightHrsTrueNee vs NightHrsModelNee R²: -257.1400
Epoch  3500 | Train Loss: 3.302098 | Val Loss: 3.210930 | Train R²: -115.7531 | Val R²: -110.0574 | NightHrsTrueNEE vs NightHrsModelReco R²: -266.0800 | NightHrsTrueNee vs NightHrsModelNee R²: -258.5100
Epoch  4000 | Train Loss: 2.392962 | Val Loss: 2.329231 | Train R²: -83.6086 | Val R²: -79.5618 | NightHrsTrueNEE vs NightHrsModelReco R²: -265.8100 | NightHrsTrueNee vs NightHrsModelNee R²: -258.9800
Epoch  4500 | Train Loss: 1.804628 | Val Loss: 1.759741 | Train R²: -62.8067 | Val R²: -59.8647 | NightHrsTrueNEE vs NightHrsModelReco R²: -264.1100 | NightHrsTrueNee vs NightHrsModelNee R²: -257.9400
Epoch  5000 | Train Loss: 1.409064 | Val Loss: 1.377210 | Train R²: -48.8206 | Val R²: -46.6340 | NightHrsTrueNEE vs NightHrsModelReco R²: -257.3600 | NightHrsTrueNee vs NightHrsModelNee R²: -251.8200
Epoch  5500 | Train Loss: 1.071664 | Val Loss: 1.047049 | Train R²: -36.8911 | Val R²: -35.2146 | NightHrsTrueNEE vs NightHrsModelReco R²: -189.6700 | NightHrsTrueNee vs NightHrsModelNee R²: -185.4100
Epoch  6000 | Train Loss: 0.801063 | Val Loss: 0.783018 | Train R²: -27.3234 | Val R²: -26.0825 | NightHrsTrueNEE vs NightHrsModelReco R²: -115.9800 | NightHrsTrueNee vs NightHrsModelNee R²: -113.0900
Epoch  6500 | Train Loss: 0.602407 | Val Loss: 0.589453 | Train R²: -20.2995 | Val R²: -19.3876 | NightHrsTrueNEE vs NightHrsModelReco R²: -84.9600 | NightHrsTrueNee vs NightHrsModelNee R²: -82.6800
Epoch  7000 | Train Loss: 0.456188 | Val Loss: 0.446199 | Train R²: -15.1296 | Val R²: -14.4328 | NightHrsTrueNEE vs NightHrsModelReco R²: -63.2800 | NightHrsTrueNee vs NightHrsModelNee R²: -61.4900
Epoch  7500 | Train Loss: 0.345814 | Val Loss: 0.337601 | Train R²: -11.2270 | Val R²: -10.6767 | NightHrsTrueNEE vs NightHrsModelReco R²: -46.5100 | NightHrsTrueNee vs NightHrsModelNee R²: -45.1200
Epoch  8000 | Train Loss: 0.262555 | Val Loss: 0.255768 | Train R²: -8.2832 | Val R²: -7.8463 | NightHrsTrueNEE vs NightHrsModelReco R²: -34.3500 | NightHrsTrueNee vs NightHrsModelNee R²: -33.2700
Epoch  8500 | Train Loss: 0.199804 | Val Loss: 0.194248 | Train R²: -6.0645 | Val R²: -5.7185 | NightHrsTrueNEE vs NightHrsModelReco R²: -25.6700 | NightHrsTrueNee vs NightHrsModelNee R²: -24.8300
Epoch  9000 | Train Loss: 0.152745 | Val Loss: 0.148211 | Train R²: -4.4007 | Val R²: -4.1262 | NightHrsTrueNEE vs NightHrsModelReco R²: -19.3400 | NightHrsTrueNee vs NightHrsModelNee R²: -18.6800
Epoch  9500 | Train Loss: 0.117763 | Val Loss: 0.114102 | Train R²: -3.1638 | Val R²: -2.9465 | NightHrsTrueNEE vs NightHrsModelReco R²: -14.7200 | NightHrsTrueNee vs NightHrsModelNee R²: -14.1900
Epoch 10000 | Train Loss: 0.091901 | Val Loss: 0.089000 | Train R²: -2.2494 | Val R²: -2.0783 | NightHrsTrueNEE vs NightHrsModelReco R²: -11.4000 | NightHrsTrueNee vs NightHrsModelNee R²: -10.9900
Epoch 10500 | Train Loss: 0.072713 | Val Loss: 0.070423 | Train R²: -1.5709 | Val R²: -1.4358 | NightHrsTrueNEE vs NightHrsModelReco R²: -8.9900 | NightHrsTrueNee vs NightHrsModelNee R²: -8.6700
Epoch 11000 | Train Loss: 0.058402 | Val Loss: 0.056606 | Train R²: -1.0649 | Val R²: -0.9579 | NightHrsTrueNEE vs NightHrsModelReco R²: -7.1800 | NightHrsTrueNee vs NightHrsModelNee R²: -6.9300
Epoch 11500 | Train Loss: 0.047663 | Val Loss: 0.046280 | Train R²: -0.6852 | Val R²: -0.6007 | NightHrsTrueNEE vs NightHrsModelReco R²: -5.7800 | NightHrsTrueNee vs NightHrsModelNee R²: -5.5700
Epoch 12000 | Train Loss: 0.039549 | Val Loss: 0.038506 | Train R²: -0.3983 | Val R²: -0.3318 | NightHrsTrueNEE vs NightHrsModelReco R²: -4.6300 | NightHrsTrueNee vs NightHrsModelNee R²: -4.4700
Epoch 12500 | Train Loss: 0.033436 | Val Loss: 0.032653 | Train R²: -0.1822 | Val R²: -0.1294 | NightHrsTrueNEE vs NightHrsModelReco R²: -3.7000 | NightHrsTrueNee vs NightHrsModelNee R²: -3.5700
Epoch 13000 | Train Loss: 0.028948 | Val Loss: 0.028350 | Train R²: -0.0235 | Val R²: 0.0194 | NightHrsTrueNEE vs NightHrsModelReco R²: -3.0200 | NightHrsTrueNee vs NightHrsModelNee R²: -2.9100
Epoch 13500 | Train Loss: 0.025633 | Val Loss: 0.025178 | Train R²: 0.0937 | Val R²: 0.1292 | NightHrsTrueNEE vs NightHrsModelReco R²: -2.5000 | NightHrsTrueNee vs NightHrsModelNee R²: -2.4200
Epoch 14000 | Train Loss: 0.023162 | Val Loss: 0.022819 | Train R²: 0.1810 | Val R²: 0.2108 | NightHrsTrueNEE vs NightHrsModelReco R²: -2.1000 | NightHrsTrueNee vs NightHrsModelNee R²: -2.0400
Epoch 14500 | Train Loss: 0.021303 | Val Loss: 0.021051 | Train R²: 0.2468 | Val R²: 0.2719 | NightHrsTrueNEE vs NightHrsModelReco R²: -1.7800 | NightHrsTrueNee vs NightHrsModelNee R²: -1.7300
Epoch 15000 | Train Loss: 0.019866 | Val Loss: 0.019690 | Train R²: 0.2976 | Val R²: 0.3190 | NightHrsTrueNEE vs NightHrsModelReco R²: -1.5300 | NightHrsTrueNee vs NightHrsModelNee R²: -1.4800
Epoch 15500 | Train Loss: 0.018711 | Val Loss: 0.018598 | Train R²: 0.3384 | Val R²: 0.3567 | NightHrsTrueNEE vs NightHrsModelReco R²: -1.3200 | NightHrsTrueNee vs NightHrsModelNee R²: -1.2900
Epoch 16000 | Train Loss: 0.017725 | Val Loss: 0.017662 | Train R²: 0.3733 | Val R²: 0.3891 | NightHrsTrueNEE vs NightHrsModelReco R²: -1.1700 | NightHrsTrueNee vs NightHrsModelNee R²: -1.1400
Epoch 16500 | Train Loss: 0.016804 | Val Loss: 0.016775 | Train R²: 0.4059 | Val R²: 0.4198 | NightHrsTrueNEE vs NightHrsModelReco R²: -1.0500 | NightHrsTrueNee vs NightHrsModelNee R²: -1.0200
Epoch 17000 | Train Loss: 0.015848 | Val Loss: 0.015834 | Train R²: 0.4397 | Val R²: 0.4523 | NightHrsTrueNEE vs NightHrsModelReco R²: -0.9600 | NightHrsTrueNee vs NightHrsModelNee R²: -0.9400
Epoch 17500 | Train Loss: 0.014764 | Val Loss: 0.014746 | Train R²: 0.4780 | Val R²: 0.4900 | NightHrsTrueNEE vs NightHrsModelReco R²: -0.8800 | NightHrsTrueNee vs NightHrsModelNee R²: -0.8600
Epoch 18000 | Train Loss: 0.013465 | Val Loss: 0.013420 | Train R²: 0.5239 | Val R²: 0.5358 | NightHrsTrueNEE vs NightHrsModelReco R²: -0.7800 | NightHrsTrueNee vs NightHrsModelNee R²: -0.7600
Epoch 18500 | Train Loss: 0.011893 | Val Loss: 0.011799 | Train R²: 0.5795 | Val R²: 0.5919 | NightHrsTrueNEE vs NightHrsModelReco R²: -0.6200 | NightHrsTrueNee vs NightHrsModelNee R²: -0.6000
Epoch 19000 | Train Loss: 0.010191 | Val Loss: 0.010059 | Train R²: 0.6397 | Val R²: 0.6521 | NightHrsTrueNEE vs NightHrsModelReco R²: -0.4600 | NightHrsTrueNee vs NightHrsModelNee R²: -0.4400
Epoch 19500 | Train Loss: 0.008537 | Val Loss: 0.008381 | Train R²: 0.6981 | Val R²: 0.7101 | NightHrsTrueNEE vs NightHrsModelReco R²: -0.2700 | NightHrsTrueNee vs NightHrsModelNee R²: -0.2600
Epoch 20000 | Train Loss: 0.007065 | Val Loss: 0.006901 | Train R²: 0.7502 | Val R²: 0.7613 | NightHrsTrueNEE vs NightHrsModelReco R²: -0.0900 | NightHrsTrueNee vs NightHrsModelNee R²: -0.0700
Epoch 20500 | Train Loss: 0.005859 | Val Loss: 0.005705 | Train R²: 0.7928 | Val R²: 0.8027 | NightHrsTrueNEE vs NightHrsModelReco R²: 0.0800 | NightHrsTrueNee vs NightHrsModelNee R²: 0.0900
Epoch 21000 | Train Loss: 0.004940 | Val Loss: 0.004810 | Train R²: 0.8253 | Val R²: 0.8336 | NightHrsTrueNEE vs NightHrsModelReco R²: 0.2300 | NightHrsTrueNee vs NightHrsModelNee R²: 0.2300
Epoch 21500 | Train Loss: 0.004269 | Val Loss: 0.004176 | Train R²: 0.8490 | Val R²: 0.8556 | NightHrsTrueNEE vs NightHrsModelReco R²: 0.3400 | NightHrsTrueNee vs NightHrsModelNee R²: 0.3400
Epoch 22000 | Train Loss: 0.003814 | Val Loss: 0.003754 | Train R²: 0.8651 | Val R²: 0.8702 | NightHrsTrueNEE vs NightHrsModelReco R²: 0.4200 | NightHrsTrueNee vs NightHrsModelNee R²: 0.4200
Epoch 22500 | Train Loss: 0.003497 | Val Loss: 0.003457 | Train R²: 0.8764 | Val R²: 0.8804 | NightHrsTrueNEE vs NightHrsModelReco R²: 0.4700 | NightHrsTrueNee vs NightHrsModelNee R²: 0.4700
Epoch 23000 | Train Loss: 0.003246 | Val Loss: 0.003218 | Train R²: 0.8852 | Val R²: 0.8887 | NightHrsTrueNEE vs NightHrsModelReco R²: 0.5100 | NightHrsTrueNee vs NightHrsModelNee R²: 0.5100
Epoch 23500 | Train Loss: 0.003016 | Val Loss: 0.002995 | Train R²: 0.8934 | Val R²: 0.8964 | NightHrsTrueNEE vs NightHrsModelReco R²: 0.5400 | NightHrsTrueNee vs NightHrsModelNee R²: 0.5400
Epoch 24000 | Train Loss: 0.002782 | Val Loss: 0.002764 | Train R²: 0.9016 | Val R²: 0.9044 | NightHrsTrueNEE vs NightHrsModelReco R²: 0.5700 | NightHrsTrueNee vs NightHrsModelNee R²: 0.5700
Epoch 24500 | Train Loss: 0.002548 | Val Loss: 0.002535 | Train R²: 0.9099 | Val R²: 0.9123 | NightHrsTrueNEE vs NightHrsModelReco R²: 0.6000 | NightHrsTrueNee vs NightHrsModelNee R²: 0.6000
Epoch 25000 | Train Loss: 0.002319 | Val Loss: 0.002316 | Train R²: 0.9180 | Val R²: 0.9199 | NightHrsTrueNEE vs NightHrsModelReco R²: 0.6200 | NightHrsTrueNee vs NightHrsModelNee R²: 0.6200
Epoch 25500 | Train Loss: 0.002116 | Val Loss: 0.002117 | Train R²: 0.9252 | Val R²: 0.9268 | NightHrsTrueNEE vs NightHrsModelReco R²: 0.6300 | NightHrsTrueNee vs NightHrsModelNee R²: 0.6300
Epoch 26000 | Train Loss: 0.001952 | Val Loss: 0.001952 | Train R²: 0.9310 | Val R²: 0.9325 | NightHrsTrueNEE vs NightHrsModelReco R²: 0.6500 | NightHrsTrueNee vs NightHrsModelNee R²: 0.6500
Epoch 26500 | Train Loss: 0.001830 | Val Loss: 0.001827 | Train R²: 0.9353 | Val R²: 0.9368 | NightHrsTrueNEE vs NightHrsModelReco R²: 0.6700 | NightHrsTrueNee vs NightHrsModelNee R²: 0.6700
Epoch 27000 | Train Loss: 0.001739 | Val Loss: 0.001733 | Train R²: 0.9385 | Val R²: 0.9401 | NightHrsTrueNEE vs NightHrsModelReco R²: 0.6800 | NightHrsTrueNee vs NightHrsModelNee R²: 0.6800
Epoch 27500 | Train Loss: 0.001670 | Val Loss: 0.001661 | Train R²: 0.9410 | Val R²: 0.9425 | NightHrsTrueNEE vs NightHrsModelReco R²: 0.6900 | NightHrsTrueNee vs NightHrsModelNee R²: 0.6900
Epoch 28000 | Train Loss: 0.001618 | Val Loss: 0.001607 | Train R²: 0.9428 | Val R²: 0.9444 | NightHrsTrueNEE vs NightHrsModelReco R²: 0.7000 | NightHrsTrueNee vs NightHrsModelNee R²: 0.7000
Epoch 28500 | Train Loss: 0.001576 | Val Loss: 0.001563 | Train R²: 0.9443 | Val R²: 0.9460 | NightHrsTrueNEE vs NightHrsModelReco R²: 0.7100 | NightHrsTrueNee vs NightHrsModelNee R²: 0.7100
Epoch 29000 | Train Loss: 0.001540 | Val Loss: 0.001523 | Train R²: 0.9456 | Val R²: 0.9473 | NightHrsTrueNEE vs NightHrsModelReco R²: 0.7200 | NightHrsTrueNee vs NightHrsModelNee R²: 0.7200
Epoch 29500 | Train Loss: 0.001505 | Val Loss: 0.001485 | Train R²: 0.9468 | Val R²: 0.9487 | NightHrsTrueNEE vs NightHrsModelReco R²: 0.7200 | NightHrsTrueNee vs NightHrsModelNee R²: 0.7200
Epoch 30000 | Train Loss: 0.001473 | Val Loss: 0.001449 | Train R²: 0.9479 | Val R²: 0.9499 | NightHrsTrueNEE vs NightHrsModelReco R²: 0.7200 | NightHrsTrueNee vs NightHrsModelNee R²: 0.7200
Epoch 30500 | Train Loss: 0.001443 | Val Loss: 0.001416 | Train R²: 0.9490 | Val R²: 0.9510 | NightHrsTrueNEE vs NightHrsModelReco R²: 0.7200 | NightHrsTrueNee vs NightHrsModelNee R²: 0.7200
Early stopping at epoch 30793 due to flat/negative trend (slope=0.000002)
Epoch 30793 | Train Loss: 0.001426 | Val Loss: 0.001398 | Train R²: 0.9496 | Val R²: 0.9517
Unpickling models
Following models have been loaded and moved to cuda:
trained gpp model:
 SNN_GPP_Tram(
  (net): Sequential(
    (0): Linear(in_features=12, out_features=12, bias=True)
    (1): Tanh()
    (2): Linear(in_features=12, out_features=1, bias=True)
    (3): Sigmoid()
  )
), trained_reco_model:
 SNN_GPP_Tram(
  (net): Sequential(
    (0): Linear(in_features=11, out_features=12, bias=True)
    (1): Tanh()
    (2): Linear(in_features=12, out_features=1, bias=True)
    (3): Sigmoid()
  )
)
using full data set for visualization
Un-normalizing the GPP and RECO predictions using NEE min: tensor([-36.1705]), NEE max: tensor([35.8634])



Metrics for the Tramontana, with
GPP inputs: ['SW_IN', 'VPD', 'TA', 'WTD', 'WS', 'PotRad', 'PotRadHalfHourlyDiff', 'PotRadDailyAvg', 'PotRadDailyDiff', 'WD_COS', 'WD_SIN', 'GPP_PROX']
RECO inputs: ['DOY_sin', 'DOY_cos', 'TA', 'TS_1', 'TS_2', 'TS_3', 'TS_4', 'WTD', 'WS', 'WD_COS', 'WD_SIN']:
dt_gpp vs Tramontana_GPP R²=0.97 RMSE=1.20
nt_gpp vs Tramontana_GPP R²=0.95 RMSE=1.51
dt_reco vs Tramontana_RECO R²=0.81 RMSE=1.00
nt_reco vs Tramontana_RECO R²=0.85 RMSE=0.79
night_hours_true_nee vs Tramontana_night_hours_model_reco R²=0.71 RMSE=1.08
night_hours_true_nee vs Tramontana_night_hours_model_nee R²=0.71 RMSE=1.08
dt_gpp vs nt_gpp R²=0.95 RMSE=1.56
dt_reco vs nt_reco R²=0.85 RMSE=1.00

{
    "experiment_1": {
        "run_type": "Tramontana",
        "gpp_inputs": [
            "SW_IN",
            "TA"
        ],
        "reco_inputs": [
            "DOY_sin",
            "DOY_cos",
            "TA"
        ],
        "metrics": {
            "dt_gpp_vs_model": {
                "r2": 0.86,
                "rmse": 2.68
            },
            "nt_gpp_vs_model": {
                "r2": 0.82,
                "rmse": 3.0
            },
            "dt_reco_vs_model": {
                "r2": 0.19,
                "rmse": 2.1
            },
            "nt_reco_vs_model": {
                "r2": 0.07,
                "rmse": 1.95
            },
            "night_hours_true_nee_vs_night_hours_model_reco": {
                "r2": 0.49,
                "rmse": 1.44
            },
            "night_hours_true_nee_vs_night_hours_model_nee": {
                "r2": 0.49,
                "rmse": 1.43
            },
            "dt_gpp_vs_nt_gpp": {
                "r2": 0.95,
                "rmse": 1.56
            },
            "dt_reco_vs_nt_reco": {
                "r2": 0.85,
                "rmse": 1
            },
            "val_r2": 0.8631
        }
    },
    "experiment_2": {
        "run_type": "Tramontana",
        "gpp_inputs": [
            "SW_IN",
            "TA",
            "VPD"
        ],
        "reco_inputs": [
            "DOY_sin",
            "DOY_cos",
            "TA"
        ],
        "metrics": {
            "dt_gpp_vs_model": {
                "r2": 0.87,
                "rmse": 2.6
            },
            "nt_gpp_vs_model": {
                "r2": 0.83,
                "rmse": 2.88
            },
            "dt_reco_vs_model": {
                "r2": 0.24,
                "rmse": 2.04
            },
            "nt_reco_vs_model": {
                "r2": 0.18,
                "rmse": 1.83
            },
            "night_hours_true_nee_vs_night_hours_model_reco": {
                "r2": 0.49,
                "rmse": 1.43
            },
            "night_hours_true_nee_vs_night_hours_model_nee": {
                "r2": 0.5,
                "rmse": 1.43
            },
            "dt_gpp_vs_nt_gpp": {
                "r2": 0.95,
                "rmse": 1.56
            },
            "dt_reco_vs_nt_reco": {
                "r2": 0.85,
                "rmse": 1
            },
            "val_r2": 0.8695
        }
    },
    "experiment_3": {
        "run_type": "Tramontana",
        "gpp_inputs": [
            "SW_IN",
            "TA",
            "VPD",
            "WS"
        ],
        "reco_inputs": [
            "DOY_sin",
            "DOY_cos",
            "TA",
            "WS"
        ],
        "metrics": {
            "dt_gpp_vs_model": {
                "r2": 0.86,
                "rmse": 2.67
            },
            "nt_gpp_vs_model": {
                "r2": 0.82,
                "rmse": 2.99
            },
            "dt_reco_vs_model": {
                "r2": 0.13,
                "rmse": 2.18
            },
            "nt_reco_vs_model": {
                "r2": -0.05,
                "rmse": 2.08
            },
            "night_hours_true_nee_vs_night_hours_model_reco": {
                "r2": 0.5,
                "rmse": 1.42
            },
            "night_hours_true_nee_vs_night_hours_model_nee": {
                "r2": 0.51,
                "rmse": 1.42
            },
            "dt_gpp_vs_nt_gpp": {
                "r2": 0.95,
                "rmse": 1.56
            },
            "dt_reco_vs_nt_reco": {
                "r2": 0.85,
                "rmse": 1
            },
            "val_r2": 0.8739
        }
    },
    "experiment_4": {
        "run_type": "Tramontana",
        "gpp_inputs": [
            "SW_IN",
            "TA",
            "VPD",
            "WS",
            "WD_COS",
            "WD_SIN"
        ],
        "reco_inputs": [
            "DOY_sin",
            "DOY_cos",
            "TA",
            "WS",
            "WD_COS",
            "WD_SIN"
        ],
        "metrics": {
            "dt_gpp_vs_model": {
                "r2": 0.85,
                "rmse": 2.73
            },
            "nt_gpp_vs_model": {
                "r2": 0.81,
                "rmse": 3.05
            },
            "dt_reco_vs_model": {
                "r2": -0.0,
                "rmse": 2.34
            },
            "nt_reco_vs_model": {
                "r2": -0.26,
                "rmse": 2.27
            },
            "night_hours_true_nee_vs_night_hours_model_reco": {
                "r2": 0.52,
                "rmse": 1.39
            },
            "night_hours_true_nee_vs_night_hours_model_nee": {
                "r2": 0.52,
                "rmse": 1.39
            },
            "dt_gpp_vs_nt_gpp": {
                "r2": 0.95,
                "rmse": 1.56
            },
            "dt_reco_vs_nt_reco": {
                "r2": 0.85,
                "rmse": 1
            },
            "val_r2": 0.8876
        }
    },
    "experiment_5": {
        "run_type": "Tramontana",
        "gpp_inputs": [
            "SW_IN",
            "TA",
            "VPD",
            "WS",
            "WD_COS",
            "WD_SIN",
            "WTD"
        ],
        "reco_inputs": [
            "DOY_sin",
            "DOY_cos",
            "TA",
            "WS",
            "WD_COS",
            "WD_SIN",
            "WTD"
        ],
        "metrics": {
            "dt_gpp_vs_model": {
                "r2": 0.86,
                "rmse": 2.69
            },
            "nt_gpp_vs_model": {
                "r2": 0.82,
                "rmse": 3.02
            },
            "dt_reco_vs_model": {
                "r2": -0.03,
                "rmse": 2.37
            },
            "nt_reco_vs_model": {
                "r2": -0.34,
                "rmse": 2.35
            },
            "night_hours_true_nee_vs_night_hours_model_reco": {
                "r2": 0.51,
                "rmse": 1.4
            },
            "night_hours_true_nee_vs_night_hours_model_nee": {
                "r2": 0.52,
                "rmse": 1.4
            },
            "dt_gpp_vs_nt_gpp": {
                "r2": 0.95,
                "rmse": 1.56
            },
            "dt_reco_vs_nt_reco": {
                "r2": 0.85,
                "rmse": 1
            },
            "val_r2": 0.8928
        }
    },
    "experiment_6": {
        "run_type": "Tramontana",
        "gpp_inputs": [
            "SW_IN",
            "TA",
            "VPD",
            "WS",
            "WD_COS",
            "WD_SIN",
            "WTD",
            "Salinity"
        ],
        "reco_inputs": [
            "DOY_sin",
            "DOY_cos",
            "TA",
            "WS",
            "WD_COS",
            "WD_SIN",
            "WTD",
            "Salinity"
        ],
        "metrics": {
            "dt_gpp_vs_model": {
                "r2": 0.87,
                "rmse": 2.56
            },
            "nt_gpp_vs_model": {
                "r2": 0.83,
                "rmse": 2.91
            },
            "dt_reco_vs_model": {
                "r2": 0.06,
                "rmse": 2.26
            },
            "nt_reco_vs_model": {
                "r2": -0.21,
                "rmse": 2.23
            },
            "night_hours_true_nee_vs_night_hours_model_reco": {
                "r2": 0.55,
                "rmse": 1.35
            },
            "night_hours_true_nee_vs_night_hours_model_nee": {
                "r2": 0.55,
                "rmse": 1.35
            },
            "dt_gpp_vs_nt_gpp": {
                "r2": 0.95,
                "rmse": 1.56
            },
            "dt_reco_vs_nt_reco": {
                "r2": 0.85,
                "rmse": 1
            },
            "val_r2": 0.9021
        }
    },
    "experiment_7": {
        "run_type": "Tramontana",
        "gpp_inputs": [
            "SW_IN",
            "TA",
            "VPD",
            "WS",
            "WD_COS",
            "WD_SIN",
            "WTD",
            "Salinity",
            "WTD_HalfHourlyDiff"
        ],
        "reco_inputs": [
            "DOY_sin",
            "DOY_cos",
            "TA",
            "WS",
            "WD_COS",
            "WD_SIN",
            "WTD",
            "Salinity",
            "WTD_HalfHourlyDiff"
        ],
        "metrics": {
            "dt_gpp_vs_model": {
                "r2": 0.87,
                "rmse": 2.58
            },
            "nt_gpp_vs_model": {
                "r2": 0.83,
                "rmse": 2.95
            },
            "dt_reco_vs_model": {
                "r2": 0.02,
                "rmse": 2.31
            },
            "nt_reco_vs_model": {
                "r2": -0.28,
                "rmse": 2.3
            },
            "night_hours_true_nee_vs_night_hours_model_reco": {
                "r2": 0.52,
                "rmse": 1.39
            },
            "night_hours_true_nee_vs_night_hours_model_nee": {
                "r2": 0.53,
                "rmse": 1.39
            },
            "dt_gpp_vs_nt_gpp": {
                "r2": 0.95,
                "rmse": 1.56
            },
            "dt_reco_vs_nt_reco": {
                "r2": 0.85,
                "rmse": 1
            },
            "val_r2": 0.9011
        }
    },
    "experiment_8": {
        "run_type": "Tramontana",
        "gpp_inputs": [
            "SW_IN",
            "TA",
            "VPD",
            "WS",
            "WD_COS",
            "WD_SIN",
            "WTD",
            "Salinity",
            "WTD_HalfHourlyDiff",
            "WTD_DailyAvg",
            "WTD_DailyDiff"
        ],
        "reco_inputs": [
            "DOY_sin",
            "DOY_cos",
            "TA",
            "WS",
            "WD_COS",
            "WD_SIN",
            "WTD",
            "Salinity",
            "WTD_HalfHourlyDiff",
            "WTD_DailyAvg",
            "WTD_DailyDiff"
        ],
        "metrics": {
            "dt_gpp_vs_model": {
                "r2": 0.86,
                "rmse": 2.63
            },
            "nt_gpp_vs_model": {
                "r2": 0.82,
                "rmse": 2.98
            },
            "dt_reco_vs_model": {
                "r2": -0.02,
                "rmse": 2.36
            },
            "nt_reco_vs_model": {
                "r2": -0.34,
                "rmse": 2.34
            },
            "night_hours_true_nee_vs_night_hours_model_reco": {
                "r2": 0.54,
                "rmse": 1.37
            },
            "night_hours_true_nee_vs_night_hours_model_nee": {
                "r2": 0.54,
                "rmse": 1.37
            },
            "dt_gpp_vs_nt_gpp": {
                "r2": 0.95,
                "rmse": 1.56
            },
            "dt_reco_vs_nt_reco": {
                "r2": 0.85,
                "rmse": 1
            },
            "val_r2": 0.9018
        }
    },
    "experiment_9": {
        "run_type": "Tramontana",
        "gpp_inputs": [
            "PotRadDailyAvg",
            "PotRadDailyDiff",
            "GPP_PROX"
        ],
        "reco_inputs": [
            "DOY_sin",
            "DOY_cos",
            "NIGHTLY_NEE_AVG"
        ],
        "metrics": {
            "dt_gpp_vs_model": {
                "r2": 0.89,
                "rmse": 2.4
            },
            "nt_gpp_vs_model": {
                "r2": 0.87,
                "rmse": 2.53
            },
            "dt_reco_vs_model": {
                "r2": 0.44,
                "rmse": 1.75
            },
            "nt_reco_vs_model": {
                "r2": 0.61,
                "rmse": 1.26
            },
            "night_hours_true_nee_vs_night_hours_model_reco": {
                "r2": 0.59,
                "rmse": 1.3
            },
            "night_hours_true_nee_vs_night_hours_model_nee": {
                "r2": 0.58,
                "rmse": 1.3
            },
            "dt_gpp_vs_nt_gpp": {
                "r2": 0.95,
                "rmse": 1.56
            },
            "dt_reco_vs_nt_reco": {
                "r2": 0.85,
                "rmse": 1
            },
            "val_r2": 0.8735
        }
    },
    "experiment_10": {
        "run_type": "Tramontana",
        "gpp_inputs": [
            "SW_IN",
            "VPD",
            "TA",
            "WTD",
            "WS",
            "PotRad",
            "PotRadHalfHourlyDiff",
            "WD_COS",
            "WD_SIN"
        ],
        "reco_inputs": [
            "TA",
            "TS_1",
            "TS_2",
            "TS_3",
            "TS_4",
            "WTD",
            "WS",
            "WD_COS",
            "WD_SIN"
        ],
        "metrics": {
            "dt_gpp_vs_model": {
                "r2": 0.89,
                "rmse": 2.36
            },
            "nt_gpp_vs_model": {
                "r2": 0.86,
                "rmse": 2.68
            },
            "dt_reco_vs_model": {
                "r2": 0.21,
                "rmse": 2.07
            },
            "nt_reco_vs_model": {
                "r2": -0.09,
                "rmse": 2.12
            },
            "night_hours_true_nee_vs_night_hours_model_reco": {
                "r2": 0.61,
                "rmse": 1.25
            },
            "night_hours_true_nee_vs_night_hours_model_nee": {
                "r2": 0.61,
                "rmse": 1.25
            },
            "dt_gpp_vs_nt_gpp": {
                "r2": 0.95,
                "rmse": 1.56
            },
            "dt_reco_vs_nt_reco": {
                "r2": 0.85,
                "rmse": 1
            },
            "val_r2": 0.9194
        }
    },
    "experiment_11": {
        "run_type": "Tramontana",
        "gpp_inputs": [
            "SW_IN",
            "VPD",
            "TA",
            "WS",
            "PotRad",
            "PotRadHalfHourlyDiff",
            "PotRadDailyAvg",
            "PotRadDailyDiff",
            "WD_COS",
            "WD_SIN",
            "GPP_PROX"
        ],
        "reco_inputs": [
            "DOY_sin",
            "DOY_cos",
            "TA",
            "TS_1",
            "TS_2",
            "TS_3",
            "TS_4",
            "WS",
            "WD_COS",
            "WD_SIN",
            "NIGHTLY_NEE_AVG"
        ],
        "metrics": {
            "dt_gpp_vs_model": {
                "r2": 0.97,
                "rmse": 1.26
            },
            "nt_gpp_vs_model": {
                "r2": 0.95,
                "rmse": 1.54
            },
            "dt_reco_vs_model": {
                "r2": 0.8,
                "rmse": 1.05
            },
            "nt_reco_vs_model": {
                "r2": 0.86,
                "rmse": 0.76
            },
            "night_hours_true_nee_vs_night_hours_model_reco": {
                "r2": 0.75,
                "rmse": 1.0
            },
            "night_hours_true_nee_vs_night_hours_model_nee": {
                "r2": 0.76,
                "rmse": 1.0
            },
            "dt_gpp_vs_nt_gpp": {
                "r2": 0.95,
                "rmse": 1.56
            },
            "dt_reco_vs_nt_reco": {
                "r2": 0.85,
                "rmse": 1
            },
            "val_r2": 0.954
        }
    },
    "experiment_12": {
        "run_type": "Tramontana",
        "gpp_inputs": [
            "SW_IN",
            "VPD",
            "TA",
            "WTD",
            "WS",
            "PotRad",
            "PotRadHalfHourlyDiff",
            "PotRadDailyAvg",
            "PotRadDailyDiff",
            "WD_COS",
            "WD_SIN",
            "GPP_PROX"
        ],
        "reco_inputs": [
            "DOY_sin",
            "DOY_cos",
            "TA",
            "TS_1",
            "TS_2",
            "TS_3",
            "TS_4",
            "WTD",
            "WS",
            "WD_COS",
            "WD_SIN",
            "NIGHTLY_NEE_AVG"
        ],
        "metrics": {
            "dt_gpp_vs_model": {
                "r2": 0.97,
                "rmse": 1.26
            },
            "nt_gpp_vs_model": {
                "r2": 0.95,
                "rmse": 1.5
            },
            "dt_reco_vs_model": {
                "r2": 0.79,
                "rmse": 1.06
            },
            "nt_reco_vs_model": {
                "r2": 0.88,
                "rmse": 0.71
            },
            "night_hours_true_nee_vs_night_hours_model_reco": {
                "r2": 0.76,
                "rmse": 0.99
            },
            "night_hours_true_nee_vs_night_hours_model_nee": {
                "r2": 0.76,
                "rmse": 0.99
            },
            "dt_gpp_vs_nt_gpp": {
                "r2": 0.95,
                "rmse": 1.56
            },
            "dt_reco_vs_nt_reco": {
                "r2": 0.85,
                "rmse": 1
            },
            "val_r2": 0.9547
        }
    },
    "experiment_13": {
        "run_type": "Tramontana",
        "gpp_inputs": [
            "SW_IN",
            "VPD",
            "TA",
            "WTD",
            "WS",
            "PotRad",
            "PotRadHalfHourlyDiff",
            "PotRadDailyAvg",
            "PotRadDailyDiff",
            "WD_COS",
            "WD_SIN",
            "GPP_PROX",
            "Salinity"
        ],
        "reco_inputs": [
            "DOY_sin",
            "DOY_cos",
            "TA",
            "TS_1",
            "TS_2",
            "TS_3",
            "TS_4",
            "WTD",
            "WS",
            "WD_COS",
            "WD_SIN",
            "NIGHTLY_NEE_AVG",
            "Salinity"
        ],
        "metrics": {
            "dt_gpp_vs_model": {
                "r2": 0.97,
                "rmse": 1.26
            },
            "nt_gpp_vs_model": {
                "r2": 0.95,
                "rmse": 1.52
            },
            "dt_reco_vs_model": {
                "r2": 0.79,
                "rmse": 1.08
            },
            "nt_reco_vs_model": {
                "r2": 0.87,
                "rmse": 0.74
            },
            "night_hours_true_nee_vs_night_hours_model_reco": {
                "r2": 0.75,
                "rmse": 1.0
            },
            "night_hours_true_nee_vs_night_hours_model_nee": {
                "r2": 0.75,
                "rmse": 1.0
            },
            "dt_gpp_vs_nt_gpp": {
                "r2": 0.95,
                "rmse": 1.56
            },
            "dt_reco_vs_nt_reco": {
                "r2": 0.85,
                "rmse": 1
            },
            "val_r2": 0.9546
        }
    },
    "experiment_14": {
        "run_type": "Tramontana",
        "gpp_inputs": [
            "SW_IN",
            "VPD",
            "TA",
            "WTD",
            "WS",
            "PotRad",
            "PotRadHalfHourlyDiff",
            "PotRadDailyAvg",
            "PotRadDailyDiff",
            "WD_COS",
            "WD_SIN",
            "GPP_PROX",
            "WTD_HalfHourlyDiff"
        ],
        "reco_inputs": [
            "DOY_sin",
            "DOY_cos",
            "TA",
            "TS_1",
            "TS_2",
            "TS_3",
            "TS_4",
            "WTD",
            "WS",
            "WD_COS",
            "WD_SIN",
            "NIGHTLY_NEE_AVG",
            "WTD_HalfHourlyDiff"
        ],
        "metrics": {
            "dt_gpp_vs_model": {
                "r2": 0.97,
                "rmse": 1.28
            },
            "nt_gpp_vs_model": {
                "r2": 0.95,
                "rmse": 1.55
            },
            "dt_reco_vs_model": {
                "r2": 0.78,
                "rmse": 1.08
            },
            "nt_reco_vs_model": {
                "r2": 0.84,
                "rmse": 0.8
            },
            "night_hours_true_nee_vs_night_hours_model_reco": {
                "r2": 0.75,
                "rmse": 1.0
            },
            "night_hours_true_nee_vs_night_hours_model_nee": {
                "r2": 0.75,
                "rmse": 1.0
            },
            "dt_gpp_vs_nt_gpp": {
                "r2": 0.95,
                "rmse": 1.56
            },
            "dt_reco_vs_nt_reco": {
                "r2": 0.85,
                "rmse": 1
            },
            "val_r2": 0.9535
        }
    },
    "experiment_15": {
        "run_type": "Tramontana",
        "gpp_inputs": [
            "SW_IN",
            "VPD",
            "TA",
            "WTD",
            "WS",
            "PotRad",
            "PotRadHalfHourlyDiff",
            "PotRadDailyAvg",
            "PotRadDailyDiff",
            "WD_COS",
            "WD_SIN",
            "GPP_PROX",
            "Salinity",
            "WTD_HalfHourlyDiff"
        ],
        "reco_inputs": [
            "DOY_sin",
            "DOY_cos",
            "TA",
            "TS_1",
            "TS_2",
            "TS_3",
            "TS_4",
            "WTD",
            "WS",
            "WD_COS",
            "WD_SIN",
            "NIGHTLY_NEE_AVG",
            "Salinity",
            "WTD_HalfHourlyDiff"
        ],
        "metrics": {
            "dt_gpp_vs_model": {
                "r2": 0.97,
                "rmse": 1.3
            },
            "nt_gpp_vs_model": {
                "r2": 0.95,
                "rmse": 1.53
            },
            "dt_reco_vs_model": {
                "r2": 0.77,
                "rmse": 1.12
            },
            "nt_reco_vs_model": {
                "r2": 0.86,
                "rmse": 0.77
            },
            "night_hours_true_nee_vs_night_hours_model_reco": {
                "r2": 0.75,
                "rmse": 1.0
            },
            "night_hours_true_nee_vs_night_hours_model_nee": {
                "r2": 0.75,
                "rmse": 1.0
            },
            "dt_gpp_vs_nt_gpp": {
                "r2": 0.95,
                "rmse": 1.56
            },
            "dt_reco_vs_nt_reco": {
                "r2": 0.85,
                "rmse": 1
            },
            "val_r2": 0.9545
        }
    },
    "experiment_16": {
        "run_type": "Tramontana",
        "gpp_inputs": [
            "SW_IN",
            "VPD",
            "TA",
            "WTD",
            "WS",
            "PotRad",
            "PotRadHalfHourlyDiff",
            "PotRadDailyAvg",
            "PotRadDailyDiff",
            "WD_COS",
            "WD_SIN",
            "GPP_PROX",
            "Salinity",
            "WTD_HalfHourlyDiff",
            "WTD_DailyAvg",
            "WTD_DailyDiff"
        ],
        "reco_inputs": [
            "DOY_sin",
            "DOY_cos",
            "TA",
            "TS_1",
            "TS_2",
            "TS_3",
            "TS_4",
            "WTD",
            "WS",
            "WD_COS",
            "WD_SIN",
            "NIGHTLY_NEE_AVG",
            "Salinity",
            "WTD_HalfHourlyDiff",
            "WTD_DailyAvg",
            "WTD_DailyDiff"
        ],
        "metrics": {
            "dt_gpp_vs_model": {
                "r2": 0.97,
                "rmse": 1.26
            },
            "nt_gpp_vs_model": {
                "r2": 0.95,
                "rmse": 1.51
            },
            "dt_reco_vs_model": {
                "r2": 0.79,
                "rmse": 1.08
            },
            "nt_reco_vs_model": {
                "r2": 0.85,
                "rmse": 0.78
            },
            "night_hours_true_nee_vs_night_hours_model_reco": {
                "r2": 0.76,
                "rmse": 1.0
            },
            "night_hours_true_nee_vs_night_hours_model_nee": {
                "r2": 0.76,
                "rmse": 1.0
            },
            "dt_gpp_vs_nt_gpp": {
                "r2": 0.95,
                "rmse": 1.56
            },
            "dt_reco_vs_nt_reco": {
                "r2": 0.85,
                "rmse": 1
            },
            "val_r2": 0.9555
        }
    },
    "experiment_17": {
        "run_type": "Tramontana",
        "gpp_inputs": [
            "VPD",
            "TA",
            "WTD",
            "WS",
            "PotRad",
            "PotRadHalfHourlyDiff",
            "PotRadDailyAvg",
            "PotRadDailyDiff",
            "WD_COS",
            "WD_SIN",
            "GPP_PROX"
        ],
        "reco_inputs": [
            "DOY_sin",
            "DOY_cos",
            "TA",
            "TS_1",
            "TS_2",
            "TS_3",
            "TS_4",
            "WTD",
            "WS",
            "WD_COS",
            "WD_SIN",
            "NIGHTLY_NEE_AVG"
        ],
        "metrics": {
            "dt_gpp_vs_model": {
                "r2": 0.92,
                "rmse": 2.08
            },
            "nt_gpp_vs_model": {
                "r2": 0.9,
                "rmse": 2.2
            },
            "dt_reco_vs_model": {
                "r2": 0.41,
                "rmse": 1.8
            },
            "nt_reco_vs_model": {
                "r2": 0.53,
                "rmse": 1.4
            },
            "night_hours_true_nee_vs_night_hours_model_reco": {
                "r2": 0.71,
                "rmse": 1.09
            },
            "night_hours_true_nee_vs_night_hours_model_nee": {
                "r2": 0.7,
                "rmse": 1.09
            },
            "dt_gpp_vs_nt_gpp": {
                "r2": 0.95,
                "rmse": 1.56
            },
            "dt_reco_vs_nt_reco": {
                "r2": 0.85,
                "rmse": 1
            },
            "val_r2": 0.9253
        }
    },
    "experiment_18": {
        "run_type": "Tramontana",
        "gpp_inputs": [
            "SW_IN",
            "TA",
            "WTD",
            "WS",
            "PotRad",
            "PotRadHalfHourlyDiff",
            "PotRadDailyAvg",
            "PotRadDailyDiff",
            "WD_COS",
            "WD_SIN",
            "GPP_PROX"
        ],
        "reco_inputs": [
            "DOY_sin",
            "DOY_cos",
            "TA",
            "TS_1",
            "TS_2",
            "TS_3",
            "TS_4",
            "WTD",
            "WS",
            "WD_COS",
            "WD_SIN",
            "NIGHTLY_NEE_AVG"
        ],
        "metrics": {
            "dt_gpp_vs_model": {
                "r2": 0.97,
                "rmse": 1.3
            },
            "nt_gpp_vs_model": {
                "r2": 0.95,
                "rmse": 1.63
            },
            "dt_reco_vs_model": {
                "r2": 0.78,
                "rmse": 1.09
            },
            "nt_reco_vs_model": {
                "r2": 0.8,
                "rmse": 0.92
            },
            "night_hours_true_nee_vs_night_hours_model_reco": {
                "r2": 0.75,
                "rmse": 1.0
            },
            "night_hours_true_nee_vs_night_hours_model_nee": {
                "r2": 0.75,
                "rmse": 1.0
            },
            "dt_gpp_vs_nt_gpp": {
                "r2": 0.95,
                "rmse": 1.56
            },
            "dt_reco_vs_nt_reco": {
                "r2": 0.85,
                "rmse": 1
            },
            "val_r2": 0.9537
        }
    },
    "experiment_19": {
        "run_type": "Tramontana",
        "gpp_inputs": [
            "SW_IN",
            "VPD",
            "WTD",
            "WS",
            "PotRad",
            "PotRadHalfHourlyDiff",
            "PotRadDailyAvg",
            "PotRadDailyDiff",
            "WD_COS",
            "WD_SIN",
            "GPP_PROX"
        ],
        "reco_inputs": [
            "DOY_sin",
            "DOY_cos",
            "TA",
            "TS_1",
            "TS_2",
            "TS_3",
            "TS_4",
            "WTD",
            "WS",
            "WD_COS",
            "WD_SIN",
            "NIGHTLY_NEE_AVG"
        ],
        "metrics": {
            "dt_gpp_vs_model": {
                "r2": 0.97,
                "rmse": 1.23
            },
            "nt_gpp_vs_model": {
                "r2": 0.95,
                "rmse": 1.53
            },
            "dt_reco_vs_model": {
                "r2": 0.8,
                "rmse": 1.05
            },
            "nt_reco_vs_model": {
                "r2": 0.87,
                "rmse": 0.74
            },
            "night_hours_true_nee_vs_night_hours_model_reco": {
                "r2": 0.75,
                "rmse": 1.0
            },
            "night_hours_true_nee_vs_night_hours_model_nee": {
                "r2": 0.75,
                "rmse": 1.0
            },
            "dt_gpp_vs_nt_gpp": {
                "r2": 0.95,
                "rmse": 1.56
            },
            "dt_reco_vs_nt_reco": {
                "r2": 0.85,
                "rmse": 1
            },
            "val_r2": 0.9542
        }
    },
    "experiment_20": {
        "run_type": "Tramontana",
        "gpp_inputs": [
            "SW_IN",
            "VPD",
            "TA",
            "WS",
            "PotRad",
            "PotRadHalfHourlyDiff",
            "PotRadDailyAvg",
            "PotRadDailyDiff",
            "WD_COS",
            "WD_SIN",
            "GPP_PROX"
        ],
        "reco_inputs": [
            "DOY_sin",
            "DOY_cos",
            "TA",
            "TS_1",
            "TS_2",
            "TS_3",
            "TS_4",
            "WTD",
            "WS",
            "WD_COS",
            "WD_SIN",
            "NIGHTLY_NEE_AVG"
        ],
        "metrics": {
            "dt_gpp_vs_model": {
                "r2": 0.97,
                "rmse": 1.24
            },
            "nt_gpp_vs_model": {
                "r2": 0.95,
                "rmse": 1.55
            },
            "dt_reco_vs_model": {
                "r2": 0.8,
                "rmse": 1.05
            },
            "nt_reco_vs_model": {
                "r2": 0.85,
                "rmse": 0.79
            },
            "night_hours_true_nee_vs_night_hours_model_reco": {
                "r2": 0.75,
                "rmse": 1.0
            },
            "night_hours_true_nee_vs_night_hours_model_nee": {
                "r2": 0.75,
                "rmse": 1.0
            },
            "dt_gpp_vs_nt_gpp": {
                "r2": 0.95,
                "rmse": 1.56
            },
            "dt_reco_vs_nt_reco": {
                "r2": 0.85,
                "rmse": 1
            },
            "val_r2": 0.9545
        }
    },
    "experiment_21": {
        "run_type": "Tramontana",
        "gpp_inputs": [
            "SW_IN",
            "VPD",
            "TA",
            "WTD",
            "PotRad",
            "PotRadHalfHourlyDiff",
            "PotRadDailyAvg",
            "PotRadDailyDiff",
            "WD_COS",
            "WD_SIN",
            "GPP_PROX"
        ],
        "reco_inputs": [
            "DOY_sin",
            "DOY_cos",
            "TA",
            "TS_1",
            "TS_2",
            "TS_3",
            "TS_4",
            "WTD",
            "WS",
            "WD_COS",
            "WD_SIN",
            "NIGHTLY_NEE_AVG"
        ],
        "metrics": {
            "dt_gpp_vs_model": {
                "r2": 0.97,
                "rmse": 1.24
            },
            "nt_gpp_vs_model": {
                "r2": 0.95,
                "rmse": 1.51
            },
            "dt_reco_vs_model": {
                "r2": 0.8,
                "rmse": 1.05
            },
            "nt_reco_vs_model": {
                "r2": 0.87,
                "rmse": 0.72
            },
            "night_hours_true_nee_vs_night_hours_model_reco": {
                "r2": 0.76,
                "rmse": 1.0
            },
            "night_hours_true_nee_vs_night_hours_model_nee": {
                "r2": 0.76,
                "rmse": 1.0
            },
            "dt_gpp_vs_nt_gpp": {
                "r2": 0.95,
                "rmse": 1.56
            },
            "dt_reco_vs_nt_reco": {
                "r2": 0.85,
                "rmse": 1
            },
            "val_r2": 0.9548
        }
    },
    "experiment_22": {
        "run_type": "Tramontana",
        "gpp_inputs": [
            "SW_IN",
            "VPD",
            "TA",
            "WTD",
            "WS",
            "PotRadHalfHourlyDiff",
            "PotRadDailyAvg",
            "PotRadDailyDiff",
            "WD_COS",
            "WD_SIN",
            "GPP_PROX"
        ],
        "reco_inputs": [
            "DOY_sin",
            "DOY_cos",
            "TA",
            "TS_1",
            "TS_2",
            "TS_3",
            "TS_4",
            "WTD",
            "WS",
            "WD_COS",
            "WD_SIN",
            "NIGHTLY_NEE_AVG"
        ],
        "metrics": {
            "dt_gpp_vs_model": {
                "r2": 0.97,
                "rmse": 1.23
            },
            "nt_gpp_vs_model": {
                "r2": 0.95,
                "rmse": 1.64
            },
            "dt_reco_vs_model": {
                "r2": 0.79,
                "rmse": 1.06
            },
            "nt_reco_vs_model": {
                "r2": 0.78,
                "rmse": 0.94
            },
            "night_hours_true_nee_vs_night_hours_model_reco": {
                "r2": 0.75,
                "rmse": 1.0
            },
            "night_hours_true_nee_vs_night_hours_model_nee": {
                "r2": 0.75,
                "rmse": 1.0
            },
            "dt_gpp_vs_nt_gpp": {
                "r2": 0.95,
                "rmse": 1.56
            },
            "dt_reco_vs_nt_reco": {
                "r2": 0.85,
                "rmse": 1
            },
            "val_r2": 0.9534
        }
    },
    "experiment_23": {
        "run_type": "Tramontana",
        "gpp_inputs": [
            "SW_IN",
            "VPD",
            "TA",
            "WTD",
            "WS",
            "PotRad",
            "PotRadDailyAvg",
            "PotRadDailyDiff",
            "WD_COS",
            "WD_SIN",
            "GPP_PROX"
        ],
        "reco_inputs": [
            "DOY_sin",
            "DOY_cos",
            "TA",
            "TS_1",
            "TS_2",
            "TS_3",
            "TS_4",
            "WTD",
            "WS",
            "WD_COS",
            "WD_SIN",
            "NIGHTLY_NEE_AVG"
        ],
        "metrics": {
            "dt_gpp_vs_model": {
                "r2": 0.97,
                "rmse": 1.26
            },
            "nt_gpp_vs_model": {
                "r2": 0.95,
                "rmse": 1.52
            },
            "dt_reco_vs_model": {
                "r2": 0.79,
                "rmse": 1.08
            },
            "nt_reco_vs_model": {
                "r2": 0.86,
                "rmse": 0.76
            },
            "night_hours_true_nee_vs_night_hours_model_reco": {
                "r2": 0.76,
                "rmse": 1.0
            },
            "night_hours_true_nee_vs_night_hours_model_nee": {
                "r2": 0.76,
                "rmse": 1.0
            },
            "dt_gpp_vs_nt_gpp": {
                "r2": 0.95,
                "rmse": 1.56
            },
            "dt_reco_vs_nt_reco": {
                "r2": 0.85,
                "rmse": 1
            },
            "val_r2": 0.9549
        }
    },
    "experiment_24": {
        "run_type": "Tramontana",
        "gpp_inputs": [
            "SW_IN",
            "VPD",
            "TA",
            "WTD",
            "WS",
            "PotRad",
            "PotRadHalfHourlyDiff",
            "PotRadDailyDiff",
            "WD_COS",
            "WD_SIN",
            "GPP_PROX"
        ],
        "reco_inputs": [
            "DOY_sin",
            "DOY_cos",
            "TA",
            "TS_1",
            "TS_2",
            "TS_3",
            "TS_4",
            "WTD",
            "WS",
            "WD_COS",
            "WD_SIN",
            "NIGHTLY_NEE_AVG"
        ],
        "metrics": {
            "dt_gpp_vs_model": {
                "r2": 0.97,
                "rmse": 1.27
            },
            "nt_gpp_vs_model": {
                "r2": 0.95,
                "rmse": 1.53
            },
            "dt_reco_vs_model": {
                "r2": 0.8,
                "rmse": 1.05
            },
            "nt_reco_vs_model": {
                "r2": 0.86,
                "rmse": 0.75
            },
            "night_hours_true_nee_vs_night_hours_model_reco": {
                "r2": 0.75,
                "rmse": 1.01
            },
            "night_hours_true_nee_vs_night_hours_model_nee": {
                "r2": 0.75,
                "rmse": 1.01
            },
            "dt_gpp_vs_nt_gpp": {
                "r2": 0.95,
                "rmse": 1.56
            },
            "dt_reco_vs_nt_reco": {
                "r2": 0.85,
                "rmse": 1
            },
            "val_r2": 0.9535
        }
    },
    "experiment_25": {
        "run_type": "Tramontana",
        "gpp_inputs": [
            "SW_IN",
            "VPD",
            "TA",
            "WTD",
            "WS",
            "PotRad",
            "PotRadHalfHourlyDiff",
            "PotRadDailyAvg",
            "WD_COS",
            "WD_SIN",
            "GPP_PROX"
        ],
        "reco_inputs": [
            "DOY_sin",
            "DOY_cos",
            "TA",
            "TS_1",
            "TS_2",
            "TS_3",
            "TS_4",
            "WTD",
            "WS",
            "WD_COS",
            "WD_SIN",
            "NIGHTLY_NEE_AVG"
        ],
        "metrics": {
            "dt_gpp_vs_model": {
                "r2": 0.96,
                "rmse": 1.34
            },
            "nt_gpp_vs_model": {
                "r2": 0.94,
                "rmse": 1.7
            },
            "dt_reco_vs_model": {
                "r2": 0.75,
                "rmse": 1.17
            },
            "nt_reco_vs_model": {
                "r2": 0.75,
                "rmse": 1.01
            },
            "night_hours_true_nee_vs_night_hours_model_reco": {
                "r2": 0.74,
                "rmse": 1.02
            },
            "night_hours_true_nee_vs_night_hours_model_nee": {
                "r2": 0.74,
                "rmse": 1.02
            },
            "dt_gpp_vs_nt_gpp": {
                "r2": 0.95,
                "rmse": 1.56
            },
            "dt_reco_vs_nt_reco": {
                "r2": 0.85,
                "rmse": 1
            },
            "val_r2": 0.9519
        }
    },
    "experiment_26": {
        "run_type": "Tramontana",
        "gpp_inputs": [
            "SW_IN",
            "VPD",
            "TA",
            "WTD",
            "WS",
            "PotRad",
            "PotRadHalfHourlyDiff",
            "PotRadDailyAvg",
            "PotRadDailyDiff",
            "WD_SIN",
            "GPP_PROX"
        ],
        "reco_inputs": [
            "DOY_sin",
            "DOY_cos",
            "TA",
            "TS_1",
            "TS_2",
            "TS_3",
            "TS_4",
            "WTD",
            "WS",
            "WD_COS",
            "WD_SIN",
            "NIGHTLY_NEE_AVG"
        ],
        "metrics": {
            "dt_gpp_vs_model": {
                "r2": 0.97,
                "rmse": 1.26
            },
            "nt_gpp_vs_model": {
                "r2": 0.95,
                "rmse": 1.6
            },
            "dt_reco_vs_model": {
                "r2": 0.77,
                "rmse": 1.11
            },
            "nt_reco_vs_model": {
                "r2": 0.83,
                "rmse": 0.84
            },
            "night_hours_true_nee_vs_night_hours_model_reco": {
                "r2": 0.74,
                "rmse": 1.02
            },
            "night_hours_true_nee_vs_night_hours_model_nee": {
                "r2": 0.74,
                "rmse": 1.02
            },
            "dt_gpp_vs_nt_gpp": {
                "r2": 0.95,
                "rmse": 1.56
            },
            "dt_reco_vs_nt_reco": {
                "r2": 0.85,
                "rmse": 1
            },
            "val_r2": 0.9516
        }
    },
    "experiment_27": {
        "run_type": "Tramontana",
        "gpp_inputs": [
            "SW_IN",
            "VPD",
            "TA",
            "WTD",
            "WS",
            "PotRad",
            "PotRadHalfHourlyDiff",
            "PotRadDailyAvg",
            "PotRadDailyDiff",
            "WD_COS",
            "GPP_PROX"
        ],
        "reco_inputs": [
            "DOY_sin",
            "DOY_cos",
            "TA",
            "TS_1",
            "TS_2",
            "TS_3",
            "TS_4",
            "WTD",
            "WS",
            "WD_COS",
            "WD_SIN",
            "NIGHTLY_NEE_AVG"
        ],
        "metrics": {
            "dt_gpp_vs_model": {
                "r2": 0.97,
                "rmse": 1.28
            },
            "nt_gpp_vs_model": {
                "r2": 0.95,
                "rmse": 1.6
            },
            "dt_reco_vs_model": {
                "r2": 0.78,
                "rmse": 1.1
            },
            "nt_reco_vs_model": {
                "r2": 0.83,
                "rmse": 0.84
            },
            "night_hours_true_nee_vs_night_hours_model_reco": {
                "r2": 0.75,
                "rmse": 1.02
            },
            "night_hours_true_nee_vs_night_hours_model_nee": {
                "r2": 0.75,
                "rmse": 1.02
            },
            "dt_gpp_vs_nt_gpp": {
                "r2": 0.95,
                "rmse": 1.56
            },
            "dt_reco_vs_nt_reco": {
                "r2": 0.85,
                "rmse": 1
            },
            "val_r2": 0.952
        }
    },
    "experiment_28": {
        "run_type": "Tramontana",
        "gpp_inputs": [
            "SW_IN",
            "VPD",
            "TA",
            "WTD",
            "WS",
            "PotRad",
            "PotRadHalfHourlyDiff",
            "PotRadDailyAvg",
            "PotRadDailyDiff",
            "WD_COS",
            "WD_SIN"
        ],
        "reco_inputs": [
            "DOY_sin",
            "DOY_cos",
            "TA",
            "TS_1",
            "TS_2",
            "TS_3",
            "TS_4",
            "WTD",
            "WS",
            "WD_COS",
            "WD_SIN",
            "NIGHTLY_NEE_AVG"
        ],
        "metrics": {
            "dt_gpp_vs_model": {
                "r2": 0.96,
                "rmse": 1.47
            },
            "nt_gpp_vs_model": {
                "r2": 0.93,
                "rmse": 1.83
            },
            "dt_reco_vs_model": {
                "r2": 0.74,
                "rmse": 1.19
            },
            "nt_reco_vs_model": {
                "r2": 0.71,
                "rmse": 1.09
            },
            "night_hours_true_nee_vs_night_hours_model_reco": {
                "r2": 0.74,
                "rmse": 1.03
            },
            "night_hours_true_nee_vs_night_hours_model_nee": {
                "r2": 0.74,
                "rmse": 1.03
            },
            "dt_gpp_vs_nt_gpp": {
                "r2": 0.95,
                "rmse": 1.56
            },
            "dt_reco_vs_nt_reco": {
                "r2": 0.85,
                "rmse": 1
            },
            "val_r2": 0.9421
        }
    },
    "experiment_29": {
        "run_type": "Tramontana",
        "gpp_inputs": [
            "SW_IN",
            "VPD",
            "TA",
            "WTD",
            "WS",
            "PotRad",
            "PotRadHalfHourlyDiff",
            "PotRadDailyAvg",
            "PotRadDailyDiff",
            "WD_COS",
            "WD_SIN",
            "GPP_PROX"
        ],
        "reco_inputs": [
            "DOY_cos",
            "TA",
            "TS_1",
            "TS_2",
            "TS_3",
            "TS_4",
            "WTD",
            "WS",
            "WD_COS",
            "WD_SIN",
            "NIGHTLY_NEE_AVG"
        ],
        "metrics": {
            "dt_gpp_vs_model": {
                "r2": 0.97,
                "rmse": 1.27
            },
            "nt_gpp_vs_model": {
                "r2": 0.95,
                "rmse": 1.53
            },
            "dt_reco_vs_model": {
                "r2": 0.8,
                "rmse": 1.05
            },
            "nt_reco_vs_model": {
                "r2": 0.88,
                "rmse": 0.71
            },
            "night_hours_true_nee_vs_night_hours_model_reco": {
                "r2": 0.76,
                "rmse": 0.99
            },
            "night_hours_true_nee_vs_night_hours_model_nee": {
                "r2": 0.76,
                "rmse": 0.99
            },
            "dt_gpp_vs_nt_gpp": {
                "r2": 0.95,
                "rmse": 1.56
            },
            "dt_reco_vs_nt_reco": {
                "r2": 0.85,
                "rmse": 1
            },
            "val_r2": 0.9529
        }
    },
    "experiment_30": {
        "run_type": "Tramontana",
        "gpp_inputs": [
            "SW_IN",
            "VPD",
            "TA",
            "WTD",
            "WS",
            "PotRad",
            "PotRadHalfHourlyDiff",
            "PotRadDailyAvg",
            "PotRadDailyDiff",
            "WD_COS",
            "WD_SIN",
            "GPP_PROX"
        ],
        "reco_inputs": [
            "DOY_sin",
            "TA",
            "TS_1",
            "TS_2",
            "TS_3",
            "TS_4",
            "WTD",
            "WS",
            "WD_COS",
            "WD_SIN",
            "NIGHTLY_NEE_AVG"
        ],
        "metrics": {
            "dt_gpp_vs_model": {
                "r2": 0.97,
                "rmse": 1.22
            },
            "nt_gpp_vs_model": {
                "r2": 0.95,
                "rmse": 1.5
            },
            "dt_reco_vs_model": {
                "r2": 0.82,
                "rmse": 1.0
            },
            "nt_reco_vs_model": {
                "r2": 0.89,
                "rmse": 0.66
            },
            "night_hours_true_nee_vs_night_hours_model_reco": {
                "r2": 0.76,
                "rmse": 1.0
            },
            "night_hours_true_nee_vs_night_hours_model_nee": {
                "r2": 0.76,
                "rmse": 1.0
            },
            "dt_gpp_vs_nt_gpp": {
                "r2": 0.95,
                "rmse": 1.56
            },
            "dt_reco_vs_nt_reco": {
                "r2": 0.85,
                "rmse": 1
            },
            "val_r2": 0.9524
        }
    },
    "experiment_31": {
        "run_type": "Tramontana",
        "gpp_inputs": [
            "SW_IN",
            "VPD",
            "TA",
            "WTD",
            "WS",
            "PotRad",
            "PotRadHalfHourlyDiff",
            "PotRadDailyAvg",
            "PotRadDailyDiff",
            "WD_COS",
            "WD_SIN",
            "GPP_PROX"
        ],
        "reco_inputs": [
            "DOY_sin",
            "DOY_cos",
            "TS_1",
            "TS_2",
            "TS_3",
            "TS_4",
            "WTD",
            "WS",
            "WD_COS",
            "WD_SIN",
            "NIGHTLY_NEE_AVG"
        ],
        "metrics": {
            "dt_gpp_vs_model": {
                "r2": 0.97,
                "rmse": 1.23
            },
            "nt_gpp_vs_model": {
                "r2": 0.96,
                "rmse": 1.48
            },
            "dt_reco_vs_model": {
                "r2": 0.82,
                "rmse": 0.98
            },
            "nt_reco_vs_model": {
                "r2": 0.91,
                "rmse": 0.61
            },
            "night_hours_true_nee_vs_night_hours_model_reco": {
                "r2": 0.75,
                "rmse": 1.02
            },
            "night_hours_true_nee_vs_night_hours_model_nee": {
                "r2": 0.75,
                "rmse": 1.02
            },
            "dt_gpp_vs_nt_gpp": {
                "r2": 0.95,
                "rmse": 1.56
            },
            "dt_reco_vs_nt_reco": {
                "r2": 0.85,
                "rmse": 1
            },
            "val_r2": 0.9523
        }
    },
    "experiment_32": {
        "run_type": "Tramontana",
        "gpp_inputs": [
            "SW_IN",
            "VPD",
            "TA",
            "WTD",
            "WS",
            "PotRad",
            "PotRadHalfHourlyDiff",
            "PotRadDailyAvg",
            "PotRadDailyDiff",
            "WD_COS",
            "WD_SIN",
            "GPP_PROX"
        ],
        "reco_inputs": [
            "DOY_sin",
            "DOY_cos",
            "TA",
            "TS_2",
            "TS_3",
            "TS_4",
            "WTD",
            "WS",
            "WD_COS",
            "WD_SIN",
            "NIGHTLY_NEE_AVG"
        ],
        "metrics": {
            "dt_gpp_vs_model": {
                "r2": 0.97,
                "rmse": 1.3
            },
            "nt_gpp_vs_model": {
                "r2": 0.95,
                "rmse": 1.57
            },
            "dt_reco_vs_model": {
                "r2": 0.78,
                "rmse": 1.09
            },
            "nt_reco_vs_model": {
                "r2": 0.87,
                "rmse": 0.74
            },
            "night_hours_true_nee_vs_night_hours_model_reco": {
                "r2": 0.75,
                "rmse": 1.01
            },
            "night_hours_true_nee_vs_night_hours_model_nee": {
                "r2": 0.75,
                "rmse": 1.01
            },
            "dt_gpp_vs_nt_gpp": {
                "r2": 0.95,
                "rmse": 1.56
            },
            "dt_reco_vs_nt_reco": {
                "r2": 0.85,
                "rmse": 1
            },
            "val_r2": 0.9505
        }
    },
    "experiment_33": {
        "run_type": "Tramontana",
        "gpp_inputs": [
            "SW_IN",
            "VPD",
            "TA",
            "WTD",
            "WS",
            "PotRad",
            "PotRadHalfHourlyDiff",
            "PotRadDailyAvg",
            "PotRadDailyDiff",
            "WD_COS",
            "WD_SIN",
            "GPP_PROX"
        ],
        "reco_inputs": [
            "DOY_sin",
            "DOY_cos",
            "TA",
            "TS_1",
            "TS_3",
            "TS_4",
            "WTD",
            "WS",
            "WD_COS",
            "WD_SIN",
            "NIGHTLY_NEE_AVG"
        ],
        "metrics": {
            "dt_gpp_vs_model": {
                "r2": 0.97,
                "rmse": 1.23
            },
            "nt_gpp_vs_model": {
                "r2": 0.96,
                "rmse": 1.48
            },
            "dt_reco_vs_model": {
                "r2": 0.81,
                "rmse": 1.02
            },
            "nt_reco_vs_model": {
                "r2": 0.89,
                "rmse": 0.67
            },
            "night_hours_true_nee_vs_night_hours_model_reco": {
                "r2": 0.76,
                "rmse": 1.0
            },
            "night_hours_true_nee_vs_night_hours_model_nee": {
                "r2": 0.76,
                "rmse": 1.0
            },
            "dt_gpp_vs_nt_gpp": {
                "r2": 0.95,
                "rmse": 1.56
            },
            "dt_reco_vs_nt_reco": {
                "r2": 0.85,
                "rmse": 1
            },
            "val_r2": 0.9546
        }
    },
    "experiment_34": {
        "run_type": "Tramontana",
        "gpp_inputs": [
            "SW_IN",
            "VPD",
            "TA",
            "WTD",
            "WS",
            "PotRad",
            "PotRadHalfHourlyDiff",
            "PotRadDailyAvg",
            "PotRadDailyDiff",
            "WD_COS",
            "WD_SIN",
            "GPP_PROX"
        ],
        "reco_inputs": [
            "DOY_sin",
            "DOY_cos",
            "TA",
            "TS_1",
            "TS_2",
            "TS_4",
            "WTD",
            "WS",
            "WD_COS",
            "WD_SIN",
            "NIGHTLY_NEE_AVG"
        ],
        "metrics": {
            "dt_gpp_vs_model": {
                "r2": 0.97,
                "rmse": 1.22
            },
            "nt_gpp_vs_model": {
                "r2": 0.96,
                "rmse": 1.47
            },
            "dt_reco_vs_model": {
                "r2": 0.81,
                "rmse": 1.01
            },
            "nt_reco_vs_model": {
                "r2": 0.9,
                "rmse": 0.65
            },
            "night_hours_true_nee_vs_night_hours_model_reco": {
                "r2": 0.76,
                "rmse": 0.99
            },
            "night_hours_true_nee_vs_night_hours_model_nee": {
                "r2": 0.76,
                "rmse": 0.99
            },
            "dt_gpp_vs_nt_gpp": {
                "r2": 0.95,
                "rmse": 1.56
            },
            "dt_reco_vs_nt_reco": {
                "r2": 0.85,
                "rmse": 1
            },
            "val_r2": 0.955
        }
    },
    "experiment_35": {
        "run_type": "Tramontana",
        "gpp_inputs": [
            "SW_IN",
            "VPD",
            "TA",
            "WTD",
            "WS",
            "PotRad",
            "PotRadHalfHourlyDiff",
            "PotRadDailyAvg",
            "PotRadDailyDiff",
            "WD_COS",
            "WD_SIN",
            "GPP_PROX"
        ],
        "reco_inputs": [
            "DOY_sin",
            "DOY_cos",
            "TA",
            "TS_1",
            "TS_2",
            "TS_3",
            "WTD",
            "WS",
            "WD_COS",
            "WD_SIN",
            "NIGHTLY_NEE_AVG"
        ],
        "metrics": {
            "dt_gpp_vs_model": {
                "r2": 0.97,
                "rmse": 1.22
            },
            "nt_gpp_vs_model": {
                "r2": 0.96,
                "rmse": 1.48
            },
            "dt_reco_vs_model": {
                "r2": 0.81,
                "rmse": 1.02
            },
            "nt_reco_vs_model": {
                "r2": 0.89,
                "rmse": 0.68
            },
            "night_hours_true_nee_vs_night_hours_model_reco": {
                "r2": 0.76,
                "rmse": 0.99
            },
            "night_hours_true_nee_vs_night_hours_model_nee": {
                "r2": 0.76,
                "rmse": 0.99
            },
            "dt_gpp_vs_nt_gpp": {
                "r2": 0.95,
                "rmse": 1.56
            },
            "dt_reco_vs_nt_reco": {
                "r2": 0.85,
                "rmse": 1
            },
            "val_r2": 0.9553
        }
    },
    "experiment_36": {
        "run_type": "Tramontana",
        "gpp_inputs": [
            "SW_IN",
            "VPD",
            "TA",
            "WTD",
            "WS",
            "PotRad",
            "PotRadHalfHourlyDiff",
            "PotRadDailyAvg",
            "PotRadDailyDiff",
            "WD_COS",
            "WD_SIN",
            "GPP_PROX"
        ],
        "reco_inputs": [
            "DOY_sin",
            "DOY_cos",
            "TA",
            "TS_1",
            "TS_2",
            "TS_3",
            "TS_4",
            "WS",
            "WD_COS",
            "WD_SIN",
            "NIGHTLY_NEE_AVG"
        ],
        "metrics": {
            "dt_gpp_vs_model": {
                "r2": 0.97,
                "rmse": 1.3
            },
            "nt_gpp_vs_model": {
                "r2": 0.95,
                "rmse": 1.57
            },
            "dt_reco_vs_model": {
                "r2": 0.78,
                "rmse": 1.09
            },
            "nt_reco_vs_model": {
                "r2": 0.86,
                "rmse": 0.76
            },
            "night_hours_true_nee_vs_night_hours_model_reco": {
                "r2": 0.75,
                "rmse": 1.0
            },
            "night_hours_true_nee_vs_night_hours_model_nee": {
                "r2": 0.75,
                "rmse": 1.0
            },
            "dt_gpp_vs_nt_gpp": {
                "r2": 0.95,
                "rmse": 1.56
            },
            "dt_reco_vs_nt_reco": {
                "r2": 0.85,
                "rmse": 1
            },
            "val_r2": 0.9515
        }
    },
    "experiment_37": {
        "run_type": "Tramontana",
        "gpp_inputs": [
            "SW_IN",
            "VPD",
            "TA",
            "WTD",
            "WS",
            "PotRad",
            "PotRadHalfHourlyDiff",
            "PotRadDailyAvg",
            "PotRadDailyDiff",
            "WD_COS",
            "WD_SIN",
            "GPP_PROX"
        ],
        "reco_inputs": [
            "DOY_sin",
            "DOY_cos",
            "TA",
            "TS_1",
            "TS_2",
            "TS_3",
            "TS_4",
            "WTD",
            "WD_COS",
            "WD_SIN",
            "NIGHTLY_NEE_AVG"
        ],
        "metrics": {
            "dt_gpp_vs_model": {
                "r2": 0.97,
                "rmse": 1.27
            },
            "nt_gpp_vs_model": {
                "r2": 0.95,
                "rmse": 1.52
            },
            "dt_reco_vs_model": {
                "r2": 0.8,
                "rmse": 1.04
            },
            "nt_reco_vs_model": {
                "r2": 0.89,
                "rmse": 0.68
            },
            "night_hours_true_nee_vs_night_hours_model_reco": {
                "r2": 0.75,
                "rmse": 1.0
            },
            "night_hours_true_nee_vs_night_hours_model_nee": {
                "r2": 0.75,
                "rmse": 1.0
            },
            "dt_gpp_vs_nt_gpp": {
                "r2": 0.95,
                "rmse": 1.56
            },
            "dt_reco_vs_nt_reco": {
                "r2": 0.85,
                "rmse": 1
            },
            "val_r2": 0.9525
        }
    },
    "experiment_38": {
        "run_type": "Tramontana",
        "gpp_inputs": [
            "SW_IN",
            "VPD",
            "TA",
            "WTD",
            "WS",
            "PotRad",
            "PotRadHalfHourlyDiff",
            "PotRadDailyAvg",
            "PotRadDailyDiff",
            "WD_COS",
            "WD_SIN",
            "GPP_PROX"
        ],
        "reco_inputs": [
            "DOY_sin",
            "DOY_cos",
            "TA",
            "TS_1",
            "TS_2",
            "TS_3",
            "TS_4",
            "WTD",
            "WS",
            "WD_SIN",
            "NIGHTLY_NEE_AVG"
        ],
        "metrics": {
            "dt_gpp_vs_model": {
                "r2": 0.97,
                "rmse": 1.18
            },
            "nt_gpp_vs_model": {
                "r2": 0.96,
                "rmse": 1.48
            },
            "dt_reco_vs_model": {
                "r2": 0.82,
                "rmse": 0.99
            },
            "nt_reco_vs_model": {
                "r2": 0.9,
                "rmse": 0.64
            },
            "night_hours_true_nee_vs_night_hours_model_reco": {
                "r2": 0.76,
                "rmse": 0.99
            },
            "night_hours_true_nee_vs_night_hours_model_nee": {
                "r2": 0.76,
                "rmse": 0.99
            },
            "dt_gpp_vs_nt_gpp": {
                "r2": 0.95,
                "rmse": 1.56
            },
            "dt_reco_vs_nt_reco": {
                "r2": 0.85,
                "rmse": 1
            },
            "val_r2": 0.9541
        }
    },
    "experiment_39": {
        "run_type": "Tramontana",
        "gpp_inputs": [
            "SW_IN",
            "VPD",
            "TA",
            "WTD",
            "WS",
            "PotRad",
            "PotRadHalfHourlyDiff",
            "PotRadDailyAvg",
            "PotRadDailyDiff",
            "WD_COS",
            "WD_SIN",
            "GPP_PROX"
        ],
        "reco_inputs": [
            "DOY_sin",
            "DOY_cos",
            "TA",
            "TS_1",
            "TS_2",
            "TS_3",
            "TS_4",
            "WTD",
            "WS",
            "WD_COS",
            "NIGHTLY_NEE_AVG"
        ],
        "metrics": {
            "dt_gpp_vs_model": {
                "r2": 0.97,
                "rmse": 1.25
            },
            "nt_gpp_vs_model": {
                "r2": 0.95,
                "rmse": 1.52
            },
            "dt_reco_vs_model": {
                "r2": 0.81,
                "rmse": 1.02
            },
            "nt_reco_vs_model": {
                "r2": 0.89,
                "rmse": 0.69
            },
            "night_hours_true_nee_vs_night_hours_model_reco": {
                "r2": 0.75,
                "rmse": 1.0
            },
            "night_hours_true_nee_vs_night_hours_model_nee": {
                "r2": 0.75,
                "rmse": 1.0
            },
            "dt_gpp_vs_nt_gpp": {
                "r2": 0.95,
                "rmse": 1.56
            },
            "dt_reco_vs_nt_reco": {
                "r2": 0.85,
                "rmse": 1
            },
            "val_r2": 0.9525
        }
    },
    "experiment_40": {
        "run_type": "Tramontana",
        "gpp_inputs": [
            "SW_IN",
            "VPD",
            "TA",
            "WTD",
            "WS",
            "PotRad",
            "PotRadHalfHourlyDiff",
            "PotRadDailyAvg",
            "PotRadDailyDiff",
            "WD_COS",
            "WD_SIN",
            "GPP_PROX"
        ],
        "reco_inputs": [
            "DOY_sin",
            "DOY_cos",
            "TA",
            "TS_1",
            "TS_2",
            "TS_3",
            "TS_4",
            "WTD",
            "WS",
            "WD_COS",
            "WD_SIN"
        ],
        "metrics": {
            "dt_gpp_vs_model": {
                "r2": 0.97,
                "rmse": 1.2
            },
            "nt_gpp_vs_model": {
                "r2": 0.95,
                "rmse": 1.51
            },
            "dt_reco_vs_model": {
                "r2": 0.81,
                "rmse": 1.0
            },
            "nt_reco_vs_model": {
                "r2": 0.85,
                "rmse": 0.79
            },
            "night_hours_true_nee_vs_night_hours_model_reco": {
                "r2": 0.71,
                "rmse": 1.08
            },
            "night_hours_true_nee_vs_night_hours_model_nee": {
                "r2": 0.71,
                "rmse": 1.08
            },
            "dt_gpp_vs_nt_gpp": {
                "r2": 0.95,
                "rmse": 1.56
            },
            "dt_reco_vs_nt_reco": {
                "r2": 0.85,
                "rmse": 1
            },
            "val_r2": 0.9517
        }
    }
}
0.8631,0.86,0.82,0.19,0.07,0.49,0.49
0.8695,0.87,0.83,0.24,0.18,0.49,0.5
0.8739,0.86,0.82,0.13,-0.05,0.5,0.51
0.8876,0.85,0.81,-0.0,-0.26,0.52,0.52
0.8928,0.86,0.82,-0.03,-0.34,0.51,0.52
0.9021,0.87,0.83,0.06,-0.21,0.55,0.55
0.9011,0.87,0.83,0.02,-0.28,0.52,0.53
0.9018,0.86,0.82,-0.02,-0.34,0.54,0.54
0.8735,0.89,0.87,0.44,0.61,0.59,0.58
0.9194,0.89,0.86,0.21,-0.09,0.61,0.61
0.954,0.97,0.95,0.8,0.86,0.75,0.76
0.9547,0.97,0.95,0.79,0.88,0.76,0.76
0.9546,0.97,0.95,0.79,0.87,0.75,0.75
0.9535,0.97,0.95,0.78,0.84,0.75,0.75
0.9545,0.97,0.95,0.77,0.86,0.75,0.75
0.9555,0.97,0.95,0.79,0.85,0.76,0.76

0.9253,0.92,0.9,0.41,0.53,0.71,0.7
0.9537,0.97,0.95,0.78,0.8,0.75,0.75
0.9542,0.97,0.95,0.8,0.87,0.75,0.75
0.9545,0.97,0.95,0.8,0.85,0.75,0.75
0.9548,0.97,0.95,0.8,0.87,0.76,0.76
0.9534,0.97,0.95,0.79,0.78,0.75,0.75
0.9549,0.97,0.95,0.79,0.86,0.76,0.76
0.9535,0.97,0.95,0.8,0.86,0.75,0.75
0.9519,0.96,0.94,0.75,0.75,0.74,0.74
0.9516,0.97,0.95,0.77,0.83,0.74,0.74
0.952,0.97,0.95,0.78,0.83,0.75,0.75
0.9421,0.96,0.93,0.74,0.71,0.74,0.74

0.9529,0.97,0.95,0.8,0.88,0.76,0.76
0.9524,0.97,0.95,0.82,0.89,0.76,0.76
0.9523,0.97,0.96,0.82,0.91,0.75,0.75
0.9505,0.97,0.95,0.78,0.87,0.75,0.75
0.9546,0.97,0.96,0.81,0.89,0.76,0.76
0.955,0.97,0.96,0.81,0.9,0.76,0.76
0.9553,0.97,0.96,0.81,0.89,0.76,0.76
0.9515,0.97,0.95,0.78,0.86,0.75,0.75
0.9525,0.97,0.95,0.8,0.89,0.75,0.75
0.9541,0.97,0.96,0.82,0.9,0.76,0.76
0.9525,0.97,0.95,0.81,0.89,0.75,0.75
0.9517,0.97,0.95,0.81,0.85,0.71,0.71
Compare DT and NT methods' Reco predictions during night to true nee measured during night
night_hours_true_nee_vs_night_hours_dt_reco R2 0.63,
night_hours_true_nee_vs_night_hours_nt_reco R2 0.74,
Run ended at:   2025-08-15 01:31:20
Total duration: 1:43:26 (hh:mm:ss)
