created virtual environment CPython3.10.13.final.0-64 in 352ms
  creator CPython3Posix(dest=/localscratch/onurk.4672525.0/env, clear=False, no_vcs_ignore=False, global=False)
  seeder FromAppData(download=False, pip=bundle, setuptools=bundle, wheel=bundle, via=copy, app_data_dir=/home/onurk/.local/share/virtualenv)
    added seed packages: pip==25.2, setuptools==80.9.0, wheel==0.45.1+computecanada
  activators BashActivator,CShellActivator,FishActivator,NushellActivator,PowerShellActivator,PythonActivator
Looking in links: /cvmfs/soft.computecanada.ca/custom/python/wheelhouse/gentoo2023/x86-64-v4, /cvmfs/soft.computecanada.ca/custom/python/wheelhouse/gentoo2023/x86-64-v3, /cvmfs/soft.computecanada.ca/custom/python/wheelhouse/gentoo2023/generic, /cvmfs/soft.computecanada.ca/custom/python/wheelhouse/generic
Processing /cvmfs/soft.computecanada.ca/custom/python/wheelhouse/gentoo2023/x86-64-v3/torch-2.6.0+computecanada-cp310-cp310-linux_x86_64.whl
Processing /cvmfs/soft.computecanada.ca/custom/python/wheelhouse/generic/filelock-3.19.1+computecanada-py3-none-any.whl (from torch)
Requirement already satisfied: typing-extensions>=4.10.0 in /cvmfs/soft.computecanada.ca/easybuild/software/2023/x86-64-v4/Compiler/gcccore/ipykernel/2025a/lib/python3.10/site-packages (from torch) (4.12.2+computecanada)
Processing /cvmfs/soft.computecanada.ca/custom/python/wheelhouse/generic/networkx-3.5+computecanada-py3-none-any.whl (from torch)
Processing /cvmfs/soft.computecanada.ca/custom/python/wheelhouse/generic/jinja2-3.1.6+computecanada-py3-none-any.whl (from torch)
Processing /cvmfs/soft.computecanada.ca/custom/python/wheelhouse/generic/fsspec-2025.9.0+computecanada-py3-none-any.whl (from torch)
Processing /cvmfs/soft.computecanada.ca/custom/python/wheelhouse/generic/sympy-1.13.1+computecanada-py3-none-any.whl (from torch)
Requirement already satisfied: mpmath<1.4,>=1.1.0 in /cvmfs/soft.computecanada.ca/easybuild/software/2023/x86-64-v4/Compiler/gcccore/scipy-stack/2025a/lib/python3.10/site-packages (from sympy==1.13.1->torch) (1.3.0+computecanada)
Processing /cvmfs/soft.computecanada.ca/custom/python/wheelhouse/generic/MarkupSafe-2.1.5+computecanada-cp310-cp310-linux_x86_64.whl (from jinja2->torch)
INFO: pip is looking at multiple versions of networkx to determine which version is compatible with other requirements. This could take a while.
Processing /cvmfs/soft.computecanada.ca/custom/python/wheelhouse/generic/networkx-3.4.2+computecanada-py3-none-any.whl (from torch)
Installing collected packages: sympy, networkx, MarkupSafe, fsspec, filelock, jinja2, torch
  Attempting uninstall: sympy
    Found existing installation: sympy 1.13.3+computecanada
    Not uninstalling sympy at /cvmfs/soft.computecanada.ca/easybuild/software/2023/x86-64-v4/Compiler/gcccore/scipy-stack/2025a/lib/python3.10/site-packages, outside environment /localscratch/onurk.4672525.0/env
    Can't uninstall 'sympy'. No files were found to uninstall.

Successfully installed MarkupSafe-2.1.5+computecanada filelock-3.19.1+computecanada fsspec-2025.9.0+computecanada jinja2-3.1.6+computecanada networkx-3.4.2+computecanada sympy-1.13.1+computecanada torch-2.6.0+computecanada
pre_processing: False      drop_na: False       normalize_raw_features: False       train_models: True       save_models: True       hidden_size: 12       tramontana_run: True       
Site name: CARBM      Full file name: CARBM_nee_partition_202206140000_202509122359.csv      
Run started at: 2025-09-17 14:31:00
gpp_input_names,  ['SW_IN', 'TA'] 
reco_input_names,  ['DOY_sin', 'DOY_cos', 'TA'] 
true_nee_name,  ['NEE'] 

Tramontana Running on GPU With hidden layer size of 12 Total epochs: 100000 lr: 0.001 patience: 500 min_delta 0.01
SNN_GPP_Tram(
  (net): Sequential(
    (0): Linear(in_features=2, out_features=12, bias=True)
    (1): Tanh()
    (2): Linear(in_features=12, out_features=1, bias=True)
    (3): Sigmoid()
  )
)
SNN_RECO_Tram(
  (net): Sequential(
    (0): Linear(in_features=3, out_features=12, bias=True)
    (1): Tanh()
    (2): Linear(in_features=12, out_features=1, bias=True)
    (3): Sigmoid()
  )
)
Params are min slope: 2e-06, trend window: 100
Epoch     0 | Train Loss: 18698.361328 | Val Loss: 18953.066406 | Train R²: -663073.1875 | Val R²: -662831.0000 | NightHrsTrueNEE vs NightHrsModelReco R²: -71.4800 | NightHrsTrueNee vs NightHrsModelNee R²: -217.2200
Epoch   500 | Train Loss: 265.600037 | Val Loss: 264.901550 | Train R²: -9417.6084 | Val R²: -9263.2119 | NightHrsTrueNEE vs NightHrsModelReco R²: -239.7900 | NightHrsTrueNee vs NightHrsModelNee R²: -228.7200
Epoch  1000 | Train Loss: 65.846703 | Val Loss: 65.904762 | Train R²: -2334.0310 | Val R²: -2303.8398 | NightHrsTrueNEE vs NightHrsModelReco R²: -295.8600 | NightHrsTrueNee vs NightHrsModelNee R²: -283.2200
Epoch  1500 | Train Loss: 28.316605 | Val Loss: 28.501526 | Train R²: -1003.1528 | Val R²: -995.7634 | NightHrsTrueNEE vs NightHrsModelReco R²: -316.1200 | NightHrsTrueNee vs NightHrsModelNee R²: -305.0700
Epoch  2000 | Train Loss: 15.077779 | Val Loss: 15.274989 | Train R²: -533.6825 | Val R²: -533.2012 | NightHrsTrueNEE vs NightHrsModelReco R²: -325.6600 | NightHrsTrueNee vs NightHrsModelNee R²: -316.1100
Epoch  2500 | Train Loss: 8.989417 | Val Loss: 9.171646 | Train R²: -317.7793 | Val R²: -319.7534 | NightHrsTrueNEE vs NightHrsModelReco R²: -330.9400 | NightHrsTrueNee vs NightHrsModelNee R²: -322.6200
Epoch  3000 | Train Loss: 5.752618 | Val Loss: 5.913758 | Train R²: -202.9972 | Val R²: -205.8176 | NightHrsTrueNEE vs NightHrsModelReco R²: -334.0700 | NightHrsTrueNee vs NightHrsModelNee R²: -326.7500
Epoch  3500 | Train Loss: 3.871450 | Val Loss: 4.011531 | Train R²: -136.2879 | Val R²: -139.2924 | NightHrsTrueNEE vs NightHrsModelReco R²: -335.8200 | NightHrsTrueNee vs NightHrsModelNee R²: -329.3300
Epoch  4000 | Train Loss: 2.712774 | Val Loss: 2.833674 | Train R²: -95.1994 | Val R²: -98.1000 | NightHrsTrueNEE vs NightHrsModelReco R²: -336.3900 | NightHrsTrueNee vs NightHrsModelNee R²: -330.6000
Epoch  4500 | Train Loss: 1.970486 | Val Loss: 2.074507 | Train R²: -68.8766 | Val R²: -71.5502 | NightHrsTrueNEE vs NightHrsModelReco R²: -335.2500 | NightHrsTrueNee vs NightHrsModelNee R²: -330.0500
Epoch  5000 | Train Loss: 1.480006 | Val Loss: 1.569249 | Train R²: -51.4834 | Val R²: -53.8802 | NightHrsTrueNEE vs NightHrsModelReco R²: -328.9300 | NightHrsTrueNee vs NightHrsModelNee R²: -324.2800
Epoch  5500 | Train Loss: 1.135971 | Val Loss: 1.211094 | Train R²: -39.2834 | Val R²: -41.3547 | NightHrsTrueNEE vs NightHrsModelReco R²: -293.3500 | NightHrsTrueNee vs NightHrsModelNee R²: -289.3600
Epoch  6000 | Train Loss: 0.896757 | Val Loss: 0.960093 | Train R²: -30.8004 | Val R²: -32.5767 | NightHrsTrueNEE vs NightHrsModelReco R²: -266.7200 | NightHrsTrueNee vs NightHrsModelNee R²: -263.2800
Epoch  6500 | Train Loss: 0.730241 | Val Loss: 0.784165 | Train R²: -24.8955 | Val R²: -26.4240 | NightHrsTrueNEE vs NightHrsModelReco R²: -252.3300 | NightHrsTrueNee vs NightHrsModelNee R²: -249.3100
Epoch  7000 | Train Loss: 0.608522 | Val Loss: 0.654609 | Train R²: -20.5792 | Val R²: -21.8932 | NightHrsTrueNEE vs NightHrsModelReco R²: -235.5400 | NightHrsTrueNee vs NightHrsModelNee R²: -232.9000
Epoch  7500 | Train Loss: 0.508364 | Val Loss: 0.548114 | Train R²: -17.0274 | Val R²: -18.1688 | NightHrsTrueNEE vs NightHrsModelReco R²: -210.7700 | NightHrsTrueNee vs NightHrsModelNee R²: -208.5300
Epoch  8000 | Train Loss: 0.404295 | Val Loss: 0.438960 | Train R²: -13.3370 | Val R²: -14.3514 | NightHrsTrueNEE vs NightHrsModelReco R²: -166.8400 | NightHrsTrueNee vs NightHrsModelNee R²: -165.0800
Epoch  8500 | Train Loss: 0.281324 | Val Loss: 0.310220 | Train R²: -8.9762 | Val R²: -9.8491 | NightHrsTrueNEE vs NightHrsModelReco R²: -79.3200 | NightHrsTrueNee vs NightHrsModelNee R²: -78.2300
Epoch  9000 | Train Loss: 0.209476 | Val Loss: 0.232574 | Train R²: -6.4284 | Val R²: -7.1336 | NightHrsTrueNEE vs NightHrsModelReco R²: -51.9700 | NightHrsTrueNee vs NightHrsModelNee R²: -51.2000
Epoch  9500 | Train Loss: 0.157559 | Val Loss: 0.176050 | Train R²: -4.5873 | Val R²: -5.1569 | NightHrsTrueNEE vs NightHrsModelReco R²: -37.5100 | NightHrsTrueNee vs NightHrsModelNee R²: -36.9400
Epoch 10000 | Train Loss: 0.119693 | Val Loss: 0.134532 | Train R²: -3.2445 | Val R²: -3.7049 | NightHrsTrueNEE vs NightHrsModelReco R²: -27.4200 | NightHrsTrueNee vs NightHrsModelNee R²: -26.9900
Epoch 10500 | Train Loss: 0.091935 | Val Loss: 0.103866 | Train R²: -2.2602 | Val R²: -2.6324 | NightHrsTrueNEE vs NightHrsModelReco R²: -20.2100 | NightHrsTrueNee vs NightHrsModelNee R²: -19.8900
Epoch 11000 | Train Loss: 0.071511 | Val Loss: 0.081111 | Train R²: -1.5359 | Val R²: -1.8367 | NightHrsTrueNEE vs NightHrsModelReco R²: -15.0400 | NightHrsTrueNee vs NightHrsModelNee R²: -14.8000
Epoch 11500 | Train Loss: 0.056468 | Val Loss: 0.064184 | Train R²: -1.0024 | Val R²: -1.2447 | NightHrsTrueNEE vs NightHrsModelReco R²: -11.3500 | NightHrsTrueNee vs NightHrsModelNee R²: -11.1700
Epoch 12000 | Train Loss: 0.045395 | Val Loss: 0.051578 | Train R²: -0.6098 | Val R²: -0.8038 | NightHrsTrueNEE vs NightHrsModelReco R²: -8.7300 | NightHrsTrueNee vs NightHrsModelNee R²: -8.5900
Epoch 12500 | Train Loss: 0.037261 | Val Loss: 0.042189 | Train R²: -0.3213 | Val R²: -0.4754 | NightHrsTrueNEE vs NightHrsModelReco R²: -6.8600 | NightHrsTrueNee vs NightHrsModelNee R²: -6.7600
Epoch 13000 | Train Loss: 0.031307 | Val Loss: 0.035206 | Train R²: -0.1102 | Val R²: -0.2312 | NightHrsTrueNEE vs NightHrsModelReco R²: -5.5300 | NightHrsTrueNee vs NightHrsModelNee R²: -5.4500
Epoch 13500 | Train Loss: 0.026975 | Val Loss: 0.030035 | Train R²: 0.0434 | Val R²: -0.0504 | NightHrsTrueNEE vs NightHrsModelReco R²: -4.5700 | NightHrsTrueNee vs NightHrsModelNee R²: -4.5100
Epoch 14000 | Train Loss: 0.023849 | Val Loss: 0.026237 | Train R²: 0.1543 | Val R²: 0.0824 | NightHrsTrueNEE vs NightHrsModelReco R²: -3.8800 | NightHrsTrueNee vs NightHrsModelNee R²: -3.8300
Epoch 14500 | Train Loss: 0.021616 | Val Loss: 0.023478 | Train R²: 0.2335 | Val R²: 0.1789 | NightHrsTrueNEE vs NightHrsModelReco R²: -3.3600 | NightHrsTrueNee vs NightHrsModelNee R²: -3.3300
Epoch 15000 | Train Loss: 0.020033 | Val Loss: 0.021496 | Train R²: 0.2896 | Val R²: 0.2482 | NightHrsTrueNEE vs NightHrsModelReco R²: -2.9900 | NightHrsTrueNee vs NightHrsModelNee R²: -2.9600
Epoch 15500 | Train Loss: 0.018915 | Val Loss: 0.020082 | Train R²: 0.3293 | Val R²: 0.2977 | NightHrsTrueNEE vs NightHrsModelReco R²: -2.7200 | NightHrsTrueNee vs NightHrsModelNee R²: -2.6900
Epoch 16000 | Train Loss: 0.018119 | Val Loss: 0.019068 | Train R²: 0.3575 | Val R²: 0.3331 | NightHrsTrueNEE vs NightHrsModelReco R²: -2.5200 | NightHrsTrueNee vs NightHrsModelNee R²: -2.5000
Epoch 16500 | Train Loss: 0.017533 | Val Loss: 0.018319 | Train R²: 0.3783 | Val R²: 0.3593 | NightHrsTrueNEE vs NightHrsModelReco R²: -2.3800 | NightHrsTrueNee vs NightHrsModelNee R²: -2.3600
Epoch 17000 | Train Loss: 0.017067 | Val Loss: 0.017727 | Train R²: 0.3948 | Val R²: 0.3801 | NightHrsTrueNEE vs NightHrsModelReco R²: -2.2700 | NightHrsTrueNee vs NightHrsModelNee R²: -2.2600
Epoch 17500 | Train Loss: 0.016649 | Val Loss: 0.017208 | Train R²: 0.4096 | Val R²: 0.3982 | NightHrsTrueNEE vs NightHrsModelReco R²: -2.2000 | NightHrsTrueNee vs NightHrsModelNee R²: -2.1900
Epoch 18000 | Train Loss: 0.016222 | Val Loss: 0.016698 | Train R²: 0.4247 | Val R²: 0.4160 | NightHrsTrueNEE vs NightHrsModelReco R²: -2.1400 | NightHrsTrueNee vs NightHrsModelNee R²: -2.1400
Epoch 18500 | Train Loss: 0.015740 | Val Loss: 0.016144 | Train R²: 0.4419 | Val R²: 0.4354 | NightHrsTrueNEE vs NightHrsModelReco R²: -2.1000 | NightHrsTrueNee vs NightHrsModelNee R²: -2.0900
Epoch 19000 | Train Loss: 0.015164 | Val Loss: 0.015505 | Train R²: 0.4622 | Val R²: 0.4578 | NightHrsTrueNEE vs NightHrsModelReco R²: -2.0400 | NightHrsTrueNee vs NightHrsModelNee R²: -2.0400
Epoch 19500 | Train Loss: 0.014468 | Val Loss: 0.014745 | Train R²: 0.4869 | Val R²: 0.4843 | NightHrsTrueNEE vs NightHrsModelReco R²: -1.9400 | NightHrsTrueNee vs NightHrsModelNee R²: -1.9400
Epoch 20000 | Train Loss: 0.013573 | Val Loss: 0.013797 | Train R²: 0.5187 | Val R²: 0.5175 | NightHrsTrueNEE vs NightHrsModelReco R²: -1.6800 | NightHrsTrueNee vs NightHrsModelNee R²: -1.6700
Epoch 20500 | Train Loss: 0.012495 | Val Loss: 0.012685 | Train R²: 0.5569 | Val R²: 0.5564 | NightHrsTrueNEE vs NightHrsModelReco R²: -1.4100 | NightHrsTrueNee vs NightHrsModelNee R²: -1.4000
Epoch 21000 | Train Loss: 0.011437 | Val Loss: 0.011573 | Train R²: 0.5944 | Val R²: 0.5953 | NightHrsTrueNEE vs NightHrsModelReco R²: -1.3100 | NightHrsTrueNee vs NightHrsModelNee R²: -1.3000
Epoch 21500 | Train Loss: 0.010432 | Val Loss: 0.010514 | Train R²: 0.6300 | Val R²: 0.6323 | NightHrsTrueNEE vs NightHrsModelReco R²: -1.2000 | NightHrsTrueNee vs NightHrsModelNee R²: -1.1900
Epoch 22000 | Train Loss: 0.009466 | Val Loss: 0.009514 | Train R²: 0.6643 | Val R²: 0.6673 | NightHrsTrueNEE vs NightHrsModelReco R²: -1.0700 | NightHrsTrueNee vs NightHrsModelNee R²: -1.0700
Epoch 22500 | Train Loss: 0.008559 | Val Loss: 0.008592 | Train R²: 0.6965 | Val R²: 0.6995 | NightHrsTrueNEE vs NightHrsModelReco R²: -0.9300 | NightHrsTrueNee vs NightHrsModelNee R²: -0.9200
Epoch 23000 | Train Loss: 0.007753 | Val Loss: 0.007784 | Train R²: 0.7251 | Val R²: 0.7278 | NightHrsTrueNEE vs NightHrsModelReco R²: -0.7700 | NightHrsTrueNee vs NightHrsModelNee R²: -0.7700
Epoch 23500 | Train Loss: 0.007065 | Val Loss: 0.007096 | Train R²: 0.7495 | Val R²: 0.7518 | NightHrsTrueNEE vs NightHrsModelReco R²: -0.5900 | NightHrsTrueNee vs NightHrsModelNee R²: -0.5900
Epoch 24000 | Train Loss: 0.006367 | Val Loss: 0.006378 | Train R²: 0.7742 | Val R²: 0.7770 | NightHrsTrueNEE vs NightHrsModelReco R²: -0.4000 | NightHrsTrueNee vs NightHrsModelNee R²: -0.4000
Epoch 24500 | Train Loss: 0.005655 | Val Loss: 0.005658 | Train R²: 0.7995 | Val R²: 0.8021 | NightHrsTrueNEE vs NightHrsModelReco R²: -0.2200 | NightHrsTrueNee vs NightHrsModelNee R²: -0.2200
Epoch 25000 | Train Loss: 0.005071 | Val Loss: 0.005075 | Train R²: 0.8202 | Val R²: 0.8225 | NightHrsTrueNEE vs NightHrsModelReco R²: -0.0800 | NightHrsTrueNee vs NightHrsModelNee R²: -0.0800
Epoch 25500 | Train Loss: 0.004733 | Val Loss: 0.004748 | Train R²: 0.8322 | Val R²: 0.8340 | NightHrsTrueNEE vs NightHrsModelReco R²: 0.0000 | NightHrsTrueNee vs NightHrsModelNee R²: 0.0000
Epoch 26000 | Train Loss: 0.004598 | Val Loss: 0.004622 | Train R²: 0.8370 | Val R²: 0.8384 | NightHrsTrueNEE vs NightHrsModelReco R²: 0.0500 | NightHrsTrueNee vs NightHrsModelNee R²: 0.0500
Epoch 26500 | Train Loss: 0.004549 | Val Loss: 0.004579 | Train R²: 0.8387 | Val R²: 0.8398 | NightHrsTrueNEE vs NightHrsModelReco R²: 0.0700 | NightHrsTrueNee vs NightHrsModelNee R²: 0.0700
Early stopping at epoch 26560 due to flat/negative trend (slope=0.000002)
Epoch 26560 | Train Loss: 0.004546 | Val Loss: 0.004576 | Train R²: 0.8388 | Val R²: 0.8400
Unpickling models
Following models have been loaded and moved to cuda:
trained gpp model:
 SNN_GPP_Tram(
  (net): Sequential(
    (0): Linear(in_features=2, out_features=12, bias=True)
    (1): Tanh()
    (2): Linear(in_features=12, out_features=1, bias=True)
    (3): Sigmoid()
  )
), trained_reco_model:
 SNN_GPP_Tram(
  (net): Sequential(
    (0): Linear(in_features=3, out_features=12, bias=True)
    (1): Tanh()
    (2): Linear(in_features=12, out_features=1, bias=True)
    (3): Sigmoid()
  )
)
using full data set for visualization
Un-normalizing the GPP and RECO predictions using NEE min: tensor([-28.6423]), NEE max: tensor([15.6103])



Metrics for the Tramontana, with
GPP inputs: ['SW_IN', 'TA']
RECO inputs: ['DOY_sin', 'DOY_cos', 'TA']:
dt_gpp vs Tramontana_GPP R²=0.75 RMSE=2.69
nt_gpp vs Tramontana_GPP R²=0.72 RMSE=2.91
dt_reco vs Tramontana_RECO R²=-1.29 RMSE=2.29
nt_reco vs Tramontana_RECO R²=-1.52 RMSE=2.13
night_hours_true_nee vs Tramontana_night_hours_model_reco R²=0.06 RMSE=1.35
night_hours_true_nee vs Tramontana_night_hours_model_nee R²=0.06 RMSE=1.35
dt_gpp vs nt_gpp R²=0.94 RMSE=1.33
dt_reco vs nt_reco R²=0.71 RMSE=1.00

gpp_input_names,  ['SW_IN', 'TA', 'VPD'] 
reco_input_names,  ['DOY_sin', 'DOY_cos', 'TA'] 
true_nee_name,  ['NEE'] 

Tramontana Running on GPU With hidden layer size of 12 Total epochs: 100000 lr: 0.001 patience: 500 min_delta 0.01
SNN_GPP_Tram(
  (net): Sequential(
    (0): Linear(in_features=3, out_features=12, bias=True)
    (1): Tanh()
    (2): Linear(in_features=12, out_features=1, bias=True)
    (3): Sigmoid()
  )
)
SNN_RECO_Tram(
  (net): Sequential(
    (0): Linear(in_features=3, out_features=12, bias=True)
    (1): Tanh()
    (2): Linear(in_features=12, out_features=1, bias=True)
    (3): Sigmoid()
  )
)
Params are min slope: 2e-06, trend window: 100
Epoch     0 | Train Loss: 20957.951172 | Val Loss: 21314.226562 | Train R²: -743202.0000 | Val R²: -745406.1250 | NightHrsTrueNEE vs NightHrsModelReco R²: -74.1600 | NightHrsTrueNee vs NightHrsModelNee R²: -210.1400
Epoch   500 | Train Loss: 344.060883 | Val Loss: 343.706665 | Train R²: -12199.9590 | Val R²: -12019.2061 | NightHrsTrueNEE vs NightHrsModelReco R²: -245.6100 | NightHrsTrueNee vs NightHrsModelNee R²: -234.8400
Epoch  1000 | Train Loss: 82.471703 | Val Loss: 82.577675 | Train R²: -2923.5803 | Val R²: -2886.9294 | NightHrsTrueNEE vs NightHrsModelReco R²: -299.4700 | NightHrsTrueNee vs NightHrsModelNee R²: -286.1600
Epoch  1500 | Train Loss: 33.963547 | Val Loss: 34.153267 | Train R²: -1203.4025 | Val R²: -1193.4177 | NightHrsTrueNEE vs NightHrsModelReco R²: -318.5600 | NightHrsTrueNee vs NightHrsModelNee R²: -306.6900
Epoch  2000 | Train Loss: 17.331770 | Val Loss: 17.518539 | Train R²: -613.6127 | Val R²: -611.6633 | NightHrsTrueNEE vs NightHrsModelReco R²: -327.4800 | NightHrsTrueNee vs NightHrsModelNee R²: -317.1400
Epoch  2500 | Train Loss: 9.945819 | Val Loss: 10.111282 | Train R²: -351.6949 | Val R²: -352.6146 | NightHrsTrueNEE vs NightHrsModelReco R²: -332.4100 | NightHrsTrueNee vs NightHrsModelNee R²: -323.3800
Epoch  3000 | Train Loss: 6.157370 | Val Loss: 6.299461 | Train R²: -217.3503 | Val R²: -219.3065 | NightHrsTrueNEE vs NightHrsModelReco R²: -335.3400 | NightHrsTrueNee vs NightHrsModelNee R²: -327.4000
Epoch  3500 | Train Loss: 4.029510 | Val Loss: 4.150337 | Train R²: -141.8930 | Val R²: -144.1467 | NightHrsTrueNEE vs NightHrsModelReco R²: -337.0300 | NightHrsTrueNee vs NightHrsModelNee R²: -329.9900
Epoch  4000 | Train Loss: 2.759725 | Val Loss: 2.862260 | Train R²: -96.8643 | Val R²: -99.0997 | NightHrsTrueNEE vs NightHrsModelReco R²: -337.6600 | NightHrsTrueNee vs NightHrsModelNee R²: -331.3800
Epoch  4500 | Train Loss: 1.969733 | Val Loss: 2.056833 | Train R²: -68.8499 | Val R²: -70.9321 | NightHrsTrueNEE vs NightHrsModelReco R²: -336.7800 | NightHrsTrueNee vs NightHrsModelNee R²: -331.1500
Epoch  5000 | Train Loss: 1.461902 | Val Loss: 1.535906 | Train R²: -50.8414 | Val R²: -52.7141 | NightHrsTrueNEE vs NightHrsModelReco R²: -330.9500 | NightHrsTrueNee vs NightHrsModelNee R²: -325.9100
Epoch  5500 | Train Loss: 1.114056 | Val Loss: 1.175597 | Train R²: -38.5062 | Val R²: -40.1133 | NightHrsTrueNEE vs NightHrsModelReco R²: -292.5300 | NightHrsTrueNee vs NightHrsModelNee R²: -288.2200
Epoch  6000 | Train Loss: 0.878890 | Val Loss: 0.930631 | Train R²: -30.1669 | Val R²: -31.5463 | NightHrsTrueNEE vs NightHrsModelReco R²: -271.2600 | NightHrsTrueNee vs NightHrsModelNee R²: -267.5000
Epoch  6500 | Train Loss: 0.718179 | Val Loss: 0.762065 | Train R²: -24.4678 | Val R²: -25.6511 | NightHrsTrueNEE vs NightHrsModelReco R²: -257.8300 | NightHrsTrueNee vs NightHrsModelNee R²: -254.5100
Epoch  7000 | Train Loss: 0.603936 | Val Loss: 0.641281 | Train R²: -20.4166 | Val R²: -21.4270 | NightHrsTrueNEE vs NightHrsModelReco R²: -243.6800 | NightHrsTrueNee vs NightHrsModelNee R²: -240.7500
Epoch  7500 | Train Loss: 0.512736 | Val Loss: 0.544516 | Train R²: -17.1825 | Val R²: -18.0430 | NightHrsTrueNEE vs NightHrsModelReco R²: -225.0500 | NightHrsTrueNee vs NightHrsModelNee R²: -222.4800
Epoch  8000 | Train Loss: 0.410785 | Val Loss: 0.438218 | Train R²: -13.5671 | Val R²: -14.3255 | NightHrsTrueNEE vs NightHrsModelReco R²: -187.1200 | NightHrsTrueNee vs NightHrsModelNee R²: -184.9800
Epoch  8500 | Train Loss: 0.269150 | Val Loss: 0.292291 | Train R²: -8.5445 | Val R²: -9.2221 | NightHrsTrueNEE vs NightHrsModelReco R²: -68.9200 | NightHrsTrueNee vs NightHrsModelNee R²: -67.8000
Epoch  9000 | Train Loss: 0.198307 | Val Loss: 0.216629 | Train R²: -6.0323 | Val R²: -6.5760 | NightHrsTrueNEE vs NightHrsModelReco R²: -45.5800 | NightHrsTrueNee vs NightHrsModelNee R²: -44.7900
Epoch  9500 | Train Loss: 0.148297 | Val Loss: 0.162909 | Train R²: -4.2589 | Val R²: -4.6973 | NightHrsTrueNEE vs NightHrsModelReco R²: -32.6000 | NightHrsTrueNee vs NightHrsModelNee R²: -32.0200
Epoch 10000 | Train Loss: 0.112435 | Val Loss: 0.124115 | Train R²: -2.9871 | Val R²: -3.3406 | NightHrsTrueNEE vs NightHrsModelReco R²: -23.7100 | NightHrsTrueNee vs NightHrsModelNee R²: -23.2700
Epoch 10500 | Train Loss: 0.086436 | Val Loss: 0.095765 | Train R²: -2.0651 | Val R²: -2.3491 | NightHrsTrueNEE vs NightHrsModelReco R²: -17.5800 | NightHrsTrueNee vs NightHrsModelNee R²: -17.2600
Epoch 11000 | Train Loss: 0.067506 | Val Loss: 0.074930 | Train R²: -1.3939 | Val R²: -1.6205 | NightHrsTrueNEE vs NightHrsModelReco R²: -13.3400 | NightHrsTrueNee vs NightHrsModelNee R²: -13.0900
Epoch 11500 | Train Loss: 0.053747 | Val Loss: 0.059625 | Train R²: -0.9059 | Val R²: -1.0852 | NightHrsTrueNEE vs NightHrsModelReco R²: -10.3200 | NightHrsTrueNee vs NightHrsModelNee R²: -10.1300
Epoch 12000 | Train Loss: 0.043744 | Val Loss: 0.048378 | Train R²: -0.5512 | Val R²: -0.6919 | NightHrsTrueNEE vs NightHrsModelReco R²: -8.1200 | NightHrsTrueNee vs NightHrsModelNee R²: -7.9900
Epoch 12500 | Train Loss: 0.036470 | Val Loss: 0.040111 | Train R²: -0.2933 | Val R²: -0.4028 | NightHrsTrueNEE vs NightHrsModelReco R²: -6.5200 | NightHrsTrueNee vs NightHrsModelNee R²: -6.4100
Epoch 13000 | Train Loss: 0.031188 | Val Loss: 0.034049 | Train R²: -0.1060 | Val R²: -0.1908 | NightHrsTrueNEE vs NightHrsModelReco R²: -5.3400 | NightHrsTrueNee vs NightHrsModelNee R²: -5.2600
Epoch 13500 | Train Loss: 0.027367 | Val Loss: 0.029627 | Train R²: 0.0295 | Val R²: -0.0361 | NightHrsTrueNEE vs NightHrsModelReco R²: -4.4800 | NightHrsTrueNee vs NightHrsModelNee R²: -4.4100
Epoch 14000 | Train Loss: 0.024620 | Val Loss: 0.026423 | Train R²: 0.1269 | Val R²: 0.0759 | NightHrsTrueNEE vs NightHrsModelReco R²: -3.8400 | NightHrsTrueNee vs NightHrsModelNee R²: -3.8000
Epoch 14500 | Train Loss: 0.022658 | Val Loss: 0.024118 | Train R²: 0.1965 | Val R²: 0.1565 | NightHrsTrueNEE vs NightHrsModelReco R²: -3.3800 | NightHrsTrueNee vs NightHrsModelNee R²: -3.3400
Epoch 15000 | Train Loss: 0.021265 | Val Loss: 0.022469 | Train R²: 0.2459 | Val R²: 0.2142 | NightHrsTrueNEE vs NightHrsModelReco R²: -3.0300 | NightHrsTrueNee vs NightHrsModelNee R²: -3.0100
Epoch 15500 | Train Loss: 0.020274 | Val Loss: 0.021287 | Train R²: 0.2811 | Val R²: 0.2555 | NightHrsTrueNEE vs NightHrsModelReco R²: -2.7700 | NightHrsTrueNee vs NightHrsModelNee R²: -2.7500
Epoch 16000 | Train Loss: 0.019558 | Val Loss: 0.020430 | Train R²: 0.3065 | Val R²: 0.2855 | NightHrsTrueNEE vs NightHrsModelReco R²: -2.5700 | NightHrsTrueNee vs NightHrsModelNee R²: -2.5500
Epoch 16500 | Train Loss: 0.019014 | Val Loss: 0.019783 | Train R²: 0.3257 | Val R²: 0.3081 | NightHrsTrueNEE vs NightHrsModelReco R²: -2.4000 | NightHrsTrueNee vs NightHrsModelNee R²: -2.3900
Epoch 17000 | Train Loss: 0.018562 | Val Loss: 0.019253 | Train R²: 0.3418 | Val R²: 0.3267 | NightHrsTrueNEE vs NightHrsModelReco R²: -2.2600 | NightHrsTrueNee vs NightHrsModelNee R²: -2.2500
Epoch 17500 | Train Loss: 0.018131 | Val Loss: 0.018758 | Train R²: 0.3570 | Val R²: 0.3440 | NightHrsTrueNEE vs NightHrsModelReco R²: -2.1400 | NightHrsTrueNee vs NightHrsModelNee R²: -2.1300
Epoch 18000 | Train Loss: 0.017663 | Val Loss: 0.018234 | Train R²: 0.3736 | Val R²: 0.3623 | NightHrsTrueNEE vs NightHrsModelReco R²: -2.0100 | NightHrsTrueNee vs NightHrsModelNee R²: -2.0000
Epoch 18500 | Train Loss: 0.017098 | Val Loss: 0.017622 | Train R²: 0.3937 | Val R²: 0.3837 | NightHrsTrueNEE vs NightHrsModelReco R²: -1.8500 | NightHrsTrueNee vs NightHrsModelNee R²: -1.8400
Epoch 19000 | Train Loss: 0.016343 | Val Loss: 0.016814 | Train R²: 0.4204 | Val R²: 0.4120 | NightHrsTrueNEE vs NightHrsModelReco R²: -1.5700 | NightHrsTrueNee vs NightHrsModelNee R²: -1.5600
Epoch 19500 | Train Loss: 0.015498 | Val Loss: 0.015903 | Train R²: 0.4504 | Val R²: 0.4438 | NightHrsTrueNEE vs NightHrsModelReco R²: -1.5000 | NightHrsTrueNee vs NightHrsModelNee R²: -1.4900
Epoch 20000 | Train Loss: 0.014576 | Val Loss: 0.014930 | Train R²: 0.4831 | Val R²: 0.4779 | NightHrsTrueNEE vs NightHrsModelReco R²: -1.4900 | NightHrsTrueNee vs NightHrsModelNee R²: -1.4800
Epoch 20500 | Train Loss: 0.013538 | Val Loss: 0.013831 | Train R²: 0.5199 | Val R²: 0.5163 | NightHrsTrueNEE vs NightHrsModelReco R²: -1.4600 | NightHrsTrueNee vs NightHrsModelNee R²: -1.4500
Epoch 21000 | Train Loss: 0.012376 | Val Loss: 0.012595 | Train R²: 0.5611 | Val R²: 0.5595 | NightHrsTrueNEE vs NightHrsModelReco R²: -1.3700 | NightHrsTrueNee vs NightHrsModelNee R²: -1.3600
Epoch 21500 | Train Loss: 0.011126 | Val Loss: 0.011277 | Train R²: 0.6055 | Val R²: 0.6056 | NightHrsTrueNEE vs NightHrsModelReco R²: -1.2500 | NightHrsTrueNee vs NightHrsModelNee R²: -1.2500
Epoch 22000 | Train Loss: 0.009866 | Val Loss: 0.009972 | Train R²: 0.6501 | Val R²: 0.6513 | NightHrsTrueNEE vs NightHrsModelReco R²: -1.0900 | NightHrsTrueNee vs NightHrsModelNee R²: -1.0800
Epoch 22500 | Train Loss: 0.008745 | Val Loss: 0.008833 | Train R²: 0.6899 | Val R²: 0.6911 | NightHrsTrueNEE vs NightHrsModelReco R²: -0.9000 | NightHrsTrueNee vs NightHrsModelNee R²: -0.8900
Epoch 23000 | Train Loss: 0.007881 | Val Loss: 0.007977 | Train R²: 0.7205 | Val R²: 0.7210 | NightHrsTrueNEE vs NightHrsModelReco R²: -0.7100 | NightHrsTrueNee vs NightHrsModelNee R²: -0.7100
Epoch 23500 | Train Loss: 0.007133 | Val Loss: 0.007200 | Train R²: 0.7470 | Val R²: 0.7482 | NightHrsTrueNEE vs NightHrsModelReco R²: -0.4900 | NightHrsTrueNee vs NightHrsModelNee R²: -0.4900
Epoch 24000 | Train Loss: 0.006181 | Val Loss: 0.006219 | Train R²: 0.7808 | Val R²: 0.7825 | NightHrsTrueNEE vs NightHrsModelReco R²: -0.3100 | NightHrsTrueNee vs NightHrsModelNee R²: -0.3100
Epoch 24500 | Train Loss: 0.005495 | Val Loss: 0.005538 | Train R²: 0.8051 | Val R²: 0.8063 | NightHrsTrueNEE vs NightHrsModelReco R²: -0.1500 | NightHrsTrueNee vs NightHrsModelNee R²: -0.1500
Epoch 25000 | Train Loss: 0.004959 | Val Loss: 0.004989 | Train R²: 0.8242 | Val R²: 0.8255 | NightHrsTrueNEE vs NightHrsModelReco R²: -0.0300 | NightHrsTrueNee vs NightHrsModelNee R²: -0.0300
Epoch 25500 | Train Loss: 0.004627 | Val Loss: 0.004637 | Train R²: 0.8359 | Val R²: 0.8378 | NightHrsTrueNEE vs NightHrsModelReco R²: 0.0600 | NightHrsTrueNee vs NightHrsModelNee R²: 0.0600
Epoch 26000 | Train Loss: 0.004523 | Val Loss: 0.004517 | Train R²: 0.8396 | Val R²: 0.8420 | NightHrsTrueNEE vs NightHrsModelReco R²: 0.1000 | NightHrsTrueNee vs NightHrsModelNee R²: 0.1000
Early stopping at epoch 26266 due to flat/negative trend (slope=0.000002)
Epoch 26266 | Train Loss: 0.004507 | Val Loss: 0.004499 | Train R²: 0.8402 | Val R²: 0.8427
Unpickling models
Following models have been loaded and moved to cuda:
trained gpp model:
 SNN_GPP_Tram(
  (net): Sequential(
    (0): Linear(in_features=3, out_features=12, bias=True)
    (1): Tanh()
    (2): Linear(in_features=12, out_features=1, bias=True)
    (3): Sigmoid()
  )
), trained_reco_model:
 SNN_GPP_Tram(
  (net): Sequential(
    (0): Linear(in_features=3, out_features=12, bias=True)
    (1): Tanh()
    (2): Linear(in_features=12, out_features=1, bias=True)
    (3): Sigmoid()
  )
)
using full data set for visualization
Un-normalizing the GPP and RECO predictions using NEE min: tensor([-28.6423]), NEE max: tensor([15.6103])



Metrics for the Tramontana, with
GPP inputs: ['SW_IN', 'TA', 'VPD']
RECO inputs: ['DOY_sin', 'DOY_cos', 'TA']:
dt_gpp vs Tramontana_GPP R²=0.79 RMSE=2.50
nt_gpp vs Tramontana_GPP R²=0.76 RMSE=2.72
dt_reco vs Tramontana_RECO R²=-0.89 RMSE=2.08
nt_reco vs Tramontana_RECO R²=-0.99 RMSE=1.90
night_hours_true_nee vs Tramontana_night_hours_model_reco R²=0.09 RMSE=1.32
night_hours_true_nee vs Tramontana_night_hours_model_nee R²=0.09 RMSE=1.32
dt_gpp vs nt_gpp R²=0.94 RMSE=1.33
dt_reco vs nt_reco R²=0.71 RMSE=1.00

gpp_input_names,  ['SW_IN', 'TA', 'VPD', 'WS'] 
reco_input_names,  ['DOY_sin', 'DOY_cos', 'TA', 'WS'] 
true_nee_name,  ['NEE'] 

Tramontana Running on GPU With hidden layer size of 12 Total epochs: 100000 lr: 0.001 patience: 500 min_delta 0.01
SNN_GPP_Tram(
  (net): Sequential(
    (0): Linear(in_features=4, out_features=12, bias=True)
    (1): Tanh()
    (2): Linear(in_features=12, out_features=1, bias=True)
    (3): Sigmoid()
  )
)
SNN_RECO_Tram(
  (net): Sequential(
    (0): Linear(in_features=4, out_features=12, bias=True)
    (1): Tanh()
    (2): Linear(in_features=12, out_features=1, bias=True)
    (3): Sigmoid()
  )
)
Params are min slope: 2e-06, trend window: 100
Epoch     0 | Train Loss: 22654.388672 | Val Loss: 22833.689453 | Train R²: -803360.5000 | Val R²: -798545.4375 | NightHrsTrueNEE vs NightHrsModelReco R²: -89.8900 | NightHrsTrueNee vs NightHrsModelNee R²: -203.1900
Epoch   500 | Train Loss: 294.647156 | Val Loss: 293.533905 | Train R²: -10447.6670 | Val R²: -10264.5508 | NightHrsTrueNEE vs NightHrsModelReco R²: -265.5400 | NightHrsTrueNee vs NightHrsModelNee R²: -253.0700
Epoch  1000 | Train Loss: 78.559563 | Val Loss: 78.487457 | Train R²: -2784.8496 | Val R²: -2743.8855 | NightHrsTrueNEE vs NightHrsModelReco R²: -307.2700 | NightHrsTrueNee vs NightHrsModelNee R²: -294.9900
Epoch  1500 | Train Loss: 34.749252 | Val Loss: 34.876995 | Train R²: -1231.2650 | Val R²: -1218.7281 | NightHrsTrueNEE vs NightHrsModelReco R²: -322.5200 | NightHrsTrueNee vs NightHrsModelNee R²: -311.8900
Epoch  2000 | Train Loss: 18.797188 | Val Loss: 18.968435 | Train R²: -665.5788 | Val R²: -662.3694 | NightHrsTrueNEE vs NightHrsModelReco R²: -330.0300 | NightHrsTrueNee vs NightHrsModelNee R²: -320.8200
Epoch  2500 | Train Loss: 11.324773 | Val Loss: 11.496507 | Train R²: -400.5948 | Val R²: -401.0591 | NightHrsTrueNEE vs NightHrsModelReco R²: -334.3200 | NightHrsTrueNee vs NightHrsModelNee R²: -326.2600
Epoch  3000 | Train Loss: 7.300765 | Val Loss: 7.459598 | Train R²: -257.8970 | Val R²: -259.8792 | NightHrsTrueNEE vs NightHrsModelReco R²: -336.9400 | NightHrsTrueNee vs NightHrsModelNee R²: -329.8300
Epoch  3500 | Train Loss: 4.937980 | Val Loss: 5.080184 | Train R²: -174.1088 | Val R²: -176.6656 | NightHrsTrueNEE vs NightHrsModelReco R²: -338.4900 | NightHrsTrueNee vs NightHrsModelNee R²: -332.1600
Epoch  4000 | Train Loss: 3.469368 | Val Loss: 3.594733 | Train R²: -122.0294 | Val R²: -124.7160 | NightHrsTrueNEE vs NightHrsModelReco R²: -339.1300 | NightHrsTrueNee vs NightHrsModelNee R²: -333.4600
Epoch  4500 | Train Loss: 2.520465 | Val Loss: 2.630073 | Train R²: -88.3798 | Val R²: -90.9797 | NightHrsTrueNEE vs NightHrsModelReco R²: -338.5200 | NightHrsTrueNee vs NightHrsModelNee R²: -333.4200
Epoch  5000 | Train Loss: 1.889010 | Val Loss: 1.984236 | Train R²: -65.9874 | Val R²: -68.3932 | NightHrsTrueNEE vs NightHrsModelReco R²: -333.8800 | NightHrsTrueNee vs NightHrsModelNee R²: -329.3000
Epoch  5500 | Train Loss: 1.444276 | Val Loss: 1.525294 | Train R²: -50.2164 | Val R²: -52.3430 | NightHrsTrueNEE vs NightHrsModelReco R²: -299.6600 | NightHrsTrueNee vs NightHrsModelNee R²: -295.7000
Epoch  6000 | Train Loss: 1.131044 | Val Loss: 1.199901 | Train R²: -39.1087 | Val R²: -40.9633 | NightHrsTrueNEE vs NightHrsModelReco R²: -271.4300 | NightHrsTrueNee vs NightHrsModelNee R²: -268.0000
Epoch  6500 | Train Loss: 0.908121 | Val Loss: 0.966949 | Train R²: -31.2034 | Val R²: -32.8164 | NightHrsTrueNEE vs NightHrsModelReco R²: -257.0800 | NightHrsTrueNee vs NightHrsModelNee R²: -254.0300
Epoch  7000 | Train Loss: 0.741035 | Val Loss: 0.790850 | Train R²: -25.2783 | Val R²: -26.6578 | NightHrsTrueNEE vs NightHrsModelReco R²: -241.8200 | NightHrsTrueNee vs NightHrsModelNee R²: -239.1200
Epoch  7500 | Train Loss: 0.606190 | Val Loss: 0.648062 | Train R²: -20.4965 | Val R²: -21.6642 | NightHrsTrueNEE vs NightHrsModelReco R²: -222.5500 | NightHrsTrueNee vs NightHrsModelNee R²: -220.1800
Epoch  8000 | Train Loss: 0.477287 | Val Loss: 0.513273 | Train R²: -15.9254 | Val R²: -16.9503 | NightHrsTrueNEE vs NightHrsModelReco R²: -178.2900 | NightHrsTrueNee vs NightHrsModelNee R²: -176.3800
Epoch  8500 | Train Loss: 0.334854 | Val Loss: 0.366191 | Train R²: -10.8745 | Val R²: -11.8066 | NightHrsTrueNEE vs NightHrsModelReco R²: -71.8500 | NightHrsTrueNee vs NightHrsModelNee R²: -70.8400
Epoch  9000 | Train Loss: 0.251683 | Val Loss: 0.276996 | Train R²: -7.9251 | Val R²: -8.6872 | NightHrsTrueNEE vs NightHrsModelReco R²: -48.6700 | NightHrsTrueNee vs NightHrsModelNee R²: -47.9600
Epoch  9500 | Train Loss: 0.190911 | Val Loss: 0.211312 | Train R²: -5.7700 | Val R²: -6.3901 | NightHrsTrueNEE vs NightHrsModelReco R²: -35.7300 | NightHrsTrueNee vs NightHrsModelNee R²: -35.2000
Epoch 10000 | Train Loss: 0.146106 | Val Loss: 0.162512 | Train R²: -4.1812 | Val R²: -4.6834 | NightHrsTrueNEE vs NightHrsModelReco R²: -26.4600 | NightHrsTrueNee vs NightHrsModelNee R²: -26.0600
Epoch 10500 | Train Loss: 0.112963 | Val Loss: 0.126126 | Train R²: -3.0059 | Val R²: -3.4109 | NightHrsTrueNEE vs NightHrsModelReco R²: -19.8000 | NightHrsTrueNee vs NightHrsModelNee R²: -19.4900
Epoch 11000 | Train Loss: 0.088389 | Val Loss: 0.098920 | Train R²: -2.1344 | Val R²: -2.4595 | NightHrsTrueNEE vs NightHrsModelReco R²: -15.0000 | NightHrsTrueNee vs NightHrsModelNee R²: -14.7700
Epoch 11500 | Train Loss: 0.070147 | Val Loss: 0.078538 | Train R²: -1.4875 | Val R²: -1.7467 | NightHrsTrueNEE vs NightHrsModelReco R²: -11.5600 | NightHrsTrueNee vs NightHrsModelNee R²: -11.3800
Epoch 12000 | Train Loss: 0.056613 | Val Loss: 0.063261 | Train R²: -1.0076 | Val R²: -1.2124 | NightHrsTrueNEE vs NightHrsModelReco R²: -9.0800 | NightHrsTrueNee vs NightHrsModelNee R²: -8.9400
Epoch 12500 | Train Loss: 0.046599 | Val Loss: 0.051823 | Train R²: -0.6525 | Val R²: -0.8124 | NightHrsTrueNEE vs NightHrsModelReco R²: -7.2800 | NightHrsTrueNee vs NightHrsModelNee R²: -7.1700
Epoch 13000 | Train Loss: 0.039233 | Val Loss: 0.043300 | Train R²: -0.3913 | Val R²: -0.5143 | NightHrsTrueNEE vs NightHrsModelReco R²: -5.9500 | NightHrsTrueNee vs NightHrsModelNee R²: -5.8700
Epoch 13500 | Train Loss: 0.033856 | Val Loss: 0.037012 | Train R²: -0.2006 | Val R²: -0.2944 | NightHrsTrueNEE vs NightHrsModelReco R²: -4.9600 | NightHrsTrueNee vs NightHrsModelNee R²: -4.8900
Epoch 14000 | Train Loss: 0.029958 | Val Loss: 0.032431 | Train R²: -0.0624 | Val R²: -0.1342 | NightHrsTrueNEE vs NightHrsModelReco R²: -4.2100 | NightHrsTrueNee vs NightHrsModelNee R²: -4.1600
Epoch 14500 | Train Loss: 0.027144 | Val Loss: 0.029119 | Train R²: 0.0374 | Val R²: -0.0184 | NightHrsTrueNEE vs NightHrsModelReco R²: -3.6400 | NightHrsTrueNee vs NightHrsModelNee R²: -3.6000
Epoch 15000 | Train Loss: 0.025116 | Val Loss: 0.026730 | Train R²: 0.1093 | Val R²: 0.0652 | NightHrsTrueNEE vs NightHrsModelReco R²: -3.2100 | NightHrsTrueNee vs NightHrsModelNee R²: -3.1800
Epoch 15500 | Train Loss: 0.023659 | Val Loss: 0.025003 | Train R²: 0.1610 | Val R²: 0.1256 | NightHrsTrueNEE vs NightHrsModelReco R²: -2.9000 | NightHrsTrueNee vs NightHrsModelNee R²: -2.8700
Epoch 16000 | Train Loss: 0.022609 | Val Loss: 0.023749 | Train R²: 0.1983 | Val R²: 0.1695 | NightHrsTrueNEE vs NightHrsModelReco R²: -2.6600 | NightHrsTrueNee vs NightHrsModelNee R²: -2.6400
Epoch 16500 | Train Loss: 0.021844 | Val Loss: 0.022824 | Train R²: 0.2254 | Val R²: 0.2018 | NightHrsTrueNEE vs NightHrsModelReco R²: -2.4900 | NightHrsTrueNee vs NightHrsModelNee R²: -2.4700
Epoch 17000 | Train Loss: 0.021267 | Val Loss: 0.022124 | Train R²: 0.2458 | Val R²: 0.2263 | NightHrsTrueNEE vs NightHrsModelReco R²: -2.3600 | NightHrsTrueNee vs NightHrsModelNee R²: -2.3500
Epoch 17500 | Train Loss: 0.020800 | Val Loss: 0.021561 | Train R²: 0.2624 | Val R²: 0.2460 | NightHrsTrueNEE vs NightHrsModelReco R²: -2.2600 | NightHrsTrueNee vs NightHrsModelNee R²: -2.2500
Epoch 18000 | Train Loss: 0.020378 | Val Loss: 0.021063 | Train R²: 0.2774 | Val R²: 0.2634 | NightHrsTrueNEE vs NightHrsModelReco R²: -2.1900 | NightHrsTrueNee vs NightHrsModelNee R²: -2.1800
Epoch 18500 | Train Loss: 0.019942 | Val Loss: 0.020563 | Train R²: 0.2928 | Val R²: 0.2809 | NightHrsTrueNEE vs NightHrsModelReco R²: -2.1300 | NightHrsTrueNee vs NightHrsModelNee R²: -2.1200
Epoch 19000 | Train Loss: 0.019434 | Val Loss: 0.019993 | Train R²: 0.3109 | Val R²: 0.3008 | NightHrsTrueNEE vs NightHrsModelReco R²: -2.0800 | NightHrsTrueNee vs NightHrsModelNee R²: -2.0700
Epoch 19500 | Train Loss: 0.018788 | Val Loss: 0.019281 | Train R²: 0.3337 | Val R²: 0.3257 | NightHrsTrueNEE vs NightHrsModelReco R²: -2.0100 | NightHrsTrueNee vs NightHrsModelNee R²: -2.0100
Epoch 20000 | Train Loss: 0.017915 | Val Loss: 0.018329 | Train R²: 0.3647 | Val R²: 0.3590 | NightHrsTrueNEE vs NightHrsModelReco R²: -1.8800 | NightHrsTrueNee vs NightHrsModelNee R²: -1.8800
Epoch 20500 | Train Loss: 0.016560 | Val Loss: 0.016904 | Train R²: 0.4128 | Val R²: 0.4088 | NightHrsTrueNEE vs NightHrsModelReco R²: -1.5000 | NightHrsTrueNee vs NightHrsModelNee R²: -1.5000
Epoch 21000 | Train Loss: 0.014627 | Val Loss: 0.014851 | Train R²: 0.4813 | Val R²: 0.4806 | NightHrsTrueNEE vs NightHrsModelReco R²: -1.2900 | NightHrsTrueNee vs NightHrsModelNee R²: -1.2800
Epoch 21500 | Train Loss: 0.012277 | Val Loss: 0.012378 | Train R²: 0.5646 | Val R²: 0.5671 | NightHrsTrueNEE vs NightHrsModelReco R²: -1.1900 | NightHrsTrueNee vs NightHrsModelNee R²: -1.1900
Epoch 22000 | Train Loss: 0.009612 | Val Loss: 0.009627 | Train R²: 0.6592 | Val R²: 0.6633 | NightHrsTrueNEE vs NightHrsModelReco R²: -0.9400 | NightHrsTrueNee vs NightHrsModelNee R²: -0.9300
Epoch 22500 | Train Loss: 0.007570 | Val Loss: 0.007584 | Train R²: 0.7315 | Val R²: 0.7348 | NightHrsTrueNEE vs NightHrsModelReco R²: -0.6200 | NightHrsTrueNee vs NightHrsModelNee R²: -0.6200
Epoch 23000 | Train Loss: 0.006402 | Val Loss: 0.006430 | Train R²: 0.7730 | Val R²: 0.7751 | NightHrsTrueNEE vs NightHrsModelReco R²: -0.3900 | NightHrsTrueNee vs NightHrsModelNee R²: -0.3800
Epoch 23500 | Train Loss: 0.005616 | Val Loss: 0.005633 | Train R²: 0.8008 | Val R²: 0.8030 | NightHrsTrueNEE vs NightHrsModelReco R²: -0.2000 | NightHrsTrueNee vs NightHrsModelNee R²: -0.2000
Epoch 24000 | Train Loss: 0.004987 | Val Loss: 0.004988 | Train R²: 0.8232 | Val R²: 0.8255 | NightHrsTrueNEE vs NightHrsModelReco R²: -0.0500 | NightHrsTrueNee vs NightHrsModelNee R²: -0.0500
Epoch 24500 | Train Loss: 0.004478 | Val Loss: 0.004479 | Train R²: 0.8412 | Val R²: 0.8434 | NightHrsTrueNEE vs NightHrsModelReco R²: 0.0600 | NightHrsTrueNee vs NightHrsModelNee R²: 0.0700
Epoch 25000 | Train Loss: 0.004174 | Val Loss: 0.004165 | Train R²: 0.8520 | Val R²: 0.8543 | NightHrsTrueNEE vs NightHrsModelReco R²: 0.1400 | NightHrsTrueNee vs NightHrsModelNee R²: 0.1400
Epoch 25500 | Train Loss: 0.004000 | Val Loss: 0.003986 | Train R²: 0.8581 | Val R²: 0.8606 | NightHrsTrueNEE vs NightHrsModelReco R²: 0.1900 | NightHrsTrueNee vs NightHrsModelNee R²: 0.1900
Epoch 26000 | Train Loss: 0.003899 | Val Loss: 0.003885 | Train R²: 0.8617 | Val R²: 0.8641 | NightHrsTrueNEE vs NightHrsModelReco R²: 0.2100 | NightHrsTrueNee vs NightHrsModelNee R²: 0.2100
Epoch 26500 | Train Loss: 0.003826 | Val Loss: 0.003816 | Train R²: 0.8643 | Val R²: 0.8665 | NightHrsTrueNEE vs NightHrsModelReco R²: 0.2300 | NightHrsTrueNee vs NightHrsModelNee R²: 0.2300
Epoch 27000 | Train Loss: 0.003764 | Val Loss: 0.003759 | Train R²: 0.8665 | Val R²: 0.8686 | NightHrsTrueNEE vs NightHrsModelReco R²: 0.2500 | NightHrsTrueNee vs NightHrsModelNee R²: 0.2500
Epoch 27500 | Train Loss: 0.003708 | Val Loss: 0.003707 | Train R²: 0.8685 | Val R²: 0.8704 | NightHrsTrueNEE vs NightHrsModelReco R²: 0.2600 | NightHrsTrueNee vs NightHrsModelNee R²: 0.2600
Epoch 28000 | Train Loss: 0.003658 | Val Loss: 0.003659 | Train R²: 0.8703 | Val R²: 0.8720 | NightHrsTrueNEE vs NightHrsModelReco R²: 0.2700 | NightHrsTrueNee vs NightHrsModelNee R²: 0.2700
Epoch 28500 | Train Loss: 0.003611 | Val Loss: 0.003614 | Train R²: 0.8719 | Val R²: 0.8736 | NightHrsTrueNEE vs NightHrsModelReco R²: 0.2800 | NightHrsTrueNee vs NightHrsModelNee R²: 0.2800
Epoch 29000 | Train Loss: 0.003570 | Val Loss: 0.003573 | Train R²: 0.8734 | Val R²: 0.8751 | NightHrsTrueNEE vs NightHrsModelReco R²: 0.2900 | NightHrsTrueNee vs NightHrsModelNee R²: 0.2900
Epoch 29500 | Train Loss: 0.003535 | Val Loss: 0.003539 | Train R²: 0.8746 | Val R²: 0.8762 | NightHrsTrueNEE vs NightHrsModelReco R²: 0.2900 | NightHrsTrueNee vs NightHrsModelNee R²: 0.2900
Early stopping at epoch 29771 due to flat/negative trend (slope=0.000002)
Epoch 29771 | Train Loss: 0.003519 | Val Loss: 0.003523 | Train R²: 0.8752 | Val R²: 0.8768
Unpickling models
Following models have been loaded and moved to cuda:
trained gpp model:
 SNN_GPP_Tram(
  (net): Sequential(
    (0): Linear(in_features=4, out_features=12, bias=True)
    (1): Tanh()
    (2): Linear(in_features=12, out_features=1, bias=True)
    (3): Sigmoid()
  )
), trained_reco_model:
 SNN_GPP_Tram(
  (net): Sequential(
    (0): Linear(in_features=4, out_features=12, bias=True)
    (1): Tanh()
    (2): Linear(in_features=12, out_features=1, bias=True)
    (3): Sigmoid()
  )
)
using full data set for visualization
Un-normalizing the GPP and RECO predictions using NEE min: tensor([-28.6423]), NEE max: tensor([15.6103])



Metrics for the Tramontana, with
GPP inputs: ['SW_IN', 'TA', 'VPD', 'WS']
RECO inputs: ['DOY_sin', 'DOY_cos', 'TA', 'WS']:
dt_gpp vs Tramontana_GPP R²=0.84 RMSE=2.16
nt_gpp vs Tramontana_GPP R²=0.81 RMSE=2.41
dt_reco vs Tramontana_RECO R²=-0.50 RMSE=1.85
nt_reco vs Tramontana_RECO R²=-0.56 RMSE=1.68
night_hours_true_nee vs Tramontana_night_hours_model_reco R²=0.30 RMSE=1.16
night_hours_true_nee vs Tramontana_night_hours_model_nee R²=0.30 RMSE=1.16
dt_gpp vs nt_gpp R²=0.94 RMSE=1.33
dt_reco vs nt_reco R²=0.71 RMSE=1.00

gpp_input_names,  ['SW_IN', 'TA', 'VPD', 'WS', 'WD_COS', 'WD_SIN'] 
reco_input_names,  ['DOY_sin', 'DOY_cos', 'TA', 'WS', 'WD_COS', 'WD_SIN'] 
true_nee_name,  ['NEE'] 

Tramontana Running on GPU With hidden layer size of 12 Total epochs: 100000 lr: 0.001 patience: 500 min_delta 0.01
SNN_GPP_Tram(
  (net): Sequential(
    (0): Linear(in_features=6, out_features=12, bias=True)
    (1): Tanh()
    (2): Linear(in_features=12, out_features=1, bias=True)
    (3): Sigmoid()
  )
)
SNN_RECO_Tram(
  (net): Sequential(
    (0): Linear(in_features=6, out_features=12, bias=True)
    (1): Tanh()
    (2): Linear(in_features=12, out_features=1, bias=True)
    (3): Sigmoid()
  )
)
Params are min slope: 2e-06, trend window: 100
Epoch     0 | Train Loss: 22923.041016 | Val Loss: 22856.806641 | Train R²: -812887.2500 | Val R²: -799353.6875 | NightHrsTrueNEE vs NightHrsModelReco R²: -100.3600 | NightHrsTrueNee vs NightHrsModelNee R²: -277.4400
Epoch   500 | Train Loss: 314.626160 | Val Loss: 308.188232 | Train R²: -11156.1543 | Val R²: -10777.0469 | NightHrsTrueNEE vs NightHrsModelReco R²: -280.0600 | NightHrsTrueNee vs NightHrsModelNee R²: -275.6600
Epoch  1000 | Train Loss: 73.775932 | Val Loss: 72.710106 | Train R²: -2615.2146 | Val R²: -2541.8384 | NightHrsTrueNEE vs NightHrsModelReco R²: -318.7400 | NightHrsTrueNee vs NightHrsModelNee R²: -305.2500
Epoch  1500 | Train Loss: 30.476637 | Val Loss: 30.077269 | Train R²: -1079.7511 | Val R²: -1050.8707 | NightHrsTrueNEE vs NightHrsModelReco R²: -330.4900 | NightHrsTrueNee vs NightHrsModelNee R²: -318.2000
Epoch  2000 | Train Loss: 15.813482 | Val Loss: 15.609769 | Train R²: -559.7718 | Val R²: -544.9092 | NightHrsTrueNEE vs NightHrsModelReco R²: -335.8700 | NightHrsTrueNee vs NightHrsModelNee R²: -325.2900
Epoch  2500 | Train Loss: 9.258644 | Val Loss: 9.138124 | Train R²: -327.3265 | Val R²: -318.5811 | NightHrsTrueNEE vs NightHrsModelReco R²: -338.8100 | NightHrsTrueNee vs NightHrsModelNee R²: -329.6900
Epoch  3000 | Train Loss: 5.846727 | Val Loss: 5.769430 | Train R²: -206.3345 | Val R²: -200.7702 | NightHrsTrueNEE vs NightHrsModelReco R²: -340.4800 | NightHrsTrueNee vs NightHrsModelNee R²: -332.5500
Epoch  3500 | Train Loss: 3.896923 | Val Loss: 3.844985 | Train R²: -137.1912 | Val R²: -133.4679 | NightHrsTrueNEE vs NightHrsModelReco R²: -341.2600 | NightHrsTrueNee vs NightHrsModelNee R²: -334.3100
Epoch  4000 | Train Loss: 2.712776 | Val Loss: 2.676957 | Train R²: -95.1994 | Val R²: -92.6193 | NightHrsTrueNEE vs NightHrsModelReco R²: -341.0800 | NightHrsTrueNee vs NightHrsModelNee R²: -334.9400
Epoch  4500 | Train Loss: 1.963002 | Val Loss: 1.937987 | Train R²: -68.6112 | Val R²: -66.7758 | NightHrsTrueNEE vs NightHrsModelReco R²: -338.6500 | NightHrsTrueNee vs NightHrsModelNee R²: -333.2100
Epoch  5000 | Train Loss: 1.463965 | Val Loss: 1.446071 | Train R²: -50.9146 | Val R²: -49.5724 | NightHrsTrueNEE vs NightHrsModelReco R²: -315.0300 | NightHrsTrueNee vs NightHrsModelNee R²: -310.3600
Epoch  5500 | Train Loss: 1.115786 | Val Loss: 1.103398 | Train R²: -38.5676 | Val R²: -37.5884 | NightHrsTrueNEE vs NightHrsModelReco R²: -268.3900 | NightHrsTrueNee vs NightHrsModelNee R²: -264.6500
Epoch  6000 | Train Loss: 0.871145 | Val Loss: 0.863884 | Train R²: -29.8922 | Val R²: -29.2120 | NightHrsTrueNEE vs NightHrsModelReco R²: -236.3700 | NightHrsTrueNee vs NightHrsModelNee R²: -233.3400
Epoch  6500 | Train Loss: 0.686669 | Val Loss: 0.683100 | Train R²: -23.3504 | Val R²: -22.8896 | NightHrsTrueNEE vs NightHrsModelReco R²: -188.8100 | NightHrsTrueNee vs NightHrsModelNee R²: -186.5100
Epoch  7000 | Train Loss: 0.556739 | Val Loss: 0.555175 | Train R²: -18.7429 | Val R²: -18.4157 | NightHrsTrueNEE vs NightHrsModelReco R²: -166.6100 | NightHrsTrueNee vs NightHrsModelNee R²: -164.6900
Epoch  7500 | Train Loss: 0.452872 | Val Loss: 0.453041 | Train R²: -15.0596 | Val R²: -14.8439 | NightHrsTrueNEE vs NightHrsModelReco R²: -141.6700 | NightHrsTrueNee vs NightHrsModelNee R²: -140.0600
Epoch  8000 | Train Loss: 0.352664 | Val Loss: 0.352801 | Train R²: -11.5061 | Val R²: -11.3382 | NightHrsTrueNEE vs NightHrsModelReco R²: -105.1900 | NightHrsTrueNee vs NightHrsModelNee R²: -103.9100
Epoch  8500 | Train Loss: 0.255108 | Val Loss: 0.253925 | Train R²: -8.0465 | Val R²: -7.8803 | NightHrsTrueNEE vs NightHrsModelReco R²: -57.3700 | NightHrsTrueNee vs NightHrsModelNee R²: -56.5100
Epoch  9000 | Train Loss: 0.189168 | Val Loss: 0.188351 | Train R²: -5.7082 | Val R²: -5.5871 | NightHrsTrueNEE vs NightHrsModelReco R²: -40.3100 | NightHrsTrueNee vs NightHrsModelNee R²: -39.6800
Epoch  9500 | Train Loss: 0.141836 | Val Loss: 0.141358 | Train R²: -4.0297 | Val R²: -3.9436 | NightHrsTrueNEE vs NightHrsModelReco R²: -30.0200 | NightHrsTrueNee vs NightHrsModelNee R²: -29.5400
Epoch 10000 | Train Loss: 0.107787 | Val Loss: 0.107502 | Train R²: -2.8223 | Val R²: -2.7596 | NightHrsTrueNEE vs NightHrsModelReco R²: -22.7200 | NightHrsTrueNee vs NightHrsModelNee R²: -22.3600
Epoch 10500 | Train Loss: 0.083063 | Val Loss: 0.082920 | Train R²: -1.9456 | Val R²: -1.8999 | NightHrsTrueNEE vs NightHrsModelReco R²: -17.3000 | NightHrsTrueNee vs NightHrsModelNee R²: -17.0300
Epoch 11000 | Train Loss: 0.064927 | Val Loss: 0.064890 | Train R²: -1.3024 | Val R²: -1.2693 | NightHrsTrueNEE vs NightHrsModelReco R²: -13.2600 | NightHrsTrueNee vs NightHrsModelNee R²: -13.0400
Epoch 11500 | Train Loss: 0.051572 | Val Loss: 0.051608 | Train R²: -0.8288 | Val R²: -0.8049 | NightHrsTrueNEE vs NightHrsModelReco R²: -10.2200 | NightHrsTrueNee vs NightHrsModelNee R²: -10.0600
Epoch 12000 | Train Loss: 0.041749 | Val Loss: 0.041836 | Train R²: -0.4805 | Val R²: -0.4631 | NightHrsTrueNEE vs NightHrsModelReco R²: -7.9600 | NightHrsTrueNee vs NightHrsModelNee R²: -7.8300
Epoch 12500 | Train Loss: 0.034556 | Val Loss: 0.034676 | Train R²: -0.2254 | Val R²: -0.2127 | NightHrsTrueNEE vs NightHrsModelReco R²: -6.2600 | NightHrsTrueNee vs NightHrsModelNee R²: -6.1600
Epoch 13000 | Train Loss: 0.029315 | Val Loss: 0.029459 | Train R²: -0.0395 | Val R²: -0.0302 | NightHrsTrueNEE vs NightHrsModelReco R²: -4.9900 | NightHrsTrueNee vs NightHrsModelNee R²: -4.9200
Epoch 13500 | Train Loss: 0.025507 | Val Loss: 0.025675 | Train R²: 0.0955 | Val R²: 0.1021 | NightHrsTrueNEE vs NightHrsModelReco R²: -4.0300 | NightHrsTrueNee vs NightHrsModelNee R²: -3.9800
Epoch 14000 | Train Loss: 0.022745 | Val Loss: 0.022938 | Train R²: 0.1934 | Val R²: 0.1978 | NightHrsTrueNEE vs NightHrsModelReco R²: -3.3200 | NightHrsTrueNee vs NightHrsModelNee R²: -3.2700
Epoch 14500 | Train Loss: 0.020755 | Val Loss: 0.020974 | Train R²: 0.2640 | Val R²: 0.2665 | NightHrsTrueNEE vs NightHrsModelReco R²: -2.7700 | NightHrsTrueNee vs NightHrsModelNee R²: -2.7400
Epoch 15000 | Train Loss: 0.019342 | Val Loss: 0.019586 | Train R²: 0.3141 | Val R²: 0.3150 | NightHrsTrueNEE vs NightHrsModelReco R²: -2.3700 | NightHrsTrueNee vs NightHrsModelNee R²: -2.3400
Epoch 15500 | Train Loss: 0.018347 | Val Loss: 0.018610 | Train R²: 0.3494 | Val R²: 0.3492 | NightHrsTrueNEE vs NightHrsModelReco R²: -2.0700 | NightHrsTrueNee vs NightHrsModelNee R²: -2.0500
Epoch 16000 | Train Loss: 0.017631 | Val Loss: 0.017906 | Train R²: 0.3748 | Val R²: 0.3738 | NightHrsTrueNEE vs NightHrsModelReco R²: -1.8500 | NightHrsTrueNee vs NightHrsModelNee R²: -1.8400
Epoch 16500 | Train Loss: 0.017085 | Val Loss: 0.017364 | Train R²: 0.3941 | Val R²: 0.3927 | NightHrsTrueNEE vs NightHrsModelReco R²: -1.6900 | NightHrsTrueNee vs NightHrsModelNee R²: -1.6700
Epoch 17000 | Train Loss: 0.016631 | Val Loss: 0.016904 | Train R²: 0.4103 | Val R²: 0.4088 | NightHrsTrueNEE vs NightHrsModelReco R²: -1.5700 | NightHrsTrueNee vs NightHrsModelNee R²: -1.5500
Epoch 17500 | Train Loss: 0.016203 | Val Loss: 0.016464 | Train R²: 0.4254 | Val R²: 0.4242 | NightHrsTrueNEE vs NightHrsModelReco R²: -1.4800 | NightHrsTrueNee vs NightHrsModelNee R²: -1.4700
Epoch 18000 | Train Loss: 0.015752 | Val Loss: 0.015994 | Train R²: 0.4414 | Val R²: 0.4406 | NightHrsTrueNEE vs NightHrsModelReco R²: -1.4200 | NightHrsTrueNee vs NightHrsModelNee R²: -1.4100
Epoch 18500 | Train Loss: 0.015232 | Val Loss: 0.015451 | Train R²: 0.4598 | Val R²: 0.4596 | NightHrsTrueNEE vs NightHrsModelReco R²: -1.3800 | NightHrsTrueNee vs NightHrsModelNee R²: -1.3700
Epoch 19000 | Train Loss: 0.014609 | Val Loss: 0.014799 | Train R²: 0.4819 | Val R²: 0.4824 | NightHrsTrueNEE vs NightHrsModelReco R²: -1.3400 | NightHrsTrueNee vs NightHrsModelNee R²: -1.3300
Epoch 19500 | Train Loss: 0.013858 | Val Loss: 0.014015 | Train R²: 0.5086 | Val R²: 0.5098 | NightHrsTrueNEE vs NightHrsModelReco R²: -1.2900 | NightHrsTrueNee vs NightHrsModelNee R²: -1.2800
Epoch 20000 | Train Loss: 0.012972 | Val Loss: 0.013099 | Train R²: 0.5400 | Val R²: 0.5419 | NightHrsTrueNEE vs NightHrsModelReco R²: -1.2200 | NightHrsTrueNee vs NightHrsModelNee R²: -1.2100
Epoch 20500 | Train Loss: 0.011959 | Val Loss: 0.012061 | Train R²: 0.5759 | Val R²: 0.5782 | NightHrsTrueNEE vs NightHrsModelReco R²: -1.1300 | NightHrsTrueNee vs NightHrsModelNee R²: -1.1200
Epoch 21000 | Train Loss: 0.010843 | Val Loss: 0.010921 | Train R²: 0.6155 | Val R²: 0.6181 | NightHrsTrueNEE vs NightHrsModelReco R²: -1.0100 | NightHrsTrueNee vs NightHrsModelNee R²: -1.0100
Epoch 21500 | Train Loss: 0.009646 | Val Loss: 0.009700 | Train R²: 0.6579 | Val R²: 0.6608 | NightHrsTrueNEE vs NightHrsModelReco R²: -0.8700 | NightHrsTrueNee vs NightHrsModelNee R²: -0.8700
Epoch 22000 | Train Loss: 0.008422 | Val Loss: 0.008445 | Train R²: 0.7013 | Val R²: 0.7047 | NightHrsTrueNEE vs NightHrsModelReco R²: -0.6900 | NightHrsTrueNee vs NightHrsModelNee R²: -0.6800
Epoch 22500 | Train Loss: 0.007220 | Val Loss: 0.007223 | Train R²: 0.7440 | Val R²: 0.7474 | NightHrsTrueNEE vs NightHrsModelReco R²: -0.4600 | NightHrsTrueNee vs NightHrsModelNee R²: -0.4500
Epoch 23000 | Train Loss: 0.006140 | Val Loss: 0.006161 | Train R²: 0.7823 | Val R²: 0.7845 | NightHrsTrueNEE vs NightHrsModelReco R²: -0.2300 | NightHrsTrueNee vs NightHrsModelNee R²: -0.2300
Epoch 23500 | Train Loss: 0.005337 | Val Loss: 0.005371 | Train R²: 0.8108 | Val R²: 0.8122 | NightHrsTrueNEE vs NightHrsModelReco R²: -0.0700 | NightHrsTrueNee vs NightHrsModelNee R²: -0.0700
Epoch 24000 | Train Loss: 0.004768 | Val Loss: 0.004795 | Train R²: 0.8309 | Val R²: 0.8323 | NightHrsTrueNEE vs NightHrsModelReco R²: 0.0300 | NightHrsTrueNee vs NightHrsModelNee R²: 0.0300
Epoch 24500 | Train Loss: 0.004305 | Val Loss: 0.004309 | Train R²: 0.8473 | Val R²: 0.8493 | NightHrsTrueNEE vs NightHrsModelReco R²: 0.1200 | NightHrsTrueNee vs NightHrsModelNee R²: 0.1200
Epoch 25000 | Train Loss: 0.003932 | Val Loss: 0.003914 | Train R²: 0.8606 | Val R²: 0.8631 | NightHrsTrueNEE vs NightHrsModelReco R²: 0.2100 | NightHrsTrueNee vs NightHrsModelNee R²: 0.2100
Epoch 25500 | Train Loss: 0.003717 | Val Loss: 0.003687 | Train R²: 0.8682 | Val R²: 0.8710 | NightHrsTrueNEE vs NightHrsModelReco R²: 0.2700 | NightHrsTrueNee vs NightHrsModelNee R²: 0.2700
Epoch 26000 | Train Loss: 0.003602 | Val Loss: 0.003567 | Train R²: 0.8723 | Val R²: 0.8753 | NightHrsTrueNEE vs NightHrsModelReco R²: 0.3100 | NightHrsTrueNee vs NightHrsModelNee R²: 0.3100
Epoch 26500 | Train Loss: 0.003530 | Val Loss: 0.003502 | Train R²: 0.8748 | Val R²: 0.8775 | NightHrsTrueNEE vs NightHrsModelReco R²: 0.3200 | NightHrsTrueNee vs NightHrsModelNee R²: 0.3200
Early stopping at epoch 26871 due to flat/negative trend (slope=0.000002)
Epoch 26871 | Train Loss: 0.003502 | Val Loss: 0.003477 | Train R²: 0.8758 | Val R²: 0.8784
Unpickling models
Following models have been loaded and moved to cuda:
trained gpp model:
 SNN_GPP_Tram(
  (net): Sequential(
    (0): Linear(in_features=6, out_features=12, bias=True)
    (1): Tanh()
    (2): Linear(in_features=12, out_features=1, bias=True)
    (3): Sigmoid()
  )
), trained_reco_model:
 SNN_GPP_Tram(
  (net): Sequential(
    (0): Linear(in_features=6, out_features=12, bias=True)
    (1): Tanh()
    (2): Linear(in_features=12, out_features=1, bias=True)
    (3): Sigmoid()
  )
)
using full data set for visualization
Un-normalizing the GPP and RECO predictions using NEE min: tensor([-28.6423]), NEE max: tensor([15.6103])



Metrics for the Tramontana, with
GPP inputs: ['SW_IN', 'TA', 'VPD', 'WS', 'WD_COS', 'WD_SIN']
RECO inputs: ['DOY_sin', 'DOY_cos', 'TA', 'WS', 'WD_COS', 'WD_SIN']:
dt_gpp vs Tramontana_GPP R²=0.79 RMSE=2.47
nt_gpp vs Tramontana_GPP R²=0.77 RMSE=2.68
dt_reco vs Tramontana_RECO R²=-1.09 RMSE=2.18
nt_reco vs Tramontana_RECO R²=-1.32 RMSE=2.05
night_hours_true_nee vs Tramontana_night_hours_model_reco R²=0.31 RMSE=1.15
night_hours_true_nee vs Tramontana_night_hours_model_nee R²=0.31 RMSE=1.15
dt_gpp vs nt_gpp R²=0.94 RMSE=1.33
dt_reco vs nt_reco R²=0.71 RMSE=1.00

gpp_input_names,  ['SW_IN', 'TA', 'VPD', 'WS', 'WD_COS', 'WD_SIN', 'WTD'] 
reco_input_names,  ['DOY_sin', 'DOY_cos', 'TA', 'WS', 'WD_COS', 'WD_SIN', 'WTD'] 
true_nee_name,  ['NEE'] 

Tramontana Running on GPU With hidden layer size of 12 Total epochs: 100000 lr: 0.001 patience: 500 min_delta 0.01
SNN_GPP_Tram(
  (net): Sequential(
    (0): Linear(in_features=7, out_features=12, bias=True)
    (1): Tanh()
    (2): Linear(in_features=12, out_features=1, bias=True)
    (3): Sigmoid()
  )
)
SNN_RECO_Tram(
  (net): Sequential(
    (0): Linear(in_features=7, out_features=12, bias=True)
    (1): Tanh()
    (2): Linear(in_features=12, out_features=1, bias=True)
    (3): Sigmoid()
  )
)
Params are min slope: 2e-06, trend window: 100
Epoch     0 | Train Loss: 16196.123047 | Val Loss: 16266.197266 | Train R²: -574339.8750 | Val R²: -568865.0000 | NightHrsTrueNEE vs NightHrsModelReco R²: -84.1900 | NightHrsTrueNee vs NightHrsModelNee R²: -218.7200
Epoch   500 | Train Loss: 160.948532 | Val Loss: 157.927048 | Train R²: -5706.4966 | Val R²: -5522.0698 | NightHrsTrueNEE vs NightHrsModelReco R²: -284.1600 | NightHrsTrueNee vs NightHrsModelNee R²: -275.9400
Epoch  1000 | Train Loss: 42.224335 | Val Loss: 41.123859 | Train R²: -1496.3435 | Val R²: -1437.1951 | NightHrsTrueNEE vs NightHrsModelReco R²: -320.1700 | NightHrsTrueNee vs NightHrsModelNee R²: -307.8000
Epoch  1500 | Train Loss: 18.158443 | Val Loss: 17.547398 | Train R²: -642.9279 | Val R²: -612.6725 | NightHrsTrueNEE vs NightHrsModelReco R²: -331.1500 | NightHrsTrueNee vs NightHrsModelNee R²: -319.7100
Epoch  2000 | Train Loss: 9.618225 | Val Loss: 9.229088 | Train R²: -340.0779 | Val R²: -321.7623 | NightHrsTrueNEE vs NightHrsModelReco R²: -336.0900 | NightHrsTrueNee vs NightHrsModelNee R²: -325.9700
Epoch  2500 | Train Loss: 5.727045 | Val Loss: 5.461626 | Train R²: -202.0903 | Val R²: -190.0055 | NightHrsTrueNEE vs NightHrsModelReco R²: -338.6600 | NightHrsTrueNee vs NightHrsModelNee R²: -329.7300
Epoch  3000 | Train Loss: 3.687689 | Val Loss: 3.499102 | Train R²: -129.7714 | Val R²: -121.3716 | NightHrsTrueNEE vs NightHrsModelReco R²: -339.9000 | NightHrsTrueNee vs NightHrsModelNee R²: -331.9700
Epoch  3500 | Train Loss: 2.521724 | Val Loss: 2.384131 | Train R²: -88.4244 | Val R²: -82.3785 | NightHrsTrueNEE vs NightHrsModelReco R²: -339.9900 | NightHrsTrueNee vs NightHrsModelNee R²: -332.9200
Epoch  4000 | Train Loss: 1.815302 | Val Loss: 1.713020 | Train R²: -63.3736 | Val R²: -58.9082 | NightHrsTrueNEE vs NightHrsModelReco R²: -338.0600 | NightHrsTrueNee vs NightHrsModelNee R²: -331.7400
Epoch  4500 | Train Loss: 1.362086 | Val Loss: 1.284199 | Train R²: -47.3018 | Val R²: -43.9114 | NightHrsTrueNEE vs NightHrsModelReco R²: -324.0700 | NightHrsTrueNee vs NightHrsModelNee R²: -318.4800
Epoch  5000 | Train Loss: 1.027649 | Val Loss: 0.965010 | Train R²: -35.4421 | Val R²: -32.7486 | NightHrsTrueNEE vs NightHrsModelReco R²: -256.5200 | NightHrsTrueNee vs NightHrsModelNee R²: -252.0700
Epoch  5500 | Train Loss: 0.807869 | Val Loss: 0.761263 | Train R²: -27.6483 | Val R²: -25.6231 | NightHrsTrueNEE vs NightHrsModelReco R²: -232.6200 | NightHrsTrueNee vs NightHrsModelNee R²: -228.8400
Epoch  6000 | Train Loss: 0.630309 | Val Loss: 0.599409 | Train R²: -21.3518 | Val R²: -19.9627 | NightHrsTrueNEE vs NightHrsModelReco R²: -174.5700 | NightHrsTrueNee vs NightHrsModelNee R²: -171.7700
Epoch  6500 | Train Loss: 0.506964 | Val Loss: 0.484903 | Train R²: -16.9778 | Val R²: -15.9582 | NightHrsTrueNEE vs NightHrsModelReco R²: -151.1800 | NightHrsTrueNee vs NightHrsModelNee R²: -148.8100
Epoch  7000 | Train Loss: 0.389768 | Val Loss: 0.374319 | Train R²: -12.8218 | Val R²: -12.0908 | NightHrsTrueNEE vs NightHrsModelReco R²: -117.8400 | NightHrsTrueNee vs NightHrsModelNee R²: -115.8500
Epoch  7500 | Train Loss: 0.281414 | Val Loss: 0.269490 | Train R²: -8.9794 | Val R²: -8.4247 | NightHrsTrueNEE vs NightHrsModelReco R²: -70.0100 | NightHrsTrueNee vs NightHrsModelNee R²: -68.5500
Epoch  8000 | Train Loss: 0.208669 | Val Loss: 0.199381 | Train R²: -6.3997 | Val R²: -5.9728 | NightHrsTrueNEE vs NightHrsModelReco R²: -46.8000 | NightHrsTrueNee vs NightHrsModelNee R²: -45.6900
Epoch  8500 | Train Loss: 0.156600 | Val Loss: 0.150015 | Train R²: -4.5533 | Val R²: -4.2464 | NightHrsTrueNEE vs NightHrsModelReco R²: -34.8500 | NightHrsTrueNee vs NightHrsModelNee R²: -33.9600
Epoch  9000 | Train Loss: 0.118691 | Val Loss: 0.114112 | Train R²: -3.2090 | Val R²: -2.9908 | NightHrsTrueNEE vs NightHrsModelReco R²: -26.3900 | NightHrsTrueNee vs NightHrsModelNee R²: -25.6500
Epoch  9500 | Train Loss: 0.090840 | Val Loss: 0.087684 | Train R²: -2.2213 | Val R²: -2.0665 | NightHrsTrueNEE vs NightHrsModelReco R²: -20.2000 | NightHrsTrueNee vs NightHrsModelNee R²: -19.6000
Epoch 10000 | Train Loss: 0.070482 | Val Loss: 0.068343 | Train R²: -1.4994 | Val R²: -1.3901 | NightHrsTrueNEE vs NightHrsModelReco R²: -15.7900 | NightHrsTrueNee vs NightHrsModelNee R²: -15.2900
Epoch 10500 | Train Loss: 0.055998 | Val Loss: 0.054593 | Train R²: -0.9858 | Val R²: -0.9092 | NightHrsTrueNEE vs NightHrsModelReco R²: -12.5700 | NightHrsTrueNee vs NightHrsModelNee R²: -12.1600
Epoch 11000 | Train Loss: 0.045600 | Val Loss: 0.044704 | Train R²: -0.6171 | Val R²: -0.5634 | NightHrsTrueNEE vs NightHrsModelReco R²: -10.0800 | NightHrsTrueNee vs NightHrsModelNee R²: -9.7400
Epoch 11500 | Train Loss: 0.038027 | Val Loss: 0.037476 | Train R²: -0.3485 | Val R²: -0.3106 | NightHrsTrueNEE vs NightHrsModelReco R²: -8.1000 | NightHrsTrueNee vs NightHrsModelNee R²: -7.8200
Epoch 12000 | Train Loss: 0.032458 | Val Loss: 0.032140 | Train R²: -0.1510 | Val R²: -0.1240 | NightHrsTrueNEE vs NightHrsModelReco R²: -6.5100 | NightHrsTrueNee vs NightHrsModelNee R²: -6.2800
Epoch 12500 | Train Loss: 0.028362 | Val Loss: 0.028205 | Train R²: -0.0058 | Val R²: 0.0136 | NightHrsTrueNEE vs NightHrsModelReco R²: -5.2800 | NightHrsTrueNee vs NightHrsModelNee R²: -5.0900
Epoch 13000 | Train Loss: 0.025390 | Val Loss: 0.025341 | Train R²: 0.0996 | Val R²: 0.1138 | NightHrsTrueNEE vs NightHrsModelReco R²: -4.3500 | NightHrsTrueNee vs NightHrsModelNee R²: -4.1900
Epoch 13500 | Train Loss: 0.023253 | Val Loss: 0.023279 | Train R²: 0.1754 | Val R²: 0.1859 | NightHrsTrueNEE vs NightHrsModelReco R²: -3.6500 | NightHrsTrueNee vs NightHrsModelNee R²: -3.5200
Epoch 14000 | Train Loss: 0.021718 | Val Loss: 0.021797 | Train R²: 0.2299 | Val R²: 0.2377 | NightHrsTrueNEE vs NightHrsModelReco R²: -3.1100 | NightHrsTrueNee vs NightHrsModelNee R²: -3.0000
Epoch 14500 | Train Loss: 0.020605 | Val Loss: 0.020723 | Train R²: 0.2693 | Val R²: 0.2753 | NightHrsTrueNEE vs NightHrsModelReco R²: -2.6900 | NightHrsTrueNee vs NightHrsModelNee R²: -2.6000
Epoch 15000 | Train Loss: 0.019778 | Val Loss: 0.019926 | Train R²: 0.2986 | Val R²: 0.3032 | NightHrsTrueNEE vs NightHrsModelReco R²: -2.3700 | NightHrsTrueNee vs NightHrsModelNee R²: -2.2900
Epoch 15500 | Train Loss: 0.019132 | Val Loss: 0.019302 | Train R²: 0.3215 | Val R²: 0.3249 | NightHrsTrueNEE vs NightHrsModelReco R²: -2.1200 | NightHrsTrueNee vs NightHrsModelNee R²: -2.0600
Epoch 16000 | Train Loss: 0.018587 | Val Loss: 0.018775 | Train R²: 0.3409 | Val R²: 0.3434 | NightHrsTrueNEE vs NightHrsModelReco R²: -1.9300 | NightHrsTrueNee vs NightHrsModelNee R²: -1.8800
Epoch 16500 | Train Loss: 0.018076 | Val Loss: 0.018279 | Train R²: 0.3590 | Val R²: 0.3607 | NightHrsTrueNEE vs NightHrsModelReco R²: -1.8000 | NightHrsTrueNee vs NightHrsModelNee R²: -1.7600
Epoch 17000 | Train Loss: 0.017544 | Val Loss: 0.017756 | Train R²: 0.3779 | Val R²: 0.3790 | NightHrsTrueNEE vs NightHrsModelReco R²: -1.7100 | NightHrsTrueNee vs NightHrsModelNee R²: -1.6700
Epoch 17500 | Train Loss: 0.016937 | Val Loss: 0.017153 | Train R²: 0.3994 | Val R²: 0.4001 | NightHrsTrueNEE vs NightHrsModelReco R²: -1.6500 | NightHrsTrueNee vs NightHrsModelNee R²: -1.6200
Epoch 18000 | Train Loss: 0.016204 | Val Loss: 0.016413 | Train R²: 0.4254 | Val R²: 0.4260 | NightHrsTrueNEE vs NightHrsModelReco R²: -1.6200 | NightHrsTrueNee vs NightHrsModelNee R²: -1.5900
Epoch 18500 | Train Loss: 0.015306 | Val Loss: 0.015497 | Train R²: 0.4572 | Val R²: 0.4580 | NightHrsTrueNEE vs NightHrsModelReco R²: -1.5800 | NightHrsTrueNee vs NightHrsModelNee R²: -1.5600
Epoch 19000 | Train Loss: 0.014243 | Val Loss: 0.014399 | Train R²: 0.4949 | Val R²: 0.4964 | NightHrsTrueNEE vs NightHrsModelReco R²: -1.5400 | NightHrsTrueNee vs NightHrsModelNee R²: -1.5200
Epoch 19500 | Train Loss: 0.013011 | Val Loss: 0.013117 | Train R²: 0.5386 | Val R²: 0.5413 | NightHrsTrueNEE vs NightHrsModelReco R²: -1.4600 | NightHrsTrueNee vs NightHrsModelNee R²: -1.4400
Epoch 20000 | Train Loss: 0.011642 | Val Loss: 0.011696 | Train R²: 0.5872 | Val R²: 0.5910 | NightHrsTrueNEE vs NightHrsModelReco R²: -1.3100 | NightHrsTrueNee vs NightHrsModelNee R²: -1.2900
Epoch 20500 | Train Loss: 0.010222 | Val Loss: 0.010245 | Train R²: 0.6375 | Val R²: 0.6417 | NightHrsTrueNEE vs NightHrsModelReco R²: -1.0900 | NightHrsTrueNee vs NightHrsModelNee R²: -1.0800
Epoch 21000 | Train Loss: 0.008871 | Val Loss: 0.008909 | Train R²: 0.6854 | Val R²: 0.6884 | NightHrsTrueNEE vs NightHrsModelReco R²: -0.8400 | NightHrsTrueNee vs NightHrsModelNee R²: -0.8300
Epoch 21500 | Train Loss: 0.007681 | Val Loss: 0.007769 | Train R²: 0.7276 | Val R²: 0.7283 | NightHrsTrueNEE vs NightHrsModelReco R²: -0.6000 | NightHrsTrueNee vs NightHrsModelNee R²: -0.5900
Epoch 22000 | Train Loss: 0.006702 | Val Loss: 0.006822 | Train R²: 0.7623 | Val R²: 0.7614 | NightHrsTrueNEE vs NightHrsModelReco R²: -0.3800 | NightHrsTrueNee vs NightHrsModelNee R²: -0.3700
Epoch 22500 | Train Loss: 0.005913 | Val Loss: 0.006031 | Train R²: 0.7903 | Val R²: 0.7891 | NightHrsTrueNEE vs NightHrsModelReco R²: -0.2000 | NightHrsTrueNee vs NightHrsModelNee R²: -0.2000
Epoch 23000 | Train Loss: 0.005236 | Val Loss: 0.005321 | Train R²: 0.8143 | Val R²: 0.8139 | NightHrsTrueNEE vs NightHrsModelReco R²: -0.0700 | NightHrsTrueNee vs NightHrsModelNee R²: -0.0700
Epoch 23500 | Train Loss: 0.004628 | Val Loss: 0.004675 | Train R²: 0.8359 | Val R²: 0.8365 | NightHrsTrueNEE vs NightHrsModelReco R²: 0.0400 | NightHrsTrueNee vs NightHrsModelNee R²: 0.0400
Epoch 24000 | Train Loss: 0.004148 | Val Loss: 0.004173 | Train R²: 0.8529 | Val R²: 0.8541 | NightHrsTrueNEE vs NightHrsModelReco R²: 0.1400 | NightHrsTrueNee vs NightHrsModelNee R²: 0.1400
Epoch 24500 | Train Loss: 0.003814 | Val Loss: 0.003830 | Train R²: 0.8647 | Val R²: 0.8661 | NightHrsTrueNEE vs NightHrsModelReco R²: 0.2400 | NightHrsTrueNee vs NightHrsModelNee R²: 0.2400
Epoch 25000 | Train Loss: 0.003622 | Val Loss: 0.003626 | Train R²: 0.8716 | Val R²: 0.8732 | NightHrsTrueNEE vs NightHrsModelReco R²: 0.3000 | NightHrsTrueNee vs NightHrsModelNee R²: 0.3000
Epoch 25500 | Train Loss: 0.003523 | Val Loss: 0.003517 | Train R²: 0.8751 | Val R²: 0.8770 | NightHrsTrueNEE vs NightHrsModelReco R²: 0.3300 | NightHrsTrueNee vs NightHrsModelNee R²: 0.3300
Epoch 26000 | Train Loss: 0.003468 | Val Loss: 0.003459 | Train R²: 0.8770 | Val R²: 0.8790 | NightHrsTrueNEE vs NightHrsModelReco R²: 0.3600 | NightHrsTrueNee vs NightHrsModelNee R²: 0.3600
Epoch 26500 | Train Loss: 0.003430 | Val Loss: 0.003417 | Train R²: 0.8784 | Val R²: 0.8805 | NightHrsTrueNEE vs NightHrsModelReco R²: 0.3700 | NightHrsTrueNee vs NightHrsModelNee R²: 0.3700
Epoch 27000 | Train Loss: 0.003397 | Val Loss: 0.003384 | Train R²: 0.8795 | Val R²: 0.8817 | NightHrsTrueNEE vs NightHrsModelReco R²: 0.3800 | NightHrsTrueNee vs NightHrsModelNee R²: 0.3800
Epoch 27500 | Train Loss: 0.003363 | Val Loss: 0.003351 | Train R²: 0.8807 | Val R²: 0.8828 | NightHrsTrueNEE vs NightHrsModelReco R²: 0.3900 | NightHrsTrueNee vs NightHrsModelNee R²: 0.3900
Epoch 28000 | Train Loss: 0.003326 | Val Loss: 0.003315 | Train R²: 0.8821 | Val R²: 0.8841 | NightHrsTrueNEE vs NightHrsModelReco R²: 0.4000 | NightHrsTrueNee vs NightHrsModelNee R²: 0.4000
Epoch 28500 | Train Loss: 0.003283 | Val Loss: 0.003276 | Train R²: 0.8836 | Val R²: 0.8854 | NightHrsTrueNEE vs NightHrsModelReco R²: 0.4100 | NightHrsTrueNee vs NightHrsModelNee R²: 0.4100
Epoch 29000 | Train Loss: 0.003237 | Val Loss: 0.003236 | Train R²: 0.8852 | Val R²: 0.8868 | NightHrsTrueNEE vs NightHrsModelReco R²: 0.4100 | NightHrsTrueNee vs NightHrsModelNee R²: 0.4100
Epoch 29500 | Train Loss: 0.003192 | Val Loss: 0.003198 | Train R²: 0.8868 | Val R²: 0.8882 | NightHrsTrueNEE vs NightHrsModelReco R²: 0.4200 | NightHrsTrueNee vs NightHrsModelNee R²: 0.4200
Epoch 30000 | Train Loss: 0.003149 | Val Loss: 0.003159 | Train R²: 0.8883 | Val R²: 0.8895 | NightHrsTrueNEE vs NightHrsModelReco R²: 0.4300 | NightHrsTrueNee vs NightHrsModelNee R²: 0.4300
Epoch 30500 | Train Loss: 0.003106 | Val Loss: 0.003121 | Train R²: 0.8898 | Val R²: 0.8908 | NightHrsTrueNEE vs NightHrsModelReco R²: 0.4300 | NightHrsTrueNee vs NightHrsModelNee R²: 0.4400
Epoch 31000 | Train Loss: 0.003065 | Val Loss: 0.003084 | Train R²: 0.8913 | Val R²: 0.8921 | NightHrsTrueNEE vs NightHrsModelReco R²: 0.4400 | NightHrsTrueNee vs NightHrsModelNee R²: 0.4400
Early stopping at epoch 31476 due to flat/negative trend (slope=0.000002)
Epoch 31476 | Train Loss: 0.003027 | Val Loss: 0.003057 | Train R²: 0.8927 | Val R²: 0.8931
Unpickling models
Following models have been loaded and moved to cuda:
trained gpp model:
 SNN_GPP_Tram(
  (net): Sequential(
    (0): Linear(in_features=7, out_features=12, bias=True)
    (1): Tanh()
    (2): Linear(in_features=12, out_features=1, bias=True)
    (3): Sigmoid()
  )
), trained_reco_model:
 SNN_GPP_Tram(
  (net): Sequential(
    (0): Linear(in_features=7, out_features=12, bias=True)
    (1): Tanh()
    (2): Linear(in_features=12, out_features=1, bias=True)
    (3): Sigmoid()
  )
)
using full data set for visualization
Un-normalizing the GPP and RECO predictions using NEE min: tensor([-28.6423]), NEE max: tensor([15.6103])



Metrics for the Tramontana, with
GPP inputs: ['SW_IN', 'TA', 'VPD', 'WS', 'WD_COS', 'WD_SIN', 'WTD']
RECO inputs: ['DOY_sin', 'DOY_cos', 'TA', 'WS', 'WD_COS', 'WD_SIN', 'WTD']:
dt_gpp vs Tramontana_GPP R²=0.79 RMSE=2.50
nt_gpp vs Tramontana_GPP R²=0.76 RMSE=2.71
dt_reco vs Tramontana_RECO R²=-1.29 RMSE=2.29
nt_reco vs Tramontana_RECO R²=-1.63 RMSE=2.18
night_hours_true_nee vs Tramontana_night_hours_model_reco R²=0.44 RMSE=1.04
night_hours_true_nee vs Tramontana_night_hours_model_nee R²=0.44 RMSE=1.04
dt_gpp vs nt_gpp R²=0.94 RMSE=1.33
dt_reco vs nt_reco R²=0.71 RMSE=1.00

gpp_input_names,  ['SW_IN', 'TA', 'VPD', 'WS', 'WD_COS', 'WD_SIN', 'WTD', 'Salinity'] 
reco_input_names,  ['DOY_sin', 'DOY_cos', 'TA', 'WS', 'WD_COS', 'WD_SIN', 'WTD', 'Salinity'] 
true_nee_name,  ['NEE'] 

Tramontana Running on GPU With hidden layer size of 12 Total epochs: 100000 lr: 0.001 patience: 500 min_delta 0.01
SNN_GPP_Tram(
  (net): Sequential(
    (0): Linear(in_features=8, out_features=12, bias=True)
    (1): Tanh()
    (2): Linear(in_features=12, out_features=1, bias=True)
    (3): Sigmoid()
  )
)
SNN_RECO_Tram(
  (net): Sequential(
    (0): Linear(in_features=8, out_features=12, bias=True)
    (1): Tanh()
    (2): Linear(in_features=12, out_features=1, bias=True)
    (3): Sigmoid()
  )
)
Params are min slope: 2e-06, trend window: 100
Epoch     0 | Train Loss: 21376.259766 | Val Loss: 21672.601562 | Train R²: -758035.9375 | Val R²: -757939.4375 | NightHrsTrueNEE vs NightHrsModelReco R²: -73.3100 | NightHrsTrueNee vs NightHrsModelNee R²: -156.9200
Epoch   500 | Train Loss: 204.830719 | Val Loss: 202.366821 | Train R²: -7262.6304 | Val R²: -7076.2295 | NightHrsTrueNEE vs NightHrsModelReco R²: -257.2800 | NightHrsTrueNee vs NightHrsModelNee R²: -246.9300
Epoch  1000 | Train Loss: 53.425179 | Val Loss: 53.048157 | Train R²: -1893.5436 | Val R²: -1854.2148 | NightHrsTrueNEE vs NightHrsModelReco R²: -308.4000 | NightHrsTrueNee vs NightHrsModelNee R²: -297.7100
Epoch  1500 | Train Loss: 22.787947 | Val Loss: 22.689398 | Train R²: -807.0976 | Val R²: -792.5000 | NightHrsTrueNEE vs NightHrsModelReco R²: -323.7100 | NightHrsTrueNee vs NightHrsModelNee R²: -314.7400
Epoch  2000 | Train Loss: 11.929276 | Val Loss: 11.894767 | Train R²: -422.0315 | Val R²: -414.9871 | NightHrsTrueNEE vs NightHrsModelReco R²: -330.4500 | NightHrsTrueNee vs NightHrsModelNee R²: -322.9700
Epoch  2500 | Train Loss: 7.008422 | Val Loss: 6.994395 | Train R²: -247.5300 | Val R²: -243.6099 | NightHrsTrueNEE vs NightHrsModelReco R²: -333.9800 | NightHrsTrueNee vs NightHrsModelNee R²: -327.6500
Epoch  3000 | Train Loss: 4.443758 | Val Loss: 4.438134 | Train R²: -156.5829 | Val R²: -154.2117 | NightHrsTrueNEE vs NightHrsModelReco R²: -335.8300 | NightHrsTrueNee vs NightHrsModelNee R²: -330.4100
Epoch  3500 | Train Loss: 2.983373 | Val Loss: 2.981937 | Train R²: -104.7953 | Val R²: -103.2852 | NightHrsTrueNEE vs NightHrsModelReco R²: -336.4400 | NightHrsTrueNee vs NightHrsModelNee R²: -331.7400
Epoch  4000 | Train Loss: 2.101081 | Val Loss: 2.101983 | Train R²: -73.5077 | Val R²: -72.5111 | NightHrsTrueNEE vs NightHrsModelReco R²: -335.5400 | NightHrsTrueNee vs NightHrsModelNee R²: -331.4300
Epoch  4500 | Train Loss: 1.544004 | Val Loss: 1.546045 | Train R²: -53.7529 | Val R²: -53.0687 | NightHrsTrueNEE vs NightHrsModelReco R²: -330.3300 | NightHrsTrueNee vs NightHrsModelNee R²: -326.7400
Epoch  5000 | Train Loss: 1.164248 | Val Loss: 1.165136 | Train R²: -40.2861 | Val R²: -39.7475 | NightHrsTrueNEE vs NightHrsModelReco R²: -299.6800 | NightHrsTrueNee vs NightHrsModelNee R²: -296.7200
Epoch  5500 | Train Loss: 0.877162 | Val Loss: 0.876903 | Train R²: -30.1056 | Val R²: -29.6673 | NightHrsTrueNEE vs NightHrsModelReco R²: -229.4800 | NightHrsTrueNee vs NightHrsModelNee R²: -227.3900
Epoch  6000 | Train Loss: 0.676466 | Val Loss: 0.677491 | Train R²: -22.9886 | Val R²: -22.6934 | NightHrsTrueNEE vs NightHrsModelReco R²: -185.5300 | NightHrsTrueNee vs NightHrsModelNee R²: -184.0200
Epoch  6500 | Train Loss: 0.516413 | Val Loss: 0.518175 | Train R²: -17.3128 | Val R²: -17.1218 | NightHrsTrueNEE vs NightHrsModelReco R²: -136.7500 | NightHrsTrueNee vs NightHrsModelNee R²: -135.6900
Epoch  7000 | Train Loss: 0.396075 | Val Loss: 0.397986 | Train R²: -13.0455 | Val R²: -12.9185 | NightHrsTrueNEE vs NightHrsModelReco R²: -104.0600 | NightHrsTrueNee vs NightHrsModelNee R²: -103.2400
Epoch  7500 | Train Loss: 0.296872 | Val Loss: 0.298072 | Train R²: -9.5276 | Val R²: -9.4243 | NightHrsTrueNEE vs NightHrsModelReco R²: -68.4100 | NightHrsTrueNee vs NightHrsModelNee R²: -67.7900
Epoch  8000 | Train Loss: 0.223717 | Val Loss: 0.224594 | Train R²: -6.9334 | Val R²: -6.8546 | NightHrsTrueNEE vs NightHrsModelReco R²: -46.9900 | NightHrsTrueNee vs NightHrsModelNee R²: -46.5100
Epoch  8500 | Train Loss: 0.169404 | Val Loss: 0.170299 | Train R²: -5.0073 | Val R²: -4.9558 | NightHrsTrueNEE vs NightHrsModelReco R²: -34.8000 | NightHrsTrueNee vs NightHrsModelNee R²: -34.4300
Epoch  9000 | Train Loss: 0.128626 | Val Loss: 0.129511 | Train R²: -3.5613 | Val R²: -3.5293 | NightHrsTrueNEE vs NightHrsModelReco R²: -25.9100 | NightHrsTrueNee vs NightHrsModelNee R²: -25.6200
Epoch  9500 | Train Loss: 0.098041 | Val Loss: 0.098890 | Train R²: -2.4767 | Val R²: -2.4584 | NightHrsTrueNEE vs NightHrsModelReco R²: -19.3300 | NightHrsTrueNee vs NightHrsModelNee R²: -19.1100
Epoch 10000 | Train Loss: 0.075108 | Val Loss: 0.075920 | Train R²: -1.6635 | Val R²: -1.6551 | NightHrsTrueNEE vs NightHrsModelReco R²: -14.5100 | NightHrsTrueNee vs NightHrsModelNee R²: -14.3400
Epoch 10500 | Train Loss: 0.057955 | Val Loss: 0.058715 | Train R²: -1.0552 | Val R²: -1.0534 | NightHrsTrueNEE vs NightHrsModelReco R²: -10.9700 | NightHrsTrueNee vs NightHrsModelNee R²: -10.8400
Epoch 11000 | Train Loss: 0.045222 | Val Loss: 0.045903 | Train R²: -0.6037 | Val R²: -0.6053 | NightHrsTrueNEE vs NightHrsModelReco R²: -8.3100 | NightHrsTrueNee vs NightHrsModelNee R²: -8.2100
Epoch 11500 | Train Loss: 0.035808 | Val Loss: 0.036406 | Train R²: -0.2698 | Val R²: -0.2732 | NightHrsTrueNEE vs NightHrsModelReco R²: -6.3300 | NightHrsTrueNee vs NightHrsModelNee R²: -6.2500
Epoch 12000 | Train Loss: 0.028873 | Val Loss: 0.029397 | Train R²: -0.0239 | Val R²: -0.0281 | NightHrsTrueNEE vs NightHrsModelReco R²: -4.8500 | NightHrsTrueNee vs NightHrsModelNee R²: -4.7900
Epoch 12500 | Train Loss: 0.023811 | Val Loss: 0.024269 | Train R²: 0.1556 | Val R²: 0.1513 | NightHrsTrueNEE vs NightHrsModelReco R²: -3.7700 | NightHrsTrueNee vs NightHrsModelNee R²: -3.7200
Epoch 13000 | Train Loss: 0.020152 | Val Loss: 0.020549 | Train R²: 0.2854 | Val R²: 0.2813 | NightHrsTrueNEE vs NightHrsModelReco R²: -2.9800 | NightHrsTrueNee vs NightHrsModelNee R²: -2.9400
Epoch 13500 | Train Loss: 0.017526 | Val Loss: 0.017867 | Train R²: 0.3785 | Val R²: 0.3751 | NightHrsTrueNEE vs NightHrsModelReco R²: -2.4100 | NightHrsTrueNee vs NightHrsModelNee R²: -2.3800
Epoch 14000 | Train Loss: 0.015648 | Val Loss: 0.015943 | Train R²: 0.4451 | Val R²: 0.4424 | NightHrsTrueNEE vs NightHrsModelReco R²: -2.0000 | NightHrsTrueNee vs NightHrsModelNee R²: -1.9700
Epoch 14500 | Train Loss: 0.014302 | Val Loss: 0.014564 | Train R²: 0.4928 | Val R²: 0.4907 | NightHrsTrueNEE vs NightHrsModelReco R²: -1.6900 | NightHrsTrueNee vs NightHrsModelNee R²: -1.6800
Epoch 15000 | Train Loss: 0.013329 | Val Loss: 0.013568 | Train R²: 0.5273 | Val R²: 0.5255 | NightHrsTrueNEE vs NightHrsModelReco R²: -1.4700 | NightHrsTrueNee vs NightHrsModelNee R²: -1.4500
Epoch 15500 | Train Loss: 0.012616 | Val Loss: 0.012840 | Train R²: 0.5526 | Val R²: 0.5509 | NightHrsTrueNEE vs NightHrsModelReco R²: -1.3100 | NightHrsTrueNee vs NightHrsModelNee R²: -1.3000
Epoch 16000 | Train Loss: 0.012072 | Val Loss: 0.012288 | Train R²: 0.5719 | Val R²: 0.5703 | NightHrsTrueNEE vs NightHrsModelReco R²: -1.2000 | NightHrsTrueNee vs NightHrsModelNee R²: -1.1900
Epoch 16500 | Train Loss: 0.011624 | Val Loss: 0.011833 | Train R²: 0.5878 | Val R²: 0.5862 | NightHrsTrueNEE vs NightHrsModelReco R²: -1.1200 | NightHrsTrueNee vs NightHrsModelNee R²: -1.1100
Epoch 17000 | Train Loss: 0.011212 | Val Loss: 0.011412 | Train R²: 0.6024 | Val R²: 0.6009 | NightHrsTrueNEE vs NightHrsModelReco R²: -1.0600 | NightHrsTrueNee vs NightHrsModelNee R²: -1.0600
Epoch 17500 | Train Loss: 0.010778 | Val Loss: 0.010962 | Train R²: 0.6178 | Val R²: 0.6166 | NightHrsTrueNEE vs NightHrsModelReco R²: -1.0100 | NightHrsTrueNee vs NightHrsModelNee R²: -1.0000
Epoch 18000 | Train Loss: 0.010311 | Val Loss: 0.010471 | Train R²: 0.6344 | Val R²: 0.6338 | NightHrsTrueNEE vs NightHrsModelReco R²: -0.9600 | NightHrsTrueNee vs NightHrsModelNee R²: -0.9600
Epoch 18500 | Train Loss: 0.009798 | Val Loss: 0.009927 | Train R²: 0.6525 | Val R²: 0.6528 | NightHrsTrueNEE vs NightHrsModelReco R²: -0.9100 | NightHrsTrueNee vs NightHrsModelNee R²: -0.9000
Epoch 19000 | Train Loss: 0.009217 | Val Loss: 0.009310 | Train R²: 0.6732 | Val R²: 0.6744 | NightHrsTrueNEE vs NightHrsModelReco R²: -0.8400 | NightHrsTrueNee vs NightHrsModelNee R²: -0.8300
Epoch 19500 | Train Loss: 0.008536 | Val Loss: 0.008605 | Train R²: 0.6973 | Val R²: 0.6991 | NightHrsTrueNEE vs NightHrsModelReco R²: -0.7300 | NightHrsTrueNee vs NightHrsModelNee R²: -0.7300
Epoch 20000 | Train Loss: 0.007760 | Val Loss: 0.007808 | Train R²: 0.7248 | Val R²: 0.7269 | NightHrsTrueNEE vs NightHrsModelReco R²: -0.6200 | NightHrsTrueNee vs NightHrsModelNee R²: -0.6100
Epoch 20500 | Train Loss: 0.006937 | Val Loss: 0.006961 | Train R²: 0.7540 | Val R²: 0.7566 | NightHrsTrueNEE vs NightHrsModelReco R²: -0.4800 | NightHrsTrueNee vs NightHrsModelNee R²: -0.4800
Epoch 21000 | Train Loss: 0.006096 | Val Loss: 0.006094 | Train R²: 0.7838 | Val R²: 0.7869 | NightHrsTrueNEE vs NightHrsModelReco R²: -0.3300 | NightHrsTrueNee vs NightHrsModelNee R²: -0.3300
Epoch 21500 | Train Loss: 0.005286 | Val Loss: 0.005261 | Train R²: 0.8125 | Val R²: 0.8160 | NightHrsTrueNEE vs NightHrsModelReco R²: -0.1700 | NightHrsTrueNee vs NightHrsModelNee R²: -0.1700
Epoch 22000 | Train Loss: 0.004592 | Val Loss: 0.004550 | Train R²: 0.8372 | Val R²: 0.8409 | NightHrsTrueNEE vs NightHrsModelReco R²: -0.0300 | NightHrsTrueNee vs NightHrsModelNee R²: -0.0300
Epoch 22500 | Train Loss: 0.004070 | Val Loss: 0.004018 | Train R²: 0.8557 | Val R²: 0.8595 | NightHrsTrueNEE vs NightHrsModelReco R²: 0.0900 | NightHrsTrueNee vs NightHrsModelNee R²: 0.0900
Epoch 23000 | Train Loss: 0.003700 | Val Loss: 0.003642 | Train R²: 0.8688 | Val R²: 0.8726 | NightHrsTrueNEE vs NightHrsModelReco R²: 0.1800 | NightHrsTrueNee vs NightHrsModelNee R²: 0.1800
Epoch 23500 | Train Loss: 0.003417 | Val Loss: 0.003355 | Train R²: 0.8788 | Val R²: 0.8827 | NightHrsTrueNEE vs NightHrsModelReco R²: 0.2400 | NightHrsTrueNee vs NightHrsModelNee R²: 0.2500
Epoch 24000 | Train Loss: 0.003177 | Val Loss: 0.003114 | Train R²: 0.8873 | Val R²: 0.8911 | NightHrsTrueNEE vs NightHrsModelReco R²: 0.3000 | NightHrsTrueNee vs NightHrsModelNee R²: 0.3000
Epoch 24500 | Train Loss: 0.002976 | Val Loss: 0.002915 | Train R²: 0.8945 | Val R²: 0.8981 | NightHrsTrueNEE vs NightHrsModelReco R²: 0.3400 | NightHrsTrueNee vs NightHrsModelNee R²: 0.3400
Epoch 25000 | Train Loss: 0.002815 | Val Loss: 0.002752 | Train R²: 0.9002 | Val R²: 0.9038 | NightHrsTrueNEE vs NightHrsModelReco R²: 0.3800 | NightHrsTrueNee vs NightHrsModelNee R²: 0.3800
Epoch 25500 | Train Loss: 0.002692 | Val Loss: 0.002626 | Train R²: 0.9045 | Val R²: 0.9082 | NightHrsTrueNEE vs NightHrsModelReco R²: 0.4100 | NightHrsTrueNee vs NightHrsModelNee R²: 0.4100
Epoch 26000 | Train Loss: 0.002599 | Val Loss: 0.002530 | Train R²: 0.9078 | Val R²: 0.9115 | NightHrsTrueNEE vs NightHrsModelReco R²: 0.4400 | NightHrsTrueNee vs NightHrsModelNee R²: 0.4400
Epoch 26500 | Train Loss: 0.002528 | Val Loss: 0.002458 | Train R²: 0.9103 | Val R²: 0.9140 | NightHrsTrueNEE vs NightHrsModelReco R²: 0.4600 | NightHrsTrueNee vs NightHrsModelNee R²: 0.4600
Epoch 27000 | Train Loss: 0.002472 | Val Loss: 0.002405 | Train R²: 0.9124 | Val R²: 0.9159 | NightHrsTrueNEE vs NightHrsModelReco R²: 0.4700 | NightHrsTrueNee vs NightHrsModelNee R²: 0.4700
Epoch 27500 | Train Loss: 0.002426 | Val Loss: 0.002364 | Train R²: 0.9140 | Val R²: 0.9173 | NightHrsTrueNEE vs NightHrsModelReco R²: 0.4800 | NightHrsTrueNee vs NightHrsModelNee R²: 0.4800
Epoch 28000 | Train Loss: 0.002387 | Val Loss: 0.002329 | Train R²: 0.9154 | Val R²: 0.9185 | NightHrsTrueNEE vs NightHrsModelReco R²: 0.4900 | NightHrsTrueNee vs NightHrsModelNee R²: 0.4900
Epoch 28500 | Train Loss: 0.002351 | Val Loss: 0.002296 | Train R²: 0.9166 | Val R²: 0.9197 | NightHrsTrueNEE vs NightHrsModelReco R²: 0.5000 | NightHrsTrueNee vs NightHrsModelNee R²: 0.5000
Epoch 29000 | Train Loss: 0.002316 | Val Loss: 0.002266 | Train R²: 0.9179 | Val R²: 0.9208 | NightHrsTrueNEE vs NightHrsModelReco R²: 0.5000 | NightHrsTrueNee vs NightHrsModelNee R²: 0.5000
Early stopping at epoch 29232 due to flat/negative trend (slope=0.000002)
Epoch 29232 | Train Loss: 0.002301 | Val Loss: 0.002254 | Train R²: 0.9184 | Val R²: 0.9212
Unpickling models
Following models have been loaded and moved to cuda:
trained gpp model:
 SNN_GPP_Tram(
  (net): Sequential(
    (0): Linear(in_features=8, out_features=12, bias=True)
    (1): Tanh()
    (2): Linear(in_features=12, out_features=1, bias=True)
    (3): Sigmoid()
  )
), trained_reco_model:
 SNN_GPP_Tram(
  (net): Sequential(
    (0): Linear(in_features=8, out_features=12, bias=True)
    (1): Tanh()
    (2): Linear(in_features=12, out_features=1, bias=True)
    (3): Sigmoid()
  )
)
using full data set for visualization
Un-normalizing the GPP and RECO predictions using NEE min: tensor([-28.6423]), NEE max: tensor([15.6103])



Metrics for the Tramontana, with
GPP inputs: ['SW_IN', 'TA', 'VPD', 'WS', 'WD_COS', 'WD_SIN', 'WTD', 'Salinity']
RECO inputs: ['DOY_sin', 'DOY_cos', 'TA', 'WS', 'WD_COS', 'WD_SIN', 'WTD', 'Salinity']:
dt_gpp vs Tramontana_GPP R²=0.93 RMSE=1.48
nt_gpp vs Tramontana_GPP R²=0.89 RMSE=1.80
dt_reco vs Tramontana_RECO R²=0.20 RMSE=1.36
nt_reco vs Tramontana_RECO R²=0.22 RMSE=1.18
night_hours_true_nee vs Tramontana_night_hours_model_reco R²=0.51 RMSE=0.97
night_hours_true_nee vs Tramontana_night_hours_model_nee R²=0.51 RMSE=0.97
dt_gpp vs nt_gpp R²=0.94 RMSE=1.33
dt_reco vs nt_reco R²=0.71 RMSE=1.00

gpp_input_names,  ['SW_IN', 'TA', 'VPD', 'WS', 'WD_COS', 'WD_SIN', 'WTD', 'Salinity', 'WTD_HalfHourlyDiff'] 
reco_input_names,  ['DOY_sin', 'DOY_cos', 'TA', 'WS', 'WD_COS', 'WD_SIN', 'WTD', 'Salinity', 'WTD_HalfHourlyDiff'] 
true_nee_name,  ['NEE'] 

Tramontana Running on GPU With hidden layer size of 12 Total epochs: 100000 lr: 0.001 patience: 500 min_delta 0.01
SNN_GPP_Tram(
  (net): Sequential(
    (0): Linear(in_features=9, out_features=12, bias=True)
    (1): Tanh()
    (2): Linear(in_features=12, out_features=1, bias=True)
    (3): Sigmoid()
  )
)
SNN_RECO_Tram(
  (net): Sequential(
    (0): Linear(in_features=9, out_features=12, bias=True)
    (1): Tanh()
    (2): Linear(in_features=12, out_features=1, bias=True)
    (3): Sigmoid()
  )
)
Params are min slope: 2e-06, trend window: 100
Epoch     0 | Train Loss: 8151.057129 | Val Loss: 7918.810547 | Train R²: -289048.7812 | Val R²: -276937.9062 | NightHrsTrueNEE vs NightHrsModelReco R²: -124.9100 | NightHrsTrueNee vs NightHrsModelNee R²: -248.1700
Epoch   500 | Train Loss: 73.629471 | Val Loss: 72.575157 | Train R²: -2610.0205 | Val R²: -2537.1189 | NightHrsTrueNEE vs NightHrsModelReco R²: -308.2600 | NightHrsTrueNee vs NightHrsModelNee R²: -294.9400
Epoch  1000 | Train Loss: 18.706308 | Val Loss: 18.432621 | Train R²: -662.3561 | Val R²: -643.6309 | NightHrsTrueNEE vs NightHrsModelReco R²: -327.1900 | NightHrsTrueNee vs NightHrsModelNee R²: -316.3300
Epoch  1500 | Train Loss: 8.010418 | Val Loss: 7.880347 | Train R²: -283.0624 | Val R²: -274.5938 | NightHrsTrueNEE vs NightHrsModelReco R²: -333.4000 | NightHrsTrueNee vs NightHrsModelNee R²: -324.7100
Epoch  2000 | Train Loss: 4.270523 | Val Loss: 4.195514 | Train R²: -150.4397 | Val R²: -145.7267 | NightHrsTrueNEE vs NightHrsModelReco R²: -335.9200 | NightHrsTrueNee vs NightHrsModelNee R²: -328.7300
Epoch  2500 | Train Loss: 2.587009 | Val Loss: 2.539685 | Train R²: -90.7395 | Val R²: -87.8186 | NightHrsTrueNEE vs NightHrsModelReco R²: -336.2200 | NightHrsTrueNee vs NightHrsModelNee R²: -330.1300
Epoch  3000 | Train Loss: 1.715454 | Val Loss: 1.684047 | Train R²: -59.8328 | Val R²: -57.8950 | NightHrsTrueNEE vs NightHrsModelReco R²: -332.4700 | NightHrsTrueNee vs NightHrsModelNee R²: -327.2600
Epoch  3500 | Train Loss: 1.208500 | Val Loss: 1.186370 | Train R²: -41.8554 | Val R²: -40.4901 | NightHrsTrueNEE vs NightHrsModelReco R²: -301.1900 | NightHrsTrueNee vs NightHrsModelNee R²: -296.9400
Epoch  4000 | Train Loss: 0.858932 | Val Loss: 0.842335 | Train R²: -29.4591 | Val R²: -28.4584 | NightHrsTrueNEE vs NightHrsModelReco R²: -203.7100 | NightHrsTrueNee vs NightHrsModelNee R²: -201.0100
Epoch  4500 | Train Loss: 0.641793 | Val Loss: 0.630704 | Train R²: -21.7590 | Val R²: -21.0572 | NightHrsTrueNEE vs NightHrsModelReco R²: -177.0500 | NightHrsTrueNee vs NightHrsModelNee R²: -174.9300
Epoch  5000 | Train Loss: 0.499092 | Val Loss: 0.491840 | Train R²: -16.6986 | Val R²: -16.2008 | NightHrsTrueNEE vs NightHrsModelReco R²: -159.5900 | NightHrsTrueNee vs NightHrsModelNee R²: -157.8500
Epoch  5500 | Train Loss: 0.401444 | Val Loss: 0.396681 | Train R²: -13.2359 | Val R²: -12.8729 | NightHrsTrueNEE vs NightHrsModelReco R²: -144.9000 | NightHrsTrueNee vs NightHrsModelNee R²: -143.4300
Epoch  6000 | Train Loss: 0.329394 | Val Loss: 0.326000 | Train R²: -10.6808 | Val R²: -10.4010 | NightHrsTrueNEE vs NightHrsModelReco R²: -129.5300 | NightHrsTrueNee vs NightHrsModelNee R²: -128.2700
Epoch  6500 | Train Loss: 0.262680 | Val Loss: 0.259861 | Train R²: -8.3150 | Val R²: -8.0879 | NightHrsTrueNEE vs NightHrsModelReco R²: -104.0200 | NightHrsTrueNee vs NightHrsModelNee R²: -102.9800
Epoch  7000 | Train Loss: 0.185048 | Val Loss: 0.181334 | Train R²: -5.5621 | Val R²: -5.3417 | NightHrsTrueNEE vs NightHrsModelReco R²: -51.9500 | NightHrsTrueNee vs NightHrsModelNee R²: -51.2500
Epoch  7500 | Train Loss: 0.135529 | Val Loss: 0.132962 | Train R²: -3.8061 | Val R²: -3.6500 | NightHrsTrueNEE vs NightHrsModelReco R²: -34.6000 | NightHrsTrueNee vs NightHrsModelNee R²: -34.0700
Epoch  8000 | Train Loss: 0.100872 | Val Loss: 0.099141 | Train R²: -2.5771 | Val R²: -2.4672 | NightHrsTrueNEE vs NightHrsModelReco R²: -25.1600 | NightHrsTrueNee vs NightHrsModelNee R²: -24.7600
Epoch  8500 | Train Loss: 0.076315 | Val Loss: 0.075190 | Train R²: -1.7062 | Val R²: -1.6296 | NightHrsTrueNEE vs NightHrsModelReco R²: -18.5400 | NightHrsTrueNee vs NightHrsModelNee R²: -18.2400
Epoch  9000 | Train Loss: 0.058606 | Val Loss: 0.057917 | Train R²: -1.0783 | Val R²: -1.0255 | NightHrsTrueNEE vs NightHrsModelReco R²: -13.7600 | NightHrsTrueNee vs NightHrsModelNee R²: -13.5200
Epoch  9500 | Train Loss: 0.045700 | Val Loss: 0.045307 | Train R²: -0.6206 | Val R²: -0.5845 | NightHrsTrueNEE vs NightHrsModelReco R²: -10.2700 | NightHrsTrueNee vs NightHrsModelNee R²: -10.0800
Epoch 10000 | Train Loss: 0.036223 | Val Loss: 0.036019 | Train R²: -0.2845 | Val R²: -0.2597 | NightHrsTrueNEE vs NightHrsModelReco R²: -7.7000 | NightHrsTrueNee vs NightHrsModelNee R²: -7.5600
Epoch 10500 | Train Loss: 0.029209 | Val Loss: 0.029123 | Train R²: -0.0358 | Val R²: -0.0185 | NightHrsTrueNEE vs NightHrsModelReco R²: -5.8200 | NightHrsTrueNee vs NightHrsModelNee R²: -5.7000
Epoch 11000 | Train Loss: 0.023946 | Val Loss: 0.023926 | Train R²: 0.1508 | Val R²: 0.1633 | NightHrsTrueNEE vs NightHrsModelReco R²: -4.4500 | NightHrsTrueNee vs NightHrsModelNee R²: -4.3700
Epoch 11500 | Train Loss: 0.019894 | Val Loss: 0.019898 | Train R²: 0.2945 | Val R²: 0.3041 | NightHrsTrueNEE vs NightHrsModelReco R²: -3.5300 | NightHrsTrueNee vs NightHrsModelNee R²: -3.4600
Epoch 12000 | Train Loss: 0.017013 | Val Loss: 0.017063 | Train R²: 0.3967 | Val R²: 0.4033 | NightHrsTrueNEE vs NightHrsModelReco R²: -2.9300 | NightHrsTrueNee vs NightHrsModelNee R²: -2.8800
Epoch 12500 | Train Loss: 0.015092 | Val Loss: 0.015145 | Train R²: 0.4648 | Val R²: 0.4704 | NightHrsTrueNEE vs NightHrsModelReco R²: -2.4100 | NightHrsTrueNee vs NightHrsModelNee R²: -2.3700
Epoch 13000 | Train Loss: 0.013744 | Val Loss: 0.013791 | Train R²: 0.5126 | Val R²: 0.5177 | NightHrsTrueNEE vs NightHrsModelReco R²: -2.0200 | NightHrsTrueNee vs NightHrsModelNee R²: -1.9800
Epoch 13500 | Train Loss: 0.012780 | Val Loss: 0.012827 | Train R²: 0.5468 | Val R²: 0.5514 | NightHrsTrueNEE vs NightHrsModelReco R²: -1.7300 | NightHrsTrueNee vs NightHrsModelNee R²: -1.7000
Epoch 14000 | Train Loss: 0.012059 | Val Loss: 0.012113 | Train R²: 0.5724 | Val R²: 0.5764 | NightHrsTrueNEE vs NightHrsModelReco R²: -1.5100 | NightHrsTrueNee vs NightHrsModelNee R²: -1.4900
Epoch 14500 | Train Loss: 0.011484 | Val Loss: 0.011549 | Train R²: 0.5928 | Val R²: 0.5961 | NightHrsTrueNEE vs NightHrsModelReco R²: -1.3600 | NightHrsTrueNee vs NightHrsModelNee R²: -1.3500
Epoch 15000 | Train Loss: 0.011000 | Val Loss: 0.011073 | Train R²: 0.6099 | Val R²: 0.6127 | NightHrsTrueNEE vs NightHrsModelReco R²: -1.2600 | NightHrsTrueNee vs NightHrsModelNee R²: -1.2500
Epoch 15500 | Train Loss: 0.010551 | Val Loss: 0.010627 | Train R²: 0.6258 | Val R²: 0.6284 | NightHrsTrueNEE vs NightHrsModelReco R²: -1.1800 | NightHrsTrueNee vs NightHrsModelNee R²: -1.1700
Epoch 16000 | Train Loss: 0.010091 | Val Loss: 0.010167 | Train R²: 0.6422 | Val R²: 0.6444 | NightHrsTrueNEE vs NightHrsModelReco R²: -1.1100 | NightHrsTrueNee vs NightHrsModelNee R²: -1.1000
Epoch 16500 | Train Loss: 0.009601 | Val Loss: 0.009675 | Train R²: 0.6595 | Val R²: 0.6617 | NightHrsTrueNEE vs NightHrsModelReco R²: -1.0400 | NightHrsTrueNee vs NightHrsModelNee R²: -1.0300
Epoch 17000 | Train Loss: 0.009069 | Val Loss: 0.009133 | Train R²: 0.6784 | Val R²: 0.6806 | NightHrsTrueNEE vs NightHrsModelReco R²: -0.9500 | NightHrsTrueNee vs NightHrsModelNee R²: -0.9400
Epoch 17500 | Train Loss: 0.008489 | Val Loss: 0.008533 | Train R²: 0.6990 | Val R²: 0.7016 | NightHrsTrueNEE vs NightHrsModelReco R²: -0.8500 | NightHrsTrueNee vs NightHrsModelNee R²: -0.8400
Epoch 18000 | Train Loss: 0.007888 | Val Loss: 0.007909 | Train R²: 0.7203 | Val R²: 0.7234 | NightHrsTrueNEE vs NightHrsModelReco R²: -0.7500 | NightHrsTrueNee vs NightHrsModelNee R²: -0.7400
Epoch 18500 | Train Loss: 0.007287 | Val Loss: 0.007294 | Train R²: 0.7416 | Val R²: 0.7449 | NightHrsTrueNEE vs NightHrsModelReco R²: -0.6500 | NightHrsTrueNee vs NightHrsModelNee R²: -0.6400
Epoch 19000 | Train Loss: 0.006658 | Val Loss: 0.006661 | Train R²: 0.7639 | Val R²: 0.7670 | NightHrsTrueNEE vs NightHrsModelReco R²: -0.5300 | NightHrsTrueNee vs NightHrsModelNee R²: -0.5200
Epoch 19500 | Train Loss: 0.005971 | Val Loss: 0.005981 | Train R²: 0.7882 | Val R²: 0.7908 | NightHrsTrueNEE vs NightHrsModelReco R²: -0.3900 | NightHrsTrueNee vs NightHrsModelNee R²: -0.3800
Epoch 20000 | Train Loss: 0.005117 | Val Loss: 0.005142 | Train R²: 0.8185 | Val R²: 0.8202 | NightHrsTrueNEE vs NightHrsModelReco R²: -0.1900 | NightHrsTrueNee vs NightHrsModelNee R²: -0.1800
Epoch 20500 | Train Loss: 0.004077 | Val Loss: 0.004099 | Train R²: 0.8554 | Val R²: 0.8567 | NightHrsTrueNEE vs NightHrsModelReco R²: 0.0700 | NightHrsTrueNee vs NightHrsModelNee R²: 0.0800
Epoch 21000 | Train Loss: 0.003496 | Val Loss: 0.003503 | Train R²: 0.8760 | Val R²: 0.8775 | NightHrsTrueNEE vs NightHrsModelReco R²: 0.2200 | NightHrsTrueNee vs NightHrsModelNee R²: 0.2200
Epoch 21500 | Train Loss: 0.003178 | Val Loss: 0.003175 | Train R²: 0.8873 | Val R²: 0.8890 | NightHrsTrueNEE vs NightHrsModelReco R²: 0.3000 | NightHrsTrueNee vs NightHrsModelNee R²: 0.3000
Epoch 22000 | Train Loss: 0.002962 | Val Loss: 0.002952 | Train R²: 0.8950 | Val R²: 0.8967 | NightHrsTrueNEE vs NightHrsModelReco R²: 0.3500 | NightHrsTrueNee vs NightHrsModelNee R²: 0.3500
Epoch 22500 | Train Loss: 0.002805 | Val Loss: 0.002793 | Train R²: 0.9005 | Val R²: 0.9023 | NightHrsTrueNEE vs NightHrsModelReco R²: 0.3800 | NightHrsTrueNee vs NightHrsModelNee R²: 0.3900
Epoch 23000 | Train Loss: 0.002688 | Val Loss: 0.002673 | Train R²: 0.9047 | Val R²: 0.9065 | NightHrsTrueNEE vs NightHrsModelReco R²: 0.4200 | NightHrsTrueNee vs NightHrsModelNee R²: 0.4200
Epoch 23500 | Train Loss: 0.002600 | Val Loss: 0.002583 | Train R²: 0.9078 | Val R²: 0.9097 | NightHrsTrueNEE vs NightHrsModelReco R²: 0.4400 | NightHrsTrueNee vs NightHrsModelNee R²: 0.4400
Epoch 24000 | Train Loss: 0.002527 | Val Loss: 0.002509 | Train R²: 0.9104 | Val R²: 0.9123 | NightHrsTrueNEE vs NightHrsModelReco R²: 0.4500 | NightHrsTrueNee vs NightHrsModelNee R²: 0.4500
Epoch 24500 | Train Loss: 0.002465 | Val Loss: 0.002446 | Train R²: 0.9126 | Val R²: 0.9145 | NightHrsTrueNEE vs NightHrsModelReco R²: 0.4700 | NightHrsTrueNee vs NightHrsModelNee R²: 0.4700
Epoch 25000 | Train Loss: 0.002410 | Val Loss: 0.002391 | Train R²: 0.9145 | Val R²: 0.9164 | NightHrsTrueNEE vs NightHrsModelReco R²: 0.4800 | NightHrsTrueNee vs NightHrsModelNee R²: 0.4800
Epoch 25500 | Train Loss: 0.002365 | Val Loss: 0.002344 | Train R²: 0.9161 | Val R²: 0.9180 | NightHrsTrueNEE vs NightHrsModelReco R²: 0.4900 | NightHrsTrueNee vs NightHrsModelNee R²: 0.4900
Epoch 26000 | Train Loss: 0.002325 | Val Loss: 0.002303 | Train R²: 0.9176 | Val R²: 0.9195 | NightHrsTrueNEE vs NightHrsModelReco R²: 0.5000 | NightHrsTrueNee vs NightHrsModelNee R²: 0.5000
Epoch 26500 | Train Loss: 0.002289 | Val Loss: 0.002265 | Train R²: 0.9188 | Val R²: 0.9208 | NightHrsTrueNEE vs NightHrsModelReco R²: 0.5000 | NightHrsTrueNee vs NightHrsModelNee R²: 0.5000
Epoch 27000 | Train Loss: 0.002257 | Val Loss: 0.002232 | Train R²: 0.9200 | Val R²: 0.9219 | NightHrsTrueNEE vs NightHrsModelReco R²: 0.5100 | NightHrsTrueNee vs NightHrsModelNee R²: 0.5100
Early stopping at epoch 27292 due to flat/negative trend (slope=0.000002)
Epoch 27292 | Train Loss: 0.002240 | Val Loss: 0.002215 | Train R²: 0.9206 | Val R²: 0.9225
Unpickling models
Following models have been loaded and moved to cuda:
trained gpp model:
 SNN_GPP_Tram(
  (net): Sequential(
    (0): Linear(in_features=9, out_features=12, bias=True)
    (1): Tanh()
    (2): Linear(in_features=12, out_features=1, bias=True)
    (3): Sigmoid()
  )
), trained_reco_model:
 SNN_GPP_Tram(
  (net): Sequential(
    (0): Linear(in_features=9, out_features=12, bias=True)
    (1): Tanh()
    (2): Linear(in_features=12, out_features=1, bias=True)
    (3): Sigmoid()
  )
)
using full data set for visualization
Un-normalizing the GPP and RECO predictions using NEE min: tensor([-28.6423]), NEE max: tensor([15.6103])



Metrics for the Tramontana, with
GPP inputs: ['SW_IN', 'TA', 'VPD', 'WS', 'WD_COS', 'WD_SIN', 'WTD', 'Salinity', 'WTD_HalfHourlyDiff']
RECO inputs: ['DOY_sin', 'DOY_cos', 'TA', 'WS', 'WD_COS', 'WD_SIN', 'WTD', 'Salinity', 'WTD_HalfHourlyDiff']:
dt_gpp vs Tramontana_GPP R²=0.93 RMSE=1.43
nt_gpp vs Tramontana_GPP R²=0.90 RMSE=1.76
dt_reco vs Tramontana_RECO R²=0.24 RMSE=1.32
nt_reco vs Tramontana_RECO R²=0.27 RMSE=1.15
night_hours_true_nee vs Tramontana_night_hours_model_reco R²=0.51 RMSE=0.97
night_hours_true_nee vs Tramontana_night_hours_model_nee R²=0.51 RMSE=0.97
dt_gpp vs nt_gpp R²=0.94 RMSE=1.33
dt_reco vs nt_reco R²=0.71 RMSE=1.00

gpp_input_names,  ['SW_IN', 'TA', 'VPD', 'WS', 'WD_COS', 'WD_SIN', 'WTD', 'Salinity', 'WTD_HalfHourlyDiff', 'WTD_DailyAvg', 'WTD_DailyDiff'] 
reco_input_names,  ['DOY_sin', 'DOY_cos', 'TA', 'WS', 'WD_COS', 'WD_SIN', 'WTD', 'Salinity', 'WTD_HalfHourlyDiff', 'WTD_DailyAvg', 'WTD_DailyDiff'] 
true_nee_name,  ['NEE'] 

Tramontana Running on GPU With hidden layer size of 12 Total epochs: 100000 lr: 0.001 patience: 500 min_delta 0.01
SNN_GPP_Tram(
  (net): Sequential(
    (0): Linear(in_features=11, out_features=12, bias=True)
    (1): Tanh()
    (2): Linear(in_features=12, out_features=1, bias=True)
    (3): Sigmoid()
  )
)
SNN_RECO_Tram(
  (net): Sequential(
    (0): Linear(in_features=11, out_features=12, bias=True)
    (1): Tanh()
    (2): Linear(in_features=12, out_features=1, bias=True)
    (3): Sigmoid()
  )
)
Params are min slope: 2e-06, trend window: 100
Epoch     0 | Train Loss: 21796.898438 | Val Loss: 21826.478516 | Train R²: -772952.4375 | Val R²: -763320.7500 | NightHrsTrueNEE vs NightHrsModelReco R²: -58.7000 | NightHrsTrueNee vs NightHrsModelNee R²: -268.7900
Epoch   500 | Train Loss: 181.639618 | Val Loss: 177.448303 | Train R²: -6440.2358 | Val R²: -6204.7720 | NightHrsTrueNEE vs NightHrsModelReco R²: -265.7800 | NightHrsTrueNee vs NightHrsModelNee R²: -256.3000
Epoch  1000 | Train Loss: 44.798679 | Val Loss: 43.666061 | Train R²: -1587.6339 | Val R²: -1526.1019 | NightHrsTrueNEE vs NightHrsModelReco R²: -313.2800 | NightHrsTrueNee vs NightHrsModelNee R²: -302.4400
Epoch  1500 | Train Loss: 19.183023 | Val Loss: 18.638182 | Train R²: -679.2612 | Val R²: -650.8198 | NightHrsTrueNEE vs NightHrsModelReco R²: -327.1100 | NightHrsTrueNee vs NightHrsModelNee R²: -317.8400
Epoch  2000 | Train Loss: 10.185998 | Val Loss: 9.867136 | Train R²: -360.2120 | Val R²: -344.0763 | NightHrsTrueNEE vs NightHrsModelReco R²: -333.0400 | NightHrsTrueNee vs NightHrsModelNee R²: -325.1400
Epoch  2500 | Train Loss: 6.075377 | Val Loss: 5.870004 | Train R²: -214.4428 | Val R²: -204.2874 | NightHrsTrueNEE vs NightHrsModelReco R²: -335.8900 | NightHrsTrueNee vs NightHrsModelNee R²: -329.0800
Epoch  3000 | Train Loss: 3.907778 | Val Loss: 3.768003 | Train R²: -137.5762 | Val R²: -130.7757 | NightHrsTrueNEE vs NightHrsModelReco R²: -336.8900 | NightHrsTrueNee vs NightHrsModelNee R²: -330.9600
Epoch  3500 | Train Loss: 2.659444 | Val Loss: 2.560907 | Train R²: -93.3082 | Val R²: -88.5608 | NightHrsTrueNEE vs NightHrsModelReco R²: -335.8400 | NightHrsTrueNee vs NightHrsModelNee R²: -330.6400
Epoch  4000 | Train Loss: 1.895361 | Val Loss: 1.823889 | Train R²: -66.2126 | Val R²: -62.7856 | NightHrsTrueNEE vs NightHrsModelReco R²: -329.0800 | NightHrsTrueNee vs NightHrsModelNee R²: -324.5400
Epoch  4500 | Train Loss: 1.378514 | Val Loss: 1.322073 | Train R²: -47.8844 | Val R²: -45.2359 | NightHrsTrueNEE vs NightHrsModelReco R²: -271.9100 | NightHrsTrueNee vs NightHrsModelNee R²: -268.3900
Epoch  5000 | Train Loss: 1.020205 | Val Loss: 0.977243 | Train R²: -35.1781 | Val R²: -33.1764 | NightHrsTrueNEE vs NightHrsModelReco R²: -212.0900 | NightHrsTrueNee vs NightHrsModelNee R²: -209.5200
Epoch  5500 | Train Loss: 0.769512 | Val Loss: 0.739920 | Train R²: -26.2881 | Val R²: -24.8767 | NightHrsTrueNEE vs NightHrsModelReco R²: -175.7800 | NightHrsTrueNee vs NightHrsModelNee R²: -173.7500
Epoch  6000 | Train Loss: 0.600915 | Val Loss: 0.580725 | Train R²: -20.3094 | Val R²: -19.3093 | NightHrsTrueNEE vs NightHrsModelReco R²: -160.0600 | NightHrsTrueNee vs NightHrsModelNee R²: -158.3100
Epoch  6500 | Train Loss: 0.479854 | Val Loss: 0.465972 | Train R²: -16.0164 | Val R²: -15.2961 | NightHrsTrueNEE vs NightHrsModelReco R²: -144.0500 | NightHrsTrueNee vs NightHrsModelNee R²: -142.5400
Epoch  7000 | Train Loss: 0.373519 | Val Loss: 0.364222 | Train R²: -12.2456 | Val R²: -11.7377 | NightHrsTrueNEE vs NightHrsModelReco R²: -114.9300 | NightHrsTrueNee vs NightHrsModelNee R²: -113.6600
Epoch  7500 | Train Loss: 0.277589 | Val Loss: 0.270328 | Train R²: -8.8438 | Val R²: -8.4540 | NightHrsTrueNEE vs NightHrsModelReco R²: -68.9000 | NightHrsTrueNee vs NightHrsModelNee R²: -67.9700
Epoch  8000 | Train Loss: 0.208812 | Val Loss: 0.202936 | Train R²: -6.4048 | Val R²: -6.0971 | NightHrsTrueNEE vs NightHrsModelReco R²: -47.4300 | NightHrsTrueNee vs NightHrsModelNee R²: -46.7000
Epoch  8500 | Train Loss: 0.157998 | Val Loss: 0.153692 | Train R²: -4.6029 | Val R²: -4.3750 | NightHrsTrueNEE vs NightHrsModelReco R²: -35.4600 | NightHrsTrueNee vs NightHrsModelNee R²: -34.8700
Epoch  9000 | Train Loss: 0.119923 | Val Loss: 0.116861 | Train R²: -3.2527 | Val R²: -3.0869 | NightHrsTrueNEE vs NightHrsModelReco R²: -26.7900 | NightHrsTrueNee vs NightHrsModelNee R²: -26.3100
Epoch  9500 | Train Loss: 0.091327 | Val Loss: 0.089229 | Train R²: -2.2386 | Val R²: -2.1205 | NightHrsTrueNEE vs NightHrsModelReco R²: -20.3500 | NightHrsTrueNee vs NightHrsModelNee R²: -19.9600
Epoch 10000 | Train Loss: 0.070029 | Val Loss: 0.068657 | Train R²: -1.4834 | Val R²: -1.4011 | NightHrsTrueNEE vs NightHrsModelReco R²: -15.5600 | NightHrsTrueNee vs NightHrsModelNee R²: -15.2500
Epoch 10500 | Train Loss: 0.054333 | Val Loss: 0.053487 | Train R²: -0.9267 | Val R²: -0.8706 | NightHrsTrueNEE vs NightHrsModelReco R²: -11.9700 | NightHrsTrueNee vs NightHrsModelNee R²: -11.7200
Epoch 11000 | Train Loss: 0.042810 | Val Loss: 0.042329 | Train R²: -0.5181 | Val R²: -0.4803 | NightHrsTrueNEE vs NightHrsModelReco R²: -9.2600 | NightHrsTrueNee vs NightHrsModelNee R²: -9.0500
Epoch 11500 | Train Loss: 0.034351 | Val Loss: 0.034106 | Train R²: -0.2181 | Val R²: -0.1928 | NightHrsTrueNEE vs NightHrsModelReco R²: -7.2000 | NightHrsTrueNee vs NightHrsModelNee R²: -7.0400
Epoch 12000 | Train Loss: 0.028121 | Val Loss: 0.027998 | Train R²: 0.0028 | Val R²: 0.0208 | NightHrsTrueNEE vs NightHrsModelReco R²: -5.6400 | NightHrsTrueNee vs NightHrsModelNee R²: -5.5100
Epoch 12500 | Train Loss: 0.023577 | Val Loss: 0.023517 | Train R²: 0.1639 | Val R²: 0.1775 | NightHrsTrueNEE vs NightHrsModelReco R²: -4.4800 | NightHrsTrueNee vs NightHrsModelNee R²: -4.3800
Epoch 13000 | Train Loss: 0.020304 | Val Loss: 0.020292 | Train R²: 0.2800 | Val R²: 0.2903 | NightHrsTrueNEE vs NightHrsModelReco R²: -3.6300 | NightHrsTrueNee vs NightHrsModelNee R²: -3.5500
Epoch 13500 | Train Loss: 0.017947 | Val Loss: 0.017976 | Train R²: 0.3636 | Val R²: 0.3713 | NightHrsTrueNEE vs NightHrsModelReco R²: -2.9900 | NightHrsTrueNee vs NightHrsModelNee R²: -2.9300
Epoch 14000 | Train Loss: 0.016259 | Val Loss: 0.016320 | Train R²: 0.4234 | Val R²: 0.4293 | NightHrsTrueNEE vs NightHrsModelReco R²: -2.5100 | NightHrsTrueNee vs NightHrsModelNee R²: -2.4600
Epoch 14500 | Train Loss: 0.015060 | Val Loss: 0.015139 | Train R²: 0.4660 | Val R²: 0.4706 | NightHrsTrueNEE vs NightHrsModelReco R²: -2.1500 | NightHrsTrueNee vs NightHrsModelNee R²: -2.1100
Epoch 15000 | Train Loss: 0.014192 | Val Loss: 0.014287 | Train R²: 0.4967 | Val R²: 0.5003 | NightHrsTrueNEE vs NightHrsModelReco R²: -1.8800 | NightHrsTrueNee vs NightHrsModelNee R²: -1.8500
Epoch 15500 | Train Loss: 0.013540 | Val Loss: 0.013654 | Train R²: 0.5198 | Val R²: 0.5225 | NightHrsTrueNEE vs NightHrsModelReco R²: -1.6900 | NightHrsTrueNee vs NightHrsModelNee R²: -1.6600
Epoch 16000 | Train Loss: 0.013010 | Val Loss: 0.013146 | Train R²: 0.5386 | Val R²: 0.5403 | NightHrsTrueNEE vs NightHrsModelReco R²: -1.5400 | NightHrsTrueNee vs NightHrsModelNee R²: -1.5200
Epoch 16500 | Train Loss: 0.012533 | Val Loss: 0.012686 | Train R²: 0.5555 | Val R²: 0.5563 | NightHrsTrueNEE vs NightHrsModelReco R²: -1.4300 | NightHrsTrueNee vs NightHrsModelNee R²: -1.4100
Epoch 17000 | Train Loss: 0.012063 | Val Loss: 0.012223 | Train R²: 0.5722 | Val R²: 0.5725 | NightHrsTrueNEE vs NightHrsModelReco R²: -1.3400 | NightHrsTrueNee vs NightHrsModelNee R²: -1.3300
Epoch 17500 | Train Loss: 0.011568 | Val Loss: 0.011723 | Train R²: 0.5898 | Val R²: 0.5900 | NightHrsTrueNEE vs NightHrsModelReco R²: -1.2600 | NightHrsTrueNee vs NightHrsModelNee R²: -1.2500
Epoch 18000 | Train Loss: 0.011024 | Val Loss: 0.011166 | Train R²: 0.6091 | Val R²: 0.6095 | NightHrsTrueNEE vs NightHrsModelReco R²: -1.1900 | NightHrsTrueNee vs NightHrsModelNee R²: -1.1800
Epoch 18500 | Train Loss: 0.010424 | Val Loss: 0.010546 | Train R²: 0.6303 | Val R²: 0.6312 | NightHrsTrueNEE vs NightHrsModelReco R²: -1.1100 | NightHrsTrueNee vs NightHrsModelNee R²: -1.1000
Epoch 19000 | Train Loss: 0.009769 | Val Loss: 0.009870 | Train R²: 0.6536 | Val R²: 0.6548 | NightHrsTrueNEE vs NightHrsModelReco R²: -1.0000 | NightHrsTrueNee vs NightHrsModelNee R²: -1.0000
Epoch 19500 | Train Loss: 0.009049 | Val Loss: 0.009140 | Train R²: 0.6791 | Val R²: 0.6803 | NightHrsTrueNEE vs NightHrsModelReco R²: -0.8700 | NightHrsTrueNee vs NightHrsModelNee R²: -0.8700
Epoch 20000 | Train Loss: 0.008281 | Val Loss: 0.008373 | Train R²: 0.7063 | Val R²: 0.7072 | NightHrsTrueNEE vs NightHrsModelReco R²: -0.7500 | NightHrsTrueNee vs NightHrsModelNee R²: -0.7400
Epoch 20500 | Train Loss: 0.007510 | Val Loss: 0.007604 | Train R²: 0.7337 | Val R²: 0.7341 | NightHrsTrueNEE vs NightHrsModelReco R²: -0.6200 | NightHrsTrueNee vs NightHrsModelNee R²: -0.6100
Epoch 21000 | Train Loss: 0.006752 | Val Loss: 0.006843 | Train R²: 0.7606 | Val R²: 0.7607 | NightHrsTrueNEE vs NightHrsModelReco R²: -0.4800 | NightHrsTrueNee vs NightHrsModelNee R²: -0.4800
Epoch 21500 | Train Loss: 0.006021 | Val Loss: 0.006104 | Train R²: 0.7865 | Val R²: 0.7865 | NightHrsTrueNEE vs NightHrsModelReco R²: -0.3400 | NightHrsTrueNee vs NightHrsModelNee R²: -0.3400
Epoch 22000 | Train Loss: 0.005338 | Val Loss: 0.005405 | Train R²: 0.8107 | Val R²: 0.8110 | NightHrsTrueNEE vs NightHrsModelReco R²: -0.2000 | NightHrsTrueNee vs NightHrsModelNee R²: -0.2000
Epoch 22500 | Train Loss: 0.004713 | Val Loss: 0.004747 | Train R²: 0.8329 | Val R²: 0.8340 | NightHrsTrueNEE vs NightHrsModelReco R²: -0.0600 | NightHrsTrueNee vs NightHrsModelNee R²: -0.0600
Epoch 23000 | Train Loss: 0.004165 | Val Loss: 0.004171 | Train R²: 0.8523 | Val R²: 0.8541 | NightHrsTrueNEE vs NightHrsModelReco R²: 0.0600 | NightHrsTrueNee vs NightHrsModelNee R²: 0.0600
Epoch 23500 | Train Loss: 0.003729 | Val Loss: 0.003721 | Train R²: 0.8678 | Val R²: 0.8699 | NightHrsTrueNEE vs NightHrsModelReco R²: 0.1600 | NightHrsTrueNee vs NightHrsModelNee R²: 0.1600
Epoch 24000 | Train Loss: 0.003388 | Val Loss: 0.003372 | Train R²: 0.8799 | Val R²: 0.8821 | NightHrsTrueNEE vs NightHrsModelReco R²: 0.2400 | NightHrsTrueNee vs NightHrsModelNee R²: 0.2400
Epoch 24500 | Train Loss: 0.003115 | Val Loss: 0.003098 | Train R²: 0.8895 | Val R²: 0.8917 | NightHrsTrueNEE vs NightHrsModelReco R²: 0.3000 | NightHrsTrueNee vs NightHrsModelNee R²: 0.3000
Epoch 25000 | Train Loss: 0.002904 | Val Loss: 0.002885 | Train R²: 0.8970 | Val R²: 0.8991 | NightHrsTrueNEE vs NightHrsModelReco R²: 0.3500 | NightHrsTrueNee vs NightHrsModelNee R²: 0.3500
Epoch 25500 | Train Loss: 0.002744 | Val Loss: 0.002722 | Train R²: 0.9027 | Val R²: 0.9048 | NightHrsTrueNEE vs NightHrsModelReco R²: 0.3900 | NightHrsTrueNee vs NightHrsModelNee R²: 0.3900
Epoch 26000 | Train Loss: 0.002623 | Val Loss: 0.002603 | Train R²: 0.9070 | Val R²: 0.9090 | NightHrsTrueNEE vs NightHrsModelReco R²: 0.4200 | NightHrsTrueNee vs NightHrsModelNee R²: 0.4200
Epoch 26500 | Train Loss: 0.002534 | Val Loss: 0.002516 | Train R²: 0.9101 | Val R²: 0.9120 | NightHrsTrueNEE vs NightHrsModelReco R²: 0.4500 | NightHrsTrueNee vs NightHrsModelNee R²: 0.4500
Epoch 27000 | Train Loss: 0.002469 | Val Loss: 0.002452 | Train R²: 0.9124 | Val R²: 0.9142 | NightHrsTrueNEE vs NightHrsModelReco R²: 0.4700 | NightHrsTrueNee vs NightHrsModelNee R²: 0.4700
Epoch 27500 | Train Loss: 0.002419 | Val Loss: 0.002403 | Train R²: 0.9142 | Val R²: 0.9160 | NightHrsTrueNEE vs NightHrsModelReco R²: 0.4800 | NightHrsTrueNee vs NightHrsModelNee R²: 0.4800
Epoch 28000 | Train Loss: 0.002377 | Val Loss: 0.002363 | Train R²: 0.9157 | Val R²: 0.9174 | NightHrsTrueNEE vs NightHrsModelReco R²: 0.4900 | NightHrsTrueNee vs NightHrsModelNee R²: 0.4900
Epoch 28500 | Train Loss: 0.002340 | Val Loss: 0.002327 | Train R²: 0.9170 | Val R²: 0.9186 | NightHrsTrueNEE vs NightHrsModelReco R²: 0.5000 | NightHrsTrueNee vs NightHrsModelNee R²: 0.5000
Epoch 29000 | Train Loss: 0.002307 | Val Loss: 0.002295 | Train R²: 0.9182 | Val R²: 0.9197 | NightHrsTrueNEE vs NightHrsModelReco R²: 0.5100 | NightHrsTrueNee vs NightHrsModelNee R²: 0.5100
Epoch 29500 | Train Loss: 0.002276 | Val Loss: 0.002265 | Train R²: 0.9193 | Val R²: 0.9208 | NightHrsTrueNEE vs NightHrsModelReco R²: 0.5200 | NightHrsTrueNee vs NightHrsModelNee R²: 0.5200
Early stopping at epoch 29694 due to flat/negative trend (slope=0.000002)
Epoch 29694 | Train Loss: 0.002264 | Val Loss: 0.002255 | Train R²: 0.9197 | Val R²: 0.9211
Unpickling models
Following models have been loaded and moved to cuda:
trained gpp model:
 SNN_GPP_Tram(
  (net): Sequential(
    (0): Linear(in_features=11, out_features=12, bias=True)
    (1): Tanh()
    (2): Linear(in_features=12, out_features=1, bias=True)
    (3): Sigmoid()
  )
), trained_reco_model:
 SNN_GPP_Tram(
  (net): Sequential(
    (0): Linear(in_features=11, out_features=12, bias=True)
    (1): Tanh()
    (2): Linear(in_features=12, out_features=1, bias=True)
    (3): Sigmoid()
  )
)
using full data set for visualization
Un-normalizing the GPP and RECO predictions using NEE min: tensor([-28.6423]), NEE max: tensor([15.6103])



Metrics for the Tramontana, with
GPP inputs: ['SW_IN', 'TA', 'VPD', 'WS', 'WD_COS', 'WD_SIN', 'WTD', 'Salinity', 'WTD_HalfHourlyDiff', 'WTD_DailyAvg', 'WTD_DailyDiff']
RECO inputs: ['DOY_sin', 'DOY_cos', 'TA', 'WS', 'WD_COS', 'WD_SIN', 'WTD', 'Salinity', 'WTD_HalfHourlyDiff', 'WTD_DailyAvg', 'WTD_DailyDiff']:
dt_gpp vs Tramontana_GPP R²=0.93 RMSE=1.46
nt_gpp vs Tramontana_GPP R²=0.90 RMSE=1.78
dt_reco vs Tramontana_RECO R²=0.24 RMSE=1.32
nt_reco vs Tramontana_RECO R²=0.25 RMSE=1.16
night_hours_true_nee vs Tramontana_night_hours_model_reco R²=0.52 RMSE=0.96
night_hours_true_nee vs Tramontana_night_hours_model_nee R²=0.52 RMSE=0.96
dt_gpp vs nt_gpp R²=0.94 RMSE=1.33
dt_reco vs nt_reco R²=0.71 RMSE=1.00

gpp_input_names,  ['PotRadDailyAvg', 'PotRadDailyDiff', 'GPP_PROX'] 
reco_input_names,  ['DOY_sin', 'DOY_cos', 'NIGHTLY_NEE_AVG'] 
true_nee_name,  ['NEE'] 

Tramontana Running on GPU With hidden layer size of 12 Total epochs: 100000 lr: 0.001 patience: 500 min_delta 0.01
SNN_GPP_Tram(
  (net): Sequential(
    (0): Linear(in_features=3, out_features=12, bias=True)
    (1): Tanh()
    (2): Linear(in_features=12, out_features=1, bias=True)
    (3): Sigmoid()
  )
)
SNN_RECO_Tram(
  (net): Sequential(
    (0): Linear(in_features=3, out_features=12, bias=True)
    (1): Tanh()
    (2): Linear(in_features=12, out_features=1, bias=True)
    (3): Sigmoid()
  )
)
Params are min slope: 2e-06, trend window: 100
Epoch     0 | Train Loss: 13236.835938 | Val Loss: 13382.582031 | Train R²: -469398.6875 | Val R²: -468018.5000 | NightHrsTrueNEE vs NightHrsModelReco R²: -75.3600 | NightHrsTrueNee vs NightHrsModelNee R²: -170.3000
Epoch   500 | Train Loss: 231.202744 | Val Loss: 227.899155 | Train R²: -8197.8252 | Val R²: -7969.1538 | NightHrsTrueNEE vs NightHrsModelReco R²: -271.1200 | NightHrsTrueNee vs NightHrsModelNee R²: -260.8900
Epoch  1000 | Train Loss: 56.070511 | Val Loss: 54.809322 | Train R²: -1987.3514 | Val R²: -1915.8071 | NightHrsTrueNEE vs NightHrsModelReco R²: -314.8800 | NightHrsTrueNee vs NightHrsModelNee R²: -306.4000
Epoch  1500 | Train Loss: 23.695055 | Val Loss: 23.057720 | Train R²: -839.2652 | Val R²: -805.3812 | NightHrsTrueNEE vs NightHrsModelReco R²: -328.1100 | NightHrsTrueNee vs NightHrsModelNee R²: -321.5000
Epoch  2000 | Train Loss: 12.520084 | Val Loss: 12.147919 | Train R²: -442.9825 | Val R²: -423.8404 | NightHrsTrueNEE vs NightHrsModelReco R²: -334.1500 | NightHrsTrueNee vs NightHrsModelNee R²: -328.8100
Epoch  2500 | Train Loss: 7.477235 | Val Loss: 7.241486 | Train R²: -264.1549 | Val R²: -252.2513 | NightHrsTrueNEE vs NightHrsModelReco R²: -337.4800 | NightHrsTrueNee vs NightHrsModelNee R²: -333.0500
Epoch  3000 | Train Loss: 4.838767 | Val Loss: 4.681835 | Train R²: -170.5905 | Val R²: -162.7345 | NightHrsTrueNEE vs NightHrsModelReco R²: -339.4500 | NightHrsTrueNee vs NightHrsModelNee R²: -335.7000
Epoch  3500 | Train Loss: 3.325912 | Val Loss: 3.218129 | Train R²: -116.9422 | Val R²: -111.5453 | NightHrsTrueNEE vs NightHrsModelReco R²: -340.5900 | NightHrsTrueNee vs NightHrsModelNee R²: -337.3600
Epoch  4000 | Train Loss: 2.404710 | Val Loss: 2.329222 | Train R²: -84.2749 | Val R²: -80.4582 | NightHrsTrueNEE vs NightHrsModelReco R²: -341.0700 | NightHrsTrueNee vs NightHrsModelNee R²: -338.2700
Epoch  4500 | Train Loss: 1.820405 | Val Loss: 1.766943 | Train R²: -63.5545 | Val R²: -60.7940 | NightHrsTrueNEE vs NightHrsModelReco R²: -340.8600 | NightHrsTrueNee vs NightHrsModelNee R²: -338.4000
Epoch  5000 | Train Loss: 1.438803 | Val Loss: 1.400755 | Train R²: -50.0223 | Val R²: -47.9876 | NightHrsTrueNEE vs NightHrsModelReco R²: -339.6000 | NightHrsTrueNee vs NightHrsModelNee R²: -337.4200
Epoch  5500 | Train Loss: 1.182190 | Val Loss: 1.155075 | Train R²: -40.9224 | Val R²: -39.3956 | NightHrsTrueNEE vs NightHrsModelReco R²: -335.8200 | NightHrsTrueNee vs NightHrsModelNee R²: -333.8900
Epoch  6000 | Train Loss: 0.976195 | Val Loss: 0.955727 | Train R²: -33.6175 | Val R²: -32.4239 | NightHrsTrueNEE vs NightHrsModelReco R²: -310.8300 | NightHrsTrueNee vs NightHrsModelNee R²: -309.1400
Epoch  6500 | Train Loss: 0.685463 | Val Loss: 0.672849 | Train R²: -23.3076 | Val R²: -22.5311 | NightHrsTrueNEE vs NightHrsModelReco R²: -228.3600 | NightHrsTrueNee vs NightHrsModelNee R²: -226.9600
Epoch  7000 | Train Loss: 0.540449 | Val Loss: 0.532040 | Train R²: -18.1652 | Val R²: -17.6067 | NightHrsTrueNEE vs NightHrsModelReco R²: -188.9500 | NightHrsTrueNee vs NightHrsModelNee R²: -187.7800
Epoch  7500 | Train Loss: 0.363163 | Val Loss: 0.352845 | Train R²: -11.8784 | Val R²: -11.3398 | NightHrsTrueNEE vs NightHrsModelReco R²: -57.9900 | NightHrsTrueNee vs NightHrsModelNee R²: -57.4400
Epoch  8000 | Train Loss: 0.264064 | Val Loss: 0.256316 | Train R²: -8.3641 | Val R²: -7.9640 | NightHrsTrueNEE vs NightHrsModelReco R²: -36.8900 | NightHrsTrueNee vs NightHrsModelNee R²: -36.5200
Epoch  8500 | Train Loss: 0.196790 | Val Loss: 0.191267 | Train R²: -5.9785 | Val R²: -5.6890 | NightHrsTrueNEE vs NightHrsModelReco R²: -27.6700 | NightHrsTrueNee vs NightHrsModelNee R²: -27.4100
Epoch  9000 | Train Loss: 0.149690 | Val Loss: 0.145681 | Train R²: -4.3082 | Val R²: -4.0948 | NightHrsTrueNEE vs NightHrsModelReco R²: -20.9300 | NightHrsTrueNee vs NightHrsModelNee R²: -20.7400
Epoch  9500 | Train Loss: 0.115761 | Val Loss: 0.112811 | Train R²: -3.1051 | Val R²: -2.9453 | NightHrsTrueNEE vs NightHrsModelReco R²: -15.9100 | NightHrsTrueNee vs NightHrsModelNee R²: -15.7700
Epoch 10000 | Train Loss: 0.090959 | Val Loss: 0.088780 | Train R²: -2.2256 | Val R²: -2.1049 | NightHrsTrueNEE vs NightHrsModelReco R²: -12.2100 | NightHrsTrueNee vs NightHrsModelNee R²: -12.1000
Epoch 10500 | Train Loss: 0.072707 | Val Loss: 0.071103 | Train R²: -1.5783 | Val R²: -1.4866 | NightHrsTrueNEE vs NightHrsModelReco R²: -9.4900 | NightHrsTrueNee vs NightHrsModelNee R²: -9.4100
Epoch 11000 | Train Loss: 0.059228 | Val Loss: 0.058059 | Train R²: -1.1003 | Val R²: -1.0304 | NightHrsTrueNEE vs NightHrsModelReco R²: -7.5100 | NightHrsTrueNee vs NightHrsModelNee R²: -7.4500
Epoch 11500 | Train Loss: 0.049257 | Val Loss: 0.048417 | Train R²: -0.7467 | Val R²: -0.6932 | NightHrsTrueNEE vs NightHrsModelReco R²: -6.0600 | NightHrsTrueNee vs NightHrsModelNee R²: -6.0100
Epoch 12000 | Train Loss: 0.041875 | Val Loss: 0.041282 | Train R²: -0.4850 | Val R²: -0.4437 | NightHrsTrueNEE vs NightHrsModelReco R²: -4.9900 | NightHrsTrueNee vs NightHrsModelNee R²: -4.9500
Epoch 12500 | Train Loss: 0.036407 | Val Loss: 0.036001 | Train R²: -0.2910 | Val R²: -0.2590 | NightHrsTrueNEE vs NightHrsModelReco R²: -4.2000 | NightHrsTrueNee vs NightHrsModelNee R²: -4.1700
Epoch 13000 | Train Loss: 0.032357 | Val Loss: 0.032092 | Train R²: -0.1474 | Val R²: -0.1223 | NightHrsTrueNEE vs NightHrsModelReco R²: -3.6100 | NightHrsTrueNee vs NightHrsModelNee R²: -3.5900
Epoch 13500 | Train Loss: 0.029367 | Val Loss: 0.029207 | Train R²: -0.0414 | Val R²: -0.0214 | NightHrsTrueNEE vs NightHrsModelReco R²: -3.1600 | NightHrsTrueNee vs NightHrsModelNee R²: -3.1500
Epoch 14000 | Train Loss: 0.027179 | Val Loss: 0.027098 | Train R²: 0.0362 | Val R²: 0.0523 | NightHrsTrueNEE vs NightHrsModelReco R²: -2.8300 | NightHrsTrueNee vs NightHrsModelNee R²: -2.8200
Epoch 14500 | Train Loss: 0.025586 | Val Loss: 0.025566 | Train R²: 0.0927 | Val R²: 0.1059 | NightHrsTrueNEE vs NightHrsModelReco R²: -2.5800 | NightHrsTrueNee vs NightHrsModelNee R²: -2.5700
Epoch 15000 | Train Loss: 0.024419 | Val Loss: 0.024448 | Train R²: 0.1341 | Val R²: 0.1450 | NightHrsTrueNEE vs NightHrsModelReco R²: -2.3800 | NightHrsTrueNee vs NightHrsModelNee R²: -2.3800
Epoch 15500 | Train Loss: 0.023556 | Val Loss: 0.023621 | Train R²: 0.1646 | Val R²: 0.1739 | NightHrsTrueNEE vs NightHrsModelReco R²: -2.2300 | NightHrsTrueNee vs NightHrsModelNee R²: -2.2300
Epoch 16000 | Train Loss: 0.022907 | Val Loss: 0.022997 | Train R²: 0.1877 | Val R²: 0.1958 | NightHrsTrueNEE vs NightHrsModelReco R²: -2.1200 | NightHrsTrueNee vs NightHrsModelNee R²: -2.1100
Epoch 16500 | Train Loss: 0.022401 | Val Loss: 0.022508 | Train R²: 0.2056 | Val R²: 0.2128 | NightHrsTrueNEE vs NightHrsModelReco R²: -2.0300 | NightHrsTrueNee vs NightHrsModelNee R²: -2.0300
Epoch 17000 | Train Loss: 0.021980 | Val Loss: 0.022097 | Train R²: 0.2205 | Val R²: 0.2272 | NightHrsTrueNEE vs NightHrsModelReco R²: -1.9700 | NightHrsTrueNee vs NightHrsModelNee R²: -1.9700
Epoch 17500 | Train Loss: 0.021587 | Val Loss: 0.021705 | Train R²: 0.2345 | Val R²: 0.2409 | NightHrsTrueNEE vs NightHrsModelReco R²: -1.9300 | NightHrsTrueNee vs NightHrsModelNee R²: -1.9300
Epoch 18000 | Train Loss: 0.021157 | Val Loss: 0.021268 | Train R²: 0.2497 | Val R²: 0.2562 | NightHrsTrueNEE vs NightHrsModelReco R²: -1.9000 | NightHrsTrueNee vs NightHrsModelNee R²: -1.9000
Epoch 18500 | Train Loss: 0.020615 | Val Loss: 0.020705 | Train R²: 0.2690 | Val R²: 0.2759 | NightHrsTrueNEE vs NightHrsModelReco R²: -1.8800 | NightHrsTrueNee vs NightHrsModelNee R²: -1.8800
Epoch 19000 | Train Loss: 0.019843 | Val Loss: 0.019895 | Train R²: 0.2963 | Val R²: 0.3042 | NightHrsTrueNEE vs NightHrsModelReco R²: -1.8600 | NightHrsTrueNee vs NightHrsModelNee R²: -1.8600
Epoch 19500 | Train Loss: 0.018610 | Val Loss: 0.018594 | Train R²: 0.3401 | Val R²: 0.3497 | NightHrsTrueNEE vs NightHrsModelReco R²: -1.8400 | NightHrsTrueNee vs NightHrsModelNee R²: -1.8300
Epoch 20000 | Train Loss: 0.016382 | Val Loss: 0.016256 | Train R²: 0.4191 | Val R²: 0.4315 | NightHrsTrueNEE vs NightHrsModelReco R²: -1.7800 | NightHrsTrueNee vs NightHrsModelNee R²: -1.7800
Epoch 20500 | Train Loss: 0.012383 | Val Loss: 0.012160 | Train R²: 0.5609 | Val R²: 0.5748 | NightHrsTrueNEE vs NightHrsModelReco R²: -1.5600 | NightHrsTrueNee vs NightHrsModelNee R²: -1.5600
Epoch 21000 | Train Loss: 0.007637 | Val Loss: 0.007460 | Train R²: 0.7292 | Val R²: 0.7391 | NightHrsTrueNEE vs NightHrsModelReco R²: -0.7100 | NightHrsTrueNee vs NightHrsModelNee R²: -0.7100
Epoch 21500 | Train Loss: 0.005184 | Val Loss: 0.005047 | Train R²: 0.8162 | Val R²: 0.8235 | NightHrsTrueNEE vs NightHrsModelReco R²: 0.0900 | NightHrsTrueNee vs NightHrsModelNee R²: 0.0900
Epoch 22000 | Train Loss: 0.004505 | Val Loss: 0.004380 | Train R²: 0.8403 | Val R²: 0.8468 | NightHrsTrueNEE vs NightHrsModelReco R²: 0.2500 | NightHrsTrueNee vs NightHrsModelNee R²: 0.2500
Epoch 22500 | Train Loss: 0.004187 | Val Loss: 0.004079 | Train R²: 0.8515 | Val R²: 0.8573 | NightHrsTrueNEE vs NightHrsModelReco R²: 0.3200 | NightHrsTrueNee vs NightHrsModelNee R²: 0.3200
Epoch 23000 | Train Loss: 0.003997 | Val Loss: 0.003901 | Train R²: 0.8582 | Val R²: 0.8636 | NightHrsTrueNEE vs NightHrsModelReco R²: 0.3600 | NightHrsTrueNee vs NightHrsModelNee R²: 0.3600
Epoch 23500 | Train Loss: 0.003876 | Val Loss: 0.003787 | Train R²: 0.8626 | Val R²: 0.8676 | NightHrsTrueNEE vs NightHrsModelReco R²: 0.3900 | NightHrsTrueNee vs NightHrsModelNee R²: 0.3900
Epoch 24000 | Train Loss: 0.003790 | Val Loss: 0.003707 | Train R²: 0.8656 | Val R²: 0.8704 | NightHrsTrueNEE vs NightHrsModelReco R²: 0.4100 | NightHrsTrueNee vs NightHrsModelNee R²: 0.4100
Epoch 24500 | Train Loss: 0.003726 | Val Loss: 0.003648 | Train R²: 0.8679 | Val R²: 0.8724 | NightHrsTrueNEE vs NightHrsModelReco R²: 0.4200 | NightHrsTrueNee vs NightHrsModelNee R²: 0.4200
Epoch 25000 | Train Loss: 0.003679 | Val Loss: 0.003606 | Train R²: 0.8695 | Val R²: 0.8739 | NightHrsTrueNEE vs NightHrsModelReco R²: 0.4300 | NightHrsTrueNee vs NightHrsModelNee R²: 0.4300
Early stopping at epoch 25287 due to flat/negative trend (slope=0.000002)
Epoch 25287 | Train Loss: 0.003659 | Val Loss: 0.003588 | Train R²: 0.8702 | Val R²: 0.8745
Unpickling models
Following models have been loaded and moved to cuda:
trained gpp model:
 SNN_GPP_Tram(
  (net): Sequential(
    (0): Linear(in_features=3, out_features=12, bias=True)
    (1): Tanh()
    (2): Linear(in_features=12, out_features=1, bias=True)
    (3): Sigmoid()
  )
), trained_reco_model:
 SNN_GPP_Tram(
  (net): Sequential(
    (0): Linear(in_features=3, out_features=12, bias=True)
    (1): Tanh()
    (2): Linear(in_features=12, out_features=1, bias=True)
    (3): Sigmoid()
  )
)
using full data set for visualization
Un-normalizing the GPP and RECO predictions using NEE min: tensor([-28.6423]), NEE max: tensor([15.6103])



Metrics for the Tramontana, with
GPP inputs: ['PotRadDailyAvg', 'PotRadDailyDiff', 'GPP_PROX']
RECO inputs: ['DOY_sin', 'DOY_cos', 'NIGHTLY_NEE_AVG']:
dt_gpp vs Tramontana_GPP R²=0.89 RMSE=1.83
nt_gpp vs Tramontana_GPP R²=0.86 RMSE=2.06
dt_reco vs Tramontana_RECO R²=0.13 RMSE=1.41
nt_reco vs Tramontana_RECO R²=0.35 RMSE=1.08
night_hours_true_nee vs Tramontana_night_hours_model_reco R²=0.43 RMSE=1.05
night_hours_true_nee vs Tramontana_night_hours_model_nee R²=0.43 RMSE=1.05
dt_gpp vs nt_gpp R²=0.94 RMSE=1.33
dt_reco vs nt_reco R²=0.71 RMSE=1.00

gpp_input_names,  ['SW_IN', 'VPD', 'TA', 'WTD', 'WS', 'PotRad', 'PotRadHalfHourlyDiff', 'WD_COS', 'WD_SIN'] 
reco_input_names,  ['TA', 'TS_1', 'TS_2', 'TS_3', 'TS_4', 'WTD', 'WS', 'WD_COS', 'WD_SIN'] 
true_nee_name,  ['NEE'] 

Tramontana Running on GPU With hidden layer size of 12 Total epochs: 100000 lr: 0.001 patience: 500 min_delta 0.01
SNN_GPP_Tram(
  (net): Sequential(
    (0): Linear(in_features=9, out_features=12, bias=True)
    (1): Tanh()
    (2): Linear(in_features=12, out_features=1, bias=True)
    (3): Sigmoid()
  )
)
SNN_RECO_Tram(
  (net): Sequential(
    (0): Linear(in_features=9, out_features=12, bias=True)
    (1): Tanh()
    (2): Linear(in_features=12, out_features=1, bias=True)
    (3): Sigmoid()
  )
)
Params are min slope: 2e-06, trend window: 100
Epoch     0 | Train Loss: 21180.052734 | Val Loss: 21115.255859 | Train R²: -751078.0625 | Val R²: -738447.6875 | NightHrsTrueNEE vs NightHrsModelReco R²: -89.4700 | NightHrsTrueNee vs NightHrsModelNee R²: -232.8300
Epoch   500 | Train Loss: 174.359283 | Val Loss: 171.903061 | Train R²: -6182.0630 | Val R²: -6010.8423 | NightHrsTrueNEE vs NightHrsModelReco R²: -312.8900 | NightHrsTrueNee vs NightHrsModelNee R²: -301.8700
Epoch  1000 | Train Loss: 44.908459 | Val Loss: 44.214306 | Train R²: -1591.5269 | Val R²: -1545.2753 | NightHrsTrueNEE vs NightHrsModelReco R²: -328.9800 | NightHrsTrueNee vs NightHrsModelNee R²: -315.6500
Epoch  1500 | Train Loss: 19.668079 | Val Loss: 19.295149 | Train R²: -696.4621 | Val R²: -673.7954 | NightHrsTrueNEE vs NightHrsModelReco R²: -335.2000 | NightHrsTrueNee vs NightHrsModelNee R²: -323.0300
Epoch  2000 | Train Loss: 10.604520 | Val Loss: 10.367044 | Train R²: -375.0535 | Val R²: -361.5592 | NightHrsTrueNEE vs NightHrsModelReco R²: -338.5300 | NightHrsTrueNee vs NightHrsModelNee R²: -327.6800
Epoch  2500 | Train Loss: 6.396501 | Val Loss: 6.232967 | Train R²: -225.8303 | Val R²: -216.9811 | NightHrsTrueNEE vs NightHrsModelReco R²: -340.5400 | NightHrsTrueNee vs NightHrsModelNee R²: -330.8700
Epoch  3000 | Train Loss: 4.148215 | Val Loss: 4.030401 | Train R²: -146.1025 | Val R²: -139.9523 | NightHrsTrueNEE vs NightHrsModelReco R²: -341.8000 | NightHrsTrueNee vs NightHrsModelNee R²: -333.1400
Epoch  3500 | Train Loss: 2.839087 | Val Loss: 2.751721 | Train R²: -99.6786 | Val R²: -95.2340 | NightHrsTrueNEE vs NightHrsModelReco R²: -342.5000 | NightHrsTrueNee vs NightHrsModelNee R²: -334.7100
Epoch  4000 | Train Loss: 2.033256 | Val Loss: 1.967188 | Train R²: -71.1026 | Val R²: -67.7971 | NightHrsTrueNEE vs NightHrsModelReco R²: -342.6800 | NightHrsTrueNee vs NightHrsModelNee R²: -335.6500
Epoch  4500 | Train Loss: 1.518703 | Val Loss: 1.468049 | Train R²: -52.8557 | Val R²: -50.3410 | NightHrsTrueNEE vs NightHrsModelReco R²: -342.1200 | NightHrsTrueNee vs NightHrsModelNee R²: -335.7400
Epoch  5000 | Train Loss: 1.181674 | Val Loss: 1.142446 | Train R²: -40.9041 | Val R²: -38.9540 | NightHrsTrueNEE vs NightHrsModelReco R²: -339.8800 | NightHrsTrueNee vs NightHrsModelNee R²: -334.1000
Epoch  5500 | Train Loss: 0.953583 | Val Loss: 0.922961 | Train R²: -32.8156 | Val R²: -31.2780 | NightHrsTrueNEE vs NightHrsModelReco R²: -330.3100 | NightHrsTrueNee vs NightHrsModelNee R²: -325.1500
Epoch  6000 | Train Loss: 0.762567 | Val Loss: 0.738526 | Train R²: -26.0419 | Val R²: -24.8279 | NightHrsTrueNEE vs NightHrsModelReco R²: -259.3600 | NightHrsTrueNee vs NightHrsModelNee R²: -255.5900
Epoch  6500 | Train Loss: 0.591318 | Val Loss: 0.572632 | Train R²: -19.9691 | Val R²: -19.0263 | NightHrsTrueNEE vs NightHrsModelReco R²: -169.4500 | NightHrsTrueNee vs NightHrsModelNee R²: -167.0700
Epoch  7000 | Train Loss: 0.462313 | Val Loss: 0.448629 | Train R²: -15.3944 | Val R²: -14.6896 | NightHrsTrueNEE vs NightHrsModelReco R²: -136.9200 | NightHrsTrueNee vs NightHrsModelNee R²: -134.9100
Epoch  7500 | Train Loss: 0.337689 | Val Loss: 0.327880 | Train R²: -10.9750 | Val R²: -10.4667 | NightHrsTrueNEE vs NightHrsModelReco R²: -82.8600 | NightHrsTrueNee vs NightHrsModelNee R²: -81.2900
Epoch  8000 | Train Loss: 0.252384 | Val Loss: 0.245693 | Train R²: -7.9500 | Val R²: -7.5924 | NightHrsTrueNEE vs NightHrsModelReco R²: -59.3500 | NightHrsTrueNee vs NightHrsModelNee R²: -58.0900
Epoch  8500 | Train Loss: 0.191024 | Val Loss: 0.186557 | Train R²: -5.7740 | Val R²: -5.5243 | NightHrsTrueNEE vs NightHrsModelReco R²: -46.1200 | NightHrsTrueNee vs NightHrsModelNee R²: -45.0900
Epoch  9000 | Train Loss: 0.145324 | Val Loss: 0.142360 | Train R²: -4.1534 | Val R²: -3.9786 | NightHrsTrueNEE vs NightHrsModelReco R²: -35.3400 | NightHrsTrueNee vs NightHrsModelNee R²: -34.5100
Epoch  9500 | Train Loss: 0.111490 | Val Loss: 0.109545 | Train R²: -2.9536 | Val R²: -2.8310 | NightHrsTrueNEE vs NightHrsModelReco R²: -26.7800 | NightHrsTrueNee vs NightHrsModelNee R²: -26.1100
Epoch 10000 | Train Loss: 0.086653 | Val Loss: 0.085433 | Train R²: -2.0728 | Val R²: -1.9878 | NightHrsTrueNEE vs NightHrsModelReco R²: -20.4100 | NightHrsTrueNee vs NightHrsModelNee R²: -19.8700
Epoch 10500 | Train Loss: 0.068379 | Val Loss: 0.067668 | Train R²: -1.4248 | Val R²: -1.3665 | NightHrsTrueNEE vs NightHrsModelReco R²: -15.7100 | NightHrsTrueNee vs NightHrsModelNee R²: -15.2700
Epoch 11000 | Train Loss: 0.054895 | Val Loss: 0.054523 | Train R²: -0.9467 | Val R²: -0.9068 | NightHrsTrueNEE vs NightHrsModelReco R²: -12.1900 | NightHrsTrueNee vs NightHrsModelNee R²: -11.8300
Epoch 11500 | Train Loss: 0.044938 | Val Loss: 0.044788 | Train R²: -0.5936 | Val R²: -0.5663 | NightHrsTrueNEE vs NightHrsModelReco R²: -9.5300 | NightHrsTrueNee vs NightHrsModelNee R²: -9.2400
Epoch 12000 | Train Loss: 0.037585 | Val Loss: 0.037577 | Train R²: -0.3328 | Val R²: -0.3141 | NightHrsTrueNEE vs NightHrsModelReco R²: -7.5200 | NightHrsTrueNee vs NightHrsModelNee R²: -7.2800
Epoch 12500 | Train Loss: 0.032149 | Val Loss: 0.032225 | Train R²: -0.1401 | Val R²: -0.1270 | NightHrsTrueNEE vs NightHrsModelReco R²: -5.9800 | NightHrsTrueNee vs NightHrsModelNee R²: -5.7900
Epoch 13000 | Train Loss: 0.028127 | Val Loss: 0.028249 | Train R²: 0.0026 | Val R²: 0.0121 | NightHrsTrueNEE vs NightHrsModelReco R²: -4.8100 | NightHrsTrueNee vs NightHrsModelNee R²: -4.6600
Epoch 13500 | Train Loss: 0.025153 | Val Loss: 0.025298 | Train R²: 0.1080 | Val R²: 0.1153 | NightHrsTrueNEE vs NightHrsModelReco R²: -3.9200 | NightHrsTrueNee vs NightHrsModelNee R²: -3.8000
Epoch 14000 | Train Loss: 0.022960 | Val Loss: 0.023116 | Train R²: 0.1858 | Val R²: 0.1916 | NightHrsTrueNEE vs NightHrsModelReco R²: -3.2500 | NightHrsTrueNee vs NightHrsModelNee R²: -3.1500
Epoch 14500 | Train Loss: 0.021347 | Val Loss: 0.021508 | Train R²: 0.2430 | Val R²: 0.2478 | NightHrsTrueNEE vs NightHrsModelReco R²: -2.7400 | NightHrsTrueNee vs NightHrsModelNee R²: -2.6600
Epoch 15000 | Train Loss: 0.020157 | Val Loss: 0.020322 | Train R²: 0.2852 | Val R²: 0.2893 | NightHrsTrueNEE vs NightHrsModelReco R²: -2.3500 | NightHrsTrueNee vs NightHrsModelNee R²: -2.2900
Epoch 15500 | Train Loss: 0.019266 | Val Loss: 0.019434 | Train R²: 0.3168 | Val R²: 0.3203 | NightHrsTrueNEE vs NightHrsModelReco R²: -2.0700 | NightHrsTrueNee vs NightHrsModelNee R²: -2.0100
Epoch 16000 | Train Loss: 0.018571 | Val Loss: 0.018738 | Train R²: 0.3414 | Val R²: 0.3447 | NightHrsTrueNEE vs NightHrsModelReco R²: -1.8500 | NightHrsTrueNee vs NightHrsModelNee R²: -1.8100
Epoch 16500 | Train Loss: 0.017992 | Val Loss: 0.018151 | Train R²: 0.3620 | Val R²: 0.3652 | NightHrsTrueNEE vs NightHrsModelReco R²: -1.6900 | NightHrsTrueNee vs NightHrsModelNee R²: -1.6500
Epoch 17000 | Train Loss: 0.017474 | Val Loss: 0.017629 | Train R²: 0.3803 | Val R²: 0.3835 | NightHrsTrueNEE vs NightHrsModelReco R²: -1.5700 | NightHrsTrueNee vs NightHrsModelNee R²: -1.5300
Epoch 17500 | Train Loss: 0.016974 | Val Loss: 0.017134 | Train R²: 0.3981 | Val R²: 0.4008 | NightHrsTrueNEE vs NightHrsModelReco R²: -1.4700 | NightHrsTrueNee vs NightHrsModelNee R²: -1.4500
Epoch 18000 | Train Loss: 0.016437 | Val Loss: 0.016606 | Train R²: 0.4171 | Val R²: 0.4193 | NightHrsTrueNEE vs NightHrsModelReco R²: -1.4100 | NightHrsTrueNee vs NightHrsModelNee R²: -1.3900
Epoch 18500 | Train Loss: 0.015813 | Val Loss: 0.015987 | Train R²: 0.4393 | Val R²: 0.4409 | NightHrsTrueNEE vs NightHrsModelReco R²: -1.3700 | NightHrsTrueNee vs NightHrsModelNee R²: -1.3500
Epoch 19000 | Train Loss: 0.014908 | Val Loss: 0.015074 | Train R²: 0.4713 | Val R²: 0.4728 | NightHrsTrueNEE vs NightHrsModelReco R²: -1.3400 | NightHrsTrueNee vs NightHrsModelNee R²: -1.3200
Epoch 19500 | Train Loss: 0.013650 | Val Loss: 0.013790 | Train R²: 0.5159 | Val R²: 0.5177 | NightHrsTrueNEE vs NightHrsModelReco R²: -1.2700 | NightHrsTrueNee vs NightHrsModelNee R²: -1.2500
Epoch 20000 | Train Loss: 0.012481 | Val Loss: 0.012593 | Train R²: 0.5574 | Val R²: 0.5596 | NightHrsTrueNEE vs NightHrsModelReco R²: -1.1800 | NightHrsTrueNee vs NightHrsModelNee R²: -1.1600
Epoch 20500 | Train Loss: 0.011441 | Val Loss: 0.011516 | Train R²: 0.5943 | Val R²: 0.5973 | NightHrsTrueNEE vs NightHrsModelReco R²: -1.0700 | NightHrsTrueNee vs NightHrsModelNee R²: -1.0600
Epoch 21000 | Train Loss: 0.010401 | Val Loss: 0.010438 | Train R²: 0.6312 | Val R²: 0.6350 | NightHrsTrueNEE vs NightHrsModelReco R²: -0.9500 | NightHrsTrueNee vs NightHrsModelNee R²: -0.9400
Epoch 21500 | Train Loss: 0.009344 | Val Loss: 0.009343 | Train R²: 0.6686 | Val R²: 0.6733 | NightHrsTrueNEE vs NightHrsModelReco R²: -0.8100 | NightHrsTrueNee vs NightHrsModelNee R²: -0.7900
Epoch 22000 | Train Loss: 0.008273 | Val Loss: 0.008241 | Train R²: 0.7066 | Val R²: 0.7118 | NightHrsTrueNEE vs NightHrsModelReco R²: -0.6400 | NightHrsTrueNee vs NightHrsModelNee R²: -0.6200
Epoch 22500 | Train Loss: 0.007166 | Val Loss: 0.007113 | Train R²: 0.7459 | Val R²: 0.7513 | NightHrsTrueNEE vs NightHrsModelReco R²: -0.4300 | NightHrsTrueNee vs NightHrsModelNee R²: -0.4200
Epoch 23000 | Train Loss: 0.006172 | Val Loss: 0.006114 | Train R²: 0.7811 | Val R²: 0.7862 | NightHrsTrueNEE vs NightHrsModelReco R²: -0.2400 | NightHrsTrueNee vs NightHrsModelNee R²: -0.2400
Epoch 23500 | Train Loss: 0.005387 | Val Loss: 0.005331 | Train R²: 0.8090 | Val R²: 0.8136 | NightHrsTrueNEE vs NightHrsModelReco R²: -0.0800 | NightHrsTrueNee vs NightHrsModelNee R²: -0.0800
Epoch 24000 | Train Loss: 0.004808 | Val Loss: 0.004760 | Train R²: 0.8295 | Val R²: 0.8335 | NightHrsTrueNEE vs NightHrsModelReco R²: 0.0400 | NightHrsTrueNee vs NightHrsModelNee R²: 0.0400
Epoch 24500 | Train Loss: 0.004367 | Val Loss: 0.004330 | Train R²: 0.8452 | Val R²: 0.8486 | NightHrsTrueNEE vs NightHrsModelReco R²: 0.1300 | NightHrsTrueNee vs NightHrsModelNee R²: 0.1300
Epoch 25000 | Train Loss: 0.004012 | Val Loss: 0.003989 | Train R²: 0.8577 | Val R²: 0.8605 | NightHrsTrueNEE vs NightHrsModelReco R²: 0.2000 | NightHrsTrueNee vs NightHrsModelNee R²: 0.2000
Epoch 25500 | Train Loss: 0.003736 | Val Loss: 0.003726 | Train R²: 0.8675 | Val R²: 0.8697 | NightHrsTrueNEE vs NightHrsModelReco R²: 0.2600 | NightHrsTrueNee vs NightHrsModelNee R²: 0.2700
Epoch 26000 | Train Loss: 0.003535 | Val Loss: 0.003532 | Train R²: 0.8747 | Val R²: 0.8765 | NightHrsTrueNEE vs NightHrsModelReco R²: 0.3200 | NightHrsTrueNee vs NightHrsModelNee R²: 0.3200
Epoch 26500 | Train Loss: 0.003381 | Val Loss: 0.003381 | Train R²: 0.8801 | Val R²: 0.8817 | NightHrsTrueNEE vs NightHrsModelReco R²: 0.3600 | NightHrsTrueNee vs NightHrsModelNee R²: 0.3600
Epoch 27000 | Train Loss: 0.003257 | Val Loss: 0.003255 | Train R²: 0.8845 | Val R²: 0.8862 | NightHrsTrueNEE vs NightHrsModelReco R²: 0.3900 | NightHrsTrueNee vs NightHrsModelNee R²: 0.3900
Epoch 27500 | Train Loss: 0.003153 | Val Loss: 0.003149 | Train R²: 0.8882 | Val R²: 0.8899 | NightHrsTrueNEE vs NightHrsModelReco R²: 0.4200 | NightHrsTrueNee vs NightHrsModelNee R²: 0.4200
Epoch 28000 | Train Loss: 0.003068 | Val Loss: 0.003063 | Train R²: 0.8912 | Val R²: 0.8929 | NightHrsTrueNEE vs NightHrsModelReco R²: 0.4400 | NightHrsTrueNee vs NightHrsModelNee R²: 0.4400
Epoch 28500 | Train Loss: 0.003001 | Val Loss: 0.002997 | Train R²: 0.8936 | Val R²: 0.8952 | NightHrsTrueNEE vs NightHrsModelReco R²: 0.4500 | NightHrsTrueNee vs NightHrsModelNee R²: 0.4500
Epoch 29000 | Train Loss: 0.002946 | Val Loss: 0.002944 | Train R²: 0.8955 | Val R²: 0.8970 | NightHrsTrueNEE vs NightHrsModelReco R²: 0.4600 | NightHrsTrueNee vs NightHrsModelNee R²: 0.4600
Epoch 29500 | Train Loss: 0.002899 | Val Loss: 0.002900 | Train R²: 0.8972 | Val R²: 0.8986 | NightHrsTrueNEE vs NightHrsModelReco R²: 0.4700 | NightHrsTrueNee vs NightHrsModelNee R²: 0.4700
Epoch 30000 | Train Loss: 0.002855 | Val Loss: 0.002861 | Train R²: 0.8987 | Val R²: 0.8999 | NightHrsTrueNEE vs NightHrsModelReco R²: 0.4700 | NightHrsTrueNee vs NightHrsModelNee R²: 0.4700
Epoch 30500 | Train Loss: 0.002813 | Val Loss: 0.002823 | Train R²: 0.9003 | Val R²: 0.9013 | NightHrsTrueNEE vs NightHrsModelReco R²: 0.4800 | NightHrsTrueNee vs NightHrsModelNee R²: 0.4800
Early stopping at epoch 30856 due to flat/negative trend (slope=0.000002)
Epoch 30856 | Train Loss: 0.002784 | Val Loss: 0.002802 | Train R²: 0.9013 | Val R²: 0.9020
Unpickling models
Following models have been loaded and moved to cuda:
trained gpp model:
 SNN_GPP_Tram(
  (net): Sequential(
    (0): Linear(in_features=9, out_features=12, bias=True)
    (1): Tanh()
    (2): Linear(in_features=12, out_features=1, bias=True)
    (3): Sigmoid()
  )
), trained_reco_model:
 SNN_GPP_Tram(
  (net): Sequential(
    (0): Linear(in_features=9, out_features=12, bias=True)
    (1): Tanh()
    (2): Linear(in_features=12, out_features=1, bias=True)
    (3): Sigmoid()
  )
)
using full data set for visualization
Un-normalizing the GPP and RECO predictions using NEE min: tensor([-28.6423]), NEE max: tensor([15.6103])



Metrics for the Tramontana, with
GPP inputs: ['SW_IN', 'VPD', 'TA', 'WTD', 'WS', 'PotRad', 'PotRadHalfHourlyDiff', 'WD_COS', 'WD_SIN']
RECO inputs: ['TA', 'TS_1', 'TS_2', 'TS_3', 'TS_4', 'WTD', 'WS', 'WD_COS', 'WD_SIN']:
dt_gpp vs Tramontana_GPP R²=0.80 RMSE=2.45
nt_gpp vs Tramontana_GPP R²=0.77 RMSE=2.63
dt_reco vs Tramontana_RECO R²=-1.04 RMSE=2.16
nt_reco vs Tramontana_RECO R²=-1.47 RMSE=2.11
night_hours_true_nee vs Tramontana_night_hours_model_reco R²=0.47 RMSE=1.01
night_hours_true_nee vs Tramontana_night_hours_model_nee R²=0.47 RMSE=1.01
dt_gpp vs nt_gpp R²=0.94 RMSE=1.33
dt_reco vs nt_reco R²=0.71 RMSE=1.00

gpp_input_names,  ['SW_IN', 'VPD', 'TA', 'WS', 'PotRad', 'PotRadHalfHourlyDiff', 'PotRadDailyAvg', 'PotRadDailyDiff', 'WD_COS', 'WD_SIN', 'GPP_PROX'] 
reco_input_names,  ['DOY_sin', 'DOY_cos', 'TA', 'TS_1', 'TS_2', 'TS_3', 'TS_4', 'WS', 'WD_COS', 'WD_SIN', 'NIGHTLY_NEE_AVG'] 
true_nee_name,  ['NEE'] 

Tramontana Running on GPU With hidden layer size of 12 Total epochs: 100000 lr: 0.001 patience: 500 min_delta 0.01
SNN_GPP_Tram(
  (net): Sequential(
    (0): Linear(in_features=11, out_features=12, bias=True)
    (1): Tanh()
    (2): Linear(in_features=12, out_features=1, bias=True)
    (3): Sigmoid()
  )
)
SNN_RECO_Tram(
  (net): Sequential(
    (0): Linear(in_features=11, out_features=12, bias=True)
    (1): Tanh()
    (2): Linear(in_features=12, out_features=1, bias=True)
    (3): Sigmoid()
  )
)
Params are min slope: 2e-06, trend window: 100
Epoch     0 | Train Loss: 32828.070312 | Val Loss: 33023.265625 | Train R²: -1164135.7500 | Val R²: -1154897.8750 | NightHrsTrueNEE vs NightHrsModelReco R²: -57.3600 | NightHrsTrueNee vs NightHrsModelNee R²: -285.7000
Epoch   500 | Train Loss: 241.107086 | Val Loss: 239.598389 | Train R²: -8549.0488 | Val R²: -8378.3027 | NightHrsTrueNEE vs NightHrsModelReco R²: -284.9400 | NightHrsTrueNee vs NightHrsModelNee R²: -282.6600
Epoch  1000 | Train Loss: 69.064262 | Val Loss: 69.197006 | Train R²: -2448.1306 | Val R²: -2418.9771 | NightHrsTrueNEE vs NightHrsModelReco R²: -319.0800 | NightHrsTrueNee vs NightHrsModelNee R²: -305.5600
Epoch  1500 | Train Loss: 31.573994 | Val Loss: 31.751076 | Train R²: -1118.6652 | Val R²: -1109.4076 | NightHrsTrueNEE vs NightHrsModelReco R²: -330.3900 | NightHrsTrueNee vs NightHrsModelNee R²: -315.1400
Epoch  2000 | Train Loss: 17.406977 | Val Loss: 17.540525 | Train R²: -616.2797 | Val R²: -612.4323 | NightHrsTrueNEE vs NightHrsModelReco R²: -335.8700 | NightHrsTrueNee vs NightHrsModelNee R²: -320.8800
Epoch  2500 | Train Loss: 10.618387 | Val Loss: 10.713463 | Train R²: -375.5452 | Val R²: -373.6743 | NightHrsTrueNEE vs NightHrsModelReco R²: -339.0600 | NightHrsTrueNee vs NightHrsModelNee R²: -324.8900
Epoch  3000 | Train Loss: 6.905697 | Val Loss: 6.973293 | Train R²: -243.8872 | Val R²: -242.8719 | NightHrsTrueNEE vs NightHrsModelReco R²: -341.1100 | NightHrsTrueNee vs NightHrsModelNee R²: -327.9000
Epoch  3500 | Train Loss: 4.701019 | Val Loss: 4.749584 | Train R²: -165.7057 | Val R²: -165.1038 | NightHrsTrueNEE vs NightHrsModelReco R²: -342.4700 | NightHrsTrueNee vs NightHrsModelNee R²: -330.2400
Epoch  4000 | Train Loss: 3.318974 | Val Loss: 3.354345 | Train R²: -116.6962 | Val R²: -116.3091 | NightHrsTrueNEE vs NightHrsModelReco R²: -343.3700 | NightHrsTrueNee vs NightHrsModelNee R²: -332.0900
Epoch  4500 | Train Loss: 2.420512 | Val Loss: 2.446672 | Train R²: -84.8353 | Val R²: -84.5657 | NightHrsTrueNEE vs NightHrsModelReco R²: -343.8900 | NightHrsTrueNee vs NightHrsModelNee R²: -333.4900
Epoch  5000 | Train Loss: 1.822079 | Val Loss: 1.841767 | Train R²: -63.6139 | Val R²: -63.4108 | NightHrsTrueNEE vs NightHrsModelReco R²: -344.0400 | NightHrsTrueNee vs NightHrsModelNee R²: -334.4600
Epoch  5500 | Train Loss: 1.417198 | Val Loss: 1.432327 | Train R²: -49.2561 | Val R²: -49.0918 | NightHrsTrueNEE vs NightHrsModelReco R²: -343.6700 | NightHrsTrueNee vs NightHrsModelNee R²: -334.8500
Epoch  6000 | Train Loss: 1.140438 | Val Loss: 1.152386 | Train R²: -39.4418 | Val R²: -39.3016 | NightHrsTrueNEE vs NightHrsModelReco R²: -342.3100 | NightHrsTrueNee vs NightHrsModelNee R²: -334.2000
Epoch  6500 | Train Loss: 0.948314 | Val Loss: 0.958231 | Train R²: -32.6287 | Val R²: -32.5115 | NightHrsTrueNEE vs NightHrsModelReco R²: -337.4900 | NightHrsTrueNee vs NightHrsModelNee R²: -330.0700
Epoch  7000 | Train Loss: 0.761330 | Val Loss: 0.773426 | Train R²: -25.9980 | Val R²: -26.0485 | NightHrsTrueNEE vs NightHrsModelReco R²: -254.8100 | NightHrsTrueNee vs NightHrsModelNee R²: -249.3200
Epoch  7500 | Train Loss: 0.549116 | Val Loss: 0.560533 | Train R²: -18.4725 | Val R²: -18.6031 | NightHrsTrueNEE vs NightHrsModelReco R²: -141.7000 | NightHrsTrueNee vs NightHrsModelNee R²: -138.3500
Epoch  8000 | Train Loss: 0.411998 | Val Loss: 0.421849 | Train R²: -13.6101 | Val R²: -13.7530 | NightHrsTrueNEE vs NightHrsModelReco R²: -101.6200 | NightHrsTrueNee vs NightHrsModelNee R²: -99.0300
Epoch  8500 | Train Loss: 0.314767 | Val Loss: 0.322496 | Train R²: -10.1622 | Val R²: -10.2784 | NightHrsTrueNEE vs NightHrsModelReco R²: -76.3900 | NightHrsTrueNee vs NightHrsModelNee R²: -74.4100
Epoch  9000 | Train Loss: 0.239926 | Val Loss: 0.245573 | Train R²: -7.5082 | Val R²: -7.5882 | NightHrsTrueNEE vs NightHrsModelReco R²: -55.9800 | NightHrsTrueNee vs NightHrsModelNee R²: -54.4700
Epoch  9500 | Train Loss: 0.182544 | Val Loss: 0.186734 | Train R²: -5.4733 | Val R²: -5.5305 | NightHrsTrueNEE vs NightHrsModelReco R²: -41.1200 | NightHrsTrueNee vs NightHrsModelNee R²: -39.9700
Epoch 10000 | Train Loss: 0.139871 | Val Loss: 0.143157 | Train R²: -3.9600 | Val R²: -4.0065 | NightHrsTrueNEE vs NightHrsModelReco R²: -30.9300 | NightHrsTrueNee vs NightHrsModelNee R²: -30.0500
Epoch 10500 | Train Loss: 0.108150 | Val Loss: 0.110829 | Train R²: -2.8352 | Val R²: -2.8759 | NightHrsTrueNEE vs NightHrsModelReco R²: -23.7300 | NightHrsTrueNee vs NightHrsModelNee R²: -23.0500
Epoch 11000 | Train Loss: 0.084623 | Val Loss: 0.086841 | Train R²: -2.0009 | Val R²: -2.0370 | NightHrsTrueNEE vs NightHrsModelReco R²: -18.4100 | NightHrsTrueNee vs NightHrsModelNee R²: -17.8800
Epoch 11500 | Train Loss: 0.067183 | Val Loss: 0.069009 | Train R²: -1.3824 | Val R²: -1.4134 | NightHrsTrueNEE vs NightHrsModelReco R²: -14.4000 | NightHrsTrueNee vs NightHrsModelNee R²: -13.9900
Epoch 12000 | Train Loss: 0.054237 | Val Loss: 0.055714 | Train R²: -0.9233 | Val R²: -0.9484 | NightHrsTrueNEE vs NightHrsModelReco R²: -11.3300 | NightHrsTrueNee vs NightHrsModelNee R²: -11.0100
Epoch 12500 | Train Loss: 0.044618 | Val Loss: 0.045806 | Train R²: -0.5822 | Val R²: -0.6020 | NightHrsTrueNEE vs NightHrsModelReco R²: -8.9400 | NightHrsTrueNee vs NightHrsModelNee R²: -8.6900
Epoch 13000 | Train Loss: 0.037480 | Val Loss: 0.038459 | Train R²: -0.3291 | Val R²: -0.3450 | NightHrsTrueNEE vs NightHrsModelReco R²: -7.0800 | NightHrsTrueNee vs NightHrsModelNee R²: -6.8800
Epoch 13500 | Train Loss: 0.032179 | Val Loss: 0.033011 | Train R²: -0.1411 | Val R²: -0.1545 | NightHrsTrueNEE vs NightHrsModelReco R²: -5.6300 | NightHrsTrueNee vs NightHrsModelNee R²: -5.4800
Epoch 14000 | Train Loss: 0.028227 | Val Loss: 0.028947 | Train R²: -0.0010 | Val R²: -0.0124 | NightHrsTrueNEE vs NightHrsModelReco R²: -4.5100 | NightHrsTrueNee vs NightHrsModelNee R²: -4.4000
Epoch 14500 | Train Loss: 0.025279 | Val Loss: 0.025897 | Train R²: 0.1036 | Val R²: 0.0943 | NightHrsTrueNEE vs NightHrsModelReco R²: -3.6800 | NightHrsTrueNee vs NightHrsModelNee R²: -3.5900
Epoch 15000 | Train Loss: 0.023072 | Val Loss: 0.023601 | Train R²: 0.1818 | Val R²: 0.1746 | NightHrsTrueNEE vs NightHrsModelReco R²: -3.0600 | NightHrsTrueNee vs NightHrsModelNee R²: -2.9900
Epoch 15500 | Train Loss: 0.021405 | Val Loss: 0.021858 | Train R²: 0.2410 | Val R²: 0.2356 | NightHrsTrueNEE vs NightHrsModelReco R²: -2.5900 | NightHrsTrueNee vs NightHrsModelNee R²: -2.5400
Epoch 16000 | Train Loss: 0.020107 | Val Loss: 0.020500 | Train R²: 0.2870 | Val R²: 0.2831 | NightHrsTrueNEE vs NightHrsModelReco R²: -2.2300 | NightHrsTrueNee vs NightHrsModelNee R²: -2.1800
Epoch 16500 | Train Loss: 0.019046 | Val Loss: 0.019388 | Train R²: 0.3246 | Val R²: 0.3219 | NightHrsTrueNEE vs NightHrsModelReco R²: -1.9400 | NightHrsTrueNee vs NightHrsModelNee R²: -1.9000
Epoch 17000 | Train Loss: 0.018129 | Val Loss: 0.018428 | Train R²: 0.3571 | Val R²: 0.3555 | NightHrsTrueNEE vs NightHrsModelReco R²: -1.7200 | NightHrsTrueNee vs NightHrsModelNee R²: -1.6900
Epoch 17500 | Train Loss: 0.017266 | Val Loss: 0.017520 | Train R²: 0.3877 | Val R²: 0.3873 | NightHrsTrueNEE vs NightHrsModelReco R²: -1.5500 | NightHrsTrueNee vs NightHrsModelNee R²: -1.5200
Epoch 18000 | Train Loss: 0.016379 | Val Loss: 0.016581 | Train R²: 0.4192 | Val R²: 0.4201 | NightHrsTrueNEE vs NightHrsModelReco R²: -1.4000 | NightHrsTrueNee vs NightHrsModelNee R²: -1.3800
Epoch 18500 | Train Loss: 0.015377 | Val Loss: 0.015526 | Train R²: 0.4547 | Val R²: 0.4570 | NightHrsTrueNEE vs NightHrsModelReco R²: -1.2900 | NightHrsTrueNee vs NightHrsModelNee R²: -1.2800
Epoch 19000 | Train Loss: 0.014148 | Val Loss: 0.014233 | Train R²: 0.4983 | Val R²: 0.5022 | NightHrsTrueNEE vs NightHrsModelReco R²: -1.2000 | NightHrsTrueNee vs NightHrsModelNee R²: -1.1800
Epoch 19500 | Train Loss: 0.012635 | Val Loss: 0.012653 | Train R²: 0.5519 | Val R²: 0.5575 | NightHrsTrueNEE vs NightHrsModelReco R²: -1.0900 | NightHrsTrueNee vs NightHrsModelNee R²: -1.0800
Epoch 20000 | Train Loss: 0.010888 | Val Loss: 0.010839 | Train R²: 0.6139 | Val R²: 0.6209 | NightHrsTrueNEE vs NightHrsModelReco R²: -0.9400 | NightHrsTrueNee vs NightHrsModelNee R²: -0.9300
Epoch 20500 | Train Loss: 0.009046 | Val Loss: 0.008951 | Train R²: 0.6792 | Val R²: 0.6870 | NightHrsTrueNEE vs NightHrsModelReco R²: -0.7000 | NightHrsTrueNee vs NightHrsModelNee R²: -0.6900
Epoch 21000 | Train Loss: 0.007363 | Val Loss: 0.007249 | Train R²: 0.7389 | Val R²: 0.7465 | NightHrsTrueNEE vs NightHrsModelReco R²: -0.4200 | NightHrsTrueNee vs NightHrsModelNee R²: -0.4100
Epoch 21500 | Train Loss: 0.006057 | Val Loss: 0.005942 | Train R²: 0.7852 | Val R²: 0.7922 | NightHrsTrueNEE vs NightHrsModelReco R²: -0.1600 | NightHrsTrueNee vs NightHrsModelNee R²: -0.1600
Epoch 22000 | Train Loss: 0.005089 | Val Loss: 0.004985 | Train R²: 0.8195 | Val R²: 0.8257 | NightHrsTrueNEE vs NightHrsModelReco R²: 0.0500 | NightHrsTrueNee vs NightHrsModelNee R²: 0.0500
Epoch 22500 | Train Loss: 0.004378 | Val Loss: 0.004283 | Train R²: 0.8447 | Val R²: 0.8502 | NightHrsTrueNEE vs NightHrsModelReco R²: 0.2100 | NightHrsTrueNee vs NightHrsModelNee R²: 0.2100
Epoch 23000 | Train Loss: 0.003868 | Val Loss: 0.003782 | Train R²: 0.8628 | Val R²: 0.8677 | NightHrsTrueNEE vs NightHrsModelReco R²: 0.3300 | NightHrsTrueNee vs NightHrsModelNee R²: 0.3300
Epoch 23500 | Train Loss: 0.003482 | Val Loss: 0.003401 | Train R²: 0.8765 | Val R²: 0.8810 | NightHrsTrueNEE vs NightHrsModelReco R²: 0.4200 | NightHrsTrueNee vs NightHrsModelNee R²: 0.4200
Epoch 24000 | Train Loss: 0.003161 | Val Loss: 0.003082 | Train R²: 0.8879 | Val R²: 0.8922 | NightHrsTrueNEE vs NightHrsModelReco R²: 0.4900 | NightHrsTrueNee vs NightHrsModelNee R²: 0.4900
Epoch 24500 | Train Loss: 0.002883 | Val Loss: 0.002809 | Train R²: 0.8978 | Val R²: 0.9017 | NightHrsTrueNEE vs NightHrsModelReco R²: 0.5300 | NightHrsTrueNee vs NightHrsModelNee R²: 0.5300
Epoch 25000 | Train Loss: 0.002627 | Val Loss: 0.002551 | Train R²: 0.9068 | Val R²: 0.9108 | NightHrsTrueNEE vs NightHrsModelReco R²: 0.5700 | NightHrsTrueNee vs NightHrsModelNee R²: 0.5700
Epoch 25500 | Train Loss: 0.002380 | Val Loss: 0.002297 | Train R²: 0.9156 | Val R²: 0.9197 | NightHrsTrueNEE vs NightHrsModelReco R²: 0.5900 | NightHrsTrueNee vs NightHrsModelNee R²: 0.5900
Epoch 26000 | Train Loss: 0.002138 | Val Loss: 0.002056 | Train R²: 0.9242 | Val R²: 0.9281 | NightHrsTrueNEE vs NightHrsModelReco R²: 0.6200 | NightHrsTrueNee vs NightHrsModelNee R²: 0.6200
Epoch 26500 | Train Loss: 0.001910 | Val Loss: 0.001832 | Train R²: 0.9323 | Val R²: 0.9359 | NightHrsTrueNEE vs NightHrsModelReco R²: 0.6400 | NightHrsTrueNee vs NightHrsModelNee R²: 0.6400
Epoch 27000 | Train Loss: 0.001710 | Val Loss: 0.001643 | Train R²: 0.9393 | Val R²: 0.9426 | NightHrsTrueNEE vs NightHrsModelReco R²: 0.6500 | NightHrsTrueNee vs NightHrsModelNee R²: 0.6500
Epoch 27500 | Train Loss: 0.001553 | Val Loss: 0.001497 | Train R²: 0.9449 | Val R²: 0.9476 | NightHrsTrueNEE vs NightHrsModelReco R²: 0.6600 | NightHrsTrueNee vs NightHrsModelNee R²: 0.6600
Epoch 28000 | Train Loss: 0.001453 | Val Loss: 0.001407 | Train R²: 0.9485 | Val R²: 0.9508 | NightHrsTrueNEE vs NightHrsModelReco R²: 0.6700 | NightHrsTrueNee vs NightHrsModelNee R²: 0.6700
Epoch 28500 | Train Loss: 0.001398 | Val Loss: 0.001359 | Train R²: 0.9504 | Val R²: 0.9525 | NightHrsTrueNEE vs NightHrsModelReco R²: 0.6800 | NightHrsTrueNee vs NightHrsModelNee R²: 0.6800
Early stopping at epoch 28793 due to flat/negative trend (slope=0.000002)
Epoch 28793 | Train Loss: 0.001377 | Val Loss: 0.001341 | Train R²: 0.9512 | Val R²: 0.9531
Unpickling models
Following models have been loaded and moved to cuda:
trained gpp model:
 SNN_GPP_Tram(
  (net): Sequential(
    (0): Linear(in_features=11, out_features=12, bias=True)
    (1): Tanh()
    (2): Linear(in_features=12, out_features=1, bias=True)
    (3): Sigmoid()
  )
), trained_reco_model:
 SNN_GPP_Tram(
  (net): Sequential(
    (0): Linear(in_features=11, out_features=12, bias=True)
    (1): Tanh()
    (2): Linear(in_features=12, out_features=1, bias=True)
    (3): Sigmoid()
  )
)
using full data set for visualization
Un-normalizing the GPP and RECO predictions using NEE min: tensor([-28.6423]), NEE max: tensor([15.6103])



Metrics for the Tramontana, with
GPP inputs: ['SW_IN', 'VPD', 'TA', 'WS', 'PotRad', 'PotRadHalfHourlyDiff', 'PotRadDailyAvg', 'PotRadDailyDiff', 'WD_COS', 'WD_SIN', 'GPP_PROX']
RECO inputs: ['DOY_sin', 'DOY_cos', 'TA', 'TS_1', 'TS_2', 'TS_3', 'TS_4', 'WS', 'WD_COS', 'WD_SIN', 'NIGHTLY_NEE_AVG']:
dt_gpp vs Tramontana_GPP R²=0.97 RMSE=0.93
nt_gpp vs Tramontana_GPP R²=0.94 RMSE=1.31
dt_reco vs Tramontana_RECO R²=0.58 RMSE=0.98
nt_reco vs Tramontana_RECO R²=0.69 RMSE=0.75
night_hours_true_nee vs Tramontana_night_hours_model_reco R²=0.67 RMSE=0.80
night_hours_true_nee vs Tramontana_night_hours_model_nee R²=0.67 RMSE=0.80
dt_gpp vs nt_gpp R²=0.94 RMSE=1.33
dt_reco vs nt_reco R²=0.71 RMSE=1.00

gpp_input_names,  ['SW_IN', 'VPD', 'TA', 'WTD', 'WS', 'PotRad', 'PotRadHalfHourlyDiff', 'PotRadDailyAvg', 'PotRadDailyDiff', 'WD_COS', 'WD_SIN', 'GPP_PROX'] 
reco_input_names,  ['DOY_sin', 'DOY_cos', 'TA', 'TS_1', 'TS_2', 'TS_3', 'TS_4', 'WTD', 'WS', 'WD_COS', 'WD_SIN', 'NIGHTLY_NEE_AVG'] 
true_nee_name,  ['NEE'] 

Tramontana Running on GPU With hidden layer size of 12 Total epochs: 100000 lr: 0.001 patience: 500 min_delta 0.01
SNN_GPP_Tram(
  (net): Sequential(
    (0): Linear(in_features=12, out_features=12, bias=True)
    (1): Tanh()
    (2): Linear(in_features=12, out_features=1, bias=True)
    (3): Sigmoid()
  )
)
SNN_RECO_Tram(
  (net): Sequential(
    (0): Linear(in_features=12, out_features=12, bias=True)
    (1): Tanh()
    (2): Linear(in_features=12, out_features=1, bias=True)
    (3): Sigmoid()
  )
)
Params are min slope: 2e-06, trend window: 100
Epoch     0 | Train Loss: 29373.701172 | Val Loss: 29593.732422 | Train R²: -1041638.0625 | Val R²: -1034959.2500 | NightHrsTrueNEE vs NightHrsModelReco R²: -103.9400 | NightHrsTrueNee vs NightHrsModelNee R²: -279.0100
Epoch   500 | Train Loss: 228.848389 | Val Loss: 229.850189 | Train R²: -8114.3364 | Val R²: -8037.3857 | NightHrsTrueNEE vs NightHrsModelReco R²: -306.0700 | NightHrsTrueNee vs NightHrsModelNee R²: -306.4800
Epoch  1000 | Train Loss: 64.351151 | Val Loss: 64.498184 | Train R²: -2280.9963 | Val R²: -2254.6487 | NightHrsTrueNEE vs NightHrsModelReco R²: -330.1300 | NightHrsTrueNee vs NightHrsModelNee R²: -319.6300
Epoch  1500 | Train Loss: 28.722046 | Val Loss: 28.681604 | Train R²: -1017.5303 | Val R²: -1002.0613 | NightHrsTrueNEE vs NightHrsModelReco R²: -337.7200 | NightHrsTrueNee vs NightHrsModelNee R²: -325.2500
Epoch  2000 | Train Loss: 15.545103 | Val Loss: 15.465683 | Train R²: -550.2546 | Val R²: -539.8702 | NightHrsTrueNEE vs NightHrsModelReco R²: -341.3700 | NightHrsTrueNee vs NightHrsModelNee R²: -329.0200
Epoch  2500 | Train Loss: 9.362572 | Val Loss: 9.281976 | Train R²: -331.0120 | Val R²: -323.6119 | NightHrsTrueNEE vs NightHrsModelReco R²: -343.4900 | NightHrsTrueNee vs NightHrsModelNee R²: -331.8700
Epoch  3000 | Train Loss: 6.042325 | Val Loss: 5.970693 | Train R²: -213.2707 | Val R²: -207.8087 | NightHrsTrueNEE vs NightHrsModelReco R²: -344.8500 | NightHrsTrueNee vs NightHrsModelNee R²: -334.1100
Epoch  3500 | Train Loss: 4.100805 | Val Loss: 4.040150 | Train R²: -144.4212 | Val R²: -140.2933 | NightHrsTrueNEE vs NightHrsModelReco R²: -345.7700 | NightHrsTrueNee vs NightHrsModelNee R²: -335.9200
Epoch  4000 | Train Loss: 2.899574 | Val Loss: 2.849369 | Train R²: -101.8236 | Val R²: -98.6490 | NightHrsTrueNEE vs NightHrsModelReco R²: -346.3900 | NightHrsTrueNee vs NightHrsModelNee R²: -337.3800
Epoch  4500 | Train Loss: 2.127490 | Val Loss: 2.086472 | Train R²: -74.4442 | Val R²: -71.9687 | NightHrsTrueNEE vs NightHrsModelReco R²: -346.7600 | NightHrsTrueNee vs NightHrsModelNee R²: -338.5300
Epoch  5000 | Train Loss: 1.618439 | Val Loss: 1.585224 | Train R²: -56.3925 | Val R²: -54.4389 | NightHrsTrueNEE vs NightHrsModelReco R²: -346.9100 | NightHrsTrueNee vs NightHrsModelNee R²: -339.3900
Epoch  5500 | Train Loss: 1.277302 | Val Loss: 1.250600 | Train R²: -44.2952 | Val R²: -42.7363 | NightHrsTrueNEE vs NightHrsModelReco R²: -346.7900 | NightHrsTrueNee vs NightHrsModelNee R²: -339.9100
Epoch  6000 | Train Loss: 1.046458 | Val Loss: 1.025135 | Train R²: -36.1091 | Val R²: -34.8513 | NightHrsTrueNEE vs NightHrsModelReco R²: -346.2300 | NightHrsTrueNee vs NightHrsModelNee R²: -339.9300
Epoch  6500 | Train Loss: 0.889090 | Val Loss: 0.872183 | Train R²: -30.5286 | Val R²: -29.5022 | NightHrsTrueNEE vs NightHrsModelReco R²: -344.6900 | NightHrsTrueNee vs NightHrsModelNee R²: -338.9100
Epoch  7000 | Train Loss: 0.778657 | Val Loss: 0.765363 | Train R²: -26.6124 | Val R²: -25.7665 | NightHrsTrueNEE vs NightHrsModelReco R²: -339.2300 | NightHrsTrueNee vs NightHrsModelNee R²: -333.9600
Epoch  7500 | Train Loss: 0.605016 | Val Loss: 0.595892 | Train R²: -20.4549 | Val R²: -19.8397 | NightHrsTrueNEE vs NightHrsModelReco R²: -224.4000 | NightHrsTrueNee vs NightHrsModelNee R²: -220.9200
Epoch  8000 | Train Loss: 0.382364 | Val Loss: 0.377917 | Train R²: -12.5592 | Val R²: -12.2166 | NightHrsTrueNEE vs NightHrsModelReco R²: -89.1000 | NightHrsTrueNee vs NightHrsModelNee R²: -87.2000
Epoch  8500 | Train Loss: 0.283391 | Val Loss: 0.280207 | Train R²: -9.0495 | Val R²: -8.7995 | NightHrsTrueNEE vs NightHrsModelReco R²: -63.4800 | NightHrsTrueNee vs NightHrsModelNee R²: -62.0300
Epoch  9000 | Train Loss: 0.211183 | Val Loss: 0.208792 | Train R²: -6.4889 | Val R²: -6.3019 | NightHrsTrueNEE vs NightHrsModelReco R²: -45.5100 | NightHrsTrueNee vs NightHrsModelNee R²: -44.3900
Epoch  9500 | Train Loss: 0.158618 | Val Loss: 0.156962 | Train R²: -4.6248 | Val R²: -4.4893 | NightHrsTrueNEE vs NightHrsModelReco R²: -33.5200 | NightHrsTrueNee vs NightHrsModelNee R²: -32.6400
Epoch 10000 | Train Loss: 0.120315 | Val Loss: 0.119298 | Train R²: -3.2666 | Val R²: -3.1721 | NightHrsTrueNEE vs NightHrsModelReco R²: -25.2300 | NightHrsTrueNee vs NightHrsModelNee R²: -24.5200
Epoch 10500 | Train Loss: 0.092379 | Val Loss: 0.091842 | Train R²: -2.2759 | Val R²: -2.2119 | NightHrsTrueNEE vs NightHrsModelReco R²: -19.3300 | NightHrsTrueNee vs NightHrsModelNee R²: -18.7500
Epoch 11000 | Train Loss: 0.072003 | Val Loss: 0.071795 | Train R²: -1.5533 | Val R²: -1.5108 | NightHrsTrueNEE vs NightHrsModelReco R²: -15.0400 | NightHrsTrueNee vs NightHrsModelNee R²: -14.5600
Epoch 11500 | Train Loss: 0.057112 | Val Loss: 0.057102 | Train R²: -1.0253 | Val R²: -0.9970 | NightHrsTrueNEE vs NightHrsModelReco R²: -11.8600 | NightHrsTrueNee vs NightHrsModelNee R²: -11.4700
Epoch 12000 | Train Loss: 0.046103 | Val Loss: 0.046208 | Train R²: -0.6349 | Val R²: -0.6160 | NightHrsTrueNEE vs NightHrsModelReco R²: -9.4500 | NightHrsTrueNee vs NightHrsModelNee R²: -9.1300
Epoch 12500 | Train Loss: 0.037971 | Val Loss: 0.038181 | Train R²: -0.3465 | Val R²: -0.3353 | NightHrsTrueNEE vs NightHrsModelReco R²: -7.5700 | NightHrsTrueNee vs NightHrsModelNee R²: -7.3200
Epoch 13000 | Train Loss: 0.032005 | Val Loss: 0.032255 | Train R²: -0.1350 | Val R²: -0.1280 | NightHrsTrueNEE vs NightHrsModelReco R²: -6.1300 | NightHrsTrueNee vs NightHrsModelNee R²: -5.9200
Epoch 13500 | Train Loss: 0.027582 | Val Loss: 0.027822 | Train R²: 0.0219 | Val R²: 0.0270 | NightHrsTrueNEE vs NightHrsModelReco R²: -5.0100 | NightHrsTrueNee vs NightHrsModelNee R²: -4.8500
Epoch 14000 | Train Loss: 0.024300 | Val Loss: 0.024516 | Train R²: 0.1383 | Val R²: 0.1426 | NightHrsTrueNEE vs NightHrsModelReco R²: -4.1500 | NightHrsTrueNee vs NightHrsModelNee R²: -4.0100
Epoch 14500 | Train Loss: 0.021875 | Val Loss: 0.022076 | Train R²: 0.2243 | Val R²: 0.2280 | NightHrsTrueNEE vs NightHrsModelReco R²: -3.4700 | NightHrsTrueNee vs NightHrsModelNee R²: -3.3600
Epoch 15000 | Train Loss: 0.020062 | Val Loss: 0.020258 | Train R²: 0.2886 | Val R²: 0.2915 | NightHrsTrueNEE vs NightHrsModelReco R²: -2.9200 | NightHrsTrueNee vs NightHrsModelNee R²: -2.8300
Epoch 15500 | Train Loss: 0.018663 | Val Loss: 0.018865 | Train R²: 0.3382 | Val R²: 0.3402 | NightHrsTrueNEE vs NightHrsModelReco R²: -2.4600 | NightHrsTrueNee vs NightHrsModelNee R²: -2.3900
Epoch 16000 | Train Loss: 0.017548 | Val Loss: 0.017757 | Train R²: 0.3777 | Val R²: 0.3790 | NightHrsTrueNEE vs NightHrsModelReco R²: -2.1300 | NightHrsTrueNee vs NightHrsModelNee R²: -2.0700
Epoch 16500 | Train Loss: 0.016611 | Val Loss: 0.016821 | Train R²: 0.4109 | Val R²: 0.4117 | NightHrsTrueNEE vs NightHrsModelReco R²: -1.9000 | NightHrsTrueNee vs NightHrsModelNee R²: -1.8500
Epoch 17000 | Train Loss: 0.015734 | Val Loss: 0.015938 | Train R²: 0.4420 | Val R²: 0.4426 | NightHrsTrueNEE vs NightHrsModelReco R²: -1.7300 | NightHrsTrueNee vs NightHrsModelNee R²: -1.6900
Epoch 17500 | Train Loss: 0.014796 | Val Loss: 0.014975 | Train R²: 0.4753 | Val R²: 0.4763 | NightHrsTrueNEE vs NightHrsModelReco R²: -1.6000 | NightHrsTrueNee vs NightHrsModelNee R²: -1.5600
Epoch 18000 | Train Loss: 0.013727 | Val Loss: 0.013859 | Train R²: 0.5132 | Val R²: 0.5153 | NightHrsTrueNEE vs NightHrsModelReco R²: -1.4800 | NightHrsTrueNee vs NightHrsModelNee R²: -1.4500
Epoch 18500 | Train Loss: 0.012499 | Val Loss: 0.012560 | Train R²: 0.5568 | Val R²: 0.5607 | NightHrsTrueNEE vs NightHrsModelReco R²: -1.3500 | NightHrsTrueNee vs NightHrsModelNee R²: -1.3200
Epoch 19000 | Train Loss: 0.011120 | Val Loss: 0.011084 | Train R²: 0.6057 | Val R²: 0.6124 | NightHrsTrueNEE vs NightHrsModelReco R²: -1.1900 | NightHrsTrueNee vs NightHrsModelNee R²: -1.1600
Epoch 19500 | Train Loss: 0.009708 | Val Loss: 0.009607 | Train R²: 0.6557 | Val R²: 0.6640 | NightHrsTrueNEE vs NightHrsModelReco R²: -1.0000 | NightHrsTrueNee vs NightHrsModelNee R²: -0.9800
Epoch 20000 | Train Loss: 0.008347 | Val Loss: 0.008210 | Train R²: 0.7040 | Val R²: 0.7129 | NightHrsTrueNEE vs NightHrsModelReco R²: -0.7700 | NightHrsTrueNee vs NightHrsModelNee R²: -0.7500
Epoch 20500 | Train Loss: 0.007094 | Val Loss: 0.006939 | Train R²: 0.7484 | Val R²: 0.7573 | NightHrsTrueNEE vs NightHrsModelReco R²: -0.5100 | NightHrsTrueNee vs NightHrsModelNee R²: -0.5000
Epoch 21000 | Train Loss: 0.005999 | Val Loss: 0.005837 | Train R²: 0.7873 | Val R²: 0.7959 | NightHrsTrueNEE vs NightHrsModelReco R²: -0.2700 | NightHrsTrueNee vs NightHrsModelNee R²: -0.2500
Epoch 21500 | Train Loss: 0.005048 | Val Loss: 0.004886 | Train R²: 0.8210 | Val R²: 0.8291 | NightHrsTrueNEE vs NightHrsModelReco R²: -0.0500 | NightHrsTrueNee vs NightHrsModelNee R²: -0.0400
Epoch 22000 | Train Loss: 0.004253 | Val Loss: 0.004090 | Train R²: 0.8492 | Val R²: 0.8570 | NightHrsTrueNEE vs NightHrsModelReco R²: 0.1300 | NightHrsTrueNee vs NightHrsModelNee R²: 0.1400
Epoch 22500 | Train Loss: 0.003633 | Val Loss: 0.003483 | Train R²: 0.8712 | Val R²: 0.8782 | NightHrsTrueNEE vs NightHrsModelReco R²: 0.2700 | NightHrsTrueNee vs NightHrsModelNee R²: 0.2700
Epoch 23000 | Train Loss: 0.003166 | Val Loss: 0.003033 | Train R²: 0.8877 | Val R²: 0.8939 | NightHrsTrueNEE vs NightHrsModelReco R²: 0.3700 | NightHrsTrueNee vs NightHrsModelNee R²: 0.3800
Epoch 23500 | Train Loss: 0.002816 | Val Loss: 0.002699 | Train R²: 0.9002 | Val R²: 0.9056 | NightHrsTrueNEE vs NightHrsModelReco R²: 0.4500 | NightHrsTrueNee vs NightHrsModelNee R²: 0.4500
Epoch 24000 | Train Loss: 0.002548 | Val Loss: 0.002443 | Train R²: 0.9096 | Val R²: 0.9146 | NightHrsTrueNEE vs NightHrsModelReco R²: 0.5000 | NightHrsTrueNee vs NightHrsModelNee R²: 0.5000
Epoch 24500 | Train Loss: 0.002328 | Val Loss: 0.002234 | Train R²: 0.9174 | Val R²: 0.9219 | NightHrsTrueNEE vs NightHrsModelReco R²: 0.5400 | NightHrsTrueNee vs NightHrsModelNee R²: 0.5400
Epoch 25000 | Train Loss: 0.002128 | Val Loss: 0.002044 | Train R²: 0.9245 | Val R²: 0.9285 | NightHrsTrueNEE vs NightHrsModelReco R²: 0.5800 | NightHrsTrueNee vs NightHrsModelNee R²: 0.5800
Epoch 25500 | Train Loss: 0.001944 | Val Loss: 0.001871 | Train R²: 0.9311 | Val R²: 0.9346 | NightHrsTrueNEE vs NightHrsModelReco R²: 0.6100 | NightHrsTrueNee vs NightHrsModelNee R²: 0.6100
Epoch 26000 | Train Loss: 0.001776 | Val Loss: 0.001714 | Train R²: 0.9370 | Val R²: 0.9400 | NightHrsTrueNEE vs NightHrsModelReco R²: 0.6300 | NightHrsTrueNee vs NightHrsModelNee R²: 0.6300
Epoch 26500 | Train Loss: 0.001639 | Val Loss: 0.001589 | Train R²: 0.9419 | Val R²: 0.9444 | NightHrsTrueNEE vs NightHrsModelReco R²: 0.6400 | NightHrsTrueNee vs NightHrsModelNee R²: 0.6400
Epoch 27000 | Train Loss: 0.001547 | Val Loss: 0.001506 | Train R²: 0.9451 | Val R²: 0.9473 | NightHrsTrueNEE vs NightHrsModelReco R²: 0.6600 | NightHrsTrueNee vs NightHrsModelNee R²: 0.6600
Epoch 27500 | Train Loss: 0.001494 | Val Loss: 0.001457 | Train R²: 0.9470 | Val R²: 0.9490 | NightHrsTrueNEE vs NightHrsModelReco R²: 0.6700 | NightHrsTrueNee vs NightHrsModelNee R²: 0.6700
Epoch 28000 | Train Loss: 0.001459 | Val Loss: 0.001424 | Train R²: 0.9482 | Val R²: 0.9502 | NightHrsTrueNEE vs NightHrsModelReco R²: 0.6800 | NightHrsTrueNee vs NightHrsModelNee R²: 0.6800
Epoch 28500 | Train Loss: 0.001430 | Val Loss: 0.001394 | Train R²: 0.9493 | Val R²: 0.9512 | NightHrsTrueNEE vs NightHrsModelReco R²: 0.6800 | NightHrsTrueNee vs NightHrsModelNee R²: 0.6800
Epoch 29000 | Train Loss: 0.001401 | Val Loss: 0.001364 | Train R²: 0.9503 | Val R²: 0.9523 | NightHrsTrueNEE vs NightHrsModelReco R²: 0.6900 | NightHrsTrueNee vs NightHrsModelNee R²: 0.6900
Early stopping at epoch 29135 due to flat/negative trend (slope=0.000002)
Epoch 29135 | Train Loss: 0.001394 | Val Loss: 0.001358 | Train R²: 0.9506 | Val R²: 0.9525
Unpickling models
Following models have been loaded and moved to cuda:
trained gpp model:
 SNN_GPP_Tram(
  (net): Sequential(
    (0): Linear(in_features=12, out_features=12, bias=True)
    (1): Tanh()
    (2): Linear(in_features=12, out_features=1, bias=True)
    (3): Sigmoid()
  )
), trained_reco_model:
 SNN_GPP_Tram(
  (net): Sequential(
    (0): Linear(in_features=12, out_features=12, bias=True)
    (1): Tanh()
    (2): Linear(in_features=12, out_features=1, bias=True)
    (3): Sigmoid()
  )
)
using full data set for visualization
Un-normalizing the GPP and RECO predictions using NEE min: tensor([-28.6423]), NEE max: tensor([15.6103])



Metrics for the Tramontana, with
GPP inputs: ['SW_IN', 'VPD', 'TA', 'WTD', 'WS', 'PotRad', 'PotRadHalfHourlyDiff', 'PotRadDailyAvg', 'PotRadDailyDiff', 'WD_COS', 'WD_SIN', 'GPP_PROX']
RECO inputs: ['DOY_sin', 'DOY_cos', 'TA', 'TS_1', 'TS_2', 'TS_3', 'TS_4', 'WTD', 'WS', 'WD_COS', 'WD_SIN', 'NIGHTLY_NEE_AVG']:
dt_gpp vs Tramontana_GPP R²=0.97 RMSE=0.99
nt_gpp vs Tramontana_GPP R²=0.94 RMSE=1.33
dt_reco vs Tramontana_RECO R²=0.55 RMSE=1.01
nt_reco vs Tramontana_RECO R²=0.67 RMSE=0.78
night_hours_true_nee vs Tramontana_night_hours_model_reco R²=0.67 RMSE=0.79
night_hours_true_nee vs Tramontana_night_hours_model_nee R²=0.67 RMSE=0.79
dt_gpp vs nt_gpp R²=0.94 RMSE=1.33
dt_reco vs nt_reco R²=0.71 RMSE=1.00

gpp_input_names,  ['SW_IN', 'VPD', 'TA', 'WTD', 'WS', 'PotRad', 'PotRadHalfHourlyDiff', 'PotRadDailyAvg', 'PotRadDailyDiff', 'WD_COS', 'WD_SIN', 'GPP_PROX', 'Salinity'] 
reco_input_names,  ['DOY_sin', 'DOY_cos', 'TA', 'TS_1', 'TS_2', 'TS_3', 'TS_4', 'WTD', 'WS', 'WD_COS', 'WD_SIN', 'NIGHTLY_NEE_AVG', 'Salinity'] 
true_nee_name,  ['NEE'] 

Tramontana Running on GPU With hidden layer size of 12 Total epochs: 100000 lr: 0.001 patience: 500 min_delta 0.01
SNN_GPP_Tram(
  (net): Sequential(
    (0): Linear(in_features=13, out_features=12, bias=True)
    (1): Tanh()
    (2): Linear(in_features=12, out_features=1, bias=True)
    (3): Sigmoid()
  )
)
SNN_RECO_Tram(
  (net): Sequential(
    (0): Linear(in_features=13, out_features=12, bias=True)
    (1): Tanh()
    (2): Linear(in_features=12, out_features=1, bias=True)
    (3): Sigmoid()
  )
)
Params are min slope: 2e-06, trend window: 100
Epoch     0 | Train Loss: 6866.018066 | Val Loss: 6671.916504 | Train R²: -243479.1875 | Val R²: -233331.1719 | NightHrsTrueNEE vs NightHrsModelReco R²: -36.8200 | NightHrsTrueNee vs NightHrsModelNee R²: -94.4700
Epoch   500 | Train Loss: 36.398174 | Val Loss: 35.704205 | Train R²: -1289.7384 | Val R²: -1247.6575 | NightHrsTrueNEE vs NightHrsModelReco R²: -288.0400 | NightHrsTrueNee vs NightHrsModelNee R²: -277.1500
Epoch  1000 | Train Loss: 10.644638 | Val Loss: 10.558826 | Train R²: -376.4762 | Val R²: -368.2662 | NightHrsTrueNEE vs NightHrsModelReco R²: -319.5400 | NightHrsTrueNee vs NightHrsModelNee R²: -310.3200
Epoch  1500 | Train Loss: 4.972296 | Val Loss: 4.980165 | Train R²: -175.3257 | Val R²: -173.1678 | NightHrsTrueNEE vs NightHrsModelReco R²: -327.8200 | NightHrsTrueNee vs NightHrsModelNee R²: -320.1400
Epoch  2000 | Train Loss: 2.866662 | Val Loss: 2.895395 | Train R²: -100.6565 | Val R²: -100.2586 | NightHrsTrueNEE vs NightHrsModelReco R²: -330.1500 | NightHrsTrueNee vs NightHrsModelNee R²: -323.6100
Epoch  2500 | Train Loss: 1.883932 | Val Loss: 1.916284 | Train R²: -65.8073 | Val R²: -66.0168 | NightHrsTrueNEE vs NightHrsModelReco R²: -328.5800 | NightHrsTrueNee vs NightHrsModelNee R²: -322.9300
Epoch  3000 | Train Loss: 1.357971 | Val Loss: 1.389025 | Train R²: -47.1559 | Val R²: -47.5774 | NightHrsTrueNEE vs NightHrsModelReco R²: -319.4900 | NightHrsTrueNee vs NightHrsModelNee R²: -314.5900
Epoch  3500 | Train Loss: 1.010171 | Val Loss: 1.038876 | Train R²: -34.8223 | Val R²: -35.3319 | NightHrsTrueNEE vs NightHrsModelReco R²: -263.4800 | NightHrsTrueNee vs NightHrsModelNee R²: -259.5900
Epoch  4000 | Train Loss: 0.701569 | Val Loss: 0.726240 | Train R²: -23.8788 | Val R²: -24.3983 | NightHrsTrueNEE vs NightHrsModelReco R²: -137.3700 | NightHrsTrueNee vs NightHrsModelNee R²: -135.0400
Epoch  4500 | Train Loss: 0.506925 | Val Loss: 0.526248 | Train R²: -16.9764 | Val R²: -17.4041 | NightHrsTrueNEE vs NightHrsModelReco R²: -99.4600 | NightHrsTrueNee vs NightHrsModelNee R²: -97.6500
Epoch  5000 | Train Loss: 0.374312 | Val Loss: 0.390154 | Train R²: -12.2737 | Val R²: -12.6446 | NightHrsTrueNEE vs NightHrsModelReco R²: -75.8800 | NightHrsTrueNee vs NightHrsModelNee R²: -74.4800
Epoch  5500 | Train Loss: 0.279508 | Val Loss: 0.292232 | Train R²: -8.9118 | Val R²: -9.2200 | NightHrsTrueNEE vs NightHrsModelReco R²: -56.5900 | NightHrsTrueNee vs NightHrsModelNee R²: -55.5400
Epoch  6000 | Train Loss: 0.210447 | Val Loss: 0.220323 | Train R²: -6.4628 | Val R²: -6.7052 | NightHrsTrueNEE vs NightHrsModelReco R²: -41.3200 | NightHrsTrueNee vs NightHrsModelNee R²: -40.5300
Epoch  6500 | Train Loss: 0.159845 | Val Loss: 0.167445 | Train R²: -4.6684 | Val R²: -4.8559 | NightHrsTrueNEE vs NightHrsModelReco R²: -30.2500 | NightHrsTrueNee vs NightHrsModelNee R²: -29.6600
Epoch  7000 | Train Loss: 0.122531 | Val Loss: 0.128436 | Train R²: -3.3451 | Val R²: -3.4917 | NightHrsTrueNEE vs NightHrsModelReco R²: -22.4900 | NightHrsTrueNee vs NightHrsModelNee R²: -22.0400
Epoch  7500 | Train Loss: 0.094784 | Val Loss: 0.099442 | Train R²: -2.3612 | Val R²: -2.4777 | NightHrsTrueNEE vs NightHrsModelReco R²: -17.0000 | NightHrsTrueNee vs NightHrsModelNee R²: -16.6500
Epoch  8000 | Train Loss: 0.074221 | Val Loss: 0.077973 | Train R²: -1.6320 | Val R²: -1.7269 | NightHrsTrueNEE vs NightHrsModelReco R²: -13.0800 | NightHrsTrueNee vs NightHrsModelNee R²: -12.8100
Epoch  8500 | Train Loss: 0.059019 | Val Loss: 0.062108 | Train R²: -1.0929 | Val R²: -1.1721 | NightHrsTrueNEE vs NightHrsModelReco R²: -10.2500 | NightHrsTrueNee vs NightHrsModelNee R²: -10.0500
Epoch  9000 | Train Loss: 0.047839 | Val Loss: 0.050426 | Train R²: -0.6965 | Val R²: -0.7635 | NightHrsTrueNEE vs NightHrsModelReco R²: -8.1700 | NightHrsTrueNee vs NightHrsModelNee R²: -8.0100
Epoch  9500 | Train Loss: 0.039645 | Val Loss: 0.041821 | Train R²: -0.4059 | Val R²: -0.4626 | NightHrsTrueNEE vs NightHrsModelReco R²: -6.5700 | NightHrsTrueNee vs NightHrsModelNee R²: -6.4500
Epoch 10000 | Train Loss: 0.033641 | Val Loss: 0.035461 | Train R²: -0.1930 | Val R²: -0.2401 | NightHrsTrueNEE vs NightHrsModelReco R²: -5.3200 | NightHrsTrueNee vs NightHrsModelNee R²: -5.2200
Epoch 10500 | Train Loss: 0.029225 | Val Loss: 0.030733 | Train R²: -0.0364 | Val R²: -0.0748 | NightHrsTrueNEE vs NightHrsModelReco R²: -4.3200 | NightHrsTrueNee vs NightHrsModelNee R²: -4.2500
Epoch 11000 | Train Loss: 0.025951 | Val Loss: 0.027198 | Train R²: 0.0797 | Val R²: 0.0488 | NightHrsTrueNEE vs NightHrsModelReco R²: -3.5300 | NightHrsTrueNee vs NightHrsModelNee R²: -3.4700
Epoch 11500 | Train Loss: 0.023496 | Val Loss: 0.024536 | Train R²: 0.1668 | Val R²: 0.1419 | NightHrsTrueNEE vs NightHrsModelReco R²: -2.9200 | NightHrsTrueNee vs NightHrsModelNee R²: -2.8700
Epoch 12000 | Train Loss: 0.021628 | Val Loss: 0.022508 | Train R²: 0.2330 | Val R²: 0.2128 | NightHrsTrueNEE vs NightHrsModelReco R²: -2.4500 | NightHrsTrueNee vs NightHrsModelNee R²: -2.4100
Epoch 12500 | Train Loss: 0.020168 | Val Loss: 0.020919 | Train R²: 0.2848 | Val R²: 0.2684 | NightHrsTrueNEE vs NightHrsModelReco R²: -2.1100 | NightHrsTrueNee vs NightHrsModelNee R²: -2.0800
Epoch 13000 | Train Loss: 0.018956 | Val Loss: 0.019584 | Train R²: 0.3278 | Val R²: 0.3151 | NightHrsTrueNEE vs NightHrsModelReco R²: -1.8600 | NightHrsTrueNee vs NightHrsModelNee R²: -1.8300
Epoch 13500 | Train Loss: 0.017835 | Val Loss: 0.018329 | Train R²: 0.3675 | Val R²: 0.3590 | NightHrsTrueNEE vs NightHrsModelReco R²: -1.6700 | NightHrsTrueNee vs NightHrsModelNee R²: -1.6500
Epoch 14000 | Train Loss: 0.016681 | Val Loss: 0.017052 | Train R²: 0.4084 | Val R²: 0.4037 | NightHrsTrueNEE vs NightHrsModelReco R²: -1.5300 | NightHrsTrueNee vs NightHrsModelNee R²: -1.5100
Epoch 14500 | Train Loss: 0.015380 | Val Loss: 0.015645 | Train R²: 0.4546 | Val R²: 0.4529 | NightHrsTrueNEE vs NightHrsModelReco R²: -1.4100 | NightHrsTrueNee vs NightHrsModelNee R²: -1.4000
Epoch 15000 | Train Loss: 0.013811 | Val Loss: 0.013968 | Train R²: 0.5102 | Val R²: 0.5115 | NightHrsTrueNEE vs NightHrsModelReco R²: -1.3100 | NightHrsTrueNee vs NightHrsModelNee R²: -1.2900
Epoch 15500 | Train Loss: 0.011935 | Val Loss: 0.011978 | Train R²: 0.5768 | Val R²: 0.5811 | NightHrsTrueNEE vs NightHrsModelReco R²: -1.1700 | NightHrsTrueNee vs NightHrsModelNee R²: -1.1500
Epoch 16000 | Train Loss: 0.009882 | Val Loss: 0.009826 | Train R²: 0.6496 | Val R²: 0.6564 | NightHrsTrueNEE vs NightHrsModelReco R²: -0.9500 | NightHrsTrueNee vs NightHrsModelNee R²: -0.9400
Epoch 16500 | Train Loss: 0.007930 | Val Loss: 0.007822 | Train R²: 0.7188 | Val R²: 0.7265 | NightHrsTrueNEE vs NightHrsModelReco R²: -0.6400 | NightHrsTrueNee vs NightHrsModelNee R²: -0.6400
Epoch 17000 | Train Loss: 0.006317 | Val Loss: 0.006206 | Train R²: 0.7760 | Val R²: 0.7830 | NightHrsTrueNEE vs NightHrsModelReco R²: -0.3300 | NightHrsTrueNee vs NightHrsModelNee R²: -0.3300
Epoch 17500 | Train Loss: 0.005169 | Val Loss: 0.005049 | Train R²: 0.8167 | Val R²: 0.8234 | NightHrsTrueNEE vs NightHrsModelReco R²: -0.0600 | NightHrsTrueNee vs NightHrsModelNee R²: -0.0600
Epoch 18000 | Train Loss: 0.004409 | Val Loss: 0.004278 | Train R²: 0.8436 | Val R²: 0.8504 | NightHrsTrueNEE vs NightHrsModelReco R²: 0.1400 | NightHrsTrueNee vs NightHrsModelNee R²: 0.1500
Epoch 18500 | Train Loss: 0.003933 | Val Loss: 0.003790 | Train R²: 0.8605 | Val R²: 0.8675 | NightHrsTrueNEE vs NightHrsModelReco R²: 0.2800 | NightHrsTrueNee vs NightHrsModelNee R²: 0.2800
Epoch 19000 | Train Loss: 0.003635 | Val Loss: 0.003486 | Train R²: 0.8711 | Val R²: 0.8781 | NightHrsTrueNEE vs NightHrsModelReco R²: 0.3600 | NightHrsTrueNee vs NightHrsModelNee R²: 0.3600
Epoch 19500 | Train Loss: 0.003424 | Val Loss: 0.003276 | Train R²: 0.8786 | Val R²: 0.8854 | NightHrsTrueNEE vs NightHrsModelReco R²: 0.4200 | NightHrsTrueNee vs NightHrsModelNee R²: 0.4200
Epoch 20000 | Train Loss: 0.003241 | Val Loss: 0.003096 | Train R²: 0.8851 | Val R²: 0.8917 | NightHrsTrueNEE vs NightHrsModelReco R²: 0.4500 | NightHrsTrueNee vs NightHrsModelNee R²: 0.4500
Epoch 20500 | Train Loss: 0.003056 | Val Loss: 0.002914 | Train R²: 0.8916 | Val R²: 0.8981 | NightHrsTrueNEE vs NightHrsModelReco R²: 0.4800 | NightHrsTrueNee vs NightHrsModelNee R²: 0.4800
Epoch 21000 | Train Loss: 0.002855 | Val Loss: 0.002717 | Train R²: 0.8988 | Val R²: 0.9050 | NightHrsTrueNEE vs NightHrsModelReco R²: 0.5100 | NightHrsTrueNee vs NightHrsModelNee R²: 0.5100
Epoch 21500 | Train Loss: 0.002632 | Val Loss: 0.002503 | Train R²: 0.9067 | Val R²: 0.9125 | NightHrsTrueNEE vs NightHrsModelReco R²: 0.5400 | NightHrsTrueNee vs NightHrsModelNee R²: 0.5400
Epoch 22000 | Train Loss: 0.002389 | Val Loss: 0.002274 | Train R²: 0.9153 | Val R²: 0.9205 | NightHrsTrueNEE vs NightHrsModelReco R²: 0.5700 | NightHrsTrueNee vs NightHrsModelNee R²: 0.5700
Epoch 22500 | Train Loss: 0.002133 | Val Loss: 0.002034 | Train R²: 0.9244 | Val R²: 0.9289 | NightHrsTrueNEE vs NightHrsModelReco R²: 0.5900 | NightHrsTrueNee vs NightHrsModelNee R²: 0.5900
Epoch 23000 | Train Loss: 0.001888 | Val Loss: 0.001806 | Train R²: 0.9330 | Val R²: 0.9369 | NightHrsTrueNEE vs NightHrsModelReco R²: 0.6200 | NightHrsTrueNee vs NightHrsModelNee R²: 0.6200
Epoch 23500 | Train Loss: 0.001696 | Val Loss: 0.001630 | Train R²: 0.9399 | Val R²: 0.9430 | NightHrsTrueNEE vs NightHrsModelReco R²: 0.6300 | NightHrsTrueNee vs NightHrsModelNee R²: 0.6300
Epoch 24000 | Train Loss: 0.001575 | Val Loss: 0.001524 | Train R²: 0.9441 | Val R²: 0.9467 | NightHrsTrueNEE vs NightHrsModelReco R²: 0.6500 | NightHrsTrueNee vs NightHrsModelNee R²: 0.6500
Epoch 24500 | Train Loss: 0.001501 | Val Loss: 0.001458 | Train R²: 0.9468 | Val R²: 0.9490 | NightHrsTrueNEE vs NightHrsModelReco R²: 0.6600 | NightHrsTrueNee vs NightHrsModelNee R²: 0.6600
Epoch 25000 | Train Loss: 0.001448 | Val Loss: 0.001409 | Train R²: 0.9487 | Val R²: 0.9507 | NightHrsTrueNEE vs NightHrsModelReco R²: 0.6700 | NightHrsTrueNee vs NightHrsModelNee R²: 0.6700
Epoch 25500 | Train Loss: 0.001406 | Val Loss: 0.001370 | Train R²: 0.9501 | Val R²: 0.9521 | NightHrsTrueNEE vs NightHrsModelReco R²: 0.6800 | NightHrsTrueNee vs NightHrsModelNee R²: 0.6800
Epoch 26000 | Train Loss: 0.001371 | Val Loss: 0.001336 | Train R²: 0.9514 | Val R²: 0.9533 | NightHrsTrueNEE vs NightHrsModelReco R²: 0.6900 | NightHrsTrueNee vs NightHrsModelNee R²: 0.6900
Early stopping at epoch 26314 due to flat/negative trend (slope=0.000002)
Epoch 26314 | Train Loss: 0.001352 | Val Loss: 0.001319 | Train R²: 0.9521 | Val R²: 0.9539
Unpickling models
Following models have been loaded and moved to cuda:
trained gpp model:
 SNN_GPP_Tram(
  (net): Sequential(
    (0): Linear(in_features=13, out_features=12, bias=True)
    (1): Tanh()
    (2): Linear(in_features=12, out_features=1, bias=True)
    (3): Sigmoid()
  )
), trained_reco_model:
 SNN_GPP_Tram(
  (net): Sequential(
    (0): Linear(in_features=13, out_features=12, bias=True)
    (1): Tanh()
    (2): Linear(in_features=12, out_features=1, bias=True)
    (3): Sigmoid()
  )
)
using full data set for visualization
Un-normalizing the GPP and RECO predictions using NEE min: tensor([-28.6423]), NEE max: tensor([15.6103])



Metrics for the Tramontana, with
GPP inputs: ['SW_IN', 'VPD', 'TA', 'WTD', 'WS', 'PotRad', 'PotRadHalfHourlyDiff', 'PotRadDailyAvg', 'PotRadDailyDiff', 'WD_COS', 'WD_SIN', 'GPP_PROX', 'Salinity']
RECO inputs: ['DOY_sin', 'DOY_cos', 'TA', 'TS_1', 'TS_2', 'TS_3', 'TS_4', 'WTD', 'WS', 'WD_COS', 'WD_SIN', 'NIGHTLY_NEE_AVG', 'Salinity']:
dt_gpp vs Tramontana_GPP R²=0.97 RMSE=1.00
nt_gpp vs Tramontana_GPP R²=0.94 RMSE=1.32
dt_reco vs Tramontana_RECO R²=0.54 RMSE=1.03
nt_reco vs Tramontana_RECO R²=0.67 RMSE=0.77
night_hours_true_nee vs Tramontana_night_hours_model_reco R²=0.67 RMSE=0.79
night_hours_true_nee vs Tramontana_night_hours_model_nee R²=0.67 RMSE=0.79
dt_gpp vs nt_gpp R²=0.94 RMSE=1.33
dt_reco vs nt_reco R²=0.71 RMSE=1.00

gpp_input_names,  ['SW_IN', 'VPD', 'TA', 'WTD', 'WS', 'PotRad', 'PotRadHalfHourlyDiff', 'PotRadDailyAvg', 'PotRadDailyDiff', 'WD_COS', 'WD_SIN', 'GPP_PROX', 'WTD_HalfHourlyDiff'] 
reco_input_names,  ['DOY_sin', 'DOY_cos', 'TA', 'TS_1', 'TS_2', 'TS_3', 'TS_4', 'WTD', 'WS', 'WD_COS', 'WD_SIN', 'NIGHTLY_NEE_AVG', 'WTD_HalfHourlyDiff'] 
true_nee_name,  ['NEE'] 

Tramontana Running on GPU With hidden layer size of 12 Total epochs: 100000 lr: 0.001 patience: 500 min_delta 0.01
SNN_GPP_Tram(
  (net): Sequential(
    (0): Linear(in_features=13, out_features=12, bias=True)
    (1): Tanh()
    (2): Linear(in_features=12, out_features=1, bias=True)
    (3): Sigmoid()
  )
)
SNN_RECO_Tram(
  (net): Sequential(
    (0): Linear(in_features=13, out_features=12, bias=True)
    (1): Tanh()
    (2): Linear(in_features=12, out_features=1, bias=True)
    (3): Sigmoid()
  )
)
Params are min slope: 2e-06, trend window: 100
Epoch     0 | Train Loss: 7116.752930 | Val Loss: 6943.113281 | Train R²: -252370.6250 | Val R²: -242815.4844 | NightHrsTrueNEE vs NightHrsModelReco R²: -40.6600 | NightHrsTrueNee vs NightHrsModelNee R²: -101.2200
Epoch   500 | Train Loss: 48.399700 | Val Loss: 48.203339 | Train R²: -1715.3320 | Val R²: -1684.7808 | NightHrsTrueNEE vs NightHrsModelReco R²: -282.7400 | NightHrsTrueNee vs NightHrsModelNee R²: -271.7900
Epoch  1000 | Train Loss: 14.952642 | Val Loss: 15.250086 | Train R²: -529.2451 | Val R²: -532.3303 | NightHrsTrueNEE vs NightHrsModelReco R²: -319.5300 | NightHrsTrueNee vs NightHrsModelNee R²: -309.0600
Epoch  1500 | Train Loss: 7.140774 | Val Loss: 7.416415 | Train R²: -252.2235 | Val R²: -258.3690 | NightHrsTrueNEE vs NightHrsModelReco R²: -329.3800 | NightHrsTrueNee vs NightHrsModelNee R²: -320.2800
Epoch  2000 | Train Loss: 4.132571 | Val Loss: 4.352952 | Train R²: -145.5477 | Val R²: -151.2327 | NightHrsTrueNEE vs NightHrsModelReco R²: -332.9200 | NightHrsTrueNee vs NightHrsModelNee R²: -325.0100
Epoch  2500 | Train Loss: 2.689049 | Val Loss: 2.862553 | Train R²: -94.3581 | Val R²: -99.1100 | NightHrsTrueNEE vs NightHrsModelReco R²: -333.3800 | NightHrsTrueNee vs NightHrsModelNee R²: -326.4400
Epoch  3000 | Train Loss: 1.903387 | Val Loss: 2.040880 | Train R²: -66.4972 | Val R²: -70.3742 | NightHrsTrueNEE vs NightHrsModelReco R²: -330.2200 | NightHrsTrueNee vs NightHrsModelNee R²: -324.1100
Epoch  3500 | Train Loss: 1.428652 | Val Loss: 1.538930 | Train R²: -49.6623 | Val R²: -52.8199 | NightHrsTrueNEE vs NightHrsModelReco R²: -314.3600 | NightHrsTrueNee vs NightHrsModelNee R²: -309.0300
Epoch  4000 | Train Loss: 1.012388 | Val Loss: 1.102173 | Train R²: -34.9009 | Val R²: -37.5455 | NightHrsTrueNEE vs NightHrsModelReco R²: -194.8200 | NightHrsTrueNee vs NightHrsModelNee R²: -190.9800
Epoch  4500 | Train Loss: 0.714694 | Val Loss: 0.784787 | Train R²: -24.3442 | Val R²: -26.4458 | NightHrsTrueNEE vs NightHrsModelReco R²: -121.3100 | NightHrsTrueNee vs NightHrsModelNee R²: -118.5800
Epoch  5000 | Train Loss: 0.528069 | Val Loss: 0.583843 | Train R²: -17.7262 | Val R²: -19.4183 | NightHrsTrueNEE vs NightHrsModelReco R²: -96.1100 | NightHrsTrueNee vs NightHrsModelNee R²: -93.9600
Epoch  5500 | Train Loss: 0.395468 | Val Loss: 0.439884 | Train R²: -13.0239 | Val R²: -14.3838 | NightHrsTrueNEE vs NightHrsModelReco R²: -75.8300 | NightHrsTrueNee vs NightHrsModelNee R²: -74.1500
Epoch  6000 | Train Loss: 0.299141 | Val Loss: 0.334183 | Train R²: -9.6080 | Val R²: -10.6872 | NightHrsTrueNEE vs NightHrsModelReco R²: -58.6500 | NightHrsTrueNee vs NightHrsModelNee R²: -57.3500
Epoch  6500 | Train Loss: 0.228082 | Val Loss: 0.255371 | Train R²: -7.0882 | Val R²: -7.9309 | NightHrsTrueNEE vs NightHrsModelReco R²: -44.4400 | NightHrsTrueNee vs NightHrsModelNee R²: -43.4300
Epoch  7000 | Train Loss: 0.175159 | Val Loss: 0.196270 | Train R²: -5.2114 | Val R²: -5.8640 | NightHrsTrueNEE vs NightHrsModelReco R²: -33.5700 | NightHrsTrueNee vs NightHrsModelNee R²: -32.7900
Epoch  7500 | Train Loss: 0.135485 | Val Loss: 0.151844 | Train R²: -3.8045 | Val R²: -4.3103 | NightHrsTrueNEE vs NightHrsModelReco R²: -25.5800 | NightHrsTrueNee vs NightHrsModelNee R²: -24.9700
Epoch  8000 | Train Loss: 0.105698 | Val Loss: 0.118459 | Train R²: -2.7482 | Val R²: -3.1428 | NightHrsTrueNEE vs NightHrsModelReco R²: -19.7500 | NightHrsTrueNee vs NightHrsModelNee R²: -19.2700
Epoch  8500 | Train Loss: 0.083460 | Val Loss: 0.093493 | Train R²: -1.9596 | Val R²: -2.2697 | NightHrsTrueNEE vs NightHrsModelReco R²: -15.4700 | NightHrsTrueNee vs NightHrsModelNee R²: -15.1100
Epoch  9000 | Train Loss: 0.066986 | Val Loss: 0.074917 | Train R²: -1.3754 | Val R²: -1.6200 | NightHrsTrueNEE vs NightHrsModelReco R²: -12.2900 | NightHrsTrueNee vs NightHrsModelNee R²: -12.0000
Epoch  9500 | Train Loss: 0.054825 | Val Loss: 0.061110 | Train R²: -0.9442 | Val R²: -1.1371 | NightHrsTrueNEE vs NightHrsModelReco R²: -9.8700 | NightHrsTrueNee vs NightHrsModelNee R²: -9.6400
Epoch 10000 | Train Loss: 0.045848 | Val Loss: 0.050840 | Train R²: -0.6258 | Val R²: -0.7780 | NightHrsTrueNEE vs NightHrsModelReco R²: -8.0000 | NightHrsTrueNee vs NightHrsModelNee R²: -7.8100
Epoch 10500 | Train Loss: 0.039205 | Val Loss: 0.043189 | Train R²: -0.3903 | Val R²: -0.5104 | NightHrsTrueNEE vs NightHrsModelReco R²: -6.5200 | NightHrsTrueNee vs NightHrsModelNee R²: -6.3600
Epoch 11000 | Train Loss: 0.034261 | Val Loss: 0.037456 | Train R²: -0.2149 | Val R²: -0.3099 | NightHrsTrueNEE vs NightHrsModelReco R²: -5.3300 | NightHrsTrueNee vs NightHrsModelNee R²: -5.2100
Epoch 11500 | Train Loss: 0.030540 | Val Loss: 0.033112 | Train R²: -0.0830 | Val R²: -0.1580 | NightHrsTrueNEE vs NightHrsModelReco R²: -4.3600 | NightHrsTrueNee vs NightHrsModelNee R²: -4.2600
Epoch 12000 | Train Loss: 0.027714 | Val Loss: 0.029794 | Train R²: 0.0172 | Val R²: -0.0420 | NightHrsTrueNEE vs NightHrsModelReco R²: -3.5600 | NightHrsTrueNee vs NightHrsModelNee R²: -3.4800
Epoch 12500 | Train Loss: 0.025552 | Val Loss: 0.027249 | Train R²: 0.0939 | Val R²: 0.0470 | NightHrsTrueNEE vs NightHrsModelReco R²: -2.9400 | NightHrsTrueNee vs NightHrsModelNee R²: -2.8700
Epoch 13000 | Train Loss: 0.023889 | Val Loss: 0.025286 | Train R²: 0.1529 | Val R²: 0.1157 | NightHrsTrueNEE vs NightHrsModelReco R²: -2.4800 | NightHrsTrueNee vs NightHrsModelNee R²: -2.4300
Epoch 13500 | Train Loss: 0.022582 | Val Loss: 0.023737 | Train R²: 0.1992 | Val R²: 0.1699 | NightHrsTrueNEE vs NightHrsModelReco R²: -2.1400 | NightHrsTrueNee vs NightHrsModelNee R²: -2.1000
Epoch 14000 | Train Loss: 0.021497 | Val Loss: 0.022451 | Train R²: 0.2377 | Val R²: 0.2148 | NightHrsTrueNEE vs NightHrsModelReco R²: -1.8900 | NightHrsTrueNee vs NightHrsModelNee R²: -1.8500
Epoch 14500 | Train Loss: 0.020506 | Val Loss: 0.021292 | Train R²: 0.2728 | Val R²: 0.2554 | NightHrsTrueNEE vs NightHrsModelReco R²: -1.6900 | NightHrsTrueNee vs NightHrsModelNee R²: -1.6600
Epoch 15000 | Train Loss: 0.019470 | Val Loss: 0.020113 | Train R²: 0.3096 | Val R²: 0.2966 | NightHrsTrueNEE vs NightHrsModelReco R²: -1.5400 | NightHrsTrueNee vs NightHrsModelNee R²: -1.5200
Epoch 15500 | Train Loss: 0.018228 | Val Loss: 0.018746 | Train R²: 0.3536 | Val R²: 0.3444 | NightHrsTrueNEE vs NightHrsModelReco R²: -1.4400 | NightHrsTrueNee vs NightHrsModelNee R²: -1.4100
Epoch 16000 | Train Loss: 0.016589 | Val Loss: 0.016985 | Train R²: 0.4117 | Val R²: 0.4060 | NightHrsTrueNEE vs NightHrsModelReco R²: -1.3800 | NightHrsTrueNee vs NightHrsModelNee R²: -1.3600
Epoch 16500 | Train Loss: 0.014393 | Val Loss: 0.014652 | Train R²: 0.4896 | Val R²: 0.4876 | NightHrsTrueNEE vs NightHrsModelReco R²: -1.3200 | NightHrsTrueNee vs NightHrsModelNee R²: -1.3000
Epoch 17000 | Train Loss: 0.011772 | Val Loss: 0.011891 | Train R²: 0.5825 | Val R²: 0.5842 | NightHrsTrueNEE vs NightHrsModelReco R²: -1.1600 | NightHrsTrueNee vs NightHrsModelNee R²: -1.1400
Epoch 17500 | Train Loss: 0.009228 | Val Loss: 0.009234 | Train R²: 0.6728 | Val R²: 0.6771 | NightHrsTrueNEE vs NightHrsModelReco R²: -0.8300 | NightHrsTrueNee vs NightHrsModelNee R²: -0.8200
Epoch 18000 | Train Loss: 0.007142 | Val Loss: 0.007075 | Train R²: 0.7467 | Val R²: 0.7526 | NightHrsTrueNEE vs NightHrsModelReco R²: -0.4500 | NightHrsTrueNee vs NightHrsModelNee R²: -0.4400
Epoch 18500 | Train Loss: 0.005627 | Val Loss: 0.005514 | Train R²: 0.8005 | Val R²: 0.8072 | NightHrsTrueNEE vs NightHrsModelReco R²: -0.1200 | NightHrsTrueNee vs NightHrsModelNee R²: -0.1100
Epoch 19000 | Train Loss: 0.004651 | Val Loss: 0.004519 | Train R²: 0.8351 | Val R²: 0.8420 | NightHrsTrueNEE vs NightHrsModelReco R²: 0.1300 | NightHrsTrueNee vs NightHrsModelNee R²: 0.1300
Epoch 19500 | Train Loss: 0.004074 | Val Loss: 0.003940 | Train R²: 0.8555 | Val R²: 0.8622 | NightHrsTrueNEE vs NightHrsModelReco R²: 0.2800 | NightHrsTrueNee vs NightHrsModelNee R²: 0.2800
Epoch 20000 | Train Loss: 0.003717 | Val Loss: 0.003586 | Train R²: 0.8682 | Val R²: 0.8746 | NightHrsTrueNEE vs NightHrsModelReco R²: 0.3800 | NightHrsTrueNee vs NightHrsModelNee R²: 0.3800
Epoch 20500 | Train Loss: 0.003448 | Val Loss: 0.003322 | Train R²: 0.8777 | Val R²: 0.8838 | NightHrsTrueNEE vs NightHrsModelReco R²: 0.4300 | NightHrsTrueNee vs NightHrsModelNee R²: 0.4300
Epoch 21000 | Train Loss: 0.003188 | Val Loss: 0.003069 | Train R²: 0.8870 | Val R²: 0.8927 | NightHrsTrueNEE vs NightHrsModelReco R²: 0.4700 | NightHrsTrueNee vs NightHrsModelNee R²: 0.4700
Epoch 21500 | Train Loss: 0.002903 | Val Loss: 0.002797 | Train R²: 0.8971 | Val R²: 0.9022 | NightHrsTrueNEE vs NightHrsModelReco R²: 0.5100 | NightHrsTrueNee vs NightHrsModelNee R²: 0.5100
Epoch 22000 | Train Loss: 0.002603 | Val Loss: 0.002511 | Train R²: 0.9077 | Val R²: 0.9122 | NightHrsTrueNEE vs NightHrsModelReco R²: 0.5500 | NightHrsTrueNee vs NightHrsModelNee R²: 0.5500
Epoch 22500 | Train Loss: 0.002316 | Val Loss: 0.002233 | Train R²: 0.9179 | Val R²: 0.9219 | NightHrsTrueNEE vs NightHrsModelReco R²: 0.5900 | NightHrsTrueNee vs NightHrsModelNee R²: 0.5800
Epoch 23000 | Train Loss: 0.002044 | Val Loss: 0.001967 | Train R²: 0.9275 | Val R²: 0.9312 | NightHrsTrueNEE vs NightHrsModelReco R²: 0.6200 | NightHrsTrueNee vs NightHrsModelNee R²: 0.6200
Epoch 23500 | Train Loss: 0.001788 | Val Loss: 0.001717 | Train R²: 0.9366 | Val R²: 0.9399 | NightHrsTrueNEE vs NightHrsModelReco R²: 0.6400 | NightHrsTrueNee vs NightHrsModelNee R²: 0.6400
Epoch 24000 | Train Loss: 0.001569 | Val Loss: 0.001510 | Train R²: 0.9444 | Val R²: 0.9472 | NightHrsTrueNEE vs NightHrsModelReco R²: 0.6600 | NightHrsTrueNee vs NightHrsModelNee R²: 0.6600
Epoch 24500 | Train Loss: 0.001424 | Val Loss: 0.001382 | Train R²: 0.9495 | Val R²: 0.9517 | NightHrsTrueNEE vs NightHrsModelReco R²: 0.6800 | NightHrsTrueNee vs NightHrsModelNee R²: 0.6800
Epoch 25000 | Train Loss: 0.001355 | Val Loss: 0.001327 | Train R²: 0.9519 | Val R²: 0.9536 | NightHrsTrueNEE vs NightHrsModelReco R²: 0.6900 | NightHrsTrueNee vs NightHrsModelNee R²: 0.6900
Early stopping at epoch 25142 due to flat/negative trend (slope=0.000002)
Epoch 25142 | Train Loss: 0.001344 | Val Loss: 0.001319 | Train R²: 0.9524 | Val R²: 0.9539
Unpickling models
Following models have been loaded and moved to cuda:
trained gpp model:
 SNN_GPP_Tram(
  (net): Sequential(
    (0): Linear(in_features=13, out_features=12, bias=True)
    (1): Tanh()
    (2): Linear(in_features=12, out_features=1, bias=True)
    (3): Sigmoid()
  )
), trained_reco_model:
 SNN_GPP_Tram(
  (net): Sequential(
    (0): Linear(in_features=13, out_features=12, bias=True)
    (1): Tanh()
    (2): Linear(in_features=12, out_features=1, bias=True)
    (3): Sigmoid()
  )
)
using full data set for visualization
Un-normalizing the GPP and RECO predictions using NEE min: tensor([-28.6423]), NEE max: tensor([15.6103])



Metrics for the Tramontana, with
GPP inputs: ['SW_IN', 'VPD', 'TA', 'WTD', 'WS', 'PotRad', 'PotRadHalfHourlyDiff', 'PotRadDailyAvg', 'PotRadDailyDiff', 'WD_COS', 'WD_SIN', 'GPP_PROX', 'WTD_HalfHourlyDiff']
RECO inputs: ['DOY_sin', 'DOY_cos', 'TA', 'TS_1', 'TS_2', 'TS_3', 'TS_4', 'WTD', 'WS', 'WD_COS', 'WD_SIN', 'NIGHTLY_NEE_AVG', 'WTD_HalfHourlyDiff']:
dt_gpp vs Tramontana_GPP R²=0.97 RMSE=0.93
nt_gpp vs Tramontana_GPP R²=0.95 RMSE=1.30
dt_reco vs Tramontana_RECO R²=0.57 RMSE=1.00
nt_reco vs Tramontana_RECO R²=0.70 RMSE=0.74
night_hours_true_nee vs Tramontana_night_hours_model_reco R²=0.68 RMSE=0.79
night_hours_true_nee vs Tramontana_night_hours_model_nee R²=0.68 RMSE=0.79
dt_gpp vs nt_gpp R²=0.94 RMSE=1.33
dt_reco vs nt_reco R²=0.71 RMSE=1.00

gpp_input_names,  ['SW_IN', 'VPD', 'TA', 'WTD', 'WS', 'PotRad', 'PotRadHalfHourlyDiff', 'PotRadDailyAvg', 'PotRadDailyDiff', 'WD_COS', 'WD_SIN', 'GPP_PROX', 'Salinity', 'WTD_HalfHourlyDiff'] 
reco_input_names,  ['DOY_sin', 'DOY_cos', 'TA', 'TS_1', 'TS_2', 'TS_3', 'TS_4', 'WTD', 'WS', 'WD_COS', 'WD_SIN', 'NIGHTLY_NEE_AVG', 'Salinity', 'WTD_HalfHourlyDiff'] 
true_nee_name,  ['NEE'] 

Tramontana Running on GPU With hidden layer size of 12 Total epochs: 100000 lr: 0.001 patience: 500 min_delta 0.01
SNN_GPP_Tram(
  (net): Sequential(
    (0): Linear(in_features=14, out_features=12, bias=True)
    (1): Tanh()
    (2): Linear(in_features=12, out_features=1, bias=True)
    (3): Sigmoid()
  )
)
SNN_RECO_Tram(
  (net): Sequential(
    (0): Linear(in_features=14, out_features=12, bias=True)
    (1): Tanh()
    (2): Linear(in_features=12, out_features=1, bias=True)
    (3): Sigmoid()
  )
)
Params are min slope: 2e-06, trend window: 100
Epoch     0 | Train Loss: 10011.199219 | Val Loss: 9986.349609 | Train R²: -355012.3438 | Val R²: -349244.4375 | NightHrsTrueNEE vs NightHrsModelReco R²: -91.0900 | NightHrsTrueNee vs NightHrsModelNee R²: -175.0300
Epoch   500 | Train Loss: 67.359344 | Val Loss: 66.535149 | Train R²: -2387.6719 | Val R²: -2325.8862 | NightHrsTrueNEE vs NightHrsModelReco R²: -305.3700 | NightHrsTrueNee vs NightHrsModelNee R²: -292.2500
Epoch  1000 | Train Loss: 16.723515 | Val Loss: 16.533045 | Train R²: -592.0430 | Val R²: -577.1983 | NightHrsTrueNEE vs NightHrsModelReco R²: -327.4500 | NightHrsTrueNee vs NightHrsModelNee R²: -315.6100
Epoch  1500 | Train Loss: 7.298064 | Val Loss: 7.214983 | Train R²: -257.8012 | Val R²: -251.3244 | NightHrsTrueNEE vs NightHrsModelReco R²: -334.0600 | NightHrsTrueNee vs NightHrsModelNee R²: -324.1300
Epoch  2000 | Train Loss: 4.007006 | Val Loss: 3.962227 | Train R²: -141.0949 | Val R²: -137.5681 | NightHrsTrueNEE vs NightHrsModelReco R²: -336.8000 | NightHrsTrueNee vs NightHrsModelNee R²: -328.3400
Epoch  2500 | Train Loss: 2.511973 | Val Loss: 2.485511 | Train R²: -88.0786 | Val R²: -85.9240 | NightHrsTrueNEE vs NightHrsModelReco R²: -337.6500 | NightHrsTrueNee vs NightHrsModelNee R²: -330.3200
Epoch  3000 | Train Loss: 1.729550 | Val Loss: 1.713307 | Train R²: -60.3327 | Val R²: -58.9183 | NightHrsTrueNEE vs NightHrsModelReco R²: -336.7600 | NightHrsTrueNee vs NightHrsModelNee R²: -330.3200
Epoch  3500 | Train Loss: 1.281340 | Val Loss: 1.271356 | Train R²: -44.4384 | Val R²: -43.4622 | NightHrsTrueNEE vs NightHrsModelReco R²: -332.3900 | NightHrsTrueNee vs NightHrsModelNee R²: -326.7100
Epoch  4000 | Train Loss: 0.991298 | Val Loss: 0.985315 | Train R²: -34.1530 | Val R²: -33.4587 | NightHrsTrueNEE vs NightHrsModelReco R²: -309.1300 | NightHrsTrueNee vs NightHrsModelNee R²: -304.2200
Epoch  4500 | Train Loss: 0.697051 | Val Loss: 0.696100 | Train R²: -23.7186 | Val R²: -23.3442 | NightHrsTrueNEE vs NightHrsModelReco R²: -176.6900 | NightHrsTrueNee vs NightHrsModelNee R²: -173.5700
Epoch  5000 | Train Loss: 0.517649 | Val Loss: 0.519837 | Train R²: -17.3567 | Val R²: -17.1799 | NightHrsTrueNEE vs NightHrsModelReco R²: -123.0300 | NightHrsTrueNee vs NightHrsModelNee R²: -120.8300
Epoch  5500 | Train Loss: 0.392039 | Val Loss: 0.395182 | Train R²: -12.9023 | Val R²: -12.8204 | NightHrsTrueNEE vs NightHrsModelReco R²: -96.2200 | NightHrsTrueNee vs NightHrsModelNee R²: -94.5300
Epoch  6000 | Train Loss: 0.297767 | Val Loss: 0.300836 | Train R²: -9.5593 | Val R²: -9.5209 | NightHrsTrueNEE vs NightHrsModelReco R²: -71.5800 | NightHrsTrueNee vs NightHrsModelNee R²: -70.3200
Epoch  6500 | Train Loss: 0.225547 | Val Loss: 0.227659 | Train R²: -6.9983 | Val R²: -6.9618 | NightHrsTrueNEE vs NightHrsModelReco R²: -49.9000 | NightHrsTrueNee vs NightHrsModelNee R²: -48.9800
Epoch  7000 | Train Loss: 0.171006 | Val Loss: 0.172292 | Train R²: -5.0641 | Val R²: -5.0254 | NightHrsTrueNEE vs NightHrsModelReco R²: -35.3600 | NightHrsTrueNee vs NightHrsModelNee R²: -34.6700
Epoch  7500 | Train Loss: 0.130278 | Val Loss: 0.131210 | Train R²: -3.6199 | Val R²: -3.5887 | NightHrsTrueNEE vs NightHrsModelReco R²: -26.3000 | NightHrsTrueNee vs NightHrsModelNee R²: -25.7800
Epoch  8000 | Train Loss: 0.100255 | Val Loss: 0.101060 | Train R²: -2.5552 | Val R²: -2.5343 | NightHrsTrueNEE vs NightHrsModelReco R²: -20.0900 | NightHrsTrueNee vs NightHrsModelNee R²: -19.6900
Epoch  8500 | Train Loss: 0.078208 | Val Loss: 0.078962 | Train R²: -1.7734 | Val R²: -1.7615 | NightHrsTrueNEE vs NightHrsModelReco R²: -15.5400 | NightHrsTrueNee vs NightHrsModelNee R²: -15.2300
Epoch  9000 | Train Loss: 0.061916 | Val Loss: 0.062632 | Train R²: -1.1956 | Val R²: -1.1904 | NightHrsTrueNEE vs NightHrsModelReco R²: -12.1300 | NightHrsTrueNee vs NightHrsModelNee R²: -11.8900
Epoch  9500 | Train Loss: 0.049831 | Val Loss: 0.050491 | Train R²: -0.7671 | Val R²: -0.7658 | NightHrsTrueNEE vs NightHrsModelReco R²: -9.5500 | NightHrsTrueNee vs NightHrsModelNee R²: -9.3600
Epoch 10000 | Train Loss: 0.040855 | Val Loss: 0.041450 | Train R²: -0.4488 | Val R²: -0.4496 | NightHrsTrueNEE vs NightHrsModelReco R²: -7.5500 | NightHrsTrueNee vs NightHrsModelNee R²: -7.4000
Epoch 10500 | Train Loss: 0.034261 | Val Loss: 0.034807 | Train R²: -0.2149 | Val R²: -0.2173 | NightHrsTrueNEE vs NightHrsModelReco R²: -6.0100 | NightHrsTrueNee vs NightHrsModelNee R²: -5.8900
Epoch 11000 | Train Loss: 0.029454 | Val Loss: 0.029938 | Train R²: -0.0445 | Val R²: -0.0470 | NightHrsTrueNEE vs NightHrsModelReco R²: -4.8200 | NightHrsTrueNee vs NightHrsModelNee R²: -4.7300
Epoch 11500 | Train Loss: 0.025923 | Val Loss: 0.026330 | Train R²: 0.0807 | Val R²: 0.0792 | NightHrsTrueNEE vs NightHrsModelReco R²: -3.8900 | NightHrsTrueNee vs NightHrsModelNee R²: -3.8100
Epoch 12000 | Train Loss: 0.023302 | Val Loss: 0.023640 | Train R²: 0.1737 | Val R²: 0.1733 | NightHrsTrueNEE vs NightHrsModelReco R²: -3.1700 | NightHrsTrueNee vs NightHrsModelNee R²: -3.1100
Epoch 12500 | Train Loss: 0.021336 | Val Loss: 0.021635 | Train R²: 0.2434 | Val R²: 0.2434 | NightHrsTrueNEE vs NightHrsModelReco R²: -2.6500 | NightHrsTrueNee vs NightHrsModelNee R²: -2.6000
Epoch 13000 | Train Loss: 0.019841 | Val Loss: 0.020126 | Train R²: 0.2964 | Val R²: 0.2961 | NightHrsTrueNEE vs NightHrsModelReco R²: -2.2800 | NightHrsTrueNee vs NightHrsModelNee R²: -2.2400
Epoch 13500 | Train Loss: 0.018689 | Val Loss: 0.018962 | Train R²: 0.3372 | Val R²: 0.3369 | NightHrsTrueNEE vs NightHrsModelReco R²: -2.0000 | NightHrsTrueNee vs NightHrsModelNee R²: -1.9600
Epoch 14000 | Train Loss: 0.017768 | Val Loss: 0.018018 | Train R²: 0.3699 | Val R²: 0.3699 | NightHrsTrueNEE vs NightHrsModelReco R²: -1.7700 | NightHrsTrueNee vs NightHrsModelNee R²: -1.7500
Epoch 14500 | Train Loss: 0.016977 | Val Loss: 0.017196 | Train R²: 0.3980 | Val R²: 0.3986 | NightHrsTrueNEE vs NightHrsModelReco R²: -1.6000 | NightHrsTrueNee vs NightHrsModelNee R²: -1.5800
Epoch 15000 | Train Loss: 0.016233 | Val Loss: 0.016414 | Train R²: 0.4243 | Val R²: 0.4260 | NightHrsTrueNEE vs NightHrsModelReco R²: -1.4600 | NightHrsTrueNee vs NightHrsModelNee R²: -1.4400
Epoch 15500 | Train Loss: 0.015456 | Val Loss: 0.015594 | Train R²: 0.4519 | Val R²: 0.4546 | NightHrsTrueNEE vs NightHrsModelReco R²: -1.3500 | NightHrsTrueNee vs NightHrsModelNee R²: -1.3400
Epoch 16000 | Train Loss: 0.014570 | Val Loss: 0.014660 | Train R²: 0.4833 | Val R²: 0.4873 | NightHrsTrueNEE vs NightHrsModelReco R²: -1.2800 | NightHrsTrueNee vs NightHrsModelNee R²: -1.2600
Epoch 16500 | Train Loss: 0.013492 | Val Loss: 0.013527 | Train R²: 0.5215 | Val R²: 0.5269 | NightHrsTrueNEE vs NightHrsModelReco R²: -1.2100 | NightHrsTrueNee vs NightHrsModelNee R²: -1.1900
Epoch 17000 | Train Loss: 0.012159 | Val Loss: 0.012134 | Train R²: 0.5688 | Val R²: 0.5756 | NightHrsTrueNEE vs NightHrsModelReco R²: -1.1200 | NightHrsTrueNee vs NightHrsModelNee R²: -1.1000
Epoch 17500 | Train Loss: 0.010584 | Val Loss: 0.010510 | Train R²: 0.6247 | Val R²: 0.6324 | NightHrsTrueNEE vs NightHrsModelReco R²: -0.9800 | NightHrsTrueNee vs NightHrsModelNee R²: -0.9600
Epoch 18000 | Train Loss: 0.008921 | Val Loss: 0.008816 | Train R²: 0.6836 | Val R²: 0.6917 | NightHrsTrueNEE vs NightHrsModelReco R²: -0.7600 | NightHrsTrueNee vs NightHrsModelNee R²: -0.7500
Epoch 18500 | Train Loss: 0.007380 | Val Loss: 0.007262 | Train R²: 0.7383 | Val R²: 0.7460 | NightHrsTrueNEE vs NightHrsModelReco R²: -0.4800 | NightHrsTrueNee vs NightHrsModelNee R²: -0.4700
Epoch 19000 | Train Loss: 0.006081 | Val Loss: 0.005968 | Train R²: 0.7843 | Val R²: 0.7913 | NightHrsTrueNEE vs NightHrsModelReco R²: -0.2000 | NightHrsTrueNee vs NightHrsModelNee R²: -0.2000
Epoch 19500 | Train Loss: 0.005067 | Val Loss: 0.004967 | Train R²: 0.8203 | Val R²: 0.8263 | NightHrsTrueNEE vs NightHrsModelReco R²: 0.0200 | NightHrsTrueNee vs NightHrsModelNee R²: 0.0300
Epoch 20000 | Train Loss: 0.004318 | Val Loss: 0.004233 | Train R²: 0.8469 | Val R²: 0.8520 | NightHrsTrueNEE vs NightHrsModelReco R²: 0.2000 | NightHrsTrueNee vs NightHrsModelNee R²: 0.2000
Epoch 20500 | Train Loss: 0.003775 | Val Loss: 0.003693 | Train R²: 0.8661 | Val R²: 0.8709 | NightHrsTrueNEE vs NightHrsModelReco R²: 0.3200 | NightHrsTrueNee vs NightHrsModelNee R²: 0.3200
Epoch 21000 | Train Loss: 0.003374 | Val Loss: 0.003289 | Train R²: 0.8803 | Val R²: 0.8850 | NightHrsTrueNEE vs NightHrsModelReco R²: 0.4100 | NightHrsTrueNee vs NightHrsModelNee R²: 0.4100
Epoch 21500 | Train Loss: 0.003077 | Val Loss: 0.002994 | Train R²: 0.8909 | Val R²: 0.8953 | NightHrsTrueNEE vs NightHrsModelReco R²: 0.4700 | NightHrsTrueNee vs NightHrsModelNee R²: 0.4700
Epoch 22000 | Train Loss: 0.002849 | Val Loss: 0.002769 | Train R²: 0.8990 | Val R²: 0.9032 | NightHrsTrueNEE vs NightHrsModelReco R²: 0.5200 | NightHrsTrueNee vs NightHrsModelNee R²: 0.5200
Epoch 22500 | Train Loss: 0.002654 | Val Loss: 0.002575 | Train R²: 0.9059 | Val R²: 0.9100 | NightHrsTrueNEE vs NightHrsModelReco R²: 0.5500 | NightHrsTrueNee vs NightHrsModelNee R²: 0.5500
Epoch 23000 | Train Loss: 0.002465 | Val Loss: 0.002385 | Train R²: 0.9126 | Val R²: 0.9166 | NightHrsTrueNEE vs NightHrsModelReco R²: 0.5700 | NightHrsTrueNee vs NightHrsModelNee R²: 0.5700
Epoch 23500 | Train Loss: 0.002263 | Val Loss: 0.002181 | Train R²: 0.9198 | Val R²: 0.9237 | NightHrsTrueNEE vs NightHrsModelReco R²: 0.6000 | NightHrsTrueNee vs NightHrsModelNee R²: 0.6000
Epoch 24000 | Train Loss: 0.002043 | Val Loss: 0.001961 | Train R²: 0.9276 | Val R²: 0.9314 | NightHrsTrueNEE vs NightHrsModelReco R²: 0.6200 | NightHrsTrueNee vs NightHrsModelNee R²: 0.6200
Epoch 24500 | Train Loss: 0.001827 | Val Loss: 0.001751 | Train R²: 0.9352 | Val R²: 0.9388 | NightHrsTrueNEE vs NightHrsModelReco R²: 0.6300 | NightHrsTrueNee vs NightHrsModelNee R²: 0.6300
Epoch 25000 | Train Loss: 0.001655 | Val Loss: 0.001586 | Train R²: 0.9413 | Val R²: 0.9445 | NightHrsTrueNEE vs NightHrsModelReco R²: 0.6400 | NightHrsTrueNee vs NightHrsModelNee R²: 0.6500
Epoch 25500 | Train Loss: 0.001535 | Val Loss: 0.001475 | Train R²: 0.9456 | Val R²: 0.9484 | NightHrsTrueNEE vs NightHrsModelReco R²: 0.6500 | NightHrsTrueNee vs NightHrsModelNee R²: 0.6500
Epoch 26000 | Train Loss: 0.001454 | Val Loss: 0.001404 | Train R²: 0.9484 | Val R²: 0.9509 | NightHrsTrueNEE vs NightHrsModelReco R²: 0.6600 | NightHrsTrueNee vs NightHrsModelNee R²: 0.6600
Epoch 26500 | Train Loss: 0.001397 | Val Loss: 0.001352 | Train R²: 0.9505 | Val R²: 0.9527 | NightHrsTrueNEE vs NightHrsModelReco R²: 0.6700 | NightHrsTrueNee vs NightHrsModelNee R²: 0.6700
Epoch 27000 | Train Loss: 0.001353 | Val Loss: 0.001314 | Train R²: 0.9520 | Val R²: 0.9540 | NightHrsTrueNEE vs NightHrsModelReco R²: 0.6800 | NightHrsTrueNee vs NightHrsModelNee R²: 0.6800
Early stopping at epoch 27328 due to flat/negative trend (slope=0.000002)
Epoch 27328 | Train Loss: 0.001331 | Val Loss: 0.001296 | Train R²: 0.9528 | Val R²: 0.9547
Unpickling models
Following models have been loaded and moved to cuda:
trained gpp model:
 SNN_GPP_Tram(
  (net): Sequential(
    (0): Linear(in_features=14, out_features=12, bias=True)
    (1): Tanh()
    (2): Linear(in_features=12, out_features=1, bias=True)
    (3): Sigmoid()
  )
), trained_reco_model:
 SNN_GPP_Tram(
  (net): Sequential(
    (0): Linear(in_features=14, out_features=12, bias=True)
    (1): Tanh()
    (2): Linear(in_features=12, out_features=1, bias=True)
    (3): Sigmoid()
  )
)
using full data set for visualization
Un-normalizing the GPP and RECO predictions using NEE min: tensor([-28.6423]), NEE max: tensor([15.6103])



Metrics for the Tramontana, with
GPP inputs: ['SW_IN', 'VPD', 'TA', 'WTD', 'WS', 'PotRad', 'PotRadHalfHourlyDiff', 'PotRadDailyAvg', 'PotRadDailyDiff', 'WD_COS', 'WD_SIN', 'GPP_PROX', 'Salinity', 'WTD_HalfHourlyDiff']
RECO inputs: ['DOY_sin', 'DOY_cos', 'TA', 'TS_1', 'TS_2', 'TS_3', 'TS_4', 'WTD', 'WS', 'WD_COS', 'WD_SIN', 'NIGHTLY_NEE_AVG', 'Salinity', 'WTD_HalfHourlyDiff']:
dt_gpp vs Tramontana_GPP R²=0.97 RMSE=0.91
nt_gpp vs Tramontana_GPP R²=0.95 RMSE=1.29
dt_reco vs Tramontana_RECO R²=0.58 RMSE=0.98
nt_reco vs Tramontana_RECO R²=0.69 RMSE=0.75
night_hours_true_nee vs Tramontana_night_hours_model_reco R²=0.67 RMSE=0.79
night_hours_true_nee vs Tramontana_night_hours_model_nee R²=0.67 RMSE=0.79
dt_gpp vs nt_gpp R²=0.94 RMSE=1.33
dt_reco vs nt_reco R²=0.71 RMSE=1.00

gpp_input_names,  ['SW_IN', 'VPD', 'TA', 'WTD', 'WS', 'PotRad', 'PotRadHalfHourlyDiff', 'PotRadDailyAvg', 'PotRadDailyDiff', 'WD_COS', 'WD_SIN', 'GPP_PROX', 'Salinity', 'WTD_HalfHourlyDiff', 'WTD_DailyAvg', 'WTD_DailyDiff'] 
reco_input_names,  ['DOY_sin', 'DOY_cos', 'TA', 'TS_1', 'TS_2', 'TS_3', 'TS_4', 'WTD', 'WS', 'WD_COS', 'WD_SIN', 'NIGHTLY_NEE_AVG', 'Salinity', 'WTD_HalfHourlyDiff', 'WTD_DailyAvg', 'WTD_DailyDiff'] 
true_nee_name,  ['NEE'] 

Tramontana Running on GPU With hidden layer size of 12 Total epochs: 100000 lr: 0.001 patience: 500 min_delta 0.01
SNN_GPP_Tram(
  (net): Sequential(
    (0): Linear(in_features=16, out_features=12, bias=True)
    (1): Tanh()
    (2): Linear(in_features=12, out_features=1, bias=True)
    (3): Sigmoid()
  )
)
SNN_RECO_Tram(
  (net): Sequential(
    (0): Linear(in_features=16, out_features=12, bias=True)
    (1): Tanh()
    (2): Linear(in_features=12, out_features=1, bias=True)
    (3): Sigmoid()
  )
)
Params are min slope: 2e-06, trend window: 100
Epoch     0 | Train Loss: 22252.527344 | Val Loss: 22199.343750 | Train R²: -789109.7500 | Val R²: -776360.6875 | NightHrsTrueNEE vs NightHrsModelReco R²: -82.3600 | NightHrsTrueNee vs NightHrsModelNee R²: -220.0800
Epoch   500 | Train Loss: 137.980103 | Val Loss: 135.451538 | Train R²: -4891.9985 | Val R²: -4736.0498 | NightHrsTrueNEE vs NightHrsModelReco R²: -309.2400 | NightHrsTrueNee vs NightHrsModelNee R²: -297.7300
Epoch  1000 | Train Loss: 38.018841 | Val Loss: 37.218361 | Train R²: -1347.2097 | Val R²: -1300.6110 | NightHrsTrueNEE vs NightHrsModelReco R²: -331.1900 | NightHrsTrueNee vs NightHrsModelNee R²: -318.9000
Epoch  1500 | Train Loss: 17.106962 | Val Loss: 16.687132 | Train R²: -605.6407 | Val R²: -582.5870 | NightHrsTrueNEE vs NightHrsModelReco R²: -338.1600 | NightHrsTrueNee vs NightHrsModelNee R²: -327.3400
Epoch  2000 | Train Loss: 9.375826 | Val Loss: 9.114489 | Train R²: -331.4820 | Val R²: -317.7545 | NightHrsTrueNEE vs NightHrsModelReco R²: -341.4500 | NightHrsTrueNee vs NightHrsModelNee R²: -332.0300
Epoch  2500 | Train Loss: 5.730125 | Val Loss: 5.553376 | Train R²: -202.1995 | Val R²: -193.2143 | NightHrsTrueNEE vs NightHrsModelReco R²: -343.2700 | NightHrsTrueNee vs NightHrsModelNee R²: -335.0300
Epoch  3000 | Train Loss: 3.763846 | Val Loss: 3.638485 | Train R²: -132.4721 | Val R²: -126.2461 | NightHrsTrueNEE vs NightHrsModelReco R²: -344.3100 | NightHrsTrueNee vs NightHrsModelNee R²: -337.0400
Epoch  3500 | Train Loss: 2.611873 | Val Loss: 2.520278 | Train R²: -91.6213 | Val R²: -87.1399 | NightHrsTrueNEE vs NightHrsModelReco R²: -344.8100 | NightHrsTrueNee vs NightHrsModelNee R²: -338.3400
Epoch  4000 | Train Loss: 1.899752 | Val Loss: 1.831505 | Train R²: -66.3683 | Val R²: -63.0519 | NightHrsTrueNEE vs NightHrsModelReco R²: -344.7800 | NightHrsTrueNee vs NightHrsModelNee R²: -339.0100
Epoch  4500 | Train Loss: 1.443514 | Val Loss: 1.391981 | Train R²: -50.1894 | Val R²: -47.6808 | NightHrsTrueNEE vs NightHrsModelReco R²: -344.0000 | NightHrsTrueNee vs NightHrsModelNee R²: -338.8200
Epoch  5000 | Train Loss: 1.143364 | Val Loss: 1.104048 | Train R²: -39.5455 | Val R²: -37.6111 | NightHrsTrueNEE vs NightHrsModelReco R²: -341.3000 | NightHrsTrueNee vs NightHrsModelNee R²: -336.6500
Epoch  5500 | Train Loss: 0.933548 | Val Loss: 0.902888 | Train R²: -32.1051 | Val R²: -30.5760 | NightHrsTrueNEE vs NightHrsModelReco R²: -326.3800 | NightHrsTrueNee vs NightHrsModelNee R²: -322.2800
Epoch  6000 | Train Loss: 0.670774 | Val Loss: 0.646174 | Train R²: -22.7867 | Val R²: -21.5982 | NightHrsTrueNEE vs NightHrsModelReco R²: -164.0400 | NightHrsTrueNee vs NightHrsModelNee R²: -161.9400
Epoch  6500 | Train Loss: 0.506666 | Val Loss: 0.490529 | Train R²: -16.9672 | Val R²: -16.1549 | NightHrsTrueNEE vs NightHrsModelReco R²: -127.6800 | NightHrsTrueNee vs NightHrsModelNee R²: -125.9500
Epoch  7000 | Train Loss: 0.383176 | Val Loss: 0.371827 | Train R²: -12.5880 | Val R²: -12.0036 | NightHrsTrueNEE vs NightHrsModelReco R²: -90.6300 | NightHrsTrueNee vs NightHrsModelNee R²: -89.3200
Epoch  7500 | Train Loss: 0.289393 | Val Loss: 0.279832 | Train R²: -9.2624 | Val R²: -8.7864 | NightHrsTrueNEE vs NightHrsModelReco R²: -62.2900 | NightHrsTrueNee vs NightHrsModelNee R²: -61.3200
Epoch  8000 | Train Loss: 0.218453 | Val Loss: 0.210537 | Train R²: -6.7467 | Val R²: -6.3629 | NightHrsTrueNEE vs NightHrsModelReco R²: -44.1500 | NightHrsTrueNee vs NightHrsModelNee R²: -43.4100
Epoch  8500 | Train Loss: 0.165138 | Val Loss: 0.159008 | Train R²: -4.8561 | Val R²: -4.5609 | NightHrsTrueNEE vs NightHrsModelReco R²: -32.5700 | NightHrsTrueNee vs NightHrsModelNee R²: -31.9900
Epoch  9000 | Train Loss: 0.125071 | Val Loss: 0.120504 | Train R²: -3.4352 | Val R²: -3.2143 | NightHrsTrueNEE vs NightHrsModelReco R²: -24.3600 | NightHrsTrueNee vs NightHrsModelNee R²: -23.9000
Epoch  9500 | Train Loss: 0.095239 | Val Loss: 0.091966 | Train R²: -2.3773 | Val R²: -2.2163 | NightHrsTrueNEE vs NightHrsModelReco R²: -18.4700 | NightHrsTrueNee vs NightHrsModelNee R²: -18.1100
Epoch 10000 | Train Loss: 0.073342 | Val Loss: 0.071076 | Train R²: -1.6008 | Val R²: -1.4857 | NightHrsTrueNEE vs NightHrsModelReco R²: -14.1900 | NightHrsTrueNee vs NightHrsModelNee R²: -13.9000
Epoch 10500 | Train Loss: 0.057396 | Val Loss: 0.055853 | Train R²: -1.0354 | Val R²: -0.9533 | NightHrsTrueNEE vs NightHrsModelReco R²: -11.0100 | NightHrsTrueNee vs NightHrsModelNee R²: -10.7800
Epoch 11000 | Train Loss: 0.045759 | Val Loss: 0.044702 | Train R²: -0.6227 | Val R²: -0.5633 | NightHrsTrueNEE vs NightHrsModelReco R²: -8.6100 | NightHrsTrueNee vs NightHrsModelNee R²: -8.4400
Epoch 11500 | Train Loss: 0.037226 | Val Loss: 0.036486 | Train R²: -0.3201 | Val R²: -0.2760 | NightHrsTrueNEE vs NightHrsModelReco R²: -6.8000 | NightHrsTrueNee vs NightHrsModelNee R²: -6.6600
Epoch 12000 | Train Loss: 0.030920 | Val Loss: 0.030386 | Train R²: -0.0965 | Val R²: -0.0627 | NightHrsTrueNEE vs NightHrsModelReco R²: -5.4100 | NightHrsTrueNee vs NightHrsModelNee R²: -5.3100
Epoch 12500 | Train Loss: 0.026208 | Val Loss: 0.025808 | Train R²: 0.0706 | Val R²: 0.0974 | NightHrsTrueNEE vs NightHrsModelReco R²: -4.3700 | NightHrsTrueNee vs NightHrsModelNee R²: -4.2800
Epoch 13000 | Train Loss: 0.022643 | Val Loss: 0.022344 | Train R²: 0.1970 | Val R²: 0.2186 | NightHrsTrueNEE vs NightHrsModelReco R²: -3.5800 | NightHrsTrueNee vs NightHrsModelNee R²: -3.5100
Epoch 13500 | Train Loss: 0.019999 | Val Loss: 0.019784 | Train R²: 0.2908 | Val R²: 0.3081 | NightHrsTrueNEE vs NightHrsModelReco R²: -2.9700 | NightHrsTrueNee vs NightHrsModelNee R²: -2.9100
Epoch 14000 | Train Loss: 0.018069 | Val Loss: 0.017925 | Train R²: 0.3593 | Val R²: 0.3731 | NightHrsTrueNEE vs NightHrsModelReco R²: -2.5000 | NightHrsTrueNee vs NightHrsModelNee R²: -2.4500
Epoch 14500 | Train Loss: 0.016652 | Val Loss: 0.016564 | Train R²: 0.4095 | Val R²: 0.4207 | NightHrsTrueNEE vs NightHrsModelReco R²: -2.1300 | NightHrsTrueNee vs NightHrsModelNee R²: -2.0900
Epoch 15000 | Train Loss: 0.015586 | Val Loss: 0.015536 | Train R²: 0.4473 | Val R²: 0.4567 | NightHrsTrueNEE vs NightHrsModelReco R²: -1.8500 | NightHrsTrueNee vs NightHrsModelNee R²: -1.8200
Epoch 15500 | Train Loss: 0.014738 | Val Loss: 0.014710 | Train R²: 0.4774 | Val R²: 0.4856 | NightHrsTrueNEE vs NightHrsModelReco R²: -1.6400 | NightHrsTrueNee vs NightHrsModelNee R²: -1.6100
Epoch 16000 | Train Loss: 0.014000 | Val Loss: 0.013984 | Train R²: 0.5035 | Val R²: 0.5109 | NightHrsTrueNEE vs NightHrsModelReco R²: -1.4700 | NightHrsTrueNee vs NightHrsModelNee R²: -1.4500
Epoch 16500 | Train Loss: 0.013282 | Val Loss: 0.013268 | Train R²: 0.5290 | Val R²: 0.5360 | NightHrsTrueNEE vs NightHrsModelReco R²: -1.3400 | NightHrsTrueNee vs NightHrsModelNee R²: -1.3200
Epoch 17000 | Train Loss: 0.012497 | Val Loss: 0.012483 | Train R²: 0.5568 | Val R²: 0.5634 | NightHrsTrueNEE vs NightHrsModelReco R²: -1.2400 | NightHrsTrueNee vs NightHrsModelNee R²: -1.2200
Epoch 17500 | Train Loss: 0.011597 | Val Loss: 0.011579 | Train R²: 0.5887 | Val R²: 0.5951 | NightHrsTrueNEE vs NightHrsModelReco R²: -1.1400 | NightHrsTrueNee vs NightHrsModelNee R²: -1.1300
Epoch 18000 | Train Loss: 0.010561 | Val Loss: 0.010527 | Train R²: 0.6255 | Val R²: 0.6318 | NightHrsTrueNEE vs NightHrsModelReco R²: -1.0400 | NightHrsTrueNee vs NightHrsModelNee R²: -1.0200
Epoch 18500 | Train Loss: 0.009398 | Val Loss: 0.009350 | Train R²: 0.6667 | Val R²: 0.6730 | NightHrsTrueNEE vs NightHrsModelReco R²: -0.9000 | NightHrsTrueNee vs NightHrsModelNee R²: -0.8800
Epoch 19000 | Train Loss: 0.008165 | Val Loss: 0.008124 | Train R²: 0.7105 | Val R²: 0.7159 | NightHrsTrueNEE vs NightHrsModelReco R²: -0.7300 | NightHrsTrueNee vs NightHrsModelNee R²: -0.7200
Epoch 19500 | Train Loss: 0.006985 | Val Loss: 0.006955 | Train R²: 0.7523 | Val R²: 0.7568 | NightHrsTrueNEE vs NightHrsModelReco R²: -0.5300 | NightHrsTrueNee vs NightHrsModelNee R²: -0.5200
Epoch 20000 | Train Loss: 0.005981 | Val Loss: 0.005956 | Train R²: 0.7879 | Val R²: 0.7917 | NightHrsTrueNEE vs NightHrsModelReco R²: -0.3300 | NightHrsTrueNee vs NightHrsModelNee R²: -0.3300
Epoch 20500 | Train Loss: 0.005189 | Val Loss: 0.005163 | Train R²: 0.8160 | Val R²: 0.8194 | NightHrsTrueNEE vs NightHrsModelReco R²: -0.1500 | NightHrsTrueNee vs NightHrsModelNee R²: -0.1500
Epoch 21000 | Train Loss: 0.004570 | Val Loss: 0.004542 | Train R²: 0.8379 | Val R²: 0.8411 | NightHrsTrueNEE vs NightHrsModelReco R²: -0.0000 | NightHrsTrueNee vs NightHrsModelNee R²: 0.0000
Epoch 21500 | Train Loss: 0.004078 | Val Loss: 0.004044 | Train R²: 0.8554 | Val R²: 0.8586 | NightHrsTrueNEE vs NightHrsModelReco R²: 0.1300 | NightHrsTrueNee vs NightHrsModelNee R²: 0.1300
Epoch 22000 | Train Loss: 0.003675 | Val Loss: 0.003637 | Train R²: 0.8697 | Val R²: 0.8728 | NightHrsTrueNEE vs NightHrsModelReco R²: 0.2400 | NightHrsTrueNee vs NightHrsModelNee R²: 0.2400
Epoch 22500 | Train Loss: 0.003335 | Val Loss: 0.003290 | Train R²: 0.8817 | Val R²: 0.8849 | NightHrsTrueNEE vs NightHrsModelReco R²: 0.3300 | NightHrsTrueNee vs NightHrsModelNee R²: 0.3300
Epoch 23000 | Train Loss: 0.003046 | Val Loss: 0.002990 | Train R²: 0.8920 | Val R²: 0.8954 | NightHrsTrueNEE vs NightHrsModelReco R²: 0.4100 | NightHrsTrueNee vs NightHrsModelNee R²: 0.4100
Epoch 23500 | Train Loss: 0.002803 | Val Loss: 0.002739 | Train R²: 0.9006 | Val R²: 0.9042 | NightHrsTrueNEE vs NightHrsModelReco R²: 0.4700 | NightHrsTrueNee vs NightHrsModelNee R²: 0.4700
Epoch 24000 | Train Loss: 0.002586 | Val Loss: 0.002514 | Train R²: 0.9083 | Val R²: 0.9121 | NightHrsTrueNEE vs NightHrsModelReco R²: 0.5200 | NightHrsTrueNee vs NightHrsModelNee R²: 0.5200
Epoch 24500 | Train Loss: 0.002375 | Val Loss: 0.002303 | Train R²: 0.9158 | Val R²: 0.9195 | NightHrsTrueNEE vs NightHrsModelReco R²: 0.5600 | NightHrsTrueNee vs NightHrsModelNee R²: 0.5600
Epoch 25000 | Train Loss: 0.002158 | Val Loss: 0.002086 | Train R²: 0.9235 | Val R²: 0.9270 | NightHrsTrueNEE vs NightHrsModelReco R²: 0.5900 | NightHrsTrueNee vs NightHrsModelNee R²: 0.5900
Epoch 25500 | Train Loss: 0.001937 | Val Loss: 0.001872 | Train R²: 0.9313 | Val R²: 0.9345 | NightHrsTrueNEE vs NightHrsModelReco R²: 0.6200 | NightHrsTrueNee vs NightHrsModelNee R²: 0.6200
Epoch 26000 | Train Loss: 0.001742 | Val Loss: 0.001684 | Train R²: 0.9382 | Val R²: 0.9411 | NightHrsTrueNEE vs NightHrsModelReco R²: 0.6400 | NightHrsTrueNee vs NightHrsModelNee R²: 0.6400
Epoch 26500 | Train Loss: 0.001591 | Val Loss: 0.001537 | Train R²: 0.9436 | Val R²: 0.9463 | NightHrsTrueNEE vs NightHrsModelReco R²: 0.6500 | NightHrsTrueNee vs NightHrsModelNee R²: 0.6500
Epoch 27000 | Train Loss: 0.001488 | Val Loss: 0.001439 | Train R²: 0.9472 | Val R²: 0.9497 | NightHrsTrueNEE vs NightHrsModelReco R²: 0.6600 | NightHrsTrueNee vs NightHrsModelNee R²: 0.6600
Epoch 27500 | Train Loss: 0.001422 | Val Loss: 0.001379 | Train R²: 0.9496 | Val R²: 0.9518 | NightHrsTrueNEE vs NightHrsModelReco R²: 0.6700 | NightHrsTrueNee vs NightHrsModelNee R²: 0.6700
Epoch 28000 | Train Loss: 0.001377 | Val Loss: 0.001340 | Train R²: 0.9512 | Val R²: 0.9531 | NightHrsTrueNEE vs NightHrsModelReco R²: 0.6800 | NightHrsTrueNee vs NightHrsModelNee R²: 0.6800
Early stopping at epoch 28446 due to flat/negative trend (slope=0.000002)
Epoch 28446 | Train Loss: 0.001346 | Val Loss: 0.001313 | Train R²: 0.9523 | Val R²: 0.9541
Unpickling models
Following models have been loaded and moved to cuda:
trained gpp model:
 SNN_GPP_Tram(
  (net): Sequential(
    (0): Linear(in_features=16, out_features=12, bias=True)
    (1): Tanh()
    (2): Linear(in_features=12, out_features=1, bias=True)
    (3): Sigmoid()
  )
), trained_reco_model:
 SNN_GPP_Tram(
  (net): Sequential(
    (0): Linear(in_features=16, out_features=12, bias=True)
    (1): Tanh()
    (2): Linear(in_features=12, out_features=1, bias=True)
    (3): Sigmoid()
  )
)
using full data set for visualization
Un-normalizing the GPP and RECO predictions using NEE min: tensor([-28.6423]), NEE max: tensor([15.6103])



Metrics for the Tramontana, with
GPP inputs: ['SW_IN', 'VPD', 'TA', 'WTD', 'WS', 'PotRad', 'PotRadHalfHourlyDiff', 'PotRadDailyAvg', 'PotRadDailyDiff', 'WD_COS', 'WD_SIN', 'GPP_PROX', 'Salinity', 'WTD_HalfHourlyDiff', 'WTD_DailyAvg', 'WTD_DailyDiff']
RECO inputs: ['DOY_sin', 'DOY_cos', 'TA', 'TS_1', 'TS_2', 'TS_3', 'TS_4', 'WTD', 'WS', 'WD_COS', 'WD_SIN', 'NIGHTLY_NEE_AVG', 'Salinity', 'WTD_HalfHourlyDiff', 'WTD_DailyAvg', 'WTD_DailyDiff']:
dt_gpp vs Tramontana_GPP R²=0.97 RMSE=0.97
nt_gpp vs Tramontana_GPP R²=0.94 RMSE=1.32
dt_reco vs Tramontana_RECO R²=0.53 RMSE=1.03
nt_reco vs Tramontana_RECO R²=0.66 RMSE=0.78
night_hours_true_nee vs Tramontana_night_hours_model_reco R²=0.67 RMSE=0.80
night_hours_true_nee vs Tramontana_night_hours_model_nee R²=0.67 RMSE=0.80
dt_gpp vs nt_gpp R²=0.94 RMSE=1.33
dt_reco vs nt_reco R²=0.71 RMSE=1.00

gpp_input_names,  ['VPD', 'TA', 'WTD', 'WS', 'PotRad', 'PotRadHalfHourlyDiff', 'PotRadDailyAvg', 'PotRadDailyDiff', 'WD_COS', 'WD_SIN', 'GPP_PROX'] 
reco_input_names,  ['DOY_sin', 'DOY_cos', 'TA', 'TS_1', 'TS_2', 'TS_3', 'TS_4', 'WTD', 'WS', 'WD_COS', 'WD_SIN', 'NIGHTLY_NEE_AVG'] 
true_nee_name,  ['NEE'] 

Tramontana Running on GPU With hidden layer size of 12 Total epochs: 100000 lr: 0.001 patience: 500 min_delta 0.01
SNN_GPP_Tram(
  (net): Sequential(
    (0): Linear(in_features=11, out_features=12, bias=True)
    (1): Tanh()
    (2): Linear(in_features=12, out_features=1, bias=True)
    (3): Sigmoid()
  )
)
SNN_RECO_Tram(
  (net): Sequential(
    (0): Linear(in_features=12, out_features=12, bias=True)
    (1): Tanh()
    (2): Linear(in_features=12, out_features=1, bias=True)
    (3): Sigmoid()
  )
)
Params are min slope: 2e-06, trend window: 100
Epoch     0 | Train Loss: 26813.671875 | Val Loss: 26860.398438 | Train R²: -950855.3125 | Val R²: -939368.4375 | NightHrsTrueNEE vs NightHrsModelReco R²: -78.0400 | NightHrsTrueNee vs NightHrsModelNee R²: -271.0900
Epoch   500 | Train Loss: 189.522369 | Val Loss: 187.643448 | Train R²: -6719.7720 | Val R²: -6561.3193 | NightHrsTrueNEE vs NightHrsModelReco R²: -302.3200 | NightHrsTrueNee vs NightHrsModelNee R²: -294.7900
Epoch  1000 | Train Loss: 52.931534 | Val Loss: 52.864609 | Train R²: -1876.0382 | Val R²: -1847.7960 | NightHrsTrueNEE vs NightHrsModelReco R²: -328.7200 | NightHrsTrueNee vs NightHrsModelNee R²: -314.9600
Epoch  1500 | Train Loss: 23.927505 | Val Loss: 23.963192 | Train R²: -847.5082 | Val R²: -837.0475 | NightHrsTrueNEE vs NightHrsModelReco R²: -337.2000 | NightHrsTrueNee vs NightHrsModelNee R²: -323.2800
Epoch  2000 | Train Loss: 13.124589 | Val Loss: 13.152375 | Train R²: -464.4193 | Val R²: -458.9686 | NightHrsTrueNEE vs NightHrsModelReco R²: -341.2100 | NightHrsTrueNee vs NightHrsModelNee R²: -328.1600
Epoch  2500 | Train Loss: 8.005570 | Val Loss: 8.019862 | Train R²: -282.8906 | Val R²: -279.4729 | NightHrsTrueNEE vs NightHrsModelReco R²: -343.4800 | NightHrsTrueNee vs NightHrsModelNee R²: -331.4900
Epoch  3000 | Train Loss: 5.233459 | Val Loss: 5.238595 | Train R²: -184.5870 | Val R²: -182.2056 | NightHrsTrueNEE vs NightHrsModelReco R²: -344.8900 | NightHrsTrueNee vs NightHrsModelNee R²: -333.9400
Epoch  3500 | Train Loss: 3.602582 | Val Loss: 3.602457 | Train R²: -126.7534 | Val R²: -124.9861 | NightHrsTrueNEE vs NightHrsModelReco R²: -345.8000 | NightHrsTrueNee vs NightHrsModelNee R²: -335.8000
Epoch  4000 | Train Loss: 2.589563 | Val Loss: 2.586750 | Train R²: -90.8301 | Val R²: -89.4646 | NightHrsTrueNEE vs NightHrsModelReco R²: -346.3400 | NightHrsTrueNee vs NightHrsModelNee R²: -337.2200
Epoch  4500 | Train Loss: 1.937062 | Val Loss: 1.933142 | Train R²: -67.6914 | Val R²: -66.6064 | NightHrsTrueNEE vs NightHrsModelReco R²: -346.5600 | NightHrsTrueNee vs NightHrsModelNee R²: -338.2400
Epoch  5000 | Train Loss: 1.506526 | Val Loss: 1.502427 | Train R²: -52.4238 | Val R²: -51.5433 | NightHrsTrueNEE vs NightHrsModelReco R²: -346.4200 | NightHrsTrueNee vs NightHrsModelNee R²: -338.8100
Epoch  5500 | Train Loss: 1.217892 | Val Loss: 1.214144 | Train R²: -42.1884 | Val R²: -41.4614 | NightHrsTrueNEE vs NightHrsModelReco R²: -345.6500 | NightHrsTrueNee vs NightHrsModelNee R²: -338.6900
Epoch  6000 | Train Loss: 1.021616 | Val Loss: 1.018524 | Train R²: -35.2282 | Val R²: -34.6201 | NightHrsTrueNEE vs NightHrsModelReco R²: -343.1200 | NightHrsTrueNee vs NightHrsModelNee R²: -336.7700
Epoch  6500 | Train Loss: 0.876716 | Val Loss: 0.874820 | Train R²: -30.0898 | Val R²: -29.5945 | NightHrsTrueNEE vs NightHrsModelReco R²: -326.9500 | NightHrsTrueNee vs NightHrsModelNee R²: -321.3600
Epoch  7000 | Train Loss: 0.612486 | Val Loss: 0.615222 | Train R²: -20.7197 | Val R²: -20.5157 | NightHrsTrueNEE vs NightHrsModelReco R²: -143.4300 | NightHrsTrueNee vs NightHrsModelNee R²: -140.9500
Epoch  7500 | Train Loss: 0.434198 | Val Loss: 0.435516 | Train R²: -14.3974 | Val R²: -14.2310 | NightHrsTrueNEE vs NightHrsModelReco R²: -96.2200 | NightHrsTrueNee vs NightHrsModelNee R²: -94.1700
Epoch  8000 | Train Loss: 0.323546 | Val Loss: 0.325220 | Train R²: -10.4735 | Val R²: -10.3737 | NightHrsTrueNEE vs NightHrsModelReco R²: -67.0400 | NightHrsTrueNee vs NightHrsModelNee R²: -65.5000
Epoch  8500 | Train Loss: 0.243292 | Val Loss: 0.244740 | Train R²: -7.6275 | Val R²: -7.5591 | NightHrsTrueNEE vs NightHrsModelReco R²: -46.8400 | NightHrsTrueNee vs NightHrsModelNee R²: -45.6800
Epoch  9000 | Train Loss: 0.183878 | Val Loss: 0.185199 | Train R²: -5.5206 | Val R²: -5.4768 | NightHrsTrueNEE vs NightHrsModelReco R²: -33.5400 | NightHrsTrueNee vs NightHrsModelNee R²: -32.6400
Epoch  9500 | Train Loss: 0.139821 | Val Loss: 0.141074 | Train R²: -3.9583 | Val R²: -3.9337 | NightHrsTrueNEE vs NightHrsModelReco R²: -24.6000 | NightHrsTrueNee vs NightHrsModelNee R²: -23.8800
Epoch 10000 | Train Loss: 0.107303 | Val Loss: 0.108523 | Train R²: -2.8051 | Val R²: -2.7953 | NightHrsTrueNEE vs NightHrsModelReco R²: -18.5600 | NightHrsTrueNee vs NightHrsModelNee R²: -17.9800
Epoch 10500 | Train Loss: 0.083520 | Val Loss: 0.084703 | Train R²: -1.9618 | Val R²: -1.9623 | NightHrsTrueNEE vs NightHrsModelReco R²: -14.3900 | NightHrsTrueNee vs NightHrsModelNee R²: -13.9200
Epoch 11000 | Train Loss: 0.066272 | Val Loss: 0.067387 | Train R²: -1.3501 | Val R²: -1.3567 | NightHrsTrueNEE vs NightHrsModelReco R²: -11.3800 | NightHrsTrueNee vs NightHrsModelNee R²: -10.9900
Epoch 11500 | Train Loss: 0.053780 | Val Loss: 0.054796 | Train R²: -0.9071 | Val R²: -0.9163 | NightHrsTrueNEE vs NightHrsModelReco R²: -9.1100 | NightHrsTrueNee vs NightHrsModelNee R²: -8.8000
Epoch 12000 | Train Loss: 0.044693 | Val Loss: 0.045586 | Train R²: -0.5849 | Val R²: -0.5942 | NightHrsTrueNEE vs NightHrsModelReco R²: -7.3500 | NightHrsTrueNee vs NightHrsModelNee R²: -7.1000
Epoch 12500 | Train Loss: 0.038044 | Val Loss: 0.038801 | Train R²: -0.3491 | Val R²: -0.3570 | NightHrsTrueNEE vs NightHrsModelReco R²: -5.9700 | NightHrsTrueNee vs NightHrsModelNee R²: -5.7600
Epoch 13000 | Train Loss: 0.033142 | Val Loss: 0.033760 | Train R²: -0.1753 | Val R²: -0.1807 | NightHrsTrueNEE vs NightHrsModelReco R²: -4.8600 | NightHrsTrueNee vs NightHrsModelNee R²: -4.6900
Epoch 13500 | Train Loss: 0.029476 | Val Loss: 0.029964 | Train R²: -0.0453 | Val R²: -0.0479 | NightHrsTrueNEE vs NightHrsModelReco R²: -3.9300 | NightHrsTrueNee vs NightHrsModelNee R²: -3.7900
Epoch 14000 | Train Loss: 0.026716 | Val Loss: 0.027120 | Train R²: 0.0526 | Val R²: 0.0516 | NightHrsTrueNEE vs NightHrsModelReco R²: -3.1700 | NightHrsTrueNee vs NightHrsModelNee R²: -3.0600
Epoch 14500 | Train Loss: 0.024649 | Val Loss: 0.025003 | Train R²: 0.1259 | Val R²: 0.1256 | NightHrsTrueNEE vs NightHrsModelReco R²: -2.6300 | NightHrsTrueNee vs NightHrsModelNee R²: -2.5400
Epoch 15000 | Train Loss: 0.023075 | Val Loss: 0.023377 | Train R²: 0.1817 | Val R²: 0.1824 | NightHrsTrueNEE vs NightHrsModelReco R²: -2.2500 | NightHrsTrueNee vs NightHrsModelNee R²: -2.1800
Epoch 15500 | Train Loss: 0.021888 | Val Loss: 0.022149 | Train R²: 0.2238 | Val R²: 0.2254 | NightHrsTrueNEE vs NightHrsModelReco R²: -1.9800 | NightHrsTrueNee vs NightHrsModelNee R²: -1.9200
Epoch 16000 | Train Loss: 0.020975 | Val Loss: 0.021209 | Train R²: 0.2562 | Val R²: 0.2583 | NightHrsTrueNEE vs NightHrsModelReco R²: -1.7700 | NightHrsTrueNee vs NightHrsModelNee R²: -1.7300
Epoch 16500 | Train Loss: 0.020214 | Val Loss: 0.020422 | Train R²: 0.2832 | Val R²: 0.2858 | NightHrsTrueNEE vs NightHrsModelReco R²: -1.6200 | NightHrsTrueNee vs NightHrsModelNee R²: -1.5800
Epoch 17000 | Train Loss: 0.019511 | Val Loss: 0.019688 | Train R²: 0.3081 | Val R²: 0.3115 | NightHrsTrueNEE vs NightHrsModelReco R²: -1.4900 | NightHrsTrueNee vs NightHrsModelNee R²: -1.4600
Epoch 17500 | Train Loss: 0.018774 | Val Loss: 0.018911 | Train R²: 0.3342 | Val R²: 0.3386 | NightHrsTrueNEE vs NightHrsModelReco R²: -1.3900 | NightHrsTrueNee vs NightHrsModelNee R²: -1.3600
Epoch 18000 | Train Loss: 0.017896 | Val Loss: 0.017977 | Train R²: 0.3654 | Val R²: 0.3713 | NightHrsTrueNEE vs NightHrsModelReco R²: -1.3000 | NightHrsTrueNee vs NightHrsModelNee R²: -1.2700
Epoch 18500 | Train Loss: 0.016761 | Val Loss: 0.016772 | Train R²: 0.4056 | Val R²: 0.4134 | NightHrsTrueNEE vs NightHrsModelReco R²: -1.2300 | NightHrsTrueNee vs NightHrsModelNee R²: -1.2100
Epoch 19000 | Train Loss: 0.015277 | Val Loss: 0.015206 | Train R²: 0.4583 | Val R²: 0.4682 | NightHrsTrueNEE vs NightHrsModelReco R²: -1.1600 | NightHrsTrueNee vs NightHrsModelNee R²: -1.1400
Epoch 19500 | Train Loss: 0.013383 | Val Loss: 0.013229 | Train R²: 0.5254 | Val R²: 0.5374 | NightHrsTrueNEE vs NightHrsModelReco R²: -1.0400 | NightHrsTrueNee vs NightHrsModelNee R²: -1.0300
Epoch 20000 | Train Loss: 0.011184 | Val Loss: 0.010987 | Train R²: 0.6034 | Val R²: 0.6158 | NightHrsTrueNEE vs NightHrsModelReco R²: -0.8100 | NightHrsTrueNee vs NightHrsModelNee R²: -0.8000
Epoch 20500 | Train Loss: 0.008975 | Val Loss: 0.008788 | Train R²: 0.6817 | Val R²: 0.6926 | NightHrsTrueNEE vs NightHrsModelReco R²: -0.4700 | NightHrsTrueNee vs NightHrsModelNee R²: -0.4600
Epoch 21000 | Train Loss: 0.007193 | Val Loss: 0.007036 | Train R²: 0.7449 | Val R²: 0.7539 | NightHrsTrueNEE vs NightHrsModelReco R²: -0.1700 | NightHrsTrueNee vs NightHrsModelNee R²: -0.1600
Epoch 21500 | Train Loss: 0.005937 | Val Loss: 0.005807 | Train R²: 0.7895 | Val R²: 0.7969 | NightHrsTrueNEE vs NightHrsModelReco R²: 0.0500 | NightHrsTrueNee vs NightHrsModelNee R²: 0.0500
Epoch 22000 | Train Loss: 0.005050 | Val Loss: 0.004942 | Train R²: 0.8209 | Val R²: 0.8272 | NightHrsTrueNEE vs NightHrsModelReco R²: 0.2000 | NightHrsTrueNee vs NightHrsModelNee R²: 0.2000
Epoch 22500 | Train Loss: 0.004389 | Val Loss: 0.004289 | Train R²: 0.8444 | Val R²: 0.8500 | NightHrsTrueNEE vs NightHrsModelReco R²: 0.3100 | NightHrsTrueNee vs NightHrsModelNee R²: 0.3100
Epoch 23000 | Train Loss: 0.003863 | Val Loss: 0.003764 | Train R²: 0.8630 | Val R²: 0.8684 | NightHrsTrueNEE vs NightHrsModelReco R²: 0.4100 | NightHrsTrueNee vs NightHrsModelNee R²: 0.4100
Epoch 23500 | Train Loss: 0.003476 | Val Loss: 0.003380 | Train R²: 0.8767 | Val R²: 0.8818 | NightHrsTrueNEE vs NightHrsModelReco R²: 0.4800 | NightHrsTrueNee vs NightHrsModelNee R²: 0.4800
Epoch 24000 | Train Loss: 0.003196 | Val Loss: 0.003101 | Train R²: 0.8867 | Val R²: 0.8916 | NightHrsTrueNEE vs NightHrsModelReco R²: 0.5200 | NightHrsTrueNee vs NightHrsModelNee R²: 0.5200
Epoch 24500 | Train Loss: 0.002996 | Val Loss: 0.002898 | Train R²: 0.8938 | Val R²: 0.8986 | NightHrsTrueNEE vs NightHrsModelReco R²: 0.5500 | NightHrsTrueNee vs NightHrsModelNee R²: 0.5500
Epoch 25000 | Train Loss: 0.002852 | Val Loss: 0.002750 | Train R²: 0.8989 | Val R²: 0.9038 | NightHrsTrueNEE vs NightHrsModelReco R²: 0.5700 | NightHrsTrueNee vs NightHrsModelNee R²: 0.5700
Epoch 25500 | Train Loss: 0.002741 | Val Loss: 0.002633 | Train R²: 0.9028 | Val R²: 0.9079 | NightHrsTrueNEE vs NightHrsModelReco R²: 0.5900 | NightHrsTrueNee vs NightHrsModelNee R²: 0.5800
Epoch 26000 | Train Loss: 0.002646 | Val Loss: 0.002534 | Train R²: 0.9062 | Val R²: 0.9114 | NightHrsTrueNEE vs NightHrsModelReco R²: 0.6000 | NightHrsTrueNee vs NightHrsModelNee R²: 0.6000
Epoch 26500 | Train Loss: 0.002565 | Val Loss: 0.002448 | Train R²: 0.9090 | Val R²: 0.9144 | NightHrsTrueNEE vs NightHrsModelReco R²: 0.6100 | NightHrsTrueNee vs NightHrsModelNee R²: 0.6100
Epoch 27000 | Train Loss: 0.002497 | Val Loss: 0.002377 | Train R²: 0.9114 | Val R²: 0.9169 | NightHrsTrueNEE vs NightHrsModelReco R²: 0.6200 | NightHrsTrueNee vs NightHrsModelNee R²: 0.6200
Epoch 27500 | Train Loss: 0.002441 | Val Loss: 0.002320 | Train R²: 0.9134 | Val R²: 0.9189 | NightHrsTrueNEE vs NightHrsModelReco R²: 0.6300 | NightHrsTrueNee vs NightHrsModelNee R²: 0.6200
Epoch 28000 | Train Loss: 0.002393 | Val Loss: 0.002271 | Train R²: 0.9152 | Val R²: 0.9206 | NightHrsTrueNEE vs NightHrsModelReco R²: 0.6300 | NightHrsTrueNee vs NightHrsModelNee R²: 0.6300
Epoch 28500 | Train Loss: 0.002348 | Val Loss: 0.002229 | Train R²: 0.9167 | Val R²: 0.9220 | NightHrsTrueNEE vs NightHrsModelReco R²: 0.6400 | NightHrsTrueNee vs NightHrsModelNee R²: 0.6400
Epoch 29000 | Train Loss: 0.002308 | Val Loss: 0.002192 | Train R²: 0.9182 | Val R²: 0.9233 | NightHrsTrueNEE vs NightHrsModelReco R²: 0.6400 | NightHrsTrueNee vs NightHrsModelNee R²: 0.6400
Epoch 29500 | Train Loss: 0.002270 | Val Loss: 0.002158 | Train R²: 0.9195 | Val R²: 0.9245 | NightHrsTrueNEE vs NightHrsModelReco R²: 0.6400 | NightHrsTrueNee vs NightHrsModelNee R²: 0.6400
Epoch 30000 | Train Loss: 0.002234 | Val Loss: 0.002127 | Train R²: 0.9208 | Val R²: 0.9256 | NightHrsTrueNEE vs NightHrsModelReco R²: 0.6500 | NightHrsTrueNee vs NightHrsModelNee R²: 0.6500
Early stopping at epoch 30156 due to flat/negative trend (slope=0.000002)
Epoch 30156 | Train Loss: 0.002224 | Val Loss: 0.002120 | Train R²: 0.9211 | Val R²: 0.9259
Unpickling models
Following models have been loaded and moved to cuda:
trained gpp model:
 SNN_GPP_Tram(
  (net): Sequential(
    (0): Linear(in_features=11, out_features=12, bias=True)
    (1): Tanh()
    (2): Linear(in_features=12, out_features=1, bias=True)
    (3): Sigmoid()
  )
), trained_reco_model:
 SNN_GPP_Tram(
  (net): Sequential(
    (0): Linear(in_features=12, out_features=12, bias=True)
    (1): Tanh()
    (2): Linear(in_features=12, out_features=1, bias=True)
    (3): Sigmoid()
  )
)
using full data set for visualization
Un-normalizing the GPP and RECO predictions using NEE min: tensor([-28.6423]), NEE max: tensor([15.6103])



Metrics for the Tramontana, with
GPP inputs: ['VPD', 'TA', 'WTD', 'WS', 'PotRad', 'PotRadHalfHourlyDiff', 'PotRadDailyAvg', 'PotRadDailyDiff', 'WD_COS', 'WD_SIN', 'GPP_PROX']
RECO inputs: ['DOY_sin', 'DOY_cos', 'TA', 'TS_1', 'TS_2', 'TS_3', 'TS_4', 'WTD', 'WS', 'WD_COS', 'WD_SIN', 'NIGHTLY_NEE_AVG']:
dt_gpp vs Tramontana_GPP R²=0.92 RMSE=1.56
nt_gpp vs Tramontana_GPP R²=0.88 RMSE=1.89
dt_reco vs Tramontana_RECO R²=0.02 RMSE=1.50
nt_reco vs Tramontana_RECO R²=0.09 RMSE=1.28
night_hours_true_nee vs Tramontana_night_hours_model_reco R²=0.64 RMSE=0.84
night_hours_true_nee vs Tramontana_night_hours_model_nee R²=0.64 RMSE=0.84
dt_gpp vs nt_gpp R²=0.94 RMSE=1.33
dt_reco vs nt_reco R²=0.71 RMSE=1.00

gpp_input_names,  ['SW_IN', 'TA', 'WTD', 'WS', 'PotRad', 'PotRadHalfHourlyDiff', 'PotRadDailyAvg', 'PotRadDailyDiff', 'WD_COS', 'WD_SIN', 'GPP_PROX'] 
reco_input_names,  ['DOY_sin', 'DOY_cos', 'TA', 'TS_1', 'TS_2', 'TS_3', 'TS_4', 'WTD', 'WS', 'WD_COS', 'WD_SIN', 'NIGHTLY_NEE_AVG'] 
true_nee_name,  ['NEE'] 

Tramontana Running on GPU With hidden layer size of 12 Total epochs: 100000 lr: 0.001 patience: 500 min_delta 0.01
SNN_GPP_Tram(
  (net): Sequential(
    (0): Linear(in_features=11, out_features=12, bias=True)
    (1): Tanh()
    (2): Linear(in_features=12, out_features=1, bias=True)
    (3): Sigmoid()
  )
)
SNN_RECO_Tram(
  (net): Sequential(
    (0): Linear(in_features=12, out_features=12, bias=True)
    (1): Tanh()
    (2): Linear(in_features=12, out_features=1, bias=True)
    (3): Sigmoid()
  )
)
Params are min slope: 2e-06, trend window: 100
Epoch     0 | Train Loss: 26572.212891 | Val Loss: 26572.802734 | Train R²: -942292.8750 | Val R²: -929310.5625 | NightHrsTrueNEE vs NightHrsModelReco R²: -78.0400 | NightHrsTrueNee vs NightHrsModelNee R²: -271.3700
Epoch   500 | Train Loss: 182.557617 | Val Loss: 181.059067 | Train R²: -6472.7896 | Val R²: -6331.0493 | NightHrsTrueNEE vs NightHrsModelReco R²: -302.0300 | NightHrsTrueNee vs NightHrsModelNee R²: -294.3900
Epoch  1000 | Train Loss: 51.221951 | Val Loss: 51.056202 | Train R²: -1815.4135 | Val R²: -1784.5520 | NightHrsTrueNEE vs NightHrsModelReco R²: -328.4500 | NightHrsTrueNee vs NightHrsModelNee R²: -314.0400
Epoch  1500 | Train Loss: 23.247797 | Val Loss: 23.196693 | Train R²: -823.4047 | Val R²: -810.2413 | NightHrsTrueNEE vs NightHrsModelReco R²: -337.0100 | NightHrsTrueNee vs NightHrsModelNee R²: -322.4000
Epoch  2000 | Train Loss: 12.787536 | Val Loss: 12.757433 | Train R²: -452.4668 | Val R²: -445.1565 | NightHrsTrueNEE vs NightHrsModelReco R²: -341.0700 | NightHrsTrueNee vs NightHrsModelNee R²: -327.3400
Epoch  2500 | Train Loss: 7.811159 | Val Loss: 7.787787 | Train R²: -275.9964 | Val R²: -271.3567 | NightHrsTrueNEE vs NightHrsModelReco R²: -343.3900 | NightHrsTrueNee vs NightHrsModelNee R²: -330.7300
Epoch  3000 | Train Loss: 5.106019 | Val Loss: 5.086439 | Train R²: -180.0677 | Val R²: -176.8844 | NightHrsTrueNEE vs NightHrsModelReco R²: -344.8300 | NightHrsTrueNee vs NightHrsModelNee R²: -333.2200
Epoch  3500 | Train Loss: 3.508952 | Val Loss: 3.492372 | Train R²: -123.4331 | Val R²: -121.1362 | NightHrsTrueNEE vs NightHrsModelReco R²: -345.7500 | NightHrsTrueNee vs NightHrsModelNee R²: -335.1200
Epoch  4000 | Train Loss: 2.513875 | Val Loss: 2.499939 | Train R²: -88.1461 | Val R²: -86.4286 | NightHrsTrueNEE vs NightHrsModelReco R²: -346.3100 | NightHrsTrueNee vs NightHrsModelNee R²: -336.5700
Epoch  4500 | Train Loss: 1.871303 | Val Loss: 1.859743 | Train R²: -65.3595 | Val R²: -64.0395 | NightHrsTrueNEE vs NightHrsModelReco R²: -346.5600 | NightHrsTrueNee vs NightHrsModelNee R²: -337.6200
Epoch  5000 | Train Loss: 1.446537 | Val Loss: 1.437100 | Train R²: -50.2965 | Val R²: -49.2587 | NightHrsTrueNEE vs NightHrsModelReco R²: -346.4300 | NightHrsTrueNee vs NightHrsModelNee R²: -338.2300
Epoch  5500 | Train Loss: 1.161510 | Val Loss: 1.153956 | Train R²: -40.1890 | Val R²: -39.3565 | NightHrsTrueNEE vs NightHrsModelReco R²: -345.6800 | NightHrsTrueNee vs NightHrsModelNee R²: -338.1500
Epoch  6000 | Train Loss: 0.967789 | Val Loss: 0.961917 | Train R²: -33.3194 | Val R²: -32.6404 | NightHrsTrueNEE vs NightHrsModelReco R²: -343.1700 | NightHrsTrueNee vs NightHrsModelNee R²: -336.2600
Epoch  6500 | Train Loss: 0.825461 | Val Loss: 0.821468 | Train R²: -28.2722 | Val R²: -27.7286 | NightHrsTrueNEE vs NightHrsModelReco R²: -326.6800 | NightHrsTrueNee vs NightHrsModelNee R²: -320.5700
Epoch  7000 | Train Loss: 0.594580 | Val Loss: 0.595378 | Train R²: -20.0848 | Val R²: -19.8217 | NightHrsTrueNEE vs NightHrsModelReco R²: -155.1800 | NightHrsTrueNee vs NightHrsModelNee R²: -152.1700
Epoch  7500 | Train Loss: 0.442385 | Val Loss: 0.443577 | Train R²: -14.6877 | Val R²: -14.5129 | NightHrsTrueNEE vs NightHrsModelReco R²: -115.0700 | NightHrsTrueNee vs NightHrsModelNee R²: -112.5000
Epoch  8000 | Train Loss: 0.330864 | Val Loss: 0.332551 | Train R²: -10.7330 | Val R²: -10.6301 | NightHrsTrueNEE vs NightHrsModelReco R²: -78.1900 | NightHrsTrueNee vs NightHrsModelNee R²: -76.2600
Epoch  8500 | Train Loss: 0.249929 | Val Loss: 0.251365 | Train R²: -7.8629 | Val R²: -7.7908 | NightHrsTrueNEE vs NightHrsModelReco R²: -54.3300 | NightHrsTrueNee vs NightHrsModelNee R²: -52.8800
Epoch  9000 | Train Loss: 0.189384 | Val Loss: 0.190747 | Train R²: -5.7159 | Val R²: -5.6709 | NightHrsTrueNEE vs NightHrsModelReco R²: -39.0500 | NightHrsTrueNee vs NightHrsModelNee R²: -37.9300
Epoch  9500 | Train Loss: 0.143974 | Val Loss: 0.145314 | Train R²: -4.1055 | Val R²: -4.0820 | NightHrsTrueNEE vs NightHrsModelReco R²: -28.7300 | NightHrsTrueNee vs NightHrsModelNee R²: -27.8300
Epoch 10000 | Train Loss: 0.110239 | Val Loss: 0.111573 | Train R²: -2.9093 | Val R²: -2.9020 | NightHrsTrueNEE vs NightHrsModelReco R²: -21.6800 | NightHrsTrueNee vs NightHrsModelNee R²: -20.9600
Epoch 10500 | Train Loss: 0.085473 | Val Loss: 0.086783 | Train R²: -2.0310 | Val R²: -2.0350 | NightHrsTrueNEE vs NightHrsModelReco R²: -16.7700 | NightHrsTrueNee vs NightHrsModelNee R²: -16.1800
Epoch 11000 | Train Loss: 0.067443 | Val Loss: 0.068688 | Train R²: -1.3916 | Val R²: -1.4022 | NightHrsTrueNEE vs NightHrsModelReco R²: -13.1900 | NightHrsTrueNee vs NightHrsModelNee R²: -12.7100
Epoch 11500 | Train Loss: 0.054324 | Val Loss: 0.055469 | Train R²: -0.9264 | Val R²: -0.9399 | NightHrsTrueNEE vs NightHrsModelReco R²: -10.4800 | NightHrsTrueNee vs NightHrsModelNee R²: -10.0800
Epoch 12000 | Train Loss: 0.044731 | Val Loss: 0.045745 | Train R²: -0.5862 | Val R²: -0.5998 | NightHrsTrueNEE vs NightHrsModelReco R²: -8.3600 | NightHrsTrueNee vs NightHrsModelNee R²: -8.0400
Epoch 12500 | Train Loss: 0.037680 | Val Loss: 0.038534 | Train R²: -0.3362 | Val R²: -0.3476 | NightHrsTrueNEE vs NightHrsModelReco R²: -6.6900 | NightHrsTrueNee vs NightHrsModelNee R²: -6.4400
Epoch 13000 | Train Loss: 0.032455 | Val Loss: 0.033136 | Train R²: -0.1509 | Val R²: -0.1589 | NightHrsTrueNEE vs NightHrsModelReco R²: -5.3700 | NightHrsTrueNee vs NightHrsModelNee R²: -5.1600
Epoch 13500 | Train Loss: 0.028548 | Val Loss: 0.029080 | Train R²: -0.0123 | Val R²: -0.0170 | NightHrsTrueNEE vs NightHrsModelReco R²: -4.3400 | NightHrsTrueNee vs NightHrsModelNee R²: -4.1700
Epoch 14000 | Train Loss: 0.025616 | Val Loss: 0.026054 | Train R²: 0.0916 | Val R²: 0.0888 | NightHrsTrueNEE vs NightHrsModelReco R²: -3.5500 | NightHrsTrueNee vs NightHrsModelNee R²: -3.4100
Epoch 14500 | Train Loss: 0.023389 | Val Loss: 0.023782 | Train R²: 0.1706 | Val R²: 0.1683 | NightHrsTrueNEE vs NightHrsModelReco R²: -2.9500 | NightHrsTrueNee vs NightHrsModelNee R²: -2.8400
Epoch 15000 | Train Loss: 0.021689 | Val Loss: 0.022061 | Train R²: 0.2309 | Val R²: 0.2285 | NightHrsTrueNEE vs NightHrsModelReco R²: -2.5100 | NightHrsTrueNee vs NightHrsModelNee R²: -2.4200
Epoch 15500 | Train Loss: 0.020416 | Val Loss: 0.020761 | Train R²: 0.2760 | Val R²: 0.2740 | NightHrsTrueNEE vs NightHrsModelReco R²: -2.1700 | NightHrsTrueNee vs NightHrsModelNee R²: -2.1000
Epoch 16000 | Train Loss: 0.019440 | Val Loss: 0.019750 | Train R²: 0.3106 | Val R²: 0.3093 | NightHrsTrueNEE vs NightHrsModelReco R²: -1.9200 | NightHrsTrueNee vs NightHrsModelNee R²: -1.8600
Epoch 16500 | Train Loss: 0.018636 | Val Loss: 0.018911 | Train R²: 0.3392 | Val R²: 0.3387 | NightHrsTrueNEE vs NightHrsModelReco R²: -1.7200 | NightHrsTrueNee vs NightHrsModelNee R²: -1.6700
Epoch 17000 | Train Loss: 0.017902 | Val Loss: 0.018145 | Train R²: 0.3652 | Val R²: 0.3654 | NightHrsTrueNEE vs NightHrsModelReco R²: -1.5700 | NightHrsTrueNee vs NightHrsModelNee R²: -1.5300
Epoch 17500 | Train Loss: 0.017151 | Val Loss: 0.017360 | Train R²: 0.3918 | Val R²: 0.3929 | NightHrsTrueNEE vs NightHrsModelReco R²: -1.4600 | NightHrsTrueNee vs NightHrsModelNee R²: -1.4200
Epoch 18000 | Train Loss: 0.016289 | Val Loss: 0.016462 | Train R²: 0.4224 | Val R²: 0.4243 | NightHrsTrueNEE vs NightHrsModelReco R²: -1.3700 | NightHrsTrueNee vs NightHrsModelNee R²: -1.3300
Epoch 18500 | Train Loss: 0.015219 | Val Loss: 0.015340 | Train R²: 0.4603 | Val R²: 0.4635 | NightHrsTrueNEE vs NightHrsModelReco R²: -1.2800 | NightHrsTrueNee vs NightHrsModelNee R²: -1.2500
Epoch 19000 | Train Loss: 0.013860 | Val Loss: 0.013908 | Train R²: 0.5085 | Val R²: 0.5136 | NightHrsTrueNEE vs NightHrsModelReco R²: -1.1600 | NightHrsTrueNee vs NightHrsModelNee R²: -1.1300
Epoch 19500 | Train Loss: 0.012161 | Val Loss: 0.012153 | Train R²: 0.5688 | Val R²: 0.5750 | NightHrsTrueNEE vs NightHrsModelReco R²: -0.9900 | NightHrsTrueNee vs NightHrsModelNee R²: -0.9700
Epoch 20000 | Train Loss: 0.010232 | Val Loss: 0.010179 | Train R²: 0.6372 | Val R²: 0.6440 | NightHrsTrueNEE vs NightHrsModelReco R²: -0.7600 | NightHrsTrueNee vs NightHrsModelNee R²: -0.7400
Epoch 20500 | Train Loss: 0.008263 | Val Loss: 0.008182 | Train R²: 0.7070 | Val R²: 0.7138 | NightHrsTrueNEE vs NightHrsModelReco R²: -0.4400 | NightHrsTrueNee vs NightHrsModelNee R²: -0.4200
Epoch 21000 | Train Loss: 0.006537 | Val Loss: 0.006456 | Train R²: 0.7682 | Val R²: 0.7742 | NightHrsTrueNEE vs NightHrsModelReco R²: -0.1500 | NightHrsTrueNee vs NightHrsModelNee R²: -0.1300
Epoch 21500 | Train Loss: 0.005287 | Val Loss: 0.005214 | Train R²: 0.8125 | Val R²: 0.8176 | NightHrsTrueNEE vs NightHrsModelReco R²: 0.0900 | NightHrsTrueNee vs NightHrsModelNee R²: 0.1000
Epoch 22000 | Train Loss: 0.004456 | Val Loss: 0.004384 | Train R²: 0.8420 | Val R²: 0.8467 | NightHrsTrueNEE vs NightHrsModelReco R²: 0.2500 | NightHrsTrueNee vs NightHrsModelNee R²: 0.2500
Epoch 22500 | Train Loss: 0.003910 | Val Loss: 0.003835 | Train R²: 0.8613 | Val R²: 0.8659 | NightHrsTrueNEE vs NightHrsModelReco R²: 0.3500 | NightHrsTrueNee vs NightHrsModelNee R²: 0.3500
Epoch 23000 | Train Loss: 0.003548 | Val Loss: 0.003470 | Train R²: 0.8742 | Val R²: 0.8787 | NightHrsTrueNEE vs NightHrsModelReco R²: 0.4200 | NightHrsTrueNee vs NightHrsModelNee R²: 0.4200
Epoch 23500 | Train Loss: 0.003278 | Val Loss: 0.003198 | Train R²: 0.8838 | Val R²: 0.8882 | NightHrsTrueNEE vs NightHrsModelReco R²: 0.4700 | NightHrsTrueNee vs NightHrsModelNee R²: 0.4700
Epoch 24000 | Train Loss: 0.003045 | Val Loss: 0.002963 | Train R²: 0.8920 | Val R²: 0.8964 | NightHrsTrueNEE vs NightHrsModelReco R²: 0.5200 | NightHrsTrueNee vs NightHrsModelNee R²: 0.5200
Epoch 24500 | Train Loss: 0.002837 | Val Loss: 0.002755 | Train R²: 0.8994 | Val R²: 0.9036 | NightHrsTrueNEE vs NightHrsModelReco R²: 0.5500 | NightHrsTrueNee vs NightHrsModelNee R²: 0.5500
Epoch 25000 | Train Loss: 0.002628 | Val Loss: 0.002548 | Train R²: 0.9068 | Val R²: 0.9109 | NightHrsTrueNEE vs NightHrsModelReco R²: 0.5700 | NightHrsTrueNee vs NightHrsModelNee R²: 0.5700
Epoch 25500 | Train Loss: 0.002409 | Val Loss: 0.002331 | Train R²: 0.9146 | Val R²: 0.9185 | NightHrsTrueNEE vs NightHrsModelReco R²: 0.5900 | NightHrsTrueNee vs NightHrsModelNee R²: 0.5900
Epoch 26000 | Train Loss: 0.002171 | Val Loss: 0.002098 | Train R²: 0.9230 | Val R²: 0.9266 | NightHrsTrueNEE vs NightHrsModelReco R²: 0.6100 | NightHrsTrueNee vs NightHrsModelNee R²: 0.6100
Epoch 26500 | Train Loss: 0.001921 | Val Loss: 0.001854 | Train R²: 0.9319 | Val R²: 0.9352 | NightHrsTrueNEE vs NightHrsModelReco R²: 0.6300 | NightHrsTrueNee vs NightHrsModelNee R²: 0.6300
Epoch 27000 | Train Loss: 0.001696 | Val Loss: 0.001640 | Train R²: 0.9398 | Val R²: 0.9427 | NightHrsTrueNEE vs NightHrsModelReco R²: 0.6400 | NightHrsTrueNee vs NightHrsModelNee R²: 0.6400
Epoch 27500 | Train Loss: 0.001556 | Val Loss: 0.001510 | Train R²: 0.9448 | Val R²: 0.9472 | NightHrsTrueNEE vs NightHrsModelReco R²: 0.6600 | NightHrsTrueNee vs NightHrsModelNee R²: 0.6600
Epoch 28000 | Train Loss: 0.001487 | Val Loss: 0.001446 | Train R²: 0.9473 | Val R²: 0.9494 | NightHrsTrueNEE vs NightHrsModelReco R²: 0.6700 | NightHrsTrueNee vs NightHrsModelNee R²: 0.6700
Epoch 28500 | Train Loss: 0.001443 | Val Loss: 0.001405 | Train R²: 0.9488 | Val R²: 0.9509 | NightHrsTrueNEE vs NightHrsModelReco R²: 0.6800 | NightHrsTrueNee vs NightHrsModelNee R²: 0.6800
Early stopping at epoch 28928 due to flat/negative trend (slope=0.000002)
Epoch 28928 | Train Loss: 0.001414 | Val Loss: 0.001378 | Train R²: 0.9499 | Val R²: 0.9518
Unpickling models
Following models have been loaded and moved to cuda:
trained gpp model:
 SNN_GPP_Tram(
  (net): Sequential(
    (0): Linear(in_features=11, out_features=12, bias=True)
    (1): Tanh()
    (2): Linear(in_features=12, out_features=1, bias=True)
    (3): Sigmoid()
  )
), trained_reco_model:
 SNN_GPP_Tram(
  (net): Sequential(
    (0): Linear(in_features=12, out_features=12, bias=True)
    (1): Tanh()
    (2): Linear(in_features=12, out_features=1, bias=True)
    (3): Sigmoid()
  )
)
using full data set for visualization
Un-normalizing the GPP and RECO predictions using NEE min: tensor([-28.6423]), NEE max: tensor([15.6103])



Metrics for the Tramontana, with
GPP inputs: ['SW_IN', 'TA', 'WTD', 'WS', 'PotRad', 'PotRadHalfHourlyDiff', 'PotRadDailyAvg', 'PotRadDailyDiff', 'WD_COS', 'WD_SIN', 'GPP_PROX']
RECO inputs: ['DOY_sin', 'DOY_cos', 'TA', 'TS_1', 'TS_2', 'TS_3', 'TS_4', 'WTD', 'WS', 'WD_COS', 'WD_SIN', 'NIGHTLY_NEE_AVG']:
dt_gpp vs Tramontana_GPP R²=0.96 RMSE=1.02
nt_gpp vs Tramontana_GPP R²=0.94 RMSE=1.35
dt_reco vs Tramontana_RECO R²=0.52 RMSE=1.04
nt_reco vs Tramontana_RECO R²=0.65 RMSE=0.80
night_hours_true_nee vs Tramontana_night_hours_model_reco R²=0.67 RMSE=0.79
night_hours_true_nee vs Tramontana_night_hours_model_nee R²=0.67 RMSE=0.79
dt_gpp vs nt_gpp R²=0.94 RMSE=1.33
dt_reco vs nt_reco R²=0.71 RMSE=1.00

gpp_input_names,  ['SW_IN', 'VPD', 'WTD', 'WS', 'PotRad', 'PotRadHalfHourlyDiff', 'PotRadDailyAvg', 'PotRadDailyDiff', 'WD_COS', 'WD_SIN', 'GPP_PROX'] 
reco_input_names,  ['DOY_sin', 'DOY_cos', 'TA', 'TS_1', 'TS_2', 'TS_3', 'TS_4', 'WTD', 'WS', 'WD_COS', 'WD_SIN', 'NIGHTLY_NEE_AVG'] 
true_nee_name,  ['NEE'] 

Tramontana Running on GPU With hidden layer size of 12 Total epochs: 100000 lr: 0.001 patience: 500 min_delta 0.01
SNN_GPP_Tram(
  (net): Sequential(
    (0): Linear(in_features=11, out_features=12, bias=True)
    (1): Tanh()
    (2): Linear(in_features=12, out_features=1, bias=True)
    (3): Sigmoid()
  )
)
SNN_RECO_Tram(
  (net): Sequential(
    (0): Linear(in_features=12, out_features=12, bias=True)
    (1): Tanh()
    (2): Linear(in_features=12, out_features=1, bias=True)
    (3): Sigmoid()
  )
)
Params are min slope: 2e-06, trend window: 100
Epoch     0 | Train Loss: 26781.927734 | Val Loss: 26805.736328 | Train R²: -949729.6875 | Val R²: -937456.8750 | NightHrsTrueNEE vs NightHrsModelReco R²: -78.0400 | NightHrsTrueNee vs NightHrsModelNee R²: -272.2700
Epoch   500 | Train Loss: 190.623825 | Val Loss: 188.676758 | Train R²: -6758.8301 | Val R²: -6597.4575 | NightHrsTrueNEE vs NightHrsModelReco R²: -302.3800 | NightHrsTrueNee vs NightHrsModelNee R²: -296.8800
Epoch  1000 | Train Loss: 52.404099 | Val Loss: 52.018326 | Train R²: -1857.3345 | Val R²: -1818.1997 | NightHrsTrueNEE vs NightHrsModelReco R²: -328.3200 | NightHrsTrueNee vs NightHrsModelNee R²: -314.0600
Epoch  1500 | Train Loss: 23.528944 | Val Loss: 23.335190 | Train R²: -833.3746 | Val R²: -815.0848 | NightHrsTrueNEE vs NightHrsModelReco R²: -336.7800 | NightHrsTrueNee vs NightHrsModelNee R²: -321.6500
Epoch  2000 | Train Loss: 12.845664 | Val Loss: 12.715663 | Train R²: -454.5281 | Val R²: -443.6957 | NightHrsTrueNEE vs NightHrsModelReco R²: -340.8200 | NightHrsTrueNee vs NightHrsModelNee R²: -326.3100
Epoch  2500 | Train Loss: 7.800845 | Val Loss: 7.704435 | Train R²: -275.6306 | Val R²: -268.4417 | NightHrsTrueNEE vs NightHrsModelReco R²: -343.1300 | NightHrsTrueNee vs NightHrsModelNee R²: -329.5800
Epoch  3000 | Train Loss: 5.074499 | Val Loss: 4.999966 | Train R²: -178.9500 | Val R²: -173.8602 | NightHrsTrueNEE vs NightHrsModelReco R²: -344.5600 | NightHrsTrueNee vs NightHrsModelNee R²: -332.0400
Epoch  3500 | Train Loss: 3.472890 | Val Loss: 3.414116 | Train R²: -122.1543 | Val R²: -118.3994 | NightHrsTrueNEE vs NightHrsModelReco R²: -345.4800 | NightHrsTrueNee vs NightHrsModelNee R²: -333.9300
Epoch  4000 | Train Loss: 2.479408 | Val Loss: 2.432584 | Train R²: -86.9238 | Val R²: -84.0730 | NightHrsTrueNEE vs NightHrsModelReco R²: -346.0100 | NightHrsTrueNee vs NightHrsModelNee R²: -335.3800
Epoch  4500 | Train Loss: 1.840519 | Val Loss: 1.803021 | Train R²: -64.2678 | Val R²: -62.0558 | NightHrsTrueNEE vs NightHrsModelReco R²: -346.2100 | NightHrsTrueNee vs NightHrsModelNee R²: -336.4200
Epoch  5000 | Train Loss: 1.419858 | Val Loss: 1.389764 | Train R²: -49.3505 | Val R²: -47.6032 | NightHrsTrueNEE vs NightHrsModelReco R²: -346.0000 | NightHrsTrueNee vs NightHrsModelNee R²: -336.9800
Epoch  5500 | Train Loss: 1.138604 | Val Loss: 1.114451 | Train R²: -39.3767 | Val R²: -37.9749 | NightHrsTrueNEE vs NightHrsModelReco R²: -345.0100 | NightHrsTrueNee vs NightHrsModelNee R²: -336.7000
Epoch  6000 | Train Loss: 0.947600 | Val Loss: 0.928254 | Train R²: -32.6034 | Val R²: -31.4632 | NightHrsTrueNEE vs NightHrsModelReco R²: -341.5200 | NightHrsTrueNee vs NightHrsModelNee R²: -333.9000
Epoch  6500 | Train Loss: 0.796778 | Val Loss: 0.781536 | Train R²: -27.2551 | Val R²: -26.3321 | NightHrsTrueNEE vs NightHrsModelReco R²: -309.0700 | NightHrsTrueNee vs NightHrsModelNee R²: -302.6200
Epoch  7000 | Train Loss: 0.581922 | Val Loss: 0.573081 | Train R²: -19.6359 | Val R²: -19.0420 | NightHrsTrueNEE vs NightHrsModelReco R²: -156.6400 | NightHrsTrueNee vs NightHrsModelNee R²: -153.2400
Epoch  7500 | Train Loss: 0.435483 | Val Loss: 0.430254 | Train R²: -14.4429 | Val R²: -14.0470 | NightHrsTrueNEE vs NightHrsModelReco R²: -117.1300 | NightHrsTrueNee vs NightHrsModelNee R²: -114.2500
Epoch  8000 | Train Loss: 0.323597 | Val Loss: 0.320100 | Train R²: -10.4753 | Val R²: -10.1946 | NightHrsTrueNEE vs NightHrsModelReco R²: -77.8900 | NightHrsTrueNee vs NightHrsModelNee R²: -75.7300
Epoch  8500 | Train Loss: 0.243447 | Val Loss: 0.240615 | Train R²: -7.6330 | Val R²: -7.4148 | NightHrsTrueNEE vs NightHrsModelReco R²: -53.7200 | NightHrsTrueNee vs NightHrsModelNee R²: -52.1000
Epoch  9000 | Train Loss: 0.183890 | Val Loss: 0.181845 | Train R²: -5.5211 | Val R²: -5.3595 | NightHrsTrueNEE vs NightHrsModelReco R²: -38.9000 | NightHrsTrueNee vs NightHrsModelNee R²: -37.6200
Epoch  9500 | Train Loss: 0.139601 | Val Loss: 0.138182 | Train R²: -3.9505 | Val R²: -3.8325 | NightHrsTrueNEE vs NightHrsModelReco R²: -28.8500 | NightHrsTrueNee vs NightHrsModelNee R²: -27.8200
Epoch 10000 | Train Loss: 0.107043 | Val Loss: 0.106106 | Train R²: -2.7959 | Val R²: -2.7108 | NightHrsTrueNEE vs NightHrsModelReco R²: -21.9600 | NightHrsTrueNee vs NightHrsModelNee R²: -21.1200
Epoch 10500 | Train Loss: 0.083283 | Val Loss: 0.082696 | Train R²: -1.9534 | Val R²: -1.8921 | NightHrsTrueNEE vs NightHrsModelReco R²: -17.1200 | NightHrsTrueNee vs NightHrsModelNee R²: -16.4400
Epoch 11000 | Train Loss: 0.066000 | Val Loss: 0.065654 | Train R²: -1.3405 | Val R²: -1.2961 | NightHrsTrueNEE vs NightHrsModelReco R²: -13.5600 | NightHrsTrueNee vs NightHrsModelNee R²: -13.0100
Epoch 11500 | Train Loss: 0.053413 | Val Loss: 0.053230 | Train R²: -0.8941 | Val R²: -0.8616 | NightHrsTrueNEE vs NightHrsModelReco R²: -10.8400 | NightHrsTrueNee vs NightHrsModelNee R²: -10.3900
Epoch 12000 | Train Loss: 0.044219 | Val Loss: 0.044141 | Train R²: -0.5681 | Val R²: -0.5437 | NightHrsTrueNEE vs NightHrsModelReco R²: -8.7000 | NightHrsTrueNee vs NightHrsModelNee R²: -8.3300
Epoch 12500 | Train Loss: 0.037478 | Val Loss: 0.037464 | Train R²: -0.3290 | Val R²: -0.3102 | NightHrsTrueNEE vs NightHrsModelReco R²: -7.0200 | NightHrsTrueNee vs NightHrsModelNee R²: -6.7200
Epoch 13000 | Train Loss: 0.032485 | Val Loss: 0.032510 | Train R²: -0.1520 | Val R²: -0.1369 | NightHrsTrueNEE vs NightHrsModelReco R²: -5.7000 | NightHrsTrueNee vs NightHrsModelNee R²: -5.4500
Epoch 13500 | Train Loss: 0.028692 | Val Loss: 0.028732 | Train R²: -0.0175 | Val R²: -0.0048 | NightHrsTrueNEE vs NightHrsModelReco R²: -4.6300 | NightHrsTrueNee vs NightHrsModelNee R²: -4.4300
Epoch 14000 | Train Loss: 0.025715 | Val Loss: 0.025766 | Train R²: 0.0881 | Val R²: 0.0989 | NightHrsTrueNEE vs NightHrsModelReco R²: -3.7400 | NightHrsTrueNee vs NightHrsModelNee R²: -3.5800
Epoch 14500 | Train Loss: 0.023468 | Val Loss: 0.023562 | Train R²: 0.1678 | Val R²: 0.1760 | NightHrsTrueNEE vs NightHrsModelReco R²: -3.0700 | NightHrsTrueNee vs NightHrsModelNee R²: -2.9400
Epoch 15000 | Train Loss: 0.021848 | Val Loss: 0.021965 | Train R²: 0.2252 | Val R²: 0.2318 | NightHrsTrueNEE vs NightHrsModelReco R²: -2.5800 | NightHrsTrueNee vs NightHrsModelNee R²: -2.4700
Epoch 15500 | Train Loss: 0.020651 | Val Loss: 0.020771 | Train R²: 0.2677 | Val R²: 0.2736 | NightHrsTrueNEE vs NightHrsModelReco R²: -2.2100 | NightHrsTrueNee vs NightHrsModelNee R²: -2.1300
Epoch 16000 | Train Loss: 0.019719 | Val Loss: 0.019837 | Train R²: 0.3007 | Val R²: 0.3063 | NightHrsTrueNEE vs NightHrsModelReco R²: -1.9300 | NightHrsTrueNee vs NightHrsModelNee R²: -1.8600
Epoch 16500 | Train Loss: 0.018940 | Val Loss: 0.019054 | Train R²: 0.3283 | Val R²: 0.3337 | NightHrsTrueNEE vs NightHrsModelReco R²: -1.7200 | NightHrsTrueNee vs NightHrsModelNee R²: -1.6600
Epoch 17000 | Train Loss: 0.018222 | Val Loss: 0.018330 | Train R²: 0.3538 | Val R²: 0.3590 | NightHrsTrueNEE vs NightHrsModelReco R²: -1.5600 | NightHrsTrueNee vs NightHrsModelNee R²: -1.5100
Epoch 17500 | Train Loss: 0.017484 | Val Loss: 0.017583 | Train R²: 0.3800 | Val R²: 0.3851 | NightHrsTrueNEE vs NightHrsModelReco R²: -1.4500 | NightHrsTrueNee vs NightHrsModelNee R²: -1.4100
Epoch 18000 | Train Loss: 0.016642 | Val Loss: 0.016721 | Train R²: 0.4099 | Val R²: 0.4152 | NightHrsTrueNEE vs NightHrsModelReco R²: -1.3600 | NightHrsTrueNee vs NightHrsModelNee R²: -1.3300
Epoch 18500 | Train Loss: 0.015603 | Val Loss: 0.015647 | Train R²: 0.4467 | Val R²: 0.4528 | NightHrsTrueNEE vs NightHrsModelReco R²: -1.2900 | NightHrsTrueNee vs NightHrsModelNee R²: -1.2600
Epoch 19000 | Train Loss: 0.014272 | Val Loss: 0.014262 | Train R²: 0.4939 | Val R²: 0.5012 | NightHrsTrueNEE vs NightHrsModelReco R²: -1.2000 | NightHrsTrueNee vs NightHrsModelNee R²: -1.1700
Epoch 19500 | Train Loss: 0.012575 | Val Loss: 0.012507 | Train R²: 0.5541 | Val R²: 0.5626 | NightHrsTrueNEE vs NightHrsModelReco R²: -1.0500 | NightHrsTrueNee vs NightHrsModelNee R²: -1.0300
Epoch 20000 | Train Loss: 0.010567 | Val Loss: 0.010467 | Train R²: 0.6253 | Val R²: 0.6339 | NightHrsTrueNEE vs NightHrsModelReco R²: -0.8200 | NightHrsTrueNee vs NightHrsModelNee R²: -0.8000
Epoch 20500 | Train Loss: 0.008481 | Val Loss: 0.008362 | Train R²: 0.6992 | Val R²: 0.7076 | NightHrsTrueNEE vs NightHrsModelReco R²: -0.5400 | NightHrsTrueNee vs NightHrsModelNee R²: -0.5200
Epoch 21000 | Train Loss: 0.006683 | Val Loss: 0.006556 | Train R²: 0.7630 | Val R²: 0.7707 | NightHrsTrueNEE vs NightHrsModelReco R²: -0.2400 | NightHrsTrueNee vs NightHrsModelNee R²: -0.2300
Epoch 21500 | Train Loss: 0.005381 | Val Loss: 0.005256 | Train R²: 0.8092 | Val R²: 0.8162 | NightHrsTrueNEE vs NightHrsModelReco R²: 0.0100 | NightHrsTrueNee vs NightHrsModelNee R²: 0.0300
Epoch 22000 | Train Loss: 0.004508 | Val Loss: 0.004384 | Train R²: 0.8401 | Val R²: 0.8467 | NightHrsTrueNEE vs NightHrsModelReco R²: 0.2000 | NightHrsTrueNee vs NightHrsModelNee R²: 0.2100
Epoch 22500 | Train Loss: 0.003922 | Val Loss: 0.003804 | Train R²: 0.8609 | Val R²: 0.8670 | NightHrsTrueNEE vs NightHrsModelReco R²: 0.3300 | NightHrsTrueNee vs NightHrsModelNee R²: 0.3300
Epoch 23000 | Train Loss: 0.003511 | Val Loss: 0.003401 | Train R²: 0.8755 | Val R²: 0.8811 | NightHrsTrueNEE vs NightHrsModelReco R²: 0.4100 | NightHrsTrueNee vs NightHrsModelNee R²: 0.4200
Epoch 23500 | Train Loss: 0.003205 | Val Loss: 0.003096 | Train R²: 0.8863 | Val R²: 0.8917 | NightHrsTrueNEE vs NightHrsModelReco R²: 0.4700 | NightHrsTrueNee vs NightHrsModelNee R²: 0.4700
Epoch 24000 | Train Loss: 0.002956 | Val Loss: 0.002848 | Train R²: 0.8952 | Val R²: 0.9004 | NightHrsTrueNEE vs NightHrsModelReco R²: 0.5200 | NightHrsTrueNee vs NightHrsModelNee R²: 0.5200
Epoch 24500 | Train Loss: 0.002730 | Val Loss: 0.002625 | Train R²: 0.9032 | Val R²: 0.9082 | NightHrsTrueNEE vs NightHrsModelReco R²: 0.5500 | NightHrsTrueNee vs NightHrsModelNee R²: 0.5500
Epoch 25000 | Train Loss: 0.002505 | Val Loss: 0.002405 | Train R²: 0.9112 | Val R²: 0.9159 | NightHrsTrueNEE vs NightHrsModelReco R²: 0.5700 | NightHrsTrueNee vs NightHrsModelNee R²: 0.5700
Epoch 25500 | Train Loss: 0.002269 | Val Loss: 0.002175 | Train R²: 0.9195 | Val R²: 0.9239 | NightHrsTrueNEE vs NightHrsModelReco R²: 0.6000 | NightHrsTrueNee vs NightHrsModelNee R²: 0.6000
Epoch 26000 | Train Loss: 0.002026 | Val Loss: 0.001938 | Train R²: 0.9282 | Val R²: 0.9322 | NightHrsTrueNEE vs NightHrsModelReco R²: 0.6200 | NightHrsTrueNee vs NightHrsModelNee R²: 0.6200
Epoch 26500 | Train Loss: 0.001794 | Val Loss: 0.001718 | Train R²: 0.9364 | Val R²: 0.9399 | NightHrsTrueNEE vs NightHrsModelReco R²: 0.6400 | NightHrsTrueNee vs NightHrsModelNee R²: 0.6400
Epoch 27000 | Train Loss: 0.001608 | Val Loss: 0.001546 | Train R²: 0.9430 | Val R²: 0.9459 | NightHrsTrueNEE vs NightHrsModelReco R²: 0.6600 | NightHrsTrueNee vs NightHrsModelNee R²: 0.6600
Epoch 27500 | Train Loss: 0.001484 | Val Loss: 0.001435 | Train R²: 0.9474 | Val R²: 0.9498 | NightHrsTrueNEE vs NightHrsModelReco R²: 0.6700 | NightHrsTrueNee vs NightHrsModelNee R²: 0.6700
Epoch 28000 | Train Loss: 0.001412 | Val Loss: 0.001371 | Train R²: 0.9499 | Val R²: 0.9520 | NightHrsTrueNEE vs NightHrsModelReco R²: 0.6800 | NightHrsTrueNee vs NightHrsModelNee R²: 0.6800
Early stopping at epoch 28472 due to flat/negative trend (slope=0.000002)
Epoch 28472 | Train Loss: 0.001372 | Val Loss: 0.001338 | Train R²: 0.9513 | Val R²: 0.9532
Unpickling models
Following models have been loaded and moved to cuda:
trained gpp model:
 SNN_GPP_Tram(
  (net): Sequential(
    (0): Linear(in_features=11, out_features=12, bias=True)
    (1): Tanh()
    (2): Linear(in_features=12, out_features=1, bias=True)
    (3): Sigmoid()
  )
), trained_reco_model:
 SNN_GPP_Tram(
  (net): Sequential(
    (0): Linear(in_features=12, out_features=12, bias=True)
    (1): Tanh()
    (2): Linear(in_features=12, out_features=1, bias=True)
    (3): Sigmoid()
  )
)
using full data set for visualization
Un-normalizing the GPP and RECO predictions using NEE min: tensor([-28.6423]), NEE max: tensor([15.6103])



Metrics for the Tramontana, with
GPP inputs: ['SW_IN', 'VPD', 'WTD', 'WS', 'PotRad', 'PotRadHalfHourlyDiff', 'PotRadDailyAvg', 'PotRadDailyDiff', 'WD_COS', 'WD_SIN', 'GPP_PROX']
RECO inputs: ['DOY_sin', 'DOY_cos', 'TA', 'TS_1', 'TS_2', 'TS_3', 'TS_4', 'WTD', 'WS', 'WD_COS', 'WD_SIN', 'NIGHTLY_NEE_AVG']:
dt_gpp vs Tramontana_GPP R²=0.97 RMSE=0.95
nt_gpp vs Tramontana_GPP R²=0.94 RMSE=1.33
dt_reco vs Tramontana_RECO R²=0.55 RMSE=1.02
nt_reco vs Tramontana_RECO R²=0.66 RMSE=0.79
night_hours_true_nee vs Tramontana_night_hours_model_reco R²=0.67 RMSE=0.79
night_hours_true_nee vs Tramontana_night_hours_model_nee R²=0.67 RMSE=0.79
dt_gpp vs nt_gpp R²=0.94 RMSE=1.33
dt_reco vs nt_reco R²=0.71 RMSE=1.00

gpp_input_names,  ['SW_IN', 'VPD', 'TA', 'WS', 'PotRad', 'PotRadHalfHourlyDiff', 'PotRadDailyAvg', 'PotRadDailyDiff', 'WD_COS', 'WD_SIN', 'GPP_PROX'] 
reco_input_names,  ['DOY_sin', 'DOY_cos', 'TA', 'TS_1', 'TS_2', 'TS_3', 'TS_4', 'WTD', 'WS', 'WD_COS', 'WD_SIN', 'NIGHTLY_NEE_AVG'] 
true_nee_name,  ['NEE'] 

Tramontana Running on GPU With hidden layer size of 12 Total epochs: 100000 lr: 0.001 patience: 500 min_delta 0.01
SNN_GPP_Tram(
  (net): Sequential(
    (0): Linear(in_features=11, out_features=12, bias=True)
    (1): Tanh()
    (2): Linear(in_features=12, out_features=1, bias=True)
    (3): Sigmoid()
  )
)
SNN_RECO_Tram(
  (net): Sequential(
    (0): Linear(in_features=12, out_features=12, bias=True)
    (1): Tanh()
    (2): Linear(in_features=12, out_features=1, bias=True)
    (3): Sigmoid()
  )
)
Params are min slope: 2e-06, trend window: 100
Epoch     0 | Train Loss: 32805.761719 | Val Loss: 32999.906250 | Train R²: -1163344.5000 | Val R²: -1154081.0000 | NightHrsTrueNEE vs NightHrsModelReco R²: -78.0200 | NightHrsTrueNee vs NightHrsModelNee R²: -298.3700
Epoch   500 | Train Loss: 240.844757 | Val Loss: 239.335556 | Train R²: -8539.7451 | Val R²: -8369.1104 | NightHrsTrueNEE vs NightHrsModelReco R²: -300.2600 | NightHrsTrueNee vs NightHrsModelNee R²: -296.9400
Epoch  1000 | Train Loss: 68.994843 | Val Loss: 69.126343 | Train R²: -2445.6689 | Val R²: -2416.5061 | NightHrsTrueNEE vs NightHrsModelReco R²: -327.8800 | NightHrsTrueNee vs NightHrsModelNee R²: -313.9500
Epoch  1500 | Train Loss: 31.543116 | Val Loss: 31.719481 | Train R²: -1117.5702 | Val R²: -1108.3026 | NightHrsTrueNEE vs NightHrsModelReco R²: -336.8300 | NightHrsTrueNee vs NightHrsModelNee R²: -321.3600
Epoch  2000 | Train Loss: 17.390808 | Val Loss: 17.523909 | Train R²: -615.7063 | Val R²: -611.8512 | NightHrsTrueNEE vs NightHrsModelReco R²: -341.0800 | NightHrsTrueNee vs NightHrsModelNee R²: -325.9400
Epoch  2500 | Train Loss: 10.609437 | Val Loss: 10.704219 | Train R²: -375.2279 | Val R²: -373.3510 | NightHrsTrueNEE vs NightHrsModelReco R²: -343.5100 | NightHrsTrueNee vs NightHrsModelNee R²: -329.2200
Epoch  3000 | Train Loss: 6.900790 | Val Loss: 6.968180 | Train R²: -243.7132 | Val R²: -242.6932 | NightHrsTrueNEE vs NightHrsModelReco R²: -345.0400 | NightHrsTrueNee vs NightHrsModelNee R²: -331.7400
Epoch  3500 | Train Loss: 4.698580 | Val Loss: 4.746989 | Train R²: -165.6193 | Val R²: -165.0130 | NightHrsTrueNEE vs NightHrsModelReco R²: -346.0500 | NightHrsTrueNee vs NightHrsModelNee R²: -333.7500
Epoch  4000 | Train Loss: 3.318154 | Val Loss: 3.353397 | Train R²: -116.6671 | Val R²: -116.2760 | NightHrsTrueNEE vs NightHrsModelReco R²: -346.7200 | NightHrsTrueNee vs NightHrsModelNee R²: -335.3800
Epoch  4500 | Train Loss: 2.420821 | Val Loss: 2.446871 | Train R²: -84.8463 | Val R²: -84.5727 | NightHrsTrueNEE vs NightHrsModelReco R²: -347.1200 | NightHrsTrueNee vs NightHrsModelNee R²: -336.6800
Epoch  5000 | Train Loss: 1.823260 | Val Loss: 1.842841 | Train R²: -63.6558 | Val R²: -63.4484 | NightHrsTrueNEE vs NightHrsModelReco R²: -347.2700 | NightHrsTrueNee vs NightHrsModelNee R²: -337.6500
Epoch  5500 | Train Loss: 1.419174 | Val Loss: 1.434186 | Train R²: -49.3262 | Val R²: -49.1568 | NightHrsTrueNEE vs NightHrsModelReco R²: -347.1000 | NightHrsTrueNee vs NightHrsModelNee R²: -338.2400
Epoch  6000 | Train Loss: 1.143406 | Val Loss: 1.155195 | Train R²: -39.5470 | Val R²: -39.3998 | NightHrsTrueNEE vs NightHrsModelReco R²: -346.3400 | NightHrsTrueNee vs NightHrsModelNee R²: -338.1800
Epoch  6500 | Train Loss: 0.953593 | Val Loss: 0.963172 | Train R²: -32.8160 | Val R²: -32.6843 | NightHrsTrueNEE vs NightHrsModelReco R²: -343.8100 | NightHrsTrueNee vs NightHrsModelNee R²: -336.3100
Epoch  7000 | Train Loss: 0.811395 | Val Loss: 0.820266 | Train R²: -27.7734 | Val R²: -27.6866 | NightHrsTrueNEE vs NightHrsModelReco R²: -325.0300 | NightHrsTrueNee vs NightHrsModelNee R²: -318.4200
Epoch  7500 | Train Loss: 0.587155 | Val Loss: 0.598676 | Train R²: -19.8215 | Val R²: -19.9371 | NightHrsTrueNEE vs NightHrsModelReco R²: -155.6900 | NightHrsTrueNee vs NightHrsModelNee R²: -152.3700
Epoch  8000 | Train Loss: 0.434143 | Val Loss: 0.443415 | Train R²: -14.3954 | Val R²: -14.5072 | NightHrsTrueNEE vs NightHrsModelReco R²: -113.1500 | NightHrsTrueNee vs NightHrsModelNee R²: -110.4000
Epoch  8500 | Train Loss: 0.326741 | Val Loss: 0.333966 | Train R²: -10.5868 | Val R²: -10.6795 | NightHrsTrueNEE vs NightHrsModelReco R²: -79.7600 | NightHrsTrueNee vs NightHrsModelNee R²: -77.7000
Epoch  9000 | Train Loss: 0.248220 | Val Loss: 0.253694 | Train R²: -7.8023 | Val R²: -7.8723 | NightHrsTrueNEE vs NightHrsModelReco R²: -57.4600 | NightHrsTrueNee vs NightHrsModelNee R²: -55.9200
Epoch  9500 | Train Loss: 0.189356 | Val Loss: 0.193610 | Train R²: -5.7149 | Val R²: -5.7710 | NightHrsTrueNEE vs NightHrsModelReco R²: -42.2900 | NightHrsTrueNee vs NightHrsModelNee R²: -41.1200
Epoch 10000 | Train Loss: 0.145011 | Val Loss: 0.148409 | Train R²: -4.1423 | Val R²: -4.1902 | NightHrsTrueNEE vs NightHrsModelReco R²: -31.7500 | NightHrsTrueNee vs NightHrsModelNee R²: -30.8600
Epoch 10500 | Train Loss: 0.111816 | Val Loss: 0.114539 | Train R²: -2.9652 | Val R²: -3.0057 | NightHrsTrueNEE vs NightHrsModelReco R²: -24.1600 | NightHrsTrueNee vs NightHrsModelNee R²: -23.4600
Epoch 11000 | Train Loss: 0.087171 | Val Loss: 0.089383 | Train R²: -2.0912 | Val R²: -2.1259 | NightHrsTrueNEE vs NightHrsModelReco R²: -18.6500 | NightHrsTrueNee vs NightHrsModelNee R²: -18.1100
Epoch 11500 | Train Loss: 0.068942 | Val Loss: 0.070775 | Train R²: -1.4448 | Val R²: -1.4752 | NightHrsTrueNEE vs NightHrsModelReco R²: -14.5600 | NightHrsTrueNee vs NightHrsModelNee R²: -14.1400
Epoch 12000 | Train Loss: 0.055483 | Val Loss: 0.057030 | Train R²: -0.9675 | Val R²: -0.9945 | NightHrsTrueNEE vs NightHrsModelReco R²: -11.4400 | NightHrsTrueNee vs NightHrsModelNee R²: -11.1200
Epoch 12500 | Train Loss: 0.045518 | Val Loss: 0.046824 | Train R²: -0.6141 | Val R²: -0.6376 | NightHrsTrueNEE vs NightHrsModelReco R²: -9.0300 | NightHrsTrueNee vs NightHrsModelNee R²: -8.7700
Epoch 13000 | Train Loss: 0.038087 | Val Loss: 0.039144 | Train R²: -0.3506 | Val R²: -0.3690 | NightHrsTrueNEE vs NightHrsModelReco R²: -7.1400 | NightHrsTrueNee vs NightHrsModelNee R²: -6.9400
Epoch 13500 | Train Loss: 0.032535 | Val Loss: 0.033333 | Train R²: -0.1537 | Val R²: -0.1657 | NightHrsTrueNEE vs NightHrsModelReco R²: -5.6800 | NightHrsTrueNee vs NightHrsModelNee R²: -5.5200
Epoch 14000 | Train Loss: 0.028397 | Val Loss: 0.028984 | Train R²: -0.0070 | Val R²: -0.0136 | NightHrsTrueNEE vs NightHrsModelReco R²: -4.5800 | NightHrsTrueNee vs NightHrsModelNee R²: -4.4600
Epoch 14500 | Train Loss: 0.025296 | Val Loss: 0.025754 | Train R²: 0.1030 | Val R²: 0.0993 | NightHrsTrueNEE vs NightHrsModelReco R²: -3.7500 | NightHrsTrueNee vs NightHrsModelNee R²: -3.6600
Epoch 15000 | Train Loss: 0.022984 | Val Loss: 0.023391 | Train R²: 0.1849 | Val R²: 0.1820 | NightHrsTrueNEE vs NightHrsModelReco R²: -3.1200 | NightHrsTrueNee vs NightHrsModelNee R²: -3.0400
Epoch 15500 | Train Loss: 0.021288 | Val Loss: 0.021675 | Train R²: 0.2451 | Val R²: 0.2420 | NightHrsTrueNEE vs NightHrsModelReco R²: -2.6400 | NightHrsTrueNee vs NightHrsModelNee R²: -2.5700
Epoch 16000 | Train Loss: 0.020016 | Val Loss: 0.020378 | Train R²: 0.2902 | Val R²: 0.2873 | NightHrsTrueNEE vs NightHrsModelReco R²: -2.2700 | NightHrsTrueNee vs NightHrsModelNee R²: -2.2200
Epoch 16500 | Train Loss: 0.019010 | Val Loss: 0.019341 | Train R²: 0.3259 | Val R²: 0.3236 | NightHrsTrueNEE vs NightHrsModelReco R²: -1.9900 | NightHrsTrueNee vs NightHrsModelNee R²: -1.9400
Epoch 17000 | Train Loss: 0.018156 | Val Loss: 0.018451 | Train R²: 0.3561 | Val R²: 0.3547 | NightHrsTrueNEE vs NightHrsModelReco R²: -1.7600 | NightHrsTrueNee vs NightHrsModelNee R²: -1.7300
Epoch 17500 | Train Loss: 0.017357 | Val Loss: 0.017612 | Train R²: 0.3845 | Val R²: 0.3841 | NightHrsTrueNEE vs NightHrsModelReco R²: -1.5900 | NightHrsTrueNee vs NightHrsModelNee R²: -1.5600
Epoch 18000 | Train Loss: 0.016514 | Val Loss: 0.016723 | Train R²: 0.4144 | Val R²: 0.4152 | NightHrsTrueNEE vs NightHrsModelReco R²: -1.4600 | NightHrsTrueNee vs NightHrsModelNee R²: -1.4300
Epoch 18500 | Train Loss: 0.015522 | Val Loss: 0.015672 | Train R²: 0.4496 | Val R²: 0.4519 | NightHrsTrueNEE vs NightHrsModelReco R²: -1.3500 | NightHrsTrueNee vs NightHrsModelNee R²: -1.3300
Epoch 19000 | Train Loss: 0.014285 | Val Loss: 0.014366 | Train R²: 0.4934 | Val R²: 0.4976 | NightHrsTrueNEE vs NightHrsModelReco R²: -1.2500 | NightHrsTrueNee vs NightHrsModelNee R²: -1.2300
Epoch 19500 | Train Loss: 0.012744 | Val Loss: 0.012759 | Train R²: 0.5481 | Val R²: 0.5538 | NightHrsTrueNEE vs NightHrsModelReco R²: -1.1400 | NightHrsTrueNee vs NightHrsModelNee R²: -1.1200
Epoch 20000 | Train Loss: 0.010967 | Val Loss: 0.010920 | Train R²: 0.6111 | Val R²: 0.6181 | NightHrsTrueNEE vs NightHrsModelReco R²: -0.9800 | NightHrsTrueNee vs NightHrsModelNee R²: -0.9600
Epoch 20500 | Train Loss: 0.009130 | Val Loss: 0.009030 | Train R²: 0.6762 | Val R²: 0.6842 | NightHrsTrueNEE vs NightHrsModelReco R²: -0.7500 | NightHrsTrueNee vs NightHrsModelNee R²: -0.7400
Epoch 21000 | Train Loss: 0.007466 | Val Loss: 0.007334 | Train R²: 0.7352 | Val R²: 0.7435 | NightHrsTrueNEE vs NightHrsModelReco R²: -0.4700 | NightHrsTrueNee vs NightHrsModelNee R²: -0.4600
Epoch 21500 | Train Loss: 0.006115 | Val Loss: 0.005980 | Train R²: 0.7831 | Val R²: 0.7909 | NightHrsTrueNEE vs NightHrsModelReco R²: -0.2000 | NightHrsTrueNee vs NightHrsModelNee R²: -0.1900
Epoch 22000 | Train Loss: 0.005081 | Val Loss: 0.004961 | Train R²: 0.8198 | Val R²: 0.8265 | NightHrsTrueNEE vs NightHrsModelReco R²: 0.0200 | NightHrsTrueNee vs NightHrsModelNee R²: 0.0300
Epoch 22500 | Train Loss: 0.004322 | Val Loss: 0.004220 | Train R²: 0.8467 | Val R²: 0.8524 | NightHrsTrueNEE vs NightHrsModelReco R²: 0.1900 | NightHrsTrueNee vs NightHrsModelNee R²: 0.1900
Epoch 23000 | Train Loss: 0.003790 | Val Loss: 0.003697 | Train R²: 0.8656 | Val R²: 0.8707 | NightHrsTrueNEE vs NightHrsModelReco R²: 0.3200 | NightHrsTrueNee vs NightHrsModelNee R²: 0.3200
Epoch 23500 | Train Loss: 0.003404 | Val Loss: 0.003316 | Train R²: 0.8793 | Val R²: 0.8840 | NightHrsTrueNEE vs NightHrsModelReco R²: 0.4200 | NightHrsTrueNee vs NightHrsModelNee R²: 0.4200
Epoch 24000 | Train Loss: 0.003106 | Val Loss: 0.003020 | Train R²: 0.8898 | Val R²: 0.8944 | NightHrsTrueNEE vs NightHrsModelReco R²: 0.4800 | NightHrsTrueNee vs NightHrsModelNee R²: 0.4800
Epoch 24500 | Train Loss: 0.002854 | Val Loss: 0.002771 | Train R²: 0.8988 | Val R²: 0.9031 | NightHrsTrueNEE vs NightHrsModelReco R²: 0.5300 | NightHrsTrueNee vs NightHrsModelNee R²: 0.5300
Epoch 25000 | Train Loss: 0.002619 | Val Loss: 0.002541 | Train R²: 0.9071 | Val R²: 0.9111 | NightHrsTrueNEE vs NightHrsModelReco R²: 0.5600 | NightHrsTrueNee vs NightHrsModelNee R²: 0.5600
Epoch 25500 | Train Loss: 0.002381 | Val Loss: 0.002307 | Train R²: 0.9156 | Val R²: 0.9193 | NightHrsTrueNEE vs NightHrsModelReco R²: 0.5900 | NightHrsTrueNee vs NightHrsModelNee R²: 0.5900
Epoch 26000 | Train Loss: 0.002137 | Val Loss: 0.002069 | Train R²: 0.9242 | Val R²: 0.9277 | NightHrsTrueNEE vs NightHrsModelReco R²: 0.6200 | NightHrsTrueNee vs NightHrsModelNee R²: 0.6100
Epoch 26500 | Train Loss: 0.001904 | Val Loss: 0.001842 | Train R²: 0.9325 | Val R²: 0.9356 | NightHrsTrueNEE vs NightHrsModelReco R²: 0.6400 | NightHrsTrueNee vs NightHrsModelNee R²: 0.6400
Epoch 27000 | Train Loss: 0.001698 | Val Loss: 0.001644 | Train R²: 0.9398 | Val R²: 0.9425 | NightHrsTrueNEE vs NightHrsModelReco R²: 0.6600 | NightHrsTrueNee vs NightHrsModelNee R²: 0.6600
Epoch 27500 | Train Loss: 0.001543 | Val Loss: 0.001497 | Train R²: 0.9453 | Val R²: 0.9476 | NightHrsTrueNEE vs NightHrsModelReco R²: 0.6700 | NightHrsTrueNee vs NightHrsModelNee R²: 0.6700
Epoch 28000 | Train Loss: 0.001444 | Val Loss: 0.001407 | Train R²: 0.9488 | Val R²: 0.9508 | NightHrsTrueNEE vs NightHrsModelReco R²: 0.6800 | NightHrsTrueNee vs NightHrsModelNee R²: 0.6800
Epoch 28500 | Train Loss: 0.001390 | Val Loss: 0.001359 | Train R²: 0.9507 | Val R²: 0.9525 | NightHrsTrueNEE vs NightHrsModelReco R²: 0.6800 | NightHrsTrueNee vs NightHrsModelNee R²: 0.6800
Early stopping at epoch 28718 due to flat/negative trend (slope=0.000002)
Epoch 28718 | Train Loss: 0.001375 | Val Loss: 0.001346 | Train R²: 0.9512 | Val R²: 0.9529
Unpickling models
Following models have been loaded and moved to cuda:
trained gpp model:
 SNN_GPP_Tram(
  (net): Sequential(
    (0): Linear(in_features=11, out_features=12, bias=True)
    (1): Tanh()
    (2): Linear(in_features=12, out_features=1, bias=True)
    (3): Sigmoid()
  )
), trained_reco_model:
 SNN_GPP_Tram(
  (net): Sequential(
    (0): Linear(in_features=12, out_features=12, bias=True)
    (1): Tanh()
    (2): Linear(in_features=12, out_features=1, bias=True)
    (3): Sigmoid()
  )
)
using full data set for visualization
Un-normalizing the GPP and RECO predictions using NEE min: tensor([-28.6423]), NEE max: tensor([15.6103])



Metrics for the Tramontana, with
GPP inputs: ['SW_IN', 'VPD', 'TA', 'WS', 'PotRad', 'PotRadHalfHourlyDiff', 'PotRadDailyAvg', 'PotRadDailyDiff', 'WD_COS', 'WD_SIN', 'GPP_PROX']
RECO inputs: ['DOY_sin', 'DOY_cos', 'TA', 'TS_1', 'TS_2', 'TS_3', 'TS_4', 'WTD', 'WS', 'WD_COS', 'WD_SIN', 'NIGHTLY_NEE_AVG']:
dt_gpp vs Tramontana_GPP R²=0.97 RMSE=0.95
nt_gpp vs Tramontana_GPP R²=0.94 RMSE=1.32
dt_reco vs Tramontana_RECO R²=0.55 RMSE=1.01
nt_reco vs Tramontana_RECO R²=0.67 RMSE=0.77
night_hours_true_nee vs Tramontana_night_hours_model_reco R²=0.68 RMSE=0.79
night_hours_true_nee vs Tramontana_night_hours_model_nee R²=0.68 RMSE=0.79
dt_gpp vs nt_gpp R²=0.94 RMSE=1.33
dt_reco vs nt_reco R²=0.71 RMSE=1.00

gpp_input_names,  ['SW_IN', 'VPD', 'TA', 'WTD', 'PotRad', 'PotRadHalfHourlyDiff', 'PotRadDailyAvg', 'PotRadDailyDiff', 'WD_COS', 'WD_SIN', 'GPP_PROX'] 
reco_input_names,  ['DOY_sin', 'DOY_cos', 'TA', 'TS_1', 'TS_2', 'TS_3', 'TS_4', 'WTD', 'WS', 'WD_COS', 'WD_SIN', 'NIGHTLY_NEE_AVG'] 
true_nee_name,  ['NEE'] 

Tramontana Running on GPU With hidden layer size of 12 Total epochs: 100000 lr: 0.001 patience: 500 min_delta 0.01
SNN_GPP_Tram(
  (net): Sequential(
    (0): Linear(in_features=11, out_features=12, bias=True)
    (1): Tanh()
    (2): Linear(in_features=12, out_features=1, bias=True)
    (3): Sigmoid()
  )
)
SNN_RECO_Tram(
  (net): Sequential(
    (0): Linear(in_features=12, out_features=12, bias=True)
    (1): Tanh()
    (2): Linear(in_features=12, out_features=1, bias=True)
    (3): Sigmoid()
  )
)
Params are min slope: 2e-06, trend window: 100
Epoch     0 | Train Loss: 33091.691406 | Val Loss: 33287.464844 | Train R²: -1173484.0000 | Val R²: -1164137.7500 | NightHrsTrueNEE vs NightHrsModelReco R²: -78.0200 | NightHrsTrueNee vs NightHrsModelNee R²: -299.9800
Epoch   500 | Train Loss: 248.405807 | Val Loss: 246.608017 | Train R²: -8807.8730 | Val R²: -8623.4443 | NightHrsTrueNEE vs NightHrsModelReco R²: -302.4300 | NightHrsTrueNee vs NightHrsModelNee R²: -302.3900
Epoch  1000 | Train Loss: 70.708725 | Val Loss: 70.732117 | Train R²: -2506.4463 | Val R²: -2472.6638 | NightHrsTrueNEE vs NightHrsModelReco R²: -329.3600 | NightHrsTrueNee vs NightHrsModelNee R²: -317.0100
Epoch  1500 | Train Loss: 32.243298 | Val Loss: 32.311466 | Train R²: -1142.3997 | Val R²: -1129.0057 | NightHrsTrueNEE vs NightHrsModelReco R²: -337.9200 | NightHrsTrueNee vs NightHrsModelNee R²: -323.2600
Epoch  2000 | Train Loss: 17.755995 | Val Loss: 17.789276 | Train R²: -628.6565 | Val R²: -621.1315 | NightHrsTrueNEE vs NightHrsModelReco R²: -341.9600 | NightHrsTrueNee vs NightHrsModelNee R²: -327.2400
Epoch  2500 | Train Loss: 10.829391 | Val Loss: 10.837290 | Train R²: -383.0278 | Val R²: -378.0047 | NightHrsTrueNEE vs NightHrsModelReco R²: -344.2600 | NightHrsTrueNee vs NightHrsModelNee R²: -330.1800
Epoch  3000 | Train Loss: 7.047564 | Val Loss: 7.041422 | Train R²: -248.9180 | Val R²: -245.2546 | NightHrsTrueNEE vs NightHrsModelReco R²: -345.7100 | NightHrsTrueNee vs NightHrsModelNee R²: -332.5000
Epoch  3500 | Train Loss: 4.804727 | Val Loss: 4.791799 | Train R²: -169.3834 | Val R²: -166.5801 | NightHrsTrueNEE vs NightHrsModelReco R²: -346.6900 | NightHrsTrueNee vs NightHrsModelNee R²: -334.4000
Epoch  4000 | Train Loss: 3.400109 | Val Loss: 3.384608 | Train R²: -119.5734 | Val R²: -117.3675 | NightHrsTrueNEE vs NightHrsModelReco R²: -347.3600 | NightHrsTrueNee vs NightHrsModelNee R²: -335.9800
Epoch  4500 | Train Loss: 2.487565 | Val Loss: 2.471844 | Train R²: -87.2131 | Val R²: -85.4460 | NightHrsTrueNEE vs NightHrsModelReco R²: -347.7900 | NightHrsTrueNee vs NightHrsModelNee R²: -337.2800
Epoch  5000 | Train Loss: 1.879982 | Val Loss: 1.865298 | Train R²: -65.6672 | Val R²: -64.2337 | NightHrsTrueNEE vs NightHrsModelReco R²: -348.0200 | NightHrsTrueNee vs NightHrsModelNee R²: -338.3300
Epoch  5500 | Train Loss: 1.469051 | Val Loss: 1.456014 | Train R²: -51.0949 | Val R²: -49.9201 | NightHrsTrueNEE vs NightHrsModelReco R²: -348.0300 | NightHrsTrueNee vs NightHrsModelNee R²: -339.0900
Epoch  6000 | Train Loss: 1.188563 | Val Loss: 1.177410 | Train R²: -41.1484 | Val R²: -40.1767 | NightHrsTrueNEE vs NightHrsModelReco R²: -347.7200 | NightHrsTrueNee vs NightHrsModelNee R²: -339.4700
Epoch  6500 | Train Loss: 0.996095 | Val Loss: 0.986853 | Train R²: -34.3231 | Val R²: -33.5125 | NightHrsTrueNEE vs NightHrsModelReco R²: -346.7100 | NightHrsTrueNee vs NightHrsModelNee R²: -339.1100
Epoch  7000 | Train Loss: 0.862138 | Val Loss: 0.854771 | Train R²: -29.5728 | Val R²: -28.8933 | NightHrsTrueNEE vs NightHrsModelReco R²: -342.9700 | NightHrsTrueNee vs NightHrsModelNee R²: -335.9900
Epoch  7500 | Train Loss: 0.709046 | Val Loss: 0.705725 | Train R²: -24.1439 | Val R²: -23.6808 | NightHrsTrueNEE vs NightHrsModelReco R²: -260.5500 | NightHrsTrueNee vs NightHrsModelNee R²: -255.5600
Epoch  8000 | Train Loss: 0.464069 | Val Loss: 0.462447 | Train R²: -15.4566 | Val R²: -15.1728 | NightHrsTrueNEE vs NightHrsModelReco R²: -120.8200 | NightHrsTrueNee vs NightHrsModelNee R²: -117.9600
Epoch  8500 | Train Loss: 0.338079 | Val Loss: 0.337015 | Train R²: -10.9888 | Val R²: -10.7862 | NightHrsTrueNEE vs NightHrsModelReco R²: -80.6100 | NightHrsTrueNee vs NightHrsModelNee R²: -78.4500
Epoch  9000 | Train Loss: 0.253832 | Val Loss: 0.253157 | Train R²: -8.0013 | Val R²: -7.8535 | NightHrsTrueNEE vs NightHrsModelReco R²: -57.6800 | NightHrsTrueNee vs NightHrsModelNee R²: -56.0400
Epoch  9500 | Train Loss: 0.191891 | Val Loss: 0.191548 | Train R²: -5.8048 | Val R²: -5.6989 | NightHrsTrueNEE vs NightHrsModelReco R²: -42.1700 | NightHrsTrueNee vs NightHrsModelNee R²: -40.8800
Epoch 10000 | Train Loss: 0.146026 | Val Loss: 0.145938 | Train R²: -4.1783 | Val R²: -4.1038 | NightHrsTrueNEE vs NightHrsModelReco R²: -31.3000 | NightHrsTrueNee vs NightHrsModelNee R²: -30.2800
Epoch 10500 | Train Loss: 0.111988 | Val Loss: 0.112113 | Train R²: -2.9713 | Val R²: -2.9209 | NightHrsTrueNEE vs NightHrsModelReco R²: -23.6400 | NightHrsTrueNee vs NightHrsModelNee R²: -22.8200
Epoch 11000 | Train Loss: 0.087000 | Val Loss: 0.087297 | Train R²: -2.0852 | Val R²: -2.0530 | NightHrsTrueNEE vs NightHrsModelReco R²: -18.1900 | NightHrsTrueNee vs NightHrsModelNee R²: -17.5300
Epoch 11500 | Train Loss: 0.068850 | Val Loss: 0.069260 | Train R²: -1.4415 | Val R²: -1.4222 | NightHrsTrueNEE vs NightHrsModelReco R²: -14.2400 | NightHrsTrueNee vs NightHrsModelNee R²: -13.7000
Epoch 12000 | Train Loss: 0.055657 | Val Loss: 0.056116 | Train R²: -0.9737 | Val R²: -0.9625 | NightHrsTrueNEE vs NightHrsModelReco R²: -11.2700 | NightHrsTrueNee vs NightHrsModelNee R²: -10.8300
Epoch 12500 | Train Loss: 0.046002 | Val Loss: 0.046446 | Train R²: -0.6313 | Val R²: -0.6243 | NightHrsTrueNEE vs NightHrsModelReco R²: -8.9900 | NightHrsTrueNee vs NightHrsModelNee R²: -8.6400
Epoch 13000 | Train Loss: 0.038867 | Val Loss: 0.039238 | Train R²: -0.3783 | Val R²: -0.3723 | NightHrsTrueNEE vs NightHrsModelReco R²: -7.1900 | NightHrsTrueNee vs NightHrsModelNee R²: -6.9000
Epoch 13500 | Train Loss: 0.033519 | Val Loss: 0.033792 | Train R²: -0.1886 | Val R²: -0.1818 | NightHrsTrueNEE vs NightHrsModelReco R²: -5.7200 | NightHrsTrueNee vs NightHrsModelNee R²: -5.4900
Epoch 14000 | Train Loss: 0.029520 | Val Loss: 0.029740 | Train R²: -0.0468 | Val R²: -0.0401 | NightHrsTrueNEE vs NightHrsModelReco R²: -4.5800 | NightHrsTrueNee vs NightHrsModelNee R²: -4.3900
Epoch 14500 | Train Loss: 0.026515 | Val Loss: 0.026730 | Train R²: 0.0597 | Val R²: 0.0652 | NightHrsTrueNEE vs NightHrsModelReco R²: -3.7500 | NightHrsTrueNee vs NightHrsModelNee R²: -3.5900
Epoch 15000 | Train Loss: 0.024232 | Val Loss: 0.024458 | Train R²: 0.1407 | Val R²: 0.1447 | NightHrsTrueNEE vs NightHrsModelReco R²: -3.1200 | NightHrsTrueNee vs NightHrsModelNee R²: -2.9900
Epoch 15500 | Train Loss: 0.022521 | Val Loss: 0.022735 | Train R²: 0.2014 | Val R²: 0.2049 | NightHrsTrueNEE vs NightHrsModelReco R²: -2.6400 | NightHrsTrueNee vs NightHrsModelNee R²: -2.5400
Epoch 16000 | Train Loss: 0.021224 | Val Loss: 0.021411 | Train R²: 0.2474 | Val R²: 0.2512 | NightHrsTrueNEE vs NightHrsModelReco R²: -2.2700 | NightHrsTrueNee vs NightHrsModelNee R²: -2.1900
Epoch 16500 | Train Loss: 0.020197 | Val Loss: 0.020358 | Train R²: 0.2838 | Val R²: 0.2880 | NightHrsTrueNEE vs NightHrsModelReco R²: -1.9800 | NightHrsTrueNee vs NightHrsModelNee R²: -1.9100
Epoch 17000 | Train Loss: 0.019331 | Val Loss: 0.019468 | Train R²: 0.3145 | Val R²: 0.3191 | NightHrsTrueNEE vs NightHrsModelReco R²: -1.7500 | NightHrsTrueNee vs NightHrsModelNee R²: -1.7000
Epoch 17500 | Train Loss: 0.018530 | Val Loss: 0.018648 | Train R²: 0.3429 | Val R²: 0.3478 | NightHrsTrueNEE vs NightHrsModelReco R²: -1.5800 | NightHrsTrueNee vs NightHrsModelNee R²: -1.5400
Epoch 18000 | Train Loss: 0.017702 | Val Loss: 0.017800 | Train R²: 0.3722 | Val R²: 0.3775 | NightHrsTrueNEE vs NightHrsModelReco R²: -1.4600 | NightHrsTrueNee vs NightHrsModelNee R²: -1.4200
Epoch 18500 | Train Loss: 0.016742 | Val Loss: 0.016815 | Train R²: 0.4063 | Val R²: 0.4119 | NightHrsTrueNEE vs NightHrsModelReco R²: -1.3700 | NightHrsTrueNee vs NightHrsModelNee R²: -1.3400
Epoch 19000 | Train Loss: 0.015528 | Val Loss: 0.015577 | Train R²: 0.4493 | Val R²: 0.4552 | NightHrsTrueNEE vs NightHrsModelReco R²: -1.3000 | NightHrsTrueNee vs NightHrsModelNee R²: -1.2700
Epoch 19500 | Train Loss: 0.013960 | Val Loss: 0.013983 | Train R²: 0.5050 | Val R²: 0.5110 | NightHrsTrueNEE vs NightHrsModelReco R²: -1.2200 | NightHrsTrueNee vs NightHrsModelNee R²: -1.1900
Epoch 20000 | Train Loss: 0.012044 | Val Loss: 0.012024 | Train R²: 0.5729 | Val R²: 0.5795 | NightHrsTrueNEE vs NightHrsModelReco R²: -1.0900 | NightHrsTrueNee vs NightHrsModelNee R²: -1.0600
Epoch 20500 | Train Loss: 0.009947 | Val Loss: 0.009881 | Train R²: 0.6472 | Val R²: 0.6544 | NightHrsTrueNEE vs NightHrsModelReco R²: -0.8500 | NightHrsTrueNee vs NightHrsModelNee R²: -0.8300
Epoch 21000 | Train Loss: 0.007960 | Val Loss: 0.007861 | Train R²: 0.7177 | Val R²: 0.7251 | NightHrsTrueNEE vs NightHrsModelReco R²: -0.5200 | NightHrsTrueNee vs NightHrsModelNee R²: -0.5000
Epoch 21500 | Train Loss: 0.006353 | Val Loss: 0.006249 | Train R²: 0.7747 | Val R²: 0.7815 | NightHrsTrueNEE vs NightHrsModelReco R²: -0.2100 | NightHrsTrueNee vs NightHrsModelNee R²: -0.1900
Epoch 22000 | Train Loss: 0.005184 | Val Loss: 0.005100 | Train R²: 0.8162 | Val R²: 0.8216 | NightHrsTrueNEE vs NightHrsModelReco R²: 0.0500 | NightHrsTrueNee vs NightHrsModelNee R²: 0.0600
Epoch 22500 | Train Loss: 0.004381 | Val Loss: 0.004307 | Train R²: 0.8446 | Val R²: 0.8494 | NightHrsTrueNEE vs NightHrsModelReco R²: 0.2300 | NightHrsTrueNee vs NightHrsModelNee R²: 0.2400
Epoch 23000 | Train Loss: 0.003827 | Val Loss: 0.003756 | Train R²: 0.8643 | Val R²: 0.8686 | NightHrsTrueNEE vs NightHrsModelReco R²: 0.3600 | NightHrsTrueNee vs NightHrsModelNee R²: 0.3600
Epoch 23500 | Train Loss: 0.003438 | Val Loss: 0.003370 | Train R²: 0.8781 | Val R²: 0.8821 | NightHrsTrueNEE vs NightHrsModelReco R²: 0.4500 | NightHrsTrueNee vs NightHrsModelNee R²: 0.4500
Epoch 24000 | Train Loss: 0.003152 | Val Loss: 0.003083 | Train R²: 0.8882 | Val R²: 0.8922 | NightHrsTrueNEE vs NightHrsModelReco R²: 0.5100 | NightHrsTrueNee vs NightHrsModelNee R²: 0.5100
Epoch 24500 | Train Loss: 0.002922 | Val Loss: 0.002851 | Train R²: 0.8964 | Val R²: 0.9003 | NightHrsTrueNEE vs NightHrsModelReco R²: 0.5500 | NightHrsTrueNee vs NightHrsModelNee R²: 0.5500
Epoch 25000 | Train Loss: 0.002716 | Val Loss: 0.002646 | Train R²: 0.9037 | Val R²: 0.9075 | NightHrsTrueNEE vs NightHrsModelReco R²: 0.5800 | NightHrsTrueNee vs NightHrsModelNee R²: 0.5700
Epoch 25500 | Train Loss: 0.002511 | Val Loss: 0.002439 | Train R²: 0.9109 | Val R²: 0.9147 | NightHrsTrueNEE vs NightHrsModelReco R²: 0.6000 | NightHrsTrueNee vs NightHrsModelNee R²: 0.6000
Epoch 26000 | Train Loss: 0.002301 | Val Loss: 0.002227 | Train R²: 0.9184 | Val R²: 0.9221 | NightHrsTrueNEE vs NightHrsModelReco R²: 0.6200 | NightHrsTrueNee vs NightHrsModelNee R²: 0.6200
Epoch 26500 | Train Loss: 0.002079 | Val Loss: 0.002006 | Train R²: 0.9263 | Val R²: 0.9299 | NightHrsTrueNEE vs NightHrsModelReco R²: 0.6400 | NightHrsTrueNee vs NightHrsModelNee R²: 0.6400
Epoch 27000 | Train Loss: 0.001856 | Val Loss: 0.001784 | Train R²: 0.9342 | Val R²: 0.9376 | NightHrsTrueNEE vs NightHrsModelReco R²: 0.6500 | NightHrsTrueNee vs NightHrsModelNee R²: 0.6500
Epoch 27500 | Train Loss: 0.001654 | Val Loss: 0.001588 | Train R²: 0.9413 | Val R²: 0.9445 | NightHrsTrueNEE vs NightHrsModelReco R²: 0.6700 | NightHrsTrueNee vs NightHrsModelNee R²: 0.6700
Epoch 28000 | Train Loss: 0.001501 | Val Loss: 0.001448 | Train R²: 0.9468 | Val R²: 0.9494 | NightHrsTrueNEE vs NightHrsModelReco R²: 0.6800 | NightHrsTrueNee vs NightHrsModelNee R²: 0.6800
Epoch 28500 | Train Loss: 0.001411 | Val Loss: 0.001368 | Train R²: 0.9499 | Val R²: 0.9521 | NightHrsTrueNEE vs NightHrsModelReco R²: 0.6800 | NightHrsTrueNee vs NightHrsModelNee R²: 0.6800
Early stopping at epoch 28960 due to flat/negative trend (slope=0.000002)
Epoch 28960 | Train Loss: 0.001369 | Val Loss: 0.001333 | Train R²: 0.9514 | Val R²: 0.9534
Unpickling models
Following models have been loaded and moved to cuda:
trained gpp model:
 SNN_GPP_Tram(
  (net): Sequential(
    (0): Linear(in_features=11, out_features=12, bias=True)
    (1): Tanh()
    (2): Linear(in_features=12, out_features=1, bias=True)
    (3): Sigmoid()
  )
), trained_reco_model:
 SNN_GPP_Tram(
  (net): Sequential(
    (0): Linear(in_features=12, out_features=12, bias=True)
    (1): Tanh()
    (2): Linear(in_features=12, out_features=1, bias=True)
    (3): Sigmoid()
  )
)
using full data set for visualization
Un-normalizing the GPP and RECO predictions using NEE min: tensor([-28.6423]), NEE max: tensor([15.6103])



Metrics for the Tramontana, with
GPP inputs: ['SW_IN', 'VPD', 'TA', 'WTD', 'PotRad', 'PotRadHalfHourlyDiff', 'PotRadDailyAvg', 'PotRadDailyDiff', 'WD_COS', 'WD_SIN', 'GPP_PROX']
RECO inputs: ['DOY_sin', 'DOY_cos', 'TA', 'TS_1', 'TS_2', 'TS_3', 'TS_4', 'WTD', 'WS', 'WD_COS', 'WD_SIN', 'NIGHTLY_NEE_AVG']:
dt_gpp vs Tramontana_GPP R²=0.97 RMSE=0.94
nt_gpp vs Tramontana_GPP R²=0.94 RMSE=1.32
dt_reco vs Tramontana_RECO R²=0.54 RMSE=1.02
nt_reco vs Tramontana_RECO R²=0.67 RMSE=0.77
night_hours_true_nee vs Tramontana_night_hours_model_reco R²=0.68 RMSE=0.79
night_hours_true_nee vs Tramontana_night_hours_model_nee R²=0.68 RMSE=0.79
dt_gpp vs nt_gpp R²=0.94 RMSE=1.33
dt_reco vs nt_reco R²=0.71 RMSE=1.00

gpp_input_names,  ['SW_IN', 'VPD', 'TA', 'WTD', 'WS', 'PotRadHalfHourlyDiff', 'PotRadDailyAvg', 'PotRadDailyDiff', 'WD_COS', 'WD_SIN', 'GPP_PROX'] 
reco_input_names,  ['DOY_sin', 'DOY_cos', 'TA', 'TS_1', 'TS_2', 'TS_3', 'TS_4', 'WTD', 'WS', 'WD_COS', 'WD_SIN', 'NIGHTLY_NEE_AVG'] 
true_nee_name,  ['NEE'] 

Tramontana Running on GPU With hidden layer size of 12 Total epochs: 100000 lr: 0.001 patience: 500 min_delta 0.01
SNN_GPP_Tram(
  (net): Sequential(
    (0): Linear(in_features=11, out_features=12, bias=True)
    (1): Tanh()
    (2): Linear(in_features=12, out_features=1, bias=True)
    (3): Sigmoid()
  )
)
SNN_RECO_Tram(
  (net): Sequential(
    (0): Linear(in_features=12, out_features=12, bias=True)
    (1): Tanh()
    (2): Linear(in_features=12, out_features=1, bias=True)
    (3): Sigmoid()
  )
)
Params are min slope: 2e-06, trend window: 100
Epoch     0 | Train Loss: 40348.472656 | Val Loss: 40931.156250 | Train R²: -1430821.5000 | Val R²: -1431455.1250 | NightHrsTrueNEE vs NightHrsModelReco R²: -78.0200 | NightHrsTrueNee vs NightHrsModelNee R²: -287.8600
Epoch   500 | Train Loss: 327.334930 | Val Loss: 325.273468 | Train R²: -11606.8291 | Val R²: -11374.5547 | NightHrsTrueNEE vs NightHrsModelReco R²: -300.1700 | NightHrsTrueNee vs NightHrsModelNee R²: -293.0300
Epoch  1000 | Train Loss: 92.960388 | Val Loss: 92.883217 | Train R²: -3295.5264 | Val R²: -3247.3381 | NightHrsTrueNEE vs NightHrsModelReco R²: -328.1000 | NightHrsTrueNee vs NightHrsModelNee R²: -315.2700
Epoch  1500 | Train Loss: 42.545734 | Val Loss: 42.539501 | Train R²: -1507.7407 | Val R²: -1486.7032 | NightHrsTrueNEE vs NightHrsModelReco R²: -337.1500 | NightHrsTrueNee vs NightHrsModelNee R²: -324.4700
Epoch  2000 | Train Loss: 23.481812 | Val Loss: 23.455595 | Train R²: -831.7032 | Val R²: -819.2957 | NightHrsTrueNEE vs NightHrsModelReco R²: -341.4400 | NightHrsTrueNee vs NightHrsModelNee R²: -329.7900
Epoch  2500 | Train Loss: 14.324756 | Val Loss: 14.284454 | Train R²: -506.9791 | Val R²: -498.5600 | NightHrsTrueNEE vs NightHrsModelReco R²: -343.9000 | NightHrsTrueNee vs NightHrsModelNee R²: -333.3800
Epoch  3000 | Train Loss: 9.303037 | Val Loss: 9.257653 | Train R²: -328.9008 | Val R²: -322.7613 | NightHrsTrueNEE vs NightHrsModelReco R²: -345.4600 | NightHrsTrueNee vs NightHrsModelNee R²: -336.0200
Epoch  3500 | Train Loss: 6.311987 | Val Loss: 6.266985 | Train R²: -222.8333 | Val R²: -218.1708 | NightHrsTrueNEE vs NightHrsModelReco R²: -346.5200 | NightHrsTrueNee vs NightHrsModelNee R²: -338.0400
Epoch  4000 | Train Loss: 4.430414 | Val Loss: 4.388597 | Train R²: -156.1097 | Val R²: -152.4793 | NightHrsTrueNEE vs NightHrsModelReco R²: -347.2600 | NightHrsTrueNee vs NightHrsModelNee R²: -339.6400
Epoch  4500 | Train Loss: 3.202044 | Val Loss: 3.164656 | Train R²: -112.5497 | Val R²: -109.6752 | NightHrsTrueNEE vs NightHrsModelReco R²: -347.7600 | NightHrsTrueNee vs NightHrsModelNee R²: -340.9100
Epoch  5000 | Train Loss: 2.379664 | Val Loss: 2.347075 | Train R²: -83.3868 | Val R²: -81.0826 | NightHrsTrueNEE vs NightHrsModelReco R²: -348.0800 | NightHrsTrueNee vs NightHrsModelNee R²: -341.9100
Epoch  5500 | Train Loss: 1.819903 | Val Loss: 1.792016 | Train R²: -63.5367 | Val R²: -61.6709 | NightHrsTrueNEE vs NightHrsModelReco R²: -348.2200 | NightHrsTrueNee vs NightHrsModelNee R²: -342.6400
Epoch  6000 | Train Loss: 1.435057 | Val Loss: 1.411539 | Train R²: -49.8895 | Val R²: -48.3647 | NightHrsTrueNEE vs NightHrsModelReco R²: -348.1300 | NightHrsTrueNee vs NightHrsModelNee R²: -343.0800
Epoch  6500 | Train Loss: 1.169089 | Val Loss: 1.149499 | Train R²: -40.4578 | Val R²: -39.2006 | NightHrsTrueNEE vs NightHrsModelReco R²: -347.6500 | NightHrsTrueNee vs NightHrsModelNee R²: -343.0800
Epoch  7000 | Train Loss: 0.984623 | Val Loss: 0.968504 | Train R²: -33.9163 | Val R²: -32.8708 | NightHrsTrueNEE vs NightHrsModelReco R²: -346.2100 | NightHrsTrueNee vs NightHrsModelNee R²: -342.0600
Epoch  7500 | Train Loss: 0.852807 | Val Loss: 0.839844 | Train R²: -29.2419 | Val R²: -28.3713 | NightHrsTrueNEE vs NightHrsModelReco R²: -339.3200 | NightHrsTrueNee vs NightHrsModelNee R²: -335.6000
Epoch  8000 | Train Loss: 0.619951 | Val Loss: 0.613773 | Train R²: -20.9845 | Val R²: -20.4651 | NightHrsTrueNEE vs NightHrsModelReco R²: -161.0400 | NightHrsTrueNee vs NightHrsModelNee R²: -159.2900
Epoch  8500 | Train Loss: 0.430924 | Val Loss: 0.426592 | Train R²: -14.2813 | Val R²: -13.9189 | NightHrsTrueNEE vs NightHrsModelReco R²: -98.9400 | NightHrsTrueNee vs NightHrsModelNee R²: -97.5100
Epoch  9000 | Train Loss: 0.320436 | Val Loss: 0.317236 | Train R²: -10.3632 | Val R²: -10.0945 | NightHrsTrueNEE vs NightHrsModelReco R²: -67.3300 | NightHrsTrueNee vs NightHrsModelNee R²: -66.2700
Epoch  9500 | Train Loss: 0.239833 | Val Loss: 0.237359 | Train R²: -7.5049 | Val R²: -7.3010 | NightHrsTrueNEE vs NightHrsModelReco R²: -47.0900 | NightHrsTrueNee vs NightHrsModelNee R²: -46.2900
Epoch 10000 | Train Loss: 0.179770 | Val Loss: 0.178070 | Train R²: -5.3749 | Val R²: -5.2275 | NightHrsTrueNEE vs NightHrsModelReco R²: -34.2100 | NightHrsTrueNee vs NightHrsModelNee R²: -33.5800
Epoch 10500 | Train Loss: 0.135281 | Val Loss: 0.134244 | Train R²: -3.7973 | Val R²: -3.6948 | NightHrsTrueNEE vs NightHrsModelReco R²: -25.5300 | NightHrsTrueNee vs NightHrsModelNee R²: -25.0300
Epoch 11000 | Train Loss: 0.102818 | Val Loss: 0.102315 | Train R²: -2.6461 | Val R²: -2.5782 | NightHrsTrueNEE vs NightHrsModelReco R²: -19.6200 | NightHrsTrueNee vs NightHrsModelNee R²: -19.2200
Epoch 11500 | Train Loss: 0.079361 | Val Loss: 0.079240 | Train R²: -1.8143 | Val R²: -1.7712 | NightHrsTrueNEE vs NightHrsModelReco R²: -15.3700 | NightHrsTrueNee vs NightHrsModelNee R²: -15.0500
Epoch 12000 | Train Loss: 0.062448 | Val Loss: 0.062569 | Train R²: -1.2145 | Val R²: -1.1882 | NightHrsTrueNEE vs NightHrsModelReco R²: -12.2000 | NightHrsTrueNee vs NightHrsModelNee R²: -11.9400
Epoch 12500 | Train Loss: 0.050193 | Val Loss: 0.050438 | Train R²: -0.7799 | Val R²: -0.7639 | NightHrsTrueNEE vs NightHrsModelReco R²: -9.7700 | NightHrsTrueNee vs NightHrsModelNee R²: -9.5600
Epoch 13000 | Train Loss: 0.041224 | Val Loss: 0.041494 | Train R²: -0.4619 | Val R²: -0.4511 | NightHrsTrueNEE vs NightHrsModelReco R²: -7.8600 | NightHrsTrueNee vs NightHrsModelNee R²: -7.6900
Epoch 13500 | Train Loss: 0.034576 | Val Loss: 0.034806 | Train R²: -0.2261 | Val R²: -0.2172 | NightHrsTrueNEE vs NightHrsModelReco R²: -6.3000 | NightHrsTrueNee vs NightHrsModelNee R²: -6.1600
Epoch 14000 | Train Loss: 0.029677 | Val Loss: 0.029854 | Train R²: -0.0524 | Val R²: -0.0441 | NightHrsTrueNEE vs NightHrsModelReco R²: -5.0700 | NightHrsTrueNee vs NightHrsModelNee R²: -4.9600
Epoch 14500 | Train Loss: 0.026083 | Val Loss: 0.026212 | Train R²: 0.0751 | Val R²: 0.0833 | NightHrsTrueNEE vs NightHrsModelReco R²: -4.1300 | NightHrsTrueNee vs NightHrsModelNee R²: -4.0400
Epoch 15000 | Train Loss: 0.023430 | Val Loss: 0.023530 | Train R²: 0.1691 | Val R²: 0.1771 | NightHrsTrueNEE vs NightHrsModelReco R²: -3.4100 | NightHrsTrueNee vs NightHrsModelNee R²: -3.3300
Epoch 15500 | Train Loss: 0.021447 | Val Loss: 0.021538 | Train R²: 0.2395 | Val R²: 0.2468 | NightHrsTrueNEE vs NightHrsModelReco R²: -2.8600 | NightHrsTrueNee vs NightHrsModelNee R²: -2.8000
Epoch 16000 | Train Loss: 0.019923 | Val Loss: 0.020016 | Train R²: 0.2935 | Val R²: 0.3000 | NightHrsTrueNEE vs NightHrsModelReco R²: -2.4500 | NightHrsTrueNee vs NightHrsModelNee R²: -2.4000
Epoch 16500 | Train Loss: 0.018705 | Val Loss: 0.018803 | Train R²: 0.3367 | Val R²: 0.3424 | NightHrsTrueNEE vs NightHrsModelReco R²: -2.1400 | NightHrsTrueNee vs NightHrsModelNee R²: -2.1000
Epoch 17000 | Train Loss: 0.017687 | Val Loss: 0.017783 | Train R²: 0.3728 | Val R²: 0.3781 | NightHrsTrueNEE vs NightHrsModelReco R²: -1.9000 | NightHrsTrueNee vs NightHrsModelNee R²: -1.8700
Epoch 17500 | Train Loss: 0.016764 | Val Loss: 0.016849 | Train R²: 0.4055 | Val R²: 0.4107 | NightHrsTrueNEE vs NightHrsModelReco R²: -1.7200 | NightHrsTrueNee vs NightHrsModelNee R²: -1.6900
Epoch 18000 | Train Loss: 0.015833 | Val Loss: 0.015900 | Train R²: 0.4385 | Val R²: 0.4439 | NightHrsTrueNEE vs NightHrsModelReco R²: -1.5700 | NightHrsTrueNee vs NightHrsModelNee R²: -1.5500
Epoch 18500 | Train Loss: 0.014791 | Val Loss: 0.014828 | Train R²: 0.4755 | Val R²: 0.4814 | NightHrsTrueNEE vs NightHrsModelReco R²: -1.4600 | NightHrsTrueNee vs NightHrsModelNee R²: -1.4400
Epoch 19000 | Train Loss: 0.013547 | Val Loss: 0.013541 | Train R²: 0.5196 | Val R²: 0.5265 | NightHrsTrueNEE vs NightHrsModelReco R²: -1.3600 | NightHrsTrueNee vs NightHrsModelNee R²: -1.3400
Epoch 19500 | Train Loss: 0.012069 | Val Loss: 0.012003 | Train R²: 0.5720 | Val R²: 0.5802 | NightHrsTrueNEE vs NightHrsModelReco R²: -1.2400 | NightHrsTrueNee vs NightHrsModelNee R²: -1.2200
Epoch 20000 | Train Loss: 0.010379 | Val Loss: 0.010239 | Train R²: 0.6320 | Val R²: 0.6419 | NightHrsTrueNEE vs NightHrsModelReco R²: -1.0300 | NightHrsTrueNee vs NightHrsModelNee R²: -1.0100
Epoch 20500 | Train Loss: 0.008641 | Val Loss: 0.008448 | Train R²: 0.6936 | Val R²: 0.7046 | NightHrsTrueNEE vs NightHrsModelReco R²: -0.7500 | NightHrsTrueNee vs NightHrsModelNee R²: -0.7300
Epoch 21000 | Train Loss: 0.007110 | Val Loss: 0.006890 | Train R²: 0.7479 | Val R²: 0.7590 | NightHrsTrueNEE vs NightHrsModelReco R²: -0.4700 | NightHrsTrueNee vs NightHrsModelNee R²: -0.4500
Epoch 21500 | Train Loss: 0.005872 | Val Loss: 0.005663 | Train R²: 0.7918 | Val R²: 0.8019 | NightHrsTrueNEE vs NightHrsModelReco R²: -0.2200 | NightHrsTrueNee vs NightHrsModelNee R²: -0.2100
Epoch 22000 | Train Loss: 0.004912 | Val Loss: 0.004737 | Train R²: 0.8258 | Val R²: 0.8343 | NightHrsTrueNEE vs NightHrsModelReco R²: -0.0200 | NightHrsTrueNee vs NightHrsModelNee R²: -0.0100
Epoch 22500 | Train Loss: 0.004184 | Val Loss: 0.004041 | Train R²: 0.8516 | Val R²: 0.8587 | NightHrsTrueNEE vs NightHrsModelReco R²: 0.1400 | NightHrsTrueNee vs NightHrsModelNee R²: 0.1400
Epoch 23000 | Train Loss: 0.003631 | Val Loss: 0.003508 | Train R²: 0.8712 | Val R²: 0.8773 | NightHrsTrueNEE vs NightHrsModelReco R²: 0.2600 | NightHrsTrueNee vs NightHrsModelNee R²: 0.2600
Epoch 23500 | Train Loss: 0.003210 | Val Loss: 0.003102 | Train R²: 0.8862 | Val R²: 0.8915 | NightHrsTrueNEE vs NightHrsModelReco R²: 0.3400 | NightHrsTrueNee vs NightHrsModelNee R²: 0.3500
Epoch 24000 | Train Loss: 0.002895 | Val Loss: 0.002796 | Train R²: 0.8974 | Val R²: 0.9022 | NightHrsTrueNEE vs NightHrsModelReco R²: 0.4100 | NightHrsTrueNee vs NightHrsModelNee R²: 0.4100
Epoch 24500 | Train Loss: 0.002653 | Val Loss: 0.002560 | Train R²: 0.9059 | Val R²: 0.9105 | NightHrsTrueNEE vs NightHrsModelReco R²: 0.4600 | NightHrsTrueNee vs NightHrsModelNee R²: 0.4600
Epoch 25000 | Train Loss: 0.002462 | Val Loss: 0.002372 | Train R²: 0.9127 | Val R²: 0.9170 | NightHrsTrueNEE vs NightHrsModelReco R²: 0.5000 | NightHrsTrueNee vs NightHrsModelNee R²: 0.5000
Epoch 25500 | Train Loss: 0.002301 | Val Loss: 0.002218 | Train R²: 0.9184 | Val R²: 0.9224 | NightHrsTrueNEE vs NightHrsModelReco R²: 0.5300 | NightHrsTrueNee vs NightHrsModelNee R²: 0.5300
Epoch 26000 | Train Loss: 0.002163 | Val Loss: 0.002086 | Train R²: 0.9233 | Val R²: 0.9270 | NightHrsTrueNEE vs NightHrsModelReco R²: 0.5700 | NightHrsTrueNee vs NightHrsModelNee R²: 0.5700
Epoch 26500 | Train Loss: 0.002043 | Val Loss: 0.001972 | Train R²: 0.9276 | Val R²: 0.9310 | NightHrsTrueNEE vs NightHrsModelReco R²: 0.6000 | NightHrsTrueNee vs NightHrsModelNee R²: 0.6000
Epoch 27000 | Train Loss: 0.001936 | Val Loss: 0.001868 | Train R²: 0.9313 | Val R²: 0.9347 | NightHrsTrueNEE vs NightHrsModelReco R²: 0.6200 | NightHrsTrueNee vs NightHrsModelNee R²: 0.6200
Epoch 27500 | Train Loss: 0.001820 | Val Loss: 0.001755 | Train R²: 0.9354 | Val R²: 0.9386 | NightHrsTrueNEE vs NightHrsModelReco R²: 0.6400 | NightHrsTrueNee vs NightHrsModelNee R²: 0.6400
Epoch 28000 | Train Loss: 0.001694 | Val Loss: 0.001634 | Train R²: 0.9399 | Val R²: 0.9429 | NightHrsTrueNEE vs NightHrsModelReco R²: 0.6500 | NightHrsTrueNee vs NightHrsModelNee R²: 0.6500
Epoch 28500 | Train Loss: 0.001593 | Val Loss: 0.001541 | Train R²: 0.9435 | Val R²: 0.9461 | NightHrsTrueNEE vs NightHrsModelReco R²: 0.6600 | NightHrsTrueNee vs NightHrsModelNee R²: 0.6600
Epoch 29000 | Train Loss: 0.001519 | Val Loss: 0.001475 | Train R²: 0.9461 | Val R²: 0.9484 | NightHrsTrueNEE vs NightHrsModelReco R²: 0.6800 | NightHrsTrueNee vs NightHrsModelNee R²: 0.6800
Epoch 29500 | Train Loss: 0.001466 | Val Loss: 0.001429 | Train R²: 0.9480 | Val R²: 0.9500 | NightHrsTrueNEE vs NightHrsModelReco R²: 0.6800 | NightHrsTrueNee vs NightHrsModelNee R²: 0.6800
Epoch 30000 | Train Loss: 0.001428 | Val Loss: 0.001396 | Train R²: 0.9494 | Val R²: 0.9512 | NightHrsTrueNEE vs NightHrsModelReco R²: 0.6900 | NightHrsTrueNee vs NightHrsModelNee R²: 0.6900
Early stopping at epoch 30050 due to flat/negative trend (slope=0.000002)
Epoch 30050 | Train Loss: 0.001425 | Val Loss: 0.001393 | Train R²: 0.9495 | Val R²: 0.9513
Unpickling models
Following models have been loaded and moved to cuda:
trained gpp model:
 SNN_GPP_Tram(
  (net): Sequential(
    (0): Linear(in_features=11, out_features=12, bias=True)
    (1): Tanh()
    (2): Linear(in_features=12, out_features=1, bias=True)
    (3): Sigmoid()
  )
), trained_reco_model:
 SNN_GPP_Tram(
  (net): Sequential(
    (0): Linear(in_features=12, out_features=12, bias=True)
    (1): Tanh()
    (2): Linear(in_features=12, out_features=1, bias=True)
    (3): Sigmoid()
  )
)
using full data set for visualization
Un-normalizing the GPP and RECO predictions using NEE min: tensor([-28.6423]), NEE max: tensor([15.6103])



Metrics for the Tramontana, with
GPP inputs: ['SW_IN', 'VPD', 'TA', 'WTD', 'WS', 'PotRadHalfHourlyDiff', 'PotRadDailyAvg', 'PotRadDailyDiff', 'WD_COS', 'WD_SIN', 'GPP_PROX']
RECO inputs: ['DOY_sin', 'DOY_cos', 'TA', 'TS_1', 'TS_2', 'TS_3', 'TS_4', 'WTD', 'WS', 'WD_COS', 'WD_SIN', 'NIGHTLY_NEE_AVG']:
dt_gpp vs Tramontana_GPP R²=0.97 RMSE=0.89
nt_gpp vs Tramontana_GPP R²=0.94 RMSE=1.32
dt_reco vs Tramontana_RECO R²=0.58 RMSE=0.98
nt_reco vs Tramontana_RECO R²=0.70 RMSE=0.74
night_hours_true_nee vs Tramontana_night_hours_model_reco R²=0.68 RMSE=0.78
night_hours_true_nee vs Tramontana_night_hours_model_nee R²=0.68 RMSE=0.78
dt_gpp vs nt_gpp R²=0.94 RMSE=1.33
dt_reco vs nt_reco R²=0.71 RMSE=1.00

gpp_input_names,  ['SW_IN', 'VPD', 'TA', 'WTD', 'WS', 'PotRad', 'PotRadDailyAvg', 'PotRadDailyDiff', 'WD_COS', 'WD_SIN', 'GPP_PROX'] 
reco_input_names,  ['DOY_sin', 'DOY_cos', 'TA', 'TS_1', 'TS_2', 'TS_3', 'TS_4', 'WTD', 'WS', 'WD_COS', 'WD_SIN', 'NIGHTLY_NEE_AVG'] 
true_nee_name,  ['NEE'] 

Tramontana Running on GPU With hidden layer size of 12 Total epochs: 100000 lr: 0.001 patience: 500 min_delta 0.01
SNN_GPP_Tram(
  (net): Sequential(
    (0): Linear(in_features=11, out_features=12, bias=True)
    (1): Tanh()
    (2): Linear(in_features=12, out_features=1, bias=True)
    (3): Sigmoid()
  )
)
SNN_RECO_Tram(
  (net): Sequential(
    (0): Linear(in_features=12, out_features=12, bias=True)
    (1): Tanh()
    (2): Linear(in_features=12, out_features=1, bias=True)
    (3): Sigmoid()
  )
)
Params are min slope: 2e-06, trend window: 100
Epoch     0 | Train Loss: 47421.882812 | Val Loss: 48169.113281 | Train R²: -1681656.0000 | Val R²: -1684582.7500 | NightHrsTrueNEE vs NightHrsModelReco R²: -78.0200 | NightHrsTrueNee vs NightHrsModelNee R²: -303.2100
Epoch   500 | Train Loss: 359.376495 | Val Loss: 356.314209 | Train R²: -12743.0742 | Val R²: -12460.1230 | NightHrsTrueNEE vs NightHrsModelReco R²: -297.4300 | NightHrsTrueNee vs NightHrsModelNee R²: -291.4200
Epoch  1000 | Train Loss: 103.578926 | Val Loss: 103.122375 | Train R²: -3672.0767 | Val R²: -3605.4250 | NightHrsTrueNEE vs NightHrsModelReco R²: -327.1000 | NightHrsTrueNee vs NightHrsModelNee R²: -314.7700
Epoch  1500 | Train Loss: 47.535011 | Val Loss: 47.376579 | Train R²: -1684.6688 | Val R²: -1655.8672 | NightHrsTrueNEE vs NightHrsModelReco R²: -336.6300 | NightHrsTrueNee vs NightHrsModelNee R²: -324.1100
Epoch  2000 | Train Loss: 26.234070 | Val Loss: 26.138956 | Train R²: -929.3027 | Val R²: -913.1390 | NightHrsTrueNEE vs NightHrsModelReco R²: -341.1300 | NightHrsTrueNee vs NightHrsModelNee R²: -329.4300
Epoch  2500 | Train Loss: 15.986486 | Val Loss: 15.913302 | Train R²: -565.9068 | Val R²: -555.5245 | NightHrsTrueNEE vs NightHrsModelReco R²: -343.7000 | NightHrsTrueNee vs NightHrsModelNee R²: -333.0100
Epoch  3000 | Train Loss: 10.363637 | Val Loss: 10.302846 | Train R²: -366.5114 | Val R²: -359.3141 | NightHrsTrueNEE vs NightHrsModelReco R²: -345.3400 | NightHrsTrueNee vs NightHrsModelNee R²: -335.6400
Epoch  3500 | Train Loss: 7.013404 | Val Loss: 6.962139 | Train R²: -247.7067 | Val R²: -242.4819 | NightHrsTrueNEE vs NightHrsModelReco R²: -346.4600 | NightHrsTrueNee vs NightHrsModelNee R²: -337.6700
Epoch  4000 | Train Loss: 4.904897 | Val Loss: 4.861819 | Train R²: -172.9356 | Val R²: -169.0289 | NightHrsTrueNEE vs NightHrsModelReco R²: -347.2600 | NightHrsTrueNee vs NightHrsModelNee R²: -339.2900
Epoch  4500 | Train Loss: 3.527335 | Val Loss: 3.491477 | Train R²: -124.0850 | Val R²: -121.1049 | NightHrsTrueNEE vs NightHrsModelReco R²: -347.8200 | NightHrsTrueNee vs NightHrsModelNee R²: -340.5900
Epoch  5000 | Train Loss: 2.604032 | Val Loss: 2.574522 | Train R²: -91.3432 | Val R²: -89.0369 | NightHrsTrueNEE vs NightHrsModelReco R²: -348.2000 | NightHrsTrueNee vs NightHrsModelNee R²: -341.6300
Epoch  5500 | Train Loss: 1.974602 | Val Loss: 1.950616 | Train R²: -69.0226 | Val R²: -67.2175 | NightHrsTrueNEE vs NightHrsModelReco R²: -348.4300 | NightHrsTrueNee vs NightHrsModelNee R²: -342.4500
Epoch  6000 | Train Loss: 1.541011 | Val Loss: 1.521778 | Train R²: -53.6468 | Val R²: -52.2201 | NightHrsTrueNEE vs NightHrsModelReco R²: -348.4800 | NightHrsTrueNee vs NightHrsModelNee R²: -343.0400
Epoch  6500 | Train Loss: 1.240743 | Val Loss: 1.225555 | Train R²: -42.9988 | Val R²: -41.8605 | NightHrsTrueNEE vs NightHrsModelReco R²: -348.3100 | NightHrsTrueNee vs NightHrsModelNee R²: -343.3400
Epoch  7000 | Train Loss: 1.032465 | Val Loss: 1.020686 | Train R²: -35.6129 | Val R²: -34.6957 | NightHrsTrueNEE vs NightHrsModelReco R²: -347.7000 | NightHrsTrueNee vs NightHrsModelNee R²: -343.1600
Epoch  7500 | Train Loss: 0.887600 | Val Loss: 0.878666 | Train R²: -30.4757 | Val R²: -29.7289 | NightHrsTrueNEE vs NightHrsModelReco R²: -345.8500 | NightHrsTrueNee vs NightHrsModelNee R²: -341.7000
Epoch  8000 | Train Loss: 0.779612 | Val Loss: 0.773055 | Train R²: -26.6463 | Val R²: -26.0355 | NightHrsTrueNEE vs NightHrsModelReco R²: -334.3600 | NightHrsTrueNee vs NightHrsModelNee R²: -330.6800
Epoch  8500 | Train Loss: 0.523510 | Val Loss: 0.518451 | Train R²: -17.5645 | Val R²: -17.1314 | NightHrsTrueNEE vs NightHrsModelReco R²: -130.8400 | NightHrsTrueNee vs NightHrsModelNee R²: -129.2700
Epoch  9000 | Train Loss: 0.366451 | Val Loss: 0.363796 | Train R²: -11.9950 | Val R²: -11.7228 | NightHrsTrueNEE vs NightHrsModelReco R²: -79.1800 | NightHrsTrueNee vs NightHrsModelNee R²: -77.8900
Epoch  9500 | Train Loss: 0.271659 | Val Loss: 0.269775 | Train R²: -8.6335 | Val R²: -8.4346 | NightHrsTrueNEE vs NightHrsModelReco R²: -54.1300 | NightHrsTrueNee vs NightHrsModelNee R²: -53.1700
Epoch 10000 | Train Loss: 0.202423 | Val Loss: 0.201285 | Train R²: -6.1783 | Val R²: -6.0394 | NightHrsTrueNEE vs NightHrsModelReco R²: -38.9600 | NightHrsTrueNee vs NightHrsModelNee R²: -38.2000
Epoch 10500 | Train Loss: 0.151479 | Val Loss: 0.150905 | Train R²: -4.3717 | Val R²: -4.2775 | NightHrsTrueNEE vs NightHrsModelReco R²: -28.8000 | NightHrsTrueNee vs NightHrsModelNee R²: -28.1900
Epoch 11000 | Train Loss: 0.114368 | Val Loss: 0.114233 | Train R²: -3.0557 | Val R²: -2.9950 | NightHrsTrueNEE vs NightHrsModelReco R²: -21.9000 | NightHrsTrueNee vs NightHrsModelNee R²: -21.4000
Epoch 11500 | Train Loss: 0.087542 | Val Loss: 0.087718 | Train R²: -2.1044 | Val R²: -2.0677 | NightHrsTrueNEE vs NightHrsModelReco R²: -17.0200 | NightHrsTrueNee vs NightHrsModelNee R²: -16.6100
Epoch 12000 | Train Loss: 0.068184 | Val Loss: 0.068553 | Train R²: -1.4179 | Val R²: -1.3975 | NightHrsTrueNEE vs NightHrsModelReco R²: -13.4100 | NightHrsTrueNee vs NightHrsModelNee R²: -13.0700
Epoch 12500 | Train Loss: 0.054164 | Val Loss: 0.054628 | Train R²: -0.9207 | Val R²: -0.9105 | NightHrsTrueNEE vs NightHrsModelReco R²: -10.6600 | NightHrsTrueNee vs NightHrsModelNee R²: -10.3800
Epoch 13000 | Train Loss: 0.043910 | Val Loss: 0.044381 | Train R²: -0.5571 | Val R²: -0.5521 | NightHrsTrueNEE vs NightHrsModelReco R²: -8.5200 | NightHrsTrueNee vs NightHrsModelNee R²: -8.2900
Epoch 13500 | Train Loss: 0.036324 | Val Loss: 0.036727 | Train R²: -0.2881 | Val R²: -0.2844 | NightHrsTrueNEE vs NightHrsModelReco R²: -6.8100 | NightHrsTrueNee vs NightHrsModelNee R²: -6.6200
Epoch 14000 | Train Loss: 0.030721 | Val Loss: 0.031040 | Train R²: -0.0894 | Val R²: -0.0855 | NightHrsTrueNEE vs NightHrsModelReco R²: -5.4400 | NightHrsTrueNee vs NightHrsModelNee R²: -5.2900
Epoch 14500 | Train Loss: 0.026639 | Val Loss: 0.026897 | Train R²: 0.0553 | Val R²: 0.0594 | NightHrsTrueNEE vs NightHrsModelReco R²: -4.4000 | NightHrsTrueNee vs NightHrsModelNee R²: -4.2800
Epoch 15000 | Train Loss: 0.023657 | Val Loss: 0.023879 | Train R²: 0.1611 | Val R²: 0.1649 | NightHrsTrueNEE vs NightHrsModelReco R²: -3.6200 | NightHrsTrueNee vs NightHrsModelNee R²: -3.5200
Epoch 15500 | Train Loss: 0.021469 | Val Loss: 0.021675 | Train R²: 0.2387 | Val R²: 0.2420 | NightHrsTrueNEE vs NightHrsModelReco R²: -3.0300 | NightHrsTrueNee vs NightHrsModelNee R²: -2.9500
Epoch 16000 | Train Loss: 0.019844 | Val Loss: 0.020043 | Train R²: 0.2963 | Val R²: 0.2991 | NightHrsTrueNEE vs NightHrsModelReco R²: -2.5800 | NightHrsTrueNee vs NightHrsModelNee R²: -2.5100
Epoch 16500 | Train Loss: 0.018593 | Val Loss: 0.018785 | Train R²: 0.3407 | Val R²: 0.3430 | NightHrsTrueNEE vs NightHrsModelReco R²: -2.2400 | NightHrsTrueNee vs NightHrsModelNee R²: -2.1900
Epoch 17000 | Train Loss: 0.017569 | Val Loss: 0.017752 | Train R²: 0.3770 | Val R²: 0.3792 | NightHrsTrueNEE vs NightHrsModelReco R²: -1.9700 | NightHrsTrueNee vs NightHrsModelNee R²: -1.9300
Epoch 17500 | Train Loss: 0.016677 | Val Loss: 0.016848 | Train R²: 0.4086 | Val R²: 0.4108 | NightHrsTrueNEE vs NightHrsModelReco R²: -1.7600 | NightHrsTrueNee vs NightHrsModelNee R²: -1.7200
Epoch 18000 | Train Loss: 0.015842 | Val Loss: 0.015999 | Train R²: 0.4382 | Val R²: 0.4405 | NightHrsTrueNEE vs NightHrsModelReco R²: -1.5900 | NightHrsTrueNee vs NightHrsModelNee R²: -1.5600
Epoch 18500 | Train Loss: 0.014973 | Val Loss: 0.015119 | Train R²: 0.4690 | Val R²: 0.4713 | NightHrsTrueNEE vs NightHrsModelReco R²: -1.4700 | NightHrsTrueNee vs NightHrsModelNee R²: -1.4400
Epoch 19000 | Train Loss: 0.013975 | Val Loss: 0.014102 | Train R²: 0.5044 | Val R²: 0.5068 | NightHrsTrueNEE vs NightHrsModelReco R²: -1.3700 | NightHrsTrueNee vs NightHrsModelNee R²: -1.3400
Epoch 19500 | Train Loss: 0.012760 | Val Loss: 0.012843 | Train R²: 0.5475 | Val R²: 0.5509 | NightHrsTrueNEE vs NightHrsModelReco R²: -1.2800 | NightHrsTrueNee vs NightHrsModelNee R²: -1.2500
Epoch 20000 | Train Loss: 0.011292 | Val Loss: 0.011303 | Train R²: 0.5996 | Val R²: 0.6047 | NightHrsTrueNEE vs NightHrsModelReco R²: -1.1500 | NightHrsTrueNee vs NightHrsModelNee R²: -1.1300
Epoch 20500 | Train Loss: 0.009647 | Val Loss: 0.009582 | Train R²: 0.6579 | Val R²: 0.6649 | NightHrsTrueNEE vs NightHrsModelReco R²: -0.9500 | NightHrsTrueNee vs NightHrsModelNee R²: -0.9300
Epoch 21000 | Train Loss: 0.007996 | Val Loss: 0.007878 | Train R²: 0.7164 | Val R²: 0.7245 | NightHrsTrueNEE vs NightHrsModelReco R²: -0.6700 | NightHrsTrueNee vs NightHrsModelNee R²: -0.6500
Epoch 21500 | Train Loss: 0.006547 | Val Loss: 0.006408 | Train R²: 0.7678 | Val R²: 0.7759 | NightHrsTrueNEE vs NightHrsModelReco R²: -0.3900 | NightHrsTrueNee vs NightHrsModelNee R²: -0.3700
Epoch 22000 | Train Loss: 0.005445 | Val Loss: 0.005307 | Train R²: 0.8069 | Val R²: 0.8144 | NightHrsTrueNEE vs NightHrsModelReco R²: -0.1400 | NightHrsTrueNee vs NightHrsModelNee R²: -0.1400
Epoch 22500 | Train Loss: 0.004614 | Val Loss: 0.004485 | Train R²: 0.8364 | Val R²: 0.8432 | NightHrsTrueNEE vs NightHrsModelReco R²: 0.0500 | NightHrsTrueNee vs NightHrsModelNee R²: 0.0600
Epoch 23000 | Train Loss: 0.003970 | Val Loss: 0.003857 | Train R²: 0.8592 | Val R²: 0.8651 | NightHrsTrueNEE vs NightHrsModelReco R²: 0.2000 | NightHrsTrueNee vs NightHrsModelNee R²: 0.2000
Epoch 23500 | Train Loss: 0.003466 | Val Loss: 0.003369 | Train R²: 0.8771 | Val R²: 0.8822 | NightHrsTrueNEE vs NightHrsModelReco R²: 0.3100 | NightHrsTrueNee vs NightHrsModelNee R²: 0.3100
Epoch 24000 | Train Loss: 0.003064 | Val Loss: 0.002973 | Train R²: 0.8913 | Val R²: 0.8960 | NightHrsTrueNEE vs NightHrsModelReco R²: 0.3900 | NightHrsTrueNee vs NightHrsModelNee R²: 0.3900
Epoch 24500 | Train Loss: 0.002746 | Val Loss: 0.002656 | Train R²: 0.9026 | Val R²: 0.9071 | NightHrsTrueNEE vs NightHrsModelReco R²: 0.4600 | NightHrsTrueNee vs NightHrsModelNee R²: 0.4600
Epoch 25000 | Train Loss: 0.002496 | Val Loss: 0.002409 | Train R²: 0.9115 | Val R²: 0.9158 | NightHrsTrueNEE vs NightHrsModelReco R²: 0.5000 | NightHrsTrueNee vs NightHrsModelNee R²: 0.5000
Epoch 25500 | Train Loss: 0.002287 | Val Loss: 0.002202 | Train R²: 0.9189 | Val R²: 0.9230 | NightHrsTrueNEE vs NightHrsModelReco R²: 0.5300 | NightHrsTrueNee vs NightHrsModelNee R²: 0.5300
Epoch 26000 | Train Loss: 0.002095 | Val Loss: 0.002014 | Train R²: 0.9257 | Val R²: 0.9296 | NightHrsTrueNEE vs NightHrsModelReco R²: 0.5700 | NightHrsTrueNee vs NightHrsModelNee R²: 0.5700
Epoch 26500 | Train Loss: 0.001915 | Val Loss: 0.001837 | Train R²: 0.9321 | Val R²: 0.9357 | NightHrsTrueNEE vs NightHrsModelReco R²: 0.6000 | NightHrsTrueNee vs NightHrsModelNee R²: 0.6000
Epoch 27000 | Train Loss: 0.001755 | Val Loss: 0.001684 | Train R²: 0.9378 | Val R²: 0.9411 | NightHrsTrueNEE vs NightHrsModelReco R²: 0.6200 | NightHrsTrueNee vs NightHrsModelNee R²: 0.6200
Epoch 27500 | Train Loss: 0.001625 | Val Loss: 0.001562 | Train R²: 0.9424 | Val R²: 0.9454 | NightHrsTrueNEE vs NightHrsModelReco R²: 0.6400 | NightHrsTrueNee vs NightHrsModelNee R²: 0.6400
Epoch 28000 | Train Loss: 0.001526 | Val Loss: 0.001472 | Train R²: 0.9459 | Val R²: 0.9485 | NightHrsTrueNEE vs NightHrsModelReco R²: 0.6600 | NightHrsTrueNee vs NightHrsModelNee R²: 0.6600
Epoch 28500 | Train Loss: 0.001456 | Val Loss: 0.001410 | Train R²: 0.9484 | Val R²: 0.9507 | NightHrsTrueNEE vs NightHrsModelReco R²: 0.6700 | NightHrsTrueNee vs NightHrsModelNee R²: 0.6700
Epoch 29000 | Train Loss: 0.001408 | Val Loss: 0.001368 | Train R²: 0.9501 | Val R²: 0.9522 | NightHrsTrueNEE vs NightHrsModelReco R²: 0.6800 | NightHrsTrueNee vs NightHrsModelNee R²: 0.6800
Early stopping at epoch 29310 due to flat/negative trend (slope=0.000002)
Epoch 29310 | Train Loss: 0.001386 | Val Loss: 0.001349 | Train R²: 0.9508 | Val R²: 0.9528
Unpickling models
Following models have been loaded and moved to cuda:
trained gpp model:
 SNN_GPP_Tram(
  (net): Sequential(
    (0): Linear(in_features=11, out_features=12, bias=True)
    (1): Tanh()
    (2): Linear(in_features=12, out_features=1, bias=True)
    (3): Sigmoid()
  )
), trained_reco_model:
 SNN_GPP_Tram(
  (net): Sequential(
    (0): Linear(in_features=12, out_features=12, bias=True)
    (1): Tanh()
    (2): Linear(in_features=12, out_features=1, bias=True)
    (3): Sigmoid()
  )
)
using full data set for visualization
Un-normalizing the GPP and RECO predictions using NEE min: tensor([-28.6423]), NEE max: tensor([15.6103])



Metrics for the Tramontana, with
GPP inputs: ['SW_IN', 'VPD', 'TA', 'WTD', 'WS', 'PotRad', 'PotRadDailyAvg', 'PotRadDailyDiff', 'WD_COS', 'WD_SIN', 'GPP_PROX']
RECO inputs: ['DOY_sin', 'DOY_cos', 'TA', 'TS_1', 'TS_2', 'TS_3', 'TS_4', 'WTD', 'WS', 'WD_COS', 'WD_SIN', 'NIGHTLY_NEE_AVG']:
dt_gpp vs Tramontana_GPP R²=0.97 RMSE=0.95
nt_gpp vs Tramontana_GPP R²=0.94 RMSE=1.31
dt_reco vs Tramontana_RECO R²=0.56 RMSE=1.00
nt_reco vs Tramontana_RECO R²=0.69 RMSE=0.74
night_hours_true_nee vs Tramontana_night_hours_model_reco R²=0.67 RMSE=0.79
night_hours_true_nee vs Tramontana_night_hours_model_nee R²=0.67 RMSE=0.79
dt_gpp vs nt_gpp R²=0.94 RMSE=1.33
dt_reco vs nt_reco R²=0.71 RMSE=1.00

gpp_input_names,  ['SW_IN', 'VPD', 'TA', 'WTD', 'WS', 'PotRad', 'PotRadHalfHourlyDiff', 'PotRadDailyDiff', 'WD_COS', 'WD_SIN', 'GPP_PROX'] 
reco_input_names,  ['DOY_sin', 'DOY_cos', 'TA', 'TS_1', 'TS_2', 'TS_3', 'TS_4', 'WTD', 'WS', 'WD_COS', 'WD_SIN', 'NIGHTLY_NEE_AVG'] 
true_nee_name,  ['NEE'] 

Tramontana Running on GPU With hidden layer size of 12 Total epochs: 100000 lr: 0.001 patience: 500 min_delta 0.01
SNN_GPP_Tram(
  (net): Sequential(
    (0): Linear(in_features=11, out_features=12, bias=True)
    (1): Tanh()
    (2): Linear(in_features=12, out_features=1, bias=True)
    (3): Sigmoid()
  )
)
SNN_RECO_Tram(
  (net): Sequential(
    (0): Linear(in_features=12, out_features=12, bias=True)
    (1): Tanh()
    (2): Linear(in_features=12, out_features=1, bias=True)
    (3): Sigmoid()
  )
)
Params are min slope: 2e-06, trend window: 100
Epoch     0 | Train Loss: 33296.027344 | Val Loss: 33569.222656 | Train R²: -1180730.1250 | Val R²: -1173991.5000 | NightHrsTrueNEE vs NightHrsModelReco R²: -78.0200 | NightHrsTrueNee vs NightHrsModelNee R²: -218.3200
Epoch   500 | Train Loss: 283.996094 | Val Loss: 281.199188 | Train R²: -10069.9629 | Val R²: -9833.1777 | NightHrsTrueNEE vs NightHrsModelReco R²: -305.1600 | NightHrsTrueNee vs NightHrsModelNee R²: -296.4200
Epoch  1000 | Train Loss: 77.600029 | Val Loss: 77.217239 | Train R²: -2750.8228 | Val R²: -2699.4626 | NightHrsTrueNEE vs NightHrsModelReco R²: -330.4300 | NightHrsTrueNee vs NightHrsModelNee R²: -317.3400
Epoch  1500 | Train Loss: 34.713512 | Val Loss: 34.544758 | Train R²: -1229.9977 | Val R²: -1207.1090 | NightHrsTrueNEE vs NightHrsModelReco R²: -338.4300 | NightHrsTrueNee vs NightHrsModelNee R²: -325.6900
Epoch  2000 | Train Loss: 18.884512 | Val Loss: 18.761419 | Train R²: -668.6755 | Val R²: -655.1297 | NightHrsTrueNEE vs NightHrsModelReco R²: -342.2300 | NightHrsTrueNee vs NightHrsModelNee R²: -330.4800
Epoch  2500 | Train Loss: 11.412488 | Val Loss: 11.310552 | Train R²: -403.7054 | Val R²: -394.5558 | NightHrsTrueNEE vs NightHrsModelReco R²: -344.4000 | NightHrsTrueNee vs NightHrsModelNee R²: -333.7100
Epoch  3000 | Train Loss: 7.370205 | Val Loss: 7.283932 | Train R²: -260.3594 | Val R²: -253.7357 | NightHrsTrueNEE vs NightHrsModelReco R²: -345.7900 | NightHrsTrueNee vs NightHrsModelNee R²: -336.0800
Epoch  3500 | Train Loss: 4.990101 | Val Loss: 4.917184 | Train R²: -175.9571 | Val R²: -170.9652 | NightHrsTrueNEE vs NightHrsModelReco R²: -346.7200 | NightHrsTrueNee vs NightHrsModelNee R²: -337.9000
Epoch  4000 | Train Loss: 3.508393 | Val Loss: 3.447130 | Train R²: -123.4133 | Val R²: -119.5540 | NightHrsTrueNEE vs NightHrsModelReco R²: -347.3500 | NightHrsTrueNee vs NightHrsModelNee R²: -339.3400
Epoch  4500 | Train Loss: 2.550733 | Val Loss: 2.499591 | Train R²: -89.4531 | Val R²: -86.4164 | NightHrsTrueNEE vs NightHrsModelReco R²: -347.7600 | NightHrsTrueNee vs NightHrsModelNee R²: -340.4600
Epoch  5000 | Train Loss: 1.916050 | Val Loss: 1.873615 | Train R²: -66.9462 | Val R²: -64.5246 | NightHrsTrueNEE vs NightHrsModelReco R²: -347.9600 | NightHrsTrueNee vs NightHrsModelNee R²: -341.3100
Epoch  5500 | Train Loss: 1.488588 | Val Loss: 1.453582 | Train R²: -51.7877 | Val R²: -49.8351 | NightHrsTrueNEE vs NightHrsModelReco R²: -347.9500 | NightHrsTrueNee vs NightHrsModelNee R²: -341.8700
Epoch  6000 | Train Loss: 1.197954 | Val Loss: 1.169235 | Train R²: -41.4814 | Val R²: -39.8908 | NightHrsTrueNEE vs NightHrsModelReco R²: -347.5900 | NightHrsTrueNee vs NightHrsModelNee R²: -342.0300
Epoch  6500 | Train Loss: 0.999215 | Val Loss: 0.975786 | Train R²: -34.4338 | Val R²: -33.1255 | NightHrsTrueNEE vs NightHrsModelReco R²: -346.4600 | NightHrsTrueNee vs NightHrsModelNee R²: -341.3700
Epoch  7000 | Train Loss: 0.861005 | Val Loss: 0.842040 | Train R²: -29.5326 | Val R²: -28.4481 | NightHrsTrueNEE vs NightHrsModelReco R²: -342.1300 | NightHrsTrueNee vs NightHrsModelNee R²: -337.5000
Epoch  7500 | Train Loss: 0.687269 | Val Loss: 0.673976 | Train R²: -23.3717 | Val R²: -22.5705 | NightHrsTrueNEE vs NightHrsModelReco R²: -235.1700 | NightHrsTrueNee vs NightHrsModelNee R²: -232.1900
Epoch  8000 | Train Loss: 0.458407 | Val Loss: 0.449589 | Train R²: -15.2559 | Val R²: -14.7232 | NightHrsTrueNEE vs NightHrsModelReco R²: -117.0500 | NightHrsTrueNee vs NightHrsModelNee R²: -115.1700
Epoch  8500 | Train Loss: 0.333958 | Val Loss: 0.327951 | Train R²: -10.8427 | Val R²: -10.4692 | NightHrsTrueNEE vs NightHrsModelReco R²: -74.6600 | NightHrsTrueNee vs NightHrsModelNee R²: -73.2500
Epoch  9000 | Train Loss: 0.248973 | Val Loss: 0.244195 | Train R²: -7.8290 | Val R²: -7.5401 | NightHrsTrueNEE vs NightHrsModelReco R²: -51.1100 | NightHrsTrueNee vs NightHrsModelNee R²: -50.0500
Epoch  9500 | Train Loss: 0.186290 | Val Loss: 0.182746 | Train R²: -5.6061 | Val R²: -5.3910 | NightHrsTrueNEE vs NightHrsModelReco R²: -36.6700 | NightHrsTrueNee vs NightHrsModelNee R²: -35.8400
Epoch 10000 | Train Loss: 0.139943 | Val Loss: 0.137428 | Train R²: -3.9626 | Val R²: -3.8062 | NightHrsTrueNEE vs NightHrsModelReco R²: -27.0800 | NightHrsTrueNee vs NightHrsModelNee R²: -26.4100
Epoch 10500 | Train Loss: 0.106059 | Val Loss: 0.104358 | Train R²: -2.7610 | Val R²: -2.6496 | NightHrsTrueNEE vs NightHrsModelReco R²: -20.6000 | NightHrsTrueNee vs NightHrsModelNee R²: -20.0600
Epoch 11000 | Train Loss: 0.081548 | Val Loss: 0.080454 | Train R²: -1.8918 | Val R²: -1.8137 | NightHrsTrueNEE vs NightHrsModelReco R²: -16.0800 | NightHrsTrueNee vs NightHrsModelNee R²: -15.6300
Epoch 11500 | Train Loss: 0.063914 | Val Loss: 0.063245 | Train R²: -1.2665 | Val R²: -1.2118 | NightHrsTrueNEE vs NightHrsModelReco R²: -12.7600 | NightHrsTrueNee vs NightHrsModelNee R²: -12.3900
Epoch 12000 | Train Loss: 0.051200 | Val Loss: 0.050809 | Train R²: -0.8156 | Val R²: -0.7769 | NightHrsTrueNEE vs NightHrsModelReco R²: -10.2300 | NightHrsTrueNee vs NightHrsModelNee R²: -9.9300
Epoch 12500 | Train Loss: 0.041957 | Val Loss: 0.041725 | Train R²: -0.4879 | Val R²: -0.4592 | NightHrsTrueNEE vs NightHrsModelReco R²: -8.2700 | NightHrsTrueNee vs NightHrsModelNee R²: -8.0300
Epoch 13000 | Train Loss: 0.035158 | Val Loss: 0.034992 | Train R²: -0.2467 | Val R²: -0.2237 | NightHrsTrueNEE vs NightHrsModelReco R²: -6.6700 | NightHrsTrueNee vs NightHrsModelNee R²: -6.4800
Epoch 13500 | Train Loss: 0.030108 | Val Loss: 0.029973 | Train R²: -0.0677 | Val R²: -0.0482 | NightHrsTrueNEE vs NightHrsModelReco R²: -5.3300 | NightHrsTrueNee vs NightHrsModelNee R²: -5.1700
Epoch 14000 | Train Loss: 0.026408 | Val Loss: 0.026306 | Train R²: 0.0635 | Val R²: 0.0800 | NightHrsTrueNEE vs NightHrsModelReco R²: -4.3100 | NightHrsTrueNee vs NightHrsModelNee R²: -4.1800
Epoch 14500 | Train Loss: 0.023677 | Val Loss: 0.023603 | Train R²: 0.1604 | Val R²: 0.1745 | NightHrsTrueNEE vs NightHrsModelReco R²: -3.5500 | NightHrsTrueNee vs NightHrsModelNee R²: -3.4500
Epoch 15000 | Train Loss: 0.021619 | Val Loss: 0.021574 | Train R²: 0.2334 | Val R²: 0.2455 | NightHrsTrueNEE vs NightHrsModelReco R²: -2.9800 | NightHrsTrueNee vs NightHrsModelNee R²: -2.8900
Epoch 15500 | Train Loss: 0.020046 | Val Loss: 0.020026 | Train R²: 0.2891 | Val R²: 0.2996 | NightHrsTrueNEE vs NightHrsModelReco R²: -2.5500 | NightHrsTrueNee vs NightHrsModelNee R²: -2.4800
Epoch 16000 | Train Loss: 0.018828 | Val Loss: 0.018825 | Train R²: 0.3323 | Val R²: 0.3416 | NightHrsTrueNEE vs NightHrsModelReco R²: -2.2300 | NightHrsTrueNee vs NightHrsModelNee R²: -2.1700
Epoch 16500 | Train Loss: 0.017832 | Val Loss: 0.017834 | Train R²: 0.3677 | Val R²: 0.3763 | NightHrsTrueNEE vs NightHrsModelReco R²: -1.9700 | NightHrsTrueNee vs NightHrsModelNee R²: -1.9200
Epoch 17000 | Train Loss: 0.016930 | Val Loss: 0.016927 | Train R²: 0.3996 | Val R²: 0.4080 | NightHrsTrueNEE vs NightHrsModelReco R²: -1.7600 | NightHrsTrueNee vs NightHrsModelNee R²: -1.7200
Epoch 17500 | Train Loss: 0.016035 | Val Loss: 0.016019 | Train R²: 0.4314 | Val R²: 0.4398 | NightHrsTrueNEE vs NightHrsModelReco R²: -1.6000 | NightHrsTrueNee vs NightHrsModelNee R²: -1.5700
Epoch 18000 | Train Loss: 0.015066 | Val Loss: 0.015025 | Train R²: 0.4657 | Val R²: 0.4745 | NightHrsTrueNEE vs NightHrsModelReco R²: -1.4900 | NightHrsTrueNee vs NightHrsModelNee R²: -1.4500
Epoch 18500 | Train Loss: 0.013943 | Val Loss: 0.013857 | Train R²: 0.5056 | Val R²: 0.5154 | NightHrsTrueNEE vs NightHrsModelReco R²: -1.3900 | NightHrsTrueNee vs NightHrsModelNee R²: -1.3600
Epoch 19000 | Train Loss: 0.012610 | Val Loss: 0.012457 | Train R²: 0.5528 | Val R²: 0.5643 | NightHrsTrueNEE vs NightHrsModelReco R²: -1.2800 | NightHrsTrueNee vs NightHrsModelNee R²: -1.2500
Epoch 19500 | Train Loss: 0.011074 | Val Loss: 0.010850 | Train R²: 0.6073 | Val R²: 0.6206 | NightHrsTrueNEE vs NightHrsModelReco R²: -1.1100 | NightHrsTrueNee vs NightHrsModelNee R²: -1.0900
Epoch 20000 | Train Loss: 0.009427 | Val Loss: 0.009157 | Train R²: 0.6657 | Val R²: 0.6797 | NightHrsTrueNEE vs NightHrsModelReco R²: -0.8800 | NightHrsTrueNee vs NightHrsModelNee R²: -0.8600
Epoch 20500 | Train Loss: 0.007840 | Val Loss: 0.007563 | Train R²: 0.7220 | Val R²: 0.7355 | NightHrsTrueNEE vs NightHrsModelReco R²: -0.6000 | NightHrsTrueNee vs NightHrsModelNee R²: -0.5800
Epoch 21000 | Train Loss: 0.006479 | Val Loss: 0.006225 | Train R²: 0.7703 | Val R²: 0.7823 | NightHrsTrueNEE vs NightHrsModelReco R²: -0.3400 | NightHrsTrueNee vs NightHrsModelNee R²: -0.3200
Epoch 21500 | Train Loss: 0.005398 | Val Loss: 0.005187 | Train R²: 0.8086 | Val R²: 0.8186 | NightHrsTrueNEE vs NightHrsModelReco R²: -0.1100 | NightHrsTrueNee vs NightHrsModelNee R²: -0.1000
Epoch 22000 | Train Loss: 0.004590 | Val Loss: 0.004412 | Train R²: 0.8372 | Val R²: 0.8457 | NightHrsTrueNEE vs NightHrsModelReco R²: 0.0600 | NightHrsTrueNee vs NightHrsModelNee R²: 0.0700
Epoch 22500 | Train Loss: 0.003979 | Val Loss: 0.003822 | Train R²: 0.8589 | Val R²: 0.8663 | NightHrsTrueNEE vs NightHrsModelReco R²: 0.2000 | NightHrsTrueNee vs NightHrsModelNee R²: 0.2000
Epoch 23000 | Train Loss: 0.003511 | Val Loss: 0.003374 | Train R²: 0.8755 | Val R²: 0.8820 | NightHrsTrueNEE vs NightHrsModelReco R²: 0.3000 | NightHrsTrueNee vs NightHrsModelNee R²: 0.3100
Epoch 23500 | Train Loss: 0.003151 | Val Loss: 0.003030 | Train R²: 0.8883 | Val R²: 0.8940 | NightHrsTrueNEE vs NightHrsModelReco R²: 0.3800 | NightHrsTrueNee vs NightHrsModelNee R²: 0.3800
Epoch 24000 | Train Loss: 0.002867 | Val Loss: 0.002759 | Train R²: 0.8983 | Val R²: 0.9035 | NightHrsTrueNEE vs NightHrsModelReco R²: 0.4300 | NightHrsTrueNee vs NightHrsModelNee R²: 0.4300
Epoch 24500 | Train Loss: 0.002627 | Val Loss: 0.002530 | Train R²: 0.9069 | Val R²: 0.9115 | NightHrsTrueNEE vs NightHrsModelReco R²: 0.4700 | NightHrsTrueNee vs NightHrsModelNee R²: 0.4700
Epoch 25000 | Train Loss: 0.002404 | Val Loss: 0.002319 | Train R²: 0.9148 | Val R²: 0.9189 | NightHrsTrueNEE vs NightHrsModelReco R²: 0.5100 | NightHrsTrueNee vs NightHrsModelNee R²: 0.5100
Epoch 25500 | Train Loss: 0.002178 | Val Loss: 0.002107 | Train R²: 0.9228 | Val R²: 0.9263 | NightHrsTrueNEE vs NightHrsModelReco R²: 0.5500 | NightHrsTrueNee vs NightHrsModelNee R²: 0.5500
Epoch 26000 | Train Loss: 0.001952 | Val Loss: 0.001894 | Train R²: 0.9308 | Val R²: 0.9338 | NightHrsTrueNEE vs NightHrsModelReco R²: 0.5800 | NightHrsTrueNee vs NightHrsModelNee R²: 0.5800
Epoch 26500 | Train Loss: 0.001760 | Val Loss: 0.001711 | Train R²: 0.9376 | Val R²: 0.9402 | NightHrsTrueNEE vs NightHrsModelReco R²: 0.6100 | NightHrsTrueNee vs NightHrsModelNee R²: 0.6100
Epoch 27000 | Train Loss: 0.001619 | Val Loss: 0.001576 | Train R²: 0.9426 | Val R²: 0.9449 | NightHrsTrueNEE vs NightHrsModelReco R²: 0.6300 | NightHrsTrueNee vs NightHrsModelNee R²: 0.6300
Epoch 27500 | Train Loss: 0.001519 | Val Loss: 0.001481 | Train R²: 0.9461 | Val R²: 0.9482 | NightHrsTrueNEE vs NightHrsModelReco R²: 0.6500 | NightHrsTrueNee vs NightHrsModelNee R²: 0.6500
Epoch 28000 | Train Loss: 0.001449 | Val Loss: 0.001415 | Train R²: 0.9486 | Val R²: 0.9505 | NightHrsTrueNEE vs NightHrsModelReco R²: 0.6600 | NightHrsTrueNee vs NightHrsModelNee R²: 0.6600
Epoch 28500 | Train Loss: 0.001400 | Val Loss: 0.001368 | Train R²: 0.9503 | Val R²: 0.9521 | NightHrsTrueNEE vs NightHrsModelReco R²: 0.6700 | NightHrsTrueNee vs NightHrsModelNee R²: 0.6700
Epoch 29000 | Train Loss: 0.001364 | Val Loss: 0.001333 | Train R²: 0.9516 | Val R²: 0.9534 | NightHrsTrueNEE vs NightHrsModelReco R²: 0.6800 | NightHrsTrueNee vs NightHrsModelNee R²: 0.6800
Early stopping at epoch 29187 due to flat/negative trend (slope=0.000002)
Epoch 29187 | Train Loss: 0.001353 | Val Loss: 0.001323 | Train R²: 0.9520 | Val R²: 0.9537
Unpickling models
Following models have been loaded and moved to cuda:
trained gpp model:
 SNN_GPP_Tram(
  (net): Sequential(
    (0): Linear(in_features=11, out_features=12, bias=True)
    (1): Tanh()
    (2): Linear(in_features=12, out_features=1, bias=True)
    (3): Sigmoid()
  )
), trained_reco_model:
 SNN_GPP_Tram(
  (net): Sequential(
    (0): Linear(in_features=12, out_features=12, bias=True)
    (1): Tanh()
    (2): Linear(in_features=12, out_features=1, bias=True)
    (3): Sigmoid()
  )
)
using full data set for visualization
Un-normalizing the GPP and RECO predictions using NEE min: tensor([-28.6423]), NEE max: tensor([15.6103])



Metrics for the Tramontana, with
GPP inputs: ['SW_IN', 'VPD', 'TA', 'WTD', 'WS', 'PotRad', 'PotRadHalfHourlyDiff', 'PotRadDailyDiff', 'WD_COS', 'WD_SIN', 'GPP_PROX']
RECO inputs: ['DOY_sin', 'DOY_cos', 'TA', 'TS_1', 'TS_2', 'TS_3', 'TS_4', 'WTD', 'WS', 'WD_COS', 'WD_SIN', 'NIGHTLY_NEE_AVG']:
dt_gpp vs Tramontana_GPP R²=0.97 RMSE=0.94
nt_gpp vs Tramontana_GPP R²=0.95 RMSE=1.29
dt_reco vs Tramontana_RECO R²=0.56 RMSE=1.00
nt_reco vs Tramontana_RECO R²=0.69 RMSE=0.75
night_hours_true_nee vs Tramontana_night_hours_model_reco R²=0.67 RMSE=0.79
night_hours_true_nee vs Tramontana_night_hours_model_nee R²=0.67 RMSE=0.79
dt_gpp vs nt_gpp R²=0.94 RMSE=1.33
dt_reco vs nt_reco R²=0.71 RMSE=1.00

gpp_input_names,  ['SW_IN', 'VPD', 'TA', 'WTD', 'WS', 'PotRad', 'PotRadHalfHourlyDiff', 'PotRadDailyAvg', 'WD_COS', 'WD_SIN', 'GPP_PROX'] 
reco_input_names,  ['DOY_sin', 'DOY_cos', 'TA', 'TS_1', 'TS_2', 'TS_3', 'TS_4', 'WTD', 'WS', 'WD_COS', 'WD_SIN', 'NIGHTLY_NEE_AVG'] 
true_nee_name,  ['NEE'] 

Tramontana Running on GPU With hidden layer size of 12 Total epochs: 100000 lr: 0.001 patience: 500 min_delta 0.01
SNN_GPP_Tram(
  (net): Sequential(
    (0): Linear(in_features=11, out_features=12, bias=True)
    (1): Tanh()
    (2): Linear(in_features=12, out_features=1, bias=True)
    (3): Sigmoid()
  )
)
SNN_RECO_Tram(
  (net): Sequential(
    (0): Linear(in_features=12, out_features=12, bias=True)
    (1): Tanh()
    (2): Linear(in_features=12, out_features=1, bias=True)
    (3): Sigmoid()
  )
)
Params are min slope: 2e-06, trend window: 100
Epoch     0 | Train Loss: 39164.582031 | Val Loss: 39653.550781 | Train R²: -1388838.7500 | Val R²: -1386774.1250 | NightHrsTrueNEE vs NightHrsModelReco R²: -78.0300 | NightHrsTrueNee vs NightHrsModelNee R²: -243.0600
Epoch   500 | Train Loss: 317.047058 | Val Loss: 313.410919 | Train R²: -11242.0039 | Val R²: -10959.6953 | NightHrsTrueNEE vs NightHrsModelReco R²: -301.2300 | NightHrsTrueNee vs NightHrsModelNee R²: -292.6000
Epoch  1000 | Train Loss: 95.040291 | Val Loss: 94.297379 | Train R²: -3369.2832 | Val R²: -3296.7947 | NightHrsTrueNEE vs NightHrsModelReco R²: -329.3000 | NightHrsTrueNee vs NightHrsModelNee R²: -316.1800
Epoch  1500 | Train Loss: 44.508179 | Val Loss: 44.211620 | Train R²: -1577.3323 | Val R²: -1545.1812 | NightHrsTrueNEE vs NightHrsModelReco R²: -338.1400 | NightHrsTrueNee vs NightHrsModelNee R²: -325.2000
Epoch  2000 | Train Loss: 24.916246 | Val Loss: 24.755253 | Train R²: -882.5706 | Val R²: -864.7477 | NightHrsTrueNEE vs NightHrsModelReco R²: -342.2600 | NightHrsTrueNee vs NightHrsModelNee R²: -330.2400
Epoch  2500 | Train Loss: 15.354208 | Val Loss: 15.251169 | Train R²: -543.4851 | Val R²: -532.3682 | NightHrsTrueNEE vs NightHrsModelReco R²: -344.6000 | NightHrsTrueNee vs NightHrsModelNee R²: -333.5900
Epoch  3000 | Train Loss: 10.046123 | Val Loss: 9.973883 | Train R²: -355.2518 | Val R²: -347.8094 | NightHrsTrueNEE vs NightHrsModelReco R²: -346.0800 | NightHrsTrueNee vs NightHrsModelNee R²: -336.0400
Epoch  3500 | Train Loss: 6.851910 | Val Loss: 6.798613 | Train R²: -241.9799 | Val R²: -236.7630 | NightHrsTrueNEE vs NightHrsModelReco R²: -347.0800 | NightHrsTrueNee vs NightHrsModelNee R²: -337.9300
Epoch  4000 | Train Loss: 4.823978 | Val Loss: 4.783535 | Train R²: -170.0661 | Val R²: -166.2911 | NightHrsTrueNEE vs NightHrsModelReco R²: -347.7700 | NightHrsTrueNee vs NightHrsModelNee R²: -339.4400
Epoch  4500 | Train Loss: 3.488649 | Val Loss: 3.457524 | Train R²: -122.7132 | Val R²: -119.9175 | NightHrsTrueNEE vs NightHrsModelReco R²: -348.2500 | NightHrsTrueNee vs NightHrsModelNee R²: -340.6500
Epoch  5000 | Train Loss: 2.587258 | Val Loss: 2.563185 | Train R²: -90.7484 | Val R²: -88.6404 | NightHrsTrueNEE vs NightHrsModelReco R²: -348.5600 | NightHrsTrueNee vs NightHrsModelNee R²: -341.6200
Epoch  5500 | Train Loss: 1.968729 | Val Loss: 1.950137 | Train R²: -68.8143 | Val R²: -67.2007 | NightHrsTrueNEE vs NightHrsModelReco R²: -348.7000 | NightHrsTrueNee vs NightHrsModelNee R²: -342.3600
Epoch  6000 | Train Loss: 1.540037 | Val Loss: 1.525783 | Train R²: -53.6122 | Val R²: -52.3601 | NightHrsTrueNEE vs NightHrsModelReco R²: -348.6400 | NightHrsTrueNee vs NightHrsModelNee R²: -342.8400
Epoch  6500 | Train Loss: 1.241394 | Val Loss: 1.230605 | Train R²: -43.0218 | Val R²: -42.0371 | NightHrsTrueNEE vs NightHrsModelReco R²: -348.2200 | NightHrsTrueNee vs NightHrsModelNee R²: -342.9100
Epoch  7000 | Train Loss: 1.032699 | Val Loss: 1.024688 | Train R²: -35.6212 | Val R²: -34.8357 | NightHrsTrueNEE vs NightHrsModelReco R²: -346.8500 | NightHrsTrueNee vs NightHrsModelNee R²: -341.9900
Epoch  7500 | Train Loss: 0.881258 | Val Loss: 0.875352 | Train R²: -30.2508 | Val R²: -29.6131 | NightHrsTrueNEE vs NightHrsModelReco R²: -337.7700 | NightHrsTrueNee vs NightHrsModelNee R²: -333.3800
Epoch  8000 | Train Loss: 0.621988 | Val Loss: 0.619733 | Train R²: -21.0567 | Val R²: -20.6735 | NightHrsTrueNEE vs NightHrsModelReco R²: -158.2500 | NightHrsTrueNee vs NightHrsModelNee R²: -156.0300
Epoch  8500 | Train Loss: 0.453384 | Val Loss: 0.453289 | Train R²: -15.0777 | Val R²: -14.8525 | NightHrsTrueNEE vs NightHrsModelReco R²: -109.9900 | NightHrsTrueNee vs NightHrsModelNee R²: -108.1000
Epoch  9000 | Train Loss: 0.343820 | Val Loss: 0.344320 | Train R²: -11.1924 | Val R²: -11.0417 | NightHrsTrueNEE vs NightHrsModelReco R²: -81.0600 | NightHrsTrueNee vs NightHrsModelNee R²: -79.6000
Epoch  9500 | Train Loss: 0.260988 | Val Loss: 0.261520 | Train R²: -8.2550 | Val R²: -8.1460 | NightHrsTrueNEE vs NightHrsModelReco R²: -58.9400 | NightHrsTrueNee vs NightHrsModelNee R²: -57.8200
Epoch 10000 | Train Loss: 0.197661 | Val Loss: 0.198164 | Train R²: -6.0094 | Val R²: -5.9302 | NightHrsTrueNEE vs NightHrsModelReco R²: -42.9800 | NightHrsTrueNee vs NightHrsModelNee R²: -42.1100
Epoch 10500 | Train Loss: 0.149730 | Val Loss: 0.150272 | Train R²: -4.3097 | Val R²: -4.2554 | NightHrsTrueNEE vs NightHrsModelReco R²: -31.9000 | NightHrsTrueNee vs NightHrsModelNee R²: -31.2000
Epoch 11000 | Train Loss: 0.114040 | Val Loss: 0.114706 | Train R²: -3.0440 | Val R²: -3.0115 | NightHrsTrueNEE vs NightHrsModelReco R²: -24.3200 | NightHrsTrueNee vs NightHrsModelNee R²: -23.7500
Epoch 11500 | Train Loss: 0.087862 | Val Loss: 0.088646 | Train R²: -2.1157 | Val R²: -2.1001 | NightHrsTrueNEE vs NightHrsModelReco R²: -18.9500 | NightHrsTrueNee vs NightHrsModelNee R²: -18.4900
Epoch 12000 | Train Loss: 0.068776 | Val Loss: 0.069606 | Train R²: -1.4389 | Val R²: -1.4343 | NightHrsTrueNEE vs NightHrsModelReco R²: -14.9600 | NightHrsTrueNee vs NightHrsModelNee R²: -14.5800
Epoch 12500 | Train Loss: 0.054738 | Val Loss: 0.055546 | Train R²: -0.9411 | Val R²: -0.9426 | NightHrsTrueNEE vs NightHrsModelReco R²: -11.8200 | NightHrsTrueNee vs NightHrsModelNee R²: -11.5000
Epoch 13000 | Train Loss: 0.044383 | Val Loss: 0.045179 | Train R²: -0.5739 | Val R²: -0.5800 | NightHrsTrueNEE vs NightHrsModelReco R²: -9.4000 | NightHrsTrueNee vs NightHrsModelNee R²: -9.1400
Epoch 13500 | Train Loss: 0.036735 | Val Loss: 0.037481 | Train R²: -0.3027 | Val R²: -0.3108 | NightHrsTrueNEE vs NightHrsModelReco R²: -7.5500 | NightHrsTrueNee vs NightHrsModelNee R²: -7.3400
Epoch 14000 | Train Loss: 0.031070 | Val Loss: 0.031740 | Train R²: -0.1018 | Val R²: -0.1100 | NightHrsTrueNEE vs NightHrsModelReco R²: -6.0800 | NightHrsTrueNee vs NightHrsModelNee R²: -5.9100
Epoch 14500 | Train Loss: 0.026913 | Val Loss: 0.027509 | Train R²: 0.0456 | Val R²: 0.0380 | NightHrsTrueNEE vs NightHrsModelReco R²: -4.9300 | NightHrsTrueNee vs NightHrsModelNee R²: -4.8000
Epoch 15000 | Train Loss: 0.023873 | Val Loss: 0.024405 | Train R²: 0.1534 | Val R²: 0.1465 | NightHrsTrueNEE vs NightHrsModelReco R²: -4.0500 | NightHrsTrueNee vs NightHrsModelNee R²: -3.9400
Epoch 15500 | Train Loss: 0.021635 | Val Loss: 0.022107 | Train R²: 0.2328 | Val R²: 0.2269 | NightHrsTrueNEE vs NightHrsModelReco R²: -3.3600 | NightHrsTrueNee vs NightHrsModelNee R²: -3.2700
Epoch 16000 | Train Loss: 0.019970 | Val Loss: 0.020376 | Train R²: 0.2918 | Val R²: 0.2874 | NightHrsTrueNEE vs NightHrsModelReco R²: -2.8100 | NightHrsTrueNee vs NightHrsModelNee R²: -2.7300
Epoch 16500 | Train Loss: 0.018715 | Val Loss: 0.019052 | Train R²: 0.3363 | Val R²: 0.3337 | NightHrsTrueNEE vs NightHrsModelReco R²: -2.3800 | NightHrsTrueNee vs NightHrsModelNee R²: -2.3200
Epoch 17000 | Train Loss: 0.017777 | Val Loss: 0.018059 | Train R²: 0.3696 | Val R²: 0.3684 | NightHrsTrueNEE vs NightHrsModelReco R²: -2.0700 | NightHrsTrueNee vs NightHrsModelNee R²: -2.0200
Epoch 17500 | Train Loss: 0.017053 | Val Loss: 0.017301 | Train R²: 0.3953 | Val R²: 0.3949 | NightHrsTrueNEE vs NightHrsModelReco R²: -1.8400 | NightHrsTrueNee vs NightHrsModelNee R²: -1.8000
Epoch 18000 | Train Loss: 0.016434 | Val Loss: 0.016656 | Train R²: 0.4172 | Val R²: 0.4175 | NightHrsTrueNEE vs NightHrsModelReco R²: -1.6800 | NightHrsTrueNee vs NightHrsModelNee R²: -1.6400
Epoch 18500 | Train Loss: 0.015834 | Val Loss: 0.016033 | Train R²: 0.4385 | Val R²: 0.4393 | NightHrsTrueNEE vs NightHrsModelReco R²: -1.5600 | NightHrsTrueNee vs NightHrsModelNee R²: -1.5200
Epoch 19000 | Train Loss: 0.015179 | Val Loss: 0.015356 | Train R²: 0.4617 | Val R²: 0.4630 | NightHrsTrueNEE vs NightHrsModelReco R²: -1.4600 | NightHrsTrueNee vs NightHrsModelNee R²: -1.4300
Epoch 19500 | Train Loss: 0.014391 | Val Loss: 0.014546 | Train R²: 0.4897 | Val R²: 0.4913 | NightHrsTrueNEE vs NightHrsModelReco R²: -1.3900 | NightHrsTrueNee vs NightHrsModelNee R²: -1.3600
Epoch 20000 | Train Loss: 0.013381 | Val Loss: 0.013500 | Train R²: 0.5255 | Val R²: 0.5279 | NightHrsTrueNEE vs NightHrsModelReco R²: -1.3100 | NightHrsTrueNee vs NightHrsModelNee R²: -1.2900
Epoch 20500 | Train Loss: 0.012102 | Val Loss: 0.012166 | Train R²: 0.5708 | Val R²: 0.5745 | NightHrsTrueNEE vs NightHrsModelReco R²: -1.2200 | NightHrsTrueNee vs NightHrsModelNee R²: -1.2000
Epoch 21000 | Train Loss: 0.010525 | Val Loss: 0.010544 | Train R²: 0.6268 | Val R²: 0.6313 | NightHrsTrueNEE vs NightHrsModelReco R²: -1.1100 | NightHrsTrueNee vs NightHrsModelNee R²: -1.0900
Epoch 21500 | Train Loss: 0.008695 | Val Loss: 0.008691 | Train R²: 0.6917 | Val R²: 0.6960 | NightHrsTrueNEE vs NightHrsModelReco R²: -0.9100 | NightHrsTrueNee vs NightHrsModelNee R²: -0.8900
Epoch 22000 | Train Loss: 0.006843 | Val Loss: 0.006812 | Train R²: 0.7573 | Val R²: 0.7618 | NightHrsTrueNEE vs NightHrsModelReco R²: -0.6100 | NightHrsTrueNee vs NightHrsModelNee R²: -0.5900
Epoch 22500 | Train Loss: 0.005346 | Val Loss: 0.005299 | Train R²: 0.8104 | Val R²: 0.8147 | NightHrsTrueNEE vs NightHrsModelReco R²: -0.2700 | NightHrsTrueNee vs NightHrsModelNee R²: -0.2600
Epoch 23000 | Train Loss: 0.004258 | Val Loss: 0.004207 | Train R²: 0.8490 | Val R²: 0.8529 | NightHrsTrueNEE vs NightHrsModelReco R²: 0.0000 | NightHrsTrueNee vs NightHrsModelNee R²: 0.0100
Epoch 23500 | Train Loss: 0.003511 | Val Loss: 0.003454 | Train R²: 0.8755 | Val R²: 0.8792 | NightHrsTrueNEE vs NightHrsModelReco R²: 0.2000 | NightHrsTrueNee vs NightHrsModelNee R²: 0.2000
Epoch 24000 | Train Loss: 0.003029 | Val Loss: 0.002971 | Train R²: 0.8926 | Val R²: 0.8961 | NightHrsTrueNEE vs NightHrsModelReco R²: 0.3200 | NightHrsTrueNee vs NightHrsModelNee R²: 0.3200
Epoch 24500 | Train Loss: 0.002703 | Val Loss: 0.002650 | Train R²: 0.9042 | Val R²: 0.9073 | NightHrsTrueNEE vs NightHrsModelReco R²: 0.4000 | NightHrsTrueNee vs NightHrsModelNee R²: 0.4000
Epoch 25000 | Train Loss: 0.002445 | Val Loss: 0.002402 | Train R²: 0.9133 | Val R²: 0.9160 | NightHrsTrueNEE vs NightHrsModelReco R²: 0.4600 | NightHrsTrueNee vs NightHrsModelNee R²: 0.4600
Epoch 25500 | Train Loss: 0.002223 | Val Loss: 0.002186 | Train R²: 0.9212 | Val R²: 0.9235 | NightHrsTrueNEE vs NightHrsModelReco R²: 0.5000 | NightHrsTrueNee vs NightHrsModelNee R²: 0.5000
Epoch 26000 | Train Loss: 0.002028 | Val Loss: 0.001998 | Train R²: 0.9281 | Val R²: 0.9301 | NightHrsTrueNEE vs NightHrsModelReco R²: 0.5400 | NightHrsTrueNee vs NightHrsModelNee R²: 0.5400
Epoch 26500 | Train Loss: 0.001866 | Val Loss: 0.001841 | Train R²: 0.9338 | Val R²: 0.9356 | NightHrsTrueNEE vs NightHrsModelReco R²: 0.5700 | NightHrsTrueNee vs NightHrsModelNee R²: 0.5700
Epoch 27000 | Train Loss: 0.001736 | Val Loss: 0.001716 | Train R²: 0.9384 | Val R²: 0.9400 | NightHrsTrueNEE vs NightHrsModelReco R²: 0.5900 | NightHrsTrueNee vs NightHrsModelNee R²: 0.5900
Epoch 27500 | Train Loss: 0.001637 | Val Loss: 0.001619 | Train R²: 0.9420 | Val R²: 0.9434 | NightHrsTrueNEE vs NightHrsModelReco R²: 0.6100 | NightHrsTrueNee vs NightHrsModelNee R²: 0.6100
Epoch 28000 | Train Loss: 0.001560 | Val Loss: 0.001542 | Train R²: 0.9447 | Val R²: 0.9461 | NightHrsTrueNEE vs NightHrsModelReco R²: 0.6300 | NightHrsTrueNee vs NightHrsModelNee R²: 0.6300
Epoch 28500 | Train Loss: 0.001500 | Val Loss: 0.001481 | Train R²: 0.9468 | Val R²: 0.9482 | NightHrsTrueNEE vs NightHrsModelReco R²: 0.6500 | NightHrsTrueNee vs NightHrsModelNee R²: 0.6500
Epoch 29000 | Train Loss: 0.001452 | Val Loss: 0.001433 | Train R²: 0.9485 | Val R²: 0.9499 | NightHrsTrueNEE vs NightHrsModelReco R²: 0.6600 | NightHrsTrueNee vs NightHrsModelNee R²: 0.6600
Epoch 29500 | Train Loss: 0.001414 | Val Loss: 0.001394 | Train R²: 0.9499 | Val R²: 0.9512 | NightHrsTrueNEE vs NightHrsModelReco R²: 0.6700 | NightHrsTrueNee vs NightHrsModelNee R²: 0.6700
Early stopping at epoch 29989 due to flat/negative trend (slope=0.000002)
Epoch 29989 | Train Loss: 0.001383 | Val Loss: 0.001364 | Train R²: 0.9510 | Val R²: 0.9523
Unpickling models
Following models have been loaded and moved to cuda:
trained gpp model:
 SNN_GPP_Tram(
  (net): Sequential(
    (0): Linear(in_features=11, out_features=12, bias=True)
    (1): Tanh()
    (2): Linear(in_features=12, out_features=1, bias=True)
    (3): Sigmoid()
  )
), trained_reco_model:
 SNN_GPP_Tram(
  (net): Sequential(
    (0): Linear(in_features=12, out_features=12, bias=True)
    (1): Tanh()
    (2): Linear(in_features=12, out_features=1, bias=True)
    (3): Sigmoid()
  )
)
using full data set for visualization
Un-normalizing the GPP and RECO predictions using NEE min: tensor([-28.6423]), NEE max: tensor([15.6103])



Metrics for the Tramontana, with
GPP inputs: ['SW_IN', 'VPD', 'TA', 'WTD', 'WS', 'PotRad', 'PotRadHalfHourlyDiff', 'PotRadDailyAvg', 'WD_COS', 'WD_SIN', 'GPP_PROX']
RECO inputs: ['DOY_sin', 'DOY_cos', 'TA', 'TS_1', 'TS_2', 'TS_3', 'TS_4', 'WTD', 'WS', 'WD_COS', 'WD_SIN', 'NIGHTLY_NEE_AVG']:
dt_gpp vs Tramontana_GPP R²=0.97 RMSE=1.00
nt_gpp vs Tramontana_GPP R²=0.94 RMSE=1.35
dt_reco vs Tramontana_RECO R²=0.54 RMSE=1.02
nt_reco vs Tramontana_RECO R²=0.63 RMSE=0.81
night_hours_true_nee vs Tramontana_night_hours_model_reco R²=0.67 RMSE=0.80
night_hours_true_nee vs Tramontana_night_hours_model_nee R²=0.67 RMSE=0.80
dt_gpp vs nt_gpp R²=0.94 RMSE=1.33
dt_reco vs nt_reco R²=0.71 RMSE=1.00

gpp_input_names,  ['SW_IN', 'VPD', 'TA', 'WTD', 'WS', 'PotRad', 'PotRadHalfHourlyDiff', 'PotRadDailyAvg', 'PotRadDailyDiff', 'WD_SIN', 'GPP_PROX'] 
reco_input_names,  ['DOY_sin', 'DOY_cos', 'TA', 'TS_1', 'TS_2', 'TS_3', 'TS_4', 'WTD', 'WS', 'WD_COS', 'WD_SIN', 'NIGHTLY_NEE_AVG'] 
true_nee_name,  ['NEE'] 

Tramontana Running on GPU With hidden layer size of 12 Total epochs: 100000 lr: 0.001 patience: 500 min_delta 0.01
SNN_GPP_Tram(
  (net): Sequential(
    (0): Linear(in_features=11, out_features=12, bias=True)
    (1): Tanh()
    (2): Linear(in_features=12, out_features=1, bias=True)
    (3): Sigmoid()
  )
)
SNN_RECO_Tram(
  (net): Sequential(
    (0): Linear(in_features=12, out_features=12, bias=True)
    (1): Tanh()
    (2): Linear(in_features=12, out_features=1, bias=True)
    (3): Sigmoid()
  )
)
Params are min slope: 2e-06, trend window: 100
Epoch     0 | Train Loss: 36517.304688 | Val Loss: 37038.656250 | Train R²: -1294962.0000 | Val R²: -1295325.3750 | NightHrsTrueNEE vs NightHrsModelReco R²: -78.0700 | NightHrsTrueNee vs NightHrsModelNee R²: -242.0500
Epoch   500 | Train Loss: 321.237671 | Val Loss: 317.734436 | Train R²: -11390.6084 | Val R²: -11110.8984 | NightHrsTrueNEE vs NightHrsModelReco R²: -301.4600 | NightHrsTrueNee vs NightHrsModelNee R²: -293.1100
Epoch  1000 | Train Loss: 94.116066 | Val Loss: 93.277283 | Train R²: -3336.5085 | Val R²: -3261.1194 | NightHrsTrueNEE vs NightHrsModelReco R²: -328.9100 | NightHrsTrueNee vs NightHrsModelNee R²: -315.9600
Epoch  1500 | Train Loss: 43.560932 | Val Loss: 43.165627 | Train R²: -1543.7415 | Val R²: -1508.6005 | NightHrsTrueNEE vs NightHrsModelReco R²: -337.6400 | NightHrsTrueNee vs NightHrsModelNee R²: -324.9900
Epoch  2000 | Train Loss: 24.205786 | Val Loss: 23.965385 | Train R²: -857.3765 | Val R²: -837.1243 | NightHrsTrueNEE vs NightHrsModelReco R²: -341.7600 | NightHrsTrueNee vs NightHrsModelNee R²: -330.1000
Epoch  2500 | Train Loss: 14.837427 | Val Loss: 14.673213 | Train R²: -525.1593 | Val R²: -512.1558 | NightHrsTrueNEE vs NightHrsModelReco R²: -344.1200 | NightHrsTrueNee vs NightHrsModelNee R²: -333.5100
Epoch  3000 | Train Loss: 9.668643 | Val Loss: 9.549483 | Train R²: -341.8658 | Val R²: -332.9672 | NightHrsTrueNEE vs NightHrsModelReco R²: -345.6100 | NightHrsTrueNee vs NightHrsModelNee R²: -335.9900
Epoch  3500 | Train Loss: 6.573430 | Val Loss: 6.483964 | Train R²: -232.1045 | Val R²: -225.7590 | NightHrsTrueNEE vs NightHrsModelReco R²: -346.6100 | NightHrsTrueNee vs NightHrsModelNee R²: -337.8900
Epoch  4000 | Train Loss: 4.616494 | Val Loss: 4.547953 | Train R²: -162.7083 | Val R²: -158.0523 | NightHrsTrueNEE vs NightHrsModelReco R²: -347.2900 | NightHrsTrueNee vs NightHrsModelNee R²: -339.3700
Epoch  4500 | Train Loss: 3.332691 | Val Loss: 3.279545 | Train R²: -117.1826 | Val R²: -113.6932 | NightHrsTrueNEE vs NightHrsModelReco R²: -347.7400 | NightHrsTrueNee vs NightHrsModelNee R²: -340.5400
Epoch  5000 | Train Loss: 2.469093 | Val Loss: 2.427606 | Train R²: -86.5580 | Val R²: -83.8989 | NightHrsTrueNEE vs NightHrsModelReco R²: -347.9800 | NightHrsTrueNee vs NightHrsModelNee R²: -341.4200
Epoch  5500 | Train Loss: 1.878476 | Val Loss: 1.845993 | Train R²: -65.6138 | Val R²: -63.5586 | NightHrsTrueNEE vs NightHrsModelReco R²: -347.9900 | NightHrsTrueNee vs NightHrsModelNee R²: -342.0100
Epoch  6000 | Train Loss: 1.470429 | Val Loss: 1.444997 | Train R²: -51.1438 | Val R²: -49.5348 | NightHrsTrueNEE vs NightHrsModelReco R²: -347.6500 | NightHrsTrueNee vs NightHrsModelNee R²: -342.1900
Epoch  6500 | Train Loss: 1.186732 | Val Loss: 1.166884 | Train R²: -41.0834 | Val R²: -39.8086 | NightHrsTrueNEE vs NightHrsModelReco R²: -346.4600 | NightHrsTrueNee vs NightHrsModelNee R²: -341.4800
Epoch  7000 | Train Loss: 0.985834 | Val Loss: 0.970564 | Train R²: -33.9593 | Val R²: -32.9428 | NightHrsTrueNEE vs NightHrsModelReco R²: -340.7300 | NightHrsTrueNee vs NightHrsModelNee R²: -336.2100
Epoch  7500 | Train Loss: 0.777984 | Val Loss: 0.770002 | Train R²: -26.5886 | Val R²: -25.9287 | NightHrsTrueNEE vs NightHrsModelReco R²: -243.8600 | NightHrsTrueNee vs NightHrsModelNee R²: -240.7400
Epoch  8000 | Train Loss: 0.552938 | Val Loss: 0.548317 | Train R²: -18.6081 | Val R²: -18.1759 | NightHrsTrueNEE vs NightHrsModelReco R²: -134.2800 | NightHrsTrueNee vs NightHrsModelNee R²: -132.1800
Epoch  8500 | Train Loss: 0.425662 | Val Loss: 0.422906 | Train R²: -14.0947 | Val R²: -13.7900 | NightHrsTrueNEE vs NightHrsModelReco R²: -105.3000 | NightHrsTrueNee vs NightHrsModelNee R²: -103.5500
Epoch  9000 | Train Loss: 0.325088 | Val Loss: 0.323305 | Train R²: -10.5282 | Val R²: -10.3067 | NightHrsTrueNEE vs NightHrsModelReco R²: -76.0700 | NightHrsTrueNee vs NightHrsModelNee R²: -74.7500
Epoch  9500 | Train Loss: 0.247715 | Val Loss: 0.246306 | Train R²: -7.7844 | Val R²: -7.6139 | NightHrsTrueNEE vs NightHrsModelReco R²: -54.5200 | NightHrsTrueNee vs NightHrsModelNee R²: -53.5100
Epoch 10000 | Train Loss: 0.187782 | Val Loss: 0.186796 | Train R²: -5.6591 | Val R²: -5.5327 | NightHrsTrueNEE vs NightHrsModelReco R²: -39.8000 | NightHrsTrueNee vs NightHrsModelNee R²: -39.0100
Epoch 10500 | Train Loss: 0.141922 | Val Loss: 0.141385 | Train R²: -4.0328 | Val R²: -3.9445 | NightHrsTrueNEE vs NightHrsModelReco R²: -29.6700 | NightHrsTrueNee vs NightHrsModelNee R²: -29.0300
Epoch 11000 | Train Loss: 0.107996 | Val Loss: 0.107876 | Train R²: -2.8297 | Val R²: -2.7727 | NightHrsTrueNEE vs NightHrsModelReco R²: -22.7100 | NightHrsTrueNee vs NightHrsModelNee R²: -22.1900
Epoch 11500 | Train Loss: 0.083191 | Val Loss: 0.083356 | Train R²: -1.9501 | Val R²: -1.9152 | NightHrsTrueNEE vs NightHrsModelReco R²: -17.6600 | NightHrsTrueNee vs NightHrsModelNee R²: -17.2500
Epoch 12000 | Train Loss: 0.065055 | Val Loss: 0.065355 | Train R²: -1.3070 | Val R²: -1.2856 | NightHrsTrueNEE vs NightHrsModelReco R²: -13.8900 | NightHrsTrueNee vs NightHrsModelNee R²: -13.5500
Epoch 12500 | Train Loss: 0.051754 | Val Loss: 0.052069 | Train R²: -0.8353 | Val R²: -0.8210 | NightHrsTrueNEE vs NightHrsModelReco R²: -11.0100 | NightHrsTrueNee vs NightHrsModelNee R²: -10.7400
Epoch 13000 | Train Loss: 0.042005 | Val Loss: 0.042282 | Train R²: -0.4896 | Val R²: -0.4787 | NightHrsTrueNEE vs NightHrsModelReco R²: -8.7800 | NightHrsTrueNee vs NightHrsModelNee R²: -8.5500
Epoch 13500 | Train Loss: 0.034790 | Val Loss: 0.035015 | Train R²: -0.2337 | Val R²: -0.2245 | NightHrsTrueNEE vs NightHrsModelReco R²: -6.9700 | NightHrsTrueNee vs NightHrsModelNee R²: -6.7900
Epoch 14000 | Train Loss: 0.029404 | Val Loss: 0.029608 | Train R²: -0.0427 | Val R²: -0.0355 | NightHrsTrueNEE vs NightHrsModelReco R²: -5.5300 | NightHrsTrueNee vs NightHrsModelNee R²: -5.3900
Epoch 14500 | Train Loss: 0.025417 | Val Loss: 0.025589 | Train R²: 0.0987 | Val R²: 0.1051 | NightHrsTrueNEE vs NightHrsModelReco R²: -4.4800 | NightHrsTrueNee vs NightHrsModelNee R²: -4.3600
Epoch 15000 | Train Loss: 0.022455 | Val Loss: 0.022590 | Train R²: 0.2037 | Val R²: 0.2100 | NightHrsTrueNEE vs NightHrsModelReco R²: -3.6900 | NightHrsTrueNee vs NightHrsModelNee R²: -3.5900
Epoch 15500 | Train Loss: 0.020230 | Val Loss: 0.020345 | Train R²: 0.2826 | Val R²: 0.2885 | NightHrsTrueNEE vs NightHrsModelReco R²: -3.0700 | NightHrsTrueNee vs NightHrsModelNee R²: -2.9900
Epoch 16000 | Train Loss: 0.018578 | Val Loss: 0.018669 | Train R²: 0.3412 | Val R²: 0.3471 | NightHrsTrueNEE vs NightHrsModelReco R²: -2.6000 | NightHrsTrueNee vs NightHrsModelNee R²: -2.5400
Epoch 16500 | Train Loss: 0.017354 | Val Loss: 0.017425 | Train R²: 0.3846 | Val R²: 0.3906 | NightHrsTrueNEE vs NightHrsModelReco R²: -2.2600 | NightHrsTrueNee vs NightHrsModelNee R²: -2.2000
Epoch 17000 | Train Loss: 0.016412 | Val Loss: 0.016469 | Train R²: 0.4180 | Val R²: 0.4241 | NightHrsTrueNEE vs NightHrsModelReco R²: -1.9900 | NightHrsTrueNee vs NightHrsModelNee R²: -1.9400
Epoch 17500 | Train Loss: 0.015630 | Val Loss: 0.015671 | Train R²: 0.4457 | Val R²: 0.4519 | NightHrsTrueNEE vs NightHrsModelReco R²: -1.7900 | NightHrsTrueNee vs NightHrsModelNee R²: -1.7500
Epoch 18000 | Train Loss: 0.014904 | Val Loss: 0.014922 | Train R²: 0.4715 | Val R²: 0.4781 | NightHrsTrueNEE vs NightHrsModelReco R²: -1.6200 | NightHrsTrueNee vs NightHrsModelNee R²: -1.5900
Epoch 18500 | Train Loss: 0.014139 | Val Loss: 0.014122 | Train R²: 0.4986 | Val R²: 0.5061 | NightHrsTrueNEE vs NightHrsModelReco R²: -1.4800 | NightHrsTrueNee vs NightHrsModelNee R²: -1.4500
Epoch 19000 | Train Loss: 0.013258 | Val Loss: 0.013193 | Train R²: 0.5298 | Val R²: 0.5386 | NightHrsTrueNEE vs NightHrsModelReco R²: -1.3500 | NightHrsTrueNee vs NightHrsModelNee R²: -1.3200
Epoch 19500 | Train Loss: 0.012206 | Val Loss: 0.012083 | Train R²: 0.5671 | Val R²: 0.5774 | NightHrsTrueNEE vs NightHrsModelReco R²: -1.2200 | NightHrsTrueNee vs NightHrsModelNee R²: -1.2000
Epoch 20000 | Train Loss: 0.010965 | Val Loss: 0.010788 | Train R²: 0.6112 | Val R²: 0.6227 | NightHrsTrueNEE vs NightHrsModelReco R²: -1.0600 | NightHrsTrueNee vs NightHrsModelNee R²: -1.0400
Epoch 20500 | Train Loss: 0.009569 | Val Loss: 0.009351 | Train R²: 0.6607 | Val R²: 0.6730 | NightHrsTrueNEE vs NightHrsModelReco R²: -0.8600 | NightHrsTrueNee vs NightHrsModelNee R²: -0.8400
Epoch 21000 | Train Loss: 0.008136 | Val Loss: 0.007899 | Train R²: 0.7115 | Val R²: 0.7238 | NightHrsTrueNEE vs NightHrsModelReco R²: -0.6200 | NightHrsTrueNee vs NightHrsModelNee R²: -0.6100
Epoch 21500 | Train Loss: 0.006804 | Val Loss: 0.006570 | Train R²: 0.7587 | Val R²: 0.7702 | NightHrsTrueNEE vs NightHrsModelReco R²: -0.3800 | NightHrsTrueNee vs NightHrsModelNee R²: -0.3600
Epoch 22000 | Train Loss: 0.005645 | Val Loss: 0.005436 | Train R²: 0.7998 | Val R²: 0.8099 | NightHrsTrueNEE vs NightHrsModelReco R²: -0.1500 | NightHrsTrueNee vs NightHrsModelNee R²: -0.1400
Epoch 22500 | Train Loss: 0.004679 | Val Loss: 0.004497 | Train R²: 0.8341 | Val R²: 0.8427 | NightHrsTrueNEE vs NightHrsModelReco R²: 0.0400 | NightHrsTrueNee vs NightHrsModelNee R²: 0.0400
Epoch 23000 | Train Loss: 0.003908 | Val Loss: 0.003743 | Train R²: 0.8614 | Val R²: 0.8691 | NightHrsTrueNEE vs NightHrsModelReco R²: 0.1900 | NightHrsTrueNee vs NightHrsModelNee R²: 0.1900
Epoch 23500 | Train Loss: 0.003322 | Val Loss: 0.003167 | Train R²: 0.8822 | Val R²: 0.8892 | NightHrsTrueNEE vs NightHrsModelReco R²: 0.3100 | NightHrsTrueNee vs NightHrsModelNee R²: 0.3100
Epoch 24000 | Train Loss: 0.002895 | Val Loss: 0.002752 | Train R²: 0.8973 | Val R²: 0.9037 | NightHrsTrueNEE vs NightHrsModelReco R²: 0.4000 | NightHrsTrueNee vs NightHrsModelNee R²: 0.4000
Epoch 24500 | Train Loss: 0.002563 | Val Loss: 0.002441 | Train R²: 0.9091 | Val R²: 0.9146 | NightHrsTrueNEE vs NightHrsModelReco R²: 0.4600 | NightHrsTrueNee vs NightHrsModelNee R²: 0.4700
Epoch 25000 | Train Loss: 0.002295 | Val Loss: 0.002193 | Train R²: 0.9186 | Val R²: 0.9233 | NightHrsTrueNEE vs NightHrsModelReco R²: 0.5100 | NightHrsTrueNee vs NightHrsModelNee R²: 0.5100
Epoch 25500 | Train Loss: 0.002074 | Val Loss: 0.001989 | Train R²: 0.9265 | Val R²: 0.9305 | NightHrsTrueNEE vs NightHrsModelReco R²: 0.5500 | NightHrsTrueNee vs NightHrsModelNee R²: 0.5500
Epoch 26000 | Train Loss: 0.001891 | Val Loss: 0.001820 | Train R²: 0.9329 | Val R²: 0.9363 | NightHrsTrueNEE vs NightHrsModelReco R²: 0.5800 | NightHrsTrueNee vs NightHrsModelNee R²: 0.5800
Epoch 26500 | Train Loss: 0.001742 | Val Loss: 0.001684 | Train R²: 0.9382 | Val R²: 0.9411 | NightHrsTrueNEE vs NightHrsModelReco R²: 0.6100 | NightHrsTrueNee vs NightHrsModelNee R²: 0.6100
Epoch 27000 | Train Loss: 0.001624 | Val Loss: 0.001578 | Train R²: 0.9424 | Val R²: 0.9448 | NightHrsTrueNEE vs NightHrsModelReco R²: 0.6300 | NightHrsTrueNee vs NightHrsModelNee R²: 0.6300
Epoch 27500 | Train Loss: 0.001536 | Val Loss: 0.001499 | Train R²: 0.9455 | Val R²: 0.9476 | NightHrsTrueNEE vs NightHrsModelReco R²: 0.6500 | NightHrsTrueNee vs NightHrsModelNee R²: 0.6500
Epoch 28000 | Train Loss: 0.001470 | Val Loss: 0.001438 | Train R²: 0.9479 | Val R²: 0.9497 | NightHrsTrueNEE vs NightHrsModelReco R²: 0.6600 | NightHrsTrueNee vs NightHrsModelNee R²: 0.6600
Epoch 28500 | Train Loss: 0.001418 | Val Loss: 0.001390 | Train R²: 0.9497 | Val R²: 0.9514 | NightHrsTrueNEE vs NightHrsModelReco R²: 0.6700 | NightHrsTrueNee vs NightHrsModelNee R²: 0.6800
Epoch 29000 | Train Loss: 0.001376 | Val Loss: 0.001350 | Train R²: 0.9512 | Val R²: 0.9528 | NightHrsTrueNEE vs NightHrsModelReco R²: 0.6800 | NightHrsTrueNee vs NightHrsModelNee R²: 0.6800
Early stopping at epoch 29337 due to flat/negative trend (slope=0.000002)
Epoch 29337 | Train Loss: 0.001355 | Val Loss: 0.001330 | Train R²: 0.9520 | Val R²: 0.9535
Unpickling models
Following models have been loaded and moved to cuda:
trained gpp model:
 SNN_GPP_Tram(
  (net): Sequential(
    (0): Linear(in_features=11, out_features=12, bias=True)
    (1): Tanh()
    (2): Linear(in_features=12, out_features=1, bias=True)
    (3): Sigmoid()
  )
), trained_reco_model:
 SNN_GPP_Tram(
  (net): Sequential(
    (0): Linear(in_features=12, out_features=12, bias=True)
    (1): Tanh()
    (2): Linear(in_features=12, out_features=1, bias=True)
    (3): Sigmoid()
  )
)
using full data set for visualization
Un-normalizing the GPP and RECO predictions using NEE min: tensor([-28.6423]), NEE max: tensor([15.6103])



Metrics for the Tramontana, with
GPP inputs: ['SW_IN', 'VPD', 'TA', 'WTD', 'WS', 'PotRad', 'PotRadHalfHourlyDiff', 'PotRadDailyAvg', 'PotRadDailyDiff', 'WD_SIN', 'GPP_PROX']
RECO inputs: ['DOY_sin', 'DOY_cos', 'TA', 'TS_1', 'TS_2', 'TS_3', 'TS_4', 'WTD', 'WS', 'WD_COS', 'WD_SIN', 'NIGHTLY_NEE_AVG']:
dt_gpp vs Tramontana_GPP R²=0.97 RMSE=0.93
nt_gpp vs Tramontana_GPP R²=0.95 RMSE=1.29
dt_reco vs Tramontana_RECO R²=0.57 RMSE=0.99
nt_reco vs Tramontana_RECO R²=0.69 RMSE=0.75
night_hours_true_nee vs Tramontana_night_hours_model_reco R²=0.67 RMSE=0.79
night_hours_true_nee vs Tramontana_night_hours_model_nee R²=0.67 RMSE=0.79
dt_gpp vs nt_gpp R²=0.94 RMSE=1.33
dt_reco vs nt_reco R²=0.71 RMSE=1.00

gpp_input_names,  ['SW_IN', 'VPD', 'TA', 'WTD', 'WS', 'PotRad', 'PotRadHalfHourlyDiff', 'PotRadDailyAvg', 'PotRadDailyDiff', 'WD_COS', 'GPP_PROX'] 
reco_input_names,  ['DOY_sin', 'DOY_cos', 'TA', 'TS_1', 'TS_2', 'TS_3', 'TS_4', 'WTD', 'WS', 'WD_COS', 'WD_SIN', 'NIGHTLY_NEE_AVG'] 
true_nee_name,  ['NEE'] 

Tramontana Running on GPU With hidden layer size of 12 Total epochs: 100000 lr: 0.001 patience: 500 min_delta 0.01
SNN_GPP_Tram(
  (net): Sequential(
    (0): Linear(in_features=11, out_features=12, bias=True)
    (1): Tanh()
    (2): Linear(in_features=12, out_features=1, bias=True)
    (3): Sigmoid()
  )
)
SNN_RECO_Tram(
  (net): Sequential(
    (0): Linear(in_features=12, out_features=12, bias=True)
    (1): Tanh()
    (2): Linear(in_features=12, out_features=1, bias=True)
    (3): Sigmoid()
  )
)
Params are min slope: 2e-06, trend window: 100
Epoch     0 | Train Loss: 37184.167969 | Val Loss: 37728.000000 | Train R²: -1318609.8750 | Val R²: -1319433.1250 | NightHrsTrueNEE vs NightHrsModelReco R²: -78.0800 | NightHrsTrueNee vs NightHrsModelNee R²: -237.2400
Epoch   500 | Train Loss: 301.980560 | Val Loss: 305.057983 | Train R²: -10707.7207 | Val R²: -10667.5723 | NightHrsTrueNEE vs NightHrsModelReco R²: -292.0400 | NightHrsTrueNee vs NightHrsModelNee R²: -280.4800
Epoch  1000 | Train Loss: 88.049301 | Val Loss: 88.298103 | Train R²: -3121.3711 | Val R²: -3086.9861 | NightHrsTrueNEE vs NightHrsModelReco R²: -323.7700 | NightHrsTrueNee vs NightHrsModelNee R²: -311.0400
Epoch  1500 | Train Loss: 40.862911 | Val Loss: 40.756191 | Train R²: -1448.0653 | Val R²: -1424.3370 | NightHrsTrueNEE vs NightHrsModelReco R²: -334.2900 | NightHrsTrueNee vs NightHrsModelNee R²: -322.6800
Epoch  2000 | Train Loss: 22.801195 | Val Loss: 22.643454 | Train R²: -807.5674 | Val R²: -790.8933 | NightHrsTrueNEE vs NightHrsModelReco R²: -339.2800 | NightHrsTrueNee vs NightHrsModelNee R²: -328.8500
Epoch  2500 | Train Loss: 14.040154 | Val Loss: 13.892210 | Train R²: -496.8867 | Val R²: -484.8423 | NightHrsTrueNEE vs NightHrsModelReco R²: -342.1100 | NightHrsTrueNee vs NightHrsModelNee R²: -332.7400
Epoch  3000 | Train Loss: 9.192122 | Val Loss: 9.066374 | Train R²: -324.9676 | Val R²: -316.0718 | NightHrsTrueNEE vs NightHrsModelReco R²: -343.8800 | NightHrsTrueNee vs NightHrsModelNee R²: -335.4400
Epoch  3500 | Train Loss: 6.279624 | Val Loss: 6.176406 | Train R²: -221.6857 | Val R²: -215.0030 | NightHrsTrueNEE vs NightHrsModelReco R²: -345.0400 | NightHrsTrueNee vs NightHrsModelNee R²: -337.4000
Epoch  4000 | Train Loss: 4.432156 | Val Loss: 4.348756 | Train R²: -156.1714 | Val R²: -151.0859 | NightHrsTrueNEE vs NightHrsModelReco R²: -345.7900 | NightHrsTrueNee vs NightHrsModelNee R²: -338.8500
Epoch  4500 | Train Loss: 3.216201 | Val Loss: 3.149398 | Train R²: -113.0517 | Val R²: -109.1416 | NightHrsTrueNEE vs NightHrsModelReco R²: -346.2100 | NightHrsTrueNee vs NightHrsModelNee R²: -339.8800
Epoch  5000 | Train Loss: 2.395565 | Val Loss: 2.342385 | Train R²: -83.9506 | Val R²: -80.9185 | NightHrsTrueNEE vs NightHrsModelReco R²: -346.2800 | NightHrsTrueNee vs NightHrsModelNee R²: -340.5100
Epoch  5500 | Train Loss: 1.832373 | Val Loss: 1.790267 | Train R²: -63.9789 | Val R²: -61.6097 | NightHrsTrueNEE vs NightHrsModelReco R²: -345.8700 | NightHrsTrueNee vs NightHrsModelNee R²: -340.5900
Epoch  6000 | Train Loss: 1.441386 | Val Loss: 1.408254 | Train R²: -50.1139 | Val R²: -48.2498 | NightHrsTrueNEE vs NightHrsModelReco R²: -344.3400 | NightHrsTrueNee vs NightHrsModelNee R²: -339.5200
Epoch  6500 | Train Loss: 1.164692 | Val Loss: 1.138932 | Train R²: -40.3019 | Val R²: -38.8310 | NightHrsTrueNEE vs NightHrsModelReco R²: -337.4200 | NightHrsTrueNee vs NightHrsModelNee R²: -333.0700
Epoch  7000 | Train Loss: 0.904463 | Val Loss: 0.887312 | Train R²: -31.0737 | Val R²: -30.0313 | NightHrsTrueNEE vs NightHrsModelReco R²: -239.3100 | NightHrsTrueNee vs NightHrsModelNee R²: -236.3400
Epoch  7500 | Train Loss: 0.659618 | Val Loss: 0.646786 | Train R²: -22.3911 | Val R²: -21.6196 | NightHrsTrueNEE vs NightHrsModelReco R²: -145.5900 | NightHrsTrueNee vs NightHrsModelNee R²: -143.5000
Epoch  8000 | Train Loss: 0.511888 | Val Loss: 0.503549 | Train R²: -17.1524 | Val R²: -16.6103 | NightHrsTrueNEE vs NightHrsModelReco R²: -119.5100 | NightHrsTrueNee vs NightHrsModelNee R²: -117.6700
Epoch  8500 | Train Loss: 0.396937 | Val Loss: 0.391639 | Train R²: -13.0760 | Val R²: -12.6965 | NightHrsTrueNEE vs NightHrsModelReco R²: -94.0900 | NightHrsTrueNee vs NightHrsModelNee R²: -92.5900
Epoch  9000 | Train Loss: 0.307309 | Val Loss: 0.303865 | Train R²: -9.8977 | Val R²: -9.6269 | NightHrsTrueNEE vs NightHrsModelReco R²: -72.1700 | NightHrsTrueNee vs NightHrsModelNee R²: -70.9800
Epoch  9500 | Train Loss: 0.236611 | Val Loss: 0.234271 | Train R²: -7.3906 | Val R²: -7.1930 | NightHrsTrueNEE vs NightHrsModelReco R²: -53.7400 | NightHrsTrueNee vs NightHrsModelNee R²: -52.8100
Epoch 10000 | Train Loss: 0.180784 | Val Loss: 0.179123 | Train R²: -5.4109 | Val R²: -5.2643 | NightHrsTrueNEE vs NightHrsModelReco R²: -39.3600 | NightHrsTrueNee vs NightHrsModelNee R²: -38.6200
Epoch 10500 | Train Loss: 0.138009 | Val Loss: 0.136960 | Train R²: -3.8940 | Val R²: -3.7898 | NightHrsTrueNEE vs NightHrsModelReco R²: -29.5800 | NightHrsTrueNee vs NightHrsModelNee R²: -28.9800
Epoch 11000 | Train Loss: 0.105957 | Val Loss: 0.105428 | Train R²: -2.7574 | Val R²: -2.6871 | NightHrsTrueNEE vs NightHrsModelReco R²: -22.7600 | NightHrsTrueNee vs NightHrsModelNee R²: -22.2600
Epoch 11500 | Train Loss: 0.082218 | Val Loss: 0.082069 | Train R²: -1.9156 | Val R²: -1.8701 | NightHrsTrueNEE vs NightHrsModelReco R²: -17.7600 | NightHrsTrueNee vs NightHrsModelNee R²: -17.3500
Epoch 12000 | Train Loss: 0.064659 | Val Loss: 0.064728 | Train R²: -1.2929 | Val R²: -1.2637 | NightHrsTrueNEE vs NightHrsModelReco R²: -13.9700 | NightHrsTrueNee vs NightHrsModelNee R²: -13.6300
Epoch 12500 | Train Loss: 0.051618 | Val Loss: 0.051779 | Train R²: -0.8305 | Val R²: -0.8108 | NightHrsTrueNEE vs NightHrsModelReco R²: -11.0100 | NightHrsTrueNee vs NightHrsModelNee R²: -10.7300
Epoch 13000 | Train Loss: 0.042032 | Val Loss: 0.042233 | Train R²: -0.4905 | Val R²: -0.4770 | NightHrsTrueNEE vs NightHrsModelReco R²: -8.7300 | NightHrsTrueNee vs NightHrsModelNee R²: -8.5000
Epoch 13500 | Train Loss: 0.034999 | Val Loss: 0.035210 | Train R²: -0.2411 | Val R²: -0.2314 | NightHrsTrueNEE vs NightHrsModelReco R²: -6.9900 | NightHrsTrueNee vs NightHrsModelNee R²: -6.8000
Epoch 14000 | Train Loss: 0.029804 | Val Loss: 0.030003 | Train R²: -0.0569 | Val R²: -0.0493 | NightHrsTrueNEE vs NightHrsModelReco R²: -5.6300 | NightHrsTrueNee vs NightHrsModelNee R²: -5.4800
Epoch 14500 | Train Loss: 0.025942 | Val Loss: 0.026126 | Train R²: 0.0801 | Val R²: 0.0863 | NightHrsTrueNEE vs NightHrsModelReco R²: -4.5800 | NightHrsTrueNee vs NightHrsModelNee R²: -4.4500
Epoch 15000 | Train Loss: 0.023046 | Val Loss: 0.023218 | Train R²: 0.1827 | Val R²: 0.1880 | NightHrsTrueNEE vs NightHrsModelReco R²: -3.7600 | NightHrsTrueNee vs NightHrsModelNee R²: -3.6500
Epoch 15500 | Train Loss: 0.020875 | Val Loss: 0.021039 | Train R²: 0.2598 | Val R²: 0.2642 | NightHrsTrueNEE vs NightHrsModelReco R²: -3.1400 | NightHrsTrueNee vs NightHrsModelNee R²: -3.0500
Epoch 16000 | Train Loss: 0.019250 | Val Loss: 0.019405 | Train R²: 0.3174 | Val R²: 0.3214 | NightHrsTrueNEE vs NightHrsModelReco R²: -2.6800 | NightHrsTrueNee vs NightHrsModelNee R²: -2.6000
Epoch 16500 | Train Loss: 0.018017 | Val Loss: 0.018157 | Train R²: 0.3611 | Val R²: 0.3650 | NightHrsTrueNEE vs NightHrsModelReco R²: -2.3200 | NightHrsTrueNee vs NightHrsModelNee R²: -2.2600
Epoch 17000 | Train Loss: 0.017047 | Val Loss: 0.017170 | Train R²: 0.3955 | Val R²: 0.3995 | NightHrsTrueNEE vs NightHrsModelReco R²: -2.0400 | NightHrsTrueNee vs NightHrsModelNee R²: -1.9900
Epoch 17500 | Train Loss: 0.016226 | Val Loss: 0.016331 | Train R²: 0.4246 | Val R²: 0.4289 | NightHrsTrueNEE vs NightHrsModelReco R²: -1.8300 | NightHrsTrueNee vs NightHrsModelNee R²: -1.7800
Epoch 18000 | Train Loss: 0.015449 | Val Loss: 0.015539 | Train R²: 0.4522 | Val R²: 0.4566 | NightHrsTrueNEE vs NightHrsModelReco R²: -1.6500 | NightHrsTrueNee vs NightHrsModelNee R²: -1.6200
Epoch 18500 | Train Loss: 0.014629 | Val Loss: 0.014700 | Train R²: 0.4812 | Val R²: 0.4859 | NightHrsTrueNEE vs NightHrsModelReco R²: -1.5200 | NightHrsTrueNee vs NightHrsModelNee R²: -1.4900
Epoch 19000 | Train Loss: 0.013687 | Val Loss: 0.013723 | Train R²: 0.5146 | Val R²: 0.5201 | NightHrsTrueNEE vs NightHrsModelReco R²: -1.4200 | NightHrsTrueNee vs NightHrsModelNee R²: -1.3900
Epoch 19500 | Train Loss: 0.012550 | Val Loss: 0.012527 | Train R²: 0.5550 | Val R²: 0.5619 | NightHrsTrueNEE vs NightHrsModelReco R²: -1.3100 | NightHrsTrueNee vs NightHrsModelNee R²: -1.2800
Epoch 20000 | Train Loss: 0.011193 | Val Loss: 0.011105 | Train R²: 0.6031 | Val R²: 0.6116 | NightHrsTrueNEE vs NightHrsModelReco R²: -1.1600 | NightHrsTrueNee vs NightHrsModelNee R²: -1.1400
Epoch 20500 | Train Loss: 0.009669 | Val Loss: 0.009517 | Train R²: 0.6571 | Val R²: 0.6672 | NightHrsTrueNEE vs NightHrsModelReco R²: -0.9400 | NightHrsTrueNee vs NightHrsModelNee R²: -0.9200
Epoch 21000 | Train Loss: 0.008113 | Val Loss: 0.007950 | Train R²: 0.7123 | Val R²: 0.7220 | NightHrsTrueNEE vs NightHrsModelReco R²: -0.6700 | NightHrsTrueNee vs NightHrsModelNee R²: -0.6600
Epoch 21500 | Train Loss: 0.006707 | Val Loss: 0.006547 | Train R²: 0.7622 | Val R²: 0.7710 | NightHrsTrueNEE vs NightHrsModelReco R²: -0.4300 | NightHrsTrueNee vs NightHrsModelNee R²: -0.4200
Epoch 22000 | Train Loss: 0.005541 | Val Loss: 0.005390 | Train R²: 0.8035 | Val R²: 0.8115 | NightHrsTrueNEE vs NightHrsModelReco R²: -0.1900 | NightHrsTrueNee vs NightHrsModelNee R²: -0.1800
Epoch 22500 | Train Loss: 0.004592 | Val Loss: 0.004442 | Train R²: 0.8372 | Val R²: 0.8447 | NightHrsTrueNEE vs NightHrsModelReco R²: 0.0200 | NightHrsTrueNee vs NightHrsModelNee R²: 0.0200
Epoch 23000 | Train Loss: 0.003844 | Val Loss: 0.003695 | Train R²: 0.8637 | Val R²: 0.8708 | NightHrsTrueNEE vs NightHrsModelReco R²: 0.1900 | NightHrsTrueNee vs NightHrsModelNee R²: 0.1900
Epoch 23500 | Train Loss: 0.003288 | Val Loss: 0.003151 | Train R²: 0.8834 | Val R²: 0.8898 | NightHrsTrueNEE vs NightHrsModelReco R²: 0.3100 | NightHrsTrueNee vs NightHrsModelNee R²: 0.3100
Epoch 24000 | Train Loss: 0.002881 | Val Loss: 0.002762 | Train R²: 0.8978 | Val R²: 0.9034 | NightHrsTrueNEE vs NightHrsModelReco R²: 0.3800 | NightHrsTrueNee vs NightHrsModelNee R²: 0.3900
Epoch 24500 | Train Loss: 0.002567 | Val Loss: 0.002465 | Train R²: 0.9090 | Val R²: 0.9138 | NightHrsTrueNEE vs NightHrsModelReco R²: 0.4400 | NightHrsTrueNee vs NightHrsModelNee R²: 0.4400
Epoch 25000 | Train Loss: 0.002303 | Val Loss: 0.002215 | Train R²: 0.9183 | Val R²: 0.9225 | NightHrsTrueNEE vs NightHrsModelReco R²: 0.4900 | NightHrsTrueNee vs NightHrsModelNee R²: 0.4900
Epoch 25500 | Train Loss: 0.002077 | Val Loss: 0.002001 | Train R²: 0.9264 | Val R²: 0.9300 | NightHrsTrueNEE vs NightHrsModelReco R²: 0.5300 | NightHrsTrueNee vs NightHrsModelNee R²: 0.5300
Epoch 26000 | Train Loss: 0.001883 | Val Loss: 0.001819 | Train R²: 0.9332 | Val R²: 0.9364 | NightHrsTrueNEE vs NightHrsModelReco R²: 0.5700 | NightHrsTrueNee vs NightHrsModelNee R²: 0.5700
Epoch 26500 | Train Loss: 0.001726 | Val Loss: 0.001670 | Train R²: 0.9388 | Val R²: 0.9416 | NightHrsTrueNEE vs NightHrsModelReco R²: 0.6000 | NightHrsTrueNee vs NightHrsModelNee R²: 0.6000
Epoch 27000 | Train Loss: 0.001604 | Val Loss: 0.001556 | Train R²: 0.9431 | Val R²: 0.9456 | NightHrsTrueNEE vs NightHrsModelReco R²: 0.6300 | NightHrsTrueNee vs NightHrsModelNee R²: 0.6300
Epoch 27500 | Train Loss: 0.001515 | Val Loss: 0.001471 | Train R²: 0.9463 | Val R²: 0.9485 | NightHrsTrueNEE vs NightHrsModelReco R²: 0.6500 | NightHrsTrueNee vs NightHrsModelNee R²: 0.6500
Epoch 28000 | Train Loss: 0.001451 | Val Loss: 0.001411 | Train R²: 0.9485 | Val R²: 0.9506 | NightHrsTrueNEE vs NightHrsModelReco R²: 0.6600 | NightHrsTrueNee vs NightHrsModelNee R²: 0.6600
Epoch 28500 | Train Loss: 0.001406 | Val Loss: 0.001369 | Train R²: 0.9502 | Val R²: 0.9521 | NightHrsTrueNEE vs NightHrsModelReco R²: 0.6700 | NightHrsTrueNee vs NightHrsModelNee R²: 0.6700
Early stopping at epoch 28866 due to flat/negative trend (slope=0.000002)
Epoch 28866 | Train Loss: 0.001380 | Val Loss: 0.001346 | Train R²: 0.9511 | Val R²: 0.9529
Unpickling models
Following models have been loaded and moved to cuda:
trained gpp model:
 SNN_GPP_Tram(
  (net): Sequential(
    (0): Linear(in_features=11, out_features=12, bias=True)
    (1): Tanh()
    (2): Linear(in_features=12, out_features=1, bias=True)
    (3): Sigmoid()
  )
), trained_reco_model:
 SNN_GPP_Tram(
  (net): Sequential(
    (0): Linear(in_features=12, out_features=12, bias=True)
    (1): Tanh()
    (2): Linear(in_features=12, out_features=1, bias=True)
    (3): Sigmoid()
  )
)
using full data set for visualization
Un-normalizing the GPP and RECO predictions using NEE min: tensor([-28.6423]), NEE max: tensor([15.6103])



Metrics for the Tramontana, with
GPP inputs: ['SW_IN', 'VPD', 'TA', 'WTD', 'WS', 'PotRad', 'PotRadHalfHourlyDiff', 'PotRadDailyAvg', 'PotRadDailyDiff', 'WD_COS', 'GPP_PROX']
RECO inputs: ['DOY_sin', 'DOY_cos', 'TA', 'TS_1', 'TS_2', 'TS_3', 'TS_4', 'WTD', 'WS', 'WD_COS', 'WD_SIN', 'NIGHTLY_NEE_AVG']:
dt_gpp vs Tramontana_GPP R²=0.97 RMSE=0.97
nt_gpp vs Tramontana_GPP R²=0.94 RMSE=1.32
dt_reco vs Tramontana_RECO R²=0.55 RMSE=1.02
nt_reco vs Tramontana_RECO R²=0.67 RMSE=0.77
night_hours_true_nee vs Tramontana_night_hours_model_reco R²=0.67 RMSE=0.80
night_hours_true_nee vs Tramontana_night_hours_model_nee R²=0.67 RMSE=0.80
dt_gpp vs nt_gpp R²=0.94 RMSE=1.33
dt_reco vs nt_reco R²=0.71 RMSE=1.00

gpp_input_names,  ['SW_IN', 'VPD', 'TA', 'WTD', 'WS', 'PotRad', 'PotRadHalfHourlyDiff', 'PotRadDailyAvg', 'PotRadDailyDiff', 'WD_COS', 'WD_SIN'] 
reco_input_names,  ['DOY_sin', 'DOY_cos', 'TA', 'TS_1', 'TS_2', 'TS_3', 'TS_4', 'WTD', 'WS', 'WD_COS', 'WD_SIN', 'NIGHTLY_NEE_AVG'] 
true_nee_name,  ['NEE'] 

Tramontana Running on GPU With hidden layer size of 12 Total epochs: 100000 lr: 0.001 patience: 500 min_delta 0.01
SNN_GPP_Tram(
  (net): Sequential(
    (0): Linear(in_features=11, out_features=12, bias=True)
    (1): Tanh()
    (2): Linear(in_features=12, out_features=1, bias=True)
    (3): Sigmoid()
  )
)
SNN_RECO_Tram(
  (net): Sequential(
    (0): Linear(in_features=12, out_features=12, bias=True)
    (1): Tanh()
    (2): Linear(in_features=12, out_features=1, bias=True)
    (3): Sigmoid()
  )
)
Params are min slope: 2e-06, trend window: 100
Epoch     0 | Train Loss: 37452.968750 | Val Loss: 37921.601562 | Train R²: -1328142.1250 | Val R²: -1326203.8750 | NightHrsTrueNEE vs NightHrsModelReco R²: -78.0800 | NightHrsTrueNee vs NightHrsModelNee R²: -246.3600
Epoch   500 | Train Loss: 336.885681 | Val Loss: 335.947144 | Train R²: -11945.5127 | Val R²: -11747.8379 | NightHrsTrueNEE vs NightHrsModelReco R²: -304.7900 | NightHrsTrueNee vs NightHrsModelNee R²: -298.5200
Epoch  1000 | Train Loss: 97.521561 | Val Loss: 97.612991 | Train R²: -3457.2729 | Val R²: -3412.7495 | NightHrsTrueNEE vs NightHrsModelReco R²: -331.0700 | NightHrsTrueNee vs NightHrsModelNee R²: -318.3700
Epoch  1500 | Train Loss: 44.650146 | Val Loss: 44.698818 | Train R²: -1582.3666 | Val R²: -1562.2196 | NightHrsTrueNEE vs NightHrsModelReco R²: -339.0800 | NightHrsTrueNee vs NightHrsModelNee R²: -326.0600
Epoch  2000 | Train Loss: 24.590651 | Val Loss: 24.596607 | Train R²: -871.0245 | Val R²: -859.1995 | NightHrsTrueNEE vs NightHrsModelReco R²: -342.8400 | NightHrsTrueNee vs NightHrsModelNee R²: -330.5700
Epoch  2500 | Train Loss: 14.958219 | Val Loss: 14.943635 | Train R²: -529.4427 | Val R²: -521.6130 | NightHrsTrueNEE vs NightHrsModelReco R²: -344.9900 | NightHrsTrueNee vs NightHrsModelNee R²: -333.6900
Epoch  3000 | Train Loss: 9.680173 | Val Loss: 9.657263 | Train R²: -342.2747 | Val R²: -336.7365 | NightHrsTrueNEE vs NightHrsModelReco R²: -346.3700 | NightHrsTrueNee vs NightHrsModelNee R²: -336.0400
Epoch  3500 | Train Loss: 6.538672 | Val Loss: 6.513475 | Train R²: -230.8719 | Val R²: -226.7911 | NightHrsTrueNEE vs NightHrsModelReco R²: -347.3100 | NightHrsTrueNee vs NightHrsModelNee R²: -337.9000
Epoch  4000 | Train Loss: 4.563344 | Val Loss: 4.538773 | Train R²: -160.8236 | Val R²: -157.7312 | NightHrsTrueNEE vs NightHrsModelReco R²: -347.9700 | NightHrsTrueNee vs NightHrsModelNee R²: -339.4000
Epoch  4500 | Train Loss: 3.274061 | Val Loss: 3.251462 | Train R²: -115.1035 | Val R²: -112.7110 | NightHrsTrueNEE vs NightHrsModelReco R²: -348.4400 | NightHrsTrueNee vs NightHrsModelNee R²: -340.6300
Epoch  5000 | Train Loss: 2.410979 | Val Loss: 2.390888 | Train R²: -84.4972 | Val R²: -82.6148 | NightHrsTrueNEE vs NightHrsModelReco R²: -348.7600 | NightHrsTrueNee vs NightHrsModelNee R²: -341.6400
Epoch  5500 | Train Loss: 1.823573 | Val Loss: 1.806110 | Train R²: -63.6669 | Val R²: -62.1638 | NightHrsTrueNEE vs NightHrsModelReco R²: -348.9300 | NightHrsTrueNee vs NightHrsModelNee R²: -342.4300
Epoch  6000 | Train Loss: 1.419849 | Val Loss: 1.404920 | Train R²: -49.3501 | Val R²: -48.1333 | NightHrsTrueNEE vs NightHrsModelReco R²: -348.9400 | NightHrsTrueNee vs NightHrsModelNee R²: -343.0000
Epoch  6500 | Train Loss: 1.141133 | Val Loss: 1.128538 | Train R²: -39.4664 | Val R²: -38.4676 | NightHrsTrueNEE vs NightHrsModelReco R²: -348.7200 | NightHrsTrueNee vs NightHrsModelNee R²: -343.2900
Epoch  7000 | Train Loss: 0.948579 | Val Loss: 0.938075 | Train R²: -32.6381 | Val R²: -31.8066 | NightHrsTrueNEE vs NightHrsModelReco R²: -348.0300 | NightHrsTrueNee vs NightHrsModelNee R²: -343.0500
Epoch  7500 | Train Loss: 0.814977 | Val Loss: 0.806337 | Train R²: -27.9004 | Val R²: -27.1994 | NightHrsTrueNEE vs NightHrsModelReco R²: -345.7200 | NightHrsTrueNee vs NightHrsModelNee R²: -341.1600
Epoch  8000 | Train Loss: 0.686583 | Val Loss: 0.680480 | Train R²: -23.3473 | Val R²: -22.7979 | NightHrsTrueNEE vs NightHrsModelReco R²: -299.7800 | NightHrsTrueNee vs NightHrsModelNee R²: -296.0700
Epoch  8500 | Train Loss: 0.451566 | Val Loss: 0.449214 | Train R²: -15.0133 | Val R²: -14.7100 | NightHrsTrueNEE vs NightHrsModelReco R²: -123.5800 | NightHrsTrueNee vs NightHrsModelNee R²: -121.7800
Epoch  9000 | Train Loss: 0.332293 | Val Loss: 0.330796 | Train R²: -10.7836 | Val R²: -10.5687 | NightHrsTrueNEE vs NightHrsModelReco R²: -78.1800 | NightHrsTrueNee vs NightHrsModelNee R²: -76.8200
Epoch  9500 | Train Loss: 0.247942 | Val Loss: 0.246517 | Train R²: -7.7924 | Val R²: -7.6212 | NightHrsTrueNEE vs NightHrsModelReco R²: -53.4600 | NightHrsTrueNee vs NightHrsModelNee R²: -52.4400
Epoch 10000 | Train Loss: 0.185368 | Val Loss: 0.184427 | Train R²: -5.5734 | Val R²: -5.4498 | NightHrsTrueNEE vs NightHrsModelReco R²: -38.7900 | NightHrsTrueNee vs NightHrsModelNee R²: -37.9900
Epoch 10500 | Train Loss: 0.139119 | Val Loss: 0.138650 | Train R²: -3.9334 | Val R²: -3.8489 | NightHrsTrueNEE vs NightHrsModelReco R²: -28.7400 | NightHrsTrueNee vs NightHrsModelNee R²: -28.1000
Epoch 11000 | Train Loss: 0.105191 | Val Loss: 0.105113 | Train R²: -2.7302 | Val R²: -2.6760 | NightHrsTrueNEE vs NightHrsModelReco R²: -21.7100 | NightHrsTrueNee vs NightHrsModelNee R²: -21.2000
Epoch 11500 | Train Loss: 0.080449 | Val Loss: 0.080644 | Train R²: -1.8528 | Val R²: -1.8203 | NightHrsTrueNEE vs NightHrsModelReco R²: -16.6800 | NightHrsTrueNee vs NightHrsModelNee R²: -16.2700
Epoch 12000 | Train Loss: 0.062467 | Val Loss: 0.062811 | Train R²: -1.2152 | Val R²: -1.1967 | NightHrsTrueNEE vs NightHrsModelReco R²: -12.9900 | NightHrsTrueNee vs NightHrsModelNee R²: -12.6600
Epoch 12500 | Train Loss: 0.049358 | Val Loss: 0.049751 | Train R²: -0.7503 | Val R²: -0.7399 | NightHrsTrueNEE vs NightHrsModelReco R²: -10.2200 | NightHrsTrueNee vs NightHrsModelNee R²: -9.9600
Epoch 13000 | Train Loss: 0.039740 | Val Loss: 0.040096 | Train R²: -0.4092 | Val R²: -0.4022 | NightHrsTrueNEE vs NightHrsModelReco R²: -8.0900 | NightHrsTrueNee vs NightHrsModelNee R²: -7.8800
Epoch 13500 | Train Loss: 0.032640 | Val Loss: 0.032893 | Train R²: -0.1575 | Val R²: -0.1503 | NightHrsTrueNEE vs NightHrsModelReco R²: -6.4000 | NightHrsTrueNee vs NightHrsModelNee R²: -6.2300
Epoch 14000 | Train Loss: 0.027378 | Val Loss: 0.027536 | Train R²: 0.0291 | Val R²: 0.0370 | NightHrsTrueNEE vs NightHrsModelReco R²: -5.0900 | NightHrsTrueNee vs NightHrsModelNee R²: -4.9600
Epoch 14500 | Train Loss: 0.023460 | Val Loss: 0.023568 | Train R²: 0.1681 | Val R²: 0.1758 | NightHrsTrueNEE vs NightHrsModelReco R²: -4.1100 | NightHrsTrueNee vs NightHrsModelNee R²: -4.0000
Epoch 15000 | Train Loss: 0.020537 | Val Loss: 0.020620 | Train R²: 0.2717 | Val R²: 0.2789 | NightHrsTrueNEE vs NightHrsModelReco R²: -3.3600 | NightHrsTrueNee vs NightHrsModelNee R²: -3.2700
Epoch 15500 | Train Loss: 0.018377 | Val Loss: 0.018447 | Train R²: 0.3483 | Val R²: 0.3549 | NightHrsTrueNEE vs NightHrsModelReco R²: -2.8000 | NightHrsTrueNee vs NightHrsModelNee R²: -2.7300
Epoch 16000 | Train Loss: 0.016790 | Val Loss: 0.016847 | Train R²: 0.4046 | Val R²: 0.4108 | NightHrsTrueNEE vs NightHrsModelReco R²: -2.3900 | NightHrsTrueNee vs NightHrsModelNee R²: -2.3200
Epoch 16500 | Train Loss: 0.015610 | Val Loss: 0.015653 | Train R²: 0.4464 | Val R²: 0.4526 | NightHrsTrueNEE vs NightHrsModelReco R²: -2.0700 | NightHrsTrueNee vs NightHrsModelNee R²: -2.0200
Epoch 17000 | Train Loss: 0.014704 | Val Loss: 0.014729 | Train R²: 0.4786 | Val R²: 0.4849 | NightHrsTrueNEE vs NightHrsModelReco R²: -1.8300 | NightHrsTrueNee vs NightHrsModelNee R²: -1.7900
Epoch 17500 | Train Loss: 0.013959 | Val Loss: 0.013961 | Train R²: 0.5050 | Val R²: 0.5118 | NightHrsTrueNEE vs NightHrsModelReco R²: -1.6500 | NightHrsTrueNee vs NightHrsModelNee R²: -1.6100
Epoch 18000 | Train Loss: 0.013281 | Val Loss: 0.013248 | Train R²: 0.5290 | Val R²: 0.5367 | NightHrsTrueNEE vs NightHrsModelReco R²: -1.4900 | NightHrsTrueNee vs NightHrsModelNee R²: -1.4600
Epoch 18500 | Train Loss: 0.012603 | Val Loss: 0.012536 | Train R²: 0.5531 | Val R²: 0.5616 | NightHrsTrueNEE vs NightHrsModelReco R²: -1.3700 | NightHrsTrueNee vs NightHrsModelNee R²: -1.3400
Epoch 19000 | Train Loss: 0.011887 | Val Loss: 0.011783 | Train R²: 0.5785 | Val R²: 0.5879 | NightHrsTrueNEE vs NightHrsModelReco R²: -1.2600 | NightHrsTrueNee vs NightHrsModelNee R²: -1.2400
Epoch 19500 | Train Loss: 0.011091 | Val Loss: 0.010951 | Train R²: 0.6067 | Val R²: 0.6170 | NightHrsTrueNEE vs NightHrsModelReco R²: -1.1500 | NightHrsTrueNee vs NightHrsModelNee R²: -1.1200
Epoch 20000 | Train Loss: 0.010223 | Val Loss: 0.010056 | Train R²: 0.6375 | Val R²: 0.6483 | NightHrsTrueNEE vs NightHrsModelReco R²: -1.0200 | NightHrsTrueNee vs NightHrsModelNee R²: -1.0000
Epoch 20500 | Train Loss: 0.009309 | Val Loss: 0.009116 | Train R²: 0.6699 | Val R²: 0.6812 | NightHrsTrueNEE vs NightHrsModelReco R²: -0.8700 | NightHrsTrueNee vs NightHrsModelNee R²: -0.8500
Epoch 21000 | Train Loss: 0.008364 | Val Loss: 0.008155 | Train R²: 0.7034 | Val R²: 0.7148 | NightHrsTrueNEE vs NightHrsModelReco R²: -0.7000 | NightHrsTrueNee vs NightHrsModelNee R²: -0.6800
Epoch 21500 | Train Loss: 0.007445 | Val Loss: 0.007247 | Train R²: 0.7360 | Val R²: 0.7466 | NightHrsTrueNEE vs NightHrsModelReco R²: -0.5000 | NightHrsTrueNee vs NightHrsModelNee R²: -0.4900
Epoch 22000 | Train Loss: 0.006599 | Val Loss: 0.006438 | Train R²: 0.7660 | Val R²: 0.7749 | NightHrsTrueNEE vs NightHrsModelReco R²: -0.3000 | NightHrsTrueNee vs NightHrsModelNee R²: -0.2900
Epoch 22500 | Train Loss: 0.005860 | Val Loss: 0.005735 | Train R²: 0.7922 | Val R²: 0.7994 | NightHrsTrueNEE vs NightHrsModelReco R²: -0.1300 | NightHrsTrueNee vs NightHrsModelNee R²: -0.1200
Epoch 23000 | Train Loss: 0.005260 | Val Loss: 0.005158 | Train R²: 0.8135 | Val R²: 0.8196 | NightHrsTrueNEE vs NightHrsModelReco R²: 0.0000 | NightHrsTrueNee vs NightHrsModelNee R²: 0.0100
Epoch 23500 | Train Loss: 0.004764 | Val Loss: 0.004680 | Train R²: 0.8311 | Val R²: 0.8363 | NightHrsTrueNEE vs NightHrsModelReco R²: 0.1100 | NightHrsTrueNee vs NightHrsModelNee R²: 0.1100
Epoch 24000 | Train Loss: 0.004335 | Val Loss: 0.004262 | Train R²: 0.8463 | Val R²: 0.8510 | NightHrsTrueNEE vs NightHrsModelReco R²: 0.1900 | NightHrsTrueNee vs NightHrsModelNee R²: 0.2000
Epoch 24500 | Train Loss: 0.003943 | Val Loss: 0.003875 | Train R²: 0.8602 | Val R²: 0.8645 | NightHrsTrueNEE vs NightHrsModelReco R²: 0.2700 | NightHrsTrueNee vs NightHrsModelNee R²: 0.2700
Epoch 25000 | Train Loss: 0.003571 | Val Loss: 0.003504 | Train R²: 0.8734 | Val R²: 0.8775 | NightHrsTrueNEE vs NightHrsModelReco R²: 0.3300 | NightHrsTrueNee vs NightHrsModelNee R²: 0.3300
Epoch 25500 | Train Loss: 0.003210 | Val Loss: 0.003143 | Train R²: 0.8862 | Val R²: 0.8901 | NightHrsTrueNEE vs NightHrsModelReco R²: 0.3900 | NightHrsTrueNee vs NightHrsModelNee R²: 0.3900
Epoch 26000 | Train Loss: 0.002863 | Val Loss: 0.002799 | Train R²: 0.8985 | Val R²: 0.9021 | NightHrsTrueNEE vs NightHrsModelReco R²: 0.4500 | NightHrsTrueNee vs NightHrsModelNee R²: 0.4500
Epoch 26500 | Train Loss: 0.002551 | Val Loss: 0.002496 | Train R²: 0.9095 | Val R²: 0.9127 | NightHrsTrueNEE vs NightHrsModelReco R²: 0.5000 | NightHrsTrueNee vs NightHrsModelNee R²: 0.5000
Epoch 27000 | Train Loss: 0.002311 | Val Loss: 0.002268 | Train R²: 0.9181 | Val R²: 0.9207 | NightHrsTrueNEE vs NightHrsModelReco R²: 0.5400 | NightHrsTrueNee vs NightHrsModelNee R²: 0.5400
Epoch 27500 | Train Loss: 0.002150 | Val Loss: 0.002118 | Train R²: 0.9238 | Val R²: 0.9259 | NightHrsTrueNEE vs NightHrsModelReco R²: 0.5800 | NightHrsTrueNee vs NightHrsModelNee R²: 0.5800
Epoch 28000 | Train Loss: 0.002050 | Val Loss: 0.002023 | Train R²: 0.9273 | Val R²: 0.9293 | NightHrsTrueNEE vs NightHrsModelReco R²: 0.6100 | NightHrsTrueNee vs NightHrsModelNee R²: 0.6100
Epoch 28500 | Train Loss: 0.001988 | Val Loss: 0.001962 | Train R²: 0.9295 | Val R²: 0.9314 | NightHrsTrueNEE vs NightHrsModelReco R²: 0.6300 | NightHrsTrueNee vs NightHrsModelNee R²: 0.6300
Epoch 29000 | Train Loss: 0.001946 | Val Loss: 0.001921 | Train R²: 0.9310 | Val R²: 0.9328 | NightHrsTrueNEE vs NightHrsModelReco R²: 0.6400 | NightHrsTrueNee vs NightHrsModelNee R²: 0.6400
Early stopping at epoch 29213 due to flat/negative trend (slope=0.000002)
Epoch 29213 | Train Loss: 0.001934 | Val Loss: 0.001911 | Train R²: 0.9314 | Val R²: 0.9332
Unpickling models
Following models have been loaded and moved to cuda:
trained gpp model:
 SNN_GPP_Tram(
  (net): Sequential(
    (0): Linear(in_features=11, out_features=12, bias=True)
    (1): Tanh()
    (2): Linear(in_features=12, out_features=1, bias=True)
    (3): Sigmoid()
  )
), trained_reco_model:
 SNN_GPP_Tram(
  (net): Sequential(
    (0): Linear(in_features=12, out_features=12, bias=True)
    (1): Tanh()
    (2): Linear(in_features=12, out_features=1, bias=True)
    (3): Sigmoid()
  )
)
using full data set for visualization
Un-normalizing the GPP and RECO predictions using NEE min: tensor([-28.6423]), NEE max: tensor([15.6103])



Metrics for the Tramontana, with
GPP inputs: ['SW_IN', 'VPD', 'TA', 'WTD', 'WS', 'PotRad', 'PotRadHalfHourlyDiff', 'PotRadDailyAvg', 'PotRadDailyDiff', 'WD_COS', 'WD_SIN']
RECO inputs: ['DOY_sin', 'DOY_cos', 'TA', 'TS_1', 'TS_2', 'TS_3', 'TS_4', 'WTD', 'WS', 'WD_COS', 'WD_SIN', 'NIGHTLY_NEE_AVG']:
dt_gpp vs Tramontana_GPP R²=0.94 RMSE=1.32
nt_gpp vs Tramontana_GPP R²=0.91 RMSE=1.66
dt_reco vs Tramontana_RECO R²=0.37 RMSE=1.20
nt_reco vs Tramontana_RECO R²=0.40 RMSE=1.04
night_hours_true_nee vs Tramontana_night_hours_model_reco R²=0.63 RMSE=0.84
night_hours_true_nee vs Tramontana_night_hours_model_nee R²=0.63 RMSE=0.84
dt_gpp vs nt_gpp R²=0.94 RMSE=1.33
dt_reco vs nt_reco R²=0.71 RMSE=1.00

gpp_input_names,  ['SW_IN', 'VPD', 'TA', 'WTD', 'WS', 'PotRad', 'PotRadHalfHourlyDiff', 'PotRadDailyAvg', 'PotRadDailyDiff', 'WD_COS', 'WD_SIN', 'GPP_PROX'] 
reco_input_names,  ['DOY_cos', 'TA', 'TS_1', 'TS_2', 'TS_3', 'TS_4', 'WTD', 'WS', 'WD_COS', 'WD_SIN', 'NIGHTLY_NEE_AVG'] 
true_nee_name,  ['NEE'] 

Tramontana Running on GPU With hidden layer size of 12 Total epochs: 100000 lr: 0.001 patience: 500 min_delta 0.01
SNN_GPP_Tram(
  (net): Sequential(
    (0): Linear(in_features=12, out_features=12, bias=True)
    (1): Tanh()
    (2): Linear(in_features=12, out_features=1, bias=True)
    (3): Sigmoid()
  )
)
SNN_RECO_Tram(
  (net): Sequential(
    (0): Linear(in_features=11, out_features=12, bias=True)
    (1): Tanh()
    (2): Linear(in_features=12, out_features=1, bias=True)
    (3): Sigmoid()
  )
)
Params are min slope: 2e-06, trend window: 100
Epoch     0 | Train Loss: 29410.949219 | Val Loss: 29631.089844 | Train R²: -1042959.1250 | Val R²: -1036266.0000 | NightHrsTrueNEE vs NightHrsModelReco R²: -38.2700 | NightHrsTrueNee vs NightHrsModelNee R²: -243.3100
Epoch   500 | Train Loss: 229.276123 | Val Loss: 230.255325 | Train R²: -8129.5029 | Val R²: -8051.5542 | NightHrsTrueNEE vs NightHrsModelReco R²: -277.1900 | NightHrsTrueNee vs NightHrsModelNee R²: -280.4800
Epoch  1000 | Train Loss: 64.445869 | Val Loss: 64.586800 | Train R²: -2284.3552 | Val R²: -2257.7480 | NightHrsTrueNEE vs NightHrsModelReco R²: -317.1700 | NightHrsTrueNee vs NightHrsModelNee R²: -307.5000
Epoch  1500 | Train Loss: 28.758217 | Val Loss: 28.715052 | Train R²: -1018.8130 | Val R²: -1003.2310 | NightHrsTrueNEE vs NightHrsModelReco R²: -330.0700 | NightHrsTrueNee vs NightHrsModelNee R²: -317.9700
Epoch  2000 | Train Loss: 15.562449 | Val Loss: 15.481527 | Train R²: -550.8697 | Val R²: -540.4243 | NightHrsTrueNEE vs NightHrsModelReco R²: -336.1500 | NightHrsTrueNee vs NightHrsModelNee R²: -324.0100
Epoch  2500 | Train Loss: 9.371882 | Val Loss: 9.290359 | Train R²: -331.3422 | Val R²: -323.9051 | NightHrsTrueNEE vs NightHrsModelReco R²: -339.6200 | NightHrsTrueNee vs NightHrsModelNee R²: -328.1300
Epoch  3000 | Train Loss: 6.047607 | Val Loss: 5.975356 | Train R²: -213.4580 | Val R²: -207.9718 | NightHrsTrueNEE vs NightHrsModelReco R²: -341.8100 | NightHrsTrueNee vs NightHrsModelNee R²: -331.1600
Epoch  3500 | Train Loss: 4.103846 | Val Loss: 4.042754 | Train R²: -144.5290 | Val R²: -140.3843 | NightHrsTrueNEE vs NightHrsModelReco R²: -343.2600 | NightHrsTrueNee vs NightHrsModelNee R²: -333.4800
Epoch  4000 | Train Loss: 2.901275 | Val Loss: 2.850751 | Train R²: -101.8839 | Val R²: -98.6973 | NightHrsTrueNEE vs NightHrsModelReco R²: -344.2300 | NightHrsTrueNee vs NightHrsModelNee R²: -335.2800
Epoch  4500 | Train Loss: 2.128341 | Val Loss: 2.087081 | Train R²: -74.4744 | Val R²: -71.9900 | NightHrsTrueNEE vs NightHrsModelReco R²: -344.8300 | NightHrsTrueNee vs NightHrsModelNee R²: -336.6400
Epoch  5000 | Train Loss: 1.618706 | Val Loss: 1.585303 | Train R²: -56.4020 | Val R²: -54.4417 | NightHrsTrueNEE vs NightHrsModelReco R²: -345.0900 | NightHrsTrueNee vs NightHrsModelNee R²: -337.6000
Epoch  5500 | Train Loss: 1.277108 | Val Loss: 1.250256 | Train R²: -44.2883 | Val R²: -42.7243 | NightHrsTrueNEE vs NightHrsModelReco R²: -344.9300 | NightHrsTrueNee vs NightHrsModelNee R²: -338.0900
Epoch  6000 | Train Loss: 1.045774 | Val Loss: 1.024334 | Train R²: -36.0849 | Val R²: -34.8233 | NightHrsTrueNEE vs NightHrsModelReco R²: -344.1100 | NightHrsTrueNee vs NightHrsModelNee R²: -337.8500
Epoch  6500 | Train Loss: 0.887510 | Val Loss: 0.870521 | Train R²: -30.4726 | Val R²: -29.4441 | NightHrsTrueNEE vs NightHrsModelReco R²: -341.6300 | NightHrsTrueNee vs NightHrsModelNee R²: -335.9100
Epoch  7000 | Train Loss: 0.772676 | Val Loss: 0.759439 | Train R²: -26.4003 | Val R²: -25.5593 | NightHrsTrueNEE vs NightHrsModelReco R²: -330.6000 | NightHrsTrueNee vs NightHrsModelNee R²: -325.4800
Epoch  7500 | Train Loss: 0.578072 | Val Loss: 0.568977 | Train R²: -19.4994 | Val R²: -18.8984 | NightHrsTrueNEE vs NightHrsModelReco R²: -173.4700 | NightHrsTrueNee vs NightHrsModelNee R²: -170.9400
Epoch  8000 | Train Loss: 0.371494 | Val Loss: 0.366835 | Train R²: -12.1738 | Val R²: -11.8291 | NightHrsTrueNEE vs NightHrsModelReco R²: -82.3700 | NightHrsTrueNee vs NightHrsModelNee R²: -80.4800
Epoch  8500 | Train Loss: 0.275764 | Val Loss: 0.272356 | Train R²: -8.7790 | Val R²: -8.5249 | NightHrsTrueNEE vs NightHrsModelReco R²: -59.3800 | NightHrsTrueNee vs NightHrsModelNee R²: -57.8900
Epoch  9000 | Train Loss: 0.206191 | Val Loss: 0.203800 | Train R²: -6.3119 | Val R²: -6.1273 | NightHrsTrueNEE vs NightHrsModelReco R²: -43.3900 | NightHrsTrueNee vs NightHrsModelNee R²: -42.2100
Epoch  9500 | Train Loss: 0.155835 | Val Loss: 0.154355 | Train R²: -4.5262 | Val R²: -4.3982 | NightHrsTrueNEE vs NightHrsModelReco R²: -32.4900 | NightHrsTrueNee vs NightHrsModelNee R²: -31.5300
Epoch 10000 | Train Loss: 0.119333 | Val Loss: 0.118520 | Train R²: -3.2317 | Val R²: -3.1449 | NightHrsTrueNEE vs NightHrsModelReco R²: -24.8500 | NightHrsTrueNee vs NightHrsModelNee R²: -24.0700
Epoch 10500 | Train Loss: 0.092624 | Val Loss: 0.092232 | Train R²: -2.2846 | Val R²: -2.2256 | NightHrsTrueNEE vs NightHrsModelReco R²: -19.2700 | NightHrsTrueNee vs NightHrsModelNee R²: -18.6300
Epoch 11000 | Train Loss: 0.072911 | Val Loss: 0.072759 | Train R²: -1.5855 | Val R²: -1.5445 | NightHrsTrueNEE vs NightHrsModelReco R²: -15.0800 | NightHrsTrueNee vs NightHrsModelNee R²: -14.5700
Epoch 11500 | Train Loss: 0.058262 | Val Loss: 0.058228 | Train R²: -1.0660 | Val R²: -1.0364 | NightHrsTrueNEE vs NightHrsModelReco R²: -11.8900 | NightHrsTrueNee vs NightHrsModelNee R²: -11.4800
Epoch 12000 | Train Loss: 0.047314 | Val Loss: 0.047332 | Train R²: -0.6778 | Val R²: -0.6553 | NightHrsTrueNEE vs NightHrsModelReco R²: -9.4300 | NightHrsTrueNee vs NightHrsModelNee R²: -9.0900
Epoch 12500 | Train Loss: 0.039109 | Val Loss: 0.039150 | Train R²: -0.3869 | Val R²: -0.3692 | NightHrsTrueNEE vs NightHrsModelReco R²: -7.5200 | NightHrsTrueNee vs NightHrsModelNee R²: -7.2500
Epoch 13000 | Train Loss: 0.032966 | Val Loss: 0.033022 | Train R²: -0.1690 | Val R²: -0.1549 | NightHrsTrueNEE vs NightHrsModelReco R²: -6.0200 | NightHrsTrueNee vs NightHrsModelNee R²: -5.8100
Epoch 13500 | Train Loss: 0.028380 | Val Loss: 0.028450 | Train R²: -0.0064 | Val R²: 0.0051 | NightHrsTrueNEE vs NightHrsModelReco R²: -4.8700 | NightHrsTrueNee vs NightHrsModelNee R²: -4.7000
Epoch 14000 | Train Loss: 0.024962 | Val Loss: 0.025048 | Train R²: 0.1148 | Val R²: 0.1240 | NightHrsTrueNEE vs NightHrsModelReco R²: -4.0000 | NightHrsTrueNee vs NightHrsModelNee R²: -3.8600
Epoch 14500 | Train Loss: 0.022418 | Val Loss: 0.022523 | Train R²: 0.2050 | Val R²: 0.2123 | NightHrsTrueNEE vs NightHrsModelReco R²: -3.3500 | NightHrsTrueNee vs NightHrsModelNee R²: -3.2400
Epoch 15000 | Train Loss: 0.020516 | Val Loss: 0.020647 | Train R²: 0.2725 | Val R²: 0.2779 | NightHrsTrueNEE vs NightHrsModelReco R²: -2.8500 | NightHrsTrueNee vs NightHrsModelNee R²: -2.7600
Epoch 15500 | Train Loss: 0.019078 | Val Loss: 0.019233 | Train R²: 0.3235 | Val R²: 0.3274 | NightHrsTrueNEE vs NightHrsModelReco R²: -2.4700 | NightHrsTrueNee vs NightHrsModelNee R²: -2.4000
Epoch 16000 | Train Loss: 0.017950 | Val Loss: 0.018123 | Train R²: 0.3635 | Val R²: 0.3662 | NightHrsTrueNEE vs NightHrsModelReco R²: -2.1800 | NightHrsTrueNee vs NightHrsModelNee R²: -2.1200
Epoch 16500 | Train Loss: 0.016996 | Val Loss: 0.017178 | Train R²: 0.3973 | Val R²: 0.3993 | NightHrsTrueNEE vs NightHrsModelReco R²: -1.9400 | NightHrsTrueNee vs NightHrsModelNee R²: -1.8900
Epoch 17000 | Train Loss: 0.016105 | Val Loss: 0.016282 | Train R²: 0.4289 | Val R²: 0.4306 | NightHrsTrueNEE vs NightHrsModelReco R²: -1.7600 | NightHrsTrueNee vs NightHrsModelNee R²: -1.7100
Epoch 17500 | Train Loss: 0.015184 | Val Loss: 0.015338 | Train R²: 0.4615 | Val R²: 0.4636 | NightHrsTrueNEE vs NightHrsModelReco R²: -1.6100 | NightHrsTrueNee vs NightHrsModelNee R²: -1.5700
Epoch 18000 | Train Loss: 0.014151 | Val Loss: 0.014264 | Train R²: 0.4982 | Val R²: 0.5012 | NightHrsTrueNEE vs NightHrsModelReco R²: -1.4800 | NightHrsTrueNee vs NightHrsModelNee R²: -1.4500
Epoch 18500 | Train Loss: 0.012952 | Val Loss: 0.013004 | Train R²: 0.5407 | Val R²: 0.5452 | NightHrsTrueNEE vs NightHrsModelReco R²: -1.3500 | NightHrsTrueNee vs NightHrsModelNee R²: -1.3200
Epoch 19000 | Train Loss: 0.011591 | Val Loss: 0.011567 | Train R²: 0.5890 | Val R²: 0.5955 | NightHrsTrueNEE vs NightHrsModelReco R²: -1.1900 | NightHrsTrueNee vs NightHrsModelNee R²: -1.1700
Epoch 19500 | Train Loss: 0.010137 | Val Loss: 0.010038 | Train R²: 0.6405 | Val R²: 0.6489 | NightHrsTrueNEE vs NightHrsModelReco R²: -0.9700 | NightHrsTrueNee vs NightHrsModelNee R²: -0.9500
Epoch 20000 | Train Loss: 0.008679 | Val Loss: 0.008522 | Train R²: 0.6922 | Val R²: 0.7020 | NightHrsTrueNEE vs NightHrsModelReco R²: -0.7200 | NightHrsTrueNee vs NightHrsModelNee R²: -0.7000
Epoch 20500 | Train Loss: 0.007310 | Val Loss: 0.007129 | Train R²: 0.7408 | Val R²: 0.7507 | NightHrsTrueNEE vs NightHrsModelReco R²: -0.4700 | NightHrsTrueNee vs NightHrsModelNee R²: -0.4600
Epoch 21000 | Train Loss: 0.006118 | Val Loss: 0.005937 | Train R²: 0.7830 | Val R²: 0.7924 | NightHrsTrueNEE vs NightHrsModelReco R²: -0.2500 | NightHrsTrueNee vs NightHrsModelNee R²: -0.2300
Epoch 21500 | Train Loss: 0.005125 | Val Loss: 0.004950 | Train R²: 0.8183 | Val R²: 0.8269 | NightHrsTrueNEE vs NightHrsModelReco R²: -0.0400 | NightHrsTrueNee vs NightHrsModelNee R²: -0.0400
Epoch 22000 | Train Loss: 0.004328 | Val Loss: 0.004165 | Train R²: 0.8465 | Val R²: 0.8543 | NightHrsTrueNEE vs NightHrsModelReco R²: 0.1300 | NightHrsTrueNee vs NightHrsModelNee R²: 0.1300
Epoch 22500 | Train Loss: 0.003703 | Val Loss: 0.003551 | Train R²: 0.8687 | Val R²: 0.8758 | NightHrsTrueNEE vs NightHrsModelReco R²: 0.2600 | NightHrsTrueNee vs NightHrsModelNee R²: 0.2700
Epoch 23000 | Train Loss: 0.003222 | Val Loss: 0.003080 | Train R²: 0.8858 | Val R²: 0.8923 | NightHrsTrueNEE vs NightHrsModelReco R²: 0.3700 | NightHrsTrueNee vs NightHrsModelNee R²: 0.3700
Epoch 23500 | Train Loss: 0.002859 | Val Loss: 0.002732 | Train R²: 0.8986 | Val R²: 0.9045 | NightHrsTrueNEE vs NightHrsModelReco R²: 0.4400 | NightHrsTrueNee vs NightHrsModelNee R²: 0.4500
Epoch 24000 | Train Loss: 0.002583 | Val Loss: 0.002470 | Train R²: 0.9084 | Val R²: 0.9136 | NightHrsTrueNEE vs NightHrsModelReco R²: 0.5000 | NightHrsTrueNee vs NightHrsModelNee R²: 0.5000
Epoch 24500 | Train Loss: 0.002358 | Val Loss: 0.002257 | Train R²: 0.9164 | Val R²: 0.9211 | NightHrsTrueNEE vs NightHrsModelReco R²: 0.5400 | NightHrsTrueNee vs NightHrsModelNee R²: 0.5400
Epoch 25000 | Train Loss: 0.002158 | Val Loss: 0.002067 | Train R²: 0.9235 | Val R²: 0.9277 | NightHrsTrueNEE vs NightHrsModelReco R²: 0.5700 | NightHrsTrueNee vs NightHrsModelNee R²: 0.5700
Epoch 25500 | Train Loss: 0.001969 | Val Loss: 0.001887 | Train R²: 0.9302 | Val R²: 0.9340 | NightHrsTrueNEE vs NightHrsModelReco R²: 0.6000 | NightHrsTrueNee vs NightHrsModelNee R²: 0.6000
Epoch 26000 | Train Loss: 0.001798 | Val Loss: 0.001726 | Train R²: 0.9362 | Val R²: 0.9396 | NightHrsTrueNEE vs NightHrsModelReco R²: 0.6200 | NightHrsTrueNee vs NightHrsModelNee R²: 0.6200
Epoch 26500 | Train Loss: 0.001664 | Val Loss: 0.001602 | Train R²: 0.9410 | Val R²: 0.9440 | NightHrsTrueNEE vs NightHrsModelReco R²: 0.6400 | NightHrsTrueNee vs NightHrsModelNee R²: 0.6400
Epoch 27000 | Train Loss: 0.001577 | Val Loss: 0.001524 | Train R²: 0.9441 | Val R²: 0.9467 | NightHrsTrueNEE vs NightHrsModelReco R²: 0.6500 | NightHrsTrueNee vs NightHrsModelNee R²: 0.6500
Epoch 27500 | Train Loss: 0.001526 | Val Loss: 0.001477 | Train R²: 0.9459 | Val R²: 0.9484 | NightHrsTrueNEE vs NightHrsModelReco R²: 0.6600 | NightHrsTrueNee vs NightHrsModelNee R²: 0.6600
Epoch 28000 | Train Loss: 0.001490 | Val Loss: 0.001441 | Train R²: 0.9472 | Val R²: 0.9496 | NightHrsTrueNEE vs NightHrsModelReco R²: 0.6700 | NightHrsTrueNee vs NightHrsModelNee R²: 0.6700
Epoch 28500 | Train Loss: 0.001457 | Val Loss: 0.001407 | Train R²: 0.9483 | Val R²: 0.9508 | NightHrsTrueNEE vs NightHrsModelReco R²: 0.6800 | NightHrsTrueNee vs NightHrsModelNee R²: 0.6800
Epoch 29000 | Train Loss: 0.001422 | Val Loss: 0.001373 | Train R²: 0.9496 | Val R²: 0.9520 | NightHrsTrueNEE vs NightHrsModelReco R²: 0.6800 | NightHrsTrueNee vs NightHrsModelNee R²: 0.6800
Epoch 29500 | Train Loss: 0.001389 | Val Loss: 0.001342 | Train R²: 0.9507 | Val R²: 0.9531 | NightHrsTrueNEE vs NightHrsModelReco R²: 0.6900 | NightHrsTrueNee vs NightHrsModelNee R²: 0.6900
Early stopping at epoch 29501 due to flat/negative trend (slope=0.000002)
Epoch 29501 | Train Loss: 0.001389 | Val Loss: 0.001344 | Train R²: 0.9507 | Val R²: 0.9530
Unpickling models
Following models have been loaded and moved to cuda:
trained gpp model:
 SNN_GPP_Tram(
  (net): Sequential(
    (0): Linear(in_features=12, out_features=12, bias=True)
    (1): Tanh()
    (2): Linear(in_features=12, out_features=1, bias=True)
    (3): Sigmoid()
  )
), trained_reco_model:
 SNN_GPP_Tram(
  (net): Sequential(
    (0): Linear(in_features=11, out_features=12, bias=True)
    (1): Tanh()
    (2): Linear(in_features=12, out_features=1, bias=True)
    (3): Sigmoid()
  )
)
using full data set for visualization
Un-normalizing the GPP and RECO predictions using NEE min: tensor([-28.6423]), NEE max: tensor([15.6103])



Metrics for the Tramontana, with
GPP inputs: ['SW_IN', 'VPD', 'TA', 'WTD', 'WS', 'PotRad', 'PotRadHalfHourlyDiff', 'PotRadDailyAvg', 'PotRadDailyDiff', 'WD_COS', 'WD_SIN', 'GPP_PROX']
RECO inputs: ['DOY_cos', 'TA', 'TS_1', 'TS_2', 'TS_3', 'TS_4', 'WTD', 'WS', 'WD_COS', 'WD_SIN', 'NIGHTLY_NEE_AVG']:
dt_gpp vs Tramontana_GPP R²=0.97 RMSE=0.95
nt_gpp vs Tramontana_GPP R²=0.94 RMSE=1.31
dt_reco vs Tramontana_RECO R²=0.58 RMSE=0.98
nt_reco vs Tramontana_RECO R²=0.69 RMSE=0.75
night_hours_true_nee vs Tramontana_night_hours_model_reco R²=0.67 RMSE=0.79
night_hours_true_nee vs Tramontana_night_hours_model_nee R²=0.67 RMSE=0.79
dt_gpp vs nt_gpp R²=0.94 RMSE=1.33
dt_reco vs nt_reco R²=0.71 RMSE=1.00

gpp_input_names,  ['SW_IN', 'VPD', 'TA', 'WTD', 'WS', 'PotRad', 'PotRadHalfHourlyDiff', 'PotRadDailyAvg', 'PotRadDailyDiff', 'WD_COS', 'WD_SIN', 'GPP_PROX'] 
reco_input_names,  ['DOY_sin', 'TA', 'TS_1', 'TS_2', 'TS_3', 'TS_4', 'WTD', 'WS', 'WD_COS', 'WD_SIN', 'NIGHTLY_NEE_AVG'] 
true_nee_name,  ['NEE'] 

Tramontana Running on GPU With hidden layer size of 12 Total epochs: 100000 lr: 0.001 patience: 500 min_delta 0.01
SNN_GPP_Tram(
  (net): Sequential(
    (0): Linear(in_features=12, out_features=12, bias=True)
    (1): Tanh()
    (2): Linear(in_features=12, out_features=1, bias=True)
    (3): Sigmoid()
  )
)
SNN_RECO_Tram(
  (net): Sequential(
    (0): Linear(in_features=11, out_features=12, bias=True)
    (1): Tanh()
    (2): Linear(in_features=12, out_features=1, bias=True)
    (3): Sigmoid()
  )
)
Params are min slope: 2e-06, trend window: 100
Epoch     0 | Train Loss: 29426.351562 | Val Loss: 29647.078125 | Train R²: -1043505.2500 | Val R²: -1036825.0000 | NightHrsTrueNEE vs NightHrsModelReco R²: -54.6500 | NightHrsTrueNee vs NightHrsModelNee R²: -256.6700
Epoch   500 | Train Loss: 229.127380 | Val Loss: 230.132950 | Train R²: -8124.2290 | Val R²: -8047.2744 | NightHrsTrueNEE vs NightHrsModelReco R²: -300.8400 | NightHrsTrueNee vs NightHrsModelNee R²: -301.4100
Epoch  1000 | Train Loss: 64.446274 | Val Loss: 64.593124 | Train R²: -2284.3694 | Val R²: -2257.9692 | NightHrsTrueNEE vs NightHrsModelReco R²: -324.6000 | NightHrsTrueNee vs NightHrsModelNee R²: -314.3800
Epoch  1500 | Train Loss: 28.766182 | Val Loss: 28.725121 | Train R²: -1019.0955 | Val R²: -1003.5831 | NightHrsTrueNEE vs NightHrsModelReco R²: -332.9900 | NightHrsTrueNee vs NightHrsModelNee R²: -320.7300
Epoch  2000 | Train Loss: 15.568682 | Val Loss: 15.488664 | Train R²: -551.0907 | Val R²: -540.6740 | NightHrsTrueNEE vs NightHrsModelReco R²: -337.3000 | NightHrsTrueNee vs NightHrsModelNee R²: -325.1100
Epoch  2500 | Train Loss: 9.376132 | Val Loss: 9.295049 | Train R²: -331.4929 | Val R²: -324.0691 | NightHrsTrueNEE vs NightHrsModelReco R²: -339.9200 | NightHrsTrueNee vs NightHrsModelNee R²: -328.4200
Epoch  3000 | Train Loss: 6.050367 | Val Loss: 5.978344 | Train R²: -213.5558 | Val R²: -208.0764 | NightHrsTrueNEE vs NightHrsModelReco R²: -341.6500 | NightHrsTrueNee vs NightHrsModelNee R²: -331.0000
Epoch  3500 | Train Loss: 4.105554 | Val Loss: 4.044594 | Train R²: -144.5896 | Val R²: -140.4487 | NightHrsTrueNEE vs NightHrsModelReco R²: -342.8200 | NightHrsTrueNee vs NightHrsModelNee R²: -333.0500
Epoch  4000 | Train Loss: 2.902218 | Val Loss: 2.851778 | Train R²: -101.9174 | Val R²: -98.7332 | NightHrsTrueNEE vs NightHrsModelReco R²: -343.6000 | NightHrsTrueNee vs NightHrsModelNee R²: -334.6600
Epoch  4500 | Train Loss: 2.128703 | Val Loss: 2.087507 | Train R²: -74.4873 | Val R²: -72.0049 | NightHrsTrueNEE vs NightHrsModelReco R²: -344.0400 | NightHrsTrueNee vs NightHrsModelNee R²: -335.8700
Epoch  5000 | Train Loss: 1.618588 | Val Loss: 1.585243 | Train R²: -56.3978 | Val R²: -54.4396 | NightHrsTrueNEE vs NightHrsModelReco R²: -344.1400 | NightHrsTrueNee vs NightHrsModelNee R²: -336.6700
Epoch  5500 | Train Loss: 1.276522 | Val Loss: 1.249734 | Train R²: -44.2676 | Val R²: -42.7060 | NightHrsTrueNEE vs NightHrsModelReco R²: -343.7600 | NightHrsTrueNee vs NightHrsModelNee R²: -336.9300
Epoch  6000 | Train Loss: 1.044557 | Val Loss: 1.023201 | Train R²: -36.0417 | Val R²: -34.7837 | NightHrsTrueNEE vs NightHrsModelReco R²: -342.4900 | NightHrsTrueNee vs NightHrsModelNee R²: -336.2500
Epoch  6500 | Train Loss: 0.884811 | Val Loss: 0.867964 | Train R²: -30.3768 | Val R²: -29.3547 | NightHrsTrueNEE vs NightHrsModelReco R²: -338.6700 | NightHrsTrueNee vs NightHrsModelNee R²: -332.9900
Epoch  7000 | Train Loss: 0.758666 | Val Loss: 0.745926 | Train R²: -25.9035 | Val R²: -25.0867 | NightHrsTrueNEE vs NightHrsModelReco R²: -315.7200 | NightHrsTrueNee vs NightHrsModelNee R²: -310.7800
Epoch  7500 | Train Loss: 0.527343 | Val Loss: 0.519760 | Train R²: -17.7004 | Val R²: -17.1772 | NightHrsTrueNEE vs NightHrsModelReco R²: -126.0500 | NightHrsTrueNee vs NightHrsModelNee R²: -124.0600
Epoch  8000 | Train Loss: 0.365495 | Val Loss: 0.359174 | Train R²: -11.9610 | Val R²: -11.5611 | NightHrsTrueNEE vs NightHrsModelReco R²: -67.0800 | NightHrsTrueNee vs NightHrsModelNee R²: -65.4900
Epoch  8500 | Train Loss: 0.269894 | Val Loss: 0.265830 | Train R²: -8.5709 | Val R²: -8.2967 | NightHrsTrueNEE vs NightHrsModelReco R²: -52.8400 | NightHrsTrueNee vs NightHrsModelNee R²: -51.4700
Epoch  9000 | Train Loss: 0.202238 | Val Loss: 0.199874 | Train R²: -6.1717 | Val R²: -5.9901 | NightHrsTrueNEE vs NightHrsModelReco R²: -41.5400 | NightHrsTrueNee vs NightHrsModelNee R²: -40.4200
Epoch  9500 | Train Loss: 0.152743 | Val Loss: 0.151435 | Train R²: -4.4165 | Val R²: -4.2960 | NightHrsTrueNEE vs NightHrsModelReco R²: -32.2600 | NightHrsTrueNee vs NightHrsModelNee R²: -31.3400
Epoch 10000 | Train Loss: 0.116387 | Val Loss: 0.115701 | Train R²: -3.1273 | Val R²: -3.0463 | NightHrsTrueNEE vs NightHrsModelReco R²: -24.9400 | NightHrsTrueNee vs NightHrsModelNee R²: -24.2000
Epoch 10500 | Train Loss: 0.089840 | Val Loss: 0.089533 | Train R²: -2.1859 | Val R²: -2.1312 | NightHrsTrueNEE vs NightHrsModelReco R²: -19.3400 | NightHrsTrueNee vs NightHrsModelNee R²: -18.7400
Epoch 11000 | Train Loss: 0.070469 | Val Loss: 0.070391 | Train R²: -1.4989 | Val R²: -1.4617 | NightHrsTrueNEE vs NightHrsModelReco R²: -15.1400 | NightHrsTrueNee vs NightHrsModelNee R²: -14.6600
Epoch 11500 | Train Loss: 0.056288 | Val Loss: 0.056336 | Train R²: -0.9961 | Val R²: -0.9702 | NightHrsTrueNEE vs NightHrsModelReco R²: -11.9700 | NightHrsTrueNee vs NightHrsModelNee R²: -11.5800
Epoch 12000 | Train Loss: 0.045851 | Val Loss: 0.045958 | Train R²: -0.6259 | Val R²: -0.6072 | NightHrsTrueNEE vs NightHrsModelReco R²: -9.5300 | NightHrsTrueNee vs NightHrsModelNee R²: -9.2100
Epoch 12500 | Train Loss: 0.038119 | Val Loss: 0.038238 | Train R²: -0.3518 | Val R²: -0.3373 | NightHrsTrueNEE vs NightHrsModelReco R²: -7.6200 | NightHrsTrueNee vs NightHrsModelNee R²: -7.3700
Epoch 13000 | Train Loss: 0.032369 | Val Loss: 0.032475 | Train R²: -0.1478 | Val R²: -0.1357 | NightHrsTrueNEE vs NightHrsModelReco R²: -6.1300 | NightHrsTrueNee vs NightHrsModelNee R²: -5.9200
Epoch 13500 | Train Loss: 0.028101 | Val Loss: 0.028185 | Train R²: 0.0035 | Val R²: 0.0143 | NightHrsTrueNEE vs NightHrsModelReco R²: -4.9700 | NightHrsTrueNee vs NightHrsModelNee R²: -4.8000
Epoch 14000 | Train Loss: 0.024936 | Val Loss: 0.025004 | Train R²: 0.1157 | Val R²: 0.1256 | NightHrsTrueNEE vs NightHrsModelReco R²: -4.0700 | NightHrsTrueNee vs NightHrsModelNee R²: -3.9400
Epoch 14500 | Train Loss: 0.022570 | Val Loss: 0.022634 | Train R²: 0.1996 | Val R²: 0.2084 | NightHrsTrueNEE vs NightHrsModelReco R²: -3.3800 | NightHrsTrueNee vs NightHrsModelNee R²: -3.2700
Epoch 15000 | Train Loss: 0.020776 | Val Loss: 0.020843 | Train R²: 0.2632 | Val R²: 0.2711 | NightHrsTrueNEE vs NightHrsModelReco R²: -2.8500 | NightHrsTrueNee vs NightHrsModelNee R²: -2.7600
Epoch 15500 | Train Loss: 0.019379 | Val Loss: 0.019447 | Train R²: 0.3128 | Val R²: 0.3199 | NightHrsTrueNEE vs NightHrsModelReco R²: -2.4500 | NightHrsTrueNee vs NightHrsModelNee R²: -2.3700
Epoch 16000 | Train Loss: 0.018236 | Val Loss: 0.018297 | Train R²: 0.3533 | Val R²: 0.3601 | NightHrsTrueNEE vs NightHrsModelReco R²: -2.1400 | NightHrsTrueNee vs NightHrsModelNee R²: -2.0800
Epoch 16500 | Train Loss: 0.017231 | Val Loss: 0.017278 | Train R²: 0.3890 | Val R²: 0.3958 | NightHrsTrueNEE vs NightHrsModelReco R²: -1.9100 | NightHrsTrueNee vs NightHrsModelNee R²: -1.8600
Epoch 17000 | Train Loss: 0.016288 | Val Loss: 0.016318 | Train R²: 0.4224 | Val R²: 0.4293 | NightHrsTrueNEE vs NightHrsModelReco R²: -1.7400 | NightHrsTrueNee vs NightHrsModelNee R²: -1.7000
Epoch 17500 | Train Loss: 0.015309 | Val Loss: 0.015312 | Train R²: 0.4571 | Val R²: 0.4645 | NightHrsTrueNEE vs NightHrsModelReco R²: -1.6200 | NightHrsTrueNee vs NightHrsModelNee R²: -1.5800
Epoch 18000 | Train Loss: 0.014201 | Val Loss: 0.014166 | Train R²: 0.4964 | Val R²: 0.5046 | NightHrsTrueNEE vs NightHrsModelReco R²: -1.5100 | NightHrsTrueNee vs NightHrsModelNee R²: -1.4700
Epoch 18500 | Train Loss: 0.012920 | Val Loss: 0.012841 | Train R²: 0.5418 | Val R²: 0.5509 | NightHrsTrueNEE vs NightHrsModelReco R²: -1.3900 | NightHrsTrueNee vs NightHrsModelNee R²: -1.3600
Epoch 19000 | Train Loss: 0.011505 | Val Loss: 0.011385 | Train R²: 0.5920 | Val R²: 0.6018 | NightHrsTrueNEE vs NightHrsModelReco R²: -1.2400 | NightHrsTrueNee vs NightHrsModelNee R²: -1.2100
Epoch 19500 | Train Loss: 0.010058 | Val Loss: 0.009904 | Train R²: 0.6433 | Val R²: 0.6536 | NightHrsTrueNEE vs NightHrsModelReco R²: -1.0400 | NightHrsTrueNee vs NightHrsModelNee R²: -1.0100
Epoch 20000 | Train Loss: 0.008664 | Val Loss: 0.008489 | Train R²: 0.6927 | Val R²: 0.7031 | NightHrsTrueNEE vs NightHrsModelReco R²: -0.7900 | NightHrsTrueNee vs NightHrsModelNee R²: -0.7700
Epoch 20500 | Train Loss: 0.007366 | Val Loss: 0.007180 | Train R²: 0.7388 | Val R²: 0.7489 | NightHrsTrueNEE vs NightHrsModelReco R²: -0.5300 | NightHrsTrueNee vs NightHrsModelNee R²: -0.5100
Epoch 21000 | Train Loss: 0.006193 | Val Loss: 0.006001 | Train R²: 0.7804 | Val R²: 0.7901 | NightHrsTrueNEE vs NightHrsModelReco R²: -0.2900 | NightHrsTrueNee vs NightHrsModelNee R²: -0.2700
Epoch 21500 | Train Loss: 0.005185 | Val Loss: 0.004993 | Train R²: 0.8161 | Val R²: 0.8254 | NightHrsTrueNEE vs NightHrsModelReco R²: -0.0600 | NightHrsTrueNee vs NightHrsModelNee R²: -0.0500
Epoch 22000 | Train Loss: 0.004337 | Val Loss: 0.004156 | Train R²: 0.8462 | Val R²: 0.8547 | NightHrsTrueNEE vs NightHrsModelReco R²: 0.1300 | NightHrsTrueNee vs NightHrsModelNee R²: 0.1300
Epoch 22500 | Train Loss: 0.003670 | Val Loss: 0.003507 | Train R²: 0.8698 | Val R²: 0.8773 | NightHrsTrueNEE vs NightHrsModelReco R²: 0.2800 | NightHrsTrueNee vs NightHrsModelNee R²: 0.2900
Epoch 23000 | Train Loss: 0.003182 | Val Loss: 0.003038 | Train R²: 0.8872 | Val R²: 0.8937 | NightHrsTrueNEE vs NightHrsModelReco R²: 0.3900 | NightHrsTrueNee vs NightHrsModelNee R²: 0.3900
Epoch 23500 | Train Loss: 0.002831 | Val Loss: 0.002705 | Train R²: 0.8996 | Val R²: 0.9054 | NightHrsTrueNEE vs NightHrsModelReco R²: 0.4600 | NightHrsTrueNee vs NightHrsModelNee R²: 0.4600
Epoch 24000 | Train Loss: 0.002563 | Val Loss: 0.002451 | Train R²: 0.9091 | Val R²: 0.9143 | NightHrsTrueNEE vs NightHrsModelReco R²: 0.5100 | NightHrsTrueNee vs NightHrsModelNee R²: 0.5100
Epoch 24500 | Train Loss: 0.002335 | Val Loss: 0.002237 | Train R²: 0.9172 | Val R²: 0.9218 | NightHrsTrueNEE vs NightHrsModelReco R²: 0.5600 | NightHrsTrueNee vs NightHrsModelNee R²: 0.5600
Epoch 25000 | Train Loss: 0.002128 | Val Loss: 0.002042 | Train R²: 0.9245 | Val R²: 0.9286 | NightHrsTrueNEE vs NightHrsModelReco R²: 0.5900 | NightHrsTrueNee vs NightHrsModelNee R²: 0.5900
Epoch 25500 | Train Loss: 0.001938 | Val Loss: 0.001863 | Train R²: 0.9313 | Val R²: 0.9349 | NightHrsTrueNEE vs NightHrsModelReco R²: 0.6100 | NightHrsTrueNee vs NightHrsModelNee R²: 0.6100
Epoch 26000 | Train Loss: 0.001770 | Val Loss: 0.001706 | Train R²: 0.9372 | Val R²: 0.9403 | NightHrsTrueNEE vs NightHrsModelReco R²: 0.6300 | NightHrsTrueNee vs NightHrsModelNee R²: 0.6300
Epoch 26500 | Train Loss: 0.001639 | Val Loss: 0.001588 | Train R²: 0.9419 | Val R²: 0.9445 | NightHrsTrueNEE vs NightHrsModelReco R²: 0.6500 | NightHrsTrueNee vs NightHrsModelNee R²: 0.6500
Epoch 27000 | Train Loss: 0.001554 | Val Loss: 0.001514 | Train R²: 0.9449 | Val R²: 0.9470 | NightHrsTrueNEE vs NightHrsModelReco R²: 0.6600 | NightHrsTrueNee vs NightHrsModelNee R²: 0.6600
Epoch 27500 | Train Loss: 0.001503 | Val Loss: 0.001471 | Train R²: 0.9467 | Val R²: 0.9486 | NightHrsTrueNEE vs NightHrsModelReco R²: 0.6700 | NightHrsTrueNee vs NightHrsModelNee R²: 0.6700
Epoch 28000 | Train Loss: 0.001468 | Val Loss: 0.001440 | Train R²: 0.9479 | Val R²: 0.9496 | NightHrsTrueNEE vs NightHrsModelReco R²: 0.6700 | NightHrsTrueNee vs NightHrsModelNee R²: 0.6700
Early stopping at epoch 28108 due to flat/negative trend (slope=0.000002)
Epoch 28108 | Train Loss: 0.001462 | Val Loss: 0.001434 | Train R²: 0.9482 | Val R²: 0.9499
Unpickling models
Following models have been loaded and moved to cuda:
trained gpp model:
 SNN_GPP_Tram(
  (net): Sequential(
    (0): Linear(in_features=12, out_features=12, bias=True)
    (1): Tanh()
    (2): Linear(in_features=12, out_features=1, bias=True)
    (3): Sigmoid()
  )
), trained_reco_model:
 SNN_GPP_Tram(
  (net): Sequential(
    (0): Linear(in_features=11, out_features=12, bias=True)
    (1): Tanh()
    (2): Linear(in_features=12, out_features=1, bias=True)
    (3): Sigmoid()
  )
)
using full data set for visualization
Un-normalizing the GPP and RECO predictions using NEE min: tensor([-28.6423]), NEE max: tensor([15.6103])



Metrics for the Tramontana, with
GPP inputs: ['SW_IN', 'VPD', 'TA', 'WTD', 'WS', 'PotRad', 'PotRadHalfHourlyDiff', 'PotRadDailyAvg', 'PotRadDailyDiff', 'WD_COS', 'WD_SIN', 'GPP_PROX']
RECO inputs: ['DOY_sin', 'TA', 'TS_1', 'TS_2', 'TS_3', 'TS_4', 'WTD', 'WS', 'WD_COS', 'WD_SIN', 'NIGHTLY_NEE_AVG']:
dt_gpp vs Tramontana_GPP R²=0.96 RMSE=1.05
nt_gpp vs Tramontana_GPP R²=0.94 RMSE=1.36
dt_reco vs Tramontana_RECO R²=0.53 RMSE=1.04
nt_reco vs Tramontana_RECO R²=0.66 RMSE=0.79
night_hours_true_nee vs Tramontana_night_hours_model_reco R²=0.66 RMSE=0.81
night_hours_true_nee vs Tramontana_night_hours_model_nee R²=0.66 RMSE=0.81
dt_gpp vs nt_gpp R²=0.94 RMSE=1.33
dt_reco vs nt_reco R²=0.71 RMSE=1.00

gpp_input_names,  ['SW_IN', 'VPD', 'TA', 'WTD', 'WS', 'PotRad', 'PotRadHalfHourlyDiff', 'PotRadDailyAvg', 'PotRadDailyDiff', 'WD_COS', 'WD_SIN', 'GPP_PROX'] 
reco_input_names,  ['DOY_sin', 'DOY_cos', 'TS_1', 'TS_2', 'TS_3', 'TS_4', 'WTD', 'WS', 'WD_COS', 'WD_SIN', 'NIGHTLY_NEE_AVG'] 
true_nee_name,  ['NEE'] 

Tramontana Running on GPU With hidden layer size of 12 Total epochs: 100000 lr: 0.001 patience: 500 min_delta 0.01
SNN_GPP_Tram(
  (net): Sequential(
    (0): Linear(in_features=12, out_features=12, bias=True)
    (1): Tanh()
    (2): Linear(in_features=12, out_features=1, bias=True)
    (3): Sigmoid()
  )
)
SNN_RECO_Tram(
  (net): Sequential(
    (0): Linear(in_features=11, out_features=12, bias=True)
    (1): Tanh()
    (2): Linear(in_features=12, out_features=1, bias=True)
    (3): Sigmoid()
  )
)
Params are min slope: 2e-06, trend window: 100
Epoch     0 | Train Loss: 29438.144531 | Val Loss: 29659.441406 | Train R²: -1043923.4375 | Val R²: -1037257.3750 | NightHrsTrueNEE vs NightHrsModelReco R²: -56.5200 | NightHrsTrueNee vs NightHrsModelNee R²: -260.5800
Epoch   500 | Train Loss: 229.233139 | Val Loss: 230.236038 | Train R²: -8127.9795 | Val R²: -8050.8799 | NightHrsTrueNEE vs NightHrsModelReco R²: -297.2100 | NightHrsTrueNee vs NightHrsModelNee R²: -298.3200
Epoch  1000 | Train Loss: 64.464600 | Val Loss: 64.610947 | Train R²: -2285.0195 | Val R²: -2258.5920 | NightHrsTrueNEE vs NightHrsModelReco R²: -325.0900 | NightHrsTrueNee vs NightHrsModelNee R²: -314.9000
Epoch  1500 | Train Loss: 28.772089 | Val Loss: 28.730911 | Train R²: -1019.3051 | Val R²: -1003.7855 | NightHrsTrueNEE vs NightHrsModelReco R²: -334.3200 | NightHrsTrueNee vs NightHrsModelNee R²: -322.0100
Epoch  2000 | Train Loss: 15.571391 | Val Loss: 15.491358 | Train R²: -551.1869 | Val R²: -540.7681 | NightHrsTrueNEE vs NightHrsModelReco R²: -338.8100 | NightHrsTrueNee vs NightHrsModelNee R²: -326.5600
Epoch  2500 | Train Loss: 9.377718 | Val Loss: 9.296639 | Train R²: -331.5491 | Val R²: -324.1247 | NightHrsTrueNEE vs NightHrsModelReco R²: -341.4300 | NightHrsTrueNee vs NightHrsModelNee R²: -329.8700
Epoch  3000 | Train Loss: 6.051494 | Val Loss: 5.979476 | Train R²: -213.5958 | Val R²: -208.1159 | NightHrsTrueNEE vs NightHrsModelReco R²: -343.1100 | NightHrsTrueNee vs NightHrsModelNee R²: -332.4200
Epoch  3500 | Train Loss: 4.106461 | Val Loss: 4.045496 | Train R²: -144.6218 | Val R²: -140.4802 | NightHrsTrueNEE vs NightHrsModelReco R²: -344.2300 | NightHrsTrueNee vs NightHrsModelNee R²: -334.4200
Epoch  4000 | Train Loss: 2.903023 | Val Loss: 2.852570 | Train R²: -101.9459 | Val R²: -98.7609 | NightHrsTrueNEE vs NightHrsModelReco R²: -344.9600 | NightHrsTrueNee vs NightHrsModelNee R²: -335.9900
Epoch  4500 | Train Loss: 2.129472 | Val Loss: 2.088249 | Train R²: -74.5145 | Val R²: -72.0308 | NightHrsTrueNEE vs NightHrsModelReco R²: -345.3900 | NightHrsTrueNee vs NightHrsModelNee R²: -337.1900
Epoch  5000 | Train Loss: 1.619363 | Val Loss: 1.585979 | Train R²: -56.4252 | Val R²: -54.4653 | NightHrsTrueNEE vs NightHrsModelReco R²: -345.5000 | NightHrsTrueNee vs NightHrsModelNee R²: -338.0000
Epoch  5500 | Train Loss: 1.277357 | Val Loss: 1.250511 | Train R²: -44.2972 | Val R²: -42.7332 | NightHrsTrueNEE vs NightHrsModelReco R²: -345.2100 | NightHrsTrueNee vs NightHrsModelNee R²: -338.3500
Epoch  6000 | Train Loss: 1.045556 | Val Loss: 1.024110 | Train R²: -36.0771 | Val R²: -34.8155 | NightHrsTrueNEE vs NightHrsModelReco R²: -344.1800 | NightHrsTrueNee vs NightHrsModelNee R²: -337.9100
Epoch  6500 | Train Loss: 0.886325 | Val Loss: 0.869309 | Train R²: -30.4305 | Val R²: -29.4017 | NightHrsTrueNEE vs NightHrsModelReco R²: -341.1100 | NightHrsTrueNee vs NightHrsModelNee R²: -335.3800
Epoch  7000 | Train Loss: 0.764168 | Val Loss: 0.750840 | Train R²: -26.0986 | Val R²: -25.2586 | NightHrsTrueNEE vs NightHrsModelReco R²: -323.9900 | NightHrsTrueNee vs NightHrsModelNee R²: -318.9100
Epoch  7500 | Train Loss: 0.517439 | Val Loss: 0.509952 | Train R²: -17.3492 | Val R²: -16.8342 | NightHrsTrueNEE vs NightHrsModelReco R²: -139.1500 | NightHrsTrueNee vs NightHrsModelNee R²: -136.7100
Epoch  8000 | Train Loss: 0.373275 | Val Loss: 0.368773 | Train R²: -12.2370 | Val R²: -11.8968 | NightHrsTrueNEE vs NightHrsModelReco R²: -90.3800 | NightHrsTrueNee vs NightHrsModelNee R²: -88.4500
Epoch  8500 | Train Loss: 0.278823 | Val Loss: 0.275106 | Train R²: -8.8875 | Val R²: -8.6211 | NightHrsTrueNEE vs NightHrsModelReco R²: -62.2000 | NightHrsTrueNee vs NightHrsModelNee R²: -60.7500
Epoch  9000 | Train Loss: 0.209792 | Val Loss: 0.206852 | Train R²: -6.4396 | Val R²: -6.2341 | NightHrsTrueNEE vs NightHrsModelReco R²: -44.5800 | NightHrsTrueNee vs NightHrsModelNee R²: -43.4700
Epoch  9500 | Train Loss: 0.159106 | Val Loss: 0.156994 | Train R²: -4.6422 | Val R²: -4.4904 | NightHrsTrueNEE vs NightHrsModelReco R²: -33.1700 | NightHrsTrueNee vs NightHrsModelNee R²: -32.2800
Epoch 10000 | Train Loss: 0.121806 | Val Loss: 0.120379 | Train R²: -3.3194 | Val R²: -3.2099 | NightHrsTrueNEE vs NightHrsModelReco R²: -25.1200 | NightHrsTrueNee vs NightHrsModelNee R²: -24.4100
Epoch 10500 | Train Loss: 0.094304 | Val Loss: 0.093394 | Train R²: -2.3442 | Val R²: -2.2662 | NightHrsTrueNEE vs NightHrsModelReco R²: -19.2900 | NightHrsTrueNee vs NightHrsModelNee R²: -18.7000
Epoch 11000 | Train Loss: 0.073885 | Val Loss: 0.073333 | Train R²: -1.6201 | Val R²: -1.5646 | NightHrsTrueNEE vs NightHrsModelReco R²: -15.0000 | NightHrsTrueNee vs NightHrsModelNee R²: -14.5200
Epoch 11500 | Train Loss: 0.058549 | Val Loss: 0.058216 | Train R²: -1.0763 | Val R²: -1.0360 | NightHrsTrueNEE vs NightHrsModelReco R²: -11.8500 | NightHrsTrueNee vs NightHrsModelNee R²: -11.4500
Epoch 12000 | Train Loss: 0.047178 | Val Loss: 0.046984 | Train R²: -0.6730 | Val R²: -0.6431 | NightHrsTrueNEE vs NightHrsModelReco R²: -9.5100 | NightHrsTrueNee vs NightHrsModelNee R²: -9.1900
Epoch 12500 | Train Loss: 0.038899 | Val Loss: 0.038803 | Train R²: -0.3794 | Val R²: -0.3570 | NightHrsTrueNEE vs NightHrsModelReco R²: -7.6800 | NightHrsTrueNee vs NightHrsModelNee R²: -7.4200
Epoch 13000 | Train Loss: 0.032836 | Val Loss: 0.032800 | Train R²: -0.1644 | Val R²: -0.1471 | NightHrsTrueNEE vs NightHrsModelReco R²: -6.2000 | NightHrsTrueNee vs NightHrsModelNee R²: -5.9900
Epoch 13500 | Train Loss: 0.028370 | Val Loss: 0.028365 | Train R²: -0.0060 | Val R²: 0.0080 | NightHrsTrueNEE vs NightHrsModelReco R²: -5.0200 | NightHrsTrueNee vs NightHrsModelNee R²: -4.8500
Epoch 14000 | Train Loss: 0.025064 | Val Loss: 0.025072 | Train R²: 0.1112 | Val R²: 0.1232 | NightHrsTrueNEE vs NightHrsModelReco R²: -4.1000 | NightHrsTrueNee vs NightHrsModelNee R²: -3.9600
Epoch 14500 | Train Loss: 0.022601 | Val Loss: 0.022615 | Train R²: 0.1985 | Val R²: 0.2091 | NightHrsTrueNEE vs NightHrsModelReco R²: -3.3800 | NightHrsTrueNee vs NightHrsModelNee R²: -3.2700
Epoch 15000 | Train Loss: 0.020752 | Val Loss: 0.020768 | Train R²: 0.2641 | Val R²: 0.2737 | NightHrsTrueNEE vs NightHrsModelReco R²: -2.8400 | NightHrsTrueNee vs NightHrsModelNee R²: -2.7500
Epoch 15500 | Train Loss: 0.019339 | Val Loss: 0.019352 | Train R²: 0.3142 | Val R²: 0.3232 | NightHrsTrueNEE vs NightHrsModelReco R²: -2.4200 | NightHrsTrueNee vs NightHrsModelNee R²: -2.3500
Epoch 16000 | Train Loss: 0.018215 | Val Loss: 0.018220 | Train R²: 0.3541 | Val R²: 0.3628 | NightHrsTrueNEE vs NightHrsModelReco R²: -2.1000 | NightHrsTrueNee vs NightHrsModelNee R²: -2.0400
Epoch 16500 | Train Loss: 0.017268 | Val Loss: 0.017261 | Train R²: 0.3877 | Val R²: 0.3963 | NightHrsTrueNEE vs NightHrsModelReco R²: -1.8500 | NightHrsTrueNee vs NightHrsModelNee R²: -1.8000
Epoch 17000 | Train Loss: 0.016396 | Val Loss: 0.016376 | Train R²: 0.4186 | Val R²: 0.4273 | NightHrsTrueNEE vs NightHrsModelReco R²: -1.6700 | NightHrsTrueNee vs NightHrsModelNee R²: -1.6200
Epoch 17500 | Train Loss: 0.015506 | Val Loss: 0.015469 | Train R²: 0.4501 | Val R²: 0.4590 | NightHrsTrueNEE vs NightHrsModelReco R²: -1.5400 | NightHrsTrueNee vs NightHrsModelNee R²: -1.5000
Epoch 18000 | Train Loss: 0.014518 | Val Loss: 0.014454 | Train R²: 0.4852 | Val R²: 0.4945 | NightHrsTrueNEE vs NightHrsModelReco R²: -1.4500 | NightHrsTrueNee vs NightHrsModelNee R²: -1.4100
Epoch 18500 | Train Loss: 0.013373 | Val Loss: 0.013267 | Train R²: 0.5258 | Val R²: 0.5360 | NightHrsTrueNEE vs NightHrsModelReco R²: -1.3600 | NightHrsTrueNee vs NightHrsModelNee R²: -1.3300
Epoch 19000 | Train Loss: 0.012055 | Val Loss: 0.011897 | Train R²: 0.5725 | Val R²: 0.5839 | NightHrsTrueNEE vs NightHrsModelReco R²: -1.2400 | NightHrsTrueNee vs NightHrsModelNee R²: -1.2100
Epoch 19500 | Train Loss: 0.010598 | Val Loss: 0.010408 | Train R²: 0.6242 | Val R²: 0.6360 | NightHrsTrueNEE vs NightHrsModelReco R²: -1.0700 | NightHrsTrueNee vs NightHrsModelNee R²: -1.0500
Epoch 20000 | Train Loss: 0.009113 | Val Loss: 0.008926 | Train R²: 0.6769 | Val R²: 0.6878 | NightHrsTrueNEE vs NightHrsModelReco R²: -0.8600 | NightHrsTrueNee vs NightHrsModelNee R²: -0.8400
Epoch 20500 | Train Loss: 0.007736 | Val Loss: 0.007555 | Train R²: 0.7257 | Val R²: 0.7358 | NightHrsTrueNEE vs NightHrsModelReco R²: -0.6200 | NightHrsTrueNee vs NightHrsModelNee R²: -0.6100
Epoch 21000 | Train Loss: 0.006504 | Val Loss: 0.006323 | Train R²: 0.7694 | Val R²: 0.7789 | NightHrsTrueNEE vs NightHrsModelReco R²: -0.3900 | NightHrsTrueNee vs NightHrsModelNee R²: -0.3800
Epoch 21500 | Train Loss: 0.005428 | Val Loss: 0.005248 | Train R²: 0.8075 | Val R²: 0.8165 | NightHrsTrueNEE vs NightHrsModelReco R²: -0.1600 | NightHrsTrueNee vs NightHrsModelNee R²: -0.1500
Epoch 22000 | Train Loss: 0.004510 | Val Loss: 0.004343 | Train R²: 0.8401 | Val R²: 0.8481 | NightHrsTrueNEE vs NightHrsModelReco R²: 0.0500 | NightHrsTrueNee vs NightHrsModelNee R²: 0.0500
Epoch 22500 | Train Loss: 0.003764 | Val Loss: 0.003616 | Train R²: 0.8665 | Val R²: 0.8735 | NightHrsTrueNEE vs NightHrsModelReco R²: 0.2200 | NightHrsTrueNee vs NightHrsModelNee R²: 0.2200
Epoch 23000 | Train Loss: 0.003217 | Val Loss: 0.003090 | Train R²: 0.8859 | Val R²: 0.8919 | NightHrsTrueNEE vs NightHrsModelReco R²: 0.3400 | NightHrsTrueNee vs NightHrsModelNee R²: 0.3400
Epoch 23500 | Train Loss: 0.002836 | Val Loss: 0.002726 | Train R²: 0.8994 | Val R²: 0.9047 | NightHrsTrueNEE vs NightHrsModelReco R²: 0.4300 | NightHrsTrueNee vs NightHrsModelNee R²: 0.4300
Epoch 24000 | Train Loss: 0.002560 | Val Loss: 0.002463 | Train R²: 0.9092 | Val R²: 0.9139 | NightHrsTrueNEE vs NightHrsModelReco R²: 0.4900 | NightHrsTrueNee vs NightHrsModelNee R²: 0.4900
Epoch 24500 | Train Loss: 0.002337 | Val Loss: 0.002249 | Train R²: 0.9171 | Val R²: 0.9214 | NightHrsTrueNEE vs NightHrsModelReco R²: 0.5300 | NightHrsTrueNee vs NightHrsModelNee R²: 0.5300
Epoch 25000 | Train Loss: 0.002136 | Val Loss: 0.002056 | Train R²: 0.9242 | Val R²: 0.9281 | NightHrsTrueNEE vs NightHrsModelReco R²: 0.5600 | NightHrsTrueNee vs NightHrsModelNee R²: 0.5600
Epoch 25500 | Train Loss: 0.001947 | Val Loss: 0.001876 | Train R²: 0.9310 | Val R²: 0.9344 | NightHrsTrueNEE vs NightHrsModelReco R²: 0.5900 | NightHrsTrueNee vs NightHrsModelNee R²: 0.5900
Epoch 26000 | Train Loss: 0.001773 | Val Loss: 0.001711 | Train R²: 0.9371 | Val R²: 0.9401 | NightHrsTrueNEE vs NightHrsModelReco R²: 0.6100 | NightHrsTrueNee vs NightHrsModelNee R²: 0.6100
Epoch 26500 | Train Loss: 0.001636 | Val Loss: 0.001584 | Train R²: 0.9420 | Val R²: 0.9446 | NightHrsTrueNEE vs NightHrsModelReco R²: 0.6300 | NightHrsTrueNee vs NightHrsModelNee R²: 0.6400
Epoch 27000 | Train Loss: 0.001549 | Val Loss: 0.001506 | Train R²: 0.9451 | Val R²: 0.9473 | NightHrsTrueNEE vs NightHrsModelReco R²: 0.6500 | NightHrsTrueNee vs NightHrsModelNee R²: 0.6500
Epoch 27500 | Train Loss: 0.001499 | Val Loss: 0.001461 | Train R²: 0.9469 | Val R²: 0.9489 | NightHrsTrueNEE vs NightHrsModelReco R²: 0.6600 | NightHrsTrueNee vs NightHrsModelNee R²: 0.6600
Early stopping at epoch 27964 due to flat/negative trend (slope=0.000002)
Epoch 27964 | Train Loss: 0.001468 | Val Loss: 0.001433 | Train R²: 0.9480 | Val R²: 0.9499
Unpickling models
Following models have been loaded and moved to cuda:
trained gpp model:
 SNN_GPP_Tram(
  (net): Sequential(
    (0): Linear(in_features=12, out_features=12, bias=True)
    (1): Tanh()
    (2): Linear(in_features=12, out_features=1, bias=True)
    (3): Sigmoid()
  )
), trained_reco_model:
 SNN_GPP_Tram(
  (net): Sequential(
    (0): Linear(in_features=11, out_features=12, bias=True)
    (1): Tanh()
    (2): Linear(in_features=12, out_features=1, bias=True)
    (3): Sigmoid()
  )
)
using full data set for visualization
Un-normalizing the GPP and RECO predictions using NEE min: tensor([-28.6423]), NEE max: tensor([15.6103])



Metrics for the Tramontana, with
GPP inputs: ['SW_IN', 'VPD', 'TA', 'WTD', 'WS', 'PotRad', 'PotRadHalfHourlyDiff', 'PotRadDailyAvg', 'PotRadDailyDiff', 'WD_COS', 'WD_SIN', 'GPP_PROX']
RECO inputs: ['DOY_sin', 'DOY_cos', 'TS_1', 'TS_2', 'TS_3', 'TS_4', 'WTD', 'WS', 'WD_COS', 'WD_SIN', 'NIGHTLY_NEE_AVG']:
dt_gpp vs Tramontana_GPP R²=0.96 RMSE=1.04
nt_gpp vs Tramontana_GPP R²=0.94 RMSE=1.36
dt_reco vs Tramontana_RECO R²=0.54 RMSE=1.03
nt_reco vs Tramontana_RECO R²=0.67 RMSE=0.77
night_hours_true_nee vs Tramontana_night_hours_model_reco R²=0.65 RMSE=0.82
night_hours_true_nee vs Tramontana_night_hours_model_nee R²=0.65 RMSE=0.82
dt_gpp vs nt_gpp R²=0.94 RMSE=1.33
dt_reco vs nt_reco R²=0.71 RMSE=1.00

gpp_input_names,  ['SW_IN', 'VPD', 'TA', 'WTD', 'WS', 'PotRad', 'PotRadHalfHourlyDiff', 'PotRadDailyAvg', 'PotRadDailyDiff', 'WD_COS', 'WD_SIN', 'GPP_PROX'] 
reco_input_names,  ['DOY_sin', 'DOY_cos', 'TA', 'TS_2', 'TS_3', 'TS_4', 'WTD', 'WS', 'WD_COS', 'WD_SIN', 'NIGHTLY_NEE_AVG'] 
true_nee_name,  ['NEE'] 

Tramontana Running on GPU With hidden layer size of 12 Total epochs: 100000 lr: 0.001 patience: 500 min_delta 0.01
SNN_GPP_Tram(
  (net): Sequential(
    (0): Linear(in_features=12, out_features=12, bias=True)
    (1): Tanh()
    (2): Linear(in_features=12, out_features=1, bias=True)
    (3): Sigmoid()
  )
)
SNN_RECO_Tram(
  (net): Sequential(
    (0): Linear(in_features=11, out_features=12, bias=True)
    (1): Tanh()
    (2): Linear(in_features=12, out_features=1, bias=True)
    (3): Sigmoid()
  )
)
Params are min slope: 2e-06, trend window: 100
Epoch     0 | Train Loss: 29438.439453 | Val Loss: 29659.761719 | Train R²: -1043933.8750 | Val R²: -1037268.5625 | NightHrsTrueNEE vs NightHrsModelReco R²: -56.7800 | NightHrsTrueNee vs NightHrsModelNee R²: -260.8700
Epoch   500 | Train Loss: 229.233002 | Val Loss: 230.239319 | Train R²: -8127.9746 | Val R²: -8050.9937 | NightHrsTrueNEE vs NightHrsModelReco R²: -295.0900 | NightHrsTrueNee vs NightHrsModelNee R²: -296.3500
Epoch  1000 | Train Loss: 64.463631 | Val Loss: 64.611183 | Train R²: -2284.9849 | Val R²: -2258.6003 | NightHrsTrueNEE vs NightHrsModelReco R²: -323.9200 | NightHrsTrueNee vs NightHrsModelNee R²: -313.7800
Epoch  1500 | Train Loss: 28.771257 | Val Loss: 28.730707 | Train R²: -1019.2755 | Val R²: -1003.7784 | NightHrsTrueNEE vs NightHrsModelReco R²: -333.5000 | NightHrsTrueNee vs NightHrsModelNee R²: -321.2100
Epoch  2000 | Train Loss: 15.570721 | Val Loss: 15.491068 | Train R²: -551.1630 | Val R²: -540.7581 | NightHrsTrueNEE vs NightHrsModelReco R²: -338.1600 | NightHrsTrueNee vs NightHrsModelNee R²: -325.9200
Epoch  2500 | Train Loss: 9.377142 | Val Loss: 9.296320 | Train R²: -331.5287 | Val R²: -324.1135 | NightHrsTrueNEE vs NightHrsModelReco R²: -340.8700 | NightHrsTrueNee vs NightHrsModelNee R²: -329.3200
Epoch  3000 | Train Loss: 6.050971 | Val Loss: 5.979138 | Train R²: -213.5772 | Val R²: -208.1041 | NightHrsTrueNEE vs NightHrsModelReco R²: -342.6000 | NightHrsTrueNee vs NightHrsModelNee R²: -331.9200
Epoch  3500 | Train Loss: 4.105962 | Val Loss: 4.045142 | Train R²: -144.6040 | Val R²: -140.4678 | NightHrsTrueNEE vs NightHrsModelReco R²: -343.7400 | NightHrsTrueNee vs NightHrsModelNee R²: -333.9300
Epoch  4000 | Train Loss: 2.902523 | Val Loss: 2.852185 | Train R²: -101.9282 | Val R²: -98.7474 | NightHrsTrueNEE vs NightHrsModelReco R²: -344.4700 | NightHrsTrueNee vs NightHrsModelNee R²: -335.5000
Epoch  4500 | Train Loss: 2.128937 | Val Loss: 2.087813 | Train R²: -74.4955 | Val R²: -72.0156 | NightHrsTrueNEE vs NightHrsModelReco R²: -344.8500 | NightHrsTrueNee vs NightHrsModelNee R²: -336.6600
Epoch  5000 | Train Loss: 1.618747 | Val Loss: 1.585449 | Train R²: -56.4034 | Val R²: -54.4468 | NightHrsTrueNEE vs NightHrsModelReco R²: -344.8800 | NightHrsTrueNee vs NightHrsModelNee R²: -337.3900
Epoch  5500 | Train Loss: 1.276554 | Val Loss: 1.249792 | Train R²: -44.2687 | Val R²: -42.7081 | NightHrsTrueNEE vs NightHrsModelReco R²: -344.3900 | NightHrsTrueNee vs NightHrsModelNee R²: -337.5400
Epoch  6000 | Train Loss: 1.044274 | Val Loss: 1.022922 | Train R²: -36.0317 | Val R²: -34.7739 | NightHrsTrueNEE vs NightHrsModelReco R²: -342.8600 | NightHrsTrueNee vs NightHrsModelNee R²: -336.6000
Epoch  6500 | Train Loss: 0.883168 | Val Loss: 0.866297 | Train R²: -30.3186 | Val R²: -29.2964 | NightHrsTrueNEE vs NightHrsModelReco R²: -337.8300 | NightHrsTrueNee vs NightHrsModelNee R²: -332.1400
Epoch  7000 | Train Loss: 0.730540 | Val Loss: 0.718157 | Train R²: -24.9061 | Val R²: -24.1156 | NightHrsTrueNEE vs NightHrsModelReco R²: -288.0300 | NightHrsTrueNee vs NightHrsModelNee R²: -283.3800
Epoch  7500 | Train Loss: 0.496895 | Val Loss: 0.490346 | Train R²: -16.6207 | Val R²: -16.1485 | NightHrsTrueNEE vs NightHrsModelReco R²: -132.5900 | NightHrsTrueNee vs NightHrsModelNee R²: -130.1300
Epoch  8000 | Train Loss: 0.363487 | Val Loss: 0.359326 | Train R²: -11.8898 | Val R²: -11.5664 | NightHrsTrueNEE vs NightHrsModelReco R²: -86.9600 | NightHrsTrueNee vs NightHrsModelNee R²: -85.0500
Epoch  8500 | Train Loss: 0.272058 | Val Loss: 0.268596 | Train R²: -8.6476 | Val R²: -8.3934 | NightHrsTrueNEE vs NightHrsModelReco R²: -59.8000 | NightHrsTrueNee vs NightHrsModelNee R²: -58.3600
Epoch  9000 | Train Loss: 0.204882 | Val Loss: 0.202267 | Train R²: -6.2654 | Val R²: -6.0738 | NightHrsTrueNEE vs NightHrsModelReco R²: -43.1500 | NightHrsTrueNee vs NightHrsModelNee R²: -42.0300
Epoch  9500 | Train Loss: 0.155463 | Val Loss: 0.153708 | Train R²: -4.5130 | Val R²: -4.3755 | NightHrsTrueNEE vs NightHrsModelReco R²: -32.2400 | NightHrsTrueNee vs NightHrsModelNee R²: -31.3400
Epoch 10000 | Train Loss: 0.119181 | Val Loss: 0.118114 | Train R²: -3.2264 | Val R²: -3.1307 | NightHrsTrueNEE vs NightHrsModelReco R²: -24.5400 | NightHrsTrueNee vs NightHrsModelNee R²: -23.8000
Epoch 10500 | Train Loss: 0.092521 | Val Loss: 0.091956 | Train R²: -2.2810 | Val R²: -2.2159 | NightHrsTrueNEE vs NightHrsModelReco R²: -18.9400 | NightHrsTrueNee vs NightHrsModelNee R²: -18.3400
Epoch 11000 | Train Loss: 0.072753 | Val Loss: 0.072526 | Train R²: -1.5799 | Val R²: -1.5364 | NightHrsTrueNEE vs NightHrsModelReco R²: -14.8000 | NightHrsTrueNee vs NightHrsModelNee R²: -14.3100
Epoch 11500 | Train Loss: 0.057804 | Val Loss: 0.057766 | Train R²: -1.0498 | Val R²: -1.0202 | NightHrsTrueNEE vs NightHrsModelReco R²: -11.7300 | NightHrsTrueNee vs NightHrsModelNee R²: -11.3300
Epoch 12000 | Train Loss: 0.046577 | Val Loss: 0.046623 | Train R²: -0.6517 | Val R²: -0.6305 | NightHrsTrueNEE vs NightHrsModelReco R²: -9.4600 | NightHrsTrueNee vs NightHrsModelNee R²: -9.1400
Epoch 12500 | Train Loss: 0.038438 | Val Loss: 0.038537 | Train R²: -0.3631 | Val R²: -0.3477 | NightHrsTrueNEE vs NightHrsModelReco R²: -7.7000 | NightHrsTrueNee vs NightHrsModelNee R²: -7.4400
Epoch 13000 | Train Loss: 0.032481 | Val Loss: 0.032619 | Train R²: -0.1518 | Val R²: -0.1408 | NightHrsTrueNEE vs NightHrsModelReco R²: -6.2700 | NightHrsTrueNee vs NightHrsModelNee R²: -6.0500
Epoch 13500 | Train Loss: 0.028041 | Val Loss: 0.028208 | Train R²: 0.0056 | Val R²: 0.0135 | NightHrsTrueNEE vs NightHrsModelReco R²: -5.0900 | NightHrsTrueNee vs NightHrsModelNee R²: -4.9200
Epoch 14000 | Train Loss: 0.024708 | Val Loss: 0.024892 | Train R²: 0.1238 | Val R²: 0.1295 | NightHrsTrueNEE vs NightHrsModelReco R²: -4.1500 | NightHrsTrueNee vs NightHrsModelNee R²: -4.0100
Epoch 14500 | Train Loss: 0.022207 | Val Loss: 0.022396 | Train R²: 0.2125 | Val R²: 0.2168 | NightHrsTrueNEE vs NightHrsModelReco R²: -3.4100 | NightHrsTrueNee vs NightHrsModelNee R²: -3.3000
Epoch 15000 | Train Loss: 0.020329 | Val Loss: 0.020517 | Train R²: 0.2791 | Val R²: 0.2825 | NightHrsTrueNEE vs NightHrsModelReco R²: -2.8600 | NightHrsTrueNee vs NightHrsModelNee R²: -2.7700
Epoch 15500 | Train Loss: 0.018895 | Val Loss: 0.019077 | Train R²: 0.3299 | Val R²: 0.3328 | NightHrsTrueNEE vs NightHrsModelReco R²: -2.4500 | NightHrsTrueNee vs NightHrsModelNee R²: -2.3800
Epoch 16000 | Train Loss: 0.017761 | Val Loss: 0.017929 | Train R²: 0.3702 | Val R²: 0.3730 | NightHrsTrueNEE vs NightHrsModelReco R²: -2.1400 | NightHrsTrueNee vs NightHrsModelNee R²: -2.0800
Epoch 16500 | Train Loss: 0.016803 | Val Loss: 0.016950 | Train R²: 0.4041 | Val R²: 0.4072 | NightHrsTrueNEE vs NightHrsModelReco R²: -1.9000 | NightHrsTrueNee vs NightHrsModelNee R²: -1.8500
Epoch 17000 | Train Loss: 0.015917 | Val Loss: 0.016034 | Train R²: 0.4356 | Val R²: 0.4392 | NightHrsTrueNEE vs NightHrsModelReco R²: -1.7200 | NightHrsTrueNee vs NightHrsModelNee R²: -1.6700
Epoch 17500 | Train Loss: 0.015007 | Val Loss: 0.015084 | Train R²: 0.4678 | Val R²: 0.4725 | NightHrsTrueNEE vs NightHrsModelReco R²: -1.5800 | NightHrsTrueNee vs NightHrsModelNee R²: -1.5400
Epoch 18000 | Train Loss: 0.013990 | Val Loss: 0.014009 | Train R²: 0.5039 | Val R²: 0.5101 | NightHrsTrueNEE vs NightHrsModelReco R²: -1.4700 | NightHrsTrueNee vs NightHrsModelNee R²: -1.4300
Epoch 18500 | Train Loss: 0.012822 | Val Loss: 0.012773 | Train R²: 0.5453 | Val R²: 0.5533 | NightHrsTrueNEE vs NightHrsModelReco R²: -1.3700 | NightHrsTrueNee vs NightHrsModelNee R²: -1.3300
Epoch 19000 | Train Loss: 0.011520 | Val Loss: 0.011406 | Train R²: 0.5915 | Val R²: 0.6011 | NightHrsTrueNEE vs NightHrsModelReco R²: -1.2400 | NightHrsTrueNee vs NightHrsModelNee R²: -1.2100
Epoch 19500 | Train Loss: 0.010142 | Val Loss: 0.009975 | Train R²: 0.6403 | Val R²: 0.6511 | NightHrsTrueNEE vs NightHrsModelReco R²: -1.0600 | NightHrsTrueNee vs NightHrsModelNee R²: -1.0400
Epoch 20000 | Train Loss: 0.008780 | Val Loss: 0.008586 | Train R²: 0.6886 | Val R²: 0.6997 | NightHrsTrueNEE vs NightHrsModelReco R²: -0.8300 | NightHrsTrueNee vs NightHrsModelNee R²: -0.8100
Epoch 20500 | Train Loss: 0.007487 | Val Loss: 0.007282 | Train R²: 0.7345 | Val R²: 0.7453 | NightHrsTrueNEE vs NightHrsModelReco R²: -0.5600 | NightHrsTrueNee vs NightHrsModelNee R²: -0.5400
Epoch 21000 | Train Loss: 0.006278 | Val Loss: 0.006070 | Train R²: 0.7774 | Val R²: 0.7877 | NightHrsTrueNEE vs NightHrsModelReco R²: -0.3000 | NightHrsTrueNee vs NightHrsModelNee R²: -0.2900
Epoch 21500 | Train Loss: 0.005253 | Val Loss: 0.005056 | Train R²: 0.8137 | Val R²: 0.8232 | NightHrsTrueNEE vs NightHrsModelReco R²: -0.0700 | NightHrsTrueNee vs NightHrsModelNee R²: -0.0600
Epoch 22000 | Train Loss: 0.004412 | Val Loss: 0.004234 | Train R²: 0.8435 | Val R²: 0.8519 | NightHrsTrueNEE vs NightHrsModelReco R²: 0.1100 | NightHrsTrueNee vs NightHrsModelNee R²: 0.1200
Epoch 22500 | Train Loss: 0.003741 | Val Loss: 0.003581 | Train R²: 0.8673 | Val R²: 0.8748 | NightHrsTrueNEE vs NightHrsModelReco R²: 0.2600 | NightHrsTrueNee vs NightHrsModelNee R²: 0.2700
Epoch 23000 | Train Loss: 0.003231 | Val Loss: 0.003086 | Train R²: 0.8854 | Val R²: 0.8921 | NightHrsTrueNEE vs NightHrsModelReco R²: 0.3800 | NightHrsTrueNee vs NightHrsModelNee R²: 0.3800
Epoch 23500 | Train Loss: 0.002852 | Val Loss: 0.002721 | Train R²: 0.8989 | Val R²: 0.9048 | NightHrsTrueNEE vs NightHrsModelReco R²: 0.4600 | NightHrsTrueNee vs NightHrsModelNee R²: 0.4600
Epoch 24000 | Train Loss: 0.002569 | Val Loss: 0.002454 | Train R²: 0.9089 | Val R²: 0.9142 | NightHrsTrueNEE vs NightHrsModelReco R²: 0.5100 | NightHrsTrueNee vs NightHrsModelNee R²: 0.5100
Epoch 24500 | Train Loss: 0.002344 | Val Loss: 0.002241 | Train R²: 0.9169 | Val R²: 0.9216 | NightHrsTrueNEE vs NightHrsModelReco R²: 0.5500 | NightHrsTrueNee vs NightHrsModelNee R²: 0.5500
Epoch 25000 | Train Loss: 0.002143 | Val Loss: 0.002051 | Train R²: 0.9240 | Val R²: 0.9283 | NightHrsTrueNEE vs NightHrsModelReco R²: 0.5800 | NightHrsTrueNee vs NightHrsModelNee R²: 0.5800
Epoch 25500 | Train Loss: 0.001956 | Val Loss: 0.001877 | Train R²: 0.9306 | Val R²: 0.9344 | NightHrsTrueNEE vs NightHrsModelReco R²: 0.6100 | NightHrsTrueNee vs NightHrsModelNee R²: 0.6100
Epoch 26000 | Train Loss: 0.001789 | Val Loss: 0.001721 | Train R²: 0.9366 | Val R²: 0.9398 | NightHrsTrueNEE vs NightHrsModelReco R²: 0.6300 | NightHrsTrueNee vs NightHrsModelNee R²: 0.6300
Epoch 26500 | Train Loss: 0.001656 | Val Loss: 0.001600 | Train R²: 0.9413 | Val R²: 0.9440 | NightHrsTrueNEE vs NightHrsModelReco R²: 0.6400 | NightHrsTrueNee vs NightHrsModelNee R²: 0.6400
Epoch 27000 | Train Loss: 0.001567 | Val Loss: 0.001522 | Train R²: 0.9444 | Val R²: 0.9468 | NightHrsTrueNEE vs NightHrsModelReco R²: 0.6600 | NightHrsTrueNee vs NightHrsModelNee R²: 0.6600
Epoch 27500 | Train Loss: 0.001515 | Val Loss: 0.001477 | Train R²: 0.9463 | Val R²: 0.9483 | NightHrsTrueNEE vs NightHrsModelReco R²: 0.6700 | NightHrsTrueNee vs NightHrsModelNee R²: 0.6700
Early stopping at epoch 27790 due to flat/negative trend (slope=0.000002)
Epoch 27790 | Train Loss: 0.001495 | Val Loss: 0.001460 | Train R²: 0.9470 | Val R²: 0.9489
Unpickling models
Following models have been loaded and moved to cuda:
trained gpp model:
 SNN_GPP_Tram(
  (net): Sequential(
    (0): Linear(in_features=12, out_features=12, bias=True)
    (1): Tanh()
    (2): Linear(in_features=12, out_features=1, bias=True)
    (3): Sigmoid()
  )
), trained_reco_model:
 SNN_GPP_Tram(
  (net): Sequential(
    (0): Linear(in_features=11, out_features=12, bias=True)
    (1): Tanh()
    (2): Linear(in_features=12, out_features=1, bias=True)
    (3): Sigmoid()
  )
)
using full data set for visualization
Un-normalizing the GPP and RECO predictions using NEE min: tensor([-28.6423]), NEE max: tensor([15.6103])



Metrics for the Tramontana, with
GPP inputs: ['SW_IN', 'VPD', 'TA', 'WTD', 'WS', 'PotRad', 'PotRadHalfHourlyDiff', 'PotRadDailyAvg', 'PotRadDailyDiff', 'WD_COS', 'WD_SIN', 'GPP_PROX']
RECO inputs: ['DOY_sin', 'DOY_cos', 'TA', 'TS_2', 'TS_3', 'TS_4', 'WTD', 'WS', 'WD_COS', 'WD_SIN', 'NIGHTLY_NEE_AVG']:
dt_gpp vs Tramontana_GPP R²=0.96 RMSE=1.08
nt_gpp vs Tramontana_GPP R²=0.94 RMSE=1.37
dt_reco vs Tramontana_RECO R²=0.51 RMSE=1.05
nt_reco vs Tramontana_RECO R²=0.66 RMSE=0.78
night_hours_true_nee vs Tramontana_night_hours_model_reco R²=0.66 RMSE=0.81
night_hours_true_nee vs Tramontana_night_hours_model_nee R²=0.66 RMSE=0.81
dt_gpp vs nt_gpp R²=0.94 RMSE=1.33
dt_reco vs nt_reco R²=0.71 RMSE=1.00

gpp_input_names,  ['SW_IN', 'VPD', 'TA', 'WTD', 'WS', 'PotRad', 'PotRadHalfHourlyDiff', 'PotRadDailyAvg', 'PotRadDailyDiff', 'WD_COS', 'WD_SIN', 'GPP_PROX'] 
reco_input_names,  ['DOY_sin', 'DOY_cos', 'TA', 'TS_1', 'TS_3', 'TS_4', 'WTD', 'WS', 'WD_COS', 'WD_SIN', 'NIGHTLY_NEE_AVG'] 
true_nee_name,  ['NEE'] 

Tramontana Running on GPU With hidden layer size of 12 Total epochs: 100000 lr: 0.001 patience: 500 min_delta 0.01
SNN_GPP_Tram(
  (net): Sequential(
    (0): Linear(in_features=12, out_features=12, bias=True)
    (1): Tanh()
    (2): Linear(in_features=12, out_features=1, bias=True)
    (3): Sigmoid()
  )
)
SNN_RECO_Tram(
  (net): Sequential(
    (0): Linear(in_features=11, out_features=12, bias=True)
    (1): Tanh()
    (2): Linear(in_features=12, out_features=1, bias=True)
    (3): Sigmoid()
  )
)
Params are min slope: 2e-06, trend window: 100
Epoch     0 | Train Loss: 29438.068359 | Val Loss: 29659.447266 | Train R²: -1043920.6875 | Val R²: -1037257.5625 | NightHrsTrueNEE vs NightHrsModelReco R²: -60.0000 | NightHrsTrueNee vs NightHrsModelNee R²: -262.9300
Epoch   500 | Train Loss: 229.229980 | Val Loss: 230.236343 | Train R²: -8127.8677 | Val R²: -8050.8906 | NightHrsTrueNEE vs NightHrsModelReco R²: -295.5000 | NightHrsTrueNee vs NightHrsModelNee R²: -296.7400
Epoch  1000 | Train Loss: 64.463249 | Val Loss: 64.610802 | Train R²: -2284.9714 | Val R²: -2258.5869 | NightHrsTrueNEE vs NightHrsModelReco R²: -324.0300 | NightHrsTrueNee vs NightHrsModelNee R²: -313.8800
Epoch  1500 | Train Loss: 28.771158 | Val Loss: 28.730604 | Train R²: -1019.2720 | Val R²: -1003.7748 | NightHrsTrueNEE vs NightHrsModelReco R²: -333.5400 | NightHrsTrueNee vs NightHrsModelNee R²: -321.2600
Epoch  2000 | Train Loss: 15.570670 | Val Loss: 15.491015 | Train R²: -551.1613 | Val R²: -540.7561 | NightHrsTrueNEE vs NightHrsModelReco R²: -338.1800 | NightHrsTrueNee vs NightHrsModelNee R²: -325.9400
Epoch  2500 | Train Loss: 9.377099 | Val Loss: 9.296279 | Train R²: -331.5272 | Val R²: -324.1121 | NightHrsTrueNEE vs NightHrsModelReco R²: -340.8800 | NightHrsTrueNee vs NightHrsModelNee R²: -329.3400
Epoch  3000 | Train Loss: 6.050941 | Val Loss: 5.979113 | Train R²: -213.5762 | Val R²: -208.1032 | NightHrsTrueNEE vs NightHrsModelReco R²: -342.6000 | NightHrsTrueNee vs NightHrsModelNee R²: -331.9200
Epoch  3500 | Train Loss: 4.105940 | Val Loss: 4.045120 | Train R²: -144.6033 | Val R²: -140.4671 | NightHrsTrueNEE vs NightHrsModelReco R²: -343.7400 | NightHrsTrueNee vs NightHrsModelNee R²: -333.9400
Epoch  4000 | Train Loss: 2.902504 | Val Loss: 2.852168 | Train R²: -101.9275 | Val R²: -98.7468 | NightHrsTrueNEE vs NightHrsModelReco R²: -344.4700 | NightHrsTrueNee vs NightHrsModelNee R²: -335.5000
Epoch  4500 | Train Loss: 2.128920 | Val Loss: 2.087798 | Train R²: -74.4949 | Val R²: -72.0151 | NightHrsTrueNEE vs NightHrsModelReco R²: -344.8500 | NightHrsTrueNee vs NightHrsModelNee R²: -336.6600
Epoch  5000 | Train Loss: 1.618732 | Val Loss: 1.585435 | Train R²: -56.4029 | Val R²: -54.4463 | NightHrsTrueNEE vs NightHrsModelReco R²: -344.8700 | NightHrsTrueNee vs NightHrsModelNee R²: -337.3800
Epoch  5500 | Train Loss: 1.276536 | Val Loss: 1.249776 | Train R²: -44.2680 | Val R²: -42.7075 | NightHrsTrueNEE vs NightHrsModelReco R²: -344.3800 | NightHrsTrueNee vs NightHrsModelNee R²: -337.5300
Epoch  6000 | Train Loss: 1.044246 | Val Loss: 1.022895 | Train R²: -36.0306 | Val R²: -34.7730 | NightHrsTrueNEE vs NightHrsModelReco R²: -342.8400 | NightHrsTrueNee vs NightHrsModelNee R²: -336.5800
Epoch  6500 | Train Loss: 0.883081 | Val Loss: 0.866214 | Train R²: -30.3155 | Val R²: -29.2935 | NightHrsTrueNEE vs NightHrsModelReco R²: -337.7600 | NightHrsTrueNee vs NightHrsModelNee R²: -332.0600
Epoch  7000 | Train Loss: 0.729030 | Val Loss: 0.716696 | Train R²: -24.8526 | Val R²: -24.0645 | NightHrsTrueNEE vs NightHrsModelReco R²: -286.3100 | NightHrsTrueNee vs NightHrsModelNee R²: -281.6800
Epoch  7500 | Train Loss: 0.498820 | Val Loss: 0.492327 | Train R²: -16.6890 | Val R²: -16.2178 | NightHrsTrueNEE vs NightHrsModelReco R²: -134.5700 | NightHrsTrueNee vs NightHrsModelNee R²: -132.1000
Epoch  8000 | Train Loss: 0.365649 | Val Loss: 0.361597 | Train R²: -11.9665 | Val R²: -11.6459 | NightHrsTrueNEE vs NightHrsModelReco R²: -88.8300 | NightHrsTrueNee vs NightHrsModelNee R²: -86.9100
Epoch  8500 | Train Loss: 0.273859 | Val Loss: 0.270484 | Train R²: -8.7115 | Val R²: -8.4594 | NightHrsTrueNEE vs NightHrsModelReco R²: -60.9600 | NightHrsTrueNee vs NightHrsModelNee R²: -59.5200
Epoch  9000 | Train Loss: 0.206290 | Val Loss: 0.203723 | Train R²: -6.3154 | Val R²: -6.1247 | NightHrsTrueNEE vs NightHrsModelReco R²: -43.8300 | NightHrsTrueNee vs NightHrsModelNee R²: -42.7100
Epoch  9500 | Train Loss: 0.156498 | Val Loss: 0.154771 | Train R²: -4.5497 | Val R²: -4.4127 | NightHrsTrueNEE vs NightHrsModelReco R²: -32.6600 | NightHrsTrueNee vs NightHrsModelNee R²: -31.7700
Epoch 10000 | Train Loss: 0.119825 | Val Loss: 0.118783 | Train R²: -3.2492 | Val R²: -3.1541 | NightHrsTrueNEE vs NightHrsModelReco R²: -24.8200 | NightHrsTrueNee vs NightHrsModelNee R²: -24.0900
Epoch 10500 | Train Loss: 0.092405 | Val Loss: 0.091886 | Train R²: -2.2768 | Val R²: -2.2134 | NightHrsTrueNEE vs NightHrsModelReco R²: -19.2500 | NightHrsTrueNee vs NightHrsModelNee R²: -18.6600
Epoch 11000 | Train Loss: 0.072089 | Val Loss: 0.071851 | Train R²: -1.5564 | Val R²: -1.5128 | NightHrsTrueNEE vs NightHrsModelReco R²: -15.0500 | NightHrsTrueNee vs NightHrsModelNee R²: -14.5700
Epoch 11500 | Train Loss: 0.057205 | Val Loss: 0.057160 | Train R²: -1.0286 | Val R²: -0.9990 | NightHrsTrueNEE vs NightHrsModelReco R²: -11.9400 | NightHrsTrueNee vs NightHrsModelNee R²: -11.5500
Epoch 12000 | Train Loss: 0.046278 | Val Loss: 0.046351 | Train R²: -0.6411 | Val R²: -0.6210 | NightHrsTrueNEE vs NightHrsModelReco R²: -9.5900 | NightHrsTrueNee vs NightHrsModelNee R²: -9.2800
Epoch 12500 | Train Loss: 0.038247 | Val Loss: 0.038382 | Train R²: -0.3563 | Val R²: -0.3423 | NightHrsTrueNEE vs NightHrsModelReco R²: -7.7600 | NightHrsTrueNee vs NightHrsModelNee R²: -7.5100
Epoch 13000 | Train Loss: 0.032320 | Val Loss: 0.032478 | Train R²: -0.1461 | Val R²: -0.1358 | NightHrsTrueNEE vs NightHrsModelReco R²: -6.3000 | NightHrsTrueNee vs NightHrsModelNee R²: -6.0900
Epoch 13500 | Train Loss: 0.027950 | Val Loss: 0.028129 | Train R²: 0.0089 | Val R²: 0.0163 | NightHrsTrueNEE vs NightHrsModelReco R²: -5.1200 | NightHrsTrueNee vs NightHrsModelNee R²: -4.9500
Epoch 14000 | Train Loss: 0.024705 | Val Loss: 0.024919 | Train R²: 0.1239 | Val R²: 0.1285 | NightHrsTrueNEE vs NightHrsModelReco R²: -4.1700 | NightHrsTrueNee vs NightHrsModelNee R²: -4.0400
Epoch 14500 | Train Loss: 0.022273 | Val Loss: 0.022511 | Train R²: 0.2102 | Val R²: 0.2127 | NightHrsTrueNEE vs NightHrsModelReco R²: -3.4500 | NightHrsTrueNee vs NightHrsModelNee R²: -3.3400
Epoch 15000 | Train Loss: 0.020453 | Val Loss: 0.020700 | Train R²: 0.2747 | Val R²: 0.2761 | NightHrsTrueNEE vs NightHrsModelReco R²: -2.9200 | NightHrsTrueNee vs NightHrsModelNee R²: -2.8300
Epoch 15500 | Train Loss: 0.019061 | Val Loss: 0.019310 | Train R²: 0.3241 | Val R²: 0.3247 | NightHrsTrueNEE vs NightHrsModelReco R²: -2.5200 | NightHrsTrueNee vs NightHrsModelNee R²: -2.4500
Epoch 16000 | Train Loss: 0.017936 | Val Loss: 0.018182 | Train R²: 0.3639 | Val R²: 0.3641 | NightHrsTrueNEE vs NightHrsModelReco R²: -2.2100 | NightHrsTrueNee vs NightHrsModelNee R²: -2.1500
Epoch 16500 | Train Loss: 0.016958 | Val Loss: 0.017188 | Train R²: 0.3986 | Val R²: 0.3989 | NightHrsTrueNEE vs NightHrsModelReco R²: -1.9800 | NightHrsTrueNee vs NightHrsModelNee R²: -1.9300
Epoch 17000 | Train Loss: 0.016027 | Val Loss: 0.016226 | Train R²: 0.4316 | Val R²: 0.4326 | NightHrsTrueNEE vs NightHrsModelReco R²: -1.7900 | NightHrsTrueNee vs NightHrsModelNee R²: -1.7500
Epoch 17500 | Train Loss: 0.015063 | Val Loss: 0.015220 | Train R²: 0.4658 | Val R²: 0.4677 | NightHrsTrueNEE vs NightHrsModelReco R²: -1.6500 | NightHrsTrueNee vs NightHrsModelNee R²: -1.6100
Epoch 18000 | Train Loss: 0.013993 | Val Loss: 0.014101 | Train R²: 0.5038 | Val R²: 0.5069 | NightHrsTrueNEE vs NightHrsModelReco R²: -1.5400 | NightHrsTrueNee vs NightHrsModelNee R²: -1.5100
Epoch 18500 | Train Loss: 0.012783 | Val Loss: 0.012836 | Train R²: 0.5467 | Val R²: 0.5511 | NightHrsTrueNEE vs NightHrsModelReco R²: -1.4300 | NightHrsTrueNee vs NightHrsModelNee R²: -1.4000
Epoch 19000 | Train Loss: 0.011444 | Val Loss: 0.011445 | Train R²: 0.5942 | Val R²: 0.5998 | NightHrsTrueNEE vs NightHrsModelReco R²: -1.2900 | NightHrsTrueNee vs NightHrsModelNee R²: -1.2700
Epoch 19500 | Train Loss: 0.010038 | Val Loss: 0.009997 | Train R²: 0.6440 | Val R²: 0.6504 | NightHrsTrueNEE vs NightHrsModelReco R²: -1.0900 | NightHrsTrueNee vs NightHrsModelNee R²: -1.0700
Epoch 20000 | Train Loss: 0.008670 | Val Loss: 0.008590 | Train R²: 0.6926 | Val R²: 0.6996 | NightHrsTrueNEE vs NightHrsModelReco R²: -0.8500 | NightHrsTrueNee vs NightHrsModelNee R²: -0.8300
Epoch 20500 | Train Loss: 0.007392 | Val Loss: 0.007256 | Train R²: 0.7379 | Val R²: 0.7462 | NightHrsTrueNEE vs NightHrsModelReco R²: -0.6000 | NightHrsTrueNee vs NightHrsModelNee R²: -0.5800
Epoch 21000 | Train Loss: 0.006238 | Val Loss: 0.006047 | Train R²: 0.7788 | Val R²: 0.7885 | NightHrsTrueNEE vs NightHrsModelReco R²: -0.3500 | NightHrsTrueNee vs NightHrsModelNee R²: -0.3300
Epoch 21500 | Train Loss: 0.005236 | Val Loss: 0.005031 | Train R²: 0.8143 | Val R²: 0.8241 | NightHrsTrueNEE vs NightHrsModelReco R²: -0.1100 | NightHrsTrueNee vs NightHrsModelNee R²: -0.1000
Epoch 22000 | Train Loss: 0.004394 | Val Loss: 0.004198 | Train R²: 0.8442 | Val R²: 0.8532 | NightHrsTrueNEE vs NightHrsModelReco R²: 0.0900 | NightHrsTrueNee vs NightHrsModelNee R²: 0.1000
Epoch 22500 | Train Loss: 0.003725 | Val Loss: 0.003549 | Train R²: 0.8679 | Val R²: 0.8759 | NightHrsTrueNEE vs NightHrsModelReco R²: 0.2500 | NightHrsTrueNee vs NightHrsModelNee R²: 0.2500
Epoch 23000 | Train Loss: 0.003226 | Val Loss: 0.003078 | Train R²: 0.8856 | Val R²: 0.8924 | NightHrsTrueNEE vs NightHrsModelReco R²: 0.3600 | NightHrsTrueNee vs NightHrsModelNee R²: 0.3600
Epoch 23500 | Train Loss: 0.002865 | Val Loss: 0.002739 | Train R²: 0.8984 | Val R²: 0.9042 | NightHrsTrueNEE vs NightHrsModelReco R²: 0.4400 | NightHrsTrueNee vs NightHrsModelNee R²: 0.4400
Epoch 24000 | Train Loss: 0.002591 | Val Loss: 0.002484 | Train R²: 0.9081 | Val R²: 0.9131 | NightHrsTrueNEE vs NightHrsModelReco R²: 0.5000 | NightHrsTrueNee vs NightHrsModelNee R²: 0.5000
Epoch 24500 | Train Loss: 0.002363 | Val Loss: 0.002270 | Train R²: 0.9162 | Val R²: 0.9206 | NightHrsTrueNEE vs NightHrsModelReco R²: 0.5400 | NightHrsTrueNee vs NightHrsModelNee R²: 0.5400
Epoch 25000 | Train Loss: 0.002161 | Val Loss: 0.002079 | Train R²: 0.9234 | Val R²: 0.9273 | NightHrsTrueNEE vs NightHrsModelReco R²: 0.5700 | NightHrsTrueNee vs NightHrsModelNee R²: 0.5700
Epoch 25500 | Train Loss: 0.001969 | Val Loss: 0.001895 | Train R²: 0.9302 | Val R²: 0.9337 | NightHrsTrueNEE vs NightHrsModelReco R²: 0.6000 | NightHrsTrueNee vs NightHrsModelNee R²: 0.6000
Epoch 26000 | Train Loss: 0.001791 | Val Loss: 0.001726 | Train R²: 0.9365 | Val R²: 0.9397 | NightHrsTrueNEE vs NightHrsModelReco R²: 0.6200 | NightHrsTrueNee vs NightHrsModelNee R²: 0.6200
Epoch 26500 | Train Loss: 0.001651 | Val Loss: 0.001595 | Train R²: 0.9415 | Val R²: 0.9442 | NightHrsTrueNEE vs NightHrsModelReco R²: 0.6400 | NightHrsTrueNee vs NightHrsModelNee R²: 0.6400
Epoch 27000 | Train Loss: 0.001559 | Val Loss: 0.001513 | Train R²: 0.9447 | Val R²: 0.9471 | NightHrsTrueNEE vs NightHrsModelReco R²: 0.6600 | NightHrsTrueNee vs NightHrsModelNee R²: 0.6600
Epoch 27500 | Train Loss: 0.001505 | Val Loss: 0.001466 | Train R²: 0.9466 | Val R²: 0.9487 | NightHrsTrueNEE vs NightHrsModelReco R²: 0.6700 | NightHrsTrueNee vs NightHrsModelNee R²: 0.6700
Epoch 28000 | Train Loss: 0.001469 | Val Loss: 0.001433 | Train R²: 0.9479 | Val R²: 0.9499 | NightHrsTrueNEE vs NightHrsModelReco R²: 0.6800 | NightHrsTrueNee vs NightHrsModelNee R²: 0.6800
Early stopping at epoch 28020 due to flat/negative trend (slope=0.000002)
Epoch 28020 | Train Loss: 0.001469 | Val Loss: 0.001434 | Train R²: 0.9479 | Val R²: 0.9498
Unpickling models
Following models have been loaded and moved to cuda:
trained gpp model:
 SNN_GPP_Tram(
  (net): Sequential(
    (0): Linear(in_features=12, out_features=12, bias=True)
    (1): Tanh()
    (2): Linear(in_features=12, out_features=1, bias=True)
    (3): Sigmoid()
  )
), trained_reco_model:
 SNN_GPP_Tram(
  (net): Sequential(
    (0): Linear(in_features=11, out_features=12, bias=True)
    (1): Tanh()
    (2): Linear(in_features=12, out_features=1, bias=True)
    (3): Sigmoid()
  )
)
using full data set for visualization
Un-normalizing the GPP and RECO predictions using NEE min: tensor([-28.6423]), NEE max: tensor([15.6103])



Metrics for the Tramontana, with
GPP inputs: ['SW_IN', 'VPD', 'TA', 'WTD', 'WS', 'PotRad', 'PotRadHalfHourlyDiff', 'PotRadDailyAvg', 'PotRadDailyDiff', 'WD_COS', 'WD_SIN', 'GPP_PROX']
RECO inputs: ['DOY_sin', 'DOY_cos', 'TA', 'TS_1', 'TS_3', 'TS_4', 'WTD', 'WS', 'WD_COS', 'WD_SIN', 'NIGHTLY_NEE_AVG']:
dt_gpp vs Tramontana_GPP R²=0.96 RMSE=1.05
nt_gpp vs Tramontana_GPP R²=0.94 RMSE=1.36
dt_reco vs Tramontana_RECO R²=0.52 RMSE=1.04
nt_reco vs Tramontana_RECO R²=0.67 RMSE=0.77
night_hours_true_nee vs Tramontana_night_hours_model_reco R²=0.66 RMSE=0.81
night_hours_true_nee vs Tramontana_night_hours_model_nee R²=0.66 RMSE=0.81
dt_gpp vs nt_gpp R²=0.94 RMSE=1.33
dt_reco vs nt_reco R²=0.71 RMSE=1.00

gpp_input_names,  ['SW_IN', 'VPD', 'TA', 'WTD', 'WS', 'PotRad', 'PotRadHalfHourlyDiff', 'PotRadDailyAvg', 'PotRadDailyDiff', 'WD_COS', 'WD_SIN', 'GPP_PROX'] 
reco_input_names,  ['DOY_sin', 'DOY_cos', 'TA', 'TS_1', 'TS_2', 'TS_4', 'WTD', 'WS', 'WD_COS', 'WD_SIN', 'NIGHTLY_NEE_AVG'] 
true_nee_name,  ['NEE'] 

Tramontana Running on GPU With hidden layer size of 12 Total epochs: 100000 lr: 0.001 patience: 500 min_delta 0.01
SNN_GPP_Tram(
  (net): Sequential(
    (0): Linear(in_features=12, out_features=12, bias=True)
    (1): Tanh()
    (2): Linear(in_features=12, out_features=1, bias=True)
    (3): Sigmoid()
  )
)
SNN_RECO_Tram(
  (net): Sequential(
    (0): Linear(in_features=11, out_features=12, bias=True)
    (1): Tanh()
    (2): Linear(in_features=12, out_features=1, bias=True)
    (3): Sigmoid()
  )
)
Params are min slope: 2e-06, trend window: 100
Epoch     0 | Train Loss: 29437.910156 | Val Loss: 29659.306641 | Train R²: -1043915.0000 | Val R²: -1037252.4375 | NightHrsTrueNEE vs NightHrsModelReco R²: -60.5300 | NightHrsTrueNee vs NightHrsModelNee R²: -263.2500
Epoch   500 | Train Loss: 229.234863 | Val Loss: 230.241119 | Train R²: -8128.0405 | Val R²: -8051.0586 | NightHrsTrueNEE vs NightHrsModelReco R²: -295.1500 | NightHrsTrueNee vs NightHrsModelNee R²: -296.4400
Epoch  1000 | Train Loss: 64.463631 | Val Loss: 64.611137 | Train R²: -2284.9851 | Val R²: -2258.5989 | NightHrsTrueNEE vs NightHrsModelReco R²: -324.0800 | NightHrsTrueNee vs NightHrsModelNee R²: -313.9300
Epoch  1500 | Train Loss: 28.771233 | Val Loss: 28.730661 | Train R²: -1019.2748 | Val R²: -1003.7768 | NightHrsTrueNEE vs NightHrsModelReco R²: -333.6600 | NightHrsTrueNee vs NightHrsModelNee R²: -321.3700
Epoch  2000 | Train Loss: 15.570748 | Val Loss: 15.491087 | Train R²: -551.1641 | Val R²: -540.7586 | NightHrsTrueNEE vs NightHrsModelReco R²: -338.3100 | NightHrsTrueNee vs NightHrsModelNee R²: -326.0700
Epoch  2500 | Train Loss: 9.377203 | Val Loss: 9.296378 | Train R²: -331.5308 | Val R²: -324.1155 | NightHrsTrueNEE vs NightHrsModelReco R²: -341.0100 | NightHrsTrueNee vs NightHrsModelNee R²: -329.4700
Epoch  3000 | Train Loss: 6.051051 | Val Loss: 5.979222 | Train R²: -213.5801 | Val R²: -208.1070 | NightHrsTrueNEE vs NightHrsModelReco R²: -342.7400 | NightHrsTrueNee vs NightHrsModelNee R²: -332.0500
Epoch  3500 | Train Loss: 4.106056 | Val Loss: 4.045239 | Train R²: -144.6074 | Val R²: -140.4713 | NightHrsTrueNEE vs NightHrsModelReco R²: -343.8700 | NightHrsTrueNee vs NightHrsModelNee R²: -334.0700
Epoch  4000 | Train Loss: 2.902631 | Val Loss: 2.852298 | Train R²: -101.9320 | Val R²: -98.7514 | NightHrsTrueNEE vs NightHrsModelReco R²: -344.6000 | NightHrsTrueNee vs NightHrsModelNee R²: -335.6300
Epoch  4500 | Train Loss: 2.129060 | Val Loss: 2.087941 | Train R²: -74.4999 | Val R²: -72.0201 | NightHrsTrueNEE vs NightHrsModelReco R²: -344.9900 | NightHrsTrueNee vs NightHrsModelNee R²: -336.8000
Epoch  5000 | Train Loss: 1.618889 | Val Loss: 1.585597 | Train R²: -56.4084 | Val R²: -54.4519 | NightHrsTrueNEE vs NightHrsModelReco R²: -345.0300 | NightHrsTrueNee vs NightHrsModelNee R²: -337.5400
Epoch  5500 | Train Loss: 1.276730 | Val Loss: 1.249973 | Train R²: -44.2749 | Val R²: -42.7144 | NightHrsTrueNEE vs NightHrsModelReco R²: -344.5700 | NightHrsTrueNee vs NightHrsModelNee R²: -337.7200
Epoch  6000 | Train Loss: 1.044526 | Val Loss: 1.023179 | Train R²: -36.0406 | Val R²: -34.7829 | NightHrsTrueNEE vs NightHrsModelReco R²: -343.1200 | NightHrsTrueNee vs NightHrsModelNee R²: -336.8600
Epoch  6500 | Train Loss: 0.883688 | Val Loss: 0.866821 | Train R²: -30.3370 | Val R²: -29.3147 | NightHrsTrueNEE vs NightHrsModelReco R²: -338.3800 | NightHrsTrueNee vs NightHrsModelNee R²: -332.6800
Epoch  7000 | Train Loss: 0.735031 | Val Loss: 0.722583 | Train R²: -25.0654 | Val R²: -24.2704 | NightHrsTrueNEE vs NightHrsModelReco R²: -293.0400 | NightHrsTrueNee vs NightHrsModelNee R²: -288.3300
Epoch  7500 | Train Loss: 0.500400 | Val Loss: 0.493931 | Train R²: -16.7450 | Val R²: -16.2739 | NightHrsTrueNEE vs NightHrsModelReco R²: -135.5100 | NightHrsTrueNee vs NightHrsModelNee R²: -133.0300
Epoch  8000 | Train Loss: 0.366042 | Val Loss: 0.362036 | Train R²: -11.9805 | Val R²: -11.6612 | NightHrsTrueNEE vs NightHrsModelReco R²: -88.9500 | NightHrsTrueNee vs NightHrsModelNee R²: -87.0200
Epoch  8500 | Train Loss: 0.273670 | Val Loss: 0.270310 | Train R²: -8.7048 | Val R²: -8.4533 | NightHrsTrueNEE vs NightHrsModelReco R²: -60.7000 | NightHrsTrueNee vs NightHrsModelNee R²: -59.2600
Epoch  9000 | Train Loss: 0.205781 | Val Loss: 0.203235 | Train R²: -6.2973 | Val R²: -6.1076 | NightHrsTrueNEE vs NightHrsModelReco R²: -43.5700 | NightHrsTrueNee vs NightHrsModelNee R²: -42.4400
Epoch  9500 | Train Loss: 0.155753 | Val Loss: 0.154075 | Train R²: -4.5233 | Val R²: -4.3884 | NightHrsTrueNEE vs NightHrsModelReco R²: -32.4900 | NightHrsTrueNee vs NightHrsModelNee R²: -31.5900
Epoch 10000 | Train Loss: 0.118589 | Val Loss: 0.117621 | Train R²: -3.2054 | Val R²: -3.1135 | NightHrsTrueNEE vs NightHrsModelReco R²: -24.7900 | NightHrsTrueNee vs NightHrsModelNee R²: -24.0600
Epoch 10500 | Train Loss: 0.091249 | Val Loss: 0.090734 | Train R²: -2.2358 | Val R²: -2.1732 | NightHrsTrueNEE vs NightHrsModelReco R²: -19.1400 | NightHrsTrueNee vs NightHrsModelNee R²: -18.5500
Epoch 11000 | Train Loss: 0.071283 | Val Loss: 0.071085 | Train R²: -1.5278 | Val R²: -1.4860 | NightHrsTrueNEE vs NightHrsModelReco R²: -15.0000 | NightHrsTrueNee vs NightHrsModelNee R²: -14.5200
Epoch 11500 | Train Loss: 0.056658 | Val Loss: 0.056660 | Train R²: -1.0092 | Val R²: -0.9815 | NightHrsTrueNEE vs NightHrsModelReco R²: -11.8900 | NightHrsTrueNee vs NightHrsModelNee R²: -11.5100
Epoch 12000 | Train Loss: 0.045889 | Val Loss: 0.046003 | Train R²: -0.6273 | Val R²: -0.6088 | NightHrsTrueNEE vs NightHrsModelReco R²: -9.5400 | NightHrsTrueNee vs NightHrsModelNee R²: -9.2300
Epoch 12500 | Train Loss: 0.037925 | Val Loss: 0.038089 | Train R²: -0.3449 | Val R²: -0.3321 | NightHrsTrueNEE vs NightHrsModelReco R²: -7.7400 | NightHrsTrueNee vs NightHrsModelNee R²: -7.4900
Epoch 13000 | Train Loss: 0.032057 | Val Loss: 0.032225 | Train R²: -0.1368 | Val R²: -0.1270 | NightHrsTrueNEE vs NightHrsModelReco R²: -6.3000 | NightHrsTrueNee vs NightHrsModelNee R²: -6.1000
Epoch 13500 | Train Loss: 0.027740 | Val Loss: 0.027898 | Train R²: 0.0163 | Val R²: 0.0243 | NightHrsTrueNEE vs NightHrsModelReco R²: -5.1400 | NightHrsTrueNee vs NightHrsModelNee R²: -4.9700
Epoch 14000 | Train Loss: 0.024506 | Val Loss: 0.024658 | Train R²: 0.1310 | Val R²: 0.1377 | NightHrsTrueNEE vs NightHrsModelReco R²: -4.1700 | NightHrsTrueNee vs NightHrsModelNee R²: -4.0400
Epoch 14500 | Train Loss: 0.022095 | Val Loss: 0.022249 | Train R²: 0.2165 | Val R²: 0.2219 | NightHrsTrueNEE vs NightHrsModelReco R²: -3.4300 | NightHrsTrueNee vs NightHrsModelNee R²: -3.3200
Epoch 15000 | Train Loss: 0.020281 | Val Loss: 0.020429 | Train R²: 0.2808 | Val R²: 0.2856 | NightHrsTrueNEE vs NightHrsModelReco R²: -2.8800 | NightHrsTrueNee vs NightHrsModelNee R²: -2.7900
Epoch 15500 | Train Loss: 0.018862 | Val Loss: 0.019000 | Train R²: 0.3311 | Val R²: 0.3355 | NightHrsTrueNEE vs NightHrsModelReco R²: -2.4700 | NightHrsTrueNee vs NightHrsModelNee R²: -2.4000
Epoch 16000 | Train Loss: 0.017707 | Val Loss: 0.017844 | Train R²: 0.3721 | Val R²: 0.3760 | NightHrsTrueNEE vs NightHrsModelReco R²: -2.1700 | NightHrsTrueNee vs NightHrsModelNee R²: -2.1000
Epoch 16500 | Train Loss: 0.016715 | Val Loss: 0.016848 | Train R²: 0.4073 | Val R²: 0.4108 | NightHrsTrueNEE vs NightHrsModelReco R²: -1.9400 | NightHrsTrueNee vs NightHrsModelNee R²: -1.8800
Epoch 17000 | Train Loss: 0.015788 | Val Loss: 0.015905 | Train R²: 0.4401 | Val R²: 0.4438 | NightHrsTrueNEE vs NightHrsModelReco R²: -1.7600 | NightHrsTrueNee vs NightHrsModelNee R²: -1.7200
Epoch 17500 | Train Loss: 0.014835 | Val Loss: 0.014928 | Train R²: 0.4739 | Val R²: 0.4779 | NightHrsTrueNEE vs NightHrsModelReco R²: -1.6300 | NightHrsTrueNee vs NightHrsModelNee R²: -1.5900
Epoch 18000 | Train Loss: 0.013789 | Val Loss: 0.013848 | Train R²: 0.5110 | Val R²: 0.5157 | NightHrsTrueNEE vs NightHrsModelReco R²: -1.5200 | NightHrsTrueNee vs NightHrsModelNee R²: -1.4900
Epoch 18500 | Train Loss: 0.012613 | Val Loss: 0.012622 | Train R²: 0.5527 | Val R²: 0.5586 | NightHrsTrueNEE vs NightHrsModelReco R²: -1.4000 | NightHrsTrueNee vs NightHrsModelNee R²: -1.3700
Epoch 19000 | Train Loss: 0.011309 | Val Loss: 0.011262 | Train R²: 0.5990 | Val R²: 0.6061 | NightHrsTrueNEE vs NightHrsModelReco R²: -1.2500 | NightHrsTrueNee vs NightHrsModelNee R²: -1.2200
Epoch 19500 | Train Loss: 0.009935 | Val Loss: 0.009837 | Train R²: 0.6477 | Val R²: 0.6560 | NightHrsTrueNEE vs NightHrsModelReco R²: -1.0400 | NightHrsTrueNee vs NightHrsModelNee R²: -1.0200
Epoch 20000 | Train Loss: 0.008556 | Val Loss: 0.008414 | Train R²: 0.6966 | Val R²: 0.7058 | NightHrsTrueNEE vs NightHrsModelReco R²: -0.7900 | NightHrsTrueNee vs NightHrsModelNee R²: -0.7700
Epoch 20500 | Train Loss: 0.007252 | Val Loss: 0.007061 | Train R²: 0.7428 | Val R²: 0.7531 | NightHrsTrueNEE vs NightHrsModelReco R²: -0.5300 | NightHrsTrueNee vs NightHrsModelNee R²: -0.5200
Epoch 21000 | Train Loss: 0.006127 | Val Loss: 0.005908 | Train R²: 0.7827 | Val R²: 0.7934 | NightHrsTrueNEE vs NightHrsModelReco R²: -0.2800 | NightHrsTrueNee vs NightHrsModelNee R²: -0.2700
Epoch 21500 | Train Loss: 0.005177 | Val Loss: 0.004956 | Train R²: 0.8164 | Val R²: 0.8267 | NightHrsTrueNEE vs NightHrsModelReco R²: -0.0700 | NightHrsTrueNee vs NightHrsModelNee R²: -0.0600
Epoch 22000 | Train Loss: 0.004380 | Val Loss: 0.004180 | Train R²: 0.8447 | Val R²: 0.8538 | NightHrsTrueNEE vs NightHrsModelReco R²: 0.1100 | NightHrsTrueNee vs NightHrsModelNee R²: 0.1100
Epoch 22500 | Train Loss: 0.003732 | Val Loss: 0.003562 | Train R²: 0.8677 | Val R²: 0.8754 | NightHrsTrueNEE vs NightHrsModelReco R²: 0.2500 | NightHrsTrueNee vs NightHrsModelNee R²: 0.2600
Epoch 23000 | Train Loss: 0.003225 | Val Loss: 0.003087 | Train R²: 0.8856 | Val R²: 0.8920 | NightHrsTrueNEE vs NightHrsModelReco R²: 0.3600 | NightHrsTrueNee vs NightHrsModelNee R²: 0.3600
Epoch 23500 | Train Loss: 0.002846 | Val Loss: 0.002731 | Train R²: 0.8991 | Val R²: 0.9045 | NightHrsTrueNEE vs NightHrsModelReco R²: 0.4400 | NightHrsTrueNee vs NightHrsModelNee R²: 0.4400
Epoch 24000 | Train Loss: 0.002559 | Val Loss: 0.002460 | Train R²: 0.9092 | Val R²: 0.9140 | NightHrsTrueNEE vs NightHrsModelReco R²: 0.4900 | NightHrsTrueNee vs NightHrsModelNee R²: 0.4900
Epoch 24500 | Train Loss: 0.002329 | Val Loss: 0.002241 | Train R²: 0.9174 | Val R²: 0.9216 | NightHrsTrueNEE vs NightHrsModelReco R²: 0.5400 | NightHrsTrueNee vs NightHrsModelNee R²: 0.5400
Epoch 25000 | Train Loss: 0.002123 | Val Loss: 0.002045 | Train R²: 0.9247 | Val R²: 0.9285 | NightHrsTrueNEE vs NightHrsModelReco R²: 0.5700 | NightHrsTrueNee vs NightHrsModelNee R²: 0.5700
Epoch 25500 | Train Loss: 0.001933 | Val Loss: 0.001864 | Train R²: 0.9315 | Val R²: 0.9348 | NightHrsTrueNEE vs NightHrsModelReco R²: 0.6000 | NightHrsTrueNee vs NightHrsModelNee R²: 0.6000
Epoch 26000 | Train Loss: 0.001762 | Val Loss: 0.001702 | Train R²: 0.9375 | Val R²: 0.9405 | NightHrsTrueNEE vs NightHrsModelReco R²: 0.6200 | NightHrsTrueNee vs NightHrsModelNee R²: 0.6200
Epoch 26500 | Train Loss: 0.001625 | Val Loss: 0.001576 | Train R²: 0.9424 | Val R²: 0.9449 | NightHrsTrueNEE vs NightHrsModelReco R²: 0.6400 | NightHrsTrueNee vs NightHrsModelNee R²: 0.6400
Epoch 27000 | Train Loss: 0.001535 | Val Loss: 0.001496 | Train R²: 0.9456 | Val R²: 0.9477 | NightHrsTrueNEE vs NightHrsModelReco R²: 0.6500 | NightHrsTrueNee vs NightHrsModelNee R²: 0.6500
Epoch 27500 | Train Loss: 0.001482 | Val Loss: 0.001448 | Train R²: 0.9474 | Val R²: 0.9493 | NightHrsTrueNEE vs NightHrsModelReco R²: 0.6700 | NightHrsTrueNee vs NightHrsModelNee R²: 0.6700
Epoch 28000 | Train Loss: 0.001448 | Val Loss: 0.001414 | Train R²: 0.9487 | Val R²: 0.9505 | NightHrsTrueNEE vs NightHrsModelReco R²: 0.6700 | NightHrsTrueNee vs NightHrsModelNee R²: 0.6700
Epoch 28500 | Train Loss: 0.001417 | Val Loss: 0.001382 | Train R²: 0.9497 | Val R²: 0.9517 | NightHrsTrueNEE vs NightHrsModelReco R²: 0.6800 | NightHrsTrueNee vs NightHrsModelNee R²: 0.6800
Epoch 29000 | Train Loss: 0.001388 | Val Loss: 0.001352 | Train R²: 0.9508 | Val R²: 0.9527 | NightHrsTrueNEE vs NightHrsModelReco R²: 0.6900 | NightHrsTrueNee vs NightHrsModelNee R²: 0.6900
Early stopping at epoch 29068 due to flat/negative trend (slope=0.000002)
Epoch 29068 | Train Loss: 0.001384 | Val Loss: 0.001348 | Train R²: 0.9509 | Val R²: 0.9529
Unpickling models
Following models have been loaded and moved to cuda:
trained gpp model:
 SNN_GPP_Tram(
  (net): Sequential(
    (0): Linear(in_features=12, out_features=12, bias=True)
    (1): Tanh()
    (2): Linear(in_features=12, out_features=1, bias=True)
    (3): Sigmoid()
  )
), trained_reco_model:
 SNN_GPP_Tram(
  (net): Sequential(
    (0): Linear(in_features=11, out_features=12, bias=True)
    (1): Tanh()
    (2): Linear(in_features=12, out_features=1, bias=True)
    (3): Sigmoid()
  )
)
using full data set for visualization
Un-normalizing the GPP and RECO predictions using NEE min: tensor([-28.6423]), NEE max: tensor([15.6103])



Metrics for the Tramontana, with
GPP inputs: ['SW_IN', 'VPD', 'TA', 'WTD', 'WS', 'PotRad', 'PotRadHalfHourlyDiff', 'PotRadDailyAvg', 'PotRadDailyDiff', 'WD_COS', 'WD_SIN', 'GPP_PROX']
RECO inputs: ['DOY_sin', 'DOY_cos', 'TA', 'TS_1', 'TS_2', 'TS_4', 'WTD', 'WS', 'WD_COS', 'WD_SIN', 'NIGHTLY_NEE_AVG']:
dt_gpp vs Tramontana_GPP R²=0.97 RMSE=0.99
nt_gpp vs Tramontana_GPP R²=0.94 RMSE=1.33
dt_reco vs Tramontana_RECO R²=0.54 RMSE=1.02
nt_reco vs Tramontana_RECO R²=0.67 RMSE=0.78
night_hours_true_nee vs Tramontana_night_hours_model_reco R²=0.67 RMSE=0.79
night_hours_true_nee vs Tramontana_night_hours_model_nee R²=0.67 RMSE=0.79
dt_gpp vs nt_gpp R²=0.94 RMSE=1.33
dt_reco vs nt_reco R²=0.71 RMSE=1.00

gpp_input_names,  ['SW_IN', 'VPD', 'TA', 'WTD', 'WS', 'PotRad', 'PotRadHalfHourlyDiff', 'PotRadDailyAvg', 'PotRadDailyDiff', 'WD_COS', 'WD_SIN', 'GPP_PROX'] 
reco_input_names,  ['DOY_sin', 'DOY_cos', 'TA', 'TS_1', 'TS_2', 'TS_3', 'WTD', 'WS', 'WD_COS', 'WD_SIN', 'NIGHTLY_NEE_AVG'] 
true_nee_name,  ['NEE'] 

Tramontana Running on GPU With hidden layer size of 12 Total epochs: 100000 lr: 0.001 patience: 500 min_delta 0.01
SNN_GPP_Tram(
  (net): Sequential(
    (0): Linear(in_features=12, out_features=12, bias=True)
    (1): Tanh()
    (2): Linear(in_features=12, out_features=1, bias=True)
    (3): Sigmoid()
  )
)
SNN_RECO_Tram(
  (net): Sequential(
    (0): Linear(in_features=11, out_features=12, bias=True)
    (1): Tanh()
    (2): Linear(in_features=12, out_features=1, bias=True)
    (3): Sigmoid()
  )
)
Params are min slope: 2e-06, trend window: 100
Epoch     0 | Train Loss: 29437.863281 | Val Loss: 29659.261719 | Train R²: -1043913.4375 | Val R²: -1037251.0625 | NightHrsTrueNEE vs NightHrsModelReco R²: -60.6200 | NightHrsTrueNee vs NightHrsModelNee R²: -263.3000
Epoch   500 | Train Loss: 229.245560 | Val Loss: 230.251404 | Train R²: -8128.4199 | Val R²: -8051.4170 | NightHrsTrueNEE vs NightHrsModelReco R²: -294.2300 | NightHrsTrueNee vs NightHrsModelNee R²: -295.6200
Epoch  1000 | Train Loss: 64.466110 | Val Loss: 64.613419 | Train R²: -2285.0730 | Val R²: -2258.6785 | NightHrsTrueNEE vs NightHrsModelReco R²: -323.6100 | NightHrsTrueNee vs NightHrsModelNee R²: -313.5000
Epoch  1500 | Train Loss: 28.772171 | Val Loss: 28.731504 | Train R²: -1019.3079 | Val R²: -1003.8064 | NightHrsTrueNEE vs NightHrsModelReco R²: -333.3600 | NightHrsTrueNee vs NightHrsModelNee R²: -321.0900
Epoch  2000 | Train Loss: 15.571183 | Val Loss: 15.491471 | Train R²: -551.1795 | Val R²: -540.7721 | NightHrsTrueNEE vs NightHrsModelReco R²: -338.1000 | NightHrsTrueNee vs NightHrsModelNee R²: -325.8700
Epoch  2500 | Train Loss: 9.377426 | Val Loss: 9.296570 | Train R²: -331.5388 | Val R²: -324.1223 | NightHrsTrueNEE vs NightHrsModelReco R²: -340.8500 | NightHrsTrueNee vs NightHrsModelNee R²: -329.3100
Epoch  3000 | Train Loss: 6.051169 | Val Loss: 5.979319 | Train R²: -213.5843 | Val R²: -208.1104 | NightHrsTrueNEE vs NightHrsModelReco R²: -342.6000 | NightHrsTrueNee vs NightHrsModelNee R²: -331.9200
Epoch  3500 | Train Loss: 4.106116 | Val Loss: 4.045284 | Train R²: -144.6096 | Val R²: -140.4728 | NightHrsTrueNEE vs NightHrsModelReco R²: -343.7600 | NightHrsTrueNee vs NightHrsModelNee R²: -333.9600
Epoch  4000 | Train Loss: 2.902656 | Val Loss: 2.852312 | Train R²: -101.9329 | Val R²: -98.7518 | NightHrsTrueNEE vs NightHrsModelReco R²: -344.5000 | NightHrsTrueNee vs NightHrsModelNee R²: -335.5400
Epoch  4500 | Train Loss: 2.129061 | Val Loss: 2.087934 | Train R²: -74.5000 | Val R²: -72.0198 | NightHrsTrueNEE vs NightHrsModelReco R²: -344.9100 | NightHrsTrueNee vs NightHrsModelNee R²: -336.7100
Epoch  5000 | Train Loss: 1.618878 | Val Loss: 1.585579 | Train R²: -56.4080 | Val R²: -54.4513 | NightHrsTrueNEE vs NightHrsModelReco R²: -344.9600 | NightHrsTrueNee vs NightHrsModelNee R²: -337.4600
Epoch  5500 | Train Loss: 1.276712 | Val Loss: 1.249950 | Train R²: -44.2743 | Val R²: -42.7136 | NightHrsTrueNEE vs NightHrsModelReco R²: -344.5100 | NightHrsTrueNee vs NightHrsModelNee R²: -337.6600
Epoch  6000 | Train Loss: 1.044515 | Val Loss: 1.023163 | Train R²: -36.0402 | Val R²: -34.7823 | NightHrsTrueNEE vs NightHrsModelReco R²: -343.0700 | NightHrsTrueNee vs NightHrsModelNee R²: -336.8100
Epoch  6500 | Train Loss: 0.883748 | Val Loss: 0.866876 | Train R²: -30.3392 | Val R²: -29.3166 | NightHrsTrueNEE vs NightHrsModelReco R²: -338.4100 | NightHrsTrueNee vs NightHrsModelNee R²: -332.7100
Epoch  7000 | Train Loss: 0.737101 | Val Loss: 0.724595 | Train R²: -25.1388 | Val R²: -24.3407 | NightHrsTrueNEE vs NightHrsModelReco R²: -295.3500 | NightHrsTrueNee vs NightHrsModelNee R²: -290.6100
Epoch  7500 | Train Loss: 0.501363 | Val Loss: 0.494888 | Train R²: -16.7792 | Val R²: -16.3074 | NightHrsTrueNEE vs NightHrsModelReco R²: -136.1800 | NightHrsTrueNee vs NightHrsModelNee R²: -133.7000
Epoch  8000 | Train Loss: 0.366485 | Val Loss: 0.362507 | Train R²: -11.9962 | Val R²: -11.6777 | NightHrsTrueNEE vs NightHrsModelReco R²: -89.2600 | NightHrsTrueNee vs NightHrsModelNee R²: -87.3300
Epoch  8500 | Train Loss: 0.273827 | Val Loss: 0.270485 | Train R²: -8.7103 | Val R²: -8.4595 | NightHrsTrueNEE vs NightHrsModelReco R²: -60.7800 | NightHrsTrueNee vs NightHrsModelNee R²: -59.3300
Epoch  9000 | Train Loss: 0.205770 | Val Loss: 0.203239 | Train R²: -6.2969 | Val R²: -6.1077 | NightHrsTrueNEE vs NightHrsModelReco R²: -43.5700 | NightHrsTrueNee vs NightHrsModelNee R²: -42.4400
Epoch  9500 | Train Loss: 0.155522 | Val Loss: 0.153878 | Train R²: -4.5150 | Val R²: -4.3815 | NightHrsTrueNEE vs NightHrsModelReco R²: -32.5300 | NightHrsTrueNee vs NightHrsModelNee R²: -31.6300
Epoch 10000 | Train Loss: 0.118278 | Val Loss: 0.117306 | Train R²: -3.1943 | Val R²: -3.1024 | NightHrsTrueNEE vs NightHrsModelReco R²: -24.7600 | NightHrsTrueNee vs NightHrsModelNee R²: -24.0300
Epoch 10500 | Train Loss: 0.091051 | Val Loss: 0.090546 | Train R²: -2.2288 | Val R²: -2.1666 | NightHrsTrueNEE vs NightHrsModelReco R²: -19.1300 | NightHrsTrueNee vs NightHrsModelNee R²: -18.5400
Epoch 11000 | Train Loss: 0.071178 | Val Loss: 0.070995 | Train R²: -1.5241 | Val R²: -1.4829 | NightHrsTrueNEE vs NightHrsModelReco R²: -14.9900 | NightHrsTrueNee vs NightHrsModelNee R²: -14.5200
Epoch 11500 | Train Loss: 0.056637 | Val Loss: 0.056654 | Train R²: -1.0084 | Val R²: -0.9813 | NightHrsTrueNEE vs NightHrsModelReco R²: -11.8800 | NightHrsTrueNee vs NightHrsModelNee R²: -11.5000
Epoch 12000 | Train Loss: 0.045932 | Val Loss: 0.046061 | Train R²: -0.6288 | Val R²: -0.6108 | NightHrsTrueNEE vs NightHrsModelReco R²: -9.5300 | NightHrsTrueNee vs NightHrsModelNee R²: -9.2200
Epoch 12500 | Train Loss: 0.037995 | Val Loss: 0.038173 | Train R²: -0.3474 | Val R²: -0.3350 | NightHrsTrueNEE vs NightHrsModelReco R²: -7.7200 | NightHrsTrueNee vs NightHrsModelNee R²: -7.4700
Epoch 13000 | Train Loss: 0.032114 | Val Loss: 0.032293 | Train R²: -0.1388 | Val R²: -0.1293 | NightHrsTrueNEE vs NightHrsModelReco R²: -6.2800 | NightHrsTrueNee vs NightHrsModelNee R²: -6.0800
Epoch 13500 | Train Loss: 0.027769 | Val Loss: 0.027928 | Train R²: 0.0153 | Val R²: 0.0233 | NightHrsTrueNEE vs NightHrsModelReco R²: -5.1100 | NightHrsTrueNee vs NightHrsModelNee R²: -4.9500
Epoch 14000 | Train Loss: 0.024522 | Val Loss: 0.024667 | Train R²: 0.1304 | Val R²: 0.1374 | NightHrsTrueNEE vs NightHrsModelReco R²: -4.1500 | NightHrsTrueNee vs NightHrsModelNee R²: -4.0100
Epoch 14500 | Train Loss: 0.022109 | Val Loss: 0.022254 | Train R²: 0.2160 | Val R²: 0.2217 | NightHrsTrueNEE vs NightHrsModelReco R²: -3.4200 | NightHrsTrueNee vs NightHrsModelNee R²: -3.3100
Epoch 15000 | Train Loss: 0.020292 | Val Loss: 0.020430 | Train R²: 0.2804 | Val R²: 0.2855 | NightHrsTrueNEE vs NightHrsModelReco R²: -2.8700 | NightHrsTrueNee vs NightHrsModelNee R²: -2.7900
Epoch 15500 | Train Loss: 0.018871 | Val Loss: 0.019005 | Train R²: 0.3308 | Val R²: 0.3354 | NightHrsTrueNEE vs NightHrsModelReco R²: -2.4700 | NightHrsTrueNee vs NightHrsModelNee R²: -2.3900
Epoch 16000 | Train Loss: 0.017719 | Val Loss: 0.017854 | Train R²: 0.3716 | Val R²: 0.3756 | NightHrsTrueNEE vs NightHrsModelReco R²: -2.1600 | NightHrsTrueNee vs NightHrsModelNee R²: -2.1000
Epoch 16500 | Train Loss: 0.016730 | Val Loss: 0.016862 | Train R²: 0.4067 | Val R²: 0.4103 | NightHrsTrueNEE vs NightHrsModelReco R²: -1.9300 | NightHrsTrueNee vs NightHrsModelNee R²: -1.8800
Epoch 17000 | Train Loss: 0.015804 | Val Loss: 0.015921 | Train R²: 0.4396 | Val R²: 0.4432 | NightHrsTrueNEE vs NightHrsModelReco R²: -1.7600 | NightHrsTrueNee vs NightHrsModelNee R²: -1.7100
Epoch 17500 | Train Loss: 0.014851 | Val Loss: 0.014944 | Train R²: 0.4734 | Val R²: 0.4774 | NightHrsTrueNEE vs NightHrsModelReco R²: -1.6300 | NightHrsTrueNee vs NightHrsModelNee R²: -1.5900
Epoch 18000 | Train Loss: 0.013796 | Val Loss: 0.013858 | Train R²: 0.5108 | Val R²: 0.5154 | NightHrsTrueNEE vs NightHrsModelReco R²: -1.5200 | NightHrsTrueNee vs NightHrsModelNee R²: -1.4800
Epoch 18500 | Train Loss: 0.012602 | Val Loss: 0.012618 | Train R²: 0.5531 | Val R²: 0.5587 | NightHrsTrueNEE vs NightHrsModelReco R²: -1.4000 | NightHrsTrueNee vs NightHrsModelNee R²: -1.3700
Epoch 19000 | Train Loss: 0.011278 | Val Loss: 0.011239 | Train R²: 0.6000 | Val R²: 0.6069 | NightHrsTrueNEE vs NightHrsModelReco R²: -1.2400 | NightHrsTrueNee vs NightHrsModelNee R²: -1.2200
Epoch 19500 | Train Loss: 0.009886 | Val Loss: 0.009794 | Train R²: 0.6494 | Val R²: 0.6575 | NightHrsTrueNEE vs NightHrsModelReco R²: -1.0400 | NightHrsTrueNee vs NightHrsModelNee R²: -1.0100
Epoch 20000 | Train Loss: 0.008495 | Val Loss: 0.008360 | Train R²: 0.6987 | Val R²: 0.7076 | NightHrsTrueNEE vs NightHrsModelReco R²: -0.7800 | NightHrsTrueNee vs NightHrsModelNee R²: -0.7600
Epoch 20500 | Train Loss: 0.007198 | Val Loss: 0.007019 | Train R²: 0.7447 | Val R²: 0.7545 | NightHrsTrueNEE vs NightHrsModelReco R²: -0.5200 | NightHrsTrueNee vs NightHrsModelNee R²: -0.5100
Epoch 21000 | Train Loss: 0.006093 | Val Loss: 0.005882 | Train R²: 0.7839 | Val R²: 0.7943 | NightHrsTrueNEE vs NightHrsModelReco R²: -0.2800 | NightHrsTrueNee vs NightHrsModelNee R²: -0.2700
Epoch 21500 | Train Loss: 0.005161 | Val Loss: 0.004944 | Train R²: 0.8170 | Val R²: 0.8271 | NightHrsTrueNEE vs NightHrsModelReco R²: -0.0700 | NightHrsTrueNee vs NightHrsModelNee R²: -0.0600
Epoch 22000 | Train Loss: 0.004376 | Val Loss: 0.004177 | Train R²: 0.8448 | Val R²: 0.8539 | NightHrsTrueNEE vs NightHrsModelReco R²: 0.1100 | NightHrsTrueNee vs NightHrsModelNee R²: 0.1100
Epoch 22500 | Train Loss: 0.003737 | Val Loss: 0.003566 | Train R²: 0.8675 | Val R²: 0.8753 | NightHrsTrueNEE vs NightHrsModelReco R²: 0.2500 | NightHrsTrueNee vs NightHrsModelNee R²: 0.2500
Epoch 23000 | Train Loss: 0.003235 | Val Loss: 0.003095 | Train R²: 0.8853 | Val R²: 0.8918 | NightHrsTrueNEE vs NightHrsModelReco R²: 0.3600 | NightHrsTrueNee vs NightHrsModelNee R²: 0.3600
Epoch 23500 | Train Loss: 0.002853 | Val Loss: 0.002736 | Train R²: 0.8988 | Val R²: 0.9043 | NightHrsTrueNEE vs NightHrsModelReco R²: 0.4300 | NightHrsTrueNee vs NightHrsModelNee R²: 0.4400
Epoch 24000 | Train Loss: 0.002563 | Val Loss: 0.002462 | Train R²: 0.9091 | Val R²: 0.9139 | NightHrsTrueNEE vs NightHrsModelReco R²: 0.4900 | NightHrsTrueNee vs NightHrsModelNee R²: 0.4900
Epoch 24500 | Train Loss: 0.002329 | Val Loss: 0.002241 | Train R²: 0.9174 | Val R²: 0.9216 | NightHrsTrueNEE vs NightHrsModelReco R²: 0.5400 | NightHrsTrueNee vs NightHrsModelNee R²: 0.5400
Epoch 25000 | Train Loss: 0.002124 | Val Loss: 0.002045 | Train R²: 0.9247 | Val R²: 0.9285 | NightHrsTrueNEE vs NightHrsModelReco R²: 0.5700 | NightHrsTrueNee vs NightHrsModelNee R²: 0.5700
Epoch 25500 | Train Loss: 0.001932 | Val Loss: 0.001862 | Train R²: 0.9315 | Val R²: 0.9349 | NightHrsTrueNEE vs NightHrsModelReco R²: 0.6000 | NightHrsTrueNee vs NightHrsModelNee R²: 0.6000
Epoch 26000 | Train Loss: 0.001760 | Val Loss: 0.001699 | Train R²: 0.9376 | Val R²: 0.9406 | NightHrsTrueNEE vs NightHrsModelReco R²: 0.6200 | NightHrsTrueNee vs NightHrsModelNee R²: 0.6200
Epoch 26500 | Train Loss: 0.001626 | Val Loss: 0.001575 | Train R²: 0.9423 | Val R²: 0.9449 | NightHrsTrueNEE vs NightHrsModelReco R²: 0.6400 | NightHrsTrueNee vs NightHrsModelNee R²: 0.6400
Epoch 27000 | Train Loss: 0.001539 | Val Loss: 0.001497 | Train R²: 0.9454 | Val R²: 0.9476 | NightHrsTrueNEE vs NightHrsModelReco R²: 0.6500 | NightHrsTrueNee vs NightHrsModelNee R²: 0.6500
Epoch 27500 | Train Loss: 0.001488 | Val Loss: 0.001450 | Train R²: 0.9472 | Val R²: 0.9493 | NightHrsTrueNEE vs NightHrsModelReco R²: 0.6700 | NightHrsTrueNee vs NightHrsModelNee R²: 0.6700
Epoch 28000 | Train Loss: 0.001453 | Val Loss: 0.001415 | Train R²: 0.9485 | Val R²: 0.9505 | NightHrsTrueNEE vs NightHrsModelReco R²: 0.6700 | NightHrsTrueNee vs NightHrsModelNee R²: 0.6700
Epoch 28500 | Train Loss: 0.001422 | Val Loss: 0.001384 | Train R²: 0.9496 | Val R²: 0.9516 | NightHrsTrueNEE vs NightHrsModelReco R²: 0.6800 | NightHrsTrueNee vs NightHrsModelNee R²: 0.6800
Epoch 29000 | Train Loss: 0.001393 | Val Loss: 0.001354 | Train R²: 0.9506 | Val R²: 0.9527 | NightHrsTrueNEE vs NightHrsModelReco R²: 0.6800 | NightHrsTrueNee vs NightHrsModelNee R²: 0.6900
Early stopping at epoch 29209 due to flat/negative trend (slope=0.000002)
Epoch 29209 | Train Loss: 0.001381 | Val Loss: 0.001341 | Train R²: 0.9510 | Val R²: 0.9531
Unpickling models
Following models have been loaded and moved to cuda:
trained gpp model:
 SNN_GPP_Tram(
  (net): Sequential(
    (0): Linear(in_features=12, out_features=12, bias=True)
    (1): Tanh()
    (2): Linear(in_features=12, out_features=1, bias=True)
    (3): Sigmoid()
  )
), trained_reco_model:
 SNN_GPP_Tram(
  (net): Sequential(
    (0): Linear(in_features=11, out_features=12, bias=True)
    (1): Tanh()
    (2): Linear(in_features=12, out_features=1, bias=True)
    (3): Sigmoid()
  )
)
using full data set for visualization
Un-normalizing the GPP and RECO predictions using NEE min: tensor([-28.6423]), NEE max: tensor([15.6103])



Metrics for the Tramontana, with
GPP inputs: ['SW_IN', 'VPD', 'TA', 'WTD', 'WS', 'PotRad', 'PotRadHalfHourlyDiff', 'PotRadDailyAvg', 'PotRadDailyDiff', 'WD_COS', 'WD_SIN', 'GPP_PROX']
RECO inputs: ['DOY_sin', 'DOY_cos', 'TA', 'TS_1', 'TS_2', 'TS_3', 'WTD', 'WS', 'WD_COS', 'WD_SIN', 'NIGHTLY_NEE_AVG']:
dt_gpp vs Tramontana_GPP R²=0.97 RMSE=0.99
nt_gpp vs Tramontana_GPP R²=0.94 RMSE=1.33
dt_reco vs Tramontana_RECO R²=0.55 RMSE=1.02
nt_reco vs Tramontana_RECO R²=0.67 RMSE=0.77
night_hours_true_nee vs Tramontana_night_hours_model_reco R²=0.68 RMSE=0.79
night_hours_true_nee vs Tramontana_night_hours_model_nee R²=0.68 RMSE=0.79
dt_gpp vs nt_gpp R²=0.94 RMSE=1.33
dt_reco vs nt_reco R²=0.71 RMSE=1.00

gpp_input_names,  ['SW_IN', 'VPD', 'TA', 'WTD', 'WS', 'PotRad', 'PotRadHalfHourlyDiff', 'PotRadDailyAvg', 'PotRadDailyDiff', 'WD_COS', 'WD_SIN', 'GPP_PROX'] 
reco_input_names,  ['DOY_sin', 'DOY_cos', 'TA', 'TS_1', 'TS_2', 'TS_3', 'TS_4', 'WS', 'WD_COS', 'WD_SIN', 'NIGHTLY_NEE_AVG'] 
true_nee_name,  ['NEE'] 

Tramontana Running on GPU With hidden layer size of 12 Total epochs: 100000 lr: 0.001 patience: 500 min_delta 0.01
SNN_GPP_Tram(
  (net): Sequential(
    (0): Linear(in_features=12, out_features=12, bias=True)
    (1): Tanh()
    (2): Linear(in_features=12, out_features=1, bias=True)
    (3): Sigmoid()
  )
)
SNN_RECO_Tram(
  (net): Sequential(
    (0): Linear(in_features=11, out_features=12, bias=True)
    (1): Tanh()
    (2): Linear(in_features=12, out_features=1, bias=True)
    (3): Sigmoid()
  )
)
Params are min slope: 2e-06, trend window: 100
Epoch     0 | Train Loss: 29446.550781 | Val Loss: 29668.107422 | Train R²: -1044221.5000 | Val R²: -1037560.5625 | NightHrsTrueNEE vs NightHrsModelReco R²: -45.9800 | NightHrsTrueNee vs NightHrsModelNee R²: -255.7100
Epoch   500 | Train Loss: 229.138245 | Val Loss: 230.149078 | Train R²: -8124.6147 | Val R²: -8047.8398 | NightHrsTrueNEE vs NightHrsModelReco R²: -304.7000 | NightHrsTrueNee vs NightHrsModelNee R²: -304.8000
Epoch  1000 | Train Loss: 64.444084 | Val Loss: 64.593933 | Train R²: -2284.2920 | Val R²: -2257.9973 | NightHrsTrueNEE vs NightHrsModelReco R²: -330.0800 | NightHrsTrueNee vs NightHrsModelNee R²: -319.4200
Epoch  1500 | Train Loss: 28.765444 | Val Loss: 28.726177 | Train R²: -1019.0693 | Val R²: -1003.6200 | NightHrsTrueNEE vs NightHrsModelReco R²: -337.7200 | NightHrsTrueNee vs NightHrsModelNee R²: -325.1600
Epoch  2000 | Train Loss: 15.568860 | Val Loss: 15.490015 | Train R²: -551.0971 | Val R²: -540.7212 | NightHrsTrueNEE vs NightHrsModelReco R²: -341.3200 | NightHrsTrueNee vs NightHrsModelNee R²: -328.9200
Epoch  2500 | Train Loss: 9.376780 | Val Loss: 9.296503 | Train R²: -331.5159 | Val R²: -324.1199 | NightHrsTrueNEE vs NightHrsModelReco R²: -343.3900 | NightHrsTrueNee vs NightHrsModelNee R²: -331.7300
Epoch  3000 | Train Loss: 6.051275 | Val Loss: 5.979835 | Train R²: -213.5881 | Val R²: -208.1285 | NightHrsTrueNEE vs NightHrsModelReco R²: -344.6900 | NightHrsTrueNee vs NightHrsModelNee R²: -333.9200
Epoch  3500 | Train Loss: 4.106594 | Val Loss: 4.046068 | Train R²: -144.6265 | Val R²: -140.5002 | NightHrsTrueNEE vs NightHrsModelReco R²: -345.5300 | NightHrsTrueNee vs NightHrsModelNee R²: -335.6600
Epoch  4000 | Train Loss: 2.903326 | Val Loss: 2.853218 | Train R²: -101.9566 | Val R²: -98.7835 | NightHrsTrueNEE vs NightHrsModelReco R²: -346.0500 | NightHrsTrueNee vs NightHrsModelNee R²: -337.0300
Epoch  4500 | Train Loss: 2.129839 | Val Loss: 2.088902 | Train R²: -74.5276 | Val R²: -72.0537 | NightHrsTrueNEE vs NightHrsModelReco R²: -346.2800 | NightHrsTrueNee vs NightHrsModelNee R²: -338.0400
Epoch  5000 | Train Loss: 1.619715 | Val Loss: 1.586579 | Train R²: -56.4377 | Val R²: -54.4863 | NightHrsTrueNEE vs NightHrsModelReco R²: -346.1900 | NightHrsTrueNee vs NightHrsModelNee R²: -338.6600
Epoch  5500 | Train Loss: 1.277568 | Val Loss: 1.250955 | Train R²: -44.3046 | Val R²: -42.7488 | NightHrsTrueNEE vs NightHrsModelReco R²: -345.6100 | NightHrsTrueNee vs NightHrsModelNee R²: -338.7300
Epoch  6000 | Train Loss: 1.045246 | Val Loss: 1.024050 | Train R²: -36.0661 | Val R²: -34.8134 | NightHrsTrueNEE vs NightHrsModelReco R²: -343.8800 | NightHrsTrueNee vs NightHrsModelNee R²: -337.5900
Epoch  6500 | Train Loss: 0.882912 | Val Loss: 0.866278 | Train R²: -30.3095 | Val R²: -29.2957 | NightHrsTrueNEE vs NightHrsModelReco R²: -337.2000 | NightHrsTrueNee vs NightHrsModelNee R²: -331.5000
Epoch  7000 | Train Loss: 0.668173 | Val Loss: 0.657969 | Train R²: -22.6945 | Val R²: -22.0107 | NightHrsTrueNEE vs NightHrsModelReco R²: -202.0800 | NightHrsTrueNee vs NightHrsModelNee R²: -198.6100
Epoch  7500 | Train Loss: 0.473667 | Val Loss: 0.468163 | Train R²: -15.7970 | Val R²: -15.3727 | NightHrsTrueNEE vs NightHrsModelReco R²: -119.5300 | NightHrsTrueNee vs NightHrsModelNee R²: -117.0800
Epoch  8000 | Train Loss: 0.357063 | Val Loss: 0.353137 | Train R²: -11.6620 | Val R²: -11.3500 | NightHrsTrueNEE vs NightHrsModelReco R²: -84.4500 | NightHrsTrueNee vs NightHrsModelNee R²: -82.6200
Epoch  8500 | Train Loss: 0.269735 | Val Loss: 0.266386 | Train R²: -8.5652 | Val R²: -8.3161 | NightHrsTrueNEE vs NightHrsModelReco R²: -59.1900 | NightHrsTrueNee vs NightHrsModelNee R²: -57.8300
Epoch  9000 | Train Loss: 0.204432 | Val Loss: 0.201778 | Train R²: -6.2495 | Val R²: -6.0567 | NightHrsTrueNEE vs NightHrsModelReco R²: -43.0100 | NightHrsTrueNee vs NightHrsModelNee R²: -41.9800
Epoch  9500 | Train Loss: 0.155815 | Val Loss: 0.153880 | Train R²: -4.5255 | Val R²: -4.3815 | NightHrsTrueNEE vs NightHrsModelReco R²: -32.0200 | NightHrsTrueNee vs NightHrsModelNee R²: -31.2200
Epoch 10000 | Train Loss: 0.119706 | Val Loss: 0.118404 | Train R²: -3.2450 | Val R²: -3.1409 | NightHrsTrueNEE vs NightHrsModelReco R²: -24.3100 | NightHrsTrueNee vs NightHrsModelNee R²: -23.6900
Epoch 10500 | Train Loss: 0.092761 | Val Loss: 0.091942 | Train R²: -2.2894 | Val R²: -2.2154 | NightHrsTrueNEE vs NightHrsModelReco R²: -18.8300 | NightHrsTrueNee vs NightHrsModelNee R²: -18.3300
Epoch 11000 | Train Loss: 0.072574 | Val Loss: 0.072077 | Train R²: -1.5736 | Val R²: -1.5207 | NightHrsTrueNEE vs NightHrsModelReco R²: -14.8800 | NightHrsTrueNee vs NightHrsModelNee R²: -14.4900
Epoch 11500 | Train Loss: 0.057792 | Val Loss: 0.057519 | Train R²: -1.0494 | Val R²: -1.0116 | NightHrsTrueNEE vs NightHrsModelReco R²: -11.8100 | NightHrsTrueNee vs NightHrsModelNee R²: -11.5000
Epoch 12000 | Train Loss: 0.046895 | Val Loss: 0.046784 | Train R²: -0.6630 | Val R²: -0.6362 | NightHrsTrueNEE vs NightHrsModelReco R²: -9.3900 | NightHrsTrueNee vs NightHrsModelNee R²: -9.1500
Epoch 12500 | Train Loss: 0.038819 | Val Loss: 0.038816 | Train R²: -0.3766 | Val R²: -0.3575 | NightHrsTrueNEE vs NightHrsModelReco R²: -7.5100 | NightHrsTrueNee vs NightHrsModelNee R²: -7.3200
Epoch 13000 | Train Loss: 0.032830 | Val Loss: 0.032898 | Train R²: -0.1642 | Val R²: -0.1505 | NightHrsTrueNEE vs NightHrsModelReco R²: -6.0500 | NightHrsTrueNee vs NightHrsModelNee R²: -5.9000
Epoch 13500 | Train Loss: 0.028391 | Val Loss: 0.028513 | Train R²: -0.0068 | Val R²: 0.0028 | NightHrsTrueNEE vs NightHrsModelReco R²: -4.9300 | NightHrsTrueNee vs NightHrsModelNee R²: -4.8100
Epoch 14000 | Train Loss: 0.025100 | Val Loss: 0.025265 | Train R²: 0.1099 | Val R²: 0.1164 | NightHrsTrueNEE vs NightHrsModelReco R²: -4.0700 | NightHrsTrueNee vs NightHrsModelNee R²: -3.9700
Epoch 14500 | Train Loss: 0.022648 | Val Loss: 0.022844 | Train R²: 0.1969 | Val R²: 0.2011 | NightHrsTrueNEE vs NightHrsModelReco R²: -3.4000 | NightHrsTrueNee vs NightHrsModelNee R²: -3.3300
Epoch 15000 | Train Loss: 0.020798 | Val Loss: 0.021008 | Train R²: 0.2625 | Val R²: 0.2653 | NightHrsTrueNEE vs NightHrsModelReco R²: -2.8900 | NightHrsTrueNee vs NightHrsModelNee R²: -2.8300
Epoch 15500 | Train Loss: 0.019366 | Val Loss: 0.019576 | Train R²: 0.3133 | Val R²: 0.3154 | NightHrsTrueNEE vs NightHrsModelReco R²: -2.5000 | NightHrsTrueNee vs NightHrsModelNee R²: -2.4500
Epoch 16000 | Train Loss: 0.018209 | Val Loss: 0.018405 | Train R²: 0.3543 | Val R²: 0.3563 | NightHrsTrueNEE vs NightHrsModelReco R²: -2.1900 | NightHrsTrueNee vs NightHrsModelNee R²: -2.1500
Epoch 16500 | Train Loss: 0.017206 | Val Loss: 0.017376 | Train R²: 0.3898 | Val R²: 0.3923 | NightHrsTrueNEE vs NightHrsModelReco R²: -1.9400 | NightHrsTrueNee vs NightHrsModelNee R²: -1.9100
Epoch 17000 | Train Loss: 0.016252 | Val Loss: 0.016390 | Train R²: 0.4237 | Val R²: 0.4268 | NightHrsTrueNEE vs NightHrsModelReco R²: -1.7500 | NightHrsTrueNee vs NightHrsModelNee R²: -1.7300
Epoch 17500 | Train Loss: 0.015274 | Val Loss: 0.015375 | Train R²: 0.4584 | Val R²: 0.4623 | NightHrsTrueNEE vs NightHrsModelReco R²: -1.6100 | NightHrsTrueNee vs NightHrsModelNee R²: -1.5800
Epoch 18000 | Train Loss: 0.014191 | Val Loss: 0.014245 | Train R²: 0.4968 | Val R²: 0.5018 | NightHrsTrueNEE vs NightHrsModelReco R²: -1.4800 | NightHrsTrueNee vs NightHrsModelNee R²: -1.4600
Epoch 18500 | Train Loss: 0.012943 | Val Loss: 0.012942 | Train R²: 0.5410 | Val R²: 0.5474 | NightHrsTrueNEE vs NightHrsModelReco R²: -1.3600 | NightHrsTrueNee vs NightHrsModelNee R²: -1.3400
Epoch 19000 | Train Loss: 0.011546 | Val Loss: 0.011489 | Train R²: 0.5906 | Val R²: 0.5982 | NightHrsTrueNEE vs NightHrsModelReco R²: -1.2100 | NightHrsTrueNee vs NightHrsModelNee R²: -1.1900
Epoch 19500 | Train Loss: 0.010095 | Val Loss: 0.009985 | Train R²: 0.6420 | Val R²: 0.6508 | NightHrsTrueNEE vs NightHrsModelReco R²: -1.0000 | NightHrsTrueNee vs NightHrsModelNee R²: -0.9900
Epoch 20000 | Train Loss: 0.008670 | Val Loss: 0.008533 | Train R²: 0.6926 | Val R²: 0.7016 | NightHrsTrueNEE vs NightHrsModelReco R²: -0.7500 | NightHrsTrueNee vs NightHrsModelNee R²: -0.7400
Epoch 20500 | Train Loss: 0.007315 | Val Loss: 0.007171 | Train R²: 0.7406 | Val R²: 0.7492 | NightHrsTrueNEE vs NightHrsModelReco R²: -0.5100 | NightHrsTrueNee vs NightHrsModelNee R²: -0.5000
Epoch 21000 | Train Loss: 0.006116 | Val Loss: 0.005957 | Train R²: 0.7831 | Val R²: 0.7917 | NightHrsTrueNEE vs NightHrsModelReco R²: -0.2900 | NightHrsTrueNee vs NightHrsModelNee R²: -0.2800
Epoch 21500 | Train Loss: 0.005119 | Val Loss: 0.004954 | Train R²: 0.8185 | Val R²: 0.8267 | NightHrsTrueNEE vs NightHrsModelReco R²: -0.0700 | NightHrsTrueNee vs NightHrsModelNee R²: -0.0700
Epoch 22000 | Train Loss: 0.004309 | Val Loss: 0.004152 | Train R²: 0.8472 | Val R²: 0.8548 | NightHrsTrueNEE vs NightHrsModelReco R²: 0.1100 | NightHrsTrueNee vs NightHrsModelNee R²: 0.1100
Epoch 22500 | Train Loss: 0.003662 | Val Loss: 0.003521 | Train R²: 0.8701 | Val R²: 0.8769 | NightHrsTrueNEE vs NightHrsModelReco R²: 0.2600 | NightHrsTrueNee vs NightHrsModelNee R²: 0.2600
Epoch 23000 | Train Loss: 0.003168 | Val Loss: 0.003043 | Train R²: 0.8876 | Val R²: 0.8936 | NightHrsTrueNEE vs NightHrsModelReco R²: 0.3700 | NightHrsTrueNee vs NightHrsModelNee R²: 0.3700
Epoch 23500 | Train Loss: 0.002803 | Val Loss: 0.002692 | Train R²: 0.9006 | Val R²: 0.9059 | NightHrsTrueNEE vs NightHrsModelReco R²: 0.4400 | NightHrsTrueNee vs NightHrsModelNee R²: 0.4400
Epoch 24000 | Train Loss: 0.002527 | Val Loss: 0.002428 | Train R²: 0.9104 | Val R²: 0.9151 | NightHrsTrueNEE vs NightHrsModelReco R²: 0.4900 | NightHrsTrueNee vs NightHrsModelNee R²: 0.4900
Epoch 24500 | Train Loss: 0.002305 | Val Loss: 0.002218 | Train R²: 0.9183 | Val R²: 0.9224 | NightHrsTrueNEE vs NightHrsModelReco R²: 0.5300 | NightHrsTrueNee vs NightHrsModelNee R²: 0.5300
Epoch 25000 | Train Loss: 0.002113 | Val Loss: 0.002034 | Train R²: 0.9251 | Val R²: 0.9289 | NightHrsTrueNEE vs NightHrsModelReco R²: 0.5600 | NightHrsTrueNee vs NightHrsModelNee R²: 0.5600
Epoch 25500 | Train Loss: 0.001933 | Val Loss: 0.001860 | Train R²: 0.9315 | Val R²: 0.9349 | NightHrsTrueNEE vs NightHrsModelReco R²: 0.5900 | NightHrsTrueNee vs NightHrsModelNee R²: 0.5900
Epoch 26000 | Train Loss: 0.001769 | Val Loss: 0.001705 | Train R²: 0.9373 | Val R²: 0.9404 | NightHrsTrueNEE vs NightHrsModelReco R²: 0.6100 | NightHrsTrueNee vs NightHrsModelNee R²: 0.6100
Epoch 26500 | Train Loss: 0.001639 | Val Loss: 0.001585 | Train R²: 0.9419 | Val R²: 0.9446 | NightHrsTrueNEE vs NightHrsModelReco R²: 0.6300 | NightHrsTrueNee vs NightHrsModelNee R²: 0.6300
Epoch 27000 | Train Loss: 0.001554 | Val Loss: 0.001509 | Train R²: 0.9449 | Val R²: 0.9472 | NightHrsTrueNEE vs NightHrsModelReco R²: 0.6500 | NightHrsTrueNee vs NightHrsModelNee R²: 0.6500
Epoch 27500 | Train Loss: 0.001504 | Val Loss: 0.001464 | Train R²: 0.9467 | Val R²: 0.9488 | NightHrsTrueNEE vs NightHrsModelReco R²: 0.6600 | NightHrsTrueNee vs NightHrsModelNee R²: 0.6600
Epoch 28000 | Train Loss: 0.001470 | Val Loss: 0.001432 | Train R²: 0.9479 | Val R²: 0.9499 | NightHrsTrueNEE vs NightHrsModelReco R²: 0.6700 | NightHrsTrueNee vs NightHrsModelNee R²: 0.6700
Early stopping at epoch 28111 due to flat/negative trend (slope=0.000002)
Epoch 28111 | Train Loss: 0.001464 | Val Loss: 0.001427 | Train R²: 0.9481 | Val R²: 0.9501
Unpickling models
Following models have been loaded and moved to cuda:
trained gpp model:
 SNN_GPP_Tram(
  (net): Sequential(
    (0): Linear(in_features=12, out_features=12, bias=True)
    (1): Tanh()
    (2): Linear(in_features=12, out_features=1, bias=True)
    (3): Sigmoid()
  )
), trained_reco_model:
 SNN_GPP_Tram(
  (net): Sequential(
    (0): Linear(in_features=11, out_features=12, bias=True)
    (1): Tanh()
    (2): Linear(in_features=12, out_features=1, bias=True)
    (3): Sigmoid()
  )
)
using full data set for visualization
Un-normalizing the GPP and RECO predictions using NEE min: tensor([-28.6423]), NEE max: tensor([15.6103])



Metrics for the Tramontana, with
GPP inputs: ['SW_IN', 'VPD', 'TA', 'WTD', 'WS', 'PotRad', 'PotRadHalfHourlyDiff', 'PotRadDailyAvg', 'PotRadDailyDiff', 'WD_COS', 'WD_SIN', 'GPP_PROX']
RECO inputs: ['DOY_sin', 'DOY_cos', 'TA', 'TS_1', 'TS_2', 'TS_3', 'TS_4', 'WS', 'WD_COS', 'WD_SIN', 'NIGHTLY_NEE_AVG']:
dt_gpp vs Tramontana_GPP R²=0.96 RMSE=1.06
nt_gpp vs Tramontana_GPP R²=0.94 RMSE=1.37
dt_reco vs Tramontana_RECO R²=0.52 RMSE=1.05
nt_reco vs Tramontana_RECO R²=0.65 RMSE=0.79
night_hours_true_nee vs Tramontana_night_hours_model_reco R²=0.65 RMSE=0.82
night_hours_true_nee vs Tramontana_night_hours_model_nee R²=0.65 RMSE=0.82
dt_gpp vs nt_gpp R²=0.94 RMSE=1.33
dt_reco vs nt_reco R²=0.71 RMSE=1.00

gpp_input_names,  ['SW_IN', 'VPD', 'TA', 'WTD', 'WS', 'PotRad', 'PotRadHalfHourlyDiff', 'PotRadDailyAvg', 'PotRadDailyDiff', 'WD_COS', 'WD_SIN', 'GPP_PROX'] 
reco_input_names,  ['DOY_sin', 'DOY_cos', 'TA', 'TS_1', 'TS_2', 'TS_3', 'TS_4', 'WTD', 'WD_COS', 'WD_SIN', 'NIGHTLY_NEE_AVG'] 
true_nee_name,  ['NEE'] 

Tramontana Running on GPU With hidden layer size of 12 Total epochs: 100000 lr: 0.001 patience: 500 min_delta 0.01
SNN_GPP_Tram(
  (net): Sequential(
    (0): Linear(in_features=12, out_features=12, bias=True)
    (1): Tanh()
    (2): Linear(in_features=12, out_features=1, bias=True)
    (3): Sigmoid()
  )
)
SNN_RECO_Tram(
  (net): Sequential(
    (0): Linear(in_features=11, out_features=12, bias=True)
    (1): Tanh()
    (2): Linear(in_features=12, out_features=1, bias=True)
    (3): Sigmoid()
  )
)
Params are min slope: 2e-06, trend window: 100
Epoch     0 | Train Loss: 29446.396484 | Val Loss: 29667.953125 | Train R²: -1044216.0625 | Val R²: -1037555.0625 | NightHrsTrueNEE vs NightHrsModelReco R²: -45.9200 | NightHrsTrueNee vs NightHrsModelNee R²: -255.6200
Epoch   500 | Train Loss: 229.144684 | Val Loss: 230.153061 | Train R²: -8124.8428 | Val R²: -8047.9780 | NightHrsTrueNEE vs NightHrsModelReco R²: -305.9500 | NightHrsTrueNee vs NightHrsModelNee R²: -306.1300
Epoch  1000 | Train Loss: 64.446594 | Val Loss: 64.595451 | Train R²: -2284.3811 | Val R²: -2258.0503 | NightHrsTrueNEE vs NightHrsModelReco R²: -330.7900 | NightHrsTrueNee vs NightHrsModelNee R²: -320.1700
Epoch  1500 | Train Loss: 28.766722 | Val Loss: 28.726921 | Train R²: -1019.1148 | Val R²: -1003.6461 | NightHrsTrueNEE vs NightHrsModelReco R²: -338.2600 | NightHrsTrueNee vs NightHrsModelNee R²: -325.7300
Epoch  2000 | Train Loss: 15.569682 | Val Loss: 15.490502 | Train R²: -551.1263 | Val R²: -540.7382 | NightHrsTrueNEE vs NightHrsModelReco R²: -341.7900 | NightHrsTrueNee vs NightHrsModelNee R²: -329.4000
Epoch  2500 | Train Loss: 9.377387 | Val Loss: 9.296879 | Train R²: -331.5374 | Val R²: -324.1331 | NightHrsTrueNEE vs NightHrsModelReco R²: -343.8200 | NightHrsTrueNee vs NightHrsModelNee R²: -332.1600
Epoch  3000 | Train Loss: 6.051778 | Val Loss: 5.980166 | Train R²: -213.6059 | Val R²: -208.1400 | NightHrsTrueNEE vs NightHrsModelReco R²: -345.1000 | NightHrsTrueNee vs NightHrsModelNee R²: -334.3400
Epoch  3500 | Train Loss: 4.107046 | Val Loss: 4.046385 | Train R²: -144.6425 | Val R²: -140.5113 | NightHrsTrueNEE vs NightHrsModelReco R²: -345.9500 | NightHrsTrueNee vs NightHrsModelNee R²: -336.0800
Epoch  4000 | Train Loss: 2.903772 | Val Loss: 2.853554 | Train R²: -101.9725 | Val R²: -98.7953 | NightHrsTrueNEE vs NightHrsModelReco R²: -346.4900 | NightHrsTrueNee vs NightHrsModelNee R²: -337.4700
Epoch  4500 | Train Loss: 2.130316 | Val Loss: 2.089287 | Train R²: -74.5445 | Val R²: -72.0671 | NightHrsTrueNEE vs NightHrsModelReco R²: -346.7800 | NightHrsTrueNee vs NightHrsModelNee R²: -338.5400
Epoch  5000 | Train Loss: 1.620283 | Val Loss: 1.587061 | Train R²: -56.4579 | Val R²: -54.5031 | NightHrsTrueNEE vs NightHrsModelReco R²: -346.8100 | NightHrsTrueNee vs NightHrsModelNee R²: -339.2800
Epoch  5500 | Train Loss: 1.278349 | Val Loss: 1.251649 | Train R²: -44.3323 | Val R²: -42.7730 | NightHrsTrueNEE vs NightHrsModelReco R²: -346.4800 | NightHrsTrueNee vs NightHrsModelNee R²: -339.5900
Epoch  6000 | Train Loss: 1.046628 | Val Loss: 1.025324 | Train R²: -36.1151 | Val R²: -34.8579 | NightHrsTrueNEE vs NightHrsModelReco R²: -345.4400 | NightHrsTrueNee vs NightHrsModelNee R²: -339.1400
Epoch  6500 | Train Loss: 0.887318 | Val Loss: 0.870468 | Train R²: -30.4658 | Val R²: -29.4422 | NightHrsTrueNEE vs NightHrsModelReco R²: -342.1700 | NightHrsTrueNee vs NightHrsModelNee R²: -336.4200
Epoch  7000 | Train Loss: 0.755055 | Val Loss: 0.742191 | Train R²: -25.7755 | Val R²: -24.9561 | NightHrsTrueNEE vs NightHrsModelReco R²: -313.5500 | NightHrsTrueNee vs NightHrsModelNee R²: -308.5900
Epoch  7500 | Train Loss: 0.487654 | Val Loss: 0.481637 | Train R²: -16.2930 | Val R²: -15.8439 | NightHrsTrueNEE vs NightHrsModelReco R²: -124.5300 | NightHrsTrueNee vs NightHrsModelNee R²: -122.0700
Epoch  8000 | Train Loss: 0.361616 | Val Loss: 0.357832 | Train R²: -11.8235 | Val R²: -11.5142 | NightHrsTrueNEE vs NightHrsModelReco R²: -85.6200 | NightHrsTrueNee vs NightHrsModelNee R²: -83.7100
Epoch  8500 | Train Loss: 0.271449 | Val Loss: 0.268404 | Train R²: -8.6260 | Val R²: -8.3867 | NightHrsTrueNEE vs NightHrsModelReco R²: -59.8800 | NightHrsTrueNee vs NightHrsModelNee R²: -58.4400
Epoch  9000 | Train Loss: 0.204829 | Val Loss: 0.202533 | Train R²: -6.2636 | Val R²: -6.0830 | NightHrsTrueNEE vs NightHrsModelReco R²: -43.4900 | NightHrsTrueNee vs NightHrsModelNee R²: -42.3700
Epoch  9500 | Train Loss: 0.155486 | Val Loss: 0.153869 | Train R²: -4.5138 | Val R²: -4.3811 | NightHrsTrueNEE vs NightHrsModelReco R²: -32.3900 | NightHrsTrueNee vs NightHrsModelNee R²: -31.5100
Epoch 10000 | Train Loss: 0.118927 | Val Loss: 0.117785 | Train R²: -3.2173 | Val R²: -3.1192 | NightHrsTrueNEE vs NightHrsModelReco R²: -24.5100 | NightHrsTrueNee vs NightHrsModelNee R²: -23.8100
Epoch 10500 | Train Loss: 0.091979 | Val Loss: 0.091184 | Train R²: -2.2617 | Val R²: -2.1889 | NightHrsTrueNEE vs NightHrsModelReco R²: -18.8600 | NightHrsTrueNee vs NightHrsModelNee R²: -18.2900
Epoch 11000 | Train Loss: 0.072173 | Val Loss: 0.071653 | Train R²: -1.5594 | Val R²: -1.5059 | NightHrsTrueNEE vs NightHrsModelReco R²: -14.7100 | NightHrsTrueNee vs NightHrsModelNee R²: -14.2600
Epoch 11500 | Train Loss: 0.057607 | Val Loss: 0.057300 | Train R²: -1.0428 | Val R²: -1.0039 | NightHrsTrueNEE vs NightHrsModelReco R²: -11.5900 | NightHrsTrueNee vs NightHrsModelNee R²: -11.2400
Epoch 12000 | Train Loss: 0.046847 | Val Loss: 0.046693 | Train R²: -0.6613 | Val R²: -0.6329 | NightHrsTrueNEE vs NightHrsModelReco R²: -9.2000 | NightHrsTrueNee vs NightHrsModelNee R²: -8.9200
Epoch 12500 | Train Loss: 0.038852 | Val Loss: 0.038798 | Train R²: -0.3778 | Val R²: -0.3568 | NightHrsTrueNEE vs NightHrsModelReco R²: -7.3400 | NightHrsTrueNee vs NightHrsModelNee R²: -7.1100
Epoch 13000 | Train Loss: 0.032885 | Val Loss: 0.032884 | Train R²: -0.1662 | Val R²: -0.1500 | NightHrsTrueNEE vs NightHrsModelReco R²: -5.8800 | NightHrsTrueNee vs NightHrsModelNee R²: -5.7000
Epoch 13500 | Train Loss: 0.028423 | Val Loss: 0.028441 | Train R²: -0.0079 | Val R²: 0.0053 | NightHrsTrueNEE vs NightHrsModelReco R²: -4.7500 | NightHrsTrueNee vs NightHrsModelNee R²: -4.6100
Epoch 14000 | Train Loss: 0.025079 | Val Loss: 0.025100 | Train R²: 0.1106 | Val R²: 0.1222 | NightHrsTrueNEE vs NightHrsModelReco R²: -3.8700 | NightHrsTrueNee vs NightHrsModelNee R²: -3.7600
Epoch 14500 | Train Loss: 0.022565 | Val Loss: 0.022586 | Train R²: 0.1998 | Val R²: 0.2101 | NightHrsTrueNEE vs NightHrsModelReco R²: -3.2000 | NightHrsTrueNee vs NightHrsModelNee R²: -3.1200
Epoch 15000 | Train Loss: 0.020669 | Val Loss: 0.020692 | Train R²: 0.2670 | Val R²: 0.2764 | NightHrsTrueNEE vs NightHrsModelReco R²: -2.7000 | NightHrsTrueNee vs NightHrsModelNee R²: -2.6300
Epoch 15500 | Train Loss: 0.019223 | Val Loss: 0.019251 | Train R²: 0.3183 | Val R²: 0.3268 | NightHrsTrueNEE vs NightHrsModelReco R²: -2.3100 | NightHrsTrueNee vs NightHrsModelNee R²: -2.2600
Epoch 16000 | Train Loss: 0.018081 | Val Loss: 0.018118 | Train R²: 0.3588 | Val R²: 0.3664 | NightHrsTrueNEE vs NightHrsModelReco R²: -2.0200 | NightHrsTrueNee vs NightHrsModelNee R²: -1.9700
Epoch 16500 | Train Loss: 0.017116 | Val Loss: 0.017161 | Train R²: 0.3930 | Val R²: 0.3999 | NightHrsTrueNEE vs NightHrsModelReco R²: -1.8000 | NightHrsTrueNee vs NightHrsModelNee R²: -1.7600
Epoch 17000 | Train Loss: 0.016218 | Val Loss: 0.016265 | Train R²: 0.4249 | Val R²: 0.4312 | NightHrsTrueNEE vs NightHrsModelReco R²: -1.6400 | NightHrsTrueNee vs NightHrsModelNee R²: -1.6000
Epoch 17500 | Train Loss: 0.015294 | Val Loss: 0.015331 | Train R²: 0.4576 | Val R²: 0.4638 | NightHrsTrueNEE vs NightHrsModelReco R²: -1.5200 | NightHrsTrueNee vs NightHrsModelNee R²: -1.4900
Epoch 18000 | Train Loss: 0.014269 | Val Loss: 0.014282 | Train R²: 0.4940 | Val R²: 0.5005 | NightHrsTrueNEE vs NightHrsModelReco R²: -1.4200 | NightHrsTrueNee vs NightHrsModelNee R²: -1.4000
Epoch 18500 | Train Loss: 0.013101 | Val Loss: 0.013072 | Train R²: 0.5354 | Val R²: 0.5428 | NightHrsTrueNEE vs NightHrsModelReco R²: -1.3400 | NightHrsTrueNee vs NightHrsModelNee R²: -1.3200
Epoch 19000 | Train Loss: 0.011797 | Val Loss: 0.011715 | Train R²: 0.5817 | Val R²: 0.5903 | NightHrsTrueNEE vs NightHrsModelReco R²: -1.2300 | NightHrsTrueNee vs NightHrsModelNee R²: -1.2100
Epoch 19500 | Train Loss: 0.010420 | Val Loss: 0.010286 | Train R²: 0.6305 | Val R²: 0.6403 | NightHrsTrueNEE vs NightHrsModelReco R²: -1.0500 | NightHrsTrueNee vs NightHrsModelNee R²: -1.0400
Epoch 20000 | Train Loss: 0.009053 | Val Loss: 0.008880 | Train R²: 0.6790 | Val R²: 0.6895 | NightHrsTrueNEE vs NightHrsModelReco R²: -0.8200 | NightHrsTrueNee vs NightHrsModelNee R²: -0.8100
Epoch 20500 | Train Loss: 0.007740 | Val Loss: 0.007540 | Train R²: 0.7255 | Val R²: 0.7363 | NightHrsTrueNEE vs NightHrsModelReco R²: -0.5400 | NightHrsTrueNee vs NightHrsModelNee R²: -0.5300
Epoch 21000 | Train Loss: 0.006483 | Val Loss: 0.006273 | Train R²: 0.7701 | Val R²: 0.7806 | NightHrsTrueNEE vs NightHrsModelReco R²: -0.2500 | NightHrsTrueNee vs NightHrsModelNee R²: -0.2400
Epoch 21500 | Train Loss: 0.005351 | Val Loss: 0.005143 | Train R²: 0.8102 | Val R²: 0.8201 | NightHrsTrueNEE vs NightHrsModelReco R²: -0.0200 | NightHrsTrueNee vs NightHrsModelNee R²: -0.0100
Epoch 22000 | Train Loss: 0.004452 | Val Loss: 0.004260 | Train R²: 0.8421 | Val R²: 0.8510 | NightHrsTrueNEE vs NightHrsModelReco R²: 0.1700 | NightHrsTrueNee vs NightHrsModelNee R²: 0.1800
Epoch 22500 | Train Loss: 0.003757 | Val Loss: 0.003593 | Train R²: 0.8668 | Val R²: 0.8743 | NightHrsTrueNEE vs NightHrsModelReco R²: 0.3100 | NightHrsTrueNee vs NightHrsModelNee R²: 0.3200
Epoch 23000 | Train Loss: 0.003232 | Val Loss: 0.003101 | Train R²: 0.8854 | Val R²: 0.8915 | NightHrsTrueNEE vs NightHrsModelReco R²: 0.4200 | NightHrsTrueNee vs NightHrsModelNee R²: 0.4200
Epoch 23500 | Train Loss: 0.002843 | Val Loss: 0.002735 | Train R²: 0.8992 | Val R²: 0.9044 | NightHrsTrueNEE vs NightHrsModelReco R²: 0.4900 | NightHrsTrueNee vs NightHrsModelNee R²: 0.4900
Epoch 24000 | Train Loss: 0.002552 | Val Loss: 0.002453 | Train R²: 0.9095 | Val R²: 0.9142 | NightHrsTrueNEE vs NightHrsModelReco R²: 0.5400 | NightHrsTrueNee vs NightHrsModelNee R²: 0.5400
Epoch 24500 | Train Loss: 0.002319 | Val Loss: 0.002224 | Train R²: 0.9178 | Val R²: 0.9222 | NightHrsTrueNEE vs NightHrsModelReco R²: 0.5700 | NightHrsTrueNee vs NightHrsModelNee R²: 0.5700
Epoch 25000 | Train Loss: 0.002113 | Val Loss: 0.002025 | Train R²: 0.9251 | Val R²: 0.9292 | NightHrsTrueNEE vs NightHrsModelReco R²: 0.6000 | NightHrsTrueNee vs NightHrsModelNee R²: 0.6000
Epoch 25500 | Train Loss: 0.001922 | Val Loss: 0.001843 | Train R²: 0.9319 | Val R²: 0.9356 | NightHrsTrueNEE vs NightHrsModelReco R²: 0.6200 | NightHrsTrueNee vs NightHrsModelNee R²: 0.6200
Epoch 26000 | Train Loss: 0.001751 | Val Loss: 0.001683 | Train R²: 0.9379 | Val R²: 0.9411 | NightHrsTrueNEE vs NightHrsModelReco R²: 0.6300 | NightHrsTrueNee vs NightHrsModelNee R²: 0.6300
Epoch 26500 | Train Loss: 0.001621 | Val Loss: 0.001565 | Train R²: 0.9425 | Val R²: 0.9453 | NightHrsTrueNEE vs NightHrsModelReco R²: 0.6500 | NightHrsTrueNee vs NightHrsModelNee R²: 0.6500
Epoch 27000 | Train Loss: 0.001539 | Val Loss: 0.001494 | Train R²: 0.9454 | Val R²: 0.9477 | NightHrsTrueNEE vs NightHrsModelReco R²: 0.6600 | NightHrsTrueNee vs NightHrsModelNee R²: 0.6600
Epoch 27500 | Train Loss: 0.001491 | Val Loss: 0.001453 | Train R²: 0.9471 | Val R²: 0.9492 | NightHrsTrueNEE vs NightHrsModelReco R²: 0.6700 | NightHrsTrueNee vs NightHrsModelNee R²: 0.6700
Epoch 28000 | Train Loss: 0.001458 | Val Loss: 0.001422 | Train R²: 0.9483 | Val R²: 0.9503 | NightHrsTrueNEE vs NightHrsModelReco R²: 0.6700 | NightHrsTrueNee vs NightHrsModelNee R²: 0.6700
Early stopping at epoch 28032 due to flat/negative trend (slope=0.000002)
Epoch 28032 | Train Loss: 0.001456 | Val Loss: 0.001421 | Train R²: 0.9484 | Val R²: 0.9503
Unpickling models
Following models have been loaded and moved to cuda:
trained gpp model:
 SNN_GPP_Tram(
  (net): Sequential(
    (0): Linear(in_features=12, out_features=12, bias=True)
    (1): Tanh()
    (2): Linear(in_features=12, out_features=1, bias=True)
    (3): Sigmoid()
  )
), trained_reco_model:
 SNN_GPP_Tram(
  (net): Sequential(
    (0): Linear(in_features=11, out_features=12, bias=True)
    (1): Tanh()
    (2): Linear(in_features=12, out_features=1, bias=True)
    (3): Sigmoid()
  )
)
using full data set for visualization
Un-normalizing the GPP and RECO predictions using NEE min: tensor([-28.6423]), NEE max: tensor([15.6103])



Metrics for the Tramontana, with
GPP inputs: ['SW_IN', 'VPD', 'TA', 'WTD', 'WS', 'PotRad', 'PotRadHalfHourlyDiff', 'PotRadDailyAvg', 'PotRadDailyDiff', 'WD_COS', 'WD_SIN', 'GPP_PROX']
RECO inputs: ['DOY_sin', 'DOY_cos', 'TA', 'TS_1', 'TS_2', 'TS_3', 'TS_4', 'WTD', 'WD_COS', 'WD_SIN', 'NIGHTLY_NEE_AVG']:
dt_gpp vs Tramontana_GPP R²=0.96 RMSE=1.05
nt_gpp vs Tramontana_GPP R²=0.94 RMSE=1.36
dt_reco vs Tramontana_RECO R²=0.53 RMSE=1.04
nt_reco vs Tramontana_RECO R²=0.66 RMSE=0.78
night_hours_true_nee vs Tramontana_night_hours_model_reco R²=0.66 RMSE=0.81
night_hours_true_nee vs Tramontana_night_hours_model_nee R²=0.66 RMSE=0.81
dt_gpp vs nt_gpp R²=0.94 RMSE=1.33
dt_reco vs nt_reco R²=0.71 RMSE=1.00

gpp_input_names,  ['SW_IN', 'VPD', 'TA', 'WTD', 'WS', 'PotRad', 'PotRadHalfHourlyDiff', 'PotRadDailyAvg', 'PotRadDailyDiff', 'WD_COS', 'WD_SIN', 'GPP_PROX'] 
reco_input_names,  ['DOY_sin', 'DOY_cos', 'TA', 'TS_1', 'TS_2', 'TS_3', 'TS_4', 'WTD', 'WS', 'WD_SIN', 'NIGHTLY_NEE_AVG'] 
true_nee_name,  ['NEE'] 

Tramontana Running on GPU With hidden layer size of 12 Total epochs: 100000 lr: 0.001 patience: 500 min_delta 0.01
SNN_GPP_Tram(
  (net): Sequential(
    (0): Linear(in_features=12, out_features=12, bias=True)
    (1): Tanh()
    (2): Linear(in_features=12, out_features=1, bias=True)
    (3): Sigmoid()
  )
)
SNN_RECO_Tram(
  (net): Sequential(
    (0): Linear(in_features=11, out_features=12, bias=True)
    (1): Tanh()
    (2): Linear(in_features=12, out_features=1, bias=True)
    (3): Sigmoid()
  )
)
Params are min slope: 2e-06, trend window: 100
Epoch     0 | Train Loss: 29442.789062 | Val Loss: 29664.371094 | Train R²: -1044088.1250 | Val R²: -1037429.7500 | NightHrsTrueNEE vs NightHrsModelReco R²: -46.4800 | NightHrsTrueNee vs NightHrsModelNee R²: -254.0500
Epoch   500 | Train Loss: 229.117966 | Val Loss: 230.126999 | Train R²: -8123.8955 | Val R²: -8047.0674 | NightHrsTrueNEE vs NightHrsModelReco R²: -304.4700 | NightHrsTrueNee vs NightHrsModelNee R²: -304.7400
Epoch  1000 | Train Loss: 64.434982 | Val Loss: 64.583900 | Train R²: -2283.9690 | Val R²: -2257.6462 | NightHrsTrueNEE vs NightHrsModelReco R²: -330.0800 | NightHrsTrueNee vs NightHrsModelNee R²: -319.5000
Epoch  1500 | Train Loss: 28.761080 | Val Loss: 28.721300 | Train R²: -1018.9146 | Val R²: -1003.4495 | NightHrsTrueNEE vs NightHrsModelReco R²: -337.8500 | NightHrsTrueNee vs NightHrsModelNee R²: -325.3300
Epoch  2000 | Train Loss: 15.566531 | Val Loss: 15.487367 | Train R²: -551.0145 | Val R²: -540.6285 | NightHrsTrueNEE vs NightHrsModelReco R²: -341.5000 | NightHrsTrueNee vs NightHrsModelNee R²: -329.1200
Epoch  2500 | Train Loss: 9.375484 | Val Loss: 9.294990 | Train R²: -331.4699 | Val R²: -324.0670 | NightHrsTrueNEE vs NightHrsModelReco R²: -343.6000 | NightHrsTrueNee vs NightHrsModelNee R²: -331.9500
Epoch  3000 | Train Loss: 6.050556 | Val Loss: 5.978956 | Train R²: -213.5625 | Val R²: -208.0978 | NightHrsTrueNEE vs NightHrsModelReco R²: -344.9200 | NightHrsTrueNee vs NightHrsModelNee R²: -334.1600
Epoch  3500 | Train Loss: 4.106220 | Val Loss: 4.045572 | Train R²: -144.6132 | Val R²: -140.4829 | NightHrsTrueNEE vs NightHrsModelReco R²: -345.7800 | NightHrsTrueNee vs NightHrsModelNee R²: -335.9200
Epoch  4000 | Train Loss: 2.903185 | Val Loss: 2.852974 | Train R²: -101.9517 | Val R²: -98.7750 | NightHrsTrueNEE vs NightHrsModelReco R²: -346.3200 | NightHrsTrueNee vs NightHrsModelNee R²: -337.3100
Epoch  4500 | Train Loss: 2.129872 | Val Loss: 2.088847 | Train R²: -74.5287 | Val R²: -72.0517 | NightHrsTrueNEE vs NightHrsModelReco R²: -346.6000 | NightHrsTrueNee vs NightHrsModelNee R²: -338.3600
Epoch  5000 | Train Loss: 1.619904 | Val Loss: 1.586684 | Train R²: -56.4444 | Val R²: -54.4899 | NightHrsTrueNEE vs NightHrsModelReco R²: -346.5900 | NightHrsTrueNee vs NightHrsModelNee R²: -339.0600
Epoch  5500 | Train Loss: 1.277951 | Val Loss: 1.251248 | Train R²: -44.3182 | Val R²: -42.7590 | NightHrsTrueNEE vs NightHrsModelReco R²: -346.1600 | NightHrsTrueNee vs NightHrsModelNee R²: -339.2800
Epoch  6000 | Train Loss: 1.046016 | Val Loss: 1.024705 | Train R²: -36.0934 | Val R²: -34.8363 | NightHrsTrueNEE vs NightHrsModelReco R²: -344.8400 | NightHrsTrueNee vs NightHrsModelNee R²: -338.5500
Epoch  6500 | Train Loss: 0.885467 | Val Loss: 0.868606 | Train R²: -30.4001 | Val R²: -29.3771 | NightHrsTrueNEE vs NightHrsModelReco R²: -340.2600 | NightHrsTrueNee vs NightHrsModelNee R²: -334.5300
Epoch  7000 | Train Loss: 0.704482 | Val Loss: 0.691961 | Train R²: -23.9821 | Val R²: -23.1995 | NightHrsTrueNEE vs NightHrsModelReco R²: -258.8800 | NightHrsTrueNee vs NightHrsModelNee R²: -254.5600
Epoch  7500 | Train Loss: 0.491792 | Val Loss: 0.484161 | Train R²: -16.4397 | Val R²: -15.9322 | NightHrsTrueNEE vs NightHrsModelReco R²: -132.7400 | NightHrsTrueNee vs NightHrsModelNee R²: -130.2500
Epoch  8000 | Train Loss: 0.360508 | Val Loss: 0.354623 | Train R²: -11.7842 | Val R²: -11.4020 | NightHrsTrueNEE vs NightHrsModelReco R²: -83.7500 | NightHrsTrueNee vs NightHrsModelNee R²: -81.8800
Epoch  8500 | Train Loss: 0.269384 | Val Loss: 0.264958 | Train R²: -8.5528 | Val R²: -8.2662 | NightHrsTrueNEE vs NightHrsModelReco R²: -58.3200 | NightHrsTrueNee vs NightHrsModelNee R²: -56.9100
Epoch  9000 | Train Loss: 0.201561 | Val Loss: 0.198396 | Train R²: -6.1477 | Val R²: -5.9384 | NightHrsTrueNEE vs NightHrsModelReco R²: -42.3800 | NightHrsTrueNee vs NightHrsModelNee R²: -41.2700
Epoch  9500 | Train Loss: 0.151728 | Val Loss: 0.149564 | Train R²: -4.3805 | Val R²: -4.2306 | NightHrsTrueNEE vs NightHrsModelReco R²: -31.4600 | NightHrsTrueNee vs NightHrsModelNee R²: -30.5800
Epoch 10000 | Train Loss: 0.115459 | Val Loss: 0.114099 | Train R²: -3.0944 | Val R²: -2.9903 | NightHrsTrueNEE vs NightHrsModelReco R²: -24.0300 | NightHrsTrueNee vs NightHrsModelNee R²: -23.3200
Epoch 10500 | Train Loss: 0.089161 | Val Loss: 0.088369 | Train R²: -2.1618 | Val R²: -2.0905 | NightHrsTrueNEE vs NightHrsModelReco R²: -18.7200 | NightHrsTrueNee vs NightHrsModelNee R²: -18.1500
Epoch 11000 | Train Loss: 0.070059 | Val Loss: 0.069637 | Train R²: -1.4844 | Val R²: -1.4354 | NightHrsTrueNEE vs NightHrsModelReco R²: -14.8000 | NightHrsTrueNee vs NightHrsModelNee R²: -14.3300
Epoch 11500 | Train Loss: 0.056096 | Val Loss: 0.055903 | Train R²: -0.9893 | Val R²: -0.9550 | NightHrsTrueNEE vs NightHrsModelReco R²: -11.8200 | NightHrsTrueNee vs NightHrsModelNee R²: -11.4400
Epoch 12000 | Train Loss: 0.045798 | Val Loss: 0.045740 | Train R²: -0.6241 | Val R²: -0.5996 | NightHrsTrueNEE vs NightHrsModelReco R²: -9.5200 | NightHrsTrueNee vs NightHrsModelNee R²: -9.2100
Epoch 12500 | Train Loss: 0.038135 | Val Loss: 0.038148 | Train R²: -0.3523 | Val R²: -0.3341 | NightHrsTrueNEE vs NightHrsModelReco R²: -7.7100 | NightHrsTrueNee vs NightHrsModelNee R²: -7.4700
Epoch 13000 | Train Loss: 0.032397 | Val Loss: 0.032436 | Train R²: -0.1489 | Val R²: -0.1344 | NightHrsTrueNEE vs NightHrsModelReco R²: -6.2800 | NightHrsTrueNee vs NightHrsModelNee R²: -6.0900
Epoch 13500 | Train Loss: 0.028093 | Val Loss: 0.028132 | Train R²: 0.0038 | Val R²: 0.0162 | NightHrsTrueNEE vs NightHrsModelReco R²: -5.1500 | NightHrsTrueNee vs NightHrsModelNee R²: -5.0000
Epoch 14000 | Train Loss: 0.024866 | Val Loss: 0.024896 | Train R²: 0.1182 | Val R²: 0.1293 | NightHrsTrueNEE vs NightHrsModelReco R²: -4.2600 | NightHrsTrueNee vs NightHrsModelNee R²: -4.1400
Epoch 14500 | Train Loss: 0.022441 | Val Loss: 0.022464 | Train R²: 0.2042 | Val R²: 0.2144 | NightHrsTrueNEE vs NightHrsModelReco R²: -3.5700 | NightHrsTrueNee vs NightHrsModelNee R²: -3.4700
Epoch 15000 | Train Loss: 0.020602 | Val Loss: 0.020620 | Train R²: 0.2694 | Val R²: 0.2789 | NightHrsTrueNEE vs NightHrsModelReco R²: -3.0000 | NightHrsTrueNee vs NightHrsModelNee R²: -2.9200
Epoch 15500 | Train Loss: 0.019181 | Val Loss: 0.019193 | Train R²: 0.3198 | Val R²: 0.3288 | NightHrsTrueNEE vs NightHrsModelReco R²: -2.5400 | NightHrsTrueNee vs NightHrsModelNee R²: -2.4800
Epoch 16000 | Train Loss: 0.018042 | Val Loss: 0.018053 | Train R²: 0.3602 | Val R²: 0.3687 | NightHrsTrueNEE vs NightHrsModelReco R²: -2.1900 | NightHrsTrueNee vs NightHrsModelNee R²: -2.1400
Epoch 16500 | Train Loss: 0.017065 | Val Loss: 0.017077 | Train R²: 0.3948 | Val R²: 0.4028 | NightHrsTrueNEE vs NightHrsModelReco R²: -1.9200 | NightHrsTrueNee vs NightHrsModelNee R²: -1.8700
Epoch 17000 | Train Loss: 0.016143 | Val Loss: 0.016158 | Train R²: 0.4276 | Val R²: 0.4349 | NightHrsTrueNEE vs NightHrsModelReco R²: -1.7100 | NightHrsTrueNee vs NightHrsModelNee R²: -1.6700
Epoch 17500 | Train Loss: 0.015187 | Val Loss: 0.015201 | Train R²: 0.4614 | Val R²: 0.4684 | NightHrsTrueNEE vs NightHrsModelReco R²: -1.5500 | NightHrsTrueNee vs NightHrsModelNee R²: -1.5200
Epoch 18000 | Train Loss: 0.014127 | Val Loss: 0.014134 | Train R²: 0.4990 | Val R²: 0.5057 | NightHrsTrueNEE vs NightHrsModelReco R²: -1.4300 | NightHrsTrueNee vs NightHrsModelNee R²: -1.4000
Epoch 18500 | Train Loss: 0.012924 | Val Loss: 0.012908 | Train R²: 0.5417 | Val R²: 0.5486 | NightHrsTrueNEE vs NightHrsModelReco R²: -1.3200 | NightHrsTrueNee vs NightHrsModelNee R²: -1.2900
Epoch 19000 | Train Loss: 0.011594 | Val Loss: 0.011534 | Train R²: 0.5889 | Val R²: 0.5966 | NightHrsTrueNEE vs NightHrsModelReco R²: -1.1900 | NightHrsTrueNee vs NightHrsModelNee R²: -1.1700
Epoch 19500 | Train Loss: 0.010197 | Val Loss: 0.010079 | Train R²: 0.6384 | Val R²: 0.6475 | NightHrsTrueNEE vs NightHrsModelReco R²: -1.0200 | NightHrsTrueNee vs NightHrsModelNee R²: -1.0000
Epoch 20000 | Train Loss: 0.008755 | Val Loss: 0.008585 | Train R²: 0.6895 | Val R²: 0.6998 | NightHrsTrueNEE vs NightHrsModelReco R²: -0.7600 | NightHrsTrueNee vs NightHrsModelNee R²: -0.7400
Epoch 20500 | Train Loss: 0.007337 | Val Loss: 0.007145 | Train R²: 0.7398 | Val R²: 0.7501 | NightHrsTrueNEE vs NightHrsModelReco R²: -0.4800 | NightHrsTrueNee vs NightHrsModelNee R²: -0.4600
Epoch 21000 | Train Loss: 0.006149 | Val Loss: 0.005951 | Train R²: 0.7820 | Val R²: 0.7919 | NightHrsTrueNEE vs NightHrsModelReco R²: -0.2300 | NightHrsTrueNee vs NightHrsModelNee R²: -0.2200
Epoch 21500 | Train Loss: 0.005174 | Val Loss: 0.004985 | Train R²: 0.8165 | Val R²: 0.8257 | NightHrsTrueNEE vs NightHrsModelReco R²: -0.0300 | NightHrsTrueNee vs NightHrsModelNee R²: -0.0200
Epoch 22000 | Train Loss: 0.004368 | Val Loss: 0.004198 | Train R²: 0.8451 | Val R²: 0.8532 | NightHrsTrueNEE vs NightHrsModelReco R²: 0.1300 | NightHrsTrueNee vs NightHrsModelNee R²: 0.1400
Epoch 22500 | Train Loss: 0.003722 | Val Loss: 0.003575 | Train R²: 0.8680 | Val R²: 0.8750 | NightHrsTrueNEE vs NightHrsModelReco R²: 0.2600 | NightHrsTrueNee vs NightHrsModelNee R²: 0.2700
Epoch 23000 | Train Loss: 0.003219 | Val Loss: 0.003094 | Train R²: 0.8859 | Val R²: 0.8918 | NightHrsTrueNEE vs NightHrsModelReco R²: 0.3600 | NightHrsTrueNee vs NightHrsModelNee R²: 0.3600
Epoch 23500 | Train Loss: 0.002841 | Val Loss: 0.002733 | Train R²: 0.8993 | Val R²: 0.9044 | NightHrsTrueNEE vs NightHrsModelReco R²: 0.4400 | NightHrsTrueNee vs NightHrsModelNee R²: 0.4400
Epoch 24000 | Train Loss: 0.002557 | Val Loss: 0.002466 | Train R²: 0.9093 | Val R²: 0.9137 | NightHrsTrueNEE vs NightHrsModelReco R²: 0.4900 | NightHrsTrueNee vs NightHrsModelNee R²: 0.4900
Epoch 24500 | Train Loss: 0.002329 | Val Loss: 0.002251 | Train R²: 0.9174 | Val R²: 0.9213 | NightHrsTrueNEE vs NightHrsModelReco R²: 0.5300 | NightHrsTrueNee vs NightHrsModelNee R²: 0.5300
Epoch 25000 | Train Loss: 0.002129 | Val Loss: 0.002058 | Train R²: 0.9245 | Val R²: 0.9280 | NightHrsTrueNEE vs NightHrsModelReco R²: 0.5600 | NightHrsTrueNee vs NightHrsModelNee R²: 0.5600
Epoch 25500 | Train Loss: 0.001943 | Val Loss: 0.001878 | Train R²: 0.9311 | Val R²: 0.9343 | NightHrsTrueNEE vs NightHrsModelReco R²: 0.5900 | NightHrsTrueNee vs NightHrsModelNee R²: 0.5900
Epoch 26000 | Train Loss: 0.001773 | Val Loss: 0.001715 | Train R²: 0.9371 | Val R²: 0.9400 | NightHrsTrueNEE vs NightHrsModelReco R²: 0.6100 | NightHrsTrueNee vs NightHrsModelNee R²: 0.6100
Epoch 26500 | Train Loss: 0.001637 | Val Loss: 0.001589 | Train R²: 0.9420 | Val R²: 0.9444 | NightHrsTrueNEE vs NightHrsModelReco R²: 0.6300 | NightHrsTrueNee vs NightHrsModelNee R²: 0.6300
Epoch 27000 | Train Loss: 0.001547 | Val Loss: 0.001509 | Train R²: 0.9451 | Val R²: 0.9472 | NightHrsTrueNEE vs NightHrsModelReco R²: 0.6500 | NightHrsTrueNee vs NightHrsModelNee R²: 0.6500
Epoch 27500 | Train Loss: 0.001494 | Val Loss: 0.001462 | Train R²: 0.9470 | Val R²: 0.9489 | NightHrsTrueNEE vs NightHrsModelReco R²: 0.6600 | NightHrsTrueNee vs NightHrsModelNee R²: 0.6600
Early stopping at epoch 27971 due to flat/negative trend (slope=0.000002)
Epoch 27971 | Train Loss: 0.001461 | Val Loss: 0.001433 | Train R²: 0.9482 | Val R²: 0.9499
Unpickling models
Following models have been loaded and moved to cuda:
trained gpp model:
 SNN_GPP_Tram(
  (net): Sequential(
    (0): Linear(in_features=12, out_features=12, bias=True)
    (1): Tanh()
    (2): Linear(in_features=12, out_features=1, bias=True)
    (3): Sigmoid()
  )
), trained_reco_model:
 SNN_GPP_Tram(
  (net): Sequential(
    (0): Linear(in_features=11, out_features=12, bias=True)
    (1): Tanh()
    (2): Linear(in_features=12, out_features=1, bias=True)
    (3): Sigmoid()
  )
)
using full data set for visualization
Un-normalizing the GPP and RECO predictions using NEE min: tensor([-28.6423]), NEE max: tensor([15.6103])



Metrics for the Tramontana, with
GPP inputs: ['SW_IN', 'VPD', 'TA', 'WTD', 'WS', 'PotRad', 'PotRadHalfHourlyDiff', 'PotRadDailyAvg', 'PotRadDailyDiff', 'WD_COS', 'WD_SIN', 'GPP_PROX']
RECO inputs: ['DOY_sin', 'DOY_cos', 'TA', 'TS_1', 'TS_2', 'TS_3', 'TS_4', 'WTD', 'WS', 'WD_SIN', 'NIGHTLY_NEE_AVG']:
dt_gpp vs Tramontana_GPP R²=0.96 RMSE=1.08
nt_gpp vs Tramontana_GPP R²=0.94 RMSE=1.38
dt_reco vs Tramontana_RECO R²=0.49 RMSE=1.07
nt_reco vs Tramontana_RECO R²=0.64 RMSE=0.81
night_hours_true_nee vs Tramontana_night_hours_model_reco R²=0.65 RMSE=0.82
night_hours_true_nee vs Tramontana_night_hours_model_nee R²=0.65 RMSE=0.82
dt_gpp vs nt_gpp R²=0.94 RMSE=1.33
dt_reco vs nt_reco R²=0.71 RMSE=1.00

gpp_input_names,  ['SW_IN', 'VPD', 'TA', 'WTD', 'WS', 'PotRad', 'PotRadHalfHourlyDiff', 'PotRadDailyAvg', 'PotRadDailyDiff', 'WD_COS', 'WD_SIN', 'GPP_PROX'] 
reco_input_names,  ['DOY_sin', 'DOY_cos', 'TA', 'TS_1', 'TS_2', 'TS_3', 'TS_4', 'WTD', 'WS', 'WD_COS', 'NIGHTLY_NEE_AVG'] 
true_nee_name,  ['NEE'] 

Tramontana Running on GPU With hidden layer size of 12 Total epochs: 100000 lr: 0.001 patience: 500 min_delta 0.01
SNN_GPP_Tram(
  (net): Sequential(
    (0): Linear(in_features=12, out_features=12, bias=True)
    (1): Tanh()
    (2): Linear(in_features=12, out_features=1, bias=True)
    (3): Sigmoid()
  )
)
SNN_RECO_Tram(
  (net): Sequential(
    (0): Linear(in_features=11, out_features=12, bias=True)
    (1): Tanh()
    (2): Linear(in_features=12, out_features=1, bias=True)
    (3): Sigmoid()
  )
)
Params are min slope: 2e-06, trend window: 100
Epoch     0 | Train Loss: 29442.613281 | Val Loss: 29664.121094 | Train R²: -1044081.8750 | Val R²: -1037421.1250 | NightHrsTrueNEE vs NightHrsModelReco R²: -44.5400 | NightHrsTrueNee vs NightHrsModelNee R²: -253.6700
Epoch   500 | Train Loss: 229.113113 | Val Loss: 230.125046 | Train R²: -8123.7236 | Val R²: -8046.9980 | NightHrsTrueNEE vs NightHrsModelReco R²: -306.9500 | NightHrsTrueNee vs NightHrsModelNee R²: -306.8900
Epoch  1000 | Train Loss: 64.438492 | Val Loss: 64.588150 | Train R²: -2284.0935 | Val R²: -2257.7947 | NightHrsTrueNEE vs NightHrsModelReco R²: -330.1100 | NightHrsTrueNee vs NightHrsModelNee R²: -319.5200
Epoch  1500 | Train Loss: 28.762468 | Val Loss: 28.723070 | Train R²: -1018.9638 | Val R²: -1003.5114 | NightHrsTrueNEE vs NightHrsModelReco R²: -337.5900 | NightHrsTrueNee vs NightHrsModelNee R²: -325.0800
Epoch  2000 | Train Loss: 15.567018 | Val Loss: 15.488086 | Train R²: -551.0317 | Val R²: -540.6537 | NightHrsTrueNEE vs NightHrsModelReco R²: -341.2300 | NightHrsTrueNee vs NightHrsModelNee R²: -328.8500
Epoch  2500 | Train Loss: 9.375611 | Val Loss: 9.295273 | Train R²: -331.4744 | Val R²: -324.0769 | NightHrsTrueNEE vs NightHrsModelReco R²: -343.3500 | NightHrsTrueNee vs NightHrsModelNee R²: -331.7100
Epoch  3000 | Train Loss: 6.050539 | Val Loss: 5.979046 | Train R²: -213.5619 | Val R²: -208.1009 | NightHrsTrueNEE vs NightHrsModelReco R²: -344.7100 | NightHrsTrueNee vs NightHrsModelNee R²: -333.9600
Epoch  3500 | Train Loss: 4.106160 | Val Loss: 4.045587 | Train R²: -144.6111 | Val R²: -140.4834 | NightHrsTrueNEE vs NightHrsModelReco R²: -345.6200 | NightHrsTrueNee vs NightHrsModelNee R²: -335.7600
Epoch  4000 | Train Loss: 2.903131 | Val Loss: 2.852977 | Train R²: -101.9497 | Val R²: -98.7751 | NightHrsTrueNEE vs NightHrsModelReco R²: -346.2100 | NightHrsTrueNee vs NightHrsModelNee R²: -337.2000
Epoch  4500 | Train Loss: 2.129865 | Val Loss: 2.088882 | Train R²: -74.5285 | Val R²: -72.0530 | NightHrsTrueNEE vs NightHrsModelReco R²: -346.5600 | NightHrsTrueNee vs NightHrsModelNee R²: -338.3300
Epoch  5000 | Train Loss: 1.619996 | Val Loss: 1.586806 | Train R²: -56.4477 | Val R²: -54.4942 | NightHrsTrueNEE vs NightHrsModelReco R²: -346.6700 | NightHrsTrueNee vs NightHrsModelNee R²: -339.1400
Epoch  5500 | Train Loss: 1.278251 | Val Loss: 1.251570 | Train R²: -44.3289 | Val R²: -42.7703 | NightHrsTrueNEE vs NightHrsModelReco R²: -346.4600 | NightHrsTrueNee vs NightHrsModelNee R²: -339.5700
Epoch  6000 | Train Loss: 1.046887 | Val Loss: 1.025587 | Train R²: -36.1243 | Val R²: -34.8671 | NightHrsTrueNEE vs NightHrsModelReco R²: -345.7500 | NightHrsTrueNee vs NightHrsModelNee R²: -339.4400
Epoch  6500 | Train Loss: 0.888889 | Val Loss: 0.872009 | Train R²: -30.5215 | Val R²: -29.4961 | NightHrsTrueNEE vs NightHrsModelReco R²: -343.8200 | NightHrsTrueNee vs NightHrsModelNee R²: -338.0300
Epoch  7000 | Train Loss: 0.776804 | Val Loss: 0.763556 | Train R²: -26.5467 | Val R²: -25.7033 | NightHrsTrueNEE vs NightHrsModelReco R²: -336.9100 | NightHrsTrueNee vs NightHrsModelNee R²: -331.6400
Epoch  7500 | Train Loss: 0.615021 | Val Loss: 0.605726 | Train R²: -20.8096 | Val R²: -20.1836 | NightHrsTrueNEE vs NightHrsModelReco R²: -240.2500 | NightHrsTrueNee vs NightHrsModelNee R²: -236.2400
Epoch  8000 | Train Loss: 0.387905 | Val Loss: 0.380834 | Train R²: -12.7557 | Val R²: -12.3186 | NightHrsTrueNEE vs NightHrsModelReco R²: -82.0800 | NightHrsTrueNee vs NightHrsModelNee R²: -79.9800
Epoch  8500 | Train Loss: 0.284692 | Val Loss: 0.279501 | Train R²: -9.0956 | Val R²: -8.7748 | NightHrsTrueNEE vs NightHrsModelReco R²: -56.9900 | NightHrsTrueNee vs NightHrsModelNee R²: -55.4400
Epoch  9000 | Train Loss: 0.211030 | Val Loss: 0.207475 | Train R²: -6.4835 | Val R²: -6.2559 | NightHrsTrueNEE vs NightHrsModelReco R²: -41.4500 | NightHrsTrueNee vs NightHrsModelNee R²: -40.2500
Epoch  9500 | Train Loss: 0.158029 | Val Loss: 0.155678 | Train R²: -4.6040 | Val R²: -4.4444 | NightHrsTrueNEE vs NightHrsModelReco R²: -30.7100 | NightHrsTrueNee vs NightHrsModelNee R²: -29.7700
Epoch 10000 | Train Loss: 0.119831 | Val Loss: 0.118345 | Train R²: -3.2494 | Val R²: -3.1388 | NightHrsTrueNEE vs NightHrsModelReco R²: -23.2900 | NightHrsTrueNee vs NightHrsModelNee R²: -22.5400
Epoch 10500 | Train Loss: 0.092269 | Val Loss: 0.091375 | Train R²: -2.2720 | Val R²: -2.1956 | NightHrsTrueNEE vs NightHrsModelReco R²: -18.0200 | NightHrsTrueNee vs NightHrsModelNee R²: -17.4200
Epoch 11000 | Train Loss: 0.072340 | Val Loss: 0.071837 | Train R²: -1.5653 | Val R²: -1.5123 | NightHrsTrueNEE vs NightHrsModelReco R²: -14.1700 | NightHrsTrueNee vs NightHrsModelNee R²: -13.6800
Epoch 11500 | Train Loss: 0.057853 | Val Loss: 0.057602 | Train R²: -1.0516 | Val R²: -1.0145 | NightHrsTrueNEE vs NightHrsModelReco R²: -11.3000 | NightHrsTrueNee vs NightHrsModelNee R²: -10.9100
Epoch 12000 | Train Loss: 0.047250 | Val Loss: 0.047159 | Train R²: -0.6755 | Val R²: -0.6493 | NightHrsTrueNEE vs NightHrsModelReco R²: -9.1300 | NightHrsTrueNee vs NightHrsModelNee R²: -8.8200
Epoch 12500 | Train Loss: 0.039432 | Val Loss: 0.039443 | Train R²: -0.3983 | Val R²: -0.3794 | NightHrsTrueNEE vs NightHrsModelReco R²: -7.4900 | NightHrsTrueNee vs NightHrsModelNee R²: -7.2400
Epoch 13000 | Train Loss: 0.033628 | Val Loss: 0.033703 | Train R²: -0.1925 | Val R²: -0.1787 | NightHrsTrueNEE vs NightHrsModelReco R²: -6.2300 | NightHrsTrueNee vs NightHrsModelNee R²: -6.0300
Epoch 13500 | Train Loss: 0.029291 | Val Loss: 0.029404 | Train R²: -0.0387 | Val R²: -0.0283 | NightHrsTrueNEE vs NightHrsModelReco R²: -5.2700 | NightHrsTrueNee vs NightHrsModelNee R²: -5.1100
Epoch 14000 | Train Loss: 0.026028 | Val Loss: 0.026156 | Train R²: 0.0770 | Val R²: 0.0853 | NightHrsTrueNEE vs NightHrsModelReco R²: -4.5300 | NightHrsTrueNee vs NightHrsModelNee R²: -4.4000
Epoch 14500 | Train Loss: 0.023561 | Val Loss: 0.023685 | Train R²: 0.1645 | Val R²: 0.1717 | NightHrsTrueNEE vs NightHrsModelReco R²: -3.9500 | NightHrsTrueNee vs NightHrsModelNee R²: -3.8400
Epoch 15000 | Train Loss: 0.021698 | Val Loss: 0.021807 | Train R²: 0.2306 | Val R²: 0.2373 | NightHrsTrueNEE vs NightHrsModelReco R²: -3.5000 | NightHrsTrueNee vs NightHrsModelNee R²: -3.4200
Epoch 15500 | Train Loss: 0.020282 | Val Loss: 0.020376 | Train R²: 0.2808 | Val R²: 0.2874 | NightHrsTrueNEE vs NightHrsModelReco R²: -3.1600 | NightHrsTrueNee vs NightHrsModelNee R²: -3.0900
Epoch 16000 | Train Loss: 0.019176 | Val Loss: 0.019256 | Train R²: 0.3200 | Val R²: 0.3266 | NightHrsTrueNEE vs NightHrsModelReco R²: -2.8800 | NightHrsTrueNee vs NightHrsModelNee R²: -2.8200
Epoch 16500 | Train Loss: 0.018258 | Val Loss: 0.018322 | Train R²: 0.3525 | Val R²: 0.3592 | NightHrsTrueNEE vs NightHrsModelReco R²: -2.6700 | NightHrsTrueNee vs NightHrsModelNee R²: -2.6200
Epoch 17000 | Train Loss: 0.017420 | Val Loss: 0.017463 | Train R²: 0.3823 | Val R²: 0.3893 | NightHrsTrueNEE vs NightHrsModelReco R²: -2.5000 | NightHrsTrueNee vs NightHrsModelNee R²: -2.4600
Epoch 17500 | Train Loss: 0.016564 | Val Loss: 0.016575 | Train R²: 0.4126 | Val R²: 0.4203 | NightHrsTrueNEE vs NightHrsModelReco R²: -2.3700 | NightHrsTrueNee vs NightHrsModelNee R²: -2.3400
Epoch 18000 | Train Loss: 0.015601 | Val Loss: 0.015564 | Train R²: 0.4468 | Val R²: 0.4557 | NightHrsTrueNEE vs NightHrsModelReco R²: -2.2700 | NightHrsTrueNee vs NightHrsModelNee R²: -2.2400
Epoch 18500 | Train Loss: 0.014459 | Val Loss: 0.014360 | Train R²: 0.4873 | Val R²: 0.4978 | NightHrsTrueNEE vs NightHrsModelReco R²: -2.1600 | NightHrsTrueNee vs NightHrsModelNee R²: -2.1300
Epoch 19000 | Train Loss: 0.013097 | Val Loss: 0.012945 | Train R²: 0.5355 | Val R²: 0.5473 | NightHrsTrueNEE vs NightHrsModelReco R²: -1.9500 | NightHrsTrueNee vs NightHrsModelNee R²: -1.9300
Epoch 19500 | Train Loss: 0.011291 | Val Loss: 0.011194 | Train R²: 0.5996 | Val R²: 0.6085 | NightHrsTrueNEE vs NightHrsModelReco R²: -1.3600 | NightHrsTrueNee vs NightHrsModelNee R²: -1.3400
Epoch 20000 | Train Loss: 0.009265 | Val Loss: 0.009158 | Train R²: 0.6714 | Val R²: 0.6797 | NightHrsTrueNEE vs NightHrsModelReco R²: -0.9700 | NightHrsTrueNee vs NightHrsModelNee R²: -0.9400
Epoch 20500 | Train Loss: 0.007657 | Val Loss: 0.007543 | Train R²: 0.7285 | Val R²: 0.7362 | NightHrsTrueNEE vs NightHrsModelReco R²: -0.6700 | NightHrsTrueNee vs NightHrsModelNee R²: -0.6500
Epoch 21000 | Train Loss: 0.006332 | Val Loss: 0.006215 | Train R²: 0.7755 | Val R²: 0.7827 | NightHrsTrueNEE vs NightHrsModelReco R²: -0.3700 | NightHrsTrueNee vs NightHrsModelNee R²: -0.3600
Epoch 21500 | Train Loss: 0.005243 | Val Loss: 0.005123 | Train R²: 0.8141 | Val R²: 0.8208 | NightHrsTrueNEE vs NightHrsModelReco R²: -0.1100 | NightHrsTrueNee vs NightHrsModelNee R²: -0.1000
Epoch 22000 | Train Loss: 0.004370 | Val Loss: 0.004245 | Train R²: 0.8450 | Val R²: 0.8515 | NightHrsTrueNEE vs NightHrsModelReco R²: 0.0900 | NightHrsTrueNee vs NightHrsModelNee R²: 0.1000
Epoch 22500 | Train Loss: 0.003685 | Val Loss: 0.003563 | Train R²: 0.8693 | Val R²: 0.8754 | NightHrsTrueNEE vs NightHrsModelReco R²: 0.2500 | NightHrsTrueNee vs NightHrsModelNee R²: 0.2500
Epoch 23000 | Train Loss: 0.003176 | Val Loss: 0.003061 | Train R²: 0.8874 | Val R²: 0.8929 | NightHrsTrueNEE vs NightHrsModelReco R²: 0.3600 | NightHrsTrueNee vs NightHrsModelNee R²: 0.3600
Epoch 23500 | Train Loss: 0.002809 | Val Loss: 0.002709 | Train R²: 0.9004 | Val R²: 0.9053 | NightHrsTrueNEE vs NightHrsModelReco R²: 0.4400 | NightHrsTrueNee vs NightHrsModelNee R²: 0.4400
Epoch 24000 | Train Loss: 0.002539 | Val Loss: 0.002453 | Train R²: 0.9100 | Val R²: 0.9142 | NightHrsTrueNEE vs NightHrsModelReco R²: 0.4900 | NightHrsTrueNee vs NightHrsModelNee R²: 0.4900
Epoch 24500 | Train Loss: 0.002321 | Val Loss: 0.002243 | Train R²: 0.9177 | Val R²: 0.9216 | NightHrsTrueNEE vs NightHrsModelReco R²: 0.5300 | NightHrsTrueNee vs NightHrsModelNee R²: 0.5300
Epoch 25000 | Train Loss: 0.002125 | Val Loss: 0.002056 | Train R²: 0.9246 | Val R²: 0.9281 | NightHrsTrueNEE vs NightHrsModelReco R²: 0.5600 | NightHrsTrueNee vs NightHrsModelNee R²: 0.5600
Epoch 25500 | Train Loss: 0.001942 | Val Loss: 0.001881 | Train R²: 0.9311 | Val R²: 0.9342 | NightHrsTrueNEE vs NightHrsModelReco R²: 0.5800 | NightHrsTrueNee vs NightHrsModelNee R²: 0.5800
Epoch 26000 | Train Loss: 0.001774 | Val Loss: 0.001723 | Train R²: 0.9371 | Val R²: 0.9398 | NightHrsTrueNEE vs NightHrsModelReco R²: 0.6100 | NightHrsTrueNee vs NightHrsModelNee R²: 0.6100
Epoch 26500 | Train Loss: 0.001636 | Val Loss: 0.001599 | Train R²: 0.9420 | Val R²: 0.9441 | NightHrsTrueNEE vs NightHrsModelReco R²: 0.6300 | NightHrsTrueNee vs NightHrsModelNee R²: 0.6300
Epoch 27000 | Train Loss: 0.001548 | Val Loss: 0.001525 | Train R²: 0.9451 | Val R²: 0.9467 | NightHrsTrueNEE vs NightHrsModelReco R²: 0.6400 | NightHrsTrueNee vs NightHrsModelNee R²: 0.6400
Epoch 27500 | Train Loss: 0.001500 | Val Loss: 0.001484 | Train R²: 0.9468 | Val R²: 0.9481 | NightHrsTrueNEE vs NightHrsModelReco R²: 0.6500 | NightHrsTrueNee vs NightHrsModelNee R²: 0.6500
Early stopping at epoch 27675 due to flat/negative trend (slope=0.000002)
Epoch 27675 | Train Loss: 0.001488 | Val Loss: 0.001474 | Train R²: 0.9472 | Val R²: 0.9485
Unpickling models
Following models have been loaded and moved to cuda:
trained gpp model:
 SNN_GPP_Tram(
  (net): Sequential(
    (0): Linear(in_features=12, out_features=12, bias=True)
    (1): Tanh()
    (2): Linear(in_features=12, out_features=1, bias=True)
    (3): Sigmoid()
  )
), trained_reco_model:
 SNN_GPP_Tram(
  (net): Sequential(
    (0): Linear(in_features=11, out_features=12, bias=True)
    (1): Tanh()
    (2): Linear(in_features=12, out_features=1, bias=True)
    (3): Sigmoid()
  )
)
using full data set for visualization
Un-normalizing the GPP and RECO predictions using NEE min: tensor([-28.6423]), NEE max: tensor([15.6103])



Metrics for the Tramontana, with
GPP inputs: ['SW_IN', 'VPD', 'TA', 'WTD', 'WS', 'PotRad', 'PotRadHalfHourlyDiff', 'PotRadDailyAvg', 'PotRadDailyDiff', 'WD_COS', 'WD_SIN', 'GPP_PROX']
RECO inputs: ['DOY_sin', 'DOY_cos', 'TA', 'TS_1', 'TS_2', 'TS_3', 'TS_4', 'WTD', 'WS', 'WD_COS', 'NIGHTLY_NEE_AVG']:
dt_gpp vs Tramontana_GPP R²=0.96 RMSE=1.07
nt_gpp vs Tramontana_GPP R²=0.94 RMSE=1.38
dt_reco vs Tramontana_RECO R²=0.49 RMSE=1.08
nt_reco vs Tramontana_RECO R²=0.64 RMSE=0.81
night_hours_true_nee vs Tramontana_night_hours_model_reco R²=0.64 RMSE=0.83
night_hours_true_nee vs Tramontana_night_hours_model_nee R²=0.64 RMSE=0.83
dt_gpp vs nt_gpp R²=0.94 RMSE=1.33
dt_reco vs nt_reco R²=0.71 RMSE=1.00

gpp_input_names,  ['SW_IN', 'VPD', 'TA', 'WTD', 'WS', 'PotRad', 'PotRadHalfHourlyDiff', 'PotRadDailyAvg', 'PotRadDailyDiff', 'WD_COS', 'WD_SIN', 'GPP_PROX'] 
reco_input_names,  ['DOY_sin', 'DOY_cos', 'TA', 'TS_1', 'TS_2', 'TS_3', 'TS_4', 'WTD', 'WS', 'WD_COS', 'WD_SIN'] 
true_nee_name,  ['NEE'] 

Tramontana Running on GPU With hidden layer size of 12 Total epochs: 100000 lr: 0.001 patience: 500 min_delta 0.01
SNN_GPP_Tram(
  (net): Sequential(
    (0): Linear(in_features=12, out_features=12, bias=True)
    (1): Tanh()
    (2): Linear(in_features=12, out_features=1, bias=True)
    (3): Sigmoid()
  )
)
SNN_RECO_Tram(
  (net): Sequential(
    (0): Linear(in_features=11, out_features=12, bias=True)
    (1): Tanh()
    (2): Linear(in_features=12, out_features=1, bias=True)
    (3): Sigmoid()
  )
)
Params are min slope: 2e-06, trend window: 100
Epoch     0 | Train Loss: 29437.117188 | Val Loss: 29658.310547 | Train R²: -1043886.8750 | Val R²: -1037217.8125 | NightHrsTrueNEE vs NightHrsModelReco R²: -43.8400 | NightHrsTrueNee vs NightHrsModelNee R²: -252.6300
Epoch   500 | Train Loss: 229.206024 | Val Loss: 230.219254 | Train R²: -8127.0181 | Val R²: -8050.2930 | NightHrsTrueNEE vs NightHrsModelReco R²: -289.9500 | NightHrsTrueNee vs NightHrsModelNee R²: -291.7400
Epoch  1000 | Train Loss: 64.446190 | Val Loss: 64.596161 | Train R²: -2284.3669 | Val R²: -2258.0752 | NightHrsTrueNEE vs NightHrsModelReco R²: -323.3400 | NightHrsTrueNee vs NightHrsModelNee R²: -313.2200
Epoch  1500 | Train Loss: 28.763512 | Val Loss: 28.724264 | Train R²: -1019.0010 | Val R²: -1003.5532 | NightHrsTrueNEE vs NightHrsModelReco R²: -333.4800 | NightHrsTrueNee vs NightHrsModelNee R²: -321.1800
Epoch  2000 | Train Loss: 15.566819 | Val Loss: 15.487988 | Train R²: -551.0247 | Val R²: -540.6504 | NightHrsTrueNEE vs NightHrsModelReco R²: -338.2200 | NightHrsTrueNee vs NightHrsModelNee R²: -325.9700
Epoch  2500 | Train Loss: 9.374977 | Val Loss: 9.294723 | Train R²: -331.4519 | Val R²: -324.0576 | NightHrsTrueNEE vs NightHrsModelReco R²: -340.9100 | NightHrsTrueNee vs NightHrsModelNee R²: -329.3600
Epoch  3000 | Train Loss: 6.049662 | Val Loss: 5.978248 | Train R²: -213.5308 | Val R²: -208.0730 | NightHrsTrueNEE vs NightHrsModelReco R²: -342.6100 | NightHrsTrueNee vs NightHrsModelNee R²: -331.9200
Epoch  3500 | Train Loss: 4.105109 | Val Loss: 4.044608 | Train R²: -144.5738 | Val R²: -140.4492 | NightHrsTrueNEE vs NightHrsModelReco R²: -343.7000 | NightHrsTrueNee vs NightHrsModelNee R²: -333.8900
Epoch  4000 | Train Loss: 2.901914 | Val Loss: 2.851833 | Train R²: -101.9066 | Val R²: -98.7351 | NightHrsTrueNEE vs NightHrsModelReco R²: -344.3800 | NightHrsTrueNee vs NightHrsModelNee R²: -335.4100
Epoch  4500 | Train Loss: 2.128445 | Val Loss: 2.087536 | Train R²: -74.4781 | Val R²: -72.0059 | NightHrsTrueNEE vs NightHrsModelReco R²: -344.6900 | NightHrsTrueNee vs NightHrsModelNee R²: -336.5000
Epoch  5000 | Train Loss: 1.618275 | Val Loss: 1.585168 | Train R²: -56.3866 | Val R²: -54.4370 | NightHrsTrueNEE vs NightHrsModelReco R²: -344.6100 | NightHrsTrueNee vs NightHrsModelNee R²: -337.1200
Epoch  5500 | Train Loss: 1.275967 | Val Loss: 1.249389 | Train R²: -44.2479 | Val R²: -42.6940 | NightHrsTrueNEE vs NightHrsModelReco R²: -343.9100 | NightHrsTrueNee vs NightHrsModelNee R²: -337.0600
Epoch  6000 | Train Loss: 1.043211 | Val Loss: 1.022064 | Train R²: -35.9940 | Val R²: -34.7439 | NightHrsTrueNEE vs NightHrsModelReco R²: -341.7800 | NightHrsTrueNee vs NightHrsModelNee R²: -335.5300
Epoch  6500 | Train Loss: 0.878982 | Val Loss: 0.862462 | Train R²: -30.1701 | Val R²: -29.1623 | NightHrsTrueNEE vs NightHrsModelReco R²: -333.1300 | NightHrsTrueNee vs NightHrsModelNee R²: -327.4900
Epoch  7000 | Train Loss: 0.652631 | Val Loss: 0.643119 | Train R²: -22.1433 | Val R²: -21.4913 | NightHrsTrueNEE vs NightHrsModelReco R²: -191.5500 | NightHrsTrueNee vs NightHrsModelNee R²: -188.1300
Epoch  7500 | Train Loss: 0.480036 | Val Loss: 0.475155 | Train R²: -16.0228 | Val R²: -15.6173 | NightHrsTrueNEE vs NightHrsModelReco R²: -127.5500 | NightHrsTrueNee vs NightHrsModelNee R²: -125.0100
Epoch  8000 | Train Loss: 0.362688 | Val Loss: 0.359579 | Train R²: -11.8615 | Val R²: -11.5753 | NightHrsTrueNEE vs NightHrsModelReco R²: -90.7800 | NightHrsTrueNee vs NightHrsModelNee R²: -88.8400
Epoch  8500 | Train Loss: 0.273437 | Val Loss: 0.270528 | Train R²: -8.6965 | Val R²: -8.4610 | NightHrsTrueNEE vs NightHrsModelReco R²: -61.9400 | NightHrsTrueNee vs NightHrsModelNee R²: -60.5000
Epoch  9000 | Train Loss: 0.206707 | Val Loss: 0.204213 | Train R²: -6.3302 | Val R²: -6.1418 | NightHrsTrueNEE vs NightHrsModelReco R²: -43.6900 | NightHrsTrueNee vs NightHrsModelNee R²: -42.5900
Epoch  9500 | Train Loss: 0.156903 | Val Loss: 0.155085 | Train R²: -4.5640 | Val R²: -4.4237 | NightHrsTrueNEE vs NightHrsModelReco R²: -32.2700 | NightHrsTrueNee vs NightHrsModelNee R²: -31.4000
Epoch 10000 | Train Loss: 0.119898 | Val Loss: 0.118681 | Train R²: -3.2518 | Val R²: -3.1505 | NightHrsTrueNEE vs NightHrsModelReco R²: -24.4100 | NightHrsTrueNee vs NightHrsModelNee R²: -23.7000
Epoch 10500 | Train Loss: 0.092532 | Val Loss: 0.091758 | Train R²: -2.2813 | Val R²: -2.2090 | NightHrsTrueNEE vs NightHrsModelReco R²: -18.8100 | NightHrsTrueNee vs NightHrsModelNee R²: -18.2400
Epoch 11000 | Train Loss: 0.072322 | Val Loss: 0.071844 | Train R²: -1.5646 | Val R²: -1.5125 | NightHrsTrueNEE vs NightHrsModelReco R²: -14.7400 | NightHrsTrueNee vs NightHrsModelNee R²: -14.2700
Epoch 11500 | Train Loss: 0.057435 | Val Loss: 0.057167 | Train R²: -1.0367 | Val R²: -0.9993 | NightHrsTrueNEE vs NightHrsModelReco R²: -11.7200 | NightHrsTrueNee vs NightHrsModelNee R²: -11.3400
Epoch 12000 | Train Loss: 0.046500 | Val Loss: 0.046383 | Train R²: -0.6490 | Val R²: -0.6221 | NightHrsTrueNEE vs NightHrsModelReco R²: -9.4000 | NightHrsTrueNee vs NightHrsModelNee R²: -9.0900
Epoch 12500 | Train Loss: 0.038464 | Val Loss: 0.038454 | Train R²: -0.3640 | Val R²: -0.3448 | NightHrsTrueNEE vs NightHrsModelReco R²: -7.5800 | NightHrsTrueNee vs NightHrsModelNee R²: -7.3200
Epoch 13000 | Train Loss: 0.032543 | Val Loss: 0.032618 | Train R²: -0.1540 | Val R²: -0.1407 | NightHrsTrueNEE vs NightHrsModelReco R²: -6.1700 | NightHrsTrueNee vs NightHrsModelNee R²: -5.9600
Epoch 13500 | Train Loss: 0.028127 | Val Loss: 0.028269 | Train R²: 0.0026 | Val R²: 0.0114 | NightHrsTrueNEE vs NightHrsModelReco R²: -5.0800 | NightHrsTrueNee vs NightHrsModelNee R²: -4.9100
Epoch 14000 | Train Loss: 0.024777 | Val Loss: 0.024955 | Train R²: 0.1214 | Val R²: 0.1273 | NightHrsTrueNEE vs NightHrsModelReco R²: -4.2200 | NightHrsTrueNee vs NightHrsModelNee R²: -4.0800
Epoch 14500 | Train Loss: 0.022257 | Val Loss: 0.022424 | Train R²: 0.2107 | Val R²: 0.2158 | NightHrsTrueNEE vs NightHrsModelReco R²: -3.5000 | NightHrsTrueNee vs NightHrsModelNee R²: -3.3900
Epoch 15000 | Train Loss: 0.020410 | Val Loss: 0.020558 | Train R²: 0.2762 | Val R²: 0.2810 | NightHrsTrueNEE vs NightHrsModelReco R²: -2.9700 | NightHrsTrueNee vs NightHrsModelNee R²: -2.8800
Epoch 15500 | Train Loss: 0.019009 | Val Loss: 0.019144 | Train R²: 0.3259 | Val R²: 0.3305 | NightHrsTrueNEE vs NightHrsModelReco R²: -2.5700 | NightHrsTrueNee vs NightHrsModelNee R²: -2.5000
Epoch 16000 | Train Loss: 0.017902 | Val Loss: 0.018030 | Train R²: 0.3652 | Val R²: 0.3695 | NightHrsTrueNEE vs NightHrsModelReco R²: -2.2700 | NightHrsTrueNee vs NightHrsModelNee R²: -2.2100
Epoch 16500 | Train Loss: 0.016966 | Val Loss: 0.017092 | Train R²: 0.3984 | Val R²: 0.4023 | NightHrsTrueNEE vs NightHrsModelReco R²: -2.0500 | NightHrsTrueNee vs NightHrsModelNee R²: -2.0000
Epoch 17000 | Train Loss: 0.016092 | Val Loss: 0.016213 | Train R²: 0.4293 | Val R²: 0.4330 | NightHrsTrueNEE vs NightHrsModelReco R²: -1.8800 | NightHrsTrueNee vs NightHrsModelNee R²: -1.8400
Epoch 17500 | Train Loss: 0.015182 | Val Loss: 0.015289 | Train R²: 0.4616 | Val R²: 0.4653 | NightHrsTrueNEE vs NightHrsModelReco R²: -1.7500 | NightHrsTrueNee vs NightHrsModelNee R²: -1.7100
Epoch 18000 | Train Loss: 0.014154 | Val Loss: 0.014234 | Train R²: 0.4981 | Val R²: 0.5022 | NightHrsTrueNEE vs NightHrsModelReco R²: -1.6400 | NightHrsTrueNee vs NightHrsModelNee R²: -1.6000
Epoch 18500 | Train Loss: 0.012965 | Val Loss: 0.013001 | Train R²: 0.5402 | Val R²: 0.5453 | NightHrsTrueNEE vs NightHrsModelReco R²: -1.5200 | NightHrsTrueNee vs NightHrsModelNee R²: -1.4900
Epoch 19000 | Train Loss: 0.011623 | Val Loss: 0.011600 | Train R²: 0.5878 | Val R²: 0.5943 | NightHrsTrueNEE vs NightHrsModelReco R²: -1.3800 | NightHrsTrueNee vs NightHrsModelNee R²: -1.3500
Epoch 19500 | Train Loss: 0.010179 | Val Loss: 0.010093 | Train R²: 0.6390 | Val R²: 0.6470 | NightHrsTrueNEE vs NightHrsModelReco R²: -1.1800 | NightHrsTrueNee vs NightHrsModelNee R²: -1.1500
Epoch 20000 | Train Loss: 0.008709 | Val Loss: 0.008586 | Train R²: 0.6911 | Val R²: 0.6997 | NightHrsTrueNEE vs NightHrsModelReco R²: -0.9100 | NightHrsTrueNee vs NightHrsModelNee R²: -0.8900
Epoch 20500 | Train Loss: 0.007337 | Val Loss: 0.007188 | Train R²: 0.7398 | Val R²: 0.7486 | NightHrsTrueNEE vs NightHrsModelReco R²: -0.6100 | NightHrsTrueNee vs NightHrsModelNee R²: -0.5900
Epoch 21000 | Train Loss: 0.006189 | Val Loss: 0.006028 | Train R²: 0.7805 | Val R²: 0.7892 | NightHrsTrueNEE vs NightHrsModelReco R²: -0.3600 | NightHrsTrueNee vs NightHrsModelNee R²: -0.3500
Epoch 21500 | Train Loss: 0.005220 | Val Loss: 0.005055 | Train R²: 0.8149 | Val R²: 0.8232 | NightHrsTrueNEE vs NightHrsModelReco R²: -0.1500 | NightHrsTrueNee vs NightHrsModelNee R²: -0.1400
Epoch 22000 | Train Loss: 0.004409 | Val Loss: 0.004243 | Train R²: 0.8437 | Val R²: 0.8516 | NightHrsTrueNEE vs NightHrsModelReco R²: 0.0400 | NightHrsTrueNee vs NightHrsModelNee R²: 0.0500
Epoch 22500 | Train Loss: 0.003770 | Val Loss: 0.003614 | Train R²: 0.8663 | Val R²: 0.8736 | NightHrsTrueNEE vs NightHrsModelReco R²: 0.1900 | NightHrsTrueNee vs NightHrsModelNee R²: 0.1900
Epoch 23000 | Train Loss: 0.003297 | Val Loss: 0.003155 | Train R²: 0.8831 | Val R²: 0.8897 | NightHrsTrueNEE vs NightHrsModelReco R²: 0.2900 | NightHrsTrueNee vs NightHrsModelNee R²: 0.3000
Epoch 23500 | Train Loss: 0.002951 | Val Loss: 0.002821 | Train R²: 0.8953 | Val R²: 0.9014 | NightHrsTrueNEE vs NightHrsModelReco R²: 0.3700 | NightHrsTrueNee vs NightHrsModelNee R²: 0.3700
Epoch 24000 | Train Loss: 0.002684 | Val Loss: 0.002565 | Train R²: 0.9048 | Val R²: 0.9103 | NightHrsTrueNEE vs NightHrsModelReco R²: 0.4400 | NightHrsTrueNee vs NightHrsModelNee R²: 0.4400
Epoch 24500 | Train Loss: 0.002456 | Val Loss: 0.002351 | Train R²: 0.9129 | Val R²: 0.9178 | NightHrsTrueNEE vs NightHrsModelReco R²: 0.4800 | NightHrsTrueNee vs NightHrsModelNee R²: 0.4800
Epoch 25000 | Train Loss: 0.002252 | Val Loss: 0.002162 | Train R²: 0.9202 | Val R²: 0.9244 | NightHrsTrueNEE vs NightHrsModelReco R²: 0.5200 | NightHrsTrueNee vs NightHrsModelNee R²: 0.5200
Epoch 25500 | Train Loss: 0.002060 | Val Loss: 0.001985 | Train R²: 0.9270 | Val R²: 0.9306 | NightHrsTrueNEE vs NightHrsModelReco R²: 0.5400 | NightHrsTrueNee vs NightHrsModelNee R²: 0.5400
Epoch 26000 | Train Loss: 0.001883 | Val Loss: 0.001822 | Train R²: 0.9332 | Val R²: 0.9363 | NightHrsTrueNEE vs NightHrsModelReco R²: 0.5600 | NightHrsTrueNee vs NightHrsModelNee R²: 0.5600
Epoch 26500 | Train Loss: 0.001738 | Val Loss: 0.001691 | Train R²: 0.9384 | Val R²: 0.9409 | NightHrsTrueNEE vs NightHrsModelReco R²: 0.5800 | NightHrsTrueNee vs NightHrsModelNee R²: 0.5800
Epoch 27000 | Train Loss: 0.001642 | Val Loss: 0.001607 | Train R²: 0.9418 | Val R²: 0.9438 | NightHrsTrueNEE vs NightHrsModelReco R²: 0.6000 | NightHrsTrueNee vs NightHrsModelNee R²: 0.6000
Epoch 27500 | Train Loss: 0.001586 | Val Loss: 0.001557 | Train R²: 0.9438 | Val R²: 0.9455 | NightHrsTrueNEE vs NightHrsModelReco R²: 0.6100 | NightHrsTrueNee vs NightHrsModelNee R²: 0.6100
Epoch 28000 | Train Loss: 0.001551 | Val Loss: 0.001523 | Train R²: 0.9450 | Val R²: 0.9467 | NightHrsTrueNEE vs NightHrsModelReco R²: 0.6100 | NightHrsTrueNee vs NightHrsModelNee R²: 0.6100
Early stopping at epoch 28201 due to flat/negative trend (slope=0.000002)
Epoch 28201 | Train Loss: 0.001539 | Val Loss: 0.001513 | Train R²: 0.9454 | Val R²: 0.9471
Unpickling models
Following models have been loaded and moved to cuda:
trained gpp model:
 SNN_GPP_Tram(
  (net): Sequential(
    (0): Linear(in_features=12, out_features=12, bias=True)
    (1): Tanh()
    (2): Linear(in_features=12, out_features=1, bias=True)
    (3): Sigmoid()
  )
), trained_reco_model:
 SNN_GPP_Tram(
  (net): Sequential(
    (0): Linear(in_features=11, out_features=12, bias=True)
    (1): Tanh()
    (2): Linear(in_features=12, out_features=1, bias=True)
    (3): Sigmoid()
  )
)
using full data set for visualization
Un-normalizing the GPP and RECO predictions using NEE min: tensor([-28.6423]), NEE max: tensor([15.6103])



Metrics for the Tramontana, with
GPP inputs: ['SW_IN', 'VPD', 'TA', 'WTD', 'WS', 'PotRad', 'PotRadHalfHourlyDiff', 'PotRadDailyAvg', 'PotRadDailyDiff', 'WD_COS', 'WD_SIN', 'GPP_PROX']
RECO inputs: ['DOY_sin', 'DOY_cos', 'TA', 'TS_1', 'TS_2', 'TS_3', 'TS_4', 'WTD', 'WS', 'WD_COS', 'WD_SIN']:
dt_gpp vs Tramontana_GPP R²=0.96 RMSE=1.05
nt_gpp vs Tramontana_GPP R²=0.94 RMSE=1.36
dt_reco vs Tramontana_RECO R²=0.51 RMSE=1.05
nt_reco vs Tramontana_RECO R²=0.63 RMSE=0.82
night_hours_true_nee vs Tramontana_night_hours_model_reco R²=0.60 RMSE=0.87
night_hours_true_nee vs Tramontana_night_hours_model_nee R²=0.60 RMSE=0.87
dt_gpp vs nt_gpp R²=0.94 RMSE=1.33
dt_reco vs nt_reco R²=0.71 RMSE=1.00

{
    "experiment_1": {
        "run_type": "Tramontana",
        "gpp_inputs": [
            "SW_IN",
            "TA"
        ],
        "reco_inputs": [
            "DOY_sin",
            "DOY_cos",
            "TA"
        ],
        "metrics": {
            "dt_gpp_vs_model": {
                "r2": 0.75,
                "rmse": 2.69
            },
            "nt_gpp_vs_model": {
                "r2": 0.72,
                "rmse": 2.91
            },
            "dt_reco_vs_model": {
                "r2": -1.29,
                "rmse": 2.29
            },
            "nt_reco_vs_model": {
                "r2": -1.52,
                "rmse": 2.13
            },
            "night_hours_true_nee_vs_night_hours_model_reco": {
                "r2": 0.06,
                "rmse": 1.35
            },
            "night_hours_true_nee_vs_night_hours_model_nee": {
                "r2": 0.06,
                "rmse": 1.35
            },
            "dt_gpp_vs_nt_gpp": {
                "r2": 0.94,
                "rmse": 1.33
            },
            "dt_reco_vs_nt_reco": {
                "r2": 0.71,
                "rmse": 1
            },
            "val_r2": 0.84
        }
    },
    "experiment_2": {
        "run_type": "Tramontana",
        "gpp_inputs": [
            "SW_IN",
            "TA",
            "VPD"
        ],
        "reco_inputs": [
            "DOY_sin",
            "DOY_cos",
            "TA"
        ],
        "metrics": {
            "dt_gpp_vs_model": {
                "r2": 0.79,
                "rmse": 2.5
            },
            "nt_gpp_vs_model": {
                "r2": 0.76,
                "rmse": 2.72
            },
            "dt_reco_vs_model": {
                "r2": -0.89,
                "rmse": 2.08
            },
            "nt_reco_vs_model": {
                "r2": -0.99,
                "rmse": 1.9
            },
            "night_hours_true_nee_vs_night_hours_model_reco": {
                "r2": 0.09,
                "rmse": 1.32
            },
            "night_hours_true_nee_vs_night_hours_model_nee": {
                "r2": 0.09,
                "rmse": 1.32
            },
            "dt_gpp_vs_nt_gpp": {
                "r2": 0.94,
                "rmse": 1.33
            },
            "dt_reco_vs_nt_reco": {
                "r2": 0.71,
                "rmse": 1
            },
            "val_r2": 0.8427
        }
    },
    "experiment_3": {
        "run_type": "Tramontana",
        "gpp_inputs": [
            "SW_IN",
            "TA",
            "VPD",
            "WS"
        ],
        "reco_inputs": [
            "DOY_sin",
            "DOY_cos",
            "TA",
            "WS"
        ],
        "metrics": {
            "dt_gpp_vs_model": {
                "r2": 0.84,
                "rmse": 2.16
            },
            "nt_gpp_vs_model": {
                "r2": 0.81,
                "rmse": 2.41
            },
            "dt_reco_vs_model": {
                "r2": -0.5,
                "rmse": 1.85
            },
            "nt_reco_vs_model": {
                "r2": -0.56,
                "rmse": 1.68
            },
            "night_hours_true_nee_vs_night_hours_model_reco": {
                "r2": 0.3,
                "rmse": 1.16
            },
            "night_hours_true_nee_vs_night_hours_model_nee": {
                "r2": 0.3,
                "rmse": 1.16
            },
            "dt_gpp_vs_nt_gpp": {
                "r2": 0.94,
                "rmse": 1.33
            },
            "dt_reco_vs_nt_reco": {
                "r2": 0.71,
                "rmse": 1
            },
            "val_r2": 0.8768
        }
    },
    "experiment_4": {
        "run_type": "Tramontana",
        "gpp_inputs": [
            "SW_IN",
            "TA",
            "VPD",
            "WS",
            "WD_COS",
            "WD_SIN"
        ],
        "reco_inputs": [
            "DOY_sin",
            "DOY_cos",
            "TA",
            "WS",
            "WD_COS",
            "WD_SIN"
        ],
        "metrics": {
            "dt_gpp_vs_model": {
                "r2": 0.79,
                "rmse": 2.47
            },
            "nt_gpp_vs_model": {
                "r2": 0.77,
                "rmse": 2.68
            },
            "dt_reco_vs_model": {
                "r2": -1.09,
                "rmse": 2.18
            },
            "nt_reco_vs_model": {
                "r2": -1.32,
                "rmse": 2.05
            },
            "night_hours_true_nee_vs_night_hours_model_reco": {
                "r2": 0.31,
                "rmse": 1.15
            },
            "night_hours_true_nee_vs_night_hours_model_nee": {
                "r2": 0.31,
                "rmse": 1.15
            },
            "dt_gpp_vs_nt_gpp": {
                "r2": 0.94,
                "rmse": 1.33
            },
            "dt_reco_vs_nt_reco": {
                "r2": 0.71,
                "rmse": 1
            },
            "val_r2": 0.8784
        }
    },
    "experiment_5": {
        "run_type": "Tramontana",
        "gpp_inputs": [
            "SW_IN",
            "TA",
            "VPD",
            "WS",
            "WD_COS",
            "WD_SIN",
            "WTD"
        ],
        "reco_inputs": [
            "DOY_sin",
            "DOY_cos",
            "TA",
            "WS",
            "WD_COS",
            "WD_SIN",
            "WTD"
        ],
        "metrics": {
            "dt_gpp_vs_model": {
                "r2": 0.79,
                "rmse": 2.5
            },
            "nt_gpp_vs_model": {
                "r2": 0.76,
                "rmse": 2.71
            },
            "dt_reco_vs_model": {
                "r2": -1.29,
                "rmse": 2.29
            },
            "nt_reco_vs_model": {
                "r2": -1.63,
                "rmse": 2.18
            },
            "night_hours_true_nee_vs_night_hours_model_reco": {
                "r2": 0.44,
                "rmse": 1.04
            },
            "night_hours_true_nee_vs_night_hours_model_nee": {
                "r2": 0.44,
                "rmse": 1.04
            },
            "dt_gpp_vs_nt_gpp": {
                "r2": 0.94,
                "rmse": 1.33
            },
            "dt_reco_vs_nt_reco": {
                "r2": 0.71,
                "rmse": 1
            },
            "val_r2": 0.8931
        }
    },
    "experiment_6": {
        "run_type": "Tramontana",
        "gpp_inputs": [
            "SW_IN",
            "TA",
            "VPD",
            "WS",
            "WD_COS",
            "WD_SIN",
            "WTD",
            "Salinity"
        ],
        "reco_inputs": [
            "DOY_sin",
            "DOY_cos",
            "TA",
            "WS",
            "WD_COS",
            "WD_SIN",
            "WTD",
            "Salinity"
        ],
        "metrics": {
            "dt_gpp_vs_model": {
                "r2": 0.93,
                "rmse": 1.48
            },
            "nt_gpp_vs_model": {
                "r2": 0.89,
                "rmse": 1.8
            },
            "dt_reco_vs_model": {
                "r2": 0.2,
                "rmse": 1.36
            },
            "nt_reco_vs_model": {
                "r2": 0.22,
                "rmse": 1.18
            },
            "night_hours_true_nee_vs_night_hours_model_reco": {
                "r2": 0.51,
                "rmse": 0.98
            },
            "night_hours_true_nee_vs_night_hours_model_nee": {
                "r2": 0.51,
                "rmse": 0.97
            },
            "dt_gpp_vs_nt_gpp": {
                "r2": 0.94,
                "rmse": 1.33
            },
            "dt_reco_vs_nt_reco": {
                "r2": 0.71,
                "rmse": 1
            },
            "val_r2": 0.9212
        }
    },
    "experiment_7": {
        "run_type": "Tramontana",
        "gpp_inputs": [
            "SW_IN",
            "TA",
            "VPD",
            "WS",
            "WD_COS",
            "WD_SIN",
            "WTD",
            "Salinity",
            "WTD_HalfHourlyDiff"
        ],
        "reco_inputs": [
            "DOY_sin",
            "DOY_cos",
            "TA",
            "WS",
            "WD_COS",
            "WD_SIN",
            "WTD",
            "Salinity",
            "WTD_HalfHourlyDiff"
        ],
        "metrics": {
            "dt_gpp_vs_model": {
                "r2": 0.93,
                "rmse": 1.43
            },
            "nt_gpp_vs_model": {
                "r2": 0.9,
                "rmse": 1.76
            },
            "dt_reco_vs_model": {
                "r2": 0.24,
                "rmse": 1.32
            },
            "nt_reco_vs_model": {
                "r2": 0.27,
                "rmse": 1.15
            },
            "night_hours_true_nee_vs_night_hours_model_reco": {
                "r2": 0.51,
                "rmse": 0.97
            },
            "night_hours_true_nee_vs_night_hours_model_nee": {
                "r2": 0.51,
                "rmse": 0.97
            },
            "dt_gpp_vs_nt_gpp": {
                "r2": 0.94,
                "rmse": 1.33
            },
            "dt_reco_vs_nt_reco": {
                "r2": 0.71,
                "rmse": 1
            },
            "val_r2": 0.9225
        }
    },
    "experiment_8": {
        "run_type": "Tramontana",
        "gpp_inputs": [
            "SW_IN",
            "TA",
            "VPD",
            "WS",
            "WD_COS",
            "WD_SIN",
            "WTD",
            "Salinity",
            "WTD_HalfHourlyDiff",
            "WTD_DailyAvg",
            "WTD_DailyDiff"
        ],
        "reco_inputs": [
            "DOY_sin",
            "DOY_cos",
            "TA",
            "WS",
            "WD_COS",
            "WD_SIN",
            "WTD",
            "Salinity",
            "WTD_HalfHourlyDiff",
            "WTD_DailyAvg",
            "WTD_DailyDiff"
        ],
        "metrics": {
            "dt_gpp_vs_model": {
                "r2": 0.93,
                "rmse": 1.46
            },
            "nt_gpp_vs_model": {
                "r2": 0.9,
                "rmse": 1.78
            },
            "dt_reco_vs_model": {
                "r2": 0.24,
                "rmse": 1.32
            },
            "nt_reco_vs_model": {
                "r2": 0.25,
                "rmse": 1.16
            },
            "night_hours_true_nee_vs_night_hours_model_reco": {
                "r2": 0.52,
                "rmse": 0.96
            },
            "night_hours_true_nee_vs_night_hours_model_nee": {
                "r2": 0.52,
                "rmse": 0.96
            },
            "dt_gpp_vs_nt_gpp": {
                "r2": 0.94,
                "rmse": 1.33
            },
            "dt_reco_vs_nt_reco": {
                "r2": 0.71,
                "rmse": 1
            },
            "val_r2": 0.9211
        }
    },
    "experiment_9": {
        "run_type": "Tramontana",
        "gpp_inputs": [
            "PotRadDailyAvg",
            "PotRadDailyDiff",
            "GPP_PROX"
        ],
        "reco_inputs": [
            "DOY_sin",
            "DOY_cos",
            "NIGHTLY_NEE_AVG"
        ],
        "metrics": {
            "dt_gpp_vs_model": {
                "r2": 0.89,
                "rmse": 1.83
            },
            "nt_gpp_vs_model": {
                "r2": 0.86,
                "rmse": 2.06
            },
            "dt_reco_vs_model": {
                "r2": 0.13,
                "rmse": 1.41
            },
            "nt_reco_vs_model": {
                "r2": 0.35,
                "rmse": 1.08
            },
            "night_hours_true_nee_vs_night_hours_model_reco": {
                "r2": 0.43,
                "rmse": 1.05
            },
            "night_hours_true_nee_vs_night_hours_model_nee": {
                "r2": 0.42,
                "rmse": 1.05
            },
            "dt_gpp_vs_nt_gpp": {
                "r2": 0.94,
                "rmse": 1.33
            },
            "dt_reco_vs_nt_reco": {
                "r2": 0.71,
                "rmse": 1
            },
            "val_r2": 0.8745
        }
    },
    "experiment_10": {
        "run_type": "Tramontana",
        "gpp_inputs": [
            "SW_IN",
            "VPD",
            "TA",
            "WTD",
            "WS",
            "PotRad",
            "PotRadHalfHourlyDiff",
            "WD_COS",
            "WD_SIN"
        ],
        "reco_inputs": [
            "TA",
            "TS_1",
            "TS_2",
            "TS_3",
            "TS_4",
            "WTD",
            "WS",
            "WD_COS",
            "WD_SIN"
        ],
        "metrics": {
            "dt_gpp_vs_model": {
                "r2": 0.8,
                "rmse": 2.45
            },
            "nt_gpp_vs_model": {
                "r2": 0.77,
                "rmse": 2.63
            },
            "dt_reco_vs_model": {
                "r2": -1.04,
                "rmse": 2.16
            },
            "nt_reco_vs_model": {
                "r2": -1.47,
                "rmse": 2.11
            },
            "night_hours_true_nee_vs_night_hours_model_reco": {
                "r2": 0.47,
                "rmse": 1.01
            },
            "night_hours_true_nee_vs_night_hours_model_nee": {
                "r2": 0.47,
                "rmse": 1.01
            },
            "dt_gpp_vs_nt_gpp": {
                "r2": 0.94,
                "rmse": 1.33
            },
            "dt_reco_vs_nt_reco": {
                "r2": 0.71,
                "rmse": 1
            },
            "val_r2": 0.902
        }
    },
    "experiment_11": {
        "run_type": "Tramontana",
        "gpp_inputs": [
            "SW_IN",
            "VPD",
            "TA",
            "WS",
            "PotRad",
            "PotRadHalfHourlyDiff",
            "PotRadDailyAvg",
            "PotRadDailyDiff",
            "WD_COS",
            "WD_SIN",
            "GPP_PROX"
        ],
        "reco_inputs": [
            "DOY_sin",
            "DOY_cos",
            "TA",
            "TS_1",
            "TS_2",
            "TS_3",
            "TS_4",
            "WS",
            "WD_COS",
            "WD_SIN",
            "NIGHTLY_NEE_AVG"
        ],
        "metrics": {
            "dt_gpp_vs_model": {
                "r2": 0.97,
                "rmse": 0.93
            },
            "nt_gpp_vs_model": {
                "r2": 0.94,
                "rmse": 1.31
            },
            "dt_reco_vs_model": {
                "r2": 0.58,
                "rmse": 0.98
            },
            "nt_reco_vs_model": {
                "r2": 0.69,
                "rmse": 0.75
            },
            "night_hours_true_nee_vs_night_hours_model_reco": {
                "r2": 0.67,
                "rmse": 0.8
            },
            "night_hours_true_nee_vs_night_hours_model_nee": {
                "r2": 0.67,
                "rmse": 0.8
            },
            "dt_gpp_vs_nt_gpp": {
                "r2": 0.94,
                "rmse": 1.33
            },
            "dt_reco_vs_nt_reco": {
                "r2": 0.71,
                "rmse": 1
            },
            "val_r2": 0.9531
        }
    },
    "experiment_12": {
        "run_type": "Tramontana",
        "gpp_inputs": [
            "SW_IN",
            "VPD",
            "TA",
            "WTD",
            "WS",
            "PotRad",
            "PotRadHalfHourlyDiff",
            "PotRadDailyAvg",
            "PotRadDailyDiff",
            "WD_COS",
            "WD_SIN",
            "GPP_PROX"
        ],
        "reco_inputs": [
            "DOY_sin",
            "DOY_cos",
            "TA",
            "TS_1",
            "TS_2",
            "TS_3",
            "TS_4",
            "WTD",
            "WS",
            "WD_COS",
            "WD_SIN",
            "NIGHTLY_NEE_AVG"
        ],
        "metrics": {
            "dt_gpp_vs_model": {
                "r2": 0.97,
                "rmse": 0.99
            },
            "nt_gpp_vs_model": {
                "r2": 0.94,
                "rmse": 1.33
            },
            "dt_reco_vs_model": {
                "r2": 0.55,
                "rmse": 1.01
            },
            "nt_reco_vs_model": {
                "r2": 0.67,
                "rmse": 0.78
            },
            "night_hours_true_nee_vs_night_hours_model_reco": {
                "r2": 0.67,
                "rmse": 0.8
            },
            "night_hours_true_nee_vs_night_hours_model_nee": {
                "r2": 0.67,
                "rmse": 0.79
            },
            "dt_gpp_vs_nt_gpp": {
                "r2": 0.94,
                "rmse": 1.33
            },
            "dt_reco_vs_nt_reco": {
                "r2": 0.71,
                "rmse": 1
            },
            "val_r2": 0.9525
        }
    },
    "experiment_13": {
        "run_type": "Tramontana",
        "gpp_inputs": [
            "SW_IN",
            "VPD",
            "TA",
            "WTD",
            "WS",
            "PotRad",
            "PotRadHalfHourlyDiff",
            "PotRadDailyAvg",
            "PotRadDailyDiff",
            "WD_COS",
            "WD_SIN",
            "GPP_PROX",
            "Salinity"
        ],
        "reco_inputs": [
            "DOY_sin",
            "DOY_cos",
            "TA",
            "TS_1",
            "TS_2",
            "TS_3",
            "TS_4",
            "WTD",
            "WS",
            "WD_COS",
            "WD_SIN",
            "NIGHTLY_NEE_AVG",
            "Salinity"
        ],
        "metrics": {
            "dt_gpp_vs_model": {
                "r2": 0.97,
                "rmse": 1.0
            },
            "nt_gpp_vs_model": {
                "r2": 0.94,
                "rmse": 1.32
            },
            "dt_reco_vs_model": {
                "r2": 0.54,
                "rmse": 1.03
            },
            "nt_reco_vs_model": {
                "r2": 0.67,
                "rmse": 0.77
            },
            "night_hours_true_nee_vs_night_hours_model_reco": {
                "r2": 0.67,
                "rmse": 0.79
            },
            "night_hours_true_nee_vs_night_hours_model_nee": {
                "r2": 0.68,
                "rmse": 0.79
            },
            "dt_gpp_vs_nt_gpp": {
                "r2": 0.94,
                "rmse": 1.33
            },
            "dt_reco_vs_nt_reco": {
                "r2": 0.71,
                "rmse": 1
            },
            "val_r2": 0.9539
        }
    },
    "experiment_14": {
        "run_type": "Tramontana",
        "gpp_inputs": [
            "SW_IN",
            "VPD",
            "TA",
            "WTD",
            "WS",
            "PotRad",
            "PotRadHalfHourlyDiff",
            "PotRadDailyAvg",
            "PotRadDailyDiff",
            "WD_COS",
            "WD_SIN",
            "GPP_PROX",
            "WTD_HalfHourlyDiff"
        ],
        "reco_inputs": [
            "DOY_sin",
            "DOY_cos",
            "TA",
            "TS_1",
            "TS_2",
            "TS_3",
            "TS_4",
            "WTD",
            "WS",
            "WD_COS",
            "WD_SIN",
            "NIGHTLY_NEE_AVG",
            "WTD_HalfHourlyDiff"
        ],
        "metrics": {
            "dt_gpp_vs_model": {
                "r2": 0.97,
                "rmse": 0.93
            },
            "nt_gpp_vs_model": {
                "r2": 0.95,
                "rmse": 1.3
            },
            "dt_reco_vs_model": {
                "r2": 0.57,
                "rmse": 1.0
            },
            "nt_reco_vs_model": {
                "r2": 0.7,
                "rmse": 0.74
            },
            "night_hours_true_nee_vs_night_hours_model_reco": {
                "r2": 0.68,
                "rmse": 0.79
            },
            "night_hours_true_nee_vs_night_hours_model_nee": {
                "r2": 0.68,
                "rmse": 0.79
            },
            "dt_gpp_vs_nt_gpp": {
                "r2": 0.94,
                "rmse": 1.33
            },
            "dt_reco_vs_nt_reco": {
                "r2": 0.71,
                "rmse": 1
            },
            "val_r2": 0.9539
        }
    },
    "experiment_15": {
        "run_type": "Tramontana",
        "gpp_inputs": [
            "SW_IN",
            "VPD",
            "TA",
            "WTD",
            "WS",
            "PotRad",
            "PotRadHalfHourlyDiff",
            "PotRadDailyAvg",
            "PotRadDailyDiff",
            "WD_COS",
            "WD_SIN",
            "GPP_PROX",
            "Salinity",
            "WTD_HalfHourlyDiff"
        ],
        "reco_inputs": [
            "DOY_sin",
            "DOY_cos",
            "TA",
            "TS_1",
            "TS_2",
            "TS_3",
            "TS_4",
            "WTD",
            "WS",
            "WD_COS",
            "WD_SIN",
            "NIGHTLY_NEE_AVG",
            "Salinity",
            "WTD_HalfHourlyDiff"
        ],
        "metrics": {
            "dt_gpp_vs_model": {
                "r2": 0.97,
                "rmse": 0.91
            },
            "nt_gpp_vs_model": {
                "r2": 0.95,
                "rmse": 1.29
            },
            "dt_reco_vs_model": {
                "r2": 0.58,
                "rmse": 0.98
            },
            "nt_reco_vs_model": {
                "r2": 0.69,
                "rmse": 0.75
            },
            "night_hours_true_nee_vs_night_hours_model_reco": {
                "r2": 0.67,
                "rmse": 0.79
            },
            "night_hours_true_nee_vs_night_hours_model_nee": {
                "r2": 0.67,
                "rmse": 0.79
            },
            "dt_gpp_vs_nt_gpp": {
                "r2": 0.94,
                "rmse": 1.33
            },
            "dt_reco_vs_nt_reco": {
                "r2": 0.71,
                "rmse": 1
            },
            "val_r2": 0.9547
        }
    },
    "experiment_16": {
        "run_type": "Tramontana",
        "gpp_inputs": [
            "SW_IN",
            "VPD",
            "TA",
            "WTD",
            "WS",
            "PotRad",
            "PotRadHalfHourlyDiff",
            "PotRadDailyAvg",
            "PotRadDailyDiff",
            "WD_COS",
            "WD_SIN",
            "GPP_PROX",
            "Salinity",
            "WTD_HalfHourlyDiff",
            "WTD_DailyAvg",
            "WTD_DailyDiff"
        ],
        "reco_inputs": [
            "DOY_sin",
            "DOY_cos",
            "TA",
            "TS_1",
            "TS_2",
            "TS_3",
            "TS_4",
            "WTD",
            "WS",
            "WD_COS",
            "WD_SIN",
            "NIGHTLY_NEE_AVG",
            "Salinity",
            "WTD_HalfHourlyDiff",
            "WTD_DailyAvg",
            "WTD_DailyDiff"
        ],
        "metrics": {
            "dt_gpp_vs_model": {
                "r2": 0.97,
                "rmse": 0.97
            },
            "nt_gpp_vs_model": {
                "r2": 0.94,
                "rmse": 1.32
            },
            "dt_reco_vs_model": {
                "r2": 0.53,
                "rmse": 1.03
            },
            "nt_reco_vs_model": {
                "r2": 0.66,
                "rmse": 0.78
            },
            "night_hours_true_nee_vs_night_hours_model_reco": {
                "r2": 0.67,
                "rmse": 0.8
            },
            "night_hours_true_nee_vs_night_hours_model_nee": {
                "r2": 0.67,
                "rmse": 0.8
            },
            "dt_gpp_vs_nt_gpp": {
                "r2": 0.94,
                "rmse": 1.33
            },
            "dt_reco_vs_nt_reco": {
                "r2": 0.71,
                "rmse": 1
            },
            "val_r2": 0.9541
        }
    },
    "experiment_17": {
        "run_type": "Tramontana",
        "gpp_inputs": [
            "VPD",
            "TA",
            "WTD",
            "WS",
            "PotRad",
            "PotRadHalfHourlyDiff",
            "PotRadDailyAvg",
            "PotRadDailyDiff",
            "WD_COS",
            "WD_SIN",
            "GPP_PROX"
        ],
        "reco_inputs": [
            "DOY_sin",
            "DOY_cos",
            "TA",
            "TS_1",
            "TS_2",
            "TS_3",
            "TS_4",
            "WTD",
            "WS",
            "WD_COS",
            "WD_SIN",
            "NIGHTLY_NEE_AVG"
        ],
        "metrics": {
            "dt_gpp_vs_model": {
                "r2": 0.92,
                "rmse": 1.56
            },
            "nt_gpp_vs_model": {
                "r2": 0.88,
                "rmse": 1.89
            },
            "dt_reco_vs_model": {
                "r2": 0.02,
                "rmse": 1.5
            },
            "nt_reco_vs_model": {
                "r2": 0.09,
                "rmse": 1.28
            },
            "night_hours_true_nee_vs_night_hours_model_reco": {
                "r2": 0.64,
                "rmse": 0.84
            },
            "night_hours_true_nee_vs_night_hours_model_nee": {
                "r2": 0.63,
                "rmse": 0.84
            },
            "dt_gpp_vs_nt_gpp": {
                "r2": 0.94,
                "rmse": 1.33
            },
            "dt_reco_vs_nt_reco": {
                "r2": 0.71,
                "rmse": 1
            },
            "val_r2": 0.9259
        }
    },
    "experiment_18": {
        "run_type": "Tramontana",
        "gpp_inputs": [
            "SW_IN",
            "TA",
            "WTD",
            "WS",
            "PotRad",
            "PotRadHalfHourlyDiff",
            "PotRadDailyAvg",
            "PotRadDailyDiff",
            "WD_COS",
            "WD_SIN",
            "GPP_PROX"
        ],
        "reco_inputs": [
            "DOY_sin",
            "DOY_cos",
            "TA",
            "TS_1",
            "TS_2",
            "TS_3",
            "TS_4",
            "WTD",
            "WS",
            "WD_COS",
            "WD_SIN",
            "NIGHTLY_NEE_AVG"
        ],
        "metrics": {
            "dt_gpp_vs_model": {
                "r2": 0.96,
                "rmse": 1.02
            },
            "nt_gpp_vs_model": {
                "r2": 0.94,
                "rmse": 1.35
            },
            "dt_reco_vs_model": {
                "r2": 0.52,
                "rmse": 1.04
            },
            "nt_reco_vs_model": {
                "r2": 0.65,
                "rmse": 0.8
            },
            "night_hours_true_nee_vs_night_hours_model_reco": {
                "r2": 0.67,
                "rmse": 0.79
            },
            "night_hours_true_nee_vs_night_hours_model_nee": {
                "r2": 0.67,
                "rmse": 0.79
            },
            "dt_gpp_vs_nt_gpp": {
                "r2": 0.94,
                "rmse": 1.33
            },
            "dt_reco_vs_nt_reco": {
                "r2": 0.71,
                "rmse": 1
            },
            "val_r2": 0.9518
        }
    },
    "experiment_19": {
        "run_type": "Tramontana",
        "gpp_inputs": [
            "SW_IN",
            "VPD",
            "WTD",
            "WS",
            "PotRad",
            "PotRadHalfHourlyDiff",
            "PotRadDailyAvg",
            "PotRadDailyDiff",
            "WD_COS",
            "WD_SIN",
            "GPP_PROX"
        ],
        "reco_inputs": [
            "DOY_sin",
            "DOY_cos",
            "TA",
            "TS_1",
            "TS_2",
            "TS_3",
            "TS_4",
            "WTD",
            "WS",
            "WD_COS",
            "WD_SIN",
            "NIGHTLY_NEE_AVG"
        ],
        "metrics": {
            "dt_gpp_vs_model": {
                "r2": 0.97,
                "rmse": 0.95
            },
            "nt_gpp_vs_model": {
                "r2": 0.94,
                "rmse": 1.33
            },
            "dt_reco_vs_model": {
                "r2": 0.55,
                "rmse": 1.02
            },
            "nt_reco_vs_model": {
                "r2": 0.66,
                "rmse": 0.79
            },
            "night_hours_true_nee_vs_night_hours_model_reco": {
                "r2": 0.67,
                "rmse": 0.79
            },
            "night_hours_true_nee_vs_night_hours_model_nee": {
                "r2": 0.68,
                "rmse": 0.79
            },
            "dt_gpp_vs_nt_gpp": {
                "r2": 0.94,
                "rmse": 1.33
            },
            "dt_reco_vs_nt_reco": {
                "r2": 0.71,
                "rmse": 1
            },
            "val_r2": 0.9532
        }
    },
    "experiment_20": {
        "run_type": "Tramontana",
        "gpp_inputs": [
            "SW_IN",
            "VPD",
            "TA",
            "WS",
            "PotRad",
            "PotRadHalfHourlyDiff",
            "PotRadDailyAvg",
            "PotRadDailyDiff",
            "WD_COS",
            "WD_SIN",
            "GPP_PROX"
        ],
        "reco_inputs": [
            "DOY_sin",
            "DOY_cos",
            "TA",
            "TS_1",
            "TS_2",
            "TS_3",
            "TS_4",
            "WTD",
            "WS",
            "WD_COS",
            "WD_SIN",
            "NIGHTLY_NEE_AVG"
        ],
        "metrics": {
            "dt_gpp_vs_model": {
                "r2": 0.97,
                "rmse": 0.95
            },
            "nt_gpp_vs_model": {
                "r2": 0.94,
                "rmse": 1.32
            },
            "dt_reco_vs_model": {
                "r2": 0.55,
                "rmse": 1.01
            },
            "nt_reco_vs_model": {
                "r2": 0.67,
                "rmse": 0.77
            },
            "night_hours_true_nee_vs_night_hours_model_reco": {
                "r2": 0.68,
                "rmse": 0.79
            },
            "night_hours_true_nee_vs_night_hours_model_nee": {
                "r2": 0.68,
                "rmse": 0.79
            },
            "dt_gpp_vs_nt_gpp": {
                "r2": 0.94,
                "rmse": 1.33
            },
            "dt_reco_vs_nt_reco": {
                "r2": 0.71,
                "rmse": 1
            },
            "val_r2": 0.9529
        }
    },
    "experiment_21": {
        "run_type": "Tramontana",
        "gpp_inputs": [
            "SW_IN",
            "VPD",
            "TA",
            "WTD",
            "PotRad",
            "PotRadHalfHourlyDiff",
            "PotRadDailyAvg",
            "PotRadDailyDiff",
            "WD_COS",
            "WD_SIN",
            "GPP_PROX"
        ],
        "reco_inputs": [
            "DOY_sin",
            "DOY_cos",
            "TA",
            "TS_1",
            "TS_2",
            "TS_3",
            "TS_4",
            "WTD",
            "WS",
            "WD_COS",
            "WD_SIN",
            "NIGHTLY_NEE_AVG"
        ],
        "metrics": {
            "dt_gpp_vs_model": {
                "r2": 0.97,
                "rmse": 0.94
            },
            "nt_gpp_vs_model": {
                "r2": 0.94,
                "rmse": 1.32
            },
            "dt_reco_vs_model": {
                "r2": 0.54,
                "rmse": 1.02
            },
            "nt_reco_vs_model": {
                "r2": 0.67,
                "rmse": 0.77
            },
            "night_hours_true_nee_vs_night_hours_model_reco": {
                "r2": 0.68,
                "rmse": 0.79
            },
            "night_hours_true_nee_vs_night_hours_model_nee": {
                "r2": 0.68,
                "rmse": 0.79
            },
            "dt_gpp_vs_nt_gpp": {
                "r2": 0.94,
                "rmse": 1.33
            },
            "dt_reco_vs_nt_reco": {
                "r2": 0.71,
                "rmse": 1
            },
            "val_r2": 0.9534
        }
    },
    "experiment_22": {
        "run_type": "Tramontana",
        "gpp_inputs": [
            "SW_IN",
            "VPD",
            "TA",
            "WTD",
            "WS",
            "PotRadHalfHourlyDiff",
            "PotRadDailyAvg",
            "PotRadDailyDiff",
            "WD_COS",
            "WD_SIN",
            "GPP_PROX"
        ],
        "reco_inputs": [
            "DOY_sin",
            "DOY_cos",
            "TA",
            "TS_1",
            "TS_2",
            "TS_3",
            "TS_4",
            "WTD",
            "WS",
            "WD_COS",
            "WD_SIN",
            "NIGHTLY_NEE_AVG"
        ],
        "metrics": {
            "dt_gpp_vs_model": {
                "r2": 0.97,
                "rmse": 0.89
            },
            "nt_gpp_vs_model": {
                "r2": 0.94,
                "rmse": 1.32
            },
            "dt_reco_vs_model": {
                "r2": 0.58,
                "rmse": 0.98
            },
            "nt_reco_vs_model": {
                "r2": 0.7,
                "rmse": 0.74
            },
            "night_hours_true_nee_vs_night_hours_model_reco": {
                "r2": 0.68,
                "rmse": 0.79
            },
            "night_hours_true_nee_vs_night_hours_model_nee": {
                "r2": 0.68,
                "rmse": 0.78
            },
            "dt_gpp_vs_nt_gpp": {
                "r2": 0.94,
                "rmse": 1.33
            },
            "dt_reco_vs_nt_reco": {
                "r2": 0.71,
                "rmse": 1
            },
            "val_r2": 0.9513
        }
    },
    "experiment_23": {
        "run_type": "Tramontana",
        "gpp_inputs": [
            "SW_IN",
            "VPD",
            "TA",
            "WTD",
            "WS",
            "PotRad",
            "PotRadDailyAvg",
            "PotRadDailyDiff",
            "WD_COS",
            "WD_SIN",
            "GPP_PROX"
        ],
        "reco_inputs": [
            "DOY_sin",
            "DOY_cos",
            "TA",
            "TS_1",
            "TS_2",
            "TS_3",
            "TS_4",
            "WTD",
            "WS",
            "WD_COS",
            "WD_SIN",
            "NIGHTLY_NEE_AVG"
        ],
        "metrics": {
            "dt_gpp_vs_model": {
                "r2": 0.97,
                "rmse": 0.95
            },
            "nt_gpp_vs_model": {
                "r2": 0.94,
                "rmse": 1.31
            },
            "dt_reco_vs_model": {
                "r2": 0.56,
                "rmse": 1.0
            },
            "nt_reco_vs_model": {
                "r2": 0.69,
                "rmse": 0.74
            },
            "night_hours_true_nee_vs_night_hours_model_reco": {
                "r2": 0.67,
                "rmse": 0.79
            },
            "night_hours_true_nee_vs_night_hours_model_nee": {
                "r2": 0.67,
                "rmse": 0.79
            },
            "dt_gpp_vs_nt_gpp": {
                "r2": 0.94,
                "rmse": 1.33
            },
            "dt_reco_vs_nt_reco": {
                "r2": 0.71,
                "rmse": 1
            },
            "val_r2": 0.9528
        }
    },
    "experiment_24": {
        "run_type": "Tramontana",
        "gpp_inputs": [
            "SW_IN",
            "VPD",
            "TA",
            "WTD",
            "WS",
            "PotRad",
            "PotRadHalfHourlyDiff",
            "PotRadDailyDiff",
            "WD_COS",
            "WD_SIN",
            "GPP_PROX"
        ],
        "reco_inputs": [
            "DOY_sin",
            "DOY_cos",
            "TA",
            "TS_1",
            "TS_2",
            "TS_3",
            "TS_4",
            "WTD",
            "WS",
            "WD_COS",
            "WD_SIN",
            "NIGHTLY_NEE_AVG"
        ],
        "metrics": {
            "dt_gpp_vs_model": {
                "r2": 0.97,
                "rmse": 0.94
            },
            "nt_gpp_vs_model": {
                "r2": 0.95,
                "rmse": 1.29
            },
            "dt_reco_vs_model": {
                "r2": 0.56,
                "rmse": 1.0
            },
            "nt_reco_vs_model": {
                "r2": 0.69,
                "rmse": 0.75
            },
            "night_hours_true_nee_vs_night_hours_model_reco": {
                "r2": 0.67,
                "rmse": 0.79
            },
            "night_hours_true_nee_vs_night_hours_model_nee": {
                "r2": 0.67,
                "rmse": 0.79
            },
            "dt_gpp_vs_nt_gpp": {
                "r2": 0.94,
                "rmse": 1.33
            },
            "dt_reco_vs_nt_reco": {
                "r2": 0.71,
                "rmse": 1
            },
            "val_r2": 0.9537
        }
    },
    "experiment_25": {
        "run_type": "Tramontana",
        "gpp_inputs": [
            "SW_IN",
            "VPD",
            "TA",
            "WTD",
            "WS",
            "PotRad",
            "PotRadHalfHourlyDiff",
            "PotRadDailyAvg",
            "WD_COS",
            "WD_SIN",
            "GPP_PROX"
        ],
        "reco_inputs": [
            "DOY_sin",
            "DOY_cos",
            "TA",
            "TS_1",
            "TS_2",
            "TS_3",
            "TS_4",
            "WTD",
            "WS",
            "WD_COS",
            "WD_SIN",
            "NIGHTLY_NEE_AVG"
        ],
        "metrics": {
            "dt_gpp_vs_model": {
                "r2": 0.97,
                "rmse": 1.0
            },
            "nt_gpp_vs_model": {
                "r2": 0.94,
                "rmse": 1.35
            },
            "dt_reco_vs_model": {
                "r2": 0.54,
                "rmse": 1.02
            },
            "nt_reco_vs_model": {
                "r2": 0.63,
                "rmse": 0.81
            },
            "night_hours_true_nee_vs_night_hours_model_reco": {
                "r2": 0.67,
                "rmse": 0.8
            },
            "night_hours_true_nee_vs_night_hours_model_nee": {
                "r2": 0.67,
                "rmse": 0.8
            },
            "dt_gpp_vs_nt_gpp": {
                "r2": 0.94,
                "rmse": 1.33
            },
            "dt_reco_vs_nt_reco": {
                "r2": 0.71,
                "rmse": 1
            },
            "val_r2": 0.9523
        }
    },
    "experiment_26": {
        "run_type": "Tramontana",
        "gpp_inputs": [
            "SW_IN",
            "VPD",
            "TA",
            "WTD",
            "WS",
            "PotRad",
            "PotRadHalfHourlyDiff",
            "PotRadDailyAvg",
            "PotRadDailyDiff",
            "WD_SIN",
            "GPP_PROX"
        ],
        "reco_inputs": [
            "DOY_sin",
            "DOY_cos",
            "TA",
            "TS_1",
            "TS_2",
            "TS_3",
            "TS_4",
            "WTD",
            "WS",
            "WD_COS",
            "WD_SIN",
            "NIGHTLY_NEE_AVG"
        ],
        "metrics": {
            "dt_gpp_vs_model": {
                "r2": 0.97,
                "rmse": 0.93
            },
            "nt_gpp_vs_model": {
                "r2": 0.95,
                "rmse": 1.29
            },
            "dt_reco_vs_model": {
                "r2": 0.57,
                "rmse": 0.99
            },
            "nt_reco_vs_model": {
                "r2": 0.69,
                "rmse": 0.75
            },
            "night_hours_true_nee_vs_night_hours_model_reco": {
                "r2": 0.67,
                "rmse": 0.79
            },
            "night_hours_true_nee_vs_night_hours_model_nee": {
                "r2": 0.67,
                "rmse": 0.79
            },
            "dt_gpp_vs_nt_gpp": {
                "r2": 0.94,
                "rmse": 1.33
            },
            "dt_reco_vs_nt_reco": {
                "r2": 0.71,
                "rmse": 1
            },
            "val_r2": 0.9535
        }
    },
    "experiment_27": {
        "run_type": "Tramontana",
        "gpp_inputs": [
            "SW_IN",
            "VPD",
            "TA",
            "WTD",
            "WS",
            "PotRad",
            "PotRadHalfHourlyDiff",
            "PotRadDailyAvg",
            "PotRadDailyDiff",
            "WD_COS",
            "GPP_PROX"
        ],
        "reco_inputs": [
            "DOY_sin",
            "DOY_cos",
            "TA",
            "TS_1",
            "TS_2",
            "TS_3",
            "TS_4",
            "WTD",
            "WS",
            "WD_COS",
            "WD_SIN",
            "NIGHTLY_NEE_AVG"
        ],
        "metrics": {
            "dt_gpp_vs_model": {
                "r2": 0.97,
                "rmse": 0.97
            },
            "nt_gpp_vs_model": {
                "r2": 0.94,
                "rmse": 1.32
            },
            "dt_reco_vs_model": {
                "r2": 0.55,
                "rmse": 1.02
            },
            "nt_reco_vs_model": {
                "r2": 0.67,
                "rmse": 0.77
            },
            "night_hours_true_nee_vs_night_hours_model_reco": {
                "r2": 0.67,
                "rmse": 0.8
            },
            "night_hours_true_nee_vs_night_hours_model_nee": {
                "r2": 0.67,
                "rmse": 0.8
            },
            "dt_gpp_vs_nt_gpp": {
                "r2": 0.94,
                "rmse": 1.33
            },
            "dt_reco_vs_nt_reco": {
                "r2": 0.71,
                "rmse": 1
            },
            "val_r2": 0.9529
        }
    },
    "experiment_28": {
        "run_type": "Tramontana",
        "gpp_inputs": [
            "SW_IN",
            "VPD",
            "TA",
            "WTD",
            "WS",
            "PotRad",
            "PotRadHalfHourlyDiff",
            "PotRadDailyAvg",
            "PotRadDailyDiff",
            "WD_COS",
            "WD_SIN"
        ],
        "reco_inputs": [
            "DOY_sin",
            "DOY_cos",
            "TA",
            "TS_1",
            "TS_2",
            "TS_3",
            "TS_4",
            "WTD",
            "WS",
            "WD_COS",
            "WD_SIN",
            "NIGHTLY_NEE_AVG"
        ],
        "metrics": {
            "dt_gpp_vs_model": {
                "r2": 0.94,
                "rmse": 1.32
            },
            "nt_gpp_vs_model": {
                "r2": 0.91,
                "rmse": 1.66
            },
            "dt_reco_vs_model": {
                "r2": 0.37,
                "rmse": 1.2
            },
            "nt_reco_vs_model": {
                "r2": 0.4,
                "rmse": 1.04
            },
            "night_hours_true_nee_vs_night_hours_model_reco": {
                "r2": 0.63,
                "rmse": 0.84
            },
            "night_hours_true_nee_vs_night_hours_model_nee": {
                "r2": 0.63,
                "rmse": 0.84
            },
            "dt_gpp_vs_nt_gpp": {
                "r2": 0.94,
                "rmse": 1.33
            },
            "dt_reco_vs_nt_reco": {
                "r2": 0.71,
                "rmse": 1
            },
            "val_r2": 0.9332
        }
    },
    "experiment_29": {
        "run_type": "Tramontana",
        "gpp_inputs": [
            "SW_IN",
            "VPD",
            "TA",
            "WTD",
            "WS",
            "PotRad",
            "PotRadHalfHourlyDiff",
            "PotRadDailyAvg",
            "PotRadDailyDiff",
            "WD_COS",
            "WD_SIN",
            "GPP_PROX"
        ],
        "reco_inputs": [
            "DOY_cos",
            "TA",
            "TS_1",
            "TS_2",
            "TS_3",
            "TS_4",
            "WTD",
            "WS",
            "WD_COS",
            "WD_SIN",
            "NIGHTLY_NEE_AVG"
        ],
        "metrics": {
            "dt_gpp_vs_model": {
                "r2": 0.97,
                "rmse": 0.95
            },
            "nt_gpp_vs_model": {
                "r2": 0.94,
                "rmse": 1.31
            },
            "dt_reco_vs_model": {
                "r2": 0.58,
                "rmse": 0.98
            },
            "nt_reco_vs_model": {
                "r2": 0.69,
                "rmse": 0.75
            },
            "night_hours_true_nee_vs_night_hours_model_reco": {
                "r2": 0.67,
                "rmse": 0.79
            },
            "night_hours_true_nee_vs_night_hours_model_nee": {
                "r2": 0.67,
                "rmse": 0.79
            },
            "dt_gpp_vs_nt_gpp": {
                "r2": 0.94,
                "rmse": 1.33
            },
            "dt_reco_vs_nt_reco": {
                "r2": 0.71,
                "rmse": 1
            },
            "val_r2": 0.953
        }
    },
    "experiment_30": {
        "run_type": "Tramontana",
        "gpp_inputs": [
            "SW_IN",
            "VPD",
            "TA",
            "WTD",
            "WS",
            "PotRad",
            "PotRadHalfHourlyDiff",
            "PotRadDailyAvg",
            "PotRadDailyDiff",
            "WD_COS",
            "WD_SIN",
            "GPP_PROX"
        ],
        "reco_inputs": [
            "DOY_sin",
            "TA",
            "TS_1",
            "TS_2",
            "TS_3",
            "TS_4",
            "WTD",
            "WS",
            "WD_COS",
            "WD_SIN",
            "NIGHTLY_NEE_AVG"
        ],
        "metrics": {
            "dt_gpp_vs_model": {
                "r2": 0.96,
                "rmse": 1.05
            },
            "nt_gpp_vs_model": {
                "r2": 0.94,
                "rmse": 1.36
            },
            "dt_reco_vs_model": {
                "r2": 0.53,
                "rmse": 1.04
            },
            "nt_reco_vs_model": {
                "r2": 0.66,
                "rmse": 0.79
            },
            "night_hours_true_nee_vs_night_hours_model_reco": {
                "r2": 0.66,
                "rmse": 0.81
            },
            "night_hours_true_nee_vs_night_hours_model_nee": {
                "r2": 0.66,
                "rmse": 0.81
            },
            "dt_gpp_vs_nt_gpp": {
                "r2": 0.94,
                "rmse": 1.33
            },
            "dt_reco_vs_nt_reco": {
                "r2": 0.71,
                "rmse": 1
            },
            "val_r2": 0.9499
        }
    },
    "experiment_31": {
        "run_type": "Tramontana",
        "gpp_inputs": [
            "SW_IN",
            "VPD",
            "TA",
            "WTD",
            "WS",
            "PotRad",
            "PotRadHalfHourlyDiff",
            "PotRadDailyAvg",
            "PotRadDailyDiff",
            "WD_COS",
            "WD_SIN",
            "GPP_PROX"
        ],
        "reco_inputs": [
            "DOY_sin",
            "DOY_cos",
            "TS_1",
            "TS_2",
            "TS_3",
            "TS_4",
            "WTD",
            "WS",
            "WD_COS",
            "WD_SIN",
            "NIGHTLY_NEE_AVG"
        ],
        "metrics": {
            "dt_gpp_vs_model": {
                "r2": 0.96,
                "rmse": 1.04
            },
            "nt_gpp_vs_model": {
                "r2": 0.94,
                "rmse": 1.36
            },
            "dt_reco_vs_model": {
                "r2": 0.54,
                "rmse": 1.03
            },
            "nt_reco_vs_model": {
                "r2": 0.67,
                "rmse": 0.77
            },
            "night_hours_true_nee_vs_night_hours_model_reco": {
                "r2": 0.65,
                "rmse": 0.82
            },
            "night_hours_true_nee_vs_night_hours_model_nee": {
                "r2": 0.65,
                "rmse": 0.82
            },
            "dt_gpp_vs_nt_gpp": {
                "r2": 0.94,
                "rmse": 1.33
            },
            "dt_reco_vs_nt_reco": {
                "r2": 0.71,
                "rmse": 1
            },
            "val_r2": 0.9499
        }
    },
    "experiment_32": {
        "run_type": "Tramontana",
        "gpp_inputs": [
            "SW_IN",
            "VPD",
            "TA",
            "WTD",
            "WS",
            "PotRad",
            "PotRadHalfHourlyDiff",
            "PotRadDailyAvg",
            "PotRadDailyDiff",
            "WD_COS",
            "WD_SIN",
            "GPP_PROX"
        ],
        "reco_inputs": [
            "DOY_sin",
            "DOY_cos",
            "TA",
            "TS_2",
            "TS_3",
            "TS_4",
            "WTD",
            "WS",
            "WD_COS",
            "WD_SIN",
            "NIGHTLY_NEE_AVG"
        ],
        "metrics": {
            "dt_gpp_vs_model": {
                "r2": 0.96,
                "rmse": 1.08
            },
            "nt_gpp_vs_model": {
                "r2": 0.94,
                "rmse": 1.37
            },
            "dt_reco_vs_model": {
                "r2": 0.51,
                "rmse": 1.05
            },
            "nt_reco_vs_model": {
                "r2": 0.66,
                "rmse": 0.78
            },
            "night_hours_true_nee_vs_night_hours_model_reco": {
                "r2": 0.66,
                "rmse": 0.81
            },
            "night_hours_true_nee_vs_night_hours_model_nee": {
                "r2": 0.66,
                "rmse": 0.81
            },
            "dt_gpp_vs_nt_gpp": {
                "r2": 0.94,
                "rmse": 1.33
            },
            "dt_reco_vs_nt_reco": {
                "r2": 0.71,
                "rmse": 1
            },
            "val_r2": 0.9489
        }
    },
    "experiment_33": {
        "run_type": "Tramontana",
        "gpp_inputs": [
            "SW_IN",
            "VPD",
            "TA",
            "WTD",
            "WS",
            "PotRad",
            "PotRadHalfHourlyDiff",
            "PotRadDailyAvg",
            "PotRadDailyDiff",
            "WD_COS",
            "WD_SIN",
            "GPP_PROX"
        ],
        "reco_inputs": [
            "DOY_sin",
            "DOY_cos",
            "TA",
            "TS_1",
            "TS_3",
            "TS_4",
            "WTD",
            "WS",
            "WD_COS",
            "WD_SIN",
            "NIGHTLY_NEE_AVG"
        ],
        "metrics": {
            "dt_gpp_vs_model": {
                "r2": 0.96,
                "rmse": 1.05
            },
            "nt_gpp_vs_model": {
                "r2": 0.94,
                "rmse": 1.36
            },
            "dt_reco_vs_model": {
                "r2": 0.52,
                "rmse": 1.04
            },
            "nt_reco_vs_model": {
                "r2": 0.67,
                "rmse": 0.77
            },
            "night_hours_true_nee_vs_night_hours_model_reco": {
                "r2": 0.66,
                "rmse": 0.81
            },
            "night_hours_true_nee_vs_night_hours_model_nee": {
                "r2": 0.66,
                "rmse": 0.81
            },
            "dt_gpp_vs_nt_gpp": {
                "r2": 0.94,
                "rmse": 1.33
            },
            "dt_reco_vs_nt_reco": {
                "r2": 0.71,
                "rmse": 1
            },
            "val_r2": 0.9498
        }
    },
    "experiment_34": {
        "run_type": "Tramontana",
        "gpp_inputs": [
            "SW_IN",
            "VPD",
            "TA",
            "WTD",
            "WS",
            "PotRad",
            "PotRadHalfHourlyDiff",
            "PotRadDailyAvg",
            "PotRadDailyDiff",
            "WD_COS",
            "WD_SIN",
            "GPP_PROX"
        ],
        "reco_inputs": [
            "DOY_sin",
            "DOY_cos",
            "TA",
            "TS_1",
            "TS_2",
            "TS_4",
            "WTD",
            "WS",
            "WD_COS",
            "WD_SIN",
            "NIGHTLY_NEE_AVG"
        ],
        "metrics": {
            "dt_gpp_vs_model": {
                "r2": 0.97,
                "rmse": 0.99
            },
            "nt_gpp_vs_model": {
                "r2": 0.94,
                "rmse": 1.33
            },
            "dt_reco_vs_model": {
                "r2": 0.54,
                "rmse": 1.02
            },
            "nt_reco_vs_model": {
                "r2": 0.67,
                "rmse": 0.78
            },
            "night_hours_true_nee_vs_night_hours_model_reco": {
                "r2": 0.67,
                "rmse": 0.79
            },
            "night_hours_true_nee_vs_night_hours_model_nee": {
                "r2": 0.67,
                "rmse": 0.79
            },
            "dt_gpp_vs_nt_gpp": {
                "r2": 0.94,
                "rmse": 1.33
            },
            "dt_reco_vs_nt_reco": {
                "r2": 0.71,
                "rmse": 1
            },
            "val_r2": 0.9529
        }
    },
    "experiment_35": {
        "run_type": "Tramontana",
        "gpp_inputs": [
            "SW_IN",
            "VPD",
            "TA",
            "WTD",
            "WS",
            "PotRad",
            "PotRadHalfHourlyDiff",
            "PotRadDailyAvg",
            "PotRadDailyDiff",
            "WD_COS",
            "WD_SIN",
            "GPP_PROX"
        ],
        "reco_inputs": [
            "DOY_sin",
            "DOY_cos",
            "TA",
            "TS_1",
            "TS_2",
            "TS_3",
            "WTD",
            "WS",
            "WD_COS",
            "WD_SIN",
            "NIGHTLY_NEE_AVG"
        ],
        "metrics": {
            "dt_gpp_vs_model": {
                "r2": 0.97,
                "rmse": 0.99
            },
            "nt_gpp_vs_model": {
                "r2": 0.94,
                "rmse": 1.33
            },
            "dt_reco_vs_model": {
                "r2": 0.55,
                "rmse": 1.02
            },
            "nt_reco_vs_model": {
                "r2": 0.67,
                "rmse": 0.77
            },
            "night_hours_true_nee_vs_night_hours_model_reco": {
                "r2": 0.68,
                "rmse": 0.79
            },
            "night_hours_true_nee_vs_night_hours_model_nee": {
                "r2": 0.68,
                "rmse": 0.79
            },
            "dt_gpp_vs_nt_gpp": {
                "r2": 0.94,
                "rmse": 1.33
            },
            "dt_reco_vs_nt_reco": {
                "r2": 0.71,
                "rmse": 1
            },
            "val_r2": 0.9531
        }
    },
    "experiment_36": {
        "run_type": "Tramontana",
        "gpp_inputs": [
            "SW_IN",
            "VPD",
            "TA",
            "WTD",
            "WS",
            "PotRad",
            "PotRadHalfHourlyDiff",
            "PotRadDailyAvg",
            "PotRadDailyDiff",
            "WD_COS",
            "WD_SIN",
            "GPP_PROX"
        ],
        "reco_inputs": [
            "DOY_sin",
            "DOY_cos",
            "TA",
            "TS_1",
            "TS_2",
            "TS_3",
            "TS_4",
            "WS",
            "WD_COS",
            "WD_SIN",
            "NIGHTLY_NEE_AVG"
        ],
        "metrics": {
            "dt_gpp_vs_model": {
                "r2": 0.96,
                "rmse": 1.06
            },
            "nt_gpp_vs_model": {
                "r2": 0.94,
                "rmse": 1.37
            },
            "dt_reco_vs_model": {
                "r2": 0.52,
                "rmse": 1.05
            },
            "nt_reco_vs_model": {
                "r2": 0.65,
                "rmse": 0.79
            },
            "night_hours_true_nee_vs_night_hours_model_reco": {
                "r2": 0.65,
                "rmse": 0.82
            },
            "night_hours_true_nee_vs_night_hours_model_nee": {
                "r2": 0.65,
                "rmse": 0.82
            },
            "dt_gpp_vs_nt_gpp": {
                "r2": 0.94,
                "rmse": 1.33
            },
            "dt_reco_vs_nt_reco": {
                "r2": 0.71,
                "rmse": 1
            },
            "val_r2": 0.9501
        }
    },
    "experiment_37": {
        "run_type": "Tramontana",
        "gpp_inputs": [
            "SW_IN",
            "VPD",
            "TA",
            "WTD",
            "WS",
            "PotRad",
            "PotRadHalfHourlyDiff",
            "PotRadDailyAvg",
            "PotRadDailyDiff",
            "WD_COS",
            "WD_SIN",
            "GPP_PROX"
        ],
        "reco_inputs": [
            "DOY_sin",
            "DOY_cos",
            "TA",
            "TS_1",
            "TS_2",
            "TS_3",
            "TS_4",
            "WTD",
            "WD_COS",
            "WD_SIN",
            "NIGHTLY_NEE_AVG"
        ],
        "metrics": {
            "dt_gpp_vs_model": {
                "r2": 0.96,
                "rmse": 1.05
            },
            "nt_gpp_vs_model": {
                "r2": 0.94,
                "rmse": 1.36
            },
            "dt_reco_vs_model": {
                "r2": 0.53,
                "rmse": 1.04
            },
            "nt_reco_vs_model": {
                "r2": 0.66,
                "rmse": 0.78
            },
            "night_hours_true_nee_vs_night_hours_model_reco": {
                "r2": 0.66,
                "rmse": 0.81
            },
            "night_hours_true_nee_vs_night_hours_model_nee": {
                "r2": 0.66,
                "rmse": 0.81
            },
            "dt_gpp_vs_nt_gpp": {
                "r2": 0.94,
                "rmse": 1.33
            },
            "dt_reco_vs_nt_reco": {
                "r2": 0.71,
                "rmse": 1
            },
            "val_r2": 0.9503
        }
    },
    "experiment_38": {
        "run_type": "Tramontana",
        "gpp_inputs": [
            "SW_IN",
            "VPD",
            "TA",
            "WTD",
            "WS",
            "PotRad",
            "PotRadHalfHourlyDiff",
            "PotRadDailyAvg",
            "PotRadDailyDiff",
            "WD_COS",
            "WD_SIN",
            "GPP_PROX"
        ],
        "reco_inputs": [
            "DOY_sin",
            "DOY_cos",
            "TA",
            "TS_1",
            "TS_2",
            "TS_3",
            "TS_4",
            "WTD",
            "WS",
            "WD_SIN",
            "NIGHTLY_NEE_AVG"
        ],
        "metrics": {
            "dt_gpp_vs_model": {
                "r2": 0.96,
                "rmse": 1.08
            },
            "nt_gpp_vs_model": {
                "r2": 0.94,
                "rmse": 1.38
            },
            "dt_reco_vs_model": {
                "r2": 0.49,
                "rmse": 1.07
            },
            "nt_reco_vs_model": {
                "r2": 0.64,
                "rmse": 0.81
            },
            "night_hours_true_nee_vs_night_hours_model_reco": {
                "r2": 0.65,
                "rmse": 0.82
            },
            "night_hours_true_nee_vs_night_hours_model_nee": {
                "r2": 0.66,
                "rmse": 0.82
            },
            "dt_gpp_vs_nt_gpp": {
                "r2": 0.94,
                "rmse": 1.33
            },
            "dt_reco_vs_nt_reco": {
                "r2": 0.71,
                "rmse": 1
            },
            "val_r2": 0.9499
        }
    },
    "experiment_39": {
        "run_type": "Tramontana",
        "gpp_inputs": [
            "SW_IN",
            "VPD",
            "TA",
            "WTD",
            "WS",
            "PotRad",
            "PotRadHalfHourlyDiff",
            "PotRadDailyAvg",
            "PotRadDailyDiff",
            "WD_COS",
            "WD_SIN",
            "GPP_PROX"
        ],
        "reco_inputs": [
            "DOY_sin",
            "DOY_cos",
            "TA",
            "TS_1",
            "TS_2",
            "TS_3",
            "TS_4",
            "WTD",
            "WS",
            "WD_COS",
            "NIGHTLY_NEE_AVG"
        ],
        "metrics": {
            "dt_gpp_vs_model": {
                "r2": 0.96,
                "rmse": 1.07
            },
            "nt_gpp_vs_model": {
                "r2": 0.94,
                "rmse": 1.38
            },
            "dt_reco_vs_model": {
                "r2": 0.49,
                "rmse": 1.08
            },
            "nt_reco_vs_model": {
                "r2": 0.64,
                "rmse": 0.81
            },
            "night_hours_true_nee_vs_night_hours_model_reco": {
                "r2": 0.64,
                "rmse": 0.83
            },
            "night_hours_true_nee_vs_night_hours_model_nee": {
                "r2": 0.64,
                "rmse": 0.83
            },
            "dt_gpp_vs_nt_gpp": {
                "r2": 0.94,
                "rmse": 1.33
            },
            "dt_reco_vs_nt_reco": {
                "r2": 0.71,
                "rmse": 1
            },
            "val_r2": 0.9485
        }
    },
    "experiment_40": {
        "run_type": "Tramontana",
        "gpp_inputs": [
            "SW_IN",
            "VPD",
            "TA",
            "WTD",
            "WS",
            "PotRad",
            "PotRadHalfHourlyDiff",
            "PotRadDailyAvg",
            "PotRadDailyDiff",
            "WD_COS",
            "WD_SIN",
            "GPP_PROX"
        ],
        "reco_inputs": [
            "DOY_sin",
            "DOY_cos",
            "TA",
            "TS_1",
            "TS_2",
            "TS_3",
            "TS_4",
            "WTD",
            "WS",
            "WD_COS",
            "WD_SIN"
        ],
        "metrics": {
            "dt_gpp_vs_model": {
                "r2": 0.96,
                "rmse": 1.05
            },
            "nt_gpp_vs_model": {
                "r2": 0.94,
                "rmse": 1.36
            },
            "dt_reco_vs_model": {
                "r2": 0.51,
                "rmse": 1.05
            },
            "nt_reco_vs_model": {
                "r2": 0.63,
                "rmse": 0.82
            },
            "night_hours_true_nee_vs_night_hours_model_reco": {
                "r2": 0.6,
                "rmse": 0.87
            },
            "night_hours_true_nee_vs_night_hours_model_nee": {
                "r2": 0.6,
                "rmse": 0.87
            },
            "dt_gpp_vs_nt_gpp": {
                "r2": 0.94,
                "rmse": 1.33
            },
            "dt_reco_vs_nt_reco": {
                "r2": 0.71,
                "rmse": 1
            },
            "val_r2": 0.9471
        }
    }
}
0.84,0.75,0.72,-1.29,-1.52,0.06,0.06
0.8427,0.79,0.76,-0.89,-0.99,0.09,0.09
0.8768,0.84,0.81,-0.5,-0.56,0.3,0.3
0.8784,0.79,0.77,-1.09,-1.32,0.31,0.31
0.8931,0.79,0.76,-1.29,-1.63,0.44,0.44
0.9212,0.93,0.89,0.2,0.22,0.51,0.51
0.9225,0.93,0.9,0.24,0.27,0.51,0.51
0.9211,0.93,0.9,0.24,0.25,0.52,0.52
0.8745,0.89,0.86,0.13,0.35,0.43,0.42
0.902,0.8,0.77,-1.04,-1.47,0.47,0.47
0.9531,0.97,0.94,0.58,0.69,0.67,0.67
0.9525,0.97,0.94,0.55,0.67,0.67,0.67
0.9539,0.97,0.94,0.54,0.67,0.67,0.68
0.9539,0.97,0.95,0.57,0.7,0.68,0.68
0.9547,0.97,0.95,0.58,0.69,0.67,0.67
0.9541,0.97,0.94,0.53,0.66,0.67,0.67

0.9259,0.92,0.88,0.02,0.09,0.64,0.63
0.9518,0.96,0.94,0.52,0.65,0.67,0.67
0.9532,0.97,0.94,0.55,0.66,0.67,0.68
0.9529,0.97,0.94,0.55,0.67,0.68,0.68
0.9534,0.97,0.94,0.54,0.67,0.68,0.68
0.9513,0.97,0.94,0.58,0.7,0.68,0.68
0.9528,0.97,0.94,0.56,0.69,0.67,0.67
0.9537,0.97,0.95,0.56,0.69,0.67,0.67
0.9523,0.97,0.94,0.54,0.63,0.67,0.67
0.9535,0.97,0.95,0.57,0.69,0.67,0.67
0.9529,0.97,0.94,0.55,0.67,0.67,0.67
0.9332,0.94,0.91,0.37,0.4,0.63,0.63

0.953,0.97,0.94,0.58,0.69,0.67,0.67
0.9499,0.96,0.94,0.53,0.66,0.66,0.66
0.9499,0.96,0.94,0.54,0.67,0.65,0.65
0.9489,0.96,0.94,0.51,0.66,0.66,0.66
0.9498,0.96,0.94,0.52,0.67,0.66,0.66
0.9529,0.97,0.94,0.54,0.67,0.67,0.67
0.9531,0.97,0.94,0.55,0.67,0.68,0.68
0.9501,0.96,0.94,0.52,0.65,0.65,0.65
0.9503,0.96,0.94,0.53,0.66,0.66,0.66
0.9499,0.96,0.94,0.49,0.64,0.65,0.66
0.9485,0.96,0.94,0.49,0.64,0.64,0.64
0.9471,0.96,0.94,0.51,0.63,0.6,0.6
Compare DT and NT methods' Reco predictions during night to true nee measured during night
night_hours_true_nee_vs_night_hours_dt_reco R2 0.23,
night_hours_true_nee_vs_night_hours_nt_reco R2 0.45,
Run ended at:   2025-09-17 15:28:59
Total duration: 0:57:58 (hh:mm:ss)
