created virtual environment CPython3.10.13.final.0-64 in 1614ms
  creator CPython3Posix(dest=/localscratch/onurk.4672515.0/env, clear=False, no_vcs_ignore=False, global=False)
  seeder FromAppData(download=False, pip=bundle, setuptools=bundle, wheel=bundle, via=copy, app_data_dir=/home/onurk/.local/share/virtualenv)
    added seed packages: pip==25.2, setuptools==80.9.0, wheel==0.45.1+computecanada
  activators BashActivator,CShellActivator,FishActivator,NushellActivator,PowerShellActivator,PythonActivator
Looking in links: /cvmfs/soft.computecanada.ca/custom/python/wheelhouse/gentoo2023/x86-64-v4, /cvmfs/soft.computecanada.ca/custom/python/wheelhouse/gentoo2023/x86-64-v3, /cvmfs/soft.computecanada.ca/custom/python/wheelhouse/gentoo2023/generic, /cvmfs/soft.computecanada.ca/custom/python/wheelhouse/generic
Processing /cvmfs/soft.computecanada.ca/custom/python/wheelhouse/gentoo2023/x86-64-v3/torch-2.6.0+computecanada-cp310-cp310-linux_x86_64.whl
Processing /cvmfs/soft.computecanada.ca/custom/python/wheelhouse/generic/filelock-3.19.1+computecanada-py3-none-any.whl (from torch)
Requirement already satisfied: typing-extensions>=4.10.0 in /cvmfs/soft.computecanada.ca/easybuild/software/2023/x86-64-v4/Compiler/gcccore/ipykernel/2025a/lib/python3.10/site-packages (from torch) (4.12.2+computecanada)
Processing /cvmfs/soft.computecanada.ca/custom/python/wheelhouse/generic/networkx-3.5+computecanada-py3-none-any.whl (from torch)
Processing /cvmfs/soft.computecanada.ca/custom/python/wheelhouse/generic/jinja2-3.1.6+computecanada-py3-none-any.whl (from torch)
Processing /cvmfs/soft.computecanada.ca/custom/python/wheelhouse/generic/fsspec-2025.9.0+computecanada-py3-none-any.whl (from torch)
Processing /cvmfs/soft.computecanada.ca/custom/python/wheelhouse/generic/sympy-1.13.1+computecanada-py3-none-any.whl (from torch)
Requirement already satisfied: mpmath<1.4,>=1.1.0 in /cvmfs/soft.computecanada.ca/easybuild/software/2023/x86-64-v4/Compiler/gcccore/scipy-stack/2025a/lib/python3.10/site-packages (from sympy==1.13.1->torch) (1.3.0+computecanada)
Processing /cvmfs/soft.computecanada.ca/custom/python/wheelhouse/generic/MarkupSafe-2.1.5+computecanada-cp310-cp310-linux_x86_64.whl (from jinja2->torch)
INFO: pip is looking at multiple versions of networkx to determine which version is compatible with other requirements. This could take a while.
Processing /cvmfs/soft.computecanada.ca/custom/python/wheelhouse/generic/networkx-3.4.2+computecanada-py3-none-any.whl (from torch)
Installing collected packages: sympy, networkx, MarkupSafe, fsspec, filelock, jinja2, torch
  Attempting uninstall: sympy
    Found existing installation: sympy 1.13.3+computecanada
    Not uninstalling sympy at /cvmfs/soft.computecanada.ca/easybuild/software/2023/x86-64-v4/Compiler/gcccore/scipy-stack/2025a/lib/python3.10/site-packages, outside environment /localscratch/onurk.4672515.0/env
    Can't uninstall 'sympy'. No files were found to uninstall.

Successfully installed MarkupSafe-2.1.5+computecanada filelock-3.19.1+computecanada fsspec-2025.9.0+computecanada jinja2-3.1.6+computecanada networkx-3.4.2+computecanada sympy-1.13.1+computecanada torch-2.6.0+computecanada
pre_processing: False      drop_na: False       normalize_raw_features: False       train_models: True       save_models: True       hidden_size: 12       tramontana_run: False       
Site name: CARBM      Full file name: CARBM_nee_partition_202206140000_202509122359.csv      
Run started at: 2025-09-17 14:30:56
gpp_input_names,  ['SW_IN', 'TA'] 
reco_input_names,  ['DOY_sin', 'DOY_cos', 'TA'] 
true_nee_name,  ['NEE'] 

Custom Running on GPU With hidden layer size of 12 Total epochs: 100000 lr: 0.001 patience: 500 min_delta 0.01
SNN_GPP(
  (net): Sequential(
    (0): Linear(in_features=2, out_features=12, bias=True)
    (1): ReLU()
    (2): Linear(in_features=12, out_features=1, bias=True)
    (3): ReLU()
  )
)
SNN_RECO(
  (net): Sequential(
    (0): Linear(in_features=3, out_features=12, bias=True)
    (1): ReLU()
    (2): Linear(in_features=12, out_features=1, bias=True)
    (3): ReLU()
  )
)
Custom will use the Tram vars
Params are min slope: 2e-06, trend window: 100
Epoch     0 | Train Loss: 0.061459 | Val Loss: 0.059871 | Train R²: -1.1794 | Val R²: -1.0938 | NightHrsTrueNEE vs NightHrsModelReco R²: -6.8600 | NightHrsTrueNee vs NightHrsModelNee R²: -27.8900
Epoch   500 | Train Loss: 0.007122 | Val Loss: 0.007157 | Train R²: 0.7474 | Val R²: 0.7497 | NightHrsTrueNEE vs NightHrsModelReco R²: -0.4500 | NightHrsTrueNee vs NightHrsModelNee R²: -0.5800
Epoch  1000 | Train Loss: 0.005699 | Val Loss: 0.005774 | Train R²: 0.7979 | Val R²: 0.7981 | NightHrsTrueNEE vs NightHrsModelReco R²: -0.1300 | NightHrsTrueNee vs NightHrsModelNee R²: -0.1900
Epoch  1500 | Train Loss: 0.005150 | Val Loss: 0.005214 | Train R²: 0.8174 | Val R²: 0.8177 | NightHrsTrueNEE vs NightHrsModelReco R²: -0.0400 | NightHrsTrueNee vs NightHrsModelNee R²: -0.0700
Epoch  2000 | Train Loss: 0.004873 | Val Loss: 0.004928 | Train R²: 0.8272 | Val R²: 0.8276 | NightHrsTrueNEE vs NightHrsModelReco R²: -0.0200 | NightHrsTrueNee vs NightHrsModelNee R²: -0.0300
Epoch  2500 | Train Loss: 0.004714 | Val Loss: 0.004769 | Train R²: 0.8328 | Val R²: 0.8332 | NightHrsTrueNEE vs NightHrsModelReco R²: 0.0100 | NightHrsTrueNee vs NightHrsModelNee R²: 0.0100
Epoch  3000 | Train Loss: 0.004610 | Val Loss: 0.004683 | Train R²: 0.8365 | Val R²: 0.8362 | NightHrsTrueNEE vs NightHrsModelReco R²: 0.0300 | NightHrsTrueNee vs NightHrsModelNee R²: 0.0300
Epoch  3500 | Train Loss: 0.004461 | Val Loss: 0.004524 | Train R²: 0.8418 | Val R²: 0.8418 | NightHrsTrueNEE vs NightHrsModelReco R²: -0.4600 | NightHrsTrueNee vs NightHrsModelNee R²: 0.0700
Epoch  4000 | Train Loss: 0.004290 | Val Loss: 0.004334 | Train R²: 0.8479 | Val R²: 0.8484 | NightHrsTrueNEE vs NightHrsModelReco R²: -1.4600 | NightHrsTrueNee vs NightHrsModelNee R²: 0.1100
Epoch  4500 | Train Loss: 0.004116 | Val Loss: 0.004159 | Train R²: 0.8540 | Val R²: 0.8545 | NightHrsTrueNEE vs NightHrsModelReco R²: -2.3900 | NightHrsTrueNee vs NightHrsModelNee R²: 0.1400
Epoch  5000 | Train Loss: 0.004069 | Val Loss: 0.004104 | Train R²: 0.8557 | Val R²: 0.8565 | NightHrsTrueNEE vs NightHrsModelReco R²: -2.9400 | NightHrsTrueNee vs NightHrsModelNee R²: 0.1600
Early stopping at epoch 5047 due to flat/negative trend (slope=0.000002)
Epoch  5047 | Train Loss: 0.004067 | Val Loss: 0.004102 | Train R²: 0.8558 | Val R²: 0.8565
Unpickling models
Following models have been loaded and moved to cuda:
trained gpp model:
 SNN_GPP(
  (net): Sequential(
    (0): Linear(in_features=2, out_features=12, bias=True)
    (1): ReLU()
    (2): Linear(in_features=12, out_features=1, bias=True)
    (3): ReLU()
  )
), trained_reco_model:
 SNN_RECO(
  (net): Sequential(
    (0): Linear(in_features=3, out_features=12, bias=True)
    (1): ReLU()
    (2): Linear(in_features=12, out_features=1, bias=True)
    (3): ReLU()
  )
)
using full data set for visualization
Un-normalizing the GPP and RECO predictions using NEE min: tensor([-28.6423]), NEE max: tensor([15.6103])



Metrics for the Custom, with
GPP inputs: ['SW_IN', 'TA']
RECO inputs: ['DOY_sin', 'DOY_cos', 'TA']:
dt_gpp vs Custom_GPP R²=0.58 RMSE=3.50
nt_gpp vs Custom_GPP R²=0.55 RMSE=3.72
dt_reco vs Custom_RECO R²=-3.47 RMSE=3.19
nt_reco vs Custom_RECO R²=-4.72 RMSE=3.22
night_hours_true_nee vs Custom_night_hours_model_reco R²=-2.90 RMSE=1.28
night_hours_true_nee vs Custom_night_hours_model_nee R²=-2.90 RMSE=1.28
dt_gpp vs nt_gpp R²=0.94 RMSE=1.33
dt_reco vs nt_reco R²=0.71 RMSE=1.00

gpp_input_names,  ['SW_IN', 'TA', 'VPD'] 
reco_input_names,  ['DOY_sin', 'DOY_cos', 'TA'] 
true_nee_name,  ['NEE'] 

Custom Running on GPU With hidden layer size of 12 Total epochs: 100000 lr: 0.001 patience: 500 min_delta 0.01
SNN_GPP(
  (net): Sequential(
    (0): Linear(in_features=3, out_features=12, bias=True)
    (1): ReLU()
    (2): Linear(in_features=12, out_features=1, bias=True)
    (3): ReLU()
  )
)
SNN_RECO(
  (net): Sequential(
    (0): Linear(in_features=3, out_features=12, bias=True)
    (1): ReLU()
    (2): Linear(in_features=12, out_features=1, bias=True)
    (3): ReLU()
  )
)
Custom will use the Tram vars
Params are min slope: 2e-06, trend window: 100
Epoch     0 | Train Loss: 0.085492 | Val Loss: 0.083091 | Train R²: -2.0317 | Val R²: -1.9059 | NightHrsTrueNEE vs NightHrsModelReco R²: -6.9900 | NightHrsTrueNee vs NightHrsModelNee R²: -45.5700
Epoch   500 | Train Loss: 0.006042 | Val Loss: 0.006052 | Train R²: 0.7857 | Val R²: 0.7884 | NightHrsTrueNEE vs NightHrsModelReco R²: -0.3700 | NightHrsTrueNee vs NightHrsModelNee R²: -0.5000
Epoch  1000 | Train Loss: 0.004758 | Val Loss: 0.004755 | Train R²: 0.8313 | Val R²: 0.8337 | NightHrsTrueNEE vs NightHrsModelReco R²: 0.1000 | NightHrsTrueNee vs NightHrsModelNee R²: 0.0800
Epoch  1500 | Train Loss: 0.004481 | Val Loss: 0.004477 | Train R²: 0.8411 | Val R²: 0.8434 | NightHrsTrueNEE vs NightHrsModelReco R²: 0.1100 | NightHrsTrueNee vs NightHrsModelNee R²: 0.1100
Epoch  2000 | Train Loss: 0.004312 | Val Loss: 0.004313 | Train R²: 0.8471 | Val R²: 0.8492 | NightHrsTrueNEE vs NightHrsModelReco R²: 0.1200 | NightHrsTrueNee vs NightHrsModelNee R²: 0.1400
Epoch  2500 | Train Loss: 0.004193 | Val Loss: 0.004187 | Train R²: 0.8513 | Val R²: 0.8536 | NightHrsTrueNEE vs NightHrsModelReco R²: 0.1100 | NightHrsTrueNee vs NightHrsModelNee R²: 0.1400
Epoch  3000 | Train Loss: 0.004119 | Val Loss: 0.004106 | Train R²: 0.8539 | Val R²: 0.8564 | NightHrsTrueNEE vs NightHrsModelReco R²: 0.0900 | NightHrsTrueNee vs NightHrsModelNee R²: 0.1400
Epoch  3500 | Train Loss: 0.004023 | Val Loss: 0.004012 | Train R²: 0.8573 | Val R²: 0.8597 | NightHrsTrueNEE vs NightHrsModelReco R²: -0.0800 | NightHrsTrueNee vs NightHrsModelNee R²: 0.1600
Epoch  4000 | Train Loss: 0.003959 | Val Loss: 0.003956 | Train R²: 0.8596 | Val R²: 0.8616 | NightHrsTrueNEE vs NightHrsModelReco R²: -0.1700 | NightHrsTrueNee vs NightHrsModelNee R²: 0.1700
Epoch  4500 | Train Loss: 0.003908 | Val Loss: 0.003905 | Train R²: 0.8614 | Val R²: 0.8634 | NightHrsTrueNEE vs NightHrsModelReco R²: -0.4900 | NightHrsTrueNee vs NightHrsModelNee R²: 0.1900
Early stopping at epoch 4775 due to flat/negative trend (slope=0.000002)
Epoch  4775 | Train Loss: 0.003890 | Val Loss: 0.003886 | Train R²: 0.8620 | Val R²: 0.8641
Unpickling models
Following models have been loaded and moved to cuda:
trained gpp model:
 SNN_GPP(
  (net): Sequential(
    (0): Linear(in_features=3, out_features=12, bias=True)
    (1): ReLU()
    (2): Linear(in_features=12, out_features=1, bias=True)
    (3): ReLU()
  )
), trained_reco_model:
 SNN_RECO(
  (net): Sequential(
    (0): Linear(in_features=3, out_features=12, bias=True)
    (1): ReLU()
    (2): Linear(in_features=12, out_features=1, bias=True)
    (3): ReLU()
  )
)
using full data set for visualization
Un-normalizing the GPP and RECO predictions using NEE min: tensor([-28.6423]), NEE max: tensor([15.6103])



Metrics for the Custom, with
GPP inputs: ['SW_IN', 'TA', 'VPD']
RECO inputs: ['DOY_sin', 'DOY_cos', 'TA']:
dt_gpp vs Custom_GPP R²=0.77 RMSE=2.62
nt_gpp vs Custom_GPP R²=0.73 RMSE=2.86
dt_reco vs Custom_RECO R²=-1.24 RMSE=2.26
nt_reco vs Custom_RECO R²=-1.67 RMSE=2.20
night_hours_true_nee vs Custom_night_hours_model_reco R²=-0.58 RMSE=1.26
night_hours_true_nee vs Custom_night_hours_model_nee R²=-0.58 RMSE=1.26
dt_gpp vs nt_gpp R²=0.94 RMSE=1.33
dt_reco vs nt_reco R²=0.71 RMSE=1.00

gpp_input_names,  ['SW_IN', 'TA', 'VPD', 'WS'] 
reco_input_names,  ['DOY_sin', 'DOY_cos', 'TA', 'WS'] 
true_nee_name,  ['NEE'] 

Custom Running on GPU With hidden layer size of 12 Total epochs: 100000 lr: 0.001 patience: 500 min_delta 0.01
SNN_GPP(
  (net): Sequential(
    (0): Linear(in_features=4, out_features=12, bias=True)
    (1): ReLU()
    (2): Linear(in_features=12, out_features=1, bias=True)
    (3): ReLU()
  )
)
SNN_RECO(
  (net): Sequential(
    (0): Linear(in_features=4, out_features=12, bias=True)
    (1): ReLU()
    (2): Linear(in_features=12, out_features=1, bias=True)
    (3): ReLU()
  )
)
Custom will use the Tram vars
Params are min slope: 2e-06, trend window: 100
Epoch     0 | Train Loss: 0.023867 | Val Loss: 0.023722 | Train R²: 0.1536 | Val R²: 0.1704 | NightHrsTrueNEE vs NightHrsModelReco R²: -3.1500 | NightHrsTrueNee vs NightHrsModelNee R²: -5.3600
Epoch   500 | Train Loss: 0.004638 | Val Loss: 0.004695 | Train R²: 0.8355 | Val R²: 0.8358 | NightHrsTrueNEE vs NightHrsModelReco R²: 0.1000 | NightHrsTrueNee vs NightHrsModelNee R²: 0.0700
Epoch  1000 | Train Loss: 0.004110 | Val Loss: 0.004158 | Train R²: 0.8542 | Val R²: 0.8546 | NightHrsTrueNEE vs NightHrsModelReco R²: 0.1400 | NightHrsTrueNee vs NightHrsModelNee R²: 0.1300
Epoch  1500 | Train Loss: 0.003883 | Val Loss: 0.003900 | Train R²: 0.8623 | Val R²: 0.8636 | NightHrsTrueNEE vs NightHrsModelReco R²: -0.0100 | NightHrsTrueNee vs NightHrsModelNee R²: 0.1800
Epoch  2000 | Train Loss: 0.003807 | Val Loss: 0.003818 | Train R²: 0.8650 | Val R²: 0.8665 | NightHrsTrueNEE vs NightHrsModelReco R²: -0.1100 | NightHrsTrueNee vs NightHrsModelNee R²: 0.1900
Epoch  2500 | Train Loss: 0.003749 | Val Loss: 0.003755 | Train R²: 0.8671 | Val R²: 0.8687 | NightHrsTrueNEE vs NightHrsModelReco R²: -0.1800 | NightHrsTrueNee vs NightHrsModelNee R²: 0.2000
Early stopping at epoch 2761 due to flat/negative trend (slope=0.000002)
Epoch  2761 | Train Loss: 0.003723 | Val Loss: 0.003730 | Train R²: 0.8680 | Val R²: 0.8696
Unpickling models
Following models have been loaded and moved to cuda:
trained gpp model:
 SNN_GPP(
  (net): Sequential(
    (0): Linear(in_features=4, out_features=12, bias=True)
    (1): ReLU()
    (2): Linear(in_features=12, out_features=1, bias=True)
    (3): ReLU()
  )
), trained_reco_model:
 SNN_RECO(
  (net): Sequential(
    (0): Linear(in_features=4, out_features=12, bias=True)
    (1): ReLU()
    (2): Linear(in_features=12, out_features=1, bias=True)
    (3): ReLU()
  )
)
using full data set for visualization
Un-normalizing the GPP and RECO predictions using NEE min: tensor([-28.6423]), NEE max: tensor([15.6103])



Metrics for the Custom, with
GPP inputs: ['SW_IN', 'TA', 'VPD', 'WS']
RECO inputs: ['DOY_sin', 'DOY_cos', 'TA', 'WS']:
dt_gpp vs Custom_GPP R²=0.81 RMSE=2.35
nt_gpp vs Custom_GPP R²=0.78 RMSE=2.58
dt_reco vs Custom_RECO R²=-0.75 RMSE=2.00
nt_reco vs Custom_RECO R²=-0.94 RMSE=1.87
night_hours_true_nee vs Custom_night_hours_model_reco R²=-0.19 RMSE=1.23
night_hours_true_nee vs Custom_night_hours_model_nee R²=-0.19 RMSE=1.23
dt_gpp vs nt_gpp R²=0.94 RMSE=1.33
dt_reco vs nt_reco R²=0.71 RMSE=1.00

gpp_input_names,  ['SW_IN', 'TA', 'VPD', 'WS', 'WD_COS', 'WD_SIN'] 
reco_input_names,  ['DOY_sin', 'DOY_cos', 'TA', 'WS', 'WD_COS', 'WD_SIN'] 
true_nee_name,  ['NEE'] 

Custom Running on GPU With hidden layer size of 12 Total epochs: 100000 lr: 0.001 patience: 500 min_delta 0.01
SNN_GPP(
  (net): Sequential(
    (0): Linear(in_features=6, out_features=12, bias=True)
    (1): ReLU()
    (2): Linear(in_features=12, out_features=1, bias=True)
    (3): ReLU()
  )
)
SNN_RECO(
  (net): Sequential(
    (0): Linear(in_features=6, out_features=12, bias=True)
    (1): ReLU()
    (2): Linear(in_features=12, out_features=1, bias=True)
    (3): ReLU()
  )
)
Custom will use the Tram vars
Params are min slope: 2e-06, trend window: 100
Epoch     0 | Train Loss: 0.090508 | Val Loss: 0.086572 | Train R²: -2.2096 | Val R²: -2.0276 | NightHrsTrueNEE vs NightHrsModelReco R²: -30.1500 | NightHrsTrueNee vs NightHrsModelNee R²: -48.5600
Epoch   500 | Train Loss: 0.008821 | Val Loss: 0.008918 | Train R²: 0.6872 | Val R²: 0.6881 | NightHrsTrueNEE vs NightHrsModelReco R²: -20.4300 | NightHrsTrueNee vs NightHrsModelNee R²: -1.0600
Epoch  1000 | Train Loss: 0.005404 | Val Loss: 0.005488 | Train R²: 0.8084 | Val R²: 0.8081 | NightHrsTrueNEE vs NightHrsModelReco R²: -18.7100 | NightHrsTrueNee vs NightHrsModelNee R²: -0.2700
Epoch  1500 | Train Loss: 0.004449 | Val Loss: 0.004456 | Train R²: 0.8422 | Val R²: 0.8442 | NightHrsTrueNEE vs NightHrsModelReco R²: -9.5100 | NightHrsTrueNee vs NightHrsModelNee R²: -0.0000
Epoch  2000 | Train Loss: 0.003974 | Val Loss: 0.003957 | Train R²: 0.8591 | Val R²: 0.8616 | NightHrsTrueNEE vs NightHrsModelReco R²: -5.4600 | NightHrsTrueNee vs NightHrsModelNee R²: 0.1100
Epoch  2500 | Train Loss: 0.003775 | Val Loss: 0.003769 | Train R²: 0.8661 | Val R²: 0.8682 | NightHrsTrueNEE vs NightHrsModelReco R²: -3.6600 | NightHrsTrueNee vs NightHrsModelNee R²: 0.1500
Epoch  3000 | Train Loss: 0.003630 | Val Loss: 0.003643 | Train R²: 0.8713 | Val R²: 0.8726 | NightHrsTrueNEE vs NightHrsModelReco R²: -2.9100 | NightHrsTrueNee vs NightHrsModelNee R²: 0.2300
Epoch  3500 | Train Loss: 0.003477 | Val Loss: 0.003527 | Train R²: 0.8767 | Val R²: 0.8767 | NightHrsTrueNEE vs NightHrsModelReco R²: -2.7500 | NightHrsTrueNee vs NightHrsModelNee R²: 0.2800
Early stopping at epoch 3910 due to flat/negative trend (slope=0.000002)
Epoch  3910 | Train Loss: 0.003430 | Val Loss: 0.003488 | Train R²: 0.8784 | Val R²: 0.8780
Unpickling models
Following models have been loaded and moved to cuda:
trained gpp model:
 SNN_GPP(
  (net): Sequential(
    (0): Linear(in_features=6, out_features=12, bias=True)
    (1): ReLU()
    (2): Linear(in_features=12, out_features=1, bias=True)
    (3): ReLU()
  )
), trained_reco_model:
 SNN_RECO(
  (net): Sequential(
    (0): Linear(in_features=6, out_features=12, bias=True)
    (1): ReLU()
    (2): Linear(in_features=12, out_features=1, bias=True)
    (3): ReLU()
  )
)
using full data set for visualization
Un-normalizing the GPP and RECO predictions using NEE min: tensor([-28.6423]), NEE max: tensor([15.6103])



Metrics for the Custom, with
GPP inputs: ['SW_IN', 'TA', 'VPD', 'WS', 'WD_COS', 'WD_SIN']
RECO inputs: ['DOY_sin', 'DOY_cos', 'TA', 'WS', 'WD_COS', 'WD_SIN']:
dt_gpp vs Custom_GPP R²=0.68 RMSE=3.08
nt_gpp vs Custom_GPP R²=0.64 RMSE=3.31
dt_reco vs Custom_RECO R²=-2.55 RMSE=2.85
nt_reco vs Custom_RECO R²=-3.46 RMSE=2.84
night_hours_true_nee vs Custom_night_hours_model_reco R²=-2.61 RMSE=1.17
night_hours_true_nee vs Custom_night_hours_model_nee R²=-2.61 RMSE=1.17
dt_gpp vs nt_gpp R²=0.94 RMSE=1.33
dt_reco vs nt_reco R²=0.71 RMSE=1.00

gpp_input_names,  ['SW_IN', 'TA', 'VPD', 'WS', 'WD_COS', 'WD_SIN', 'WTD'] 
reco_input_names,  ['DOY_sin', 'DOY_cos', 'TA', 'WS', 'WD_COS', 'WD_SIN', 'WTD'] 
true_nee_name,  ['NEE'] 

Custom Running on GPU With hidden layer size of 12 Total epochs: 100000 lr: 0.001 patience: 500 min_delta 0.01
SNN_GPP(
  (net): Sequential(
    (0): Linear(in_features=7, out_features=12, bias=True)
    (1): ReLU()
    (2): Linear(in_features=12, out_features=1, bias=True)
    (3): ReLU()
  )
)
SNN_RECO(
  (net): Sequential(
    (0): Linear(in_features=7, out_features=12, bias=True)
    (1): ReLU()
    (2): Linear(in_features=12, out_features=1, bias=True)
    (3): ReLU()
  )
)
Custom will use the Tram vars
Params are min slope: 2e-06, trend window: 100
Epoch     0 | Train Loss: 0.055192 | Val Loss: 0.053329 | Train R²: -0.9572 | Val R²: -0.8650 | NightHrsTrueNEE vs NightHrsModelReco R²: -5.9300 | NightHrsTrueNee vs NightHrsModelNee R²: -11.9400
Epoch   500 | Train Loss: 0.027850 | Val Loss: 0.028144 | Train R²: 0.0124 | Val R²: 0.0157 | NightHrsTrueNEE vs NightHrsModelReco R²: -3.2400 | NightHrsTrueNee vs NightHrsModelNee R²: -3.2400
Epoch  1000 | Train Loss: 0.025143 | Val Loss: 0.025635 | Train R²: 0.1084 | Val R²: 0.1035 | NightHrsTrueNEE vs NightHrsModelReco R²: -1.1300 | NightHrsTrueNee vs NightHrsModelNee R²: -1.1300
Epoch  1500 | Train Loss: 0.024807 | Val Loss: 0.025260 | Train R²: 0.1203 | Val R²: 0.1166 | NightHrsTrueNEE vs NightHrsModelReco R²: -0.8400 | NightHrsTrueNee vs NightHrsModelNee R²: -0.8400
Epoch  2000 | Train Loss: 0.024653 | Val Loss: 0.025096 | Train R²: 0.1258 | Val R²: 0.1223 | NightHrsTrueNEE vs NightHrsModelReco R²: -0.7100 | NightHrsTrueNee vs NightHrsModelNee R²: -0.7100
Early stopping at epoch 2475 due to flat/negative trend (slope=0.000002)
Epoch  2475 | Train Loss: 0.024575 | Val Loss: 0.025006 | Train R²: 0.1285 | Val R²: 0.1255
Unpickling models
Following models have been loaded and moved to cuda:
trained gpp model:
 SNN_GPP(
  (net): Sequential(
    (0): Linear(in_features=7, out_features=12, bias=True)
    (1): ReLU()
    (2): Linear(in_features=12, out_features=1, bias=True)
    (3): ReLU()
  )
), trained_reco_model:
 SNN_RECO(
  (net): Sequential(
    (0): Linear(in_features=7, out_features=12, bias=True)
    (1): ReLU()
    (2): Linear(in_features=12, out_features=1, bias=True)
    (3): ReLU()
  )
)
using full data set for visualization
Un-normalizing the GPP and RECO predictions using NEE min: tensor([-28.6423]), NEE max: tensor([15.6103])



Metrics for the Custom, with
GPP inputs: ['SW_IN', 'TA', 'VPD', 'WS', 'WD_COS', 'WD_SIN', 'WTD']
RECO inputs: ['DOY_sin', 'DOY_cos', 'TA', 'WS', 'WD_COS', 'WD_SIN', 'WTD']:
dt_gpp vs Custom_GPP R²=-0.27 RMSE=6.10
nt_gpp vs Custom_GPP R²=-0.23 RMSE=6.15
dt_reco vs Custom_RECO R²=-2.07 RMSE=2.65
nt_reco vs Custom_RECO R²=-2.41 RMSE=2.48
night_hours_true_nee vs Custom_night_hours_model_reco R²=-0.66 RMSE=1.79
night_hours_true_nee vs Custom_night_hours_model_nee R²=-0.66 RMSE=1.79
dt_gpp vs nt_gpp R²=0.94 RMSE=1.33
dt_reco vs nt_reco R²=0.71 RMSE=1.00

gpp_input_names,  ['SW_IN', 'TA', 'VPD', 'WS', 'WD_COS', 'WD_SIN', 'WTD', 'Salinity'] 
reco_input_names,  ['DOY_sin', 'DOY_cos', 'TA', 'WS', 'WD_COS', 'WD_SIN', 'WTD', 'Salinity'] 
true_nee_name,  ['NEE'] 

Custom Running on GPU With hidden layer size of 12 Total epochs: 100000 lr: 0.001 patience: 500 min_delta 0.01
SNN_GPP(
  (net): Sequential(
    (0): Linear(in_features=8, out_features=12, bias=True)
    (1): ReLU()
    (2): Linear(in_features=12, out_features=1, bias=True)
    (3): ReLU()
  )
)
SNN_RECO(
  (net): Sequential(
    (0): Linear(in_features=8, out_features=12, bias=True)
    (1): ReLU()
    (2): Linear(in_features=12, out_features=1, bias=True)
    (3): ReLU()
  )
)
Custom will use the Tram vars
Params are min slope: 2e-06, trend window: 100
Epoch     0 | Train Loss: 0.033817 | Val Loss: 0.033626 | Train R²: -0.1992 | Val R²: -0.1760 | NightHrsTrueNEE vs NightHrsModelReco R²: -5.2100 | NightHrsTrueNee vs NightHrsModelNee R²: -5.2100
Epoch   500 | Train Loss: 0.025186 | Val Loss: 0.025660 | Train R²: 0.1068 | Val R²: 0.1026 | NightHrsTrueNEE vs NightHrsModelReco R²: -1.1100 | NightHrsTrueNee vs NightHrsModelNee R²: -1.1100
Epoch  1000 | Train Loss: 0.024698 | Val Loss: 0.025121 | Train R²: 0.1242 | Val R²: 0.1215 | NightHrsTrueNEE vs NightHrsModelReco R²: -0.6800 | NightHrsTrueNee vs NightHrsModelNee R²: -0.6800
Epoch  1500 | Train Loss: 0.024484 | Val Loss: 0.024895 | Train R²: 0.1317 | Val R²: 0.1294 | NightHrsTrueNEE vs NightHrsModelReco R²: -0.5100 | NightHrsTrueNee vs NightHrsModelNee R²: -0.5100
Epoch  2000 | Train Loss: 0.024419 | Val Loss: 0.024849 | Train R²: 0.1341 | Val R²: 0.1310 | NightHrsTrueNEE vs NightHrsModelReco R²: -0.4900 | NightHrsTrueNee vs NightHrsModelNee R²: -0.4900
Early stopping at epoch 2072 due to flat/negative trend (slope=0.000002)
Epoch  2072 | Train Loss: 0.024416 | Val Loss: 0.024845 | Train R²: 0.1342 | Val R²: 0.1311
Unpickling models
Following models have been loaded and moved to cuda:
trained gpp model:
 SNN_GPP(
  (net): Sequential(
    (0): Linear(in_features=8, out_features=12, bias=True)
    (1): ReLU()
    (2): Linear(in_features=12, out_features=1, bias=True)
    (3): ReLU()
  )
), trained_reco_model:
 SNN_RECO(
  (net): Sequential(
    (0): Linear(in_features=8, out_features=12, bias=True)
    (1): ReLU()
    (2): Linear(in_features=12, out_features=1, bias=True)
    (3): ReLU()
  )
)
using full data set for visualization
Un-normalizing the GPP and RECO predictions using NEE min: tensor([-28.6423]), NEE max: tensor([15.6103])



Metrics for the Custom, with
GPP inputs: ['SW_IN', 'TA', 'VPD', 'WS', 'WD_COS', 'WD_SIN', 'WTD', 'Salinity']
RECO inputs: ['DOY_sin', 'DOY_cos', 'TA', 'WS', 'WD_COS', 'WD_SIN', 'WTD', 'Salinity']:
dt_gpp vs Custom_GPP R²=-0.27 RMSE=6.10
nt_gpp vs Custom_GPP R²=-0.23 RMSE=6.15
dt_reco vs Custom_RECO R²=-1.98 RMSE=2.61
nt_reco vs Custom_RECO R²=-2.31 RMSE=2.45
night_hours_true_nee vs Custom_night_hours_model_reco R²=-0.54 RMSE=1.72
night_hours_true_nee vs Custom_night_hours_model_nee R²=-0.54 RMSE=1.72
dt_gpp vs nt_gpp R²=0.94 RMSE=1.33
dt_reco vs nt_reco R²=0.71 RMSE=1.00

gpp_input_names,  ['SW_IN', 'TA', 'VPD', 'WS', 'WD_COS', 'WD_SIN', 'WTD', 'Salinity', 'WTD_HalfHourlyDiff'] 
reco_input_names,  ['DOY_sin', 'DOY_cos', 'TA', 'WS', 'WD_COS', 'WD_SIN', 'WTD', 'Salinity', 'WTD_HalfHourlyDiff'] 
true_nee_name,  ['NEE'] 

Custom Running on GPU With hidden layer size of 12 Total epochs: 100000 lr: 0.001 patience: 500 min_delta 0.01
SNN_GPP(
  (net): Sequential(
    (0): Linear(in_features=9, out_features=12, bias=True)
    (1): ReLU()
    (2): Linear(in_features=12, out_features=1, bias=True)
    (3): ReLU()
  )
)
SNN_RECO(
  (net): Sequential(
    (0): Linear(in_features=9, out_features=12, bias=True)
    (1): ReLU()
    (2): Linear(in_features=12, out_features=1, bias=True)
    (3): ReLU()
  )
)
Custom will use the Tram vars
Params are min slope: 2e-06, trend window: 100
Epoch     0 | Train Loss: 0.090276 | Val Loss: 0.086172 | Train R²: -2.2013 | Val R²: -2.0136 | NightHrsTrueNEE vs NightHrsModelReco R²: -14.4800 | NightHrsTrueNee vs NightHrsModelNee R²: -36.6600
Epoch   500 | Train Loss: 0.025333 | Val Loss: 0.025754 | Train R²: 0.1017 | Val R²: 0.0993 | NightHrsTrueNEE vs NightHrsModelReco R²: -1.2100 | NightHrsTrueNee vs NightHrsModelNee R²: -1.2100
Epoch  1000 | Train Loss: 0.024801 | Val Loss: 0.025235 | Train R²: 0.1205 | Val R²: 0.1175 | NightHrsTrueNEE vs NightHrsModelReco R²: -0.8100 | NightHrsTrueNee vs NightHrsModelNee R²: -0.8100
Epoch  1500 | Train Loss: 0.024617 | Val Loss: 0.025066 | Train R²: 0.1270 | Val R²: 0.1234 | NightHrsTrueNEE vs NightHrsModelReco R²: -0.6500 | NightHrsTrueNee vs NightHrsModelNee R²: -0.6500
Epoch  2000 | Train Loss: 0.024551 | Val Loss: 0.024990 | Train R²: 0.1294 | Val R²: 0.1260 | NightHrsTrueNEE vs NightHrsModelReco R²: -0.5900 | NightHrsTrueNee vs NightHrsModelNee R²: -0.5900
Epoch  2500 | Train Loss: 0.024512 | Val Loss: 0.024948 | Train R²: 0.1308 | Val R²: 0.1275 | NightHrsTrueNEE vs NightHrsModelReco R²: -0.5600 | NightHrsTrueNee vs NightHrsModelNee R²: -0.5600
Early stopping at epoch 2640 due to flat/negative trend (slope=0.000002)
Epoch  2640 | Train Loss: 0.024505 | Val Loss: 0.024941 | Train R²: 0.1310 | Val R²: 0.1278
Unpickling models
Following models have been loaded and moved to cuda:
trained gpp model:
 SNN_GPP(
  (net): Sequential(
    (0): Linear(in_features=9, out_features=12, bias=True)
    (1): ReLU()
    (2): Linear(in_features=12, out_features=1, bias=True)
    (3): ReLU()
  )
), trained_reco_model:
 SNN_RECO(
  (net): Sequential(
    (0): Linear(in_features=9, out_features=12, bias=True)
    (1): ReLU()
    (2): Linear(in_features=12, out_features=1, bias=True)
    (3): ReLU()
  )
)
using full data set for visualization
Un-normalizing the GPP and RECO predictions using NEE min: tensor([-28.6423]), NEE max: tensor([15.6103])



Metrics for the Custom, with
GPP inputs: ['SW_IN', 'TA', 'VPD', 'WS', 'WD_COS', 'WD_SIN', 'WTD', 'Salinity', 'WTD_HalfHourlyDiff']
RECO inputs: ['DOY_sin', 'DOY_cos', 'TA', 'WS', 'WD_COS', 'WD_SIN', 'WTD', 'Salinity', 'WTD_HalfHourlyDiff']:
dt_gpp vs Custom_GPP R²=-0.27 RMSE=6.10
nt_gpp vs Custom_GPP R²=-0.23 RMSE=6.15
dt_reco vs Custom_RECO R²=-2.06 RMSE=2.64
nt_reco vs Custom_RECO R²=-2.37 RMSE=2.47
night_hours_true_nee vs Custom_night_hours_model_reco R²=-0.60 RMSE=1.75
night_hours_true_nee vs Custom_night_hours_model_nee R²=-0.60 RMSE=1.75
dt_gpp vs nt_gpp R²=0.94 RMSE=1.33
dt_reco vs nt_reco R²=0.71 RMSE=1.00

gpp_input_names,  ['SW_IN', 'TA', 'VPD', 'WS', 'WD_COS', 'WD_SIN', 'WTD', 'Salinity', 'WTD_HalfHourlyDiff', 'WTD_DailyAvg', 'WTD_DailyDiff'] 
reco_input_names,  ['DOY_sin', 'DOY_cos', 'TA', 'WS', 'WD_COS', 'WD_SIN', 'WTD', 'Salinity', 'WTD_HalfHourlyDiff', 'WTD_DailyAvg', 'WTD_DailyDiff'] 
true_nee_name,  ['NEE'] 

Custom Running on GPU With hidden layer size of 12 Total epochs: 100000 lr: 0.001 patience: 500 min_delta 0.01
SNN_GPP(
  (net): Sequential(
    (0): Linear(in_features=11, out_features=12, bias=True)
    (1): ReLU()
    (2): Linear(in_features=12, out_features=1, bias=True)
    (3): ReLU()
  )
)
SNN_RECO(
  (net): Sequential(
    (0): Linear(in_features=11, out_features=12, bias=True)
    (1): ReLU()
    (2): Linear(in_features=12, out_features=1, bias=True)
    (3): ReLU()
  )
)
Custom will use the Tram vars
Params are min slope: 2e-06, trend window: 100
Epoch     0 | Train Loss: 0.577988 | Val Loss: 0.568190 | Train R²: -19.4964 | Val R²: -18.8709 | NightHrsTrueNEE vs NightHrsModelReco R²: -22.2000 | NightHrsTrueNee vs NightHrsModelNee R²: -245.6800
Epoch   500 | Train Loss: 0.011090 | Val Loss: 0.011047 | Train R²: 0.6067 | Val R²: 0.6137 | NightHrsTrueNEE vs NightHrsModelReco R²: -11.5700 | NightHrsTrueNee vs NightHrsModelNee R²: -1.9800
Epoch  1000 | Train Loss: 0.008872 | Val Loss: 0.008796 | Train R²: 0.6854 | Val R²: 0.6924 | NightHrsTrueNEE vs NightHrsModelReco R²: -10.1700 | NightHrsTrueNee vs NightHrsModelNee R²: -1.3700
Epoch  1500 | Train Loss: 0.005136 | Val Loss: 0.005092 | Train R²: 0.8179 | Val R²: 0.8219 | NightHrsTrueNEE vs NightHrsModelReco R²: -8.0400 | NightHrsTrueNee vs NightHrsModelNee R²: -0.2500
Epoch  2000 | Train Loss: 0.003841 | Val Loss: 0.003872 | Train R²: 0.8638 | Val R²: 0.8646 | NightHrsTrueNEE vs NightHrsModelReco R²: -8.3800 | NightHrsTrueNee vs NightHrsModelNee R²: 0.0800
Epoch  2500 | Train Loss: 0.003340 | Val Loss: 0.003393 | Train R²: 0.8815 | Val R²: 0.8813 | NightHrsTrueNEE vs NightHrsModelReco R²: -11.0200 | NightHrsTrueNee vs NightHrsModelNee R²: 0.2500
Epoch  3000 | Train Loss: 0.003065 | Val Loss: 0.003101 | Train R²: 0.8913 | Val R²: 0.8916 | NightHrsTrueNEE vs NightHrsModelReco R²: -13.4700 | NightHrsTrueNee vs NightHrsModelNee R²: 0.3000
Epoch  3500 | Train Loss: 0.002945 | Val Loss: 0.002976 | Train R²: 0.8956 | Val R²: 0.8959 | NightHrsTrueNEE vs NightHrsModelReco R²: -14.6400 | NightHrsTrueNee vs NightHrsModelNee R²: 0.3200
Epoch  4000 | Train Loss: 0.002871 | Val Loss: 0.002904 | Train R²: 0.8982 | Val R²: 0.8984 | NightHrsTrueNEE vs NightHrsModelReco R²: -15.0800 | NightHrsTrueNee vs NightHrsModelNee R²: 0.3400
Epoch  4500 | Train Loss: 0.002803 | Val Loss: 0.002840 | Train R²: 0.9006 | Val R²: 0.9007 | NightHrsTrueNEE vs NightHrsModelReco R²: -15.2800 | NightHrsTrueNee vs NightHrsModelNee R²: 0.3500
Epoch  5000 | Train Loss: 0.002742 | Val Loss: 0.002776 | Train R²: 0.9028 | Val R²: 0.9029 | NightHrsTrueNEE vs NightHrsModelReco R²: -16.2400 | NightHrsTrueNee vs NightHrsModelNee R²: 0.3600
Epoch  5500 | Train Loss: 0.002688 | Val Loss: 0.002705 | Train R²: 0.9047 | Val R²: 0.9054 | NightHrsTrueNEE vs NightHrsModelReco R²: -17.3000 | NightHrsTrueNee vs NightHrsModelNee R²: 0.3800
Epoch  6000 | Train Loss: 0.002623 | Val Loss: 0.002617 | Train R²: 0.9070 | Val R²: 0.9085 | NightHrsTrueNEE vs NightHrsModelReco R²: -18.6900 | NightHrsTrueNee vs NightHrsModelNee R²: 0.4000
Epoch  6500 | Train Loss: 0.002574 | Val Loss: 0.002560 | Train R²: 0.9087 | Val R²: 0.9105 | NightHrsTrueNEE vs NightHrsModelReco R²: -19.7300 | NightHrsTrueNee vs NightHrsModelNee R²: 0.4200
Epoch  7000 | Train Loss: 0.002477 | Val Loss: 0.002462 | Train R²: 0.9122 | Val R²: 0.9139 | NightHrsTrueNEE vs NightHrsModelReco R²: -19.7500 | NightHrsTrueNee vs NightHrsModelNee R²: 0.4400
Epoch  7500 | Train Loss: 0.002370 | Val Loss: 0.002340 | Train R²: 0.9159 | Val R²: 0.9182 | NightHrsTrueNEE vs NightHrsModelReco R²: -21.1300 | NightHrsTrueNee vs NightHrsModelNee R²: 0.4700
Early stopping at epoch 7684 due to flat/negative trend (slope=0.000002)
Epoch  7684 | Train Loss: 0.002359 | Val Loss: 0.002329 | Train R²: 0.9163 | Val R²: 0.9185
Unpickling models
Following models have been loaded and moved to cuda:
trained gpp model:
 SNN_GPP(
  (net): Sequential(
    (0): Linear(in_features=11, out_features=12, bias=True)
    (1): ReLU()
    (2): Linear(in_features=12, out_features=1, bias=True)
    (3): ReLU()
  )
), trained_reco_model:
 SNN_RECO(
  (net): Sequential(
    (0): Linear(in_features=11, out_features=12, bias=True)
    (1): ReLU()
    (2): Linear(in_features=12, out_features=1, bias=True)
    (3): ReLU()
  )
)
using full data set for visualization
Un-normalizing the GPP and RECO predictions using NEE min: tensor([-28.6423]), NEE max: tensor([15.6103])



Metrics for the Custom, with
GPP inputs: ['SW_IN', 'TA', 'VPD', 'WS', 'WD_COS', 'WD_SIN', 'WTD', 'Salinity', 'WTD_HalfHourlyDiff', 'WTD_DailyAvg', 'WTD_DailyDiff']
RECO inputs: ['DOY_sin', 'DOY_cos', 'TA', 'WS', 'WD_COS', 'WD_SIN', 'WTD', 'Salinity', 'WTD_HalfHourlyDiff', 'WTD_DailyAvg', 'WTD_DailyDiff']:
dt_gpp vs Custom_GPP R²=-0.91 RMSE=7.50
nt_gpp vs Custom_GPP R²=-0.88 RMSE=7.58
dt_reco vs Custom_RECO R²=-23.02 RMSE=7.41
nt_reco vs Custom_RECO R²=-29.84 RMSE=7.47
night_hours_true_nee vs Custom_night_hours_model_reco R²=-20.74 RMSE=1.01
night_hours_true_nee vs Custom_night_hours_model_nee R²=-20.74 RMSE=1.01
dt_gpp vs nt_gpp R²=0.94 RMSE=1.33
dt_reco vs nt_reco R²=0.71 RMSE=1.00

gpp_input_names,  ['PotRadDailyAvg', 'PotRadDailyDiff', 'GPP_PROX'] 
reco_input_names,  ['DOY_sin', 'DOY_cos', 'NIGHTLY_NEE_AVG'] 
true_nee_name,  ['NEE'] 

Custom Running on GPU With hidden layer size of 12 Total epochs: 100000 lr: 0.001 patience: 500 min_delta 0.01
SNN_GPP(
  (net): Sequential(
    (0): Linear(in_features=3, out_features=12, bias=True)
    (1): ReLU()
    (2): Linear(in_features=12, out_features=1, bias=True)
    (3): ReLU()
  )
)
SNN_RECO(
  (net): Sequential(
    (0): Linear(in_features=3, out_features=12, bias=True)
    (1): ReLU()
    (2): Linear(in_features=12, out_features=1, bias=True)
    (3): ReLU()
  )
)
Custom will use the Tram vars
Params are min slope: 2e-06, trend window: 100
Epoch     0 | Train Loss: 0.121586 | Val Loss: 0.117846 | Train R²: -3.3116 | Val R²: -3.1213 | NightHrsTrueNEE vs NightHrsModelReco R²: -6.4500 | NightHrsTrueNee vs NightHrsModelNee R²: -57.5200
Epoch   500 | Train Loss: 0.023914 | Val Loss: 0.024303 | Train R²: 0.1520 | Val R²: 0.1501 | NightHrsTrueNEE vs NightHrsModelReco R²: -27.8100 | NightHrsTrueNee vs NightHrsModelNee R²: -5.4800
Epoch  1000 | Train Loss: 0.022535 | Val Loss: 0.022788 | Train R²: 0.2009 | Val R²: 0.2031 | NightHrsTrueNEE vs NightHrsModelReco R²: -29.0900 | NightHrsTrueNee vs NightHrsModelNee R²: -5.9100
Epoch  1500 | Train Loss: 0.022417 | Val Loss: 0.022679 | Train R²: 0.2051 | Val R²: 0.2069 | NightHrsTrueNEE vs NightHrsModelReco R²: -25.8900 | NightHrsTrueNee vs NightHrsModelNee R²: -5.8800
Early stopping at epoch 1926 due to flat/negative trend (slope=0.000002)
Epoch  1926 | Train Loss: 0.022379 | Val Loss: 0.022625 | Train R²: 0.2064 | Val R²: 0.2087
Unpickling models
Following models have been loaded and moved to cuda:
trained gpp model:
 SNN_GPP(
  (net): Sequential(
    (0): Linear(in_features=3, out_features=12, bias=True)
    (1): ReLU()
    (2): Linear(in_features=12, out_features=1, bias=True)
    (3): ReLU()
  )
), trained_reco_model:
 SNN_RECO(
  (net): Sequential(
    (0): Linear(in_features=3, out_features=12, bias=True)
    (1): ReLU()
    (2): Linear(in_features=12, out_features=1, bias=True)
    (3): ReLU()
  )
)
using full data set for visualization
Un-normalizing the GPP and RECO predictions using NEE min: tensor([-28.6423]), NEE max: tensor([15.6103])



Metrics for the Custom, with
GPP inputs: ['PotRadDailyAvg', 'PotRadDailyDiff', 'GPP_PROX']
RECO inputs: ['DOY_sin', 'DOY_cos', 'NIGHTLY_NEE_AVG']:
dt_gpp vs Custom_GPP R²=-1.20 RMSE=8.04
nt_gpp vs Custom_GPP R²=-1.21 RMSE=8.23
dt_reco vs Custom_RECO R²=-19.72 RMSE=6.88
nt_reco vs Custom_RECO R²=-25.67 RMSE=6.95
night_hours_true_nee vs Custom_night_hours_model_reco R²=-22.24 RMSE=3.63
night_hours_true_nee vs Custom_night_hours_model_nee R²=-22.24 RMSE=3.63
dt_gpp vs nt_gpp R²=0.94 RMSE=1.33
dt_reco vs nt_reco R²=0.71 RMSE=1.00

gpp_input_names,  ['SW_IN', 'VPD', 'TA', 'WTD', 'WS', 'PotRad', 'PotRadHalfHourlyDiff', 'WD_COS', 'WD_SIN'] 
reco_input_names,  ['TA', 'TS_1', 'TS_2', 'TS_3', 'TS_4', 'WTD', 'WS', 'WD_COS', 'WD_SIN'] 
true_nee_name,  ['NEE'] 

Custom Running on GPU With hidden layer size of 12 Total epochs: 100000 lr: 0.001 patience: 500 min_delta 0.01
SNN_GPP(
  (net): Sequential(
    (0): Linear(in_features=9, out_features=12, bias=True)
    (1): ReLU()
    (2): Linear(in_features=12, out_features=1, bias=True)
    (3): ReLU()
  )
)
SNN_RECO(
  (net): Sequential(
    (0): Linear(in_features=9, out_features=12, bias=True)
    (1): ReLU()
    (2): Linear(in_features=12, out_features=1, bias=True)
    (3): ReLU()
  )
)
Custom will use the Tram vars
Params are min slope: 2e-06, trend window: 100
Epoch     0 | Train Loss: 0.112072 | Val Loss: 0.108932 | Train R²: -2.9743 | Val R²: -2.8096 | NightHrsTrueNEE vs NightHrsModelReco R²: -3.5900 | NightHrsTrueNee vs NightHrsModelNee R²: -43.0500
Epoch   500 | Train Loss: 0.006263 | Val Loss: 0.006399 | Train R²: 0.7779 | Val R²: 0.7762 | NightHrsTrueNEE vs NightHrsModelReco R²: -0.1300 | NightHrsTrueNee vs NightHrsModelNee R²: -0.1500
Epoch  1000 | Train Loss: 0.004881 | Val Loss: 0.004988 | Train R²: 0.8269 | Val R²: 0.8256 | NightHrsTrueNEE vs NightHrsModelReco R²: 0.0900 | NightHrsTrueNee vs NightHrsModelNee R²: 0.0700
Epoch  1500 | Train Loss: 0.004243 | Val Loss: 0.004314 | Train R²: 0.8495 | Val R²: 0.8491 | NightHrsTrueNEE vs NightHrsModelReco R²: 0.2000 | NightHrsTrueNee vs NightHrsModelNee R²: 0.1900
Epoch  2000 | Train Loss: 0.003914 | Val Loss: 0.004012 | Train R²: 0.8612 | Val R²: 0.8597 | NightHrsTrueNEE vs NightHrsModelReco R²: 0.2800 | NightHrsTrueNee vs NightHrsModelNee R²: 0.2800
Epoch  2500 | Train Loss: 0.003655 | Val Loss: 0.003769 | Train R²: 0.8704 | Val R²: 0.8682 | NightHrsTrueNEE vs NightHrsModelReco R²: 0.3400 | NightHrsTrueNee vs NightHrsModelNee R²: 0.3500
Epoch  3000 | Train Loss: 0.003523 | Val Loss: 0.003651 | Train R²: 0.8751 | Val R²: 0.8723 | NightHrsTrueNEE vs NightHrsModelReco R²: 0.3500 | NightHrsTrueNee vs NightHrsModelNee R²: 0.3600
Epoch  3500 | Train Loss: 0.003444 | Val Loss: 0.003582 | Train R²: 0.8779 | Val R²: 0.8747 | NightHrsTrueNEE vs NightHrsModelReco R²: 0.3500 | NightHrsTrueNee vs NightHrsModelNee R²: 0.3700
Epoch  4000 | Train Loss: 0.003397 | Val Loss: 0.003539 | Train R²: 0.8795 | Val R²: 0.8762 | NightHrsTrueNEE vs NightHrsModelReco R²: 0.3600 | NightHrsTrueNee vs NightHrsModelNee R²: 0.3800
Epoch  4500 | Train Loss: 0.003347 | Val Loss: 0.003481 | Train R²: 0.8813 | Val R²: 0.8783 | NightHrsTrueNEE vs NightHrsModelReco R²: 0.3700 | NightHrsTrueNee vs NightHrsModelNee R²: 0.3900
Epoch  5000 | Train Loss: 0.003279 | Val Loss: 0.003390 | Train R²: 0.8837 | Val R²: 0.8815 | NightHrsTrueNEE vs NightHrsModelReco R²: 0.3800 | NightHrsTrueNee vs NightHrsModelNee R²: 0.4100
Epoch  5500 | Train Loss: 0.003212 | Val Loss: 0.003308 | Train R²: 0.8861 | Val R²: 0.8843 | NightHrsTrueNEE vs NightHrsModelReco R²: 0.3900 | NightHrsTrueNee vs NightHrsModelNee R²: 0.4200
Early stopping at epoch 5927 due to flat/negative trend (slope=0.000002)
Epoch  5927 | Train Loss: 0.003175 | Val Loss: 0.003267 | Train R²: 0.8874 | Val R²: 0.8857
Unpickling models
Following models have been loaded and moved to cuda:
trained gpp model:
 SNN_GPP(
  (net): Sequential(
    (0): Linear(in_features=9, out_features=12, bias=True)
    (1): ReLU()
    (2): Linear(in_features=12, out_features=1, bias=True)
    (3): ReLU()
  )
), trained_reco_model:
 SNN_RECO(
  (net): Sequential(
    (0): Linear(in_features=9, out_features=12, bias=True)
    (1): ReLU()
    (2): Linear(in_features=12, out_features=1, bias=True)
    (3): ReLU()
  )
)
using full data set for visualization
Un-normalizing the GPP and RECO predictions using NEE min: tensor([-28.6423]), NEE max: tensor([15.6103])



Metrics for the Custom, with
GPP inputs: ['SW_IN', 'VPD', 'TA', 'WTD', 'WS', 'PotRad', 'PotRadHalfHourlyDiff', 'WD_COS', 'WD_SIN']
RECO inputs: ['TA', 'TS_1', 'TS_2', 'TS_3', 'TS_4', 'WTD', 'WS', 'WD_COS', 'WD_SIN']:
dt_gpp vs Custom_GPP R²=0.82 RMSE=2.31
nt_gpp vs Custom_GPP R²=0.80 RMSE=2.47
dt_reco vs Custom_RECO R²=-0.57 RMSE=1.89
nt_reco vs Custom_RECO R²=-0.84 RMSE=1.82
night_hours_true_nee vs Custom_night_hours_model_reco R²=0.39 RMSE=1.04
night_hours_true_nee vs Custom_night_hours_model_nee R²=0.39 RMSE=1.04
dt_gpp vs nt_gpp R²=0.94 RMSE=1.33
dt_reco vs nt_reco R²=0.71 RMSE=1.00

gpp_input_names,  ['SW_IN', 'VPD', 'TA', 'WS', 'PotRad', 'PotRadHalfHourlyDiff', 'PotRadDailyAvg', 'PotRadDailyDiff', 'WD_COS', 'WD_SIN', 'GPP_PROX'] 
reco_input_names,  ['DOY_sin', 'DOY_cos', 'TA', 'TS_1', 'TS_2', 'TS_3', 'TS_4', 'WS', 'WD_COS', 'WD_SIN', 'NIGHTLY_NEE_AVG'] 
true_nee_name,  ['NEE'] 

Custom Running on GPU With hidden layer size of 12 Total epochs: 100000 lr: 0.001 patience: 500 min_delta 0.01
SNN_GPP(
  (net): Sequential(
    (0): Linear(in_features=11, out_features=12, bias=True)
    (1): ReLU()
    (2): Linear(in_features=12, out_features=1, bias=True)
    (3): ReLU()
  )
)
SNN_RECO(
  (net): Sequential(
    (0): Linear(in_features=11, out_features=12, bias=True)
    (1): ReLU()
    (2): Linear(in_features=12, out_features=1, bias=True)
    (3): ReLU()
  )
)
Custom will use the Tram vars
Params are min slope: 2e-06, trend window: 100
Epoch     0 | Train Loss: 0.574048 | Val Loss: 0.537410 | Train R²: -19.3567 | Val R²: -17.7944 | NightHrsTrueNEE vs NightHrsModelReco R²: -41.1100 | NightHrsTrueNee vs NightHrsModelNee R²: -269.3600
Epoch   500 | Train Loss: 0.007372 | Val Loss: 0.007326 | Train R²: 0.7386 | Val R²: 0.7438 | NightHrsTrueNEE vs NightHrsModelReco R²: -121.8400 | NightHrsTrueNee vs NightHrsModelNee R²: -0.8900
Epoch  1000 | Train Loss: 0.004663 | Val Loss: 0.004629 | Train R²: 0.8347 | Val R²: 0.8381 | NightHrsTrueNEE vs NightHrsModelReco R²: -112.0100 | NightHrsTrueNee vs NightHrsModelNee R²: -0.1600
Epoch  1500 | Train Loss: 0.003433 | Val Loss: 0.003439 | Train R²: 0.8782 | Val R²: 0.8797 | NightHrsTrueNEE vs NightHrsModelReco R²: -106.4600 | NightHrsTrueNee vs NightHrsModelNee R²: 0.1400
Epoch  2000 | Train Loss: 0.002550 | Val Loss: 0.002566 | Train R²: 0.9096 | Val R²: 0.9103 | NightHrsTrueNEE vs NightHrsModelReco R²: -101.2300 | NightHrsTrueNee vs NightHrsModelNee R²: 0.3700
Epoch  2500 | Train Loss: 0.002146 | Val Loss: 0.002153 | Train R²: 0.9239 | Val R²: 0.9247 | NightHrsTrueNEE vs NightHrsModelReco R²: -98.2300 | NightHrsTrueNee vs NightHrsModelNee R²: 0.4800
Epoch  3000 | Train Loss: 0.001920 | Val Loss: 0.001925 | Train R²: 0.9319 | Val R²: 0.9327 | NightHrsTrueNEE vs NightHrsModelReco R²: -86.5100 | NightHrsTrueNee vs NightHrsModelNee R²: 0.5300
Epoch  3500 | Train Loss: 0.001789 | Val Loss: 0.001794 | Train R²: 0.9366 | Val R²: 0.9373 | NightHrsTrueNEE vs NightHrsModelReco R²: -80.1000 | NightHrsTrueNee vs NightHrsModelNee R²: 0.5700
Epoch  4000 | Train Loss: 0.001687 | Val Loss: 0.001682 | Train R²: 0.9402 | Val R²: 0.9412 | NightHrsTrueNEE vs NightHrsModelReco R²: -73.8900 | NightHrsTrueNee vs NightHrsModelNee R²: 0.5900
Epoch  4500 | Train Loss: 0.001605 | Val Loss: 0.001593 | Train R²: 0.9431 | Val R²: 0.9443 | NightHrsTrueNEE vs NightHrsModelReco R²: -69.3700 | NightHrsTrueNee vs NightHrsModelNee R²: 0.6100
Epoch  5000 | Train Loss: 0.001525 | Val Loss: 0.001504 | Train R²: 0.9459 | Val R²: 0.9474 | NightHrsTrueNEE vs NightHrsModelReco R²: -65.3000 | NightHrsTrueNee vs NightHrsModelNee R²: 0.6300
Epoch  5500 | Train Loss: 0.001469 | Val Loss: 0.001447 | Train R²: 0.9479 | Val R²: 0.9494 | NightHrsTrueNEE vs NightHrsModelReco R²: -61.0200 | NightHrsTrueNee vs NightHrsModelNee R²: 0.6500
Epoch  6000 | Train Loss: 0.001435 | Val Loss: 0.001411 | Train R²: 0.9491 | Val R²: 0.9506 | NightHrsTrueNEE vs NightHrsModelReco R²: -56.2500 | NightHrsTrueNee vs NightHrsModelNee R²: 0.6600
Early stopping at epoch 6334 due to flat/negative trend (slope=0.000002)
Epoch  6334 | Train Loss: 0.001412 | Val Loss: 0.001388 | Train R²: 0.9499 | Val R²: 0.9514
Unpickling models
Following models have been loaded and moved to cuda:
trained gpp model:
 SNN_GPP(
  (net): Sequential(
    (0): Linear(in_features=11, out_features=12, bias=True)
    (1): ReLU()
    (2): Linear(in_features=12, out_features=1, bias=True)
    (3): ReLU()
  )
), trained_reco_model:
 SNN_RECO(
  (net): Sequential(
    (0): Linear(in_features=11, out_features=12, bias=True)
    (1): ReLU()
    (2): Linear(in_features=12, out_features=1, bias=True)
    (3): ReLU()
  )
)
using full data set for visualization
Un-normalizing the GPP and RECO predictions using NEE min: tensor([-28.6423]), NEE max: tensor([15.6103])



Metrics for the Custom, with
GPP inputs: ['SW_IN', 'VPD', 'TA', 'WS', 'PotRad', 'PotRadHalfHourlyDiff', 'PotRadDailyAvg', 'PotRadDailyDiff', 'WD_COS', 'WD_SIN', 'GPP_PROX']
RECO inputs: ['DOY_sin', 'DOY_cos', 'TA', 'TS_1', 'TS_2', 'TS_3', 'TS_4', 'WS', 'WD_COS', 'WD_SIN', 'NIGHTLY_NEE_AVG']:
dt_gpp vs Custom_GPP R²=-3.22 RMSE=11.13
nt_gpp vs Custom_GPP R²=-3.17 RMSE=11.31
dt_reco vs Custom_RECO R²=-53.13 RMSE=11.12
nt_reco vs Custom_RECO R²=-69.19 RMSE=11.27
night_hours_true_nee vs Custom_night_hours_model_reco R²=-53.76 RMSE=0.81
night_hours_true_nee vs Custom_night_hours_model_nee R²=-53.76 RMSE=0.81
dt_gpp vs nt_gpp R²=0.94 RMSE=1.33
dt_reco vs nt_reco R²=0.71 RMSE=1.00

gpp_input_names,  ['SW_IN', 'VPD', 'TA', 'WTD', 'WS', 'PotRad', 'PotRadHalfHourlyDiff', 'PotRadDailyAvg', 'PotRadDailyDiff', 'WD_COS', 'WD_SIN', 'GPP_PROX'] 
reco_input_names,  ['DOY_sin', 'DOY_cos', 'TA', 'TS_1', 'TS_2', 'TS_3', 'TS_4', 'WTD', 'WS', 'WD_COS', 'WD_SIN', 'NIGHTLY_NEE_AVG'] 
true_nee_name,  ['NEE'] 

Custom Running on GPU With hidden layer size of 12 Total epochs: 100000 lr: 0.001 patience: 500 min_delta 0.01
SNN_GPP(
  (net): Sequential(
    (0): Linear(in_features=12, out_features=12, bias=True)
    (1): ReLU()
    (2): Linear(in_features=12, out_features=1, bias=True)
    (3): ReLU()
  )
)
SNN_RECO(
  (net): Sequential(
    (0): Linear(in_features=12, out_features=12, bias=True)
    (1): ReLU()
    (2): Linear(in_features=12, out_features=1, bias=True)
    (3): ReLU()
  )
)
Custom will use the Tram vars
Params are min slope: 2e-06, trend window: 100
Epoch     0 | Train Loss: 1.045691 | Val Loss: 1.037037 | Train R²: -36.0819 | Val R²: -35.2676 | NightHrsTrueNEE vs NightHrsModelReco R²: -358.4000 | NightHrsTrueNee vs NightHrsModelNee R²: -325.9800
Epoch   500 | Train Loss: 0.004555 | Val Loss: 0.004352 | Train R²: 0.8385 | Val R²: 0.8478 | NightHrsTrueNEE vs NightHrsModelReco R²: -35.1600 | NightHrsTrueNee vs NightHrsModelNee R²: -0.4300
Epoch  1000 | Train Loss: 0.002935 | Val Loss: 0.002885 | Train R²: 0.8959 | Val R²: 0.8991 | NightHrsTrueNEE vs NightHrsModelReco R²: -28.8200 | NightHrsTrueNee vs NightHrsModelNee R²: 0.1800
Epoch  1500 | Train Loss: 0.002540 | Val Loss: 0.002508 | Train R²: 0.9099 | Val R²: 0.9123 | NightHrsTrueNEE vs NightHrsModelReco R²: -25.3000 | NightHrsTrueNee vs NightHrsModelNee R²: 0.2700
Epoch  2000 | Train Loss: 0.002294 | Val Loss: 0.002265 | Train R²: 0.9186 | Val R²: 0.9208 | NightHrsTrueNEE vs NightHrsModelReco R²: -21.9000 | NightHrsTrueNee vs NightHrsModelNee R²: 0.3400
Epoch  2500 | Train Loss: 0.002076 | Val Loss: 0.002051 | Train R²: 0.9264 | Val R²: 0.9283 | NightHrsTrueNEE vs NightHrsModelReco R²: -18.9300 | NightHrsTrueNee vs NightHrsModelNee R²: 0.4300
Epoch  3000 | Train Loss: 0.001887 | Val Loss: 0.001849 | Train R²: 0.9331 | Val R²: 0.9354 | NightHrsTrueNEE vs NightHrsModelReco R²: -17.7000 | NightHrsTrueNee vs NightHrsModelNee R²: 0.4900
Epoch  3500 | Train Loss: 0.001742 | Val Loss: 0.001703 | Train R²: 0.9382 | Val R²: 0.9404 | NightHrsTrueNEE vs NightHrsModelReco R²: -16.1600 | NightHrsTrueNee vs NightHrsModelNee R²: 0.5500
Epoch  4000 | Train Loss: 0.001646 | Val Loss: 0.001609 | Train R²: 0.9416 | Val R²: 0.9437 | NightHrsTrueNEE vs NightHrsModelReco R²: -13.7800 | NightHrsTrueNee vs NightHrsModelNee R²: 0.5800
Epoch  4500 | Train Loss: 0.001584 | Val Loss: 0.001542 | Train R²: 0.9438 | Val R²: 0.9461 | NightHrsTrueNEE vs NightHrsModelReco R²: -11.4700 | NightHrsTrueNee vs NightHrsModelNee R²: 0.6000
Epoch  5000 | Train Loss: 0.001533 | Val Loss: 0.001495 | Train R²: 0.9456 | Val R²: 0.9477 | NightHrsTrueNEE vs NightHrsModelReco R²: -10.1600 | NightHrsTrueNee vs NightHrsModelNee R²: 0.6200
Early stopping at epoch 5459 due to flat/negative trend (slope=0.000002)
Epoch  5459 | Train Loss: 0.001498 | Val Loss: 0.001466 | Train R²: 0.9469 | Val R²: 0.9487
Unpickling models
Following models have been loaded and moved to cuda:
trained gpp model:
 SNN_GPP(
  (net): Sequential(
    (0): Linear(in_features=12, out_features=12, bias=True)
    (1): ReLU()
    (2): Linear(in_features=12, out_features=1, bias=True)
    (3): ReLU()
  )
), trained_reco_model:
 SNN_RECO(
  (net): Sequential(
    (0): Linear(in_features=12, out_features=12, bias=True)
    (1): ReLU()
    (2): Linear(in_features=12, out_features=1, bias=True)
    (3): ReLU()
  )
)
using full data set for visualization
Un-normalizing the GPP and RECO predictions using NEE min: tensor([-28.6423]), NEE max: tensor([15.6103])



Metrics for the Custom, with
GPP inputs: ['SW_IN', 'VPD', 'TA', 'WTD', 'WS', 'PotRad', 'PotRadHalfHourlyDiff', 'PotRadDailyAvg', 'PotRadDailyDiff', 'WD_COS', 'WD_SIN', 'GPP_PROX']
RECO inputs: ['DOY_sin', 'DOY_cos', 'TA', 'TS_1', 'TS_2', 'TS_3', 'TS_4', 'WTD', 'WS', 'WD_COS', 'WD_SIN', 'NIGHTLY_NEE_AVG']:
dt_gpp vs Custom_GPP R²=0.37 RMSE=4.31
nt_gpp vs Custom_GPP R²=0.33 RMSE=4.53
dt_reco vs Custom_RECO R²=-7.30 RMSE=4.35
nt_reco vs Custom_RECO R²=-9.78 RMSE=4.41
night_hours_true_nee vs Custom_night_hours_model_reco R²=-9.62 RMSE=0.86
night_hours_true_nee vs Custom_night_hours_model_nee R²=-9.62 RMSE=0.86
dt_gpp vs nt_gpp R²=0.94 RMSE=1.33
dt_reco vs nt_reco R²=0.71 RMSE=1.00

gpp_input_names,  ['SW_IN', 'VPD', 'TA', 'WTD', 'WS', 'PotRad', 'PotRadHalfHourlyDiff', 'PotRadDailyAvg', 'PotRadDailyDiff', 'WD_COS', 'WD_SIN', 'GPP_PROX', 'Salinity'] 
reco_input_names,  ['DOY_sin', 'DOY_cos', 'TA', 'TS_1', 'TS_2', 'TS_3', 'TS_4', 'WTD', 'WS', 'WD_COS', 'WD_SIN', 'NIGHTLY_NEE_AVG', 'Salinity'] 
true_nee_name,  ['NEE'] 

Custom Running on GPU With hidden layer size of 12 Total epochs: 100000 lr: 0.001 patience: 500 min_delta 0.01
SNN_GPP(
  (net): Sequential(
    (0): Linear(in_features=13, out_features=12, bias=True)
    (1): ReLU()
    (2): Linear(in_features=12, out_features=1, bias=True)
    (3): ReLU()
  )
)
SNN_RECO(
  (net): Sequential(
    (0): Linear(in_features=13, out_features=12, bias=True)
    (1): ReLU()
    (2): Linear(in_features=12, out_features=1, bias=True)
    (3): ReLU()
  )
)
Custom will use the Tram vars
Params are min slope: 2e-06, trend window: 100
Epoch     0 | Train Loss: 0.030363 | Val Loss: 0.030696 | Train R²: -0.0767 | Val R²: -0.0735 | NightHrsTrueNEE vs NightHrsModelReco R²: -3.7000 | NightHrsTrueNee vs NightHrsModelNee R²: -5.0900
Epoch   500 | Train Loss: 0.023778 | Val Loss: 0.024234 | Train R²: 0.1568 | Val R²: 0.1525 | NightHrsTrueNEE vs NightHrsModelReco R²: -0.1900 | NightHrsTrueNee vs NightHrsModelNee R²: -0.1900
Epoch  1000 | Train Loss: 0.023455 | Val Loss: 0.023954 | Train R²: 0.1682 | Val R²: 0.1623 | NightHrsTrueNEE vs NightHrsModelReco R²: -0.0100 | NightHrsTrueNee vs NightHrsModelNee R²: -0.0100
Epoch  1500 | Train Loss: 0.023329 | Val Loss: 0.023831 | Train R²: 0.1727 | Val R²: 0.1666 | NightHrsTrueNEE vs NightHrsModelReco R²: 0.0600 | NightHrsTrueNee vs NightHrsModelNee R²: 0.0600
Epoch  2000 | Train Loss: 0.023271 | Val Loss: 0.023767 | Train R²: 0.1748 | Val R²: 0.1688 | NightHrsTrueNEE vs NightHrsModelReco R²: 0.0900 | NightHrsTrueNee vs NightHrsModelNee R²: 0.0900
Epoch  2500 | Train Loss: 0.023225 | Val Loss: 0.023730 | Train R²: 0.1764 | Val R²: 0.1701 | NightHrsTrueNEE vs NightHrsModelReco R²: 0.1500 | NightHrsTrueNee vs NightHrsModelNee R²: 0.1500
Epoch  3000 | Train Loss: 0.023178 | Val Loss: 0.023678 | Train R²: 0.1781 | Val R²: 0.1719 | NightHrsTrueNEE vs NightHrsModelReco R²: 0.1700 | NightHrsTrueNee vs NightHrsModelNee R²: 0.1700
Early stopping at epoch 3253 due to flat/negative trend (slope=0.000002)
Epoch  3253 | Train Loss: 0.023160 | Val Loss: 0.023659 | Train R²: 0.1787 | Val R²: 0.1726
Unpickling models
Following models have been loaded and moved to cuda:
trained gpp model:
 SNN_GPP(
  (net): Sequential(
    (0): Linear(in_features=13, out_features=12, bias=True)
    (1): ReLU()
    (2): Linear(in_features=12, out_features=1, bias=True)
    (3): ReLU()
  )
), trained_reco_model:
 SNN_RECO(
  (net): Sequential(
    (0): Linear(in_features=13, out_features=12, bias=True)
    (1): ReLU()
    (2): Linear(in_features=12, out_features=1, bias=True)
    (3): ReLU()
  )
)
using full data set for visualization
Un-normalizing the GPP and RECO predictions using NEE min: tensor([-28.6423]), NEE max: tensor([15.6103])



Metrics for the Custom, with
GPP inputs: ['SW_IN', 'VPD', 'TA', 'WTD', 'WS', 'PotRad', 'PotRadHalfHourlyDiff', 'PotRadDailyAvg', 'PotRadDailyDiff', 'WD_COS', 'WD_SIN', 'GPP_PROX', 'Salinity']
RECO inputs: ['DOY_sin', 'DOY_cos', 'TA', 'TS_1', 'TS_2', 'TS_3', 'TS_4', 'WTD', 'WS', 'WD_COS', 'WD_SIN', 'NIGHTLY_NEE_AVG', 'Salinity']:
dt_gpp vs Custom_GPP R²=-0.27 RMSE=6.10
nt_gpp vs Custom_GPP R²=-0.23 RMSE=6.15
dt_reco vs Custom_RECO R²=-1.71 RMSE=2.49
nt_reco vs Custom_RECO R²=-1.95 RMSE=2.31
night_hours_true_nee vs Custom_night_hours_model_reco R²=0.18 RMSE=1.26
night_hours_true_nee vs Custom_night_hours_model_nee R²=0.18 RMSE=1.26
dt_gpp vs nt_gpp R²=0.94 RMSE=1.33
dt_reco vs nt_reco R²=0.71 RMSE=1.00

gpp_input_names,  ['SW_IN', 'VPD', 'TA', 'WTD', 'WS', 'PotRad', 'PotRadHalfHourlyDiff', 'PotRadDailyAvg', 'PotRadDailyDiff', 'WD_COS', 'WD_SIN', 'GPP_PROX', 'WTD_HalfHourlyDiff'] 
reco_input_names,  ['DOY_sin', 'DOY_cos', 'TA', 'TS_1', 'TS_2', 'TS_3', 'TS_4', 'WTD', 'WS', 'WD_COS', 'WD_SIN', 'NIGHTLY_NEE_AVG', 'WTD_HalfHourlyDiff'] 
true_nee_name,  ['NEE'] 

Custom Running on GPU With hidden layer size of 12 Total epochs: 100000 lr: 0.001 patience: 500 min_delta 0.01
SNN_GPP(
  (net): Sequential(
    (0): Linear(in_features=13, out_features=12, bias=True)
    (1): ReLU()
    (2): Linear(in_features=12, out_features=1, bias=True)
    (3): ReLU()
  )
)
SNN_RECO(
  (net): Sequential(
    (0): Linear(in_features=13, out_features=12, bias=True)
    (1): ReLU()
    (2): Linear(in_features=12, out_features=1, bias=True)
    (3): ReLU()
  )
)
Custom will use the Tram vars
Params are min slope: 2e-06, trend window: 100
Epoch     0 | Train Loss: 0.029473 | Val Loss: 0.029684 | Train R²: -0.0452 | Val R²: -0.0381 | NightHrsTrueNEE vs NightHrsModelReco R²: -3.7000 | NightHrsTrueNee vs NightHrsModelNee R²: -4.3900
Epoch   500 | Train Loss: 0.023808 | Val Loss: 0.024247 | Train R²: 0.1557 | Val R²: 0.1520 | NightHrsTrueNEE vs NightHrsModelReco R²: -0.1700 | NightHrsTrueNee vs NightHrsModelNee R²: -0.1700
Epoch  1000 | Train Loss: 0.023431 | Val Loss: 0.023909 | Train R²: 0.1691 | Val R²: 0.1638 | NightHrsTrueNEE vs NightHrsModelReco R²: 0.0600 | NightHrsTrueNee vs NightHrsModelNee R²: 0.0600
Epoch  1500 | Train Loss: 0.023261 | Val Loss: 0.023750 | Train R²: 0.1751 | Val R²: 0.1694 | NightHrsTrueNEE vs NightHrsModelReco R²: 0.1600 | NightHrsTrueNee vs NightHrsModelNee R²: 0.1500
Epoch  2000 | Train Loss: 0.023186 | Val Loss: 0.023686 | Train R²: 0.1778 | Val R²: 0.1716 | NightHrsTrueNEE vs NightHrsModelReco R²: 0.1900 | NightHrsTrueNee vs NightHrsModelNee R²: 0.1900
Epoch  2500 | Train Loss: 0.023138 | Val Loss: 0.023645 | Train R²: 0.1795 | Val R²: 0.1731 | NightHrsTrueNEE vs NightHrsModelReco R²: 0.2100 | NightHrsTrueNee vs NightHrsModelNee R²: 0.2100
Early stopping at epoch 2680 due to flat/negative trend (slope=0.000002)
Epoch  2680 | Train Loss: 0.023125 | Val Loss: 0.023635 | Train R²: 0.1799 | Val R²: 0.1734
Unpickling models
Following models have been loaded and moved to cuda:
trained gpp model:
 SNN_GPP(
  (net): Sequential(
    (0): Linear(in_features=13, out_features=12, bias=True)
    (1): ReLU()
    (2): Linear(in_features=12, out_features=1, bias=True)
    (3): ReLU()
  )
), trained_reco_model:
 SNN_RECO(
  (net): Sequential(
    (0): Linear(in_features=13, out_features=12, bias=True)
    (1): ReLU()
    (2): Linear(in_features=12, out_features=1, bias=True)
    (3): ReLU()
  )
)
using full data set for visualization
Un-normalizing the GPP and RECO predictions using NEE min: tensor([-28.6423]), NEE max: tensor([15.6103])



Metrics for the Custom, with
GPP inputs: ['SW_IN', 'VPD', 'TA', 'WTD', 'WS', 'PotRad', 'PotRadHalfHourlyDiff', 'PotRadDailyAvg', 'PotRadDailyDiff', 'WD_COS', 'WD_SIN', 'GPP_PROX', 'WTD_HalfHourlyDiff']
RECO inputs: ['DOY_sin', 'DOY_cos', 'TA', 'TS_1', 'TS_2', 'TS_3', 'TS_4', 'WTD', 'WS', 'WD_COS', 'WD_SIN', 'NIGHTLY_NEE_AVG', 'WTD_HalfHourlyDiff']:
dt_gpp vs Custom_GPP R²=-0.27 RMSE=6.10
nt_gpp vs Custom_GPP R²=-0.23 RMSE=6.15
dt_reco vs Custom_RECO R²=-1.70 RMSE=2.48
nt_reco vs Custom_RECO R²=-1.94 RMSE=2.30
night_hours_true_nee vs Custom_night_hours_model_reco R²=0.24 RMSE=1.21
night_hours_true_nee vs Custom_night_hours_model_nee R²=0.24 RMSE=1.21
dt_gpp vs nt_gpp R²=0.94 RMSE=1.33
dt_reco vs nt_reco R²=0.71 RMSE=1.00

gpp_input_names,  ['SW_IN', 'VPD', 'TA', 'WTD', 'WS', 'PotRad', 'PotRadHalfHourlyDiff', 'PotRadDailyAvg', 'PotRadDailyDiff', 'WD_COS', 'WD_SIN', 'GPP_PROX', 'Salinity', 'WTD_HalfHourlyDiff'] 
reco_input_names,  ['DOY_sin', 'DOY_cos', 'TA', 'TS_1', 'TS_2', 'TS_3', 'TS_4', 'WTD', 'WS', 'WD_COS', 'WD_SIN', 'NIGHTLY_NEE_AVG', 'Salinity', 'WTD_HalfHourlyDiff'] 
true_nee_name,  ['NEE'] 

Custom Running on GPU With hidden layer size of 12 Total epochs: 100000 lr: 0.001 patience: 500 min_delta 0.01
SNN_GPP(
  (net): Sequential(
    (0): Linear(in_features=14, out_features=12, bias=True)
    (1): ReLU()
    (2): Linear(in_features=12, out_features=1, bias=True)
    (3): ReLU()
  )
)
SNN_RECO(
  (net): Sequential(
    (0): Linear(in_features=14, out_features=12, bias=True)
    (1): ReLU()
    (2): Linear(in_features=12, out_features=1, bias=True)
    (3): ReLU()
  )
)
Custom will use the Tram vars
Params are min slope: 2e-06, trend window: 100
Epoch     0 | Train Loss: 0.065610 | Val Loss: 0.062618 | Train R²: -1.3266 | Val R²: -1.1899 | NightHrsTrueNEE vs NightHrsModelReco R²: -7.0700 | NightHrsTrueNee vs NightHrsModelNee R²: -21.7800
Epoch   500 | Train Loss: 0.024890 | Val Loss: 0.025338 | Train R²: 0.1174 | Val R²: 0.1139 | NightHrsTrueNEE vs NightHrsModelReco R²: -0.9000 | NightHrsTrueNee vs NightHrsModelNee R²: -0.9000
Epoch  1000 | Train Loss: 0.024260 | Val Loss: 0.024706 | Train R²: 0.1397 | Val R²: 0.1360 | NightHrsTrueNEE vs NightHrsModelReco R²: -0.4700 | NightHrsTrueNee vs NightHrsModelNee R²: -0.4700
Epoch  1500 | Train Loss: 0.023871 | Val Loss: 0.024339 | Train R²: 0.1535 | Val R²: 0.1488 | NightHrsTrueNEE vs NightHrsModelReco R²: -0.2400 | NightHrsTrueNee vs NightHrsModelNee R²: -0.2400
Epoch  2000 | Train Loss: 0.023678 | Val Loss: 0.024170 | Train R²: 0.1603 | Val R²: 0.1547 | NightHrsTrueNEE vs NightHrsModelReco R²: -0.1200 | NightHrsTrueNee vs NightHrsModelNee R²: -0.1200
Epoch  2500 | Train Loss: 0.023523 | Val Loss: 0.024039 | Train R²: 0.1658 | Val R²: 0.1593 | NightHrsTrueNEE vs NightHrsModelReco R²: -0.0200 | NightHrsTrueNee vs NightHrsModelNee R²: -0.0200
Epoch  3000 | Train Loss: 0.023395 | Val Loss: 0.023924 | Train R²: 0.1704 | Val R²: 0.1633 | NightHrsTrueNEE vs NightHrsModelReco R²: 0.0800 | NightHrsTrueNee vs NightHrsModelNee R²: 0.0800
Epoch  3500 | Train Loss: 0.023278 | Val Loss: 0.023803 | Train R²: 0.1745 | Val R²: 0.1676 | NightHrsTrueNEE vs NightHrsModelReco R²: 0.1300 | NightHrsTrueNee vs NightHrsModelNee R²: 0.1300
Epoch  4000 | Train Loss: 0.023217 | Val Loss: 0.023749 | Train R²: 0.1767 | Val R²: 0.1694 | NightHrsTrueNEE vs NightHrsModelReco R²: 0.1800 | NightHrsTrueNee vs NightHrsModelNee R²: 0.1800
Early stopping at epoch 4178 due to flat/negative trend (slope=0.000002)
Epoch  4178 | Train Loss: 0.023209 | Val Loss: 0.023745 | Train R²: 0.1770 | Val R²: 0.1696
Unpickling models
Following models have been loaded and moved to cuda:
trained gpp model:
 SNN_GPP(
  (net): Sequential(
    (0): Linear(in_features=14, out_features=12, bias=True)
    (1): ReLU()
    (2): Linear(in_features=12, out_features=1, bias=True)
    (3): ReLU()
  )
), trained_reco_model:
 SNN_RECO(
  (net): Sequential(
    (0): Linear(in_features=14, out_features=12, bias=True)
    (1): ReLU()
    (2): Linear(in_features=12, out_features=1, bias=True)
    (3): ReLU()
  )
)
using full data set for visualization
Un-normalizing the GPP and RECO predictions using NEE min: tensor([-28.6423]), NEE max: tensor([15.6103])



Metrics for the Custom, with
GPP inputs: ['SW_IN', 'VPD', 'TA', 'WTD', 'WS', 'PotRad', 'PotRadHalfHourlyDiff', 'PotRadDailyAvg', 'PotRadDailyDiff', 'WD_COS', 'WD_SIN', 'GPP_PROX', 'Salinity', 'WTD_HalfHourlyDiff']
RECO inputs: ['DOY_sin', 'DOY_cos', 'TA', 'TS_1', 'TS_2', 'TS_3', 'TS_4', 'WTD', 'WS', 'WD_COS', 'WD_SIN', 'NIGHTLY_NEE_AVG', 'Salinity', 'WTD_HalfHourlyDiff']:
dt_gpp vs Custom_GPP R²=-0.27 RMSE=6.10
nt_gpp vs Custom_GPP R²=-0.23 RMSE=6.15
dt_reco vs Custom_RECO R²=-1.71 RMSE=2.49
nt_reco vs Custom_RECO R²=-1.94 RMSE=2.31
night_hours_true_nee vs Custom_night_hours_model_reco R²=0.21 RMSE=1.23
night_hours_true_nee vs Custom_night_hours_model_nee R²=0.21 RMSE=1.23
dt_gpp vs nt_gpp R²=0.94 RMSE=1.33
dt_reco vs nt_reco R²=0.71 RMSE=1.00

gpp_input_names,  ['SW_IN', 'VPD', 'TA', 'WTD', 'WS', 'PotRad', 'PotRadHalfHourlyDiff', 'PotRadDailyAvg', 'PotRadDailyDiff', 'WD_COS', 'WD_SIN', 'GPP_PROX', 'Salinity', 'WTD_HalfHourlyDiff', 'WTD_DailyAvg', 'WTD_DailyDiff'] 
reco_input_names,  ['DOY_sin', 'DOY_cos', 'TA', 'TS_1', 'TS_2', 'TS_3', 'TS_4', 'WTD', 'WS', 'WD_COS', 'WD_SIN', 'NIGHTLY_NEE_AVG', 'Salinity', 'WTD_HalfHourlyDiff', 'WTD_DailyAvg', 'WTD_DailyDiff'] 
true_nee_name,  ['NEE'] 

Custom Running on GPU With hidden layer size of 12 Total epochs: 100000 lr: 0.001 patience: 500 min_delta 0.01
SNN_GPP(
  (net): Sequential(
    (0): Linear(in_features=16, out_features=12, bias=True)
    (1): ReLU()
    (2): Linear(in_features=12, out_features=1, bias=True)
    (3): ReLU()
  )
)
SNN_RECO(
  (net): Sequential(
    (0): Linear(in_features=16, out_features=12, bias=True)
    (1): ReLU()
    (2): Linear(in_features=12, out_features=1, bias=True)
    (3): ReLU()
  )
)
Custom will use the Tram vars
Params are min slope: 2e-06, trend window: 100
Epoch     0 | Train Loss: 0.148999 | Val Loss: 0.140725 | Train R²: -4.2837 | Val R²: -3.9215 | NightHrsTrueNEE vs NightHrsModelReco R²: -3.7100 | NightHrsTrueNee vs NightHrsModelNee R²: -60.5500
Epoch   500 | Train Loss: 0.008587 | Val Loss: 0.008455 | Train R²: 0.6955 | Val R²: 0.7043 | NightHrsTrueNEE vs NightHrsModelReco R²: -3.7100 | NightHrsTrueNee vs NightHrsModelNee R²: -3.7400
Epoch  1000 | Train Loss: 0.008192 | Val Loss: 0.008055 | Train R²: 0.7095 | Val R²: 0.7183 | NightHrsTrueNEE vs NightHrsModelReco R²: -3.7100 | NightHrsTrueNee vs NightHrsModelNee R²: -3.7200
Epoch  1500 | Train Loss: 0.008016 | Val Loss: 0.007885 | Train R²: 0.7158 | Val R²: 0.7242 | NightHrsTrueNEE vs NightHrsModelReco R²: -3.7100 | NightHrsTrueNee vs NightHrsModelNee R²: -3.7100
Epoch  2000 | Train Loss: 0.007820 | Val Loss: 0.007688 | Train R²: 0.7227 | Val R²: 0.7311 | NightHrsTrueNEE vs NightHrsModelReco R²: -3.7100 | NightHrsTrueNee vs NightHrsModelNee R²: -3.7100
Epoch  2500 | Train Loss: 0.007694 | Val Loss: 0.007562 | Train R²: 0.7272 | Val R²: 0.7356 | NightHrsTrueNEE vs NightHrsModelReco R²: -3.7100 | NightHrsTrueNee vs NightHrsModelNee R²: -3.7100
Epoch  3000 | Train Loss: 0.007651 | Val Loss: 0.007517 | Train R²: 0.7287 | Val R²: 0.7371 | NightHrsTrueNEE vs NightHrsModelReco R²: -3.7100 | NightHrsTrueNee vs NightHrsModelNee R²: -3.7200
Early stopping at epoch 3001 due to flat/negative trend (slope=0.000002)
Epoch  3001 | Train Loss: 0.007651 | Val Loss: 0.007517 | Train R²: 0.7287 | Val R²: 0.7371
Unpickling models
Following models have been loaded and moved to cuda:
trained gpp model:
 SNN_GPP(
  (net): Sequential(
    (0): Linear(in_features=16, out_features=12, bias=True)
    (1): ReLU()
    (2): Linear(in_features=12, out_features=1, bias=True)
    (3): ReLU()
  )
), trained_reco_model:
 SNN_RECO(
  (net): Sequential(
    (0): Linear(in_features=16, out_features=12, bias=True)
    (1): ReLU()
    (2): Linear(in_features=12, out_features=1, bias=True)
    (3): ReLU()
  )
)
using full data set for visualization
Un-normalizing the GPP and RECO predictions using NEE min: tensor([-28.6423]), NEE max: tensor([15.6103])



Metrics for the Custom, with
GPP inputs: ['SW_IN', 'VPD', 'TA', 'WTD', 'WS', 'PotRad', 'PotRadHalfHourlyDiff', 'PotRadDailyAvg', 'PotRadDailyDiff', 'WD_COS', 'WD_SIN', 'GPP_PROX', 'Salinity', 'WTD_HalfHourlyDiff', 'WTD_DailyAvg', 'WTD_DailyDiff']
RECO inputs: ['DOY_sin', 'DOY_cos', 'TA', 'TS_1', 'TS_2', 'TS_3', 'TS_4', 'WTD', 'WS', 'WD_COS', 'WD_SIN', 'NIGHTLY_NEE_AVG', 'Salinity', 'WTD_HalfHourlyDiff', 'WTD_DailyAvg', 'WTD_DailyDiff']:
dt_gpp vs Custom_GPP R²=0.80 RMSE=2.42
nt_gpp vs Custom_GPP R²=0.80 RMSE=2.50
dt_reco vs Custom_RECO R²=-3.90 RMSE=3.34
nt_reco vs Custom_RECO R²=-4.67 RMSE=3.20
night_hours_true_nee vs Custom_night_hours_model_reco R²=-3.73 RMSE=3.02
night_hours_true_nee vs Custom_night_hours_model_nee R²=-3.73 RMSE=3.02
dt_gpp vs nt_gpp R²=0.94 RMSE=1.33
dt_reco vs nt_reco R²=0.71 RMSE=1.00

gpp_input_names,  ['VPD', 'TA', 'WTD', 'WS', 'PotRad', 'PotRadHalfHourlyDiff', 'PotRadDailyAvg', 'PotRadDailyDiff', 'WD_COS', 'WD_SIN', 'GPP_PROX'] 
reco_input_names,  ['DOY_sin', 'DOY_cos', 'TA', 'TS_1', 'TS_2', 'TS_3', 'TS_4', 'WTD', 'WS', 'WD_COS', 'WD_SIN', 'NIGHTLY_NEE_AVG'] 
true_nee_name,  ['NEE'] 

Custom Running on GPU With hidden layer size of 12 Total epochs: 100000 lr: 0.001 patience: 500 min_delta 0.01
SNN_GPP(
  (net): Sequential(
    (0): Linear(in_features=11, out_features=12, bias=True)
    (1): ReLU()
    (2): Linear(in_features=12, out_features=1, bias=True)
    (3): ReLU()
  )
)
SNN_RECO(
  (net): Sequential(
    (0): Linear(in_features=12, out_features=12, bias=True)
    (1): ReLU()
    (2): Linear(in_features=12, out_features=1, bias=True)
    (3): ReLU()
  )
)
Custom will use the Tram vars
Params are min slope: 2e-06, trend window: 100
Epoch     0 | Train Loss: 0.681421 | Val Loss: 0.643470 | Train R²: -23.1643 | Val R²: -21.5036 | NightHrsTrueNEE vs NightHrsModelReco R²: -22.5200 | NightHrsTrueNee vs NightHrsModelNee R²: -330.3200
Epoch   500 | Train Loss: 0.008855 | Val Loss: 0.009071 | Train R²: 0.6860 | Val R²: 0.6828 | NightHrsTrueNEE vs NightHrsModelReco R²: -95.2700 | NightHrsTrueNee vs NightHrsModelNee R²: -1.6800
Epoch  1000 | Train Loss: 0.005457 | Val Loss: 0.005597 | Train R²: 0.8065 | Val R²: 0.8042 | NightHrsTrueNEE vs NightHrsModelReco R²: -83.4200 | NightHrsTrueNee vs NightHrsModelNee R²: -0.5300
Epoch  1500 | Train Loss: 0.004300 | Val Loss: 0.004437 | Train R²: 0.8475 | Val R²: 0.8448 | NightHrsTrueNEE vs NightHrsModelReco R²: -75.1900 | NightHrsTrueNee vs NightHrsModelNee R²: -0.1700
Epoch  2000 | Train Loss: 0.003405 | Val Loss: 0.003496 | Train R²: 0.8792 | Val R²: 0.8777 | NightHrsTrueNEE vs NightHrsModelReco R²: -68.9300 | NightHrsTrueNee vs NightHrsModelNee R²: 0.1700
Epoch  2500 | Train Loss: 0.002937 | Val Loss: 0.003017 | Train R²: 0.8959 | Val R²: 0.8945 | NightHrsTrueNEE vs NightHrsModelReco R²: -63.6800 | NightHrsTrueNee vs NightHrsModelNee R²: 0.3300
Epoch  3000 | Train Loss: 0.002664 | Val Loss: 0.002730 | Train R²: 0.9055 | Val R²: 0.9045 | NightHrsTrueNEE vs NightHrsModelReco R²: -59.4400 | NightHrsTrueNee vs NightHrsModelNee R²: 0.4200
Epoch  3500 | Train Loss: 0.002470 | Val Loss: 0.002529 | Train R²: 0.9124 | Val R²: 0.9115 | NightHrsTrueNEE vs NightHrsModelReco R²: -54.6900 | NightHrsTrueNee vs NightHrsModelNee R²: 0.4800
Epoch  4000 | Train Loss: 0.002285 | Val Loss: 0.002326 | Train R²: 0.9190 | Val R²: 0.9186 | NightHrsTrueNEE vs NightHrsModelReco R²: -49.1500 | NightHrsTrueNee vs NightHrsModelNee R²: 0.5200
Epoch  4500 | Train Loss: 0.002116 | Val Loss: 0.002149 | Train R²: 0.9250 | Val R²: 0.9248 | NightHrsTrueNEE vs NightHrsModelReco R²: -44.1500 | NightHrsTrueNee vs NightHrsModelNee R²: 0.5600
Epoch  5000 | Train Loss: 0.001990 | Val Loss: 0.002025 | Train R²: 0.9294 | Val R²: 0.9292 | NightHrsTrueNEE vs NightHrsModelReco R²: -38.6300 | NightHrsTrueNee vs NightHrsModelNee R²: 0.5900
Epoch  5500 | Train Loss: 0.001902 | Val Loss: 0.001938 | Train R²: 0.9326 | Val R²: 0.9322 | NightHrsTrueNEE vs NightHrsModelReco R²: -32.6800 | NightHrsTrueNee vs NightHrsModelNee R²: 0.6200
Epoch  6000 | Train Loss: 0.001851 | Val Loss: 0.001889 | Train R²: 0.9343 | Val R²: 0.9339 | NightHrsTrueNEE vs NightHrsModelReco R²: -27.7500 | NightHrsTrueNee vs NightHrsModelNee R²: 0.6400
Epoch  6500 | Train Loss: 0.001810 | Val Loss: 0.001846 | Train R²: 0.9358 | Val R²: 0.9355 | NightHrsTrueNEE vs NightHrsModelReco R²: -24.3300 | NightHrsTrueNee vs NightHrsModelNee R²: 0.6500
Early stopping at epoch 6593 due to flat/negative trend (slope=0.000002)
Epoch  6593 | Train Loss: 0.001804 | Val Loss: 0.001840 | Train R²: 0.9360 | Val R²: 0.9356
Unpickling models
Following models have been loaded and moved to cuda:
trained gpp model:
 SNN_GPP(
  (net): Sequential(
    (0): Linear(in_features=11, out_features=12, bias=True)
    (1): ReLU()
    (2): Linear(in_features=12, out_features=1, bias=True)
    (3): ReLU()
  )
), trained_reco_model:
 SNN_RECO(
  (net): Sequential(
    (0): Linear(in_features=12, out_features=12, bias=True)
    (1): ReLU()
    (2): Linear(in_features=12, out_features=1, bias=True)
    (3): ReLU()
  )
)
using full data set for visualization
Un-normalizing the GPP and RECO predictions using NEE min: tensor([-28.6423]), NEE max: tensor([15.6103])



Metrics for the Custom, with
GPP inputs: ['VPD', 'TA', 'WTD', 'WS', 'PotRad', 'PotRadHalfHourlyDiff', 'PotRadDailyAvg', 'PotRadDailyDiff', 'WD_COS', 'WD_SIN', 'GPP_PROX']
RECO inputs: ['DOY_sin', 'DOY_cos', 'TA', 'TS_1', 'TS_2', 'TS_3', 'TS_4', 'WTD', 'WS', 'WD_COS', 'WD_SIN', 'NIGHTLY_NEE_AVG']:
dt_gpp vs Custom_GPP R²=-0.99 RMSE=7.64
nt_gpp vs Custom_GPP R²=-0.99 RMSE=7.81
dt_reco vs Custom_RECO R²=-24.28 RMSE=7.60
nt_reco vs Custom_RECO R²=-31.83 RMSE=7.71
night_hours_true_nee vs Custom_night_hours_model_reco R²=-24.00 RMSE=0.83
night_hours_true_nee vs Custom_night_hours_model_nee R²=-24.00 RMSE=0.83
dt_gpp vs nt_gpp R²=0.94 RMSE=1.33
dt_reco vs nt_reco R²=0.71 RMSE=1.00

gpp_input_names,  ['SW_IN', 'TA', 'WTD', 'WS', 'PotRad', 'PotRadHalfHourlyDiff', 'PotRadDailyAvg', 'PotRadDailyDiff', 'WD_COS', 'WD_SIN', 'GPP_PROX'] 
reco_input_names,  ['DOY_sin', 'DOY_cos', 'TA', 'TS_1', 'TS_2', 'TS_3', 'TS_4', 'WTD', 'WS', 'WD_COS', 'WD_SIN', 'NIGHTLY_NEE_AVG'] 
true_nee_name,  ['NEE'] 

Custom Running on GPU With hidden layer size of 12 Total epochs: 100000 lr: 0.001 patience: 500 min_delta 0.01
SNN_GPP(
  (net): Sequential(
    (0): Linear(in_features=11, out_features=12, bias=True)
    (1): ReLU()
    (2): Linear(in_features=12, out_features=1, bias=True)
    (3): ReLU()
  )
)
SNN_RECO(
  (net): Sequential(
    (0): Linear(in_features=12, out_features=12, bias=True)
    (1): ReLU()
    (2): Linear(in_features=12, out_features=1, bias=True)
    (3): ReLU()
  )
)
Custom will use the Tram vars
Params are min slope: 2e-06, trend window: 100
Epoch     0 | Train Loss: 0.675148 | Val Loss: 0.637654 | Train R²: -22.9418 | Val R²: -21.3002 | NightHrsTrueNEE vs NightHrsModelReco R²: -22.5200 | NightHrsTrueNee vs NightHrsModelNee R²: -322.5000
Epoch   500 | Train Loss: 0.007966 | Val Loss: 0.008338 | Train R²: 0.7175 | Val R²: 0.7084 | NightHrsTrueNEE vs NightHrsModelReco R²: -73.4400 | NightHrsTrueNee vs NightHrsModelNee R²: -1.1200
Epoch  1000 | Train Loss: 0.004739 | Val Loss: 0.004965 | Train R²: 0.8319 | Val R²: 0.8264 | NightHrsTrueNEE vs NightHrsModelReco R²: -54.9000 | NightHrsTrueNee vs NightHrsModelNee R²: -0.3000
Epoch  1500 | Train Loss: 0.003671 | Val Loss: 0.003824 | Train R²: 0.8698 | Val R²: 0.8663 | NightHrsTrueNEE vs NightHrsModelReco R²: -46.2900 | NightHrsTrueNee vs NightHrsModelNee R²: -0.0400
Epoch  2000 | Train Loss: 0.003060 | Val Loss: 0.003132 | Train R²: 0.8915 | Val R²: 0.8905 | NightHrsTrueNEE vs NightHrsModelReco R²: -39.5300 | NightHrsTrueNee vs NightHrsModelNee R²: 0.1600
Epoch  2500 | Train Loss: 0.002575 | Val Loss: 0.002612 | Train R²: 0.9087 | Val R²: 0.9086 | NightHrsTrueNEE vs NightHrsModelReco R²: -34.6200 | NightHrsTrueNee vs NightHrsModelNee R²: 0.3200
Epoch  3000 | Train Loss: 0.002023 | Val Loss: 0.002046 | Train R²: 0.9283 | Val R²: 0.9284 | NightHrsTrueNEE vs NightHrsModelReco R²: -32.3000 | NightHrsTrueNee vs NightHrsModelNee R²: 0.4800
Epoch  3500 | Train Loss: 0.001807 | Val Loss: 0.001816 | Train R²: 0.9359 | Val R²: 0.9365 | NightHrsTrueNEE vs NightHrsModelReco R²: -31.4900 | NightHrsTrueNee vs NightHrsModelNee R²: 0.5500
Epoch  4000 | Train Loss: 0.001680 | Val Loss: 0.001681 | Train R²: 0.9404 | Val R²: 0.9412 | NightHrsTrueNEE vs NightHrsModelReco R²: -30.7400 | NightHrsTrueNee vs NightHrsModelNee R²: 0.5800
Epoch  4500 | Train Loss: 0.001599 | Val Loss: 0.001596 | Train R²: 0.9433 | Val R²: 0.9442 | NightHrsTrueNEE vs NightHrsModelReco R²: -29.4800 | NightHrsTrueNee vs NightHrsModelNee R²: 0.6100
Epoch  5000 | Train Loss: 0.001547 | Val Loss: 0.001541 | Train R²: 0.9451 | Val R²: 0.9461 | NightHrsTrueNEE vs NightHrsModelReco R²: -28.7400 | NightHrsTrueNee vs NightHrsModelNee R²: 0.6300
Early stopping at epoch 5308 due to flat/negative trend (slope=0.000002)
Epoch  5308 | Train Loss: 0.001524 | Val Loss: 0.001520 | Train R²: 0.9460 | Val R²: 0.9469
Unpickling models
Following models have been loaded and moved to cuda:
trained gpp model:
 SNN_GPP(
  (net): Sequential(
    (0): Linear(in_features=11, out_features=12, bias=True)
    (1): ReLU()
    (2): Linear(in_features=12, out_features=1, bias=True)
    (3): ReLU()
  )
), trained_reco_model:
 SNN_RECO(
  (net): Sequential(
    (0): Linear(in_features=12, out_features=12, bias=True)
    (1): ReLU()
    (2): Linear(in_features=12, out_features=1, bias=True)
    (3): ReLU()
  )
)
using full data set for visualization
Un-normalizing the GPP and RECO predictions using NEE min: tensor([-28.6423]), NEE max: tensor([15.6103])



Metrics for the Custom, with
GPP inputs: ['SW_IN', 'TA', 'WTD', 'WS', 'PotRad', 'PotRadHalfHourlyDiff', 'PotRadDailyAvg', 'PotRadDailyDiff', 'WD_COS', 'WD_SIN', 'GPP_PROX']
RECO inputs: ['DOY_sin', 'DOY_cos', 'TA', 'TS_1', 'TS_2', 'TS_3', 'TS_4', 'WTD', 'WS', 'WD_COS', 'WD_SIN', 'NIGHTLY_NEE_AVG']:
dt_gpp vs Custom_GPP R²=-1.28 RMSE=8.17
nt_gpp vs Custom_GPP R²=-1.28 RMSE=8.36
dt_reco vs Custom_RECO R²=-28.20 RMSE=8.17
nt_reco vs Custom_RECO R²=-36.92 RMSE=8.28
night_hours_true_nee vs Custom_night_hours_model_reco R²=-28.25 RMSE=0.84
night_hours_true_nee vs Custom_night_hours_model_nee R²=-28.25 RMSE=0.84
dt_gpp vs nt_gpp R²=0.94 RMSE=1.33
dt_reco vs nt_reco R²=0.71 RMSE=1.00

gpp_input_names,  ['SW_IN', 'VPD', 'WTD', 'WS', 'PotRad', 'PotRadHalfHourlyDiff', 'PotRadDailyAvg', 'PotRadDailyDiff', 'WD_COS', 'WD_SIN', 'GPP_PROX'] 
reco_input_names,  ['DOY_sin', 'DOY_cos', 'TA', 'TS_1', 'TS_2', 'TS_3', 'TS_4', 'WTD', 'WS', 'WD_COS', 'WD_SIN', 'NIGHTLY_NEE_AVG'] 
true_nee_name,  ['NEE'] 

Custom Running on GPU With hidden layer size of 12 Total epochs: 100000 lr: 0.001 patience: 500 min_delta 0.01
SNN_GPP(
  (net): Sequential(
    (0): Linear(in_features=11, out_features=12, bias=True)
    (1): ReLU()
    (2): Linear(in_features=12, out_features=1, bias=True)
    (3): ReLU()
  )
)
SNN_RECO(
  (net): Sequential(
    (0): Linear(in_features=12, out_features=12, bias=True)
    (1): ReLU()
    (2): Linear(in_features=12, out_features=1, bias=True)
    (3): ReLU()
  )
)
Custom will use the Tram vars
Params are min slope: 2e-06, trend window: 100
Epoch     0 | Train Loss: 0.659707 | Val Loss: 0.623376 | Train R²: -22.3943 | Val R²: -20.8009 | NightHrsTrueNEE vs NightHrsModelReco R²: -22.5500 | NightHrsTrueNee vs NightHrsModelNee R²: -312.7400
Epoch   500 | Train Loss: 0.008186 | Val Loss: 0.008490 | Train R²: 0.7097 | Val R²: 0.7031 | NightHrsTrueNEE vs NightHrsModelReco R²: -75.7300 | NightHrsTrueNee vs NightHrsModelNee R²: -1.1200
Epoch  1000 | Train Loss: 0.004806 | Val Loss: 0.004975 | Train R²: 0.8296 | Val R²: 0.8260 | NightHrsTrueNEE vs NightHrsModelReco R²: -56.3900 | NightHrsTrueNee vs NightHrsModelNee R²: -0.2500
Epoch  1500 | Train Loss: 0.003743 | Val Loss: 0.003845 | Train R²: 0.8673 | Val R²: 0.8655 | NightHrsTrueNEE vs NightHrsModelReco R²: -48.0500 | NightHrsTrueNee vs NightHrsModelNee R²: -0.0400
Epoch  2000 | Train Loss: 0.003142 | Val Loss: 0.003198 | Train R²: 0.8886 | Val R²: 0.8882 | NightHrsTrueNEE vs NightHrsModelReco R²: -42.1100 | NightHrsTrueNee vs NightHrsModelNee R²: 0.1200
Epoch  2500 | Train Loss: 0.002550 | Val Loss: 0.002555 | Train R²: 0.9096 | Val R²: 0.9106 | NightHrsTrueNEE vs NightHrsModelReco R²: -35.5800 | NightHrsTrueNee vs NightHrsModelNee R²: 0.3000
Epoch  3000 | Train Loss: 0.002056 | Val Loss: 0.002043 | Train R²: 0.9271 | Val R²: 0.9285 | NightHrsTrueNEE vs NightHrsModelReco R²: -32.3000 | NightHrsTrueNee vs NightHrsModelNee R²: 0.4500
Epoch  3500 | Train Loss: 0.001841 | Val Loss: 0.001831 | Train R²: 0.9347 | Val R²: 0.9360 | NightHrsTrueNEE vs NightHrsModelReco R²: -30.6200 | NightHrsTrueNee vs NightHrsModelNee R²: 0.5100
Epoch  4000 | Train Loss: 0.001722 | Val Loss: 0.001714 | Train R²: 0.9389 | Val R²: 0.9400 | NightHrsTrueNEE vs NightHrsModelReco R²: -29.1500 | NightHrsTrueNee vs NightHrsModelNee R²: 0.5500
Epoch  4500 | Train Loss: 0.001634 | Val Loss: 0.001631 | Train R²: 0.9421 | Val R²: 0.9429 | NightHrsTrueNEE vs NightHrsModelReco R²: -27.8600 | NightHrsTrueNee vs NightHrsModelNee R²: 0.5800
Epoch  5000 | Train Loss: 0.001566 | Val Loss: 0.001562 | Train R²: 0.9445 | Val R²: 0.9454 | NightHrsTrueNEE vs NightHrsModelReco R²: -26.5400 | NightHrsTrueNee vs NightHrsModelNee R²: 0.6000
Epoch  5500 | Train Loss: 0.001507 | Val Loss: 0.001496 | Train R²: 0.9466 | Val R²: 0.9477 | NightHrsTrueNEE vs NightHrsModelReco R²: -24.5200 | NightHrsTrueNee vs NightHrsModelNee R²: 0.6300
Epoch  6000 | Train Loss: 0.001466 | Val Loss: 0.001450 | Train R²: 0.9480 | Val R²: 0.9493 | NightHrsTrueNEE vs NightHrsModelReco R²: -21.6000 | NightHrsTrueNee vs NightHrsModelNee R²: 0.6500
Early stopping at epoch 6160 due to flat/negative trend (slope=0.000002)
Epoch  6160 | Train Loss: 0.001457 | Val Loss: 0.001441 | Train R²: 0.9483 | Val R²: 0.9496
Unpickling models
Following models have been loaded and moved to cuda:
trained gpp model:
 SNN_GPP(
  (net): Sequential(
    (0): Linear(in_features=11, out_features=12, bias=True)
    (1): ReLU()
    (2): Linear(in_features=12, out_features=1, bias=True)
    (3): ReLU()
  )
), trained_reco_model:
 SNN_RECO(
  (net): Sequential(
    (0): Linear(in_features=12, out_features=12, bias=True)
    (1): ReLU()
    (2): Linear(in_features=12, out_features=1, bias=True)
    (3): ReLU()
  )
)
using full data set for visualization
Un-normalizing the GPP and RECO predictions using NEE min: tensor([-28.6423]), NEE max: tensor([15.6103])



Metrics for the Custom, with
GPP inputs: ['SW_IN', 'VPD', 'WTD', 'WS', 'PotRad', 'PotRadHalfHourlyDiff', 'PotRadDailyAvg', 'PotRadDailyDiff', 'WD_COS', 'WD_SIN', 'GPP_PROX']
RECO inputs: ['DOY_sin', 'DOY_cos', 'TA', 'TS_1', 'TS_2', 'TS_3', 'TS_4', 'WTD', 'WS', 'WD_COS', 'WD_SIN', 'NIGHTLY_NEE_AVG']:
dt_gpp vs Custom_GPP R²=-0.61 RMSE=6.87
nt_gpp vs Custom_GPP R²=-0.63 RMSE=7.07
dt_reco vs Custom_RECO R²=-19.61 RMSE=6.86
nt_reco vs Custom_RECO R²=-25.95 RMSE=6.98
night_hours_true_nee vs Custom_night_hours_model_reco R²=-20.85 RMSE=0.82
night_hours_true_nee vs Custom_night_hours_model_nee R²=-20.85 RMSE=0.82
dt_gpp vs nt_gpp R²=0.94 RMSE=1.33
dt_reco vs nt_reco R²=0.71 RMSE=1.00

gpp_input_names,  ['SW_IN', 'VPD', 'TA', 'WS', 'PotRad', 'PotRadHalfHourlyDiff', 'PotRadDailyAvg', 'PotRadDailyDiff', 'WD_COS', 'WD_SIN', 'GPP_PROX'] 
reco_input_names,  ['DOY_sin', 'DOY_cos', 'TA', 'TS_1', 'TS_2', 'TS_3', 'TS_4', 'WTD', 'WS', 'WD_COS', 'WD_SIN', 'NIGHTLY_NEE_AVG'] 
true_nee_name,  ['NEE'] 

Custom Running on GPU With hidden layer size of 12 Total epochs: 100000 lr: 0.001 patience: 500 min_delta 0.01
SNN_GPP(
  (net): Sequential(
    (0): Linear(in_features=11, out_features=12, bias=True)
    (1): ReLU()
    (2): Linear(in_features=12, out_features=1, bias=True)
    (3): ReLU()
  )
)
SNN_RECO(
  (net): Sequential(
    (0): Linear(in_features=12, out_features=12, bias=True)
    (1): ReLU()
    (2): Linear(in_features=12, out_features=1, bias=True)
    (3): ReLU()
  )
)
Custom will use the Tram vars
Params are min slope: 2e-06, trend window: 100
Epoch     0 | Train Loss: 0.798163 | Val Loss: 0.749159 | Train R²: -27.3041 | Val R²: -25.1998 | NightHrsTrueNEE vs NightHrsModelReco R²: -22.6200 | NightHrsTrueNee vs NightHrsModelNee R²: -362.2300
Epoch   500 | Train Loss: 0.009469 | Val Loss: 0.009637 | Train R²: 0.6642 | Val R²: 0.6630 | NightHrsTrueNEE vs NightHrsModelReco R²: -82.5000 | NightHrsTrueNee vs NightHrsModelNee R²: -1.4300
Epoch  1000 | Train Loss: 0.005553 | Val Loss: 0.005652 | Train R²: 0.8031 | Val R²: 0.8023 | NightHrsTrueNEE vs NightHrsModelReco R²: -63.0000 | NightHrsTrueNee vs NightHrsModelNee R²: -0.4900
Epoch  1500 | Train Loss: 0.004254 | Val Loss: 0.004299 | Train R²: 0.8491 | Val R²: 0.8497 | NightHrsTrueNEE vs NightHrsModelReco R²: -54.4000 | NightHrsTrueNee vs NightHrsModelNee R²: -0.2000
Epoch  2000 | Train Loss: 0.003350 | Val Loss: 0.003348 | Train R²: 0.8812 | Val R²: 0.8829 | NightHrsTrueNEE vs NightHrsModelReco R²: -49.3300 | NightHrsTrueNee vs NightHrsModelNee R²: 0.0600
Epoch  2500 | Train Loss: 0.002557 | Val Loss: 0.002514 | Train R²: 0.9093 | Val R²: 0.9121 | NightHrsTrueNEE vs NightHrsModelReco R²: -44.3700 | NightHrsTrueNee vs NightHrsModelNee R²: 0.3000
Epoch  3000 | Train Loss: 0.002094 | Val Loss: 0.002059 | Train R²: 0.9257 | Val R²: 0.9280 | NightHrsTrueNEE vs NightHrsModelReco R²: -41.8800 | NightHrsTrueNee vs NightHrsModelNee R²: 0.4500
Epoch  3500 | Train Loss: 0.001864 | Val Loss: 0.001840 | Train R²: 0.9339 | Val R²: 0.9356 | NightHrsTrueNEE vs NightHrsModelReco R²: -40.8900 | NightHrsTrueNee vs NightHrsModelNee R²: 0.5200
Epoch  4000 | Train Loss: 0.001728 | Val Loss: 0.001706 | Train R²: 0.9387 | Val R²: 0.9403 | NightHrsTrueNEE vs NightHrsModelReco R²: -41.1500 | NightHrsTrueNee vs NightHrsModelNee R²: 0.5600
Epoch  4500 | Train Loss: 0.001637 | Val Loss: 0.001612 | Train R²: 0.9419 | Val R²: 0.9436 | NightHrsTrueNEE vs NightHrsModelReco R²: -41.9200 | NightHrsTrueNee vs NightHrsModelNee R²: 0.5900
Epoch  5000 | Train Loss: 0.001573 | Val Loss: 0.001543 | Train R²: 0.9442 | Val R²: 0.9460 | NightHrsTrueNEE vs NightHrsModelReco R²: -41.6800 | NightHrsTrueNee vs NightHrsModelNee R²: 0.6100
Epoch  5500 | Train Loss: 0.001525 | Val Loss: 0.001492 | Train R²: 0.9459 | Val R²: 0.9478 | NightHrsTrueNEE vs NightHrsModelReco R²: -41.3600 | NightHrsTrueNee vs NightHrsModelNee R²: 0.6300
Early stopping at epoch 5943 due to flat/negative trend (slope=0.000002)
Epoch  5943 | Train Loss: 0.001494 | Val Loss: 0.001460 | Train R²: 0.9470 | Val R²: 0.9489
Unpickling models
Following models have been loaded and moved to cuda:
trained gpp model:
 SNN_GPP(
  (net): Sequential(
    (0): Linear(in_features=11, out_features=12, bias=True)
    (1): ReLU()
    (2): Linear(in_features=12, out_features=1, bias=True)
    (3): ReLU()
  )
), trained_reco_model:
 SNN_RECO(
  (net): Sequential(
    (0): Linear(in_features=12, out_features=12, bias=True)
    (1): ReLU()
    (2): Linear(in_features=12, out_features=1, bias=True)
    (3): ReLU()
  )
)
using full data set for visualization
Un-normalizing the GPP and RECO predictions using NEE min: tensor([-28.6423]), NEE max: tensor([15.6103])



Metrics for the Custom, with
GPP inputs: ['SW_IN', 'VPD', 'TA', 'WS', 'PotRad', 'PotRadHalfHourlyDiff', 'PotRadDailyAvg', 'PotRadDailyDiff', 'WD_COS', 'WD_SIN', 'GPP_PROX']
RECO inputs: ['DOY_sin', 'DOY_cos', 'TA', 'TS_1', 'TS_2', 'TS_3', 'TS_4', 'WTD', 'WS', 'WD_COS', 'WD_SIN', 'NIGHTLY_NEE_AVG']:
dt_gpp vs Custom_GPP R²=-2.41 RMSE=10.00
nt_gpp vs Custom_GPP R²=-2.38 RMSE=10.18
dt_reco vs Custom_RECO R²=-42.67 RMSE=9.99
nt_reco vs Custom_RECO R²=-55.59 RMSE=10.12
night_hours_true_nee vs Custom_night_hours_model_reco R²=-41.16 RMSE=0.84
night_hours_true_nee vs Custom_night_hours_model_nee R²=-41.16 RMSE=0.84
dt_gpp vs nt_gpp R²=0.94 RMSE=1.33
dt_reco vs nt_reco R²=0.71 RMSE=1.00

gpp_input_names,  ['SW_IN', 'VPD', 'TA', 'WTD', 'PotRad', 'PotRadHalfHourlyDiff', 'PotRadDailyAvg', 'PotRadDailyDiff', 'WD_COS', 'WD_SIN', 'GPP_PROX'] 
reco_input_names,  ['DOY_sin', 'DOY_cos', 'TA', 'TS_1', 'TS_2', 'TS_3', 'TS_4', 'WTD', 'WS', 'WD_COS', 'WD_SIN', 'NIGHTLY_NEE_AVG'] 
true_nee_name,  ['NEE'] 

Custom Running on GPU With hidden layer size of 12 Total epochs: 100000 lr: 0.001 patience: 500 min_delta 0.01
SNN_GPP(
  (net): Sequential(
    (0): Linear(in_features=11, out_features=12, bias=True)
    (1): ReLU()
    (2): Linear(in_features=12, out_features=1, bias=True)
    (3): ReLU()
  )
)
SNN_RECO(
  (net): Sequential(
    (0): Linear(in_features=12, out_features=12, bias=True)
    (1): ReLU()
    (2): Linear(in_features=12, out_features=1, bias=True)
    (3): ReLU()
  )
)
Custom will use the Tram vars
Params are min slope: 2e-06, trend window: 100
Epoch     0 | Train Loss: 0.829307 | Val Loss: 0.779295 | Train R²: -28.4086 | Val R²: -26.2537 | NightHrsTrueNEE vs NightHrsModelReco R²: -22.6500 | NightHrsTrueNee vs NightHrsModelNee R²: -368.5700
Epoch   500 | Train Loss: 0.010998 | Val Loss: 0.011023 | Train R²: 0.6100 | Val R²: 0.6145 | NightHrsTrueNEE vs NightHrsModelReco R²: -108.3400 | NightHrsTrueNee vs NightHrsModelNee R²: -2.4000
Epoch  1000 | Train Loss: 0.005873 | Val Loss: 0.005905 | Train R²: 0.7917 | Val R²: 0.7935 | NightHrsTrueNEE vs NightHrsModelReco R²: -100.1200 | NightHrsTrueNee vs NightHrsModelNee R²: -0.5900
Epoch  1500 | Train Loss: 0.004327 | Val Loss: 0.004370 | Train R²: 0.8466 | Val R²: 0.8472 | NightHrsTrueNEE vs NightHrsModelReco R²: -93.8600 | NightHrsTrueNee vs NightHrsModelNee R²: -0.1900
Epoch  2000 | Train Loss: 0.003180 | Val Loss: 0.003213 | Train R²: 0.8872 | Val R²: 0.8876 | NightHrsTrueNEE vs NightHrsModelReco R²: -90.9900 | NightHrsTrueNee vs NightHrsModelNee R²: 0.1400
Epoch  2500 | Train Loss: 0.002389 | Val Loss: 0.002378 | Train R²: 0.9153 | Val R²: 0.9168 | NightHrsTrueNEE vs NightHrsModelReco R²: -87.7300 | NightHrsTrueNee vs NightHrsModelNee R²: 0.3700
Epoch  3000 | Train Loss: 0.002062 | Val Loss: 0.002048 | Train R²: 0.9269 | Val R²: 0.9284 | NightHrsTrueNEE vs NightHrsModelReco R²: -82.0700 | NightHrsTrueNee vs NightHrsModelNee R²: 0.4600
Epoch  3500 | Train Loss: 0.001876 | Val Loss: 0.001867 | Train R²: 0.9335 | Val R²: 0.9347 | NightHrsTrueNEE vs NightHrsModelReco R²: -76.6500 | NightHrsTrueNee vs NightHrsModelNee R²: 0.5200
Epoch  4000 | Train Loss: 0.001747 | Val Loss: 0.001739 | Train R²: 0.9381 | Val R²: 0.9392 | NightHrsTrueNEE vs NightHrsModelReco R²: -71.2300 | NightHrsTrueNee vs NightHrsModelNee R²: 0.5600
Epoch  4500 | Train Loss: 0.001652 | Val Loss: 0.001648 | Train R²: 0.9414 | Val R²: 0.9424 | NightHrsTrueNEE vs NightHrsModelReco R²: -66.3900 | NightHrsTrueNee vs NightHrsModelNee R²: 0.5900
Epoch  5000 | Train Loss: 0.001576 | Val Loss: 0.001574 | Train R²: 0.9441 | Val R²: 0.9450 | NightHrsTrueNEE vs NightHrsModelReco R²: -61.5800 | NightHrsTrueNee vs NightHrsModelNee R²: 0.6100
Epoch  5500 | Train Loss: 0.001512 | Val Loss: 0.001511 | Train R²: 0.9464 | Val R²: 0.9472 | NightHrsTrueNEE vs NightHrsModelReco R²: -57.3600 | NightHrsTrueNee vs NightHrsModelNee R²: 0.6300
Epoch  6000 | Train Loss: 0.001467 | Val Loss: 0.001465 | Train R²: 0.9480 | Val R²: 0.9488 | NightHrsTrueNEE vs NightHrsModelReco R²: -54.1100 | NightHrsTrueNee vs NightHrsModelNee R²: 0.6400
Epoch  6500 | Train Loss: 0.001433 | Val Loss: 0.001425 | Train R²: 0.9492 | Val R²: 0.9502 | NightHrsTrueNEE vs NightHrsModelReco R²: -51.3200 | NightHrsTrueNee vs NightHrsModelNee R²: 0.6500
Epoch  7000 | Train Loss: 0.001400 | Val Loss: 0.001380 | Train R²: 0.9504 | Val R²: 0.9518 | NightHrsTrueNEE vs NightHrsModelReco R²: -48.8300 | NightHrsTrueNee vs NightHrsModelNee R²: 0.6600
Early stopping at epoch 7101 due to flat/negative trend (slope=0.000002)
Epoch  7101 | Train Loss: 0.001394 | Val Loss: 0.001374 | Train R²: 0.9506 | Val R²: 0.9520
Unpickling models
Following models have been loaded and moved to cuda:
trained gpp model:
 SNN_GPP(
  (net): Sequential(
    (0): Linear(in_features=11, out_features=12, bias=True)
    (1): ReLU()
    (2): Linear(in_features=12, out_features=1, bias=True)
    (3): ReLU()
  )
), trained_reco_model:
 SNN_RECO(
  (net): Sequential(
    (0): Linear(in_features=12, out_features=12, bias=True)
    (1): ReLU()
    (2): Linear(in_features=12, out_features=1, bias=True)
    (3): ReLU()
  )
)
using full data set for visualization
Un-normalizing the GPP and RECO predictions using NEE min: tensor([-28.6423]), NEE max: tensor([15.6103])



Metrics for the Custom, with
GPP inputs: ['SW_IN', 'VPD', 'TA', 'WTD', 'PotRad', 'PotRadHalfHourlyDiff', 'PotRadDailyAvg', 'PotRadDailyDiff', 'WD_COS', 'WD_SIN', 'GPP_PROX']
RECO inputs: ['DOY_sin', 'DOY_cos', 'TA', 'TS_1', 'TS_2', 'TS_3', 'TS_4', 'WTD', 'WS', 'WD_COS', 'WD_SIN', 'NIGHTLY_NEE_AVG']:
dt_gpp vs Custom_GPP R²=-3.17 RMSE=11.07
nt_gpp vs Custom_GPP R²=-3.11 RMSE=11.22
dt_reco vs Custom_RECO R²=-52.40 RMSE=11.04
nt_reco vs Custom_RECO R²=-68.00 RMSE=11.17
night_hours_true_nee vs Custom_night_hours_model_reco R²=-48.21 RMSE=0.82
night_hours_true_nee vs Custom_night_hours_model_nee R²=-48.21 RMSE=0.82
dt_gpp vs nt_gpp R²=0.94 RMSE=1.33
dt_reco vs nt_reco R²=0.71 RMSE=1.00

gpp_input_names,  ['SW_IN', 'VPD', 'TA', 'WTD', 'WS', 'PotRadHalfHourlyDiff', 'PotRadDailyAvg', 'PotRadDailyDiff', 'WD_COS', 'WD_SIN', 'GPP_PROX'] 
reco_input_names,  ['DOY_sin', 'DOY_cos', 'TA', 'TS_1', 'TS_2', 'TS_3', 'TS_4', 'WTD', 'WS', 'WD_COS', 'WD_SIN', 'NIGHTLY_NEE_AVG'] 
true_nee_name,  ['NEE'] 

Custom Running on GPU With hidden layer size of 12 Total epochs: 100000 lr: 0.001 patience: 500 min_delta 0.01
SNN_GPP(
  (net): Sequential(
    (0): Linear(in_features=11, out_features=12, bias=True)
    (1): ReLU()
    (2): Linear(in_features=12, out_features=1, bias=True)
    (3): ReLU()
  )
)
SNN_RECO(
  (net): Sequential(
    (0): Linear(in_features=12, out_features=12, bias=True)
    (1): ReLU()
    (2): Linear(in_features=12, out_features=1, bias=True)
    (3): ReLU()
  )
)
Custom will use the Tram vars
Params are min slope: 2e-06, trend window: 100
Epoch     0 | Train Loss: 0.860412 | Val Loss: 0.809940 | Train R²: -29.5116 | Val R²: -27.3255 | NightHrsTrueNEE vs NightHrsModelReco R²: -22.6500 | NightHrsTrueNee vs NightHrsModelNee R²: -311.3000
Epoch   500 | Train Loss: 0.010071 | Val Loss: 0.010116 | Train R²: 0.6429 | Val R²: 0.6462 | NightHrsTrueNEE vs NightHrsModelReco R²: -83.1600 | NightHrsTrueNee vs NightHrsModelNee R²: -2.0200
Epoch  1000 | Train Loss: 0.005914 | Val Loss: 0.005903 | Train R²: 0.7903 | Val R²: 0.7935 | NightHrsTrueNEE vs NightHrsModelReco R²: -68.4800 | NightHrsTrueNee vs NightHrsModelNee R²: -0.5900
Epoch  1500 | Train Loss: 0.004044 | Val Loss: 0.003948 | Train R²: 0.8566 | Val R²: 0.8619 | NightHrsTrueNEE vs NightHrsModelReco R²: -66.1000 | NightHrsTrueNee vs NightHrsModelNee R²: -0.0200
Epoch  2000 | Train Loss: 0.003022 | Val Loss: 0.002980 | Train R²: 0.8928 | Val R²: 0.8958 | NightHrsTrueNEE vs NightHrsModelReco R²: -64.9300 | NightHrsTrueNee vs NightHrsModelNee R²: 0.2400
Epoch  2500 | Train Loss: 0.002603 | Val Loss: 0.002587 | Train R²: 0.9077 | Val R²: 0.9095 | NightHrsTrueNEE vs NightHrsModelReco R²: -64.7100 | NightHrsTrueNee vs NightHrsModelNee R²: 0.3700
Epoch  3000 | Train Loss: 0.002363 | Val Loss: 0.002363 | Train R²: 0.9162 | Val R²: 0.9174 | NightHrsTrueNEE vs NightHrsModelReco R²: -63.4300 | NightHrsTrueNee vs NightHrsModelNee R²: 0.4400
Epoch  3500 | Train Loss: 0.002194 | Val Loss: 0.002204 | Train R²: 0.9222 | Val R²: 0.9229 | NightHrsTrueNEE vs NightHrsModelReco R²: -61.0400 | NightHrsTrueNee vs NightHrsModelNee R²: 0.4900
Epoch  4000 | Train Loss: 0.002074 | Val Loss: 0.002092 | Train R²: 0.9264 | Val R²: 0.9269 | NightHrsTrueNEE vs NightHrsModelReco R²: -59.2500 | NightHrsTrueNee vs NightHrsModelNee R²: 0.5300
Epoch  4500 | Train Loss: 0.001996 | Val Loss: 0.002014 | Train R²: 0.9292 | Val R²: 0.9296 | NightHrsTrueNEE vs NightHrsModelReco R²: -58.0200 | NightHrsTrueNee vs NightHrsModelNee R²: 0.5600
Epoch  5000 | Train Loss: 0.001936 | Val Loss: 0.001958 | Train R²: 0.9314 | Val R²: 0.9315 | NightHrsTrueNEE vs NightHrsModelReco R²: -57.1200 | NightHrsTrueNee vs NightHrsModelNee R²: 0.5800
Epoch  5500 | Train Loss: 0.001890 | Val Loss: 0.001916 | Train R²: 0.9330 | Val R²: 0.9330 | NightHrsTrueNEE vs NightHrsModelReco R²: -56.6400 | NightHrsTrueNee vs NightHrsModelNee R²: 0.6000
Epoch  6000 | Train Loss: 0.001853 | Val Loss: 0.001878 | Train R²: 0.9343 | Val R²: 0.9343 | NightHrsTrueNEE vs NightHrsModelReco R²: -55.4100 | NightHrsTrueNee vs NightHrsModelNee R²: 0.6100
Early stopping at epoch 6320 due to flat/negative trend (slope=0.000002)
Epoch  6320 | Train Loss: 0.001833 | Val Loss: 0.001859 | Train R²: 0.9350 | Val R²: 0.9350
Unpickling models
Following models have been loaded and moved to cuda:
trained gpp model:
 SNN_GPP(
  (net): Sequential(
    (0): Linear(in_features=11, out_features=12, bias=True)
    (1): ReLU()
    (2): Linear(in_features=12, out_features=1, bias=True)
    (3): ReLU()
  )
), trained_reco_model:
 SNN_RECO(
  (net): Sequential(
    (0): Linear(in_features=12, out_features=12, bias=True)
    (1): ReLU()
    (2): Linear(in_features=12, out_features=1, bias=True)
    (3): ReLU()
  )
)
using full data set for visualization
Un-normalizing the GPP and RECO predictions using NEE min: tensor([-28.6423]), NEE max: tensor([15.6103])



Metrics for the Custom, with
GPP inputs: ['SW_IN', 'VPD', 'TA', 'WTD', 'WS', 'PotRadHalfHourlyDiff', 'PotRadDailyAvg', 'PotRadDailyDiff', 'WD_COS', 'WD_SIN', 'GPP_PROX']
RECO inputs: ['DOY_sin', 'DOY_cos', 'TA', 'TS_1', 'TS_2', 'TS_3', 'TS_4', 'WTD', 'WS', 'WD_COS', 'WD_SIN', 'NIGHTLY_NEE_AVG']:
dt_gpp vs Custom_GPP R²=-3.55 RMSE=11.56
nt_gpp vs Custom_GPP R²=-3.49 RMSE=11.73
dt_reco vs Custom_RECO R²=-57.38 RMSE=11.55
nt_reco vs Custom_RECO R²=-74.30 RMSE=11.67
night_hours_true_nee vs Custom_night_hours_model_reco R²=-54.64 RMSE=0.85
night_hours_true_nee vs Custom_night_hours_model_nee R²=-54.64 RMSE=0.85
dt_gpp vs nt_gpp R²=0.94 RMSE=1.33
dt_reco vs nt_reco R²=0.71 RMSE=1.00

gpp_input_names,  ['SW_IN', 'VPD', 'TA', 'WTD', 'WS', 'PotRad', 'PotRadDailyAvg', 'PotRadDailyDiff', 'WD_COS', 'WD_SIN', 'GPP_PROX'] 
reco_input_names,  ['DOY_sin', 'DOY_cos', 'TA', 'TS_1', 'TS_2', 'TS_3', 'TS_4', 'WTD', 'WS', 'WD_COS', 'WD_SIN', 'NIGHTLY_NEE_AVG'] 
true_nee_name,  ['NEE'] 

Custom Running on GPU With hidden layer size of 12 Total epochs: 100000 lr: 0.001 patience: 500 min_delta 0.01
SNN_GPP(
  (net): Sequential(
    (0): Linear(in_features=11, out_features=12, bias=True)
    (1): ReLU()
    (2): Linear(in_features=12, out_features=1, bias=True)
    (3): ReLU()
  )
)
SNN_RECO(
  (net): Sequential(
    (0): Linear(in_features=12, out_features=12, bias=True)
    (1): ReLU()
    (2): Linear(in_features=12, out_features=1, bias=True)
    (3): ReLU()
  )
)
Custom will use the Tram vars
Params are min slope: 2e-06, trend window: 100
Epoch     0 | Train Loss: 1.043006 | Val Loss: 0.987103 | Train R²: -35.9867 | Val R²: -33.5212 | NightHrsTrueNEE vs NightHrsModelReco R²: -22.6500 | NightHrsTrueNee vs NightHrsModelNee R²: -315.5800
Epoch   500 | Train Loss: 0.013035 | Val Loss: 0.013258 | Train R²: 0.5377 | Val R²: 0.5364 | NightHrsTrueNEE vs NightHrsModelReco R²: -108.2800 | NightHrsTrueNee vs NightHrsModelNee R²: -3.5800
Epoch  1000 | Train Loss: 0.006635 | Val Loss: 0.006803 | Train R²: 0.7647 | Val R²: 0.7621 | NightHrsTrueNEE vs NightHrsModelReco R²: -98.2700 | NightHrsTrueNee vs NightHrsModelNee R²: -1.0700
Epoch  1500 | Train Loss: 0.004381 | Val Loss: 0.004441 | Train R²: 0.8446 | Val R²: 0.8447 | NightHrsTrueNEE vs NightHrsModelReco R²: -97.1000 | NightHrsTrueNee vs NightHrsModelNee R²: -0.2500
Epoch  2000 | Train Loss: 0.003400 | Val Loss: 0.003406 | Train R²: 0.8794 | Val R²: 0.8809 | NightHrsTrueNEE vs NightHrsModelReco R²: -99.0200 | NightHrsTrueNee vs NightHrsModelNee R²: 0.0800
Epoch  2500 | Train Loss: 0.002706 | Val Loss: 0.002722 | Train R²: 0.9040 | Val R²: 0.9048 | NightHrsTrueNEE vs NightHrsModelReco R²: -99.8300 | NightHrsTrueNee vs NightHrsModelNee R²: 0.2900
Epoch  3000 | Train Loss: 0.002202 | Val Loss: 0.002219 | Train R²: 0.9219 | Val R²: 0.9224 | NightHrsTrueNEE vs NightHrsModelReco R²: -99.5300 | NightHrsTrueNee vs NightHrsModelNee R²: 0.4200
Epoch  3500 | Train Loss: 0.001971 | Val Loss: 0.001979 | Train R²: 0.9301 | Val R²: 0.9308 | NightHrsTrueNEE vs NightHrsModelReco R²: -95.8500 | NightHrsTrueNee vs NightHrsModelNee R²: 0.4700
Epoch  4000 | Train Loss: 0.001834 | Val Loss: 0.001847 | Train R²: 0.9350 | Val R²: 0.9354 | NightHrsTrueNEE vs NightHrsModelReco R²: -92.8700 | NightHrsTrueNee vs NightHrsModelNee R²: 0.5200
Epoch  4500 | Train Loss: 0.001735 | Val Loss: 0.001748 | Train R²: 0.9385 | Val R²: 0.9389 | NightHrsTrueNEE vs NightHrsModelReco R²: -91.3600 | NightHrsTrueNee vs NightHrsModelNee R²: 0.5500
Epoch  5000 | Train Loss: 0.001647 | Val Loss: 0.001662 | Train R²: 0.9416 | Val R²: 0.9419 | NightHrsTrueNEE vs NightHrsModelReco R²: -90.9700 | NightHrsTrueNee vs NightHrsModelNee R²: 0.5800
Epoch  5500 | Train Loss: 0.001577 | Val Loss: 0.001586 | Train R²: 0.9441 | Val R²: 0.9445 | NightHrsTrueNEE vs NightHrsModelReco R²: -89.6700 | NightHrsTrueNee vs NightHrsModelNee R²: 0.6000
Epoch  6000 | Train Loss: 0.001523 | Val Loss: 0.001521 | Train R²: 0.9460 | Val R²: 0.9468 | NightHrsTrueNEE vs NightHrsModelReco R²: -88.1400 | NightHrsTrueNee vs NightHrsModelNee R²: 0.6200
Epoch  6500 | Train Loss: 0.001481 | Val Loss: 0.001476 | Train R²: 0.9475 | Val R²: 0.9484 | NightHrsTrueNEE vs NightHrsModelReco R²: -85.0200 | NightHrsTrueNee vs NightHrsModelNee R²: 0.6300
Epoch  7000 | Train Loss: 0.001451 | Val Loss: 0.001441 | Train R²: 0.9485 | Val R²: 0.9496 | NightHrsTrueNEE vs NightHrsModelReco R²: -83.1800 | NightHrsTrueNee vs NightHrsModelNee R²: 0.6400
Early stopping at epoch 7022 due to flat/negative trend (slope=0.000002)
Epoch  7022 | Train Loss: 0.001450 | Val Loss: 0.001440 | Train R²: 0.9486 | Val R²: 0.9496
Unpickling models
Following models have been loaded and moved to cuda:
trained gpp model:
 SNN_GPP(
  (net): Sequential(
    (0): Linear(in_features=11, out_features=12, bias=True)
    (1): ReLU()
    (2): Linear(in_features=12, out_features=1, bias=True)
    (3): ReLU()
  )
), trained_reco_model:
 SNN_RECO(
  (net): Sequential(
    (0): Linear(in_features=12, out_features=12, bias=True)
    (1): ReLU()
    (2): Linear(in_features=12, out_features=1, bias=True)
    (3): ReLU()
  )
)
using full data set for visualization
Un-normalizing the GPP and RECO predictions using NEE min: tensor([-28.6423]), NEE max: tensor([15.6103])



Metrics for the Custom, with
GPP inputs: ['SW_IN', 'VPD', 'TA', 'WTD', 'WS', 'PotRad', 'PotRadDailyAvg', 'PotRadDailyDiff', 'WD_COS', 'WD_SIN', 'GPP_PROX']
RECO inputs: ['DOY_sin', 'DOY_cos', 'TA', 'TS_1', 'TS_2', 'TS_3', 'TS_4', 'WTD', 'WS', 'WD_COS', 'WD_SIN', 'NIGHTLY_NEE_AVG']:
dt_gpp vs Custom_GPP R²=-6.29 RMSE=14.63
nt_gpp vs Custom_GPP R²=-6.13 RMSE=14.78
dt_reco vs Custom_RECO R²=-92.34 RMSE=14.60
nt_reco vs Custom_RECO R²=-119.16 RMSE=14.74
night_hours_true_nee vs Custom_night_hours_model_reco R²=-83.21 RMSE=0.84
night_hours_true_nee vs Custom_night_hours_model_nee R²=-83.21 RMSE=0.84
dt_gpp vs nt_gpp R²=0.94 RMSE=1.33
dt_reco vs nt_reco R²=0.71 RMSE=1.00

gpp_input_names,  ['SW_IN', 'VPD', 'TA', 'WTD', 'WS', 'PotRad', 'PotRadHalfHourlyDiff', 'PotRadDailyDiff', 'WD_COS', 'WD_SIN', 'GPP_PROX'] 
reco_input_names,  ['DOY_sin', 'DOY_cos', 'TA', 'TS_1', 'TS_2', 'TS_3', 'TS_4', 'WTD', 'WS', 'WD_COS', 'WD_SIN', 'NIGHTLY_NEE_AVG'] 
true_nee_name,  ['NEE'] 

Custom Running on GPU With hidden layer size of 12 Total epochs: 100000 lr: 0.001 patience: 500 min_delta 0.01
SNN_GPP(
  (net): Sequential(
    (0): Linear(in_features=11, out_features=12, bias=True)
    (1): ReLU()
    (2): Linear(in_features=12, out_features=1, bias=True)
    (3): ReLU()
  )
)
SNN_RECO(
  (net): Sequential(
    (0): Linear(in_features=12, out_features=12, bias=True)
    (1): ReLU()
    (2): Linear(in_features=12, out_features=1, bias=True)
    (3): ReLU()
  )
)
Custom will use the Tram vars
Params are min slope: 2e-06, trend window: 100
Epoch     0 | Train Loss: 0.479502 | Val Loss: 0.452988 | Train R²: -16.0039 | Val R²: -14.8420 | NightHrsTrueNEE vs NightHrsModelReco R²: -22.6400 | NightHrsTrueNee vs NightHrsModelNee R²: -115.6100
Epoch   500 | Train Loss: 0.008730 | Val Loss: 0.008813 | Train R²: 0.6904 | Val R²: 0.6918 | NightHrsTrueNEE vs NightHrsModelReco R²: -31.6300 | NightHrsTrueNee vs NightHrsModelNee R²: -1.7100
Epoch  1000 | Train Loss: 0.004893 | Val Loss: 0.004927 | Train R²: 0.8265 | Val R²: 0.8277 | NightHrsTrueNEE vs NightHrsModelReco R²: -17.6300 | NightHrsTrueNee vs NightHrsModelNee R²: -0.4000
Epoch  1500 | Train Loss: 0.003881 | Val Loss: 0.003925 | Train R²: 0.8624 | Val R²: 0.8627 | NightHrsTrueNEE vs NightHrsModelReco R²: -13.1500 | NightHrsTrueNee vs NightHrsModelNee R²: -0.0600
Epoch  2000 | Train Loss: 0.003408 | Val Loss: 0.003452 | Train R²: 0.8791 | Val R²: 0.8793 | NightHrsTrueNEE vs NightHrsModelReco R²: -10.6200 | NightHrsTrueNee vs NightHrsModelNee R²: 0.0700
Epoch  2500 | Train Loss: 0.003037 | Val Loss: 0.003066 | Train R²: 0.8923 | Val R²: 0.8928 | NightHrsTrueNEE vs NightHrsModelReco R²: -7.7400 | NightHrsTrueNee vs NightHrsModelNee R²: 0.1700
Epoch  3000 | Train Loss: 0.002594 | Val Loss: 0.002634 | Train R²: 0.9080 | Val R²: 0.9079 | NightHrsTrueNEE vs NightHrsModelReco R²: -4.4300 | NightHrsTrueNee vs NightHrsModelNee R²: 0.3100
Epoch  3500 | Train Loss: 0.001868 | Val Loss: 0.001867 | Train R²: 0.9338 | Val R²: 0.9347 | NightHrsTrueNEE vs NightHrsModelReco R²: -2.2200 | NightHrsTrueNee vs NightHrsModelNee R²: 0.5100
Epoch  4000 | Train Loss: 0.001657 | Val Loss: 0.001663 | Train R²: 0.9412 | Val R²: 0.9418 | NightHrsTrueNEE vs NightHrsModelReco R²: -1.3200 | NightHrsTrueNee vs NightHrsModelNee R²: 0.5900
Epoch  4500 | Train Loss: 0.001573 | Val Loss: 0.001576 | Train R²: 0.9442 | Val R²: 0.9449 | NightHrsTrueNEE vs NightHrsModelReco R²: -0.8100 | NightHrsTrueNee vs NightHrsModelNee R²: 0.6300
Epoch  5000 | Train Loss: 0.001507 | Val Loss: 0.001506 | Train R²: 0.9466 | Val R²: 0.9473 | NightHrsTrueNEE vs NightHrsModelReco R²: -0.4200 | NightHrsTrueNee vs NightHrsModelNee R²: 0.6500
Epoch  5500 | Train Loss: 0.001457 | Val Loss: 0.001454 | Train R²: 0.9483 | Val R²: 0.9492 | NightHrsTrueNEE vs NightHrsModelReco R²: 0.0500 | NightHrsTrueNee vs NightHrsModelNee R²: 0.6600
Early stopping at epoch 5827 due to flat/negative trend (slope=0.000002)
Epoch  5827 | Train Loss: 0.001433 | Val Loss: 0.001432 | Train R²: 0.9492 | Val R²: 0.9499
Unpickling models
Following models have been loaded and moved to cuda:
trained gpp model:
 SNN_GPP(
  (net): Sequential(
    (0): Linear(in_features=11, out_features=12, bias=True)
    (1): ReLU()
    (2): Linear(in_features=12, out_features=1, bias=True)
    (3): ReLU()
  )
), trained_reco_model:
 SNN_RECO(
  (net): Sequential(
    (0): Linear(in_features=12, out_features=12, bias=True)
    (1): ReLU()
    (2): Linear(in_features=12, out_features=1, bias=True)
    (3): ReLU()
  )
)
using full data set for visualization
Un-normalizing the GPP and RECO predictions using NEE min: tensor([-28.6423]), NEE max: tensor([15.6103])



Metrics for the Custom, with
GPP inputs: ['SW_IN', 'VPD', 'TA', 'WTD', 'WS', 'PotRad', 'PotRadHalfHourlyDiff', 'PotRadDailyDiff', 'WD_COS', 'WD_SIN', 'GPP_PROX']
RECO inputs: ['DOY_sin', 'DOY_cos', 'TA', 'TS_1', 'TS_2', 'TS_3', 'TS_4', 'WTD', 'WS', 'WD_COS', 'WD_SIN', 'NIGHTLY_NEE_AVG']:
dt_gpp vs Custom_GPP R²=0.94 RMSE=1.29
nt_gpp vs Custom_GPP R²=0.92 RMSE=1.59
dt_reco vs Custom_RECO R²=0.25 RMSE=1.31
nt_reco vs Custom_RECO R²=0.26 RMSE=1.16
night_hours_true_nee vs Custom_night_hours_model_reco R²=0.23 RMSE=0.81
night_hours_true_nee vs Custom_night_hours_model_nee R²=0.23 RMSE=0.81
dt_gpp vs nt_gpp R²=0.94 RMSE=1.33
dt_reco vs nt_reco R²=0.71 RMSE=1.00

gpp_input_names,  ['SW_IN', 'VPD', 'TA', 'WTD', 'WS', 'PotRad', 'PotRadHalfHourlyDiff', 'PotRadDailyAvg', 'WD_COS', 'WD_SIN', 'GPP_PROX'] 
reco_input_names,  ['DOY_sin', 'DOY_cos', 'TA', 'TS_1', 'TS_2', 'TS_3', 'TS_4', 'WTD', 'WS', 'WD_COS', 'WD_SIN', 'NIGHTLY_NEE_AVG'] 
true_nee_name,  ['NEE'] 

Custom Running on GPU With hidden layer size of 12 Total epochs: 100000 lr: 0.001 patience: 500 min_delta 0.01
SNN_GPP(
  (net): Sequential(
    (0): Linear(in_features=11, out_features=12, bias=True)
    (1): ReLU()
    (2): Linear(in_features=12, out_features=1, bias=True)
    (3): ReLU()
  )
)
SNN_RECO(
  (net): Sequential(
    (0): Linear(in_features=12, out_features=12, bias=True)
    (1): ReLU()
    (2): Linear(in_features=12, out_features=1, bias=True)
    (3): ReLU()
  )
)
Custom will use the Tram vars
Params are min slope: 2e-06, trend window: 100
Epoch     0 | Train Loss: 0.586999 | Val Loss: 0.552087 | Train R²: -19.8160 | Val R²: -18.3077 | NightHrsTrueNEE vs NightHrsModelReco R²: -22.6700 | NightHrsTrueNee vs NightHrsModelNee R²: -130.8600
Epoch   500 | Train Loss: 0.009838 | Val Loss: 0.010086 | Train R²: 0.6511 | Val R²: 0.6473 | NightHrsTrueNEE vs NightHrsModelReco R²: -48.4900 | NightHrsTrueNee vs NightHrsModelNee R²: -1.9700
Epoch  1000 | Train Loss: 0.005472 | Val Loss: 0.005640 | Train R²: 0.8060 | Val R²: 0.8028 | NightHrsTrueNEE vs NightHrsModelReco R²: -45.9700 | NightHrsTrueNee vs NightHrsModelNee R²: -0.5100
Epoch  1500 | Train Loss: 0.003612 | Val Loss: 0.003677 | Train R²: 0.8719 | Val R²: 0.8714 | NightHrsTrueNEE vs NightHrsModelReco R²: -42.6000 | NightHrsTrueNee vs NightHrsModelNee R²: 0.0400
Epoch  2000 | Train Loss: 0.002804 | Val Loss: 0.002819 | Train R²: 0.9006 | Val R²: 0.9014 | NightHrsTrueNEE vs NightHrsModelReco R²: -38.9000 | NightHrsTrueNee vs NightHrsModelNee R²: 0.3000
Epoch  2500 | Train Loss: 0.002375 | Val Loss: 0.002381 | Train R²: 0.9158 | Val R²: 0.9167 | NightHrsTrueNEE vs NightHrsModelReco R²: -34.7600 | NightHrsTrueNee vs NightHrsModelNee R²: 0.4100
Epoch  3000 | Train Loss: 0.002110 | Val Loss: 0.002113 | Train R²: 0.9252 | Val R²: 0.9261 | NightHrsTrueNEE vs NightHrsModelReco R²: -30.8800 | NightHrsTrueNee vs NightHrsModelNee R²: 0.4900
Epoch  3500 | Train Loss: 0.001920 | Val Loss: 0.001921 | Train R²: 0.9319 | Val R²: 0.9328 | NightHrsTrueNEE vs NightHrsModelReco R²: -27.6300 | NightHrsTrueNee vs NightHrsModelNee R²: 0.5400
Epoch  4000 | Train Loss: 0.001775 | Val Loss: 0.001773 | Train R²: 0.9371 | Val R²: 0.9380 | NightHrsTrueNEE vs NightHrsModelReco R²: -24.0600 | NightHrsTrueNee vs NightHrsModelNee R²: 0.5800
Epoch  4500 | Train Loss: 0.001676 | Val Loss: 0.001670 | Train R²: 0.9406 | Val R²: 0.9416 | NightHrsTrueNEE vs NightHrsModelReco R²: -20.6100 | NightHrsTrueNee vs NightHrsModelNee R²: 0.6000
Epoch  5000 | Train Loss: 0.001612 | Val Loss: 0.001605 | Train R²: 0.9428 | Val R²: 0.9439 | NightHrsTrueNEE vs NightHrsModelReco R²: -17.6300 | NightHrsTrueNee vs NightHrsModelNee R²: 0.6200
Epoch  5500 | Train Loss: 0.001565 | Val Loss: 0.001555 | Train R²: 0.9445 | Val R²: 0.9456 | NightHrsTrueNEE vs NightHrsModelReco R²: -14.7700 | NightHrsTrueNee vs NightHrsModelNee R²: 0.6400
Epoch  6000 | Train Loss: 0.001528 | Val Loss: 0.001519 | Train R²: 0.9458 | Val R²: 0.9469 | NightHrsTrueNEE vs NightHrsModelReco R²: -12.3400 | NightHrsTrueNee vs NightHrsModelNee R²: 0.6500
Early stopping at epoch 6037 due to flat/negative trend (slope=0.000002)
Epoch  6037 | Train Loss: 0.001526 | Val Loss: 0.001517 | Train R²: 0.9459 | Val R²: 0.9469
Unpickling models
Following models have been loaded and moved to cuda:
trained gpp model:
 SNN_GPP(
  (net): Sequential(
    (0): Linear(in_features=11, out_features=12, bias=True)
    (1): ReLU()
    (2): Linear(in_features=12, out_features=1, bias=True)
    (3): ReLU()
  )
), trained_reco_model:
 SNN_RECO(
  (net): Sequential(
    (0): Linear(in_features=12, out_features=12, bias=True)
    (1): ReLU()
    (2): Linear(in_features=12, out_features=1, bias=True)
    (3): ReLU()
  )
)
using full data set for visualization
Un-normalizing the GPP and RECO predictions using NEE min: tensor([-28.6423]), NEE max: tensor([15.6103])



Metrics for the Custom, with
GPP inputs: ['SW_IN', 'VPD', 'TA', 'WTD', 'WS', 'PotRad', 'PotRadHalfHourlyDiff', 'PotRadDailyAvg', 'WD_COS', 'WD_SIN', 'GPP_PROX']
RECO inputs: ['DOY_sin', 'DOY_cos', 'TA', 'TS_1', 'TS_2', 'TS_3', 'TS_4', 'WTD', 'WS', 'WD_COS', 'WD_SIN', 'NIGHTLY_NEE_AVG']:
dt_gpp vs Custom_GPP R²=-0.04 RMSE=5.52
nt_gpp vs Custom_GPP R²=-0.06 RMSE=5.71
dt_reco vs Custom_RECO R²=-12.09 RMSE=5.47
nt_reco vs Custom_RECO R²=-16.34 RMSE=5.60
night_hours_true_nee vs Custom_night_hours_model_reco R²=-12.21 RMSE=0.83
night_hours_true_nee vs Custom_night_hours_model_nee R²=-12.21 RMSE=0.83
dt_gpp vs nt_gpp R²=0.94 RMSE=1.33
dt_reco vs nt_reco R²=0.71 RMSE=1.00

gpp_input_names,  ['SW_IN', 'VPD', 'TA', 'WTD', 'WS', 'PotRad', 'PotRadHalfHourlyDiff', 'PotRadDailyAvg', 'PotRadDailyDiff', 'WD_SIN', 'GPP_PROX'] 
reco_input_names,  ['DOY_sin', 'DOY_cos', 'TA', 'TS_1', 'TS_2', 'TS_3', 'TS_4', 'WTD', 'WS', 'WD_COS', 'WD_SIN', 'NIGHTLY_NEE_AVG'] 
true_nee_name,  ['NEE'] 

Custom Running on GPU With hidden layer size of 12 Total epochs: 100000 lr: 0.001 patience: 500 min_delta 0.01
SNN_GPP(
  (net): Sequential(
    (0): Linear(in_features=11, out_features=12, bias=True)
    (1): ReLU()
    (2): Linear(in_features=12, out_features=1, bias=True)
    (3): ReLU()
  )
)
SNN_RECO(
  (net): Sequential(
    (0): Linear(in_features=12, out_features=12, bias=True)
    (1): ReLU()
    (2): Linear(in_features=12, out_features=1, bias=True)
    (3): ReLU()
  )
)
Custom will use the Tram vars
Params are min slope: 2e-06, trend window: 100
Epoch     0 | Train Loss: 0.580438 | Val Loss: 0.542975 | Train R²: -19.5833 | Val R²: -17.9891 | NightHrsTrueNEE vs NightHrsModelReco R²: -22.6700 | NightHrsTrueNee vs NightHrsModelNee R²: -141.4500
Epoch   500 | Train Loss: 0.008908 | Val Loss: 0.009209 | Train R²: 0.6841 | Val R²: 0.6779 | NightHrsTrueNEE vs NightHrsModelReco R²: -97.4100 | NightHrsTrueNee vs NightHrsModelNee R²: -2.1400
Epoch  1000 | Train Loss: 0.004740 | Val Loss: 0.004929 | Train R²: 0.8319 | Val R²: 0.8276 | NightHrsTrueNEE vs NightHrsModelReco R²: -93.7900 | NightHrsTrueNee vs NightHrsModelNee R²: -0.4600
Epoch  1500 | Train Loss: 0.003192 | Val Loss: 0.003261 | Train R²: 0.8868 | Val R²: 0.8859 | NightHrsTrueNEE vs NightHrsModelReco R²: -86.6500 | NightHrsTrueNee vs NightHrsModelNee R²: 0.0200
Epoch  2000 | Train Loss: 0.002566 | Val Loss: 0.002604 | Train R²: 0.9090 | Val R²: 0.9089 | NightHrsTrueNEE vs NightHrsModelReco R²: -77.7500 | NightHrsTrueNee vs NightHrsModelNee R²: 0.2600
Epoch  2500 | Train Loss: 0.002219 | Val Loss: 0.002244 | Train R²: 0.9213 | Val R²: 0.9215 | NightHrsTrueNEE vs NightHrsModelReco R²: -72.3500 | NightHrsTrueNee vs NightHrsModelNee R²: 0.4000
Epoch  3000 | Train Loss: 0.001960 | Val Loss: 0.001968 | Train R²: 0.9305 | Val R²: 0.9312 | NightHrsTrueNEE vs NightHrsModelReco R²: -67.6500 | NightHrsTrueNee vs NightHrsModelNee R²: 0.5000
Epoch  3500 | Train Loss: 0.001769 | Val Loss: 0.001761 | Train R²: 0.9373 | Val R²: 0.9384 | NightHrsTrueNEE vs NightHrsModelReco R²: -62.5000 | NightHrsTrueNee vs NightHrsModelNee R²: 0.5700
Epoch  4000 | Train Loss: 0.001677 | Val Loss: 0.001661 | Train R²: 0.9405 | Val R²: 0.9419 | NightHrsTrueNEE vs NightHrsModelReco R²: -58.4700 | NightHrsTrueNee vs NightHrsModelNee R²: 0.6000
Epoch  4500 | Train Loss: 0.001619 | Val Loss: 0.001595 | Train R²: 0.9426 | Val R²: 0.9442 | NightHrsTrueNEE vs NightHrsModelReco R²: -54.1600 | NightHrsTrueNee vs NightHrsModelNee R²: 0.6200
Epoch  5000 | Train Loss: 0.001576 | Val Loss: 0.001548 | Train R²: 0.9441 | Val R²: 0.9459 | NightHrsTrueNEE vs NightHrsModelReco R²: -49.2100 | NightHrsTrueNee vs NightHrsModelNee R²: 0.6300
Epoch  5500 | Train Loss: 0.001536 | Val Loss: 0.001508 | Train R²: 0.9455 | Val R²: 0.9472 | NightHrsTrueNEE vs NightHrsModelReco R²: -43.6300 | NightHrsTrueNee vs NightHrsModelNee R²: 0.6400
Epoch  6000 | Train Loss: 0.001497 | Val Loss: 0.001472 | Train R²: 0.9469 | Val R²: 0.9485 | NightHrsTrueNEE vs NightHrsModelReco R²: -37.8200 | NightHrsTrueNee vs NightHrsModelNee R²: 0.6600
Early stopping at epoch 6189 due to flat/negative trend (slope=0.000002)
Epoch  6189 | Train Loss: 0.001485 | Val Loss: 0.001461 | Train R²: 0.9473 | Val R²: 0.9489
Unpickling models
Following models have been loaded and moved to cuda:
trained gpp model:
 SNN_GPP(
  (net): Sequential(
    (0): Linear(in_features=11, out_features=12, bias=True)
    (1): ReLU()
    (2): Linear(in_features=12, out_features=1, bias=True)
    (3): ReLU()
  )
), trained_reco_model:
 SNN_RECO(
  (net): Sequential(
    (0): Linear(in_features=12, out_features=12, bias=True)
    (1): ReLU()
    (2): Linear(in_features=12, out_features=1, bias=True)
    (3): ReLU()
  )
)
using full data set for visualization
Un-normalizing the GPP and RECO predictions using NEE min: tensor([-28.6423]), NEE max: tensor([15.6103])



Metrics for the Custom, with
GPP inputs: ['SW_IN', 'VPD', 'TA', 'WTD', 'WS', 'PotRad', 'PotRadHalfHourlyDiff', 'PotRadDailyAvg', 'PotRadDailyDiff', 'WD_SIN', 'GPP_PROX']
RECO inputs: ['DOY_sin', 'DOY_cos', 'TA', 'TS_1', 'TS_2', 'TS_3', 'TS_4', 'WTD', 'WS', 'WD_COS', 'WD_SIN', 'NIGHTLY_NEE_AVG']:
dt_gpp vs Custom_GPP R²=-1.66 RMSE=8.83
nt_gpp vs Custom_GPP R²=-1.64 RMSE=9.00
dt_reco vs Custom_RECO R²=-33.19 RMSE=8.84
nt_reco vs Custom_RECO R²=-43.13 RMSE=8.93
night_hours_true_nee vs Custom_night_hours_model_reco R²=-35.61 RMSE=0.82
night_hours_true_nee vs Custom_night_hours_model_nee R²=-35.61 RMSE=0.82
dt_gpp vs nt_gpp R²=0.94 RMSE=1.33
dt_reco vs nt_reco R²=0.71 RMSE=1.00

gpp_input_names,  ['SW_IN', 'VPD', 'TA', 'WTD', 'WS', 'PotRad', 'PotRadHalfHourlyDiff', 'PotRadDailyAvg', 'PotRadDailyDiff', 'WD_COS', 'GPP_PROX'] 
reco_input_names,  ['DOY_sin', 'DOY_cos', 'TA', 'TS_1', 'TS_2', 'TS_3', 'TS_4', 'WTD', 'WS', 'WD_COS', 'WD_SIN', 'NIGHTLY_NEE_AVG'] 
true_nee_name,  ['NEE'] 

Custom Running on GPU With hidden layer size of 12 Total epochs: 100000 lr: 0.001 patience: 500 min_delta 0.01
SNN_GPP(
  (net): Sequential(
    (0): Linear(in_features=11, out_features=12, bias=True)
    (1): ReLU()
    (2): Linear(in_features=12, out_features=1, bias=True)
    (3): ReLU()
  )
)
SNN_RECO(
  (net): Sequential(
    (0): Linear(in_features=12, out_features=12, bias=True)
    (1): ReLU()
    (2): Linear(in_features=12, out_features=1, bias=True)
    (3): ReLU()
  )
)
Custom will use the Tram vars
Params are min slope: 2e-06, trend window: 100
Epoch     0 | Train Loss: 0.540412 | Val Loss: 0.502582 | Train R²: -18.1639 | Val R²: -16.5764 | NightHrsTrueNEE vs NightHrsModelReco R²: -22.6600 | NightHrsTrueNee vs NightHrsModelNee R²: -114.7400
Epoch   500 | Train Loss: 0.009229 | Val Loss: 0.009374 | Train R²: 0.6727 | Val R²: 0.6722 | NightHrsTrueNEE vs NightHrsModelReco R²: -76.8800 | NightHrsTrueNee vs NightHrsModelNee R²: -2.0800
Epoch  1000 | Train Loss: 0.005570 | Val Loss: 0.005693 | Train R²: 0.8025 | Val R²: 0.8009 | NightHrsTrueNEE vs NightHrsModelReco R²: -66.6500 | NightHrsTrueNee vs NightHrsModelNee R²: -0.6000
Epoch  1500 | Train Loss: 0.004060 | Val Loss: 0.004149 | Train R²: 0.8560 | Val R²: 0.8549 | NightHrsTrueNEE vs NightHrsModelReco R²: -62.9500 | NightHrsTrueNee vs NightHrsModelNee R²: -0.0800
Epoch  2000 | Train Loss: 0.003125 | Val Loss: 0.003163 | Train R²: 0.8892 | Val R²: 0.8894 | NightHrsTrueNEE vs NightHrsModelReco R²: -60.8100 | NightHrsTrueNee vs NightHrsModelNee R²: 0.2100
Epoch  2500 | Train Loss: 0.002531 | Val Loss: 0.002553 | Train R²: 0.9103 | Val R²: 0.9107 | NightHrsTrueNEE vs NightHrsModelReco R²: -60.6000 | NightHrsTrueNee vs NightHrsModelNee R²: 0.3800
Epoch  3000 | Train Loss: 0.002127 | Val Loss: 0.002136 | Train R²: 0.9246 | Val R²: 0.9253 | NightHrsTrueNEE vs NightHrsModelReco R²: -59.4400 | NightHrsTrueNee vs NightHrsModelNee R²: 0.4900
Epoch  3500 | Train Loss: 0.001873 | Val Loss: 0.001872 | Train R²: 0.9336 | Val R²: 0.9345 | NightHrsTrueNEE vs NightHrsModelReco R²: -55.5300 | NightHrsTrueNee vs NightHrsModelNee R²: 0.5600
Epoch  4000 | Train Loss: 0.001694 | Val Loss: 0.001682 | Train R²: 0.9399 | Val R²: 0.9412 | NightHrsTrueNEE vs NightHrsModelReco R²: -52.6900 | NightHrsTrueNee vs NightHrsModelNee R²: 0.6000
Epoch  4500 | Train Loss: 0.001592 | Val Loss: 0.001577 | Train R²: 0.9435 | Val R²: 0.9448 | NightHrsTrueNEE vs NightHrsModelReco R²: -49.7200 | NightHrsTrueNee vs NightHrsModelNee R²: 0.6200
Epoch  5000 | Train Loss: 0.001520 | Val Loss: 0.001517 | Train R²: 0.9461 | Val R²: 0.9469 | NightHrsTrueNEE vs NightHrsModelReco R²: -44.4500 | NightHrsTrueNee vs NightHrsModelNee R²: 0.6300
Epoch  5500 | Train Loss: 0.001473 | Val Loss: 0.001476 | Train R²: 0.9478 | Val R²: 0.9484 | NightHrsTrueNEE vs NightHrsModelReco R²: -38.6700 | NightHrsTrueNee vs NightHrsModelNee R²: 0.6500
Epoch  6000 | Train Loss: 0.001434 | Val Loss: 0.001439 | Train R²: 0.9492 | Val R²: 0.9497 | NightHrsTrueNEE vs NightHrsModelReco R²: -34.7700 | NightHrsTrueNee vs NightHrsModelNee R²: 0.6600
Early stopping at epoch 6164 due to flat/negative trend (slope=0.000002)
Epoch  6164 | Train Loss: 0.001422 | Val Loss: 0.001429 | Train R²: 0.9496 | Val R²: 0.9500
Unpickling models
Following models have been loaded and moved to cuda:
trained gpp model:
 SNN_GPP(
  (net): Sequential(
    (0): Linear(in_features=11, out_features=12, bias=True)
    (1): ReLU()
    (2): Linear(in_features=12, out_features=1, bias=True)
    (3): ReLU()
  )
), trained_reco_model:
 SNN_RECO(
  (net): Sequential(
    (0): Linear(in_features=12, out_features=12, bias=True)
    (1): ReLU()
    (2): Linear(in_features=12, out_features=1, bias=True)
    (3): ReLU()
  )
)
using full data set for visualization
Un-normalizing the GPP and RECO predictions using NEE min: tensor([-28.6423]), NEE max: tensor([15.6103])



Metrics for the Custom, with
GPP inputs: ['SW_IN', 'VPD', 'TA', 'WTD', 'WS', 'PotRad', 'PotRadHalfHourlyDiff', 'PotRadDailyAvg', 'PotRadDailyDiff', 'WD_COS', 'GPP_PROX']
RECO inputs: ['DOY_sin', 'DOY_cos', 'TA', 'TS_1', 'TS_2', 'TS_3', 'TS_4', 'WTD', 'WS', 'WD_COS', 'WD_SIN', 'NIGHTLY_NEE_AVG']:
dt_gpp vs Custom_GPP R²=-1.59 RMSE=8.71
nt_gpp vs Custom_GPP R²=-1.58 RMSE=8.89
dt_reco vs Custom_RECO R²=-32.24 RMSE=8.71
nt_reco vs Custom_RECO R²=-42.04 RMSE=8.82
night_hours_true_nee vs Custom_night_hours_model_reco R²=-33.94 RMSE=0.81
night_hours_true_nee vs Custom_night_hours_model_nee R²=-33.94 RMSE=0.81
dt_gpp vs nt_gpp R²=0.94 RMSE=1.33
dt_reco vs nt_reco R²=0.71 RMSE=1.00

gpp_input_names,  ['SW_IN', 'VPD', 'TA', 'WTD', 'WS', 'PotRad', 'PotRadHalfHourlyDiff', 'PotRadDailyAvg', 'PotRadDailyDiff', 'WD_COS', 'WD_SIN'] 
reco_input_names,  ['DOY_sin', 'DOY_cos', 'TA', 'TS_1', 'TS_2', 'TS_3', 'TS_4', 'WTD', 'WS', 'WD_COS', 'WD_SIN', 'NIGHTLY_NEE_AVG'] 
true_nee_name,  ['NEE'] 

Custom Running on GPU With hidden layer size of 12 Total epochs: 100000 lr: 0.001 patience: 500 min_delta 0.01
SNN_GPP(
  (net): Sequential(
    (0): Linear(in_features=11, out_features=12, bias=True)
    (1): ReLU()
    (2): Linear(in_features=12, out_features=1, bias=True)
    (3): ReLU()
  )
)
SNN_RECO(
  (net): Sequential(
    (0): Linear(in_features=12, out_features=12, bias=True)
    (1): ReLU()
    (2): Linear(in_features=12, out_features=1, bias=True)
    (3): ReLU()
  )
)
Custom will use the Tram vars
Params are min slope: 2e-06, trend window: 100
Epoch     0 | Train Loss: 0.590477 | Val Loss: 0.554130 | Train R²: -19.9393 | Val R²: -18.3792 | NightHrsTrueNEE vs NightHrsModelReco R²: -22.6800 | NightHrsTrueNee vs NightHrsModelNee R²: -146.0700
Epoch   500 | Train Loss: 0.010368 | Val Loss: 0.010627 | Train R²: 0.6323 | Val R²: 0.6284 | NightHrsTrueNEE vs NightHrsModelReco R²: -82.9700 | NightHrsTrueNee vs NightHrsModelNee R²: -1.9700
Epoch  1000 | Train Loss: 0.006336 | Val Loss: 0.006529 | Train R²: 0.7753 | Val R²: 0.7717 | NightHrsTrueNEE vs NightHrsModelReco R²: -71.6900 | NightHrsTrueNee vs NightHrsModelNee R²: -0.5600
Epoch  1500 | Train Loss: 0.005058 | Val Loss: 0.005193 | Train R²: 0.8206 | Val R²: 0.8184 | NightHrsTrueNEE vs NightHrsModelReco R²: -62.3600 | NightHrsTrueNee vs NightHrsModelNee R²: -0.1000
Epoch  2000 | Train Loss: 0.004346 | Val Loss: 0.004413 | Train R²: 0.8459 | Val R²: 0.8456 | NightHrsTrueNEE vs NightHrsModelReco R²: -54.1900 | NightHrsTrueNee vs NightHrsModelNee R²: 0.1400
Epoch  2500 | Train Loss: 0.003913 | Val Loss: 0.003923 | Train R²: 0.8612 | Val R²: 0.8628 | NightHrsTrueNEE vs NightHrsModelReco R²: -49.7800 | NightHrsTrueNee vs NightHrsModelNee R²: 0.2700
Epoch  3000 | Train Loss: 0.003585 | Val Loss: 0.003573 | Train R²: 0.8729 | Val R²: 0.8751 | NightHrsTrueNEE vs NightHrsModelReco R²: -45.8900 | NightHrsTrueNee vs NightHrsModelNee R²: 0.3500
Epoch  3500 | Train Loss: 0.003330 | Val Loss: 0.003319 | Train R²: 0.8819 | Val R²: 0.8839 | NightHrsTrueNEE vs NightHrsModelReco R²: -42.3900 | NightHrsTrueNee vs NightHrsModelNee R²: 0.3900
Epoch  4000 | Train Loss: 0.003118 | Val Loss: 0.003107 | Train R²: 0.8894 | Val R²: 0.8913 | NightHrsTrueNEE vs NightHrsModelReco R²: -39.0900 | NightHrsTrueNee vs NightHrsModelNee R²: 0.4300
Epoch  4500 | Train Loss: 0.002945 | Val Loss: 0.002943 | Train R²: 0.8956 | Val R²: 0.8971 | NightHrsTrueNEE vs NightHrsModelReco R²: -36.4200 | NightHrsTrueNee vs NightHrsModelNee R²: 0.4600
Epoch  5000 | Train Loss: 0.002657 | Val Loss: 0.002653 | Train R²: 0.9058 | Val R²: 0.9072 | NightHrsTrueNEE vs NightHrsModelReco R²: -35.1300 | NightHrsTrueNee vs NightHrsModelNee R²: 0.5100
Epoch  5500 | Train Loss: 0.002393 | Val Loss: 0.002400 | Train R²: 0.9151 | Val R²: 0.9161 | NightHrsTrueNEE vs NightHrsModelReco R²: -29.7900 | NightHrsTrueNee vs NightHrsModelNee R²: 0.5600
Epoch  6000 | Train Loss: 0.002295 | Val Loss: 0.002299 | Train R²: 0.9186 | Val R²: 0.9196 | NightHrsTrueNEE vs NightHrsModelReco R²: -28.5700 | NightHrsTrueNee vs NightHrsModelNee R²: 0.5800
Epoch  6500 | Train Loss: 0.002231 | Val Loss: 0.002235 | Train R²: 0.9209 | Val R²: 0.9218 | NightHrsTrueNEE vs NightHrsModelReco R²: -28.7400 | NightHrsTrueNee vs NightHrsModelNee R²: 0.5900
Epoch  7000 | Train Loss: 0.002181 | Val Loss: 0.002185 | Train R²: 0.9227 | Val R²: 0.9236 | NightHrsTrueNEE vs NightHrsModelReco R²: -29.3400 | NightHrsTrueNee vs NightHrsModelNee R²: 0.6000
Epoch  7500 | Train Loss: 0.002136 | Val Loss: 0.002142 | Train R²: 0.9243 | Val R²: 0.9251 | NightHrsTrueNEE vs NightHrsModelReco R²: -30.8500 | NightHrsTrueNee vs NightHrsModelNee R²: 0.6000
Epoch  8000 | Train Loss: 0.002091 | Val Loss: 0.002093 | Train R²: 0.9259 | Val R²: 0.9268 | NightHrsTrueNEE vs NightHrsModelReco R²: -32.2000 | NightHrsTrueNee vs NightHrsModelNee R²: 0.6100
Epoch  8500 | Train Loss: 0.002049 | Val Loss: 0.002044 | Train R²: 0.9274 | Val R²: 0.9285 | NightHrsTrueNEE vs NightHrsModelReco R²: -32.7400 | NightHrsTrueNee vs NightHrsModelNee R²: 0.6200
Early stopping at epoch 8663 due to flat/negative trend (slope=0.000002)
Epoch  8663 | Train Loss: 0.002039 | Val Loss: 0.002037 | Train R²: 0.9277 | Val R²: 0.9287
Unpickling models
Following models have been loaded and moved to cuda:
trained gpp model:
 SNN_GPP(
  (net): Sequential(
    (0): Linear(in_features=11, out_features=12, bias=True)
    (1): ReLU()
    (2): Linear(in_features=12, out_features=1, bias=True)
    (3): ReLU()
  )
), trained_reco_model:
 SNN_RECO(
  (net): Sequential(
    (0): Linear(in_features=12, out_features=12, bias=True)
    (1): ReLU()
    (2): Linear(in_features=12, out_features=1, bias=True)
    (3): ReLU()
  )
)
using full data set for visualization
Un-normalizing the GPP and RECO predictions using NEE min: tensor([-28.6423]), NEE max: tensor([15.6103])



Metrics for the Custom, with
GPP inputs: ['SW_IN', 'VPD', 'TA', 'WTD', 'WS', 'PotRad', 'PotRadHalfHourlyDiff', 'PotRadDailyAvg', 'PotRadDailyDiff', 'WD_COS', 'WD_SIN']
RECO inputs: ['DOY_sin', 'DOY_cos', 'TA', 'TS_1', 'TS_2', 'TS_3', 'TS_4', 'WTD', 'WS', 'WD_COS', 'WD_SIN', 'NIGHTLY_NEE_AVG']:
dt_gpp vs Custom_GPP R²=-1.12 RMSE=7.89
nt_gpp vs Custom_GPP R²=-1.11 RMSE=8.05
dt_reco vs Custom_RECO R²=-26.27 RMSE=7.89
nt_reco vs Custom_RECO R²=-33.50 RMSE=7.90
night_hours_true_nee vs Custom_night_hours_model_reco R²=-32.17 RMSE=0.87
night_hours_true_nee vs Custom_night_hours_model_nee R²=-32.17 RMSE=0.87
dt_gpp vs nt_gpp R²=0.94 RMSE=1.33
dt_reco vs nt_reco R²=0.71 RMSE=1.00

gpp_input_names,  ['SW_IN', 'VPD', 'TA', 'WTD', 'WS', 'PotRad', 'PotRadHalfHourlyDiff', 'PotRadDailyAvg', 'PotRadDailyDiff', 'WD_COS', 'WD_SIN', 'GPP_PROX'] 
reco_input_names,  ['DOY_cos', 'TA', 'TS_1', 'TS_2', 'TS_3', 'TS_4', 'WTD', 'WS', 'WD_COS', 'WD_SIN', 'NIGHTLY_NEE_AVG'] 
true_nee_name,  ['NEE'] 

Custom Running on GPU With hidden layer size of 12 Total epochs: 100000 lr: 0.001 patience: 500 min_delta 0.01
SNN_GPP(
  (net): Sequential(
    (0): Linear(in_features=12, out_features=12, bias=True)
    (1): ReLU()
    (2): Linear(in_features=12, out_features=1, bias=True)
    (3): ReLU()
  )
)
SNN_RECO(
  (net): Sequential(
    (0): Linear(in_features=11, out_features=12, bias=True)
    (1): ReLU()
    (2): Linear(in_features=12, out_features=1, bias=True)
    (3): ReLU()
  )
)
Custom will use the Tram vars
Params are min slope: 2e-06, trend window: 100
Epoch     0 | Train Loss: 0.158344 | Val Loss: 0.154251 | Train R²: -4.6151 | Val R²: -4.3945 | NightHrsTrueNEE vs NightHrsModelReco R²: -18.0800 | NightHrsTrueNee vs NightHrsModelNee R²: -19.7600
Epoch   500 | Train Loss: 0.004448 | Val Loss: 0.004394 | Train R²: 0.8423 | Val R²: 0.8463 | NightHrsTrueNEE vs NightHrsModelReco R²: -0.7400 | NightHrsTrueNee vs NightHrsModelNee R²: -0.7500
Epoch  1000 | Train Loss: 0.003132 | Val Loss: 0.003090 | Train R²: 0.8889 | Val R²: 0.8919 | NightHrsTrueNEE vs NightHrsModelReco R²: -0.1000 | NightHrsTrueNee vs NightHrsModelNee R²: -0.1100
Epoch  1500 | Train Loss: 0.001899 | Val Loss: 0.001893 | Train R²: 0.9327 | Val R²: 0.9338 | NightHrsTrueNEE vs NightHrsModelReco R²: 0.5800 | NightHrsTrueNee vs NightHrsModelNee R²: 0.5700
Epoch  2000 | Train Loss: 0.001619 | Val Loss: 0.001599 | Train R²: 0.9426 | Val R²: 0.9441 | NightHrsTrueNEE vs NightHrsModelReco R²: 0.6200 | NightHrsTrueNee vs NightHrsModelNee R²: 0.6200
Epoch  2500 | Train Loss: 0.001487 | Val Loss: 0.001480 | Train R²: 0.9473 | Val R²: 0.9482 | NightHrsTrueNEE vs NightHrsModelReco R²: 0.6500 | NightHrsTrueNee vs NightHrsModelNee R²: 0.6500
Epoch  3000 | Train Loss: 0.001440 | Val Loss: 0.001434 | Train R²: 0.9489 | Val R²: 0.9499 | NightHrsTrueNEE vs NightHrsModelReco R²: 0.6600 | NightHrsTrueNee vs NightHrsModelNee R²: 0.6600
Early stopping at epoch 3317 due to flat/negative trend (slope=0.000002)
Epoch  3317 | Train Loss: 0.001422 | Val Loss: 0.001414 | Train R²: 0.9496 | Val R²: 0.9505
Unpickling models
Following models have been loaded and moved to cuda:
trained gpp model:
 SNN_GPP(
  (net): Sequential(
    (0): Linear(in_features=12, out_features=12, bias=True)
    (1): ReLU()
    (2): Linear(in_features=12, out_features=1, bias=True)
    (3): ReLU()
  )
), trained_reco_model:
 SNN_RECO(
  (net): Sequential(
    (0): Linear(in_features=11, out_features=12, bias=True)
    (1): ReLU()
    (2): Linear(in_features=12, out_features=1, bias=True)
    (3): ReLU()
  )
)
using full data set for visualization
Un-normalizing the GPP and RECO predictions using NEE min: tensor([-28.6423]), NEE max: tensor([15.6103])



Metrics for the Custom, with
GPP inputs: ['SW_IN', 'VPD', 'TA', 'WTD', 'WS', 'PotRad', 'PotRadHalfHourlyDiff', 'PotRadDailyAvg', 'PotRadDailyDiff', 'WD_COS', 'WD_SIN', 'GPP_PROX']
RECO inputs: ['DOY_cos', 'TA', 'TS_1', 'TS_2', 'TS_3', 'TS_4', 'WTD', 'WS', 'WD_COS', 'WD_SIN', 'NIGHTLY_NEE_AVG']:
dt_gpp vs Custom_GPP R²=0.97 RMSE=0.95
nt_gpp vs Custom_GPP R²=0.95 RMSE=1.29
dt_reco vs Custom_RECO R²=0.56 RMSE=1.00
nt_reco vs Custom_RECO R²=0.70 RMSE=0.73
night_hours_true_nee vs Custom_night_hours_model_reco R²=0.66 RMSE=0.81
night_hours_true_nee vs Custom_night_hours_model_nee R²=0.66 RMSE=0.81
dt_gpp vs nt_gpp R²=0.94 RMSE=1.33
dt_reco vs nt_reco R²=0.71 RMSE=1.00

gpp_input_names,  ['SW_IN', 'VPD', 'TA', 'WTD', 'WS', 'PotRad', 'PotRadHalfHourlyDiff', 'PotRadDailyAvg', 'PotRadDailyDiff', 'WD_COS', 'WD_SIN', 'GPP_PROX'] 
reco_input_names,  ['DOY_sin', 'TA', 'TS_1', 'TS_2', 'TS_3', 'TS_4', 'WTD', 'WS', 'WD_COS', 'WD_SIN', 'NIGHTLY_NEE_AVG'] 
true_nee_name,  ['NEE'] 

Custom Running on GPU With hidden layer size of 12 Total epochs: 100000 lr: 0.001 patience: 500 min_delta 0.01
SNN_GPP(
  (net): Sequential(
    (0): Linear(in_features=12, out_features=12, bias=True)
    (1): ReLU()
    (2): Linear(in_features=12, out_features=1, bias=True)
    (3): ReLU()
  )
)
SNN_RECO(
  (net): Sequential(
    (0): Linear(in_features=11, out_features=12, bias=True)
    (1): ReLU()
    (2): Linear(in_features=12, out_features=1, bias=True)
    (3): ReLU()
  )
)
Custom will use the Tram vars
Params are min slope: 2e-06, trend window: 100
Epoch     0 | Train Loss: 0.147340 | Val Loss: 0.143558 | Train R²: -4.2249 | Val R²: -4.0206 | NightHrsTrueNEE vs NightHrsModelReco R²: -23.2600 | NightHrsTrueNee vs NightHrsModelNee R²: -30.2500
Epoch   500 | Train Loss: 0.025764 | Val Loss: 0.026201 | Train R²: 0.0864 | Val R²: 0.0837 | NightHrsTrueNEE vs NightHrsModelReco R²: -1.5300 | NightHrsTrueNee vs NightHrsModelNee R²: -1.5300
Epoch  1000 | Train Loss: 0.025349 | Val Loss: 0.025779 | Train R²: 0.1011 | Val R²: 0.0985 | NightHrsTrueNEE vs NightHrsModelReco R²: -1.2300 | NightHrsTrueNee vs NightHrsModelNee R²: -1.2300
Epoch  1500 | Train Loss: 0.024795 | Val Loss: 0.025258 | Train R²: 0.1207 | Val R²: 0.1167 | NightHrsTrueNEE vs NightHrsModelReco R²: -0.9300 | NightHrsTrueNee vs NightHrsModelNee R²: -0.9300
Epoch  2000 | Train Loss: 0.024338 | Val Loss: 0.024802 | Train R²: 0.1369 | Val R²: 0.1326 | NightHrsTrueNEE vs NightHrsModelReco R²: -0.6700 | NightHrsTrueNee vs NightHrsModelNee R²: -0.6700
Epoch  2500 | Train Loss: 0.024121 | Val Loss: 0.024610 | Train R²: 0.1446 | Val R²: 0.1393 | NightHrsTrueNEE vs NightHrsModelReco R²: -0.5200 | NightHrsTrueNee vs NightHrsModelNee R²: -0.5200
Epoch  3000 | Train Loss: 0.024036 | Val Loss: 0.024528 | Train R²: 0.1476 | Val R²: 0.1422 | NightHrsTrueNEE vs NightHrsModelReco R²: -0.4500 | NightHrsTrueNee vs NightHrsModelNee R²: -0.4500
Epoch  3500 | Train Loss: 0.023954 | Val Loss: 0.024442 | Train R²: 0.1506 | Val R²: 0.1452 | NightHrsTrueNEE vs NightHrsModelReco R²: -0.3700 | NightHrsTrueNee vs NightHrsModelNee R²: -0.3700
Epoch  4000 | Train Loss: 0.023842 | Val Loss: 0.024334 | Train R²: 0.1545 | Val R²: 0.1490 | NightHrsTrueNEE vs NightHrsModelReco R²: -0.3000 | NightHrsTrueNee vs NightHrsModelNee R²: -0.3000
Epoch  4500 | Train Loss: 0.023773 | Val Loss: 0.024275 | Train R²: 0.1570 | Val R²: 0.1511 | NightHrsTrueNEE vs NightHrsModelReco R²: -0.2400 | NightHrsTrueNee vs NightHrsModelNee R²: -0.2400
Early stopping at epoch 4836 due to flat/negative trend (slope=0.000002)
Epoch  4836 | Train Loss: 0.023736 | Val Loss: 0.024249 | Train R²: 0.1583 | Val R²: 0.1520
Unpickling models
Following models have been loaded and moved to cuda:
trained gpp model:
 SNN_GPP(
  (net): Sequential(
    (0): Linear(in_features=12, out_features=12, bias=True)
    (1): ReLU()
    (2): Linear(in_features=12, out_features=1, bias=True)
    (3): ReLU()
  )
), trained_reco_model:
 SNN_RECO(
  (net): Sequential(
    (0): Linear(in_features=11, out_features=12, bias=True)
    (1): ReLU()
    (2): Linear(in_features=12, out_features=1, bias=True)
    (3): ReLU()
  )
)
using full data set for visualization
Un-normalizing the GPP and RECO predictions using NEE min: tensor([-28.6423]), NEE max: tensor([15.6103])



Metrics for the Custom, with
GPP inputs: ['SW_IN', 'VPD', 'TA', 'WTD', 'WS', 'PotRad', 'PotRadHalfHourlyDiff', 'PotRadDailyAvg', 'PotRadDailyDiff', 'WD_COS', 'WD_SIN', 'GPP_PROX']
RECO inputs: ['DOY_sin', 'TA', 'TS_1', 'TS_2', 'TS_3', 'TS_4', 'WTD', 'WS', 'WD_COS', 'WD_SIN', 'NIGHTLY_NEE_AVG']:
dt_gpp vs Custom_GPP R²=-0.27 RMSE=6.10
nt_gpp vs Custom_GPP R²=-0.23 RMSE=6.15
dt_reco vs Custom_RECO R²=-1.96 RMSE=2.60
nt_reco vs Custom_RECO R²=-2.22 RMSE=2.41
night_hours_true_nee vs Custom_night_hours_model_reco R²=-0.21 RMSE=1.53
night_hours_true_nee vs Custom_night_hours_model_nee R²=-0.21 RMSE=1.53
dt_gpp vs nt_gpp R²=0.94 RMSE=1.33
dt_reco vs nt_reco R²=0.71 RMSE=1.00

gpp_input_names,  ['SW_IN', 'VPD', 'TA', 'WTD', 'WS', 'PotRad', 'PotRadHalfHourlyDiff', 'PotRadDailyAvg', 'PotRadDailyDiff', 'WD_COS', 'WD_SIN', 'GPP_PROX'] 
reco_input_names,  ['DOY_sin', 'DOY_cos', 'TS_1', 'TS_2', 'TS_3', 'TS_4', 'WTD', 'WS', 'WD_COS', 'WD_SIN', 'NIGHTLY_NEE_AVG'] 
true_nee_name,  ['NEE'] 

Custom Running on GPU With hidden layer size of 12 Total epochs: 100000 lr: 0.001 patience: 500 min_delta 0.01
SNN_GPP(
  (net): Sequential(
    (0): Linear(in_features=12, out_features=12, bias=True)
    (1): ReLU()
    (2): Linear(in_features=12, out_features=1, bias=True)
    (3): ReLU()
  )
)
SNN_RECO(
  (net): Sequential(
    (0): Linear(in_features=11, out_features=12, bias=True)
    (1): ReLU()
    (2): Linear(in_features=12, out_features=1, bias=True)
    (3): ReLU()
  )
)
Custom will use the Tram vars
Params are min slope: 2e-06, trend window: 100
Epoch     0 | Train Loss: 0.092596 | Val Loss: 0.086801 | Train R²: -2.2836 | Val R²: -2.0356 | NightHrsTrueNEE vs NightHrsModelReco R²: -23.1500 | NightHrsTrueNee vs NightHrsModelNee R²: -32.4400
Epoch   500 | Train Loss: 0.026191 | Val Loss: 0.026620 | Train R²: 0.0712 | Val R²: 0.0690 | NightHrsTrueNEE vs NightHrsModelReco R²: -2.0600 | NightHrsTrueNee vs NightHrsModelNee R²: -2.0600
Epoch  1000 | Train Loss: 0.025278 | Val Loss: 0.025675 | Train R²: 0.1036 | Val R²: 0.1021 | NightHrsTrueNEE vs NightHrsModelReco R²: -1.1400 | NightHrsTrueNee vs NightHrsModelNee R²: -1.1400
Epoch  1500 | Train Loss: 0.024914 | Val Loss: 0.025381 | Train R²: 0.1165 | Val R²: 0.1124 | NightHrsTrueNEE vs NightHrsModelReco R²: -0.9000 | NightHrsTrueNee vs NightHrsModelNee R²: -0.9000
Epoch  2000 | Train Loss: 0.024616 | Val Loss: 0.025084 | Train R²: 0.1271 | Val R²: 0.1228 | NightHrsTrueNEE vs NightHrsModelReco R²: -0.7200 | NightHrsTrueNee vs NightHrsModelNee R²: -0.7200
Epoch  2500 | Train Loss: 0.024504 | Val Loss: 0.024975 | Train R²: 0.1310 | Val R²: 0.1266 | NightHrsTrueNEE vs NightHrsModelReco R²: -0.6500 | NightHrsTrueNee vs NightHrsModelNee R²: -0.6500
Epoch  3000 | Train Loss: 0.024412 | Val Loss: 0.024886 | Train R²: 0.1343 | Val R²: 0.1297 | NightHrsTrueNEE vs NightHrsModelReco R²: -0.5900 | NightHrsTrueNee vs NightHrsModelNee R²: -0.5900
Epoch  3500 | Train Loss: 0.024092 | Val Loss: 0.024531 | Train R²: 0.1457 | Val R²: 0.1421 | NightHrsTrueNEE vs NightHrsModelReco R²: -0.4700 | NightHrsTrueNee vs NightHrsModelNee R²: -0.4800
Epoch  4000 | Train Loss: 0.001768 | Val Loss: 0.001737 | Train R²: 0.9373 | Val R²: 0.9393 | NightHrsTrueNEE vs NightHrsModelReco R²: 0.6100 | NightHrsTrueNee vs NightHrsModelNee R²: 0.6200
Epoch  4500 | Train Loss: 0.001493 | Val Loss: 0.001480 | Train R²: 0.9471 | Val R²: 0.9482 | NightHrsTrueNEE vs NightHrsModelReco R²: 0.6600 | NightHrsTrueNee vs NightHrsModelNee R²: 0.6600
Epoch  5000 | Train Loss: 0.001401 | Val Loss: 0.001391 | Train R²: 0.9503 | Val R²: 0.9514 | NightHrsTrueNEE vs NightHrsModelReco R²: 0.6800 | NightHrsTrueNee vs NightHrsModelNee R²: 0.6800
Epoch  5500 | Train Loss: 0.001348 | Val Loss: 0.001329 | Train R²: 0.9522 | Val R²: 0.9535 | NightHrsTrueNEE vs NightHrsModelReco R²: 0.6900 | NightHrsTrueNee vs NightHrsModelNee R²: 0.6900
Early stopping at epoch 5974 due to flat/negative trend (slope=0.000002)
Epoch  5974 | Train Loss: 0.001310 | Val Loss: 0.001285 | Train R²: 0.9535 | Val R²: 0.9551
Unpickling models
Following models have been loaded and moved to cuda:
trained gpp model:
 SNN_GPP(
  (net): Sequential(
    (0): Linear(in_features=12, out_features=12, bias=True)
    (1): ReLU()
    (2): Linear(in_features=12, out_features=1, bias=True)
    (3): ReLU()
  )
), trained_reco_model:
 SNN_RECO(
  (net): Sequential(
    (0): Linear(in_features=11, out_features=12, bias=True)
    (1): ReLU()
    (2): Linear(in_features=12, out_features=1, bias=True)
    (3): ReLU()
  )
)
using full data set for visualization
Un-normalizing the GPP and RECO predictions using NEE min: tensor([-28.6423]), NEE max: tensor([15.6103])



Metrics for the Custom, with
GPP inputs: ['SW_IN', 'VPD', 'TA', 'WTD', 'WS', 'PotRad', 'PotRadHalfHourlyDiff', 'PotRadDailyAvg', 'PotRadDailyDiff', 'WD_COS', 'WD_SIN', 'GPP_PROX']
RECO inputs: ['DOY_sin', 'DOY_cos', 'TS_1', 'TS_2', 'TS_3', 'TS_4', 'WTD', 'WS', 'WD_COS', 'WD_SIN', 'NIGHTLY_NEE_AVG']:
dt_gpp vs Custom_GPP R²=0.97 RMSE=0.93
nt_gpp vs Custom_GPP R²=0.95 RMSE=1.25
dt_reco vs Custom_RECO R²=0.62 RMSE=0.93
nt_reco vs Custom_RECO R²=0.76 RMSE=0.66
night_hours_true_nee vs Custom_night_hours_model_reco R²=0.68 RMSE=0.78
night_hours_true_nee vs Custom_night_hours_model_nee R²=0.68 RMSE=0.78
dt_gpp vs nt_gpp R²=0.94 RMSE=1.33
dt_reco vs nt_reco R²=0.71 RMSE=1.00

gpp_input_names,  ['SW_IN', 'VPD', 'TA', 'WTD', 'WS', 'PotRad', 'PotRadHalfHourlyDiff', 'PotRadDailyAvg', 'PotRadDailyDiff', 'WD_COS', 'WD_SIN', 'GPP_PROX'] 
reco_input_names,  ['DOY_sin', 'DOY_cos', 'TA', 'TS_2', 'TS_3', 'TS_4', 'WTD', 'WS', 'WD_COS', 'WD_SIN', 'NIGHTLY_NEE_AVG'] 
true_nee_name,  ['NEE'] 

Custom Running on GPU With hidden layer size of 12 Total epochs: 100000 lr: 0.001 patience: 500 min_delta 0.01
SNN_GPP(
  (net): Sequential(
    (0): Linear(in_features=12, out_features=12, bias=True)
    (1): ReLU()
    (2): Linear(in_features=12, out_features=1, bias=True)
    (3): ReLU()
  )
)
SNN_RECO(
  (net): Sequential(
    (0): Linear(in_features=11, out_features=12, bias=True)
    (1): ReLU()
    (2): Linear(in_features=12, out_features=1, bias=True)
    (3): ReLU()
  )
)
Custom will use the Tram vars
Params are min slope: 2e-06, trend window: 100
Epoch     0 | Train Loss: 0.088648 | Val Loss: 0.083204 | Train R²: -2.1436 | Val R²: -1.9098 | NightHrsTrueNEE vs NightHrsModelReco R²: -20.9400 | NightHrsTrueNee vs NightHrsModelNee R²: -30.4600
Epoch   500 | Train Loss: 0.025881 | Val Loss: 0.026235 | Train R²: 0.0822 | Val R²: 0.0825 | NightHrsTrueNEE vs NightHrsModelReco R²: -1.7000 | NightHrsTrueNee vs NightHrsModelNee R²: -1.7000
Epoch  1000 | Train Loss: 0.025184 | Val Loss: 0.025579 | Train R²: 0.1069 | Val R²: 0.1054 | NightHrsTrueNEE vs NightHrsModelReco R²: -1.0700 | NightHrsTrueNee vs NightHrsModelNee R²: -1.0700
Epoch  1500 | Train Loss: 0.024887 | Val Loss: 0.025291 | Train R²: 0.1175 | Val R²: 0.1155 | NightHrsTrueNEE vs NightHrsModelReco R²: -0.8400 | NightHrsTrueNee vs NightHrsModelNee R²: -0.8400
Epoch  2000 | Train Loss: 0.024380 | Val Loss: 0.024813 | Train R²: 0.1355 | Val R²: 0.1322 | NightHrsTrueNEE vs NightHrsModelReco R²: -0.5200 | NightHrsTrueNee vs NightHrsModelNee R²: -0.5200
Epoch  2500 | Train Loss: 0.023939 | Val Loss: 0.024393 | Train R²: 0.1511 | Val R²: 0.1469 | NightHrsTrueNEE vs NightHrsModelReco R²: -0.2100 | NightHrsTrueNee vs NightHrsModelNee R²: -0.2100
Epoch  3000 | Train Loss: 0.023781 | Val Loss: 0.024255 | Train R²: 0.1567 | Val R²: 0.1517 | NightHrsTrueNEE vs NightHrsModelReco R²: -0.1200 | NightHrsTrueNee vs NightHrsModelNee R²: -0.1200
Epoch  3500 | Train Loss: 0.023690 | Val Loss: 0.024164 | Train R²: 0.1599 | Val R²: 0.1549 | NightHrsTrueNEE vs NightHrsModelReco R²: -0.0700 | NightHrsTrueNee vs NightHrsModelNee R²: -0.0700
Epoch  4000 | Train Loss: 0.023627 | Val Loss: 0.024098 | Train R²: 0.1621 | Val R²: 0.1572 | NightHrsTrueNEE vs NightHrsModelReco R²: -0.0200 | NightHrsTrueNee vs NightHrsModelNee R²: -0.0200
Epoch  4500 | Train Loss: 0.023565 | Val Loss: 0.024045 | Train R²: 0.1643 | Val R²: 0.1591 | NightHrsTrueNEE vs NightHrsModelReco R²: 0.0200 | NightHrsTrueNee vs NightHrsModelNee R²: 0.0200
Early stopping at epoch 4875 due to flat/negative trend (slope=0.000002)
Epoch  4875 | Train Loss: 0.023534 | Val Loss: 0.024018 | Train R²: 0.1655 | Val R²: 0.1600
Unpickling models
Following models have been loaded and moved to cuda:
trained gpp model:
 SNN_GPP(
  (net): Sequential(
    (0): Linear(in_features=12, out_features=12, bias=True)
    (1): ReLU()
    (2): Linear(in_features=12, out_features=1, bias=True)
    (3): ReLU()
  )
), trained_reco_model:
 SNN_RECO(
  (net): Sequential(
    (0): Linear(in_features=11, out_features=12, bias=True)
    (1): ReLU()
    (2): Linear(in_features=12, out_features=1, bias=True)
    (3): ReLU()
  )
)
using full data set for visualization
Un-normalizing the GPP and RECO predictions using NEE min: tensor([-28.6423]), NEE max: tensor([15.6103])



Metrics for the Custom, with
GPP inputs: ['SW_IN', 'VPD', 'TA', 'WTD', 'WS', 'PotRad', 'PotRadHalfHourlyDiff', 'PotRadDailyAvg', 'PotRadDailyDiff', 'WD_COS', 'WD_SIN', 'GPP_PROX']
RECO inputs: ['DOY_sin', 'DOY_cos', 'TA', 'TS_2', 'TS_3', 'TS_4', 'WTD', 'WS', 'WD_COS', 'WD_SIN', 'NIGHTLY_NEE_AVG']:
dt_gpp vs Custom_GPP R²=-0.27 RMSE=6.10
nt_gpp vs Custom_GPP R²=-0.23 RMSE=6.15
dt_reco vs Custom_RECO R²=-1.80 RMSE=2.53
nt_reco vs Custom_RECO R²=-2.02 RMSE=2.34
night_hours_true_nee vs Custom_night_hours_model_reco R²=0.04 RMSE=1.36
night_hours_true_nee vs Custom_night_hours_model_nee R²=0.04 RMSE=1.36
dt_gpp vs nt_gpp R²=0.94 RMSE=1.33
dt_reco vs nt_reco R²=0.71 RMSE=1.00

gpp_input_names,  ['SW_IN', 'VPD', 'TA', 'WTD', 'WS', 'PotRad', 'PotRadHalfHourlyDiff', 'PotRadDailyAvg', 'PotRadDailyDiff', 'WD_COS', 'WD_SIN', 'GPP_PROX'] 
reco_input_names,  ['DOY_sin', 'DOY_cos', 'TA', 'TS_1', 'TS_3', 'TS_4', 'WTD', 'WS', 'WD_COS', 'WD_SIN', 'NIGHTLY_NEE_AVG'] 
true_nee_name,  ['NEE'] 

Custom Running on GPU With hidden layer size of 12 Total epochs: 100000 lr: 0.001 patience: 500 min_delta 0.01
SNN_GPP(
  (net): Sequential(
    (0): Linear(in_features=12, out_features=12, bias=True)
    (1): ReLU()
    (2): Linear(in_features=12, out_features=1, bias=True)
    (3): ReLU()
  )
)
SNN_RECO(
  (net): Sequential(
    (0): Linear(in_features=11, out_features=12, bias=True)
    (1): ReLU()
    (2): Linear(in_features=12, out_features=1, bias=True)
    (3): ReLU()
  )
)
Custom will use the Tram vars
Params are min slope: 2e-06, trend window: 100
Epoch     0 | Train Loss: 0.093846 | Val Loss: 0.088164 | Train R²: -2.3279 | Val R²: -2.0833 | NightHrsTrueNEE vs NightHrsModelReco R²: -23.5100 | NightHrsTrueNee vs NightHrsModelNee R²: -32.8900
Epoch   500 | Train Loss: 0.026284 | Val Loss: 0.026693 | Train R²: 0.0679 | Val R²: 0.0665 | NightHrsTrueNEE vs NightHrsModelReco R²: -2.1300 | NightHrsTrueNee vs NightHrsModelNee R²: -2.1300
Epoch  1000 | Train Loss: 0.025237 | Val Loss: 0.025614 | Train R²: 0.1050 | Val R²: 0.1042 | NightHrsTrueNEE vs NightHrsModelReco R²: -1.1000 | NightHrsTrueNee vs NightHrsModelNee R²: -1.1000
Epoch  1500 | Train Loss: 0.024802 | Val Loss: 0.025196 | Train R²: 0.1205 | Val R²: 0.1188 | NightHrsTrueNEE vs NightHrsModelReco R²: -0.8100 | NightHrsTrueNee vs NightHrsModelNee R²: -0.8100
Epoch  2000 | Train Loss: 0.024206 | Val Loss: 0.024683 | Train R²: 0.1416 | Val R²: 0.1368 | NightHrsTrueNEE vs NightHrsModelReco R²: -0.5000 | NightHrsTrueNee vs NightHrsModelNee R²: -0.5000
Epoch  2500 | Train Loss: 0.024021 | Val Loss: 0.024501 | Train R²: 0.1482 | Val R²: 0.1432 | NightHrsTrueNEE vs NightHrsModelReco R²: -0.3800 | NightHrsTrueNee vs NightHrsModelNee R²: -0.3800
Epoch  3000 | Train Loss: 0.023843 | Val Loss: 0.024338 | Train R²: 0.1545 | Val R²: 0.1489 | NightHrsTrueNEE vs NightHrsModelReco R²: -0.2900 | NightHrsTrueNee vs NightHrsModelNee R²: -0.2900
Epoch  3500 | Train Loss: 0.023761 | Val Loss: 0.024253 | Train R²: 0.1574 | Val R²: 0.1518 | NightHrsTrueNEE vs NightHrsModelReco R²: -0.2200 | NightHrsTrueNee vs NightHrsModelNee R²: -0.2200
Epoch  4000 | Train Loss: 0.023662 | Val Loss: 0.024160 | Train R²: 0.1609 | Val R²: 0.1551 | NightHrsTrueNEE vs NightHrsModelReco R²: -0.1500 | NightHrsTrueNee vs NightHrsModelNee R²: -0.1500
Early stopping at epoch 4424 due to flat/negative trend (slope=0.000002)
Epoch  4424 | Train Loss: 0.023606 | Val Loss: 0.024114 | Train R²: 0.1629 | Val R²: 0.1567
Unpickling models
Following models have been loaded and moved to cuda:
trained gpp model:
 SNN_GPP(
  (net): Sequential(
    (0): Linear(in_features=12, out_features=12, bias=True)
    (1): ReLU()
    (2): Linear(in_features=12, out_features=1, bias=True)
    (3): ReLU()
  )
), trained_reco_model:
 SNN_RECO(
  (net): Sequential(
    (0): Linear(in_features=11, out_features=12, bias=True)
    (1): ReLU()
    (2): Linear(in_features=12, out_features=1, bias=True)
    (3): ReLU()
  )
)
using full data set for visualization
Un-normalizing the GPP and RECO predictions using NEE min: tensor([-28.6423]), NEE max: tensor([15.6103])



Metrics for the Custom, with
GPP inputs: ['SW_IN', 'VPD', 'TA', 'WTD', 'WS', 'PotRad', 'PotRadHalfHourlyDiff', 'PotRadDailyAvg', 'PotRadDailyDiff', 'WD_COS', 'WD_SIN', 'GPP_PROX']
RECO inputs: ['DOY_sin', 'DOY_cos', 'TA', 'TS_1', 'TS_3', 'TS_4', 'WTD', 'WS', 'WD_COS', 'WD_SIN', 'NIGHTLY_NEE_AVG']:
dt_gpp vs Custom_GPP R²=-0.27 RMSE=6.10
nt_gpp vs Custom_GPP R²=-0.23 RMSE=6.15
dt_reco vs Custom_RECO R²=-1.90 RMSE=2.57
nt_reco vs Custom_RECO R²=-2.18 RMSE=2.40
night_hours_true_nee vs Custom_night_hours_model_reco R²=-0.14 RMSE=1.48
night_hours_true_nee vs Custom_night_hours_model_nee R²=-0.14 RMSE=1.48
dt_gpp vs nt_gpp R²=0.94 RMSE=1.33
dt_reco vs nt_reco R²=0.71 RMSE=1.00

gpp_input_names,  ['SW_IN', 'VPD', 'TA', 'WTD', 'WS', 'PotRad', 'PotRadHalfHourlyDiff', 'PotRadDailyAvg', 'PotRadDailyDiff', 'WD_COS', 'WD_SIN', 'GPP_PROX'] 
reco_input_names,  ['DOY_sin', 'DOY_cos', 'TA', 'TS_1', 'TS_2', 'TS_4', 'WTD', 'WS', 'WD_COS', 'WD_SIN', 'NIGHTLY_NEE_AVG'] 
true_nee_name,  ['NEE'] 

Custom Running on GPU With hidden layer size of 12 Total epochs: 100000 lr: 0.001 patience: 500 min_delta 0.01
SNN_GPP(
  (net): Sequential(
    (0): Linear(in_features=12, out_features=12, bias=True)
    (1): ReLU()
    (2): Linear(in_features=12, out_features=1, bias=True)
    (3): ReLU()
  )
)
SNN_RECO(
  (net): Sequential(
    (0): Linear(in_features=11, out_features=12, bias=True)
    (1): ReLU()
    (2): Linear(in_features=12, out_features=1, bias=True)
    (3): ReLU()
  )
)
Custom will use the Tram vars
Params are min slope: 2e-06, trend window: 100
Epoch     0 | Train Loss: 0.090865 | Val Loss: 0.085402 | Train R²: -2.2222 | Val R²: -1.9867 | NightHrsTrueNEE vs NightHrsModelReco R²: -22.2200 | NightHrsTrueNee vs NightHrsModelNee R²: -31.6600
Epoch   500 | Train Loss: 0.025997 | Val Loss: 0.026361 | Train R²: 0.0781 | Val R²: 0.0781 | NightHrsTrueNEE vs NightHrsModelReco R²: -1.8100 | NightHrsTrueNee vs NightHrsModelNee R²: -1.8100
Epoch  1000 | Train Loss: 0.025175 | Val Loss: 0.025547 | Train R²: 0.1073 | Val R²: 0.1066 | NightHrsTrueNEE vs NightHrsModelReco R²: -1.0700 | NightHrsTrueNee vs NightHrsModelNee R²: -1.0700
Epoch  1500 | Train Loss: 0.024722 | Val Loss: 0.025129 | Train R²: 0.1233 | Val R²: 0.1212 | NightHrsTrueNEE vs NightHrsModelReco R²: -0.7600 | NightHrsTrueNee vs NightHrsModelNee R²: -0.7600
Epoch  2000 | Train Loss: 0.024129 | Val Loss: 0.024580 | Train R²: 0.1443 | Val R²: 0.1404 | NightHrsTrueNEE vs NightHrsModelReco R²: -0.4100 | NightHrsTrueNee vs NightHrsModelNee R²: -0.4100
Epoch  2500 | Train Loss: 0.023765 | Val Loss: 0.024248 | Train R²: 0.1573 | Val R²: 0.1520 | NightHrsTrueNEE vs NightHrsModelReco R²: -0.2000 | NightHrsTrueNee vs NightHrsModelNee R²: -0.2000
Epoch  3000 | Train Loss: 0.023664 | Val Loss: 0.024156 | Train R²: 0.1608 | Val R²: 0.1552 | NightHrsTrueNEE vs NightHrsModelReco R²: -0.1200 | NightHrsTrueNee vs NightHrsModelNee R²: -0.1200
Epoch  3500 | Train Loss: 0.023614 | Val Loss: 0.024108 | Train R²: 0.1626 | Val R²: 0.1569 | NightHrsTrueNEE vs NightHrsModelReco R²: -0.0800 | NightHrsTrueNee vs NightHrsModelNee R²: -0.0800
Epoch  4000 | Train Loss: 0.023573 | Val Loss: 0.024066 | Train R²: 0.1641 | Val R²: 0.1583 | NightHrsTrueNEE vs NightHrsModelReco R²: -0.0500 | NightHrsTrueNee vs NightHrsModelNee R²: -0.0500
Epoch  4500 | Train Loss: 0.023510 | Val Loss: 0.023989 | Train R²: 0.1663 | Val R²: 0.1611 | NightHrsTrueNEE vs NightHrsModelReco R²: -0.0000 | NightHrsTrueNee vs NightHrsModelNee R²: -0.0000
Early stopping at epoch 4750 due to flat/negative trend (slope=0.000002)
Epoch  4750 | Train Loss: 0.023482 | Val Loss: 0.023967 | Train R²: 0.1673 | Val R²: 0.1618
Unpickling models
Following models have been loaded and moved to cuda:
trained gpp model:
 SNN_GPP(
  (net): Sequential(
    (0): Linear(in_features=12, out_features=12, bias=True)
    (1): ReLU()
    (2): Linear(in_features=12, out_features=1, bias=True)
    (3): ReLU()
  )
), trained_reco_model:
 SNN_RECO(
  (net): Sequential(
    (0): Linear(in_features=11, out_features=12, bias=True)
    (1): ReLU()
    (2): Linear(in_features=12, out_features=1, bias=True)
    (3): ReLU()
  )
)
using full data set for visualization
Un-normalizing the GPP and RECO predictions using NEE min: tensor([-28.6423]), NEE max: tensor([15.6103])



Metrics for the Custom, with
GPP inputs: ['SW_IN', 'VPD', 'TA', 'WTD', 'WS', 'PotRad', 'PotRadHalfHourlyDiff', 'PotRadDailyAvg', 'PotRadDailyDiff', 'WD_COS', 'WD_SIN', 'GPP_PROX']
RECO inputs: ['DOY_sin', 'DOY_cos', 'TA', 'TS_1', 'TS_2', 'TS_4', 'WTD', 'WS', 'WD_COS', 'WD_SIN', 'NIGHTLY_NEE_AVG']:
dt_gpp vs Custom_GPP R²=-0.27 RMSE=6.10
nt_gpp vs Custom_GPP R²=-0.23 RMSE=6.15
dt_reco vs Custom_RECO R²=-1.85 RMSE=2.55
nt_reco vs Custom_RECO R²=-2.08 RMSE=2.36
night_hours_true_nee vs Custom_night_hours_model_reco R²=0.01 RMSE=1.38
night_hours_true_nee vs Custom_night_hours_model_nee R²=0.01 RMSE=1.38
dt_gpp vs nt_gpp R²=0.94 RMSE=1.33
dt_reco vs nt_reco R²=0.71 RMSE=1.00

gpp_input_names,  ['SW_IN', 'VPD', 'TA', 'WTD', 'WS', 'PotRad', 'PotRadHalfHourlyDiff', 'PotRadDailyAvg', 'PotRadDailyDiff', 'WD_COS', 'WD_SIN', 'GPP_PROX'] 
reco_input_names,  ['DOY_sin', 'DOY_cos', 'TA', 'TS_1', 'TS_2', 'TS_3', 'WTD', 'WS', 'WD_COS', 'WD_SIN', 'NIGHTLY_NEE_AVG'] 
true_nee_name,  ['NEE'] 

Custom Running on GPU With hidden layer size of 12 Total epochs: 100000 lr: 0.001 patience: 500 min_delta 0.01
SNN_GPP(
  (net): Sequential(
    (0): Linear(in_features=12, out_features=12, bias=True)
    (1): ReLU()
    (2): Linear(in_features=12, out_features=1, bias=True)
    (3): ReLU()
  )
)
SNN_RECO(
  (net): Sequential(
    (0): Linear(in_features=11, out_features=12, bias=True)
    (1): ReLU()
    (2): Linear(in_features=12, out_features=1, bias=True)
    (3): ReLU()
  )
)
Custom will use the Tram vars
Params are min slope: 2e-06, trend window: 100
Epoch     0 | Train Loss: 0.092490 | Val Loss: 0.086957 | Train R²: -2.2799 | Val R²: -2.0411 | NightHrsTrueNEE vs NightHrsModelReco R²: -22.9700 | NightHrsTrueNee vs NightHrsModelNee R²: -32.3400
Epoch   500 | Train Loss: 0.025982 | Val Loss: 0.026341 | Train R²: 0.0786 | Val R²: 0.0788 | NightHrsTrueNEE vs NightHrsModelReco R²: -1.7900 | NightHrsTrueNee vs NightHrsModelNee R²: -1.7900
Epoch  1000 | Train Loss: 0.025147 | Val Loss: 0.025537 | Train R²: 0.1082 | Val R²: 0.1069 | NightHrsTrueNEE vs NightHrsModelReco R²: -1.0500 | NightHrsTrueNee vs NightHrsModelNee R²: -1.0500
Epoch  1500 | Train Loss: 0.024606 | Val Loss: 0.025078 | Train R²: 0.1274 | Val R²: 0.1230 | NightHrsTrueNEE vs NightHrsModelReco R²: -0.7500 | NightHrsTrueNee vs NightHrsModelNee R²: -0.7500
Epoch  2000 | Train Loss: 0.023994 | Val Loss: 0.024483 | Train R²: 0.1491 | Val R²: 0.1438 | NightHrsTrueNEE vs NightHrsModelReco R²: -0.3900 | NightHrsTrueNee vs NightHrsModelNee R²: -0.3900
Epoch  2500 | Train Loss: 0.023833 | Val Loss: 0.024333 | Train R²: 0.1548 | Val R²: 0.1490 | NightHrsTrueNEE vs NightHrsModelReco R²: -0.2900 | NightHrsTrueNee vs NightHrsModelNee R²: -0.2900
Epoch  3000 | Train Loss: 0.023690 | Val Loss: 0.024191 | Train R²: 0.1599 | Val R²: 0.1540 | NightHrsTrueNEE vs NightHrsModelReco R²: -0.1700 | NightHrsTrueNee vs NightHrsModelNee R²: -0.1700
Epoch  3500 | Train Loss: 0.023601 | Val Loss: 0.024099 | Train R²: 0.1631 | Val R²: 0.1572 | NightHrsTrueNEE vs NightHrsModelReco R²: -0.1000 | NightHrsTrueNee vs NightHrsModelNee R²: -0.1000
Epoch  4000 | Train Loss: 0.023509 | Val Loss: 0.024002 | Train R²: 0.1663 | Val R²: 0.1606 | NightHrsTrueNEE vs NightHrsModelReco R²: -0.0400 | NightHrsTrueNee vs NightHrsModelNee R²: -0.0400
Epoch  4500 | Train Loss: 0.023434 | Val Loss: 0.023925 | Train R²: 0.1690 | Val R²: 0.1633 | NightHrsTrueNEE vs NightHrsModelReco R²: 0.0200 | NightHrsTrueNee vs NightHrsModelNee R²: 0.0200
Epoch  5000 | Train Loss: 0.023365 | Val Loss: 0.023862 | Train R²: 0.1715 | Val R²: 0.1655 | NightHrsTrueNEE vs NightHrsModelReco R²: 0.0500 | NightHrsTrueNee vs NightHrsModelNee R²: 0.0500
Epoch  5500 | Train Loss: 0.023321 | Val Loss: 0.023813 | Train R²: 0.1730 | Val R²: 0.1672 | NightHrsTrueNEE vs NightHrsModelReco R²: 0.1000 | NightHrsTrueNee vs NightHrsModelNee R²: 0.1000
Early stopping at epoch 5575 due to flat/negative trend (slope=0.000002)
Epoch  5575 | Train Loss: 0.023313 | Val Loss: 0.023809 | Train R²: 0.1733 | Val R²: 0.1673
Unpickling models
Following models have been loaded and moved to cuda:
trained gpp model:
 SNN_GPP(
  (net): Sequential(
    (0): Linear(in_features=12, out_features=12, bias=True)
    (1): ReLU()
    (2): Linear(in_features=12, out_features=1, bias=True)
    (3): ReLU()
  )
), trained_reco_model:
 SNN_RECO(
  (net): Sequential(
    (0): Linear(in_features=11, out_features=12, bias=True)
    (1): ReLU()
    (2): Linear(in_features=12, out_features=1, bias=True)
    (3): ReLU()
  )
)
using full data set for visualization
Un-normalizing the GPP and RECO predictions using NEE min: tensor([-28.6423]), NEE max: tensor([15.6103])



Metrics for the Custom, with
GPP inputs: ['SW_IN', 'VPD', 'TA', 'WTD', 'WS', 'PotRad', 'PotRadHalfHourlyDiff', 'PotRadDailyAvg', 'PotRadDailyDiff', 'WD_COS', 'WD_SIN', 'GPP_PROX']
RECO inputs: ['DOY_sin', 'DOY_cos', 'TA', 'TS_1', 'TS_2', 'TS_3', 'WTD', 'WS', 'WD_COS', 'WD_SIN', 'NIGHTLY_NEE_AVG']:
dt_gpp vs Custom_GPP R²=-0.27 RMSE=6.10
nt_gpp vs Custom_GPP R²=-0.23 RMSE=6.15
dt_reco vs Custom_RECO R²=-1.79 RMSE=2.53
nt_reco vs Custom_RECO R²=-2.05 RMSE=2.35
night_hours_true_nee vs Custom_night_hours_model_reco R²=0.08 RMSE=1.33
night_hours_true_nee vs Custom_night_hours_model_nee R²=0.08 RMSE=1.33
dt_gpp vs nt_gpp R²=0.94 RMSE=1.33
dt_reco vs nt_reco R²=0.71 RMSE=1.00

gpp_input_names,  ['SW_IN', 'VPD', 'TA', 'WTD', 'WS', 'PotRad', 'PotRadHalfHourlyDiff', 'PotRadDailyAvg', 'PotRadDailyDiff', 'WD_COS', 'WD_SIN', 'GPP_PROX'] 
reco_input_names,  ['DOY_sin', 'DOY_cos', 'TA', 'TS_1', 'TS_2', 'TS_3', 'TS_4', 'WS', 'WD_COS', 'WD_SIN', 'NIGHTLY_NEE_AVG'] 
true_nee_name,  ['NEE'] 

Custom Running on GPU With hidden layer size of 12 Total epochs: 100000 lr: 0.001 patience: 500 min_delta 0.01
SNN_GPP(
  (net): Sequential(
    (0): Linear(in_features=12, out_features=12, bias=True)
    (1): ReLU()
    (2): Linear(in_features=12, out_features=1, bias=True)
    (3): ReLU()
  )
)
SNN_RECO(
  (net): Sequential(
    (0): Linear(in_features=11, out_features=12, bias=True)
    (1): ReLU()
    (2): Linear(in_features=12, out_features=1, bias=True)
    (3): ReLU()
  )
)
Custom will use the Tram vars
Params are min slope: 2e-06, trend window: 100
Epoch     0 | Train Loss: 0.056039 | Val Loss: 0.053280 | Train R²: -0.9872 | Val R²: -0.8633 | NightHrsTrueNEE vs NightHrsModelReco R²: -8.3900 | NightHrsTrueNee vs NightHrsModelNee R²: -18.5300
Epoch   500 | Train Loss: 0.025223 | Val Loss: 0.025614 | Train R²: 0.1055 | Val R²: 0.1042 | NightHrsTrueNEE vs NightHrsModelReco R²: -1.0700 | NightHrsTrueNee vs NightHrsModelNee R²: -1.0700
Epoch  1000 | Train Loss: 0.024078 | Val Loss: 0.024526 | Train R²: 0.1462 | Val R²: 0.1423 | NightHrsTrueNEE vs NightHrsModelReco R²: -0.3600 | NightHrsTrueNee vs NightHrsModelNee R²: -0.3600
Epoch  1500 | Train Loss: 0.023727 | Val Loss: 0.024196 | Train R²: 0.1586 | Val R²: 0.1538 | NightHrsTrueNEE vs NightHrsModelReco R²: -0.1500 | NightHrsTrueNee vs NightHrsModelNee R²: -0.1500
Epoch  2000 | Train Loss: 0.023545 | Val Loss: 0.024034 | Train R²: 0.1650 | Val R²: 0.1595 | NightHrsTrueNEE vs NightHrsModelReco R²: -0.0300 | NightHrsTrueNee vs NightHrsModelNee R²: -0.0300
Epoch  2500 | Train Loss: 0.023488 | Val Loss: 0.023980 | Train R²: 0.1671 | Val R²: 0.1614 | NightHrsTrueNEE vs NightHrsModelReco R²: 0.0000 | NightHrsTrueNee vs NightHrsModelNee R²: 0.0000
Early stopping at epoch 2586 due to flat/negative trend (slope=0.000002)
Epoch  2586 | Train Loss: 0.023481 | Val Loss: 0.023976 | Train R²: 0.1673 | Val R²: 0.1615
Unpickling models
Following models have been loaded and moved to cuda:
trained gpp model:
 SNN_GPP(
  (net): Sequential(
    (0): Linear(in_features=12, out_features=12, bias=True)
    (1): ReLU()
    (2): Linear(in_features=12, out_features=1, bias=True)
    (3): ReLU()
  )
), trained_reco_model:
 SNN_RECO(
  (net): Sequential(
    (0): Linear(in_features=11, out_features=12, bias=True)
    (1): ReLU()
    (2): Linear(in_features=12, out_features=1, bias=True)
    (3): ReLU()
  )
)
using full data set for visualization
Un-normalizing the GPP and RECO predictions using NEE min: tensor([-28.6423]), NEE max: tensor([15.6103])



Metrics for the Custom, with
GPP inputs: ['SW_IN', 'VPD', 'TA', 'WTD', 'WS', 'PotRad', 'PotRadHalfHourlyDiff', 'PotRadDailyAvg', 'PotRadDailyDiff', 'WD_COS', 'WD_SIN', 'GPP_PROX']
RECO inputs: ['DOY_sin', 'DOY_cos', 'TA', 'TS_1', 'TS_2', 'TS_3', 'TS_4', 'WS', 'WD_COS', 'WD_SIN', 'NIGHTLY_NEE_AVG']:
dt_gpp vs Custom_GPP R²=-0.27 RMSE=6.10
nt_gpp vs Custom_GPP R²=-0.23 RMSE=6.15
dt_reco vs Custom_RECO R²=-1.84 RMSE=2.55
nt_reco vs Custom_RECO R²=-2.10 RMSE=2.37
night_hours_true_nee vs Custom_night_hours_model_reco R²=0.00 RMSE=1.39
night_hours_true_nee vs Custom_night_hours_model_nee R²=0.00 RMSE=1.39
dt_gpp vs nt_gpp R²=0.94 RMSE=1.33
dt_reco vs nt_reco R²=0.71 RMSE=1.00

gpp_input_names,  ['SW_IN', 'VPD', 'TA', 'WTD', 'WS', 'PotRad', 'PotRadHalfHourlyDiff', 'PotRadDailyAvg', 'PotRadDailyDiff', 'WD_COS', 'WD_SIN', 'GPP_PROX'] 
reco_input_names,  ['DOY_sin', 'DOY_cos', 'TA', 'TS_1', 'TS_2', 'TS_3', 'TS_4', 'WTD', 'WD_COS', 'WD_SIN', 'NIGHTLY_NEE_AVG'] 
true_nee_name,  ['NEE'] 

Custom Running on GPU With hidden layer size of 12 Total epochs: 100000 lr: 0.001 patience: 500 min_delta 0.01
SNN_GPP(
  (net): Sequential(
    (0): Linear(in_features=12, out_features=12, bias=True)
    (1): ReLU()
    (2): Linear(in_features=12, out_features=1, bias=True)
    (3): ReLU()
  )
)
SNN_RECO(
  (net): Sequential(
    (0): Linear(in_features=11, out_features=12, bias=True)
    (1): ReLU()
    (2): Linear(in_features=12, out_features=1, bias=True)
    (3): ReLU()
  )
)
Custom will use the Tram vars
Params are min slope: 2e-06, trend window: 100
Epoch     0 | Train Loss: 0.054020 | Val Loss: 0.051463 | Train R²: -0.9156 | Val R²: -0.7998 | NightHrsTrueNEE vs NightHrsModelReco R²: -7.5200 | NightHrsTrueNee vs NightHrsModelNee R²: -17.5200
Epoch   500 | Train Loss: 0.025268 | Val Loss: 0.025640 | Train R²: 0.1039 | Val R²: 0.1033 | NightHrsTrueNEE vs NightHrsModelReco R²: -1.1100 | NightHrsTrueNee vs NightHrsModelNee R²: -1.1100
Epoch  1000 | Train Loss: 0.024323 | Val Loss: 0.024722 | Train R²: 0.1375 | Val R²: 0.1354 | NightHrsTrueNEE vs NightHrsModelReco R²: -0.4600 | NightHrsTrueNee vs NightHrsModelNee R²: -0.4600
Epoch  1500 | Train Loss: 0.023796 | Val Loss: 0.024257 | Train R²: 0.1562 | Val R²: 0.1517 | NightHrsTrueNEE vs NightHrsModelReco R²: -0.1400 | NightHrsTrueNee vs NightHrsModelNee R²: -0.1400
Epoch  2000 | Train Loss: 0.023661 | Val Loss: 0.024117 | Train R²: 0.1609 | Val R²: 0.1566 | NightHrsTrueNEE vs NightHrsModelReco R²: -0.0800 | NightHrsTrueNee vs NightHrsModelNee R²: -0.0800
Epoch  2500 | Train Loss: 0.023590 | Val Loss: 0.024042 | Train R²: 0.1635 | Val R²: 0.1592 | NightHrsTrueNEE vs NightHrsModelReco R²: -0.0300 | NightHrsTrueNee vs NightHrsModelNee R²: -0.0300
Epoch  3000 | Train Loss: 0.023541 | Val Loss: 0.023993 | Train R²: 0.1652 | Val R²: 0.1609 | NightHrsTrueNEE vs NightHrsModelReco R²: -0.0100 | NightHrsTrueNee vs NightHrsModelNee R²: -0.0100
Early stopping at epoch 3218 due to flat/negative trend (slope=0.000002)
Epoch  3218 | Train Loss: 0.023526 | Val Loss: 0.023980 | Train R²: 0.1657 | Val R²: 0.1614
Unpickling models
Following models have been loaded and moved to cuda:
trained gpp model:
 SNN_GPP(
  (net): Sequential(
    (0): Linear(in_features=12, out_features=12, bias=True)
    (1): ReLU()
    (2): Linear(in_features=12, out_features=1, bias=True)
    (3): ReLU()
  )
), trained_reco_model:
 SNN_RECO(
  (net): Sequential(
    (0): Linear(in_features=11, out_features=12, bias=True)
    (1): ReLU()
    (2): Linear(in_features=12, out_features=1, bias=True)
    (3): ReLU()
  )
)
using full data set for visualization
Un-normalizing the GPP and RECO predictions using NEE min: tensor([-28.6423]), NEE max: tensor([15.6103])



Metrics for the Custom, with
GPP inputs: ['SW_IN', 'VPD', 'TA', 'WTD', 'WS', 'PotRad', 'PotRadHalfHourlyDiff', 'PotRadDailyAvg', 'PotRadDailyDiff', 'WD_COS', 'WD_SIN', 'GPP_PROX']
RECO inputs: ['DOY_sin', 'DOY_cos', 'TA', 'TS_1', 'TS_2', 'TS_3', 'TS_4', 'WTD', 'WD_COS', 'WD_SIN', 'NIGHTLY_NEE_AVG']:
dt_gpp vs Custom_GPP R²=-0.27 RMSE=6.10
nt_gpp vs Custom_GPP R²=-0.23 RMSE=6.15
dt_reco vs Custom_RECO R²=-1.86 RMSE=2.56
nt_reco vs Custom_RECO R²=-2.09 RMSE=2.37
night_hours_true_nee vs Custom_night_hours_model_reco R²=-0.01 RMSE=1.39
night_hours_true_nee vs Custom_night_hours_model_nee R²=-0.01 RMSE=1.39
dt_gpp vs nt_gpp R²=0.94 RMSE=1.33
dt_reco vs nt_reco R²=0.71 RMSE=1.00

gpp_input_names,  ['SW_IN', 'VPD', 'TA', 'WTD', 'WS', 'PotRad', 'PotRadHalfHourlyDiff', 'PotRadDailyAvg', 'PotRadDailyDiff', 'WD_COS', 'WD_SIN', 'GPP_PROX'] 
reco_input_names,  ['DOY_sin', 'DOY_cos', 'TA', 'TS_1', 'TS_2', 'TS_3', 'TS_4', 'WTD', 'WS', 'WD_SIN', 'NIGHTLY_NEE_AVG'] 
true_nee_name,  ['NEE'] 

Custom Running on GPU With hidden layer size of 12 Total epochs: 100000 lr: 0.001 patience: 500 min_delta 0.01
SNN_GPP(
  (net): Sequential(
    (0): Linear(in_features=12, out_features=12, bias=True)
    (1): ReLU()
    (2): Linear(in_features=12, out_features=1, bias=True)
    (3): ReLU()
  )
)
SNN_RECO(
  (net): Sequential(
    (0): Linear(in_features=11, out_features=12, bias=True)
    (1): ReLU()
    (2): Linear(in_features=12, out_features=1, bias=True)
    (3): ReLU()
  )
)
Custom will use the Tram vars
Params are min slope: 2e-06, trend window: 100
Epoch     0 | Train Loss: 0.051773 | Val Loss: 0.049374 | Train R²: -0.8360 | Val R²: -0.7267 | NightHrsTrueNEE vs NightHrsModelReco R²: -5.5300 | NightHrsTrueNee vs NightHrsModelNee R²: -16.3400
Epoch   500 | Train Loss: 0.025053 | Val Loss: 0.025428 | Train R²: 0.1116 | Val R²: 0.1107 | NightHrsTrueNEE vs NightHrsModelReco R²: -0.9900 | NightHrsTrueNee vs NightHrsModelNee R²: -0.9900
Epoch  1000 | Train Loss: 0.024024 | Val Loss: 0.024453 | Train R²: 0.1481 | Val R²: 0.1448 | NightHrsTrueNEE vs NightHrsModelReco R²: -0.3300 | NightHrsTrueNee vs NightHrsModelNee R²: -0.3300
Epoch  1500 | Train Loss: 0.023562 | Val Loss: 0.024043 | Train R²: 0.1645 | Val R²: 0.1591 | NightHrsTrueNEE vs NightHrsModelReco R²: -0.0600 | NightHrsTrueNee vs NightHrsModelNee R²: -0.0600
Epoch  2000 | Train Loss: 0.023432 | Val Loss: 0.023958 | Train R²: 0.1690 | Val R²: 0.1621 | NightHrsTrueNEE vs NightHrsModelReco R²: 0.0300 | NightHrsTrueNee vs NightHrsModelNee R²: 0.0300
Epoch  2500 | Train Loss: 0.023307 | Val Loss: 0.023826 | Train R²: 0.1735 | Val R²: 0.1667 | NightHrsTrueNEE vs NightHrsModelReco R²: 0.1200 | NightHrsTrueNee vs NightHrsModelNee R²: 0.1200
Epoch  3000 | Train Loss: 0.023227 | Val Loss: 0.023740 | Train R²: 0.1763 | Val R²: 0.1697 | NightHrsTrueNEE vs NightHrsModelReco R²: 0.2000 | NightHrsTrueNee vs NightHrsModelNee R²: 0.2000
Epoch  3500 | Train Loss: 0.023173 | Val Loss: 0.023692 | Train R²: 0.1783 | Val R²: 0.1714 | NightHrsTrueNEE vs NightHrsModelReco R²: 0.2200 | NightHrsTrueNee vs NightHrsModelNee R²: 0.2200
Early stopping at epoch 3627 due to flat/negative trend (slope=0.000002)
Epoch  3627 | Train Loss: 0.023165 | Val Loss: 0.023687 | Train R²: 0.1785 | Val R²: 0.1716
Unpickling models
Following models have been loaded and moved to cuda:
trained gpp model:
 SNN_GPP(
  (net): Sequential(
    (0): Linear(in_features=12, out_features=12, bias=True)
    (1): ReLU()
    (2): Linear(in_features=12, out_features=1, bias=True)
    (3): ReLU()
  )
), trained_reco_model:
 SNN_RECO(
  (net): Sequential(
    (0): Linear(in_features=11, out_features=12, bias=True)
    (1): ReLU()
    (2): Linear(in_features=12, out_features=1, bias=True)
    (3): ReLU()
  )
)
using full data set for visualization
Un-normalizing the GPP and RECO predictions using NEE min: tensor([-28.6423]), NEE max: tensor([15.6103])



Metrics for the Custom, with
GPP inputs: ['SW_IN', 'VPD', 'TA', 'WTD', 'WS', 'PotRad', 'PotRadHalfHourlyDiff', 'PotRadDailyAvg', 'PotRadDailyDiff', 'WD_COS', 'WD_SIN', 'GPP_PROX']
RECO inputs: ['DOY_sin', 'DOY_cos', 'TA', 'TS_1', 'TS_2', 'TS_3', 'TS_4', 'WTD', 'WS', 'WD_SIN', 'NIGHTLY_NEE_AVG']:
dt_gpp vs Custom_GPP R²=-0.27 RMSE=6.10
nt_gpp vs Custom_GPP R²=-0.23 RMSE=6.15
dt_reco vs Custom_RECO R²=-1.72 RMSE=2.49
nt_reco vs Custom_RECO R²=-1.96 RMSE=2.31
night_hours_true_nee vs Custom_night_hours_model_reco R²=0.22 RMSE=1.23
night_hours_true_nee vs Custom_night_hours_model_nee R²=0.22 RMSE=1.23
dt_gpp vs nt_gpp R²=0.94 RMSE=1.33
dt_reco vs nt_reco R²=0.71 RMSE=1.00

gpp_input_names,  ['SW_IN', 'VPD', 'TA', 'WTD', 'WS', 'PotRad', 'PotRadHalfHourlyDiff', 'PotRadDailyAvg', 'PotRadDailyDiff', 'WD_COS', 'WD_SIN', 'GPP_PROX'] 
reco_input_names,  ['DOY_sin', 'DOY_cos', 'TA', 'TS_1', 'TS_2', 'TS_3', 'TS_4', 'WTD', 'WS', 'WD_COS', 'NIGHTLY_NEE_AVG'] 
true_nee_name,  ['NEE'] 

Custom Running on GPU With hidden layer size of 12 Total epochs: 100000 lr: 0.001 patience: 500 min_delta 0.01
SNN_GPP(
  (net): Sequential(
    (0): Linear(in_features=12, out_features=12, bias=True)
    (1): ReLU()
    (2): Linear(in_features=12, out_features=1, bias=True)
    (3): ReLU()
  )
)
SNN_RECO(
  (net): Sequential(
    (0): Linear(in_features=11, out_features=12, bias=True)
    (1): ReLU()
    (2): Linear(in_features=12, out_features=1, bias=True)
    (3): ReLU()
  )
)
Custom will use the Tram vars
Params are min slope: 2e-06, trend window: 100
Epoch     0 | Train Loss: 0.053792 | Val Loss: 0.051934 | Train R²: -0.9076 | Val R²: -0.8163 | NightHrsTrueNEE vs NightHrsModelReco R²: -6.4200 | NightHrsTrueNee vs NightHrsModelNee R²: -17.8900
Epoch   500 | Train Loss: 0.024819 | Val Loss: 0.025227 | Train R²: 0.1199 | Val R²: 0.1178 | NightHrsTrueNEE vs NightHrsModelReco R²: -0.8300 | NightHrsTrueNee vs NightHrsModelNee R²: -0.8300
Epoch  1000 | Train Loss: 0.023987 | Val Loss: 0.024471 | Train R²: 0.1494 | Val R²: 0.1442 | NightHrsTrueNEE vs NightHrsModelReco R²: -0.3400 | NightHrsTrueNee vs NightHrsModelNee R²: -0.3400
Epoch  1500 | Train Loss: 0.023695 | Val Loss: 0.024205 | Train R²: 0.1598 | Val R²: 0.1535 | NightHrsTrueNEE vs NightHrsModelReco R²: -0.1200 | NightHrsTrueNee vs NightHrsModelNee R²: -0.1200
Epoch  2000 | Train Loss: 0.023584 | Val Loss: 0.024104 | Train R²: 0.1637 | Val R²: 0.1570 | NightHrsTrueNEE vs NightHrsModelReco R²: -0.0500 | NightHrsTrueNee vs NightHrsModelNee R²: -0.0500
Epoch  2500 | Train Loss: 0.023526 | Val Loss: 0.024046 | Train R²: 0.1657 | Val R²: 0.1590 | NightHrsTrueNEE vs NightHrsModelReco R²: -0.0200 | NightHrsTrueNee vs NightHrsModelNee R²: -0.0200
Epoch  3000 | Train Loss: 0.023485 | Val Loss: 0.024004 | Train R²: 0.1672 | Val R²: 0.1605 | NightHrsTrueNEE vs NightHrsModelReco R²: 0.0100 | NightHrsTrueNee vs NightHrsModelNee R²: 0.0100
Epoch  3500 | Train Loss: 0.023453 | Val Loss: 0.023960 | Train R²: 0.1683 | Val R²: 0.1621 | NightHrsTrueNEE vs NightHrsModelReco R²: 0.0200 | NightHrsTrueNee vs NightHrsModelNee R²: 0.0200
Early stopping at epoch 3605 due to flat/negative trend (slope=0.000002)
Epoch  3605 | Train Loss: 0.023448 | Val Loss: 0.023955 | Train R²: 0.1685 | Val R²: 0.1622
Unpickling models
Following models have been loaded and moved to cuda:
trained gpp model:
 SNN_GPP(
  (net): Sequential(
    (0): Linear(in_features=12, out_features=12, bias=True)
    (1): ReLU()
    (2): Linear(in_features=12, out_features=1, bias=True)
    (3): ReLU()
  )
), trained_reco_model:
 SNN_RECO(
  (net): Sequential(
    (0): Linear(in_features=11, out_features=12, bias=True)
    (1): ReLU()
    (2): Linear(in_features=12, out_features=1, bias=True)
    (3): ReLU()
  )
)
using full data set for visualization
Un-normalizing the GPP and RECO predictions using NEE min: tensor([-28.6423]), NEE max: tensor([15.6103])



Metrics for the Custom, with
GPP inputs: ['SW_IN', 'VPD', 'TA', 'WTD', 'WS', 'PotRad', 'PotRadHalfHourlyDiff', 'PotRadDailyAvg', 'PotRadDailyDiff', 'WD_COS', 'WD_SIN', 'GPP_PROX']
RECO inputs: ['DOY_sin', 'DOY_cos', 'TA', 'TS_1', 'TS_2', 'TS_3', 'TS_4', 'WTD', 'WS', 'WD_COS', 'NIGHTLY_NEE_AVG']:
dt_gpp vs Custom_GPP R²=-0.27 RMSE=6.10
nt_gpp vs Custom_GPP R²=-0.23 RMSE=6.15
dt_reco vs Custom_RECO R²=-1.80 RMSE=2.53
nt_reco vs Custom_RECO R²=-2.03 RMSE=2.34
night_hours_true_nee vs Custom_night_hours_model_reco R²=0.03 RMSE=1.37
night_hours_true_nee vs Custom_night_hours_model_nee R²=0.03 RMSE=1.37
dt_gpp vs nt_gpp R²=0.94 RMSE=1.33
dt_reco vs nt_reco R²=0.71 RMSE=1.00

gpp_input_names,  ['SW_IN', 'VPD', 'TA', 'WTD', 'WS', 'PotRad', 'PotRadHalfHourlyDiff', 'PotRadDailyAvg', 'PotRadDailyDiff', 'WD_COS', 'WD_SIN', 'GPP_PROX'] 
reco_input_names,  ['DOY_sin', 'DOY_cos', 'TA', 'TS_1', 'TS_2', 'TS_3', 'TS_4', 'WTD', 'WS', 'WD_COS', 'WD_SIN'] 
true_nee_name,  ['NEE'] 

Custom Running on GPU With hidden layer size of 12 Total epochs: 100000 lr: 0.001 patience: 500 min_delta 0.01
SNN_GPP(
  (net): Sequential(
    (0): Linear(in_features=12, out_features=12, bias=True)
    (1): ReLU()
    (2): Linear(in_features=12, out_features=1, bias=True)
    (3): ReLU()
  )
)
SNN_RECO(
  (net): Sequential(
    (0): Linear(in_features=11, out_features=12, bias=True)
    (1): ReLU()
    (2): Linear(in_features=12, out_features=1, bias=True)
    (3): ReLU()
  )
)
Custom will use the Tram vars
Params are min slope: 2e-06, trend window: 100
Epoch     0 | Train Loss: 0.054603 | Val Loss: 0.052236 | Train R²: -0.9363 | Val R²: -0.8268 | NightHrsTrueNEE vs NightHrsModelReco R²: -6.5500 | NightHrsTrueNee vs NightHrsModelNee R²: -17.7000
Epoch   500 | Train Loss: 0.025392 | Val Loss: 0.025786 | Train R²: 0.0996 | Val R²: 0.0982 | NightHrsTrueNEE vs NightHrsModelReco R²: -1.2200 | NightHrsTrueNee vs NightHrsModelNee R²: -1.2200
Epoch  1000 | Train Loss: 0.024847 | Val Loss: 0.025270 | Train R²: 0.1189 | Val R²: 0.1163 | NightHrsTrueNEE vs NightHrsModelReco R²: -0.8700 | NightHrsTrueNee vs NightHrsModelNee R²: -0.8700
Epoch  1500 | Train Loss: 0.024135 | Val Loss: 0.024616 | Train R²: 0.1441 | Val R²: 0.1391 | NightHrsTrueNEE vs NightHrsModelReco R²: -0.4500 | NightHrsTrueNee vs NightHrsModelNee R²: -0.4500
Epoch  2000 | Train Loss: 0.023888 | Val Loss: 0.024380 | Train R²: 0.1529 | Val R²: 0.1474 | NightHrsTrueNEE vs NightHrsModelReco R²: -0.3000 | NightHrsTrueNee vs NightHrsModelNee R²: -0.3000
Epoch  2500 | Train Loss: 0.023709 | Val Loss: 0.024196 | Train R²: 0.1592 | Val R²: 0.1538 | NightHrsTrueNEE vs NightHrsModelReco R²: -0.1800 | NightHrsTrueNee vs NightHrsModelNee R²: -0.1800
Epoch  3000 | Train Loss: 0.023594 | Val Loss: 0.024099 | Train R²: 0.1633 | Val R²: 0.1572 | NightHrsTrueNEE vs NightHrsModelReco R²: -0.1000 | NightHrsTrueNee vs NightHrsModelNee R²: -0.1000
Epoch  3500 | Train Loss: 0.023540 | Val Loss: 0.024052 | Train R²: 0.1652 | Val R²: 0.1588 | NightHrsTrueNEE vs NightHrsModelReco R²: -0.0600 | NightHrsTrueNee vs NightHrsModelNee R²: -0.0600
Epoch  4000 | Train Loss: 0.023472 | Val Loss: 0.023970 | Train R²: 0.1676 | Val R²: 0.1617 | NightHrsTrueNEE vs NightHrsModelReco R²: -0.0400 | NightHrsTrueNee vs NightHrsModelNee R²: -0.0400
Epoch  4500 | Train Loss: 0.023420 | Val Loss: 0.023922 | Train R²: 0.1695 | Val R²: 0.1634 | NightHrsTrueNEE vs NightHrsModelReco R²: 0.0100 | NightHrsTrueNee vs NightHrsModelNee R²: 0.0100
Early stopping at epoch 4533 due to flat/negative trend (slope=0.000002)
Epoch  4533 | Train Loss: 0.023418 | Val Loss: 0.023922 | Train R²: 0.1696 | Val R²: 0.1634
Unpickling models
Following models have been loaded and moved to cuda:
trained gpp model:
 SNN_GPP(
  (net): Sequential(
    (0): Linear(in_features=12, out_features=12, bias=True)
    (1): ReLU()
    (2): Linear(in_features=12, out_features=1, bias=True)
    (3): ReLU()
  )
), trained_reco_model:
 SNN_RECO(
  (net): Sequential(
    (0): Linear(in_features=11, out_features=12, bias=True)
    (1): ReLU()
    (2): Linear(in_features=12, out_features=1, bias=True)
    (3): ReLU()
  )
)
using full data set for visualization
Un-normalizing the GPP and RECO predictions using NEE min: tensor([-28.6423]), NEE max: tensor([15.6103])



Metrics for the Custom, with
GPP inputs: ['SW_IN', 'VPD', 'TA', 'WTD', 'WS', 'PotRad', 'PotRadHalfHourlyDiff', 'PotRadDailyAvg', 'PotRadDailyDiff', 'WD_COS', 'WD_SIN', 'GPP_PROX']
RECO inputs: ['DOY_sin', 'DOY_cos', 'TA', 'TS_1', 'TS_2', 'TS_3', 'TS_4', 'WTD', 'WS', 'WD_COS', 'WD_SIN']:
dt_gpp vs Custom_GPP R²=-0.27 RMSE=6.10
nt_gpp vs Custom_GPP R²=-0.23 RMSE=6.15
dt_reco vs Custom_RECO R²=-1.84 RMSE=2.55
nt_reco vs Custom_RECO R²=-2.11 RMSE=2.37
night_hours_true_nee vs Custom_night_hours_model_reco R²=0.01 RMSE=1.38
night_hours_true_nee vs Custom_night_hours_model_nee R²=0.01 RMSE=1.38
dt_gpp vs nt_gpp R²=0.94 RMSE=1.33
dt_reco vs nt_reco R²=0.71 RMSE=1.00

{
    "experiment_1": {
        "run_type": "Custom",
        "gpp_inputs": [
            "SW_IN",
            "TA"
        ],
        "reco_inputs": [
            "DOY_sin",
            "DOY_cos",
            "TA"
        ],
        "metrics": {
            "dt_gpp_vs_model": {
                "r2": 0.58,
                "rmse": 3.5
            },
            "nt_gpp_vs_model": {
                "r2": 0.55,
                "rmse": 3.72
            },
            "dt_reco_vs_model": {
                "r2": -3.47,
                "rmse": 3.19
            },
            "nt_reco_vs_model": {
                "r2": -4.72,
                "rmse": 3.22
            },
            "night_hours_true_nee_vs_night_hours_model_reco": {
                "r2": -2.9,
                "rmse": 2.74
            },
            "night_hours_true_nee_vs_night_hours_model_nee": {
                "r2": 0.15,
                "rmse": 1.28
            },
            "dt_gpp_vs_nt_gpp": {
                "r2": 0.94,
                "rmse": 1.33
            },
            "dt_reco_vs_nt_reco": {
                "r2": 0.71,
                "rmse": 1
            },
            "val_r2": 0.8565
        }
    },
    "experiment_2": {
        "run_type": "Custom",
        "gpp_inputs": [
            "SW_IN",
            "TA",
            "VPD"
        ],
        "reco_inputs": [
            "DOY_sin",
            "DOY_cos",
            "TA"
        ],
        "metrics": {
            "dt_gpp_vs_model": {
                "r2": 0.77,
                "rmse": 2.62
            },
            "nt_gpp_vs_model": {
                "r2": 0.73,
                "rmse": 2.86
            },
            "dt_reco_vs_model": {
                "r2": -1.24,
                "rmse": 2.26
            },
            "nt_reco_vs_model": {
                "r2": -1.67,
                "rmse": 2.2
            },
            "night_hours_true_nee_vs_night_hours_model_reco": {
                "r2": -0.58,
                "rmse": 1.74
            },
            "night_hours_true_nee_vs_night_hours_model_nee": {
                "r2": 0.18,
                "rmse": 1.26
            },
            "dt_gpp_vs_nt_gpp": {
                "r2": 0.94,
                "rmse": 1.33
            },
            "dt_reco_vs_nt_reco": {
                "r2": 0.71,
                "rmse": 1
            },
            "val_r2": 0.8641
        }
    },
    "experiment_3": {
        "run_type": "Custom",
        "gpp_inputs": [
            "SW_IN",
            "TA",
            "VPD",
            "WS"
        ],
        "reco_inputs": [
            "DOY_sin",
            "DOY_cos",
            "TA",
            "WS"
        ],
        "metrics": {
            "dt_gpp_vs_model": {
                "r2": 0.81,
                "rmse": 2.35
            },
            "nt_gpp_vs_model": {
                "r2": 0.78,
                "rmse": 2.58
            },
            "dt_reco_vs_model": {
                "r2": -0.75,
                "rmse": 2.0
            },
            "nt_reco_vs_model": {
                "r2": -0.94,
                "rmse": 1.87
            },
            "night_hours_true_nee_vs_night_hours_model_reco": {
                "r2": -0.19,
                "rmse": 1.51
            },
            "night_hours_true_nee_vs_night_hours_model_nee": {
                "r2": 0.21,
                "rmse": 1.23
            },
            "dt_gpp_vs_nt_gpp": {
                "r2": 0.94,
                "rmse": 1.33
            },
            "dt_reco_vs_nt_reco": {
                "r2": 0.71,
                "rmse": 1
            },
            "val_r2": 0.8696
        }
    },
    "experiment_4": {
        "run_type": "Custom",
        "gpp_inputs": [
            "SW_IN",
            "TA",
            "VPD",
            "WS",
            "WD_COS",
            "WD_SIN"
        ],
        "reco_inputs": [
            "DOY_sin",
            "DOY_cos",
            "TA",
            "WS",
            "WD_COS",
            "WD_SIN"
        ],
        "metrics": {
            "dt_gpp_vs_model": {
                "r2": 0.68,
                "rmse": 3.08
            },
            "nt_gpp_vs_model": {
                "r2": 0.64,
                "rmse": 3.31
            },
            "dt_reco_vs_model": {
                "r2": -2.55,
                "rmse": 2.85
            },
            "nt_reco_vs_model": {
                "r2": -3.46,
                "rmse": 2.84
            },
            "night_hours_true_nee_vs_night_hours_model_reco": {
                "r2": -2.61,
                "rmse": 2.64
            },
            "night_hours_true_nee_vs_night_hours_model_nee": {
                "r2": 0.29,
                "rmse": 1.17
            },
            "dt_gpp_vs_nt_gpp": {
                "r2": 0.94,
                "rmse": 1.33
            },
            "dt_reco_vs_nt_reco": {
                "r2": 0.71,
                "rmse": 1
            },
            "val_r2": 0.878
        }
    },
    "experiment_5": {
        "run_type": "Custom",
        "gpp_inputs": [
            "SW_IN",
            "TA",
            "VPD",
            "WS",
            "WD_COS",
            "WD_SIN",
            "WTD"
        ],
        "reco_inputs": [
            "DOY_sin",
            "DOY_cos",
            "TA",
            "WS",
            "WD_COS",
            "WD_SIN",
            "WTD"
        ],
        "metrics": {
            "dt_gpp_vs_model": {
                "r2": -0.27,
                "rmse": 6.1
            },
            "nt_gpp_vs_model": {
                "r2": -0.23,
                "rmse": 6.15
            },
            "dt_reco_vs_model": {
                "r2": -2.07,
                "rmse": 2.65
            },
            "nt_reco_vs_model": {
                "r2": -2.41,
                "rmse": 2.48
            },
            "night_hours_true_nee_vs_night_hours_model_reco": {
                "r2": -0.66,
                "rmse": 1.79
            },
            "night_hours_true_nee_vs_night_hours_model_nee": {
                "r2": -0.66,
                "rmse": 1.79
            },
            "dt_gpp_vs_nt_gpp": {
                "r2": 0.94,
                "rmse": 1.33
            },
            "dt_reco_vs_nt_reco": {
                "r2": 0.71,
                "rmse": 1
            },
            "val_r2": 0.1255
        }
    },
    "experiment_6": {
        "run_type": "Custom",
        "gpp_inputs": [
            "SW_IN",
            "TA",
            "VPD",
            "WS",
            "WD_COS",
            "WD_SIN",
            "WTD",
            "Salinity"
        ],
        "reco_inputs": [
            "DOY_sin",
            "DOY_cos",
            "TA",
            "WS",
            "WD_COS",
            "WD_SIN",
            "WTD",
            "Salinity"
        ],
        "metrics": {
            "dt_gpp_vs_model": {
                "r2": -0.27,
                "rmse": 6.1
            },
            "nt_gpp_vs_model": {
                "r2": -0.23,
                "rmse": 6.15
            },
            "dt_reco_vs_model": {
                "r2": -1.98,
                "rmse": 2.61
            },
            "nt_reco_vs_model": {
                "r2": -2.31,
                "rmse": 2.45
            },
            "night_hours_true_nee_vs_night_hours_model_reco": {
                "r2": -0.54,
                "rmse": 1.72
            },
            "night_hours_true_nee_vs_night_hours_model_nee": {
                "r2": -0.54,
                "rmse": 1.72
            },
            "dt_gpp_vs_nt_gpp": {
                "r2": 0.94,
                "rmse": 1.33
            },
            "dt_reco_vs_nt_reco": {
                "r2": 0.71,
                "rmse": 1
            },
            "val_r2": 0.1311
        }
    },
    "experiment_7": {
        "run_type": "Custom",
        "gpp_inputs": [
            "SW_IN",
            "TA",
            "VPD",
            "WS",
            "WD_COS",
            "WD_SIN",
            "WTD",
            "Salinity",
            "WTD_HalfHourlyDiff"
        ],
        "reco_inputs": [
            "DOY_sin",
            "DOY_cos",
            "TA",
            "WS",
            "WD_COS",
            "WD_SIN",
            "WTD",
            "Salinity",
            "WTD_HalfHourlyDiff"
        ],
        "metrics": {
            "dt_gpp_vs_model": {
                "r2": -0.27,
                "rmse": 6.1
            },
            "nt_gpp_vs_model": {
                "r2": -0.23,
                "rmse": 6.15
            },
            "dt_reco_vs_model": {
                "r2": -2.06,
                "rmse": 2.64
            },
            "nt_reco_vs_model": {
                "r2": -2.37,
                "rmse": 2.47
            },
            "night_hours_true_nee_vs_night_hours_model_reco": {
                "r2": -0.6,
                "rmse": 1.75
            },
            "night_hours_true_nee_vs_night_hours_model_nee": {
                "r2": -0.6,
                "rmse": 1.75
            },
            "dt_gpp_vs_nt_gpp": {
                "r2": 0.94,
                "rmse": 1.33
            },
            "dt_reco_vs_nt_reco": {
                "r2": 0.71,
                "rmse": 1
            },
            "val_r2": 0.1278
        }
    },
    "experiment_8": {
        "run_type": "Custom",
        "gpp_inputs": [
            "SW_IN",
            "TA",
            "VPD",
            "WS",
            "WD_COS",
            "WD_SIN",
            "WTD",
            "Salinity",
            "WTD_HalfHourlyDiff",
            "WTD_DailyAvg",
            "WTD_DailyDiff"
        ],
        "reco_inputs": [
            "DOY_sin",
            "DOY_cos",
            "TA",
            "WS",
            "WD_COS",
            "WD_SIN",
            "WTD",
            "Salinity",
            "WTD_HalfHourlyDiff",
            "WTD_DailyAvg",
            "WTD_DailyDiff"
        ],
        "metrics": {
            "dt_gpp_vs_model": {
                "r2": -0.91,
                "rmse": 7.5
            },
            "nt_gpp_vs_model": {
                "r2": -0.88,
                "rmse": 7.58
            },
            "dt_reco_vs_model": {
                "r2": -23.02,
                "rmse": 7.41
            },
            "nt_reco_vs_model": {
                "r2": -29.84,
                "rmse": 7.47
            },
            "night_hours_true_nee_vs_night_hours_model_reco": {
                "r2": -20.74,
                "rmse": 6.47
            },
            "night_hours_true_nee_vs_night_hours_model_nee": {
                "r2": 0.48,
                "rmse": 1.01
            },
            "dt_gpp_vs_nt_gpp": {
                "r2": 0.94,
                "rmse": 1.33
            },
            "dt_reco_vs_nt_reco": {
                "r2": 0.71,
                "rmse": 1
            },
            "val_r2": 0.9185
        }
    },
    "experiment_9": {
        "run_type": "Custom",
        "gpp_inputs": [
            "PotRadDailyAvg",
            "PotRadDailyDiff",
            "GPP_PROX"
        ],
        "reco_inputs": [
            "DOY_sin",
            "DOY_cos",
            "NIGHTLY_NEE_AVG"
        ],
        "metrics": {
            "dt_gpp_vs_model": {
                "r2": -1.2,
                "rmse": 8.04
            },
            "nt_gpp_vs_model": {
                "r2": -1.21,
                "rmse": 8.23
            },
            "dt_reco_vs_model": {
                "r2": -19.72,
                "rmse": 6.88
            },
            "nt_reco_vs_model": {
                "r2": -25.67,
                "rmse": 6.95
            },
            "night_hours_true_nee_vs_night_hours_model_reco": {
                "r2": -22.24,
                "rmse": 6.69
            },
            "night_hours_true_nee_vs_night_hours_model_nee": {
                "r2": -5.83,
                "rmse": 3.63
            },
            "dt_gpp_vs_nt_gpp": {
                "r2": 0.94,
                "rmse": 1.33
            },
            "dt_reco_vs_nt_reco": {
                "r2": 0.71,
                "rmse": 1
            },
            "val_r2": 0.2087
        }
    },
    "experiment_10": {
        "run_type": "Custom",
        "gpp_inputs": [
            "SW_IN",
            "VPD",
            "TA",
            "WTD",
            "WS",
            "PotRad",
            "PotRadHalfHourlyDiff",
            "WD_COS",
            "WD_SIN"
        ],
        "reco_inputs": [
            "TA",
            "TS_1",
            "TS_2",
            "TS_3",
            "TS_4",
            "WTD",
            "WS",
            "WD_COS",
            "WD_SIN"
        ],
        "metrics": {
            "dt_gpp_vs_model": {
                "r2": 0.82,
                "rmse": 2.31
            },
            "nt_gpp_vs_model": {
                "r2": 0.8,
                "rmse": 2.47
            },
            "dt_reco_vs_model": {
                "r2": -0.57,
                "rmse": 1.89
            },
            "nt_reco_vs_model": {
                "r2": -0.84,
                "rmse": 1.82
            },
            "night_hours_true_nee_vs_night_hours_model_reco": {
                "r2": 0.39,
                "rmse": 1.08
            },
            "night_hours_true_nee_vs_night_hours_model_nee": {
                "r2": 0.44,
                "rmse": 1.04
            },
            "dt_gpp_vs_nt_gpp": {
                "r2": 0.94,
                "rmse": 1.33
            },
            "dt_reco_vs_nt_reco": {
                "r2": 0.71,
                "rmse": 1
            },
            "val_r2": 0.8857
        }
    },
    "experiment_11": {
        "run_type": "Custom",
        "gpp_inputs": [
            "SW_IN",
            "VPD",
            "TA",
            "WS",
            "PotRad",
            "PotRadHalfHourlyDiff",
            "PotRadDailyAvg",
            "PotRadDailyDiff",
            "WD_COS",
            "WD_SIN",
            "GPP_PROX"
        ],
        "reco_inputs": [
            "DOY_sin",
            "DOY_cos",
            "TA",
            "TS_1",
            "TS_2",
            "TS_3",
            "TS_4",
            "WS",
            "WD_COS",
            "WD_SIN",
            "NIGHTLY_NEE_AVG"
        ],
        "metrics": {
            "dt_gpp_vs_model": {
                "r2": -3.22,
                "rmse": 11.13
            },
            "nt_gpp_vs_model": {
                "r2": -3.17,
                "rmse": 11.31
            },
            "dt_reco_vs_model": {
                "r2": -53.13,
                "rmse": 11.12
            },
            "nt_reco_vs_model": {
                "r2": -69.19,
                "rmse": 11.27
            },
            "night_hours_true_nee_vs_night_hours_model_reco": {
                "r2": -53.76,
                "rmse": 10.27
            },
            "night_hours_true_nee_vs_night_hours_model_nee": {
                "r2": 0.66,
                "rmse": 0.81
            },
            "dt_gpp_vs_nt_gpp": {
                "r2": 0.94,
                "rmse": 1.33
            },
            "dt_reco_vs_nt_reco": {
                "r2": 0.71,
                "rmse": 1
            },
            "val_r2": 0.9514
        }
    },
    "experiment_12": {
        "run_type": "Custom",
        "gpp_inputs": [
            "SW_IN",
            "VPD",
            "TA",
            "WTD",
            "WS",
            "PotRad",
            "PotRadHalfHourlyDiff",
            "PotRadDailyAvg",
            "PotRadDailyDiff",
            "WD_COS",
            "WD_SIN",
            "GPP_PROX"
        ],
        "reco_inputs": [
            "DOY_sin",
            "DOY_cos",
            "TA",
            "TS_1",
            "TS_2",
            "TS_3",
            "TS_4",
            "WTD",
            "WS",
            "WD_COS",
            "WD_SIN",
            "NIGHTLY_NEE_AVG"
        ],
        "metrics": {
            "dt_gpp_vs_model": {
                "r2": 0.37,
                "rmse": 4.31
            },
            "nt_gpp_vs_model": {
                "r2": 0.33,
                "rmse": 4.53
            },
            "dt_reco_vs_model": {
                "r2": -7.3,
                "rmse": 4.35
            },
            "nt_reco_vs_model": {
                "r2": -9.78,
                "rmse": 4.41
            },
            "night_hours_true_nee_vs_night_hours_model_reco": {
                "r2": -9.62,
                "rmse": 4.52
            },
            "night_hours_true_nee_vs_night_hours_model_nee": {
                "r2": 0.62,
                "rmse": 0.86
            },
            "dt_gpp_vs_nt_gpp": {
                "r2": 0.94,
                "rmse": 1.33
            },
            "dt_reco_vs_nt_reco": {
                "r2": 0.71,
                "rmse": 1
            },
            "val_r2": 0.9487
        }
    },
    "experiment_13": {
        "run_type": "Custom",
        "gpp_inputs": [
            "SW_IN",
            "VPD",
            "TA",
            "WTD",
            "WS",
            "PotRad",
            "PotRadHalfHourlyDiff",
            "PotRadDailyAvg",
            "PotRadDailyDiff",
            "WD_COS",
            "WD_SIN",
            "GPP_PROX",
            "Salinity"
        ],
        "reco_inputs": [
            "DOY_sin",
            "DOY_cos",
            "TA",
            "TS_1",
            "TS_2",
            "TS_3",
            "TS_4",
            "WTD",
            "WS",
            "WD_COS",
            "WD_SIN",
            "NIGHTLY_NEE_AVG",
            "Salinity"
        ],
        "metrics": {
            "dt_gpp_vs_model": {
                "r2": -0.27,
                "rmse": 6.1
            },
            "nt_gpp_vs_model": {
                "r2": -0.23,
                "rmse": 6.15
            },
            "dt_reco_vs_model": {
                "r2": -1.71,
                "rmse": 2.49
            },
            "nt_reco_vs_model": {
                "r2": -1.95,
                "rmse": 2.31
            },
            "night_hours_true_nee_vs_night_hours_model_reco": {
                "r2": 0.18,
                "rmse": 1.26
            },
            "night_hours_true_nee_vs_night_hours_model_nee": {
                "r2": 0.18,
                "rmse": 1.26
            },
            "dt_gpp_vs_nt_gpp": {
                "r2": 0.94,
                "rmse": 1.33
            },
            "dt_reco_vs_nt_reco": {
                "r2": 0.71,
                "rmse": 1
            },
            "val_r2": 0.1726
        }
    },
    "experiment_14": {
        "run_type": "Custom",
        "gpp_inputs": [
            "SW_IN",
            "VPD",
            "TA",
            "WTD",
            "WS",
            "PotRad",
            "PotRadHalfHourlyDiff",
            "PotRadDailyAvg",
            "PotRadDailyDiff",
            "WD_COS",
            "WD_SIN",
            "GPP_PROX",
            "WTD_HalfHourlyDiff"
        ],
        "reco_inputs": [
            "DOY_sin",
            "DOY_cos",
            "TA",
            "TS_1",
            "TS_2",
            "TS_3",
            "TS_4",
            "WTD",
            "WS",
            "WD_COS",
            "WD_SIN",
            "NIGHTLY_NEE_AVG",
            "WTD_HalfHourlyDiff"
        ],
        "metrics": {
            "dt_gpp_vs_model": {
                "r2": -0.27,
                "rmse": 6.1
            },
            "nt_gpp_vs_model": {
                "r2": -0.23,
                "rmse": 6.15
            },
            "dt_reco_vs_model": {
                "r2": -1.7,
                "rmse": 2.48
            },
            "nt_reco_vs_model": {
                "r2": -1.94,
                "rmse": 2.3
            },
            "night_hours_true_nee_vs_night_hours_model_reco": {
                "r2": 0.24,
                "rmse": 1.21
            },
            "night_hours_true_nee_vs_night_hours_model_nee": {
                "r2": 0.24,
                "rmse": 1.21
            },
            "dt_gpp_vs_nt_gpp": {
                "r2": 0.94,
                "rmse": 1.33
            },
            "dt_reco_vs_nt_reco": {
                "r2": 0.71,
                "rmse": 1
            },
            "val_r2": 0.1734
        }
    },
    "experiment_15": {
        "run_type": "Custom",
        "gpp_inputs": [
            "SW_IN",
            "VPD",
            "TA",
            "WTD",
            "WS",
            "PotRad",
            "PotRadHalfHourlyDiff",
            "PotRadDailyAvg",
            "PotRadDailyDiff",
            "WD_COS",
            "WD_SIN",
            "GPP_PROX",
            "Salinity",
            "WTD_HalfHourlyDiff"
        ],
        "reco_inputs": [
            "DOY_sin",
            "DOY_cos",
            "TA",
            "TS_1",
            "TS_2",
            "TS_3",
            "TS_4",
            "WTD",
            "WS",
            "WD_COS",
            "WD_SIN",
            "NIGHTLY_NEE_AVG",
            "Salinity",
            "WTD_HalfHourlyDiff"
        ],
        "metrics": {
            "dt_gpp_vs_model": {
                "r2": -0.27,
                "rmse": 6.1
            },
            "nt_gpp_vs_model": {
                "r2": -0.23,
                "rmse": 6.15
            },
            "dt_reco_vs_model": {
                "r2": -1.71,
                "rmse": 2.49
            },
            "nt_reco_vs_model": {
                "r2": -1.94,
                "rmse": 2.31
            },
            "night_hours_true_nee_vs_night_hours_model_reco": {
                "r2": 0.21,
                "rmse": 1.24
            },
            "night_hours_true_nee_vs_night_hours_model_nee": {
                "r2": 0.21,
                "rmse": 1.23
            },
            "dt_gpp_vs_nt_gpp": {
                "r2": 0.94,
                "rmse": 1.33
            },
            "dt_reco_vs_nt_reco": {
                "r2": 0.71,
                "rmse": 1
            },
            "val_r2": 0.1696
        }
    },
    "experiment_16": {
        "run_type": "Custom",
        "gpp_inputs": [
            "SW_IN",
            "VPD",
            "TA",
            "WTD",
            "WS",
            "PotRad",
            "PotRadHalfHourlyDiff",
            "PotRadDailyAvg",
            "PotRadDailyDiff",
            "WD_COS",
            "WD_SIN",
            "GPP_PROX",
            "Salinity",
            "WTD_HalfHourlyDiff",
            "WTD_DailyAvg",
            "WTD_DailyDiff"
        ],
        "reco_inputs": [
            "DOY_sin",
            "DOY_cos",
            "TA",
            "TS_1",
            "TS_2",
            "TS_3",
            "TS_4",
            "WTD",
            "WS",
            "WD_COS",
            "WD_SIN",
            "NIGHTLY_NEE_AVG",
            "Salinity",
            "WTD_HalfHourlyDiff",
            "WTD_DailyAvg",
            "WTD_DailyDiff"
        ],
        "metrics": {
            "dt_gpp_vs_model": {
                "r2": 0.8,
                "rmse": 2.42
            },
            "nt_gpp_vs_model": {
                "r2": 0.8,
                "rmse": 2.5
            },
            "dt_reco_vs_model": {
                "r2": -3.9,
                "rmse": 3.34
            },
            "nt_reco_vs_model": {
                "r2": -4.67,
                "rmse": 3.2
            },
            "night_hours_true_nee_vs_night_hours_model_reco": {
                "r2": -3.73,
                "rmse": 3.02
            },
            "night_hours_true_nee_vs_night_hours_model_nee": {
                "r2": -3.73,
                "rmse": 3.02
            },
            "dt_gpp_vs_nt_gpp": {
                "r2": 0.94,
                "rmse": 1.33
            },
            "dt_reco_vs_nt_reco": {
                "r2": 0.71,
                "rmse": 1
            },
            "val_r2": 0.7371
        }
    },
    "experiment_17": {
        "run_type": "Custom",
        "gpp_inputs": [
            "VPD",
            "TA",
            "WTD",
            "WS",
            "PotRad",
            "PotRadHalfHourlyDiff",
            "PotRadDailyAvg",
            "PotRadDailyDiff",
            "WD_COS",
            "WD_SIN",
            "GPP_PROX"
        ],
        "reco_inputs": [
            "DOY_sin",
            "DOY_cos",
            "TA",
            "TS_1",
            "TS_2",
            "TS_3",
            "TS_4",
            "WTD",
            "WS",
            "WD_COS",
            "WD_SIN",
            "NIGHTLY_NEE_AVG"
        ],
        "metrics": {
            "dt_gpp_vs_model": {
                "r2": -0.99,
                "rmse": 7.64
            },
            "nt_gpp_vs_model": {
                "r2": -0.99,
                "rmse": 7.81
            },
            "dt_reco_vs_model": {
                "r2": -24.28,
                "rmse": 7.6
            },
            "nt_reco_vs_model": {
                "r2": -31.83,
                "rmse": 7.71
            },
            "night_hours_true_nee_vs_night_hours_model_reco": {
                "r2": -24.0,
                "rmse": 6.94
            },
            "night_hours_true_nee_vs_night_hours_model_nee": {
                "r2": 0.64,
                "rmse": 0.83
            },
            "dt_gpp_vs_nt_gpp": {
                "r2": 0.94,
                "rmse": 1.33
            },
            "dt_reco_vs_nt_reco": {
                "r2": 0.71,
                "rmse": 1
            },
            "val_r2": 0.9356
        }
    },
    "experiment_18": {
        "run_type": "Custom",
        "gpp_inputs": [
            "SW_IN",
            "TA",
            "WTD",
            "WS",
            "PotRad",
            "PotRadHalfHourlyDiff",
            "PotRadDailyAvg",
            "PotRadDailyDiff",
            "WD_COS",
            "WD_SIN",
            "GPP_PROX"
        ],
        "reco_inputs": [
            "DOY_sin",
            "DOY_cos",
            "TA",
            "TS_1",
            "TS_2",
            "TS_3",
            "TS_4",
            "WTD",
            "WS",
            "WD_COS",
            "WD_SIN",
            "NIGHTLY_NEE_AVG"
        ],
        "metrics": {
            "dt_gpp_vs_model": {
                "r2": -1.28,
                "rmse": 8.17
            },
            "nt_gpp_vs_model": {
                "r2": -1.28,
                "rmse": 8.36
            },
            "dt_reco_vs_model": {
                "r2": -28.2,
                "rmse": 8.17
            },
            "nt_reco_vs_model": {
                "r2": -36.92,
                "rmse": 8.28
            },
            "night_hours_true_nee_vs_night_hours_model_reco": {
                "r2": -28.25,
                "rmse": 7.51
            },
            "night_hours_true_nee_vs_night_hours_model_nee": {
                "r2": 0.63,
                "rmse": 0.84
            },
            "dt_gpp_vs_nt_gpp": {
                "r2": 0.94,
                "rmse": 1.33
            },
            "dt_reco_vs_nt_reco": {
                "r2": 0.71,
                "rmse": 1
            },
            "val_r2": 0.9469
        }
    },
    "experiment_19": {
        "run_type": "Custom",
        "gpp_inputs": [
            "SW_IN",
            "VPD",
            "WTD",
            "WS",
            "PotRad",
            "PotRadHalfHourlyDiff",
            "PotRadDailyAvg",
            "PotRadDailyDiff",
            "WD_COS",
            "WD_SIN",
            "GPP_PROX"
        ],
        "reco_inputs": [
            "DOY_sin",
            "DOY_cos",
            "TA",
            "TS_1",
            "TS_2",
            "TS_3",
            "TS_4",
            "WTD",
            "WS",
            "WD_COS",
            "WD_SIN",
            "NIGHTLY_NEE_AVG"
        ],
        "metrics": {
            "dt_gpp_vs_model": {
                "r2": -0.61,
                "rmse": 6.87
            },
            "nt_gpp_vs_model": {
                "r2": -0.63,
                "rmse": 7.07
            },
            "dt_reco_vs_model": {
                "r2": -19.61,
                "rmse": 6.86
            },
            "nt_reco_vs_model": {
                "r2": -25.95,
                "rmse": 6.98
            },
            "night_hours_true_nee_vs_night_hours_model_reco": {
                "r2": -20.85,
                "rmse": 6.49
            },
            "night_hours_true_nee_vs_night_hours_model_nee": {
                "r2": 0.65,
                "rmse": 0.82
            },
            "dt_gpp_vs_nt_gpp": {
                "r2": 0.94,
                "rmse": 1.33
            },
            "dt_reco_vs_nt_reco": {
                "r2": 0.71,
                "rmse": 1
            },
            "val_r2": 0.9496
        }
    },
    "experiment_20": {
        "run_type": "Custom",
        "gpp_inputs": [
            "SW_IN",
            "VPD",
            "TA",
            "WS",
            "PotRad",
            "PotRadHalfHourlyDiff",
            "PotRadDailyAvg",
            "PotRadDailyDiff",
            "WD_COS",
            "WD_SIN",
            "GPP_PROX"
        ],
        "reco_inputs": [
            "DOY_sin",
            "DOY_cos",
            "TA",
            "TS_1",
            "TS_2",
            "TS_3",
            "TS_4",
            "WTD",
            "WS",
            "WD_COS",
            "WD_SIN",
            "NIGHTLY_NEE_AVG"
        ],
        "metrics": {
            "dt_gpp_vs_model": {
                "r2": -2.41,
                "rmse": 10.0
            },
            "nt_gpp_vs_model": {
                "r2": -2.38,
                "rmse": 10.18
            },
            "dt_reco_vs_model": {
                "r2": -42.67,
                "rmse": 9.99
            },
            "nt_reco_vs_model": {
                "r2": -55.59,
                "rmse": 10.12
            },
            "night_hours_true_nee_vs_night_hours_model_reco": {
                "r2": -41.16,
                "rmse": 9.01
            },
            "night_hours_true_nee_vs_night_hours_model_nee": {
                "r2": 0.63,
                "rmse": 0.84
            },
            "dt_gpp_vs_nt_gpp": {
                "r2": 0.94,
                "rmse": 1.33
            },
            "dt_reco_vs_nt_reco": {
                "r2": 0.71,
                "rmse": 1
            },
            "val_r2": 0.9489
        }
    },
    "experiment_21": {
        "run_type": "Custom",
        "gpp_inputs": [
            "SW_IN",
            "VPD",
            "TA",
            "WTD",
            "PotRad",
            "PotRadHalfHourlyDiff",
            "PotRadDailyAvg",
            "PotRadDailyDiff",
            "WD_COS",
            "WD_SIN",
            "GPP_PROX"
        ],
        "reco_inputs": [
            "DOY_sin",
            "DOY_cos",
            "TA",
            "TS_1",
            "TS_2",
            "TS_3",
            "TS_4",
            "WTD",
            "WS",
            "WD_COS",
            "WD_SIN",
            "NIGHTLY_NEE_AVG"
        ],
        "metrics": {
            "dt_gpp_vs_model": {
                "r2": -3.17,
                "rmse": 11.07
            },
            "nt_gpp_vs_model": {
                "r2": -3.11,
                "rmse": 11.22
            },
            "dt_reco_vs_model": {
                "r2": -52.4,
                "rmse": 11.04
            },
            "nt_reco_vs_model": {
                "r2": -68.0,
                "rmse": 11.17
            },
            "night_hours_true_nee_vs_night_hours_model_reco": {
                "r2": -48.21,
                "rmse": 9.74
            },
            "night_hours_true_nee_vs_night_hours_model_nee": {
                "r2": 0.65,
                "rmse": 0.82
            },
            "dt_gpp_vs_nt_gpp": {
                "r2": 0.94,
                "rmse": 1.33
            },
            "dt_reco_vs_nt_reco": {
                "r2": 0.71,
                "rmse": 1
            },
            "val_r2": 0.952
        }
    },
    "experiment_22": {
        "run_type": "Custom",
        "gpp_inputs": [
            "SW_IN",
            "VPD",
            "TA",
            "WTD",
            "WS",
            "PotRadHalfHourlyDiff",
            "PotRadDailyAvg",
            "PotRadDailyDiff",
            "WD_COS",
            "WD_SIN",
            "GPP_PROX"
        ],
        "reco_inputs": [
            "DOY_sin",
            "DOY_cos",
            "TA",
            "TS_1",
            "TS_2",
            "TS_3",
            "TS_4",
            "WTD",
            "WS",
            "WD_COS",
            "WD_SIN",
            "NIGHTLY_NEE_AVG"
        ],
        "metrics": {
            "dt_gpp_vs_model": {
                "r2": -3.55,
                "rmse": 11.56
            },
            "nt_gpp_vs_model": {
                "r2": -3.49,
                "rmse": 11.73
            },
            "dt_reco_vs_model": {
                "r2": -57.38,
                "rmse": 11.55
            },
            "nt_reco_vs_model": {
                "r2": -74.3,
                "rmse": 11.67
            },
            "night_hours_true_nee_vs_night_hours_model_reco": {
                "r2": -54.64,
                "rmse": 10.35
            },
            "night_hours_true_nee_vs_night_hours_model_nee": {
                "r2": 0.62,
                "rmse": 0.85
            },
            "dt_gpp_vs_nt_gpp": {
                "r2": 0.94,
                "rmse": 1.33
            },
            "dt_reco_vs_nt_reco": {
                "r2": 0.71,
                "rmse": 1
            },
            "val_r2": 0.935
        }
    },
    "experiment_23": {
        "run_type": "Custom",
        "gpp_inputs": [
            "SW_IN",
            "VPD",
            "TA",
            "WTD",
            "WS",
            "PotRad",
            "PotRadDailyAvg",
            "PotRadDailyDiff",
            "WD_COS",
            "WD_SIN",
            "GPP_PROX"
        ],
        "reco_inputs": [
            "DOY_sin",
            "DOY_cos",
            "TA",
            "TS_1",
            "TS_2",
            "TS_3",
            "TS_4",
            "WTD",
            "WS",
            "WD_COS",
            "WD_SIN",
            "NIGHTLY_NEE_AVG"
        ],
        "metrics": {
            "dt_gpp_vs_model": {
                "r2": -6.29,
                "rmse": 14.63
            },
            "nt_gpp_vs_model": {
                "r2": -6.13,
                "rmse": 14.78
            },
            "dt_reco_vs_model": {
                "r2": -92.34,
                "rmse": 14.6
            },
            "nt_reco_vs_model": {
                "r2": -119.16,
                "rmse": 14.74
            },
            "night_hours_true_nee_vs_night_hours_model_reco": {
                "r2": -83.21,
                "rmse": 12.74
            },
            "night_hours_true_nee_vs_night_hours_model_nee": {
                "r2": 0.64,
                "rmse": 0.84
            },
            "dt_gpp_vs_nt_gpp": {
                "r2": 0.94,
                "rmse": 1.33
            },
            "dt_reco_vs_nt_reco": {
                "r2": 0.71,
                "rmse": 1
            },
            "val_r2": 0.9496
        }
    },
    "experiment_24": {
        "run_type": "Custom",
        "gpp_inputs": [
            "SW_IN",
            "VPD",
            "TA",
            "WTD",
            "WS",
            "PotRad",
            "PotRadHalfHourlyDiff",
            "PotRadDailyDiff",
            "WD_COS",
            "WD_SIN",
            "GPP_PROX"
        ],
        "reco_inputs": [
            "DOY_sin",
            "DOY_cos",
            "TA",
            "TS_1",
            "TS_2",
            "TS_3",
            "TS_4",
            "WTD",
            "WS",
            "WD_COS",
            "WD_SIN",
            "NIGHTLY_NEE_AVG"
        ],
        "metrics": {
            "dt_gpp_vs_model": {
                "r2": 0.94,
                "rmse": 1.29
            },
            "nt_gpp_vs_model": {
                "r2": 0.92,
                "rmse": 1.59
            },
            "dt_reco_vs_model": {
                "r2": 0.25,
                "rmse": 1.31
            },
            "nt_reco_vs_model": {
                "r2": 0.26,
                "rmse": 1.16
            },
            "night_hours_true_nee_vs_night_hours_model_reco": {
                "r2": 0.23,
                "rmse": 1.21
            },
            "night_hours_true_nee_vs_night_hours_model_nee": {
                "r2": 0.66,
                "rmse": 0.81
            },
            "dt_gpp_vs_nt_gpp": {
                "r2": 0.94,
                "rmse": 1.33
            },
            "dt_reco_vs_nt_reco": {
                "r2": 0.71,
                "rmse": 1
            },
            "val_r2": 0.9499
        }
    },
    "experiment_25": {
        "run_type": "Custom",
        "gpp_inputs": [
            "SW_IN",
            "VPD",
            "TA",
            "WTD",
            "WS",
            "PotRad",
            "PotRadHalfHourlyDiff",
            "PotRadDailyAvg",
            "WD_COS",
            "WD_SIN",
            "GPP_PROX"
        ],
        "reco_inputs": [
            "DOY_sin",
            "DOY_cos",
            "TA",
            "TS_1",
            "TS_2",
            "TS_3",
            "TS_4",
            "WTD",
            "WS",
            "WD_COS",
            "WD_SIN",
            "NIGHTLY_NEE_AVG"
        ],
        "metrics": {
            "dt_gpp_vs_model": {
                "r2": -0.04,
                "rmse": 5.52
            },
            "nt_gpp_vs_model": {
                "r2": -0.06,
                "rmse": 5.71
            },
            "dt_reco_vs_model": {
                "r2": -12.09,
                "rmse": 5.47
            },
            "nt_reco_vs_model": {
                "r2": -16.34,
                "rmse": 5.6
            },
            "night_hours_true_nee_vs_night_hours_model_reco": {
                "r2": -12.21,
                "rmse": 5.04
            },
            "night_hours_true_nee_vs_night_hours_model_nee": {
                "r2": 0.64,
                "rmse": 0.83
            },
            "dt_gpp_vs_nt_gpp": {
                "r2": 0.94,
                "rmse": 1.33
            },
            "dt_reco_vs_nt_reco": {
                "r2": 0.71,
                "rmse": 1
            },
            "val_r2": 0.9469
        }
    },
    "experiment_26": {
        "run_type": "Custom",
        "gpp_inputs": [
            "SW_IN",
            "VPD",
            "TA",
            "WTD",
            "WS",
            "PotRad",
            "PotRadHalfHourlyDiff",
            "PotRadDailyAvg",
            "PotRadDailyDiff",
            "WD_SIN",
            "GPP_PROX"
        ],
        "reco_inputs": [
            "DOY_sin",
            "DOY_cos",
            "TA",
            "TS_1",
            "TS_2",
            "TS_3",
            "TS_4",
            "WTD",
            "WS",
            "WD_COS",
            "WD_SIN",
            "NIGHTLY_NEE_AVG"
        ],
        "metrics": {
            "dt_gpp_vs_model": {
                "r2": -1.66,
                "rmse": 8.83
            },
            "nt_gpp_vs_model": {
                "r2": -1.64,
                "rmse": 9.0
            },
            "dt_reco_vs_model": {
                "r2": -33.19,
                "rmse": 8.84
            },
            "nt_reco_vs_model": {
                "r2": -43.13,
                "rmse": 8.93
            },
            "night_hours_true_nee_vs_night_hours_model_reco": {
                "r2": -35.61,
                "rmse": 8.4
            },
            "night_hours_true_nee_vs_night_hours_model_nee": {
                "r2": 0.65,
                "rmse": 0.82
            },
            "dt_gpp_vs_nt_gpp": {
                "r2": 0.94,
                "rmse": 1.33
            },
            "dt_reco_vs_nt_reco": {
                "r2": 0.71,
                "rmse": 1
            },
            "val_r2": 0.9489
        }
    },
    "experiment_27": {
        "run_type": "Custom",
        "gpp_inputs": [
            "SW_IN",
            "VPD",
            "TA",
            "WTD",
            "WS",
            "PotRad",
            "PotRadHalfHourlyDiff",
            "PotRadDailyAvg",
            "PotRadDailyDiff",
            "WD_COS",
            "GPP_PROX"
        ],
        "reco_inputs": [
            "DOY_sin",
            "DOY_cos",
            "TA",
            "TS_1",
            "TS_2",
            "TS_3",
            "TS_4",
            "WTD",
            "WS",
            "WD_COS",
            "WD_SIN",
            "NIGHTLY_NEE_AVG"
        ],
        "metrics": {
            "dt_gpp_vs_model": {
                "r2": -1.59,
                "rmse": 8.71
            },
            "nt_gpp_vs_model": {
                "r2": -1.58,
                "rmse": 8.89
            },
            "dt_reco_vs_model": {
                "r2": -32.24,
                "rmse": 8.71
            },
            "nt_reco_vs_model": {
                "r2": -42.04,
                "rmse": 8.82
            },
            "night_hours_true_nee_vs_night_hours_model_reco": {
                "r2": -33.94,
                "rmse": 8.2
            },
            "night_hours_true_nee_vs_night_hours_model_nee": {
                "r2": 0.66,
                "rmse": 0.81
            },
            "dt_gpp_vs_nt_gpp": {
                "r2": 0.94,
                "rmse": 1.33
            },
            "dt_reco_vs_nt_reco": {
                "r2": 0.71,
                "rmse": 1
            },
            "val_r2": 0.95
        }
    },
    "experiment_28": {
        "run_type": "Custom",
        "gpp_inputs": [
            "SW_IN",
            "VPD",
            "TA",
            "WTD",
            "WS",
            "PotRad",
            "PotRadHalfHourlyDiff",
            "PotRadDailyAvg",
            "PotRadDailyDiff",
            "WD_COS",
            "WD_SIN"
        ],
        "reco_inputs": [
            "DOY_sin",
            "DOY_cos",
            "TA",
            "TS_1",
            "TS_2",
            "TS_3",
            "TS_4",
            "WTD",
            "WS",
            "WD_COS",
            "WD_SIN",
            "NIGHTLY_NEE_AVG"
        ],
        "metrics": {
            "dt_gpp_vs_model": {
                "r2": -1.12,
                "rmse": 7.89
            },
            "nt_gpp_vs_model": {
                "r2": -1.11,
                "rmse": 8.05
            },
            "dt_reco_vs_model": {
                "r2": -26.27,
                "rmse": 7.89
            },
            "nt_reco_vs_model": {
                "r2": -33.5,
                "rmse": 7.9
            },
            "night_hours_true_nee_vs_night_hours_model_reco": {
                "r2": -32.17,
                "rmse": 7.99
            },
            "night_hours_true_nee_vs_night_hours_model_nee": {
                "r2": 0.61,
                "rmse": 0.87
            },
            "dt_gpp_vs_nt_gpp": {
                "r2": 0.94,
                "rmse": 1.33
            },
            "dt_reco_vs_nt_reco": {
                "r2": 0.71,
                "rmse": 1
            },
            "val_r2": 0.9287
        }
    },
    "experiment_29": {
        "run_type": "Custom",
        "gpp_inputs": [
            "SW_IN",
            "VPD",
            "TA",
            "WTD",
            "WS",
            "PotRad",
            "PotRadHalfHourlyDiff",
            "PotRadDailyAvg",
            "PotRadDailyDiff",
            "WD_COS",
            "WD_SIN",
            "GPP_PROX"
        ],
        "reco_inputs": [
            "DOY_cos",
            "TA",
            "TS_1",
            "TS_2",
            "TS_3",
            "TS_4",
            "WTD",
            "WS",
            "WD_COS",
            "WD_SIN",
            "NIGHTLY_NEE_AVG"
        ],
        "metrics": {
            "dt_gpp_vs_model": {
                "r2": 0.97,
                "rmse": 0.95
            },
            "nt_gpp_vs_model": {
                "r2": 0.95,
                "rmse": 1.29
            },
            "dt_reco_vs_model": {
                "r2": 0.56,
                "rmse": 1.0
            },
            "nt_reco_vs_model": {
                "r2": 0.7,
                "rmse": 0.73
            },
            "night_hours_true_nee_vs_night_hours_model_reco": {
                "r2": 0.66,
                "rmse": 0.81
            },
            "night_hours_true_nee_vs_night_hours_model_nee": {
                "r2": 0.66,
                "rmse": 0.81
            },
            "dt_gpp_vs_nt_gpp": {
                "r2": 0.94,
                "rmse": 1.33
            },
            "dt_reco_vs_nt_reco": {
                "r2": 0.71,
                "rmse": 1
            },
            "val_r2": 0.9505
        }
    },
    "experiment_30": {
        "run_type": "Custom",
        "gpp_inputs": [
            "SW_IN",
            "VPD",
            "TA",
            "WTD",
            "WS",
            "PotRad",
            "PotRadHalfHourlyDiff",
            "PotRadDailyAvg",
            "PotRadDailyDiff",
            "WD_COS",
            "WD_SIN",
            "GPP_PROX"
        ],
        "reco_inputs": [
            "DOY_sin",
            "TA",
            "TS_1",
            "TS_2",
            "TS_3",
            "TS_4",
            "WTD",
            "WS",
            "WD_COS",
            "WD_SIN",
            "NIGHTLY_NEE_AVG"
        ],
        "metrics": {
            "dt_gpp_vs_model": {
                "r2": -0.27,
                "rmse": 6.1
            },
            "nt_gpp_vs_model": {
                "r2": -0.23,
                "rmse": 6.15
            },
            "dt_reco_vs_model": {
                "r2": -1.96,
                "rmse": 2.6
            },
            "nt_reco_vs_model": {
                "r2": -2.22,
                "rmse": 2.41
            },
            "night_hours_true_nee_vs_night_hours_model_reco": {
                "r2": -0.21,
                "rmse": 1.53
            },
            "night_hours_true_nee_vs_night_hours_model_nee": {
                "r2": -0.21,
                "rmse": 1.53
            },
            "dt_gpp_vs_nt_gpp": {
                "r2": 0.94,
                "rmse": 1.33
            },
            "dt_reco_vs_nt_reco": {
                "r2": 0.71,
                "rmse": 1
            },
            "val_r2": 0.152
        }
    },
    "experiment_31": {
        "run_type": "Custom",
        "gpp_inputs": [
            "SW_IN",
            "VPD",
            "TA",
            "WTD",
            "WS",
            "PotRad",
            "PotRadHalfHourlyDiff",
            "PotRadDailyAvg",
            "PotRadDailyDiff",
            "WD_COS",
            "WD_SIN",
            "GPP_PROX"
        ],
        "reco_inputs": [
            "DOY_sin",
            "DOY_cos",
            "TS_1",
            "TS_2",
            "TS_3",
            "TS_4",
            "WTD",
            "WS",
            "WD_COS",
            "WD_SIN",
            "NIGHTLY_NEE_AVG"
        ],
        "metrics": {
            "dt_gpp_vs_model": {
                "r2": 0.97,
                "rmse": 0.93
            },
            "nt_gpp_vs_model": {
                "r2": 0.95,
                "rmse": 1.25
            },
            "dt_reco_vs_model": {
                "r2": 0.62,
                "rmse": 0.93
            },
            "nt_reco_vs_model": {
                "r2": 0.76,
                "rmse": 0.66
            },
            "night_hours_true_nee_vs_night_hours_model_reco": {
                "r2": 0.68,
                "rmse": 0.78
            },
            "night_hours_true_nee_vs_night_hours_model_nee": {
                "r2": 0.68,
                "rmse": 0.78
            },
            "dt_gpp_vs_nt_gpp": {
                "r2": 0.94,
                "rmse": 1.33
            },
            "dt_reco_vs_nt_reco": {
                "r2": 0.71,
                "rmse": 1
            },
            "val_r2": 0.9551
        }
    },
    "experiment_32": {
        "run_type": "Custom",
        "gpp_inputs": [
            "SW_IN",
            "VPD",
            "TA",
            "WTD",
            "WS",
            "PotRad",
            "PotRadHalfHourlyDiff",
            "PotRadDailyAvg",
            "PotRadDailyDiff",
            "WD_COS",
            "WD_SIN",
            "GPP_PROX"
        ],
        "reco_inputs": [
            "DOY_sin",
            "DOY_cos",
            "TA",
            "TS_2",
            "TS_3",
            "TS_4",
            "WTD",
            "WS",
            "WD_COS",
            "WD_SIN",
            "NIGHTLY_NEE_AVG"
        ],
        "metrics": {
            "dt_gpp_vs_model": {
                "r2": -0.27,
                "rmse": 6.1
            },
            "nt_gpp_vs_model": {
                "r2": -0.23,
                "rmse": 6.15
            },
            "dt_reco_vs_model": {
                "r2": -1.8,
                "rmse": 2.53
            },
            "nt_reco_vs_model": {
                "r2": -2.02,
                "rmse": 2.34
            },
            "night_hours_true_nee_vs_night_hours_model_reco": {
                "r2": 0.04,
                "rmse": 1.36
            },
            "night_hours_true_nee_vs_night_hours_model_nee": {
                "r2": 0.04,
                "rmse": 1.36
            },
            "dt_gpp_vs_nt_gpp": {
                "r2": 0.94,
                "rmse": 1.33
            },
            "dt_reco_vs_nt_reco": {
                "r2": 0.71,
                "rmse": 1
            },
            "val_r2": 0.16
        }
    },
    "experiment_33": {
        "run_type": "Custom",
        "gpp_inputs": [
            "SW_IN",
            "VPD",
            "TA",
            "WTD",
            "WS",
            "PotRad",
            "PotRadHalfHourlyDiff",
            "PotRadDailyAvg",
            "PotRadDailyDiff",
            "WD_COS",
            "WD_SIN",
            "GPP_PROX"
        ],
        "reco_inputs": [
            "DOY_sin",
            "DOY_cos",
            "TA",
            "TS_1",
            "TS_3",
            "TS_4",
            "WTD",
            "WS",
            "WD_COS",
            "WD_SIN",
            "NIGHTLY_NEE_AVG"
        ],
        "metrics": {
            "dt_gpp_vs_model": {
                "r2": -0.27,
                "rmse": 6.1
            },
            "nt_gpp_vs_model": {
                "r2": -0.23,
                "rmse": 6.15
            },
            "dt_reco_vs_model": {
                "r2": -1.9,
                "rmse": 2.57
            },
            "nt_reco_vs_model": {
                "r2": -2.18,
                "rmse": 2.4
            },
            "night_hours_true_nee_vs_night_hours_model_reco": {
                "r2": -0.14,
                "rmse": 1.48
            },
            "night_hours_true_nee_vs_night_hours_model_nee": {
                "r2": -0.14,
                "rmse": 1.48
            },
            "dt_gpp_vs_nt_gpp": {
                "r2": 0.94,
                "rmse": 1.33
            },
            "dt_reco_vs_nt_reco": {
                "r2": 0.71,
                "rmse": 1
            },
            "val_r2": 0.1567
        }
    },
    "experiment_34": {
        "run_type": "Custom",
        "gpp_inputs": [
            "SW_IN",
            "VPD",
            "TA",
            "WTD",
            "WS",
            "PotRad",
            "PotRadHalfHourlyDiff",
            "PotRadDailyAvg",
            "PotRadDailyDiff",
            "WD_COS",
            "WD_SIN",
            "GPP_PROX"
        ],
        "reco_inputs": [
            "DOY_sin",
            "DOY_cos",
            "TA",
            "TS_1",
            "TS_2",
            "TS_4",
            "WTD",
            "WS",
            "WD_COS",
            "WD_SIN",
            "NIGHTLY_NEE_AVG"
        ],
        "metrics": {
            "dt_gpp_vs_model": {
                "r2": -0.27,
                "rmse": 6.1
            },
            "nt_gpp_vs_model": {
                "r2": -0.23,
                "rmse": 6.15
            },
            "dt_reco_vs_model": {
                "r2": -1.85,
                "rmse": 2.55
            },
            "nt_reco_vs_model": {
                "r2": -2.08,
                "rmse": 2.36
            },
            "night_hours_true_nee_vs_night_hours_model_reco": {
                "r2": 0.01,
                "rmse": 1.38
            },
            "night_hours_true_nee_vs_night_hours_model_nee": {
                "r2": 0.01,
                "rmse": 1.38
            },
            "dt_gpp_vs_nt_gpp": {
                "r2": 0.94,
                "rmse": 1.33
            },
            "dt_reco_vs_nt_reco": {
                "r2": 0.71,
                "rmse": 1
            },
            "val_r2": 0.1618
        }
    },
    "experiment_35": {
        "run_type": "Custom",
        "gpp_inputs": [
            "SW_IN",
            "VPD",
            "TA",
            "WTD",
            "WS",
            "PotRad",
            "PotRadHalfHourlyDiff",
            "PotRadDailyAvg",
            "PotRadDailyDiff",
            "WD_COS",
            "WD_SIN",
            "GPP_PROX"
        ],
        "reco_inputs": [
            "DOY_sin",
            "DOY_cos",
            "TA",
            "TS_1",
            "TS_2",
            "TS_3",
            "WTD",
            "WS",
            "WD_COS",
            "WD_SIN",
            "NIGHTLY_NEE_AVG"
        ],
        "metrics": {
            "dt_gpp_vs_model": {
                "r2": -0.27,
                "rmse": 6.1
            },
            "nt_gpp_vs_model": {
                "r2": -0.23,
                "rmse": 6.15
            },
            "dt_reco_vs_model": {
                "r2": -1.79,
                "rmse": 2.53
            },
            "nt_reco_vs_model": {
                "r2": -2.05,
                "rmse": 2.35
            },
            "night_hours_true_nee_vs_night_hours_model_reco": {
                "r2": 0.08,
                "rmse": 1.33
            },
            "night_hours_true_nee_vs_night_hours_model_nee": {
                "r2": 0.08,
                "rmse": 1.33
            },
            "dt_gpp_vs_nt_gpp": {
                "r2": 0.94,
                "rmse": 1.33
            },
            "dt_reco_vs_nt_reco": {
                "r2": 0.71,
                "rmse": 1
            },
            "val_r2": 0.1673
        }
    },
    "experiment_36": {
        "run_type": "Custom",
        "gpp_inputs": [
            "SW_IN",
            "VPD",
            "TA",
            "WTD",
            "WS",
            "PotRad",
            "PotRadHalfHourlyDiff",
            "PotRadDailyAvg",
            "PotRadDailyDiff",
            "WD_COS",
            "WD_SIN",
            "GPP_PROX"
        ],
        "reco_inputs": [
            "DOY_sin",
            "DOY_cos",
            "TA",
            "TS_1",
            "TS_2",
            "TS_3",
            "TS_4",
            "WS",
            "WD_COS",
            "WD_SIN",
            "NIGHTLY_NEE_AVG"
        ],
        "metrics": {
            "dt_gpp_vs_model": {
                "r2": -0.27,
                "rmse": 6.1
            },
            "nt_gpp_vs_model": {
                "r2": -0.23,
                "rmse": 6.15
            },
            "dt_reco_vs_model": {
                "r2": -1.84,
                "rmse": 2.55
            },
            "nt_reco_vs_model": {
                "r2": -2.1,
                "rmse": 2.37
            },
            "night_hours_true_nee_vs_night_hours_model_reco": {
                "r2": 0.0,
                "rmse": 1.39
            },
            "night_hours_true_nee_vs_night_hours_model_nee": {
                "r2": 0.0,
                "rmse": 1.39
            },
            "dt_gpp_vs_nt_gpp": {
                "r2": 0.94,
                "rmse": 1.33
            },
            "dt_reco_vs_nt_reco": {
                "r2": 0.71,
                "rmse": 1
            },
            "val_r2": 0.1615
        }
    },
    "experiment_37": {
        "run_type": "Custom",
        "gpp_inputs": [
            "SW_IN",
            "VPD",
            "TA",
            "WTD",
            "WS",
            "PotRad",
            "PotRadHalfHourlyDiff",
            "PotRadDailyAvg",
            "PotRadDailyDiff",
            "WD_COS",
            "WD_SIN",
            "GPP_PROX"
        ],
        "reco_inputs": [
            "DOY_sin",
            "DOY_cos",
            "TA",
            "TS_1",
            "TS_2",
            "TS_3",
            "TS_4",
            "WTD",
            "WD_COS",
            "WD_SIN",
            "NIGHTLY_NEE_AVG"
        ],
        "metrics": {
            "dt_gpp_vs_model": {
                "r2": -0.27,
                "rmse": 6.1
            },
            "nt_gpp_vs_model": {
                "r2": -0.23,
                "rmse": 6.15
            },
            "dt_reco_vs_model": {
                "r2": -1.86,
                "rmse": 2.56
            },
            "nt_reco_vs_model": {
                "r2": -2.09,
                "rmse": 2.37
            },
            "night_hours_true_nee_vs_night_hours_model_reco": {
                "r2": -0.01,
                "rmse": 1.39
            },
            "night_hours_true_nee_vs_night_hours_model_nee": {
                "r2": -0.01,
                "rmse": 1.39
            },
            "dt_gpp_vs_nt_gpp": {
                "r2": 0.94,
                "rmse": 1.33
            },
            "dt_reco_vs_nt_reco": {
                "r2": 0.71,
                "rmse": 1
            },
            "val_r2": 0.1614
        }
    },
    "experiment_38": {
        "run_type": "Custom",
        "gpp_inputs": [
            "SW_IN",
            "VPD",
            "TA",
            "WTD",
            "WS",
            "PotRad",
            "PotRadHalfHourlyDiff",
            "PotRadDailyAvg",
            "PotRadDailyDiff",
            "WD_COS",
            "WD_SIN",
            "GPP_PROX"
        ],
        "reco_inputs": [
            "DOY_sin",
            "DOY_cos",
            "TA",
            "TS_1",
            "TS_2",
            "TS_3",
            "TS_4",
            "WTD",
            "WS",
            "WD_SIN",
            "NIGHTLY_NEE_AVG"
        ],
        "metrics": {
            "dt_gpp_vs_model": {
                "r2": -0.27,
                "rmse": 6.1
            },
            "nt_gpp_vs_model": {
                "r2": -0.23,
                "rmse": 6.15
            },
            "dt_reco_vs_model": {
                "r2": -1.72,
                "rmse": 2.49
            },
            "nt_reco_vs_model": {
                "r2": -1.96,
                "rmse": 2.31
            },
            "night_hours_true_nee_vs_night_hours_model_reco": {
                "r2": 0.22,
                "rmse": 1.23
            },
            "night_hours_true_nee_vs_night_hours_model_nee": {
                "r2": 0.22,
                "rmse": 1.23
            },
            "dt_gpp_vs_nt_gpp": {
                "r2": 0.94,
                "rmse": 1.33
            },
            "dt_reco_vs_nt_reco": {
                "r2": 0.71,
                "rmse": 1
            },
            "val_r2": 0.1716
        }
    },
    "experiment_39": {
        "run_type": "Custom",
        "gpp_inputs": [
            "SW_IN",
            "VPD",
            "TA",
            "WTD",
            "WS",
            "PotRad",
            "PotRadHalfHourlyDiff",
            "PotRadDailyAvg",
            "PotRadDailyDiff",
            "WD_COS",
            "WD_SIN",
            "GPP_PROX"
        ],
        "reco_inputs": [
            "DOY_sin",
            "DOY_cos",
            "TA",
            "TS_1",
            "TS_2",
            "TS_3",
            "TS_4",
            "WTD",
            "WS",
            "WD_COS",
            "NIGHTLY_NEE_AVG"
        ],
        "metrics": {
            "dt_gpp_vs_model": {
                "r2": -0.27,
                "rmse": 6.1
            },
            "nt_gpp_vs_model": {
                "r2": -0.23,
                "rmse": 6.15
            },
            "dt_reco_vs_model": {
                "r2": -1.8,
                "rmse": 2.53
            },
            "nt_reco_vs_model": {
                "r2": -2.03,
                "rmse": 2.34
            },
            "night_hours_true_nee_vs_night_hours_model_reco": {
                "r2": 0.03,
                "rmse": 1.37
            },
            "night_hours_true_nee_vs_night_hours_model_nee": {
                "r2": 0.03,
                "rmse": 1.37
            },
            "dt_gpp_vs_nt_gpp": {
                "r2": 0.94,
                "rmse": 1.33
            },
            "dt_reco_vs_nt_reco": {
                "r2": 0.71,
                "rmse": 1
            },
            "val_r2": 0.1622
        }
    },
    "experiment_40": {
        "run_type": "Custom",
        "gpp_inputs": [
            "SW_IN",
            "VPD",
            "TA",
            "WTD",
            "WS",
            "PotRad",
            "PotRadHalfHourlyDiff",
            "PotRadDailyAvg",
            "PotRadDailyDiff",
            "WD_COS",
            "WD_SIN",
            "GPP_PROX"
        ],
        "reco_inputs": [
            "DOY_sin",
            "DOY_cos",
            "TA",
            "TS_1",
            "TS_2",
            "TS_3",
            "TS_4",
            "WTD",
            "WS",
            "WD_COS",
            "WD_SIN"
        ],
        "metrics": {
            "dt_gpp_vs_model": {
                "r2": -0.27,
                "rmse": 6.1
            },
            "nt_gpp_vs_model": {
                "r2": -0.23,
                "rmse": 6.15
            },
            "dt_reco_vs_model": {
                "r2": -1.84,
                "rmse": 2.55
            },
            "nt_reco_vs_model": {
                "r2": -2.11,
                "rmse": 2.37
            },
            "night_hours_true_nee_vs_night_hours_model_reco": {
                "r2": 0.01,
                "rmse": 1.38
            },
            "night_hours_true_nee_vs_night_hours_model_nee": {
                "r2": 0.01,
                "rmse": 1.38
            },
            "dt_gpp_vs_nt_gpp": {
                "r2": 0.94,
                "rmse": 1.33
            },
            "dt_reco_vs_nt_reco": {
                "r2": 0.71,
                "rmse": 1
            },
            "val_r2": 0.1634
        }
    }
}
0.8565,0.58,0.55,-3.47,-4.72,-2.9,0.15
0.8641,0.77,0.73,-1.24,-1.67,-0.58,0.18
0.8696,0.81,0.78,-0.75,-0.94,-0.19,0.21
0.878,0.68,0.64,-2.55,-3.46,-2.61,0.29
0.1255,-0.27,-0.23,-2.07,-2.41,-0.66,-0.66
0.1311,-0.27,-0.23,-1.98,-2.31,-0.54,-0.54
0.1278,-0.27,-0.23,-2.06,-2.37,-0.6,-0.6
0.9185,-0.91,-0.88,-23.02,-29.84,-20.74,0.48
0.2087,-1.2,-1.21,-19.72,-25.67,-22.24,-5.83
0.8857,0.82,0.8,-0.57,-0.84,0.39,0.44
0.9514,-3.22,-3.17,-53.13,-69.19,-53.76,0.66
0.9487,0.37,0.33,-7.3,-9.78,-9.62,0.62
0.1726,-0.27,-0.23,-1.71,-1.95,0.18,0.18
0.1734,-0.27,-0.23,-1.7,-1.94,0.24,0.24
0.1696,-0.27,-0.23,-1.71,-1.94,0.21,0.21
0.7371,0.8,0.8,-3.9,-4.67,-3.73,-3.73

0.9356,-0.99,-0.99,-24.28,-31.83,-24.0,0.64
0.9469,-1.28,-1.28,-28.2,-36.92,-28.25,0.63
0.9496,-0.61,-0.63,-19.61,-25.95,-20.85,0.65
0.9489,-2.41,-2.38,-42.67,-55.59,-41.16,0.63
0.952,-3.17,-3.11,-52.4,-68.0,-48.21,0.65
0.935,-3.55,-3.49,-57.38,-74.3,-54.64,0.62
0.9496,-6.29,-6.13,-92.34,-119.16,-83.21,0.64
0.9499,0.94,0.92,0.25,0.26,0.23,0.66
0.9469,-0.04,-0.06,-12.09,-16.34,-12.21,0.64
0.9489,-1.66,-1.64,-33.19,-43.13,-35.61,0.65
0.95,-1.59,-1.58,-32.24,-42.04,-33.94,0.66
0.9287,-1.12,-1.11,-26.27,-33.5,-32.17,0.61

0.9505,0.97,0.95,0.56,0.7,0.66,0.66
0.152,-0.27,-0.23,-1.96,-2.22,-0.21,-0.21
0.9551,0.97,0.95,0.62,0.76,0.68,0.68
0.16,-0.27,-0.23,-1.8,-2.02,0.04,0.04
0.1567,-0.27,-0.23,-1.9,-2.18,-0.14,-0.14
0.1618,-0.27,-0.23,-1.85,-2.08,0.01,0.01
0.1673,-0.27,-0.23,-1.79,-2.05,0.08,0.08
0.1615,-0.27,-0.23,-1.84,-2.1,0.0,0.0
0.1614,-0.27,-0.23,-1.86,-2.09,-0.01,-0.01
0.1716,-0.27,-0.23,-1.72,-1.96,0.22,0.22
0.1622,-0.27,-0.23,-1.8,-2.03,0.03,0.03
0.1634,-0.27,-0.23,-1.84,-2.11,0.01,0.01
Compare DT and NT methods' Reco predictions during night to true nee measured during night
night_hours_true_nee_vs_night_hours_dt_reco R2 0.23,
night_hours_true_nee_vs_night_hours_nt_reco R2 0.45,
Run ended at:   2025-09-17 14:54:55
Total duration: 0:23:58 (hh:mm:ss)
