created virtual environment CPython3.10.13.final.0-64 in 18915ms
  creator CPython3Posix(dest=/localscratch/onurk.5589728.0/env, clear=False, no_vcs_ignore=False, global=False)
  seeder FromAppData(download=False, pip=bundle, setuptools=bundle, wheel=bundle, via=copy, app_data_dir=/home/onurk/.local/share/virtualenv)
    added seed packages: pip==25.2, setuptools==80.9.0, wheel==0.45.1+computecanada
  activators BashActivator,CShellActivator,FishActivator,NushellActivator,PowerShellActivator,PythonActivator
Looking in links: /cvmfs/soft.computecanada.ca/custom/python/wheelhouse/gentoo2023/x86-64-v4, /cvmfs/soft.computecanada.ca/custom/python/wheelhouse/gentoo2023/x86-64-v3, /cvmfs/soft.computecanada.ca/custom/python/wheelhouse/gentoo2023/generic, /cvmfs/soft.computecanada.ca/custom/python/wheelhouse/generic
Processing /cvmfs/soft.computecanada.ca/custom/python/wheelhouse/gentoo2023/x86-64-v3/torch-2.6.0+computecanada-cp310-cp310-linux_x86_64.whl
Processing /cvmfs/soft.computecanada.ca/custom/python/wheelhouse/generic/filelock-3.19.1+computecanada-py3-none-any.whl (from torch)
Requirement already satisfied: typing-extensions>=4.10.0 in /cvmfs/soft.computecanada.ca/easybuild/software/2023/x86-64-v4/Compiler/gcccore/ipykernel/2025a/lib/python3.10/site-packages (from torch) (4.12.2+computecanada)
Processing /cvmfs/soft.computecanada.ca/custom/python/wheelhouse/generic/networkx-3.5+computecanada-py3-none-any.whl (from torch)
Processing /cvmfs/soft.computecanada.ca/custom/python/wheelhouse/generic/jinja2-3.1.6+computecanada-py3-none-any.whl (from torch)
Processing /cvmfs/soft.computecanada.ca/custom/python/wheelhouse/generic/fsspec-2025.9.0+computecanada-py3-none-any.whl (from torch)
Processing /cvmfs/soft.computecanada.ca/custom/python/wheelhouse/generic/sympy-1.13.1+computecanada-py3-none-any.whl (from torch)
Requirement already satisfied: mpmath<1.4,>=1.1.0 in /cvmfs/soft.computecanada.ca/easybuild/software/2023/x86-64-v4/Compiler/gcccore/scipy-stack/2025a/lib/python3.10/site-packages (from sympy==1.13.1->torch) (1.3.0+computecanada)
Processing /cvmfs/soft.computecanada.ca/custom/python/wheelhouse/generic/MarkupSafe-2.1.5+computecanada-cp310-cp310-linux_x86_64.whl (from jinja2->torch)
INFO: pip is looking at multiple versions of networkx to determine which version is compatible with other requirements. This could take a while.
Processing /cvmfs/soft.computecanada.ca/custom/python/wheelhouse/generic/networkx-3.4.2+computecanada-py3-none-any.whl (from torch)
Installing collected packages: sympy, networkx, MarkupSafe, fsspec, filelock, jinja2, torch
  Attempting uninstall: sympy
    Found existing installation: sympy 1.13.3+computecanada
    Not uninstalling sympy at /cvmfs/soft.computecanada.ca/easybuild/software/2023/x86-64-v4/Compiler/gcccore/scipy-stack/2025a/lib/python3.10/site-packages, outside environment /localscratch/onurk.5589728.0/env
    Can't uninstall 'sympy'. No files were found to uninstall.

Successfully installed MarkupSafe-2.1.5+computecanada filelock-3.19.1+computecanada fsspec-2025.9.0+computecanada jinja2-3.1.6+computecanada networkx-3.4.2+computecanada sympy-1.13.1+computecanada torch-2.6.0+computecanada
pre_processing: False      drop_na: False       normalize_raw_features: False       train_models: True       save_models: True       hidden_size: 12       tramontana_run: False       
Site name: USPLO      Full file name: USPLO_nee_partition_202206110000_202312312359.csv      
Run started at: 2025-09-26 13:10:17
gpp_input_names,  ['SW_IN', 'TA'] 
reco_input_names,  ['DOY_sin', 'DOY_cos', 'TA'] 
true_nee_name,  ['NEE'] 

Custom Running on GPU With hidden layer size of 12 Total epochs: 100000 lr: 0.001 patience: 500 min_delta 0.01
SNN_GPP(
  (net): Sequential(
    (0): Linear(in_features=2, out_features=12, bias=True)
    (1): ReLU()
    (2): Linear(in_features=12, out_features=1, bias=True)
    (3): ReLU()
  )
)
SNN_RECO(
  (net): Sequential(
    (0): Linear(in_features=3, out_features=12, bias=True)
    (1): ReLU()
    (2): Linear(in_features=12, out_features=1, bias=True)
    (3): ReLU()
  )
)
Custom will use the Tram vars
Params are min slope: 2e-06, trend window: 100
Epoch     0 | Train Loss: 0.056160 | Val Loss: 0.052504 | Train R²: -0.5571 | Val R²: -0.4749 | NightHrsTrueNEE vs NightHrsModelReco R²: -8.9900 | NightHrsTrueNee vs NightHrsModelNee R²: -10.2400
Epoch   500 | Train Loss: 0.015510 | Val Loss: 0.016123 | Train R²: 0.5700 | Val R²: 0.5471 | NightHrsTrueNEE vs NightHrsModelReco R²: -1.1800 | NightHrsTrueNee vs NightHrsModelNee R²: -1.2500
Epoch  1000 | Train Loss: 0.015218 | Val Loss: 0.015793 | Train R²: 0.5781 | Val R²: 0.5564 | NightHrsTrueNEE vs NightHrsModelReco R²: -1.1800 | NightHrsTrueNee vs NightHrsModelNee R²: -1.2300
Epoch  1500 | Train Loss: 0.015114 | Val Loss: 0.015628 | Train R²: 0.5810 | Val R²: 0.5610 | NightHrsTrueNEE vs NightHrsModelReco R²: -1.1800 | NightHrsTrueNee vs NightHrsModelNee R²: -1.2100
Epoch  2000 | Train Loss: 0.010795 | Val Loss: 0.011231 | Train R²: 0.7007 | Val R²: 0.6845 | NightHrsTrueNEE vs NightHrsModelReco R²: 0.2600 | NightHrsTrueNee vs NightHrsModelNee R²: 0.1400
Epoch  2500 | Train Loss: 0.010042 | Val Loss: 0.010401 | Train R²: 0.7216 | Val R²: 0.7078 | NightHrsTrueNEE vs NightHrsModelReco R²: 0.3000 | NightHrsTrueNee vs NightHrsModelNee R²: 0.2200
Epoch  3000 | Train Loss: 0.009457 | Val Loss: 0.009751 | Train R²: 0.7378 | Val R²: 0.7261 | NightHrsTrueNEE vs NightHrsModelReco R²: 0.3100 | NightHrsTrueNee vs NightHrsModelNee R²: 0.2700
Epoch  3500 | Train Loss: 0.009251 | Val Loss: 0.009564 | Train R²: 0.7435 | Val R²: 0.7313 | NightHrsTrueNEE vs NightHrsModelReco R²: 0.3100 | NightHrsTrueNee vs NightHrsModelNee R²: 0.3000
Epoch  4000 | Train Loss: 0.009082 | Val Loss: 0.009417 | Train R²: 0.7482 | Val R²: 0.7355 | NightHrsTrueNEE vs NightHrsModelReco R²: 0.2700 | NightHrsTrueNee vs NightHrsModelNee R²: 0.2900
Epoch  4500 | Train Loss: 0.008985 | Val Loss: 0.009334 | Train R²: 0.7509 | Val R²: 0.7378 | NightHrsTrueNEE vs NightHrsModelReco R²: 0.2400 | NightHrsTrueNee vs NightHrsModelNee R²: 0.2700
Early stopping at epoch 4575 due to flat/negative trend (slope=0.000002)
Epoch  4575 | Train Loss: 0.008977 | Val Loss: 0.009329 | Train R²: 0.7511 | Val R²: 0.7379
Directory './experiment_figures/USPLO' created successfully for plot saving.
Unpickling models
Following models have been loaded and moved to cuda:
trained gpp model:
 SNN_GPP(
  (net): Sequential(
    (0): Linear(in_features=2, out_features=12, bias=True)
    (1): ReLU()
    (2): Linear(in_features=12, out_features=1, bias=True)
    (3): ReLU()
  )
), trained_reco_model:
 SNN_RECO(
  (net): Sequential(
    (0): Linear(in_features=3, out_features=12, bias=True)
    (1): ReLU()
    (2): Linear(in_features=12, out_features=1, bias=True)
    (3): ReLU()
  )
)
using full data set for visualization
Un-normalizing the GPP and RECO predictions using NEE min: tensor([-25.9645]), NEE max: tensor([17.9512])



Metrics for the Custom, with
GPP inputs: ['SW_IN', 'TA']
RECO inputs: ['DOY_sin', 'DOY_cos', 'TA']:
dt_gpp vs Custom_GPP R²=0.63 RMSE=3.32
nt_gpp vs Custom_GPP R²=0.64 RMSE=3.43
dt_reco vs Custom_RECO R²=-0.61 RMSE=2.42
nt_reco vs Custom_RECO R²=-1.07 RMSE=2.28
night_hours_true_nee vs Custom_night_hours_model_reco R²=0.30 RMSE=1.25
night_hours_true_nee vs Custom_night_hours_model_nee R²=0.30 RMSE=1.25
dt_gpp vs nt_gpp R²=0.88 RMSE=1.90
dt_reco vs nt_reco R²=0.59 RMSE=1.00

gpp_input_names,  ['SW_IN', 'TA', 'VPD'] 
reco_input_names,  ['DOY_sin', 'DOY_cos', 'TA'] 
true_nee_name,  ['NEE'] 

Custom Running on GPU With hidden layer size of 12 Total epochs: 100000 lr: 0.001 patience: 500 min_delta 0.01
SNN_GPP(
  (net): Sequential(
    (0): Linear(in_features=3, out_features=12, bias=True)
    (1): ReLU()
    (2): Linear(in_features=12, out_features=1, bias=True)
    (3): ReLU()
  )
)
SNN_RECO(
  (net): Sequential(
    (0): Linear(in_features=3, out_features=12, bias=True)
    (1): ReLU()
    (2): Linear(in_features=12, out_features=1, bias=True)
    (3): ReLU()
  )
)
Custom will use the Tram vars
Params are min slope: 2e-06, trend window: 100
Epoch     0 | Train Loss: 0.037490 | Val Loss: 0.037024 | Train R²: -0.0395 | Val R²: -0.0401 | NightHrsTrueNEE vs NightHrsModelReco R²: -1.1800 | NightHrsTrueNee vs NightHrsModelNee R²: -1.1900
Epoch   500 | Train Loss: 0.009266 | Val Loss: 0.009635 | Train R²: 0.7431 | Val R²: 0.7293 | NightHrsTrueNEE vs NightHrsModelReco R²: 0.2900 | NightHrsTrueNee vs NightHrsModelNee R²: 0.2300
Epoch  1000 | Train Loss: 0.008263 | Val Loss: 0.008544 | Train R²: 0.7709 | Val R²: 0.7600 | NightHrsTrueNEE vs NightHrsModelReco R²: 0.3700 | NightHrsTrueNee vs NightHrsModelNee R²: 0.3000
Epoch  1500 | Train Loss: 0.007961 | Val Loss: 0.008170 | Train R²: 0.7793 | Val R²: 0.7705 | NightHrsTrueNEE vs NightHrsModelReco R²: 0.3700 | NightHrsTrueNee vs NightHrsModelNee R²: 0.3300
Epoch  2000 | Train Loss: 0.007805 | Val Loss: 0.007988 | Train R²: 0.7836 | Val R²: 0.7756 | NightHrsTrueNEE vs NightHrsModelReco R²: 0.3600 | NightHrsTrueNee vs NightHrsModelNee R²: 0.3600
Early stopping at epoch 2492 due to flat/negative trend (slope=0.000002)
Epoch  2492 | Train Loss: 0.007683 | Val Loss: 0.007889 | Train R²: 0.7870 | Val R²: 0.7784
Unpickling models
Following models have been loaded and moved to cuda:
trained gpp model:
 SNN_GPP(
  (net): Sequential(
    (0): Linear(in_features=3, out_features=12, bias=True)
    (1): ReLU()
    (2): Linear(in_features=12, out_features=1, bias=True)
    (3): ReLU()
  )
), trained_reco_model:
 SNN_RECO(
  (net): Sequential(
    (0): Linear(in_features=3, out_features=12, bias=True)
    (1): ReLU()
    (2): Linear(in_features=12, out_features=1, bias=True)
    (3): ReLU()
  )
)
using full data set for visualization
Un-normalizing the GPP and RECO predictions using NEE min: tensor([-25.9645]), NEE max: tensor([17.9512])



Metrics for the Custom, with
GPP inputs: ['SW_IN', 'TA', 'VPD']
RECO inputs: ['DOY_sin', 'DOY_cos', 'TA']:
dt_gpp vs Custom_GPP R²=0.77 RMSE=2.65
nt_gpp vs Custom_GPP R²=0.76 RMSE=2.82
dt_reco vs Custom_RECO R²=-0.08 RMSE=1.99
nt_reco vs Custom_RECO R²=0.08 RMSE=1.52
night_hours_true_nee vs Custom_night_hours_model_reco R²=0.36 RMSE=1.18
night_hours_true_nee vs Custom_night_hours_model_nee R²=0.36 RMSE=1.18
dt_gpp vs nt_gpp R²=0.88 RMSE=1.90
dt_reco vs nt_reco R²=0.59 RMSE=1.00

gpp_input_names,  ['SW_IN', 'TA', 'VPD', 'WS'] 
reco_input_names,  ['DOY_sin', 'DOY_cos', 'TA', 'WS'] 
true_nee_name,  ['NEE'] 

Custom Running on GPU With hidden layer size of 12 Total epochs: 100000 lr: 0.001 patience: 500 min_delta 0.01
SNN_GPP(
  (net): Sequential(
    (0): Linear(in_features=4, out_features=12, bias=True)
    (1): ReLU()
    (2): Linear(in_features=12, out_features=1, bias=True)
    (3): ReLU()
  )
)
SNN_RECO(
  (net): Sequential(
    (0): Linear(in_features=4, out_features=12, bias=True)
    (1): ReLU()
    (2): Linear(in_features=12, out_features=1, bias=True)
    (3): ReLU()
  )
)
Custom will use the Tram vars
Params are min slope: 2e-06, trend window: 100
Epoch     0 | Train Loss: 0.049717 | Val Loss: 0.049257 | Train R²: -0.3784 | Val R²: -0.3837 | NightHrsTrueNEE vs NightHrsModelReco R²: -1.6200 | NightHrsTrueNee vs NightHrsModelNee R²: -1.6200
Early stopping at epoch 457 due to flat/negative trend (slope=0.000002)
Epoch   457 | Train Loss: 0.037411 | Val Loss: 0.037031 | Train R²: -0.0373 | Val R²: -0.0403
Unpickling models
Following models have been loaded and moved to cuda:
trained gpp model:
 SNN_GPP(
  (net): Sequential(
    (0): Linear(in_features=4, out_features=12, bias=True)
    (1): ReLU()
    (2): Linear(in_features=12, out_features=1, bias=True)
    (3): ReLU()
  )
), trained_reco_model:
 SNN_RECO(
  (net): Sequential(
    (0): Linear(in_features=4, out_features=12, bias=True)
    (1): ReLU()
    (2): Linear(in_features=12, out_features=1, bias=True)
    (3): ReLU()
  )
)
using full data set for visualization
Un-normalizing the GPP and RECO predictions using NEE min: tensor([-25.9645]), NEE max: tensor([17.9512])



Metrics for the Custom, with
GPP inputs: ['SW_IN', 'TA', 'VPD', 'WS']
RECO inputs: ['DOY_sin', 'DOY_cos', 'TA', 'WS']:
dt_gpp vs Custom_GPP R²=-0.27 RMSE=6.19
nt_gpp vs Custom_GPP R²=-0.28 RMSE=6.50
dt_reco vs Custom_RECO R²=-0.86 RMSE=2.61
nt_reco vs Custom_RECO R²=-1.63 RMSE=2.57
night_hours_true_nee vs Custom_night_hours_model_reco R²=-1.11 RMSE=2.19
night_hours_true_nee vs Custom_night_hours_model_nee R²=-1.11 RMSE=2.19
dt_gpp vs nt_gpp R²=0.88 RMSE=1.90
dt_reco vs nt_reco R²=0.59 RMSE=1.00

gpp_input_names,  ['SW_IN', 'TA', 'VPD', 'WS', 'WD_COS', 'WD_SIN'] 
reco_input_names,  ['DOY_sin', 'DOY_cos', 'TA', 'WS', 'WD_COS', 'WD_SIN'] 
true_nee_name,  ['NEE'] 

Custom Running on GPU With hidden layer size of 12 Total epochs: 100000 lr: 0.001 patience: 500 min_delta 0.01
SNN_GPP(
  (net): Sequential(
    (0): Linear(in_features=6, out_features=12, bias=True)
    (1): ReLU()
    (2): Linear(in_features=12, out_features=1, bias=True)
    (3): ReLU()
  )
)
SNN_RECO(
  (net): Sequential(
    (0): Linear(in_features=6, out_features=12, bias=True)
    (1): ReLU()
    (2): Linear(in_features=12, out_features=1, bias=True)
    (3): ReLU()
  )
)
Custom will use the Tram vars
Params are min slope: 2e-06, trend window: 100
Epoch     0 | Train Loss: 0.273042 | Val Loss: 0.273413 | Train R²: -6.5703 | Val R²: -6.6806 | NightHrsTrueNEE vs NightHrsModelReco R²: -46.9900 | NightHrsTrueNee vs NightHrsModelNee R²: -30.1100
Epoch   500 | Train Loss: 0.016502 | Val Loss: 0.017267 | Train R²: 0.5425 | Val R²: 0.5149 | NightHrsTrueNEE vs NightHrsModelReco R²: -0.7700 | NightHrsTrueNee vs NightHrsModelNee R²: -0.6600
Epoch  1000 | Train Loss: 0.012171 | Val Loss: 0.012892 | Train R²: 0.6625 | Val R²: 0.6378 | NightHrsTrueNEE vs NightHrsModelReco R²: -0.0100 | NightHrsTrueNee vs NightHrsModelNee R²: -0.3600
Epoch  1500 | Train Loss: 0.010728 | Val Loss: 0.011432 | Train R²: 0.7026 | Val R²: 0.6789 | NightHrsTrueNEE vs NightHrsModelReco R²: 0.1200 | NightHrsTrueNee vs NightHrsModelNee R²: -0.1500
Epoch  2000 | Train Loss: 0.009558 | Val Loss: 0.010135 | Train R²: 0.7350 | Val R²: 0.7153 | NightHrsTrueNEE vs NightHrsModelReco R²: 0.1800 | NightHrsTrueNee vs NightHrsModelNee R²: 0.0400
Epoch  2500 | Train Loss: 0.009009 | Val Loss: 0.009518 | Train R²: 0.7502 | Val R²: 0.7326 | NightHrsTrueNEE vs NightHrsModelReco R²: 0.2000 | NightHrsTrueNee vs NightHrsModelNee R²: 0.1100
Epoch  3000 | Train Loss: 0.008393 | Val Loss: 0.008813 | Train R²: 0.7673 | Val R²: 0.7524 | NightHrsTrueNEE vs NightHrsModelReco R²: 0.3500 | NightHrsTrueNee vs NightHrsModelNee R²: 0.2600
Epoch  3500 | Train Loss: 0.007944 | Val Loss: 0.008457 | Train R²: 0.7797 | Val R²: 0.7624 | NightHrsTrueNEE vs NightHrsModelReco R²: 0.3700 | NightHrsTrueNee vs NightHrsModelNee R²: 0.2700
Epoch  4000 | Train Loss: 0.007629 | Val Loss: 0.008117 | Train R²: 0.7885 | Val R²: 0.7720 | NightHrsTrueNEE vs NightHrsModelReco R²: 0.4000 | NightHrsTrueNee vs NightHrsModelNee R²: 0.3200
Epoch  4500 | Train Loss: 0.007444 | Val Loss: 0.007956 | Train R²: 0.7936 | Val R²: 0.7765 | NightHrsTrueNEE vs NightHrsModelReco R²: 0.3900 | NightHrsTrueNee vs NightHrsModelNee R²: 0.3300
Epoch  5000 | Train Loss: 0.007285 | Val Loss: 0.007770 | Train R²: 0.7980 | Val R²: 0.7817 | NightHrsTrueNEE vs NightHrsModelReco R²: 0.3800 | NightHrsTrueNee vs NightHrsModelNee R²: 0.3300
Epoch  5500 | Train Loss: 0.007098 | Val Loss: 0.007593 | Train R²: 0.8032 | Val R²: 0.7867 | NightHrsTrueNEE vs NightHrsModelReco R²: 0.3700 | NightHrsTrueNee vs NightHrsModelNee R²: 0.3400
Early stopping at epoch 5593 due to flat/negative trend (slope=0.000002)
Epoch  5593 | Train Loss: 0.007079 | Val Loss: 0.007586 | Train R²: 0.8037 | Val R²: 0.7869
Unpickling models
Following models have been loaded and moved to cuda:
trained gpp model:
 SNN_GPP(
  (net): Sequential(
    (0): Linear(in_features=6, out_features=12, bias=True)
    (1): ReLU()
    (2): Linear(in_features=12, out_features=1, bias=True)
    (3): ReLU()
  )
), trained_reco_model:
 SNN_RECO(
  (net): Sequential(
    (0): Linear(in_features=6, out_features=12, bias=True)
    (1): ReLU()
    (2): Linear(in_features=12, out_features=1, bias=True)
    (3): ReLU()
  )
)
using full data set for visualization
Un-normalizing the GPP and RECO predictions using NEE min: tensor([-25.9645]), NEE max: tensor([17.9512])



Metrics for the Custom, with
GPP inputs: ['SW_IN', 'TA', 'VPD', 'WS', 'WD_COS', 'WD_SIN']
RECO inputs: ['DOY_sin', 'DOY_cos', 'TA', 'WS', 'WD_COS', 'WD_SIN']:
dt_gpp vs Custom_GPP R²=0.78 RMSE=2.60
nt_gpp vs Custom_GPP R²=0.79 RMSE=2.66
dt_reco vs Custom_RECO R²=0.11 RMSE=1.80
nt_reco vs Custom_RECO R²=0.30 RMSE=1.32
night_hours_true_nee vs Custom_night_hours_model_reco R²=0.43 RMSE=1.18
night_hours_true_nee vs Custom_night_hours_model_nee R²=0.43 RMSE=1.18
dt_gpp vs nt_gpp R²=0.88 RMSE=1.90
dt_reco vs nt_reco R²=0.59 RMSE=1.00

gpp_input_names,  ['SW_IN', 'TA', 'VPD', 'WS', 'WD_COS', 'WD_SIN', 'WTD'] 
reco_input_names,  ['DOY_sin', 'DOY_cos', 'TA', 'WS', 'WD_COS', 'WD_SIN', 'WTD'] 
true_nee_name,  ['NEE'] 

Custom Running on GPU With hidden layer size of 12 Total epochs: 100000 lr: 0.001 patience: 500 min_delta 0.01
SNN_GPP(
  (net): Sequential(
    (0): Linear(in_features=7, out_features=12, bias=True)
    (1): ReLU()
    (2): Linear(in_features=12, out_features=1, bias=True)
    (3): ReLU()
  )
)
SNN_RECO(
  (net): Sequential(
    (0): Linear(in_features=7, out_features=12, bias=True)
    (1): ReLU()
    (2): Linear(in_features=12, out_features=1, bias=True)
    (3): ReLU()
  )
)
Custom will use the Tram vars
Params are min slope: 2e-06, trend window: 100
Epoch     0 | Train Loss: 0.098702 | Val Loss: 0.093200 | Train R²: -1.7366 | Val R²: -1.6181 | NightHrsTrueNEE vs NightHrsModelReco R²: -16.4800 | NightHrsTrueNee vs NightHrsModelNee R²: -14.8200
Epoch   500 | Train Loss: 0.011581 | Val Loss: 0.012300 | Train R²: 0.6789 | Val R²: 0.6545 | NightHrsTrueNEE vs NightHrsModelReco R²: 0.1400 | NightHrsTrueNee vs NightHrsModelNee R²: -0.3200
Epoch  1000 | Train Loss: 0.008994 | Val Loss: 0.009839 | Train R²: 0.7506 | Val R²: 0.7236 | NightHrsTrueNEE vs NightHrsModelReco R²: 0.2000 | NightHrsTrueNee vs NightHrsModelNee R²: -0.0500
Epoch  1500 | Train Loss: 0.007906 | Val Loss: 0.008786 | Train R²: 0.7808 | Val R²: 0.7532 | NightHrsTrueNEE vs NightHrsModelReco R²: 0.2700 | NightHrsTrueNee vs NightHrsModelNee R²: 0.1000
Epoch  2000 | Train Loss: 0.007239 | Val Loss: 0.008085 | Train R²: 0.7993 | Val R²: 0.7729 | NightHrsTrueNEE vs NightHrsModelReco R²: 0.2900 | NightHrsTrueNee vs NightHrsModelNee R²: 0.1800
Epoch  2500 | Train Loss: 0.006833 | Val Loss: 0.007646 | Train R²: 0.8105 | Val R²: 0.7852 | NightHrsTrueNEE vs NightHrsModelReco R²: 0.2900 | NightHrsTrueNee vs NightHrsModelNee R²: 0.2600
Early stopping at epoch 2949 due to flat/negative trend (slope=0.000002)
Epoch  2949 | Train Loss: 0.006620 | Val Loss: 0.007497 | Train R²: 0.8164 | Val R²: 0.7894
Unpickling models
Following models have been loaded and moved to cuda:
trained gpp model:
 SNN_GPP(
  (net): Sequential(
    (0): Linear(in_features=7, out_features=12, bias=True)
    (1): ReLU()
    (2): Linear(in_features=12, out_features=1, bias=True)
    (3): ReLU()
  )
), trained_reco_model:
 SNN_RECO(
  (net): Sequential(
    (0): Linear(in_features=7, out_features=12, bias=True)
    (1): ReLU()
    (2): Linear(in_features=12, out_features=1, bias=True)
    (3): ReLU()
  )
)
using full data set for visualization
Un-normalizing the GPP and RECO predictions using NEE min: tensor([-25.9645]), NEE max: tensor([17.9512])



Metrics for the Custom, with
GPP inputs: ['SW_IN', 'TA', 'VPD', 'WS', 'WD_COS', 'WD_SIN', 'WTD']
RECO inputs: ['DOY_sin', 'DOY_cos', 'TA', 'WS', 'WD_COS', 'WD_SIN', 'WTD']:
dt_gpp vs Custom_GPP R²=0.73 RMSE=2.88
nt_gpp vs Custom_GPP R²=0.75 RMSE=2.87
dt_reco vs Custom_RECO R²=-0.29 RMSE=2.17
nt_reco vs Custom_RECO R²=-0.28 RMSE=1.79
night_hours_true_nee vs Custom_night_hours_model_reco R²=0.33 RMSE=1.23
night_hours_true_nee vs Custom_night_hours_model_nee R²=0.33 RMSE=1.23
dt_gpp vs nt_gpp R²=0.88 RMSE=1.90
dt_reco vs nt_reco R²=0.59 RMSE=1.00

gpp_input_names,  ['SW_IN', 'TA', 'VPD', 'WS', 'WD_COS', 'WD_SIN', 'WTD', 'Salinity'] 
reco_input_names,  ['DOY_sin', 'DOY_cos', 'TA', 'WS', 'WD_COS', 'WD_SIN', 'WTD', 'Salinity'] 
true_nee_name,  ['NEE'] 

Custom Running on GPU With hidden layer size of 12 Total epochs: 100000 lr: 0.001 patience: 500 min_delta 0.01
SNN_GPP(
  (net): Sequential(
    (0): Linear(in_features=8, out_features=12, bias=True)
    (1): ReLU()
    (2): Linear(in_features=12, out_features=1, bias=True)
    (3): ReLU()
  )
)
SNN_RECO(
  (net): Sequential(
    (0): Linear(in_features=8, out_features=12, bias=True)
    (1): ReLU()
    (2): Linear(in_features=12, out_features=1, bias=True)
    (3): ReLU()
  )
)
Custom will use the Tram vars
Params are min slope: 2e-06, trend window: 100
Epoch     0 | Train Loss: 0.453739 | Val Loss: 0.429064 | Train R²: -11.5803 | Val R²: -11.0531 | NightHrsTrueNEE vs NightHrsModelReco R²: -1.7000 | NightHrsTrueNee vs NightHrsModelNee R²: -141.4200
Epoch   500 | Train Loss: 0.020583 | Val Loss: 0.021337 | Train R²: 0.4293 | Val R²: 0.4006 | NightHrsTrueNEE vs NightHrsModelReco R²: -1.1900 | NightHrsTrueNee vs NightHrsModelNee R²: -1.2600
Epoch  1000 | Train Loss: 0.011076 | Val Loss: 0.011449 | Train R²: 0.6929 | Val R²: 0.6784 | NightHrsTrueNEE vs NightHrsModelReco R²: -1.1800 | NightHrsTrueNee vs NightHrsModelNee R²: -1.3300
Epoch  1500 | Train Loss: 0.010169 | Val Loss: 0.010583 | Train R²: 0.7180 | Val R²: 0.7027 | NightHrsTrueNEE vs NightHrsModelReco R²: -1.1800 | NightHrsTrueNee vs NightHrsModelNee R²: -1.2900
Epoch  2000 | Train Loss: 0.009650 | Val Loss: 0.010140 | Train R²: 0.7325 | Val R²: 0.7152 | NightHrsTrueNEE vs NightHrsModelReco R²: -1.1800 | NightHrsTrueNee vs NightHrsModelNee R²: -1.2700
Epoch  2500 | Train Loss: 0.009312 | Val Loss: 0.009881 | Train R²: 0.7418 | Val R²: 0.7224 | NightHrsTrueNEE vs NightHrsModelReco R²: -1.1800 | NightHrsTrueNee vs NightHrsModelNee R²: -1.2500
Epoch  3000 | Train Loss: 0.009080 | Val Loss: 0.009740 | Train R²: 0.7482 | Val R²: 0.7264 | NightHrsTrueNEE vs NightHrsModelReco R²: -1.1800 | NightHrsTrueNee vs NightHrsModelNee R²: -1.2300
Early stopping at epoch 3245 due to flat/negative trend (slope=0.000002)
Epoch  3245 | Train Loss: 0.009002 | Val Loss: 0.009714 | Train R²: 0.7504 | Val R²: 0.7271
Unpickling models
Following models have been loaded and moved to cuda:
trained gpp model:
 SNN_GPP(
  (net): Sequential(
    (0): Linear(in_features=8, out_features=12, bias=True)
    (1): ReLU()
    (2): Linear(in_features=12, out_features=1, bias=True)
    (3): ReLU()
  )
), trained_reco_model:
 SNN_RECO(
  (net): Sequential(
    (0): Linear(in_features=8, out_features=12, bias=True)
    (1): ReLU()
    (2): Linear(in_features=12, out_features=1, bias=True)
    (3): ReLU()
  )
)
using full data set for visualization
Un-normalizing the GPP and RECO predictions using NEE min: tensor([-25.9645]), NEE max: tensor([17.9512])



Metrics for the Custom, with
GPP inputs: ['SW_IN', 'TA', 'VPD', 'WS', 'WD_COS', 'WD_SIN', 'WTD', 'Salinity']
RECO inputs: ['DOY_sin', 'DOY_cos', 'TA', 'WS', 'WD_COS', 'WD_SIN', 'WTD', 'Salinity']:
dt_gpp vs Custom_GPP R²=0.75 RMSE=2.74
nt_gpp vs Custom_GPP R²=0.74 RMSE=2.96
dt_reco vs Custom_RECO R²=-0.89 RMSE=2.63
nt_reco vs Custom_RECO R²=-1.67 RMSE=2.59
night_hours_true_nee vs Custom_night_hours_model_reco R²=-1.16 RMSE=2.24
night_hours_true_nee vs Custom_night_hours_model_nee R²=-1.16 RMSE=2.24
dt_gpp vs nt_gpp R²=0.88 RMSE=1.90
dt_reco vs nt_reco R²=0.59 RMSE=1.00

gpp_input_names,  ['SW_IN', 'TA', 'VPD', 'WS', 'WD_COS', 'WD_SIN', 'WTD', 'Salinity', 'WTD_HalfHourlyDiff'] 
reco_input_names,  ['DOY_sin', 'DOY_cos', 'TA', 'WS', 'WD_COS', 'WD_SIN', 'WTD', 'Salinity', 'WTD_HalfHourlyDiff'] 
true_nee_name,  ['NEE'] 

Custom Running on GPU With hidden layer size of 12 Total epochs: 100000 lr: 0.001 patience: 500 min_delta 0.01
SNN_GPP(
  (net): Sequential(
    (0): Linear(in_features=9, out_features=12, bias=True)
    (1): ReLU()
    (2): Linear(in_features=12, out_features=1, bias=True)
    (3): ReLU()
  )
)
SNN_RECO(
  (net): Sequential(
    (0): Linear(in_features=9, out_features=12, bias=True)
    (1): ReLU()
    (2): Linear(in_features=12, out_features=1, bias=True)
    (3): ReLU()
  )
)
Custom will use the Tram vars
Params are min slope: 2e-06, trend window: 100
Epoch     0 | Train Loss: 0.154255 | Val Loss: 0.152106 | Train R²: -3.2768 | Val R²: -3.2729 | NightHrsTrueNEE vs NightHrsModelReco R²: -32.7500 | NightHrsTrueNee vs NightHrsModelNee R²: -42.0600
Epoch   500 | Train Loss: 0.011375 | Val Loss: 0.011982 | Train R²: 0.6846 | Val R²: 0.6634 | NightHrsTrueNEE vs NightHrsModelReco R²: -1.2600 | NightHrsTrueNee vs NightHrsModelNee R²: -1.3200
Epoch  1000 | Train Loss: 0.009210 | Val Loss: 0.009936 | Train R²: 0.7446 | Val R²: 0.7209 | NightHrsTrueNEE vs NightHrsModelReco R²: -1.2100 | NightHrsTrueNee vs NightHrsModelNee R²: -1.1400
Epoch  1500 | Train Loss: 0.008661 | Val Loss: 0.009490 | Train R²: 0.7599 | Val R²: 0.7334 | NightHrsTrueNEE vs NightHrsModelReco R²: -1.1500 | NightHrsTrueNee vs NightHrsModelNee R²: -1.1000
Epoch  2000 | Train Loss: 0.008308 | Val Loss: 0.009132 | Train R²: 0.7697 | Val R²: 0.7435 | NightHrsTrueNEE vs NightHrsModelReco R²: -1.1100 | NightHrsTrueNee vs NightHrsModelNee R²: -1.0700
Epoch  2500 | Train Loss: 0.007716 | Val Loss: 0.008532 | Train R²: 0.7861 | Val R²: 0.7603 | NightHrsTrueNEE vs NightHrsModelReco R²: -1.0800 | NightHrsTrueNee vs NightHrsModelNee R²: -1.0500
Epoch  3000 | Train Loss: 0.007504 | Val Loss: 0.008385 | Train R²: 0.7920 | Val R²: 0.7644 | NightHrsTrueNEE vs NightHrsModelReco R²: -1.0700 | NightHrsTrueNee vs NightHrsModelNee R²: -1.0400
Epoch  3500 | Train Loss: 0.007254 | Val Loss: 0.008093 | Train R²: 0.7989 | Val R²: 0.7727 | NightHrsTrueNEE vs NightHrsModelReco R²: -1.0800 | NightHrsTrueNee vs NightHrsModelNee R²: -1.0300
Epoch  4000 | Train Loss: 0.007119 | Val Loss: 0.007937 | Train R²: 0.8026 | Val R²: 0.7770 | NightHrsTrueNEE vs NightHrsModelReco R²: -1.0600 | NightHrsTrueNee vs NightHrsModelNee R²: -1.0200
Early stopping at epoch 4376 due to flat/negative trend (slope=0.000002)
Epoch  4376 | Train Loss: 0.007062 | Val Loss: 0.007883 | Train R²: 0.8042 | Val R²: 0.7786
Unpickling models
Following models have been loaded and moved to cuda:
trained gpp model:
 SNN_GPP(
  (net): Sequential(
    (0): Linear(in_features=9, out_features=12, bias=True)
    (1): ReLU()
    (2): Linear(in_features=12, out_features=1, bias=True)
    (3): ReLU()
  )
), trained_reco_model:
 SNN_RECO(
  (net): Sequential(
    (0): Linear(in_features=9, out_features=12, bias=True)
    (1): ReLU()
    (2): Linear(in_features=12, out_features=1, bias=True)
    (3): ReLU()
  )
)
using full data set for visualization
Un-normalizing the GPP and RECO predictions using NEE min: tensor([-25.9645]), NEE max: tensor([17.9512])



Metrics for the Custom, with
GPP inputs: ['SW_IN', 'TA', 'VPD', 'WS', 'WD_COS', 'WD_SIN', 'WTD', 'Salinity', 'WTD_HalfHourlyDiff']
RECO inputs: ['DOY_sin', 'DOY_cos', 'TA', 'WS', 'WD_COS', 'WD_SIN', 'WTD', 'Salinity', 'WTD_HalfHourlyDiff']:
dt_gpp vs Custom_GPP R²=0.79 RMSE=2.52
nt_gpp vs Custom_GPP R²=0.78 RMSE=2.69
dt_reco vs Custom_RECO R²=-0.93 RMSE=2.65
nt_reco vs Custom_RECO R²=-1.50 RMSE=2.50
night_hours_true_nee vs Custom_night_hours_model_reco R²=-0.99 RMSE=2.11
night_hours_true_nee vs Custom_night_hours_model_nee R²=-0.99 RMSE=2.11
dt_gpp vs nt_gpp R²=0.88 RMSE=1.90
dt_reco vs nt_reco R²=0.59 RMSE=1.00

gpp_input_names,  ['SW_IN', 'TA', 'VPD', 'WS', 'WD_COS', 'WD_SIN', 'WTD', 'Salinity', 'WTD_HalfHourlyDiff', 'WTD_DailyAvg', 'WTD_DailyDiff'] 
reco_input_names,  ['DOY_sin', 'DOY_cos', 'TA', 'WS', 'WD_COS', 'WD_SIN', 'WTD', 'Salinity', 'WTD_HalfHourlyDiff', 'WTD_DailyAvg', 'WTD_DailyDiff'] 
true_nee_name,  ['NEE'] 

Custom Running on GPU With hidden layer size of 12 Total epochs: 100000 lr: 0.001 patience: 500 min_delta 0.01
SNN_GPP(
  (net): Sequential(
    (0): Linear(in_features=11, out_features=12, bias=True)
    (1): ReLU()
    (2): Linear(in_features=12, out_features=1, bias=True)
    (3): ReLU()
  )
)
SNN_RECO(
  (net): Sequential(
    (0): Linear(in_features=11, out_features=12, bias=True)
    (1): ReLU()
    (2): Linear(in_features=12, out_features=1, bias=True)
    (3): ReLU()
  )
)
Custom will use the Tram vars
Params are min slope: 2e-06, trend window: 100
Epoch     0 | Train Loss: 0.251141 | Val Loss: 0.235192 | Train R²: -5.9631 | Val R²: -5.6069 | NightHrsTrueNEE vs NightHrsModelReco R²: -39.5700 | NightHrsTrueNee vs NightHrsModelNee R²: -38.8100
Epoch   500 | Train Loss: 0.013010 | Val Loss: 0.013936 | Train R²: 0.6393 | Val R²: 0.6085 | NightHrsTrueNEE vs NightHrsModelReco R²: -1.3100 | NightHrsTrueNee vs NightHrsModelNee R²: -1.3100
Epoch  1000 | Train Loss: 0.009231 | Val Loss: 0.010100 | Train R²: 0.7441 | Val R²: 0.7163 | NightHrsTrueNEE vs NightHrsModelReco R²: -1.0600 | NightHrsTrueNee vs NightHrsModelNee R²: -1.1100
Epoch  1500 | Train Loss: 0.008416 | Val Loss: 0.009323 | Train R²: 0.7666 | Val R²: 0.7381 | NightHrsTrueNEE vs NightHrsModelReco R²: -0.8800 | NightHrsTrueNee vs NightHrsModelNee R²: -0.8800
Epoch  2000 | Train Loss: 0.006469 | Val Loss: 0.007544 | Train R²: 0.8206 | Val R²: 0.7881 | NightHrsTrueNEE vs NightHrsModelReco R²: 0.1300 | NightHrsTrueNee vs NightHrsModelNee R²: 0.0300
Epoch  2500 | Train Loss: 0.005519 | Val Loss: 0.006554 | Train R²: 0.8470 | Val R²: 0.8159 | NightHrsTrueNEE vs NightHrsModelReco R²: 0.3800 | NightHrsTrueNee vs NightHrsModelNee R²: 0.3000
Epoch  3000 | Train Loss: 0.004976 | Val Loss: 0.005893 | Train R²: 0.8620 | Val R²: 0.8345 | NightHrsTrueNEE vs NightHrsModelReco R²: 0.4100 | NightHrsTrueNee vs NightHrsModelNee R²: 0.3200
Epoch  3500 | Train Loss: 0.004684 | Val Loss: 0.005544 | Train R²: 0.8701 | Val R²: 0.8443 | NightHrsTrueNEE vs NightHrsModelReco R²: 0.3800 | NightHrsTrueNee vs NightHrsModelNee R²: 0.3100
Epoch  4000 | Train Loss: 0.004492 | Val Loss: 0.005369 | Train R²: 0.8755 | Val R²: 0.8492 | NightHrsTrueNEE vs NightHrsModelReco R²: 0.3500 | NightHrsTrueNee vs NightHrsModelNee R²: 0.3100
Epoch  4500 | Train Loss: 0.004332 | Val Loss: 0.005214 | Train R²: 0.8799 | Val R²: 0.8535 | NightHrsTrueNEE vs NightHrsModelReco R²: 0.3400 | NightHrsTrueNee vs NightHrsModelNee R²: 0.3000
Epoch  5000 | Train Loss: 0.004192 | Val Loss: 0.005040 | Train R²: 0.8838 | Val R²: 0.8584 | NightHrsTrueNEE vs NightHrsModelReco R²: 0.3400 | NightHrsTrueNee vs NightHrsModelNee R²: 0.3200
Epoch  5500 | Train Loss: 0.004063 | Val Loss: 0.004927 | Train R²: 0.8874 | Val R²: 0.8616 | NightHrsTrueNEE vs NightHrsModelReco R²: 0.2800 | NightHrsTrueNee vs NightHrsModelNee R²: 0.3100
Early stopping at epoch 5907 due to flat/negative trend (slope=0.000002)
Epoch  5907 | Train Loss: 0.003993 | Val Loss: 0.004865 | Train R²: 0.8893 | Val R²: 0.8633
Unpickling models
Following models have been loaded and moved to cuda:
trained gpp model:
 SNN_GPP(
  (net): Sequential(
    (0): Linear(in_features=11, out_features=12, bias=True)
    (1): ReLU()
    (2): Linear(in_features=12, out_features=1, bias=True)
    (3): ReLU()
  )
), trained_reco_model:
 SNN_RECO(
  (net): Sequential(
    (0): Linear(in_features=11, out_features=12, bias=True)
    (1): ReLU()
    (2): Linear(in_features=12, out_features=1, bias=True)
    (3): ReLU()
  )
)
using full data set for visualization
Un-normalizing the GPP and RECO predictions using NEE min: tensor([-25.9645]), NEE max: tensor([17.9512])



Metrics for the Custom, with
GPP inputs: ['SW_IN', 'TA', 'VPD', 'WS', 'WD_COS', 'WD_SIN', 'WTD', 'Salinity', 'WTD_HalfHourlyDiff', 'WTD_DailyAvg', 'WTD_DailyDiff']
RECO inputs: ['DOY_sin', 'DOY_cos', 'TA', 'WS', 'WD_COS', 'WD_SIN', 'WTD', 'Salinity', 'WTD_HalfHourlyDiff', 'WTD_DailyAvg', 'WTD_DailyDiff']:
dt_gpp vs Custom_GPP R²=0.80 RMSE=2.44
nt_gpp vs Custom_GPP R²=0.85 RMSE=2.25
dt_reco vs Custom_RECO R²=-0.05 RMSE=1.96
nt_reco vs Custom_RECO R²=0.12 RMSE=1.49
night_hours_true_nee vs Custom_night_hours_model_reco R²=0.34 RMSE=1.15
night_hours_true_nee vs Custom_night_hours_model_nee R²=0.34 RMSE=1.15
dt_gpp vs nt_gpp R²=0.88 RMSE=1.90
dt_reco vs nt_reco R²=0.59 RMSE=1.00

gpp_input_names,  ['PotRadDailyAvg', 'PotRadDailyDiff', 'GPP_PROX'] 
reco_input_names,  ['DOY_sin', 'DOY_cos', 'NIGHTLY_NEE_AVG'] 
true_nee_name,  ['NEE'] 

Custom Running on GPU With hidden layer size of 12 Total epochs: 100000 lr: 0.001 patience: 500 min_delta 0.01
SNN_GPP(
  (net): Sequential(
    (0): Linear(in_features=3, out_features=12, bias=True)
    (1): ReLU()
    (2): Linear(in_features=12, out_features=1, bias=True)
    (3): ReLU()
  )
)
SNN_RECO(
  (net): Sequential(
    (0): Linear(in_features=3, out_features=12, bias=True)
    (1): ReLU()
    (2): Linear(in_features=12, out_features=1, bias=True)
    (3): ReLU()
  )
)
Custom will use the Tram vars
Params are min slope: 2e-06, trend window: 100
Epoch     0 | Train Loss: 0.037492 | Val Loss: 0.037097 | Train R²: -0.0395 | Val R²: -0.0421 | NightHrsTrueNEE vs NightHrsModelReco R²: -1.1800 | NightHrsTrueNee vs NightHrsModelNee R²: -1.1800
Early stopping at epoch 99 due to flat/negative trend (slope=0.000000)
Epoch    99 | Train Loss: 0.037478 | Val Loss: 0.037090 | Train R²: -0.0391 | Val R²: -0.0419
Unpickling models
Following models have been loaded and moved to cuda:
trained gpp model:
 SNN_GPP(
  (net): Sequential(
    (0): Linear(in_features=3, out_features=12, bias=True)
    (1): ReLU()
    (2): Linear(in_features=12, out_features=1, bias=True)
    (3): ReLU()
  )
), trained_reco_model:
 SNN_RECO(
  (net): Sequential(
    (0): Linear(in_features=3, out_features=12, bias=True)
    (1): ReLU()
    (2): Linear(in_features=12, out_features=1, bias=True)
    (3): ReLU()
  )
)
using full data set for visualization
Un-normalizing the GPP and RECO predictions using NEE min: tensor([-25.9645]), NEE max: tensor([17.9512])



Metrics for the Custom, with
GPP inputs: ['PotRadDailyAvg', 'PotRadDailyDiff', 'GPP_PROX']
RECO inputs: ['DOY_sin', 'DOY_cos', 'NIGHTLY_NEE_AVG']:
dt_gpp vs Custom_GPP R²=-0.27 RMSE=6.19
nt_gpp vs Custom_GPP R²=-0.28 RMSE=6.50
dt_reco vs Custom_RECO R²=-0.89 RMSE=2.63
nt_reco vs Custom_RECO R²=-1.67 RMSE=2.59
night_hours_true_nee vs Custom_night_hours_model_reco R²=-1.16 RMSE=2.22
night_hours_true_nee vs Custom_night_hours_model_nee R²=-1.16 RMSE=2.22
dt_gpp vs nt_gpp R²=0.88 RMSE=1.90
dt_reco vs nt_reco R²=0.59 RMSE=1.00

gpp_input_names,  ['SW_IN', 'VPD', 'TA', 'WTD', 'WS', 'PotRad', 'PotRadHalfHourlyDiff', 'WD_COS', 'WD_SIN'] 
reco_input_names,  ['TA', 'TS_1', 'TS_2', 'TS_3', 'TS_4', 'WTD', 'WS', 'WD_COS', 'WD_SIN'] 
true_nee_name,  ['NEE'] 

Custom Running on GPU With hidden layer size of 12 Total epochs: 100000 lr: 0.001 patience: 500 min_delta 0.01
SNN_GPP(
  (net): Sequential(
    (0): Linear(in_features=9, out_features=12, bias=True)
    (1): ReLU()
    (2): Linear(in_features=12, out_features=1, bias=True)
    (3): ReLU()
  )
)
SNN_RECO(
  (net): Sequential(
    (0): Linear(in_features=9, out_features=12, bias=True)
    (1): ReLU()
    (2): Linear(in_features=12, out_features=1, bias=True)
    (3): ReLU()
  )
)
Custom will use the Tram vars
Params are min slope: 2e-06, trend window: 100
Epoch     0 | Train Loss: 0.115597 | Val Loss: 0.111658 | Train R²: -2.2050 | Val R²: -2.1366 | NightHrsTrueNEE vs NightHrsModelReco R²: -17.8900 | NightHrsTrueNee vs NightHrsModelNee R²: -11.8100
Epoch   500 | Train Loss: 0.012189 | Val Loss: 0.012510 | Train R²: 0.6620 | Val R²: 0.6486 | NightHrsTrueNEE vs NightHrsModelReco R²: -3.1200 | NightHrsTrueNee vs NightHrsModelNee R²: -1.1700
Epoch  1000 | Train Loss: 0.007545 | Val Loss: 0.008006 | Train R²: 0.7908 | Val R²: 0.7751 | NightHrsTrueNEE vs NightHrsModelReco R²: 0.2800 | NightHrsTrueNee vs NightHrsModelNee R²: 0.3000
Epoch  1500 | Train Loss: 0.006780 | Val Loss: 0.007236 | Train R²: 0.8120 | Val R²: 0.7967 | NightHrsTrueNEE vs NightHrsModelReco R²: 0.4100 | NightHrsTrueNee vs NightHrsModelNee R²: 0.4000
Epoch  2000 | Train Loss: 0.006489 | Val Loss: 0.007017 | Train R²: 0.8201 | Val R²: 0.8029 | NightHrsTrueNEE vs NightHrsModelReco R²: 0.4300 | NightHrsTrueNee vs NightHrsModelNee R²: 0.4100
Epoch  2500 | Train Loss: 0.006228 | Val Loss: 0.006816 | Train R²: 0.8273 | Val R²: 0.8085 | NightHrsTrueNEE vs NightHrsModelReco R²: 0.4400 | NightHrsTrueNee vs NightHrsModelNee R²: 0.4300
Epoch  3000 | Train Loss: 0.005990 | Val Loss: 0.006584 | Train R²: 0.8339 | Val R²: 0.8150 | NightHrsTrueNEE vs NightHrsModelReco R²: 0.4600 | NightHrsTrueNee vs NightHrsModelNee R²: 0.4500
Epoch  3500 | Train Loss: 0.005851 | Val Loss: 0.006513 | Train R²: 0.8378 | Val R²: 0.8170 | NightHrsTrueNEE vs NightHrsModelReco R²: 0.4800 | NightHrsTrueNee vs NightHrsModelNee R²: 0.4700
Early stopping at epoch 3628 due to flat/negative trend (slope=0.000002)
Epoch  3628 | Train Loss: 0.005821 | Val Loss: 0.006501 | Train R²: 0.8386 | Val R²: 0.8174
Unpickling models
Following models have been loaded and moved to cuda:
trained gpp model:
 SNN_GPP(
  (net): Sequential(
    (0): Linear(in_features=9, out_features=12, bias=True)
    (1): ReLU()
    (2): Linear(in_features=12, out_features=1, bias=True)
    (3): ReLU()
  )
), trained_reco_model:
 SNN_RECO(
  (net): Sequential(
    (0): Linear(in_features=9, out_features=12, bias=True)
    (1): ReLU()
    (2): Linear(in_features=12, out_features=1, bias=True)
    (3): ReLU()
  )
)
using full data set for visualization
Un-normalizing the GPP and RECO predictions using NEE min: tensor([-25.9645]), NEE max: tensor([17.9512])



Metrics for the Custom, with
GPP inputs: ['SW_IN', 'VPD', 'TA', 'WTD', 'WS', 'PotRad', 'PotRadHalfHourlyDiff', 'WD_COS', 'WD_SIN']
RECO inputs: ['TA', 'TS_1', 'TS_2', 'TS_3', 'TS_4', 'WTD', 'WS', 'WD_COS', 'WD_SIN']:
dt_gpp vs Custom_GPP R²=0.81 RMSE=2.40
nt_gpp vs Custom_GPP R²=0.84 RMSE=2.31
dt_reco vs Custom_RECO R²=0.38 RMSE=1.51
nt_reco vs Custom_RECO R²=0.60 RMSE=1.01
night_hours_true_nee vs Custom_night_hours_model_reco R²=0.51 RMSE=1.06
night_hours_true_nee vs Custom_night_hours_model_nee R²=0.51 RMSE=1.06
dt_gpp vs nt_gpp R²=0.88 RMSE=1.90
dt_reco vs nt_reco R²=0.59 RMSE=1.00

gpp_input_names,  ['SW_IN', 'VPD', 'TA', 'WS', 'PotRad', 'PotRadHalfHourlyDiff', 'PotRadDailyAvg', 'PotRadDailyDiff', 'WD_COS', 'WD_SIN', 'GPP_PROX'] 
reco_input_names,  ['DOY_sin', 'DOY_cos', 'TA', 'TS_1', 'TS_2', 'TS_3', 'TS_4', 'WS', 'WD_COS', 'WD_SIN', 'NIGHTLY_NEE_AVG'] 
true_nee_name,  ['NEE'] 

Custom Running on GPU With hidden layer size of 12 Total epochs: 100000 lr: 0.001 patience: 500 min_delta 0.01
SNN_GPP(
  (net): Sequential(
    (0): Linear(in_features=11, out_features=12, bias=True)
    (1): ReLU()
    (2): Linear(in_features=12, out_features=1, bias=True)
    (3): ReLU()
  )
)
SNN_RECO(
  (net): Sequential(
    (0): Linear(in_features=11, out_features=12, bias=True)
    (1): ReLU()
    (2): Linear(in_features=12, out_features=1, bias=True)
    (3): ReLU()
  )
)
Custom will use the Tram vars
Params are min slope: 2e-06, trend window: 100
Epoch     0 | Train Loss: 0.368570 | Val Loss: 0.346924 | Train R²: -9.2189 | Val R²: -8.7456 | NightHrsTrueNEE vs NightHrsModelReco R²: -69.3600 | NightHrsTrueNee vs NightHrsModelNee R²: -61.5500
Epoch   500 | Train Loss: 0.007113 | Val Loss: 0.007506 | Train R²: 0.8028 | Val R²: 0.7892 | NightHrsTrueNEE vs NightHrsModelReco R²: -13.7200 | NightHrsTrueNee vs NightHrsModelNee R²: 0.0000
Epoch  1000 | Train Loss: 0.004224 | Val Loss: 0.004506 | Train R²: 0.8829 | Val R²: 0.8734 | NightHrsTrueNEE vs NightHrsModelReco R²: -11.5400 | NightHrsTrueNee vs NightHrsModelNee R²: 0.3800
Epoch  1500 | Train Loss: 0.003110 | Val Loss: 0.003509 | Train R²: 0.9138 | Val R²: 0.9014 | NightHrsTrueNEE vs NightHrsModelReco R²: -10.6600 | NightHrsTrueNee vs NightHrsModelNee R²: 0.4800
Epoch  2000 | Train Loss: 0.002726 | Val Loss: 0.003174 | Train R²: 0.9244 | Val R²: 0.9108 | NightHrsTrueNEE vs NightHrsModelReco R²: -9.8800 | NightHrsTrueNee vs NightHrsModelNee R²: 0.5500
Epoch  2500 | Train Loss: 0.002590 | Val Loss: 0.003031 | Train R²: 0.9282 | Val R²: 0.9149 | NightHrsTrueNEE vs NightHrsModelReco R²: -8.8500 | NightHrsTrueNee vs NightHrsModelNee R²: 0.5900
Epoch  3000 | Train Loss: 0.002515 | Val Loss: 0.002955 | Train R²: 0.9303 | Val R²: 0.9170 | NightHrsTrueNEE vs NightHrsModelReco R²: -7.9300 | NightHrsTrueNee vs NightHrsModelNee R²: 0.6000
Epoch  3500 | Train Loss: 0.002457 | Val Loss: 0.002898 | Train R²: 0.9319 | Val R²: 0.9186 | NightHrsTrueNEE vs NightHrsModelReco R²: -6.5800 | NightHrsTrueNee vs NightHrsModelNee R²: 0.6100
Epoch  4000 | Train Loss: 0.002392 | Val Loss: 0.002835 | Train R²: 0.9337 | Val R²: 0.9204 | NightHrsTrueNEE vs NightHrsModelReco R²: -5.1000 | NightHrsTrueNee vs NightHrsModelNee R²: 0.6300
Epoch  4500 | Train Loss: 0.002295 | Val Loss: 0.002745 | Train R²: 0.9364 | Val R²: 0.9229 | NightHrsTrueNEE vs NightHrsModelReco R²: -3.7700 | NightHrsTrueNee vs NightHrsModelNee R²: 0.6500
Epoch  5000 | Train Loss: 0.002167 | Val Loss: 0.002622 | Train R²: 0.9399 | Val R²: 0.9263 | NightHrsTrueNEE vs NightHrsModelReco R²: -3.2100 | NightHrsTrueNee vs NightHrsModelNee R²: 0.6700
Early stopping at epoch 5362 due to flat/negative trend (slope=0.000002)
Epoch  5362 | Train Loss: 0.002099 | Val Loss: 0.002576 | Train R²: 0.9418 | Val R²: 0.9276
Unpickling models
Following models have been loaded and moved to cuda:
trained gpp model:
 SNN_GPP(
  (net): Sequential(
    (0): Linear(in_features=11, out_features=12, bias=True)
    (1): ReLU()
    (2): Linear(in_features=12, out_features=1, bias=True)
    (3): ReLU()
  )
), trained_reco_model:
 SNN_RECO(
  (net): Sequential(
    (0): Linear(in_features=11, out_features=12, bias=True)
    (1): ReLU()
    (2): Linear(in_features=12, out_features=1, bias=True)
    (3): ReLU()
  )
)
using full data set for visualization
Un-normalizing the GPP and RECO predictions using NEE min: tensor([-25.9645]), NEE max: tensor([17.9512])



Metrics for the Custom, with
GPP inputs: ['SW_IN', 'VPD', 'TA', 'WS', 'PotRad', 'PotRadHalfHourlyDiff', 'PotRadDailyAvg', 'PotRadDailyDiff', 'WD_COS', 'WD_SIN', 'GPP_PROX']
RECO inputs: ['DOY_sin', 'DOY_cos', 'TA', 'TS_1', 'TS_2', 'TS_3', 'TS_4', 'WS', 'WD_COS', 'WD_SIN', 'NIGHTLY_NEE_AVG']:
dt_gpp vs Custom_GPP R²=0.68 RMSE=3.12
nt_gpp vs Custom_GPP R²=0.73 RMSE=2.98
dt_reco vs Custom_RECO R²=-1.64 RMSE=3.10
nt_reco vs Custom_RECO R²=-1.98 RMSE=2.73
night_hours_true_nee vs Custom_night_hours_model_reco R²=-3.05 RMSE=0.79
night_hours_true_nee vs Custom_night_hours_model_nee R²=-3.05 RMSE=0.79
dt_gpp vs nt_gpp R²=0.88 RMSE=1.90
dt_reco vs nt_reco R²=0.59 RMSE=1.00

gpp_input_names,  ['SW_IN', 'VPD', 'TA', 'WTD', 'WS', 'PotRad', 'PotRadHalfHourlyDiff', 'PotRadDailyAvg', 'PotRadDailyDiff', 'WD_COS', 'WD_SIN', 'GPP_PROX'] 
reco_input_names,  ['DOY_sin', 'DOY_cos', 'TA', 'TS_1', 'TS_2', 'TS_3', 'TS_4', 'WTD', 'WS', 'WD_COS', 'WD_SIN', 'NIGHTLY_NEE_AVG'] 
true_nee_name,  ['NEE'] 

Custom Running on GPU With hidden layer size of 12 Total epochs: 100000 lr: 0.001 patience: 500 min_delta 0.01
SNN_GPP(
  (net): Sequential(
    (0): Linear(in_features=12, out_features=12, bias=True)
    (1): ReLU()
    (2): Linear(in_features=12, out_features=1, bias=True)
    (3): ReLU()
  )
)
SNN_RECO(
  (net): Sequential(
    (0): Linear(in_features=12, out_features=12, bias=True)
    (1): ReLU()
    (2): Linear(in_features=12, out_features=1, bias=True)
    (3): ReLU()
  )
)
Custom will use the Tram vars
Params are min slope: 2e-06, trend window: 100
Epoch     0 | Train Loss: 0.233515 | Val Loss: 0.222631 | Train R²: -5.4744 | Val R²: -5.2541 | NightHrsTrueNEE vs NightHrsModelReco R²: -1.1900 | NightHrsTrueNee vs NightHrsModelNee R²: -74.6100
Epoch   500 | Train Loss: 0.037243 | Val Loss: 0.036929 | Train R²: -0.0326 | Val R²: -0.0374 | NightHrsTrueNEE vs NightHrsModelReco R²: -1.1900 | NightHrsTrueNee vs NightHrsModelNee R²: -1.2000
Epoch  1000 | Train Loss: 0.007892 | Val Loss: 0.008426 | Train R²: 0.7812 | Val R²: 0.7633 | NightHrsTrueNEE vs NightHrsModelReco R²: -1.1900 | NightHrsTrueNee vs NightHrsModelNee R²: -1.2800
Epoch  1500 | Train Loss: 0.007130 | Val Loss: 0.007601 | Train R²: 0.8023 | Val R²: 0.7865 | NightHrsTrueNEE vs NightHrsModelReco R²: -1.1900 | NightHrsTrueNee vs NightHrsModelNee R²: -1.2400
Epoch  2000 | Train Loss: 0.006496 | Val Loss: 0.006957 | Train R²: 0.8199 | Val R²: 0.8046 | NightHrsTrueNEE vs NightHrsModelReco R²: -1.1900 | NightHrsTrueNee vs NightHrsModelNee R²: -1.2000
Epoch  2500 | Train Loss: 0.006066 | Val Loss: 0.006503 | Train R²: 0.8318 | Val R²: 0.8173 | NightHrsTrueNEE vs NightHrsModelReco R²: -1.1900 | NightHrsTrueNee vs NightHrsModelNee R²: -1.1900
Epoch  3000 | Train Loss: 0.005923 | Val Loss: 0.006385 | Train R²: 0.8358 | Val R²: 0.8206 | NightHrsTrueNEE vs NightHrsModelReco R²: -1.1900 | NightHrsTrueNee vs NightHrsModelNee R²: -1.1900
Early stopping at epoch 3386 due to flat/negative trend (slope=0.000002)
Epoch  3386 | Train Loss: 0.005845 | Val Loss: 0.006322 | Train R²: 0.8379 | Val R²: 0.8224
Unpickling models
Following models have been loaded and moved to cuda:
trained gpp model:
 SNN_GPP(
  (net): Sequential(
    (0): Linear(in_features=12, out_features=12, bias=True)
    (1): ReLU()
    (2): Linear(in_features=12, out_features=1, bias=True)
    (3): ReLU()
  )
), trained_reco_model:
 SNN_RECO(
  (net): Sequential(
    (0): Linear(in_features=12, out_features=12, bias=True)
    (1): ReLU()
    (2): Linear(in_features=12, out_features=1, bias=True)
    (3): ReLU()
  )
)
using full data set for visualization
Un-normalizing the GPP and RECO predictions using NEE min: tensor([-25.9645]), NEE max: tensor([17.9512])



Metrics for the Custom, with
GPP inputs: ['SW_IN', 'VPD', 'TA', 'WTD', 'WS', 'PotRad', 'PotRadHalfHourlyDiff', 'PotRadDailyAvg', 'PotRadDailyDiff', 'WD_COS', 'WD_SIN', 'GPP_PROX']
RECO inputs: ['DOY_sin', 'DOY_cos', 'TA', 'TS_1', 'TS_2', 'TS_3', 'TS_4', 'WTD', 'WS', 'WD_COS', 'WD_SIN', 'NIGHTLY_NEE_AVG']:
dt_gpp vs Custom_GPP R²=0.83 RMSE=2.28
nt_gpp vs Custom_GPP R²=0.82 RMSE=2.42
dt_reco vs Custom_RECO R²=-0.89 RMSE=2.63
nt_reco vs Custom_RECO R²=-1.67 RMSE=2.59
night_hours_true_nee vs Custom_night_hours_model_reco R²=-1.16 RMSE=2.22
night_hours_true_nee vs Custom_night_hours_model_nee R²=-1.16 RMSE=2.22
dt_gpp vs nt_gpp R²=0.88 RMSE=1.90
dt_reco vs nt_reco R²=0.59 RMSE=1.00

gpp_input_names,  ['SW_IN', 'VPD', 'TA', 'WTD', 'WS', 'PotRad', 'PotRadHalfHourlyDiff', 'PotRadDailyAvg', 'PotRadDailyDiff', 'WD_COS', 'WD_SIN', 'GPP_PROX', 'Salinity'] 
reco_input_names,  ['DOY_sin', 'DOY_cos', 'TA', 'TS_1', 'TS_2', 'TS_3', 'TS_4', 'WTD', 'WS', 'WD_COS', 'WD_SIN', 'NIGHTLY_NEE_AVG', 'Salinity'] 
true_nee_name,  ['NEE'] 

Custom Running on GPU With hidden layer size of 12 Total epochs: 100000 lr: 0.001 patience: 500 min_delta 0.01
SNN_GPP(
  (net): Sequential(
    (0): Linear(in_features=13, out_features=12, bias=True)
    (1): ReLU()
    (2): Linear(in_features=12, out_features=1, bias=True)
    (3): ReLU()
  )
)
SNN_RECO(
  (net): Sequential(
    (0): Linear(in_features=13, out_features=12, bias=True)
    (1): ReLU()
    (2): Linear(in_features=12, out_features=1, bias=True)
    (3): ReLU()
  )
)
Custom will use the Tram vars
Params are min slope: 2e-06, trend window: 100
Epoch     0 | Train Loss: 0.156878 | Val Loss: 0.149767 | Train R²: -3.3496 | Val R²: -3.2072 | NightHrsTrueNEE vs NightHrsModelReco R²: -16.4100 | NightHrsTrueNee vs NightHrsModelNee R²: -15.2900
Epoch   500 | Train Loss: 0.006963 | Val Loss: 0.007422 | Train R²: 0.8069 | Val R²: 0.7915 | NightHrsTrueNEE vs NightHrsModelReco R²: -1.1600 | NightHrsTrueNee vs NightHrsModelNee R²: -1.1800
Epoch  1000 | Train Loss: 0.005646 | Val Loss: 0.006201 | Train R²: 0.8435 | Val R²: 0.8258 | NightHrsTrueNEE vs NightHrsModelReco R²: -1.0900 | NightHrsTrueNee vs NightHrsModelNee R²: -1.0900
Epoch  1500 | Train Loss: 0.003012 | Val Loss: 0.003511 | Train R²: 0.9165 | Val R²: 0.9014 | NightHrsTrueNEE vs NightHrsModelReco R²: 0.4200 | NightHrsTrueNee vs NightHrsModelNee R²: 0.4000
Epoch  2000 | Train Loss: 0.002413 | Val Loss: 0.002850 | Train R²: 0.9331 | Val R²: 0.9199 | NightHrsTrueNEE vs NightHrsModelReco R²: 0.6100 | NightHrsTrueNee vs NightHrsModelNee R²: 0.6000
Epoch  2500 | Train Loss: 0.002264 | Val Loss: 0.002671 | Train R²: 0.9372 | Val R²: 0.9250 | NightHrsTrueNEE vs NightHrsModelReco R²: 0.6500 | NightHrsTrueNee vs NightHrsModelNee R²: 0.6400
Epoch  3000 | Train Loss: 0.002173 | Val Loss: 0.002576 | Train R²: 0.9398 | Val R²: 0.9276 | NightHrsTrueNEE vs NightHrsModelReco R²: 0.6700 | NightHrsTrueNee vs NightHrsModelNee R²: 0.6600
Epoch  3500 | Train Loss: 0.002102 | Val Loss: 0.002500 | Train R²: 0.9417 | Val R²: 0.9298 | NightHrsTrueNEE vs NightHrsModelReco R²: 0.6900 | NightHrsTrueNee vs NightHrsModelNee R²: 0.6800
Epoch  4000 | Train Loss: 0.002028 | Val Loss: 0.002441 | Train R²: 0.9438 | Val R²: 0.9314 | NightHrsTrueNEE vs NightHrsModelReco R²: 0.7100 | NightHrsTrueNee vs NightHrsModelNee R²: 0.6900
Early stopping at epoch 4202 due to flat/negative trend (slope=0.000002)
Epoch  4202 | Train Loss: 0.002002 | Val Loss: 0.002424 | Train R²: 0.9445 | Val R²: 0.9319
Unpickling models
Following models have been loaded and moved to cuda:
trained gpp model:
 SNN_GPP(
  (net): Sequential(
    (0): Linear(in_features=13, out_features=12, bias=True)
    (1): ReLU()
    (2): Linear(in_features=12, out_features=1, bias=True)
    (3): ReLU()
  )
), trained_reco_model:
 SNN_RECO(
  (net): Sequential(
    (0): Linear(in_features=13, out_features=12, bias=True)
    (1): ReLU()
    (2): Linear(in_features=12, out_features=1, bias=True)
    (3): ReLU()
  )
)
using full data set for visualization
Un-normalizing the GPP and RECO predictions using NEE min: tensor([-25.9645]), NEE max: tensor([17.9512])



Metrics for the Custom, with
GPP inputs: ['SW_IN', 'VPD', 'TA', 'WTD', 'WS', 'PotRad', 'PotRadHalfHourlyDiff', 'PotRadDailyAvg', 'PotRadDailyDiff', 'WD_COS', 'WD_SIN', 'GPP_PROX', 'Salinity']
RECO inputs: ['DOY_sin', 'DOY_cos', 'TA', 'TS_1', 'TS_2', 'TS_3', 'TS_4', 'WTD', 'WS', 'WD_COS', 'WD_SIN', 'NIGHTLY_NEE_AVG', 'Salinity']:
dt_gpp vs Custom_GPP R²=0.92 RMSE=1.56
nt_gpp vs Custom_GPP R²=0.94 RMSE=1.45
dt_reco vs Custom_RECO R²=0.49 RMSE=1.36
nt_reco vs Custom_RECO R²=0.68 RMSE=0.90
night_hours_true_nee vs Custom_night_hours_model_reco R²=0.74 RMSE=0.79
night_hours_true_nee vs Custom_night_hours_model_nee R²=0.74 RMSE=0.79
dt_gpp vs nt_gpp R²=0.88 RMSE=1.90
dt_reco vs nt_reco R²=0.59 RMSE=1.00

gpp_input_names,  ['SW_IN', 'VPD', 'TA', 'WTD', 'WS', 'PotRad', 'PotRadHalfHourlyDiff', 'PotRadDailyAvg', 'PotRadDailyDiff', 'WD_COS', 'WD_SIN', 'GPP_PROX', 'WTD_HalfHourlyDiff'] 
reco_input_names,  ['DOY_sin', 'DOY_cos', 'TA', 'TS_1', 'TS_2', 'TS_3', 'TS_4', 'WTD', 'WS', 'WD_COS', 'WD_SIN', 'NIGHTLY_NEE_AVG', 'WTD_HalfHourlyDiff'] 
true_nee_name,  ['NEE'] 

Custom Running on GPU With hidden layer size of 12 Total epochs: 100000 lr: 0.001 patience: 500 min_delta 0.01
SNN_GPP(
  (net): Sequential(
    (0): Linear(in_features=13, out_features=12, bias=True)
    (1): ReLU()
    (2): Linear(in_features=12, out_features=1, bias=True)
    (3): ReLU()
  )
)
SNN_RECO(
  (net): Sequential(
    (0): Linear(in_features=13, out_features=12, bias=True)
    (1): ReLU()
    (2): Linear(in_features=12, out_features=1, bias=True)
    (3): ReLU()
  )
)
Custom will use the Tram vars
Params are min slope: 2e-06, trend window: 100
Epoch     0 | Train Loss: 0.262111 | Val Loss: 0.247534 | Train R²: -6.2673 | Val R²: -5.9536 | NightHrsTrueNEE vs NightHrsModelReco R²: -33.3600 | NightHrsTrueNee vs NightHrsModelNee R²: -31.9200
Epoch   500 | Train Loss: 0.006638 | Val Loss: 0.006955 | Train R²: 0.8160 | Val R²: 0.8046 | NightHrsTrueNEE vs NightHrsModelReco R²: -1.1800 | NightHrsTrueNee vs NightHrsModelNee R²: -1.1800
Epoch  1000 | Train Loss: 0.005823 | Val Loss: 0.006194 | Train R²: 0.8386 | Val R²: 0.8260 | NightHrsTrueNEE vs NightHrsModelReco R²: -1.1700 | NightHrsTrueNee vs NightHrsModelNee R²: -1.1700
Epoch  1500 | Train Loss: 0.005654 | Val Loss: 0.006065 | Train R²: 0.8432 | Val R²: 0.8296 | NightHrsTrueNEE vs NightHrsModelReco R²: -1.1300 | NightHrsTrueNee vs NightHrsModelNee R²: -1.1300
Epoch  2000 | Train Loss: 0.003175 | Val Loss: 0.003645 | Train R²: 0.9120 | Val R²: 0.8976 | NightHrsTrueNEE vs NightHrsModelReco R²: 0.3400 | NightHrsTrueNee vs NightHrsModelNee R²: 0.3300
Epoch  2500 | Train Loss: 0.002367 | Val Loss: 0.002745 | Train R²: 0.9344 | Val R²: 0.9229 | NightHrsTrueNEE vs NightHrsModelReco R²: 0.6700 | NightHrsTrueNee vs NightHrsModelNee R²: 0.6500
Epoch  3000 | Train Loss: 0.002182 | Val Loss: 0.002591 | Train R²: 0.9395 | Val R²: 0.9272 | NightHrsTrueNEE vs NightHrsModelReco R²: 0.7000 | NightHrsTrueNee vs NightHrsModelNee R²: 0.6900
Epoch  3500 | Train Loss: 0.002037 | Val Loss: 0.002463 | Train R²: 0.9435 | Val R²: 0.9308 | NightHrsTrueNEE vs NightHrsModelReco R²: 0.7100 | NightHrsTrueNee vs NightHrsModelNee R²: 0.7000
Epoch  4000 | Train Loss: 0.001943 | Val Loss: 0.002358 | Train R²: 0.9461 | Val R²: 0.9337 | NightHrsTrueNEE vs NightHrsModelReco R²: 0.7200 | NightHrsTrueNee vs NightHrsModelNee R²: 0.7100
Early stopping at epoch 4022 due to flat/negative trend (slope=0.000002)
Epoch  4022 | Train Loss: 0.001940 | Val Loss: 0.002357 | Train R²: 0.9462 | Val R²: 0.9338
Unpickling models
Following models have been loaded and moved to cuda:
trained gpp model:
 SNN_GPP(
  (net): Sequential(
    (0): Linear(in_features=13, out_features=12, bias=True)
    (1): ReLU()
    (2): Linear(in_features=12, out_features=1, bias=True)
    (3): ReLU()
  )
), trained_reco_model:
 SNN_RECO(
  (net): Sequential(
    (0): Linear(in_features=13, out_features=12, bias=True)
    (1): ReLU()
    (2): Linear(in_features=12, out_features=1, bias=True)
    (3): ReLU()
  )
)
using full data set for visualization
Un-normalizing the GPP and RECO predictions using NEE min: tensor([-25.9645]), NEE max: tensor([17.9512])



Metrics for the Custom, with
GPP inputs: ['SW_IN', 'VPD', 'TA', 'WTD', 'WS', 'PotRad', 'PotRadHalfHourlyDiff', 'PotRadDailyAvg', 'PotRadDailyDiff', 'WD_COS', 'WD_SIN', 'GPP_PROX', 'WTD_HalfHourlyDiff']
RECO inputs: ['DOY_sin', 'DOY_cos', 'TA', 'TS_1', 'TS_2', 'TS_3', 'TS_4', 'WTD', 'WS', 'WD_COS', 'WD_SIN', 'NIGHTLY_NEE_AVG', 'WTD_HalfHourlyDiff']:
dt_gpp vs Custom_GPP R²=0.93 RMSE=1.49
nt_gpp vs Custom_GPP R²=0.95 RMSE=1.32
dt_reco vs Custom_RECO R²=0.61 RMSE=1.19
nt_reco vs Custom_RECO R²=0.81 RMSE=0.69
night_hours_true_nee vs Custom_night_hours_model_reco R²=0.73 RMSE=0.80
night_hours_true_nee vs Custom_night_hours_model_nee R²=0.73 RMSE=0.80
dt_gpp vs nt_gpp R²=0.88 RMSE=1.90
dt_reco vs nt_reco R²=0.59 RMSE=1.00

gpp_input_names,  ['SW_IN', 'VPD', 'TA', 'WTD', 'WS', 'PotRad', 'PotRadHalfHourlyDiff', 'PotRadDailyAvg', 'PotRadDailyDiff', 'WD_COS', 'WD_SIN', 'GPP_PROX', 'Salinity', 'WTD_HalfHourlyDiff'] 
reco_input_names,  ['DOY_sin', 'DOY_cos', 'TA', 'TS_1', 'TS_2', 'TS_3', 'TS_4', 'WTD', 'WS', 'WD_COS', 'WD_SIN', 'NIGHTLY_NEE_AVG', 'Salinity', 'WTD_HalfHourlyDiff'] 
true_nee_name,  ['NEE'] 

Custom Running on GPU With hidden layer size of 12 Total epochs: 100000 lr: 0.001 patience: 500 min_delta 0.01
SNN_GPP(
  (net): Sequential(
    (0): Linear(in_features=14, out_features=12, bias=True)
    (1): ReLU()
    (2): Linear(in_features=12, out_features=1, bias=True)
    (3): ReLU()
  )
)
SNN_RECO(
  (net): Sequential(
    (0): Linear(in_features=14, out_features=12, bias=True)
    (1): ReLU()
    (2): Linear(in_features=12, out_features=1, bias=True)
    (3): ReLU()
  )
)
Custom will use the Tram vars
Params are min slope: 2e-06, trend window: 100
Epoch     0 | Train Loss: 1.010356 | Val Loss: 0.985343 | Train R²: -27.0130 | Val R²: -26.6798 | NightHrsTrueNEE vs NightHrsModelReco R²: -2.0100 | NightHrsTrueNee vs NightHrsModelNee R²: -249.0800
Epoch   500 | Train Loss: 0.013489 | Val Loss: 0.013724 | Train R²: 0.6260 | Val R²: 0.6145 | NightHrsTrueNEE vs NightHrsModelReco R²: -59.8400 | NightHrsTrueNee vs NightHrsModelNee R²: -1.3700
Epoch  1000 | Train Loss: 0.007580 | Val Loss: 0.008006 | Train R²: 0.7898 | Val R²: 0.7751 | NightHrsTrueNEE vs NightHrsModelReco R²: -87.6800 | NightHrsTrueNee vs NightHrsModelNee R²: -0.1100
Epoch  1500 | Train Loss: 0.006023 | Val Loss: 0.006523 | Train R²: 0.8330 | Val R²: 0.8168 | NightHrsTrueNEE vs NightHrsModelReco R²: -112.5300 | NightHrsTrueNee vs NightHrsModelNee R²: 0.1400
Epoch  2000 | Train Loss: 0.005048 | Val Loss: 0.005541 | Train R²: 0.8600 | Val R²: 0.8443 | NightHrsTrueNEE vs NightHrsModelReco R²: -139.2400 | NightHrsTrueNee vs NightHrsModelNee R²: 0.2600
Epoch  2500 | Train Loss: 0.004328 | Val Loss: 0.004690 | Train R²: 0.8800 | Val R²: 0.8683 | NightHrsTrueNEE vs NightHrsModelReco R²: -161.5100 | NightHrsTrueNee vs NightHrsModelNee R²: 0.3900
Epoch  3000 | Train Loss: 0.003876 | Val Loss: 0.004204 | Train R²: 0.8925 | Val R²: 0.8819 | NightHrsTrueNEE vs NightHrsModelReco R²: -181.0700 | NightHrsTrueNee vs NightHrsModelNee R²: 0.4700
Epoch  3500 | Train Loss: 0.003333 | Val Loss: 0.003654 | Train R²: 0.9076 | Val R²: 0.8974 | NightHrsTrueNEE vs NightHrsModelReco R²: -204.3900 | NightHrsTrueNee vs NightHrsModelNee R²: 0.5500
Epoch  4000 | Train Loss: 0.002954 | Val Loss: 0.003256 | Train R²: 0.9181 | Val R²: 0.9085 | NightHrsTrueNEE vs NightHrsModelReco R²: -220.7700 | NightHrsTrueNee vs NightHrsModelNee R²: 0.6000
Epoch  4500 | Train Loss: 0.002657 | Val Loss: 0.002941 | Train R²: 0.9263 | Val R²: 0.9174 | NightHrsTrueNEE vs NightHrsModelReco R²: -233.2200 | NightHrsTrueNee vs NightHrsModelNee R²: 0.6300
Epoch  5000 | Train Loss: 0.002440 | Val Loss: 0.002715 | Train R²: 0.9324 | Val R²: 0.9237 | NightHrsTrueNEE vs NightHrsModelReco R²: -237.2000 | NightHrsTrueNee vs NightHrsModelNee R²: 0.6600
Epoch  5500 | Train Loss: 0.002287 | Val Loss: 0.002552 | Train R²: 0.9366 | Val R²: 0.9283 | NightHrsTrueNEE vs NightHrsModelReco R²: -242.8800 | NightHrsTrueNee vs NightHrsModelNee R²: 0.6700
Epoch  6000 | Train Loss: 0.002176 | Val Loss: 0.002439 | Train R²: 0.9397 | Val R²: 0.9315 | NightHrsTrueNEE vs NightHrsModelReco R²: -241.0300 | NightHrsTrueNee vs NightHrsModelNee R²: 0.6900
Epoch  6500 | Train Loss: 0.002087 | Val Loss: 0.002349 | Train R²: 0.9421 | Val R²: 0.9340 | NightHrsTrueNEE vs NightHrsModelReco R²: -238.4100 | NightHrsTrueNee vs NightHrsModelNee R²: 0.7000
Epoch  7000 | Train Loss: 0.002031 | Val Loss: 0.002292 | Train R²: 0.9437 | Val R²: 0.9356 | NightHrsTrueNEE vs NightHrsModelReco R²: -240.0900 | NightHrsTrueNee vs NightHrsModelNee R²: 0.7100
Early stopping at epoch 7115 due to flat/negative trend (slope=0.000002)
Epoch  7115 | Train Loss: 0.002023 | Val Loss: 0.002286 | Train R²: 0.9439 | Val R²: 0.9358
Unpickling models
Following models have been loaded and moved to cuda:
trained gpp model:
 SNN_GPP(
  (net): Sequential(
    (0): Linear(in_features=14, out_features=12, bias=True)
    (1): ReLU()
    (2): Linear(in_features=12, out_features=1, bias=True)
    (3): ReLU()
  )
), trained_reco_model:
 SNN_RECO(
  (net): Sequential(
    (0): Linear(in_features=14, out_features=12, bias=True)
    (1): ReLU()
    (2): Linear(in_features=12, out_features=1, bias=True)
    (3): ReLU()
  )
)
using full data set for visualization
Un-normalizing the GPP and RECO predictions using NEE min: tensor([-25.9645]), NEE max: tensor([17.9512])



Metrics for the Custom, with
GPP inputs: ['SW_IN', 'VPD', 'TA', 'WTD', 'WS', 'PotRad', 'PotRadHalfHourlyDiff', 'PotRadDailyAvg', 'PotRadDailyDiff', 'WD_COS', 'WD_SIN', 'GPP_PROX', 'Salinity', 'WTD_HalfHourlyDiff']
RECO inputs: ['DOY_sin', 'DOY_cos', 'TA', 'TS_1', 'TS_2', 'TS_3', 'TS_4', 'WTD', 'WS', 'WD_COS', 'WD_SIN', 'NIGHTLY_NEE_AVG', 'Salinity', 'WTD_HalfHourlyDiff']:
dt_gpp vs Custom_GPP R²=-16.88 RMSE=23.24
nt_gpp vs Custom_GPP R²=-15.19 RMSE=23.13
dt_reco vs Custom_RECO R²=-147.84 RMSE=23.31
nt_reco vs Custom_RECO R²=-212.23 RMSE=23.11
night_hours_true_nee vs Custom_night_hours_model_reco R²=-249.66 RMSE=0.77
night_hours_true_nee vs Custom_night_hours_model_nee R²=-249.66 RMSE=0.77
dt_gpp vs nt_gpp R²=0.88 RMSE=1.90
dt_reco vs nt_reco R²=0.59 RMSE=1.00

gpp_input_names,  ['SW_IN', 'VPD', 'TA', 'WTD', 'WS', 'PotRad', 'PotRadHalfHourlyDiff', 'PotRadDailyAvg', 'PotRadDailyDiff', 'WD_COS', 'WD_SIN', 'GPP_PROX', 'Salinity', 'WTD_HalfHourlyDiff', 'WTD_DailyAvg', 'WTD_DailyDiff'] 
reco_input_names,  ['DOY_sin', 'DOY_cos', 'TA', 'TS_1', 'TS_2', 'TS_3', 'TS_4', 'WTD', 'WS', 'WD_COS', 'WD_SIN', 'NIGHTLY_NEE_AVG', 'Salinity', 'WTD_HalfHourlyDiff', 'WTD_DailyAvg', 'WTD_DailyDiff'] 
true_nee_name,  ['NEE'] 

Custom Running on GPU With hidden layer size of 12 Total epochs: 100000 lr: 0.001 patience: 500 min_delta 0.01
SNN_GPP(
  (net): Sequential(
    (0): Linear(in_features=16, out_features=12, bias=True)
    (1): ReLU()
    (2): Linear(in_features=12, out_features=1, bias=True)
    (3): ReLU()
  )
)
SNN_RECO(
  (net): Sequential(
    (0): Linear(in_features=16, out_features=12, bias=True)
    (1): ReLU()
    (2): Linear(in_features=12, out_features=1, bias=True)
    (3): ReLU()
  )
)
Custom will use the Tram vars
Params are min slope: 2e-06, trend window: 100
Epoch     0 | Train Loss: 0.117676 | Val Loss: 0.112439 | Train R²: -2.2627 | Val R²: -2.1586 | NightHrsTrueNEE vs NightHrsModelReco R²: -25.2700 | NightHrsTrueNee vs NightHrsModelNee R²: -31.8600
Epoch   500 | Train Loss: 0.006731 | Val Loss: 0.007077 | Train R²: 0.8134 | Val R²: 0.8012 | NightHrsTrueNEE vs NightHrsModelReco R²: -1.1900 | NightHrsTrueNee vs NightHrsModelNee R²: -1.2000
Epoch  1000 | Train Loss: 0.006213 | Val Loss: 0.006538 | Train R²: 0.8277 | Val R²: 0.8163 | NightHrsTrueNEE vs NightHrsModelReco R²: -1.1900 | NightHrsTrueNee vs NightHrsModelNee R²: -1.1900
Epoch  1500 | Train Loss: 0.005859 | Val Loss: 0.006306 | Train R²: 0.8375 | Val R²: 0.8229 | NightHrsTrueNEE vs NightHrsModelReco R²: -1.1900 | NightHrsTrueNee vs NightHrsModelNee R²: -1.1900
Epoch  2000 | Train Loss: 0.005692 | Val Loss: 0.006147 | Train R²: 0.8422 | Val R²: 0.8273 | NightHrsTrueNEE vs NightHrsModelReco R²: -1.1900 | NightHrsTrueNee vs NightHrsModelNee R²: -1.1900
Epoch  2500 | Train Loss: 0.005580 | Val Loss: 0.006011 | Train R²: 0.8453 | Val R²: 0.8311 | NightHrsTrueNEE vs NightHrsModelReco R²: -1.1900 | NightHrsTrueNee vs NightHrsModelNee R²: -1.1900
Early stopping at epoch 2835 due to flat/negative trend (slope=0.000002)
Epoch  2835 | Train Loss: 0.005528 | Val Loss: 0.005961 | Train R²: 0.8467 | Val R²: 0.8325
Unpickling models
Following models have been loaded and moved to cuda:
trained gpp model:
 SNN_GPP(
  (net): Sequential(
    (0): Linear(in_features=16, out_features=12, bias=True)
    (1): ReLU()
    (2): Linear(in_features=12, out_features=1, bias=True)
    (3): ReLU()
  )
), trained_reco_model:
 SNN_RECO(
  (net): Sequential(
    (0): Linear(in_features=16, out_features=12, bias=True)
    (1): ReLU()
    (2): Linear(in_features=12, out_features=1, bias=True)
    (3): ReLU()
  )
)
using full data set for visualization
Un-normalizing the GPP and RECO predictions using NEE min: tensor([-25.9645]), NEE max: tensor([17.9512])



Metrics for the Custom, with
GPP inputs: ['SW_IN', 'VPD', 'TA', 'WTD', 'WS', 'PotRad', 'PotRadHalfHourlyDiff', 'PotRadDailyAvg', 'PotRadDailyDiff', 'WD_COS', 'WD_SIN', 'GPP_PROX', 'Salinity', 'WTD_HalfHourlyDiff', 'WTD_DailyAvg', 'WTD_DailyDiff']
RECO inputs: ['DOY_sin', 'DOY_cos', 'TA', 'TS_1', 'TS_2', 'TS_3', 'TS_4', 'WTD', 'WS', 'WD_COS', 'WD_SIN', 'NIGHTLY_NEE_AVG', 'Salinity', 'WTD_HalfHourlyDiff', 'WTD_DailyAvg', 'WTD_DailyDiff']:
dt_gpp vs Custom_GPP R²=0.83 RMSE=2.28
nt_gpp vs Custom_GPP R²=0.83 RMSE=2.35
dt_reco vs Custom_RECO R²=-0.89 RMSE=2.63
nt_reco vs Custom_RECO R²=-1.67 RMSE=2.59
night_hours_true_nee vs Custom_night_hours_model_reco R²=-1.16 RMSE=2.22
night_hours_true_nee vs Custom_night_hours_model_nee R²=-1.16 RMSE=2.22
dt_gpp vs nt_gpp R²=0.88 RMSE=1.90
dt_reco vs nt_reco R²=0.59 RMSE=1.00

gpp_input_names,  ['VPD', 'TA', 'WTD', 'WS', 'PotRad', 'PotRadHalfHourlyDiff', 'PotRadDailyAvg', 'PotRadDailyDiff', 'WD_COS', 'WD_SIN', 'GPP_PROX'] 
reco_input_names,  ['DOY_sin', 'DOY_cos', 'TA', 'TS_1', 'TS_2', 'TS_3', 'TS_4', 'WTD', 'WS', 'WD_COS', 'WD_SIN', 'NIGHTLY_NEE_AVG'] 
true_nee_name,  ['NEE'] 

Custom Running on GPU With hidden layer size of 12 Total epochs: 100000 lr: 0.001 patience: 500 min_delta 0.01
SNN_GPP(
  (net): Sequential(
    (0): Linear(in_features=11, out_features=12, bias=True)
    (1): ReLU()
    (2): Linear(in_features=12, out_features=1, bias=True)
    (3): ReLU()
  )
)
SNN_RECO(
  (net): Sequential(
    (0): Linear(in_features=12, out_features=12, bias=True)
    (1): ReLU()
    (2): Linear(in_features=12, out_features=1, bias=True)
    (3): ReLU()
  )
)
Custom will use the Tram vars
Params are min slope: 2e-06, trend window: 100
Epoch     0 | Train Loss: 0.040781 | Val Loss: 0.040390 | Train R²: -0.1307 | Val R²: -0.1346 | NightHrsTrueNEE vs NightHrsModelReco R²: -1.2300 | NightHrsTrueNee vs NightHrsModelNee R²: -8.4900
Epoch   500 | Train Loss: 0.003646 | Val Loss: 0.003973 | Train R²: 0.8989 | Val R²: 0.8884 | NightHrsTrueNEE vs NightHrsModelReco R²: 0.6700 | NightHrsTrueNee vs NightHrsModelNee R²: 0.6500
Epoch  1000 | Train Loss: 0.003282 | Val Loss: 0.003622 | Train R²: 0.9090 | Val R²: 0.8983 | NightHrsTrueNEE vs NightHrsModelReco R²: 0.7200 | NightHrsTrueNee vs NightHrsModelNee R²: 0.6900
Epoch  1500 | Train Loss: 0.003169 | Val Loss: 0.003533 | Train R²: 0.9121 | Val R²: 0.9008 | NightHrsTrueNEE vs NightHrsModelReco R²: 0.7200 | NightHrsTrueNee vs NightHrsModelNee R²: 0.7100
Early stopping at epoch 1622 due to flat/negative trend (slope=0.000002)
Epoch  1622 | Train Loss: 0.003151 | Val Loss: 0.003523 | Train R²: 0.9126 | Val R²: 0.9010
Unpickling models
Following models have been loaded and moved to cuda:
trained gpp model:
 SNN_GPP(
  (net): Sequential(
    (0): Linear(in_features=11, out_features=12, bias=True)
    (1): ReLU()
    (2): Linear(in_features=12, out_features=1, bias=True)
    (3): ReLU()
  )
), trained_reco_model:
 SNN_RECO(
  (net): Sequential(
    (0): Linear(in_features=12, out_features=12, bias=True)
    (1): ReLU()
    (2): Linear(in_features=12, out_features=1, bias=True)
    (3): ReLU()
  )
)
using full data set for visualization
Un-normalizing the GPP and RECO predictions using NEE min: tensor([-25.9645]), NEE max: tensor([17.9512])



Metrics for the Custom, with
GPP inputs: ['VPD', 'TA', 'WTD', 'WS', 'PotRad', 'PotRadHalfHourlyDiff', 'PotRadDailyAvg', 'PotRadDailyDiff', 'WD_COS', 'WD_SIN', 'GPP_PROX']
RECO inputs: ['DOY_sin', 'DOY_cos', 'TA', 'TS_1', 'TS_2', 'TS_3', 'TS_4', 'WTD', 'WS', 'WD_COS', 'WD_SIN', 'NIGHTLY_NEE_AVG']:
dt_gpp vs Custom_GPP R²=0.89 RMSE=1.83
nt_gpp vs Custom_GPP R²=0.91 RMSE=1.77
dt_reco vs Custom_RECO R²=0.47 RMSE=1.39
nt_reco vs Custom_RECO R²=0.62 RMSE=0.97
night_hours_true_nee vs Custom_night_hours_model_reco R²=0.75 RMSE=0.78
night_hours_true_nee vs Custom_night_hours_model_nee R²=0.75 RMSE=0.78
dt_gpp vs nt_gpp R²=0.88 RMSE=1.90
dt_reco vs nt_reco R²=0.59 RMSE=1.00

gpp_input_names,  ['SW_IN', 'TA', 'WTD', 'WS', 'PotRad', 'PotRadHalfHourlyDiff', 'PotRadDailyAvg', 'PotRadDailyDiff', 'WD_COS', 'WD_SIN', 'GPP_PROX'] 
reco_input_names,  ['DOY_sin', 'DOY_cos', 'TA', 'TS_1', 'TS_2', 'TS_3', 'TS_4', 'WTD', 'WS', 'WD_COS', 'WD_SIN', 'NIGHTLY_NEE_AVG'] 
true_nee_name,  ['NEE'] 

Custom Running on GPU With hidden layer size of 12 Total epochs: 100000 lr: 0.001 patience: 500 min_delta 0.01
SNN_GPP(
  (net): Sequential(
    (0): Linear(in_features=11, out_features=12, bias=True)
    (1): ReLU()
    (2): Linear(in_features=12, out_features=1, bias=True)
    (3): ReLU()
  )
)
SNN_RECO(
  (net): Sequential(
    (0): Linear(in_features=12, out_features=12, bias=True)
    (1): ReLU()
    (2): Linear(in_features=12, out_features=1, bias=True)
    (3): ReLU()
  )
)
Custom will use the Tram vars
Params are min slope: 2e-06, trend window: 100
Epoch     0 | Train Loss: 0.037903 | Val Loss: 0.037729 | Train R²: -0.0509 | Val R²: -0.0599 | NightHrsTrueNEE vs NightHrsModelReco R²: -1.2300 | NightHrsTrueNee vs NightHrsModelNee R²: -7.7600
Epoch   500 | Train Loss: 0.003461 | Val Loss: 0.003753 | Train R²: 0.9040 | Val R²: 0.8946 | NightHrsTrueNEE vs NightHrsModelReco R²: 0.6700 | NightHrsTrueNee vs NightHrsModelNee R²: 0.6600
Epoch  1000 | Train Loss: 0.002840 | Val Loss: 0.003158 | Train R²: 0.9213 | Val R²: 0.9113 | NightHrsTrueNEE vs NightHrsModelReco R²: 0.7000 | NightHrsTrueNee vs NightHrsModelNee R²: 0.6800
Epoch  1500 | Train Loss: 0.002510 | Val Loss: 0.002890 | Train R²: 0.9304 | Val R²: 0.9188 | NightHrsTrueNEE vs NightHrsModelReco R²: 0.7100 | NightHrsTrueNee vs NightHrsModelNee R²: 0.7100
Epoch  2000 | Train Loss: 0.002352 | Val Loss: 0.002719 | Train R²: 0.9348 | Val R²: 0.9236 | NightHrsTrueNEE vs NightHrsModelReco R²: 0.7200 | NightHrsTrueNee vs NightHrsModelNee R²: 0.7200
Epoch  2500 | Train Loss: 0.002267 | Val Loss: 0.002620 | Train R²: 0.9372 | Val R²: 0.9264 | NightHrsTrueNEE vs NightHrsModelReco R²: 0.7200 | NightHrsTrueNee vs NightHrsModelNee R²: 0.7200
Epoch  3000 | Train Loss: 0.002191 | Val Loss: 0.002547 | Train R²: 0.9393 | Val R²: 0.9284 | NightHrsTrueNEE vs NightHrsModelReco R²: 0.7100 | NightHrsTrueNee vs NightHrsModelNee R²: 0.7100
Early stopping at epoch 3304 due to flat/negative trend (slope=0.000002)
Epoch  3304 | Train Loss: 0.002146 | Val Loss: 0.002519 | Train R²: 0.9405 | Val R²: 0.9292
Unpickling models
Following models have been loaded and moved to cuda:
trained gpp model:
 SNN_GPP(
  (net): Sequential(
    (0): Linear(in_features=11, out_features=12, bias=True)
    (1): ReLU()
    (2): Linear(in_features=12, out_features=1, bias=True)
    (3): ReLU()
  )
), trained_reco_model:
 SNN_RECO(
  (net): Sequential(
    (0): Linear(in_features=12, out_features=12, bias=True)
    (1): ReLU()
    (2): Linear(in_features=12, out_features=1, bias=True)
    (3): ReLU()
  )
)
using full data set for visualization
Un-normalizing the GPP and RECO predictions using NEE min: tensor([-25.9645]), NEE max: tensor([17.9512])



Metrics for the Custom, with
GPP inputs: ['SW_IN', 'TA', 'WTD', 'WS', 'PotRad', 'PotRadHalfHourlyDiff', 'PotRadDailyAvg', 'PotRadDailyDiff', 'WD_COS', 'WD_SIN', 'GPP_PROX']
RECO inputs: ['DOY_sin', 'DOY_cos', 'TA', 'TS_1', 'TS_2', 'TS_3', 'TS_4', 'WTD', 'WS', 'WD_COS', 'WD_SIN', 'NIGHTLY_NEE_AVG']:
dt_gpp vs Custom_GPP R²=0.93 RMSE=1.42
nt_gpp vs Custom_GPP R²=0.94 RMSE=1.44
dt_reco vs Custom_RECO R²=0.66 RMSE=1.11
nt_reco vs Custom_RECO R²=0.77 RMSE=0.75
night_hours_true_nee vs Custom_night_hours_model_reco R²=0.75 RMSE=0.77
night_hours_true_nee vs Custom_night_hours_model_nee R²=0.75 RMSE=0.77
dt_gpp vs nt_gpp R²=0.88 RMSE=1.90
dt_reco vs nt_reco R²=0.59 RMSE=1.00

gpp_input_names,  ['SW_IN', 'VPD', 'WTD', 'WS', 'PotRad', 'PotRadHalfHourlyDiff', 'PotRadDailyAvg', 'PotRadDailyDiff', 'WD_COS', 'WD_SIN', 'GPP_PROX'] 
reco_input_names,  ['DOY_sin', 'DOY_cos', 'TA', 'TS_1', 'TS_2', 'TS_3', 'TS_4', 'WTD', 'WS', 'WD_COS', 'WD_SIN', 'NIGHTLY_NEE_AVG'] 
true_nee_name,  ['NEE'] 

Custom Running on GPU With hidden layer size of 12 Total epochs: 100000 lr: 0.001 patience: 500 min_delta 0.01
SNN_GPP(
  (net): Sequential(
    (0): Linear(in_features=11, out_features=12, bias=True)
    (1): ReLU()
    (2): Linear(in_features=12, out_features=1, bias=True)
    (3): ReLU()
  )
)
SNN_RECO(
  (net): Sequential(
    (0): Linear(in_features=12, out_features=12, bias=True)
    (1): ReLU()
    (2): Linear(in_features=12, out_features=1, bias=True)
    (3): ReLU()
  )
)
Custom will use the Tram vars
Params are min slope: 2e-06, trend window: 100
Epoch     0 | Train Loss: 0.034227 | Val Loss: 0.034407 | Train R²: 0.0510 | Val R²: 0.0335 | NightHrsTrueNEE vs NightHrsModelReco R²: -1.2300 | NightHrsTrueNee vs NightHrsModelNee R²: -5.5300
Epoch   500 | Train Loss: 0.003151 | Val Loss: 0.003522 | Train R²: 0.9126 | Val R²: 0.9010 | NightHrsTrueNEE vs NightHrsModelReco R²: 0.6900 | NightHrsTrueNee vs NightHrsModelNee R²: 0.6700
Epoch  1000 | Train Loss: 0.002504 | Val Loss: 0.002920 | Train R²: 0.9306 | Val R²: 0.9180 | NightHrsTrueNEE vs NightHrsModelReco R²: 0.7100 | NightHrsTrueNee vs NightHrsModelNee R²: 0.7000
Epoch  1500 | Train Loss: 0.002249 | Val Loss: 0.002633 | Train R²: 0.9377 | Val R²: 0.9260 | NightHrsTrueNEE vs NightHrsModelReco R²: 0.7200 | NightHrsTrueNee vs NightHrsModelNee R²: 0.7100
Epoch  2000 | Train Loss: 0.002121 | Val Loss: 0.002531 | Train R²: 0.9412 | Val R²: 0.9289 | NightHrsTrueNEE vs NightHrsModelReco R²: 0.7200 | NightHrsTrueNee vs NightHrsModelNee R²: 0.7200
Early stopping at epoch 2009 due to flat/negative trend (slope=0.000002)
Epoch  2009 | Train Loss: 0.002119 | Val Loss: 0.002529 | Train R²: 0.9412 | Val R²: 0.9289
Unpickling models
Following models have been loaded and moved to cuda:
trained gpp model:
 SNN_GPP(
  (net): Sequential(
    (0): Linear(in_features=11, out_features=12, bias=True)
    (1): ReLU()
    (2): Linear(in_features=12, out_features=1, bias=True)
    (3): ReLU()
  )
), trained_reco_model:
 SNN_RECO(
  (net): Sequential(
    (0): Linear(in_features=12, out_features=12, bias=True)
    (1): ReLU()
    (2): Linear(in_features=12, out_features=1, bias=True)
    (3): ReLU()
  )
)
using full data set for visualization
Un-normalizing the GPP and RECO predictions using NEE min: tensor([-25.9645]), NEE max: tensor([17.9512])



Metrics for the Custom, with
GPP inputs: ['SW_IN', 'VPD', 'WTD', 'WS', 'PotRad', 'PotRadHalfHourlyDiff', 'PotRadDailyAvg', 'PotRadDailyDiff', 'WD_COS', 'WD_SIN', 'GPP_PROX']
RECO inputs: ['DOY_sin', 'DOY_cos', 'TA', 'TS_1', 'TS_2', 'TS_3', 'TS_4', 'WTD', 'WS', 'WD_COS', 'WD_SIN', 'NIGHTLY_NEE_AVG']:
dt_gpp vs Custom_GPP R²=0.93 RMSE=1.46
nt_gpp vs Custom_GPP R²=0.93 RMSE=1.55
dt_reco vs Custom_RECO R²=0.51 RMSE=1.34
nt_reco vs Custom_RECO R²=0.66 RMSE=0.92
night_hours_true_nee vs Custom_night_hours_model_reco R²=0.76 RMSE=0.76
night_hours_true_nee vs Custom_night_hours_model_nee R²=0.76 RMSE=0.76
dt_gpp vs nt_gpp R²=0.88 RMSE=1.90
dt_reco vs nt_reco R²=0.59 RMSE=1.00

gpp_input_names,  ['SW_IN', 'VPD', 'TA', 'WS', 'PotRad', 'PotRadHalfHourlyDiff', 'PotRadDailyAvg', 'PotRadDailyDiff', 'WD_COS', 'WD_SIN', 'GPP_PROX'] 
reco_input_names,  ['DOY_sin', 'DOY_cos', 'TA', 'TS_1', 'TS_2', 'TS_3', 'TS_4', 'WTD', 'WS', 'WD_COS', 'WD_SIN', 'NIGHTLY_NEE_AVG'] 
true_nee_name,  ['NEE'] 

Custom Running on GPU With hidden layer size of 12 Total epochs: 100000 lr: 0.001 patience: 500 min_delta 0.01
SNN_GPP(
  (net): Sequential(
    (0): Linear(in_features=11, out_features=12, bias=True)
    (1): ReLU()
    (2): Linear(in_features=12, out_features=1, bias=True)
    (3): ReLU()
  )
)
SNN_RECO(
  (net): Sequential(
    (0): Linear(in_features=12, out_features=12, bias=True)
    (1): ReLU()
    (2): Linear(in_features=12, out_features=1, bias=True)
    (3): ReLU()
  )
)
Custom will use the Tram vars
Params are min slope: 2e-06, trend window: 100
Epoch     0 | Train Loss: 0.034289 | Val Loss: 0.035098 | Train R²: 0.0493 | Val R²: 0.0140 | NightHrsTrueNEE vs NightHrsModelReco R²: -1.2300 | NightHrsTrueNee vs NightHrsModelNee R²: -2.8800
Epoch   500 | Train Loss: 0.003237 | Val Loss: 0.003536 | Train R²: 0.9102 | Val R²: 0.9007 | NightHrsTrueNEE vs NightHrsModelReco R²: 0.7000 | NightHrsTrueNee vs NightHrsModelNee R²: 0.6800
Epoch  1000 | Train Loss: 0.002478 | Val Loss: 0.002832 | Train R²: 0.9313 | Val R²: 0.9205 | NightHrsTrueNEE vs NightHrsModelReco R²: 0.7200 | NightHrsTrueNee vs NightHrsModelNee R²: 0.7100
Epoch  1500 | Train Loss: 0.002164 | Val Loss: 0.002620 | Train R²: 0.9400 | Val R²: 0.9264 | NightHrsTrueNEE vs NightHrsModelReco R²: 0.7200 | NightHrsTrueNee vs NightHrsModelNee R²: 0.7100
Epoch  2000 | Train Loss: 0.002027 | Val Loss: 0.002545 | Train R²: 0.9438 | Val R²: 0.9285 | NightHrsTrueNEE vs NightHrsModelReco R²: 0.7200 | NightHrsTrueNee vs NightHrsModelNee R²: 0.7200
Early stopping at epoch 2035 due to flat/negative trend (slope=0.000002)
Epoch  2035 | Train Loss: 0.002020 | Val Loss: 0.002543 | Train R²: 0.9440 | Val R²: 0.9286
Unpickling models
Following models have been loaded and moved to cuda:
trained gpp model:
 SNN_GPP(
  (net): Sequential(
    (0): Linear(in_features=11, out_features=12, bias=True)
    (1): ReLU()
    (2): Linear(in_features=12, out_features=1, bias=True)
    (3): ReLU()
  )
), trained_reco_model:
 SNN_RECO(
  (net): Sequential(
    (0): Linear(in_features=12, out_features=12, bias=True)
    (1): ReLU()
    (2): Linear(in_features=12, out_features=1, bias=True)
    (3): ReLU()
  )
)
using full data set for visualization
Un-normalizing the GPP and RECO predictions using NEE min: tensor([-25.9645]), NEE max: tensor([17.9512])



Metrics for the Custom, with
GPP inputs: ['SW_IN', 'VPD', 'TA', 'WS', 'PotRad', 'PotRadHalfHourlyDiff', 'PotRadDailyAvg', 'PotRadDailyDiff', 'WD_COS', 'WD_SIN', 'GPP_PROX']
RECO inputs: ['DOY_sin', 'DOY_cos', 'TA', 'TS_1', 'TS_2', 'TS_3', 'TS_4', 'WTD', 'WS', 'WD_COS', 'WD_SIN', 'NIGHTLY_NEE_AVG']:
dt_gpp vs Custom_GPP R²=0.93 RMSE=1.46
nt_gpp vs Custom_GPP R²=0.94 RMSE=1.45
dt_reco vs Custom_RECO R²=0.58 RMSE=1.24
nt_reco vs Custom_RECO R²=0.75 RMSE=0.80
night_hours_true_nee vs Custom_night_hours_model_reco R²=0.75 RMSE=0.77
night_hours_true_nee vs Custom_night_hours_model_nee R²=0.75 RMSE=0.77
dt_gpp vs nt_gpp R²=0.88 RMSE=1.90
dt_reco vs nt_reco R²=0.59 RMSE=1.00

gpp_input_names,  ['SW_IN', 'VPD', 'TA', 'WTD', 'PotRad', 'PotRadHalfHourlyDiff', 'PotRadDailyAvg', 'PotRadDailyDiff', 'WD_COS', 'WD_SIN', 'GPP_PROX'] 
reco_input_names,  ['DOY_sin', 'DOY_cos', 'TA', 'TS_1', 'TS_2', 'TS_3', 'TS_4', 'WTD', 'WS', 'WD_COS', 'WD_SIN', 'NIGHTLY_NEE_AVG'] 
true_nee_name,  ['NEE'] 

Custom Running on GPU With hidden layer size of 12 Total epochs: 100000 lr: 0.001 patience: 500 min_delta 0.01
SNN_GPP(
  (net): Sequential(
    (0): Linear(in_features=11, out_features=12, bias=True)
    (1): ReLU()
    (2): Linear(in_features=12, out_features=1, bias=True)
    (3): ReLU()
  )
)
SNN_RECO(
  (net): Sequential(
    (0): Linear(in_features=12, out_features=12, bias=True)
    (1): ReLU()
    (2): Linear(in_features=12, out_features=1, bias=True)
    (3): ReLU()
  )
)
Custom will use the Tram vars
Params are min slope: 2e-06, trend window: 100
Epoch     0 | Train Loss: 0.033011 | Val Loss: 0.033912 | Train R²: 0.0847 | Val R²: 0.0474 | NightHrsTrueNEE vs NightHrsModelReco R²: -1.2300 | NightHrsTrueNee vs NightHrsModelNee R²: -2.8100
Epoch   500 | Train Loss: 0.003133 | Val Loss: 0.003535 | Train R²: 0.9131 | Val R²: 0.9007 | NightHrsTrueNEE vs NightHrsModelReco R²: 0.6900 | NightHrsTrueNee vs NightHrsModelNee R²: 0.6800
Epoch  1000 | Train Loss: 0.002500 | Val Loss: 0.002883 | Train R²: 0.9307 | Val R²: 0.9190 | NightHrsTrueNEE vs NightHrsModelReco R²: 0.7100 | NightHrsTrueNee vs NightHrsModelNee R²: 0.7000
Epoch  1500 | Train Loss: 0.002177 | Val Loss: 0.002619 | Train R²: 0.9396 | Val R²: 0.9264 | NightHrsTrueNEE vs NightHrsModelReco R²: 0.7100 | NightHrsTrueNee vs NightHrsModelNee R²: 0.6900
Epoch  2000 | Train Loss: 0.002027 | Val Loss: 0.002519 | Train R²: 0.9438 | Val R²: 0.9292 | NightHrsTrueNEE vs NightHrsModelReco R²: 0.7200 | NightHrsTrueNee vs NightHrsModelNee R²: 0.7000
Epoch  2500 | Train Loss: 0.001936 | Val Loss: 0.002449 | Train R²: 0.9463 | Val R²: 0.9312 | NightHrsTrueNEE vs NightHrsModelReco R²: 0.7200 | NightHrsTrueNee vs NightHrsModelNee R²: 0.7100
Early stopping at epoch 2676 due to flat/negative trend (slope=0.000002)
Epoch  2676 | Train Loss: 0.001914 | Val Loss: 0.002432 | Train R²: 0.9469 | Val R²: 0.9317
Unpickling models
Following models have been loaded and moved to cuda:
trained gpp model:
 SNN_GPP(
  (net): Sequential(
    (0): Linear(in_features=11, out_features=12, bias=True)
    (1): ReLU()
    (2): Linear(in_features=12, out_features=1, bias=True)
    (3): ReLU()
  )
), trained_reco_model:
 SNN_RECO(
  (net): Sequential(
    (0): Linear(in_features=12, out_features=12, bias=True)
    (1): ReLU()
    (2): Linear(in_features=12, out_features=1, bias=True)
    (3): ReLU()
  )
)
using full data set for visualization
Un-normalizing the GPP and RECO predictions using NEE min: tensor([-25.9645]), NEE max: tensor([17.9512])



Metrics for the Custom, with
GPP inputs: ['SW_IN', 'VPD', 'TA', 'WTD', 'PotRad', 'PotRadHalfHourlyDiff', 'PotRadDailyAvg', 'PotRadDailyDiff', 'WD_COS', 'WD_SIN', 'GPP_PROX']
RECO inputs: ['DOY_sin', 'DOY_cos', 'TA', 'TS_1', 'TS_2', 'TS_3', 'TS_4', 'WTD', 'WS', 'WD_COS', 'WD_SIN', 'NIGHTLY_NEE_AVG']:
dt_gpp vs Custom_GPP R²=0.93 RMSE=1.43
nt_gpp vs Custom_GPP R²=0.94 RMSE=1.40
dt_reco vs Custom_RECO R²=0.61 RMSE=1.20
nt_reco vs Custom_RECO R²=0.77 RMSE=0.76
night_hours_true_nee vs Custom_night_hours_model_reco R²=0.76 RMSE=0.75
night_hours_true_nee vs Custom_night_hours_model_nee R²=0.76 RMSE=0.75
dt_gpp vs nt_gpp R²=0.88 RMSE=1.90
dt_reco vs nt_reco R²=0.59 RMSE=1.00

gpp_input_names,  ['SW_IN', 'VPD', 'TA', 'WTD', 'WS', 'PotRadHalfHourlyDiff', 'PotRadDailyAvg', 'PotRadDailyDiff', 'WD_COS', 'WD_SIN', 'GPP_PROX'] 
reco_input_names,  ['DOY_sin', 'DOY_cos', 'TA', 'TS_1', 'TS_2', 'TS_3', 'TS_4', 'WTD', 'WS', 'WD_COS', 'WD_SIN', 'NIGHTLY_NEE_AVG'] 
true_nee_name,  ['NEE'] 

Custom Running on GPU With hidden layer size of 12 Total epochs: 100000 lr: 0.001 patience: 500 min_delta 0.01
SNN_GPP(
  (net): Sequential(
    (0): Linear(in_features=11, out_features=12, bias=True)
    (1): ReLU()
    (2): Linear(in_features=12, out_features=1, bias=True)
    (3): ReLU()
  )
)
SNN_RECO(
  (net): Sequential(
    (0): Linear(in_features=12, out_features=12, bias=True)
    (1): ReLU()
    (2): Linear(in_features=12, out_features=1, bias=True)
    (3): ReLU()
  )
)
Custom will use the Tram vars
Params are min slope: 2e-06, trend window: 100
Epoch     0 | Train Loss: 0.036822 | Val Loss: 0.037505 | Train R²: -0.0209 | Val R²: -0.0536 | NightHrsTrueNEE vs NightHrsModelReco R²: -1.2300 | NightHrsTrueNee vs NightHrsModelNee R²: -3.7000
Epoch   500 | Train Loss: 0.003372 | Val Loss: 0.003866 | Train R²: 0.9065 | Val R²: 0.8914 | NightHrsTrueNEE vs NightHrsModelReco R²: -1.9900 | NightHrsTrueNee vs NightHrsModelNee R²: 0.4800
Epoch  1000 | Train Loss: 0.002614 | Val Loss: 0.003046 | Train R²: 0.9275 | Val R²: 0.9144 | NightHrsTrueNEE vs NightHrsModelReco R²: -0.4500 | NightHrsTrueNee vs NightHrsModelNee R²: 0.6300
Epoch  1500 | Train Loss: 0.002350 | Val Loss: 0.002854 | Train R²: 0.9348 | Val R²: 0.9198 | NightHrsTrueNEE vs NightHrsModelReco R²: -0.1800 | NightHrsTrueNee vs NightHrsModelNee R²: 0.6500
Early stopping at epoch 1941 due to flat/negative trend (slope=0.000002)
Epoch  1941 | Train Loss: 0.002218 | Val Loss: 0.002771 | Train R²: 0.9385 | Val R²: 0.9222
Unpickling models
Following models have been loaded and moved to cuda:
trained gpp model:
 SNN_GPP(
  (net): Sequential(
    (0): Linear(in_features=11, out_features=12, bias=True)
    (1): ReLU()
    (2): Linear(in_features=12, out_features=1, bias=True)
    (3): ReLU()
  )
), trained_reco_model:
 SNN_RECO(
  (net): Sequential(
    (0): Linear(in_features=12, out_features=12, bias=True)
    (1): ReLU()
    (2): Linear(in_features=12, out_features=1, bias=True)
    (3): ReLU()
  )
)
using full data set for visualization
Un-normalizing the GPP and RECO predictions using NEE min: tensor([-25.9645]), NEE max: tensor([17.9512])



Metrics for the Custom, with
GPP inputs: ['SW_IN', 'VPD', 'TA', 'WTD', 'WS', 'PotRadHalfHourlyDiff', 'PotRadDailyAvg', 'PotRadDailyDiff', 'WD_COS', 'WD_SIN', 'GPP_PROX']
RECO inputs: ['DOY_sin', 'DOY_cos', 'TA', 'TS_1', 'TS_2', 'TS_3', 'TS_4', 'WTD', 'WS', 'WD_COS', 'WD_SIN', 'NIGHTLY_NEE_AVG']:
dt_gpp vs Custom_GPP R²=0.87 RMSE=1.97
nt_gpp vs Custom_GPP R²=0.88 RMSE=2.03
dt_reco vs Custom_RECO R²=-0.25 RMSE=2.14
nt_reco vs Custom_RECO R²=0.01 RMSE=1.57
night_hours_true_nee vs Custom_night_hours_model_reco R²=-0.33 RMSE=0.83
night_hours_true_nee vs Custom_night_hours_model_nee R²=-0.33 RMSE=0.83
dt_gpp vs nt_gpp R²=0.88 RMSE=1.90
dt_reco vs nt_reco R²=0.59 RMSE=1.00

gpp_input_names,  ['SW_IN', 'VPD', 'TA', 'WTD', 'WS', 'PotRad', 'PotRadDailyAvg', 'PotRadDailyDiff', 'WD_COS', 'WD_SIN', 'GPP_PROX'] 
reco_input_names,  ['DOY_sin', 'DOY_cos', 'TA', 'TS_1', 'TS_2', 'TS_3', 'TS_4', 'WTD', 'WS', 'WD_COS', 'WD_SIN', 'NIGHTLY_NEE_AVG'] 
true_nee_name,  ['NEE'] 

Custom Running on GPU With hidden layer size of 12 Total epochs: 100000 lr: 0.001 patience: 500 min_delta 0.01
SNN_GPP(
  (net): Sequential(
    (0): Linear(in_features=11, out_features=12, bias=True)
    (1): ReLU()
    (2): Linear(in_features=12, out_features=1, bias=True)
    (3): ReLU()
  )
)
SNN_RECO(
  (net): Sequential(
    (0): Linear(in_features=12, out_features=12, bias=True)
    (1): ReLU()
    (2): Linear(in_features=12, out_features=1, bias=True)
    (3): ReLU()
  )
)
Custom will use the Tram vars
Params are min slope: 2e-06, trend window: 100
Epoch     0 | Train Loss: 0.037488 | Val Loss: 0.037446 | Train R²: -0.0394 | Val R²: -0.0519 | NightHrsTrueNEE vs NightHrsModelReco R²: -1.2300 | NightHrsTrueNee vs NightHrsModelNee R²: -3.7300
Epoch   500 | Train Loss: 0.002823 | Val Loss: 0.003125 | Train R²: 0.9217 | Val R²: 0.9122 | NightHrsTrueNEE vs NightHrsModelReco R²: 0.6900 | NightHrsTrueNee vs NightHrsModelNee R²: 0.6800
Epoch  1000 | Train Loss: 0.002378 | Val Loss: 0.002772 | Train R²: 0.9341 | Val R²: 0.9221 | NightHrsTrueNEE vs NightHrsModelReco R²: 0.7200 | NightHrsTrueNee vs NightHrsModelNee R²: 0.7100
Epoch  1500 | Train Loss: 0.002162 | Val Loss: 0.002632 | Train R²: 0.9401 | Val R²: 0.9261 | NightHrsTrueNEE vs NightHrsModelReco R²: 0.7300 | NightHrsTrueNee vs NightHrsModelNee R²: 0.7200
Epoch  2000 | Train Loss: 0.002023 | Val Loss: 0.002539 | Train R²: 0.9439 | Val R²: 0.9287 | NightHrsTrueNEE vs NightHrsModelReco R²: 0.7400 | NightHrsTrueNee vs NightHrsModelNee R²: 0.7300
Early stopping at epoch 2240 due to flat/negative trend (slope=0.000002)
Epoch  2240 | Train Loss: 0.001972 | Val Loss: 0.002490 | Train R²: 0.9453 | Val R²: 0.9301
Unpickling models
Following models have been loaded and moved to cuda:
trained gpp model:
 SNN_GPP(
  (net): Sequential(
    (0): Linear(in_features=11, out_features=12, bias=True)
    (1): ReLU()
    (2): Linear(in_features=12, out_features=1, bias=True)
    (3): ReLU()
  )
), trained_reco_model:
 SNN_RECO(
  (net): Sequential(
    (0): Linear(in_features=12, out_features=12, bias=True)
    (1): ReLU()
    (2): Linear(in_features=12, out_features=1, bias=True)
    (3): ReLU()
  )
)
using full data set for visualization
Un-normalizing the GPP and RECO predictions using NEE min: tensor([-25.9645]), NEE max: tensor([17.9512])



Metrics for the Custom, with
GPP inputs: ['SW_IN', 'VPD', 'TA', 'WTD', 'WS', 'PotRad', 'PotRadDailyAvg', 'PotRadDailyDiff', 'WD_COS', 'WD_SIN', 'GPP_PROX']
RECO inputs: ['DOY_sin', 'DOY_cos', 'TA', 'TS_1', 'TS_2', 'TS_3', 'TS_4', 'WTD', 'WS', 'WD_COS', 'WD_SIN', 'NIGHTLY_NEE_AVG']:
dt_gpp vs Custom_GPP R²=0.94 RMSE=1.39
nt_gpp vs Custom_GPP R²=0.94 RMSE=1.38
dt_reco vs Custom_RECO R²=0.64 RMSE=1.14
nt_reco vs Custom_RECO R²=0.79 RMSE=0.72
night_hours_true_nee vs Custom_night_hours_model_reco R²=0.76 RMSE=0.75
night_hours_true_nee vs Custom_night_hours_model_nee R²=0.76 RMSE=0.75
dt_gpp vs nt_gpp R²=0.88 RMSE=1.90
dt_reco vs nt_reco R²=0.59 RMSE=1.00

gpp_input_names,  ['SW_IN', 'VPD', 'TA', 'WTD', 'WS', 'PotRad', 'PotRadHalfHourlyDiff', 'PotRadDailyDiff', 'WD_COS', 'WD_SIN', 'GPP_PROX'] 
reco_input_names,  ['DOY_sin', 'DOY_cos', 'TA', 'TS_1', 'TS_2', 'TS_3', 'TS_4', 'WTD', 'WS', 'WD_COS', 'WD_SIN', 'NIGHTLY_NEE_AVG'] 
true_nee_name,  ['NEE'] 

Custom Running on GPU With hidden layer size of 12 Total epochs: 100000 lr: 0.001 patience: 500 min_delta 0.01
SNN_GPP(
  (net): Sequential(
    (0): Linear(in_features=11, out_features=12, bias=True)
    (1): ReLU()
    (2): Linear(in_features=12, out_features=1, bias=True)
    (3): ReLU()
  )
)
SNN_RECO(
  (net): Sequential(
    (0): Linear(in_features=12, out_features=12, bias=True)
    (1): ReLU()
    (2): Linear(in_features=12, out_features=1, bias=True)
    (3): ReLU()
  )
)
Custom will use the Tram vars
Params are min slope: 2e-06, trend window: 100
Epoch     0 | Train Loss: 0.040334 | Val Loss: 0.040575 | Train R²: -0.1183 | Val R²: -0.1398 | NightHrsTrueNEE vs NightHrsModelReco R²: -1.2300 | NightHrsTrueNee vs NightHrsModelNee R²: -6.7800
Epoch   500 | Train Loss: 0.002837 | Val Loss: 0.003180 | Train R²: 0.9214 | Val R²: 0.9107 | NightHrsTrueNEE vs NightHrsModelReco R²: 0.7100 | NightHrsTrueNee vs NightHrsModelNee R²: 0.6700
Epoch  1000 | Train Loss: 0.002391 | Val Loss: 0.002706 | Train R²: 0.9337 | Val R²: 0.9240 | NightHrsTrueNEE vs NightHrsModelReco R²: 0.7400 | NightHrsTrueNee vs NightHrsModelNee R²: 0.7100
Epoch  1500 | Train Loss: 0.002196 | Val Loss: 0.002526 | Train R²: 0.9391 | Val R²: 0.9290 | NightHrsTrueNEE vs NightHrsModelReco R²: 0.7400 | NightHrsTrueNee vs NightHrsModelNee R²: 0.7200
Early stopping at epoch 1818 due to flat/negative trend (slope=0.000002)
Epoch  1818 | Train Loss: 0.002124 | Val Loss: 0.002480 | Train R²: 0.9411 | Val R²: 0.9303
Unpickling models
Following models have been loaded and moved to cuda:
trained gpp model:
 SNN_GPP(
  (net): Sequential(
    (0): Linear(in_features=11, out_features=12, bias=True)
    (1): ReLU()
    (2): Linear(in_features=12, out_features=1, bias=True)
    (3): ReLU()
  )
), trained_reco_model:
 SNN_RECO(
  (net): Sequential(
    (0): Linear(in_features=12, out_features=12, bias=True)
    (1): ReLU()
    (2): Linear(in_features=12, out_features=1, bias=True)
    (3): ReLU()
  )
)
using full data set for visualization
Un-normalizing the GPP and RECO predictions using NEE min: tensor([-25.9645]), NEE max: tensor([17.9512])



Metrics for the Custom, with
GPP inputs: ['SW_IN', 'VPD', 'TA', 'WTD', 'WS', 'PotRad', 'PotRadHalfHourlyDiff', 'PotRadDailyDiff', 'WD_COS', 'WD_SIN', 'GPP_PROX']
RECO inputs: ['DOY_sin', 'DOY_cos', 'TA', 'TS_1', 'TS_2', 'TS_3', 'TS_4', 'WTD', 'WS', 'WD_COS', 'WD_SIN', 'NIGHTLY_NEE_AVG']:
dt_gpp vs Custom_GPP R²=0.93 RMSE=1.42
nt_gpp vs Custom_GPP R²=0.94 RMSE=1.44
dt_reco vs Custom_RECO R²=0.58 RMSE=1.24
nt_reco vs Custom_RECO R²=0.77 RMSE=0.76
night_hours_true_nee vs Custom_night_hours_model_reco R²=0.76 RMSE=0.75
night_hours_true_nee vs Custom_night_hours_model_nee R²=0.76 RMSE=0.75
dt_gpp vs nt_gpp R²=0.88 RMSE=1.90
dt_reco vs nt_reco R²=0.59 RMSE=1.00

gpp_input_names,  ['SW_IN', 'VPD', 'TA', 'WTD', 'WS', 'PotRad', 'PotRadHalfHourlyDiff', 'PotRadDailyAvg', 'WD_COS', 'WD_SIN', 'GPP_PROX'] 
reco_input_names,  ['DOY_sin', 'DOY_cos', 'TA', 'TS_1', 'TS_2', 'TS_3', 'TS_4', 'WTD', 'WS', 'WD_COS', 'WD_SIN', 'NIGHTLY_NEE_AVG'] 
true_nee_name,  ['NEE'] 

Custom Running on GPU With hidden layer size of 12 Total epochs: 100000 lr: 0.001 patience: 500 min_delta 0.01
SNN_GPP(
  (net): Sequential(
    (0): Linear(in_features=11, out_features=12, bias=True)
    (1): ReLU()
    (2): Linear(in_features=12, out_features=1, bias=True)
    (3): ReLU()
  )
)
SNN_RECO(
  (net): Sequential(
    (0): Linear(in_features=12, out_features=12, bias=True)
    (1): ReLU()
    (2): Linear(in_features=12, out_features=1, bias=True)
    (3): ReLU()
  )
)
Custom will use the Tram vars
Params are min slope: 2e-06, trend window: 100
Epoch     0 | Train Loss: 0.042192 | Val Loss: 0.042205 | Train R²: -0.1698 | Val R²: -0.1856 | NightHrsTrueNEE vs NightHrsModelReco R²: -1.2200 | NightHrsTrueNee vs NightHrsModelNee R²: -3.9400
Epoch   500 | Train Loss: 0.002936 | Val Loss: 0.003272 | Train R²: 0.9186 | Val R²: 0.9081 | NightHrsTrueNEE vs NightHrsModelReco R²: 0.3000 | NightHrsTrueNee vs NightHrsModelNee R²: 0.6300
Epoch  1000 | Train Loss: 0.002460 | Val Loss: 0.002867 | Train R²: 0.9318 | Val R²: 0.9194 | NightHrsTrueNEE vs NightHrsModelReco R²: 0.5900 | NightHrsTrueNee vs NightHrsModelNee R²: 0.6800
Epoch  1500 | Train Loss: 0.002270 | Val Loss: 0.002756 | Train R²: 0.9371 | Val R²: 0.9226 | NightHrsTrueNEE vs NightHrsModelReco R²: 0.6800 | NightHrsTrueNee vs NightHrsModelNee R²: 0.7100
Early stopping at epoch 1780 due to flat/negative trend (slope=0.000002)
Epoch  1780 | Train Loss: 0.002193 | Val Loss: 0.002719 | Train R²: 0.9392 | Val R²: 0.9236
Unpickling models
Following models have been loaded and moved to cuda:
trained gpp model:
 SNN_GPP(
  (net): Sequential(
    (0): Linear(in_features=11, out_features=12, bias=True)
    (1): ReLU()
    (2): Linear(in_features=12, out_features=1, bias=True)
    (3): ReLU()
  )
), trained_reco_model:
 SNN_RECO(
  (net): Sequential(
    (0): Linear(in_features=12, out_features=12, bias=True)
    (1): ReLU()
    (2): Linear(in_features=12, out_features=1, bias=True)
    (3): ReLU()
  )
)
using full data set for visualization
Un-normalizing the GPP and RECO predictions using NEE min: tensor([-25.9645]), NEE max: tensor([17.9512])



Metrics for the Custom, with
GPP inputs: ['SW_IN', 'VPD', 'TA', 'WTD', 'WS', 'PotRad', 'PotRadHalfHourlyDiff', 'PotRadDailyAvg', 'WD_COS', 'WD_SIN', 'GPP_PROX']
RECO inputs: ['DOY_sin', 'DOY_cos', 'TA', 'TS_1', 'TS_2', 'TS_3', 'TS_4', 'WTD', 'WS', 'WD_COS', 'WD_SIN', 'NIGHTLY_NEE_AVG']:
dt_gpp vs Custom_GPP R²=0.94 RMSE=1.32
nt_gpp vs Custom_GPP R²=0.94 RMSE=1.46
dt_reco vs Custom_RECO R²=0.61 RMSE=1.19
nt_reco vs Custom_RECO R²=0.77 RMSE=0.76
night_hours_true_nee vs Custom_night_hours_model_reco R²=0.72 RMSE=0.77
night_hours_true_nee vs Custom_night_hours_model_nee R²=0.72 RMSE=0.77
dt_gpp vs nt_gpp R²=0.88 RMSE=1.90
dt_reco vs nt_reco R²=0.59 RMSE=1.00

gpp_input_names,  ['SW_IN', 'VPD', 'TA', 'WTD', 'WS', 'PotRad', 'PotRadHalfHourlyDiff', 'PotRadDailyAvg', 'PotRadDailyDiff', 'WD_SIN', 'GPP_PROX'] 
reco_input_names,  ['DOY_sin', 'DOY_cos', 'TA', 'TS_1', 'TS_2', 'TS_3', 'TS_4', 'WTD', 'WS', 'WD_COS', 'WD_SIN', 'NIGHTLY_NEE_AVG'] 
true_nee_name,  ['NEE'] 

Custom Running on GPU With hidden layer size of 12 Total epochs: 100000 lr: 0.001 patience: 500 min_delta 0.01
SNN_GPP(
  (net): Sequential(
    (0): Linear(in_features=11, out_features=12, bias=True)
    (1): ReLU()
    (2): Linear(in_features=12, out_features=1, bias=True)
    (3): ReLU()
  )
)
SNN_RECO(
  (net): Sequential(
    (0): Linear(in_features=12, out_features=12, bias=True)
    (1): ReLU()
    (2): Linear(in_features=12, out_features=1, bias=True)
    (3): ReLU()
  )
)
Custom will use the Tram vars
Params are min slope: 2e-06, trend window: 100
Epoch     0 | Train Loss: 0.040751 | Val Loss: 0.040760 | Train R²: -0.1298 | Val R²: -0.1450 | NightHrsTrueNEE vs NightHrsModelReco R²: -1.2300 | NightHrsTrueNee vs NightHrsModelNee R²: -3.1100
Epoch   500 | Train Loss: 0.002981 | Val Loss: 0.003230 | Train R²: 0.9173 | Val R²: 0.9093 | NightHrsTrueNEE vs NightHrsModelReco R²: -2.0700 | NightHrsTrueNee vs NightHrsModelNee R²: 0.5800
Epoch  1000 | Train Loss: 0.002432 | Val Loss: 0.002785 | Train R²: 0.9326 | Val R²: 0.9218 | NightHrsTrueNEE vs NightHrsModelReco R²: 0.1000 | NightHrsTrueNee vs NightHrsModelNee R²: 0.6600
Early stopping at epoch 1484 due to flat/negative trend (slope=0.000002)
Epoch  1484 | Train Loss: 0.002241 | Val Loss: 0.002703 | Train R²: 0.9379 | Val R²: 0.9241
Unpickling models
Following models have been loaded and moved to cuda:
trained gpp model:
 SNN_GPP(
  (net): Sequential(
    (0): Linear(in_features=11, out_features=12, bias=True)
    (1): ReLU()
    (2): Linear(in_features=12, out_features=1, bias=True)
    (3): ReLU()
  )
), trained_reco_model:
 SNN_RECO(
  (net): Sequential(
    (0): Linear(in_features=12, out_features=12, bias=True)
    (1): ReLU()
    (2): Linear(in_features=12, out_features=1, bias=True)
    (3): ReLU()
  )
)
using full data set for visualization
Un-normalizing the GPP and RECO predictions using NEE min: tensor([-25.9645]), NEE max: tensor([17.9512])



Metrics for the Custom, with
GPP inputs: ['SW_IN', 'VPD', 'TA', 'WTD', 'WS', 'PotRad', 'PotRadHalfHourlyDiff', 'PotRadDailyAvg', 'PotRadDailyDiff', 'WD_SIN', 'GPP_PROX']
RECO inputs: ['DOY_sin', 'DOY_cos', 'TA', 'TS_1', 'TS_2', 'TS_3', 'TS_4', 'WTD', 'WS', 'WD_COS', 'WD_SIN', 'NIGHTLY_NEE_AVG']:
dt_gpp vs Custom_GPP R²=0.92 RMSE=1.60
nt_gpp vs Custom_GPP R²=0.91 RMSE=1.68
dt_reco vs Custom_RECO R²=0.24 RMSE=1.67
nt_reco vs Custom_RECO R²=0.49 RMSE=1.13
night_hours_true_nee vs Custom_night_hours_model_reco R²=0.43 RMSE=0.83
night_hours_true_nee vs Custom_night_hours_model_nee R²=0.43 RMSE=0.83
dt_gpp vs nt_gpp R²=0.88 RMSE=1.90
dt_reco vs nt_reco R²=0.59 RMSE=1.00

gpp_input_names,  ['SW_IN', 'VPD', 'TA', 'WTD', 'WS', 'PotRad', 'PotRadHalfHourlyDiff', 'PotRadDailyAvg', 'PotRadDailyDiff', 'WD_COS', 'GPP_PROX'] 
reco_input_names,  ['DOY_sin', 'DOY_cos', 'TA', 'TS_1', 'TS_2', 'TS_3', 'TS_4', 'WTD', 'WS', 'WD_COS', 'WD_SIN', 'NIGHTLY_NEE_AVG'] 
true_nee_name,  ['NEE'] 

Custom Running on GPU With hidden layer size of 12 Total epochs: 100000 lr: 0.001 patience: 500 min_delta 0.01
SNN_GPP(
  (net): Sequential(
    (0): Linear(in_features=11, out_features=12, bias=True)
    (1): ReLU()
    (2): Linear(in_features=12, out_features=1, bias=True)
    (3): ReLU()
  )
)
SNN_RECO(
  (net): Sequential(
    (0): Linear(in_features=12, out_features=12, bias=True)
    (1): ReLU()
    (2): Linear(in_features=12, out_features=1, bias=True)
    (3): ReLU()
  )
)
Custom will use the Tram vars
Params are min slope: 2e-06, trend window: 100
Epoch     0 | Train Loss: 0.038214 | Val Loss: 0.037661 | Train R²: -0.0595 | Val R²: -0.0579 | NightHrsTrueNEE vs NightHrsModelReco R²: -1.2300 | NightHrsTrueNee vs NightHrsModelNee R²: -2.0400
Epoch   500 | Train Loss: 0.002914 | Val Loss: 0.003162 | Train R²: 0.9192 | Val R²: 0.9112 | NightHrsTrueNEE vs NightHrsModelReco R²: 0.3500 | NightHrsTrueNee vs NightHrsModelNee R²: 0.6000
Epoch  1000 | Train Loss: 0.002452 | Val Loss: 0.002686 | Train R²: 0.9320 | Val R²: 0.9245 | NightHrsTrueNEE vs NightHrsModelReco R²: 0.5700 | NightHrsTrueNee vs NightHrsModelNee R²: 0.6700
Epoch  1500 | Train Loss: 0.002204 | Val Loss: 0.002521 | Train R²: 0.9389 | Val R²: 0.9292 | NightHrsTrueNEE vs NightHrsModelReco R²: 0.6700 | NightHrsTrueNee vs NightHrsModelNee R²: 0.6900
Early stopping at epoch 1701 due to flat/negative trend (slope=0.000002)
Epoch  1701 | Train Loss: 0.002139 | Val Loss: 0.002485 | Train R²: 0.9407 | Val R²: 0.9302
Unpickling models
Following models have been loaded and moved to cuda:
trained gpp model:
 SNN_GPP(
  (net): Sequential(
    (0): Linear(in_features=11, out_features=12, bias=True)
    (1): ReLU()
    (2): Linear(in_features=12, out_features=1, bias=True)
    (3): ReLU()
  )
), trained_reco_model:
 SNN_RECO(
  (net): Sequential(
    (0): Linear(in_features=12, out_features=12, bias=True)
    (1): ReLU()
    (2): Linear(in_features=12, out_features=1, bias=True)
    (3): ReLU()
  )
)
using full data set for visualization
Un-normalizing the GPP and RECO predictions using NEE min: tensor([-25.9645]), NEE max: tensor([17.9512])



Metrics for the Custom, with
GPP inputs: ['SW_IN', 'VPD', 'TA', 'WTD', 'WS', 'PotRad', 'PotRadHalfHourlyDiff', 'PotRadDailyAvg', 'PotRadDailyDiff', 'WD_COS', 'GPP_PROX']
RECO inputs: ['DOY_sin', 'DOY_cos', 'TA', 'TS_1', 'TS_2', 'TS_3', 'TS_4', 'WTD', 'WS', 'WD_COS', 'WD_SIN', 'NIGHTLY_NEE_AVG']:
dt_gpp vs Custom_GPP R²=0.93 RMSE=1.50
nt_gpp vs Custom_GPP R²=0.93 RMSE=1.53
dt_reco vs Custom_RECO R²=0.46 RMSE=1.40
nt_reco vs Custom_RECO R²=0.65 RMSE=0.94
night_hours_true_nee vs Custom_night_hours_model_reco R²=0.72 RMSE=0.79
night_hours_true_nee vs Custom_night_hours_model_nee R²=0.72 RMSE=0.79
dt_gpp vs nt_gpp R²=0.88 RMSE=1.90
dt_reco vs nt_reco R²=0.59 RMSE=1.00

gpp_input_names,  ['SW_IN', 'VPD', 'TA', 'WTD', 'WS', 'PotRad', 'PotRadHalfHourlyDiff', 'PotRadDailyAvg', 'PotRadDailyDiff', 'WD_COS', 'WD_SIN'] 
reco_input_names,  ['DOY_sin', 'DOY_cos', 'TA', 'TS_1', 'TS_2', 'TS_3', 'TS_4', 'WTD', 'WS', 'WD_COS', 'WD_SIN', 'NIGHTLY_NEE_AVG'] 
true_nee_name,  ['NEE'] 

Custom Running on GPU With hidden layer size of 12 Total epochs: 100000 lr: 0.001 patience: 500 min_delta 0.01
SNN_GPP(
  (net): Sequential(
    (0): Linear(in_features=11, out_features=12, bias=True)
    (1): ReLU()
    (2): Linear(in_features=12, out_features=1, bias=True)
    (3): ReLU()
  )
)
SNN_RECO(
  (net): Sequential(
    (0): Linear(in_features=12, out_features=12, bias=True)
    (1): ReLU()
    (2): Linear(in_features=12, out_features=1, bias=True)
    (3): ReLU()
  )
)
Custom will use the Tram vars
Params are min slope: 2e-06, trend window: 100
Epoch     0 | Train Loss: 0.039067 | Val Loss: 0.038577 | Train R²: -0.0832 | Val R²: -0.0837 | NightHrsTrueNEE vs NightHrsModelReco R²: -1.2300 | NightHrsTrueNee vs NightHrsModelNee R²: -2.0800
Epoch   500 | Train Loss: 0.005835 | Val Loss: 0.006301 | Train R²: 0.8382 | Val R²: 0.8230 | NightHrsTrueNEE vs NightHrsModelReco R²: -15.8400 | NightHrsTrueNee vs NightHrsModelNee R²: 0.3600
Epoch  1000 | Train Loss: 0.004246 | Val Loss: 0.004702 | Train R²: 0.8823 | Val R²: 0.8679 | NightHrsTrueNEE vs NightHrsModelReco R²: -9.6100 | NightHrsTrueNee vs NightHrsModelNee R²: 0.5300
Epoch  1500 | Train Loss: 0.003698 | Val Loss: 0.004106 | Train R²: 0.8975 | Val R²: 0.8846 | NightHrsTrueNEE vs NightHrsModelReco R²: -7.4500 | NightHrsTrueNee vs NightHrsModelNee R²: 0.5900
Epoch  2000 | Train Loss: 0.003379 | Val Loss: 0.003871 | Train R²: 0.9063 | Val R²: 0.8913 | NightHrsTrueNEE vs NightHrsModelReco R²: -7.3900 | NightHrsTrueNee vs NightHrsModelNee R²: 0.5900
Epoch  2500 | Train Loss: 0.003226 | Val Loss: 0.003679 | Train R²: 0.9106 | Val R²: 0.8967 | NightHrsTrueNEE vs NightHrsModelReco R²: -5.0100 | NightHrsTrueNee vs NightHrsModelNee R²: 0.5900
Epoch  3000 | Train Loss: 0.003029 | Val Loss: 0.003459 | Train R²: 0.9160 | Val R²: 0.9028 | NightHrsTrueNEE vs NightHrsModelReco R²: -2.0800 | NightHrsTrueNee vs NightHrsModelNee R²: 0.6200
Early stopping at epoch 3209 due to flat/negative trend (slope=0.000002)
Epoch  3209 | Train Loss: 0.002955 | Val Loss: 0.003419 | Train R²: 0.9181 | Val R²: 0.9039
Unpickling models
Following models have been loaded and moved to cuda:
trained gpp model:
 SNN_GPP(
  (net): Sequential(
    (0): Linear(in_features=11, out_features=12, bias=True)
    (1): ReLU()
    (2): Linear(in_features=12, out_features=1, bias=True)
    (3): ReLU()
  )
), trained_reco_model:
 SNN_RECO(
  (net): Sequential(
    (0): Linear(in_features=12, out_features=12, bias=True)
    (1): ReLU()
    (2): Linear(in_features=12, out_features=1, bias=True)
    (3): ReLU()
  )
)
using full data set for visualization
Un-normalizing the GPP and RECO predictions using NEE min: tensor([-25.9645]), NEE max: tensor([17.9512])



Metrics for the Custom, with
GPP inputs: ['SW_IN', 'VPD', 'TA', 'WTD', 'WS', 'PotRad', 'PotRadHalfHourlyDiff', 'PotRadDailyAvg', 'PotRadDailyDiff', 'WD_COS', 'WD_SIN']
RECO inputs: ['DOY_sin', 'DOY_cos', 'TA', 'TS_1', 'TS_2', 'TS_3', 'TS_4', 'WTD', 'WS', 'WD_COS', 'WD_SIN', 'NIGHTLY_NEE_AVG']:
dt_gpp vs Custom_GPP R²=0.67 RMSE=3.18
nt_gpp vs Custom_GPP R²=0.72 RMSE=3.02
dt_reco vs Custom_RECO R²=-1.68 RMSE=3.13
nt_reco vs Custom_RECO R²=-1.88 RMSE=2.69
night_hours_true_nee vs Custom_night_hours_model_reco R²=-2.14 RMSE=0.87
night_hours_true_nee vs Custom_night_hours_model_nee R²=-2.14 RMSE=0.87
dt_gpp vs nt_gpp R²=0.88 RMSE=1.90
dt_reco vs nt_reco R²=0.59 RMSE=1.00

gpp_input_names,  ['SW_IN', 'VPD', 'TA', 'WTD', 'WS', 'PotRad', 'PotRadHalfHourlyDiff', 'PotRadDailyAvg', 'PotRadDailyDiff', 'WD_COS', 'WD_SIN', 'GPP_PROX'] 
reco_input_names,  ['DOY_cos', 'TA', 'TS_1', 'TS_2', 'TS_3', 'TS_4', 'WTD', 'WS', 'WD_COS', 'WD_SIN', 'NIGHTLY_NEE_AVG'] 
true_nee_name,  ['NEE'] 

Custom Running on GPU With hidden layer size of 12 Total epochs: 100000 lr: 0.001 patience: 500 min_delta 0.01
SNN_GPP(
  (net): Sequential(
    (0): Linear(in_features=12, out_features=12, bias=True)
    (1): ReLU()
    (2): Linear(in_features=12, out_features=1, bias=True)
    (3): ReLU()
  )
)
SNN_RECO(
  (net): Sequential(
    (0): Linear(in_features=11, out_features=12, bias=True)
    (1): ReLU()
    (2): Linear(in_features=12, out_features=1, bias=True)
    (3): ReLU()
  )
)
Custom will use the Tram vars
Params are min slope: 2e-06, trend window: 100
Epoch     0 | Train Loss: 0.219121 | Val Loss: 0.208835 | Train R²: -5.0753 | Val R²: -4.8665 | NightHrsTrueNEE vs NightHrsModelReco R²: -8.3300 | NightHrsTrueNee vs NightHrsModelNee R²: -53.3600
Epoch   500 | Train Loss: 0.004905 | Val Loss: 0.005643 | Train R²: 0.8640 | Val R²: 0.8415 | NightHrsTrueNEE vs NightHrsModelReco R²: 0.4000 | NightHrsTrueNee vs NightHrsModelNee R²: 0.3000
Epoch  1000 | Train Loss: 0.003238 | Val Loss: 0.003695 | Train R²: 0.9102 | Val R²: 0.8962 | NightHrsTrueNEE vs NightHrsModelReco R²: 0.6200 | NightHrsTrueNee vs NightHrsModelNee R²: 0.6100
Epoch  1500 | Train Loss: 0.002791 | Val Loss: 0.003191 | Train R²: 0.9226 | Val R²: 0.9103 | NightHrsTrueNEE vs NightHrsModelReco R²: 0.6600 | NightHrsTrueNee vs NightHrsModelNee R²: 0.6500
Epoch  2000 | Train Loss: 0.002499 | Val Loss: 0.002865 | Train R²: 0.9307 | Val R²: 0.9195 | NightHrsTrueNEE vs NightHrsModelReco R²: 0.6900 | NightHrsTrueNee vs NightHrsModelNee R²: 0.6800
Epoch  2500 | Train Loss: 0.002316 | Val Loss: 0.002728 | Train R²: 0.9358 | Val R²: 0.9234 | NightHrsTrueNEE vs NightHrsModelReco R²: 0.7000 | NightHrsTrueNee vs NightHrsModelNee R²: 0.6900
Epoch  3000 | Train Loss: 0.002224 | Val Loss: 0.002648 | Train R²: 0.9383 | Val R²: 0.9256 | NightHrsTrueNEE vs NightHrsModelReco R²: 0.7100 | NightHrsTrueNee vs NightHrsModelNee R²: 0.7000
Epoch  3500 | Train Loss: 0.002167 | Val Loss: 0.002590 | Train R²: 0.9399 | Val R²: 0.9272 | NightHrsTrueNEE vs NightHrsModelReco R²: 0.7100 | NightHrsTrueNee vs NightHrsModelNee R²: 0.7100
Early stopping at epoch 3506 due to flat/negative trend (slope=0.000002)
Epoch  3506 | Train Loss: 0.002167 | Val Loss: 0.002589 | Train R²: 0.9399 | Val R²: 0.9273
Unpickling models
Following models have been loaded and moved to cuda:
trained gpp model:
 SNN_GPP(
  (net): Sequential(
    (0): Linear(in_features=12, out_features=12, bias=True)
    (1): ReLU()
    (2): Linear(in_features=12, out_features=1, bias=True)
    (3): ReLU()
  )
), trained_reco_model:
 SNN_RECO(
  (net): Sequential(
    (0): Linear(in_features=11, out_features=12, bias=True)
    (1): ReLU()
    (2): Linear(in_features=12, out_features=1, bias=True)
    (3): ReLU()
  )
)
using full data set for visualization
Un-normalizing the GPP and RECO predictions using NEE min: tensor([-25.9645]), NEE max: tensor([17.9512])



Metrics for the Custom, with
GPP inputs: ['SW_IN', 'VPD', 'TA', 'WTD', 'WS', 'PotRad', 'PotRadHalfHourlyDiff', 'PotRadDailyAvg', 'PotRadDailyDiff', 'WD_COS', 'WD_SIN', 'GPP_PROX']
RECO inputs: ['DOY_cos', 'TA', 'TS_1', 'TS_2', 'TS_3', 'TS_4', 'WTD', 'WS', 'WD_COS', 'WD_SIN', 'NIGHTLY_NEE_AVG']:
dt_gpp vs Custom_GPP R²=0.92 RMSE=1.56
nt_gpp vs Custom_GPP R²=0.93 RMSE=1.55
dt_reco vs Custom_RECO R²=0.50 RMSE=1.35
nt_reco vs Custom_RECO R²=0.64 RMSE=0.95
night_hours_true_nee vs Custom_night_hours_model_reco R²=0.74 RMSE=0.79
night_hours_true_nee vs Custom_night_hours_model_nee R²=0.74 RMSE=0.79
dt_gpp vs nt_gpp R²=0.88 RMSE=1.90
dt_reco vs nt_reco R²=0.59 RMSE=1.00

gpp_input_names,  ['SW_IN', 'VPD', 'TA', 'WTD', 'WS', 'PotRad', 'PotRadHalfHourlyDiff', 'PotRadDailyAvg', 'PotRadDailyDiff', 'WD_COS', 'WD_SIN', 'GPP_PROX'] 
reco_input_names,  ['DOY_sin', 'TA', 'TS_1', 'TS_2', 'TS_3', 'TS_4', 'WTD', 'WS', 'WD_COS', 'WD_SIN', 'NIGHTLY_NEE_AVG'] 
true_nee_name,  ['NEE'] 

Custom Running on GPU With hidden layer size of 12 Total epochs: 100000 lr: 0.001 patience: 500 min_delta 0.01
SNN_GPP(
  (net): Sequential(
    (0): Linear(in_features=12, out_features=12, bias=True)
    (1): ReLU()
    (2): Linear(in_features=12, out_features=1, bias=True)
    (3): ReLU()
  )
)
SNN_RECO(
  (net): Sequential(
    (0): Linear(in_features=11, out_features=12, bias=True)
    (1): ReLU()
    (2): Linear(in_features=12, out_features=1, bias=True)
    (3): ReLU()
  )
)
Custom will use the Tram vars
Params are min slope: 2e-06, trend window: 100
Epoch     0 | Train Loss: 0.225203 | Val Loss: 0.217106 | Train R²: -5.2439 | Val R²: -5.0988 | NightHrsTrueNEE vs NightHrsModelReco R²: -7.9700 | NightHrsTrueNee vs NightHrsModelNee R²: -55.5300
Epoch   500 | Train Loss: 0.005490 | Val Loss: 0.006178 | Train R²: 0.8478 | Val R²: 0.8265 | NightHrsTrueNEE vs NightHrsModelReco R²: 0.3600 | NightHrsTrueNee vs NightHrsModelNee R²: 0.2000
Epoch  1000 | Train Loss: 0.003549 | Val Loss: 0.004129 | Train R²: 0.9016 | Val R²: 0.8840 | NightHrsTrueNEE vs NightHrsModelReco R²: 0.5200 | NightHrsTrueNee vs NightHrsModelNee R²: 0.4900
Epoch  1500 | Train Loss: 0.002932 | Val Loss: 0.003444 | Train R²: 0.9187 | Val R²: 0.9032 | NightHrsTrueNEE vs NightHrsModelReco R²: 0.5900 | NightHrsTrueNee vs NightHrsModelNee R²: 0.5600
Epoch  2000 | Train Loss: 0.002601 | Val Loss: 0.003051 | Train R²: 0.9279 | Val R²: 0.9143 | NightHrsTrueNEE vs NightHrsModelReco R²: 0.6500 | NightHrsTrueNee vs NightHrsModelNee R²: 0.6300
Epoch  2500 | Train Loss: 0.002395 | Val Loss: 0.002812 | Train R²: 0.9336 | Val R²: 0.9210 | NightHrsTrueNEE vs NightHrsModelReco R²: 0.6800 | NightHrsTrueNee vs NightHrsModelNee R²: 0.6700
Epoch  3000 | Train Loss: 0.002270 | Val Loss: 0.002678 | Train R²: 0.9371 | Val R²: 0.9248 | NightHrsTrueNEE vs NightHrsModelReco R²: 0.7000 | NightHrsTrueNee vs NightHrsModelNee R²: 0.6900
Early stopping at epoch 3304 due to flat/negative trend (slope=0.000002)
Epoch  3304 | Train Loss: 0.002203 | Val Loss: 0.002633 | Train R²: 0.9389 | Val R²: 0.9260
Unpickling models
Following models have been loaded and moved to cuda:
trained gpp model:
 SNN_GPP(
  (net): Sequential(
    (0): Linear(in_features=12, out_features=12, bias=True)
    (1): ReLU()
    (2): Linear(in_features=12, out_features=1, bias=True)
    (3): ReLU()
  )
), trained_reco_model:
 SNN_RECO(
  (net): Sequential(
    (0): Linear(in_features=11, out_features=12, bias=True)
    (1): ReLU()
    (2): Linear(in_features=12, out_features=1, bias=True)
    (3): ReLU()
  )
)
using full data set for visualization
Un-normalizing the GPP and RECO predictions using NEE min: tensor([-25.9645]), NEE max: tensor([17.9512])



Metrics for the Custom, with
GPP inputs: ['SW_IN', 'VPD', 'TA', 'WTD', 'WS', 'PotRad', 'PotRadHalfHourlyDiff', 'PotRadDailyAvg', 'PotRadDailyDiff', 'WD_COS', 'WD_SIN', 'GPP_PROX']
RECO inputs: ['DOY_sin', 'TA', 'TS_1', 'TS_2', 'TS_3', 'TS_4', 'WTD', 'WS', 'WD_COS', 'WD_SIN', 'NIGHTLY_NEE_AVG']:
dt_gpp vs Custom_GPP R²=0.92 RMSE=1.56
nt_gpp vs Custom_GPP R²=0.93 RMSE=1.54
dt_reco vs Custom_RECO R²=0.51 RMSE=1.34
nt_reco vs Custom_RECO R²=0.65 RMSE=0.94
night_hours_true_nee vs Custom_night_hours_model_reco R²=0.74 RMSE=0.79
night_hours_true_nee vs Custom_night_hours_model_nee R²=0.74 RMSE=0.79
dt_gpp vs nt_gpp R²=0.88 RMSE=1.90
dt_reco vs nt_reco R²=0.59 RMSE=1.00

gpp_input_names,  ['SW_IN', 'VPD', 'TA', 'WTD', 'WS', 'PotRad', 'PotRadHalfHourlyDiff', 'PotRadDailyAvg', 'PotRadDailyDiff', 'WD_COS', 'WD_SIN', 'GPP_PROX'] 
reco_input_names,  ['DOY_sin', 'DOY_cos', 'TS_1', 'TS_2', 'TS_3', 'TS_4', 'WTD', 'WS', 'WD_COS', 'WD_SIN', 'NIGHTLY_NEE_AVG'] 
true_nee_name,  ['NEE'] 

Custom Running on GPU With hidden layer size of 12 Total epochs: 100000 lr: 0.001 patience: 500 min_delta 0.01
SNN_GPP(
  (net): Sequential(
    (0): Linear(in_features=12, out_features=12, bias=True)
    (1): ReLU()
    (2): Linear(in_features=12, out_features=1, bias=True)
    (3): ReLU()
  )
)
SNN_RECO(
  (net): Sequential(
    (0): Linear(in_features=11, out_features=12, bias=True)
    (1): ReLU()
    (2): Linear(in_features=12, out_features=1, bias=True)
    (3): ReLU()
  )
)
Custom will use the Tram vars
Params are min slope: 2e-06, trend window: 100
Epoch     0 | Train Loss: 0.210730 | Val Loss: 0.202852 | Train R²: -4.8427 | Val R²: -4.6984 | NightHrsTrueNEE vs NightHrsModelReco R²: -9.9600 | NightHrsTrueNee vs NightHrsModelNee R²: -45.7500
Epoch   500 | Train Loss: 0.005060 | Val Loss: 0.005822 | Train R²: 0.8597 | Val R²: 0.8364 | NightHrsTrueNEE vs NightHrsModelReco R²: 0.4600 | NightHrsTrueNee vs NightHrsModelNee R²: 0.3000
Epoch  1000 | Train Loss: 0.003403 | Val Loss: 0.003938 | Train R²: 0.9056 | Val R²: 0.8894 | NightHrsTrueNEE vs NightHrsModelReco R²: 0.5700 | NightHrsTrueNee vs NightHrsModelNee R²: 0.5400
Epoch  1500 | Train Loss: 0.002872 | Val Loss: 0.003345 | Train R²: 0.9204 | Val R²: 0.9060 | NightHrsTrueNEE vs NightHrsModelReco R²: 0.6100 | NightHrsTrueNee vs NightHrsModelNee R²: 0.5900
Epoch  2000 | Train Loss: 0.002566 | Val Loss: 0.003006 | Train R²: 0.9288 | Val R²: 0.9156 | NightHrsTrueNEE vs NightHrsModelReco R²: 0.6500 | NightHrsTrueNee vs NightHrsModelNee R²: 0.6400
Epoch  2500 | Train Loss: 0.002379 | Val Loss: 0.002811 | Train R²: 0.9340 | Val R²: 0.9210 | NightHrsTrueNEE vs NightHrsModelReco R²: 0.6800 | NightHrsTrueNee vs NightHrsModelNee R²: 0.6700
Epoch  3000 | Train Loss: 0.002270 | Val Loss: 0.002698 | Train R²: 0.9371 | Val R²: 0.9242 | NightHrsTrueNEE vs NightHrsModelReco R²: 0.7000 | NightHrsTrueNee vs NightHrsModelNee R²: 0.6800
Epoch  3500 | Train Loss: 0.002193 | Val Loss: 0.002629 | Train R²: 0.9392 | Val R²: 0.9262 | NightHrsTrueNEE vs NightHrsModelReco R²: 0.7100 | NightHrsTrueNee vs NightHrsModelNee R²: 0.7000
Early stopping at epoch 3865 due to flat/negative trend (slope=0.000002)
Epoch  3865 | Train Loss: 0.002151 | Val Loss: 0.002590 | Train R²: 0.9404 | Val R²: 0.9273
Unpickling models
Following models have been loaded and moved to cuda:
trained gpp model:
 SNN_GPP(
  (net): Sequential(
    (0): Linear(in_features=12, out_features=12, bias=True)
    (1): ReLU()
    (2): Linear(in_features=12, out_features=1, bias=True)
    (3): ReLU()
  )
), trained_reco_model:
 SNN_RECO(
  (net): Sequential(
    (0): Linear(in_features=11, out_features=12, bias=True)
    (1): ReLU()
    (2): Linear(in_features=12, out_features=1, bias=True)
    (3): ReLU()
  )
)
using full data set for visualization
Un-normalizing the GPP and RECO predictions using NEE min: tensor([-25.9645]), NEE max: tensor([17.9512])



Metrics for the Custom, with
GPP inputs: ['SW_IN', 'VPD', 'TA', 'WTD', 'WS', 'PotRad', 'PotRadHalfHourlyDiff', 'PotRadDailyAvg', 'PotRadDailyDiff', 'WD_COS', 'WD_SIN', 'GPP_PROX']
RECO inputs: ['DOY_sin', 'DOY_cos', 'TS_1', 'TS_2', 'TS_3', 'TS_4', 'WTD', 'WS', 'WD_COS', 'WD_SIN', 'NIGHTLY_NEE_AVG']:
dt_gpp vs Custom_GPP R²=0.93 RMSE=1.47
nt_gpp vs Custom_GPP R²=0.94 RMSE=1.46
dt_reco vs Custom_RECO R²=0.57 RMSE=1.25
nt_reco vs Custom_RECO R²=0.74 RMSE=0.81
night_hours_true_nee vs Custom_night_hours_model_reco R²=0.73 RMSE=0.79
night_hours_true_nee vs Custom_night_hours_model_nee R²=0.73 RMSE=0.79
dt_gpp vs nt_gpp R²=0.88 RMSE=1.90
dt_reco vs nt_reco R²=0.59 RMSE=1.00

gpp_input_names,  ['SW_IN', 'VPD', 'TA', 'WTD', 'WS', 'PotRad', 'PotRadHalfHourlyDiff', 'PotRadDailyAvg', 'PotRadDailyDiff', 'WD_COS', 'WD_SIN', 'GPP_PROX'] 
reco_input_names,  ['DOY_sin', 'DOY_cos', 'TA', 'TS_2', 'TS_3', 'TS_4', 'WTD', 'WS', 'WD_COS', 'WD_SIN', 'NIGHTLY_NEE_AVG'] 
true_nee_name,  ['NEE'] 

Custom Running on GPU With hidden layer size of 12 Total epochs: 100000 lr: 0.001 patience: 500 min_delta 0.01
SNN_GPP(
  (net): Sequential(
    (0): Linear(in_features=12, out_features=12, bias=True)
    (1): ReLU()
    (2): Linear(in_features=12, out_features=1, bias=True)
    (3): ReLU()
  )
)
SNN_RECO(
  (net): Sequential(
    (0): Linear(in_features=11, out_features=12, bias=True)
    (1): ReLU()
    (2): Linear(in_features=12, out_features=1, bias=True)
    (3): ReLU()
  )
)
Custom will use the Tram vars
Params are min slope: 2e-06, trend window: 100
Epoch     0 | Train Loss: 0.205489 | Val Loss: 0.197785 | Train R²: -4.6974 | Val R²: -4.5561 | NightHrsTrueNEE vs NightHrsModelReco R²: -9.3800 | NightHrsTrueNee vs NightHrsModelNee R²: -44.2200
Epoch   500 | Train Loss: 0.005201 | Val Loss: 0.006022 | Train R²: 0.8558 | Val R²: 0.8308 | NightHrsTrueNEE vs NightHrsModelReco R²: 0.3800 | NightHrsTrueNee vs NightHrsModelNee R²: 0.2300
Epoch  1000 | Train Loss: 0.003471 | Val Loss: 0.004048 | Train R²: 0.9038 | Val R²: 0.8863 | NightHrsTrueNEE vs NightHrsModelReco R²: 0.5400 | NightHrsTrueNee vs NightHrsModelNee R²: 0.5200
Epoch  1500 | Train Loss: 0.002878 | Val Loss: 0.003409 | Train R²: 0.9202 | Val R²: 0.9042 | NightHrsTrueNEE vs NightHrsModelReco R²: 0.6000 | NightHrsTrueNee vs NightHrsModelNee R²: 0.5800
Epoch  2000 | Train Loss: 0.002554 | Val Loss: 0.003032 | Train R²: 0.9292 | Val R²: 0.9148 | NightHrsTrueNEE vs NightHrsModelReco R²: 0.6400 | NightHrsTrueNee vs NightHrsModelNee R²: 0.6300
Epoch  2500 | Train Loss: 0.002361 | Val Loss: 0.002807 | Train R²: 0.9346 | Val R²: 0.9211 | NightHrsTrueNEE vs NightHrsModelReco R²: 0.6700 | NightHrsTrueNee vs NightHrsModelNee R²: 0.6600
Epoch  3000 | Train Loss: 0.002251 | Val Loss: 0.002675 | Train R²: 0.9376 | Val R²: 0.9249 | NightHrsTrueNEE vs NightHrsModelReco R²: 0.6900 | NightHrsTrueNee vs NightHrsModelNee R²: 0.6900
Epoch  3500 | Train Loss: 0.002181 | Val Loss: 0.002607 | Train R²: 0.9395 | Val R²: 0.9268 | NightHrsTrueNEE vs NightHrsModelReco R²: 0.7000 | NightHrsTrueNee vs NightHrsModelNee R²: 0.6900
Early stopping at epoch 3620 due to flat/negative trend (slope=0.000002)
Epoch  3620 | Train Loss: 0.002166 | Val Loss: 0.002597 | Train R²: 0.9399 | Val R²: 0.9270
Unpickling models
Following models have been loaded and moved to cuda:
trained gpp model:
 SNN_GPP(
  (net): Sequential(
    (0): Linear(in_features=12, out_features=12, bias=True)
    (1): ReLU()
    (2): Linear(in_features=12, out_features=1, bias=True)
    (3): ReLU()
  )
), trained_reco_model:
 SNN_RECO(
  (net): Sequential(
    (0): Linear(in_features=11, out_features=12, bias=True)
    (1): ReLU()
    (2): Linear(in_features=12, out_features=1, bias=True)
    (3): ReLU()
  )
)
using full data set for visualization
Un-normalizing the GPP and RECO predictions using NEE min: tensor([-25.9645]), NEE max: tensor([17.9512])



Metrics for the Custom, with
GPP inputs: ['SW_IN', 'VPD', 'TA', 'WTD', 'WS', 'PotRad', 'PotRadHalfHourlyDiff', 'PotRadDailyAvg', 'PotRadDailyDiff', 'WD_COS', 'WD_SIN', 'GPP_PROX']
RECO inputs: ['DOY_sin', 'DOY_cos', 'TA', 'TS_2', 'TS_3', 'TS_4', 'WTD', 'WS', 'WD_COS', 'WD_SIN', 'NIGHTLY_NEE_AVG']:
dt_gpp vs Custom_GPP R²=0.93 RMSE=1.49
nt_gpp vs Custom_GPP R²=0.93 RMSE=1.52
dt_reco vs Custom_RECO R²=0.55 RMSE=1.29
nt_reco vs Custom_RECO R²=0.68 RMSE=0.90
night_hours_true_nee vs Custom_night_hours_model_reco R²=0.73 RMSE=0.79
night_hours_true_nee vs Custom_night_hours_model_nee R²=0.73 RMSE=0.79
dt_gpp vs nt_gpp R²=0.88 RMSE=1.90
dt_reco vs nt_reco R²=0.59 RMSE=1.00

gpp_input_names,  ['SW_IN', 'VPD', 'TA', 'WTD', 'WS', 'PotRad', 'PotRadHalfHourlyDiff', 'PotRadDailyAvg', 'PotRadDailyDiff', 'WD_COS', 'WD_SIN', 'GPP_PROX'] 
reco_input_names,  ['DOY_sin', 'DOY_cos', 'TA', 'TS_1', 'TS_3', 'TS_4', 'WTD', 'WS', 'WD_COS', 'WD_SIN', 'NIGHTLY_NEE_AVG'] 
true_nee_name,  ['NEE'] 

Custom Running on GPU With hidden layer size of 12 Total epochs: 100000 lr: 0.001 patience: 500 min_delta 0.01
SNN_GPP(
  (net): Sequential(
    (0): Linear(in_features=12, out_features=12, bias=True)
    (1): ReLU()
    (2): Linear(in_features=12, out_features=1, bias=True)
    (3): ReLU()
  )
)
SNN_RECO(
  (net): Sequential(
    (0): Linear(in_features=11, out_features=12, bias=True)
    (1): ReLU()
    (2): Linear(in_features=12, out_features=1, bias=True)
    (3): ReLU()
  )
)
Custom will use the Tram vars
Params are min slope: 2e-06, trend window: 100
Epoch     0 | Train Loss: 0.206643 | Val Loss: 0.198956 | Train R²: -4.7294 | Val R²: -4.5890 | NightHrsTrueNEE vs NightHrsModelReco R²: -9.2400 | NightHrsTrueNee vs NightHrsModelNee R²: -44.6200
Epoch   500 | Train Loss: 0.005234 | Val Loss: 0.006048 | Train R²: 0.8549 | Val R²: 0.8301 | NightHrsTrueNEE vs NightHrsModelReco R²: 0.3700 | NightHrsTrueNee vs NightHrsModelNee R²: 0.2200
Epoch  1000 | Train Loss: 0.003468 | Val Loss: 0.004053 | Train R²: 0.9038 | Val R²: 0.8861 | NightHrsTrueNEE vs NightHrsModelReco R²: 0.5400 | NightHrsTrueNee vs NightHrsModelNee R²: 0.5100
Epoch  1500 | Train Loss: 0.002903 | Val Loss: 0.003424 | Train R²: 0.9195 | Val R²: 0.9038 | NightHrsTrueNEE vs NightHrsModelReco R²: 0.6000 | NightHrsTrueNee vs NightHrsModelNee R²: 0.5800
Epoch  2000 | Train Loss: 0.002544 | Val Loss: 0.003038 | Train R²: 0.9295 | Val R²: 0.9147 | NightHrsTrueNEE vs NightHrsModelReco R²: 0.6400 | NightHrsTrueNee vs NightHrsModelNee R²: 0.6300
Epoch  2500 | Train Loss: 0.002348 | Val Loss: 0.002812 | Train R²: 0.9349 | Val R²: 0.9210 | NightHrsTrueNEE vs NightHrsModelReco R²: 0.6700 | NightHrsTrueNee vs NightHrsModelNee R²: 0.6600
Epoch  3000 | Train Loss: 0.002246 | Val Loss: 0.002688 | Train R²: 0.9377 | Val R²: 0.9245 | NightHrsTrueNEE vs NightHrsModelReco R²: 0.6900 | NightHrsTrueNee vs NightHrsModelNee R²: 0.6800
Epoch  3500 | Train Loss: 0.002172 | Val Loss: 0.002619 | Train R²: 0.9398 | Val R²: 0.9264 | NightHrsTrueNEE vs NightHrsModelReco R²: 0.7000 | NightHrsTrueNee vs NightHrsModelNee R²: 0.6900
Early stopping at epoch 3710 due to flat/negative trend (slope=0.000002)
Epoch  3710 | Train Loss: 0.002150 | Val Loss: 0.002601 | Train R²: 0.9404 | Val R²: 0.9269
Unpickling models
Following models have been loaded and moved to cuda:
trained gpp model:
 SNN_GPP(
  (net): Sequential(
    (0): Linear(in_features=12, out_features=12, bias=True)
    (1): ReLU()
    (2): Linear(in_features=12, out_features=1, bias=True)
    (3): ReLU()
  )
), trained_reco_model:
 SNN_RECO(
  (net): Sequential(
    (0): Linear(in_features=11, out_features=12, bias=True)
    (1): ReLU()
    (2): Linear(in_features=12, out_features=1, bias=True)
    (3): ReLU()
  )
)
using full data set for visualization
Un-normalizing the GPP and RECO predictions using NEE min: tensor([-25.9645]), NEE max: tensor([17.9512])



Metrics for the Custom, with
GPP inputs: ['SW_IN', 'VPD', 'TA', 'WTD', 'WS', 'PotRad', 'PotRadHalfHourlyDiff', 'PotRadDailyAvg', 'PotRadDailyDiff', 'WD_COS', 'WD_SIN', 'GPP_PROX']
RECO inputs: ['DOY_sin', 'DOY_cos', 'TA', 'TS_1', 'TS_3', 'TS_4', 'WTD', 'WS', 'WD_COS', 'WD_SIN', 'NIGHTLY_NEE_AVG']:
dt_gpp vs Custom_GPP R²=0.93 RMSE=1.47
nt_gpp vs Custom_GPP R²=0.93 RMSE=1.51
dt_reco vs Custom_RECO R²=0.56 RMSE=1.27
nt_reco vs Custom_RECO R²=0.68 RMSE=0.90
night_hours_true_nee vs Custom_night_hours_model_reco R²=0.73 RMSE=0.79
night_hours_true_nee vs Custom_night_hours_model_nee R²=0.73 RMSE=0.79
dt_gpp vs nt_gpp R²=0.88 RMSE=1.90
dt_reco vs nt_reco R²=0.59 RMSE=1.00

gpp_input_names,  ['SW_IN', 'VPD', 'TA', 'WTD', 'WS', 'PotRad', 'PotRadHalfHourlyDiff', 'PotRadDailyAvg', 'PotRadDailyDiff', 'WD_COS', 'WD_SIN', 'GPP_PROX'] 
reco_input_names,  ['DOY_sin', 'DOY_cos', 'TA', 'TS_1', 'TS_2', 'TS_4', 'WTD', 'WS', 'WD_COS', 'WD_SIN', 'NIGHTLY_NEE_AVG'] 
true_nee_name,  ['NEE'] 

Custom Running on GPU With hidden layer size of 12 Total epochs: 100000 lr: 0.001 patience: 500 min_delta 0.01
SNN_GPP(
  (net): Sequential(
    (0): Linear(in_features=12, out_features=12, bias=True)
    (1): ReLU()
    (2): Linear(in_features=12, out_features=1, bias=True)
    (3): ReLU()
  )
)
SNN_RECO(
  (net): Sequential(
    (0): Linear(in_features=11, out_features=12, bias=True)
    (1): ReLU()
    (2): Linear(in_features=12, out_features=1, bias=True)
    (3): ReLU()
  )
)
Custom will use the Tram vars
Params are min slope: 2e-06, trend window: 100
Epoch     0 | Train Loss: 0.210434 | Val Loss: 0.202108 | Train R²: -4.8344 | Val R²: -4.6775 | NightHrsTrueNEE vs NightHrsModelReco R²: -8.4800 | NightHrsTrueNee vs NightHrsModelNee R²: -46.2100
Epoch   500 | Train Loss: 0.005432 | Val Loss: 0.006210 | Train R²: 0.8494 | Val R²: 0.8256 | NightHrsTrueNEE vs NightHrsModelReco R²: 0.3300 | NightHrsTrueNee vs NightHrsModelNee R²: 0.2000
Epoch  1000 | Train Loss: 0.003478 | Val Loss: 0.004102 | Train R²: 0.9036 | Val R²: 0.8848 | NightHrsTrueNEE vs NightHrsModelReco R²: 0.5200 | NightHrsTrueNee vs NightHrsModelNee R²: 0.5000
Epoch  1500 | Train Loss: 0.002892 | Val Loss: 0.003433 | Train R²: 0.9198 | Val R²: 0.9036 | NightHrsTrueNEE vs NightHrsModelReco R²: 0.5900 | NightHrsTrueNee vs NightHrsModelNee R²: 0.5700
Epoch  2000 | Train Loss: 0.002558 | Val Loss: 0.003048 | Train R²: 0.9291 | Val R²: 0.9144 | NightHrsTrueNEE vs NightHrsModelReco R²: 0.6200 | NightHrsTrueNee vs NightHrsModelNee R²: 0.6100
Epoch  2500 | Train Loss: 0.002379 | Val Loss: 0.002845 | Train R²: 0.9340 | Val R²: 0.9201 | NightHrsTrueNEE vs NightHrsModelReco R²: 0.6400 | NightHrsTrueNee vs NightHrsModelNee R²: 0.6300
Epoch  3000 | Train Loss: 0.002268 | Val Loss: 0.002710 | Train R²: 0.9371 | Val R²: 0.9239 | NightHrsTrueNEE vs NightHrsModelReco R²: 0.6600 | NightHrsTrueNee vs NightHrsModelNee R²: 0.6600
Epoch  3500 | Train Loss: 0.002203 | Val Loss: 0.002650 | Train R²: 0.9389 | Val R²: 0.9256 | NightHrsTrueNEE vs NightHrsModelReco R²: 0.6700 | NightHrsTrueNee vs NightHrsModelNee R²: 0.6600
Epoch  4000 | Train Loss: 0.002141 | Val Loss: 0.002563 | Train R²: 0.9406 | Val R²: 0.9280 | NightHrsTrueNEE vs NightHrsModelReco R²: 0.6900 | NightHrsTrueNee vs NightHrsModelNee R²: 0.6800
Early stopping at epoch 4101 due to flat/negative trend (slope=0.000002)
Epoch  4101 | Train Loss: 0.002129 | Val Loss: 0.002555 | Train R²: 0.9410 | Val R²: 0.9282
Unpickling models
Following models have been loaded and moved to cuda:
trained gpp model:
 SNN_GPP(
  (net): Sequential(
    (0): Linear(in_features=12, out_features=12, bias=True)
    (1): ReLU()
    (2): Linear(in_features=12, out_features=1, bias=True)
    (3): ReLU()
  )
), trained_reco_model:
 SNN_RECO(
  (net): Sequential(
    (0): Linear(in_features=11, out_features=12, bias=True)
    (1): ReLU()
    (2): Linear(in_features=12, out_features=1, bias=True)
    (3): ReLU()
  )
)
using full data set for visualization
Un-normalizing the GPP and RECO predictions using NEE min: tensor([-25.9645]), NEE max: tensor([17.9512])



Metrics for the Custom, with
GPP inputs: ['SW_IN', 'VPD', 'TA', 'WTD', 'WS', 'PotRad', 'PotRadHalfHourlyDiff', 'PotRadDailyAvg', 'PotRadDailyDiff', 'WD_COS', 'WD_SIN', 'GPP_PROX']
RECO inputs: ['DOY_sin', 'DOY_cos', 'TA', 'TS_1', 'TS_2', 'TS_4', 'WTD', 'WS', 'WD_COS', 'WD_SIN', 'NIGHTLY_NEE_AVG']:
dt_gpp vs Custom_GPP R²=0.93 RMSE=1.49
nt_gpp vs Custom_GPP R²=0.93 RMSE=1.54
dt_reco vs Custom_RECO R²=0.54 RMSE=1.30
nt_reco vs Custom_RECO R²=0.64 RMSE=0.95
night_hours_true_nee vs Custom_night_hours_model_reco R²=0.73 RMSE=0.80
night_hours_true_nee vs Custom_night_hours_model_nee R²=0.73 RMSE=0.80
dt_gpp vs nt_gpp R²=0.88 RMSE=1.90
dt_reco vs nt_reco R²=0.59 RMSE=1.00

gpp_input_names,  ['SW_IN', 'VPD', 'TA', 'WTD', 'WS', 'PotRad', 'PotRadHalfHourlyDiff', 'PotRadDailyAvg', 'PotRadDailyDiff', 'WD_COS', 'WD_SIN', 'GPP_PROX'] 
reco_input_names,  ['DOY_sin', 'DOY_cos', 'TA', 'TS_1', 'TS_2', 'TS_3', 'WTD', 'WS', 'WD_COS', 'WD_SIN', 'NIGHTLY_NEE_AVG'] 
true_nee_name,  ['NEE'] 

Custom Running on GPU With hidden layer size of 12 Total epochs: 100000 lr: 0.001 patience: 500 min_delta 0.01
SNN_GPP(
  (net): Sequential(
    (0): Linear(in_features=12, out_features=12, bias=True)
    (1): ReLU()
    (2): Linear(in_features=12, out_features=1, bias=True)
    (3): ReLU()
  )
)
SNN_RECO(
  (net): Sequential(
    (0): Linear(in_features=11, out_features=12, bias=True)
    (1): ReLU()
    (2): Linear(in_features=12, out_features=1, bias=True)
    (3): ReLU()
  )
)
Custom will use the Tram vars
Params are min slope: 2e-06, trend window: 100
Epoch     0 | Train Loss: 0.210825 | Val Loss: 0.202600 | Train R²: -4.8453 | Val R²: -4.6913 | NightHrsTrueNEE vs NightHrsModelReco R²: -8.5600 | NightHrsTrueNee vs NightHrsModelNee R²: -46.3100
Epoch   500 | Train Loss: 0.005396 | Val Loss: 0.006144 | Train R²: 0.8504 | Val R²: 0.8274 | NightHrsTrueNEE vs NightHrsModelReco R²: 0.3000 | NightHrsTrueNee vs NightHrsModelNee R²: 0.1900
Epoch  1000 | Train Loss: 0.003559 | Val Loss: 0.004142 | Train R²: 0.9013 | Val R²: 0.8837 | NightHrsTrueNEE vs NightHrsModelReco R²: 0.5100 | NightHrsTrueNee vs NightHrsModelNee R²: 0.4900
Epoch  1500 | Train Loss: 0.002923 | Val Loss: 0.003450 | Train R²: 0.9190 | Val R²: 0.9031 | NightHrsTrueNEE vs NightHrsModelReco R²: 0.6000 | NightHrsTrueNee vs NightHrsModelNee R²: 0.5900
Epoch  2000 | Train Loss: 0.002568 | Val Loss: 0.003060 | Train R²: 0.9288 | Val R²: 0.9140 | NightHrsTrueNEE vs NightHrsModelReco R²: 0.6500 | NightHrsTrueNee vs NightHrsModelNee R²: 0.6400
Epoch  2500 | Train Loss: 0.002378 | Val Loss: 0.002841 | Train R²: 0.9341 | Val R²: 0.9202 | NightHrsTrueNEE vs NightHrsModelReco R²: 0.6700 | NightHrsTrueNee vs NightHrsModelNee R²: 0.6600
Epoch  3000 | Train Loss: 0.002278 | Val Loss: 0.002725 | Train R²: 0.9368 | Val R²: 0.9234 | NightHrsTrueNEE vs NightHrsModelReco R²: 0.6800 | NightHrsTrueNee vs NightHrsModelNee R²: 0.6800
Epoch  3500 | Train Loss: 0.002223 | Val Loss: 0.002646 | Train R²: 0.9384 | Val R²: 0.9257 | NightHrsTrueNEE vs NightHrsModelReco R²: 0.6900 | NightHrsTrueNee vs NightHrsModelNee R²: 0.6900
Early stopping at epoch 3795 due to flat/negative trend (slope=0.000002)
Epoch  3795 | Train Loss: 0.002197 | Val Loss: 0.002616 | Train R²: 0.9391 | Val R²: 0.9265
Unpickling models
Following models have been loaded and moved to cuda:
trained gpp model:
 SNN_GPP(
  (net): Sequential(
    (0): Linear(in_features=12, out_features=12, bias=True)
    (1): ReLU()
    (2): Linear(in_features=12, out_features=1, bias=True)
    (3): ReLU()
  )
), trained_reco_model:
 SNN_RECO(
  (net): Sequential(
    (0): Linear(in_features=11, out_features=12, bias=True)
    (1): ReLU()
    (2): Linear(in_features=12, out_features=1, bias=True)
    (3): ReLU()
  )
)
using full data set for visualization
Un-normalizing the GPP and RECO predictions using NEE min: tensor([-25.9645]), NEE max: tensor([17.9512])



Metrics for the Custom, with
GPP inputs: ['SW_IN', 'VPD', 'TA', 'WTD', 'WS', 'PotRad', 'PotRadHalfHourlyDiff', 'PotRadDailyAvg', 'PotRadDailyDiff', 'WD_COS', 'WD_SIN', 'GPP_PROX']
RECO inputs: ['DOY_sin', 'DOY_cos', 'TA', 'TS_1', 'TS_2', 'TS_3', 'WTD', 'WS', 'WD_COS', 'WD_SIN', 'NIGHTLY_NEE_AVG']:
dt_gpp vs Custom_GPP R²=0.92 RMSE=1.51
nt_gpp vs Custom_GPP R²=0.93 RMSE=1.57
dt_reco vs Custom_RECO R²=0.51 RMSE=1.34
nt_reco vs Custom_RECO R²=0.62 RMSE=0.97
night_hours_true_nee vs Custom_night_hours_model_reco R²=0.73 RMSE=0.80
night_hours_true_nee vs Custom_night_hours_model_nee R²=0.73 RMSE=0.80
dt_gpp vs nt_gpp R²=0.88 RMSE=1.90
dt_reco vs nt_reco R²=0.59 RMSE=1.00

gpp_input_names,  ['SW_IN', 'VPD', 'TA', 'WTD', 'WS', 'PotRad', 'PotRadHalfHourlyDiff', 'PotRadDailyAvg', 'PotRadDailyDiff', 'WD_COS', 'WD_SIN', 'GPP_PROX'] 
reco_input_names,  ['DOY_sin', 'DOY_cos', 'TA', 'TS_1', 'TS_2', 'TS_3', 'TS_4', 'WS', 'WD_COS', 'WD_SIN', 'NIGHTLY_NEE_AVG'] 
true_nee_name,  ['NEE'] 

Custom Running on GPU With hidden layer size of 12 Total epochs: 100000 lr: 0.001 patience: 500 min_delta 0.01
SNN_GPP(
  (net): Sequential(
    (0): Linear(in_features=12, out_features=12, bias=True)
    (1): ReLU()
    (2): Linear(in_features=12, out_features=1, bias=True)
    (3): ReLU()
  )
)
SNN_RECO(
  (net): Sequential(
    (0): Linear(in_features=11, out_features=12, bias=True)
    (1): ReLU()
    (2): Linear(in_features=12, out_features=1, bias=True)
    (3): ReLU()
  )
)
Custom will use the Tram vars
Params are min slope: 2e-06, trend window: 100
Epoch     0 | Train Loss: 0.218210 | Val Loss: 0.208272 | Train R²: -5.0500 | Val R²: -4.8507 | NightHrsTrueNEE vs NightHrsModelReco R²: -4.9800 | NightHrsTrueNee vs NightHrsModelNee R²: -55.1100
Epoch   500 | Train Loss: 0.005351 | Val Loss: 0.006144 | Train R²: 0.8516 | Val R²: 0.8274 | NightHrsTrueNEE vs NightHrsModelReco R²: 0.3000 | NightHrsTrueNee vs NightHrsModelNee R²: 0.2000
Epoch  1000 | Train Loss: 0.003406 | Val Loss: 0.003967 | Train R²: 0.9056 | Val R²: 0.8886 | NightHrsTrueNEE vs NightHrsModelReco R²: 0.5500 | NightHrsTrueNee vs NightHrsModelNee R²: 0.5300
Epoch  1500 | Train Loss: 0.002874 | Val Loss: 0.003337 | Train R²: 0.9203 | Val R²: 0.9062 | NightHrsTrueNEE vs NightHrsModelReco R²: 0.6100 | NightHrsTrueNee vs NightHrsModelNee R²: 0.6000
Epoch  2000 | Train Loss: 0.002568 | Val Loss: 0.002983 | Train R²: 0.9288 | Val R²: 0.9162 | NightHrsTrueNEE vs NightHrsModelReco R²: 0.6500 | NightHrsTrueNee vs NightHrsModelNee R²: 0.6300
Epoch  2500 | Train Loss: 0.002375 | Val Loss: 0.002794 | Train R²: 0.9342 | Val R²: 0.9215 | NightHrsTrueNEE vs NightHrsModelReco R²: 0.6800 | NightHrsTrueNee vs NightHrsModelNee R²: 0.6700
Epoch  3000 | Train Loss: 0.002276 | Val Loss: 0.002695 | Train R²: 0.9369 | Val R²: 0.9243 | NightHrsTrueNEE vs NightHrsModelReco R²: 0.7000 | NightHrsTrueNee vs NightHrsModelNee R²: 0.6900
Epoch  3500 | Train Loss: 0.002209 | Val Loss: 0.002602 | Train R²: 0.9388 | Val R²: 0.9269 | NightHrsTrueNEE vs NightHrsModelReco R²: 0.7100 | NightHrsTrueNee vs NightHrsModelNee R²: 0.7000
Epoch  4000 | Train Loss: 0.002142 | Val Loss: 0.002503 | Train R²: 0.9406 | Val R²: 0.9297 | NightHrsTrueNEE vs NightHrsModelReco R²: 0.7200 | NightHrsTrueNee vs NightHrsModelNee R²: 0.7200
Early stopping at epoch 4373 due to flat/negative trend (slope=0.000002)
Epoch  4373 | Train Loss: 0.002106 | Val Loss: 0.002448 | Train R²: 0.9416 | Val R²: 0.9312
Unpickling models
Following models have been loaded and moved to cuda:
trained gpp model:
 SNN_GPP(
  (net): Sequential(
    (0): Linear(in_features=12, out_features=12, bias=True)
    (1): ReLU()
    (2): Linear(in_features=12, out_features=1, bias=True)
    (3): ReLU()
  )
), trained_reco_model:
 SNN_RECO(
  (net): Sequential(
    (0): Linear(in_features=11, out_features=12, bias=True)
    (1): ReLU()
    (2): Linear(in_features=12, out_features=1, bias=True)
    (3): ReLU()
  )
)
using full data set for visualization
Un-normalizing the GPP and RECO predictions using NEE min: tensor([-25.9645]), NEE max: tensor([17.9512])



Metrics for the Custom, with
GPP inputs: ['SW_IN', 'VPD', 'TA', 'WTD', 'WS', 'PotRad', 'PotRadHalfHourlyDiff', 'PotRadDailyAvg', 'PotRadDailyDiff', 'WD_COS', 'WD_SIN', 'GPP_PROX']
RECO inputs: ['DOY_sin', 'DOY_cos', 'TA', 'TS_1', 'TS_2', 'TS_3', 'TS_4', 'WS', 'WD_COS', 'WD_SIN', 'NIGHTLY_NEE_AVG']:
dt_gpp vs Custom_GPP R²=0.92 RMSE=1.54
nt_gpp vs Custom_GPP R²=0.93 RMSE=1.56
dt_reco vs Custom_RECO R²=0.50 RMSE=1.35
nt_reco vs Custom_RECO R²=0.62 RMSE=0.98
night_hours_true_nee vs Custom_night_hours_model_reco R²=0.75 RMSE=0.78
night_hours_true_nee vs Custom_night_hours_model_nee R²=0.75 RMSE=0.78
dt_gpp vs nt_gpp R²=0.88 RMSE=1.90
dt_reco vs nt_reco R²=0.59 RMSE=1.00

gpp_input_names,  ['SW_IN', 'VPD', 'TA', 'WTD', 'WS', 'PotRad', 'PotRadHalfHourlyDiff', 'PotRadDailyAvg', 'PotRadDailyDiff', 'WD_COS', 'WD_SIN', 'GPP_PROX'] 
reco_input_names,  ['DOY_sin', 'DOY_cos', 'TA', 'TS_1', 'TS_2', 'TS_3', 'TS_4', 'WTD', 'WD_COS', 'WD_SIN', 'NIGHTLY_NEE_AVG'] 
true_nee_name,  ['NEE'] 

Custom Running on GPU With hidden layer size of 12 Total epochs: 100000 lr: 0.001 patience: 500 min_delta 0.01
SNN_GPP(
  (net): Sequential(
    (0): Linear(in_features=12, out_features=12, bias=True)
    (1): ReLU()
    (2): Linear(in_features=12, out_features=1, bias=True)
    (3): ReLU()
  )
)
SNN_RECO(
  (net): Sequential(
    (0): Linear(in_features=11, out_features=12, bias=True)
    (1): ReLU()
    (2): Linear(in_features=12, out_features=1, bias=True)
    (3): ReLU()
  )
)
Custom will use the Tram vars
Params are min slope: 2e-06, trend window: 100
Epoch     0 | Train Loss: 0.221733 | Val Loss: 0.212602 | Train R²: -5.1477 | Val R²: -4.9723 | NightHrsTrueNEE vs NightHrsModelReco R²: -6.3300 | NightHrsTrueNee vs NightHrsModelNee R²: -54.3000
Epoch   500 | Train Loss: 0.004948 | Val Loss: 0.005697 | Train R²: 0.8628 | Val R²: 0.8400 | NightHrsTrueNEE vs NightHrsModelReco R²: 0.3900 | NightHrsTrueNee vs NightHrsModelNee R²: 0.2800
Epoch  1000 | Train Loss: 0.003292 | Val Loss: 0.003803 | Train R²: 0.9087 | Val R²: 0.8932 | NightHrsTrueNEE vs NightHrsModelReco R²: 0.5600 | NightHrsTrueNee vs NightHrsModelNee R²: 0.5400
Epoch  1500 | Train Loss: 0.002854 | Val Loss: 0.003279 | Train R²: 0.9209 | Val R²: 0.9079 | NightHrsTrueNEE vs NightHrsModelReco R²: 0.6100 | NightHrsTrueNee vs NightHrsModelNee R²: 0.6000
Epoch  2000 | Train Loss: 0.002550 | Val Loss: 0.002978 | Train R²: 0.9293 | Val R²: 0.9163 | NightHrsTrueNEE vs NightHrsModelReco R²: 0.6500 | NightHrsTrueNee vs NightHrsModelNee R²: 0.6400
Epoch  2500 | Train Loss: 0.002359 | Val Loss: 0.002802 | Train R²: 0.9346 | Val R²: 0.9213 | NightHrsTrueNEE vs NightHrsModelReco R²: 0.6900 | NightHrsTrueNee vs NightHrsModelNee R²: 0.6800
Epoch  3000 | Train Loss: 0.002261 | Val Loss: 0.002705 | Train R²: 0.9373 | Val R²: 0.9240 | NightHrsTrueNEE vs NightHrsModelReco R²: 0.7000 | NightHrsTrueNee vs NightHrsModelNee R²: 0.6900
Epoch  3500 | Train Loss: 0.002196 | Val Loss: 0.002622 | Train R²: 0.9391 | Val R²: 0.9264 | NightHrsTrueNEE vs NightHrsModelReco R²: 0.7000 | NightHrsTrueNee vs NightHrsModelNee R²: 0.6900
Epoch  4000 | Train Loss: 0.002129 | Val Loss: 0.002544 | Train R²: 0.9410 | Val R²: 0.9285 | NightHrsTrueNEE vs NightHrsModelReco R²: 0.7100 | NightHrsTrueNee vs NightHrsModelNee R²: 0.7000
Epoch  4500 | Train Loss: 0.002066 | Val Loss: 0.002464 | Train R²: 0.9427 | Val R²: 0.9308 | NightHrsTrueNEE vs NightHrsModelReco R²: 0.7100 | NightHrsTrueNee vs NightHrsModelNee R²: 0.7100
Epoch  5000 | Train Loss: 0.001988 | Val Loss: 0.002383 | Train R²: 0.9449 | Val R²: 0.9331 | NightHrsTrueNEE vs NightHrsModelReco R²: 0.7200 | NightHrsTrueNee vs NightHrsModelNee R²: 0.7200
Early stopping at epoch 5042 due to flat/negative trend (slope=0.000002)
Epoch  5042 | Train Loss: 0.001982 | Val Loss: 0.002380 | Train R²: 0.9450 | Val R²: 0.9332
Unpickling models
Following models have been loaded and moved to cuda:
trained gpp model:
 SNN_GPP(
  (net): Sequential(
    (0): Linear(in_features=12, out_features=12, bias=True)
    (1): ReLU()
    (2): Linear(in_features=12, out_features=1, bias=True)
    (3): ReLU()
  )
), trained_reco_model:
 SNN_RECO(
  (net): Sequential(
    (0): Linear(in_features=11, out_features=12, bias=True)
    (1): ReLU()
    (2): Linear(in_features=12, out_features=1, bias=True)
    (3): ReLU()
  )
)
using full data set for visualization
Un-normalizing the GPP and RECO predictions using NEE min: tensor([-25.9645]), NEE max: tensor([17.9512])



Metrics for the Custom, with
GPP inputs: ['SW_IN', 'VPD', 'TA', 'WTD', 'WS', 'PotRad', 'PotRadHalfHourlyDiff', 'PotRadDailyAvg', 'PotRadDailyDiff', 'WD_COS', 'WD_SIN', 'GPP_PROX']
RECO inputs: ['DOY_sin', 'DOY_cos', 'TA', 'TS_1', 'TS_2', 'TS_3', 'TS_4', 'WTD', 'WD_COS', 'WD_SIN', 'NIGHTLY_NEE_AVG']:
dt_gpp vs Custom_GPP R²=0.93 RMSE=1.50
nt_gpp vs Custom_GPP R²=0.93 RMSE=1.49
dt_reco vs Custom_RECO R²=0.54 RMSE=1.29
nt_reco vs Custom_RECO R²=0.69 RMSE=0.89
night_hours_true_nee vs Custom_night_hours_model_reco R²=0.75 RMSE=0.77
night_hours_true_nee vs Custom_night_hours_model_nee R²=0.75 RMSE=0.77
dt_gpp vs nt_gpp R²=0.88 RMSE=1.90
dt_reco vs nt_reco R²=0.59 RMSE=1.00

gpp_input_names,  ['SW_IN', 'VPD', 'TA', 'WTD', 'WS', 'PotRad', 'PotRadHalfHourlyDiff', 'PotRadDailyAvg', 'PotRadDailyDiff', 'WD_COS', 'WD_SIN', 'GPP_PROX'] 
reco_input_names,  ['DOY_sin', 'DOY_cos', 'TA', 'TS_1', 'TS_2', 'TS_3', 'TS_4', 'WTD', 'WS', 'WD_SIN', 'NIGHTLY_NEE_AVG'] 
true_nee_name,  ['NEE'] 

Custom Running on GPU With hidden layer size of 12 Total epochs: 100000 lr: 0.001 patience: 500 min_delta 0.01
SNN_GPP(
  (net): Sequential(
    (0): Linear(in_features=12, out_features=12, bias=True)
    (1): ReLU()
    (2): Linear(in_features=12, out_features=1, bias=True)
    (3): ReLU()
  )
)
SNN_RECO(
  (net): Sequential(
    (0): Linear(in_features=11, out_features=12, bias=True)
    (1): ReLU()
    (2): Linear(in_features=12, out_features=1, bias=True)
    (3): ReLU()
  )
)
Custom will use the Tram vars
Params are min slope: 2e-06, trend window: 100
Epoch     0 | Train Loss: 0.223461 | Val Loss: 0.213505 | Train R²: -5.1956 | Val R²: -4.9977 | NightHrsTrueNEE vs NightHrsModelReco R²: -5.5700 | NightHrsTrueNee vs NightHrsModelNee R²: -55.8800
Epoch   500 | Train Loss: 0.005420 | Val Loss: 0.006123 | Train R²: 0.8497 | Val R²: 0.8280 | NightHrsTrueNEE vs NightHrsModelReco R²: 0.3500 | NightHrsTrueNee vs NightHrsModelNee R²: 0.2400
Epoch  1000 | Train Loss: 0.003472 | Val Loss: 0.003922 | Train R²: 0.9037 | Val R²: 0.8898 | NightHrsTrueNEE vs NightHrsModelReco R²: 0.5900 | NightHrsTrueNee vs NightHrsModelNee R²: 0.5600
Epoch  1500 | Train Loss: 0.002856 | Val Loss: 0.003302 | Train R²: 0.9208 | Val R²: 0.9072 | NightHrsTrueNEE vs NightHrsModelReco R²: 0.6700 | NightHrsTrueNee vs NightHrsModelNee R²: 0.6500
Epoch  2000 | Train Loss: 0.002523 | Val Loss: 0.002921 | Train R²: 0.9301 | Val R²: 0.9180 | NightHrsTrueNEE vs NightHrsModelReco R²: 0.7000 | NightHrsTrueNee vs NightHrsModelNee R²: 0.6900
Epoch  2500 | Train Loss: 0.002344 | Val Loss: 0.002730 | Train R²: 0.9350 | Val R²: 0.9233 | NightHrsTrueNEE vs NightHrsModelReco R²: 0.7200 | NightHrsTrueNee vs NightHrsModelNee R²: 0.7100
Epoch  3000 | Train Loss: 0.002276 | Val Loss: 0.002664 | Train R²: 0.9369 | Val R²: 0.9252 | NightHrsTrueNEE vs NightHrsModelReco R²: 0.7200 | NightHrsTrueNee vs NightHrsModelNee R²: 0.7100
Early stopping at epoch 3269 due to flat/negative trend (slope=0.000002)
Epoch  3269 | Train Loss: 0.002243 | Val Loss: 0.002639 | Train R²: 0.9378 | Val R²: 0.9259
Unpickling models
Following models have been loaded and moved to cuda:
trained gpp model:
 SNN_GPP(
  (net): Sequential(
    (0): Linear(in_features=12, out_features=12, bias=True)
    (1): ReLU()
    (2): Linear(in_features=12, out_features=1, bias=True)
    (3): ReLU()
  )
), trained_reco_model:
 SNN_RECO(
  (net): Sequential(
    (0): Linear(in_features=11, out_features=12, bias=True)
    (1): ReLU()
    (2): Linear(in_features=12, out_features=1, bias=True)
    (3): ReLU()
  )
)
using full data set for visualization
Un-normalizing the GPP and RECO predictions using NEE min: tensor([-25.9645]), NEE max: tensor([17.9512])



Metrics for the Custom, with
GPP inputs: ['SW_IN', 'VPD', 'TA', 'WTD', 'WS', 'PotRad', 'PotRadHalfHourlyDiff', 'PotRadDailyAvg', 'PotRadDailyDiff', 'WD_COS', 'WD_SIN', 'GPP_PROX']
RECO inputs: ['DOY_sin', 'DOY_cos', 'TA', 'TS_1', 'TS_2', 'TS_3', 'TS_4', 'WTD', 'WS', 'WD_SIN', 'NIGHTLY_NEE_AVG']:
dt_gpp vs Custom_GPP R²=0.92 RMSE=1.54
nt_gpp vs Custom_GPP R²=0.93 RMSE=1.56
dt_reco vs Custom_RECO R²=0.52 RMSE=1.33
nt_reco vs Custom_RECO R²=0.65 RMSE=0.94
night_hours_true_nee vs Custom_night_hours_model_reco R²=0.74 RMSE=0.79
night_hours_true_nee vs Custom_night_hours_model_nee R²=0.74 RMSE=0.79
dt_gpp vs nt_gpp R²=0.88 RMSE=1.90
dt_reco vs nt_reco R²=0.59 RMSE=1.00

gpp_input_names,  ['SW_IN', 'VPD', 'TA', 'WTD', 'WS', 'PotRad', 'PotRadHalfHourlyDiff', 'PotRadDailyAvg', 'PotRadDailyDiff', 'WD_COS', 'WD_SIN', 'GPP_PROX'] 
reco_input_names,  ['DOY_sin', 'DOY_cos', 'TA', 'TS_1', 'TS_2', 'TS_3', 'TS_4', 'WTD', 'WS', 'WD_COS', 'NIGHTLY_NEE_AVG'] 
true_nee_name,  ['NEE'] 

Custom Running on GPU With hidden layer size of 12 Total epochs: 100000 lr: 0.001 patience: 500 min_delta 0.01
SNN_GPP(
  (net): Sequential(
    (0): Linear(in_features=12, out_features=12, bias=True)
    (1): ReLU()
    (2): Linear(in_features=12, out_features=1, bias=True)
    (3): ReLU()
  )
)
SNN_RECO(
  (net): Sequential(
    (0): Linear(in_features=11, out_features=12, bias=True)
    (1): ReLU()
    (2): Linear(in_features=12, out_features=1, bias=True)
    (3): ReLU()
  )
)
Custom will use the Tram vars
Params are min slope: 2e-06, trend window: 100
Epoch     0 | Train Loss: 0.170466 | Val Loss: 0.162778 | Train R²: -3.7263 | Val R²: -3.5727 | NightHrsTrueNEE vs NightHrsModelReco R²: -9.3100 | NightHrsTrueNee vs NightHrsModelNee R²: -43.9700
Epoch   500 | Train Loss: 0.004721 | Val Loss: 0.005257 | Train R²: 0.8691 | Val R²: 0.8523 | NightHrsTrueNEE vs NightHrsModelReco R²: 0.4700 | NightHrsTrueNee vs NightHrsModelNee R²: 0.3200
Epoch  1000 | Train Loss: 0.003200 | Val Loss: 0.003602 | Train R²: 0.9113 | Val R²: 0.8988 | NightHrsTrueNEE vs NightHrsModelReco R²: 0.6500 | NightHrsTrueNee vs NightHrsModelNee R²: 0.6300
Epoch  1500 | Train Loss: 0.002651 | Val Loss: 0.002985 | Train R²: 0.9265 | Val R²: 0.9162 | NightHrsTrueNEE vs NightHrsModelReco R²: 0.6900 | NightHrsTrueNee vs NightHrsModelNee R²: 0.6800
Epoch  2000 | Train Loss: 0.002433 | Val Loss: 0.002784 | Train R²: 0.9325 | Val R²: 0.9218 | NightHrsTrueNEE vs NightHrsModelReco R²: 0.7100 | NightHrsTrueNee vs NightHrsModelNee R²: 0.6900
Epoch  2500 | Train Loss: 0.002316 | Val Loss: 0.002676 | Train R²: 0.9358 | Val R²: 0.9248 | NightHrsTrueNEE vs NightHrsModelReco R²: 0.7100 | NightHrsTrueNee vs NightHrsModelNee R²: 0.7000
Epoch  3000 | Train Loss: 0.002236 | Val Loss: 0.002608 | Train R²: 0.9380 | Val R²: 0.9267 | NightHrsTrueNEE vs NightHrsModelReco R²: 0.7200 | NightHrsTrueNee vs NightHrsModelNee R²: 0.7000
Early stopping at epoch 3265 due to flat/negative trend (slope=0.000002)
Epoch  3265 | Train Loss: 0.002202 | Val Loss: 0.002582 | Train R²: 0.9389 | Val R²: 0.9275
Unpickling models
Following models have been loaded and moved to cuda:
trained gpp model:
 SNN_GPP(
  (net): Sequential(
    (0): Linear(in_features=12, out_features=12, bias=True)
    (1): ReLU()
    (2): Linear(in_features=12, out_features=1, bias=True)
    (3): ReLU()
  )
), trained_reco_model:
 SNN_RECO(
  (net): Sequential(
    (0): Linear(in_features=11, out_features=12, bias=True)
    (1): ReLU()
    (2): Linear(in_features=12, out_features=1, bias=True)
    (3): ReLU()
  )
)
using full data set for visualization
Un-normalizing the GPP and RECO predictions using NEE min: tensor([-25.9645]), NEE max: tensor([17.9512])



Metrics for the Custom, with
GPP inputs: ['SW_IN', 'VPD', 'TA', 'WTD', 'WS', 'PotRad', 'PotRadHalfHourlyDiff', 'PotRadDailyAvg', 'PotRadDailyDiff', 'WD_COS', 'WD_SIN', 'GPP_PROX']
RECO inputs: ['DOY_sin', 'DOY_cos', 'TA', 'TS_1', 'TS_2', 'TS_3', 'TS_4', 'WTD', 'WS', 'WD_COS', 'NIGHTLY_NEE_AVG']:
dt_gpp vs Custom_GPP R²=0.92 RMSE=1.56
nt_gpp vs Custom_GPP R²=0.93 RMSE=1.54
dt_reco vs Custom_RECO R²=0.52 RMSE=1.32
nt_reco vs Custom_RECO R²=0.66 RMSE=0.92
night_hours_true_nee vs Custom_night_hours_model_reco R²=0.74 RMSE=0.79
night_hours_true_nee vs Custom_night_hours_model_nee R²=0.74 RMSE=0.79
dt_gpp vs nt_gpp R²=0.88 RMSE=1.90
dt_reco vs nt_reco R²=0.59 RMSE=1.00

gpp_input_names,  ['SW_IN', 'VPD', 'TA', 'WTD', 'WS', 'PotRad', 'PotRadHalfHourlyDiff', 'PotRadDailyAvg', 'PotRadDailyDiff', 'WD_COS', 'WD_SIN', 'GPP_PROX'] 
reco_input_names,  ['DOY_sin', 'DOY_cos', 'TA', 'TS_1', 'TS_2', 'TS_3', 'TS_4', 'WTD', 'WS', 'WD_COS', 'WD_SIN'] 
true_nee_name,  ['NEE'] 

Custom Running on GPU With hidden layer size of 12 Total epochs: 100000 lr: 0.001 patience: 500 min_delta 0.01
SNN_GPP(
  (net): Sequential(
    (0): Linear(in_features=12, out_features=12, bias=True)
    (1): ReLU()
    (2): Linear(in_features=12, out_features=1, bias=True)
    (3): ReLU()
  )
)
SNN_RECO(
  (net): Sequential(
    (0): Linear(in_features=11, out_features=12, bias=True)
    (1): ReLU()
    (2): Linear(in_features=12, out_features=1, bias=True)
    (3): ReLU()
  )
)
Custom will use the Tram vars
Params are min slope: 2e-06, trend window: 100
Epoch     0 | Train Loss: 0.192349 | Val Loss: 0.182623 | Train R²: -4.3330 | Val R²: -4.1301 | NightHrsTrueNEE vs NightHrsModelReco R²: -8.5700 | NightHrsTrueNee vs NightHrsModelNee R²: -52.7100
Epoch   500 | Train Loss: 0.004818 | Val Loss: 0.005481 | Train R²: 0.8664 | Val R²: 0.8460 | NightHrsTrueNEE vs NightHrsModelReco R²: 0.3400 | NightHrsTrueNee vs NightHrsModelNee R²: 0.2600
Epoch  1000 | Train Loss: 0.003342 | Val Loss: 0.003816 | Train R²: 0.9073 | Val R²: 0.8928 | NightHrsTrueNEE vs NightHrsModelReco R²: 0.5300 | NightHrsTrueNee vs NightHrsModelNee R²: 0.5300
Epoch  1500 | Train Loss: 0.002810 | Val Loss: 0.003263 | Train R²: 0.9221 | Val R²: 0.9083 | NightHrsTrueNEE vs NightHrsModelReco R²: 0.6000 | NightHrsTrueNee vs NightHrsModelNee R²: 0.5900
Epoch  2000 | Train Loss: 0.002599 | Val Loss: 0.003080 | Train R²: 0.9280 | Val R²: 0.9135 | NightHrsTrueNEE vs NightHrsModelReco R²: 0.6200 | NightHrsTrueNee vs NightHrsModelNee R²: 0.6200
Epoch  2500 | Train Loss: 0.002456 | Val Loss: 0.002959 | Train R²: 0.9319 | Val R²: 0.9169 | NightHrsTrueNEE vs NightHrsModelReco R²: 0.6400 | NightHrsTrueNee vs NightHrsModelNee R²: 0.6300
Epoch  3000 | Train Loss: 0.002347 | Val Loss: 0.002835 | Train R²: 0.9349 | Val R²: 0.9204 | NightHrsTrueNEE vs NightHrsModelReco R²: 0.6400 | NightHrsTrueNee vs NightHrsModelNee R²: 0.6400
Epoch  3500 | Train Loss: 0.002255 | Val Loss: 0.002730 | Train R²: 0.9375 | Val R²: 0.9233 | NightHrsTrueNEE vs NightHrsModelReco R²: 0.6500 | NightHrsTrueNee vs NightHrsModelNee R²: 0.6500
Early stopping at epoch 3883 due to flat/negative trend (slope=0.000002)
Epoch  3883 | Train Loss: 0.002216 | Val Loss: 0.002687 | Train R²: 0.9386 | Val R²: 0.9245
Unpickling models
Following models have been loaded and moved to cuda:
trained gpp model:
 SNN_GPP(
  (net): Sequential(
    (0): Linear(in_features=12, out_features=12, bias=True)
    (1): ReLU()
    (2): Linear(in_features=12, out_features=1, bias=True)
    (3): ReLU()
  )
), trained_reco_model:
 SNN_RECO(
  (net): Sequential(
    (0): Linear(in_features=11, out_features=12, bias=True)
    (1): ReLU()
    (2): Linear(in_features=12, out_features=1, bias=True)
    (3): ReLU()
  )
)
using full data set for visualization
Un-normalizing the GPP and RECO predictions using NEE min: tensor([-25.9645]), NEE max: tensor([17.9512])



Metrics for the Custom, with
GPP inputs: ['SW_IN', 'VPD', 'TA', 'WTD', 'WS', 'PotRad', 'PotRadHalfHourlyDiff', 'PotRadDailyAvg', 'PotRadDailyDiff', 'WD_COS', 'WD_SIN', 'GPP_PROX']
RECO inputs: ['DOY_sin', 'DOY_cos', 'TA', 'TS_1', 'TS_2', 'TS_3', 'TS_4', 'WTD', 'WS', 'WD_COS', 'WD_SIN']:
dt_gpp vs Custom_GPP R²=0.92 RMSE=1.52
nt_gpp vs Custom_GPP R²=0.93 RMSE=1.53
dt_reco vs Custom_RECO R²=0.56 RMSE=1.27
nt_reco vs Custom_RECO R²=0.64 RMSE=0.95
night_hours_true_nee vs Custom_night_hours_model_reco R²=0.68 RMSE=0.86
night_hours_true_nee vs Custom_night_hours_model_nee R²=0.68 RMSE=0.86
dt_gpp vs nt_gpp R²=0.88 RMSE=1.90
dt_reco vs nt_reco R²=0.59 RMSE=1.00

{
    "experiment_1": {
        "run_type": "Custom",
        "gpp_inputs": [
            "SW_IN",
            "TA"
        ],
        "reco_inputs": [
            "DOY_sin",
            "DOY_cos",
            "TA"
        ],
        "metrics": {
            "dt_gpp_vs_model": {
                "r2": 0.63,
                "rmse": 3.32
            },
            "nt_gpp_vs_model": {
                "r2": 0.64,
                "rmse": 3.43
            },
            "dt_reco_vs_model": {
                "r2": -0.61,
                "rmse": 2.42
            },
            "nt_reco_vs_model": {
                "r2": -1.07,
                "rmse": 2.28
            },
            "night_hours_true_nee_vs_night_hours_model_reco": {
                "r2": 0.3,
                "rmse": 1.26
            },
            "night_hours_true_nee_vs_night_hours_model_nee": {
                "r2": 0.31,
                "rmse": 1.25
            },
            "dt_gpp_vs_nt_gpp": {
                "r2": 0.88,
                "rmse": 1.9
            },
            "dt_reco_vs_nt_reco": {
                "r2": 0.59,
                "rmse": 1
            },
            "val_r2": 0.7379
        }
    },
    "experiment_2": {
        "run_type": "Custom",
        "gpp_inputs": [
            "SW_IN",
            "TA",
            "VPD"
        ],
        "reco_inputs": [
            "DOY_sin",
            "DOY_cos",
            "TA"
        ],
        "metrics": {
            "dt_gpp_vs_model": {
                "r2": 0.77,
                "rmse": 2.65
            },
            "nt_gpp_vs_model": {
                "r2": 0.76,
                "rmse": 2.82
            },
            "dt_reco_vs_model": {
                "r2": -0.08,
                "rmse": 1.99
            },
            "nt_reco_vs_model": {
                "r2": 0.08,
                "rmse": 1.52
            },
            "night_hours_true_nee_vs_night_hours_model_reco": {
                "r2": 0.36,
                "rmse": 1.2
            },
            "night_hours_true_nee_vs_night_hours_model_nee": {
                "r2": 0.39,
                "rmse": 1.18
            },
            "dt_gpp_vs_nt_gpp": {
                "r2": 0.88,
                "rmse": 1.9
            },
            "dt_reco_vs_nt_reco": {
                "r2": 0.59,
                "rmse": 1
            },
            "val_r2": 0.7784
        }
    },
    "experiment_3": {
        "run_type": "Custom",
        "gpp_inputs": [
            "SW_IN",
            "TA",
            "VPD",
            "WS"
        ],
        "reco_inputs": [
            "DOY_sin",
            "DOY_cos",
            "TA",
            "WS"
        ],
        "metrics": {
            "dt_gpp_vs_model": {
                "r2": -0.27,
                "rmse": 6.19
            },
            "nt_gpp_vs_model": {
                "r2": -0.28,
                "rmse": 6.5
            },
            "dt_reco_vs_model": {
                "r2": -0.86,
                "rmse": 2.61
            },
            "nt_reco_vs_model": {
                "r2": -1.63,
                "rmse": 2.57
            },
            "night_hours_true_nee_vs_night_hours_model_reco": {
                "r2": -1.11,
                "rmse": 2.19
            },
            "night_hours_true_nee_vs_night_hours_model_nee": {
                "r2": -1.11,
                "rmse": 2.19
            },
            "dt_gpp_vs_nt_gpp": {
                "r2": 0.88,
                "rmse": 1.9
            },
            "dt_reco_vs_nt_reco": {
                "r2": 0.59,
                "rmse": 1
            },
            "val_r2": -0.0403
        }
    },
    "experiment_4": {
        "run_type": "Custom",
        "gpp_inputs": [
            "SW_IN",
            "TA",
            "VPD",
            "WS",
            "WD_COS",
            "WD_SIN"
        ],
        "reco_inputs": [
            "DOY_sin",
            "DOY_cos",
            "TA",
            "WS",
            "WD_COS",
            "WD_SIN"
        ],
        "metrics": {
            "dt_gpp_vs_model": {
                "r2": 0.78,
                "rmse": 2.6
            },
            "nt_gpp_vs_model": {
                "r2": 0.79,
                "rmse": 2.66
            },
            "dt_reco_vs_model": {
                "r2": 0.11,
                "rmse": 1.8
            },
            "nt_reco_vs_model": {
                "r2": 0.3,
                "rmse": 1.32
            },
            "night_hours_true_nee_vs_night_hours_model_reco": {
                "r2": 0.43,
                "rmse": 1.14
            },
            "night_hours_true_nee_vs_night_hours_model_nee": {
                "r2": 0.39,
                "rmse": 1.18
            },
            "dt_gpp_vs_nt_gpp": {
                "r2": 0.88,
                "rmse": 1.9
            },
            "dt_reco_vs_nt_reco": {
                "r2": 0.59,
                "rmse": 1
            },
            "val_r2": 0.7869
        }
    },
    "experiment_5": {
        "run_type": "Custom",
        "gpp_inputs": [
            "SW_IN",
            "TA",
            "VPD",
            "WS",
            "WD_COS",
            "WD_SIN",
            "WTD"
        ],
        "reco_inputs": [
            "DOY_sin",
            "DOY_cos",
            "TA",
            "WS",
            "WD_COS",
            "WD_SIN",
            "WTD"
        ],
        "metrics": {
            "dt_gpp_vs_model": {
                "r2": 0.73,
                "rmse": 2.88
            },
            "nt_gpp_vs_model": {
                "r2": 0.75,
                "rmse": 2.87
            },
            "dt_reco_vs_model": {
                "r2": -0.29,
                "rmse": 2.17
            },
            "nt_reco_vs_model": {
                "r2": -0.28,
                "rmse": 1.79
            },
            "night_hours_true_nee_vs_night_hours_model_reco": {
                "r2": 0.33,
                "rmse": 1.23
            },
            "night_hours_true_nee_vs_night_hours_model_nee": {
                "r2": 0.33,
                "rmse": 1.23
            },
            "dt_gpp_vs_nt_gpp": {
                "r2": 0.88,
                "rmse": 1.9
            },
            "dt_reco_vs_nt_reco": {
                "r2": 0.59,
                "rmse": 1
            },
            "val_r2": 0.7894
        }
    },
    "experiment_6": {
        "run_type": "Custom",
        "gpp_inputs": [
            "SW_IN",
            "TA",
            "VPD",
            "WS",
            "WD_COS",
            "WD_SIN",
            "WTD",
            "Salinity"
        ],
        "reco_inputs": [
            "DOY_sin",
            "DOY_cos",
            "TA",
            "WS",
            "WD_COS",
            "WD_SIN",
            "WTD",
            "Salinity"
        ],
        "metrics": {
            "dt_gpp_vs_model": {
                "r2": 0.75,
                "rmse": 2.74
            },
            "nt_gpp_vs_model": {
                "r2": 0.74,
                "rmse": 2.96
            },
            "dt_reco_vs_model": {
                "r2": -0.89,
                "rmse": 2.63
            },
            "nt_reco_vs_model": {
                "r2": -1.67,
                "rmse": 2.59
            },
            "night_hours_true_nee_vs_night_hours_model_reco": {
                "r2": -1.16,
                "rmse": 2.22
            },
            "night_hours_true_nee_vs_night_hours_model_nee": {
                "r2": -1.2,
                "rmse": 2.24
            },
            "dt_gpp_vs_nt_gpp": {
                "r2": 0.88,
                "rmse": 1.9
            },
            "dt_reco_vs_nt_reco": {
                "r2": 0.59,
                "rmse": 1
            },
            "val_r2": 0.7271
        }
    },
    "experiment_7": {
        "run_type": "Custom",
        "gpp_inputs": [
            "SW_IN",
            "TA",
            "VPD",
            "WS",
            "WD_COS",
            "WD_SIN",
            "WTD",
            "Salinity",
            "WTD_HalfHourlyDiff"
        ],
        "reco_inputs": [
            "DOY_sin",
            "DOY_cos",
            "TA",
            "WS",
            "WD_COS",
            "WD_SIN",
            "WTD",
            "Salinity",
            "WTD_HalfHourlyDiff"
        ],
        "metrics": {
            "dt_gpp_vs_model": {
                "r2": 0.79,
                "rmse": 2.52
            },
            "nt_gpp_vs_model": {
                "r2": 0.78,
                "rmse": 2.69
            },
            "dt_reco_vs_model": {
                "r2": -0.93,
                "rmse": 2.65
            },
            "nt_reco_vs_model": {
                "r2": -1.5,
                "rmse": 2.5
            },
            "night_hours_true_nee_vs_night_hours_model_reco": {
                "r2": -0.99,
                "rmse": 2.13
            },
            "night_hours_true_nee_vs_night_hours_model_nee": {
                "r2": -0.96,
                "rmse": 2.11
            },
            "dt_gpp_vs_nt_gpp": {
                "r2": 0.88,
                "rmse": 1.9
            },
            "dt_reco_vs_nt_reco": {
                "r2": 0.59,
                "rmse": 1
            },
            "val_r2": 0.7786
        }
    },
    "experiment_8": {
        "run_type": "Custom",
        "gpp_inputs": [
            "SW_IN",
            "TA",
            "VPD",
            "WS",
            "WD_COS",
            "WD_SIN",
            "WTD",
            "Salinity",
            "WTD_HalfHourlyDiff",
            "WTD_DailyAvg",
            "WTD_DailyDiff"
        ],
        "reco_inputs": [
            "DOY_sin",
            "DOY_cos",
            "TA",
            "WS",
            "WD_COS",
            "WD_SIN",
            "WTD",
            "Salinity",
            "WTD_HalfHourlyDiff",
            "WTD_DailyAvg",
            "WTD_DailyDiff"
        ],
        "metrics": {
            "dt_gpp_vs_model": {
                "r2": 0.8,
                "rmse": 2.44
            },
            "nt_gpp_vs_model": {
                "r2": 0.85,
                "rmse": 2.25
            },
            "dt_reco_vs_model": {
                "r2": -0.05,
                "rmse": 1.96
            },
            "nt_reco_vs_model": {
                "r2": 0.12,
                "rmse": 1.49
            },
            "night_hours_true_nee_vs_night_hours_model_reco": {
                "r2": 0.34,
                "rmse": 1.22
            },
            "night_hours_true_nee_vs_night_hours_model_nee": {
                "r2": 0.42,
                "rmse": 1.15
            },
            "dt_gpp_vs_nt_gpp": {
                "r2": 0.88,
                "rmse": 1.9
            },
            "dt_reco_vs_nt_reco": {
                "r2": 0.59,
                "rmse": 1
            },
            "val_r2": 0.8633
        }
    },
    "experiment_9": {
        "run_type": "Custom",
        "gpp_inputs": [
            "PotRadDailyAvg",
            "PotRadDailyDiff",
            "GPP_PROX"
        ],
        "reco_inputs": [
            "DOY_sin",
            "DOY_cos",
            "NIGHTLY_NEE_AVG"
        ],
        "metrics": {
            "dt_gpp_vs_model": {
                "r2": -0.27,
                "rmse": 6.19
            },
            "nt_gpp_vs_model": {
                "r2": -0.28,
                "rmse": 6.5
            },
            "dt_reco_vs_model": {
                "r2": -0.89,
                "rmse": 2.63
            },
            "nt_reco_vs_model": {
                "r2": -1.67,
                "rmse": 2.59
            },
            "night_hours_true_nee_vs_night_hours_model_reco": {
                "r2": -1.16,
                "rmse": 2.22
            },
            "night_hours_true_nee_vs_night_hours_model_nee": {
                "r2": -1.16,
                "rmse": 2.22
            },
            "dt_gpp_vs_nt_gpp": {
                "r2": 0.88,
                "rmse": 1.9
            },
            "dt_reco_vs_nt_reco": {
                "r2": 0.59,
                "rmse": 1
            },
            "val_r2": -0.0419
        }
    },
    "experiment_10": {
        "run_type": "Custom",
        "gpp_inputs": [
            "SW_IN",
            "VPD",
            "TA",
            "WTD",
            "WS",
            "PotRad",
            "PotRadHalfHourlyDiff",
            "WD_COS",
            "WD_SIN"
        ],
        "reco_inputs": [
            "TA",
            "TS_1",
            "TS_2",
            "TS_3",
            "TS_4",
            "WTD",
            "WS",
            "WD_COS",
            "WD_SIN"
        ],
        "metrics": {
            "dt_gpp_vs_model": {
                "r2": 0.81,
                "rmse": 2.4
            },
            "nt_gpp_vs_model": {
                "r2": 0.84,
                "rmse": 2.31
            },
            "dt_reco_vs_model": {
                "r2": 0.38,
                "rmse": 1.51
            },
            "nt_reco_vs_model": {
                "r2": 0.6,
                "rmse": 1.01
            },
            "night_hours_true_nee_vs_night_hours_model_reco": {
                "r2": 0.51,
                "rmse": 1.06
            },
            "night_hours_true_nee_vs_night_hours_model_nee": {
                "r2": 0.51,
                "rmse": 1.06
            },
            "dt_gpp_vs_nt_gpp": {
                "r2": 0.88,
                "rmse": 1.9
            },
            "dt_reco_vs_nt_reco": {
                "r2": 0.59,
                "rmse": 1
            },
            "val_r2": 0.8174
        }
    },
    "experiment_11": {
        "run_type": "Custom",
        "gpp_inputs": [
            "SW_IN",
            "VPD",
            "TA",
            "WS",
            "PotRad",
            "PotRadHalfHourlyDiff",
            "PotRadDailyAvg",
            "PotRadDailyDiff",
            "WD_COS",
            "WD_SIN",
            "GPP_PROX"
        ],
        "reco_inputs": [
            "DOY_sin",
            "DOY_cos",
            "TA",
            "TS_1",
            "TS_2",
            "TS_3",
            "TS_4",
            "WS",
            "WD_COS",
            "WD_SIN",
            "NIGHTLY_NEE_AVG"
        ],
        "metrics": {
            "dt_gpp_vs_model": {
                "r2": 0.68,
                "rmse": 3.12
            },
            "nt_gpp_vs_model": {
                "r2": 0.73,
                "rmse": 2.98
            },
            "dt_reco_vs_model": {
                "r2": -1.64,
                "rmse": 3.1
            },
            "nt_reco_vs_model": {
                "r2": -1.98,
                "rmse": 2.73
            },
            "night_hours_true_nee_vs_night_hours_model_reco": {
                "r2": -3.05,
                "rmse": 3.04
            },
            "night_hours_true_nee_vs_night_hours_model_nee": {
                "r2": 0.73,
                "rmse": 0.79
            },
            "dt_gpp_vs_nt_gpp": {
                "r2": 0.88,
                "rmse": 1.9
            },
            "dt_reco_vs_nt_reco": {
                "r2": 0.59,
                "rmse": 1
            },
            "val_r2": 0.9276
        }
    },
    "experiment_12": {
        "run_type": "Custom",
        "gpp_inputs": [
            "SW_IN",
            "VPD",
            "TA",
            "WTD",
            "WS",
            "PotRad",
            "PotRadHalfHourlyDiff",
            "PotRadDailyAvg",
            "PotRadDailyDiff",
            "WD_COS",
            "WD_SIN",
            "GPP_PROX"
        ],
        "reco_inputs": [
            "DOY_sin",
            "DOY_cos",
            "TA",
            "TS_1",
            "TS_2",
            "TS_3",
            "TS_4",
            "WTD",
            "WS",
            "WD_COS",
            "WD_SIN",
            "NIGHTLY_NEE_AVG"
        ],
        "metrics": {
            "dt_gpp_vs_model": {
                "r2": 0.83,
                "rmse": 2.28
            },
            "nt_gpp_vs_model": {
                "r2": 0.82,
                "rmse": 2.42
            },
            "dt_reco_vs_model": {
                "r2": -0.89,
                "rmse": 2.63
            },
            "nt_reco_vs_model": {
                "r2": -1.67,
                "rmse": 2.59
            },
            "night_hours_true_nee_vs_night_hours_model_reco": {
                "r2": -1.16,
                "rmse": 2.22
            },
            "night_hours_true_nee_vs_night_hours_model_nee": {
                "r2": -1.17,
                "rmse": 2.22
            },
            "dt_gpp_vs_nt_gpp": {
                "r2": 0.88,
                "rmse": 1.9
            },
            "dt_reco_vs_nt_reco": {
                "r2": 0.59,
                "rmse": 1
            },
            "val_r2": 0.8224
        }
    },
    "experiment_13": {
        "run_type": "Custom",
        "gpp_inputs": [
            "SW_IN",
            "VPD",
            "TA",
            "WTD",
            "WS",
            "PotRad",
            "PotRadHalfHourlyDiff",
            "PotRadDailyAvg",
            "PotRadDailyDiff",
            "WD_COS",
            "WD_SIN",
            "GPP_PROX",
            "Salinity"
        ],
        "reco_inputs": [
            "DOY_sin",
            "DOY_cos",
            "TA",
            "TS_1",
            "TS_2",
            "TS_3",
            "TS_4",
            "WTD",
            "WS",
            "WD_COS",
            "WD_SIN",
            "NIGHTLY_NEE_AVG",
            "Salinity"
        ],
        "metrics": {
            "dt_gpp_vs_model": {
                "r2": 0.92,
                "rmse": 1.56
            },
            "nt_gpp_vs_model": {
                "r2": 0.94,
                "rmse": 1.45
            },
            "dt_reco_vs_model": {
                "r2": 0.49,
                "rmse": 1.36
            },
            "nt_reco_vs_model": {
                "r2": 0.68,
                "rmse": 0.9
            },
            "night_hours_true_nee_vs_night_hours_model_reco": {
                "r2": 0.74,
                "rmse": 0.77
            },
            "night_hours_true_nee_vs_night_hours_model_nee": {
                "r2": 0.73,
                "rmse": 0.79
            },
            "dt_gpp_vs_nt_gpp": {
                "r2": 0.88,
                "rmse": 1.9
            },
            "dt_reco_vs_nt_reco": {
                "r2": 0.59,
                "rmse": 1
            },
            "val_r2": 0.9319
        }
    },
    "experiment_14": {
        "run_type": "Custom",
        "gpp_inputs": [
            "SW_IN",
            "VPD",
            "TA",
            "WTD",
            "WS",
            "PotRad",
            "PotRadHalfHourlyDiff",
            "PotRadDailyAvg",
            "PotRadDailyDiff",
            "WD_COS",
            "WD_SIN",
            "GPP_PROX",
            "WTD_HalfHourlyDiff"
        ],
        "reco_inputs": [
            "DOY_sin",
            "DOY_cos",
            "TA",
            "TS_1",
            "TS_2",
            "TS_3",
            "TS_4",
            "WTD",
            "WS",
            "WD_COS",
            "WD_SIN",
            "NIGHTLY_NEE_AVG",
            "WTD_HalfHourlyDiff"
        ],
        "metrics": {
            "dt_gpp_vs_model": {
                "r2": 0.93,
                "rmse": 1.49
            },
            "nt_gpp_vs_model": {
                "r2": 0.95,
                "rmse": 1.32
            },
            "dt_reco_vs_model": {
                "r2": 0.61,
                "rmse": 1.19
            },
            "nt_reco_vs_model": {
                "r2": 0.81,
                "rmse": 0.69
            },
            "night_hours_true_nee_vs_night_hours_model_reco": {
                "r2": 0.73,
                "rmse": 0.79
            },
            "night_hours_true_nee_vs_night_hours_model_nee": {
                "r2": 0.72,
                "rmse": 0.8
            },
            "dt_gpp_vs_nt_gpp": {
                "r2": 0.88,
                "rmse": 1.9
            },
            "dt_reco_vs_nt_reco": {
                "r2": 0.59,
                "rmse": 1
            },
            "val_r2": 0.9338
        }
    },
    "experiment_15": {
        "run_type": "Custom",
        "gpp_inputs": [
            "SW_IN",
            "VPD",
            "TA",
            "WTD",
            "WS",
            "PotRad",
            "PotRadHalfHourlyDiff",
            "PotRadDailyAvg",
            "PotRadDailyDiff",
            "WD_COS",
            "WD_SIN",
            "GPP_PROX",
            "Salinity",
            "WTD_HalfHourlyDiff"
        ],
        "reco_inputs": [
            "DOY_sin",
            "DOY_cos",
            "TA",
            "TS_1",
            "TS_2",
            "TS_3",
            "TS_4",
            "WTD",
            "WS",
            "WD_COS",
            "WD_SIN",
            "NIGHTLY_NEE_AVG",
            "Salinity",
            "WTD_HalfHourlyDiff"
        ],
        "metrics": {
            "dt_gpp_vs_model": {
                "r2": -16.88,
                "rmse": 23.24
            },
            "nt_gpp_vs_model": {
                "r2": -15.19,
                "rmse": 23.13
            },
            "dt_reco_vs_model": {
                "r2": -147.84,
                "rmse": 23.31
            },
            "nt_reco_vs_model": {
                "r2": -212.23,
                "rmse": 23.11
            },
            "night_hours_true_nee_vs_night_hours_model_reco": {
                "r2": -249.66,
                "rmse": 23.88
            },
            "night_hours_true_nee_vs_night_hours_model_nee": {
                "r2": 0.74,
                "rmse": 0.77
            },
            "dt_gpp_vs_nt_gpp": {
                "r2": 0.88,
                "rmse": 1.9
            },
            "dt_reco_vs_nt_reco": {
                "r2": 0.59,
                "rmse": 1
            },
            "val_r2": 0.9358
        }
    },
    "experiment_16": {
        "run_type": "Custom",
        "gpp_inputs": [
            "SW_IN",
            "VPD",
            "TA",
            "WTD",
            "WS",
            "PotRad",
            "PotRadHalfHourlyDiff",
            "PotRadDailyAvg",
            "PotRadDailyDiff",
            "WD_COS",
            "WD_SIN",
            "GPP_PROX",
            "Salinity",
            "WTD_HalfHourlyDiff",
            "WTD_DailyAvg",
            "WTD_DailyDiff"
        ],
        "reco_inputs": [
            "DOY_sin",
            "DOY_cos",
            "TA",
            "TS_1",
            "TS_2",
            "TS_3",
            "TS_4",
            "WTD",
            "WS",
            "WD_COS",
            "WD_SIN",
            "NIGHTLY_NEE_AVG",
            "Salinity",
            "WTD_HalfHourlyDiff",
            "WTD_DailyAvg",
            "WTD_DailyDiff"
        ],
        "metrics": {
            "dt_gpp_vs_model": {
                "r2": 0.83,
                "rmse": 2.28
            },
            "nt_gpp_vs_model": {
                "r2": 0.83,
                "rmse": 2.35
            },
            "dt_reco_vs_model": {
                "r2": -0.89,
                "rmse": 2.63
            },
            "nt_reco_vs_model": {
                "r2": -1.67,
                "rmse": 2.59
            },
            "night_hours_true_nee_vs_night_hours_model_reco": {
                "r2": -1.16,
                "rmse": 2.22
            },
            "night_hours_true_nee_vs_night_hours_model_nee": {
                "r2": -1.17,
                "rmse": 2.22
            },
            "dt_gpp_vs_nt_gpp": {
                "r2": 0.88,
                "rmse": 1.9
            },
            "dt_reco_vs_nt_reco": {
                "r2": 0.59,
                "rmse": 1
            },
            "val_r2": 0.8325
        }
    },
    "experiment_17": {
        "run_type": "Custom",
        "gpp_inputs": [
            "VPD",
            "TA",
            "WTD",
            "WS",
            "PotRad",
            "PotRadHalfHourlyDiff",
            "PotRadDailyAvg",
            "PotRadDailyDiff",
            "WD_COS",
            "WD_SIN",
            "GPP_PROX"
        ],
        "reco_inputs": [
            "DOY_sin",
            "DOY_cos",
            "TA",
            "TS_1",
            "TS_2",
            "TS_3",
            "TS_4",
            "WTD",
            "WS",
            "WD_COS",
            "WD_SIN",
            "NIGHTLY_NEE_AVG"
        ],
        "metrics": {
            "dt_gpp_vs_model": {
                "r2": 0.89,
                "rmse": 1.83
            },
            "nt_gpp_vs_model": {
                "r2": 0.91,
                "rmse": 1.77
            },
            "dt_reco_vs_model": {
                "r2": 0.47,
                "rmse": 1.39
            },
            "nt_reco_vs_model": {
                "r2": 0.62,
                "rmse": 0.97
            },
            "night_hours_true_nee_vs_night_hours_model_reco": {
                "r2": 0.75,
                "rmse": 0.76
            },
            "night_hours_true_nee_vs_night_hours_model_nee": {
                "r2": 0.73,
                "rmse": 0.78
            },
            "dt_gpp_vs_nt_gpp": {
                "r2": 0.88,
                "rmse": 1.9
            },
            "dt_reco_vs_nt_reco": {
                "r2": 0.59,
                "rmse": 1
            },
            "val_r2": 0.901
        }
    },
    "experiment_18": {
        "run_type": "Custom",
        "gpp_inputs": [
            "SW_IN",
            "TA",
            "WTD",
            "WS",
            "PotRad",
            "PotRadHalfHourlyDiff",
            "PotRadDailyAvg",
            "PotRadDailyDiff",
            "WD_COS",
            "WD_SIN",
            "GPP_PROX"
        ],
        "reco_inputs": [
            "DOY_sin",
            "DOY_cos",
            "TA",
            "TS_1",
            "TS_2",
            "TS_3",
            "TS_4",
            "WTD",
            "WS",
            "WD_COS",
            "WD_SIN",
            "NIGHTLY_NEE_AVG"
        ],
        "metrics": {
            "dt_gpp_vs_model": {
                "r2": 0.93,
                "rmse": 1.42
            },
            "nt_gpp_vs_model": {
                "r2": 0.94,
                "rmse": 1.44
            },
            "dt_reco_vs_model": {
                "r2": 0.66,
                "rmse": 1.11
            },
            "nt_reco_vs_model": {
                "r2": 0.77,
                "rmse": 0.75
            },
            "night_hours_true_nee_vs_night_hours_model_reco": {
                "r2": 0.75,
                "rmse": 0.76
            },
            "night_hours_true_nee_vs_night_hours_model_nee": {
                "r2": 0.74,
                "rmse": 0.77
            },
            "dt_gpp_vs_nt_gpp": {
                "r2": 0.88,
                "rmse": 1.9
            },
            "dt_reco_vs_nt_reco": {
                "r2": 0.59,
                "rmse": 1
            },
            "val_r2": 0.9292
        }
    },
    "experiment_19": {
        "run_type": "Custom",
        "gpp_inputs": [
            "SW_IN",
            "VPD",
            "WTD",
            "WS",
            "PotRad",
            "PotRadHalfHourlyDiff",
            "PotRadDailyAvg",
            "PotRadDailyDiff",
            "WD_COS",
            "WD_SIN",
            "GPP_PROX"
        ],
        "reco_inputs": [
            "DOY_sin",
            "DOY_cos",
            "TA",
            "TS_1",
            "TS_2",
            "TS_3",
            "TS_4",
            "WTD",
            "WS",
            "WD_COS",
            "WD_SIN",
            "NIGHTLY_NEE_AVG"
        ],
        "metrics": {
            "dt_gpp_vs_model": {
                "r2": 0.93,
                "rmse": 1.46
            },
            "nt_gpp_vs_model": {
                "r2": 0.93,
                "rmse": 1.55
            },
            "dt_reco_vs_model": {
                "r2": 0.51,
                "rmse": 1.34
            },
            "nt_reco_vs_model": {
                "r2": 0.66,
                "rmse": 0.92
            },
            "night_hours_true_nee_vs_night_hours_model_reco": {
                "r2": 0.76,
                "rmse": 0.74
            },
            "night_hours_true_nee_vs_night_hours_model_nee": {
                "r2": 0.75,
                "rmse": 0.76
            },
            "dt_gpp_vs_nt_gpp": {
                "r2": 0.88,
                "rmse": 1.9
            },
            "dt_reco_vs_nt_reco": {
                "r2": 0.59,
                "rmse": 1
            },
            "val_r2": 0.9289
        }
    },
    "experiment_20": {
        "run_type": "Custom",
        "gpp_inputs": [
            "SW_IN",
            "VPD",
            "TA",
            "WS",
            "PotRad",
            "PotRadHalfHourlyDiff",
            "PotRadDailyAvg",
            "PotRadDailyDiff",
            "WD_COS",
            "WD_SIN",
            "GPP_PROX"
        ],
        "reco_inputs": [
            "DOY_sin",
            "DOY_cos",
            "TA",
            "TS_1",
            "TS_2",
            "TS_3",
            "TS_4",
            "WTD",
            "WS",
            "WD_COS",
            "WD_SIN",
            "NIGHTLY_NEE_AVG"
        ],
        "metrics": {
            "dt_gpp_vs_model": {
                "r2": 0.93,
                "rmse": 1.46
            },
            "nt_gpp_vs_model": {
                "r2": 0.94,
                "rmse": 1.45
            },
            "dt_reco_vs_model": {
                "r2": 0.58,
                "rmse": 1.24
            },
            "nt_reco_vs_model": {
                "r2": 0.75,
                "rmse": 0.8
            },
            "night_hours_true_nee_vs_night_hours_model_reco": {
                "r2": 0.75,
                "rmse": 0.75
            },
            "night_hours_true_nee_vs_night_hours_model_nee": {
                "r2": 0.74,
                "rmse": 0.77
            },
            "dt_gpp_vs_nt_gpp": {
                "r2": 0.88,
                "rmse": 1.9
            },
            "dt_reco_vs_nt_reco": {
                "r2": 0.59,
                "rmse": 1
            },
            "val_r2": 0.9286
        }
    },
    "experiment_21": {
        "run_type": "Custom",
        "gpp_inputs": [
            "SW_IN",
            "VPD",
            "TA",
            "WTD",
            "PotRad",
            "PotRadHalfHourlyDiff",
            "PotRadDailyAvg",
            "PotRadDailyDiff",
            "WD_COS",
            "WD_SIN",
            "GPP_PROX"
        ],
        "reco_inputs": [
            "DOY_sin",
            "DOY_cos",
            "TA",
            "TS_1",
            "TS_2",
            "TS_3",
            "TS_4",
            "WTD",
            "WS",
            "WD_COS",
            "WD_SIN",
            "NIGHTLY_NEE_AVG"
        ],
        "metrics": {
            "dt_gpp_vs_model": {
                "r2": 0.93,
                "rmse": 1.43
            },
            "nt_gpp_vs_model": {
                "r2": 0.94,
                "rmse": 1.4
            },
            "dt_reco_vs_model": {
                "r2": 0.61,
                "rmse": 1.2
            },
            "nt_reco_vs_model": {
                "r2": 0.77,
                "rmse": 0.76
            },
            "night_hours_true_nee_vs_night_hours_model_reco": {
                "r2": 0.76,
                "rmse": 0.74
            },
            "night_hours_true_nee_vs_night_hours_model_nee": {
                "r2": 0.75,
                "rmse": 0.75
            },
            "dt_gpp_vs_nt_gpp": {
                "r2": 0.88,
                "rmse": 1.9
            },
            "dt_reco_vs_nt_reco": {
                "r2": 0.59,
                "rmse": 1
            },
            "val_r2": 0.9317
        }
    },
    "experiment_22": {
        "run_type": "Custom",
        "gpp_inputs": [
            "SW_IN",
            "VPD",
            "TA",
            "WTD",
            "WS",
            "PotRadHalfHourlyDiff",
            "PotRadDailyAvg",
            "PotRadDailyDiff",
            "WD_COS",
            "WD_SIN",
            "GPP_PROX"
        ],
        "reco_inputs": [
            "DOY_sin",
            "DOY_cos",
            "TA",
            "TS_1",
            "TS_2",
            "TS_3",
            "TS_4",
            "WTD",
            "WS",
            "WD_COS",
            "WD_SIN",
            "NIGHTLY_NEE_AVG"
        ],
        "metrics": {
            "dt_gpp_vs_model": {
                "r2": 0.87,
                "rmse": 1.97
            },
            "nt_gpp_vs_model": {
                "r2": 0.88,
                "rmse": 2.03
            },
            "dt_reco_vs_model": {
                "r2": -0.25,
                "rmse": 2.14
            },
            "nt_reco_vs_model": {
                "r2": 0.01,
                "rmse": 1.57
            },
            "night_hours_true_nee_vs_night_hours_model_reco": {
                "r2": -0.33,
                "rmse": 1.74
            },
            "night_hours_true_nee_vs_night_hours_model_nee": {
                "r2": 0.69,
                "rmse": 0.83
            },
            "dt_gpp_vs_nt_gpp": {
                "r2": 0.88,
                "rmse": 1.9
            },
            "dt_reco_vs_nt_reco": {
                "r2": 0.59,
                "rmse": 1
            },
            "val_r2": 0.9222
        }
    },
    "experiment_23": {
        "run_type": "Custom",
        "gpp_inputs": [
            "SW_IN",
            "VPD",
            "TA",
            "WTD",
            "WS",
            "PotRad",
            "PotRadDailyAvg",
            "PotRadDailyDiff",
            "WD_COS",
            "WD_SIN",
            "GPP_PROX"
        ],
        "reco_inputs": [
            "DOY_sin",
            "DOY_cos",
            "TA",
            "TS_1",
            "TS_2",
            "TS_3",
            "TS_4",
            "WTD",
            "WS",
            "WD_COS",
            "WD_SIN",
            "NIGHTLY_NEE_AVG"
        ],
        "metrics": {
            "dt_gpp_vs_model": {
                "r2": 0.94,
                "rmse": 1.39
            },
            "nt_gpp_vs_model": {
                "r2": 0.94,
                "rmse": 1.38
            },
            "dt_reco_vs_model": {
                "r2": 0.64,
                "rmse": 1.14
            },
            "nt_reco_vs_model": {
                "r2": 0.79,
                "rmse": 0.72
            },
            "night_hours_true_nee_vs_night_hours_model_reco": {
                "r2": 0.76,
                "rmse": 0.73
            },
            "night_hours_true_nee_vs_night_hours_model_nee": {
                "r2": 0.75,
                "rmse": 0.75
            },
            "dt_gpp_vs_nt_gpp": {
                "r2": 0.88,
                "rmse": 1.9
            },
            "dt_reco_vs_nt_reco": {
                "r2": 0.59,
                "rmse": 1
            },
            "val_r2": 0.9301
        }
    },
    "experiment_24": {
        "run_type": "Custom",
        "gpp_inputs": [
            "SW_IN",
            "VPD",
            "TA",
            "WTD",
            "WS",
            "PotRad",
            "PotRadHalfHourlyDiff",
            "PotRadDailyDiff",
            "WD_COS",
            "WD_SIN",
            "GPP_PROX"
        ],
        "reco_inputs": [
            "DOY_sin",
            "DOY_cos",
            "TA",
            "TS_1",
            "TS_2",
            "TS_3",
            "TS_4",
            "WTD",
            "WS",
            "WD_COS",
            "WD_SIN",
            "NIGHTLY_NEE_AVG"
        ],
        "metrics": {
            "dt_gpp_vs_model": {
                "r2": 0.93,
                "rmse": 1.42
            },
            "nt_gpp_vs_model": {
                "r2": 0.94,
                "rmse": 1.44
            },
            "dt_reco_vs_model": {
                "r2": 0.58,
                "rmse": 1.24
            },
            "nt_reco_vs_model": {
                "r2": 0.77,
                "rmse": 0.76
            },
            "night_hours_true_nee_vs_night_hours_model_reco": {
                "r2": 0.76,
                "rmse": 0.74
            },
            "night_hours_true_nee_vs_night_hours_model_nee": {
                "r2": 0.75,
                "rmse": 0.75
            },
            "dt_gpp_vs_nt_gpp": {
                "r2": 0.88,
                "rmse": 1.9
            },
            "dt_reco_vs_nt_reco": {
                "r2": 0.59,
                "rmse": 1
            },
            "val_r2": 0.9303
        }
    },
    "experiment_25": {
        "run_type": "Custom",
        "gpp_inputs": [
            "SW_IN",
            "VPD",
            "TA",
            "WTD",
            "WS",
            "PotRad",
            "PotRadHalfHourlyDiff",
            "PotRadDailyAvg",
            "WD_COS",
            "WD_SIN",
            "GPP_PROX"
        ],
        "reco_inputs": [
            "DOY_sin",
            "DOY_cos",
            "TA",
            "TS_1",
            "TS_2",
            "TS_3",
            "TS_4",
            "WTD",
            "WS",
            "WD_COS",
            "WD_SIN",
            "NIGHTLY_NEE_AVG"
        ],
        "metrics": {
            "dt_gpp_vs_model": {
                "r2": 0.94,
                "rmse": 1.32
            },
            "nt_gpp_vs_model": {
                "r2": 0.94,
                "rmse": 1.46
            },
            "dt_reco_vs_model": {
                "r2": 0.61,
                "rmse": 1.19
            },
            "nt_reco_vs_model": {
                "r2": 0.77,
                "rmse": 0.76
            },
            "night_hours_true_nee_vs_night_hours_model_reco": {
                "r2": 0.72,
                "rmse": 0.8
            },
            "night_hours_true_nee_vs_night_hours_model_nee": {
                "r2": 0.74,
                "rmse": 0.77
            },
            "dt_gpp_vs_nt_gpp": {
                "r2": 0.88,
                "rmse": 1.9
            },
            "dt_reco_vs_nt_reco": {
                "r2": 0.59,
                "rmse": 1
            },
            "val_r2": 0.9236
        }
    },
    "experiment_26": {
        "run_type": "Custom",
        "gpp_inputs": [
            "SW_IN",
            "VPD",
            "TA",
            "WTD",
            "WS",
            "PotRad",
            "PotRadHalfHourlyDiff",
            "PotRadDailyAvg",
            "PotRadDailyDiff",
            "WD_SIN",
            "GPP_PROX"
        ],
        "reco_inputs": [
            "DOY_sin",
            "DOY_cos",
            "TA",
            "TS_1",
            "TS_2",
            "TS_3",
            "TS_4",
            "WTD",
            "WS",
            "WD_COS",
            "WD_SIN",
            "NIGHTLY_NEE_AVG"
        ],
        "metrics": {
            "dt_gpp_vs_model": {
                "r2": 0.92,
                "rmse": 1.6
            },
            "nt_gpp_vs_model": {
                "r2": 0.91,
                "rmse": 1.68
            },
            "dt_reco_vs_model": {
                "r2": 0.24,
                "rmse": 1.67
            },
            "nt_reco_vs_model": {
                "r2": 0.49,
                "rmse": 1.13
            },
            "night_hours_true_nee_vs_night_hours_model_reco": {
                "r2": 0.43,
                "rmse": 1.13
            },
            "night_hours_true_nee_vs_night_hours_model_nee": {
                "r2": 0.7,
                "rmse": 0.83
            },
            "dt_gpp_vs_nt_gpp": {
                "r2": 0.88,
                "rmse": 1.9
            },
            "dt_reco_vs_nt_reco": {
                "r2": 0.59,
                "rmse": 1
            },
            "val_r2": 0.9241
        }
    },
    "experiment_27": {
        "run_type": "Custom",
        "gpp_inputs": [
            "SW_IN",
            "VPD",
            "TA",
            "WTD",
            "WS",
            "PotRad",
            "PotRadHalfHourlyDiff",
            "PotRadDailyAvg",
            "PotRadDailyDiff",
            "WD_COS",
            "GPP_PROX"
        ],
        "reco_inputs": [
            "DOY_sin",
            "DOY_cos",
            "TA",
            "TS_1",
            "TS_2",
            "TS_3",
            "TS_4",
            "WTD",
            "WS",
            "WD_COS",
            "WD_SIN",
            "NIGHTLY_NEE_AVG"
        ],
        "metrics": {
            "dt_gpp_vs_model": {
                "r2": 0.93,
                "rmse": 1.5
            },
            "nt_gpp_vs_model": {
                "r2": 0.93,
                "rmse": 1.53
            },
            "dt_reco_vs_model": {
                "r2": 0.46,
                "rmse": 1.4
            },
            "nt_reco_vs_model": {
                "r2": 0.65,
                "rmse": 0.94
            },
            "night_hours_true_nee_vs_night_hours_model_reco": {
                "r2": 0.72,
                "rmse": 0.8
            },
            "night_hours_true_nee_vs_night_hours_model_nee": {
                "r2": 0.72,
                "rmse": 0.79
            },
            "dt_gpp_vs_nt_gpp": {
                "r2": 0.88,
                "rmse": 1.9
            },
            "dt_reco_vs_nt_reco": {
                "r2": 0.59,
                "rmse": 1
            },
            "val_r2": 0.9302
        }
    },
    "experiment_28": {
        "run_type": "Custom",
        "gpp_inputs": [
            "SW_IN",
            "VPD",
            "TA",
            "WTD",
            "WS",
            "PotRad",
            "PotRadHalfHourlyDiff",
            "PotRadDailyAvg",
            "PotRadDailyDiff",
            "WD_COS",
            "WD_SIN"
        ],
        "reco_inputs": [
            "DOY_sin",
            "DOY_cos",
            "TA",
            "TS_1",
            "TS_2",
            "TS_3",
            "TS_4",
            "WTD",
            "WS",
            "WD_COS",
            "WD_SIN",
            "NIGHTLY_NEE_AVG"
        ],
        "metrics": {
            "dt_gpp_vs_model": {
                "r2": 0.67,
                "rmse": 3.18
            },
            "nt_gpp_vs_model": {
                "r2": 0.72,
                "rmse": 3.02
            },
            "dt_reco_vs_model": {
                "r2": -1.68,
                "rmse": 3.13
            },
            "nt_reco_vs_model": {
                "r2": -1.88,
                "rmse": 2.69
            },
            "night_hours_true_nee_vs_night_hours_model_reco": {
                "r2": -2.14,
                "rmse": 2.67
            },
            "night_hours_true_nee_vs_night_hours_model_nee": {
                "r2": 0.66,
                "rmse": 0.87
            },
            "dt_gpp_vs_nt_gpp": {
                "r2": 0.88,
                "rmse": 1.9
            },
            "dt_reco_vs_nt_reco": {
                "r2": 0.59,
                "rmse": 1
            },
            "val_r2": 0.9039
        }
    },
    "experiment_29": {
        "run_type": "Custom",
        "gpp_inputs": [
            "SW_IN",
            "VPD",
            "TA",
            "WTD",
            "WS",
            "PotRad",
            "PotRadHalfHourlyDiff",
            "PotRadDailyAvg",
            "PotRadDailyDiff",
            "WD_COS",
            "WD_SIN",
            "GPP_PROX"
        ],
        "reco_inputs": [
            "DOY_cos",
            "TA",
            "TS_1",
            "TS_2",
            "TS_3",
            "TS_4",
            "WTD",
            "WS",
            "WD_COS",
            "WD_SIN",
            "NIGHTLY_NEE_AVG"
        ],
        "metrics": {
            "dt_gpp_vs_model": {
                "r2": 0.92,
                "rmse": 1.56
            },
            "nt_gpp_vs_model": {
                "r2": 0.93,
                "rmse": 1.55
            },
            "dt_reco_vs_model": {
                "r2": 0.5,
                "rmse": 1.35
            },
            "nt_reco_vs_model": {
                "r2": 0.64,
                "rmse": 0.95
            },
            "night_hours_true_nee_vs_night_hours_model_reco": {
                "r2": 0.74,
                "rmse": 0.78
            },
            "night_hours_true_nee_vs_night_hours_model_nee": {
                "r2": 0.72,
                "rmse": 0.79
            },
            "dt_gpp_vs_nt_gpp": {
                "r2": 0.88,
                "rmse": 1.9
            },
            "dt_reco_vs_nt_reco": {
                "r2": 0.59,
                "rmse": 1
            },
            "val_r2": 0.9273
        }
    },
    "experiment_30": {
        "run_type": "Custom",
        "gpp_inputs": [
            "SW_IN",
            "VPD",
            "TA",
            "WTD",
            "WS",
            "PotRad",
            "PotRadHalfHourlyDiff",
            "PotRadDailyAvg",
            "PotRadDailyDiff",
            "WD_COS",
            "WD_SIN",
            "GPP_PROX"
        ],
        "reco_inputs": [
            "DOY_sin",
            "TA",
            "TS_1",
            "TS_2",
            "TS_3",
            "TS_4",
            "WTD",
            "WS",
            "WD_COS",
            "WD_SIN",
            "NIGHTLY_NEE_AVG"
        ],
        "metrics": {
            "dt_gpp_vs_model": {
                "r2": 0.92,
                "rmse": 1.56
            },
            "nt_gpp_vs_model": {
                "r2": 0.93,
                "rmse": 1.54
            },
            "dt_reco_vs_model": {
                "r2": 0.51,
                "rmse": 1.34
            },
            "nt_reco_vs_model": {
                "r2": 0.65,
                "rmse": 0.94
            },
            "night_hours_true_nee_vs_night_hours_model_reco": {
                "r2": 0.74,
                "rmse": 0.77
            },
            "night_hours_true_nee_vs_night_hours_model_nee": {
                "r2": 0.72,
                "rmse": 0.79
            },
            "dt_gpp_vs_nt_gpp": {
                "r2": 0.88,
                "rmse": 1.9
            },
            "dt_reco_vs_nt_reco": {
                "r2": 0.59,
                "rmse": 1
            },
            "val_r2": 0.926
        }
    },
    "experiment_31": {
        "run_type": "Custom",
        "gpp_inputs": [
            "SW_IN",
            "VPD",
            "TA",
            "WTD",
            "WS",
            "PotRad",
            "PotRadHalfHourlyDiff",
            "PotRadDailyAvg",
            "PotRadDailyDiff",
            "WD_COS",
            "WD_SIN",
            "GPP_PROX"
        ],
        "reco_inputs": [
            "DOY_sin",
            "DOY_cos",
            "TS_1",
            "TS_2",
            "TS_3",
            "TS_4",
            "WTD",
            "WS",
            "WD_COS",
            "WD_SIN",
            "NIGHTLY_NEE_AVG"
        ],
        "metrics": {
            "dt_gpp_vs_model": {
                "r2": 0.93,
                "rmse": 1.47
            },
            "nt_gpp_vs_model": {
                "r2": 0.94,
                "rmse": 1.46
            },
            "dt_reco_vs_model": {
                "r2": 0.57,
                "rmse": 1.25
            },
            "nt_reco_vs_model": {
                "r2": 0.74,
                "rmse": 0.81
            },
            "night_hours_true_nee_vs_night_hours_model_reco": {
                "r2": 0.73,
                "rmse": 0.78
            },
            "night_hours_true_nee_vs_night_hours_model_nee": {
                "r2": 0.72,
                "rmse": 0.79
            },
            "dt_gpp_vs_nt_gpp": {
                "r2": 0.88,
                "rmse": 1.9
            },
            "dt_reco_vs_nt_reco": {
                "r2": 0.59,
                "rmse": 1
            },
            "val_r2": 0.9273
        }
    },
    "experiment_32": {
        "run_type": "Custom",
        "gpp_inputs": [
            "SW_IN",
            "VPD",
            "TA",
            "WTD",
            "WS",
            "PotRad",
            "PotRadHalfHourlyDiff",
            "PotRadDailyAvg",
            "PotRadDailyDiff",
            "WD_COS",
            "WD_SIN",
            "GPP_PROX"
        ],
        "reco_inputs": [
            "DOY_sin",
            "DOY_cos",
            "TA",
            "TS_2",
            "TS_3",
            "TS_4",
            "WTD",
            "WS",
            "WD_COS",
            "WD_SIN",
            "NIGHTLY_NEE_AVG"
        ],
        "metrics": {
            "dt_gpp_vs_model": {
                "r2": 0.93,
                "rmse": 1.49
            },
            "nt_gpp_vs_model": {
                "r2": 0.93,
                "rmse": 1.52
            },
            "dt_reco_vs_model": {
                "r2": 0.55,
                "rmse": 1.29
            },
            "nt_reco_vs_model": {
                "r2": 0.68,
                "rmse": 0.9
            },
            "night_hours_true_nee_vs_night_hours_model_reco": {
                "r2": 0.73,
                "rmse": 0.78
            },
            "night_hours_true_nee_vs_night_hours_model_nee": {
                "r2": 0.72,
                "rmse": 0.79
            },
            "dt_gpp_vs_nt_gpp": {
                "r2": 0.88,
                "rmse": 1.9
            },
            "dt_reco_vs_nt_reco": {
                "r2": 0.59,
                "rmse": 1
            },
            "val_r2": 0.927
        }
    },
    "experiment_33": {
        "run_type": "Custom",
        "gpp_inputs": [
            "SW_IN",
            "VPD",
            "TA",
            "WTD",
            "WS",
            "PotRad",
            "PotRadHalfHourlyDiff",
            "PotRadDailyAvg",
            "PotRadDailyDiff",
            "WD_COS",
            "WD_SIN",
            "GPP_PROX"
        ],
        "reco_inputs": [
            "DOY_sin",
            "DOY_cos",
            "TA",
            "TS_1",
            "TS_3",
            "TS_4",
            "WTD",
            "WS",
            "WD_COS",
            "WD_SIN",
            "NIGHTLY_NEE_AVG"
        ],
        "metrics": {
            "dt_gpp_vs_model": {
                "r2": 0.93,
                "rmse": 1.47
            },
            "nt_gpp_vs_model": {
                "r2": 0.93,
                "rmse": 1.51
            },
            "dt_reco_vs_model": {
                "r2": 0.56,
                "rmse": 1.27
            },
            "nt_reco_vs_model": {
                "r2": 0.68,
                "rmse": 0.9
            },
            "night_hours_true_nee_vs_night_hours_model_reco": {
                "r2": 0.73,
                "rmse": 0.78
            },
            "night_hours_true_nee_vs_night_hours_model_nee": {
                "r2": 0.72,
                "rmse": 0.79
            },
            "dt_gpp_vs_nt_gpp": {
                "r2": 0.88,
                "rmse": 1.9
            },
            "dt_reco_vs_nt_reco": {
                "r2": 0.59,
                "rmse": 1
            },
            "val_r2": 0.9269
        }
    },
    "experiment_34": {
        "run_type": "Custom",
        "gpp_inputs": [
            "SW_IN",
            "VPD",
            "TA",
            "WTD",
            "WS",
            "PotRad",
            "PotRadHalfHourlyDiff",
            "PotRadDailyAvg",
            "PotRadDailyDiff",
            "WD_COS",
            "WD_SIN",
            "GPP_PROX"
        ],
        "reco_inputs": [
            "DOY_sin",
            "DOY_cos",
            "TA",
            "TS_1",
            "TS_2",
            "TS_4",
            "WTD",
            "WS",
            "WD_COS",
            "WD_SIN",
            "NIGHTLY_NEE_AVG"
        ],
        "metrics": {
            "dt_gpp_vs_model": {
                "r2": 0.93,
                "rmse": 1.49
            },
            "nt_gpp_vs_model": {
                "r2": 0.93,
                "rmse": 1.54
            },
            "dt_reco_vs_model": {
                "r2": 0.54,
                "rmse": 1.3
            },
            "nt_reco_vs_model": {
                "r2": 0.64,
                "rmse": 0.95
            },
            "night_hours_true_nee_vs_night_hours_model_reco": {
                "r2": 0.73,
                "rmse": 0.78
            },
            "night_hours_true_nee_vs_night_hours_model_nee": {
                "r2": 0.72,
                "rmse": 0.8
            },
            "dt_gpp_vs_nt_gpp": {
                "r2": 0.88,
                "rmse": 1.9
            },
            "dt_reco_vs_nt_reco": {
                "r2": 0.59,
                "rmse": 1
            },
            "val_r2": 0.9282
        }
    },
    "experiment_35": {
        "run_type": "Custom",
        "gpp_inputs": [
            "SW_IN",
            "VPD",
            "TA",
            "WTD",
            "WS",
            "PotRad",
            "PotRadHalfHourlyDiff",
            "PotRadDailyAvg",
            "PotRadDailyDiff",
            "WD_COS",
            "WD_SIN",
            "GPP_PROX"
        ],
        "reco_inputs": [
            "DOY_sin",
            "DOY_cos",
            "TA",
            "TS_1",
            "TS_2",
            "TS_3",
            "WTD",
            "WS",
            "WD_COS",
            "WD_SIN",
            "NIGHTLY_NEE_AVG"
        ],
        "metrics": {
            "dt_gpp_vs_model": {
                "r2": 0.92,
                "rmse": 1.51
            },
            "nt_gpp_vs_model": {
                "r2": 0.93,
                "rmse": 1.57
            },
            "dt_reco_vs_model": {
                "r2": 0.51,
                "rmse": 1.34
            },
            "nt_reco_vs_model": {
                "r2": 0.62,
                "rmse": 0.97
            },
            "night_hours_true_nee_vs_night_hours_model_reco": {
                "r2": 0.73,
                "rmse": 0.78
            },
            "night_hours_true_nee_vs_night_hours_model_nee": {
                "r2": 0.72,
                "rmse": 0.8
            },
            "dt_gpp_vs_nt_gpp": {
                "r2": 0.88,
                "rmse": 1.9
            },
            "dt_reco_vs_nt_reco": {
                "r2": 0.59,
                "rmse": 1
            },
            "val_r2": 0.9265
        }
    },
    "experiment_36": {
        "run_type": "Custom",
        "gpp_inputs": [
            "SW_IN",
            "VPD",
            "TA",
            "WTD",
            "WS",
            "PotRad",
            "PotRadHalfHourlyDiff",
            "PotRadDailyAvg",
            "PotRadDailyDiff",
            "WD_COS",
            "WD_SIN",
            "GPP_PROX"
        ],
        "reco_inputs": [
            "DOY_sin",
            "DOY_cos",
            "TA",
            "TS_1",
            "TS_2",
            "TS_3",
            "TS_4",
            "WS",
            "WD_COS",
            "WD_SIN",
            "NIGHTLY_NEE_AVG"
        ],
        "metrics": {
            "dt_gpp_vs_model": {
                "r2": 0.92,
                "rmse": 1.54
            },
            "nt_gpp_vs_model": {
                "r2": 0.93,
                "rmse": 1.56
            },
            "dt_reco_vs_model": {
                "r2": 0.5,
                "rmse": 1.35
            },
            "nt_reco_vs_model": {
                "r2": 0.62,
                "rmse": 0.98
            },
            "night_hours_true_nee_vs_night_hours_model_reco": {
                "r2": 0.75,
                "rmse": 0.76
            },
            "night_hours_true_nee_vs_night_hours_model_nee": {
                "r2": 0.74,
                "rmse": 0.78
            },
            "dt_gpp_vs_nt_gpp": {
                "r2": 0.88,
                "rmse": 1.9
            },
            "dt_reco_vs_nt_reco": {
                "r2": 0.59,
                "rmse": 1
            },
            "val_r2": 0.9312
        }
    },
    "experiment_37": {
        "run_type": "Custom",
        "gpp_inputs": [
            "SW_IN",
            "VPD",
            "TA",
            "WTD",
            "WS",
            "PotRad",
            "PotRadHalfHourlyDiff",
            "PotRadDailyAvg",
            "PotRadDailyDiff",
            "WD_COS",
            "WD_SIN",
            "GPP_PROX"
        ],
        "reco_inputs": [
            "DOY_sin",
            "DOY_cos",
            "TA",
            "TS_1",
            "TS_2",
            "TS_3",
            "TS_4",
            "WTD",
            "WD_COS",
            "WD_SIN",
            "NIGHTLY_NEE_AVG"
        ],
        "metrics": {
            "dt_gpp_vs_model": {
                "r2": 0.93,
                "rmse": 1.5
            },
            "nt_gpp_vs_model": {
                "r2": 0.93,
                "rmse": 1.49
            },
            "dt_reco_vs_model": {
                "r2": 0.54,
                "rmse": 1.29
            },
            "nt_reco_vs_model": {
                "r2": 0.69,
                "rmse": 0.89
            },
            "night_hours_true_nee_vs_night_hours_model_reco": {
                "r2": 0.75,
                "rmse": 0.76
            },
            "night_hours_true_nee_vs_night_hours_model_nee": {
                "r2": 0.74,
                "rmse": 0.77
            },
            "dt_gpp_vs_nt_gpp": {
                "r2": 0.88,
                "rmse": 1.9
            },
            "dt_reco_vs_nt_reco": {
                "r2": 0.59,
                "rmse": 1
            },
            "val_r2": 0.9332
        }
    },
    "experiment_38": {
        "run_type": "Custom",
        "gpp_inputs": [
            "SW_IN",
            "VPD",
            "TA",
            "WTD",
            "WS",
            "PotRad",
            "PotRadHalfHourlyDiff",
            "PotRadDailyAvg",
            "PotRadDailyDiff",
            "WD_COS",
            "WD_SIN",
            "GPP_PROX"
        ],
        "reco_inputs": [
            "DOY_sin",
            "DOY_cos",
            "TA",
            "TS_1",
            "TS_2",
            "TS_3",
            "TS_4",
            "WTD",
            "WS",
            "WD_SIN",
            "NIGHTLY_NEE_AVG"
        ],
        "metrics": {
            "dt_gpp_vs_model": {
                "r2": 0.92,
                "rmse": 1.54
            },
            "nt_gpp_vs_model": {
                "r2": 0.93,
                "rmse": 1.56
            },
            "dt_reco_vs_model": {
                "r2": 0.52,
                "rmse": 1.33
            },
            "nt_reco_vs_model": {
                "r2": 0.65,
                "rmse": 0.94
            },
            "night_hours_true_nee_vs_night_hours_model_reco": {
                "r2": 0.74,
                "rmse": 0.78
            },
            "night_hours_true_nee_vs_night_hours_model_nee": {
                "r2": 0.73,
                "rmse": 0.79
            },
            "dt_gpp_vs_nt_gpp": {
                "r2": 0.88,
                "rmse": 1.9
            },
            "dt_reco_vs_nt_reco": {
                "r2": 0.59,
                "rmse": 1
            },
            "val_r2": 0.9259
        }
    },
    "experiment_39": {
        "run_type": "Custom",
        "gpp_inputs": [
            "SW_IN",
            "VPD",
            "TA",
            "WTD",
            "WS",
            "PotRad",
            "PotRadHalfHourlyDiff",
            "PotRadDailyAvg",
            "PotRadDailyDiff",
            "WD_COS",
            "WD_SIN",
            "GPP_PROX"
        ],
        "reco_inputs": [
            "DOY_sin",
            "DOY_cos",
            "TA",
            "TS_1",
            "TS_2",
            "TS_3",
            "TS_4",
            "WTD",
            "WS",
            "WD_COS",
            "NIGHTLY_NEE_AVG"
        ],
        "metrics": {
            "dt_gpp_vs_model": {
                "r2": 0.92,
                "rmse": 1.56
            },
            "nt_gpp_vs_model": {
                "r2": 0.93,
                "rmse": 1.54
            },
            "dt_reco_vs_model": {
                "r2": 0.52,
                "rmse": 1.32
            },
            "nt_reco_vs_model": {
                "r2": 0.66,
                "rmse": 0.92
            },
            "night_hours_true_nee_vs_night_hours_model_reco": {
                "r2": 0.74,
                "rmse": 0.77
            },
            "night_hours_true_nee_vs_night_hours_model_nee": {
                "r2": 0.72,
                "rmse": 0.79
            },
            "dt_gpp_vs_nt_gpp": {
                "r2": 0.88,
                "rmse": 1.9
            },
            "dt_reco_vs_nt_reco": {
                "r2": 0.59,
                "rmse": 1
            },
            "val_r2": 0.9275
        }
    },
    "experiment_40": {
        "run_type": "Custom",
        "gpp_inputs": [
            "SW_IN",
            "VPD",
            "TA",
            "WTD",
            "WS",
            "PotRad",
            "PotRadHalfHourlyDiff",
            "PotRadDailyAvg",
            "PotRadDailyDiff",
            "WD_COS",
            "WD_SIN",
            "GPP_PROX"
        ],
        "reco_inputs": [
            "DOY_sin",
            "DOY_cos",
            "TA",
            "TS_1",
            "TS_2",
            "TS_3",
            "TS_4",
            "WTD",
            "WS",
            "WD_COS",
            "WD_SIN"
        ],
        "metrics": {
            "dt_gpp_vs_model": {
                "r2": 0.92,
                "rmse": 1.52
            },
            "nt_gpp_vs_model": {
                "r2": 0.93,
                "rmse": 1.53
            },
            "dt_reco_vs_model": {
                "r2": 0.56,
                "rmse": 1.27
            },
            "nt_reco_vs_model": {
                "r2": 0.64,
                "rmse": 0.95
            },
            "night_hours_true_nee_vs_night_hours_model_reco": {
                "r2": 0.68,
                "rmse": 0.85
            },
            "night_hours_true_nee_vs_night_hours_model_nee": {
                "r2": 0.67,
                "rmse": 0.86
            },
            "dt_gpp_vs_nt_gpp": {
                "r2": 0.88,
                "rmse": 1.9
            },
            "dt_reco_vs_nt_reco": {
                "r2": 0.59,
                "rmse": 1
            },
            "val_r2": 0.9245
        }
    }
}
0.7379,0.63,0.64,-0.61,-1.07,0.3,0.31
0.7784,0.77,0.76,-0.08,0.08,0.36,0.39
-0.0403,-0.27,-0.28,-0.86,-1.63,-1.11,-1.11
0.7869,0.78,0.79,0.11,0.3,0.43,0.39
0.7894,0.73,0.75,-0.29,-0.28,0.33,0.33
0.7271,0.75,0.74,-0.89,-1.67,-1.16,-1.2
0.7786,0.79,0.78,-0.93,-1.5,-0.99,-0.96
0.8633,0.8,0.85,-0.05,0.12,0.34,0.42
-0.0419,-0.27,-0.28,-0.89,-1.67,-1.16,-1.16
0.8174,0.81,0.84,0.38,0.6,0.51,0.51
0.9276,0.68,0.73,-1.64,-1.98,-3.05,0.73
0.8224,0.83,0.82,-0.89,-1.67,-1.16,-1.17
0.9319,0.92,0.94,0.49,0.68,0.74,0.73
0.9338,0.93,0.95,0.61,0.81,0.73,0.72
0.9358,-16.88,-15.19,-147.84,-212.23,-249.66,0.74
0.8325,0.83,0.83,-0.89,-1.67,-1.16,-1.17

0.901,0.89,0.91,0.47,0.62,0.75,0.73
0.9292,0.93,0.94,0.66,0.77,0.75,0.74
0.9289,0.93,0.93,0.51,0.66,0.76,0.75
0.9286,0.93,0.94,0.58,0.75,0.75,0.74
0.9317,0.93,0.94,0.61,0.77,0.76,0.75
0.9222,0.87,0.88,-0.25,0.01,-0.33,0.69
0.9301,0.94,0.94,0.64,0.79,0.76,0.75
0.9303,0.93,0.94,0.58,0.77,0.76,0.75
0.9236,0.94,0.94,0.61,0.77,0.72,0.74
0.9241,0.92,0.91,0.24,0.49,0.43,0.7
0.9302,0.93,0.93,0.46,0.65,0.72,0.72
0.9039,0.67,0.72,-1.68,-1.88,-2.14,0.66

0.9273,0.92,0.93,0.5,0.64,0.74,0.72
0.926,0.92,0.93,0.51,0.65,0.74,0.72
0.9273,0.93,0.94,0.57,0.74,0.73,0.72
0.927,0.93,0.93,0.55,0.68,0.73,0.72
0.9269,0.93,0.93,0.56,0.68,0.73,0.72
0.9282,0.93,0.93,0.54,0.64,0.73,0.72
0.9265,0.92,0.93,0.51,0.62,0.73,0.72
0.9312,0.92,0.93,0.5,0.62,0.75,0.74
0.9332,0.93,0.93,0.54,0.69,0.75,0.74
0.9259,0.92,0.93,0.52,0.65,0.74,0.73
0.9275,0.92,0.93,0.52,0.66,0.74,0.72
0.9245,0.92,0.93,0.56,0.64,0.68,0.67
Compare DT and NT methods' Reco predictions during night to true nee measured during night
night_hours_true_nee_vs_night_hours_dt_reco R2 0.38,
night_hours_true_nee_vs_night_hours_nt_reco R2 0.72,
Run ended at:   2025-09-26 13:13:35
Total duration: 0:03:17 (hh:mm:ss)
