created virtual environment CPython3.10.13.final.0-64 in 27315ms
  creator CPython3Posix(dest=/localscratch/onurk.65754406.0/env, clear=False, no_vcs_ignore=False, global=False)
  seeder FromAppData(download=False, pip=bundle, setuptools=bundle, wheel=bundle, via=copy, app_data_dir=/home/onurk/.local/share/virtualenv)
    added seed packages: pip==25.1.1, setuptools==80.9.0, wheel==0.45.1+computecanada
  activators BashActivator,CShellActivator,FishActivator,NushellActivator,PowerShellActivator,PythonActivator
Looking in links: /cvmfs/soft.computecanada.ca/custom/python/wheelhouse/gentoo2023/x86-64-v3, /cvmfs/soft.computecanada.ca/custom/python/wheelhouse/gentoo2023/generic, /cvmfs/soft.computecanada.ca/custom/python/wheelhouse/generic
Processing /cvmfs/soft.computecanada.ca/custom/python/wheelhouse/gentoo2023/x86-64-v3/torch-2.6.0+computecanada-cp310-cp310-linux_x86_64.whl
Processing /cvmfs/soft.computecanada.ca/custom/python/wheelhouse/generic/filelock-3.18.0+computecanada-py3-none-any.whl (from torch)
Requirement already satisfied: typing-extensions>=4.10.0 in /cvmfs/soft.computecanada.ca/easybuild/software/2023/x86-64-v3/Compiler/gcccore/ipykernel/2025a/lib/python3.10/site-packages (from torch) (4.12.2+computecanada)
Processing /cvmfs/soft.computecanada.ca/custom/python/wheelhouse/generic/networkx-3.5+computecanada-py3-none-any.whl (from torch)
Processing /cvmfs/soft.computecanada.ca/custom/python/wheelhouse/generic/jinja2-3.1.6+computecanada-py3-none-any.whl (from torch)
Processing /cvmfs/soft.computecanada.ca/custom/python/wheelhouse/generic/fsspec-2025.7.0+computecanada-py3-none-any.whl (from torch)
Processing /cvmfs/soft.computecanada.ca/custom/python/wheelhouse/generic/sympy-1.13.1+computecanada-py3-none-any.whl (from torch)
Requirement already satisfied: mpmath<1.4,>=1.1.0 in /cvmfs/soft.computecanada.ca/easybuild/software/2023/x86-64-v3/Compiler/gcccore/scipy-stack/2025a/lib/python3.10/site-packages (from sympy==1.13.1->torch) (1.3.0+computecanada)
Processing /cvmfs/soft.computecanada.ca/custom/python/wheelhouse/generic/MarkupSafe-2.1.5+computecanada-cp310-cp310-linux_x86_64.whl (from jinja2->torch)
INFO: pip is looking at multiple versions of networkx to determine which version is compatible with other requirements. This could take a while.
Processing /cvmfs/soft.computecanada.ca/custom/python/wheelhouse/generic/networkx-3.4.2+computecanada-py3-none-any.whl (from torch)
Installing collected packages: sympy, networkx, MarkupSafe, fsspec, filelock, jinja2, torch
  Attempting uninstall: sympy
    Found existing installation: sympy 1.13.3+computecanada
    Not uninstalling sympy at /cvmfs/soft.computecanada.ca/easybuild/software/2023/x86-64-v3/Compiler/gcccore/scipy-stack/2025a/lib/python3.10/site-packages, outside environment /localscratch/onurk.65754406.0/env
    Can't uninstall 'sympy'. No files were found to uninstall.

Successfully installed MarkupSafe-2.1.5+computecanada filelock-3.18.0+computecanada fsspec-2025.7.0+computecanada jinja2-3.1.6+computecanada networkx-3.4.2+computecanada sympy-1.13.1+computecanada torch-2.6.0+computecanada
pre_processing: False      drop_na: False       normalize_raw_features: False       train_models: True       save_models: True       hidden_size: 12       tramontana_run: False       
Site name: USSRR      Full file name: USSRR_nee_partition_201601020000_201712312359.csv      
Run started at: 2025-08-12 08:04:56
gpp_input_names,  ['SW_IN', 'TA'] 
reco_input_names,  ['DOY_sin', 'DOY_cos', 'TA'] 
true_nee_name,  ['NEE'] 

Custom Running on GPU With hidden layer size of 12 Total epochs: 100000 lr: 0.001 patience: 500 min_delta 0.01
SNN_GPP(
  (net): Sequential(
    (0): Linear(in_features=2, out_features=12, bias=True)
    (1): ReLU()
    (2): Linear(in_features=12, out_features=1, bias=True)
    (3): ReLU()
  )
)
SNN_RECO(
  (net): Sequential(
    (0): Linear(in_features=3, out_features=12, bias=True)
    (1): ReLU()
    (2): Linear(in_features=12, out_features=1, bias=True)
    (3): ReLU()
  )
)
Custom will use the Tram vars
Params are min slope: 2e-06, trend window: 100
Epoch     0 | Train Loss: 0.067072 | Val Loss: 0.066959 | Train R²: -0.0336 | Val R²: -0.0332
Early stopping at epoch 99 due to flat/negative trend (slope=0.000000)
Epoch    99 | Train Loss: 0.067072 | Val Loss: 0.066959 | Train R²: -0.0336 | Val R²: -0.0332
Unpickling models
Following models have been loaded and moved to cuda:
trained gpp model:
 SNN_GPP(
  (net): Sequential(
    (0): Linear(in_features=2, out_features=12, bias=True)
    (1): ReLU()
    (2): Linear(in_features=12, out_features=1, bias=True)
    (3): ReLU()
  )
), trained_reco_model:
 SNN_RECO(
  (net): Sequential(
    (0): Linear(in_features=3, out_features=12, bias=True)
    (1): ReLU()
    (2): Linear(in_features=12, out_features=1, bias=True)
    (3): ReLU()
  )
)
using full data set for visualization
Un-normalizing the GPP and RECO predictions using NEE min: tensor([-28.5722]), NEE max: tensor([17.2922])



Metrics for the Custom, with
GPP inputs: ['SW_IN', 'TA']
RECO inputs: ['DOY_sin', 'DOY_cos', 'TA']:
DT_GPP vs Custom_GPP R²=-0.50 RMSE=9.94
NT_GPP vs Custom_GPP R²=-0.52 RMSE=11.39
DT_RECO vs Custom_RECO R²=-2.46 RMSE=4.79
NT_RECO vs Custom_RECO R²=-2.41 RMSE=6.36
DT_GPP vs NT_GPP R²=0.90 RMSE=2.55
DT_RECO vs NT_RECO R²=0.24 RMSE=2.00

gpp_input_names,  ['SW_IN', 'TA', 'VPD'] 
reco_input_names,  ['DOY_sin', 'DOY_cos', 'TA'] 
true_nee_name,  ['NEE'] 

Custom Running on GPU With hidden layer size of 12 Total epochs: 100000 lr: 0.001 patience: 500 min_delta 0.01
SNN_GPP(
  (net): Sequential(
    (0): Linear(in_features=3, out_features=12, bias=True)
    (1): ReLU()
    (2): Linear(in_features=12, out_features=1, bias=True)
    (3): ReLU()
  )
)
SNN_RECO(
  (net): Sequential(
    (0): Linear(in_features=3, out_features=12, bias=True)
    (1): ReLU()
    (2): Linear(in_features=12, out_features=1, bias=True)
    (3): ReLU()
  )
)
Custom will use the Tram vars
Params are min slope: 2e-06, trend window: 100
Epoch     0 | Train Loss: 0.031177 | Val Loss: 0.030851 | Train R²: 0.5196 | Val R²: 0.5239
Epoch   500 | Train Loss: 0.018957 | Val Loss: 0.019044 | Train R²: 0.7079 | Val R²: 0.7061
Epoch  1000 | Train Loss: 0.018360 | Val Loss: 0.018524 | Train R²: 0.7171 | Val R²: 0.7142
Epoch  1500 | Train Loss: 0.018233 | Val Loss: 0.018409 | Train R²: 0.7190 | Val R²: 0.7159
Early stopping at epoch 1619 due to flat/negative trend (slope=0.000002)
Epoch  1619 | Train Loss: 0.018220 | Val Loss: 0.018393 | Train R²: 0.7192 | Val R²: 0.7162
Unpickling models
Following models have been loaded and moved to cuda:
trained gpp model:
 SNN_GPP(
  (net): Sequential(
    (0): Linear(in_features=3, out_features=12, bias=True)
    (1): ReLU()
    (2): Linear(in_features=12, out_features=1, bias=True)
    (3): ReLU()
  )
), trained_reco_model:
 SNN_RECO(
  (net): Sequential(
    (0): Linear(in_features=3, out_features=12, bias=True)
    (1): ReLU()
    (2): Linear(in_features=12, out_features=1, bias=True)
    (3): ReLU()
  )
)
using full data set for visualization
Un-normalizing the GPP and RECO predictions using NEE min: tensor([-28.5722]), NEE max: tensor([17.2922])



Metrics for the Custom, with
GPP inputs: ['SW_IN', 'TA', 'VPD']
RECO inputs: ['DOY_sin', 'DOY_cos', 'TA']:
DT_GPP vs Custom_GPP R²=0.70 RMSE=4.45
NT_GPP vs Custom_GPP R²=0.56 RMSE=6.09
DT_RECO vs Custom_RECO R²=-2.46 RMSE=4.79
NT_RECO vs Custom_RECO R²=-2.41 RMSE=6.36
DT_GPP vs NT_GPP R²=0.90 RMSE=2.55
DT_RECO vs NT_RECO R²=0.24 RMSE=2.00

gpp_input_names,  ['SW_IN', 'TA', 'VPD', 'WS'] 
reco_input_names,  ['DOY_sin', 'DOY_cos', 'TA', 'WS'] 
true_nee_name,  ['NEE'] 

Custom Running on GPU With hidden layer size of 12 Total epochs: 100000 lr: 0.001 patience: 500 min_delta 0.01
SNN_GPP(
  (net): Sequential(
    (0): Linear(in_features=4, out_features=12, bias=True)
    (1): ReLU()
    (2): Linear(in_features=12, out_features=1, bias=True)
    (3): ReLU()
  )
)
SNN_RECO(
  (net): Sequential(
    (0): Linear(in_features=4, out_features=12, bias=True)
    (1): ReLU()
    (2): Linear(in_features=12, out_features=1, bias=True)
    (3): ReLU()
  )
)
Custom will use the Tram vars
Params are min slope: 2e-06, trend window: 100
Epoch     0 | Train Loss: 0.123492 | Val Loss: 0.122810 | Train R²: -0.9030 | Val R²: -0.8951
Epoch   500 | Train Loss: 0.064548 | Val Loss: 0.064727 | Train R²: 0.0053 | Val R²: 0.0012
Epoch  1000 | Train Loss: 0.063610 | Val Loss: 0.063790 | Train R²: 0.0198 | Val R²: 0.0156
Epoch  1500 | Train Loss: 0.063409 | Val Loss: 0.063610 | Train R²: 0.0229 | Val R²: 0.0184
Early stopping at epoch 1784 due to flat/negative trend (slope=0.000002)
Epoch  1784 | Train Loss: 0.063365 | Val Loss: 0.063556 | Train R²: 0.0236 | Val R²: 0.0193
Unpickling models
Following models have been loaded and moved to cuda:
trained gpp model:
 SNN_GPP(
  (net): Sequential(
    (0): Linear(in_features=4, out_features=12, bias=True)
    (1): ReLU()
    (2): Linear(in_features=12, out_features=1, bias=True)
    (3): ReLU()
  )
), trained_reco_model:
 SNN_RECO(
  (net): Sequential(
    (0): Linear(in_features=4, out_features=12, bias=True)
    (1): ReLU()
    (2): Linear(in_features=12, out_features=1, bias=True)
    (3): ReLU()
  )
)
using full data set for visualization
Un-normalizing the GPP and RECO predictions using NEE min: tensor([-28.5722]), NEE max: tensor([17.2922])



Metrics for the Custom, with
GPP inputs: ['SW_IN', 'TA', 'VPD', 'WS']
RECO inputs: ['DOY_sin', 'DOY_cos', 'TA', 'WS']:
DT_GPP vs Custom_GPP R²=-0.50 RMSE=9.94
NT_GPP vs Custom_GPP R²=-0.52 RMSE=11.39
DT_RECO vs Custom_RECO R²=-1.86 RMSE=4.36
NT_RECO vs Custom_RECO R²=-1.90 RMSE=5.86
DT_GPP vs NT_GPP R²=0.90 RMSE=2.55
DT_RECO vs NT_RECO R²=0.24 RMSE=2.00

gpp_input_names,  ['SW_IN', 'TA', 'VPD', 'WS', 'WD_COS', 'WD_SIN'] 
reco_input_names,  ['DOY_sin', 'DOY_cos', 'TA', 'WS', 'WD_COS', 'WD_SIN'] 
true_nee_name,  ['NEE'] 

Custom Running on GPU With hidden layer size of 12 Total epochs: 100000 lr: 0.001 patience: 500 min_delta 0.01
SNN_GPP(
  (net): Sequential(
    (0): Linear(in_features=6, out_features=12, bias=True)
    (1): ReLU()
    (2): Linear(in_features=12, out_features=1, bias=True)
    (3): ReLU()
  )
)
SNN_RECO(
  (net): Sequential(
    (0): Linear(in_features=6, out_features=12, bias=True)
    (1): ReLU()
    (2): Linear(in_features=12, out_features=1, bias=True)
    (3): ReLU()
  )
)
Custom will use the Tram vars
Params are min slope: 2e-06, trend window: 100
Epoch     0 | Train Loss: 0.204082 | Val Loss: 0.193917 | Train R²: -2.1448 | Val R²: -1.9924
Epoch   500 | Train Loss: 0.011334 | Val Loss: 0.011562 | Train R²: 0.8254 | Val R²: 0.8216
Epoch  1000 | Train Loss: 0.009642 | Val Loss: 0.009882 | Train R²: 0.8514 | Val R²: 0.8475
Epoch  1500 | Train Loss: 0.007352 | Val Loss: 0.007518 | Train R²: 0.8867 | Val R²: 0.8840
Epoch  2000 | Train Loss: 0.006522 | Val Loss: 0.006709 | Train R²: 0.8995 | Val R²: 0.8965
Epoch  2500 | Train Loss: 0.006262 | Val Loss: 0.006493 | Train R²: 0.9035 | Val R²: 0.8998
Epoch  3000 | Train Loss: 0.006115 | Val Loss: 0.006371 | Train R²: 0.9058 | Val R²: 0.9017
Early stopping at epoch 3120 due to flat/negative trend (slope=0.000002)
Epoch  3120 | Train Loss: 0.006091 | Val Loss: 0.006354 | Train R²: 0.9061 | Val R²: 0.9019
Unpickling models
Following models have been loaded and moved to cuda:
trained gpp model:
 SNN_GPP(
  (net): Sequential(
    (0): Linear(in_features=6, out_features=12, bias=True)
    (1): ReLU()
    (2): Linear(in_features=12, out_features=1, bias=True)
    (3): ReLU()
  )
), trained_reco_model:
 SNN_RECO(
  (net): Sequential(
    (0): Linear(in_features=6, out_features=12, bias=True)
    (1): ReLU()
    (2): Linear(in_features=12, out_features=1, bias=True)
    (3): ReLU()
  )
)
using full data set for visualization
Un-normalizing the GPP and RECO predictions using NEE min: tensor([-28.5722]), NEE max: tensor([17.2922])



Metrics for the Custom, with
GPP inputs: ['SW_IN', 'TA', 'VPD', 'WS', 'WD_COS', 'WD_SIN']
RECO inputs: ['DOY_sin', 'DOY_cos', 'TA', 'WS', 'WD_COS', 'WD_SIN']:
DT_GPP vs Custom_GPP R²=-0.18 RMSE=8.81
NT_GPP vs Custom_GPP R²=0.14 RMSE=8.53
DT_RECO vs Custom_RECO R²=-11.22 RMSE=9.00
NT_RECO vs Custom_RECO R²=-4.69 RMSE=8.21
DT_GPP vs NT_GPP R²=0.90 RMSE=2.55
DT_RECO vs NT_RECO R²=0.24 RMSE=2.00

gpp_input_names,  ['SW_IN', 'TA', 'VPD', 'WS', 'WD_COS', 'WD_SIN', 'WTD'] 
reco_input_names,  ['DOY_sin', 'DOY_cos', 'TA', 'WS', 'WD_COS', 'WD_SIN', 'WTD'] 
true_nee_name,  ['NEE'] 

Custom Running on GPU With hidden layer size of 12 Total epochs: 100000 lr: 0.001 patience: 500 min_delta 0.01
SNN_GPP(
  (net): Sequential(
    (0): Linear(in_features=7, out_features=12, bias=True)
    (1): ReLU()
    (2): Linear(in_features=12, out_features=1, bias=True)
    (3): ReLU()
  )
)
SNN_RECO(
  (net): Sequential(
    (0): Linear(in_features=7, out_features=12, bias=True)
    (1): ReLU()
    (2): Linear(in_features=12, out_features=1, bias=True)
    (3): ReLU()
  )
)
Custom will use the Tram vars
Params are min slope: 2e-06, trend window: 100
Epoch     0 | Train Loss: 0.083164 | Val Loss: 0.080424 | Train R²: -0.2815 | Val R²: -0.2410
Epoch   500 | Train Loss: 0.008456 | Val Loss: 0.008759 | Train R²: 0.8697 | Val R²: 0.8648
Epoch  1000 | Train Loss: 0.006969 | Val Loss: 0.007249 | Train R²: 0.8926 | Val R²: 0.8881
Epoch  1500 | Train Loss: 0.006097 | Val Loss: 0.006434 | Train R²: 0.9060 | Val R²: 0.9007
Epoch  2000 | Train Loss: 0.005480 | Val Loss: 0.005847 | Train R²: 0.9156 | Val R²: 0.9098
Epoch  2500 | Train Loss: 0.005205 | Val Loss: 0.005555 | Train R²: 0.9198 | Val R²: 0.9143
Epoch  3000 | Train Loss: 0.005028 | Val Loss: 0.005405 | Train R²: 0.9225 | Val R²: 0.9166
Early stopping at epoch 3442 due to flat/negative trend (slope=0.000002)
Epoch  3442 | Train Loss: 0.004924 | Val Loss: 0.005326 | Train R²: 0.9241 | Val R²: 0.9178
Unpickling models
Following models have been loaded and moved to cuda:
trained gpp model:
 SNN_GPP(
  (net): Sequential(
    (0): Linear(in_features=7, out_features=12, bias=True)
    (1): ReLU()
    (2): Linear(in_features=12, out_features=1, bias=True)
    (3): ReLU()
  )
), trained_reco_model:
 SNN_RECO(
  (net): Sequential(
    (0): Linear(in_features=7, out_features=12, bias=True)
    (1): ReLU()
    (2): Linear(in_features=12, out_features=1, bias=True)
    (3): ReLU()
  )
)
using full data set for visualization
Un-normalizing the GPP and RECO predictions using NEE min: tensor([-28.5722]), NEE max: tensor([17.2922])



Metrics for the Custom, with
GPP inputs: ['SW_IN', 'TA', 'VPD', 'WS', 'WD_COS', 'WD_SIN', 'WTD']
RECO inputs: ['DOY_sin', 'DOY_cos', 'TA', 'WS', 'WD_COS', 'WD_SIN', 'WTD']:
DT_GPP vs Custom_GPP R²=0.82 RMSE=3.40
NT_GPP vs Custom_GPP R²=0.80 RMSE=4.15
DT_RECO vs Custom_RECO R²=-0.72 RMSE=3.38
NT_RECO vs Custom_RECO R²=-0.02 RMSE=3.48
DT_GPP vs NT_GPP R²=0.90 RMSE=2.55
DT_RECO vs NT_RECO R²=0.24 RMSE=2.00

gpp_input_names,  ['SW_IN', 'TA', 'VPD', 'WS', 'WD_COS', 'WD_SIN', 'WTD', 'Salinity'] 
reco_input_names,  ['DOY_sin', 'DOY_cos', 'TA', 'WS', 'WD_COS', 'WD_SIN', 'WTD', 'Salinity'] 
true_nee_name,  ['NEE'] 

Custom Running on GPU With hidden layer size of 12 Total epochs: 100000 lr: 0.001 patience: 500 min_delta 0.01
SNN_GPP(
  (net): Sequential(
    (0): Linear(in_features=8, out_features=12, bias=True)
    (1): ReLU()
    (2): Linear(in_features=12, out_features=1, bias=True)
    (3): ReLU()
  )
)
SNN_RECO(
  (net): Sequential(
    (0): Linear(in_features=8, out_features=12, bias=True)
    (1): ReLU()
    (2): Linear(in_features=12, out_features=1, bias=True)
    (3): ReLU()
  )
)
Custom will use the Tram vars
Params are min slope: 2e-06, trend window: 100
Epoch     0 | Train Loss: 0.399829 | Val Loss: 0.388103 | Train R²: -5.1612 | Val R²: -4.9889
Epoch   500 | Train Loss: 0.012903 | Val Loss: 0.013310 | Train R²: 0.8012 | Val R²: 0.7946
Epoch  1000 | Train Loss: 0.007497 | Val Loss: 0.007804 | Train R²: 0.8845 | Val R²: 0.8796
Epoch  1500 | Train Loss: 0.006071 | Val Loss: 0.006377 | Train R²: 0.9064 | Val R²: 0.9016
Epoch  2000 | Train Loss: 0.005348 | Val Loss: 0.005738 | Train R²: 0.9176 | Val R²: 0.9115
Epoch  2500 | Train Loss: 0.004979 | Val Loss: 0.005382 | Train R²: 0.9233 | Val R²: 0.9170
Epoch  3000 | Train Loss: 0.004741 | Val Loss: 0.005158 | Train R²: 0.9269 | Val R²: 0.9204
Epoch  3500 | Train Loss: 0.004569 | Val Loss: 0.004986 | Train R²: 0.9296 | Val R²: 0.9231
Epoch  4000 | Train Loss: 0.004389 | Val Loss: 0.004790 | Train R²: 0.9324 | Val R²: 0.9261
Epoch  4500 | Train Loss: 0.004224 | Val Loss: 0.004626 | Train R²: 0.9349 | Val R²: 0.9286
Epoch  5000 | Train Loss: 0.004063 | Val Loss: 0.004437 | Train R²: 0.9374 | Val R²: 0.9315
Epoch  5500 | Train Loss: 0.003907 | Val Loss: 0.004292 | Train R²: 0.9398 | Val R²: 0.9338
Epoch  6000 | Train Loss: 0.003744 | Val Loss: 0.004151 | Train R²: 0.9423 | Val R²: 0.9359
Epoch  6500 | Train Loss: 0.003613 | Val Loss: 0.004034 | Train R²: 0.9443 | Val R²: 0.9378
Early stopping at epoch 6974 due to flat/negative trend (slope=0.000002)
Epoch  6974 | Train Loss: 0.003537 | Val Loss: 0.003961 | Train R²: 0.9455 | Val R²: 0.9389
Unpickling models
Following models have been loaded and moved to cuda:
trained gpp model:
 SNN_GPP(
  (net): Sequential(
    (0): Linear(in_features=8, out_features=12, bias=True)
    (1): ReLU()
    (2): Linear(in_features=12, out_features=1, bias=True)
    (3): ReLU()
  )
), trained_reco_model:
 SNN_RECO(
  (net): Sequential(
    (0): Linear(in_features=8, out_features=12, bias=True)
    (1): ReLU()
    (2): Linear(in_features=12, out_features=1, bias=True)
    (3): ReLU()
  )
)
using full data set for visualization
Un-normalizing the GPP and RECO predictions using NEE min: tensor([-28.5722]), NEE max: tensor([17.2922])



Metrics for the Custom, with
GPP inputs: ['SW_IN', 'TA', 'VPD', 'WS', 'WD_COS', 'WD_SIN', 'WTD', 'Salinity']
RECO inputs: ['DOY_sin', 'DOY_cos', 'TA', 'WS', 'WD_COS', 'WD_SIN', 'WTD', 'Salinity']:
DT_GPP vs Custom_GPP R²=0.88 RMSE=2.83
NT_GPP vs Custom_GPP R²=0.88 RMSE=3.14
DT_RECO vs Custom_RECO R²=-0.18 RMSE=2.79
NT_RECO vs Custom_RECO R²=0.41 RMSE=2.63
DT_GPP vs NT_GPP R²=0.90 RMSE=2.55
DT_RECO vs NT_RECO R²=0.24 RMSE=2.00

gpp_input_names,  ['SW_IN', 'TA', 'VPD', 'WS', 'WD_COS', 'WD_SIN', 'WTD', 'Salinity', 'WTD_HalfHourlyDiff'] 
reco_input_names,  ['DOY_sin', 'DOY_cos', 'TA', 'WS', 'WD_COS', 'WD_SIN', 'WTD', 'Salinity', 'WTD_HalfHourlyDiff'] 
true_nee_name,  ['NEE'] 

Custom Running on GPU With hidden layer size of 12 Total epochs: 100000 lr: 0.001 patience: 500 min_delta 0.01
SNN_GPP(
  (net): Sequential(
    (0): Linear(in_features=9, out_features=12, bias=True)
    (1): ReLU()
    (2): Linear(in_features=12, out_features=1, bias=True)
    (3): ReLU()
  )
)
SNN_RECO(
  (net): Sequential(
    (0): Linear(in_features=9, out_features=12, bias=True)
    (1): ReLU()
    (2): Linear(in_features=12, out_features=1, bias=True)
    (3): ReLU()
  )
)
Custom will use the Tram vars
Params are min slope: 2e-06, trend window: 100
Epoch     0 | Train Loss: 0.149201 | Val Loss: 0.145903 | Train R²: -1.2991 | Val R²: -1.2514
Epoch   500 | Train Loss: 0.009499 | Val Loss: 0.009789 | Train R²: 0.8536 | Val R²: 0.8489
Epoch  1000 | Train Loss: 0.007199 | Val Loss: 0.007660 | Train R²: 0.8891 | Val R²: 0.8818
Epoch  1500 | Train Loss: 0.006273 | Val Loss: 0.006667 | Train R²: 0.9033 | Val R²: 0.8971
Epoch  2000 | Train Loss: 0.004919 | Val Loss: 0.005217 | Train R²: 0.9242 | Val R²: 0.9195
Epoch  2500 | Train Loss: 0.004161 | Val Loss: 0.004435 | Train R²: 0.9359 | Val R²: 0.9316
Epoch  3000 | Train Loss: 0.003923 | Val Loss: 0.004189 | Train R²: 0.9395 | Val R²: 0.9354
Epoch  3500 | Train Loss: 0.003795 | Val Loss: 0.004051 | Train R²: 0.9415 | Val R²: 0.9375
Early stopping at epoch 3912 due to flat/negative trend (slope=0.000002)
Epoch  3912 | Train Loss: 0.003719 | Val Loss: 0.003984 | Train R²: 0.9427 | Val R²: 0.9385
Unpickling models
Following models have been loaded and moved to cuda:
trained gpp model:
 SNN_GPP(
  (net): Sequential(
    (0): Linear(in_features=9, out_features=12, bias=True)
    (1): ReLU()
    (2): Linear(in_features=12, out_features=1, bias=True)
    (3): ReLU()
  )
), trained_reco_model:
 SNN_RECO(
  (net): Sequential(
    (0): Linear(in_features=9, out_features=12, bias=True)
    (1): ReLU()
    (2): Linear(in_features=12, out_features=1, bias=True)
    (3): ReLU()
  )
)
using full data set for visualization
Un-normalizing the GPP and RECO predictions using NEE min: tensor([-28.5722]), NEE max: tensor([17.2922])



Metrics for the Custom, with
GPP inputs: ['SW_IN', 'TA', 'VPD', 'WS', 'WD_COS', 'WD_SIN', 'WTD', 'Salinity', 'WTD_HalfHourlyDiff']
RECO inputs: ['DOY_sin', 'DOY_cos', 'TA', 'WS', 'WD_COS', 'WD_SIN', 'WTD', 'Salinity', 'WTD_HalfHourlyDiff']:
DT_GPP vs Custom_GPP R²=0.87 RMSE=2.90
NT_GPP vs Custom_GPP R²=0.88 RMSE=3.24
DT_RECO vs Custom_RECO R²=-0.25 RMSE=2.88
NT_RECO vs Custom_RECO R²=0.34 RMSE=2.79
DT_GPP vs NT_GPP R²=0.90 RMSE=2.55
DT_RECO vs NT_RECO R²=0.24 RMSE=2.00

gpp_input_names,  ['SW_IN', 'TA', 'VPD', 'WS', 'WD_COS', 'WD_SIN', 'WTD', 'Salinity', 'WTD_HalfHourlyDiff', 'WTD_DailyAvg', 'WTD_DailyDiff'] 
reco_input_names,  ['DOY_sin', 'DOY_cos', 'TA', 'WS', 'WD_COS', 'WD_SIN', 'WTD', 'Salinity', 'WTD_HalfHourlyDiff', 'WTD_DailyAvg', 'WTD_DailyDiff'] 
true_nee_name,  ['NEE'] 

Custom Running on GPU With hidden layer size of 12 Total epochs: 100000 lr: 0.001 patience: 500 min_delta 0.01
SNN_GPP(
  (net): Sequential(
    (0): Linear(in_features=11, out_features=12, bias=True)
    (1): ReLU()
    (2): Linear(in_features=12, out_features=1, bias=True)
    (3): ReLU()
  )
)
SNN_RECO(
  (net): Sequential(
    (0): Linear(in_features=11, out_features=12, bias=True)
    (1): ReLU()
    (2): Linear(in_features=12, out_features=1, bias=True)
    (3): ReLU()
  )
)
Custom will use the Tram vars
Params are min slope: 2e-06, trend window: 100
Epoch     0 | Train Loss: 0.078426 | Val Loss: 0.076375 | Train R²: -0.2085 | Val R²: -0.1785
Epoch   500 | Train Loss: 0.006589 | Val Loss: 0.006940 | Train R²: 0.8985 | Val R²: 0.8929
Epoch  1000 | Train Loss: 0.005411 | Val Loss: 0.005732 | Train R²: 0.9166 | Val R²: 0.9116
Epoch  1500 | Train Loss: 0.004627 | Val Loss: 0.004984 | Train R²: 0.9287 | Val R²: 0.9231
Epoch  2000 | Train Loss: 0.004147 | Val Loss: 0.004533 | Train R²: 0.9361 | Val R²: 0.9300
Epoch  2500 | Train Loss: 0.003941 | Val Loss: 0.004282 | Train R²: 0.9393 | Val R²: 0.9339
Epoch  3000 | Train Loss: 0.003751 | Val Loss: 0.004064 | Train R²: 0.9422 | Val R²: 0.9373
Epoch  3500 | Train Loss: 0.003527 | Val Loss: 0.003850 | Train R²: 0.9456 | Val R²: 0.9406
Epoch  4000 | Train Loss: 0.003345 | Val Loss: 0.003645 | Train R²: 0.9485 | Val R²: 0.9438
Epoch  4500 | Train Loss: 0.003228 | Val Loss: 0.003495 | Train R²: 0.9503 | Val R²: 0.9461
Early stopping at epoch 4954 due to flat/negative trend (slope=0.000002)
Epoch  4954 | Train Loss: 0.003169 | Val Loss: 0.003416 | Train R²: 0.9512 | Val R²: 0.9473
Unpickling models
Following models have been loaded and moved to cuda:
trained gpp model:
 SNN_GPP(
  (net): Sequential(
    (0): Linear(in_features=11, out_features=12, bias=True)
    (1): ReLU()
    (2): Linear(in_features=12, out_features=1, bias=True)
    (3): ReLU()
  )
), trained_reco_model:
 SNN_RECO(
  (net): Sequential(
    (0): Linear(in_features=11, out_features=12, bias=True)
    (1): ReLU()
    (2): Linear(in_features=12, out_features=1, bias=True)
    (3): ReLU()
  )
)
using full data set for visualization
Un-normalizing the GPP and RECO predictions using NEE min: tensor([-28.5722]), NEE max: tensor([17.2922])



Metrics for the Custom, with
GPP inputs: ['SW_IN', 'TA', 'VPD', 'WS', 'WD_COS', 'WD_SIN', 'WTD', 'Salinity', 'WTD_HalfHourlyDiff', 'WTD_DailyAvg', 'WTD_DailyDiff']
RECO inputs: ['DOY_sin', 'DOY_cos', 'TA', 'WS', 'WD_COS', 'WD_SIN', 'WTD', 'Salinity', 'WTD_HalfHourlyDiff', 'WTD_DailyAvg', 'WTD_DailyDiff']:
DT_GPP vs Custom_GPP R²=0.75 RMSE=4.04
NT_GPP vs Custom_GPP R²=0.80 RMSE=4.10
DT_RECO vs Custom_RECO R²=-1.64 RMSE=4.19
NT_RECO vs Custom_RECO R²=-0.20 RMSE=3.76
DT_GPP vs NT_GPP R²=0.90 RMSE=2.55
DT_RECO vs NT_RECO R²=0.24 RMSE=2.00

gpp_input_names,  ['PotRadDailyAvg', 'PotRadDailyDiff', 'GPP_PROX'] 
reco_input_names,  ['DOY_sin', 'DOY_cos', 'NIGHTLY_NEE_AVG'] 
true_nee_name,  ['NEE'] 

Custom Running on GPU With hidden layer size of 12 Total epochs: 100000 lr: 0.001 patience: 500 min_delta 0.01
SNN_GPP(
  (net): Sequential(
    (0): Linear(in_features=3, out_features=12, bias=True)
    (1): ReLU()
    (2): Linear(in_features=12, out_features=1, bias=True)
    (3): ReLU()
  )
)
SNN_RECO(
  (net): Sequential(
    (0): Linear(in_features=3, out_features=12, bias=True)
    (1): ReLU()
    (2): Linear(in_features=12, out_features=1, bias=True)
    (3): ReLU()
  )
)
Custom will use the Tram vars
Params are min slope: 2e-06, trend window: 100
Epoch     0 | Train Loss: 0.219163 | Val Loss: 0.215606 | Train R²: -2.3772 | Val R²: -2.3270
Epoch   500 | Train Loss: 0.059755 | Val Loss: 0.059591 | Train R²: 0.0792 | Val R²: 0.0805
Early stopping at epoch 560 due to flat/negative trend (slope=0.000002)
Epoch   560 | Train Loss: 0.059745 | Val Loss: 0.059585 | Train R²: 0.0794 | Val R²: 0.0805
Unpickling models
Following models have been loaded and moved to cuda:
trained gpp model:
 SNN_GPP(
  (net): Sequential(
    (0): Linear(in_features=3, out_features=12, bias=True)
    (1): ReLU()
    (2): Linear(in_features=12, out_features=1, bias=True)
    (3): ReLU()
  )
), trained_reco_model:
 SNN_RECO(
  (net): Sequential(
    (0): Linear(in_features=3, out_features=12, bias=True)
    (1): ReLU()
    (2): Linear(in_features=12, out_features=1, bias=True)
    (3): ReLU()
  )
)
using full data set for visualization
Un-normalizing the GPP and RECO predictions using NEE min: tensor([-28.5722]), NEE max: tensor([17.2922])



Metrics for the Custom, with
GPP inputs: ['PotRadDailyAvg', 'PotRadDailyDiff', 'GPP_PROX']
RECO inputs: ['DOY_sin', 'DOY_cos', 'NIGHTLY_NEE_AVG']:
DT_GPP vs Custom_GPP R²=-0.11 RMSE=8.57
NT_GPP vs Custom_GPP R²=-0.17 RMSE=9.99
DT_RECO vs Custom_RECO R²=-2.46 RMSE=4.79
NT_RECO vs Custom_RECO R²=-2.41 RMSE=6.36
DT_GPP vs NT_GPP R²=0.90 RMSE=2.55
DT_RECO vs NT_RECO R²=0.24 RMSE=2.00

gpp_input_names,  ['SW_IN', 'VPD', 'TA', 'WTD', 'WS', 'PotRad', 'PotRadHalfHourlyDiff', 'WD_COS', 'WD_SIN'] 
reco_input_names,  ['TA', 'TS_1', 'TS_2', 'TS_3', 'TS_4', 'WTD', 'WS', 'WD_COS', 'WD_SIN'] 
true_nee_name,  ['NEE'] 

Custom Running on GPU With hidden layer size of 12 Total epochs: 100000 lr: 0.001 patience: 500 min_delta 0.01
SNN_GPP(
  (net): Sequential(
    (0): Linear(in_features=9, out_features=12, bias=True)
    (1): ReLU()
    (2): Linear(in_features=12, out_features=1, bias=True)
    (3): ReLU()
  )
)
SNN_RECO(
  (net): Sequential(
    (0): Linear(in_features=9, out_features=12, bias=True)
    (1): ReLU()
    (2): Linear(in_features=12, out_features=1, bias=True)
    (3): ReLU()
  )
)
Custom will use the Tram vars
Params are min slope: 2e-06, trend window: 100
Epoch     0 | Train Loss: 0.199286 | Val Loss: 0.185029 | Train R²: -2.0709 | Val R²: -1.8552
Epoch   500 | Train Loss: 0.008367 | Val Loss: 0.008963 | Train R²: 0.8711 | Val R²: 0.8617
Epoch  1000 | Train Loss: 0.006696 | Val Loss: 0.007172 | Train R²: 0.8968 | Val R²: 0.8893
Epoch  1500 | Train Loss: 0.005616 | Val Loss: 0.005942 | Train R²: 0.9135 | Val R²: 0.9083
Epoch  2000 | Train Loss: 0.005151 | Val Loss: 0.005443 | Train R²: 0.9206 | Val R²: 0.9160
Epoch  2500 | Train Loss: 0.004833 | Val Loss: 0.005150 | Train R²: 0.9255 | Val R²: 0.9205
Epoch  3000 | Train Loss: 0.004514 | Val Loss: 0.004873 | Train R²: 0.9304 | Val R²: 0.9248
Epoch  3500 | Train Loss: 0.004275 | Val Loss: 0.004627 | Train R²: 0.9341 | Val R²: 0.9286
Epoch  4000 | Train Loss: 0.004126 | Val Loss: 0.004471 | Train R²: 0.9364 | Val R²: 0.9310
Epoch  4500 | Train Loss: 0.003976 | Val Loss: 0.004321 | Train R²: 0.9387 | Val R²: 0.9333
Epoch  5000 | Train Loss: 0.003753 | Val Loss: 0.004076 | Train R²: 0.9422 | Val R²: 0.9371
Epoch  5500 | Train Loss: 0.003471 | Val Loss: 0.003766 | Train R²: 0.9465 | Val R²: 0.9419
Epoch  6000 | Train Loss: 0.003270 | Val Loss: 0.003532 | Train R²: 0.9496 | Val R²: 0.9455
Epoch  6500 | Train Loss: 0.003123 | Val Loss: 0.003382 | Train R²: 0.9519 | Val R²: 0.9478
Early stopping at epoch 6839 due to flat/negative trend (slope=0.000002)
Epoch  6839 | Train Loss: 0.003048 | Val Loss: 0.003326 | Train R²: 0.9530 | Val R²: 0.9487
Unpickling models
Following models have been loaded and moved to cuda:
trained gpp model:
 SNN_GPP(
  (net): Sequential(
    (0): Linear(in_features=9, out_features=12, bias=True)
    (1): ReLU()
    (2): Linear(in_features=12, out_features=1, bias=True)
    (3): ReLU()
  )
), trained_reco_model:
 SNN_RECO(
  (net): Sequential(
    (0): Linear(in_features=9, out_features=12, bias=True)
    (1): ReLU()
    (2): Linear(in_features=12, out_features=1, bias=True)
    (3): ReLU()
  )
)
using full data set for visualization
Un-normalizing the GPP and RECO predictions using NEE min: tensor([-28.5722]), NEE max: tensor([17.2922])



Metrics for the Custom, with
GPP inputs: ['SW_IN', 'VPD', 'TA', 'WTD', 'WS', 'PotRad', 'PotRadHalfHourlyDiff', 'WD_COS', 'WD_SIN']
RECO inputs: ['TA', 'TS_1', 'TS_2', 'TS_3', 'TS_4', 'WTD', 'WS', 'WD_COS', 'WD_SIN']:
DT_GPP vs Custom_GPP R²=0.92 RMSE=2.30
NT_GPP vs Custom_GPP R²=0.91 RMSE=2.84
DT_RECO vs Custom_RECO R²=0.42 RMSE=1.96
NT_RECO vs Custom_RECO R²=0.55 RMSE=2.30
DT_GPP vs NT_GPP R²=0.90 RMSE=2.55
DT_RECO vs NT_RECO R²=0.24 RMSE=2.00

gpp_input_names,  ['SW_IN', 'VPD', 'TA', 'WS', 'PotRad', 'PotRadHalfHourlyDiff', 'PotRadDailyAvg', 'PotRadDailyDiff', 'WD_COS', 'WD_SIN', 'GPP_PROX'] 
reco_input_names,  ['DOY_sin', 'DOY_cos', 'TA', 'TS_1', 'TS_2', 'TS_3', 'TS_4', 'WS', 'WD_COS', 'WD_SIN', 'NIGHTLY_NEE_AVG'] 
true_nee_name,  ['NEE'] 

Custom Running on GPU With hidden layer size of 12 Total epochs: 100000 lr: 0.001 patience: 500 min_delta 0.01
SNN_GPP(
  (net): Sequential(
    (0): Linear(in_features=11, out_features=12, bias=True)
    (1): ReLU()
    (2): Linear(in_features=12, out_features=1, bias=True)
    (3): ReLU()
  )
)
SNN_RECO(
  (net): Sequential(
    (0): Linear(in_features=11, out_features=12, bias=True)
    (1): ReLU()
    (2): Linear(in_features=12, out_features=1, bias=True)
    (3): ReLU()
  )
)
Custom will use the Tram vars
Params are min slope: 2e-06, trend window: 100
Epoch     0 | Train Loss: 0.076519 | Val Loss: 0.074335 | Train R²: -0.1791 | Val R²: -0.1471
Epoch   500 | Train Loss: 0.002886 | Val Loss: 0.003064 | Train R²: 0.9555 | Val R²: 0.9527
Epoch  1000 | Train Loss: 0.002171 | Val Loss: 0.002347 | Train R²: 0.9666 | Val R²: 0.9638
Epoch  1500 | Train Loss: 0.001940 | Val Loss: 0.002125 | Train R²: 0.9701 | Val R²: 0.9672
Epoch  2000 | Train Loss: 0.001834 | Val Loss: 0.002012 | Train R²: 0.9717 | Val R²: 0.9690
Epoch  2500 | Train Loss: 0.001757 | Val Loss: 0.001913 | Train R²: 0.9729 | Val R²: 0.9705
Early stopping at epoch 2655 due to flat/negative trend (slope=0.000002)
Epoch  2655 | Train Loss: 0.001739 | Val Loss: 0.001893 | Train R²: 0.9732 | Val R²: 0.9708
Unpickling models
Following models have been loaded and moved to cuda:
trained gpp model:
 SNN_GPP(
  (net): Sequential(
    (0): Linear(in_features=11, out_features=12, bias=True)
    (1): ReLU()
    (2): Linear(in_features=12, out_features=1, bias=True)
    (3): ReLU()
  )
), trained_reco_model:
 SNN_RECO(
  (net): Sequential(
    (0): Linear(in_features=11, out_features=12, bias=True)
    (1): ReLU()
    (2): Linear(in_features=12, out_features=1, bias=True)
    (3): ReLU()
  )
)
using full data set for visualization
Un-normalizing the GPP and RECO predictions using NEE min: tensor([-28.5722]), NEE max: tensor([17.2922])



Metrics for the Custom, with
GPP inputs: ['SW_IN', 'VPD', 'TA', 'WS', 'PotRad', 'PotRadHalfHourlyDiff', 'PotRadDailyAvg', 'PotRadDailyDiff', 'WD_COS', 'WD_SIN', 'GPP_PROX']
RECO inputs: ['DOY_sin', 'DOY_cos', 'TA', 'TS_1', 'TS_2', 'TS_3', 'TS_4', 'WS', 'WD_COS', 'WD_SIN', 'NIGHTLY_NEE_AVG']:
DT_GPP vs Custom_GPP R²=0.97 RMSE=1.34
NT_GPP vs Custom_GPP R²=0.91 RMSE=2.75
DT_RECO vs Custom_RECO R²=0.63 RMSE=1.58
NT_RECO vs Custom_RECO R²=0.49 RMSE=2.46
DT_GPP vs NT_GPP R²=0.90 RMSE=2.55
DT_RECO vs NT_RECO R²=0.24 RMSE=2.00

gpp_input_names,  ['SW_IN', 'VPD', 'TA', 'WTD', 'WS', 'PotRad', 'PotRadHalfHourlyDiff', 'PotRadDailyAvg', 'PotRadDailyDiff', 'WD_COS', 'WD_SIN', 'GPP_PROX'] 
reco_input_names,  ['DOY_sin', 'DOY_cos', 'TA', 'TS_1', 'TS_2', 'TS_3', 'TS_4', 'WTD', 'WS', 'WD_COS', 'WD_SIN', 'NIGHTLY_NEE_AVG'] 
true_nee_name,  ['NEE'] 

Custom Running on GPU With hidden layer size of 12 Total epochs: 100000 lr: 0.001 patience: 500 min_delta 0.01
SNN_GPP(
  (net): Sequential(
    (0): Linear(in_features=12, out_features=12, bias=True)
    (1): ReLU()
    (2): Linear(in_features=12, out_features=1, bias=True)
    (3): ReLU()
  )
)
SNN_RECO(
  (net): Sequential(
    (0): Linear(in_features=12, out_features=12, bias=True)
    (1): ReLU()
    (2): Linear(in_features=12, out_features=1, bias=True)
    (3): ReLU()
  )
)
Custom will use the Tram vars
Params are min slope: 2e-06, trend window: 100
Epoch     0 | Train Loss: 0.799861 | Val Loss: 0.761311 | Train R²: -11.3256 | Val R²: -10.7479
Epoch   500 | Train Loss: 0.006900 | Val Loss: 0.007172 | Train R²: 0.8937 | Val R²: 0.8893
Epoch  1000 | Train Loss: 0.003846 | Val Loss: 0.004108 | Train R²: 0.9407 | Val R²: 0.9366
Epoch  1500 | Train Loss: 0.003088 | Val Loss: 0.003387 | Train R²: 0.9524 | Val R²: 0.9477
Epoch  2000 | Train Loss: 0.002688 | Val Loss: 0.002938 | Train R²: 0.9586 | Val R²: 0.9547
Epoch  2500 | Train Loss: 0.002480 | Val Loss: 0.002714 | Train R²: 0.9618 | Val R²: 0.9581
Epoch  3000 | Train Loss: 0.002329 | Val Loss: 0.002559 | Train R²: 0.9641 | Val R²: 0.9605
Epoch  3500 | Train Loss: 0.002213 | Val Loss: 0.002435 | Train R²: 0.9659 | Val R²: 0.9624
Epoch  4000 | Train Loss: 0.002096 | Val Loss: 0.002320 | Train R²: 0.9677 | Val R²: 0.9642
Epoch  4500 | Train Loss: 0.001998 | Val Loss: 0.002217 | Train R²: 0.9692 | Val R²: 0.9658
Early stopping at epoch 4880 due to flat/negative trend (slope=0.000002)
Epoch  4880 | Train Loss: 0.001940 | Val Loss: 0.002159 | Train R²: 0.9701 | Val R²: 0.9667
Unpickling models
Following models have been loaded and moved to cuda:
trained gpp model:
 SNN_GPP(
  (net): Sequential(
    (0): Linear(in_features=12, out_features=12, bias=True)
    (1): ReLU()
    (2): Linear(in_features=12, out_features=1, bias=True)
    (3): ReLU()
  )
), trained_reco_model:
 SNN_RECO(
  (net): Sequential(
    (0): Linear(in_features=12, out_features=12, bias=True)
    (1): ReLU()
    (2): Linear(in_features=12, out_features=1, bias=True)
    (3): ReLU()
  )
)
using full data set for visualization
Un-normalizing the GPP and RECO predictions using NEE min: tensor([-28.5722]), NEE max: tensor([17.2922])



Metrics for the Custom, with
GPP inputs: ['SW_IN', 'VPD', 'TA', 'WTD', 'WS', 'PotRad', 'PotRadHalfHourlyDiff', 'PotRadDailyAvg', 'PotRadDailyDiff', 'WD_COS', 'WD_SIN', 'GPP_PROX']
RECO inputs: ['DOY_sin', 'DOY_cos', 'TA', 'TS_1', 'TS_2', 'TS_3', 'TS_4', 'WTD', 'WS', 'WD_COS', 'WD_SIN', 'NIGHTLY_NEE_AVG']:
DT_GPP vs Custom_GPP R²=0.94 RMSE=1.94
NT_GPP vs Custom_GPP R²=0.91 RMSE=2.79
DT_RECO vs Custom_RECO R²=0.32 RMSE=2.13
NT_RECO vs Custom_RECO R²=0.48 RMSE=2.47
DT_GPP vs NT_GPP R²=0.90 RMSE=2.55
DT_RECO vs NT_RECO R²=0.24 RMSE=2.00

gpp_input_names,  ['SW_IN', 'VPD', 'TA', 'WTD', 'WS', 'PotRad', 'PotRadHalfHourlyDiff', 'PotRadDailyAvg', 'PotRadDailyDiff', 'WD_COS', 'WD_SIN', 'GPP_PROX', 'Salinity'] 
reco_input_names,  ['DOY_sin', 'DOY_cos', 'TA', 'TS_1', 'TS_2', 'TS_3', 'TS_4', 'WTD', 'WS', 'WD_COS', 'WD_SIN', 'NIGHTLY_NEE_AVG', 'Salinity'] 
true_nee_name,  ['NEE'] 

Custom Running on GPU With hidden layer size of 12 Total epochs: 100000 lr: 0.001 patience: 500 min_delta 0.01
SNN_GPP(
  (net): Sequential(
    (0): Linear(in_features=13, out_features=12, bias=True)
    (1): ReLU()
    (2): Linear(in_features=12, out_features=1, bias=True)
    (3): ReLU()
  )
)
SNN_RECO(
  (net): Sequential(
    (0): Linear(in_features=13, out_features=12, bias=True)
    (1): ReLU()
    (2): Linear(in_features=12, out_features=1, bias=True)
    (3): ReLU()
  )
)
Custom will use the Tram vars
Params are min slope: 2e-06, trend window: 100
Epoch     0 | Train Loss: 0.304434 | Val Loss: 0.295298 | Train R²: -3.6912 | Val R²: -3.5568
Epoch   500 | Train Loss: 0.013057 | Val Loss: 0.012776 | Train R²: 0.7988 | Val R²: 0.8029
Epoch  1000 | Train Loss: 0.002930 | Val Loss: 0.003079 | Train R²: 0.9548 | Val R²: 0.9525
Epoch  1500 | Train Loss: 0.002431 | Val Loss: 0.002570 | Train R²: 0.9625 | Val R²: 0.9603
Epoch  2000 | Train Loss: 0.002214 | Val Loss: 0.002349 | Train R²: 0.9659 | Val R²: 0.9637
Epoch  2500 | Train Loss: 0.002069 | Val Loss: 0.002201 | Train R²: 0.9681 | Val R²: 0.9660
Epoch  3000 | Train Loss: 0.001963 | Val Loss: 0.002101 | Train R²: 0.9697 | Val R²: 0.9676
Early stopping at epoch 3390 due to flat/negative trend (slope=0.000002)
Epoch  3390 | Train Loss: 0.001896 | Val Loss: 0.002039 | Train R²: 0.9708 | Val R²: 0.9685
Unpickling models
Following models have been loaded and moved to cuda:
trained gpp model:
 SNN_GPP(
  (net): Sequential(
    (0): Linear(in_features=13, out_features=12, bias=True)
    (1): ReLU()
    (2): Linear(in_features=12, out_features=1, bias=True)
    (3): ReLU()
  )
), trained_reco_model:
 SNN_RECO(
  (net): Sequential(
    (0): Linear(in_features=13, out_features=12, bias=True)
    (1): ReLU()
    (2): Linear(in_features=12, out_features=1, bias=True)
    (3): ReLU()
  )
)
using full data set for visualization
Un-normalizing the GPP and RECO predictions using NEE min: tensor([-28.5722]), NEE max: tensor([17.2922])



Metrics for the Custom, with
GPP inputs: ['SW_IN', 'VPD', 'TA', 'WTD', 'WS', 'PotRad', 'PotRadHalfHourlyDiff', 'PotRadDailyAvg', 'PotRadDailyDiff', 'WD_COS', 'WD_SIN', 'GPP_PROX', 'Salinity']
RECO inputs: ['DOY_sin', 'DOY_cos', 'TA', 'TS_1', 'TS_2', 'TS_3', 'TS_4', 'WTD', 'WS', 'WD_COS', 'WD_SIN', 'NIGHTLY_NEE_AVG', 'Salinity']:
DT_GPP vs Custom_GPP R²=0.96 RMSE=1.54
NT_GPP vs Custom_GPP R²=0.92 RMSE=2.66
DT_RECO vs Custom_RECO R²=0.56 RMSE=1.71
NT_RECO vs Custom_RECO R²=0.51 RMSE=2.40
DT_GPP vs NT_GPP R²=0.90 RMSE=2.55
DT_RECO vs NT_RECO R²=0.24 RMSE=2.00

gpp_input_names,  ['SW_IN', 'VPD', 'TA', 'WTD', 'WS', 'PotRad', 'PotRadHalfHourlyDiff', 'PotRadDailyAvg', 'PotRadDailyDiff', 'WD_COS', 'WD_SIN', 'GPP_PROX', 'WTD_HalfHourlyDiff'] 
reco_input_names,  ['DOY_sin', 'DOY_cos', 'TA', 'TS_1', 'TS_2', 'TS_3', 'TS_4', 'WTD', 'WS', 'WD_COS', 'WD_SIN', 'NIGHTLY_NEE_AVG', 'WTD_HalfHourlyDiff'] 
true_nee_name,  ['NEE'] 

Custom Running on GPU With hidden layer size of 12 Total epochs: 100000 lr: 0.001 patience: 500 min_delta 0.01
SNN_GPP(
  (net): Sequential(
    (0): Linear(in_features=13, out_features=12, bias=True)
    (1): ReLU()
    (2): Linear(in_features=12, out_features=1, bias=True)
    (3): ReLU()
  )
)
SNN_RECO(
  (net): Sequential(
    (0): Linear(in_features=13, out_features=12, bias=True)
    (1): ReLU()
    (2): Linear(in_features=12, out_features=1, bias=True)
    (3): ReLU()
  )
)
Custom will use the Tram vars
Params are min slope: 2e-06, trend window: 100
Epoch     0 | Train Loss: 0.336043 | Val Loss: 0.323725 | Train R²: -4.1783 | Val R²: -3.9954
Epoch   500 | Train Loss: 0.013323 | Val Loss: 0.012902 | Train R²: 0.7947 | Val R²: 0.8009
Epoch  1000 | Train Loss: 0.003136 | Val Loss: 0.003225 | Train R²: 0.9517 | Val R²: 0.9502
Epoch  1500 | Train Loss: 0.002625 | Val Loss: 0.002725 | Train R²: 0.9596 | Val R²: 0.9579
Epoch  2000 | Train Loss: 0.002303 | Val Loss: 0.002429 | Train R²: 0.9645 | Val R²: 0.9625
Epoch  2500 | Train Loss: 0.002112 | Val Loss: 0.002271 | Train R²: 0.9675 | Val R²: 0.9650
Epoch  3000 | Train Loss: 0.001987 | Val Loss: 0.002148 | Train R²: 0.9694 | Val R²: 0.9668
Early stopping at epoch 3434 due to flat/negative trend (slope=0.000002)
Epoch  3434 | Train Loss: 0.001899 | Val Loss: 0.002076 | Train R²: 0.9707 | Val R²: 0.9680
Unpickling models
Following models have been loaded and moved to cuda:
trained gpp model:
 SNN_GPP(
  (net): Sequential(
    (0): Linear(in_features=13, out_features=12, bias=True)
    (1): ReLU()
    (2): Linear(in_features=12, out_features=1, bias=True)
    (3): ReLU()
  )
), trained_reco_model:
 SNN_RECO(
  (net): Sequential(
    (0): Linear(in_features=13, out_features=12, bias=True)
    (1): ReLU()
    (2): Linear(in_features=12, out_features=1, bias=True)
    (3): ReLU()
  )
)
using full data set for visualization
Un-normalizing the GPP and RECO predictions using NEE min: tensor([-28.5722]), NEE max: tensor([17.2922])



Metrics for the Custom, with
GPP inputs: ['SW_IN', 'VPD', 'TA', 'WTD', 'WS', 'PotRad', 'PotRadHalfHourlyDiff', 'PotRadDailyAvg', 'PotRadDailyDiff', 'WD_COS', 'WD_SIN', 'GPP_PROX', 'WTD_HalfHourlyDiff']
RECO inputs: ['DOY_sin', 'DOY_cos', 'TA', 'TS_1', 'TS_2', 'TS_3', 'TS_4', 'WTD', 'WS', 'WD_COS', 'WD_SIN', 'NIGHTLY_NEE_AVG', 'WTD_HalfHourlyDiff']:
DT_GPP vs Custom_GPP R²=0.94 RMSE=1.94
NT_GPP vs Custom_GPP R²=0.91 RMSE=2.78
DT_RECO vs Custom_RECO R²=0.27 RMSE=2.20
NT_RECO vs Custom_RECO R²=0.47 RMSE=2.51
DT_GPP vs NT_GPP R²=0.90 RMSE=2.55
DT_RECO vs NT_RECO R²=0.24 RMSE=2.00

gpp_input_names,  ['SW_IN', 'VPD', 'TA', 'WTD', 'WS', 'PotRad', 'PotRadHalfHourlyDiff', 'PotRadDailyAvg', 'PotRadDailyDiff', 'WD_COS', 'WD_SIN', 'GPP_PROX', 'Salinity', 'WTD_HalfHourlyDiff'] 
reco_input_names,  ['DOY_sin', 'DOY_cos', 'TA', 'TS_1', 'TS_2', 'TS_3', 'TS_4', 'WTD', 'WS', 'WD_COS', 'WD_SIN', 'NIGHTLY_NEE_AVG', 'Salinity', 'WTD_HalfHourlyDiff'] 
true_nee_name,  ['NEE'] 

Custom Running on GPU With hidden layer size of 12 Total epochs: 100000 lr: 0.001 patience: 500 min_delta 0.01
SNN_GPP(
  (net): Sequential(
    (0): Linear(in_features=14, out_features=12, bias=True)
    (1): ReLU()
    (2): Linear(in_features=12, out_features=1, bias=True)
    (3): ReLU()
  )
)
SNN_RECO(
  (net): Sequential(
    (0): Linear(in_features=14, out_features=12, bias=True)
    (1): ReLU()
    (2): Linear(in_features=12, out_features=1, bias=True)
    (3): ReLU()
  )
)
Custom will use the Tram vars
Params are min slope: 2e-06, trend window: 100
Epoch     0 | Train Loss: 0.085229 | Val Loss: 0.082775 | Train R²: -0.3134 | Val R²: -0.2773
Epoch   500 | Train Loss: 0.014679 | Val Loss: 0.014951 | Train R²: 0.7738 | Val R²: 0.7693
Epoch  1000 | Train Loss: 0.002828 | Val Loss: 0.003196 | Train R²: 0.9564 | Val R²: 0.9507
Epoch  1500 | Train Loss: 0.002249 | Val Loss: 0.002497 | Train R²: 0.9653 | Val R²: 0.9615
Epoch  2000 | Train Loss: 0.001955 | Val Loss: 0.002170 | Train R²: 0.9699 | Val R²: 0.9665
Epoch  2500 | Train Loss: 0.001802 | Val Loss: 0.002013 | Train R²: 0.9722 | Val R²: 0.9689
Epoch  3000 | Train Loss: 0.001727 | Val Loss: 0.001920 | Train R²: 0.9734 | Val R²: 0.9704
Early stopping at epoch 3176 due to flat/negative trend (slope=0.000002)
Epoch  3176 | Train Loss: 0.001703 | Val Loss: 0.001895 | Train R²: 0.9738 | Val R²: 0.9708
Unpickling models
Following models have been loaded and moved to cuda:
trained gpp model:
 SNN_GPP(
  (net): Sequential(
    (0): Linear(in_features=14, out_features=12, bias=True)
    (1): ReLU()
    (2): Linear(in_features=12, out_features=1, bias=True)
    (3): ReLU()
  )
), trained_reco_model:
 SNN_RECO(
  (net): Sequential(
    (0): Linear(in_features=14, out_features=12, bias=True)
    (1): ReLU()
    (2): Linear(in_features=12, out_features=1, bias=True)
    (3): ReLU()
  )
)
using full data set for visualization
Un-normalizing the GPP and RECO predictions using NEE min: tensor([-28.5722]), NEE max: tensor([17.2922])



Metrics for the Custom, with
GPP inputs: ['SW_IN', 'VPD', 'TA', 'WTD', 'WS', 'PotRad', 'PotRadHalfHourlyDiff', 'PotRadDailyAvg', 'PotRadDailyDiff', 'WD_COS', 'WD_SIN', 'GPP_PROX', 'Salinity', 'WTD_HalfHourlyDiff']
RECO inputs: ['DOY_sin', 'DOY_cos', 'TA', 'TS_1', 'TS_2', 'TS_3', 'TS_4', 'WTD', 'WS', 'WD_COS', 'WD_SIN', 'NIGHTLY_NEE_AVG', 'Salinity', 'WTD_HalfHourlyDiff']:
DT_GPP vs Custom_GPP R²=0.98 RMSE=1.25
NT_GPP vs Custom_GPP R²=0.92 RMSE=2.62
DT_RECO vs Custom_RECO R²=0.72 RMSE=1.36
NT_RECO vs Custom_RECO R²=0.53 RMSE=2.36
DT_GPP vs NT_GPP R²=0.90 RMSE=2.55
DT_RECO vs NT_RECO R²=0.24 RMSE=2.00

gpp_input_names,  ['SW_IN', 'VPD', 'TA', 'WTD', 'WS', 'PotRad', 'PotRadHalfHourlyDiff', 'PotRadDailyAvg', 'PotRadDailyDiff', 'WD_COS', 'WD_SIN', 'GPP_PROX', 'Salinity', 'WTD_HalfHourlyDiff', 'WTD_DailyAvg', 'WTD_DailyDiff'] 
reco_input_names,  ['DOY_sin', 'DOY_cos', 'TA', 'TS_1', 'TS_2', 'TS_3', 'TS_4', 'WTD', 'WS', 'WD_COS', 'WD_SIN', 'NIGHTLY_NEE_AVG', 'Salinity', 'WTD_HalfHourlyDiff', 'WTD_DailyAvg', 'WTD_DailyDiff'] 
true_nee_name,  ['NEE'] 

Custom Running on GPU With hidden layer size of 12 Total epochs: 100000 lr: 0.001 patience: 500 min_delta 0.01
SNN_GPP(
  (net): Sequential(
    (0): Linear(in_features=16, out_features=12, bias=True)
    (1): ReLU()
    (2): Linear(in_features=12, out_features=1, bias=True)
    (3): ReLU()
  )
)
SNN_RECO(
  (net): Sequential(
    (0): Linear(in_features=16, out_features=12, bias=True)
    (1): ReLU()
    (2): Linear(in_features=12, out_features=1, bias=True)
    (3): ReLU()
  )
)
Custom will use the Tram vars
Params are min slope: 2e-06, trend window: 100
Epoch     0 | Train Loss: 0.820575 | Val Loss: 0.777650 | Train R²: -11.6448 | Val R²: -11.0000
Epoch   500 | Train Loss: 0.010040 | Val Loss: 0.010212 | Train R²: 0.8453 | Val R²: 0.8424
Epoch  1000 | Train Loss: 0.004613 | Val Loss: 0.004853 | Train R²: 0.9289 | Val R²: 0.9251
Epoch  1500 | Train Loss: 0.003032 | Val Loss: 0.003264 | Train R²: 0.9533 | Val R²: 0.9496
Epoch  2000 | Train Loss: 0.002471 | Val Loss: 0.002689 | Train R²: 0.9619 | Val R²: 0.9585
Epoch  2500 | Train Loss: 0.002231 | Val Loss: 0.002431 | Train R²: 0.9656 | Val R²: 0.9625
Epoch  3000 | Train Loss: 0.002073 | Val Loss: 0.002245 | Train R²: 0.9680 | Val R²: 0.9654
Epoch  3500 | Train Loss: 0.001955 | Val Loss: 0.002099 | Train R²: 0.9699 | Val R²: 0.9676
Epoch  4000 | Train Loss: 0.001842 | Val Loss: 0.001971 | Train R²: 0.9716 | Val R²: 0.9696
Epoch  4500 | Train Loss: 0.001762 | Val Loss: 0.001888 | Train R²: 0.9728 | Val R²: 0.9709
Early stopping at epoch 4625 due to flat/negative trend (slope=0.000002)
Epoch  4625 | Train Loss: 0.001748 | Val Loss: 0.001871 | Train R²: 0.9731 | Val R²: 0.9711
Unpickling models
Following models have been loaded and moved to cuda:
trained gpp model:
 SNN_GPP(
  (net): Sequential(
    (0): Linear(in_features=16, out_features=12, bias=True)
    (1): ReLU()
    (2): Linear(in_features=12, out_features=1, bias=True)
    (3): ReLU()
  )
), trained_reco_model:
 SNN_RECO(
  (net): Sequential(
    (0): Linear(in_features=16, out_features=12, bias=True)
    (1): ReLU()
    (2): Linear(in_features=12, out_features=1, bias=True)
    (3): ReLU()
  )
)
using full data set for visualization
Un-normalizing the GPP and RECO predictions using NEE min: tensor([-28.5722]), NEE max: tensor([17.2922])



Metrics for the Custom, with
GPP inputs: ['SW_IN', 'VPD', 'TA', 'WTD', 'WS', 'PotRad', 'PotRadHalfHourlyDiff', 'PotRadDailyAvg', 'PotRadDailyDiff', 'WD_COS', 'WD_SIN', 'GPP_PROX', 'Salinity', 'WTD_HalfHourlyDiff', 'WTD_DailyAvg', 'WTD_DailyDiff']
RECO inputs: ['DOY_sin', 'DOY_cos', 'TA', 'TS_1', 'TS_2', 'TS_3', 'TS_4', 'WTD', 'WS', 'WD_COS', 'WD_SIN', 'NIGHTLY_NEE_AVG', 'Salinity', 'WTD_HalfHourlyDiff', 'WTD_DailyAvg', 'WTD_DailyDiff']:
DT_GPP vs Custom_GPP R²=0.94 RMSE=1.98
NT_GPP vs Custom_GPP R²=0.92 RMSE=2.56
DT_RECO vs Custom_RECO R²=0.22 RMSE=2.27
NT_RECO vs Custom_RECO R²=0.55 RMSE=2.32
DT_GPP vs NT_GPP R²=0.90 RMSE=2.55
DT_RECO vs NT_RECO R²=0.24 RMSE=2.00

gpp_input_names,  ['VPD', 'TA', 'WTD', 'WS', 'PotRad', 'PotRadHalfHourlyDiff', 'PotRadDailyAvg', 'PotRadDailyDiff', 'WD_COS', 'WD_SIN', 'GPP_PROX'] 
reco_input_names,  ['DOY_sin', 'DOY_cos', 'TA', 'TS_1', 'TS_2', 'TS_3', 'TS_4', 'WTD', 'WS', 'WD_COS', 'WD_SIN', 'NIGHTLY_NEE_AVG'] 
true_nee_name,  ['NEE'] 

Custom Running on GPU With hidden layer size of 12 Total epochs: 100000 lr: 0.001 patience: 500 min_delta 0.01
SNN_GPP(
  (net): Sequential(
    (0): Linear(in_features=11, out_features=12, bias=True)
    (1): ReLU()
    (2): Linear(in_features=12, out_features=1, bias=True)
    (3): ReLU()
  )
)
SNN_RECO(
  (net): Sequential(
    (0): Linear(in_features=12, out_features=12, bias=True)
    (1): ReLU()
    (2): Linear(in_features=12, out_features=1, bias=True)
    (3): ReLU()
  )
)
Custom will use the Tram vars
Params are min slope: 2e-06, trend window: 100
Epoch     0 | Train Loss: 0.079486 | Val Loss: 0.077037 | Train R²: -0.2249 | Val R²: -0.1888
Epoch   500 | Train Loss: 0.004041 | Val Loss: 0.004342 | Train R²: 0.9377 | Val R²: 0.9330
Epoch  1000 | Train Loss: 0.002595 | Val Loss: 0.002873 | Train R²: 0.9600 | Val R²: 0.9557
Epoch  1500 | Train Loss: 0.002280 | Val Loss: 0.002532 | Train R²: 0.9649 | Val R²: 0.9609
Epoch  2000 | Train Loss: 0.002167 | Val Loss: 0.002417 | Train R²: 0.9666 | Val R²: 0.9627
Early stopping at epoch 2035 due to flat/negative trend (slope=0.000002)
Epoch  2035 | Train Loss: 0.002162 | Val Loss: 0.002412 | Train R²: 0.9667 | Val R²: 0.9628
Unpickling models
Following models have been loaded and moved to cuda:
trained gpp model:
 SNN_GPP(
  (net): Sequential(
    (0): Linear(in_features=11, out_features=12, bias=True)
    (1): ReLU()
    (2): Linear(in_features=12, out_features=1, bias=True)
    (3): ReLU()
  )
), trained_reco_model:
 SNN_RECO(
  (net): Sequential(
    (0): Linear(in_features=12, out_features=12, bias=True)
    (1): ReLU()
    (2): Linear(in_features=12, out_features=1, bias=True)
    (3): ReLU()
  )
)
using full data set for visualization
Un-normalizing the GPP and RECO predictions using NEE min: tensor([-28.5722]), NEE max: tensor([17.2922])



Metrics for the Custom, with
GPP inputs: ['VPD', 'TA', 'WTD', 'WS', 'PotRad', 'PotRadHalfHourlyDiff', 'PotRadDailyAvg', 'PotRadDailyDiff', 'WD_COS', 'WD_SIN', 'GPP_PROX']
RECO inputs: ['DOY_sin', 'DOY_cos', 'TA', 'TS_1', 'TS_2', 'TS_3', 'TS_4', 'WTD', 'WS', 'WD_COS', 'WD_SIN', 'NIGHTLY_NEE_AVG']:
DT_GPP vs Custom_GPP R²=0.97 RMSE=1.49
NT_GPP vs Custom_GPP R²=0.91 RMSE=2.77
DT_RECO vs Custom_RECO R²=0.71 RMSE=1.37
NT_RECO vs Custom_RECO R²=0.50 RMSE=2.43
DT_GPP vs NT_GPP R²=0.90 RMSE=2.55
DT_RECO vs NT_RECO R²=0.24 RMSE=2.00

gpp_input_names,  ['SW_IN', 'TA', 'WTD', 'WS', 'PotRad', 'PotRadHalfHourlyDiff', 'PotRadDailyAvg', 'PotRadDailyDiff', 'WD_COS', 'WD_SIN', 'GPP_PROX'] 
reco_input_names,  ['DOY_sin', 'DOY_cos', 'TA', 'TS_1', 'TS_2', 'TS_3', 'TS_4', 'WTD', 'WS', 'WD_COS', 'WD_SIN', 'NIGHTLY_NEE_AVG'] 
true_nee_name,  ['NEE'] 

Custom Running on GPU With hidden layer size of 12 Total epochs: 100000 lr: 0.001 patience: 500 min_delta 0.01
SNN_GPP(
  (net): Sequential(
    (0): Linear(in_features=11, out_features=12, bias=True)
    (1): ReLU()
    (2): Linear(in_features=12, out_features=1, bias=True)
    (3): ReLU()
  )
)
SNN_RECO(
  (net): Sequential(
    (0): Linear(in_features=12, out_features=12, bias=True)
    (1): ReLU()
    (2): Linear(in_features=12, out_features=1, bias=True)
    (3): ReLU()
  )
)
Custom will use the Tram vars
Params are min slope: 2e-06, trend window: 100
Epoch     0 | Train Loss: 0.078811 | Val Loss: 0.076326 | Train R²: -0.2145 | Val R²: -0.1778
Epoch   500 | Train Loss: 0.003412 | Val Loss: 0.003645 | Train R²: 0.9474 | Val R²: 0.9438
Epoch  1000 | Train Loss: 0.002168 | Val Loss: 0.002411 | Train R²: 0.9666 | Val R²: 0.9628
Epoch  1500 | Train Loss: 0.001888 | Val Loss: 0.002095 | Train R²: 0.9709 | Val R²: 0.9677
Epoch  2000 | Train Loss: 0.001774 | Val Loss: 0.001960 | Train R²: 0.9727 | Val R²: 0.9698
Early stopping at epoch 2486 due to flat/negative trend (slope=0.000002)
Epoch  2486 | Train Loss: 0.001709 | Val Loss: 0.001884 | Train R²: 0.9737 | Val R²: 0.9709
Unpickling models
Following models have been loaded and moved to cuda:
trained gpp model:
 SNN_GPP(
  (net): Sequential(
    (0): Linear(in_features=11, out_features=12, bias=True)
    (1): ReLU()
    (2): Linear(in_features=12, out_features=1, bias=True)
    (3): ReLU()
  )
), trained_reco_model:
 SNN_RECO(
  (net): Sequential(
    (0): Linear(in_features=12, out_features=12, bias=True)
    (1): ReLU()
    (2): Linear(in_features=12, out_features=1, bias=True)
    (3): ReLU()
  )
)
using full data set for visualization
Un-normalizing the GPP and RECO predictions using NEE min: tensor([-28.5722]), NEE max: tensor([17.2922])



Metrics for the Custom, with
GPP inputs: ['SW_IN', 'TA', 'WTD', 'WS', 'PotRad', 'PotRadHalfHourlyDiff', 'PotRadDailyAvg', 'PotRadDailyDiff', 'WD_COS', 'WD_SIN', 'GPP_PROX']
RECO inputs: ['DOY_sin', 'DOY_cos', 'TA', 'TS_1', 'TS_2', 'TS_3', 'TS_4', 'WTD', 'WS', 'WD_COS', 'WD_SIN', 'NIGHTLY_NEE_AVG']:
DT_GPP vs Custom_GPP R²=0.94 RMSE=2.05
NT_GPP vs Custom_GPP R²=0.91 RMSE=2.81
DT_RECO vs Custom_RECO R²=0.20 RMSE=2.30
NT_RECO vs Custom_RECO R²=0.46 RMSE=2.54
DT_GPP vs NT_GPP R²=0.90 RMSE=2.55
DT_RECO vs NT_RECO R²=0.24 RMSE=2.00

gpp_input_names,  ['SW_IN', 'VPD', 'WTD', 'WS', 'PotRad', 'PotRadHalfHourlyDiff', 'PotRadDailyAvg', 'PotRadDailyDiff', 'WD_COS', 'WD_SIN', 'GPP_PROX'] 
reco_input_names,  ['DOY_sin', 'DOY_cos', 'TA', 'TS_1', 'TS_2', 'TS_3', 'TS_4', 'WTD', 'WS', 'WD_COS', 'WD_SIN', 'NIGHTLY_NEE_AVG'] 
true_nee_name,  ['NEE'] 

Custom Running on GPU With hidden layer size of 12 Total epochs: 100000 lr: 0.001 patience: 500 min_delta 0.01
SNN_GPP(
  (net): Sequential(
    (0): Linear(in_features=11, out_features=12, bias=True)
    (1): ReLU()
    (2): Linear(in_features=12, out_features=1, bias=True)
    (3): ReLU()
  )
)
SNN_RECO(
  (net): Sequential(
    (0): Linear(in_features=12, out_features=12, bias=True)
    (1): ReLU()
    (2): Linear(in_features=12, out_features=1, bias=True)
    (3): ReLU()
  )
)
Custom will use the Tram vars
Params are min slope: 2e-06, trend window: 100
Epoch     0 | Train Loss: 0.078528 | Val Loss: 0.076137 | Train R²: -0.2101 | Val R²: -0.1749
Epoch   500 | Train Loss: 0.003439 | Val Loss: 0.003662 | Train R²: 0.9470 | Val R²: 0.9435
Epoch  1000 | Train Loss: 0.002151 | Val Loss: 0.002424 | Train R²: 0.9668 | Val R²: 0.9626
Epoch  1500 | Train Loss: 0.001866 | Val Loss: 0.002086 | Train R²: 0.9712 | Val R²: 0.9678
Epoch  2000 | Train Loss: 0.001743 | Val Loss: 0.001941 | Train R²: 0.9731 | Val R²: 0.9700
Early stopping at epoch 2382 due to flat/negative trend (slope=0.000002)
Epoch  2382 | Train Loss: 0.001691 | Val Loss: 0.001881 | Train R²: 0.9739 | Val R²: 0.9710
Unpickling models
Following models have been loaded and moved to cuda:
trained gpp model:
 SNN_GPP(
  (net): Sequential(
    (0): Linear(in_features=11, out_features=12, bias=True)
    (1): ReLU()
    (2): Linear(in_features=12, out_features=1, bias=True)
    (3): ReLU()
  )
), trained_reco_model:
 SNN_RECO(
  (net): Sequential(
    (0): Linear(in_features=12, out_features=12, bias=True)
    (1): ReLU()
    (2): Linear(in_features=12, out_features=1, bias=True)
    (3): ReLU()
  )
)
using full data set for visualization
Un-normalizing the GPP and RECO predictions using NEE min: tensor([-28.5722]), NEE max: tensor([17.2922])



Metrics for the Custom, with
GPP inputs: ['SW_IN', 'VPD', 'WTD', 'WS', 'PotRad', 'PotRadHalfHourlyDiff', 'PotRadDailyAvg', 'PotRadDailyDiff', 'WD_COS', 'WD_SIN', 'GPP_PROX']
RECO inputs: ['DOY_sin', 'DOY_cos', 'TA', 'TS_1', 'TS_2', 'TS_3', 'TS_4', 'WTD', 'WS', 'WD_COS', 'WD_SIN', 'NIGHTLY_NEE_AVG']:
DT_GPP vs Custom_GPP R²=0.94 RMSE=2.01
NT_GPP vs Custom_GPP R²=0.90 RMSE=2.92
DT_RECO vs Custom_RECO R²=0.19 RMSE=2.32
NT_RECO vs Custom_RECO R²=0.40 RMSE=2.67
DT_GPP vs NT_GPP R²=0.90 RMSE=2.55
DT_RECO vs NT_RECO R²=0.24 RMSE=2.00

gpp_input_names,  ['SW_IN', 'VPD', 'TA', 'WS', 'PotRad', 'PotRadHalfHourlyDiff', 'PotRadDailyAvg', 'PotRadDailyDiff', 'WD_COS', 'WD_SIN', 'GPP_PROX'] 
reco_input_names,  ['DOY_sin', 'DOY_cos', 'TA', 'TS_1', 'TS_2', 'TS_3', 'TS_4', 'WTD', 'WS', 'WD_COS', 'WD_SIN', 'NIGHTLY_NEE_AVG'] 
true_nee_name,  ['NEE'] 

Custom Running on GPU With hidden layer size of 12 Total epochs: 100000 lr: 0.001 patience: 500 min_delta 0.01
SNN_GPP(
  (net): Sequential(
    (0): Linear(in_features=11, out_features=12, bias=True)
    (1): ReLU()
    (2): Linear(in_features=12, out_features=1, bias=True)
    (3): ReLU()
  )
)
SNN_RECO(
  (net): Sequential(
    (0): Linear(in_features=12, out_features=12, bias=True)
    (1): ReLU()
    (2): Linear(in_features=12, out_features=1, bias=True)
    (3): ReLU()
  )
)
Custom will use the Tram vars
Params are min slope: 2e-06, trend window: 100
Epoch     0 | Train Loss: 0.075748 | Val Loss: 0.073455 | Train R²: -0.1673 | Val R²: -0.1335
Epoch   500 | Train Loss: 0.002982 | Val Loss: 0.003206 | Train R²: 0.9540 | Val R²: 0.9505
Epoch  1000 | Train Loss: 0.002095 | Val Loss: 0.002270 | Train R²: 0.9677 | Val R²: 0.9650
Epoch  1500 | Train Loss: 0.001891 | Val Loss: 0.002031 | Train R²: 0.9709 | Val R²: 0.9687
Early stopping at epoch 1918 due to flat/negative trend (slope=0.000002)
Epoch  1918 | Train Loss: 0.001794 | Val Loss: 0.001943 | Train R²: 0.9723 | Val R²: 0.9700
Unpickling models
Following models have been loaded and moved to cuda:
trained gpp model:
 SNN_GPP(
  (net): Sequential(
    (0): Linear(in_features=11, out_features=12, bias=True)
    (1): ReLU()
    (2): Linear(in_features=12, out_features=1, bias=True)
    (3): ReLU()
  )
), trained_reco_model:
 SNN_RECO(
  (net): Sequential(
    (0): Linear(in_features=12, out_features=12, bias=True)
    (1): ReLU()
    (2): Linear(in_features=12, out_features=1, bias=True)
    (3): ReLU()
  )
)
using full data set for visualization
Un-normalizing the GPP and RECO predictions using NEE min: tensor([-28.5722]), NEE max: tensor([17.2922])



Metrics for the Custom, with
GPP inputs: ['SW_IN', 'VPD', 'TA', 'WS', 'PotRad', 'PotRadHalfHourlyDiff', 'PotRadDailyAvg', 'PotRadDailyDiff', 'WD_COS', 'WD_SIN', 'GPP_PROX']
RECO inputs: ['DOY_sin', 'DOY_cos', 'TA', 'TS_1', 'TS_2', 'TS_3', 'TS_4', 'WTD', 'WS', 'WD_COS', 'WD_SIN', 'NIGHTLY_NEE_AVG']:
DT_GPP vs Custom_GPP R²=0.96 RMSE=1.69
NT_GPP vs Custom_GPP R²=0.91 RMSE=2.75
DT_RECO vs Custom_RECO R²=0.42 RMSE=1.95
NT_RECO vs Custom_RECO R²=0.48 RMSE=2.47
DT_GPP vs NT_GPP R²=0.90 RMSE=2.55
DT_RECO vs NT_RECO R²=0.24 RMSE=2.00

gpp_input_names,  ['SW_IN', 'VPD', 'TA', 'WTD', 'PotRad', 'PotRadHalfHourlyDiff', 'PotRadDailyAvg', 'PotRadDailyDiff', 'WD_COS', 'WD_SIN', 'GPP_PROX'] 
reco_input_names,  ['DOY_sin', 'DOY_cos', 'TA', 'TS_1', 'TS_2', 'TS_3', 'TS_4', 'WTD', 'WS', 'WD_COS', 'WD_SIN', 'NIGHTLY_NEE_AVG'] 
true_nee_name,  ['NEE'] 

Custom Running on GPU With hidden layer size of 12 Total epochs: 100000 lr: 0.001 patience: 500 min_delta 0.01
SNN_GPP(
  (net): Sequential(
    (0): Linear(in_features=11, out_features=12, bias=True)
    (1): ReLU()
    (2): Linear(in_features=12, out_features=1, bias=True)
    (3): ReLU()
  )
)
SNN_RECO(
  (net): Sequential(
    (0): Linear(in_features=12, out_features=12, bias=True)
    (1): ReLU()
    (2): Linear(in_features=12, out_features=1, bias=True)
    (3): ReLU()
  )
)
Custom will use the Tram vars
Params are min slope: 2e-06, trend window: 100
Epoch     0 | Train Loss: 0.079179 | Val Loss: 0.076813 | Train R²: -0.2201 | Val R²: -0.1853
Epoch   500 | Train Loss: 0.002936 | Val Loss: 0.003251 | Train R²: 0.9548 | Val R²: 0.9498
Epoch  1000 | Train Loss: 0.002143 | Val Loss: 0.002426 | Train R²: 0.9670 | Val R²: 0.9626
Epoch  1500 | Train Loss: 0.001918 | Val Loss: 0.002130 | Train R²: 0.9705 | Val R²: 0.9671
Epoch  2000 | Train Loss: 0.001794 | Val Loss: 0.001971 | Train R²: 0.9723 | Val R²: 0.9696
Epoch  2500 | Train Loss: 0.001727 | Val Loss: 0.001888 | Train R²: 0.9734 | Val R²: 0.9709
Early stopping at epoch 2627 due to flat/negative trend (slope=0.000002)
Epoch  2627 | Train Loss: 0.001714 | Val Loss: 0.001873 | Train R²: 0.9736 | Val R²: 0.9711
Unpickling models
Following models have been loaded and moved to cuda:
trained gpp model:
 SNN_GPP(
  (net): Sequential(
    (0): Linear(in_features=11, out_features=12, bias=True)
    (1): ReLU()
    (2): Linear(in_features=12, out_features=1, bias=True)
    (3): ReLU()
  )
), trained_reco_model:
 SNN_RECO(
  (net): Sequential(
    (0): Linear(in_features=12, out_features=12, bias=True)
    (1): ReLU()
    (2): Linear(in_features=12, out_features=1, bias=True)
    (3): ReLU()
  )
)
using full data set for visualization
Un-normalizing the GPP and RECO predictions using NEE min: tensor([-28.5722]), NEE max: tensor([17.2922])



Metrics for the Custom, with
GPP inputs: ['SW_IN', 'VPD', 'TA', 'WTD', 'PotRad', 'PotRadHalfHourlyDiff', 'PotRadDailyAvg', 'PotRadDailyDiff', 'WD_COS', 'WD_SIN', 'GPP_PROX']
RECO inputs: ['DOY_sin', 'DOY_cos', 'TA', 'TS_1', 'TS_2', 'TS_3', 'TS_4', 'WTD', 'WS', 'WD_COS', 'WD_SIN', 'NIGHTLY_NEE_AVG']:
DT_GPP vs Custom_GPP R²=0.96 RMSE=1.54
NT_GPP vs Custom_GPP R²=0.92 RMSE=2.68
DT_RECO vs Custom_RECO R²=0.49 RMSE=1.84
NT_RECO vs Custom_RECO R²=0.51 RMSE=2.40
DT_GPP vs NT_GPP R²=0.90 RMSE=2.55
DT_RECO vs NT_RECO R²=0.24 RMSE=2.00

gpp_input_names,  ['SW_IN', 'VPD', 'TA', 'WTD', 'WS', 'PotRadHalfHourlyDiff', 'PotRadDailyAvg', 'PotRadDailyDiff', 'WD_COS', 'WD_SIN', 'GPP_PROX'] 
reco_input_names,  ['DOY_sin', 'DOY_cos', 'TA', 'TS_1', 'TS_2', 'TS_3', 'TS_4', 'WTD', 'WS', 'WD_COS', 'WD_SIN', 'NIGHTLY_NEE_AVG'] 
true_nee_name,  ['NEE'] 

Custom Running on GPU With hidden layer size of 12 Total epochs: 100000 lr: 0.001 patience: 500 min_delta 0.01
SNN_GPP(
  (net): Sequential(
    (0): Linear(in_features=11, out_features=12, bias=True)
    (1): ReLU()
    (2): Linear(in_features=12, out_features=1, bias=True)
    (3): ReLU()
  )
)
SNN_RECO(
  (net): Sequential(
    (0): Linear(in_features=12, out_features=12, bias=True)
    (1): ReLU()
    (2): Linear(in_features=12, out_features=1, bias=True)
    (3): ReLU()
  )
)
Custom will use the Tram vars
Params are min slope: 2e-06, trend window: 100
Epoch     0 | Train Loss: 0.079982 | Val Loss: 0.077591 | Train R²: -0.2325 | Val R²: -0.1973
Epoch   500 | Train Loss: 0.003687 | Val Loss: 0.003926 | Train R²: 0.9432 | Val R²: 0.9394
Epoch  1000 | Train Loss: 0.002277 | Val Loss: 0.002468 | Train R²: 0.9649 | Val R²: 0.9619
Epoch  1500 | Train Loss: 0.001965 | Val Loss: 0.002140 | Train R²: 0.9697 | Val R²: 0.9670
Epoch  2000 | Train Loss: 0.001861 | Val Loss: 0.002031 | Train R²: 0.9713 | Val R²: 0.9687
Early stopping at epoch 2398 due to flat/negative trend (slope=0.000002)
Epoch  2398 | Train Loss: 0.001804 | Val Loss: 0.001955 | Train R²: 0.9722 | Val R²: 0.9698
Unpickling models
Following models have been loaded and moved to cuda:
trained gpp model:
 SNN_GPP(
  (net): Sequential(
    (0): Linear(in_features=11, out_features=12, bias=True)
    (1): ReLU()
    (2): Linear(in_features=12, out_features=1, bias=True)
    (3): ReLU()
  )
), trained_reco_model:
 SNN_RECO(
  (net): Sequential(
    (0): Linear(in_features=12, out_features=12, bias=True)
    (1): ReLU()
    (2): Linear(in_features=12, out_features=1, bias=True)
    (3): ReLU()
  )
)
using full data set for visualization
Un-normalizing the GPP and RECO predictions using NEE min: tensor([-28.5722]), NEE max: tensor([17.2922])



Metrics for the Custom, with
GPP inputs: ['SW_IN', 'VPD', 'TA', 'WTD', 'WS', 'PotRadHalfHourlyDiff', 'PotRadDailyAvg', 'PotRadDailyDiff', 'WD_COS', 'WD_SIN', 'GPP_PROX']
RECO inputs: ['DOY_sin', 'DOY_cos', 'TA', 'TS_1', 'TS_2', 'TS_3', 'TS_4', 'WTD', 'WS', 'WD_COS', 'WD_SIN', 'NIGHTLY_NEE_AVG']:
DT_GPP vs Custom_GPP R²=0.96 RMSE=1.63
NT_GPP vs Custom_GPP R²=0.92 RMSE=2.55
DT_RECO vs Custom_RECO R²=0.50 RMSE=1.82
NT_RECO vs Custom_RECO R²=0.58 RMSE=2.22
DT_GPP vs NT_GPP R²=0.90 RMSE=2.55
DT_RECO vs NT_RECO R²=0.24 RMSE=2.00

gpp_input_names,  ['SW_IN', 'VPD', 'TA', 'WTD', 'WS', 'PotRad', 'PotRadDailyAvg', 'PotRadDailyDiff', 'WD_COS', 'WD_SIN', 'GPP_PROX'] 
reco_input_names,  ['DOY_sin', 'DOY_cos', 'TA', 'TS_1', 'TS_2', 'TS_3', 'TS_4', 'WTD', 'WS', 'WD_COS', 'WD_SIN', 'NIGHTLY_NEE_AVG'] 
true_nee_name,  ['NEE'] 

Custom Running on GPU With hidden layer size of 12 Total epochs: 100000 lr: 0.001 patience: 500 min_delta 0.01
SNN_GPP(
  (net): Sequential(
    (0): Linear(in_features=11, out_features=12, bias=True)
    (1): ReLU()
    (2): Linear(in_features=12, out_features=1, bias=True)
    (3): ReLU()
  )
)
SNN_RECO(
  (net): Sequential(
    (0): Linear(in_features=12, out_features=12, bias=True)
    (1): ReLU()
    (2): Linear(in_features=12, out_features=1, bias=True)
    (3): ReLU()
  )
)
Custom will use the Tram vars
Params are min slope: 2e-06, trend window: 100
Epoch     0 | Train Loss: 0.079044 | Val Loss: 0.076740 | Train R²: -0.2180 | Val R²: -0.1842
Epoch   500 | Train Loss: 0.003235 | Val Loss: 0.003473 | Train R²: 0.9502 | Val R²: 0.9464
Epoch  1000 | Train Loss: 0.002326 | Val Loss: 0.002507 | Train R²: 0.9642 | Val R²: 0.9613
Epoch  1500 | Train Loss: 0.002067 | Val Loss: 0.002214 | Train R²: 0.9682 | Val R²: 0.9658
Epoch  2000 | Train Loss: 0.001955 | Val Loss: 0.002074 | Train R²: 0.9699 | Val R²: 0.9680
Early stopping at epoch 2316 due to flat/negative trend (slope=0.000002)
Epoch  2316 | Train Loss: 0.001902 | Val Loss: 0.002017 | Train R²: 0.9707 | Val R²: 0.9689
Unpickling models
Following models have been loaded and moved to cuda:
trained gpp model:
 SNN_GPP(
  (net): Sequential(
    (0): Linear(in_features=11, out_features=12, bias=True)
    (1): ReLU()
    (2): Linear(in_features=12, out_features=1, bias=True)
    (3): ReLU()
  )
), trained_reco_model:
 SNN_RECO(
  (net): Sequential(
    (0): Linear(in_features=12, out_features=12, bias=True)
    (1): ReLU()
    (2): Linear(in_features=12, out_features=1, bias=True)
    (3): ReLU()
  )
)
using full data set for visualization
Un-normalizing the GPP and RECO predictions using NEE min: tensor([-28.5722]), NEE max: tensor([17.2922])



Metrics for the Custom, with
GPP inputs: ['SW_IN', 'VPD', 'TA', 'WTD', 'WS', 'PotRad', 'PotRadDailyAvg', 'PotRadDailyDiff', 'WD_COS', 'WD_SIN', 'GPP_PROX']
RECO inputs: ['DOY_sin', 'DOY_cos', 'TA', 'TS_1', 'TS_2', 'TS_3', 'TS_4', 'WTD', 'WS', 'WD_COS', 'WD_SIN', 'NIGHTLY_NEE_AVG']:
DT_GPP vs Custom_GPP R²=0.94 RMSE=2.04
NT_GPP vs Custom_GPP R²=0.91 RMSE=2.71
DT_RECO vs Custom_RECO R²=0.22 RMSE=2.27
NT_RECO vs Custom_RECO R²=0.50 RMSE=2.42
DT_GPP vs NT_GPP R²=0.90 RMSE=2.55
DT_RECO vs NT_RECO R²=0.24 RMSE=2.00

gpp_input_names,  ['SW_IN', 'VPD', 'TA', 'WTD', 'WS', 'PotRad', 'PotRadHalfHourlyDiff', 'PotRadDailyDiff', 'WD_COS', 'WD_SIN', 'GPP_PROX'] 
reco_input_names,  ['DOY_sin', 'DOY_cos', 'TA', 'TS_1', 'TS_2', 'TS_3', 'TS_4', 'WTD', 'WS', 'WD_COS', 'WD_SIN', 'NIGHTLY_NEE_AVG'] 
true_nee_name,  ['NEE'] 

Custom Running on GPU With hidden layer size of 12 Total epochs: 100000 lr: 0.001 patience: 500 min_delta 0.01
SNN_GPP(
  (net): Sequential(
    (0): Linear(in_features=11, out_features=12, bias=True)
    (1): ReLU()
    (2): Linear(in_features=12, out_features=1, bias=True)
    (3): ReLU()
  )
)
SNN_RECO(
  (net): Sequential(
    (0): Linear(in_features=12, out_features=12, bias=True)
    (1): ReLU()
    (2): Linear(in_features=12, out_features=1, bias=True)
    (3): ReLU()
  )
)
Custom will use the Tram vars
Params are min slope: 2e-06, trend window: 100
Epoch     0 | Train Loss: 0.070166 | Val Loss: 0.068635 | Train R²: -0.0812 | Val R²: -0.0591
Epoch   500 | Train Loss: 0.002499 | Val Loss: 0.002692 | Train R²: 0.9615 | Val R²: 0.9585
Epoch  1000 | Train Loss: 0.001966 | Val Loss: 0.002156 | Train R²: 0.9697 | Val R²: 0.9667
Epoch  1500 | Train Loss: 0.001836 | Val Loss: 0.002003 | Train R²: 0.9717 | Val R²: 0.9691
Early stopping at epoch 1740 due to flat/negative trend (slope=0.000002)
Epoch  1740 | Train Loss: 0.001808 | Val Loss: 0.001968 | Train R²: 0.9721 | Val R²: 0.9696
Unpickling models
Following models have been loaded and moved to cuda:
trained gpp model:
 SNN_GPP(
  (net): Sequential(
    (0): Linear(in_features=11, out_features=12, bias=True)
    (1): ReLU()
    (2): Linear(in_features=12, out_features=1, bias=True)
    (3): ReLU()
  )
), trained_reco_model:
 SNN_RECO(
  (net): Sequential(
    (0): Linear(in_features=12, out_features=12, bias=True)
    (1): ReLU()
    (2): Linear(in_features=12, out_features=1, bias=True)
    (3): ReLU()
  )
)
using full data set for visualization
Un-normalizing the GPP and RECO predictions using NEE min: tensor([-28.5722]), NEE max: tensor([17.2922])



Metrics for the Custom, with
GPP inputs: ['SW_IN', 'VPD', 'TA', 'WTD', 'WS', 'PotRad', 'PotRadHalfHourlyDiff', 'PotRadDailyDiff', 'WD_COS', 'WD_SIN', 'GPP_PROX']
RECO inputs: ['DOY_sin', 'DOY_cos', 'TA', 'TS_1', 'TS_2', 'TS_3', 'TS_4', 'WTD', 'WS', 'WD_COS', 'WD_SIN', 'NIGHTLY_NEE_AVG']:
DT_GPP vs Custom_GPP R²=0.97 RMSE=1.32
NT_GPP vs Custom_GPP R²=0.92 RMSE=2.67
DT_RECO vs Custom_RECO R²=0.69 RMSE=1.44
NT_RECO vs Custom_RECO R²=0.53 RMSE=2.35
DT_GPP vs NT_GPP R²=0.90 RMSE=2.55
DT_RECO vs NT_RECO R²=0.24 RMSE=2.00

gpp_input_names,  ['SW_IN', 'VPD', 'TA', 'WTD', 'WS', 'PotRad', 'PotRadHalfHourlyDiff', 'PotRadDailyAvg', 'WD_COS', 'WD_SIN', 'GPP_PROX'] 
reco_input_names,  ['DOY_sin', 'DOY_cos', 'TA', 'TS_1', 'TS_2', 'TS_3', 'TS_4', 'WTD', 'WS', 'WD_COS', 'WD_SIN', 'NIGHTLY_NEE_AVG'] 
true_nee_name,  ['NEE'] 

Custom Running on GPU With hidden layer size of 12 Total epochs: 100000 lr: 0.001 patience: 500 min_delta 0.01
SNN_GPP(
  (net): Sequential(
    (0): Linear(in_features=11, out_features=12, bias=True)
    (1): ReLU()
    (2): Linear(in_features=12, out_features=1, bias=True)
    (3): ReLU()
  )
)
SNN_RECO(
  (net): Sequential(
    (0): Linear(in_features=12, out_features=12, bias=True)
    (1): ReLU()
    (2): Linear(in_features=12, out_features=1, bias=True)
    (3): ReLU()
  )
)
Custom will use the Tram vars
Params are min slope: 2e-06, trend window: 100
Epoch     0 | Train Loss: 0.071293 | Val Loss: 0.068562 | Train R²: -0.0986 | Val R²: -0.0580
Epoch   500 | Train Loss: 0.002399 | Val Loss: 0.002587 | Train R²: 0.9630 | Val R²: 0.9601
Epoch  1000 | Train Loss: 0.001892 | Val Loss: 0.001987 | Train R²: 0.9708 | Val R²: 0.9693
Epoch  1500 | Train Loss: 0.001793 | Val Loss: 0.001894 | Train R²: 0.9724 | Val R²: 0.9708
Early stopping at epoch 1887 due to flat/negative trend (slope=0.000002)
Epoch  1887 | Train Loss: 0.001732 | Val Loss: 0.001831 | Train R²: 0.9733 | Val R²: 0.9717
Unpickling models
Following models have been loaded and moved to cuda:
trained gpp model:
 SNN_GPP(
  (net): Sequential(
    (0): Linear(in_features=11, out_features=12, bias=True)
    (1): ReLU()
    (2): Linear(in_features=12, out_features=1, bias=True)
    (3): ReLU()
  )
), trained_reco_model:
 SNN_RECO(
  (net): Sequential(
    (0): Linear(in_features=12, out_features=12, bias=True)
    (1): ReLU()
    (2): Linear(in_features=12, out_features=1, bias=True)
    (3): ReLU()
  )
)
using full data set for visualization
Un-normalizing the GPP and RECO predictions using NEE min: tensor([-28.5722]), NEE max: tensor([17.2922])



Metrics for the Custom, with
GPP inputs: ['SW_IN', 'VPD', 'TA', 'WTD', 'WS', 'PotRad', 'PotRadHalfHourlyDiff', 'PotRadDailyAvg', 'WD_COS', 'WD_SIN', 'GPP_PROX']
RECO inputs: ['DOY_sin', 'DOY_cos', 'TA', 'TS_1', 'TS_2', 'TS_3', 'TS_4', 'WTD', 'WS', 'WD_COS', 'WD_SIN', 'NIGHTLY_NEE_AVG']:
DT_GPP vs Custom_GPP R²=0.97 RMSE=1.31
NT_GPP vs Custom_GPP R²=0.92 RMSE=2.63
DT_RECO vs Custom_RECO R²=0.69 RMSE=1.43
NT_RECO vs Custom_RECO R²=0.54 RMSE=2.33
DT_GPP vs NT_GPP R²=0.90 RMSE=2.55
DT_RECO vs NT_RECO R²=0.24 RMSE=2.00

gpp_input_names,  ['SW_IN', 'VPD', 'TA', 'WTD', 'WS', 'PotRad', 'PotRadHalfHourlyDiff', 'PotRadDailyAvg', 'PotRadDailyDiff', 'WD_SIN', 'GPP_PROX'] 
reco_input_names,  ['DOY_sin', 'DOY_cos', 'TA', 'TS_1', 'TS_2', 'TS_3', 'TS_4', 'WTD', 'WS', 'WD_COS', 'WD_SIN', 'NIGHTLY_NEE_AVG'] 
true_nee_name,  ['NEE'] 

Custom Running on GPU With hidden layer size of 12 Total epochs: 100000 lr: 0.001 patience: 500 min_delta 0.01
SNN_GPP(
  (net): Sequential(
    (0): Linear(in_features=11, out_features=12, bias=True)
    (1): ReLU()
    (2): Linear(in_features=12, out_features=1, bias=True)
    (3): ReLU()
  )
)
SNN_RECO(
  (net): Sequential(
    (0): Linear(in_features=12, out_features=12, bias=True)
    (1): ReLU()
    (2): Linear(in_features=12, out_features=1, bias=True)
    (3): ReLU()
  )
)
Custom will use the Tram vars
Params are min slope: 2e-06, trend window: 100
Epoch     0 | Train Loss: 0.077304 | Val Loss: 0.075673 | Train R²: -0.1912 | Val R²: -0.1677
Epoch   500 | Train Loss: 0.002679 | Val Loss: 0.002820 | Train R²: 0.9587 | Val R²: 0.9565
Epoch  1000 | Train Loss: 0.002002 | Val Loss: 0.002162 | Train R²: 0.9691 | Val R²: 0.9666
Epoch  1500 | Train Loss: 0.001850 | Val Loss: 0.002016 | Train R²: 0.9715 | Val R²: 0.9689
Early stopping at epoch 1811 due to flat/negative trend (slope=0.000002)
Epoch  1811 | Train Loss: 0.001809 | Val Loss: 0.001969 | Train R²: 0.9721 | Val R²: 0.9696
Unpickling models
Following models have been loaded and moved to cuda:
trained gpp model:
 SNN_GPP(
  (net): Sequential(
    (0): Linear(in_features=11, out_features=12, bias=True)
    (1): ReLU()
    (2): Linear(in_features=12, out_features=1, bias=True)
    (3): ReLU()
  )
), trained_reco_model:
 SNN_RECO(
  (net): Sequential(
    (0): Linear(in_features=12, out_features=12, bias=True)
    (1): ReLU()
    (2): Linear(in_features=12, out_features=1, bias=True)
    (3): ReLU()
  )
)
using full data set for visualization
Un-normalizing the GPP and RECO predictions using NEE min: tensor([-28.5722]), NEE max: tensor([17.2922])



Metrics for the Custom, with
GPP inputs: ['SW_IN', 'VPD', 'TA', 'WTD', 'WS', 'PotRad', 'PotRadHalfHourlyDiff', 'PotRadDailyAvg', 'PotRadDailyDiff', 'WD_SIN', 'GPP_PROX']
RECO inputs: ['DOY_sin', 'DOY_cos', 'TA', 'TS_1', 'TS_2', 'TS_3', 'TS_4', 'WTD', 'WS', 'WD_COS', 'WD_SIN', 'NIGHTLY_NEE_AVG']:
DT_GPP vs Custom_GPP R²=0.97 RMSE=1.42
NT_GPP vs Custom_GPP R²=0.91 RMSE=2.78
DT_RECO vs Custom_RECO R²=0.63 RMSE=1.56
NT_RECO vs Custom_RECO R²=0.48 RMSE=2.48
DT_GPP vs NT_GPP R²=0.90 RMSE=2.55
DT_RECO vs NT_RECO R²=0.24 RMSE=2.00

gpp_input_names,  ['SW_IN', 'VPD', 'TA', 'WTD', 'WS', 'PotRad', 'PotRadHalfHourlyDiff', 'PotRadDailyAvg', 'PotRadDailyDiff', 'WD_COS', 'GPP_PROX'] 
reco_input_names,  ['DOY_sin', 'DOY_cos', 'TA', 'TS_1', 'TS_2', 'TS_3', 'TS_4', 'WTD', 'WS', 'WD_COS', 'WD_SIN', 'NIGHTLY_NEE_AVG'] 
true_nee_name,  ['NEE'] 

Custom Running on GPU With hidden layer size of 12 Total epochs: 100000 lr: 0.001 patience: 500 min_delta 0.01
SNN_GPP(
  (net): Sequential(
    (0): Linear(in_features=11, out_features=12, bias=True)
    (1): ReLU()
    (2): Linear(in_features=12, out_features=1, bias=True)
    (3): ReLU()
  )
)
SNN_RECO(
  (net): Sequential(
    (0): Linear(in_features=12, out_features=12, bias=True)
    (1): ReLU()
    (2): Linear(in_features=12, out_features=1, bias=True)
    (3): ReLU()
  )
)
Custom will use the Tram vars
Params are min slope: 2e-06, trend window: 100
Epoch     0 | Train Loss: 0.079094 | Val Loss: 0.077864 | Train R²: -0.2188 | Val R²: -0.2015
Epoch   500 | Train Loss: 0.002915 | Val Loss: 0.003061 | Train R²: 0.9551 | Val R²: 0.9528
Epoch  1000 | Train Loss: 0.002100 | Val Loss: 0.002236 | Train R²: 0.9676 | Val R²: 0.9655
Epoch  1500 | Train Loss: 0.001874 | Val Loss: 0.001986 | Train R²: 0.9711 | Val R²: 0.9694
Epoch  2000 | Train Loss: 0.001750 | Val Loss: 0.001843 | Train R²: 0.9730 | Val R²: 0.9716
Early stopping at epoch 2243 due to flat/negative trend (slope=0.000002)
Epoch  2243 | Train Loss: 0.001712 | Val Loss: 0.001805 | Train R²: 0.9736 | Val R²: 0.9721
Unpickling models
Following models have been loaded and moved to cuda:
trained gpp model:
 SNN_GPP(
  (net): Sequential(
    (0): Linear(in_features=11, out_features=12, bias=True)
    (1): ReLU()
    (2): Linear(in_features=12, out_features=1, bias=True)
    (3): ReLU()
  )
), trained_reco_model:
 SNN_RECO(
  (net): Sequential(
    (0): Linear(in_features=12, out_features=12, bias=True)
    (1): ReLU()
    (2): Linear(in_features=12, out_features=1, bias=True)
    (3): ReLU()
  )
)
using full data set for visualization
Un-normalizing the GPP and RECO predictions using NEE min: tensor([-28.5722]), NEE max: tensor([17.2922])



Metrics for the Custom, with
GPP inputs: ['SW_IN', 'VPD', 'TA', 'WTD', 'WS', 'PotRad', 'PotRadHalfHourlyDiff', 'PotRadDailyAvg', 'PotRadDailyDiff', 'WD_COS', 'GPP_PROX']
RECO inputs: ['DOY_sin', 'DOY_cos', 'TA', 'TS_1', 'TS_2', 'TS_3', 'TS_4', 'WTD', 'WS', 'WD_COS', 'WD_SIN', 'NIGHTLY_NEE_AVG']:
DT_GPP vs Custom_GPP R²=0.97 RMSE=1.37
NT_GPP vs Custom_GPP R²=0.91 RMSE=2.71
DT_RECO vs Custom_RECO R²=0.63 RMSE=1.58
NT_RECO vs Custom_RECO R²=0.51 RMSE=2.42
DT_GPP vs NT_GPP R²=0.90 RMSE=2.55
DT_RECO vs NT_RECO R²=0.24 RMSE=2.00

gpp_input_names,  ['SW_IN', 'VPD', 'TA', 'WTD', 'WS', 'PotRad', 'PotRadHalfHourlyDiff', 'PotRadDailyAvg', 'PotRadDailyDiff', 'WD_COS', 'WD_SIN'] 
reco_input_names,  ['DOY_sin', 'DOY_cos', 'TA', 'TS_1', 'TS_2', 'TS_3', 'TS_4', 'WTD', 'WS', 'WD_COS', 'WD_SIN', 'NIGHTLY_NEE_AVG'] 
true_nee_name,  ['NEE'] 

Custom Running on GPU With hidden layer size of 12 Total epochs: 100000 lr: 0.001 patience: 500 min_delta 0.01
SNN_GPP(
  (net): Sequential(
    (0): Linear(in_features=11, out_features=12, bias=True)
    (1): ReLU()
    (2): Linear(in_features=12, out_features=1, bias=True)
    (3): ReLU()
  )
)
SNN_RECO(
  (net): Sequential(
    (0): Linear(in_features=12, out_features=12, bias=True)
    (1): ReLU()
    (2): Linear(in_features=12, out_features=1, bias=True)
    (3): ReLU()
  )
)
Custom will use the Tram vars
Params are min slope: 2e-06, trend window: 100
Epoch     0 | Train Loss: 0.080983 | Val Loss: 0.079706 | Train R²: -0.2479 | Val R²: -0.2299
Epoch   500 | Train Loss: 0.005211 | Val Loss: 0.005462 | Train R²: 0.9197 | Val R²: 0.9157
Epoch  1000 | Train Loss: 0.003828 | Val Loss: 0.004121 | Train R²: 0.9410 | Val R²: 0.9364
Epoch  1500 | Train Loss: 0.003255 | Val Loss: 0.003487 | Train R²: 0.9498 | Val R²: 0.9462
Epoch  2000 | Train Loss: 0.002816 | Val Loss: 0.003014 | Train R²: 0.9566 | Val R²: 0.9535
Epoch  2500 | Train Loss: 0.002520 | Val Loss: 0.002685 | Train R²: 0.9612 | Val R²: 0.9586
Epoch  3000 | Train Loss: 0.002426 | Val Loss: 0.002576 | Train R²: 0.9626 | Val R²: 0.9602
Epoch  3500 | Train Loss: 0.002352 | Val Loss: 0.002484 | Train R²: 0.9638 | Val R²: 0.9617
Epoch  4000 | Train Loss: 0.002273 | Val Loss: 0.002392 | Train R²: 0.9650 | Val R²: 0.9631
Early stopping at epoch 4366 due to flat/negative trend (slope=0.000002)
Epoch  4366 | Train Loss: 0.002197 | Val Loss: 0.002318 | Train R²: 0.9661 | Val R²: 0.9642
Unpickling models
Following models have been loaded and moved to cuda:
trained gpp model:
 SNN_GPP(
  (net): Sequential(
    (0): Linear(in_features=11, out_features=12, bias=True)
    (1): ReLU()
    (2): Linear(in_features=12, out_features=1, bias=True)
    (3): ReLU()
  )
), trained_reco_model:
 SNN_RECO(
  (net): Sequential(
    (0): Linear(in_features=12, out_features=12, bias=True)
    (1): ReLU()
    (2): Linear(in_features=12, out_features=1, bias=True)
    (3): ReLU()
  )
)
using full data set for visualization
Un-normalizing the GPP and RECO predictions using NEE min: tensor([-28.5722]), NEE max: tensor([17.2922])



Metrics for the Custom, with
GPP inputs: ['SW_IN', 'VPD', 'TA', 'WTD', 'WS', 'PotRad', 'PotRadHalfHourlyDiff', 'PotRadDailyAvg', 'PotRadDailyDiff', 'WD_COS', 'WD_SIN']
RECO inputs: ['DOY_sin', 'DOY_cos', 'TA', 'TS_1', 'TS_2', 'TS_3', 'TS_4', 'WTD', 'WS', 'WD_COS', 'WD_SIN', 'NIGHTLY_NEE_AVG']:
DT_GPP vs Custom_GPP R²=0.93 RMSE=2.12
NT_GPP vs Custom_GPP R²=0.89 RMSE=3.04
DT_RECO vs Custom_RECO R²=0.24 RMSE=2.25
NT_RECO vs Custom_RECO R²=0.40 RMSE=2.66
DT_GPP vs NT_GPP R²=0.90 RMSE=2.55
DT_RECO vs NT_RECO R²=0.24 RMSE=2.00

gpp_input_names,  ['SW_IN', 'VPD', 'TA', 'WTD', 'WS', 'PotRad', 'PotRadHalfHourlyDiff', 'PotRadDailyAvg', 'PotRadDailyDiff', 'WD_COS', 'WD_SIN', 'GPP_PROX'] 
reco_input_names,  ['DOY_cos', 'TA', 'TS_1', 'TS_2', 'TS_3', 'TS_4', 'WTD', 'WS', 'WD_COS', 'WD_SIN', 'NIGHTLY_NEE_AVG'] 
true_nee_name,  ['NEE'] 

Custom Running on GPU With hidden layer size of 12 Total epochs: 100000 lr: 0.001 patience: 500 min_delta 0.01
SNN_GPP(
  (net): Sequential(
    (0): Linear(in_features=12, out_features=12, bias=True)
    (1): ReLU()
    (2): Linear(in_features=12, out_features=1, bias=True)
    (3): ReLU()
  )
)
SNN_RECO(
  (net): Sequential(
    (0): Linear(in_features=11, out_features=12, bias=True)
    (1): ReLU()
    (2): Linear(in_features=12, out_features=1, bias=True)
    (3): ReLU()
  )
)
Custom will use the Tram vars
Params are min slope: 2e-06, trend window: 100
Epoch     0 | Train Loss: 0.212046 | Val Loss: 0.200884 | Train R²: -2.2676 | Val R²: -2.0999
Epoch   500 | Train Loss: 0.004579 | Val Loss: 0.004873 | Train R²: 0.9294 | Val R²: 0.9248
Epoch  1000 | Train Loss: 0.002564 | Val Loss: 0.002725 | Train R²: 0.9605 | Val R²: 0.9579
Epoch  1500 | Train Loss: 0.002129 | Val Loss: 0.002292 | Train R²: 0.9672 | Val R²: 0.9646
Epoch  2000 | Train Loss: 0.001922 | Val Loss: 0.002096 | Train R²: 0.9704 | Val R²: 0.9677
Epoch  2500 | Train Loss: 0.001818 | Val Loss: 0.001983 | Train R²: 0.9720 | Val R²: 0.9694
Epoch  3000 | Train Loss: 0.001748 | Val Loss: 0.001906 | Train R²: 0.9731 | Val R²: 0.9706
Early stopping at epoch 3232 due to flat/negative trend (slope=0.000002)
Epoch  3232 | Train Loss: 0.001720 | Val Loss: 0.001874 | Train R²: 0.9735 | Val R²: 0.9711
Unpickling models
Following models have been loaded and moved to cuda:
trained gpp model:
 SNN_GPP(
  (net): Sequential(
    (0): Linear(in_features=12, out_features=12, bias=True)
    (1): ReLU()
    (2): Linear(in_features=12, out_features=1, bias=True)
    (3): ReLU()
  )
), trained_reco_model:
 SNN_RECO(
  (net): Sequential(
    (0): Linear(in_features=11, out_features=12, bias=True)
    (1): ReLU()
    (2): Linear(in_features=12, out_features=1, bias=True)
    (3): ReLU()
  )
)
using full data set for visualization
Un-normalizing the GPP and RECO predictions using NEE min: tensor([-28.5722]), NEE max: tensor([17.2922])



Metrics for the Custom, with
GPP inputs: ['SW_IN', 'VPD', 'TA', 'WTD', 'WS', 'PotRad', 'PotRadHalfHourlyDiff', 'PotRadDailyAvg', 'PotRadDailyDiff', 'WD_COS', 'WD_SIN', 'GPP_PROX']
RECO inputs: ['DOY_cos', 'TA', 'TS_1', 'TS_2', 'TS_3', 'TS_4', 'WTD', 'WS', 'WD_COS', 'WD_SIN', 'NIGHTLY_NEE_AVG']:
DT_GPP vs Custom_GPP R²=0.97 RMSE=1.35
NT_GPP vs Custom_GPP R²=0.92 RMSE=2.58
DT_RECO vs Custom_RECO R²=0.66 RMSE=1.50
NT_RECO vs Custom_RECO R²=0.56 RMSE=2.29
DT_GPP vs NT_GPP R²=0.90 RMSE=2.55
DT_RECO vs NT_RECO R²=0.24 RMSE=2.00

gpp_input_names,  ['SW_IN', 'VPD', 'TA', 'WTD', 'WS', 'PotRad', 'PotRadHalfHourlyDiff', 'PotRadDailyAvg', 'PotRadDailyDiff', 'WD_COS', 'WD_SIN', 'GPP_PROX'] 
reco_input_names,  ['DOY_sin', 'TA', 'TS_1', 'TS_2', 'TS_3', 'TS_4', 'WTD', 'WS', 'WD_COS', 'WD_SIN', 'NIGHTLY_NEE_AVG'] 
true_nee_name,  ['NEE'] 

Custom Running on GPU With hidden layer size of 12 Total epochs: 100000 lr: 0.001 patience: 500 min_delta 0.01
SNN_GPP(
  (net): Sequential(
    (0): Linear(in_features=12, out_features=12, bias=True)
    (1): ReLU()
    (2): Linear(in_features=12, out_features=1, bias=True)
    (3): ReLU()
  )
)
SNN_RECO(
  (net): Sequential(
    (0): Linear(in_features=11, out_features=12, bias=True)
    (1): ReLU()
    (2): Linear(in_features=12, out_features=1, bias=True)
    (3): ReLU()
  )
)
Custom will use the Tram vars
Params are min slope: 2e-06, trend window: 100
Epoch     0 | Train Loss: 0.179529 | Val Loss: 0.169127 | Train R²: -1.7665 | Val R²: -1.6098
Epoch   500 | Train Loss: 0.005095 | Val Loss: 0.005448 | Train R²: 0.9215 | Val R²: 0.9159
Epoch  1000 | Train Loss: 0.002794 | Val Loss: 0.003029 | Train R²: 0.9569 | Val R²: 0.9533
Epoch  1500 | Train Loss: 0.002151 | Val Loss: 0.002331 | Train R²: 0.9669 | Val R²: 0.9640
Epoch  2000 | Train Loss: 0.001888 | Val Loss: 0.002073 | Train R²: 0.9709 | Val R²: 0.9680
Epoch  2500 | Train Loss: 0.001781 | Val Loss: 0.001962 | Train R²: 0.9726 | Val R²: 0.9697
Early stopping at epoch 2804 due to flat/negative trend (slope=0.000002)
Epoch  2804 | Train Loss: 0.001739 | Val Loss: 0.001914 | Train R²: 0.9732 | Val R²: 0.9705
Unpickling models
Following models have been loaded and moved to cuda:
trained gpp model:
 SNN_GPP(
  (net): Sequential(
    (0): Linear(in_features=12, out_features=12, bias=True)
    (1): ReLU()
    (2): Linear(in_features=12, out_features=1, bias=True)
    (3): ReLU()
  )
), trained_reco_model:
 SNN_RECO(
  (net): Sequential(
    (0): Linear(in_features=11, out_features=12, bias=True)
    (1): ReLU()
    (2): Linear(in_features=12, out_features=1, bias=True)
    (3): ReLU()
  )
)
using full data set for visualization
Un-normalizing the GPP and RECO predictions using NEE min: tensor([-28.5722]), NEE max: tensor([17.2922])



Metrics for the Custom, with
GPP inputs: ['SW_IN', 'VPD', 'TA', 'WTD', 'WS', 'PotRad', 'PotRadHalfHourlyDiff', 'PotRadDailyAvg', 'PotRadDailyDiff', 'WD_COS', 'WD_SIN', 'GPP_PROX']
RECO inputs: ['DOY_sin', 'TA', 'TS_1', 'TS_2', 'TS_3', 'TS_4', 'WTD', 'WS', 'WD_COS', 'WD_SIN', 'NIGHTLY_NEE_AVG']:
DT_GPP vs Custom_GPP R²=0.97 RMSE=1.34
NT_GPP vs Custom_GPP R²=0.91 RMSE=2.69
DT_RECO vs Custom_RECO R²=0.69 RMSE=1.43
NT_RECO vs Custom_RECO R²=0.51 RMSE=2.41
DT_GPP vs NT_GPP R²=0.90 RMSE=2.55
DT_RECO vs NT_RECO R²=0.24 RMSE=2.00

gpp_input_names,  ['SW_IN', 'VPD', 'TA', 'WTD', 'WS', 'PotRad', 'PotRadHalfHourlyDiff', 'PotRadDailyAvg', 'PotRadDailyDiff', 'WD_COS', 'WD_SIN', 'GPP_PROX'] 
reco_input_names,  ['DOY_sin', 'DOY_cos', 'TS_1', 'TS_2', 'TS_3', 'TS_4', 'WTD', 'WS', 'WD_COS', 'WD_SIN', 'NIGHTLY_NEE_AVG'] 
true_nee_name,  ['NEE'] 

Custom Running on GPU With hidden layer size of 12 Total epochs: 100000 lr: 0.001 patience: 500 min_delta 0.01
SNN_GPP(
  (net): Sequential(
    (0): Linear(in_features=12, out_features=12, bias=True)
    (1): ReLU()
    (2): Linear(in_features=12, out_features=1, bias=True)
    (3): ReLU()
  )
)
SNN_RECO(
  (net): Sequential(
    (0): Linear(in_features=11, out_features=12, bias=True)
    (1): ReLU()
    (2): Linear(in_features=12, out_features=1, bias=True)
    (3): ReLU()
  )
)
Custom will use the Tram vars
Params are min slope: 2e-06, trend window: 100
Epoch     0 | Train Loss: 0.174034 | Val Loss: 0.161939 | Train R²: -1.6818 | Val R²: -1.4989
Epoch   500 | Train Loss: 0.004383 | Val Loss: 0.004633 | Train R²: 0.9325 | Val R²: 0.9285
Epoch  1000 | Train Loss: 0.002680 | Val Loss: 0.002863 | Train R²: 0.9587 | Val R²: 0.9558
Epoch  1500 | Train Loss: 0.002262 | Val Loss: 0.002435 | Train R²: 0.9651 | Val R²: 0.9624
Epoch  2000 | Train Loss: 0.002047 | Val Loss: 0.002219 | Train R²: 0.9685 | Val R²: 0.9658
Epoch  2500 | Train Loss: 0.001895 | Val Loss: 0.002070 | Train R²: 0.9708 | Val R²: 0.9681
Epoch  3000 | Train Loss: 0.001812 | Val Loss: 0.001987 | Train R²: 0.9721 | Val R²: 0.9693
Early stopping at epoch 3235 due to flat/negative trend (slope=0.000002)
Epoch  3235 | Train Loss: 0.001782 | Val Loss: 0.001952 | Train R²: 0.9725 | Val R²: 0.9699
Unpickling models
Following models have been loaded and moved to cuda:
trained gpp model:
 SNN_GPP(
  (net): Sequential(
    (0): Linear(in_features=12, out_features=12, bias=True)
    (1): ReLU()
    (2): Linear(in_features=12, out_features=1, bias=True)
    (3): ReLU()
  )
), trained_reco_model:
 SNN_RECO(
  (net): Sequential(
    (0): Linear(in_features=11, out_features=12, bias=True)
    (1): ReLU()
    (2): Linear(in_features=12, out_features=1, bias=True)
    (3): ReLU()
  )
)
using full data set for visualization
Un-normalizing the GPP and RECO predictions using NEE min: tensor([-28.5722]), NEE max: tensor([17.2922])



Metrics for the Custom, with
GPP inputs: ['SW_IN', 'VPD', 'TA', 'WTD', 'WS', 'PotRad', 'PotRadHalfHourlyDiff', 'PotRadDailyAvg', 'PotRadDailyDiff', 'WD_COS', 'WD_SIN', 'GPP_PROX']
RECO inputs: ['DOY_sin', 'DOY_cos', 'TS_1', 'TS_2', 'TS_3', 'TS_4', 'WTD', 'WS', 'WD_COS', 'WD_SIN', 'NIGHTLY_NEE_AVG']:
DT_GPP vs Custom_GPP R²=0.95 RMSE=1.83
NT_GPP vs Custom_GPP R²=0.91 RMSE=2.81
DT_RECO vs Custom_RECO R²=0.31 RMSE=2.14
NT_RECO vs Custom_RECO R²=0.46 RMSE=2.53
DT_GPP vs NT_GPP R²=0.90 RMSE=2.55
DT_RECO vs NT_RECO R²=0.24 RMSE=2.00

gpp_input_names,  ['SW_IN', 'VPD', 'TA', 'WTD', 'WS', 'PotRad', 'PotRadHalfHourlyDiff', 'PotRadDailyAvg', 'PotRadDailyDiff', 'WD_COS', 'WD_SIN', 'GPP_PROX'] 
reco_input_names,  ['DOY_sin', 'DOY_cos', 'TA', 'TS_2', 'TS_3', 'TS_4', 'WTD', 'WS', 'WD_COS', 'WD_SIN', 'NIGHTLY_NEE_AVG'] 
true_nee_name,  ['NEE'] 

Custom Running on GPU With hidden layer size of 12 Total epochs: 100000 lr: 0.001 patience: 500 min_delta 0.01
SNN_GPP(
  (net): Sequential(
    (0): Linear(in_features=12, out_features=12, bias=True)
    (1): ReLU()
    (2): Linear(in_features=12, out_features=1, bias=True)
    (3): ReLU()
  )
)
SNN_RECO(
  (net): Sequential(
    (0): Linear(in_features=11, out_features=12, bias=True)
    (1): ReLU()
    (2): Linear(in_features=12, out_features=1, bias=True)
    (3): ReLU()
  )
)
Custom will use the Tram vars
Params are min slope: 2e-06, trend window: 100
Epoch     0 | Train Loss: 0.172085 | Val Loss: 0.160016 | Train R²: -1.6518 | Val R²: -1.4692
Epoch   500 | Train Loss: 0.004317 | Val Loss: 0.004542 | Train R²: 0.9335 | Val R²: 0.9299
Epoch  1000 | Train Loss: 0.002559 | Val Loss: 0.002734 | Train R²: 0.9606 | Val R²: 0.9578
Epoch  1500 | Train Loss: 0.002212 | Val Loss: 0.002392 | Train R²: 0.9659 | Val R²: 0.9631
Epoch  2000 | Train Loss: 0.002012 | Val Loss: 0.002190 | Train R²: 0.9690 | Val R²: 0.9662
Epoch  2500 | Train Loss: 0.001882 | Val Loss: 0.002047 | Train R²: 0.9710 | Val R²: 0.9684
Epoch  3000 | Train Loss: 0.001798 | Val Loss: 0.001953 | Train R²: 0.9723 | Val R²: 0.9699
Early stopping at epoch 3182 due to flat/negative trend (slope=0.000002)
Epoch  3182 | Train Loss: 0.001777 | Val Loss: 0.001927 | Train R²: 0.9726 | Val R²: 0.9703
Unpickling models
Following models have been loaded and moved to cuda:
trained gpp model:
 SNN_GPP(
  (net): Sequential(
    (0): Linear(in_features=12, out_features=12, bias=True)
    (1): ReLU()
    (2): Linear(in_features=12, out_features=1, bias=True)
    (3): ReLU()
  )
), trained_reco_model:
 SNN_RECO(
  (net): Sequential(
    (0): Linear(in_features=11, out_features=12, bias=True)
    (1): ReLU()
    (2): Linear(in_features=12, out_features=1, bias=True)
    (3): ReLU()
  )
)
using full data set for visualization
Un-normalizing the GPP and RECO predictions using NEE min: tensor([-28.5722]), NEE max: tensor([17.2922])



Metrics for the Custom, with
GPP inputs: ['SW_IN', 'VPD', 'TA', 'WTD', 'WS', 'PotRad', 'PotRadHalfHourlyDiff', 'PotRadDailyAvg', 'PotRadDailyDiff', 'WD_COS', 'WD_SIN', 'GPP_PROX']
RECO inputs: ['DOY_sin', 'DOY_cos', 'TA', 'TS_2', 'TS_3', 'TS_4', 'WTD', 'WS', 'WD_COS', 'WD_SIN', 'NIGHTLY_NEE_AVG']:
DT_GPP vs Custom_GPP R²=0.94 RMSE=2.07
NT_GPP vs Custom_GPP R²=0.90 RMSE=2.86
DT_RECO vs Custom_RECO R²=0.15 RMSE=2.38
NT_RECO vs Custom_RECO R²=0.44 RMSE=2.58
DT_GPP vs NT_GPP R²=0.90 RMSE=2.55
DT_RECO vs NT_RECO R²=0.24 RMSE=2.00

gpp_input_names,  ['SW_IN', 'VPD', 'TA', 'WTD', 'WS', 'PotRad', 'PotRadHalfHourlyDiff', 'PotRadDailyAvg', 'PotRadDailyDiff', 'WD_COS', 'WD_SIN', 'GPP_PROX'] 
reco_input_names,  ['DOY_sin', 'DOY_cos', 'TA', 'TS_1', 'TS_3', 'TS_4', 'WTD', 'WS', 'WD_COS', 'WD_SIN', 'NIGHTLY_NEE_AVG'] 
true_nee_name,  ['NEE'] 

Custom Running on GPU With hidden layer size of 12 Total epochs: 100000 lr: 0.001 patience: 500 min_delta 0.01
SNN_GPP(
  (net): Sequential(
    (0): Linear(in_features=12, out_features=12, bias=True)
    (1): ReLU()
    (2): Linear(in_features=12, out_features=1, bias=True)
    (3): ReLU()
  )
)
SNN_RECO(
  (net): Sequential(
    (0): Linear(in_features=11, out_features=12, bias=True)
    (1): ReLU()
    (2): Linear(in_features=12, out_features=1, bias=True)
    (3): ReLU()
  )
)
Custom will use the Tram vars
Params are min slope: 2e-06, trend window: 100
Epoch     0 | Train Loss: 0.173801 | Val Loss: 0.161670 | Train R²: -1.6782 | Val R²: -1.4948
Epoch   500 | Train Loss: 0.004370 | Val Loss: 0.004593 | Train R²: 0.9327 | Val R²: 0.9291
Epoch  1000 | Train Loss: 0.002559 | Val Loss: 0.002737 | Train R²: 0.9606 | Val R²: 0.9578
Epoch  1500 | Train Loss: 0.002207 | Val Loss: 0.002381 | Train R²: 0.9660 | Val R²: 0.9633
Epoch  2000 | Train Loss: 0.002007 | Val Loss: 0.002176 | Train R²: 0.9691 | Val R²: 0.9664
Epoch  2500 | Train Loss: 0.001879 | Val Loss: 0.002038 | Train R²: 0.9710 | Val R²: 0.9686
Epoch  3000 | Train Loss: 0.001791 | Val Loss: 0.001938 | Train R²: 0.9724 | Val R²: 0.9701
Early stopping at epoch 3113 due to flat/negative trend (slope=0.000002)
Epoch  3113 | Train Loss: 0.001777 | Val Loss: 0.001923 | Train R²: 0.9726 | Val R²: 0.9703
Unpickling models
Following models have been loaded and moved to cuda:
trained gpp model:
 SNN_GPP(
  (net): Sequential(
    (0): Linear(in_features=12, out_features=12, bias=True)
    (1): ReLU()
    (2): Linear(in_features=12, out_features=1, bias=True)
    (3): ReLU()
  )
), trained_reco_model:
 SNN_RECO(
  (net): Sequential(
    (0): Linear(in_features=11, out_features=12, bias=True)
    (1): ReLU()
    (2): Linear(in_features=12, out_features=1, bias=True)
    (3): ReLU()
  )
)
using full data set for visualization
Un-normalizing the GPP and RECO predictions using NEE min: tensor([-28.5722]), NEE max: tensor([17.2922])



Metrics for the Custom, with
GPP inputs: ['SW_IN', 'VPD', 'TA', 'WTD', 'WS', 'PotRad', 'PotRadHalfHourlyDiff', 'PotRadDailyAvg', 'PotRadDailyDiff', 'WD_COS', 'WD_SIN', 'GPP_PROX']
RECO inputs: ['DOY_sin', 'DOY_cos', 'TA', 'TS_1', 'TS_3', 'TS_4', 'WTD', 'WS', 'WD_COS', 'WD_SIN', 'NIGHTLY_NEE_AVG']:
DT_GPP vs Custom_GPP R²=0.94 RMSE=2.02
NT_GPP vs Custom_GPP R²=0.91 RMSE=2.83
DT_RECO vs Custom_RECO R²=0.19 RMSE=2.32
NT_RECO vs Custom_RECO R²=0.46 RMSE=2.54
DT_GPP vs NT_GPP R²=0.90 RMSE=2.55
DT_RECO vs NT_RECO R²=0.24 RMSE=2.00

gpp_input_names,  ['SW_IN', 'VPD', 'TA', 'WTD', 'WS', 'PotRad', 'PotRadHalfHourlyDiff', 'PotRadDailyAvg', 'PotRadDailyDiff', 'WD_COS', 'WD_SIN', 'GPP_PROX'] 
reco_input_names,  ['DOY_sin', 'DOY_cos', 'TA', 'TS_1', 'TS_2', 'TS_4', 'WTD', 'WS', 'WD_COS', 'WD_SIN', 'NIGHTLY_NEE_AVG'] 
true_nee_name,  ['NEE'] 

Custom Running on GPU With hidden layer size of 12 Total epochs: 100000 lr: 0.001 patience: 500 min_delta 0.01
SNN_GPP(
  (net): Sequential(
    (0): Linear(in_features=12, out_features=12, bias=True)
    (1): ReLU()
    (2): Linear(in_features=12, out_features=1, bias=True)
    (3): ReLU()
  )
)
SNN_RECO(
  (net): Sequential(
    (0): Linear(in_features=11, out_features=12, bias=True)
    (1): ReLU()
    (2): Linear(in_features=12, out_features=1, bias=True)
    (3): ReLU()
  )
)
Custom will use the Tram vars
Params are min slope: 2e-06, trend window: 100
Epoch     0 | Train Loss: 0.167468 | Val Loss: 0.155977 | Train R²: -1.5806 | Val R²: -1.4069
Epoch   500 | Train Loss: 0.004252 | Val Loss: 0.004478 | Train R²: 0.9345 | Val R²: 0.9309
Epoch  1000 | Train Loss: 0.002538 | Val Loss: 0.002715 | Train R²: 0.9609 | Val R²: 0.9581
Epoch  1500 | Train Loss: 0.002202 | Val Loss: 0.002375 | Train R²: 0.9661 | Val R²: 0.9633
Epoch  2000 | Train Loss: 0.002016 | Val Loss: 0.002188 | Train R²: 0.9689 | Val R²: 0.9662
Epoch  2500 | Train Loss: 0.001878 | Val Loss: 0.002041 | Train R²: 0.9711 | Val R²: 0.9685
Epoch  3000 | Train Loss: 0.001788 | Val Loss: 0.001942 | Train R²: 0.9724 | Val R²: 0.9700
Early stopping at epoch 3319 due to flat/negative trend (slope=0.000002)
Epoch  3319 | Train Loss: 0.001749 | Val Loss: 0.001895 | Train R²: 0.9731 | Val R²: 0.9708
Unpickling models
Following models have been loaded and moved to cuda:
trained gpp model:
 SNN_GPP(
  (net): Sequential(
    (0): Linear(in_features=12, out_features=12, bias=True)
    (1): ReLU()
    (2): Linear(in_features=12, out_features=1, bias=True)
    (3): ReLU()
  )
), trained_reco_model:
 SNN_RECO(
  (net): Sequential(
    (0): Linear(in_features=11, out_features=12, bias=True)
    (1): ReLU()
    (2): Linear(in_features=12, out_features=1, bias=True)
    (3): ReLU()
  )
)
using full data set for visualization
Un-normalizing the GPP and RECO predictions using NEE min: tensor([-28.5722]), NEE max: tensor([17.2922])



Metrics for the Custom, with
GPP inputs: ['SW_IN', 'VPD', 'TA', 'WTD', 'WS', 'PotRad', 'PotRadHalfHourlyDiff', 'PotRadDailyAvg', 'PotRadDailyDiff', 'WD_COS', 'WD_SIN', 'GPP_PROX']
RECO inputs: ['DOY_sin', 'DOY_cos', 'TA', 'TS_1', 'TS_2', 'TS_4', 'WTD', 'WS', 'WD_COS', 'WD_SIN', 'NIGHTLY_NEE_AVG']:
DT_GPP vs Custom_GPP R²=0.93 RMSE=2.10
NT_GPP vs Custom_GPP R²=0.91 RMSE=2.82
DT_RECO vs Custom_RECO R²=0.14 RMSE=2.39
NT_RECO vs Custom_RECO R²=0.46 RMSE=2.54
DT_GPP vs NT_GPP R²=0.90 RMSE=2.55
DT_RECO vs NT_RECO R²=0.24 RMSE=2.00

gpp_input_names,  ['SW_IN', 'VPD', 'TA', 'WTD', 'WS', 'PotRad', 'PotRadHalfHourlyDiff', 'PotRadDailyAvg', 'PotRadDailyDiff', 'WD_COS', 'WD_SIN', 'GPP_PROX'] 
reco_input_names,  ['DOY_sin', 'DOY_cos', 'TA', 'TS_1', 'TS_2', 'TS_3', 'WTD', 'WS', 'WD_COS', 'WD_SIN', 'NIGHTLY_NEE_AVG'] 
true_nee_name,  ['NEE'] 

Custom Running on GPU With hidden layer size of 12 Total epochs: 100000 lr: 0.001 patience: 500 min_delta 0.01
SNN_GPP(
  (net): Sequential(
    (0): Linear(in_features=12, out_features=12, bias=True)
    (1): ReLU()
    (2): Linear(in_features=12, out_features=1, bias=True)
    (3): ReLU()
  )
)
SNN_RECO(
  (net): Sequential(
    (0): Linear(in_features=11, out_features=12, bias=True)
    (1): ReLU()
    (2): Linear(in_features=12, out_features=1, bias=True)
    (3): ReLU()
  )
)
Custom will use the Tram vars
Params are min slope: 2e-06, trend window: 100
Epoch     0 | Train Loss: 0.169541 | Val Loss: 0.157896 | Train R²: -1.6126 | Val R²: -1.4365
Epoch   500 | Train Loss: 0.004310 | Val Loss: 0.004536 | Train R²: 0.9336 | Val R²: 0.9300
Epoch  1000 | Train Loss: 0.002536 | Val Loss: 0.002723 | Train R²: 0.9609 | Val R²: 0.9580
Epoch  1500 | Train Loss: 0.002182 | Val Loss: 0.002358 | Train R²: 0.9664 | Val R²: 0.9636
Epoch  2000 | Train Loss: 0.001998 | Val Loss: 0.002170 | Train R²: 0.9692 | Val R²: 0.9665
Epoch  2500 | Train Loss: 0.001886 | Val Loss: 0.002050 | Train R²: 0.9709 | Val R²: 0.9684
Epoch  3000 | Train Loss: 0.001804 | Val Loss: 0.001962 | Train R²: 0.9722 | Val R²: 0.9697
Early stopping at epoch 3025 due to flat/negative trend (slope=0.000002)
Epoch  3025 | Train Loss: 0.001801 | Val Loss: 0.001959 | Train R²: 0.9722 | Val R²: 0.9698
Unpickling models
Following models have been loaded and moved to cuda:
trained gpp model:
 SNN_GPP(
  (net): Sequential(
    (0): Linear(in_features=12, out_features=12, bias=True)
    (1): ReLU()
    (2): Linear(in_features=12, out_features=1, bias=True)
    (3): ReLU()
  )
), trained_reco_model:
 SNN_RECO(
  (net): Sequential(
    (0): Linear(in_features=11, out_features=12, bias=True)
    (1): ReLU()
    (2): Linear(in_features=12, out_features=1, bias=True)
    (3): ReLU()
  )
)
using full data set for visualization
Un-normalizing the GPP and RECO predictions using NEE min: tensor([-28.5722]), NEE max: tensor([17.2922])



Metrics for the Custom, with
GPP inputs: ['SW_IN', 'VPD', 'TA', 'WTD', 'WS', 'PotRad', 'PotRadHalfHourlyDiff', 'PotRadDailyAvg', 'PotRadDailyDiff', 'WD_COS', 'WD_SIN', 'GPP_PROX']
RECO inputs: ['DOY_sin', 'DOY_cos', 'TA', 'TS_1', 'TS_2', 'TS_3', 'WTD', 'WS', 'WD_COS', 'WD_SIN', 'NIGHTLY_NEE_AVG']:
DT_GPP vs Custom_GPP R²=0.94 RMSE=2.00
NT_GPP vs Custom_GPP R²=0.91 RMSE=2.83
DT_RECO vs Custom_RECO R²=0.21 RMSE=2.29
NT_RECO vs Custom_RECO R²=0.46 RMSE=2.54
DT_GPP vs NT_GPP R²=0.90 RMSE=2.55
DT_RECO vs NT_RECO R²=0.24 RMSE=2.00

gpp_input_names,  ['SW_IN', 'VPD', 'TA', 'WTD', 'WS', 'PotRad', 'PotRadHalfHourlyDiff', 'PotRadDailyAvg', 'PotRadDailyDiff', 'WD_COS', 'WD_SIN', 'GPP_PROX'] 
reco_input_names,  ['DOY_sin', 'DOY_cos', 'TA', 'TS_1', 'TS_2', 'TS_3', 'TS_4', 'WS', 'WD_COS', 'WD_SIN', 'NIGHTLY_NEE_AVG'] 
true_nee_name,  ['NEE'] 

Custom Running on GPU With hidden layer size of 12 Total epochs: 100000 lr: 0.001 patience: 500 min_delta 0.01
SNN_GPP(
  (net): Sequential(
    (0): Linear(in_features=12, out_features=12, bias=True)
    (1): ReLU()
    (2): Linear(in_features=12, out_features=1, bias=True)
    (3): ReLU()
  )
)
SNN_RECO(
  (net): Sequential(
    (0): Linear(in_features=11, out_features=12, bias=True)
    (1): ReLU()
    (2): Linear(in_features=12, out_features=1, bias=True)
    (3): ReLU()
  )
)
Custom will use the Tram vars
Params are min slope: 2e-06, trend window: 100
Epoch     0 | Train Loss: 0.153968 | Val Loss: 0.143827 | Train R²: -1.3726 | Val R²: -1.2194
Epoch   500 | Train Loss: 0.007947 | Val Loss: 0.007889 | Train R²: 0.8775 | Val R²: 0.8783
Epoch  1000 | Train Loss: 0.002619 | Val Loss: 0.002917 | Train R²: 0.9596 | Val R²: 0.9550
Epoch  1500 | Train Loss: 0.002274 | Val Loss: 0.002518 | Train R²: 0.9650 | Val R²: 0.9611
Epoch  2000 | Train Loss: 0.002060 | Val Loss: 0.002276 | Train R²: 0.9683 | Val R²: 0.9649
Epoch  2500 | Train Loss: 0.001921 | Val Loss: 0.002121 | Train R²: 0.9704 | Val R²: 0.9673
Epoch  3000 | Train Loss: 0.001847 | Val Loss: 0.002035 | Train R²: 0.9715 | Val R²: 0.9686
Early stopping at epoch 3199 due to flat/negative trend (slope=0.000002)
Epoch  3199 | Train Loss: 0.001824 | Val Loss: 0.002007 | Train R²: 0.9719 | Val R²: 0.9690
Unpickling models
Following models have been loaded and moved to cuda:
trained gpp model:
 SNN_GPP(
  (net): Sequential(
    (0): Linear(in_features=12, out_features=12, bias=True)
    (1): ReLU()
    (2): Linear(in_features=12, out_features=1, bias=True)
    (3): ReLU()
  )
), trained_reco_model:
 SNN_RECO(
  (net): Sequential(
    (0): Linear(in_features=11, out_features=12, bias=True)
    (1): ReLU()
    (2): Linear(in_features=12, out_features=1, bias=True)
    (3): ReLU()
  )
)
using full data set for visualization
Un-normalizing the GPP and RECO predictions using NEE min: tensor([-28.5722]), NEE max: tensor([17.2922])



Metrics for the Custom, with
GPP inputs: ['SW_IN', 'VPD', 'TA', 'WTD', 'WS', 'PotRad', 'PotRadHalfHourlyDiff', 'PotRadDailyAvg', 'PotRadDailyDiff', 'WD_COS', 'WD_SIN', 'GPP_PROX']
RECO inputs: ['DOY_sin', 'DOY_cos', 'TA', 'TS_1', 'TS_2', 'TS_3', 'TS_4', 'WS', 'WD_COS', 'WD_SIN', 'NIGHTLY_NEE_AVG']:
DT_GPP vs Custom_GPP R²=0.97 RMSE=1.40
NT_GPP vs Custom_GPP R²=0.91 RMSE=2.71
DT_RECO vs Custom_RECO R²=0.67 RMSE=1.48
NT_RECO vs Custom_RECO R²=0.51 RMSE=2.41
DT_GPP vs NT_GPP R²=0.90 RMSE=2.55
DT_RECO vs NT_RECO R²=0.24 RMSE=2.00

gpp_input_names,  ['SW_IN', 'VPD', 'TA', 'WTD', 'WS', 'PotRad', 'PotRadHalfHourlyDiff', 'PotRadDailyAvg', 'PotRadDailyDiff', 'WD_COS', 'WD_SIN', 'GPP_PROX'] 
reco_input_names,  ['DOY_sin', 'DOY_cos', 'TA', 'TS_1', 'TS_2', 'TS_3', 'TS_4', 'WTD', 'WD_COS', 'WD_SIN', 'NIGHTLY_NEE_AVG'] 
true_nee_name,  ['NEE'] 

Custom Running on GPU With hidden layer size of 12 Total epochs: 100000 lr: 0.001 patience: 500 min_delta 0.01
SNN_GPP(
  (net): Sequential(
    (0): Linear(in_features=12, out_features=12, bias=True)
    (1): ReLU()
    (2): Linear(in_features=12, out_features=1, bias=True)
    (3): ReLU()
  )
)
SNN_RECO(
  (net): Sequential(
    (0): Linear(in_features=11, out_features=12, bias=True)
    (1): ReLU()
    (2): Linear(in_features=12, out_features=1, bias=True)
    (3): ReLU()
  )
)
Custom will use the Tram vars
Params are min slope: 2e-06, trend window: 100
Epoch     0 | Train Loss: 0.141527 | Val Loss: 0.133482 | Train R²: -1.1809 | Val R²: -1.0598
Epoch   500 | Train Loss: 0.015410 | Val Loss: 0.015342 | Train R²: 0.7625 | Val R²: 0.7633
Epoch  1000 | Train Loss: 0.003192 | Val Loss: 0.003515 | Train R²: 0.9508 | Val R²: 0.9458
Epoch  1500 | Train Loss: 0.002259 | Val Loss: 0.002500 | Train R²: 0.9652 | Val R²: 0.9614
Epoch  2000 | Train Loss: 0.002043 | Val Loss: 0.002254 | Train R²: 0.9685 | Val R²: 0.9652
Epoch  2500 | Train Loss: 0.001925 | Val Loss: 0.002119 | Train R²: 0.9703 | Val R²: 0.9673
Epoch  3000 | Train Loss: 0.001824 | Val Loss: 0.001986 | Train R²: 0.9719 | Val R²: 0.9694
Epoch  3500 | Train Loss: 0.001735 | Val Loss: 0.001870 | Train R²: 0.9733 | Val R²: 0.9711
Epoch  4000 | Train Loss: 0.001651 | Val Loss: 0.001776 | Train R²: 0.9746 | Val R²: 0.9726
Early stopping at epoch 4168 due to flat/negative trend (slope=0.000002)
Epoch  4168 | Train Loss: 0.001629 | Val Loss: 0.001753 | Train R²: 0.9749 | Val R²: 0.9730
Unpickling models
Following models have been loaded and moved to cuda:
trained gpp model:
 SNN_GPP(
  (net): Sequential(
    (0): Linear(in_features=12, out_features=12, bias=True)
    (1): ReLU()
    (2): Linear(in_features=12, out_features=1, bias=True)
    (3): ReLU()
  )
), trained_reco_model:
 SNN_RECO(
  (net): Sequential(
    (0): Linear(in_features=11, out_features=12, bias=True)
    (1): ReLU()
    (2): Linear(in_features=12, out_features=1, bias=True)
    (3): ReLU()
  )
)
using full data set for visualization
Un-normalizing the GPP and RECO predictions using NEE min: tensor([-28.5722]), NEE max: tensor([17.2922])



Metrics for the Custom, with
GPP inputs: ['SW_IN', 'VPD', 'TA', 'WTD', 'WS', 'PotRad', 'PotRadHalfHourlyDiff', 'PotRadDailyAvg', 'PotRadDailyDiff', 'WD_COS', 'WD_SIN', 'GPP_PROX']
RECO inputs: ['DOY_sin', 'DOY_cos', 'TA', 'TS_1', 'TS_2', 'TS_3', 'TS_4', 'WTD', 'WD_COS', 'WD_SIN', 'NIGHTLY_NEE_AVG']:
DT_GPP vs Custom_GPP R²=0.98 RMSE=1.23
NT_GPP vs Custom_GPP R²=0.92 RMSE=2.54
DT_RECO vs Custom_RECO R²=0.74 RMSE=1.31
NT_RECO vs Custom_RECO R²=0.58 RMSE=2.23
DT_GPP vs NT_GPP R²=0.90 RMSE=2.55
DT_RECO vs NT_RECO R²=0.24 RMSE=2.00

gpp_input_names,  ['SW_IN', 'VPD', 'TA', 'WTD', 'WS', 'PotRad', 'PotRadHalfHourlyDiff', 'PotRadDailyAvg', 'PotRadDailyDiff', 'WD_COS', 'WD_SIN', 'GPP_PROX'] 
reco_input_names,  ['DOY_sin', 'DOY_cos', 'TA', 'TS_1', 'TS_2', 'TS_3', 'TS_4', 'WTD', 'WS', 'WD_SIN', 'NIGHTLY_NEE_AVG'] 
true_nee_name,  ['NEE'] 

Custom Running on GPU With hidden layer size of 12 Total epochs: 100000 lr: 0.001 patience: 500 min_delta 0.01
SNN_GPP(
  (net): Sequential(
    (0): Linear(in_features=12, out_features=12, bias=True)
    (1): ReLU()
    (2): Linear(in_features=12, out_features=1, bias=True)
    (3): ReLU()
  )
)
SNN_RECO(
  (net): Sequential(
    (0): Linear(in_features=11, out_features=12, bias=True)
    (1): ReLU()
    (2): Linear(in_features=12, out_features=1, bias=True)
    (3): ReLU()
  )
)
Custom will use the Tram vars
Params are min slope: 2e-06, trend window: 100
Epoch     0 | Train Loss: 0.160925 | Val Loss: 0.153156 | Train R²: -1.4798 | Val R²: -1.3634
Epoch   500 | Train Loss: 0.004451 | Val Loss: 0.004574 | Train R²: 0.9314 | Val R²: 0.9294
Epoch  1000 | Train Loss: 0.002818 | Val Loss: 0.003000 | Train R²: 0.9566 | Val R²: 0.9537
Epoch  1500 | Train Loss: 0.002358 | Val Loss: 0.002516 | Train R²: 0.9637 | Val R²: 0.9612
Epoch  2000 | Train Loss: 0.002136 | Val Loss: 0.002305 | Train R²: 0.9671 | Val R²: 0.9644
Epoch  2500 | Train Loss: 0.001960 | Val Loss: 0.002137 | Train R²: 0.9698 | Val R²: 0.9670
Epoch  3000 | Train Loss: 0.001835 | Val Loss: 0.002004 | Train R²: 0.9717 | Val R²: 0.9691
Epoch  3500 | Train Loss: 0.001743 | Val Loss: 0.001910 | Train R²: 0.9731 | Val R²: 0.9705
Early stopping at epoch 3798 due to flat/negative trend (slope=0.000002)
Epoch  3798 | Train Loss: 0.001706 | Val Loss: 0.001867 | Train R²: 0.9737 | Val R²: 0.9712
Unpickling models
Following models have been loaded and moved to cuda:
trained gpp model:
 SNN_GPP(
  (net): Sequential(
    (0): Linear(in_features=12, out_features=12, bias=True)
    (1): ReLU()
    (2): Linear(in_features=12, out_features=1, bias=True)
    (3): ReLU()
  )
), trained_reco_model:
 SNN_RECO(
  (net): Sequential(
    (0): Linear(in_features=11, out_features=12, bias=True)
    (1): ReLU()
    (2): Linear(in_features=12, out_features=1, bias=True)
    (3): ReLU()
  )
)
using full data set for visualization
Un-normalizing the GPP and RECO predictions using NEE min: tensor([-28.5722]), NEE max: tensor([17.2922])



Metrics for the Custom, with
GPP inputs: ['SW_IN', 'VPD', 'TA', 'WTD', 'WS', 'PotRad', 'PotRadHalfHourlyDiff', 'PotRadDailyAvg', 'PotRadDailyDiff', 'WD_COS', 'WD_SIN', 'GPP_PROX']
RECO inputs: ['DOY_sin', 'DOY_cos', 'TA', 'TS_1', 'TS_2', 'TS_3', 'TS_4', 'WTD', 'WS', 'WD_SIN', 'NIGHTLY_NEE_AVG']:
DT_GPP vs Custom_GPP R²=0.97 RMSE=1.39
NT_GPP vs Custom_GPP R²=0.92 RMSE=2.64
DT_RECO vs Custom_RECO R²=0.63 RMSE=1.56
NT_RECO vs Custom_RECO R²=0.54 RMSE=2.32
DT_GPP vs NT_GPP R²=0.90 RMSE=2.55
DT_RECO vs NT_RECO R²=0.24 RMSE=2.00

gpp_input_names,  ['SW_IN', 'VPD', 'TA', 'WTD', 'WS', 'PotRad', 'PotRadHalfHourlyDiff', 'PotRadDailyAvg', 'PotRadDailyDiff', 'WD_COS', 'WD_SIN', 'GPP_PROX'] 
reco_input_names,  ['DOY_sin', 'DOY_cos', 'TA', 'TS_1', 'TS_2', 'TS_3', 'TS_4', 'WTD', 'WS', 'WD_COS', 'NIGHTLY_NEE_AVG'] 
true_nee_name,  ['NEE'] 

Custom Running on GPU With hidden layer size of 12 Total epochs: 100000 lr: 0.001 patience: 500 min_delta 0.01
SNN_GPP(
  (net): Sequential(
    (0): Linear(in_features=12, out_features=12, bias=True)
    (1): ReLU()
    (2): Linear(in_features=12, out_features=1, bias=True)
    (3): ReLU()
  )
)
SNN_RECO(
  (net): Sequential(
    (0): Linear(in_features=11, out_features=12, bias=True)
    (1): ReLU()
    (2): Linear(in_features=12, out_features=1, bias=True)
    (3): ReLU()
  )
)
Custom will use the Tram vars
Params are min slope: 2e-06, trend window: 100
Epoch     0 | Train Loss: 0.219749 | Val Loss: 0.213618 | Train R²: -2.3863 | Val R²: -2.2964
Epoch   500 | Train Loss: 0.011734 | Val Loss: 0.011679 | Train R²: 0.8192 | Val R²: 0.8198
Epoch  1000 | Train Loss: 0.002833 | Val Loss: 0.003047 | Train R²: 0.9564 | Val R²: 0.9530
Epoch  1500 | Train Loss: 0.002326 | Val Loss: 0.002517 | Train R²: 0.9642 | Val R²: 0.9612
Epoch  2000 | Train Loss: 0.002081 | Val Loss: 0.002289 | Train R²: 0.9679 | Val R²: 0.9647
Epoch  2500 | Train Loss: 0.001942 | Val Loss: 0.002159 | Train R²: 0.9701 | Val R²: 0.9667
Epoch  3000 | Train Loss: 0.001840 | Val Loss: 0.002045 | Train R²: 0.9717 | Val R²: 0.9684
Epoch  3500 | Train Loss: 0.001755 | Val Loss: 0.001938 | Train R²: 0.9730 | Val R²: 0.9701
Early stopping at epoch 3840 due to flat/negative trend (slope=0.000002)
Epoch  3840 | Train Loss: 0.001707 | Val Loss: 0.001881 | Train R²: 0.9737 | Val R²: 0.9710
Unpickling models
Following models have been loaded and moved to cuda:
trained gpp model:
 SNN_GPP(
  (net): Sequential(
    (0): Linear(in_features=12, out_features=12, bias=True)
    (1): ReLU()
    (2): Linear(in_features=12, out_features=1, bias=True)
    (3): ReLU()
  )
), trained_reco_model:
 SNN_RECO(
  (net): Sequential(
    (0): Linear(in_features=11, out_features=12, bias=True)
    (1): ReLU()
    (2): Linear(in_features=12, out_features=1, bias=True)
    (3): ReLU()
  )
)
using full data set for visualization
Un-normalizing the GPP and RECO predictions using NEE min: tensor([-28.5722]), NEE max: tensor([17.2922])



Metrics for the Custom, with
GPP inputs: ['SW_IN', 'VPD', 'TA', 'WTD', 'WS', 'PotRad', 'PotRadHalfHourlyDiff', 'PotRadDailyAvg', 'PotRadDailyDiff', 'WD_COS', 'WD_SIN', 'GPP_PROX']
RECO inputs: ['DOY_sin', 'DOY_cos', 'TA', 'TS_1', 'TS_2', 'TS_3', 'TS_4', 'WTD', 'WS', 'WD_COS', 'NIGHTLY_NEE_AVG']:
DT_GPP vs Custom_GPP R²=0.98 RMSE=1.26
NT_GPP vs Custom_GPP R²=0.92 RMSE=2.57
DT_RECO vs Custom_RECO R²=0.74 RMSE=1.30
NT_RECO vs Custom_RECO R²=0.57 RMSE=2.26
DT_GPP vs NT_GPP R²=0.90 RMSE=2.55
DT_RECO vs NT_RECO R²=0.24 RMSE=2.00

gpp_input_names,  ['SW_IN', 'VPD', 'TA', 'WTD', 'WS', 'PotRad', 'PotRadHalfHourlyDiff', 'PotRadDailyAvg', 'PotRadDailyDiff', 'WD_COS', 'WD_SIN', 'GPP_PROX'] 
reco_input_names,  ['DOY_sin', 'DOY_cos', 'TA', 'TS_1', 'TS_2', 'TS_3', 'TS_4', 'WTD', 'WS', 'WD_COS', 'WD_SIN'] 
true_nee_name,  ['NEE'] 

Custom Running on GPU With hidden layer size of 12 Total epochs: 100000 lr: 0.001 patience: 500 min_delta 0.01
SNN_GPP(
  (net): Sequential(
    (0): Linear(in_features=12, out_features=12, bias=True)
    (1): ReLU()
    (2): Linear(in_features=12, out_features=1, bias=True)
    (3): ReLU()
  )
)
SNN_RECO(
  (net): Sequential(
    (0): Linear(in_features=11, out_features=12, bias=True)
    (1): ReLU()
    (2): Linear(in_features=12, out_features=1, bias=True)
    (3): ReLU()
  )
)
Custom will use the Tram vars
Params are min slope: 2e-06, trend window: 100
Epoch     0 | Train Loss: 0.252544 | Val Loss: 0.244559 | Train R²: -2.8916 | Val R²: -2.7738
Early stopping at epoch 473 due to flat/negative trend (slope=0.000002)
Epoch   473 | Train Loss: 0.067028 | Val Loss: 0.066910 | Train R²: -0.0329 | Val R²: -0.0325
Unpickling models
Following models have been loaded and moved to cuda:
trained gpp model:
 SNN_GPP(
  (net): Sequential(
    (0): Linear(in_features=12, out_features=12, bias=True)
    (1): ReLU()
    (2): Linear(in_features=12, out_features=1, bias=True)
    (3): ReLU()
  )
), trained_reco_model:
 SNN_RECO(
  (net): Sequential(
    (0): Linear(in_features=11, out_features=12, bias=True)
    (1): ReLU()
    (2): Linear(in_features=12, out_features=1, bias=True)
    (3): ReLU()
  )
)
using full data set for visualization
Un-normalizing the GPP and RECO predictions using NEE min: tensor([-28.5722]), NEE max: tensor([17.2922])



Metrics for the Custom, with
GPP inputs: ['SW_IN', 'VPD', 'TA', 'WTD', 'WS', 'PotRad', 'PotRadHalfHourlyDiff', 'PotRadDailyAvg', 'PotRadDailyDiff', 'WD_COS', 'WD_SIN', 'GPP_PROX']
RECO inputs: ['DOY_sin', 'DOY_cos', 'TA', 'TS_1', 'TS_2', 'TS_3', 'TS_4', 'WTD', 'WS', 'WD_COS', 'WD_SIN']:
DT_GPP vs Custom_GPP R²=-0.50 RMSE=9.94
NT_GPP vs Custom_GPP R²=-0.52 RMSE=11.39
DT_RECO vs Custom_RECO R²=-2.46 RMSE=4.79
NT_RECO vs Custom_RECO R²=-2.41 RMSE=6.35
DT_GPP vs NT_GPP R²=0.90 RMSE=2.55
DT_RECO vs NT_RECO R²=0.24 RMSE=2.00

{
    "experiment_0": {
        "run_type": "Custom",
        "gpp_inputs": [
            "SW_IN",
            "TA"
        ],
        "reco_inputs": [
            "DOY_sin",
            "DOY_cos",
            "TA"
        ],
        "metrics": {
            "DT_GPP_vs_model": {
                "r2": -0.5,
                "rmse": 9.94
            },
            "NT_GPP_vs_model": {
                "r2": -0.52,
                "rmse": 11.39
            },
            "DT_RECO_vs_model": {
                "r2": -2.46,
                "rmse": 4.79
            },
            "NT_RECO_vs_model": {
                "r2": -2.41,
                "rmse": 6.36
            },
            "DT_GPP_vs_NT_GPP": {
                "r2": 0.9,
                "rmse": 2.55
            },
            "DT_RECO_vs_NT_RECO": {
                "r2": 0.24,
                "rmse": 2
            },
            "val_r2": -0.0332
        }
    },
    "experiment_1": {
        "run_type": "Custom",
        "gpp_inputs": [
            "SW_IN",
            "TA",
            "VPD"
        ],
        "reco_inputs": [
            "DOY_sin",
            "DOY_cos",
            "TA"
        ],
        "metrics": {
            "DT_GPP_vs_model": {
                "r2": 0.7,
                "rmse": 4.45
            },
            "NT_GPP_vs_model": {
                "r2": 0.56,
                "rmse": 6.09
            },
            "DT_RECO_vs_model": {
                "r2": -2.46,
                "rmse": 4.79
            },
            "NT_RECO_vs_model": {
                "r2": -2.41,
                "rmse": 6.36
            },
            "DT_GPP_vs_NT_GPP": {
                "r2": 0.9,
                "rmse": 2.55
            },
            "DT_RECO_vs_NT_RECO": {
                "r2": 0.24,
                "rmse": 2
            },
            "val_r2": 0.7162
        }
    },
    "experiment_2": {
        "run_type": "Custom",
        "gpp_inputs": [
            "SW_IN",
            "TA",
            "VPD",
            "WS"
        ],
        "reco_inputs": [
            "DOY_sin",
            "DOY_cos",
            "TA",
            "WS"
        ],
        "metrics": {
            "DT_GPP_vs_model": {
                "r2": -0.5,
                "rmse": 9.94
            },
            "NT_GPP_vs_model": {
                "r2": -0.52,
                "rmse": 11.39
            },
            "DT_RECO_vs_model": {
                "r2": -1.86,
                "rmse": 4.36
            },
            "NT_RECO_vs_model": {
                "r2": -1.9,
                "rmse": 5.86
            },
            "DT_GPP_vs_NT_GPP": {
                "r2": 0.9,
                "rmse": 2.55
            },
            "DT_RECO_vs_NT_RECO": {
                "r2": 0.24,
                "rmse": 2
            },
            "val_r2": 0.0193
        }
    },
    "experiment_3": {
        "run_type": "Custom",
        "gpp_inputs": [
            "SW_IN",
            "TA",
            "VPD",
            "WS",
            "WD_COS",
            "WD_SIN"
        ],
        "reco_inputs": [
            "DOY_sin",
            "DOY_cos",
            "TA",
            "WS",
            "WD_COS",
            "WD_SIN"
        ],
        "metrics": {
            "DT_GPP_vs_model": {
                "r2": -0.18,
                "rmse": 8.81
            },
            "NT_GPP_vs_model": {
                "r2": 0.14,
                "rmse": 8.53
            },
            "DT_RECO_vs_model": {
                "r2": -11.22,
                "rmse": 9.0
            },
            "NT_RECO_vs_model": {
                "r2": -4.69,
                "rmse": 8.21
            },
            "DT_GPP_vs_NT_GPP": {
                "r2": 0.9,
                "rmse": 2.55
            },
            "DT_RECO_vs_NT_RECO": {
                "r2": 0.24,
                "rmse": 2
            },
            "val_r2": 0.9019
        }
    },
    "experiment_4": {
        "run_type": "Custom",
        "gpp_inputs": [
            "SW_IN",
            "TA",
            "VPD",
            "WS",
            "WD_COS",
            "WD_SIN",
            "WTD"
        ],
        "reco_inputs": [
            "DOY_sin",
            "DOY_cos",
            "TA",
            "WS",
            "WD_COS",
            "WD_SIN",
            "WTD"
        ],
        "metrics": {
            "DT_GPP_vs_model": {
                "r2": 0.82,
                "rmse": 3.4
            },
            "NT_GPP_vs_model": {
                "r2": 0.8,
                "rmse": 4.15
            },
            "DT_RECO_vs_model": {
                "r2": -0.72,
                "rmse": 3.38
            },
            "NT_RECO_vs_model": {
                "r2": -0.02,
                "rmse": 3.48
            },
            "DT_GPP_vs_NT_GPP": {
                "r2": 0.9,
                "rmse": 2.55
            },
            "DT_RECO_vs_NT_RECO": {
                "r2": 0.24,
                "rmse": 2
            },
            "val_r2": 0.9178
        }
    },
    "experiment_5": {
        "run_type": "Custom",
        "gpp_inputs": [
            "SW_IN",
            "TA",
            "VPD",
            "WS",
            "WD_COS",
            "WD_SIN",
            "WTD",
            "Salinity"
        ],
        "reco_inputs": [
            "DOY_sin",
            "DOY_cos",
            "TA",
            "WS",
            "WD_COS",
            "WD_SIN",
            "WTD",
            "Salinity"
        ],
        "metrics": {
            "DT_GPP_vs_model": {
                "r2": 0.88,
                "rmse": 2.83
            },
            "NT_GPP_vs_model": {
                "r2": 0.88,
                "rmse": 3.14
            },
            "DT_RECO_vs_model": {
                "r2": -0.18,
                "rmse": 2.79
            },
            "NT_RECO_vs_model": {
                "r2": 0.41,
                "rmse": 2.63
            },
            "DT_GPP_vs_NT_GPP": {
                "r2": 0.9,
                "rmse": 2.55
            },
            "DT_RECO_vs_NT_RECO": {
                "r2": 0.24,
                "rmse": 2
            },
            "val_r2": 0.9389
        }
    },
    "experiment_6": {
        "run_type": "Custom",
        "gpp_inputs": [
            "SW_IN",
            "TA",
            "VPD",
            "WS",
            "WD_COS",
            "WD_SIN",
            "WTD",
            "Salinity",
            "WTD_HalfHourlyDiff"
        ],
        "reco_inputs": [
            "DOY_sin",
            "DOY_cos",
            "TA",
            "WS",
            "WD_COS",
            "WD_SIN",
            "WTD",
            "Salinity",
            "WTD_HalfHourlyDiff"
        ],
        "metrics": {
            "DT_GPP_vs_model": {
                "r2": 0.87,
                "rmse": 2.9
            },
            "NT_GPP_vs_model": {
                "r2": 0.88,
                "rmse": 3.24
            },
            "DT_RECO_vs_model": {
                "r2": -0.25,
                "rmse": 2.88
            },
            "NT_RECO_vs_model": {
                "r2": 0.34,
                "rmse": 2.79
            },
            "DT_GPP_vs_NT_GPP": {
                "r2": 0.9,
                "rmse": 2.55
            },
            "DT_RECO_vs_NT_RECO": {
                "r2": 0.24,
                "rmse": 2
            },
            "val_r2": 0.9385
        }
    },
    "experiment_7": {
        "run_type": "Custom",
        "gpp_inputs": [
            "SW_IN",
            "TA",
            "VPD",
            "WS",
            "WD_COS",
            "WD_SIN",
            "WTD",
            "Salinity",
            "WTD_HalfHourlyDiff",
            "WTD_DailyAvg",
            "WTD_DailyDiff"
        ],
        "reco_inputs": [
            "DOY_sin",
            "DOY_cos",
            "TA",
            "WS",
            "WD_COS",
            "WD_SIN",
            "WTD",
            "Salinity",
            "WTD_HalfHourlyDiff",
            "WTD_DailyAvg",
            "WTD_DailyDiff"
        ],
        "metrics": {
            "DT_GPP_vs_model": {
                "r2": 0.75,
                "rmse": 4.04
            },
            "NT_GPP_vs_model": {
                "r2": 0.8,
                "rmse": 4.1
            },
            "DT_RECO_vs_model": {
                "r2": -1.64,
                "rmse": 4.19
            },
            "NT_RECO_vs_model": {
                "r2": -0.2,
                "rmse": 3.76
            },
            "DT_GPP_vs_NT_GPP": {
                "r2": 0.9,
                "rmse": 2.55
            },
            "DT_RECO_vs_NT_RECO": {
                "r2": 0.24,
                "rmse": 2
            },
            "val_r2": 0.9473
        }
    },
    "experiment_8": {
        "run_type": "Custom",
        "gpp_inputs": [
            "PotRadDailyAvg",
            "PotRadDailyDiff",
            "GPP_PROX"
        ],
        "reco_inputs": [
            "DOY_sin",
            "DOY_cos",
            "NIGHTLY_NEE_AVG"
        ],
        "metrics": {
            "DT_GPP_vs_model": {
                "r2": -0.11,
                "rmse": 8.57
            },
            "NT_GPP_vs_model": {
                "r2": -0.17,
                "rmse": 9.99
            },
            "DT_RECO_vs_model": {
                "r2": -2.46,
                "rmse": 4.79
            },
            "NT_RECO_vs_model": {
                "r2": -2.41,
                "rmse": 6.36
            },
            "DT_GPP_vs_NT_GPP": {
                "r2": 0.9,
                "rmse": 2.55
            },
            "DT_RECO_vs_NT_RECO": {
                "r2": 0.24,
                "rmse": 2
            },
            "val_r2": 0.0805
        }
    },
    "experiment_9": {
        "run_type": "Custom",
        "gpp_inputs": [
            "SW_IN",
            "VPD",
            "TA",
            "WTD",
            "WS",
            "PotRad",
            "PotRadHalfHourlyDiff",
            "WD_COS",
            "WD_SIN"
        ],
        "reco_inputs": [
            "TA",
            "TS_1",
            "TS_2",
            "TS_3",
            "TS_4",
            "WTD",
            "WS",
            "WD_COS",
            "WD_SIN"
        ],
        "metrics": {
            "DT_GPP_vs_model": {
                "r2": 0.92,
                "rmse": 2.3
            },
            "NT_GPP_vs_model": {
                "r2": 0.91,
                "rmse": 2.84
            },
            "DT_RECO_vs_model": {
                "r2": 0.42,
                "rmse": 1.96
            },
            "NT_RECO_vs_model": {
                "r2": 0.55,
                "rmse": 2.3
            },
            "DT_GPP_vs_NT_GPP": {
                "r2": 0.9,
                "rmse": 2.55
            },
            "DT_RECO_vs_NT_RECO": {
                "r2": 0.24,
                "rmse": 2
            },
            "val_r2": 0.9487
        }
    },
    "experiment_10": {
        "run_type": "Custom",
        "gpp_inputs": [
            "SW_IN",
            "VPD",
            "TA",
            "WS",
            "PotRad",
            "PotRadHalfHourlyDiff",
            "PotRadDailyAvg",
            "PotRadDailyDiff",
            "WD_COS",
            "WD_SIN",
            "GPP_PROX"
        ],
        "reco_inputs": [
            "DOY_sin",
            "DOY_cos",
            "TA",
            "TS_1",
            "TS_2",
            "TS_3",
            "TS_4",
            "WS",
            "WD_COS",
            "WD_SIN",
            "NIGHTLY_NEE_AVG"
        ],
        "metrics": {
            "DT_GPP_vs_model": {
                "r2": 0.97,
                "rmse": 1.34
            },
            "NT_GPP_vs_model": {
                "r2": 0.91,
                "rmse": 2.75
            },
            "DT_RECO_vs_model": {
                "r2": 0.63,
                "rmse": 1.58
            },
            "NT_RECO_vs_model": {
                "r2": 0.49,
                "rmse": 2.46
            },
            "DT_GPP_vs_NT_GPP": {
                "r2": 0.9,
                "rmse": 2.55
            },
            "DT_RECO_vs_NT_RECO": {
                "r2": 0.24,
                "rmse": 2
            },
            "val_r2": 0.9708
        }
    },
    "experiment_11": {
        "run_type": "Custom",
        "gpp_inputs": [
            "SW_IN",
            "VPD",
            "TA",
            "WTD",
            "WS",
            "PotRad",
            "PotRadHalfHourlyDiff",
            "PotRadDailyAvg",
            "PotRadDailyDiff",
            "WD_COS",
            "WD_SIN",
            "GPP_PROX"
        ],
        "reco_inputs": [
            "DOY_sin",
            "DOY_cos",
            "TA",
            "TS_1",
            "TS_2",
            "TS_3",
            "TS_4",
            "WTD",
            "WS",
            "WD_COS",
            "WD_SIN",
            "NIGHTLY_NEE_AVG"
        ],
        "metrics": {
            "DT_GPP_vs_model": {
                "r2": 0.94,
                "rmse": 1.94
            },
            "NT_GPP_vs_model": {
                "r2": 0.91,
                "rmse": 2.79
            },
            "DT_RECO_vs_model": {
                "r2": 0.32,
                "rmse": 2.13
            },
            "NT_RECO_vs_model": {
                "r2": 0.48,
                "rmse": 2.47
            },
            "DT_GPP_vs_NT_GPP": {
                "r2": 0.9,
                "rmse": 2.55
            },
            "DT_RECO_vs_NT_RECO": {
                "r2": 0.24,
                "rmse": 2
            },
            "val_r2": 0.9667
        }
    },
    "experiment_12": {
        "run_type": "Custom",
        "gpp_inputs": [
            "SW_IN",
            "VPD",
            "TA",
            "WTD",
            "WS",
            "PotRad",
            "PotRadHalfHourlyDiff",
            "PotRadDailyAvg",
            "PotRadDailyDiff",
            "WD_COS",
            "WD_SIN",
            "GPP_PROX",
            "Salinity"
        ],
        "reco_inputs": [
            "DOY_sin",
            "DOY_cos",
            "TA",
            "TS_1",
            "TS_2",
            "TS_3",
            "TS_4",
            "WTD",
            "WS",
            "WD_COS",
            "WD_SIN",
            "NIGHTLY_NEE_AVG",
            "Salinity"
        ],
        "metrics": {
            "DT_GPP_vs_model": {
                "r2": 0.96,
                "rmse": 1.54
            },
            "NT_GPP_vs_model": {
                "r2": 0.92,
                "rmse": 2.66
            },
            "DT_RECO_vs_model": {
                "r2": 0.56,
                "rmse": 1.71
            },
            "NT_RECO_vs_model": {
                "r2": 0.51,
                "rmse": 2.4
            },
            "DT_GPP_vs_NT_GPP": {
                "r2": 0.9,
                "rmse": 2.55
            },
            "DT_RECO_vs_NT_RECO": {
                "r2": 0.24,
                "rmse": 2
            },
            "val_r2": 0.9685
        }
    },
    "experiment_13": {
        "run_type": "Custom",
        "gpp_inputs": [
            "SW_IN",
            "VPD",
            "TA",
            "WTD",
            "WS",
            "PotRad",
            "PotRadHalfHourlyDiff",
            "PotRadDailyAvg",
            "PotRadDailyDiff",
            "WD_COS",
            "WD_SIN",
            "GPP_PROX",
            "WTD_HalfHourlyDiff"
        ],
        "reco_inputs": [
            "DOY_sin",
            "DOY_cos",
            "TA",
            "TS_1",
            "TS_2",
            "TS_3",
            "TS_4",
            "WTD",
            "WS",
            "WD_COS",
            "WD_SIN",
            "NIGHTLY_NEE_AVG",
            "WTD_HalfHourlyDiff"
        ],
        "metrics": {
            "DT_GPP_vs_model": {
                "r2": 0.94,
                "rmse": 1.94
            },
            "NT_GPP_vs_model": {
                "r2": 0.91,
                "rmse": 2.78
            },
            "DT_RECO_vs_model": {
                "r2": 0.27,
                "rmse": 2.2
            },
            "NT_RECO_vs_model": {
                "r2": 0.47,
                "rmse": 2.51
            },
            "DT_GPP_vs_NT_GPP": {
                "r2": 0.9,
                "rmse": 2.55
            },
            "DT_RECO_vs_NT_RECO": {
                "r2": 0.24,
                "rmse": 2
            },
            "val_r2": 0.968
        }
    },
    "experiment_14": {
        "run_type": "Custom",
        "gpp_inputs": [
            "SW_IN",
            "VPD",
            "TA",
            "WTD",
            "WS",
            "PotRad",
            "PotRadHalfHourlyDiff",
            "PotRadDailyAvg",
            "PotRadDailyDiff",
            "WD_COS",
            "WD_SIN",
            "GPP_PROX",
            "Salinity",
            "WTD_HalfHourlyDiff"
        ],
        "reco_inputs": [
            "DOY_sin",
            "DOY_cos",
            "TA",
            "TS_1",
            "TS_2",
            "TS_3",
            "TS_4",
            "WTD",
            "WS",
            "WD_COS",
            "WD_SIN",
            "NIGHTLY_NEE_AVG",
            "Salinity",
            "WTD_HalfHourlyDiff"
        ],
        "metrics": {
            "DT_GPP_vs_model": {
                "r2": 0.98,
                "rmse": 1.25
            },
            "NT_GPP_vs_model": {
                "r2": 0.92,
                "rmse": 2.62
            },
            "DT_RECO_vs_model": {
                "r2": 0.72,
                "rmse": 1.36
            },
            "NT_RECO_vs_model": {
                "r2": 0.53,
                "rmse": 2.36
            },
            "DT_GPP_vs_NT_GPP": {
                "r2": 0.9,
                "rmse": 2.55
            },
            "DT_RECO_vs_NT_RECO": {
                "r2": 0.24,
                "rmse": 2
            },
            "val_r2": 0.9708
        }
    },
    "experiment_15": {
        "run_type": "Custom",
        "gpp_inputs": [
            "SW_IN",
            "VPD",
            "TA",
            "WTD",
            "WS",
            "PotRad",
            "PotRadHalfHourlyDiff",
            "PotRadDailyAvg",
            "PotRadDailyDiff",
            "WD_COS",
            "WD_SIN",
            "GPP_PROX",
            "Salinity",
            "WTD_HalfHourlyDiff",
            "WTD_DailyAvg",
            "WTD_DailyDiff"
        ],
        "reco_inputs": [
            "DOY_sin",
            "DOY_cos",
            "TA",
            "TS_1",
            "TS_2",
            "TS_3",
            "TS_4",
            "WTD",
            "WS",
            "WD_COS",
            "WD_SIN",
            "NIGHTLY_NEE_AVG",
            "Salinity",
            "WTD_HalfHourlyDiff",
            "WTD_DailyAvg",
            "WTD_DailyDiff"
        ],
        "metrics": {
            "DT_GPP_vs_model": {
                "r2": 0.94,
                "rmse": 1.98
            },
            "NT_GPP_vs_model": {
                "r2": 0.92,
                "rmse": 2.56
            },
            "DT_RECO_vs_model": {
                "r2": 0.22,
                "rmse": 2.27
            },
            "NT_RECO_vs_model": {
                "r2": 0.55,
                "rmse": 2.32
            },
            "DT_GPP_vs_NT_GPP": {
                "r2": 0.9,
                "rmse": 2.55
            },
            "DT_RECO_vs_NT_RECO": {
                "r2": 0.24,
                "rmse": 2
            },
            "val_r2": 0.9711
        }
    },
    "experiment_16": {
        "run_type": "Custom",
        "gpp_inputs": [
            "VPD",
            "TA",
            "WTD",
            "WS",
            "PotRad",
            "PotRadHalfHourlyDiff",
            "PotRadDailyAvg",
            "PotRadDailyDiff",
            "WD_COS",
            "WD_SIN",
            "GPP_PROX"
        ],
        "reco_inputs": [
            "DOY_sin",
            "DOY_cos",
            "TA",
            "TS_1",
            "TS_2",
            "TS_3",
            "TS_4",
            "WTD",
            "WS",
            "WD_COS",
            "WD_SIN",
            "NIGHTLY_NEE_AVG"
        ],
        "metrics": {
            "DT_GPP_vs_model": {
                "r2": 0.97,
                "rmse": 1.49
            },
            "NT_GPP_vs_model": {
                "r2": 0.91,
                "rmse": 2.77
            },
            "DT_RECO_vs_model": {
                "r2": 0.71,
                "rmse": 1.37
            },
            "NT_RECO_vs_model": {
                "r2": 0.5,
                "rmse": 2.43
            },
            "DT_GPP_vs_NT_GPP": {
                "r2": 0.9,
                "rmse": 2.55
            },
            "DT_RECO_vs_NT_RECO": {
                "r2": 0.24,
                "rmse": 2
            },
            "val_r2": 0.9628
        }
    },
    "experiment_17": {
        "run_type": "Custom",
        "gpp_inputs": [
            "SW_IN",
            "TA",
            "WTD",
            "WS",
            "PotRad",
            "PotRadHalfHourlyDiff",
            "PotRadDailyAvg",
            "PotRadDailyDiff",
            "WD_COS",
            "WD_SIN",
            "GPP_PROX"
        ],
        "reco_inputs": [
            "DOY_sin",
            "DOY_cos",
            "TA",
            "TS_1",
            "TS_2",
            "TS_3",
            "TS_4",
            "WTD",
            "WS",
            "WD_COS",
            "WD_SIN",
            "NIGHTLY_NEE_AVG"
        ],
        "metrics": {
            "DT_GPP_vs_model": {
                "r2": 0.94,
                "rmse": 2.05
            },
            "NT_GPP_vs_model": {
                "r2": 0.91,
                "rmse": 2.81
            },
            "DT_RECO_vs_model": {
                "r2": 0.2,
                "rmse": 2.3
            },
            "NT_RECO_vs_model": {
                "r2": 0.46,
                "rmse": 2.54
            },
            "DT_GPP_vs_NT_GPP": {
                "r2": 0.9,
                "rmse": 2.55
            },
            "DT_RECO_vs_NT_RECO": {
                "r2": 0.24,
                "rmse": 2
            },
            "val_r2": 0.9709
        }
    },
    "experiment_18": {
        "run_type": "Custom",
        "gpp_inputs": [
            "SW_IN",
            "VPD",
            "WTD",
            "WS",
            "PotRad",
            "PotRadHalfHourlyDiff",
            "PotRadDailyAvg",
            "PotRadDailyDiff",
            "WD_COS",
            "WD_SIN",
            "GPP_PROX"
        ],
        "reco_inputs": [
            "DOY_sin",
            "DOY_cos",
            "TA",
            "TS_1",
            "TS_2",
            "TS_3",
            "TS_4",
            "WTD",
            "WS",
            "WD_COS",
            "WD_SIN",
            "NIGHTLY_NEE_AVG"
        ],
        "metrics": {
            "DT_GPP_vs_model": {
                "r2": 0.94,
                "rmse": 2.01
            },
            "NT_GPP_vs_model": {
                "r2": 0.9,
                "rmse": 2.92
            },
            "DT_RECO_vs_model": {
                "r2": 0.19,
                "rmse": 2.32
            },
            "NT_RECO_vs_model": {
                "r2": 0.4,
                "rmse": 2.67
            },
            "DT_GPP_vs_NT_GPP": {
                "r2": 0.9,
                "rmse": 2.55
            },
            "DT_RECO_vs_NT_RECO": {
                "r2": 0.24,
                "rmse": 2
            },
            "val_r2": 0.971
        }
    },
    "experiment_19": {
        "run_type": "Custom",
        "gpp_inputs": [
            "SW_IN",
            "VPD",
            "TA",
            "WS",
            "PotRad",
            "PotRadHalfHourlyDiff",
            "PotRadDailyAvg",
            "PotRadDailyDiff",
            "WD_COS",
            "WD_SIN",
            "GPP_PROX"
        ],
        "reco_inputs": [
            "DOY_sin",
            "DOY_cos",
            "TA",
            "TS_1",
            "TS_2",
            "TS_3",
            "TS_4",
            "WTD",
            "WS",
            "WD_COS",
            "WD_SIN",
            "NIGHTLY_NEE_AVG"
        ],
        "metrics": {
            "DT_GPP_vs_model": {
                "r2": 0.96,
                "rmse": 1.69
            },
            "NT_GPP_vs_model": {
                "r2": 0.91,
                "rmse": 2.75
            },
            "DT_RECO_vs_model": {
                "r2": 0.42,
                "rmse": 1.95
            },
            "NT_RECO_vs_model": {
                "r2": 0.48,
                "rmse": 2.47
            },
            "DT_GPP_vs_NT_GPP": {
                "r2": 0.9,
                "rmse": 2.55
            },
            "DT_RECO_vs_NT_RECO": {
                "r2": 0.24,
                "rmse": 2
            },
            "val_r2": 0.97
        }
    },
    "experiment_20": {
        "run_type": "Custom",
        "gpp_inputs": [
            "SW_IN",
            "VPD",
            "TA",
            "WTD",
            "PotRad",
            "PotRadHalfHourlyDiff",
            "PotRadDailyAvg",
            "PotRadDailyDiff",
            "WD_COS",
            "WD_SIN",
            "GPP_PROX"
        ],
        "reco_inputs": [
            "DOY_sin",
            "DOY_cos",
            "TA",
            "TS_1",
            "TS_2",
            "TS_3",
            "TS_4",
            "WTD",
            "WS",
            "WD_COS",
            "WD_SIN",
            "NIGHTLY_NEE_AVG"
        ],
        "metrics": {
            "DT_GPP_vs_model": {
                "r2": 0.96,
                "rmse": 1.54
            },
            "NT_GPP_vs_model": {
                "r2": 0.92,
                "rmse": 2.68
            },
            "DT_RECO_vs_model": {
                "r2": 0.49,
                "rmse": 1.84
            },
            "NT_RECO_vs_model": {
                "r2": 0.51,
                "rmse": 2.4
            },
            "DT_GPP_vs_NT_GPP": {
                "r2": 0.9,
                "rmse": 2.55
            },
            "DT_RECO_vs_NT_RECO": {
                "r2": 0.24,
                "rmse": 2
            },
            "val_r2": 0.9711
        }
    },
    "experiment_21": {
        "run_type": "Custom",
        "gpp_inputs": [
            "SW_IN",
            "VPD",
            "TA",
            "WTD",
            "WS",
            "PotRadHalfHourlyDiff",
            "PotRadDailyAvg",
            "PotRadDailyDiff",
            "WD_COS",
            "WD_SIN",
            "GPP_PROX"
        ],
        "reco_inputs": [
            "DOY_sin",
            "DOY_cos",
            "TA",
            "TS_1",
            "TS_2",
            "TS_3",
            "TS_4",
            "WTD",
            "WS",
            "WD_COS",
            "WD_SIN",
            "NIGHTLY_NEE_AVG"
        ],
        "metrics": {
            "DT_GPP_vs_model": {
                "r2": 0.96,
                "rmse": 1.63
            },
            "NT_GPP_vs_model": {
                "r2": 0.92,
                "rmse": 2.55
            },
            "DT_RECO_vs_model": {
                "r2": 0.5,
                "rmse": 1.82
            },
            "NT_RECO_vs_model": {
                "r2": 0.58,
                "rmse": 2.22
            },
            "DT_GPP_vs_NT_GPP": {
                "r2": 0.9,
                "rmse": 2.55
            },
            "DT_RECO_vs_NT_RECO": {
                "r2": 0.24,
                "rmse": 2
            },
            "val_r2": 0.9698
        }
    },
    "experiment_22": {
        "run_type": "Custom",
        "gpp_inputs": [
            "SW_IN",
            "VPD",
            "TA",
            "WTD",
            "WS",
            "PotRad",
            "PotRadDailyAvg",
            "PotRadDailyDiff",
            "WD_COS",
            "WD_SIN",
            "GPP_PROX"
        ],
        "reco_inputs": [
            "DOY_sin",
            "DOY_cos",
            "TA",
            "TS_1",
            "TS_2",
            "TS_3",
            "TS_4",
            "WTD",
            "WS",
            "WD_COS",
            "WD_SIN",
            "NIGHTLY_NEE_AVG"
        ],
        "metrics": {
            "DT_GPP_vs_model": {
                "r2": 0.94,
                "rmse": 2.04
            },
            "NT_GPP_vs_model": {
                "r2": 0.91,
                "rmse": 2.71
            },
            "DT_RECO_vs_model": {
                "r2": 0.22,
                "rmse": 2.27
            },
            "NT_RECO_vs_model": {
                "r2": 0.5,
                "rmse": 2.42
            },
            "DT_GPP_vs_NT_GPP": {
                "r2": 0.9,
                "rmse": 2.55
            },
            "DT_RECO_vs_NT_RECO": {
                "r2": 0.24,
                "rmse": 2
            },
            "val_r2": 0.9689
        }
    },
    "experiment_23": {
        "run_type": "Custom",
        "gpp_inputs": [
            "SW_IN",
            "VPD",
            "TA",
            "WTD",
            "WS",
            "PotRad",
            "PotRadHalfHourlyDiff",
            "PotRadDailyDiff",
            "WD_COS",
            "WD_SIN",
            "GPP_PROX"
        ],
        "reco_inputs": [
            "DOY_sin",
            "DOY_cos",
            "TA",
            "TS_1",
            "TS_2",
            "TS_3",
            "TS_4",
            "WTD",
            "WS",
            "WD_COS",
            "WD_SIN",
            "NIGHTLY_NEE_AVG"
        ],
        "metrics": {
            "DT_GPP_vs_model": {
                "r2": 0.97,
                "rmse": 1.32
            },
            "NT_GPP_vs_model": {
                "r2": 0.92,
                "rmse": 2.67
            },
            "DT_RECO_vs_model": {
                "r2": 0.69,
                "rmse": 1.44
            },
            "NT_RECO_vs_model": {
                "r2": 0.53,
                "rmse": 2.35
            },
            "DT_GPP_vs_NT_GPP": {
                "r2": 0.9,
                "rmse": 2.55
            },
            "DT_RECO_vs_NT_RECO": {
                "r2": 0.24,
                "rmse": 2
            },
            "val_r2": 0.9696
        }
    },
    "experiment_24": {
        "run_type": "Custom",
        "gpp_inputs": [
            "SW_IN",
            "VPD",
            "TA",
            "WTD",
            "WS",
            "PotRad",
            "PotRadHalfHourlyDiff",
            "PotRadDailyAvg",
            "WD_COS",
            "WD_SIN",
            "GPP_PROX"
        ],
        "reco_inputs": [
            "DOY_sin",
            "DOY_cos",
            "TA",
            "TS_1",
            "TS_2",
            "TS_3",
            "TS_4",
            "WTD",
            "WS",
            "WD_COS",
            "WD_SIN",
            "NIGHTLY_NEE_AVG"
        ],
        "metrics": {
            "DT_GPP_vs_model": {
                "r2": 0.97,
                "rmse": 1.31
            },
            "NT_GPP_vs_model": {
                "r2": 0.92,
                "rmse": 2.63
            },
            "DT_RECO_vs_model": {
                "r2": 0.69,
                "rmse": 1.43
            },
            "NT_RECO_vs_model": {
                "r2": 0.54,
                "rmse": 2.33
            },
            "DT_GPP_vs_NT_GPP": {
                "r2": 0.9,
                "rmse": 2.55
            },
            "DT_RECO_vs_NT_RECO": {
                "r2": 0.24,
                "rmse": 2
            },
            "val_r2": 0.9717
        }
    },
    "experiment_25": {
        "run_type": "Custom",
        "gpp_inputs": [
            "SW_IN",
            "VPD",
            "TA",
            "WTD",
            "WS",
            "PotRad",
            "PotRadHalfHourlyDiff",
            "PotRadDailyAvg",
            "PotRadDailyDiff",
            "WD_SIN",
            "GPP_PROX"
        ],
        "reco_inputs": [
            "DOY_sin",
            "DOY_cos",
            "TA",
            "TS_1",
            "TS_2",
            "TS_3",
            "TS_4",
            "WTD",
            "WS",
            "WD_COS",
            "WD_SIN",
            "NIGHTLY_NEE_AVG"
        ],
        "metrics": {
            "DT_GPP_vs_model": {
                "r2": 0.97,
                "rmse": 1.42
            },
            "NT_GPP_vs_model": {
                "r2": 0.91,
                "rmse": 2.78
            },
            "DT_RECO_vs_model": {
                "r2": 0.63,
                "rmse": 1.56
            },
            "NT_RECO_vs_model": {
                "r2": 0.48,
                "rmse": 2.48
            },
            "DT_GPP_vs_NT_GPP": {
                "r2": 0.9,
                "rmse": 2.55
            },
            "DT_RECO_vs_NT_RECO": {
                "r2": 0.24,
                "rmse": 2
            },
            "val_r2": 0.9696
        }
    },
    "experiment_26": {
        "run_type": "Custom",
        "gpp_inputs": [
            "SW_IN",
            "VPD",
            "TA",
            "WTD",
            "WS",
            "PotRad",
            "PotRadHalfHourlyDiff",
            "PotRadDailyAvg",
            "PotRadDailyDiff",
            "WD_COS",
            "GPP_PROX"
        ],
        "reco_inputs": [
            "DOY_sin",
            "DOY_cos",
            "TA",
            "TS_1",
            "TS_2",
            "TS_3",
            "TS_4",
            "WTD",
            "WS",
            "WD_COS",
            "WD_SIN",
            "NIGHTLY_NEE_AVG"
        ],
        "metrics": {
            "DT_GPP_vs_model": {
                "r2": 0.97,
                "rmse": 1.37
            },
            "NT_GPP_vs_model": {
                "r2": 0.91,
                "rmse": 2.71
            },
            "DT_RECO_vs_model": {
                "r2": 0.63,
                "rmse": 1.58
            },
            "NT_RECO_vs_model": {
                "r2": 0.51,
                "rmse": 2.42
            },
            "DT_GPP_vs_NT_GPP": {
                "r2": 0.9,
                "rmse": 2.55
            },
            "DT_RECO_vs_NT_RECO": {
                "r2": 0.24,
                "rmse": 2
            },
            "val_r2": 0.9721
        }
    },
    "experiment_27": {
        "run_type": "Custom",
        "gpp_inputs": [
            "SW_IN",
            "VPD",
            "TA",
            "WTD",
            "WS",
            "PotRad",
            "PotRadHalfHourlyDiff",
            "PotRadDailyAvg",
            "PotRadDailyDiff",
            "WD_COS",
            "WD_SIN"
        ],
        "reco_inputs": [
            "DOY_sin",
            "DOY_cos",
            "TA",
            "TS_1",
            "TS_2",
            "TS_3",
            "TS_4",
            "WTD",
            "WS",
            "WD_COS",
            "WD_SIN",
            "NIGHTLY_NEE_AVG"
        ],
        "metrics": {
            "DT_GPP_vs_model": {
                "r2": 0.93,
                "rmse": 2.12
            },
            "NT_GPP_vs_model": {
                "r2": 0.89,
                "rmse": 3.04
            },
            "DT_RECO_vs_model": {
                "r2": 0.24,
                "rmse": 2.25
            },
            "NT_RECO_vs_model": {
                "r2": 0.4,
                "rmse": 2.66
            },
            "DT_GPP_vs_NT_GPP": {
                "r2": 0.9,
                "rmse": 2.55
            },
            "DT_RECO_vs_NT_RECO": {
                "r2": 0.24,
                "rmse": 2
            },
            "val_r2": 0.9642
        }
    },
    "experiment_28": {
        "run_type": "Custom",
        "gpp_inputs": [
            "SW_IN",
            "VPD",
            "TA",
            "WTD",
            "WS",
            "PotRad",
            "PotRadHalfHourlyDiff",
            "PotRadDailyAvg",
            "PotRadDailyDiff",
            "WD_COS",
            "WD_SIN",
            "GPP_PROX"
        ],
        "reco_inputs": [
            "DOY_cos",
            "TA",
            "TS_1",
            "TS_2",
            "TS_3",
            "TS_4",
            "WTD",
            "WS",
            "WD_COS",
            "WD_SIN",
            "NIGHTLY_NEE_AVG"
        ],
        "metrics": {
            "DT_GPP_vs_model": {
                "r2": 0.97,
                "rmse": 1.35
            },
            "NT_GPP_vs_model": {
                "r2": 0.92,
                "rmse": 2.58
            },
            "DT_RECO_vs_model": {
                "r2": 0.66,
                "rmse": 1.5
            },
            "NT_RECO_vs_model": {
                "r2": 0.56,
                "rmse": 2.29
            },
            "DT_GPP_vs_NT_GPP": {
                "r2": 0.9,
                "rmse": 2.55
            },
            "DT_RECO_vs_NT_RECO": {
                "r2": 0.24,
                "rmse": 2
            },
            "val_r2": 0.9711
        }
    },
    "experiment_29": {
        "run_type": "Custom",
        "gpp_inputs": [
            "SW_IN",
            "VPD",
            "TA",
            "WTD",
            "WS",
            "PotRad",
            "PotRadHalfHourlyDiff",
            "PotRadDailyAvg",
            "PotRadDailyDiff",
            "WD_COS",
            "WD_SIN",
            "GPP_PROX"
        ],
        "reco_inputs": [
            "DOY_sin",
            "TA",
            "TS_1",
            "TS_2",
            "TS_3",
            "TS_4",
            "WTD",
            "WS",
            "WD_COS",
            "WD_SIN",
            "NIGHTLY_NEE_AVG"
        ],
        "metrics": {
            "DT_GPP_vs_model": {
                "r2": 0.97,
                "rmse": 1.34
            },
            "NT_GPP_vs_model": {
                "r2": 0.91,
                "rmse": 2.69
            },
            "DT_RECO_vs_model": {
                "r2": 0.69,
                "rmse": 1.43
            },
            "NT_RECO_vs_model": {
                "r2": 0.51,
                "rmse": 2.41
            },
            "DT_GPP_vs_NT_GPP": {
                "r2": 0.9,
                "rmse": 2.55
            },
            "DT_RECO_vs_NT_RECO": {
                "r2": 0.24,
                "rmse": 2
            },
            "val_r2": 0.9705
        }
    },
    "experiment_30": {
        "run_type": "Custom",
        "gpp_inputs": [
            "SW_IN",
            "VPD",
            "TA",
            "WTD",
            "WS",
            "PotRad",
            "PotRadHalfHourlyDiff",
            "PotRadDailyAvg",
            "PotRadDailyDiff",
            "WD_COS",
            "WD_SIN",
            "GPP_PROX"
        ],
        "reco_inputs": [
            "DOY_sin",
            "DOY_cos",
            "TS_1",
            "TS_2",
            "TS_3",
            "TS_4",
            "WTD",
            "WS",
            "WD_COS",
            "WD_SIN",
            "NIGHTLY_NEE_AVG"
        ],
        "metrics": {
            "DT_GPP_vs_model": {
                "r2": 0.95,
                "rmse": 1.83
            },
            "NT_GPP_vs_model": {
                "r2": 0.91,
                "rmse": 2.81
            },
            "DT_RECO_vs_model": {
                "r2": 0.31,
                "rmse": 2.14
            },
            "NT_RECO_vs_model": {
                "r2": 0.46,
                "rmse": 2.53
            },
            "DT_GPP_vs_NT_GPP": {
                "r2": 0.9,
                "rmse": 2.55
            },
            "DT_RECO_vs_NT_RECO": {
                "r2": 0.24,
                "rmse": 2
            },
            "val_r2": 0.9699
        }
    },
    "experiment_31": {
        "run_type": "Custom",
        "gpp_inputs": [
            "SW_IN",
            "VPD",
            "TA",
            "WTD",
            "WS",
            "PotRad",
            "PotRadHalfHourlyDiff",
            "PotRadDailyAvg",
            "PotRadDailyDiff",
            "WD_COS",
            "WD_SIN",
            "GPP_PROX"
        ],
        "reco_inputs": [
            "DOY_sin",
            "DOY_cos",
            "TA",
            "TS_2",
            "TS_3",
            "TS_4",
            "WTD",
            "WS",
            "WD_COS",
            "WD_SIN",
            "NIGHTLY_NEE_AVG"
        ],
        "metrics": {
            "DT_GPP_vs_model": {
                "r2": 0.94,
                "rmse": 2.07
            },
            "NT_GPP_vs_model": {
                "r2": 0.9,
                "rmse": 2.86
            },
            "DT_RECO_vs_model": {
                "r2": 0.15,
                "rmse": 2.38
            },
            "NT_RECO_vs_model": {
                "r2": 0.44,
                "rmse": 2.58
            },
            "DT_GPP_vs_NT_GPP": {
                "r2": 0.9,
                "rmse": 2.55
            },
            "DT_RECO_vs_NT_RECO": {
                "r2": 0.24,
                "rmse": 2
            },
            "val_r2": 0.9703
        }
    },
    "experiment_32": {
        "run_type": "Custom",
        "gpp_inputs": [
            "SW_IN",
            "VPD",
            "TA",
            "WTD",
            "WS",
            "PotRad",
            "PotRadHalfHourlyDiff",
            "PotRadDailyAvg",
            "PotRadDailyDiff",
            "WD_COS",
            "WD_SIN",
            "GPP_PROX"
        ],
        "reco_inputs": [
            "DOY_sin",
            "DOY_cos",
            "TA",
            "TS_1",
            "TS_3",
            "TS_4",
            "WTD",
            "WS",
            "WD_COS",
            "WD_SIN",
            "NIGHTLY_NEE_AVG"
        ],
        "metrics": {
            "DT_GPP_vs_model": {
                "r2": 0.94,
                "rmse": 2.02
            },
            "NT_GPP_vs_model": {
                "r2": 0.91,
                "rmse": 2.83
            },
            "DT_RECO_vs_model": {
                "r2": 0.19,
                "rmse": 2.32
            },
            "NT_RECO_vs_model": {
                "r2": 0.46,
                "rmse": 2.54
            },
            "DT_GPP_vs_NT_GPP": {
                "r2": 0.9,
                "rmse": 2.55
            },
            "DT_RECO_vs_NT_RECO": {
                "r2": 0.24,
                "rmse": 2
            },
            "val_r2": 0.9703
        }
    },
    "experiment_33": {
        "run_type": "Custom",
        "gpp_inputs": [
            "SW_IN",
            "VPD",
            "TA",
            "WTD",
            "WS",
            "PotRad",
            "PotRadHalfHourlyDiff",
            "PotRadDailyAvg",
            "PotRadDailyDiff",
            "WD_COS",
            "WD_SIN",
            "GPP_PROX"
        ],
        "reco_inputs": [
            "DOY_sin",
            "DOY_cos",
            "TA",
            "TS_1",
            "TS_2",
            "TS_4",
            "WTD",
            "WS",
            "WD_COS",
            "WD_SIN",
            "NIGHTLY_NEE_AVG"
        ],
        "metrics": {
            "DT_GPP_vs_model": {
                "r2": 0.93,
                "rmse": 2.1
            },
            "NT_GPP_vs_model": {
                "r2": 0.91,
                "rmse": 2.82
            },
            "DT_RECO_vs_model": {
                "r2": 0.14,
                "rmse": 2.39
            },
            "NT_RECO_vs_model": {
                "r2": 0.46,
                "rmse": 2.54
            },
            "DT_GPP_vs_NT_GPP": {
                "r2": 0.9,
                "rmse": 2.55
            },
            "DT_RECO_vs_NT_RECO": {
                "r2": 0.24,
                "rmse": 2
            },
            "val_r2": 0.9708
        }
    },
    "experiment_34": {
        "run_type": "Custom",
        "gpp_inputs": [
            "SW_IN",
            "VPD",
            "TA",
            "WTD",
            "WS",
            "PotRad",
            "PotRadHalfHourlyDiff",
            "PotRadDailyAvg",
            "PotRadDailyDiff",
            "WD_COS",
            "WD_SIN",
            "GPP_PROX"
        ],
        "reco_inputs": [
            "DOY_sin",
            "DOY_cos",
            "TA",
            "TS_1",
            "TS_2",
            "TS_3",
            "WTD",
            "WS",
            "WD_COS",
            "WD_SIN",
            "NIGHTLY_NEE_AVG"
        ],
        "metrics": {
            "DT_GPP_vs_model": {
                "r2": 0.94,
                "rmse": 2.0
            },
            "NT_GPP_vs_model": {
                "r2": 0.91,
                "rmse": 2.83
            },
            "DT_RECO_vs_model": {
                "r2": 0.21,
                "rmse": 2.29
            },
            "NT_RECO_vs_model": {
                "r2": 0.46,
                "rmse": 2.54
            },
            "DT_GPP_vs_NT_GPP": {
                "r2": 0.9,
                "rmse": 2.55
            },
            "DT_RECO_vs_NT_RECO": {
                "r2": 0.24,
                "rmse": 2
            },
            "val_r2": 0.9698
        }
    },
    "experiment_35": {
        "run_type": "Custom",
        "gpp_inputs": [
            "SW_IN",
            "VPD",
            "TA",
            "WTD",
            "WS",
            "PotRad",
            "PotRadHalfHourlyDiff",
            "PotRadDailyAvg",
            "PotRadDailyDiff",
            "WD_COS",
            "WD_SIN",
            "GPP_PROX"
        ],
        "reco_inputs": [
            "DOY_sin",
            "DOY_cos",
            "TA",
            "TS_1",
            "TS_2",
            "TS_3",
            "TS_4",
            "WS",
            "WD_COS",
            "WD_SIN",
            "NIGHTLY_NEE_AVG"
        ],
        "metrics": {
            "DT_GPP_vs_model": {
                "r2": 0.97,
                "rmse": 1.4
            },
            "NT_GPP_vs_model": {
                "r2": 0.91,
                "rmse": 2.71
            },
            "DT_RECO_vs_model": {
                "r2": 0.67,
                "rmse": 1.48
            },
            "NT_RECO_vs_model": {
                "r2": 0.51,
                "rmse": 2.41
            },
            "DT_GPP_vs_NT_GPP": {
                "r2": 0.9,
                "rmse": 2.55
            },
            "DT_RECO_vs_NT_RECO": {
                "r2": 0.24,
                "rmse": 2
            },
            "val_r2": 0.969
        }
    },
    "experiment_36": {
        "run_type": "Custom",
        "gpp_inputs": [
            "SW_IN",
            "VPD",
            "TA",
            "WTD",
            "WS",
            "PotRad",
            "PotRadHalfHourlyDiff",
            "PotRadDailyAvg",
            "PotRadDailyDiff",
            "WD_COS",
            "WD_SIN",
            "GPP_PROX"
        ],
        "reco_inputs": [
            "DOY_sin",
            "DOY_cos",
            "TA",
            "TS_1",
            "TS_2",
            "TS_3",
            "TS_4",
            "WTD",
            "WD_COS",
            "WD_SIN",
            "NIGHTLY_NEE_AVG"
        ],
        "metrics": {
            "DT_GPP_vs_model": {
                "r2": 0.98,
                "rmse": 1.23
            },
            "NT_GPP_vs_model": {
                "r2": 0.92,
                "rmse": 2.54
            },
            "DT_RECO_vs_model": {
                "r2": 0.74,
                "rmse": 1.31
            },
            "NT_RECO_vs_model": {
                "r2": 0.58,
                "rmse": 2.23
            },
            "DT_GPP_vs_NT_GPP": {
                "r2": 0.9,
                "rmse": 2.55
            },
            "DT_RECO_vs_NT_RECO": {
                "r2": 0.24,
                "rmse": 2
            },
            "val_r2": 0.973
        }
    },
    "experiment_37": {
        "run_type": "Custom",
        "gpp_inputs": [
            "SW_IN",
            "VPD",
            "TA",
            "WTD",
            "WS",
            "PotRad",
            "PotRadHalfHourlyDiff",
            "PotRadDailyAvg",
            "PotRadDailyDiff",
            "WD_COS",
            "WD_SIN",
            "GPP_PROX"
        ],
        "reco_inputs": [
            "DOY_sin",
            "DOY_cos",
            "TA",
            "TS_1",
            "TS_2",
            "TS_3",
            "TS_4",
            "WTD",
            "WS",
            "WD_SIN",
            "NIGHTLY_NEE_AVG"
        ],
        "metrics": {
            "DT_GPP_vs_model": {
                "r2": 0.97,
                "rmse": 1.39
            },
            "NT_GPP_vs_model": {
                "r2": 0.92,
                "rmse": 2.64
            },
            "DT_RECO_vs_model": {
                "r2": 0.63,
                "rmse": 1.56
            },
            "NT_RECO_vs_model": {
                "r2": 0.54,
                "rmse": 2.32
            },
            "DT_GPP_vs_NT_GPP": {
                "r2": 0.9,
                "rmse": 2.55
            },
            "DT_RECO_vs_NT_RECO": {
                "r2": 0.24,
                "rmse": 2
            },
            "val_r2": 0.9712
        }
    },
    "experiment_38": {
        "run_type": "Custom",
        "gpp_inputs": [
            "SW_IN",
            "VPD",
            "TA",
            "WTD",
            "WS",
            "PotRad",
            "PotRadHalfHourlyDiff",
            "PotRadDailyAvg",
            "PotRadDailyDiff",
            "WD_COS",
            "WD_SIN",
            "GPP_PROX"
        ],
        "reco_inputs": [
            "DOY_sin",
            "DOY_cos",
            "TA",
            "TS_1",
            "TS_2",
            "TS_3",
            "TS_4",
            "WTD",
            "WS",
            "WD_COS",
            "NIGHTLY_NEE_AVG"
        ],
        "metrics": {
            "DT_GPP_vs_model": {
                "r2": 0.98,
                "rmse": 1.26
            },
            "NT_GPP_vs_model": {
                "r2": 0.92,
                "rmse": 2.57
            },
            "DT_RECO_vs_model": {
                "r2": 0.74,
                "rmse": 1.3
            },
            "NT_RECO_vs_model": {
                "r2": 0.57,
                "rmse": 2.26
            },
            "DT_GPP_vs_NT_GPP": {
                "r2": 0.9,
                "rmse": 2.55
            },
            "DT_RECO_vs_NT_RECO": {
                "r2": 0.24,
                "rmse": 2
            },
            "val_r2": 0.971
        }
    },
    "experiment_39": {
        "run_type": "Custom",
        "gpp_inputs": [
            "SW_IN",
            "VPD",
            "TA",
            "WTD",
            "WS",
            "PotRad",
            "PotRadHalfHourlyDiff",
            "PotRadDailyAvg",
            "PotRadDailyDiff",
            "WD_COS",
            "WD_SIN",
            "GPP_PROX"
        ],
        "reco_inputs": [
            "DOY_sin",
            "DOY_cos",
            "TA",
            "TS_1",
            "TS_2",
            "TS_3",
            "TS_4",
            "WTD",
            "WS",
            "WD_COS",
            "WD_SIN"
        ],
        "metrics": {
            "DT_GPP_vs_model": {
                "r2": -0.5,
                "rmse": 9.94
            },
            "NT_GPP_vs_model": {
                "r2": -0.52,
                "rmse": 11.39
            },
            "DT_RECO_vs_model": {
                "r2": -2.46,
                "rmse": 4.79
            },
            "NT_RECO_vs_model": {
                "r2": -2.41,
                "rmse": 6.35
            },
            "DT_GPP_vs_NT_GPP": {
                "r2": 0.9,
                "rmse": 2.55
            },
            "DT_RECO_vs_NT_RECO": {
                "r2": 0.24,
                "rmse": 2
            },
            "val_r2": -0.0325
        }
    }
}
-0.0332,-0.5,-0.52,-2.46,-2.41
0.7162,0.7,0.56,-2.46,-2.41
0.0193,-0.5,-0.52,-1.86,-1.9
0.9019,-0.18,0.14,-11.22,-4.69
0.9178,0.82,0.8,-0.72,-0.02
0.9389,0.88,0.88,-0.18,0.41
0.9385,0.87,0.88,-0.25,0.34
0.9473,0.75,0.8,-1.64,-0.2
0.0805,-0.11,-0.17,-2.46,-2.41
0.9487,0.92,0.91,0.42,0.55
0.9708,0.97,0.91,0.63,0.49
0.9667,0.94,0.91,0.32,0.48
0.9685,0.96,0.92,0.56,0.51
0.968,0.94,0.91,0.27,0.47
0.9708,0.98,0.92,0.72,0.53
0.9711,0.94,0.92,0.22,0.55

0.9628,0.97,0.91,0.71,0.5
0.9709,0.94,0.91,0.2,0.46
0.971,0.94,0.9,0.19,0.4
0.97,0.96,0.91,0.42,0.48
0.9711,0.96,0.92,0.49,0.51
0.9698,0.96,0.92,0.5,0.58
0.9689,0.94,0.91,0.22,0.5
0.9696,0.97,0.92,0.69,0.53
0.9717,0.97,0.92,0.69,0.54
0.9696,0.97,0.91,0.63,0.48
0.9721,0.97,0.91,0.63,0.51
0.9642,0.93,0.89,0.24,0.4

0.9711,0.97,0.92,0.66,0.56
0.9705,0.97,0.91,0.69,0.51
0.9699,0.95,0.91,0.31,0.46
0.9703,0.94,0.9,0.15,0.44
0.9703,0.94,0.91,0.19,0.46
0.9708,0.93,0.91,0.14,0.46
0.9698,0.94,0.91,0.21,0.46
0.969,0.97,0.91,0.67,0.51
0.973,0.98,0.92,0.74,0.58
0.9712,0.97,0.92,0.63,0.54
0.971,0.98,0.92,0.74,0.57
-0.0325,-0.5,-0.52,-2.46,-2.41
Run ended at:   2025-08-12 08:13:11
Total duration: 0:08:14 (hh:mm:ss)
