created virtual environment CPython3.10.13.final.0-64 in 13173ms
  creator CPython3Posix(dest=/localscratch/onurk.5364221.0/env, clear=False, no_vcs_ignore=False, global=False)
  seeder FromAppData(download=False, pip=bundle, setuptools=bundle, wheel=bundle, via=copy, app_data_dir=/home/onurk/.local/share/virtualenv)
    added seed packages: pip==25.2, setuptools==80.9.0, wheel==0.45.1+computecanada
  activators BashActivator,CShellActivator,FishActivator,NushellActivator,PowerShellActivator,PythonActivator
Looking in links: /cvmfs/soft.computecanada.ca/custom/python/wheelhouse/gentoo2023/x86-64-v4, /cvmfs/soft.computecanada.ca/custom/python/wheelhouse/gentoo2023/x86-64-v3, /cvmfs/soft.computecanada.ca/custom/python/wheelhouse/gentoo2023/generic, /cvmfs/soft.computecanada.ca/custom/python/wheelhouse/generic
Processing /cvmfs/soft.computecanada.ca/custom/python/wheelhouse/gentoo2023/x86-64-v3/torch-2.6.0+computecanada-cp310-cp310-linux_x86_64.whl
Processing /cvmfs/soft.computecanada.ca/custom/python/wheelhouse/generic/filelock-3.19.1+computecanada-py3-none-any.whl (from torch)
Requirement already satisfied: typing-extensions>=4.10.0 in /cvmfs/soft.computecanada.ca/easybuild/software/2023/x86-64-v4/Compiler/gcccore/ipykernel/2025a/lib/python3.10/site-packages (from torch) (4.12.2+computecanada)
Processing /cvmfs/soft.computecanada.ca/custom/python/wheelhouse/generic/networkx-3.5+computecanada-py3-none-any.whl (from torch)
Processing /cvmfs/soft.computecanada.ca/custom/python/wheelhouse/generic/jinja2-3.1.6+computecanada-py3-none-any.whl (from torch)
Processing /cvmfs/soft.computecanada.ca/custom/python/wheelhouse/generic/fsspec-2025.9.0+computecanada-py3-none-any.whl (from torch)
Processing /cvmfs/soft.computecanada.ca/custom/python/wheelhouse/generic/sympy-1.13.1+computecanada-py3-none-any.whl (from torch)
Requirement already satisfied: mpmath<1.4,>=1.1.0 in /cvmfs/soft.computecanada.ca/easybuild/software/2023/x86-64-v4/Compiler/gcccore/scipy-stack/2025a/lib/python3.10/site-packages (from sympy==1.13.1->torch) (1.3.0+computecanada)
Processing /cvmfs/soft.computecanada.ca/custom/python/wheelhouse/generic/MarkupSafe-2.1.5+computecanada-cp310-cp310-linux_x86_64.whl (from jinja2->torch)
INFO: pip is looking at multiple versions of networkx to determine which version is compatible with other requirements. This could take a while.
Processing /cvmfs/soft.computecanada.ca/custom/python/wheelhouse/generic/networkx-3.4.2+computecanada-py3-none-any.whl (from torch)
Installing collected packages: sympy, networkx, MarkupSafe, fsspec, filelock, jinja2, torch
  Attempting uninstall: sympy
    Found existing installation: sympy 1.13.3+computecanada
    Not uninstalling sympy at /cvmfs/soft.computecanada.ca/easybuild/software/2023/x86-64-v4/Compiler/gcccore/scipy-stack/2025a/lib/python3.10/site-packages, outside environment /localscratch/onurk.5364221.0/env
    Can't uninstall 'sympy'. No files were found to uninstall.

Successfully installed MarkupSafe-2.1.5+computecanada filelock-3.19.1+computecanada fsspec-2025.9.0+computecanada jinja2-3.1.6+computecanada networkx-3.4.2+computecanada sympy-1.13.1+computecanada torch-2.6.0+computecanada
pre_processing: False      drop_na: False       normalize_raw_features: False       train_models: True       save_models: True       hidden_size: 12       tramontana_run: True       
Site name: USSTJ      Full file name: USSTJ_nee_partition_201801020000_202012312359.csv      
Run started at: 2025-09-24 09:49:17
gpp_input_names,  ['SW_IN', 'TA'] 
reco_input_names,  ['DOY_sin', 'DOY_cos', 'TA'] 
true_nee_name,  ['NEE'] 

Tramontana Running on GPU With hidden layer size of 12 Total epochs: 100000 lr: 0.001 patience: 500 min_delta 0.01
SNN_GPP_Tram(
  (net): Sequential(
    (0): Linear(in_features=2, out_features=12, bias=True)
    (1): Tanh()
    (2): Linear(in_features=12, out_features=1, bias=True)
    (3): Sigmoid()
  )
)
SNN_RECO_Tram(
  (net): Sequential(
    (0): Linear(in_features=3, out_features=12, bias=True)
    (1): Tanh()
    (2): Linear(in_features=12, out_features=1, bias=True)
    (3): Sigmoid()
  )
)
Params are min slope: 2e-06, trend window: 100
Epoch     0 | Train Loss: 31686.447266 | Val Loss: 30380.630859 | Train R²: -1558765.1250 | Val R²: -1527736.1250 | NightHrsTrueNEE vs NightHrsModelReco R²: -36.9300 | NightHrsTrueNee vs NightHrsModelNee R²: -106.2400
Epoch   500 | Train Loss: 426.882935 | Val Loss: 419.581879 | Train R²: -20998.8516 | Val R²: -21098.3242 | NightHrsTrueNEE vs NightHrsModelReco R²: -123.9200 | NightHrsTrueNee vs NightHrsModelNee R²: -117.0300
Epoch  1000 | Train Loss: 106.126846 | Val Loss: 105.129776 | Train R²: -5219.7466 | Val R²: -5285.6133 | NightHrsTrueNEE vs NightHrsModelReco R²: -146.5200 | NightHrsTrueNee vs NightHrsModelNee R²: -139.9600
Epoch  1500 | Train Loss: 45.647713 | Val Loss: 45.405411 | Train R²: -2244.5688 | Val R²: -2282.2815 | NightHrsTrueNEE vs NightHrsModelReco R²: -154.3200 | NightHrsTrueNee vs NightHrsModelNee R²: -148.8000
Epoch  2000 | Train Loss: 24.272007 | Val Loss: 24.214705 | Train R²: -1193.0240 | Val R²: -1216.6740 | NightHrsTrueNEE vs NightHrsModelReco R²: -158.0800 | NightHrsTrueNee vs NightHrsModelNee R²: -153.3800
Epoch  2500 | Train Loss: 14.424016 | Val Loss: 14.425162 | Train R²: -708.5673 | Val R²: -724.3917 | NightHrsTrueNEE vs NightHrsModelReco R²: -160.2500 | NightHrsTrueNee vs NightHrsModelNee R²: -156.1800
Epoch  3000 | Train Loss: 9.176079 | Val Loss: 9.196797 | Train R²: -450.4031 | Val R²: -461.4753 | NightHrsTrueNEE vs NightHrsModelReco R²: -161.6100 | NightHrsTrueNee vs NightHrsModelNee R²: -158.0500
Epoch  3500 | Train Loss: 6.116119 | Val Loss: 6.142335 | Train R²: -299.8731 | Val R²: -307.8768 | NightHrsTrueNEE vs NightHrsModelReco R²: -162.5000 | NightHrsTrueNee vs NightHrsModelNee R²: -159.3500
Epoch  4000 | Train Loss: 4.223244 | Val Loss: 4.249471 | Train R²: -206.7560 | Val R²: -212.6912 | NightHrsTrueNEE vs NightHrsModelReco R²: -163.0400 | NightHrsTrueNee vs NightHrsModelNee R²: -160.2300
Epoch  4500 | Train Loss: 3.004575 | Val Loss: 3.028708 | Train R²: -146.8055 | Val R²: -151.3033 | NightHrsTrueNEE vs NightHrsModelReco R²: -163.2500 | NightHrsTrueNee vs NightHrsModelNee R²: -160.7300
Epoch  5000 | Train Loss: 2.198118 | Val Loss: 2.219535 | Train R²: -107.1330 | Val R²: -110.6127 | NightHrsTrueNEE vs NightHrsModelReco R²: -162.8600 | NightHrsTrueNee vs NightHrsModelNee R²: -160.5900
Epoch  5500 | Train Loss: 1.651405 | Val Loss: 1.670531 | Train R²: -80.2383 | Val R²: -83.0052 | NightHrsTrueNEE vs NightHrsModelReco R²: -159.4700 | NightHrsTrueNee vs NightHrsModelNee R²: -157.4300
Epoch  6000 | Train Loss: 1.258893 | Val Loss: 1.278433 | Train R²: -60.9293 | Val R²: -63.2880 | NightHrsTrueNEE vs NightHrsModelReco R²: -139.1300 | NightHrsTrueNee vs NightHrsModelNee R²: -137.3800
Epoch  6500 | Train Loss: 0.985036 | Val Loss: 1.001726 | Train R²: -47.4573 | Val R²: -49.3733 | NightHrsTrueNEE vs NightHrsModelReco R²: -130.9400 | NightHrsTrueNee vs NightHrsModelNee R²: -129.3800
Epoch  7000 | Train Loss: 0.789426 | Val Loss: 0.803017 | Train R²: -37.8346 | Val R²: -39.3810 | NightHrsTrueNEE vs NightHrsModelReco R²: -124.3300 | NightHrsTrueNee vs NightHrsModelNee R²: -122.9400
Epoch  7500 | Train Loss: 0.645402 | Val Loss: 0.656473 | Train R²: -30.7496 | Val R²: -32.0118 | NightHrsTrueNEE vs NightHrsModelReco R²: -117.6300 | NightHrsTrueNee vs NightHrsModelNee R²: -116.3900
Epoch  8000 | Train Loss: 0.531745 | Val Loss: 0.540696 | Train R²: -25.1584 | Val R²: -26.1897 | NightHrsTrueNEE vs NightHrsModelReco R²: -109.2000 | NightHrsTrueNee vs NightHrsModelNee R²: -108.1100
Epoch  8500 | Train Loss: 0.427182 | Val Loss: 0.434184 | Train R²: -20.0146 | Val R²: -20.8336 | NightHrsTrueNEE vs NightHrsModelReco R²: -93.9900 | NightHrsTrueNee vs NightHrsModelNee R²: -93.0800
Epoch  9000 | Train Loss: 0.308395 | Val Loss: 0.314429 | Train R²: -14.1710 | Val R²: -14.8116 | NightHrsTrueNEE vs NightHrsModelReco R²: -49.2500 | NightHrsTrueNee vs NightHrsModelNee R²: -48.6700
Epoch  9500 | Train Loss: 0.230189 | Val Loss: 0.235316 | Train R²: -10.3238 | Val R²: -10.8332 | NightHrsTrueNEE vs NightHrsModelReco R²: -29.3400 | NightHrsTrueNee vs NightHrsModelNee R²: -28.9500
Epoch 10000 | Train Loss: 0.174433 | Val Loss: 0.178447 | Train R²: -7.5810 | Val R²: -7.9735 | NightHrsTrueNEE vs NightHrsModelReco R²: -21.3800 | NightHrsTrueNee vs NightHrsModelNee R²: -21.0900
Epoch 10500 | Train Loss: 0.133220 | Val Loss: 0.136350 | Train R²: -5.5536 | Val R²: -5.8566 | NightHrsTrueNEE vs NightHrsModelReco R²: -15.7100 | NightHrsTrueNee vs NightHrsModelNee R²: -15.4900
Epoch 11000 | Train Loss: 0.102577 | Val Loss: 0.104990 | Train R²: -4.0461 | Val R²: -4.2796 | NightHrsTrueNEE vs NightHrsModelReco R²: -11.6400 | NightHrsTrueNee vs NightHrsModelNee R²: -11.4700
Epoch 11500 | Train Loss: 0.079736 | Val Loss: 0.081575 | Train R²: -2.9225 | Val R²: -3.1021 | NightHrsTrueNEE vs NightHrsModelReco R²: -8.6900 | NightHrsTrueNee vs NightHrsModelNee R²: -8.5600
Epoch 12000 | Train Loss: 0.062712 | Val Loss: 0.064101 | Train R²: -2.0850 | Val R²: -2.2234 | NightHrsTrueNEE vs NightHrsModelReco R²: -6.5400 | NightHrsTrueNee vs NightHrsModelNee R²: -6.4500
Epoch 12500 | Train Loss: 0.050037 | Val Loss: 0.051078 | Train R²: -1.4615 | Val R²: -1.5685 | NightHrsTrueNEE vs NightHrsModelReco R²: -4.9700 | NightHrsTrueNee vs NightHrsModelNee R²: -4.9000
Epoch 13000 | Train Loss: 0.040614 | Val Loss: 0.041387 | Train R²: -0.9979 | Val R²: -1.0812 | NightHrsTrueNEE vs NightHrsModelReco R²: -3.8300 | NightHrsTrueNee vs NightHrsModelNee R²: -3.7700
Epoch 13500 | Train Loss: 0.033623 | Val Loss: 0.034189 | Train R²: -0.6540 | Val R²: -0.7192 | NightHrsTrueNEE vs NightHrsModelReco R²: -2.9800 | NightHrsTrueNee vs NightHrsModelNee R²: -2.9400
Epoch 14000 | Train Loss: 0.028449 | Val Loss: 0.028852 | Train R²: -0.3995 | Val R²: -0.4509 | NightHrsTrueNEE vs NightHrsModelReco R²: -2.3600 | NightHrsTrueNee vs NightHrsModelNee R²: -2.3300
Epoch 14500 | Train Loss: 0.024627 | Val Loss: 0.024900 | Train R²: -0.2115 | Val R²: -0.2521 | NightHrsTrueNEE vs NightHrsModelReco R²: -1.9000 | NightHrsTrueNee vs NightHrsModelNee R²: -1.8800
Epoch 15000 | Train Loss: 0.021796 | Val Loss: 0.021964 | Train R²: -0.0722 | Val R²: -0.1045 | NightHrsTrueNEE vs NightHrsModelReco R²: -1.5500 | NightHrsTrueNee vs NightHrsModelNee R²: -1.5300
Epoch 15500 | Train Loss: 0.019671 | Val Loss: 0.019751 | Train R²: 0.0323 | Val R²: 0.0068 | NightHrsTrueNEE vs NightHrsModelReco R²: -1.2600 | NightHrsTrueNee vs NightHrsModelNee R²: -1.2400
Epoch 16000 | Train Loss: 0.018034 | Val Loss: 0.018040 | Train R²: 0.1128 | Val R²: 0.0928 | NightHrsTrueNEE vs NightHrsModelReco R²: -1.0100 | NightHrsTrueNee vs NightHrsModelNee R²: -1.0000
Epoch 16500 | Train Loss: 0.016741 | Val Loss: 0.016684 | Train R²: 0.1764 | Val R²: 0.1610 | NightHrsTrueNEE vs NightHrsModelReco R²: -0.8000 | NightHrsTrueNee vs NightHrsModelNee R²: -0.7900
Epoch 17000 | Train Loss: 0.015748 | Val Loss: 0.015646 | Train R²: 0.2253 | Val R²: 0.2132 | NightHrsTrueNEE vs NightHrsModelReco R²: -0.6500 | NightHrsTrueNee vs NightHrsModelNee R²: -0.6500
Epoch 17500 | Train Loss: 0.015050 | Val Loss: 0.014923 | Train R²: 0.2596 | Val R²: 0.2496 | NightHrsTrueNEE vs NightHrsModelReco R²: -0.5900 | NightHrsTrueNee vs NightHrsModelNee R²: -0.5800
Epoch 18000 | Train Loss: 0.014562 | Val Loss: 0.014420 | Train R²: 0.2837 | Val R²: 0.2748 | NightHrsTrueNEE vs NightHrsModelReco R²: -0.5500 | NightHrsTrueNee vs NightHrsModelNee R²: -0.5500
Epoch 18500 | Train Loss: 0.014185 | Val Loss: 0.014029 | Train R²: 0.3022 | Val R²: 0.2945 | NightHrsTrueNEE vs NightHrsModelReco R²: -0.5200 | NightHrsTrueNee vs NightHrsModelNee R²: -0.5100
Epoch 19000 | Train Loss: 0.013859 | Val Loss: 0.013693 | Train R²: 0.3182 | Val R²: 0.3114 | NightHrsTrueNEE vs NightHrsModelReco R²: -0.4800 | NightHrsTrueNee vs NightHrsModelNee R²: -0.4800
Epoch 19500 | Train Loss: 0.013555 | Val Loss: 0.013385 | Train R²: 0.3332 | Val R²: 0.3269 | NightHrsTrueNEE vs NightHrsModelReco R²: -0.4600 | NightHrsTrueNee vs NightHrsModelNee R²: -0.4500
Epoch 20000 | Train Loss: 0.013234 | Val Loss: 0.013065 | Train R²: 0.3490 | Val R²: 0.3430 | NightHrsTrueNEE vs NightHrsModelReco R²: -0.4400 | NightHrsTrueNee vs NightHrsModelNee R²: -0.4400
Epoch 20500 | Train Loss: 0.012858 | Val Loss: 0.012696 | Train R²: 0.3675 | Val R²: 0.3616 | NightHrsTrueNEE vs NightHrsModelReco R²: -0.4200 | NightHrsTrueNee vs NightHrsModelNee R²: -0.4200
Epoch 21000 | Train Loss: 0.012398 | Val Loss: 0.012247 | Train R²: 0.3901 | Val R²: 0.3841 | NightHrsTrueNEE vs NightHrsModelReco R²: -0.3900 | NightHrsTrueNee vs NightHrsModelNee R²: -0.3900
Epoch 21500 | Train Loss: 0.011826 | Val Loss: 0.011689 | Train R²: 0.4183 | Val R²: 0.4122 | NightHrsTrueNEE vs NightHrsModelReco R²: -0.3500 | NightHrsTrueNee vs NightHrsModelNee R²: -0.3500
Epoch 22000 | Train Loss: 0.011119 | Val Loss: 0.010999 | Train R²: 0.4530 | Val R²: 0.4469 | NightHrsTrueNEE vs NightHrsModelReco R²: -0.3000 | NightHrsTrueNee vs NightHrsModelNee R²: -0.3000
Epoch 22500 | Train Loss: 0.010282 | Val Loss: 0.010175 | Train R²: 0.4942 | Val R²: 0.4883 | NightHrsTrueNEE vs NightHrsModelReco R²: -0.2200 | NightHrsTrueNee vs NightHrsModelNee R²: -0.2200
Epoch 23000 | Train Loss: 0.009352 | Val Loss: 0.009252 | Train R²: 0.5399 | Val R²: 0.5347 | NightHrsTrueNEE vs NightHrsModelReco R²: -0.1200 | NightHrsTrueNee vs NightHrsModelNee R²: -0.1200
Epoch 23500 | Train Loss: 0.008386 | Val Loss: 0.008288 | Train R²: 0.5875 | Val R²: 0.5832 | NightHrsTrueNEE vs NightHrsModelReco R²: -0.0200 | NightHrsTrueNee vs NightHrsModelNee R²: -0.0200
Epoch 24000 | Train Loss: 0.007454 | Val Loss: 0.007345 | Train R²: 0.6333 | Val R²: 0.6307 | NightHrsTrueNEE vs NightHrsModelReco R²: 0.1000 | NightHrsTrueNee vs NightHrsModelNee R²: 0.1000
Epoch 24500 | Train Loss: 0.006603 | Val Loss: 0.006480 | Train R²: 0.6752 | Val R²: 0.6741 | NightHrsTrueNEE vs NightHrsModelReco R²: 0.2200 | NightHrsTrueNee vs NightHrsModelNee R²: 0.2200
Epoch 25000 | Train Loss: 0.005777 | Val Loss: 0.005681 | Train R²: 0.7158 | Val R²: 0.7143 | NightHrsTrueNEE vs NightHrsModelReco R²: 0.3200 | NightHrsTrueNee vs NightHrsModelNee R²: 0.3200
Epoch 25500 | Train Loss: 0.004861 | Val Loss: 0.004791 | Train R²: 0.7609 | Val R²: 0.7591 | NightHrsTrueNEE vs NightHrsModelReco R²: 0.4100 | NightHrsTrueNee vs NightHrsModelNee R²: 0.4100
Epoch 26000 | Train Loss: 0.004406 | Val Loss: 0.004324 | Train R²: 0.7833 | Val R²: 0.7825 | NightHrsTrueNEE vs NightHrsModelReco R²: 0.4600 | NightHrsTrueNee vs NightHrsModelNee R²: 0.4600
Epoch 26500 | Train Loss: 0.004247 | Val Loss: 0.004157 | Train R²: 0.7911 | Val R²: 0.7910 | NightHrsTrueNEE vs NightHrsModelReco R²: 0.4800 | NightHrsTrueNee vs NightHrsModelNee R²: 0.4800
Epoch 27000 | Train Loss: 0.004199 | Val Loss: 0.004105 | Train R²: 0.7934 | Val R²: 0.7936 | NightHrsTrueNEE vs NightHrsModelReco R²: 0.4800 | NightHrsTrueNee vs NightHrsModelNee R²: 0.4800
Epoch 27500 | Train Loss: 0.004177 | Val Loss: 0.004079 | Train R²: 0.7945 | Val R²: 0.7949 | NightHrsTrueNEE vs NightHrsModelReco R²: 0.4900 | NightHrsTrueNee vs NightHrsModelNee R²: 0.4900
Epoch 28000 | Train Loss: 0.004158 | Val Loss: 0.004057 | Train R²: 0.7955 | Val R²: 0.7960 | NightHrsTrueNEE vs NightHrsModelReco R²: 0.4900 | NightHrsTrueNee vs NightHrsModelNee R²: 0.4900
Epoch 28500 | Train Loss: 0.004137 | Val Loss: 0.004032 | Train R²: 0.7965 | Val R²: 0.7973 | NightHrsTrueNEE vs NightHrsModelReco R²: 0.4900 | NightHrsTrueNee vs NightHrsModelNee R²: 0.4900
Epoch 29000 | Train Loss: 0.004113 | Val Loss: 0.004003 | Train R²: 0.7977 | Val R²: 0.7987 | NightHrsTrueNEE vs NightHrsModelReco R²: 0.5000 | NightHrsTrueNee vs NightHrsModelNee R²: 0.5000
Epoch 29500 | Train Loss: 0.004084 | Val Loss: 0.003968 | Train R²: 0.7991 | Val R²: 0.8004 | NightHrsTrueNEE vs NightHrsModelReco R²: 0.5000 | NightHrsTrueNee vs NightHrsModelNee R²: 0.5000
Epoch 30000 | Train Loss: 0.004045 | Val Loss: 0.003924 | Train R²: 0.8010 | Val R²: 0.8027 | NightHrsTrueNEE vs NightHrsModelReco R²: 0.5100 | NightHrsTrueNee vs NightHrsModelNee R²: 0.5100
Epoch 30500 | Train Loss: 0.003999 | Val Loss: 0.003871 | Train R²: 0.8033 | Val R²: 0.8053 | NightHrsTrueNEE vs NightHrsModelReco R²: 0.5200 | NightHrsTrueNee vs NightHrsModelNee R²: 0.5200
Epoch 31000 | Train Loss: 0.003949 | Val Loss: 0.003814 | Train R²: 0.8057 | Val R²: 0.8082 | NightHrsTrueNEE vs NightHrsModelReco R²: 0.5300 | NightHrsTrueNee vs NightHrsModelNee R²: 0.5300
Epoch 31500 | Train Loss: 0.003898 | Val Loss: 0.003756 | Train R²: 0.8082 | Val R²: 0.8111 | NightHrsTrueNEE vs NightHrsModelReco R²: 0.5300 | NightHrsTrueNee vs NightHrsModelNee R²: 0.5300
Epoch 32000 | Train Loss: 0.003851 | Val Loss: 0.003703 | Train R²: 0.8105 | Val R²: 0.8138 | NightHrsTrueNEE vs NightHrsModelReco R²: 0.5400 | NightHrsTrueNee vs NightHrsModelNee R²: 0.5400
Epoch 32500 | Train Loss: 0.003815 | Val Loss: 0.003662 | Train R²: 0.8123 | Val R²: 0.8158 | NightHrsTrueNEE vs NightHrsModelReco R²: 0.5500 | NightHrsTrueNee vs NightHrsModelNee R²: 0.5500
Epoch 33000 | Train Loss: 0.003792 | Val Loss: 0.003636 | Train R²: 0.8135 | Val R²: 0.8172 | NightHrsTrueNEE vs NightHrsModelReco R²: 0.5500 | NightHrsTrueNee vs NightHrsModelNee R²: 0.5500
Early stopping at epoch 33099 due to flat/negative trend (slope=0.000002)
Epoch 33099 | Train Loss: 0.003788 | Val Loss: 0.003632 | Train R²: 0.8137 | Val R²: 0.8174
Unpickling models
Following models have been loaded and moved to cuda:
trained gpp model:
 SNN_GPP_Tram(
  (net): Sequential(
    (0): Linear(in_features=2, out_features=12, bias=True)
    (1): Tanh()
    (2): Linear(in_features=12, out_features=1, bias=True)
    (3): Sigmoid()
  )
), trained_reco_model:
 SNN_GPP_Tram(
  (net): Sequential(
    (0): Linear(in_features=3, out_features=12, bias=True)
    (1): Tanh()
    (2): Linear(in_features=12, out_features=1, bias=True)
    (3): Sigmoid()
  )
)
using full data set for visualization
Un-normalizing the GPP and RECO predictions using NEE min: tensor([-50.4310]), NEE max: tensor([42.8991])



Metrics for the Tramontana, with
GPP inputs: ['SW_IN', 'TA']
RECO inputs: ['DOY_sin', 'DOY_cos', 'TA']:
dt_gpp vs Tramontana_GPP R²=0.84 RMSE=3.22
nt_gpp vs Tramontana_GPP R²=0.79 RMSE=3.85
dt_reco vs Tramontana_RECO R²=0.43 RMSE=2.61
nt_reco vs Tramontana_RECO R²=0.43 RMSE=2.50
night_hours_true_nee vs Tramontana_night_hours_model_reco R²=0.55 RMSE=2.40
night_hours_true_nee vs Tramontana_night_hours_model_nee R²=0.55 RMSE=2.40
dt_gpp vs nt_gpp R²=0.90 RMSE=2.59
dt_reco vs nt_reco R²=0.77 RMSE=2.00

gpp_input_names,  ['SW_IN', 'TA', 'VPD'] 
reco_input_names,  ['DOY_sin', 'DOY_cos', 'TA'] 
true_nee_name,  ['NEE'] 

Tramontana Running on GPU With hidden layer size of 12 Total epochs: 100000 lr: 0.001 patience: 500 min_delta 0.01
SNN_GPP_Tram(
  (net): Sequential(
    (0): Linear(in_features=3, out_features=12, bias=True)
    (1): Tanh()
    (2): Linear(in_features=12, out_features=1, bias=True)
    (3): Sigmoid()
  )
)
SNN_RECO_Tram(
  (net): Sequential(
    (0): Linear(in_features=3, out_features=12, bias=True)
    (1): Tanh()
    (2): Linear(in_features=12, out_features=1, bias=True)
    (3): Sigmoid()
  )
)
Params are min slope: 2e-06, trend window: 100
Epoch     0 | Train Loss: 25845.492188 | Val Loss: 24794.994141 | Train R²: -1271428.2500 | Val R²: -1246853.7500 | NightHrsTrueNEE vs NightHrsModelReco R²: -34.8900 | NightHrsTrueNee vs NightHrsModelNee R²: -94.8900
Epoch   500 | Train Loss: 391.310669 | Val Loss: 384.585754 | Train R²: -19248.9258 | Val R²: -19338.4922 | NightHrsTrueNEE vs NightHrsModelReco R²: -125.7800 | NightHrsTrueNee vs NightHrsModelNee R²: -119.5600
Epoch  1000 | Train Loss: 100.019836 | Val Loss: 99.098511 | Train R²: -4919.3223 | Val R²: -4982.3223 | NightHrsTrueNEE vs NightHrsModelReco R²: -146.2600 | NightHrsTrueNee vs NightHrsModelNee R²: -140.8500
Epoch  1500 | Train Loss: 43.605240 | Val Loss: 43.385368 | Train R²: -2144.0928 | Val R²: -2180.7004 | NightHrsTrueNEE vs NightHrsModelReco R²: -153.6700 | NightHrsTrueNee vs NightHrsModelNee R²: -149.2000
Epoch  2000 | Train Loss: 23.434845 | Val Loss: 23.383848 | Train R²: -1151.8413 | Val R²: -1174.8929 | NightHrsTrueNEE vs NightHrsModelReco R²: -157.3200 | NightHrsTrueNee vs NightHrsModelNee R²: -153.5500
Epoch  2500 | Train Loss: 14.069616 | Val Loss: 14.070572 | Train R²: -691.1332 | Val R²: -706.5605 | NightHrsTrueNEE vs NightHrsModelReco R²: -159.4200 | NightHrsTrueNee vs NightHrsModelNee R²: -156.1800
Epoch  3000 | Train Loss: 9.046621 | Val Loss: 9.064336 | Train R²: -444.0346 | Val R²: -454.8142 | NightHrsTrueNEE vs NightHrsModelReco R²: -160.6900 | NightHrsTrueNee vs NightHrsModelNee R²: -157.8600
Epoch  3500 | Train Loss: 6.100063 | Val Loss: 6.122107 | Train R²: -299.0832 | Val R²: -306.8596 | NightHrsTrueNEE vs NightHrsModelReco R²: -161.4200 | NightHrsTrueNee vs NightHrsModelNee R²: -158.9200
Epoch  4000 | Train Loss: 4.266025 | Val Loss: 4.287720 | Train R²: -208.8605 | Val R²: -214.6146 | NightHrsTrueNEE vs NightHrsModelReco R²: -161.6500 | NightHrsTrueNee vs NightHrsModelNee R²: -159.4400
Epoch  4500 | Train Loss: 3.076804 | Val Loss: 3.096485 | Train R²: -150.3587 | Val R²: -154.7115 | NightHrsTrueNEE vs NightHrsModelReco R²: -161.1900 | NightHrsTrueNee vs NightHrsModelNee R²: -159.2100
Epoch  5000 | Train Loss: 2.281039 | Val Loss: 2.298414 | Train R²: -111.2122 | Val R²: -114.5793 | NightHrsTrueNEE vs NightHrsModelReco R²: -158.7500 | NightHrsTrueNee vs NightHrsModelNee R²: -156.9800
Epoch  5500 | Train Loss: 1.718870 | Val Loss: 1.735148 | Train R²: -83.5572 | Val R²: -86.2546 | NightHrsTrueNEE vs NightHrsModelReco R²: -144.2100 | NightHrsTrueNee vs NightHrsModelNee R²: -142.6600
Epoch  6000 | Train Loss: 1.311409 | Val Loss: 1.326382 | Train R²: -63.5127 | Val R²: -65.6992 | NightHrsTrueNEE vs NightHrsModelReco R²: -124.8000 | NightHrsTrueNee vs NightHrsModelNee R²: -123.4700
Epoch  6500 | Train Loss: 1.024802 | Val Loss: 1.036712 | Train R²: -49.4136 | Val R²: -51.1327 | NightHrsTrueNEE vs NightHrsModelReco R²: -118.2400 | NightHrsTrueNee vs NightHrsModelNee R²: -117.0600
Epoch  7000 | Train Loss: 0.815451 | Val Loss: 0.824542 | Train R²: -39.1149 | Val R²: -40.4634 | NightHrsTrueNEE vs NightHrsModelReco R²: -112.4600 | NightHrsTrueNee vs NightHrsModelNee R²: -111.4000
Epoch  7500 | Train Loss: 0.653303 | Val Loss: 0.659948 | Train R²: -31.1383 | Val R²: -32.1865 | NightHrsTrueNEE vs NightHrsModelReco R²: -104.7000 | NightHrsTrueNee vs NightHrsModelNee R²: -103.7800
Epoch  8000 | Train Loss: 0.518421 | Val Loss: 0.523469 | Train R²: -24.5029 | Val R²: -25.3235 | NightHrsTrueNEE vs NightHrsModelReco R²: -91.3600 | NightHrsTrueNee vs NightHrsModelNee R²: -90.5900
Epoch  8500 | Train Loss: 0.398279 | Val Loss: 0.402799 | Train R²: -18.5927 | Val R²: -19.2554 | NightHrsTrueNEE vs NightHrsModelReco R²: -67.2700 | NightHrsTrueNee vs NightHrsModelNee R²: -66.6700
Epoch  9000 | Train Loss: 0.294162 | Val Loss: 0.298533 | Train R²: -13.4709 | Val R²: -14.0122 | NightHrsTrueNEE vs NightHrsModelReco R²: -34.4800 | NightHrsTrueNee vs NightHrsModelNee R²: -34.1000
Epoch  9500 | Train Loss: 0.223321 | Val Loss: 0.226958 | Train R²: -9.9859 | Val R²: -10.4129 | NightHrsTrueNEE vs NightHrsModelReco R²: -24.2200 | NightHrsTrueNee vs NightHrsModelNee R²: -23.9300
Epoch 10000 | Train Loss: 0.170603 | Val Loss: 0.173468 | Train R²: -7.3926 | Val R²: -7.7231 | NightHrsTrueNEE vs NightHrsModelReco R²: -17.9600 | NightHrsTrueNee vs NightHrsModelNee R²: -17.7400
Epoch 10500 | Train Loss: 0.131238 | Val Loss: 0.133472 | Train R²: -5.4560 | Val R²: -5.7118 | NightHrsTrueNEE vs NightHrsModelReco R²: -13.4300 | NightHrsTrueNee vs NightHrsModelNee R²: -13.2600
Epoch 11000 | Train Loss: 0.101792 | Val Loss: 0.103521 | Train R²: -4.0075 | Val R²: -4.2057 | NightHrsTrueNEE vs NightHrsModelReco R²: -10.1100 | NightHrsTrueNee vs NightHrsModelNee R²: -9.9900
Epoch 11500 | Train Loss: 0.079744 | Val Loss: 0.081071 | Train R²: -2.9229 | Val R²: -3.0768 | NightHrsTrueNEE vs NightHrsModelReco R²: -7.6700 | NightHrsTrueNee vs NightHrsModelNee R²: -7.5700
Epoch 12000 | Train Loss: 0.063229 | Val Loss: 0.064237 | Train R²: -2.1104 | Val R²: -2.2302 | NightHrsTrueNEE vs NightHrsModelReco R²: -5.8700 | NightHrsTrueNee vs NightHrsModelNee R²: -5.7900
Epoch 12500 | Train Loss: 0.050863 | Val Loss: 0.051617 | Train R²: -1.5021 | Val R²: -1.5956 | NightHrsTrueNEE vs NightHrsModelReco R²: -4.5400 | NightHrsTrueNee vs NightHrsModelNee R²: -4.4800
Epoch 13000 | Train Loss: 0.041612 | Val Loss: 0.042163 | Train R²: -1.0470 | Val R²: -1.1202 | NightHrsTrueNEE vs NightHrsModelReco R²: -3.5700 | NightHrsTrueNee vs NightHrsModelNee R²: -3.5200
Epoch 13500 | Train Loss: 0.034705 | Val Loss: 0.035094 | Train R²: -0.7072 | Val R²: -0.7647 | NightHrsTrueNEE vs NightHrsModelReco R²: -2.8400 | NightHrsTrueNee vs NightHrsModelNee R²: -2.8100
Epoch 14000 | Train Loss: 0.029564 | Val Loss: 0.029823 | Train R²: -0.4543 | Val R²: -0.4997 | NightHrsTrueNEE vs NightHrsModelReco R²: -2.3100 | NightHrsTrueNee vs NightHrsModelNee R²: -2.2800
Epoch 14500 | Train Loss: 0.025747 | Val Loss: 0.025904 | Train R²: -0.2666 | Val R²: -0.3026 | NightHrsTrueNEE vs NightHrsModelReco R²: -1.9000 | NightHrsTrueNee vs NightHrsModelNee R²: -1.8800
Epoch 15000 | Train Loss: 0.022917 | Val Loss: 0.022992 | Train R²: -0.1274 | Val R²: -0.1562 | NightHrsTrueNEE vs NightHrsModelReco R²: -1.5900 | NightHrsTrueNee vs NightHrsModelNee R²: -1.5700
Epoch 15500 | Train Loss: 0.020817 | Val Loss: 0.020827 | Train R²: -0.0240 | Val R²: -0.0473 | NightHrsTrueNEE vs NightHrsModelReco R²: -1.3400 | NightHrsTrueNee vs NightHrsModelNee R²: -1.3300
Epoch 16000 | Train Loss: 0.019240 | Val Loss: 0.019197 | Train R²: 0.0535 | Val R²: 0.0347 | NightHrsTrueNEE vs NightHrsModelReco R²: -1.1200 | NightHrsTrueNee vs NightHrsModelNee R²: -1.1100
Epoch 16500 | Train Loss: 0.018018 | Val Loss: 0.017928 | Train R²: 0.1137 | Val R²: 0.0985 | NightHrsTrueNEE vs NightHrsModelReco R²: -0.9200 | NightHrsTrueNee vs NightHrsModelNee R²: -0.9100
Epoch 17000 | Train Loss: 0.017024 | Val Loss: 0.016894 | Train R²: 0.1625 | Val R²: 0.1505 | NightHrsTrueNEE vs NightHrsModelReco R²: -0.7400 | NightHrsTrueNee vs NightHrsModelNee R²: -0.7300
Epoch 17500 | Train Loss: 0.016214 | Val Loss: 0.016051 | Train R²: 0.2024 | Val R²: 0.1928 | NightHrsTrueNEE vs NightHrsModelReco R²: -0.6200 | NightHrsTrueNee vs NightHrsModelNee R²: -0.6200
Epoch 18000 | Train Loss: 0.015589 | Val Loss: 0.015403 | Train R²: 0.2331 | Val R²: 0.2255 | NightHrsTrueNEE vs NightHrsModelReco R²: -0.5600 | NightHrsTrueNee vs NightHrsModelNee R²: -0.5600
Epoch 18500 | Train Loss: 0.015122 | Val Loss: 0.014921 | Train R²: 0.2561 | Val R²: 0.2497 | NightHrsTrueNEE vs NightHrsModelReco R²: -0.5300 | NightHrsTrueNee vs NightHrsModelNee R²: -0.5300
Epoch 19000 | Train Loss: 0.014749 | Val Loss: 0.014539 | Train R²: 0.2744 | Val R²: 0.2689 | NightHrsTrueNEE vs NightHrsModelReco R²: -0.5100 | NightHrsTrueNee vs NightHrsModelNee R²: -0.5100
Epoch 19500 | Train Loss: 0.014397 | Val Loss: 0.014183 | Train R²: 0.2918 | Val R²: 0.2868 | NightHrsTrueNEE vs NightHrsModelReco R²: -0.4900 | NightHrsTrueNee vs NightHrsModelNee R²: -0.4900
Epoch 20000 | Train Loss: 0.014011 | Val Loss: 0.013800 | Train R²: 0.3107 | Val R²: 0.3061 | NightHrsTrueNEE vs NightHrsModelReco R²: -0.4700 | NightHrsTrueNee vs NightHrsModelNee R²: -0.4700
Epoch 20500 | Train Loss: 0.013541 | Val Loss: 0.013341 | Train R²: 0.3339 | Val R²: 0.3291 | NightHrsTrueNEE vs NightHrsModelReco R²: -0.4400 | NightHrsTrueNee vs NightHrsModelNee R²: -0.4400
Epoch 21000 | Train Loss: 0.012932 | Val Loss: 0.012754 | Train R²: 0.3638 | Val R²: 0.3586 | NightHrsTrueNEE vs NightHrsModelReco R²: -0.4100 | NightHrsTrueNee vs NightHrsModelNee R²: -0.4100
Epoch 21500 | Train Loss: 0.012129 | Val Loss: 0.011983 | Train R²: 0.4034 | Val R²: 0.3974 | NightHrsTrueNEE vs NightHrsModelReco R²: -0.3700 | NightHrsTrueNee vs NightHrsModelNee R²: -0.3700
Epoch 22000 | Train Loss: 0.011075 | Val Loss: 0.010963 | Train R²: 0.4552 | Val R²: 0.4487 | NightHrsTrueNEE vs NightHrsModelReco R²: -0.3100 | NightHrsTrueNee vs NightHrsModelNee R²: -0.3100
Epoch 22500 | Train Loss: 0.009803 | Val Loss: 0.009716 | Train R²: 0.5178 | Val R²: 0.5114 | NightHrsTrueNEE vs NightHrsModelReco R²: -0.2100 | NightHrsTrueNee vs NightHrsModelNee R²: -0.2100
Epoch 23000 | Train Loss: 0.008522 | Val Loss: 0.008442 | Train R²: 0.5808 | Val R²: 0.5755 | NightHrsTrueNEE vs NightHrsModelReco R²: -0.0800 | NightHrsTrueNee vs NightHrsModelNee R²: -0.0800
Epoch 23500 | Train Loss: 0.007462 | Val Loss: 0.007374 | Train R²: 0.6329 | Val R²: 0.6292 | NightHrsTrueNEE vs NightHrsModelReco R²: 0.0600 | NightHrsTrueNee vs NightHrsModelNee R²: 0.0600
Epoch 24000 | Train Loss: 0.006682 | Val Loss: 0.006584 | Train R²: 0.6713 | Val R²: 0.6689 | NightHrsTrueNEE vs NightHrsModelReco R²: 0.1800 | NightHrsTrueNee vs NightHrsModelNee R²: 0.1800
Epoch 24500 | Train Loss: 0.006069 | Val Loss: 0.005970 | Train R²: 0.7015 | Val R²: 0.6998 | NightHrsTrueNEE vs NightHrsModelReco R²: 0.2600 | NightHrsTrueNee vs NightHrsModelNee R²: 0.2600
Epoch 25000 | Train Loss: 0.005475 | Val Loss: 0.005393 | Train R²: 0.7307 | Val R²: 0.7288 | NightHrsTrueNEE vs NightHrsModelReco R²: 0.3300 | NightHrsTrueNee vs NightHrsModelNee R²: 0.3300
Epoch 25500 | Train Loss: 0.004863 | Val Loss: 0.004783 | Train R²: 0.7608 | Val R²: 0.7595 | NightHrsTrueNEE vs NightHrsModelReco R²: 0.3900 | NightHrsTrueNee vs NightHrsModelNee R²: 0.3900
Epoch 26000 | Train Loss: 0.004330 | Val Loss: 0.004239 | Train R²: 0.7870 | Val R²: 0.7868 | NightHrsTrueNEE vs NightHrsModelReco R²: 0.4400 | NightHrsTrueNee vs NightHrsModelNee R²: 0.4400
Epoch 26500 | Train Loss: 0.003934 | Val Loss: 0.003834 | Train R²: 0.8065 | Val R²: 0.8072 | NightHrsTrueNEE vs NightHrsModelReco R²: 0.4900 | NightHrsTrueNee vs NightHrsModelNee R²: 0.4900
Epoch 27000 | Train Loss: 0.003704 | Val Loss: 0.003599 | Train R²: 0.8178 | Val R²: 0.8190 | NightHrsTrueNEE vs NightHrsModelReco R²: 0.5200 | NightHrsTrueNee vs NightHrsModelNee R²: 0.5200
Epoch 27500 | Train Loss: 0.003601 | Val Loss: 0.003493 | Train R²: 0.8229 | Val R²: 0.8243 | NightHrsTrueNEE vs NightHrsModelReco R²: 0.5400 | NightHrsTrueNee vs NightHrsModelNee R²: 0.5400
Epoch 28000 | Train Loss: 0.003550 | Val Loss: 0.003440 | Train R²: 0.8254 | Val R²: 0.8270 | NightHrsTrueNEE vs NightHrsModelReco R²: 0.5600 | NightHrsTrueNee vs NightHrsModelNee R²: 0.5600
Epoch 28500 | Train Loss: 0.003514 | Val Loss: 0.003400 | Train R²: 0.8272 | Val R²: 0.8290 | NightHrsTrueNEE vs NightHrsModelReco R²: 0.5600 | NightHrsTrueNee vs NightHrsModelNee R²: 0.5600
Epoch 29000 | Train Loss: 0.003482 | Val Loss: 0.003365 | Train R²: 0.8287 | Val R²: 0.8308 | NightHrsTrueNEE vs NightHrsModelReco R²: 0.5700 | NightHrsTrueNee vs NightHrsModelNee R²: 0.5700
Epoch 29500 | Train Loss: 0.003453 | Val Loss: 0.003334 | Train R²: 0.8301 | Val R²: 0.8324 | NightHrsTrueNEE vs NightHrsModelReco R²: 0.5700 | NightHrsTrueNee vs NightHrsModelNee R²: 0.5700
Epoch 30000 | Train Loss: 0.003429 | Val Loss: 0.003307 | Train R²: 0.8313 | Val R²: 0.8337 | NightHrsTrueNEE vs NightHrsModelReco R²: 0.5700 | NightHrsTrueNee vs NightHrsModelNee R²: 0.5700
Early stopping at epoch 30407 due to flat/negative trend (slope=0.000002)
Epoch 30407 | Train Loss: 0.003412 | Val Loss: 0.003289 | Train R²: 0.8321 | Val R²: 0.8346
Unpickling models
Following models have been loaded and moved to cuda:
trained gpp model:
 SNN_GPP_Tram(
  (net): Sequential(
    (0): Linear(in_features=3, out_features=12, bias=True)
    (1): Tanh()
    (2): Linear(in_features=12, out_features=1, bias=True)
    (3): Sigmoid()
  )
), trained_reco_model:
 SNN_GPP_Tram(
  (net): Sequential(
    (0): Linear(in_features=3, out_features=12, bias=True)
    (1): Tanh()
    (2): Linear(in_features=12, out_features=1, bias=True)
    (3): Sigmoid()
  )
)
using full data set for visualization
Un-normalizing the GPP and RECO predictions using NEE min: tensor([-50.4310]), NEE max: tensor([42.8991])



Metrics for the Tramontana, with
GPP inputs: ['SW_IN', 'TA', 'VPD']
RECO inputs: ['DOY_sin', 'DOY_cos', 'TA']:
dt_gpp vs Tramontana_GPP R²=0.90 RMSE=2.62
nt_gpp vs Tramontana_GPP R²=0.83 RMSE=3.43
dt_reco vs Tramontana_RECO R²=0.60 RMSE=2.19
nt_reco vs Tramontana_RECO R²=0.64 RMSE=2.01
night_hours_true_nee vs Tramontana_night_hours_model_reco R²=0.57 RMSE=2.33
night_hours_true_nee vs Tramontana_night_hours_model_nee R²=0.57 RMSE=2.33
dt_gpp vs nt_gpp R²=0.90 RMSE=2.59
dt_reco vs nt_reco R²=0.77 RMSE=2.00

gpp_input_names,  ['SW_IN', 'TA', 'VPD', 'WS'] 
reco_input_names,  ['DOY_sin', 'DOY_cos', 'TA', 'WS'] 
true_nee_name,  ['NEE'] 

Tramontana Running on GPU With hidden layer size of 12 Total epochs: 100000 lr: 0.001 patience: 500 min_delta 0.01
SNN_GPP_Tram(
  (net): Sequential(
    (0): Linear(in_features=4, out_features=12, bias=True)
    (1): Tanh()
    (2): Linear(in_features=12, out_features=1, bias=True)
    (3): Sigmoid()
  )
)
SNN_RECO_Tram(
  (net): Sequential(
    (0): Linear(in_features=4, out_features=12, bias=True)
    (1): Tanh()
    (2): Linear(in_features=12, out_features=1, bias=True)
    (3): Sigmoid()
  )
)
Params are min slope: 2e-06, trend window: 100
Epoch     0 | Train Loss: 26615.628906 | Val Loss: 25462.095703 | Train R²: -1309314.0000 | Val R²: -1280400.0000 | NightHrsTrueNEE vs NightHrsModelReco R²: -29.5000 | NightHrsTrueNee vs NightHrsModelNee R²: -102.5000
Epoch   500 | Train Loss: 318.064972 | Val Loss: 313.566101 | Train R²: -15645.7168 | Val R²: -15767.1572 | NightHrsTrueNEE vs NightHrsModelReco R²: -117.2300 | NightHrsTrueNee vs NightHrsModelNee R²: -110.9000
Epoch  1000 | Train Loss: 82.926346 | Val Loss: 82.395859 | Train R²: -4078.4343 | Val R²: -4142.4028 | NightHrsTrueNEE vs NightHrsModelReco R²: -144.2400 | NightHrsTrueNee vs NightHrsModelNee R²: -138.0200
Epoch  1500 | Train Loss: 36.290169 | Val Loss: 36.211609 | Train R²: -1784.2391 | Val R²: -1819.9572 | NightHrsTrueNEE vs NightHrsModelReco R²: -153.3800 | NightHrsTrueNee vs NightHrsModelNee R²: -148.0900
Epoch  2000 | Train Loss: 19.489933 | Val Loss: 19.508287 | Train R²: -957.7773 | Val R²: -980.0045 | NightHrsTrueNEE vs NightHrsModelReco R²: -157.5500 | NightHrsTrueNee vs NightHrsModelNee R²: -153.0400
Epoch  2500 | Train Loss: 11.672572 | Val Loss: 11.713865 | Train R²: -573.2142 | Val R²: -588.0499 | NightHrsTrueNEE vs NightHrsModelReco R²: -159.8400 | NightHrsTrueNee vs NightHrsModelNee R²: -155.9300
Epoch  3000 | Train Loss: 7.482416 | Val Loss: 7.526254 | Train R²: -367.0859 | Val R²: -377.4694 | NightHrsTrueNEE vs NightHrsModelReco R²: -161.2100 | NightHrsTrueNee vs NightHrsModelNee R²: -157.7700
Epoch  3500 | Train Loss: 5.030647 | Val Loss: 5.070894 | Train R²: -246.4750 | Val R²: -253.9978 | NightHrsTrueNEE vs NightHrsModelReco R²: -162.0100 | NightHrsTrueNee vs NightHrsModelNee R²: -158.9700
Epoch  4000 | Train Loss: 3.510878 | Val Loss: 3.545952 | Train R²: -171.7122 | Val R²: -177.3137 | NightHrsTrueNEE vs NightHrsModelReco R²: -162.3500 | NightHrsTrueNee vs NightHrsModelNee R²: -159.6300
Epoch  4500 | Train Loss: 2.531078 | Val Loss: 2.561003 | Train R²: -123.5125 | Val R²: -127.7840 | NightHrsTrueNEE vs NightHrsModelReco R²: -162.0300 | NightHrsTrueNee vs NightHrsModelNee R²: -159.6000
Epoch  5000 | Train Loss: 1.880402 | Val Loss: 1.905962 | Train R²: -91.5035 | Val R²: -94.8442 | NightHrsTrueNEE vs NightHrsModelReco R²: -159.8100 | NightHrsTrueNee vs NightHrsModelNee R²: -157.6200
Epoch  5500 | Train Loss: 1.425682 | Val Loss: 1.449344 | Train R²: -69.1342 | Val R²: -71.8825 | NightHrsTrueNEE vs NightHrsModelReco R²: -145.4300 | NightHrsTrueNee vs NightHrsModelNee R²: -143.5100
Epoch  6000 | Train Loss: 1.102577 | Val Loss: 1.123940 | Train R²: -53.2396 | Val R²: -55.5191 | NightHrsTrueNEE vs NightHrsModelReco R²: -129.6400 | NightHrsTrueNee vs NightHrsModelNee R²: -127.9800
Epoch  6500 | Train Loss: 0.875819 | Val Loss: 0.893195 | Train R²: -42.0846 | Val R²: -43.9157 | NightHrsTrueNEE vs NightHrsModelReco R²: -123.1800 | NightHrsTrueNee vs NightHrsModelNee R²: -121.7100
Epoch  7000 | Train Loss: 0.711070 | Val Loss: 0.724925 | Train R²: -33.9800 | Val R²: -35.4540 | NightHrsTrueNEE vs NightHrsModelReco R²: -117.1700 | NightHrsTrueNee vs NightHrsModelNee R²: -115.8500
Epoch  7500 | Train Loss: 0.584832 | Val Loss: 0.595578 | Train R²: -27.7699 | Val R²: -28.9496 | NightHrsTrueNEE vs NightHrsModelReco R²: -110.3500 | NightHrsTrueNee vs NightHrsModelNee R²: -109.1800
Epoch  8000 | Train Loss: 0.469756 | Val Loss: 0.477444 | Train R²: -22.1089 | Val R²: -23.0090 | NightHrsTrueNEE vs NightHrsModelReco R²: -96.7300 | NightHrsTrueNee vs NightHrsModelNee R²: -95.7600
Epoch  8500 | Train Loss: 0.348772 | Val Loss: 0.354503 | Train R²: -16.1573 | Val R²: -16.8267 | NightHrsTrueNEE vs NightHrsModelReco R²: -62.0000 | NightHrsTrueNee vs NightHrsModelNee R²: -61.3100
Epoch  9000 | Train Loss: 0.254870 | Val Loss: 0.260611 | Train R²: -11.5380 | Val R²: -12.1052 | NightHrsTrueNEE vs NightHrsModelReco R²: -31.9200 | NightHrsTrueNee vs NightHrsModelNee R²: -31.4800
Epoch  9500 | Train Loss: 0.191656 | Val Loss: 0.196365 | Train R²: -8.4282 | Val R²: -8.8745 | NightHrsTrueNEE vs NightHrsModelReco R²: -22.4100 | NightHrsTrueNee vs NightHrsModelNee R²: -22.0900
Epoch 10000 | Train Loss: 0.145534 | Val Loss: 0.149322 | Train R²: -6.1593 | Val R²: -6.5089 | NightHrsTrueNEE vs NightHrsModelReco R²: -16.4300 | NightHrsTrueNee vs NightHrsModelNee R²: -16.1900
Epoch 10500 | Train Loss: 0.111849 | Val Loss: 0.114890 | Train R²: -4.5023 | Val R²: -4.7774 | NightHrsTrueNEE vs NightHrsModelReco R²: -12.2400 | NightHrsTrueNee vs NightHrsModelNee R²: -12.0600
Epoch 11000 | Train Loss: 0.087138 | Val Loss: 0.089571 | Train R²: -3.2866 | Val R²: -3.5042 | NightHrsTrueNEE vs NightHrsModelReco R²: -9.2400 | NightHrsTrueNee vs NightHrsModelNee R²: -9.1100
Epoch 11500 | Train Loss: 0.068877 | Val Loss: 0.070817 | Train R²: -2.3883 | Val R²: -2.5612 | NightHrsTrueNEE vs NightHrsModelReco R²: -7.0700 | NightHrsTrueNee vs NightHrsModelNee R²: -6.9700
Epoch 12000 | Train Loss: 0.055272 | Val Loss: 0.056811 | Train R²: -1.7190 | Val R²: -1.8568 | NightHrsTrueNEE vs NightHrsModelReco R²: -5.4700 | NightHrsTrueNee vs NightHrsModelNee R²: -5.3900
Epoch 12500 | Train Loss: 0.045065 | Val Loss: 0.046274 | Train R²: -1.2169 | Val R²: -1.3270 | NightHrsTrueNEE vs NightHrsModelReco R²: -4.2800 | NightHrsTrueNee vs NightHrsModelNee R²: -4.2200
Epoch 13000 | Train Loss: 0.037372 | Val Loss: 0.038307 | Train R²: -0.8384 | Val R²: -0.9263 | NightHrsTrueNEE vs NightHrsModelReco R²: -3.3800 | NightHrsTrueNee vs NightHrsModelNee R²: -3.3300
Epoch 13500 | Train Loss: 0.031561 | Val Loss: 0.032266 | Train R²: -0.5526 | Val R²: -0.6226 | NightHrsTrueNEE vs NightHrsModelReco R²: -2.6900 | NightHrsTrueNee vs NightHrsModelNee R²: -2.6600
Epoch 14000 | Train Loss: 0.027169 | Val Loss: 0.027680 | Train R²: -0.3366 | Val R²: -0.3919 | NightHrsTrueNEE vs NightHrsModelReco R²: -2.1700 | NightHrsTrueNee vs NightHrsModelNee R²: -2.1400
Epoch 14500 | Train Loss: 0.023866 | Val Loss: 0.024214 | Train R²: -0.1740 | Val R²: -0.2176 | NightHrsTrueNEE vs NightHrsModelReco R²: -1.7600 | NightHrsTrueNee vs NightHrsModelNee R²: -1.7500
Epoch 15000 | Train Loss: 0.021427 | Val Loss: 0.021646 | Train R²: -0.0541 | Val R²: -0.0885 | NightHrsTrueNEE vs NightHrsModelReco R²: -1.4600 | NightHrsTrueNee vs NightHrsModelNee R²: -1.4400
Epoch 15500 | Train Loss: 0.019644 | Val Loss: 0.019759 | Train R²: 0.0336 | Val R²: 0.0064 | NightHrsTrueNEE vs NightHrsModelReco R²: -1.2200 | NightHrsTrueNee vs NightHrsModelNee R²: -1.2100
Epoch 16000 | Train Loss: 0.018313 | Val Loss: 0.018340 | Train R²: 0.0991 | Val R²: 0.0778 | NightHrsTrueNEE vs NightHrsModelReco R²: -1.0200 | NightHrsTrueNee vs NightHrsModelNee R²: -1.0100
Epoch 16500 | Train Loss: 0.017255 | Val Loss: 0.017208 | Train R²: 0.1511 | Val R²: 0.1347 | NightHrsTrueNEE vs NightHrsModelReco R²: -0.8200 | NightHrsTrueNee vs NightHrsModelNee R²: -0.8200
Epoch 17000 | Train Loss: 0.016292 | Val Loss: 0.016186 | Train R²: 0.1985 | Val R²: 0.1860 | NightHrsTrueNEE vs NightHrsModelReco R²: -0.6000 | NightHrsTrueNee vs NightHrsModelNee R²: -0.6000
Epoch 17500 | Train Loss: 0.015299 | Val Loss: 0.015155 | Train R²: 0.2474 | Val R²: 0.2379 | NightHrsTrueNEE vs NightHrsModelReco R²: -0.3900 | NightHrsTrueNee vs NightHrsModelNee R²: -0.3900
Epoch 18000 | Train Loss: 0.014424 | Val Loss: 0.014265 | Train R²: 0.2904 | Val R²: 0.2827 | NightHrsTrueNEE vs NightHrsModelReco R²: -0.2800 | NightHrsTrueNee vs NightHrsModelNee R²: -0.2800
Epoch 18500 | Train Loss: 0.013812 | Val Loss: 0.013658 | Train R²: 0.3205 | Val R²: 0.3132 | NightHrsTrueNEE vs NightHrsModelReco R²: -0.2500 | NightHrsTrueNee vs NightHrsModelNee R²: -0.2500
Epoch 19000 | Train Loss: 0.013325 | Val Loss: 0.013183 | Train R²: 0.3445 | Val R²: 0.3371 | NightHrsTrueNEE vs NightHrsModelReco R²: -0.2400 | NightHrsTrueNee vs NightHrsModelNee R²: -0.2400
Epoch 19500 | Train Loss: 0.012831 | Val Loss: 0.012698 | Train R²: 0.3688 | Val R²: 0.3615 | NightHrsTrueNEE vs NightHrsModelReco R²: -0.2200 | NightHrsTrueNee vs NightHrsModelNee R²: -0.2100
Epoch 20000 | Train Loss: 0.012249 | Val Loss: 0.012126 | Train R²: 0.3974 | Val R²: 0.3902 | NightHrsTrueNEE vs NightHrsModelReco R²: -0.1700 | NightHrsTrueNee vs NightHrsModelNee R²: -0.1700
Epoch 20500 | Train Loss: 0.011536 | Val Loss: 0.011426 | Train R²: 0.4325 | Val R²: 0.4254 | NightHrsTrueNEE vs NightHrsModelReco R²: -0.1300 | NightHrsTrueNee vs NightHrsModelNee R²: -0.1300
Epoch 21000 | Train Loss: 0.010676 | Val Loss: 0.010582 | Train R²: 0.4748 | Val R²: 0.4679 | NightHrsTrueNEE vs NightHrsModelReco R²: -0.0900 | NightHrsTrueNee vs NightHrsModelNee R²: -0.0800
Epoch 21500 | Train Loss: 0.009702 | Val Loss: 0.009630 | Train R²: 0.5227 | Val R²: 0.5157 | NightHrsTrueNEE vs NightHrsModelReco R²: -0.0400 | NightHrsTrueNee vs NightHrsModelNee R²: -0.0400
Epoch 22000 | Train Loss: 0.008645 | Val Loss: 0.008593 | Train R²: 0.5747 | Val R²: 0.5679 | NightHrsTrueNEE vs NightHrsModelReco R²: 0.0300 | NightHrsTrueNee vs NightHrsModelNee R²: 0.0300
Epoch 22500 | Train Loss: 0.007580 | Val Loss: 0.007534 | Train R²: 0.6271 | Val R²: 0.6211 | NightHrsTrueNEE vs NightHrsModelReco R²: 0.1100 | NightHrsTrueNee vs NightHrsModelNee R²: 0.1100
Epoch 23000 | Train Loss: 0.006634 | Val Loss: 0.006574 | Train R²: 0.6737 | Val R²: 0.6694 | NightHrsTrueNEE vs NightHrsModelReco R²: 0.2100 | NightHrsTrueNee vs NightHrsModelNee R²: 0.2100
Epoch 23500 | Train Loss: 0.005873 | Val Loss: 0.005790 | Train R²: 0.7111 | Val R²: 0.7089 | NightHrsTrueNEE vs NightHrsModelReco R²: 0.3000 | NightHrsTrueNee vs NightHrsModelNee R²: 0.3000
Epoch 24000 | Train Loss: 0.005258 | Val Loss: 0.005173 | Train R²: 0.7414 | Val R²: 0.7399 | NightHrsTrueNEE vs NightHrsModelReco R²: 0.3800 | NightHrsTrueNee vs NightHrsModelNee R²: 0.3800
Epoch 24500 | Train Loss: 0.004686 | Val Loss: 0.004624 | Train R²: 0.7695 | Val R²: 0.7675 | NightHrsTrueNEE vs NightHrsModelReco R²: 0.4300 | NightHrsTrueNee vs NightHrsModelNee R²: 0.4300
Epoch 25000 | Train Loss: 0.004217 | Val Loss: 0.004151 | Train R²: 0.7926 | Val R²: 0.7913 | NightHrsTrueNEE vs NightHrsModelReco R²: 0.4700 | NightHrsTrueNee vs NightHrsModelNee R²: 0.4700
Epoch 25500 | Train Loss: 0.003869 | Val Loss: 0.003792 | Train R²: 0.8096 | Val R²: 0.8093 | NightHrsTrueNEE vs NightHrsModelReco R²: 0.5100 | NightHrsTrueNee vs NightHrsModelNee R²: 0.5100
Epoch 26000 | Train Loss: 0.003633 | Val Loss: 0.003545 | Train R²: 0.8213 | Val R²: 0.8218 | NightHrsTrueNEE vs NightHrsModelReco R²: 0.5400 | NightHrsTrueNee vs NightHrsModelNee R²: 0.5400
Epoch 26500 | Train Loss: 0.003495 | Val Loss: 0.003397 | Train R²: 0.8281 | Val R²: 0.8292 | NightHrsTrueNEE vs NightHrsModelReco R²: 0.5600 | NightHrsTrueNee vs NightHrsModelNee R²: 0.5500
Epoch 27000 | Train Loss: 0.003423 | Val Loss: 0.003318 | Train R²: 0.8316 | Val R²: 0.8331 | NightHrsTrueNEE vs NightHrsModelReco R²: 0.5700 | NightHrsTrueNee vs NightHrsModelNee R²: 0.5700
Epoch 27500 | Train Loss: 0.003386 | Val Loss: 0.003276 | Train R²: 0.8334 | Val R²: 0.8353 | NightHrsTrueNEE vs NightHrsModelReco R²: 0.5800 | NightHrsTrueNee vs NightHrsModelNee R²: 0.5800
Epoch 28000 | Train Loss: 0.003361 | Val Loss: 0.003249 | Train R²: 0.8347 | Val R²: 0.8366 | NightHrsTrueNEE vs NightHrsModelReco R²: 0.5800 | NightHrsTrueNee vs NightHrsModelNee R²: 0.5800
Epoch 28500 | Train Loss: 0.003338 | Val Loss: 0.003225 | Train R²: 0.8358 | Val R²: 0.8378 | NightHrsTrueNEE vs NightHrsModelReco R²: 0.5800 | NightHrsTrueNee vs NightHrsModelNee R²: 0.5800
Epoch 29000 | Train Loss: 0.003314 | Val Loss: 0.003201 | Train R²: 0.8370 | Val R²: 0.8390 | NightHrsTrueNEE vs NightHrsModelReco R²: 0.5900 | NightHrsTrueNee vs NightHrsModelNee R²: 0.5900
Epoch 29500 | Train Loss: 0.003289 | Val Loss: 0.003176 | Train R²: 0.8382 | Val R²: 0.8403 | NightHrsTrueNEE vs NightHrsModelReco R²: 0.5900 | NightHrsTrueNee vs NightHrsModelNee R²: 0.5900
Epoch 30000 | Train Loss: 0.003264 | Val Loss: 0.003151 | Train R²: 0.8395 | Val R²: 0.8415 | NightHrsTrueNEE vs NightHrsModelReco R²: 0.5900 | NightHrsTrueNee vs NightHrsModelNee R²: 0.5900
Epoch 30500 | Train Loss: 0.003239 | Val Loss: 0.003127 | Train R²: 0.8407 | Val R²: 0.8427 | NightHrsTrueNEE vs NightHrsModelReco R²: 0.5900 | NightHrsTrueNee vs NightHrsModelNee R²: 0.5900
Epoch 31000 | Train Loss: 0.003216 | Val Loss: 0.003104 | Train R²: 0.8418 | Val R²: 0.8439 | NightHrsTrueNEE vs NightHrsModelReco R²: 0.5900 | NightHrsTrueNee vs NightHrsModelNee R²: 0.5900
Epoch 31500 | Train Loss: 0.003194 | Val Loss: 0.003082 | Train R²: 0.8429 | Val R²: 0.8450 | NightHrsTrueNEE vs NightHrsModelReco R²: 0.5900 | NightHrsTrueNee vs NightHrsModelNee R²: 0.5900
Early stopping at epoch 31793 due to flat/negative trend (slope=0.000002)
Epoch 31793 | Train Loss: 0.003182 | Val Loss: 0.003070 | Train R²: 0.8435 | Val R²: 0.8456
Unpickling models
Following models have been loaded and moved to cuda:
trained gpp model:
 SNN_GPP_Tram(
  (net): Sequential(
    (0): Linear(in_features=4, out_features=12, bias=True)
    (1): Tanh()
    (2): Linear(in_features=12, out_features=1, bias=True)
    (3): Sigmoid()
  )
), trained_reco_model:
 SNN_GPP_Tram(
  (net): Sequential(
    (0): Linear(in_features=4, out_features=12, bias=True)
    (1): Tanh()
    (2): Linear(in_features=12, out_features=1, bias=True)
    (3): Sigmoid()
  )
)
using full data set for visualization
Un-normalizing the GPP and RECO predictions using NEE min: tensor([-50.4310]), NEE max: tensor([42.8991])



Metrics for the Tramontana, with
GPP inputs: ['SW_IN', 'TA', 'VPD', 'WS']
RECO inputs: ['DOY_sin', 'DOY_cos', 'TA', 'WS']:
dt_gpp vs Tramontana_GPP R²=0.90 RMSE=2.62
nt_gpp vs Tramontana_GPP R²=0.83 RMSE=3.45
dt_reco vs Tramontana_RECO R²=0.57 RMSE=2.27
nt_reco vs Tramontana_RECO R²=0.57 RMSE=2.19
night_hours_true_nee vs Tramontana_night_hours_model_reco R²=0.60 RMSE=2.26
night_hours_true_nee vs Tramontana_night_hours_model_nee R²=0.60 RMSE=2.26
dt_gpp vs nt_gpp R²=0.90 RMSE=2.59
dt_reco vs nt_reco R²=0.77 RMSE=2.00

gpp_input_names,  ['SW_IN', 'TA', 'VPD', 'WS', 'WD_COS', 'WD_SIN'] 
reco_input_names,  ['DOY_sin', 'DOY_cos', 'TA', 'WS', 'WD_COS', 'WD_SIN'] 
true_nee_name,  ['NEE'] 

Tramontana Running on GPU With hidden layer size of 12 Total epochs: 100000 lr: 0.001 patience: 500 min_delta 0.01
SNN_GPP_Tram(
  (net): Sequential(
    (0): Linear(in_features=6, out_features=12, bias=True)
    (1): Tanh()
    (2): Linear(in_features=12, out_features=1, bias=True)
    (3): Sigmoid()
  )
)
SNN_RECO_Tram(
  (net): Sequential(
    (0): Linear(in_features=6, out_features=12, bias=True)
    (1): Tanh()
    (2): Linear(in_features=12, out_features=1, bias=True)
    (3): Sigmoid()
  )
)
Params are min slope: 2e-06, trend window: 100
Epoch     0 | Train Loss: 30037.871094 | Val Loss: 28307.355469 | Train R²: -1477665.7500 | Val R²: -1423478.3750 | NightHrsTrueNEE vs NightHrsModelReco R²: -28.4000 | NightHrsTrueNee vs NightHrsModelNee R²: -128.4400
Epoch   500 | Train Loss: 260.186493 | Val Loss: 254.654648 | Train R²: -12798.4756 | Val R²: -12804.7041 | NightHrsTrueNEE vs NightHrsModelReco R²: -113.5900 | NightHrsTrueNee vs NightHrsModelNee R²: -107.0200
Epoch  1000 | Train Loss: 71.794128 | Val Loss: 70.909943 | Train R²: -3530.8013 | Val R²: -3564.8164 | NightHrsTrueNEE vs NightHrsModelReco R²: -142.6800 | NightHrsTrueNee vs NightHrsModelNee R²: -135.2500
Epoch  1500 | Train Loss: 32.130150 | Val Loss: 31.881578 | Train R²: -1579.5934 | Val R²: -1602.2146 | NightHrsTrueNEE vs NightHrsModelReco R²: -152.6800 | NightHrsTrueNee vs NightHrsModelNee R²: -146.0100
Epoch  2000 | Train Loss: 17.435129 | Val Loss: 17.356096 | Train R²: -856.6943 | Val R²: -871.7782 | NightHrsTrueNEE vs NightHrsModelReco R²: -157.2100 | NightHrsTrueNee vs NightHrsModelNee R²: -151.3300
Epoch  2500 | Train Loss: 10.492413 | Val Loss: 10.472078 | Train R²: -515.1581 | Val R²: -525.6047 | NightHrsTrueNEE vs NightHrsModelReco R²: -159.6700 | NightHrsTrueNee vs NightHrsModelNee R²: -154.4700
Epoch  3000 | Train Loss: 6.738132 | Val Loss: 6.740489 | Train R²: -330.4720 | Val R²: -337.9559 | NightHrsTrueNEE vs NightHrsModelReco R²: -161.1400 | NightHrsTrueNee vs NightHrsModelNee R²: -156.4900
Epoch  3500 | Train Loss: 4.530424 | Val Loss: 4.541621 | Train R²: -221.8673 | Val R²: -227.3824 | NightHrsTrueNEE vs NightHrsModelReco R²: -161.9900 | NightHrsTrueNee vs NightHrsModelNee R²: -157.8200
Epoch  4000 | Train Loss: 3.158707 | Val Loss: 3.172919 | Train R²: -154.3877 | Val R²: -158.5551 | NightHrsTrueNEE vs NightHrsModelReco R²: -162.2900 | NightHrsTrueNee vs NightHrsModelNee R²: -158.5400
Epoch  4500 | Train Loss: 2.273891 | Val Loss: 2.288732 | Train R²: -110.8606 | Val R²: -114.0924 | NightHrsTrueNEE vs NightHrsModelReco R²: -161.5600 | NightHrsTrueNee vs NightHrsModelNee R²: -158.1600
Epoch  5000 | Train Loss: 1.684761 | Val Loss: 1.700403 | Train R²: -81.8792 | Val R²: -84.5074 | NightHrsTrueNEE vs NightHrsModelReco R²: -155.2500 | NightHrsTrueNee vs NightHrsModelNee R²: -152.2100
Epoch  5500 | Train Loss: 1.279670 | Val Loss: 1.296509 | Train R²: -61.9514 | Val R²: -64.1970 | NightHrsTrueNEE vs NightHrsModelReco R²: -143.0700 | NightHrsTrueNee vs NightHrsModelNee R²: -140.3900
Epoch  6000 | Train Loss: 0.999415 | Val Loss: 1.015378 | Train R²: -48.1647 | Val R²: -50.0599 | NightHrsTrueNEE vs NightHrsModelReco R²: -135.5600 | NightHrsTrueNee vs NightHrsModelNee R²: -133.1800
Epoch  6500 | Train Loss: 0.802465 | Val Loss: 0.816871 | Train R²: -38.4760 | Val R²: -40.0776 | NightHrsTrueNEE vs NightHrsModelReco R²: -128.5400 | NightHrsTrueNee vs NightHrsModelNee R²: -126.4200
Epoch  7000 | Train Loss: 0.660118 | Val Loss: 0.672847 | Train R²: -31.4735 | Val R²: -32.8352 | NightHrsTrueNEE vs NightHrsModelReco R²: -121.5200 | NightHrsTrueNee vs NightHrsModelNee R²: -119.6200
Epoch  7500 | Train Loss: 0.554283 | Val Loss: 0.565506 | Train R²: -26.2671 | Val R²: -27.4374 | NightHrsTrueNEE vs NightHrsModelReco R²: -114.8300 | NightHrsTrueNee vs NightHrsModelNee R²: -113.1300
Epoch  8000 | Train Loss: 0.470388 | Val Loss: 0.480211 | Train R²: -22.1400 | Val R²: -23.1482 | NightHrsTrueNEE vs NightHrsModelReco R²: -107.4700 | NightHrsTrueNee vs NightHrsModelNee R²: -105.9600
Epoch  8500 | Train Loss: 0.359006 | Val Loss: 0.364614 | Train R²: -16.6608 | Val R²: -17.3352 | NightHrsTrueNEE vs NightHrsModelReco R²: -78.4200 | NightHrsTrueNee vs NightHrsModelNee R²: -77.2900
Epoch  9000 | Train Loss: 0.257397 | Val Loss: 0.261665 | Train R²: -11.6622 | Val R²: -12.1583 | NightHrsTrueNEE vs NightHrsModelReco R²: -40.6400 | NightHrsTrueNee vs NightHrsModelNee R²: -39.9100
Epoch  9500 | Train Loss: 0.191239 | Val Loss: 0.194667 | Train R²: -8.4077 | Val R²: -8.7891 | NightHrsTrueNEE vs NightHrsModelReco R²: -25.7500 | NightHrsTrueNee vs NightHrsModelNee R²: -25.2400
Epoch 10000 | Train Loss: 0.144299 | Val Loss: 0.146978 | Train R²: -6.0986 | Val R²: -6.3910 | NightHrsTrueNEE vs NightHrsModelReco R²: -18.2400 | NightHrsTrueNee vs NightHrsModelNee R²: -17.8700
Epoch 10500 | Train Loss: 0.110378 | Val Loss: 0.112437 | Train R²: -4.4299 | Val R²: -4.6541 | NightHrsTrueNEE vs NightHrsModelReco R²: -13.2200 | NightHrsTrueNee vs NightHrsModelNee R²: -12.9500
Epoch 11000 | Train Loss: 0.085658 | Val Loss: 0.087219 | Train R²: -3.2138 | Val R²: -3.3860 | NightHrsTrueNEE vs NightHrsModelReco R²: -9.6900 | NightHrsTrueNee vs NightHrsModelNee R²: -9.5000
Epoch 11500 | Train Loss: 0.067470 | Val Loss: 0.068641 | Train R²: -2.3191 | Val R²: -2.4517 | NightHrsTrueNEE vs NightHrsModelReco R²: -7.1700 | NightHrsTrueNee vs NightHrsModelNee R²: -7.0300
Epoch 12000 | Train Loss: 0.053949 | Val Loss: 0.054809 | Train R²: -1.6540 | Val R²: -1.7561 | NightHrsTrueNEE vs NightHrsModelReco R²: -5.3500 | NightHrsTrueNee vs NightHrsModelNee R²: -5.2400
Epoch 12500 | Train Loss: 0.043806 | Val Loss: 0.044400 | Train R²: -1.1550 | Val R²: -1.2327 | NightHrsTrueNEE vs NightHrsModelReco R²: -4.0100 | NightHrsTrueNee vs NightHrsModelNee R²: -3.9300
Epoch 13000 | Train Loss: 0.036166 | Val Loss: 0.036522 | Train R²: -0.7791 | Val R²: -0.8366 | NightHrsTrueNEE vs NightHrsModelReco R²: -3.0300 | NightHrsTrueNee vs NightHrsModelNee R²: -2.9700
Epoch 13500 | Train Loss: 0.030447 | Val Loss: 0.030622 | Train R²: -0.4978 | Val R²: -0.5399 | NightHrsTrueNEE vs NightHrsModelReco R²: -2.3200 | NightHrsTrueNee vs NightHrsModelNee R²: -2.2700
Epoch 14000 | Train Loss: 0.026196 | Val Loss: 0.026255 | Train R²: -0.2886 | Val R²: -0.3202 | NightHrsTrueNEE vs NightHrsModelReco R²: -1.8000 | NightHrsTrueNee vs NightHrsModelNee R²: -1.7700
Epoch 14500 | Train Loss: 0.023052 | Val Loss: 0.023035 | Train R²: -0.1340 | Val R²: -0.1583 | NightHrsTrueNEE vs NightHrsModelReco R²: -1.4300 | NightHrsTrueNee vs NightHrsModelNee R²: -1.4000
Epoch 15000 | Train Loss: 0.020736 | Val Loss: 0.020668 | Train R²: -0.0201 | Val R²: -0.0393 | NightHrsTrueNEE vs NightHrsModelReco R²: -1.1500 | NightHrsTrueNee vs NightHrsModelNee R²: -1.1400
Epoch 15500 | Train Loss: 0.019035 | Val Loss: 0.018934 | Train R²: 0.0636 | Val R²: 0.0479 | NightHrsTrueNEE vs NightHrsModelReco R²: -0.9500 | NightHrsTrueNee vs NightHrsModelNee R²: -0.9400
Epoch 16000 | Train Loss: 0.017777 | Val Loss: 0.017659 | Train R²: 0.1255 | Val R²: 0.1120 | NightHrsTrueNEE vs NightHrsModelReco R²: -0.7900 | NightHrsTrueNee vs NightHrsModelNee R²: -0.7800
Epoch 16500 | Train Loss: 0.016828 | Val Loss: 0.016701 | Train R²: 0.1721 | Val R²: 0.1602 | NightHrsTrueNEE vs NightHrsModelReco R²: -0.6600 | NightHrsTrueNee vs NightHrsModelNee R²: -0.6500
Epoch 17000 | Train Loss: 0.016076 | Val Loss: 0.015941 | Train R²: 0.2092 | Val R²: 0.1984 | NightHrsTrueNEE vs NightHrsModelReco R²: -0.5400 | NightHrsTrueNee vs NightHrsModelNee R²: -0.5400
Epoch 17500 | Train Loss: 0.015403 | Val Loss: 0.015257 | Train R²: 0.2423 | Val R²: 0.2328 | NightHrsTrueNEE vs NightHrsModelReco R²: -0.4300 | NightHrsTrueNee vs NightHrsModelNee R²: -0.4300
Epoch 18000 | Train Loss: 0.014635 | Val Loss: 0.014470 | Train R²: 0.2801 | Val R²: 0.2724 | NightHrsTrueNEE vs NightHrsModelReco R²: -0.2900 | NightHrsTrueNee vs NightHrsModelNee R²: -0.2900
Epoch 18500 | Train Loss: 0.013834 | Val Loss: 0.013620 | Train R²: 0.3194 | Val R²: 0.3151 | NightHrsTrueNEE vs NightHrsModelReco R²: -0.1600 | NightHrsTrueNee vs NightHrsModelNee R²: -0.1600
Epoch 19000 | Train Loss: 0.013220 | Val Loss: 0.012966 | Train R²: 0.3497 | Val R²: 0.3480 | NightHrsTrueNEE vs NightHrsModelReco R²: -0.1200 | NightHrsTrueNee vs NightHrsModelNee R²: -0.1100
Epoch 19500 | Train Loss: 0.012687 | Val Loss: 0.012436 | Train R²: 0.3759 | Val R²: 0.3747 | NightHrsTrueNEE vs NightHrsModelReco R²: -0.1000 | NightHrsTrueNee vs NightHrsModelNee R²: -0.1000
Epoch 20000 | Train Loss: 0.012125 | Val Loss: 0.011888 | Train R²: 0.4036 | Val R²: 0.4022 | NightHrsTrueNEE vs NightHrsModelReco R²: -0.0800 | NightHrsTrueNee vs NightHrsModelNee R²: -0.0800
Epoch 20500 | Train Loss: 0.011468 | Val Loss: 0.011250 | Train R²: 0.4358 | Val R²: 0.4343 | NightHrsTrueNEE vs NightHrsModelReco R²: -0.0600 | NightHrsTrueNee vs NightHrsModelNee R²: -0.0600
Epoch 21000 | Train Loss: 0.010635 | Val Loss: 0.010441 | Train R²: 0.4768 | Val R²: 0.4750 | NightHrsTrueNEE vs NightHrsModelReco R²: -0.0300 | NightHrsTrueNee vs NightHrsModelNee R²: -0.0200
Epoch 21500 | Train Loss: 0.009576 | Val Loss: 0.009426 | Train R²: 0.5289 | Val R²: 0.5260 | NightHrsTrueNEE vs NightHrsModelReco R²: 0.0200 | NightHrsTrueNee vs NightHrsModelNee R²: 0.0200
Epoch 22000 | Train Loss: 0.008402 | Val Loss: 0.008302 | Train R²: 0.5867 | Val R²: 0.5825 | NightHrsTrueNEE vs NightHrsModelReco R²: 0.0800 | NightHrsTrueNee vs NightHrsModelNee R²: 0.0800
Epoch 22500 | Train Loss: 0.007214 | Val Loss: 0.007164 | Train R²: 0.6451 | Val R²: 0.6397 | NightHrsTrueNEE vs NightHrsModelReco R²: 0.1600 | NightHrsTrueNee vs NightHrsModelNee R²: 0.1600
Epoch 23000 | Train Loss: 0.006131 | Val Loss: 0.006118 | Train R²: 0.6984 | Val R²: 0.6923 | NightHrsTrueNEE vs NightHrsModelReco R²: 0.2400 | NightHrsTrueNee vs NightHrsModelNee R²: 0.2400
Epoch 23500 | Train Loss: 0.005276 | Val Loss: 0.005275 | Train R²: 0.7405 | Val R²: 0.7347 | NightHrsTrueNEE vs NightHrsModelReco R²: 0.3300 | NightHrsTrueNee vs NightHrsModelNee R²: 0.3300
Epoch 24000 | Train Loss: 0.004690 | Val Loss: 0.004680 | Train R²: 0.7693 | Val R²: 0.7647 | NightHrsTrueNEE vs NightHrsModelReco R²: 0.4000 | NightHrsTrueNee vs NightHrsModelNee R²: 0.4000
Epoch 24500 | Train Loss: 0.004307 | Val Loss: 0.004283 | Train R²: 0.7881 | Val R²: 0.7846 | NightHrsTrueNEE vs NightHrsModelReco R²: 0.4500 | NightHrsTrueNee vs NightHrsModelNee R²: 0.4500
Epoch 25000 | Train Loss: 0.004020 | Val Loss: 0.003983 | Train R²: 0.8023 | Val R²: 0.7997 | NightHrsTrueNEE vs NightHrsModelReco R²: 0.4800 | NightHrsTrueNee vs NightHrsModelNee R²: 0.4800
Epoch 25500 | Train Loss: 0.003768 | Val Loss: 0.003721 | Train R²: 0.8147 | Val R²: 0.8129 | NightHrsTrueNEE vs NightHrsModelReco R²: 0.5100 | NightHrsTrueNee vs NightHrsModelNee R²: 0.5100
Epoch 26000 | Train Loss: 0.003551 | Val Loss: 0.003494 | Train R²: 0.8253 | Val R²: 0.8243 | NightHrsTrueNEE vs NightHrsModelReco R²: 0.5400 | NightHrsTrueNee vs NightHrsModelNee R²: 0.5400
Epoch 26500 | Train Loss: 0.003386 | Val Loss: 0.003317 | Train R²: 0.8334 | Val R²: 0.8332 | NightHrsTrueNEE vs NightHrsModelReco R²: 0.5500 | NightHrsTrueNee vs NightHrsModelNee R²: 0.5500
Epoch 27000 | Train Loss: 0.003261 | Val Loss: 0.003183 | Train R²: 0.8396 | Val R²: 0.8399 | NightHrsTrueNEE vs NightHrsModelReco R²: 0.5700 | NightHrsTrueNee vs NightHrsModelNee R²: 0.5700
Epoch 27500 | Train Loss: 0.003155 | Val Loss: 0.003086 | Train R²: 0.8448 | Val R²: 0.8448 | NightHrsTrueNEE vs NightHrsModelReco R²: 0.5800 | NightHrsTrueNee vs NightHrsModelNee R²: 0.5700
Epoch 28000 | Train Loss: 0.003082 | Val Loss: 0.003020 | Train R²: 0.8484 | Val R²: 0.8481 | NightHrsTrueNEE vs NightHrsModelReco R²: 0.5800 | NightHrsTrueNee vs NightHrsModelNee R²: 0.5800
Epoch 28500 | Train Loss: 0.003035 | Val Loss: 0.002977 | Train R²: 0.8507 | Val R²: 0.8503 | NightHrsTrueNEE vs NightHrsModelReco R²: 0.5900 | NightHrsTrueNee vs NightHrsModelNee R²: 0.5800
Epoch 29000 | Train Loss: 0.003000 | Val Loss: 0.002946 | Train R²: 0.8524 | Val R²: 0.8519 | NightHrsTrueNEE vs NightHrsModelReco R²: 0.5900 | NightHrsTrueNee vs NightHrsModelNee R²: 0.5900
Epoch 29500 | Train Loss: 0.002970 | Val Loss: 0.002920 | Train R²: 0.8539 | Val R²: 0.8532 | NightHrsTrueNEE vs NightHrsModelReco R²: 0.5900 | NightHrsTrueNee vs NightHrsModelNee R²: 0.5900
Epoch 30000 | Train Loss: 0.002943 | Val Loss: 0.002897 | Train R²: 0.8552 | Val R²: 0.8543 | NightHrsTrueNEE vs NightHrsModelReco R²: 0.6000 | NightHrsTrueNee vs NightHrsModelNee R²: 0.6000
Epoch 30500 | Train Loss: 0.002916 | Val Loss: 0.002873 | Train R²: 0.8565 | Val R²: 0.8555 | NightHrsTrueNEE vs NightHrsModelReco R²: 0.6000 | NightHrsTrueNee vs NightHrsModelNee R²: 0.6000
Epoch 31000 | Train Loss: 0.002889 | Val Loss: 0.002848 | Train R²: 0.8579 | Val R²: 0.8568 | NightHrsTrueNEE vs NightHrsModelReco R²: 0.6000 | NightHrsTrueNee vs NightHrsModelNee R²: 0.6000
Epoch 31500 | Train Loss: 0.002862 | Val Loss: 0.002820 | Train R²: 0.8592 | Val R²: 0.8582 | NightHrsTrueNEE vs NightHrsModelReco R²: 0.6100 | NightHrsTrueNee vs NightHrsModelNee R²: 0.6100
Epoch 32000 | Train Loss: 0.002835 | Val Loss: 0.002792 | Train R²: 0.8605 | Val R²: 0.8596 | NightHrsTrueNEE vs NightHrsModelReco R²: 0.6100 | NightHrsTrueNee vs NightHrsModelNee R²: 0.6100
Epoch 32500 | Train Loss: 0.002810 | Val Loss: 0.002765 | Train R²: 0.8618 | Val R²: 0.8610 | NightHrsTrueNEE vs NightHrsModelReco R²: 0.6100 | NightHrsTrueNee vs NightHrsModelNee R²: 0.6100
Epoch 33000 | Train Loss: 0.002786 | Val Loss: 0.002740 | Train R²: 0.8630 | Val R²: 0.8622 | NightHrsTrueNEE vs NightHrsModelReco R²: 0.6200 | NightHrsTrueNee vs NightHrsModelNee R²: 0.6200
Epoch 33500 | Train Loss: 0.002764 | Val Loss: 0.002718 | Train R²: 0.8640 | Val R²: 0.8633 | NightHrsTrueNEE vs NightHrsModelReco R²: 0.6200 | NightHrsTrueNee vs NightHrsModelNee R²: 0.6200
Early stopping at epoch 33776 due to flat/negative trend (slope=0.000002)
Epoch 33776 | Train Loss: 0.002752 | Val Loss: 0.002709 | Train R²: 0.8646 | Val R²: 0.8638
Unpickling models
Following models have been loaded and moved to cuda:
trained gpp model:
 SNN_GPP_Tram(
  (net): Sequential(
    (0): Linear(in_features=6, out_features=12, bias=True)
    (1): Tanh()
    (2): Linear(in_features=12, out_features=1, bias=True)
    (3): Sigmoid()
  )
), trained_reco_model:
 SNN_GPP_Tram(
  (net): Sequential(
    (0): Linear(in_features=6, out_features=12, bias=True)
    (1): Tanh()
    (2): Linear(in_features=12, out_features=1, bias=True)
    (3): Sigmoid()
  )
)
using full data set for visualization
Un-normalizing the GPP and RECO predictions using NEE min: tensor([-50.4310]), NEE max: tensor([42.8991])



Metrics for the Tramontana, with
GPP inputs: ['SW_IN', 'TA', 'VPD', 'WS', 'WD_COS', 'WD_SIN']
RECO inputs: ['DOY_sin', 'DOY_cos', 'TA', 'WS', 'WD_COS', 'WD_SIN']:
dt_gpp vs Tramontana_GPP R²=0.90 RMSE=2.52
nt_gpp vs Tramontana_GPP R²=0.85 RMSE=3.27
dt_reco vs Tramontana_RECO R²=0.60 RMSE=2.19
nt_reco vs Tramontana_RECO R²=0.60 RMSE=2.10
night_hours_true_nee vs Tramontana_night_hours_model_reco R²=0.63 RMSE=2.18
night_hours_true_nee vs Tramontana_night_hours_model_nee R²=0.63 RMSE=2.18
dt_gpp vs nt_gpp R²=0.90 RMSE=2.59
dt_reco vs nt_reco R²=0.77 RMSE=2.00

gpp_input_names,  ['SW_IN', 'TA', 'VPD', 'WS', 'WD_COS', 'WD_SIN', 'WTD'] 
reco_input_names,  ['DOY_sin', 'DOY_cos', 'TA', 'WS', 'WD_COS', 'WD_SIN', 'WTD'] 
true_nee_name,  ['NEE'] 

Tramontana Running on GPU With hidden layer size of 12 Total epochs: 100000 lr: 0.001 patience: 500 min_delta 0.01
SNN_GPP_Tram(
  (net): Sequential(
    (0): Linear(in_features=7, out_features=12, bias=True)
    (1): Tanh()
    (2): Linear(in_features=12, out_features=1, bias=True)
    (3): Sigmoid()
  )
)
SNN_RECO_Tram(
  (net): Sequential(
    (0): Linear(in_features=7, out_features=12, bias=True)
    (1): Tanh()
    (2): Linear(in_features=12, out_features=1, bias=True)
    (3): Sigmoid()
  )
)
Params are min slope: 2e-06, trend window: 100
Epoch     0 | Train Loss: 34076.847656 | Val Loss: 32589.347656 | Train R²: -1676357.1250 | Val R²: -1638805.0000 | NightHrsTrueNEE vs NightHrsModelReco R²: -30.5800 | NightHrsTrueNee vs NightHrsModelNee R²: -114.4100
Epoch   500 | Train Loss: 339.701996 | Val Loss: 333.705872 | Train R²: -16710.1172 | Val R²: -16779.9160 | NightHrsTrueNEE vs NightHrsModelReco R²: -119.6300 | NightHrsTrueNee vs NightHrsModelNee R²: -113.3400
Epoch  1000 | Train Loss: 85.946770 | Val Loss: 84.987099 | Train R²: -4227.0195 | Val R²: -4272.7080 | NightHrsTrueNEE vs NightHrsModelReco R²: -143.7800 | NightHrsTrueNee vs NightHrsModelNee R²: -137.8600
Epoch  1500 | Train Loss: 37.176041 | Val Loss: 36.880810 | Train R²: -1827.8180 | Val R²: -1853.6086 | NightHrsTrueNEE vs NightHrsModelReco R²: -152.2400 | NightHrsTrueNee vs NightHrsModelNee R²: -147.2400
Epoch  2000 | Train Loss: 19.839363 | Val Loss: 19.727356 | Train R²: -974.9669 | Val R²: -991.0206 | NightHrsTrueNEE vs NightHrsModelReco R²: -156.2700 | NightHrsTrueNee vs NightHrsModelNee R²: -152.0000
Epoch  2500 | Train Loss: 11.839134 | Val Loss: 11.795041 | Train R²: -581.4080 | Val R²: -592.1319 | NightHrsTrueNEE vs NightHrsModelReco R²: -158.5000 | NightHrsTrueNee vs NightHrsModelNee R²: -154.7900
Epoch  3000 | Train Loss: 7.576523 | Val Loss: 7.561606 | Train R²: -371.7155 | Val R²: -379.2471 | NightHrsTrueNEE vs NightHrsModelReco R²: -159.7600 | NightHrsTrueNee vs NightHrsModelNee R²: -156.5100
Epoch  3500 | Train Loss: 5.093575 | Val Loss: 5.092148 | Train R²: -249.5706 | Val R²: -255.0666 | NightHrsTrueNEE vs NightHrsModelReco R²: -160.3300 | NightHrsTrueNee vs NightHrsModelNee R²: -157.4500
Epoch  4000 | Train Loss: 3.559387 | Val Loss: 3.564408 | Train R²: -174.0986 | Val R²: -178.2418 | NightHrsTrueNEE vs NightHrsModelReco R²: -160.1400 | NightHrsTrueNee vs NightHrsModelNee R²: -157.5700
Epoch  4500 | Train Loss: 2.571002 | Val Loss: 2.579377 | Train R²: -125.4765 | Val R²: -128.7080 | NightHrsTrueNEE vs NightHrsModelReco R²: -158.2900 | NightHrsTrueNee vs NightHrsModelNee R²: -156.0000
Epoch  5000 | Train Loss: 1.907486 | Val Loss: 1.919185 | Train R²: -92.8359 | Val R²: -95.5092 | NightHrsTrueNEE vs NightHrsModelReco R²: -149.6500 | NightHrsTrueNee vs NightHrsModelNee R²: -147.6300
Epoch  5500 | Train Loss: 1.442063 | Val Loss: 1.456859 | Train R²: -69.9401 | Val R²: -72.2604 | NightHrsTrueNEE vs NightHrsModelReco R²: -132.5200 | NightHrsTrueNee vs NightHrsModelNee R²: -130.7900
Epoch  6000 | Train Loss: 1.111240 | Val Loss: 1.124506 | Train R²: -53.6657 | Val R²: -55.5475 | NightHrsTrueNEE vs NightHrsModelReco R²: -120.3900 | NightHrsTrueNee vs NightHrsModelNee R²: -118.8700
Epoch  6500 | Train Loss: 0.875108 | Val Loss: 0.886389 | Train R²: -42.0496 | Val R²: -43.5734 | NightHrsTrueNEE vs NightHrsModelReco R²: -113.4200 | NightHrsTrueNee vs NightHrsModelNee R²: -112.0600
Epoch  7000 | Train Loss: 0.696111 | Val Loss: 0.705766 | Train R²: -33.2441 | Val R²: -34.4905 | NightHrsTrueNEE vs NightHrsModelReco R²: -104.9200 | NightHrsTrueNee vs NightHrsModelNee R²: -103.7300
Epoch  7500 | Train Loss: 0.543595 | Val Loss: 0.551072 | Train R²: -25.7413 | Val R²: -26.7115 | NightHrsTrueNEE vs NightHrsModelReco R²: -89.5100 | NightHrsTrueNee vs NightHrsModelNee R²: -88.5300
Epoch  8000 | Train Loss: 0.413090 | Val Loss: 0.418131 | Train R²: -19.3213 | Val R²: -20.0263 | NightHrsTrueNEE vs NightHrsModelReco R²: -62.1600 | NightHrsTrueNee vs NightHrsModelNee R²: -61.4200
Epoch  8500 | Train Loss: 0.311610 | Val Loss: 0.315368 | Train R²: -14.3292 | Val R²: -14.8588 | NightHrsTrueNEE vs NightHrsModelReco R²: -39.6500 | NightHrsTrueNee vs NightHrsModelNee R²: -39.1300
Epoch  9000 | Train Loss: 0.236613 | Val Loss: 0.239519 | Train R²: -10.6398 | Val R²: -11.0446 | NightHrsTrueNEE vs NightHrsModelReco R²: -27.6200 | NightHrsTrueNee vs NightHrsModelNee R²: -27.2300
Epoch  9500 | Train Loss: 0.180452 | Val Loss: 0.182736 | Train R²: -7.8770 | Val R²: -8.1892 | NightHrsTrueNEE vs NightHrsModelReco R²: -19.9600 | NightHrsTrueNee vs NightHrsModelNee R²: -19.6800
Epoch 10000 | Train Loss: 0.138630 | Val Loss: 0.140385 | Train R²: -5.8197 | Val R²: -6.0595 | NightHrsTrueNEE vs NightHrsModelReco R²: -14.7700 | NightHrsTrueNee vs NightHrsModelNee R²: -14.5500
Epoch 10500 | Train Loss: 0.107568 | Val Loss: 0.108846 | Train R²: -4.2916 | Val R²: -4.4735 | NightHrsTrueNEE vs NightHrsModelReco R²: -11.1200 | NightHrsTrueNee vs NightHrsModelNee R²: -10.9600
Epoch 11000 | Train Loss: 0.084521 | Val Loss: 0.085427 | Train R²: -3.1579 | Val R²: -3.2958 | NightHrsTrueNEE vs NightHrsModelReco R²: -8.5000 | NightHrsTrueNee vs NightHrsModelNee R²: -8.3800
Epoch 11500 | Train Loss: 0.067350 | Val Loss: 0.067984 | Train R²: -2.3132 | Val R²: -2.4187 | NightHrsTrueNEE vs NightHrsModelReco R²: -6.5900 | NightHrsTrueNee vs NightHrsModelNee R²: -6.4900
Epoch 12000 | Train Loss: 0.054464 | Val Loss: 0.054897 | Train R²: -1.6793 | Val R²: -1.7606 | NightHrsTrueNEE vs NightHrsModelReco R²: -5.1700 | NightHrsTrueNee vs NightHrsModelNee R²: -5.0900
Epoch 12500 | Train Loss: 0.044723 | Val Loss: 0.045001 | Train R²: -1.2001 | Val R²: -1.2629 | NightHrsTrueNEE vs NightHrsModelReco R²: -4.0900 | NightHrsTrueNee vs NightHrsModelNee R²: -4.0300
Epoch 13000 | Train Loss: 0.037311 | Val Loss: 0.037463 | Train R²: -0.8355 | Val R²: -0.8839 | NightHrsTrueNEE vs NightHrsModelReco R²: -3.2600 | NightHrsTrueNee vs NightHrsModelNee R²: -3.2200
Epoch 13500 | Train Loss: 0.031650 | Val Loss: 0.031698 | Train R²: -0.5570 | Val R²: -0.5940 | NightHrsTrueNEE vs NightHrsModelReco R²: -2.6000 | NightHrsTrueNee vs NightHrsModelNee R²: -2.5700
Epoch 14000 | Train Loss: 0.027326 | Val Loss: 0.027287 | Train R²: -0.3443 | Val R²: -0.3722 | NightHrsTrueNEE vs NightHrsModelReco R²: -2.0800 | NightHrsTrueNee vs NightHrsModelNee R²: -2.0600
Epoch 14500 | Train Loss: 0.024065 | Val Loss: 0.023953 | Train R²: -0.1839 | Val R²: -0.2045 | NightHrsTrueNEE vs NightHrsModelReco R²: -1.6800 | NightHrsTrueNee vs NightHrsModelNee R²: -1.6600
Epoch 15000 | Train Loss: 0.021643 | Val Loss: 0.021481 | Train R²: -0.0647 | Val R²: -0.0802 | NightHrsTrueNEE vs NightHrsModelReco R²: -1.3800 | NightHrsTrueNee vs NightHrsModelNee R²: -1.3600
Epoch 15500 | Train Loss: 0.019840 | Val Loss: 0.019656 | Train R²: 0.0240 | Val R²: 0.0116 | NightHrsTrueNEE vs NightHrsModelReco R²: -1.1400 | NightHrsTrueNee vs NightHrsModelNee R²: -1.1300
Epoch 16000 | Train Loss: 0.018479 | Val Loss: 0.018292 | Train R²: 0.0909 | Val R²: 0.0801 | NightHrsTrueNEE vs NightHrsModelReco R²: -0.9400 | NightHrsTrueNee vs NightHrsModelNee R²: -0.9300
Epoch 16500 | Train Loss: 0.017381 | Val Loss: 0.017179 | Train R²: 0.1450 | Val R²: 0.1361 | NightHrsTrueNEE vs NightHrsModelReco R²: -0.7300 | NightHrsTrueNee vs NightHrsModelNee R²: -0.7300
Epoch 17000 | Train Loss: 0.016369 | Val Loss: 0.016123 | Train R²: 0.1947 | Val R²: 0.1893 | NightHrsTrueNEE vs NightHrsModelReco R²: -0.5300 | NightHrsTrueNee vs NightHrsModelNee R²: -0.5200
Epoch 17500 | Train Loss: 0.015520 | Val Loss: 0.015246 | Train R²: 0.2365 | Val R²: 0.2333 | NightHrsTrueNEE vs NightHrsModelReco R²: -0.3900 | NightHrsTrueNee vs NightHrsModelNee R²: -0.3900
Epoch 18000 | Train Loss: 0.014864 | Val Loss: 0.014571 | Train R²: 0.2688 | Val R²: 0.2673 | NightHrsTrueNEE vs NightHrsModelReco R²: -0.3100 | NightHrsTrueNee vs NightHrsModelNee R²: -0.3100
Epoch 18500 | Train Loss: 0.014383 | Val Loss: 0.014068 | Train R²: 0.2925 | Val R²: 0.2925 | NightHrsTrueNEE vs NightHrsModelReco R²: -0.2600 | NightHrsTrueNee vs NightHrsModelNee R²: -0.2600
Epoch 19000 | Train Loss: 0.013989 | Val Loss: 0.013660 | Train R²: 0.3118 | Val R²: 0.3131 | NightHrsTrueNEE vs NightHrsModelReco R²: -0.2200 | NightHrsTrueNee vs NightHrsModelNee R²: -0.2200
Epoch 19500 | Train Loss: 0.013593 | Val Loss: 0.013265 | Train R²: 0.3313 | Val R²: 0.3329 | NightHrsTrueNEE vs NightHrsModelReco R²: -0.1900 | NightHrsTrueNee vs NightHrsModelNee R²: -0.1900
Epoch 20000 | Train Loss: 0.013124 | Val Loss: 0.012819 | Train R²: 0.3544 | Val R²: 0.3554 | NightHrsTrueNEE vs NightHrsModelReco R²: -0.1700 | NightHrsTrueNee vs NightHrsModelNee R²: -0.1600
Epoch 20500 | Train Loss: 0.012555 | Val Loss: 0.012281 | Train R²: 0.3824 | Val R²: 0.3824 | NightHrsTrueNEE vs NightHrsModelReco R²: -0.1500 | NightHrsTrueNee vs NightHrsModelNee R²: -0.1400
Epoch 21000 | Train Loss: 0.011844 | Val Loss: 0.011602 | Train R²: 0.4174 | Val R²: 0.4166 | NightHrsTrueNEE vs NightHrsModelReco R²: -0.1200 | NightHrsTrueNee vs NightHrsModelNee R²: -0.1200
Epoch 21500 | Train Loss: 0.010906 | Val Loss: 0.010713 | Train R²: 0.4635 | Val R²: 0.4613 | NightHrsTrueNEE vs NightHrsModelReco R²: -0.0700 | NightHrsTrueNee vs NightHrsModelNee R²: -0.0700
Epoch 22000 | Train Loss: 0.009775 | Val Loss: 0.009656 | Train R²: 0.5192 | Val R²: 0.5144 | NightHrsTrueNEE vs NightHrsModelReco R²: -0.0200 | NightHrsTrueNee vs NightHrsModelNee R²: -0.0200
Epoch 22500 | Train Loss: 0.008577 | Val Loss: 0.008517 | Train R²: 0.5781 | Val R²: 0.5717 | NightHrsTrueNEE vs NightHrsModelReco R²: 0.0400 | NightHrsTrueNee vs NightHrsModelNee R²: 0.0400
Epoch 23000 | Train Loss: 0.007376 | Val Loss: 0.007356 | Train R²: 0.6372 | Val R²: 0.6301 | NightHrsTrueNEE vs NightHrsModelReco R²: 0.1200 | NightHrsTrueNee vs NightHrsModelNee R²: 0.1200
Epoch 23500 | Train Loss: 0.006232 | Val Loss: 0.006232 | Train R²: 0.6934 | Val R²: 0.6866 | NightHrsTrueNEE vs NightHrsModelReco R²: 0.2200 | NightHrsTrueNee vs NightHrsModelNee R²: 0.2200
Epoch 24000 | Train Loss: 0.005293 | Val Loss: 0.005291 | Train R²: 0.7396 | Val R²: 0.7340 | NightHrsTrueNEE vs NightHrsModelReco R²: 0.3200 | NightHrsTrueNee vs NightHrsModelNee R²: 0.3200
Epoch 24500 | Train Loss: 0.004658 | Val Loss: 0.004642 | Train R²: 0.7708 | Val R²: 0.7666 | NightHrsTrueNEE vs NightHrsModelReco R²: 0.4000 | NightHrsTrueNee vs NightHrsModelNee R²: 0.4000
Epoch 25000 | Train Loss: 0.004210 | Val Loss: 0.004192 | Train R²: 0.7929 | Val R²: 0.7892 | NightHrsTrueNEE vs NightHrsModelReco R²: 0.4600 | NightHrsTrueNee vs NightHrsModelNee R²: 0.4600
Epoch 25500 | Train Loss: 0.003809 | Val Loss: 0.003791 | Train R²: 0.8126 | Val R²: 0.8093 | NightHrsTrueNEE vs NightHrsModelReco R²: 0.5000 | NightHrsTrueNee vs NightHrsModelNee R²: 0.5000
Epoch 26000 | Train Loss: 0.003464 | Val Loss: 0.003433 | Train R²: 0.8296 | Val R²: 0.8273 | NightHrsTrueNEE vs NightHrsModelReco R²: 0.5400 | NightHrsTrueNee vs NightHrsModelNee R²: 0.5400
Epoch 26500 | Train Loss: 0.003220 | Val Loss: 0.003181 | Train R²: 0.8416 | Val R²: 0.8400 | NightHrsTrueNEE vs NightHrsModelReco R²: 0.5700 | NightHrsTrueNee vs NightHrsModelNee R²: 0.5600
Epoch 27000 | Train Loss: 0.003091 | Val Loss: 0.003049 | Train R²: 0.8479 | Val R²: 0.8467 | NightHrsTrueNEE vs NightHrsModelReco R²: 0.5800 | NightHrsTrueNee vs NightHrsModelNee R²: 0.5800
Epoch 27500 | Train Loss: 0.003023 | Val Loss: 0.002982 | Train R²: 0.8513 | Val R²: 0.8501 | NightHrsTrueNEE vs NightHrsModelReco R²: 0.5900 | NightHrsTrueNee vs NightHrsModelNee R²: 0.5900
Epoch 28000 | Train Loss: 0.002975 | Val Loss: 0.002940 | Train R²: 0.8536 | Val R²: 0.8521 | NightHrsTrueNEE vs NightHrsModelReco R²: 0.5900 | NightHrsTrueNee vs NightHrsModelNee R²: 0.5900
Epoch 28500 | Train Loss: 0.002936 | Val Loss: 0.002910 | Train R²: 0.8556 | Val R²: 0.8536 | NightHrsTrueNEE vs NightHrsModelReco R²: 0.5900 | NightHrsTrueNee vs NightHrsModelNee R²: 0.5900
Early stopping at epoch 28900 due to flat/negative trend (slope=0.000002)
Epoch 28900 | Train Loss: 0.002911 | Val Loss: 0.002893 | Train R²: 0.8568 | Val R²: 0.8545
Unpickling models
Following models have been loaded and moved to cuda:
trained gpp model:
 SNN_GPP_Tram(
  (net): Sequential(
    (0): Linear(in_features=7, out_features=12, bias=True)
    (1): Tanh()
    (2): Linear(in_features=12, out_features=1, bias=True)
    (3): Sigmoid()
  )
), trained_reco_model:
 SNN_GPP_Tram(
  (net): Sequential(
    (0): Linear(in_features=7, out_features=12, bias=True)
    (1): Tanh()
    (2): Linear(in_features=12, out_features=1, bias=True)
    (3): Sigmoid()
  )
)
using full data set for visualization
Un-normalizing the GPP and RECO predictions using NEE min: tensor([-50.4310]), NEE max: tensor([42.8991])



Metrics for the Tramontana, with
GPP inputs: ['SW_IN', 'TA', 'VPD', 'WS', 'WD_COS', 'WD_SIN', 'WTD']
RECO inputs: ['DOY_sin', 'DOY_cos', 'TA', 'WS', 'WD_COS', 'WD_SIN', 'WTD']:
dt_gpp vs Tramontana_GPP R²=0.87 RMSE=2.91
nt_gpp vs Tramontana_GPP R²=0.82 RMSE=3.56
dt_reco vs Tramontana_RECO R²=0.48 RMSE=2.51
nt_reco vs Tramontana_RECO R²=0.46 RMSE=2.44
night_hours_true_nee vs Tramontana_night_hours_model_reco R²=0.61 RMSE=2.24
night_hours_true_nee vs Tramontana_night_hours_model_nee R²=0.61 RMSE=2.24
dt_gpp vs nt_gpp R²=0.90 RMSE=2.59
dt_reco vs nt_reco R²=0.77 RMSE=2.00

gpp_input_names,  ['SW_IN', 'TA', 'VPD', 'WS', 'WD_COS', 'WD_SIN', 'WTD', 'Salinity'] 
reco_input_names,  ['DOY_sin', 'DOY_cos', 'TA', 'WS', 'WD_COS', 'WD_SIN', 'WTD', 'Salinity'] 
true_nee_name,  ['NEE'] 

Tramontana Running on GPU With hidden layer size of 12 Total epochs: 100000 lr: 0.001 patience: 500 min_delta 0.01
SNN_GPP_Tram(
  (net): Sequential(
    (0): Linear(in_features=8, out_features=12, bias=True)
    (1): Tanh()
    (2): Linear(in_features=12, out_features=1, bias=True)
    (3): Sigmoid()
  )
)
SNN_RECO_Tram(
  (net): Sequential(
    (0): Linear(in_features=8, out_features=12, bias=True)
    (1): Tanh()
    (2): Linear(in_features=12, out_features=1, bias=True)
    (3): Sigmoid()
  )
)
Params are min slope: 2e-06, trend window: 100
Epoch     0 | Train Loss: 18536.246094 | Val Loss: 17567.722656 | Train R²: -911861.1875 | Val R²: -883419.2500 | NightHrsTrueNEE vs NightHrsModelReco R²: -38.8800 | NightHrsTrueNee vs NightHrsModelNee R²: -103.4000
Epoch   500 | Train Loss: 194.610168 | Val Loss: 191.248291 | Train R²: -9572.5479 | Val R²: -9616.2168 | NightHrsTrueNEE vs NightHrsModelReco R²: -129.5200 | NightHrsTrueNee vs NightHrsModelNee R²: -123.4300
Epoch  1000 | Train Loss: 52.753738 | Val Loss: 52.326038 | Train R²: -2594.1392 | Val R²: -2630.2961 | NightHrsTrueNEE vs NightHrsModelReco R²: -150.5300 | NightHrsTrueNee vs NightHrsModelNee R²: -145.0000
Epoch  1500 | Train Loss: 23.311588 | Val Loss: 23.273273 | Train R²: -1145.7777 | Val R²: -1169.3325 | NightHrsTrueNEE vs NightHrsModelReco R²: -157.2000 | NightHrsTrueNee vs NightHrsModelNee R²: -152.5500
Epoch  2000 | Train Loss: 12.590302 | Val Loss: 12.637667 | Train R²: -618.3605 | Val R²: -634.5046 | NightHrsTrueNEE vs NightHrsModelReco R²: -160.1200 | NightHrsTrueNee vs NightHrsModelNee R²: -156.1600
Epoch  2500 | Train Loss: 7.594471 | Val Loss: 7.659647 | Train R²: -372.5984 | Val R²: -384.1772 | NightHrsTrueNEE vs NightHrsModelReco R²: -161.5900 | NightHrsTrueNee vs NightHrsModelNee R²: -158.1500
Epoch  3000 | Train Loss: 4.923582 | Val Loss: 4.987468 | Train R²: -241.2080 | Val R²: -249.8026 | NightHrsTrueNEE vs NightHrsModelReco R²: -162.2300 | NightHrsTrueNee vs NightHrsModelNee R²: -159.2000
Epoch  3500 | Train Loss: 3.367865 | Val Loss: 3.425018 | Train R²: -164.6770 | Val R²: -171.2324 | NightHrsTrueNEE vs NightHrsModelReco R²: -162.0400 | NightHrsTrueNee vs NightHrsModelNee R²: -159.3600
Epoch  4000 | Train Loss: 2.407056 | Val Loss: 2.456806 | Train R²: -117.4114 | Val R²: -122.5443 | NightHrsTrueNEE vs NightHrsModelReco R²: -159.7300 | NightHrsTrueNee vs NightHrsModelNee R²: -157.3600
Epoch  4500 | Train Loss: 1.778035 | Val Loss: 1.823338 | Train R²: -86.4677 | Val R²: -90.6894 | NightHrsTrueNEE vs NightHrsModelReco R²: -147.3800 | NightHrsTrueNee vs NightHrsModelNee R²: -145.3400
Epoch  5000 | Train Loss: 1.341600 | Val Loss: 1.382187 | Train R²: -64.9979 | Val R²: -68.5054 | NightHrsTrueNEE vs NightHrsModelReco R²: -131.5800 | NightHrsTrueNee vs NightHrsModelNee R²: -129.8200
Epoch  5500 | Train Loss: 1.025518 | Val Loss: 1.058526 | Train R²: -49.4488 | Val R²: -52.2296 | NightHrsTrueNEE vs NightHrsModelReco R²: -115.9800 | NightHrsTrueNee vs NightHrsModelNee R²: -114.4300
Epoch  6000 | Train Loss: 0.795745 | Val Loss: 0.823098 | Train R²: -38.1454 | Val R²: -40.3907 | NightHrsTrueNEE vs NightHrsModelReco R²: -106.9700 | NightHrsTrueNee vs NightHrsModelNee R²: -105.6000
Epoch  6500 | Train Loss: 0.608475 | Val Loss: 0.629386 | Train R²: -28.9330 | Val R²: -30.6496 | NightHrsTrueNEE vs NightHrsModelReco R²: -91.0000 | NightHrsTrueNee vs NightHrsModelNee R²: -89.8500
Epoch  7000 | Train Loss: 0.451946 | Val Loss: 0.467351 | Train R²: -21.2328 | Val R²: -22.5015 | NightHrsTrueNEE vs NightHrsModelReco R²: -58.8600 | NightHrsTrueNee vs NightHrsModelNee R²: -58.0200
Epoch  7500 | Train Loss: 0.339028 | Val Loss: 0.351474 | Train R²: -15.6780 | Val R²: -16.6744 | NightHrsTrueNEE vs NightHrsModelReco R²: -39.2500 | NightHrsTrueNee vs NightHrsModelNee R²: -38.6400
Epoch  8000 | Train Loss: 0.256910 | Val Loss: 0.266784 | Train R²: -11.6383 | Val R²: -12.4157 | NightHrsTrueNEE vs NightHrsModelReco R²: -28.7900 | NightHrsTrueNee vs NightHrsModelNee R²: -28.3300
Epoch  8500 | Train Loss: 0.196390 | Val Loss: 0.204250 | Train R²: -8.6611 | Val R²: -9.2710 | NightHrsTrueNEE vs NightHrsModelReco R²: -21.7200 | NightHrsTrueNee vs NightHrsModelNee R²: -21.3800
Epoch  9000 | Train Loss: 0.151603 | Val Loss: 0.157825 | Train R²: -6.4579 | Val R²: -6.9365 | NightHrsTrueNEE vs NightHrsModelReco R²: -16.6200 | NightHrsTrueNee vs NightHrsModelNee R²: -16.3500
Epoch  9500 | Train Loss: 0.118345 | Val Loss: 0.123200 | Train R²: -4.8218 | Val R²: -5.1953 | NightHrsTrueNEE vs NightHrsModelReco R²: -12.8300 | NightHrsTrueNee vs NightHrsModelNee R²: -12.6200
Epoch 10000 | Train Loss: 0.093550 | Val Loss: 0.097294 | Train R²: -3.6021 | Val R²: -3.8926 | NightHrsTrueNEE vs NightHrsModelReco R²: -9.9700 | NightHrsTrueNee vs NightHrsModelNee R²: -9.8200
Epoch 10500 | Train Loss: 0.074929 | Val Loss: 0.077813 | Train R²: -2.6860 | Val R²: -2.9130 | NightHrsTrueNEE vs NightHrsModelReco R²: -7.8100 | NightHrsTrueNee vs NightHrsModelNee R²: -7.6900
Epoch 11000 | Train Loss: 0.060817 | Val Loss: 0.063058 | Train R²: -1.9918 | Val R²: -2.1710 | NightHrsTrueNEE vs NightHrsModelReco R²: -6.1600 | NightHrsTrueNee vs NightHrsModelNee R²: -6.0600
Epoch 11500 | Train Loss: 0.050027 | Val Loss: 0.051781 | Train R²: -1.4610 | Val R²: -1.6039 | NightHrsTrueNEE vs NightHrsModelReco R²: -4.8800 | NightHrsTrueNee vs NightHrsModelNee R²: -4.8100
Epoch 12000 | Train Loss: 0.041725 | Val Loss: 0.043083 | Train R²: -1.0526 | Val R²: -1.1665 | NightHrsTrueNEE vs NightHrsModelReco R²: -3.8900 | NightHrsTrueNee vs NightHrsModelNee R²: -3.8400
Epoch 12500 | Train Loss: 0.035327 | Val Loss: 0.036325 | Train R²: -0.7379 | Val R²: -0.8267 | NightHrsTrueNEE vs NightHrsModelReco R²: -3.1100 | NightHrsTrueNee vs NightHrsModelNee R²: -3.0700
Epoch 13000 | Train Loss: 0.030417 | Val Loss: 0.031082 | Train R²: -0.4963 | Val R²: -0.5630 | NightHrsTrueNEE vs NightHrsModelReco R²: -2.4900 | NightHrsTrueNee vs NightHrsModelNee R²: -2.4600
Epoch 13500 | Train Loss: 0.026678 | Val Loss: 0.027049 | Train R²: -0.3124 | Val R²: -0.3602 | NightHrsTrueNEE vs NightHrsModelReco R²: -2.0100 | NightHrsTrueNee vs NightHrsModelNee R²: -1.9900
Epoch 14000 | Train Loss: 0.023811 | Val Loss: 0.023913 | Train R²: -0.1713 | Val R²: -0.2025 | NightHrsTrueNEE vs NightHrsModelReco R²: -1.6300 | NightHrsTrueNee vs NightHrsModelNee R²: -1.6100
Epoch 14500 | Train Loss: 0.021654 | Val Loss: 0.021618 | Train R²: -0.0652 | Val R²: -0.0871 | NightHrsTrueNEE vs NightHrsModelReco R²: -1.3700 | NightHrsTrueNee vs NightHrsModelNee R²: -1.3500
Epoch 15000 | Train Loss: 0.020081 | Val Loss: 0.019978 | Train R²: 0.0122 | Val R²: -0.0046 | NightHrsTrueNEE vs NightHrsModelReco R²: -1.1700 | NightHrsTrueNee vs NightHrsModelNee R²: -1.1600
Epoch 15500 | Train Loss: 0.018901 | Val Loss: 0.018744 | Train R²: 0.0702 | Val R²: 0.0574 | NightHrsTrueNEE vs NightHrsModelReco R²: -1.0000 | NightHrsTrueNee vs NightHrsModelNee R²: -0.9900
Epoch 16000 | Train Loss: 0.018001 | Val Loss: 0.017805 | Train R²: 0.1145 | Val R²: 0.1047 | NightHrsTrueNEE vs NightHrsModelReco R²: -0.8600 | NightHrsTrueNee vs NightHrsModelNee R²: -0.8500
Epoch 16500 | Train Loss: 0.017297 | Val Loss: 0.017087 | Train R²: 0.1491 | Val R²: 0.1407 | NightHrsTrueNEE vs NightHrsModelReco R²: -0.7400 | NightHrsTrueNee vs NightHrsModelNee R²: -0.7300
Epoch 17000 | Train Loss: 0.016701 | Val Loss: 0.016493 | Train R²: 0.1784 | Val R²: 0.1706 | NightHrsTrueNEE vs NightHrsModelReco R²: -0.6200 | NightHrsTrueNee vs NightHrsModelNee R²: -0.6200
Epoch 17500 | Train Loss: 0.016101 | Val Loss: 0.015883 | Train R²: 0.2079 | Val R²: 0.2013 | NightHrsTrueNEE vs NightHrsModelReco R²: -0.4800 | NightHrsTrueNee vs NightHrsModelNee R²: -0.4700
Epoch 18000 | Train Loss: 0.015230 | Val Loss: 0.014931 | Train R²: 0.2508 | Val R²: 0.2491 | NightHrsTrueNEE vs NightHrsModelReco R²: -0.2900 | NightHrsTrueNee vs NightHrsModelNee R²: -0.2900
Epoch 18500 | Train Loss: 0.014610 | Val Loss: 0.014297 | Train R²: 0.2813 | Val R²: 0.2811 | NightHrsTrueNEE vs NightHrsModelReco R²: -0.2500 | NightHrsTrueNee vs NightHrsModelNee R²: -0.2400
Epoch 19000 | Train Loss: 0.014122 | Val Loss: 0.013800 | Train R²: 0.3053 | Val R²: 0.3060 | NightHrsTrueNEE vs NightHrsModelReco R²: -0.2200 | NightHrsTrueNee vs NightHrsModelNee R²: -0.2200
Epoch 19500 | Train Loss: 0.013574 | Val Loss: 0.013258 | Train R²: 0.3322 | Val R²: 0.3333 | NightHrsTrueNEE vs NightHrsModelReco R²: -0.1900 | NightHrsTrueNee vs NightHrsModelNee R²: -0.1900
Epoch 20000 | Train Loss: 0.012842 | Val Loss: 0.012561 | Train R²: 0.3683 | Val R²: 0.3684 | NightHrsTrueNEE vs NightHrsModelReco R²: -0.1600 | NightHrsTrueNee vs NightHrsModelNee R²: -0.1600
Epoch 20500 | Train Loss: 0.011832 | Val Loss: 0.011610 | Train R²: 0.4179 | Val R²: 0.4162 | NightHrsTrueNEE vs NightHrsModelReco R²: -0.1300 | NightHrsTrueNee vs NightHrsModelNee R²: -0.1300
Epoch 21000 | Train Loss: 0.010505 | Val Loss: 0.010376 | Train R²: 0.4832 | Val R²: 0.4782 | NightHrsTrueNEE vs NightHrsModelReco R²: -0.0800 | NightHrsTrueNee vs NightHrsModelNee R²: -0.0800
Epoch 21500 | Train Loss: 0.008916 | Val Loss: 0.008891 | Train R²: 0.5614 | Val R²: 0.5529 | NightHrsTrueNEE vs NightHrsModelReco R²: -0.0100 | NightHrsTrueNee vs NightHrsModelNee R²: -0.0100
Epoch 22000 | Train Loss: 0.007212 | Val Loss: 0.007266 | Train R²: 0.6452 | Val R²: 0.6346 | NightHrsTrueNEE vs NightHrsModelReco R²: 0.1000 | NightHrsTrueNee vs NightHrsModelNee R²: 0.1000
Epoch 22500 | Train Loss: 0.005681 | Val Loss: 0.005755 | Train R²: 0.7205 | Val R²: 0.7106 | NightHrsTrueNEE vs NightHrsModelReco R²: 0.2500 | NightHrsTrueNee vs NightHrsModelNee R²: 0.2500
Epoch 23000 | Train Loss: 0.004669 | Val Loss: 0.004711 | Train R²: 0.7703 | Val R²: 0.7631 | NightHrsTrueNEE vs NightHrsModelReco R²: 0.3900 | NightHrsTrueNee vs NightHrsModelNee R²: 0.3900
Epoch 23500 | Train Loss: 0.004079 | Val Loss: 0.004095 | Train R²: 0.7993 | Val R²: 0.7941 | NightHrsTrueNEE vs NightHrsModelReco R²: 0.4700 | NightHrsTrueNee vs NightHrsModelNee R²: 0.4700
Epoch 24000 | Train Loss: 0.003664 | Val Loss: 0.003656 | Train R²: 0.8198 | Val R²: 0.8162 | NightHrsTrueNEE vs NightHrsModelReco R²: 0.5100 | NightHrsTrueNee vs NightHrsModelNee R²: 0.5100
Epoch 24500 | Train Loss: 0.003397 | Val Loss: 0.003368 | Train R²: 0.8329 | Val R²: 0.8306 | NightHrsTrueNEE vs NightHrsModelReco R²: 0.5400 | NightHrsTrueNee vs NightHrsModelNee R²: 0.5400
Epoch 25000 | Train Loss: 0.003234 | Val Loss: 0.003192 | Train R²: 0.8409 | Val R²: 0.8395 | NightHrsTrueNEE vs NightHrsModelReco R²: 0.5600 | NightHrsTrueNee vs NightHrsModelNee R²: 0.5600
Epoch 25500 | Train Loss: 0.003130 | Val Loss: 0.003086 | Train R²: 0.8460 | Val R²: 0.8448 | NightHrsTrueNEE vs NightHrsModelReco R²: 0.5700 | NightHrsTrueNee vs NightHrsModelNee R²: 0.5700
Epoch 26000 | Train Loss: 0.003054 | Val Loss: 0.003015 | Train R²: 0.8498 | Val R²: 0.8484 | NightHrsTrueNEE vs NightHrsModelReco R²: 0.5800 | NightHrsTrueNee vs NightHrsModelNee R²: 0.5700
Epoch 26500 | Train Loss: 0.002999 | Val Loss: 0.002966 | Train R²: 0.8525 | Val R²: 0.8508 | NightHrsTrueNEE vs NightHrsModelReco R²: 0.5800 | NightHrsTrueNee vs NightHrsModelNee R²: 0.5800
Epoch 27000 | Train Loss: 0.002961 | Val Loss: 0.002934 | Train R²: 0.8544 | Val R²: 0.8525 | NightHrsTrueNEE vs NightHrsModelReco R²: 0.5800 | NightHrsTrueNee vs NightHrsModelNee R²: 0.5800
Epoch 27500 | Train Loss: 0.002924 | Val Loss: 0.002906 | Train R²: 0.8562 | Val R²: 0.8539 | NightHrsTrueNEE vs NightHrsModelReco R²: 0.5800 | NightHrsTrueNee vs NightHrsModelNee R²: 0.5800
Epoch 28000 | Train Loss: 0.002887 | Val Loss: 0.002876 | Train R²: 0.8580 | Val R²: 0.8554 | NightHrsTrueNEE vs NightHrsModelReco R²: 0.5900 | NightHrsTrueNee vs NightHrsModelNee R²: 0.5900
Epoch 28500 | Train Loss: 0.002849 | Val Loss: 0.002842 | Train R²: 0.8598 | Val R²: 0.8571 | NightHrsTrueNEE vs NightHrsModelReco R²: 0.5900 | NightHrsTrueNee vs NightHrsModelNee R²: 0.5900
Epoch 29000 | Train Loss: 0.002814 | Val Loss: 0.002806 | Train R²: 0.8616 | Val R²: 0.8589 | NightHrsTrueNEE vs NightHrsModelReco R²: 0.6000 | NightHrsTrueNee vs NightHrsModelNee R²: 0.6000
Epoch 29500 | Train Loss: 0.002783 | Val Loss: 0.002774 | Train R²: 0.8631 | Val R²: 0.8605 | NightHrsTrueNEE vs NightHrsModelReco R²: 0.6000 | NightHrsTrueNee vs NightHrsModelNee R²: 0.6000
Epoch 30000 | Train Loss: 0.002754 | Val Loss: 0.002744 | Train R²: 0.8645 | Val R²: 0.8620 | NightHrsTrueNEE vs NightHrsModelReco R²: 0.6000 | NightHrsTrueNee vs NightHrsModelNee R²: 0.6000
Epoch 30500 | Train Loss: 0.002724 | Val Loss: 0.002714 | Train R²: 0.8660 | Val R²: 0.8635 | NightHrsTrueNEE vs NightHrsModelReco R²: 0.6100 | NightHrsTrueNee vs NightHrsModelNee R²: 0.6100
Epoch 31000 | Train Loss: 0.002694 | Val Loss: 0.002685 | Train R²: 0.8675 | Val R²: 0.8650 | NightHrsTrueNEE vs NightHrsModelReco R²: 0.6100 | NightHrsTrueNee vs NightHrsModelNee R²: 0.6100
Epoch 31500 | Train Loss: 0.002668 | Val Loss: 0.002657 | Train R²: 0.8688 | Val R²: 0.8664 | NightHrsTrueNEE vs NightHrsModelReco R²: 0.6200 | NightHrsTrueNee vs NightHrsModelNee R²: 0.6200
Epoch 32000 | Train Loss: 0.002646 | Val Loss: 0.002633 | Train R²: 0.8698 | Val R²: 0.8676 | NightHrsTrueNEE vs NightHrsModelReco R²: 0.6200 | NightHrsTrueNee vs NightHrsModelNee R²: 0.6200
Early stopping at epoch 32172 due to flat/negative trend (slope=0.000002)
Epoch 32172 | Train Loss: 0.002641 | Val Loss: 0.002629 | Train R²: 0.8701 | Val R²: 0.8678
Unpickling models
Following models have been loaded and moved to cuda:
trained gpp model:
 SNN_GPP_Tram(
  (net): Sequential(
    (0): Linear(in_features=8, out_features=12, bias=True)
    (1): Tanh()
    (2): Linear(in_features=12, out_features=1, bias=True)
    (3): Sigmoid()
  )
), trained_reco_model:
 SNN_GPP_Tram(
  (net): Sequential(
    (0): Linear(in_features=8, out_features=12, bias=True)
    (1): Tanh()
    (2): Linear(in_features=12, out_features=1, bias=True)
    (3): Sigmoid()
  )
)
using full data set for visualization
Un-normalizing the GPP and RECO predictions using NEE min: tensor([-50.4310]), NEE max: tensor([42.8991])



Metrics for the Tramontana, with
GPP inputs: ['SW_IN', 'TA', 'VPD', 'WS', 'WD_COS', 'WD_SIN', 'WTD', 'Salinity']
RECO inputs: ['DOY_sin', 'DOY_cos', 'TA', 'WS', 'WD_COS', 'WD_SIN', 'WTD', 'Salinity']:
dt_gpp vs Tramontana_GPP R²=0.90 RMSE=2.59
nt_gpp vs Tramontana_GPP R²=0.85 RMSE=3.28
dt_reco vs Tramontana_RECO R²=0.58 RMSE=2.25
nt_reco vs Tramontana_RECO R²=0.57 RMSE=2.19
night_hours_true_nee vs Tramontana_night_hours_model_reco R²=0.63 RMSE=2.17
night_hours_true_nee vs Tramontana_night_hours_model_nee R²=0.63 RMSE=2.17
dt_gpp vs nt_gpp R²=0.90 RMSE=2.59
dt_reco vs nt_reco R²=0.77 RMSE=2.00

gpp_input_names,  ['SW_IN', 'TA', 'VPD', 'WS', 'WD_COS', 'WD_SIN', 'WTD', 'Salinity', 'WTD_HalfHourlyDiff'] 
reco_input_names,  ['DOY_sin', 'DOY_cos', 'TA', 'WS', 'WD_COS', 'WD_SIN', 'WTD', 'Salinity', 'WTD_HalfHourlyDiff'] 
true_nee_name,  ['NEE'] 

Tramontana Running on GPU With hidden layer size of 12 Total epochs: 100000 lr: 0.001 patience: 500 min_delta 0.01
SNN_GPP_Tram(
  (net): Sequential(
    (0): Linear(in_features=9, out_features=12, bias=True)
    (1): Tanh()
    (2): Linear(in_features=12, out_features=1, bias=True)
    (3): Sigmoid()
  )
)
SNN_RECO_Tram(
  (net): Sequential(
    (0): Linear(in_features=9, out_features=12, bias=True)
    (1): Tanh()
    (2): Linear(in_features=12, out_features=1, bias=True)
    (3): Sigmoid()
  )
)
Params are min slope: 2e-06, trend window: 100
Epoch     0 | Train Loss: 14727.866211 | Val Loss: 13960.752930 | Train R²: -724513.7500 | Val R²: -702037.0625 | NightHrsTrueNEE vs NightHrsModelReco R²: -39.2800 | NightHrsTrueNee vs NightHrsModelNee R²: -73.0800
Epoch   500 | Train Loss: 159.274689 | Val Loss: 154.887650 | Train R²: -7834.2725 | Val R²: -7787.7656 | NightHrsTrueNEE vs NightHrsModelReco R²: -139.1600 | NightHrsTrueNee vs NightHrsModelNee R²: -133.6700
Epoch  1000 | Train Loss: 42.441456 | Val Loss: 41.495514 | Train R²: -2086.8423 | Val R²: -2085.6663 | NightHrsTrueNEE vs NightHrsModelReco R²: -153.0100 | NightHrsTrueNee vs NightHrsModelNee R²: -148.7700
Epoch  1500 | Train Loss: 18.672016 | Val Loss: 18.332285 | Train R²: -917.5411 | Val R²: -920.8673 | NightHrsTrueNEE vs NightHrsModelReco R²: -157.6500 | NightHrsTrueNee vs NightHrsModelNee R²: -154.2700
Epoch  2000 | Train Loss: 10.105543 | Val Loss: 9.958189 | Train R²: -496.1266 | Val R²: -499.7630 | NightHrsTrueNEE vs NightHrsModelReco R²: -159.7100 | NightHrsTrueNee vs NightHrsModelNee R²: -156.9000
Epoch  2500 | Train Loss: 6.141683 | Val Loss: 6.072678 | Train R²: -301.1306 | Val R²: -304.3740 | NightHrsTrueNEE vs NightHrsModelReco R²: -160.5400 | NightHrsTrueNee vs NightHrsModelNee R²: -158.1500
Epoch  3000 | Train Loss: 4.033089 | Val Loss: 4.000585 | Train R²: -197.4016 | Val R²: -200.1756 | NightHrsTrueNEE vs NightHrsModelReco R²: -160.3000 | NightHrsTrueNee vs NightHrsModelNee R²: -158.2300
Epoch  3500 | Train Loss: 2.806635 | Val Loss: 2.792895 | Train R²: -137.0681 | Val R²: -139.4450 | NightHrsTrueNEE vs NightHrsModelReco R²: -157.4700 | NightHrsTrueNee vs NightHrsModelNee R²: -155.6700
Epoch  4000 | Train Loss: 2.031769 | Val Loss: 2.030814 | Train R²: -98.9498 | Val R²: -101.1226 | NightHrsTrueNEE vs NightHrsModelReco R²: -142.5100 | NightHrsTrueNee vs NightHrsModelNee R²: -140.9900
Epoch  4500 | Train Loss: 1.496732 | Val Loss: 1.502714 | Train R²: -72.6294 | Val R²: -74.5663 | NightHrsTrueNEE vs NightHrsModelReco R²: -125.1100 | NightHrsTrueNee vs NightHrsModelNee R²: -123.8200
Epoch  5000 | Train Loss: 1.105116 | Val Loss: 1.112298 | Train R²: -53.3645 | Val R²: -54.9337 | NightHrsTrueNEE vs NightHrsModelReco R²: -105.4600 | NightHrsTrueNee vs NightHrsModelNee R²: -104.3400
Epoch  5500 | Train Loss: 0.837378 | Val Loss: 0.845097 | Train R²: -40.1935 | Val R²: -41.4970 | NightHrsTrueNEE vs NightHrsModelReco R²: -96.0100 | NightHrsTrueNee vs NightHrsModelNee R²: -95.0400
Epoch  6000 | Train Loss: 0.639628 | Val Loss: 0.646105 | Train R²: -30.4655 | Val R²: -31.4904 | NightHrsTrueNEE vs NightHrsModelReco R²: -82.2400 | NightHrsTrueNee vs NightHrsModelNee R²: -81.4300
Epoch  6500 | Train Loss: 0.480740 | Val Loss: 0.485587 | Train R²: -22.6493 | Val R²: -23.4185 | NightHrsTrueNEE vs NightHrsModelReco R²: -58.4200 | NightHrsTrueNee vs NightHrsModelNee R²: -57.8000
Epoch  7000 | Train Loss: 0.359075 | Val Loss: 0.363417 | Train R²: -16.6641 | Val R²: -17.2750 | NightHrsTrueNEE vs NightHrsModelReco R²: -38.4100 | NightHrsTrueNee vs NightHrsModelNee R²: -37.9600
Epoch  7500 | Train Loss: 0.270070 | Val Loss: 0.273865 | Train R²: -12.2857 | Val R²: -12.7717 | NightHrsTrueNEE vs NightHrsModelReco R²: -26.7300 | NightHrsTrueNee vs NightHrsModelNee R²: -26.4000
Epoch  8000 | Train Loss: 0.204753 | Val Loss: 0.207969 | Train R²: -9.0725 | Val R²: -9.4580 | NightHrsTrueNEE vs NightHrsModelReco R²: -19.5600 | NightHrsTrueNee vs NightHrsModelNee R²: -19.3100
Epoch  8500 | Train Loss: 0.156754 | Val Loss: 0.159426 | Train R²: -6.7113 | Val R²: -7.0170 | NightHrsTrueNEE vs NightHrsModelReco R²: -14.8200 | NightHrsTrueNee vs NightHrsModelNee R²: -14.6300
Epoch  9000 | Train Loss: 0.121320 | Val Loss: 0.123514 | Train R²: -4.9681 | Val R²: -5.2111 | NightHrsTrueNEE vs NightHrsModelReco R²: -11.4700 | NightHrsTrueNee vs NightHrsModelNee R²: -11.3200
Epoch  9500 | Train Loss: 0.095069 | Val Loss: 0.096848 | Train R²: -3.6768 | Val R²: -3.8702 | NightHrsTrueNEE vs NightHrsModelReco R²: -8.9900 | NightHrsTrueNee vs NightHrsModelNee R²: -8.8800
Epoch 10000 | Train Loss: 0.075571 | Val Loss: 0.076985 | Train R²: -2.7176 | Val R²: -2.8713 | NightHrsTrueNEE vs NightHrsModelReco R²: -7.1300 | NightHrsTrueNee vs NightHrsModelNee R²: -7.0400
Epoch 10500 | Train Loss: 0.061042 | Val Loss: 0.062138 | Train R²: -2.0029 | Val R²: -2.1247 | NightHrsTrueNEE vs NightHrsModelReco R²: -5.7100 | NightHrsTrueNee vs NightHrsModelNee R²: -5.6500
Epoch 11000 | Train Loss: 0.050159 | Val Loss: 0.050981 | Train R²: -1.4675 | Val R²: -1.5637 | NightHrsTrueNEE vs NightHrsModelReco R²: -4.6200 | NightHrsTrueNee vs NightHrsModelNee R²: -4.5700
Epoch 11500 | Train Loss: 0.041948 | Val Loss: 0.042536 | Train R²: -1.0636 | Val R²: -1.1390 | NightHrsTrueNEE vs NightHrsModelReco R²: -3.7600 | NightHrsTrueNee vs NightHrsModelNee R²: -3.7200
Epoch 12000 | Train Loss: 0.035690 | Val Loss: 0.036064 | Train R²: -0.7557 | Val R²: -0.8135 | NightHrsTrueNEE vs NightHrsModelReco R²: -3.0800 | NightHrsTrueNee vs NightHrsModelNee R²: -3.0500
Epoch 12500 | Train Loss: 0.030904 | Val Loss: 0.031074 | Train R²: -0.5203 | Val R²: -0.5626 | NightHrsTrueNEE vs NightHrsModelReco R²: -2.5300 | NightHrsTrueNee vs NightHrsModelNee R²: -2.5000
Epoch 13000 | Train Loss: 0.027271 | Val Loss: 0.027284 | Train R²: -0.3416 | Val R²: -0.3720 | NightHrsTrueNEE vs NightHrsModelReco R²: -2.1000 | NightHrsTrueNee vs NightHrsModelNee R²: -2.0800
Epoch 13500 | Train Loss: 0.024538 | Val Loss: 0.024446 | Train R²: -0.2071 | Val R²: -0.2293 | NightHrsTrueNEE vs NightHrsModelReco R²: -1.7800 | NightHrsTrueNee vs NightHrsModelNee R²: -1.7700
Epoch 14000 | Train Loss: 0.022506 | Val Loss: 0.022342 | Train R²: -0.1072 | Val R²: -0.1235 | NightHrsTrueNEE vs NightHrsModelReco R²: -1.5400 | NightHrsTrueNee vs NightHrsModelNee R²: -1.5300
Epoch 14500 | Train Loss: 0.021001 | Val Loss: 0.020784 | Train R²: -0.0331 | Val R²: -0.0452 | NightHrsTrueNEE vs NightHrsModelReco R²: -1.3500 | NightHrsTrueNee vs NightHrsModelNee R²: -1.3400
Epoch 15000 | Train Loss: 0.019881 | Val Loss: 0.019627 | Train R²: 0.0220 | Val R²: 0.0130 | NightHrsTrueNEE vs NightHrsModelReco R²: -1.1900 | NightHrsTrueNee vs NightHrsModelNee R²: -1.1800
Epoch 15500 | Train Loss: 0.019038 | Val Loss: 0.018759 | Train R²: 0.0634 | Val R²: 0.0567 | NightHrsTrueNEE vs NightHrsModelReco R²: -1.0600 | NightHrsTrueNee vs NightHrsModelNee R²: -1.0500
Epoch 16000 | Train Loss: 0.018393 | Val Loss: 0.018093 | Train R²: 0.0952 | Val R²: 0.0902 | NightHrsTrueNEE vs NightHrsModelReco R²: -0.9400 | NightHrsTrueNee vs NightHrsModelNee R²: -0.9300
Epoch 16500 | Train Loss: 0.017872 | Val Loss: 0.017550 | Train R²: 0.1208 | Val R²: 0.1175 | NightHrsTrueNEE vs NightHrsModelReco R²: -0.8100 | NightHrsTrueNee vs NightHrsModelNee R²: -0.8100
Epoch 17000 | Train Loss: 0.017388 | Val Loss: 0.017038 | Train R²: 0.1446 | Val R²: 0.1432 | NightHrsTrueNEE vs NightHrsModelReco R²: -0.6500 | NightHrsTrueNee vs NightHrsModelNee R²: -0.6500
Epoch 17500 | Train Loss: 0.016833 | Val Loss: 0.016455 | Train R²: 0.1719 | Val R²: 0.1726 | NightHrsTrueNEE vs NightHrsModelReco R²: -0.4400 | NightHrsTrueNee vs NightHrsModelNee R²: -0.4400
Epoch 18000 | Train Loss: 0.016194 | Val Loss: 0.015812 | Train R²: 0.2033 | Val R²: 0.2049 | NightHrsTrueNEE vs NightHrsModelReco R²: -0.2800 | NightHrsTrueNee vs NightHrsModelNee R²: -0.2800
Epoch 18500 | Train Loss: 0.015604 | Val Loss: 0.015210 | Train R²: 0.2324 | Val R²: 0.2351 | NightHrsTrueNEE vs NightHrsModelReco R²: -0.2300 | NightHrsTrueNee vs NightHrsModelNee R²: -0.2200
Epoch 19000 | Train Loss: 0.015069 | Val Loss: 0.014642 | Train R²: 0.2587 | Val R²: 0.2637 | NightHrsTrueNEE vs NightHrsModelReco R²: -0.2000 | NightHrsTrueNee vs NightHrsModelNee R²: -0.2000
Epoch 19500 | Train Loss: 0.014543 | Val Loss: 0.014118 | Train R²: 0.2846 | Val R²: 0.2901 | NightHrsTrueNEE vs NightHrsModelReco R²: -0.1900 | NightHrsTrueNee vs NightHrsModelNee R²: -0.1900
Epoch 20000 | Train Loss: 0.013817 | Val Loss: 0.013409 | Train R²: 0.3203 | Val R²: 0.3257 | NightHrsTrueNEE vs NightHrsModelReco R²: -0.1700 | NightHrsTrueNee vs NightHrsModelNee R²: -0.1700
Epoch 20500 | Train Loss: 0.012838 | Val Loss: 0.012456 | Train R²: 0.3684 | Val R²: 0.3736 | NightHrsTrueNEE vs NightHrsModelReco R²: -0.1500 | NightHrsTrueNee vs NightHrsModelNee R²: -0.1400
Epoch 21000 | Train Loss: 0.011529 | Val Loss: 0.011214 | Train R²: 0.4328 | Val R²: 0.4361 | NightHrsTrueNEE vs NightHrsModelReco R²: -0.1200 | NightHrsTrueNee vs NightHrsModelNee R²: -0.1200
Epoch 21500 | Train Loss: 0.009801 | Val Loss: 0.009581 | Train R²: 0.5178 | Val R²: 0.5182 | NightHrsTrueNEE vs NightHrsModelReco R²: -0.0500 | NightHrsTrueNee vs NightHrsModelNee R²: -0.0500
Epoch 22000 | Train Loss: 0.007947 | Val Loss: 0.007840 | Train R²: 0.6091 | Val R²: 0.6058 | NightHrsTrueNEE vs NightHrsModelReco R²: 0.0700 | NightHrsTrueNee vs NightHrsModelNee R²: 0.0700
Epoch 22500 | Train Loss: 0.006321 | Val Loss: 0.006280 | Train R²: 0.6891 | Val R²: 0.6842 | NightHrsTrueNEE vs NightHrsModelReco R²: 0.2100 | NightHrsTrueNee vs NightHrsModelNee R²: 0.2100
Epoch 23000 | Train Loss: 0.005200 | Val Loss: 0.005187 | Train R²: 0.7442 | Val R²: 0.7392 | NightHrsTrueNEE vs NightHrsModelReco R²: 0.3400 | NightHrsTrueNee vs NightHrsModelNee R²: 0.3400
Epoch 23500 | Train Loss: 0.004539 | Val Loss: 0.004529 | Train R²: 0.7767 | Val R²: 0.7722 | NightHrsTrueNEE vs NightHrsModelReco R²: 0.4200 | NightHrsTrueNee vs NightHrsModelNee R²: 0.4200
Epoch 24000 | Train Loss: 0.004067 | Val Loss: 0.004041 | Train R²: 0.7999 | Val R²: 0.7968 | NightHrsTrueNEE vs NightHrsModelReco R²: 0.4800 | NightHrsTrueNee vs NightHrsModelNee R²: 0.4800
Epoch 24500 | Train Loss: 0.003677 | Val Loss: 0.003637 | Train R²: 0.8191 | Val R²: 0.8171 | NightHrsTrueNEE vs NightHrsModelReco R²: 0.5200 | NightHrsTrueNee vs NightHrsModelNee R²: 0.5200
Epoch 25000 | Train Loss: 0.003355 | Val Loss: 0.003298 | Train R²: 0.8350 | Val R²: 0.8342 | NightHrsTrueNEE vs NightHrsModelReco R²: 0.5600 | NightHrsTrueNee vs NightHrsModelNee R²: 0.5600
Epoch 25500 | Train Loss: 0.003114 | Val Loss: 0.003047 | Train R²: 0.8468 | Val R²: 0.8468 | NightHrsTrueNEE vs NightHrsModelReco R²: 0.5800 | NightHrsTrueNee vs NightHrsModelNee R²: 0.5800
Epoch 26000 | Train Loss: 0.002960 | Val Loss: 0.002891 | Train R²: 0.8544 | Val R²: 0.8546 | NightHrsTrueNEE vs NightHrsModelReco R²: 0.6000 | NightHrsTrueNee vs NightHrsModelNee R²: 0.6000
Epoch 26500 | Train Loss: 0.002871 | Val Loss: 0.002806 | Train R²: 0.8588 | Val R²: 0.8589 | NightHrsTrueNEE vs NightHrsModelReco R²: 0.6100 | NightHrsTrueNee vs NightHrsModelNee R²: 0.6100
Epoch 27000 | Train Loss: 0.002820 | Val Loss: 0.002759 | Train R²: 0.8613 | Val R²: 0.8613 | NightHrsTrueNEE vs NightHrsModelReco R²: 0.6100 | NightHrsTrueNee vs NightHrsModelNee R²: 0.6100
Epoch 27500 | Train Loss: 0.002787 | Val Loss: 0.002728 | Train R²: 0.8629 | Val R²: 0.8628 | NightHrsTrueNEE vs NightHrsModelReco R²: 0.6100 | NightHrsTrueNee vs NightHrsModelNee R²: 0.6100
Epoch 28000 | Train Loss: 0.002762 | Val Loss: 0.002705 | Train R²: 0.8641 | Val R²: 0.8640 | NightHrsTrueNEE vs NightHrsModelReco R²: 0.6100 | NightHrsTrueNee vs NightHrsModelNee R²: 0.6100
Early stopping at epoch 28128 due to flat/negative trend (slope=0.000002)
Epoch 28128 | Train Loss: 0.002756 | Val Loss: 0.002701 | Train R²: 0.8644 | Val R²: 0.8642
Unpickling models
Following models have been loaded and moved to cuda:
trained gpp model:
 SNN_GPP_Tram(
  (net): Sequential(
    (0): Linear(in_features=9, out_features=12, bias=True)
    (1): Tanh()
    (2): Linear(in_features=12, out_features=1, bias=True)
    (3): Sigmoid()
  )
), trained_reco_model:
 SNN_GPP_Tram(
  (net): Sequential(
    (0): Linear(in_features=9, out_features=12, bias=True)
    (1): Tanh()
    (2): Linear(in_features=12, out_features=1, bias=True)
    (3): Sigmoid()
  )
)
using full data set for visualization
Un-normalizing the GPP and RECO predictions using NEE min: tensor([-50.4310]), NEE max: tensor([42.8991])



Metrics for the Tramontana, with
GPP inputs: ['SW_IN', 'TA', 'VPD', 'WS', 'WD_COS', 'WD_SIN', 'WTD', 'Salinity', 'WTD_HalfHourlyDiff']
RECO inputs: ['DOY_sin', 'DOY_cos', 'TA', 'WS', 'WD_COS', 'WD_SIN', 'WTD', 'Salinity', 'WTD_HalfHourlyDiff']:
dt_gpp vs Tramontana_GPP R²=0.90 RMSE=2.51
nt_gpp vs Tramontana_GPP R²=0.85 RMSE=3.29
dt_reco vs Tramontana_RECO R²=0.59 RMSE=2.22
nt_reco vs Tramontana_RECO R²=0.58 RMSE=2.15
night_hours_true_nee vs Tramontana_night_hours_model_reco R²=0.62 RMSE=2.19
night_hours_true_nee vs Tramontana_night_hours_model_nee R²=0.62 RMSE=2.19
dt_gpp vs nt_gpp R²=0.90 RMSE=2.59
dt_reco vs nt_reco R²=0.77 RMSE=2.00

gpp_input_names,  ['SW_IN', 'TA', 'VPD', 'WS', 'WD_COS', 'WD_SIN', 'WTD', 'Salinity', 'WTD_HalfHourlyDiff', 'WTD_DailyAvg', 'WTD_DailyDiff'] 
reco_input_names,  ['DOY_sin', 'DOY_cos', 'TA', 'WS', 'WD_COS', 'WD_SIN', 'WTD', 'Salinity', 'WTD_HalfHourlyDiff', 'WTD_DailyAvg', 'WTD_DailyDiff'] 
true_nee_name,  ['NEE'] 

Tramontana Running on GPU With hidden layer size of 12 Total epochs: 100000 lr: 0.001 patience: 500 min_delta 0.01
SNN_GPP_Tram(
  (net): Sequential(
    (0): Linear(in_features=11, out_features=12, bias=True)
    (1): Tanh()
    (2): Linear(in_features=12, out_features=1, bias=True)
    (3): Sigmoid()
  )
)
SNN_RECO_Tram(
  (net): Sequential(
    (0): Linear(in_features=11, out_features=12, bias=True)
    (1): Tanh()
    (2): Linear(in_features=12, out_features=1, bias=True)
    (3): Sigmoid()
  )
)
Params are min slope: 2e-06, trend window: 100
Epoch     0 | Train Loss: 27906.437500 | Val Loss: 26914.671875 | Train R²: -1372813.2500 | Val R²: -1353444.8750 | NightHrsTrueNEE vs NightHrsModelReco R²: -38.8200 | NightHrsTrueNee vs NightHrsModelNee R²: -111.7600
Epoch   500 | Train Loss: 354.289093 | Val Loss: 348.989136 | Train R²: -17427.7070 | Val R²: -17548.4609 | NightHrsTrueNEE vs NightHrsModelReco R²: -138.9700 | NightHrsTrueNee vs NightHrsModelNee R²: -131.9600
Epoch  1000 | Train Loss: 85.692558 | Val Loss: 84.986916 | Train R²: -4214.5137 | Val R²: -4272.6987 | NightHrsTrueNEE vs NightHrsModelReco R²: -152.5500 | NightHrsTrueNee vs NightHrsModelNee R²: -146.6300
Epoch  1500 | Train Loss: 36.473072 | Val Loss: 36.307480 | Train R²: -1793.2365 | Val R²: -1824.7781 | NightHrsTrueNEE vs NightHrsModelReco R²: -157.4300 | NightHrsTrueNee vs NightHrsModelNee R²: -152.5900
Epoch  2000 | Train Loss: 19.321115 | Val Loss: 19.287228 | Train R²: -949.4728 | Val R²: -968.8882 | NightHrsTrueNEE vs NightHrsModelReco R²: -159.8600 | NightHrsTrueNee vs NightHrsModelNee R²: -155.8000
Epoch  2500 | Train Loss: 11.488110 | Val Loss: 11.495470 | Train R²: -564.1400 | Val R²: -577.0675 | NightHrsTrueNEE vs NightHrsModelReco R²: -161.2100 | NightHrsTrueNee vs NightHrsModelNee R²: -157.7300
Epoch  3000 | Train Loss: 7.339297 | Val Loss: 7.360191 | Train R²: -360.0454 | Val R²: -369.1186 | NightHrsTrueNEE vs NightHrsModelReco R²: -161.9100 | NightHrsTrueNee vs NightHrsModelNee R²: -158.8800
Epoch  3500 | Train Loss: 4.930869 | Val Loss: 4.955336 | Train R²: -241.5665 | Val R²: -248.1868 | NightHrsTrueNEE vs NightHrsModelReco R²: -162.0100 | NightHrsTrueNee vs NightHrsModelNee R²: -159.3400
Epoch  4000 | Train Loss: 3.445104 | Val Loss: 3.469487 | Train R²: -168.4766 | Val R²: -173.4686 | NightHrsTrueNEE vs NightHrsModelReco R²: -161.0200 | NightHrsTrueNee vs NightHrsModelNee R²: -158.6700
Epoch  4500 | Train Loss: 2.486315 | Val Loss: 2.509991 | Train R²: -121.3104 | Val R²: -125.2188 | NightHrsTrueNEE vs NightHrsModelReco R²: -156.4200 | NightHrsTrueNee vs NightHrsModelNee R²: -154.3500
Epoch  5000 | Train Loss: 1.838840 | Val Loss: 1.862950 | Train R²: -89.4589 | Val R²: -92.6813 | NightHrsTrueNEE vs NightHrsModelReco R²: -142.3600 | NightHrsTrueNee vs NightHrsModelNee R²: -140.5800
Epoch  5500 | Train Loss: 1.387739 | Val Loss: 1.410284 | Train R²: -67.2677 | Val R²: -69.9183 | NightHrsTrueNEE vs NightHrsModelReco R²: -127.9100 | NightHrsTrueNee vs NightHrsModelNee R²: -126.3700
Epoch  6000 | Train Loss: 1.070227 | Val Loss: 1.090110 | Train R²: -51.6482 | Val R²: -53.8179 | NightHrsTrueNEE vs NightHrsModelReco R²: -119.6800 | NightHrsTrueNee vs NightHrsModelNee R²: -118.3100
Epoch  6500 | Train Loss: 0.842810 | Val Loss: 0.860226 | Train R²: -40.4608 | Val R²: -42.2578 | NightHrsTrueNEE vs NightHrsModelReco R²: -113.1900 | NightHrsTrueNee vs NightHrsModelNee R²: -111.9700
Epoch  7000 | Train Loss: 0.675331 | Val Loss: 0.690183 | Train R²: -32.2219 | Val R²: -33.7069 | NightHrsTrueNEE vs NightHrsModelReco R²: -106.3100 | NightHrsTrueNee vs NightHrsModelNee R²: -105.2200
Epoch  7500 | Train Loss: 0.519888 | Val Loss: 0.530826 | Train R²: -24.5751 | Val R²: -25.6934 | NightHrsTrueNEE vs NightHrsModelReco R²: -86.4500 | NightHrsTrueNee vs NightHrsModelNee R²: -85.5500
Epoch  8000 | Train Loss: 0.381268 | Val Loss: 0.389089 | Train R²: -17.7559 | Val R²: -18.5659 | NightHrsTrueNEE vs NightHrsModelReco R²: -50.3700 | NightHrsTrueNee vs NightHrsModelNee R²: -49.7500
Epoch  8500 | Train Loss: 0.286320 | Val Loss: 0.292250 | Train R²: -13.0851 | Val R²: -13.6962 | NightHrsTrueNEE vs NightHrsModelReco R²: -33.7400 | NightHrsTrueNee vs NightHrsModelNee R²: -33.3000
Epoch  9000 | Train Loss: 0.216558 | Val Loss: 0.221225 | Train R²: -9.6532 | Val R²: -10.1246 | NightHrsTrueNEE vs NightHrsModelReco R²: -24.6800 | NightHrsTrueNee vs NightHrsModelNee R²: -24.3500
Epoch  9500 | Train Loss: 0.165036 | Val Loss: 0.168693 | Train R²: -7.1187 | Val R²: -7.4830 | NightHrsTrueNEE vs NightHrsModelReco R²: -18.5600 | NightHrsTrueNee vs NightHrsModelNee R²: -18.3000
Epoch 10000 | Train Loss: 0.126985 | Val Loss: 0.129809 | Train R²: -5.2468 | Val R²: -5.5276 | NightHrsTrueNEE vs NightHrsModelReco R²: -14.1500 | NightHrsTrueNee vs NightHrsModelNee R²: -13.9600
Epoch 10500 | Train Loss: 0.098900 | Val Loss: 0.101044 | Train R²: -3.8652 | Val R²: -4.0811 | NightHrsTrueNEE vs NightHrsModelReco R²: -10.9100 | NightHrsTrueNee vs NightHrsModelNee R²: -10.7600
Epoch 11000 | Train Loss: 0.078072 | Val Loss: 0.079685 | Train R²: -2.8406 | Val R²: -3.0071 | NightHrsTrueNEE vs NightHrsModelReco R²: -8.5000 | NightHrsTrueNee vs NightHrsModelNee R²: -8.3900
Epoch 11500 | Train Loss: 0.062470 | Val Loss: 0.063701 | Train R²: -2.0731 | Val R²: -2.2033 | NightHrsTrueNEE vs NightHrsModelReco R²: -6.6800 | NightHrsTrueNee vs NightHrsModelNee R²: -6.6000
Epoch 12000 | Train Loss: 0.050642 | Val Loss: 0.051620 | Train R²: -1.4913 | Val R²: -1.5958 | NightHrsTrueNEE vs NightHrsModelReco R²: -5.2900 | NightHrsTrueNee vs NightHrsModelNee R²: -5.2300
Epoch 12500 | Train Loss: 0.041583 | Val Loss: 0.042394 | Train R²: -1.0456 | Val R²: -1.1319 | NightHrsTrueNEE vs NightHrsModelReco R²: -4.2200 | NightHrsTrueNee vs NightHrsModelNee R²: -4.1700
Epoch 13000 | Train Loss: 0.034605 | Val Loss: 0.035291 | Train R²: -0.7023 | Val R²: -0.7747 | NightHrsTrueNEE vs NightHrsModelReco R²: -3.3700 | NightHrsTrueNee vs NightHrsModelNee R²: -3.3300
Epoch 13500 | Train Loss: 0.029229 | Val Loss: 0.029795 | Train R²: -0.4379 | Val R²: -0.4983 | NightHrsTrueNEE vs NightHrsModelReco R²: -2.6900 | NightHrsTrueNee vs NightHrsModelNee R²: -2.6600
Epoch 14000 | Train Loss: 0.025105 | Val Loss: 0.025545 | Train R²: -0.2350 | Val R²: -0.2846 | NightHrsTrueNEE vs NightHrsModelReco R²: -2.1400 | NightHrsTrueNee vs NightHrsModelNee R²: -2.1200
Epoch 14500 | Train Loss: 0.021963 | Val Loss: 0.022265 | Train R²: -0.0804 | Val R²: -0.1196 | NightHrsTrueNEE vs NightHrsModelReco R²: -1.6900 | NightHrsTrueNee vs NightHrsModelNee R²: -1.6800
Epoch 15000 | Train Loss: 0.019558 | Val Loss: 0.019721 | Train R²: 0.0379 | Val R²: 0.0083 | NightHrsTrueNEE vs NightHrsModelReco R²: -1.3300 | NightHrsTrueNee vs NightHrsModelNee R²: -1.3200
Epoch 15500 | Train Loss: 0.017762 | Val Loss: 0.017825 | Train R²: 0.1262 | Val R²: 0.1036 | NightHrsTrueNEE vs NightHrsModelReco R²: -1.0700 | NightHrsTrueNee vs NightHrsModelNee R²: -1.0600
Epoch 16000 | Train Loss: 0.016456 | Val Loss: 0.016438 | Train R²: 0.1905 | Val R²: 0.1734 | NightHrsTrueNEE vs NightHrsModelReco R²: -0.8800 | NightHrsTrueNee vs NightHrsModelNee R²: -0.8700
Epoch 16500 | Train Loss: 0.015476 | Val Loss: 0.015390 | Train R²: 0.2387 | Val R²: 0.2261 | NightHrsTrueNEE vs NightHrsModelReco R²: -0.7200 | NightHrsTrueNee vs NightHrsModelNee R²: -0.7100
Epoch 17000 | Train Loss: 0.014657 | Val Loss: 0.014514 | Train R²: 0.2790 | Val R²: 0.2701 | NightHrsTrueNEE vs NightHrsModelReco R²: -0.5500 | NightHrsTrueNee vs NightHrsModelNee R²: -0.5400
Epoch 17500 | Train Loss: 0.013783 | Val Loss: 0.013602 | Train R²: 0.3220 | Val R²: 0.3160 | NightHrsTrueNEE vs NightHrsModelReco R²: -0.3700 | NightHrsTrueNee vs NightHrsModelNee R²: -0.3700
Epoch 18000 | Train Loss: 0.013039 | Val Loss: 0.012828 | Train R²: 0.3586 | Val R²: 0.3549 | NightHrsTrueNEE vs NightHrsModelReco R²: -0.2800 | NightHrsTrueNee vs NightHrsModelNee R²: -0.2800
Epoch 18500 | Train Loss: 0.012567 | Val Loss: 0.012348 | Train R²: 0.3818 | Val R²: 0.3791 | NightHrsTrueNEE vs NightHrsModelReco R²: -0.2400 | NightHrsTrueNee vs NightHrsModelNee R²: -0.2400
Epoch 19000 | Train Loss: 0.012203 | Val Loss: 0.011976 | Train R²: 0.3997 | Val R²: 0.3978 | NightHrsTrueNEE vs NightHrsModelReco R²: -0.2100 | NightHrsTrueNee vs NightHrsModelNee R²: -0.2100
Epoch 19500 | Train Loss: 0.011848 | Val Loss: 0.011619 | Train R²: 0.4172 | Val R²: 0.4157 | NightHrsTrueNEE vs NightHrsModelReco R²: -0.1800 | NightHrsTrueNee vs NightHrsModelNee R²: -0.1800
Epoch 20000 | Train Loss: 0.011456 | Val Loss: 0.011231 | Train R²: 0.4364 | Val R²: 0.4352 | NightHrsTrueNEE vs NightHrsModelReco R²: -0.1500 | NightHrsTrueNee vs NightHrsModelNee R²: -0.1500
Epoch 20500 | Train Loss: 0.011003 | Val Loss: 0.010789 | Train R²: 0.4587 | Val R²: 0.4575 | NightHrsTrueNEE vs NightHrsModelReco R²: -0.1300 | NightHrsTrueNee vs NightHrsModelNee R²: -0.1200
Epoch 21000 | Train Loss: 0.010474 | Val Loss: 0.010274 | Train R²: 0.4847 | Val R²: 0.4834 | NightHrsTrueNEE vs NightHrsModelReco R²: -0.1000 | NightHrsTrueNee vs NightHrsModelNee R²: -0.0900
Epoch 21500 | Train Loss: 0.009880 | Val Loss: 0.009700 | Train R²: 0.5140 | Val R²: 0.5122 | NightHrsTrueNEE vs NightHrsModelReco R²: -0.0700 | NightHrsTrueNee vs NightHrsModelNee R²: -0.0600
Epoch 22000 | Train Loss: 0.009237 | Val Loss: 0.009078 | Train R²: 0.5456 | Val R²: 0.5435 | NightHrsTrueNEE vs NightHrsModelReco R²: -0.0300 | NightHrsTrueNee vs NightHrsModelNee R²: -0.0300
Epoch 22500 | Train Loss: 0.008568 | Val Loss: 0.008431 | Train R²: 0.5785 | Val R²: 0.5760 | NightHrsTrueNEE vs NightHrsModelReco R²: 0.0000 | NightHrsTrueNee vs NightHrsModelNee R²: 0.0000
Epoch 23000 | Train Loss: 0.007877 | Val Loss: 0.007787 | Train R²: 0.6125 | Val R²: 0.6084 | NightHrsTrueNEE vs NightHrsModelReco R²: 0.0300 | NightHrsTrueNee vs NightHrsModelNee R²: 0.0400
Epoch 23500 | Train Loss: 0.007200 | Val Loss: 0.007155 | Train R²: 0.6458 | Val R²: 0.6402 | NightHrsTrueNEE vs NightHrsModelReco R²: 0.0800 | NightHrsTrueNee vs NightHrsModelNee R²: 0.0800
Epoch 24000 | Train Loss: 0.006573 | Val Loss: 0.006562 | Train R²: 0.6766 | Val R²: 0.6700 | NightHrsTrueNEE vs NightHrsModelReco R²: 0.1300 | NightHrsTrueNee vs NightHrsModelNee R²: 0.1300
Epoch 24500 | Train Loss: 0.005977 | Val Loss: 0.005991 | Train R²: 0.7060 | Val R²: 0.6987 | NightHrsTrueNEE vs NightHrsModelReco R²: 0.2000 | NightHrsTrueNee vs NightHrsModelNee R²: 0.2000
Epoch 25000 | Train Loss: 0.005409 | Val Loss: 0.005430 | Train R²: 0.7339 | Val R²: 0.7269 | NightHrsTrueNEE vs NightHrsModelReco R²: 0.2700 | NightHrsTrueNee vs NightHrsModelNee R²: 0.2700
Epoch 25500 | Train Loss: 0.004870 | Val Loss: 0.004888 | Train R²: 0.7604 | Val R²: 0.7542 | NightHrsTrueNEE vs NightHrsModelReco R²: 0.3400 | NightHrsTrueNee vs NightHrsModelNee R²: 0.3400
Epoch 26000 | Train Loss: 0.004390 | Val Loss: 0.004404 | Train R²: 0.7841 | Val R²: 0.7786 | NightHrsTrueNEE vs NightHrsModelReco R²: 0.4100 | NightHrsTrueNee vs NightHrsModelNee R²: 0.4100
Epoch 26500 | Train Loss: 0.003985 | Val Loss: 0.003991 | Train R²: 0.8040 | Val R²: 0.7993 | NightHrsTrueNEE vs NightHrsModelReco R²: 0.4700 | NightHrsTrueNee vs NightHrsModelNee R²: 0.4700
Epoch 27000 | Train Loss: 0.003648 | Val Loss: 0.003643 | Train R²: 0.8205 | Val R²: 0.8168 | NightHrsTrueNEE vs NightHrsModelReco R²: 0.5100 | NightHrsTrueNee vs NightHrsModelNee R²: 0.5100
Epoch 27500 | Train Loss: 0.003374 | Val Loss: 0.003348 | Train R²: 0.8340 | Val R²: 0.8316 | NightHrsTrueNEE vs NightHrsModelReco R²: 0.5500 | NightHrsTrueNee vs NightHrsModelNee R²: 0.5500
Epoch 28000 | Train Loss: 0.003168 | Val Loss: 0.003119 | Train R²: 0.8442 | Val R²: 0.8431 | NightHrsTrueNEE vs NightHrsModelReco R²: 0.5800 | NightHrsTrueNee vs NightHrsModelNee R²: 0.5800
Epoch 28500 | Train Loss: 0.003029 | Val Loss: 0.002967 | Train R²: 0.8510 | Val R²: 0.8508 | NightHrsTrueNEE vs NightHrsModelReco R²: 0.6000 | NightHrsTrueNee vs NightHrsModelNee R²: 0.6000
Epoch 29000 | Train Loss: 0.002944 | Val Loss: 0.002876 | Train R²: 0.8552 | Val R²: 0.8554 | NightHrsTrueNEE vs NightHrsModelReco R²: 0.6100 | NightHrsTrueNee vs NightHrsModelNee R²: 0.6100
Epoch 29500 | Train Loss: 0.002882 | Val Loss: 0.002814 | Train R²: 0.8582 | Val R²: 0.8585 | NightHrsTrueNEE vs NightHrsModelReco R²: 0.6100 | NightHrsTrueNee vs NightHrsModelNee R²: 0.6100
Epoch 30000 | Train Loss: 0.002838 | Val Loss: 0.002771 | Train R²: 0.8604 | Val R²: 0.8606 | NightHrsTrueNEE vs NightHrsModelReco R²: 0.6100 | NightHrsTrueNee vs NightHrsModelNee R²: 0.6100
Epoch 30500 | Train Loss: 0.002803 | Val Loss: 0.002739 | Train R²: 0.8621 | Val R²: 0.8622 | NightHrsTrueNEE vs NightHrsModelReco R²: 0.6100 | NightHrsTrueNee vs NightHrsModelNee R²: 0.6100
Epoch 31000 | Train Loss: 0.002770 | Val Loss: 0.002713 | Train R²: 0.8637 | Val R²: 0.8636 | NightHrsTrueNEE vs NightHrsModelReco R²: 0.6200 | NightHrsTrueNee vs NightHrsModelNee R²: 0.6200
Epoch 31500 | Train Loss: 0.002741 | Val Loss: 0.002689 | Train R²: 0.8651 | Val R²: 0.8648 | NightHrsTrueNEE vs NightHrsModelReco R²: 0.6200 | NightHrsTrueNee vs NightHrsModelNee R²: 0.6200
Epoch 32000 | Train Loss: 0.002715 | Val Loss: 0.002667 | Train R²: 0.8664 | Val R²: 0.8659 | NightHrsTrueNEE vs NightHrsModelReco R²: 0.6200 | NightHrsTrueNee vs NightHrsModelNee R²: 0.6200
Early stopping at epoch 32205 due to flat/negative trend (slope=0.000002)
Epoch 32205 | Train Loss: 0.002707 | Val Loss: 0.002661 | Train R²: 0.8668 | Val R²: 0.8662
Unpickling models
Following models have been loaded and moved to cuda:
trained gpp model:
 SNN_GPP_Tram(
  (net): Sequential(
    (0): Linear(in_features=11, out_features=12, bias=True)
    (1): Tanh()
    (2): Linear(in_features=12, out_features=1, bias=True)
    (3): Sigmoid()
  )
), trained_reco_model:
 SNN_GPP_Tram(
  (net): Sequential(
    (0): Linear(in_features=11, out_features=12, bias=True)
    (1): Tanh()
    (2): Linear(in_features=12, out_features=1, bias=True)
    (3): Sigmoid()
  )
)
using full data set for visualization
Un-normalizing the GPP and RECO predictions using NEE min: tensor([-50.4310]), NEE max: tensor([42.8991])



Metrics for the Tramontana, with
GPP inputs: ['SW_IN', 'TA', 'VPD', 'WS', 'WD_COS', 'WD_SIN', 'WTD', 'Salinity', 'WTD_HalfHourlyDiff', 'WTD_DailyAvg', 'WTD_DailyDiff']
RECO inputs: ['DOY_sin', 'DOY_cos', 'TA', 'WS', 'WD_COS', 'WD_SIN', 'WTD', 'Salinity', 'WTD_HalfHourlyDiff', 'WTD_DailyAvg', 'WTD_DailyDiff']:
dt_gpp vs Tramontana_GPP R²=0.91 RMSE=2.49
nt_gpp vs Tramontana_GPP R²=0.85 RMSE=3.25
dt_reco vs Tramontana_RECO R²=0.60 RMSE=2.20
nt_reco vs Tramontana_RECO R²=0.60 RMSE=2.11
night_hours_true_nee vs Tramontana_night_hours_model_reco R²=0.63 RMSE=2.17
night_hours_true_nee vs Tramontana_night_hours_model_nee R²=0.63 RMSE=2.17
dt_gpp vs nt_gpp R²=0.90 RMSE=2.59
dt_reco vs nt_reco R²=0.77 RMSE=2.00

gpp_input_names,  ['PotRadDailyAvg', 'PotRadDailyDiff', 'GPP_PROX'] 
reco_input_names,  ['DOY_sin', 'DOY_cos', 'NIGHTLY_NEE_AVG'] 
true_nee_name,  ['NEE'] 

Tramontana Running on GPU With hidden layer size of 12 Total epochs: 100000 lr: 0.001 patience: 500 min_delta 0.01
SNN_GPP_Tram(
  (net): Sequential(
    (0): Linear(in_features=3, out_features=12, bias=True)
    (1): Tanh()
    (2): Linear(in_features=12, out_features=1, bias=True)
    (3): Sigmoid()
  )
)
SNN_RECO_Tram(
  (net): Sequential(
    (0): Linear(in_features=3, out_features=12, bias=True)
    (1): Tanh()
    (2): Linear(in_features=12, out_features=1, bias=True)
    (3): Sigmoid()
  )
)
Params are min slope: 2e-06, trend window: 100
Epoch     0 | Train Loss: 27568.570312 | Val Loss: 26503.414062 | Train R²: -1356192.5000 | Val R²: -1332764.2500 | NightHrsTrueNEE vs NightHrsModelReco R²: -36.4400 | NightHrsTrueNee vs NightHrsModelNee R²: -105.6500
Epoch   500 | Train Loss: 402.580109 | Val Loss: 401.852600 | Train R²: -19803.3105 | Val R²: -20206.7832 | NightHrsTrueNEE vs NightHrsModelReco R²: -124.2800 | NightHrsTrueNee vs NightHrsModelNee R²: -118.9800
Epoch  1000 | Train Loss: 92.904358 | Val Loss: 94.045235 | Train R²: -4569.2871 | Val R²: -4728.2109 | NightHrsTrueNEE vs NightHrsModelReco R²: -146.9500 | NightHrsTrueNee vs NightHrsModelNee R²: -143.3800
Epoch  1500 | Train Loss: 39.060898 | Val Loss: 39.821308 | Train R²: -1920.5408 | Val R²: -2001.4762 | NightHrsTrueNEE vs NightHrsModelReco R²: -154.7000 | NightHrsTrueNee vs NightHrsModelNee R²: -152.0900
Epoch  2000 | Train Loss: 20.604143 | Val Loss: 21.109865 | Train R²: -1012.5891 | Val R²: -1060.5424 | NightHrsTrueNEE vs NightHrsModelReco R²: -158.3900 | NightHrsTrueNee vs NightHrsModelNee R²: -156.3600
Epoch  2500 | Train Loss: 12.241504 | Val Loss: 12.591909 | Train R²: -601.2020 | Val R²: -632.2036 | NightHrsTrueNEE vs NightHrsModelReco R²: -160.4900 | NightHrsTrueNee vs NightHrsModelNee R²: -158.8300
Epoch  3000 | Train Loss: 7.831636 | Val Loss: 8.082810 | Train R²: -384.2653 | Val R²: -405.4566 | NightHrsTrueNEE vs NightHrsModelReco R²: -161.7900 | NightHrsTrueNee vs NightHrsModelNee R²: -160.4200
Epoch  3500 | Train Loss: 5.278383 | Val Loss: 5.463038 | Train R²: -258.6619 | Val R²: -273.7174 | NightHrsTrueNEE vs NightHrsModelReco R²: -162.6400 | NightHrsTrueNee vs NightHrsModelNee R²: -161.4700
Epoch  4000 | Train Loss: 3.706490 | Val Loss: 3.844804 | Train R²: -181.3351 | Val R²: -192.3419 | NightHrsTrueNEE vs NightHrsModelReco R²: -163.1600 | NightHrsTrueNee vs NightHrsModelNee R²: -162.1500
Epoch  4500 | Train Loss: 2.697589 | Val Loss: 2.802641 | Train R²: -131.7038 | Val R²: -139.9352 | NightHrsTrueNEE vs NightHrsModelReco R²: -163.4100 | NightHrsTrueNee vs NightHrsModelNee R²: -162.5300
Epoch  5000 | Train Loss: 2.031117 | Val Loss: 2.111716 | Train R²: -98.9177 | Val R²: -105.1909 | NightHrsTrueNEE vs NightHrsModelReco R²: -163.3100 | NightHrsTrueNee vs NightHrsModelNee R²: -162.5400
Epoch  5500 | Train Loss: 1.580380 | Val Loss: 1.642361 | Train R²: -76.7443 | Val R²: -81.5887 | NightHrsTrueNEE vs NightHrsModelReco R²: -161.4400 | NightHrsTrueNee vs NightHrsModelNee R²: -160.7700
Epoch  6000 | Train Loss: 1.246601 | Val Loss: 1.290834 | Train R²: -60.3246 | Val R²: -63.9116 | NightHrsTrueNEE vs NightHrsModelReco R²: -137.8000 | NightHrsTrueNee vs NightHrsModelNee R²: -137.2400
Epoch  6500 | Train Loss: 0.985749 | Val Loss: 1.019276 | Train R²: -47.4924 | Val R²: -50.2559 | NightHrsTrueNEE vs NightHrsModelReco R²: -124.5400 | NightHrsTrueNee vs NightHrsModelNee R²: -124.0600
Epoch  7000 | Train Loss: 0.761822 | Val Loss: 0.788270 | Train R²: -36.4767 | Val R²: -38.6394 | NightHrsTrueNEE vs NightHrsModelReco R²: -114.6800 | NightHrsTrueNee vs NightHrsModelNee R²: -114.2600
Epoch  7500 | Train Loss: 0.589713 | Val Loss: 0.607451 | Train R²: -28.0100 | Val R²: -29.5466 | NightHrsTrueNEE vs NightHrsModelReco R²: -94.7000 | NightHrsTrueNee vs NightHrsModelNee R²: -94.3600
Epoch  8000 | Train Loss: 0.464285 | Val Loss: 0.476220 | Train R²: -21.8398 | Val R²: -22.9475 | NightHrsTrueNEE vs NightHrsModelReco R²: -76.7300 | NightHrsTrueNee vs NightHrsModelNee R²: -76.4500
Epoch  8500 | Train Loss: 0.345735 | Val Loss: 0.356315 | Train R²: -16.0079 | Val R²: -16.9178 | NightHrsTrueNEE vs NightHrsModelReco R²: -47.5800 | NightHrsTrueNee vs NightHrsModelNee R²: -47.3800
Epoch  9000 | Train Loss: 0.253738 | Val Loss: 0.264537 | Train R²: -11.4823 | Val R²: -12.3026 | NightHrsTrueNEE vs NightHrsModelReco R²: -24.3400 | NightHrsTrueNee vs NightHrsModelNee R²: -24.2200
Epoch  9500 | Train Loss: 0.189615 | Val Loss: 0.198442 | Train R²: -8.3278 | Val R²: -8.9790 | NightHrsTrueNEE vs NightHrsModelReco R²: -16.1200 | NightHrsTrueNee vs NightHrsModelNee R²: -16.0300
Epoch 10000 | Train Loss: 0.143205 | Val Loss: 0.150116 | Train R²: -6.0447 | Val R²: -6.5488 | NightHrsTrueNEE vs NightHrsModelReco R²: -11.6000 | NightHrsTrueNee vs NightHrsModelNee R²: -11.5300
Epoch 10500 | Train Loss: 0.109436 | Val Loss: 0.114807 | Train R²: -4.3835 | Val R²: -4.7733 | NightHrsTrueNEE vs NightHrsModelReco R²: -8.5400 | NightHrsTrueNee vs NightHrsModelNee R²: -8.4900
Epoch 11000 | Train Loss: 0.084669 | Val Loss: 0.088842 | Train R²: -3.1652 | Val R²: -3.4676 | NightHrsTrueNEE vs NightHrsModelReco R²: -6.3700 | NightHrsTrueNee vs NightHrsModelNee R²: -6.3400
Epoch 11500 | Train Loss: 0.066401 | Val Loss: 0.069649 | Train R²: -2.2665 | Val R²: -2.5024 | NightHrsTrueNEE vs NightHrsModelReco R²: -4.8100 | NightHrsTrueNee vs NightHrsModelNee R²: -4.7900
Epoch 12000 | Train Loss: 0.052886 | Val Loss: 0.055418 | Train R²: -1.6016 | Val R²: -1.7868 | NightHrsTrueNEE vs NightHrsModelReco R²: -3.6900 | NightHrsTrueNee vs NightHrsModelNee R²: -3.6600
Epoch 12500 | Train Loss: 0.042876 | Val Loss: 0.044851 | Train R²: -1.1092 | Val R²: -1.2554 | NightHrsTrueNEE vs NightHrsModelReco R²: -2.8700 | NightHrsTrueNee vs NightHrsModelNee R²: -2.8500
Epoch 13000 | Train Loss: 0.035463 | Val Loss: 0.037002 | Train R²: -0.7445 | Val R²: -0.8607 | NightHrsTrueNEE vs NightHrsModelReco R²: -2.2800 | NightHrsTrueNee vs NightHrsModelNee R²: -2.2700
Epoch 13500 | Train Loss: 0.029982 | Val Loss: 0.031179 | Train R²: -0.4749 | Val R²: -0.5679 | NightHrsTrueNEE vs NightHrsModelReco R²: -1.8600 | NightHrsTrueNee vs NightHrsModelNee R²: -1.8500
Epoch 14000 | Train Loss: 0.025940 | Val Loss: 0.026867 | Train R²: -0.2761 | Val R²: -0.3510 | NightHrsTrueNEE vs NightHrsModelReco R²: -1.5600 | NightHrsTrueNee vs NightHrsModelNee R²: -1.5500
Epoch 14500 | Train Loss: 0.022971 | Val Loss: 0.023683 | Train R²: -0.1300 | Val R²: -0.1909 | NightHrsTrueNEE vs NightHrsModelReco R²: -1.3500 | NightHrsTrueNee vs NightHrsModelNee R²: -1.3400
Epoch 15000 | Train Loss: 0.020798 | Val Loss: 0.021340 | Train R²: -0.0231 | Val R²: -0.0731 | NightHrsTrueNEE vs NightHrsModelReco R²: -1.2000 | NightHrsTrueNee vs NightHrsModelNee R²: -1.2000
Epoch 15500 | Train Loss: 0.019216 | Val Loss: 0.019623 | Train R²: 0.0547 | Val R²: 0.0132 | NightHrsTrueNEE vs NightHrsModelReco R²: -1.1000 | NightHrsTrueNee vs NightHrsModelNee R²: -1.1000
Epoch 16000 | Train Loss: 0.018069 | Val Loss: 0.018368 | Train R²: 0.1111 | Val R²: 0.0763 | NightHrsTrueNEE vs NightHrsModelReco R²: -1.0400 | NightHrsTrueNee vs NightHrsModelNee R²: -1.0300
Epoch 16500 | Train Loss: 0.017240 | Val Loss: 0.017453 | Train R²: 0.1519 | Val R²: 0.1223 | NightHrsTrueNEE vs NightHrsModelReco R²: -0.9900 | NightHrsTrueNee vs NightHrsModelNee R²: -0.9900
Epoch 17000 | Train Loss: 0.016640 | Val Loss: 0.016785 | Train R²: 0.1814 | Val R²: 0.1559 | NightHrsTrueNEE vs NightHrsModelReco R²: -0.9600 | NightHrsTrueNee vs NightHrsModelNee R²: -0.9600
Epoch 17500 | Train Loss: 0.016199 | Val Loss: 0.016291 | Train R²: 0.2031 | Val R²: 0.1808 | NightHrsTrueNEE vs NightHrsModelReco R²: -0.9400 | NightHrsTrueNee vs NightHrsModelNee R²: -0.9300
Epoch 18000 | Train Loss: 0.015862 | Val Loss: 0.015913 | Train R²: 0.2197 | Val R²: 0.1998 | NightHrsTrueNEE vs NightHrsModelReco R²: -0.9100 | NightHrsTrueNee vs NightHrsModelNee R²: -0.9100
Epoch 18500 | Train Loss: 0.015581 | Val Loss: 0.015602 | Train R²: 0.2335 | Val R²: 0.2154 | NightHrsTrueNEE vs NightHrsModelReco R²: -0.8900 | NightHrsTrueNee vs NightHrsModelNee R²: -0.8900
Epoch 19000 | Train Loss: 0.015317 | Val Loss: 0.015322 | Train R²: 0.2465 | Val R²: 0.2295 | NightHrsTrueNEE vs NightHrsModelReco R²: -0.8700 | NightHrsTrueNee vs NightHrsModelNee R²: -0.8700
Epoch 19500 | Train Loss: 0.015036 | Val Loss: 0.015037 | Train R²: 0.2603 | Val R²: 0.2439 | NightHrsTrueNEE vs NightHrsModelReco R²: -0.8300 | NightHrsTrueNee vs NightHrsModelNee R²: -0.8300
Epoch 20000 | Train Loss: 0.014705 | Val Loss: 0.014714 | Train R²: 0.2766 | Val R²: 0.2601 | NightHrsTrueNEE vs NightHrsModelReco R²: -0.7900 | NightHrsTrueNee vs NightHrsModelNee R²: -0.7900
Epoch 20500 | Train Loss: 0.014289 | Val Loss: 0.014315 | Train R²: 0.2971 | Val R²: 0.2802 | NightHrsTrueNEE vs NightHrsModelReco R²: -0.7500 | NightHrsTrueNee vs NightHrsModelNee R²: -0.7500
Epoch 21000 | Train Loss: 0.013745 | Val Loss: 0.013796 | Train R²: 0.3238 | Val R²: 0.3063 | NightHrsTrueNEE vs NightHrsModelReco R²: -0.7000 | NightHrsTrueNee vs NightHrsModelNee R²: -0.7000
Epoch 21500 | Train Loss: 0.013011 | Val Loss: 0.013091 | Train R²: 0.3599 | Val R²: 0.3417 | NightHrsTrueNEE vs NightHrsModelReco R²: -0.6200 | NightHrsTrueNee vs NightHrsModelNee R²: -0.6200
Epoch 22000 | Train Loss: 0.011978 | Val Loss: 0.012090 | Train R²: 0.4108 | Val R²: 0.3921 | NightHrsTrueNEE vs NightHrsModelReco R²: -0.4900 | NightHrsTrueNee vs NightHrsModelNee R²: -0.4900
Epoch 22500 | Train Loss: 0.010450 | Val Loss: 0.010588 | Train R²: 0.4859 | Val R²: 0.4676 | NightHrsTrueNEE vs NightHrsModelReco R²: -0.2700 | NightHrsTrueNee vs NightHrsModelNee R²: -0.2700
Epoch 23000 | Train Loss: 0.008123 | Val Loss: 0.008230 | Train R²: 0.6004 | Val R²: 0.5862 | NightHrsTrueNEE vs NightHrsModelReco R²: 0.0500 | NightHrsTrueNee vs NightHrsModelNee R²: 0.0500
Epoch 23500 | Train Loss: 0.005590 | Val Loss: 0.005586 | Train R²: 0.7250 | Val R²: 0.7191 | NightHrsTrueNEE vs NightHrsModelReco R²: 0.4000 | NightHrsTrueNee vs NightHrsModelNee R²: 0.4000
Epoch 24000 | Train Loss: 0.004683 | Val Loss: 0.004615 | Train R²: 0.7696 | Val R²: 0.7679 | NightHrsTrueNEE vs NightHrsModelReco R²: 0.5200 | NightHrsTrueNee vs NightHrsModelNee R²: 0.5200
Epoch 24500 | Train Loss: 0.004466 | Val Loss: 0.004381 | Train R²: 0.7803 | Val R²: 0.7797 | NightHrsTrueNEE vs NightHrsModelReco R²: 0.5500 | NightHrsTrueNee vs NightHrsModelNee R²: 0.5400
Epoch 25000 | Train Loss: 0.004304 | Val Loss: 0.004215 | Train R²: 0.7883 | Val R²: 0.7880 | NightHrsTrueNEE vs NightHrsModelReco R²: 0.5600 | NightHrsTrueNee vs NightHrsModelNee R²: 0.5600
Epoch 25500 | Train Loss: 0.004108 | Val Loss: 0.004017 | Train R²: 0.7979 | Val R²: 0.7980 | NightHrsTrueNEE vs NightHrsModelReco R²: 0.5900 | NightHrsTrueNee vs NightHrsModelNee R²: 0.5900
Epoch 26000 | Train Loss: 0.003890 | Val Loss: 0.003796 | Train R²: 0.8086 | Val R²: 0.8091 | NightHrsTrueNEE vs NightHrsModelReco R²: 0.6100 | NightHrsTrueNee vs NightHrsModelNee R²: 0.6100
Epoch 26500 | Train Loss: 0.003707 | Val Loss: 0.003609 | Train R²: 0.8176 | Val R²: 0.8185 | NightHrsTrueNEE vs NightHrsModelReco R²: 0.6400 | NightHrsTrueNee vs NightHrsModelNee R²: 0.6400
Epoch 27000 | Train Loss: 0.003583 | Val Loss: 0.003480 | Train R²: 0.8238 | Val R²: 0.8250 | NightHrsTrueNEE vs NightHrsModelReco R²: 0.6500 | NightHrsTrueNee vs NightHrsModelNee R²: 0.6500
Epoch 27500 | Train Loss: 0.003502 | Val Loss: 0.003394 | Train R²: 0.8277 | Val R²: 0.8293 | NightHrsTrueNEE vs NightHrsModelReco R²: 0.6600 | NightHrsTrueNee vs NightHrsModelNee R²: 0.6600
Epoch 28000 | Train Loss: 0.003450 | Val Loss: 0.003338 | Train R²: 0.8303 | Val R²: 0.8321 | NightHrsTrueNEE vs NightHrsModelReco R²: 0.6700 | NightHrsTrueNee vs NightHrsModelNee R²: 0.6700
Epoch 28500 | Train Loss: 0.003417 | Val Loss: 0.003302 | Train R²: 0.8319 | Val R²: 0.8339 | NightHrsTrueNEE vs NightHrsModelReco R²: 0.6800 | NightHrsTrueNee vs NightHrsModelNee R²: 0.6700
Early stopping at epoch 28954 due to flat/negative trend (slope=0.000002)
Epoch 28954 | Train Loss: 0.003397 | Val Loss: 0.003281 | Train R²: 0.8329 | Val R²: 0.8350
Unpickling models
Following models have been loaded and moved to cuda:
trained gpp model:
 SNN_GPP_Tram(
  (net): Sequential(
    (0): Linear(in_features=3, out_features=12, bias=True)
    (1): Tanh()
    (2): Linear(in_features=12, out_features=1, bias=True)
    (3): Sigmoid()
  )
), trained_reco_model:
 SNN_GPP_Tram(
  (net): Sequential(
    (0): Linear(in_features=3, out_features=12, bias=True)
    (1): Tanh()
    (2): Linear(in_features=12, out_features=1, bias=True)
    (3): Sigmoid()
  )
)
using full data set for visualization
Un-normalizing the GPP and RECO predictions using NEE min: tensor([-50.4310]), NEE max: tensor([42.8991])



Metrics for the Tramontana, with
GPP inputs: ['PotRadDailyAvg', 'PotRadDailyDiff', 'GPP_PROX']
RECO inputs: ['DOY_sin', 'DOY_cos', 'NIGHTLY_NEE_AVG']:
dt_gpp vs Tramontana_GPP R²=0.89 RMSE=2.69
nt_gpp vs Tramontana_GPP R²=0.84 RMSE=3.33
dt_reco vs Tramontana_RECO R²=0.65 RMSE=2.05
nt_reco vs Tramontana_RECO R²=0.78 RMSE=1.56
night_hours_true_nee vs Tramontana_night_hours_model_reco R²=0.67 RMSE=2.04
night_hours_true_nee vs Tramontana_night_hours_model_nee R²=0.67 RMSE=2.04
dt_gpp vs nt_gpp R²=0.90 RMSE=2.59
dt_reco vs nt_reco R²=0.77 RMSE=2.00

gpp_input_names,  ['SW_IN', 'VPD', 'TA', 'WTD', 'WS', 'PotRad', 'PotRadHalfHourlyDiff', 'WD_COS', 'WD_SIN'] 
reco_input_names,  ['TA', 'TS_1', 'WTD', 'WS', 'WD_COS', 'WD_SIN'] 
true_nee_name,  ['NEE'] 

Tramontana Running on GPU With hidden layer size of 12 Total epochs: 100000 lr: 0.001 patience: 500 min_delta 0.01
SNN_GPP_Tram(
  (net): Sequential(
    (0): Linear(in_features=9, out_features=12, bias=True)
    (1): Tanh()
    (2): Linear(in_features=12, out_features=1, bias=True)
    (3): Sigmoid()
  )
)
SNN_RECO_Tram(
  (net): Sequential(
    (0): Linear(in_features=6, out_features=12, bias=True)
    (1): Tanh()
    (2): Linear(in_features=12, out_features=1, bias=True)
    (3): Sigmoid()
  )
)
Params are min slope: 2e-06, trend window: 100
Epoch     0 | Train Loss: 25804.779297 | Val Loss: 24511.056641 | Train R²: -1269425.5000 | Val R²: -1232575.5000 | NightHrsTrueNEE vs NightHrsModelReco R²: -19.6200 | NightHrsTrueNee vs NightHrsModelNee R²: -93.6500
Epoch   500 | Train Loss: 256.814911 | Val Loss: 249.092773 | Train R²: -12632.6162 | Val R²: -12525.0156 | NightHrsTrueNEE vs NightHrsModelReco R²: -125.8200 | NightHrsTrueNee vs NightHrsModelNee R²: -120.6100
Epoch  1000 | Train Loss: 71.144943 | Val Loss: 69.402771 | Train R²: -3498.8665 | Val R²: -3489.0259 | NightHrsTrueNEE vs NightHrsModelReco R²: -148.5500 | NightHrsTrueNee vs NightHrsModelNee R²: -141.5800
Epoch  1500 | Train Loss: 31.786463 | Val Loss: 31.127953 | Train R²: -1562.6863 | Val R²: -1564.3174 | NightHrsTrueNEE vs NightHrsModelReco R²: -155.7200 | NightHrsTrueNee vs NightHrsModelNee R²: -149.1500
Epoch  2000 | Train Loss: 17.255358 | Val Loss: 16.952789 | Train R²: -847.8509 | Val R²: -851.4973 | NightHrsTrueNEE vs NightHrsModelReco R²: -159.1600 | NightHrsTrueNee vs NightHrsModelNee R²: -153.1900
Epoch  2500 | Train Loss: 10.407523 | Val Loss: 10.256104 | Train R²: -510.9821 | Val R²: -514.7440 | NightHrsTrueNEE vs NightHrsModelReco R²: -161.1600 | NightHrsTrueNee vs NightHrsModelNee R²: -155.7500
Epoch  3000 | Train Loss: 6.709167 | Val Loss: 6.631466 | Train R²: -329.0471 | Val R²: -332.4736 | NightHrsTrueNEE vs NightHrsModelReco R²: -162.4500 | NightHrsTrueNee vs NightHrsModelNee R²: -157.5400
Epoch  3500 | Train Loss: 4.534877 | Val Loss: 4.496131 | Train R²: -222.0863 | Val R²: -225.0949 | NightHrsTrueNEE vs NightHrsModelReco R²: -163.3100 | NightHrsTrueNee vs NightHrsModelNee R²: -158.8400
Epoch  4000 | Train Loss: 3.183309 | Val Loss: 3.166103 | Train R²: -155.5980 | Val R²: -158.2124 | NightHrsTrueNEE vs NightHrsModelReco R²: -163.9000 | NightHrsTrueNee vs NightHrsModelNee R²: -159.8100
Epoch  4500 | Train Loss: 2.311173 | Val Loss: 2.306104 | Train R²: -112.6946 | Val R²: -114.9660 | NightHrsTrueNEE vs NightHrsModelReco R²: -164.2700 | NightHrsTrueNee vs NightHrsModelNee R²: -160.5200
Epoch  5000 | Train Loss: 1.734267 | Val Loss: 1.735999 | Train R²: -84.3146 | Val R²: -86.2974 | NightHrsTrueNEE vs NightHrsModelReco R²: -164.4300 | NightHrsTrueNee vs NightHrsModelNee R²: -160.9900
Epoch  5500 | Train Loss: 1.346539 | Val Loss: 1.351955 | Train R²: -65.2409 | Val R²: -66.9852 | NightHrsTrueNEE vs NightHrsModelReco R²: -164.3400 | NightHrsTrueNee vs NightHrsModelNee R²: -161.1700
Epoch  6000 | Train Loss: 1.083281 | Val Loss: 1.090539 | Train R²: -52.2904 | Val R²: -53.8394 | NightHrsTrueNEE vs NightHrsModelReco R²: -163.7600 | NightHrsTrueNee vs NightHrsModelNee R²: -160.8300
Epoch  6500 | Train Loss: 0.901921 | Val Loss: 0.910001 | Train R²: -43.3686 | Val R²: -44.7608 | NightHrsTrueNEE vs NightHrsModelReco R²: -161.5600 | NightHrsTrueNee vs NightHrsModelNee R²: -158.8700
Epoch  7000 | Train Loss: 0.755047 | Val Loss: 0.764610 | Train R²: -36.1434 | Val R²: -37.4496 | NightHrsTrueNEE vs NightHrsModelReco R²: -142.5700 | NightHrsTrueNee vs NightHrsModelNee R²: -140.2400
Epoch  7500 | Train Loss: 0.592446 | Val Loss: 0.601539 | Train R²: -28.1444 | Val R²: -29.2493 | NightHrsTrueNEE vs NightHrsModelReco R²: -102.2900 | NightHrsTrueNee vs NightHrsModelNee R²: -100.4700
Epoch  8000 | Train Loss: 0.393361 | Val Loss: 0.399114 | Train R²: -18.3508 | Val R²: -19.0701 | NightHrsTrueNEE vs NightHrsModelReco R²: -49.6700 | NightHrsTrueNee vs NightHrsModelNee R²: -48.5200
Epoch  8500 | Train Loss: 0.289689 | Val Loss: 0.294063 | Train R²: -13.2508 | Val R²: -13.7874 | NightHrsTrueNEE vs NightHrsModelReco R²: -35.2800 | NightHrsTrueNee vs NightHrsModelNee R²: -34.4100
Epoch  9000 | Train Loss: 0.217391 | Val Loss: 0.220581 | Train R²: -9.6942 | Val R²: -10.0923 | NightHrsTrueNEE vs NightHrsModelReco R²: -26.4400 | NightHrsTrueNee vs NightHrsModelNee R²: -25.7600
Epoch  9500 | Train Loss: 0.165292 | Val Loss: 0.167571 | Train R²: -7.1313 | Val R²: -7.4266 | NightHrsTrueNEE vs NightHrsModelReco R²: -19.6200 | NightHrsTrueNee vs NightHrsModelNee R²: -19.1100
Epoch 10000 | Train Loss: 0.127305 | Val Loss: 0.128941 | Train R²: -5.2626 | Val R²: -5.4840 | NightHrsTrueNEE vs NightHrsModelReco R²: -14.5000 | NightHrsTrueNee vs NightHrsModelNee R²: -14.1200
Epoch 10500 | Train Loss: 0.099443 | Val Loss: 0.100621 | Train R²: -3.8919 | Val R²: -4.0599 | NightHrsTrueNEE vs NightHrsModelReco R²: -10.8300 | NightHrsTrueNee vs NightHrsModelNee R²: -10.5500
Epoch 11000 | Train Loss: 0.078712 | Val Loss: 0.079558 | Train R²: -2.8721 | Val R²: -3.0007 | NightHrsTrueNEE vs NightHrsModelReco R²: -8.2100 | NightHrsTrueNee vs NightHrsModelNee R²: -8.0000
Epoch 11500 | Train Loss: 0.063030 | Val Loss: 0.063633 | Train R²: -2.1007 | Val R²: -2.1999 | NightHrsTrueNEE vs NightHrsModelReco R²: -6.3000 | NightHrsTrueNee vs NightHrsModelNee R²: -6.1300
Epoch 12000 | Train Loss: 0.051041 | Val Loss: 0.051462 | Train R²: -1.5109 | Val R²: -1.5878 | NightHrsTrueNEE vs NightHrsModelReco R²: -4.8700 | NightHrsTrueNee vs NightHrsModelNee R²: -4.7500
Epoch 12500 | Train Loss: 0.041849 | Val Loss: 0.042125 | Train R²: -1.0587 | Val R²: -1.1183 | NightHrsTrueNEE vs NightHrsModelReco R²: -3.7800 | NightHrsTrueNee vs NightHrsModelNee R²: -3.6900
Epoch 13000 | Train Loss: 0.034850 | Val Loss: 0.035004 | Train R²: -0.7144 | Val R²: -0.7602 | NightHrsTrueNEE vs NightHrsModelReco R²: -2.9500 | NightHrsTrueNee vs NightHrsModelNee R²: -2.8800
Epoch 13500 | Train Loss: 0.029543 | Val Loss: 0.029602 | Train R²: -0.4533 | Val R²: -0.4886 | NightHrsTrueNEE vs NightHrsModelReco R²: -2.3100 | NightHrsTrueNee vs NightHrsModelNee R²: -2.2500
Epoch 14000 | Train Loss: 0.025518 | Val Loss: 0.025507 | Train R²: -0.2553 | Val R²: -0.2827 | NightHrsTrueNEE vs NightHrsModelReco R²: -1.8200 | NightHrsTrueNee vs NightHrsModelNee R²: -1.7800
Epoch 14500 | Train Loss: 0.022470 | Val Loss: 0.022412 | Train R²: -0.1054 | Val R²: -0.1270 | NightHrsTrueNEE vs NightHrsModelReco R²: -1.4500 | NightHrsTrueNee vs NightHrsModelNee R²: -1.4200
Epoch 15000 | Train Loss: 0.020176 | Val Loss: 0.020085 | Train R²: 0.0075 | Val R²: -0.0100 | NightHrsTrueNEE vs NightHrsModelReco R²: -1.1700 | NightHrsTrueNee vs NightHrsModelNee R²: -1.1500
Epoch 15500 | Train Loss: 0.018453 | Val Loss: 0.018341 | Train R²: 0.0922 | Val R²: 0.0777 | NightHrsTrueNEE vs NightHrsModelReco R²: -0.9700 | NightHrsTrueNee vs NightHrsModelNee R²: -0.9600
Epoch 16000 | Train Loss: 0.017135 | Val Loss: 0.017011 | Train R²: 0.1571 | Val R²: 0.1446 | NightHrsTrueNEE vs NightHrsModelReco R²: -0.8100 | NightHrsTrueNee vs NightHrsModelNee R²: -0.8000
Epoch 16500 | Train Loss: 0.016080 | Val Loss: 0.015946 | Train R²: 0.2090 | Val R²: 0.1981 | NightHrsTrueNEE vs NightHrsModelReco R²: -0.6600 | NightHrsTrueNee vs NightHrsModelNee R²: -0.6500
Epoch 17000 | Train Loss: 0.015170 | Val Loss: 0.015019 | Train R²: 0.2537 | Val R²: 0.2447 | NightHrsTrueNEE vs NightHrsModelReco R²: -0.5000 | NightHrsTrueNee vs NightHrsModelNee R²: -0.4900
Epoch 17500 | Train Loss: 0.014312 | Val Loss: 0.014134 | Train R²: 0.2959 | Val R²: 0.2893 | NightHrsTrueNEE vs NightHrsModelReco R²: -0.3100 | NightHrsTrueNee vs NightHrsModelNee R²: -0.3100
Epoch 18000 | Train Loss: 0.013471 | Val Loss: 0.013280 | Train R²: 0.3373 | Val R²: 0.3322 | NightHrsTrueNEE vs NightHrsModelReco R²: -0.1600 | NightHrsTrueNee vs NightHrsModelNee R²: -0.1600
Epoch 18500 | Train Loss: 0.012761 | Val Loss: 0.012570 | Train R²: 0.3722 | Val R²: 0.3679 | NightHrsTrueNEE vs NightHrsModelReco R²: -0.0700 | NightHrsTrueNee vs NightHrsModelNee R²: -0.0700
Epoch 19000 | Train Loss: 0.012167 | Val Loss: 0.011979 | Train R²: 0.4015 | Val R²: 0.3976 | NightHrsTrueNEE vs NightHrsModelReco R²: -0.0100 | NightHrsTrueNee vs NightHrsModelNee R²: -0.0100
Epoch 19500 | Train Loss: 0.011604 | Val Loss: 0.011419 | Train R²: 0.4292 | Val R²: 0.4258 | NightHrsTrueNEE vs NightHrsModelReco R²: 0.0200 | NightHrsTrueNee vs NightHrsModelNee R²: 0.0300
Epoch 20000 | Train Loss: 0.011020 | Val Loss: 0.010844 | Train R²: 0.4579 | Val R²: 0.4547 | NightHrsTrueNEE vs NightHrsModelReco R²: 0.0500 | NightHrsTrueNee vs NightHrsModelNee R²: 0.0500
Epoch 20500 | Train Loss: 0.010390 | Val Loss: 0.010226 | Train R²: 0.4889 | Val R²: 0.4858 | NightHrsTrueNEE vs NightHrsModelReco R²: 0.0600 | NightHrsTrueNee vs NightHrsModelNee R²: 0.0600
Epoch 21000 | Train Loss: 0.009684 | Val Loss: 0.009532 | Train R²: 0.5236 | Val R²: 0.5207 | NightHrsTrueNEE vs NightHrsModelReco R²: 0.0700 | NightHrsTrueNee vs NightHrsModelNee R²: 0.0700
Epoch 21500 | Train Loss: 0.008902 | Val Loss: 0.008762 | Train R²: 0.5621 | Val R²: 0.5594 | NightHrsTrueNEE vs NightHrsModelReco R²: 0.0900 | NightHrsTrueNee vs NightHrsModelNee R²: 0.0900
Epoch 22000 | Train Loss: 0.008091 | Val Loss: 0.007958 | Train R²: 0.6020 | Val R²: 0.5998 | NightHrsTrueNEE vs NightHrsModelReco R²: 0.1200 | NightHrsTrueNee vs NightHrsModelNee R²: 0.1300
Epoch 22500 | Train Loss: 0.007319 | Val Loss: 0.007198 | Train R²: 0.6400 | Val R²: 0.6380 | NightHrsTrueNEE vs NightHrsModelReco R²: 0.1700 | NightHrsTrueNee vs NightHrsModelNee R²: 0.1700
Epoch 23000 | Train Loss: 0.006616 | Val Loss: 0.006511 | Train R²: 0.6746 | Val R²: 0.6726 | NightHrsTrueNEE vs NightHrsModelReco R²: 0.2300 | NightHrsTrueNee vs NightHrsModelNee R²: 0.2300
Epoch 23500 | Train Loss: 0.005987 | Val Loss: 0.005888 | Train R²: 0.7055 | Val R²: 0.7039 | NightHrsTrueNEE vs NightHrsModelReco R²: 0.2800 | NightHrsTrueNee vs NightHrsModelNee R²: 0.2900
Epoch 24000 | Train Loss: 0.005429 | Val Loss: 0.005333 | Train R²: 0.7329 | Val R²: 0.7318 | NightHrsTrueNEE vs NightHrsModelReco R²: 0.3400 | NightHrsTrueNee vs NightHrsModelNee R²: 0.3400
Epoch 24500 | Train Loss: 0.004937 | Val Loss: 0.004840 | Train R²: 0.7572 | Val R²: 0.7566 | NightHrsTrueNEE vs NightHrsModelReco R²: 0.3900 | NightHrsTrueNee vs NightHrsModelNee R²: 0.3900
Epoch 25000 | Train Loss: 0.004501 | Val Loss: 0.004400 | Train R²: 0.7786 | Val R²: 0.7787 | NightHrsTrueNEE vs NightHrsModelReco R²: 0.4400 | NightHrsTrueNee vs NightHrsModelNee R²: 0.4400
Epoch 25500 | Train Loss: 0.004121 | Val Loss: 0.004016 | Train R²: 0.7973 | Val R²: 0.7981 | NightHrsTrueNEE vs NightHrsModelReco R²: 0.4800 | NightHrsTrueNee vs NightHrsModelNee R²: 0.4800
Epoch 26000 | Train Loss: 0.003802 | Val Loss: 0.003685 | Train R²: 0.8130 | Val R²: 0.8147 | NightHrsTrueNEE vs NightHrsModelReco R²: 0.5200 | NightHrsTrueNee vs NightHrsModelNee R²: 0.5200
Epoch 26500 | Train Loss: 0.003520 | Val Loss: 0.003410 | Train R²: 0.8268 | Val R²: 0.8285 | NightHrsTrueNEE vs NightHrsModelReco R²: 0.5600 | NightHrsTrueNee vs NightHrsModelNee R²: 0.5600
Epoch 27000 | Train Loss: 0.003341 | Val Loss: 0.003243 | Train R²: 0.8356 | Val R²: 0.8369 | NightHrsTrueNEE vs NightHrsModelReco R²: 0.5700 | NightHrsTrueNee vs NightHrsModelNee R²: 0.5700
Epoch 27500 | Train Loss: 0.003217 | Val Loss: 0.003130 | Train R²: 0.8417 | Val R²: 0.8426 | NightHrsTrueNEE vs NightHrsModelReco R²: 0.5800 | NightHrsTrueNee vs NightHrsModelNee R²: 0.5800
Epoch 28000 | Train Loss: 0.003155 | Val Loss: 0.003078 | Train R²: 0.8448 | Val R²: 0.8452 | NightHrsTrueNEE vs NightHrsModelReco R²: 0.5900 | NightHrsTrueNee vs NightHrsModelNee R²: 0.5900
Epoch 28500 | Train Loss: 0.003107 | Val Loss: 0.003038 | Train R²: 0.8472 | Val R²: 0.8472 | NightHrsTrueNEE vs NightHrsModelReco R²: 0.5900 | NightHrsTrueNee vs NightHrsModelNee R²: 0.5900
Epoch 29000 | Train Loss: 0.003060 | Val Loss: 0.003000 | Train R²: 0.8495 | Val R²: 0.8491 | NightHrsTrueNEE vs NightHrsModelReco R²: 0.5900 | NightHrsTrueNee vs NightHrsModelNee R²: 0.5900
Epoch 29500 | Train Loss: 0.003024 | Val Loss: 0.002967 | Train R²: 0.8512 | Val R²: 0.8508 | NightHrsTrueNEE vs NightHrsModelReco R²: 0.5900 | NightHrsTrueNee vs NightHrsModelNee R²: 0.5900
Epoch 30000 | Train Loss: 0.002995 | Val Loss: 0.002936 | Train R²: 0.8527 | Val R²: 0.8524 | NightHrsTrueNEE vs NightHrsModelReco R²: 0.6000 | NightHrsTrueNee vs NightHrsModelNee R²: 0.6000
Epoch 30500 | Train Loss: 0.002969 | Val Loss: 0.002906 | Train R²: 0.8539 | Val R²: 0.8538 | NightHrsTrueNEE vs NightHrsModelReco R²: 0.6000 | NightHrsTrueNee vs NightHrsModelNee R²: 0.6000
Epoch 31000 | Train Loss: 0.002944 | Val Loss: 0.002877 | Train R²: 0.8552 | Val R²: 0.8553 | NightHrsTrueNEE vs NightHrsModelReco R²: 0.6000 | NightHrsTrueNee vs NightHrsModelNee R²: 0.6000
Epoch 31500 | Train Loss: 0.002917 | Val Loss: 0.002844 | Train R²: 0.8565 | Val R²: 0.8570 | NightHrsTrueNEE vs NightHrsModelReco R²: 0.6100 | NightHrsTrueNee vs NightHrsModelNee R²: 0.6100
Epoch 32000 | Train Loss: 0.002889 | Val Loss: 0.002813 | Train R²: 0.8579 | Val R²: 0.8586 | NightHrsTrueNEE vs NightHrsModelReco R²: 0.6100 | NightHrsTrueNee vs NightHrsModelNee R²: 0.6100
Epoch 32500 | Train Loss: 0.002861 | Val Loss: 0.002784 | Train R²: 0.8592 | Val R²: 0.8600 | NightHrsTrueNEE vs NightHrsModelReco R²: 0.6100 | NightHrsTrueNee vs NightHrsModelNee R²: 0.6100
Epoch 33000 | Train Loss: 0.002834 | Val Loss: 0.002757 | Train R²: 0.8606 | Val R²: 0.8614 | NightHrsTrueNEE vs NightHrsModelReco R²: 0.6200 | NightHrsTrueNee vs NightHrsModelNee R²: 0.6200
Epoch 33500 | Train Loss: 0.002808 | Val Loss: 0.002731 | Train R²: 0.8618 | Val R²: 0.8627 | NightHrsTrueNEE vs NightHrsModelReco R²: 0.6200 | NightHrsTrueNee vs NightHrsModelNee R²: 0.6200
Epoch 34000 | Train Loss: 0.002784 | Val Loss: 0.002706 | Train R²: 0.8630 | Val R²: 0.8639 | NightHrsTrueNEE vs NightHrsModelReco R²: 0.6200 | NightHrsTrueNee vs NightHrsModelNee R²: 0.6200
Early stopping at epoch 34225 due to flat/negative trend (slope=0.000002)
Epoch 34225 | Train Loss: 0.002774 | Val Loss: 0.002697 | Train R²: 0.8635 | Val R²: 0.8644
Unpickling models
Following models have been loaded and moved to cuda:
trained gpp model:
 SNN_GPP_Tram(
  (net): Sequential(
    (0): Linear(in_features=9, out_features=12, bias=True)
    (1): Tanh()
    (2): Linear(in_features=12, out_features=1, bias=True)
    (3): Sigmoid()
  )
), trained_reco_model:
 SNN_GPP_Tram(
  (net): Sequential(
    (0): Linear(in_features=6, out_features=12, bias=True)
    (1): Tanh()
    (2): Linear(in_features=12, out_features=1, bias=True)
    (3): Sigmoid()
  )
)
using full data set for visualization
Un-normalizing the GPP and RECO predictions using NEE min: tensor([-50.4310]), NEE max: tensor([42.8991])



Metrics for the Tramontana, with
GPP inputs: ['SW_IN', 'VPD', 'TA', 'WTD', 'WS', 'PotRad', 'PotRadHalfHourlyDiff', 'WD_COS', 'WD_SIN']
RECO inputs: ['TA', 'TS_1', 'WTD', 'WS', 'WD_COS', 'WD_SIN']:
dt_gpp vs Tramontana_GPP R²=0.91 RMSE=2.46
nt_gpp vs Tramontana_GPP R²=0.86 RMSE=3.12
dt_reco vs Tramontana_RECO R²=0.65 RMSE=2.04
nt_reco vs Tramontana_RECO R²=0.66 RMSE=1.95
night_hours_true_nee vs Tramontana_night_hours_model_reco R²=0.63 RMSE=2.18
night_hours_true_nee vs Tramontana_night_hours_model_nee R²=0.63 RMSE=2.18
dt_gpp vs nt_gpp R²=0.90 RMSE=2.59
dt_reco vs nt_reco R²=0.77 RMSE=2.00

gpp_input_names,  ['SW_IN', 'VPD', 'TA', 'WS', 'PotRad', 'PotRadHalfHourlyDiff', 'PotRadDailyAvg', 'PotRadDailyDiff', 'WD_COS', 'WD_SIN', 'GPP_PROX'] 
reco_input_names,  ['DOY_sin', 'DOY_cos', 'TA', 'TS_1', 'WS', 'WD_COS', 'WD_SIN', 'NIGHTLY_NEE_AVG'] 
true_nee_name,  ['NEE'] 

Tramontana Running on GPU With hidden layer size of 12 Total epochs: 100000 lr: 0.001 patience: 500 min_delta 0.01
SNN_GPP_Tram(
  (net): Sequential(
    (0): Linear(in_features=11, out_features=12, bias=True)
    (1): Tanh()
    (2): Linear(in_features=12, out_features=1, bias=True)
    (3): Sigmoid()
  )
)
SNN_RECO_Tram(
  (net): Sequential(
    (0): Linear(in_features=8, out_features=12, bias=True)
    (1): Tanh()
    (2): Linear(in_features=12, out_features=1, bias=True)
    (3): Sigmoid()
  )
)
Params are min slope: 2e-06, trend window: 100
Epoch     0 | Train Loss: 37047.843750 | Val Loss: 35163.296875 | Train R²: -1822510.7500 | Val R²: -1768239.8750 | NightHrsTrueNEE vs NightHrsModelReco R²: -25.5000 | NightHrsTrueNee vs NightHrsModelNee R²: -104.0900
Epoch   500 | Train Loss: 381.877197 | Val Loss: 376.283142 | Train R²: -18784.8633 | Val R²: -18920.9805 | NightHrsTrueNEE vs NightHrsModelReco R²: -131.2000 | NightHrsTrueNee vs NightHrsModelNee R²: -124.4100
Epoch  1000 | Train Loss: 96.218002 | Val Loss: 95.889748 | Train R²: -4732.2969 | Val R²: -4820.9644 | NightHrsTrueNEE vs NightHrsModelReco R²: -150.2200 | NightHrsTrueNee vs NightHrsModelNee R²: -142.8900
Epoch  1500 | Train Loss: 42.096508 | Val Loss: 42.198795 | Train R²: -2069.8730 | Val R²: -2121.0317 | NightHrsTrueNEE vs NightHrsModelReco R²: -156.6800 | NightHrsTrueNee vs NightHrsModelNee R²: -150.1700
Epoch  2000 | Train Loss: 22.714823 | Val Loss: 22.865458 | Train R²: -1116.4207 | Val R²: -1148.8248 | NightHrsTrueNEE vs NightHrsModelReco R²: -159.8300 | NightHrsTrueNee vs NightHrsModelNee R²: -154.1000
Epoch  2500 | Train Loss: 13.669826 | Val Loss: 13.808351 | Train R²: -671.4661 | Val R²: -693.3743 | NightHrsTrueNEE vs NightHrsModelReco R²: -161.6700 | NightHrsTrueNee vs NightHrsModelNee R²: -156.6100
Epoch  3000 | Train Loss: 8.792443 | Val Loss: 8.909349 | Train R²: -431.5307 | Val R²: -447.0205 | NightHrsTrueNEE vs NightHrsModelReco R²: -162.8700 | NightHrsTrueNee vs NightHrsModelNee R²: -158.3600
Epoch  3500 | Train Loss: 5.917463 | Val Loss: 6.013788 | Train R²: -290.1005 | Val R²: -301.4126 | NightHrsTrueNEE vs NightHrsModelReco R²: -163.6900 | NightHrsTrueNee vs NightHrsModelNee R²: -159.6500
Epoch  4000 | Train Loss: 4.121091 | Val Loss: 4.199944 | Train R²: -201.7307 | Val R²: -210.2007 | NightHrsTrueNEE vs NightHrsModelReco R²: -164.2600 | NightHrsTrueNee vs NightHrsModelNee R²: -160.6300
Epoch  4500 | Train Loss: 2.953817 | Val Loss: 3.018345 | Train R²: -144.3085 | Val R²: -150.7822 | NightHrsTrueNEE vs NightHrsModelReco R²: -164.6600 | NightHrsTrueNee vs NightHrsModelNee R²: -161.3700
Epoch  5000 | Train Loss: 2.175169 | Val Loss: 2.228081 | Train R²: -106.0041 | Val R²: -111.0425 | NightHrsTrueNEE vs NightHrsModelReco R²: -164.9000 | NightHrsTrueNee vs NightHrsModelNee R²: -161.9200
Epoch  5500 | Train Loss: 1.646908 | Val Loss: 1.690442 | Train R²: -80.0171 | Val R²: -84.0065 | NightHrsTrueNEE vs NightHrsModelReco R²: -164.9800 | NightHrsTrueNee vs NightHrsModelNee R²: -162.2600
Epoch  6000 | Train Loss: 1.284936 | Val Loss: 1.320923 | Train R²: -62.2105 | Val R²: -65.4247 | NightHrsTrueNEE vs NightHrsModelReco R²: -164.8200 | NightHrsTrueNee vs NightHrsModelNee R²: -162.3400
Epoch  6500 | Train Loss: 1.035230 | Val Loss: 1.065314 | Train R²: -49.9266 | Val R²: -52.5710 | NightHrsTrueNEE vs NightHrsModelReco R²: -163.9300 | NightHrsTrueNee vs NightHrsModelNee R²: -161.6700
Epoch  7000 | Train Loss: 0.850607 | Val Loss: 0.878733 | Train R²: -40.8443 | Val R²: -43.1885 | NightHrsTrueNEE vs NightHrsModelReco R²: -149.8400 | NightHrsTrueNee vs NightHrsModelNee R²: -147.8400
Epoch  7500 | Train Loss: 0.704490 | Val Loss: 0.728462 | Train R²: -33.6563 | Val R²: -35.6319 | NightHrsTrueNEE vs NightHrsModelReco R²: -132.4000 | NightHrsTrueNee vs NightHrsModelNee R²: -130.7100
Epoch  8000 | Train Loss: 0.573659 | Val Loss: 0.591056 | Train R²: -27.2203 | Val R²: -28.7222 | NightHrsTrueNEE vs NightHrsModelReco R²: -115.7000 | NightHrsTrueNee vs NightHrsModelNee R²: -114.2400
Epoch  8500 | Train Loss: 0.418758 | Val Loss: 0.428712 | Train R²: -19.6002 | Val R²: -20.5585 | NightHrsTrueNEE vs NightHrsModelReco R²: -80.4200 | NightHrsTrueNee vs NightHrsModelNee R²: -79.2700
Epoch  9000 | Train Loss: 0.302304 | Val Loss: 0.311243 | Train R²: -13.8714 | Val R²: -14.6514 | NightHrsTrueNEE vs NightHrsModelReco R²: -45.3700 | NightHrsTrueNee vs NightHrsModelNee R²: -44.6100
Epoch  9500 | Train Loss: 0.221724 | Val Loss: 0.229084 | Train R²: -9.9074 | Val R²: -10.5198 | NightHrsTrueNEE vs NightHrsModelReco R²: -28.6100 | NightHrsTrueNee vs NightHrsModelNee R²: -28.0800
Epoch 10000 | Train Loss: 0.163417 | Val Loss: 0.168981 | Train R²: -7.0390 | Val R²: -7.4975 | NightHrsTrueNEE vs NightHrsModelReco R²: -20.0100 | NightHrsTrueNee vs NightHrsModelNee R²: -19.6100
Epoch 10500 | Train Loss: 0.122281 | Val Loss: 0.126380 | Train R²: -5.0155 | Val R²: -5.3552 | NightHrsTrueNEE vs NightHrsModelReco R²: -14.5000 | NightHrsTrueNee vs NightHrsModelNee R²: -14.2000
Epoch 11000 | Train Loss: 0.093728 | Val Loss: 0.096683 | Train R²: -3.6108 | Val R²: -3.8619 | NightHrsTrueNEE vs NightHrsModelReco R²: -10.8100 | NightHrsTrueNee vs NightHrsModelNee R²: -10.5900
Epoch 11500 | Train Loss: 0.073435 | Val Loss: 0.075527 | Train R²: -2.6125 | Val R²: -2.7980 | NightHrsTrueNEE vs NightHrsModelReco R²: -8.2300 | NightHrsTrueNee vs NightHrsModelNee R²: -8.0600
Epoch 12000 | Train Loss: 0.058422 | Val Loss: 0.059890 | Train R²: -1.8740 | Val R²: -2.0117 | NightHrsTrueNEE vs NightHrsModelReco R²: -6.3400 | NightHrsTrueNee vs NightHrsModelNee R²: -6.2000
Epoch 12500 | Train Loss: 0.046994 | Val Loss: 0.048033 | Train R²: -1.3118 | Val R²: -1.4154 | NightHrsTrueNEE vs NightHrsModelReco R²: -4.9000 | NightHrsTrueNee vs NightHrsModelNee R²: -4.7900
Epoch 13000 | Train Loss: 0.038183 | Val Loss: 0.038930 | Train R²: -0.8784 | Val R²: -0.9576 | NightHrsTrueNEE vs NightHrsModelReco R²: -3.7800 | NightHrsTrueNee vs NightHrsModelNee R²: -3.7000
Epoch 13500 | Train Loss: 0.031363 | Val Loss: 0.031910 | Train R²: -0.5429 | Val R²: -0.6047 | NightHrsTrueNEE vs NightHrsModelReco R²: -2.9200 | NightHrsTrueNee vs NightHrsModelNee R²: -2.8500
Epoch 14000 | Train Loss: 0.026105 | Val Loss: 0.026522 | Train R²: -0.2842 | Val R²: -0.3337 | NightHrsTrueNEE vs NightHrsModelReco R²: -2.2600 | NightHrsTrueNee vs NightHrsModelNee R²: -2.2000
Epoch 14500 | Train Loss: 0.022099 | Val Loss: 0.022434 | Train R²: -0.0871 | Val R²: -0.1281 | NightHrsTrueNEE vs NightHrsModelReco R²: -1.7500 | NightHrsTrueNee vs NightHrsModelNee R²: -1.7100
Epoch 15000 | Train Loss: 0.019102 | Val Loss: 0.019373 | Train R²: 0.0603 | Val R²: 0.0258 | NightHrsTrueNEE vs NightHrsModelReco R²: -1.3700 | NightHrsTrueNee vs NightHrsModelNee R²: -1.3400
Epoch 15500 | Train Loss: 0.016895 | Val Loss: 0.017106 | Train R²: 0.1689 | Val R²: 0.1398 | NightHrsTrueNEE vs NightHrsModelReco R²: -1.1000 | NightHrsTrueNee vs NightHrsModelNee R²: -1.0700
Epoch 16000 | Train Loss: 0.015273 | Val Loss: 0.015431 | Train R²: 0.2486 | Val R²: 0.2240 | NightHrsTrueNEE vs NightHrsModelReco R²: -0.8900 | NightHrsTrueNee vs NightHrsModelNee R²: -0.8700
Epoch 16500 | Train Loss: 0.014072 | Val Loss: 0.014185 | Train R²: 0.3078 | Val R²: 0.2867 | NightHrsTrueNEE vs NightHrsModelReco R²: -0.7300 | NightHrsTrueNee vs NightHrsModelNee R²: -0.7100
Epoch 17000 | Train Loss: 0.013159 | Val Loss: 0.013236 | Train R²: 0.3527 | Val R²: 0.3344 | NightHrsTrueNEE vs NightHrsModelReco R²: -0.6000 | NightHrsTrueNee vs NightHrsModelNee R²: -0.5800
Epoch 17500 | Train Loss: 0.012421 | Val Loss: 0.012467 | Train R²: 0.3890 | Val R²: 0.3731 | NightHrsTrueNEE vs NightHrsModelReco R²: -0.4700 | NightHrsTrueNee vs NightHrsModelNee R²: -0.4600
Epoch 18000 | Train Loss: 0.011747 | Val Loss: 0.011772 | Train R²: 0.4221 | Val R²: 0.4080 | NightHrsTrueNEE vs NightHrsModelReco R²: -0.3400 | NightHrsTrueNee vs NightHrsModelNee R²: -0.3300
Epoch 18500 | Train Loss: 0.011049 | Val Loss: 0.011076 | Train R²: 0.4565 | Val R²: 0.4430 | NightHrsTrueNEE vs NightHrsModelReco R²: -0.2100 | NightHrsTrueNee vs NightHrsModelNee R²: -0.2000
Epoch 19000 | Train Loss: 0.010302 | Val Loss: 0.010338 | Train R²: 0.4932 | Val R²: 0.4801 | NightHrsTrueNEE vs NightHrsModelReco R²: -0.0800 | NightHrsTrueNee vs NightHrsModelNee R²: -0.0800
Epoch 19500 | Train Loss: 0.009549 | Val Loss: 0.009578 | Train R²: 0.5303 | Val R²: 0.5184 | NightHrsTrueNEE vs NightHrsModelReco R²: 0.0200 | NightHrsTrueNee vs NightHrsModelNee R²: 0.0200
Epoch 20000 | Train Loss: 0.008860 | Val Loss: 0.008882 | Train R²: 0.5641 | Val R²: 0.5533 | NightHrsTrueNEE vs NightHrsModelReco R²: 0.0800 | NightHrsTrueNee vs NightHrsModelNee R²: 0.0800
Epoch 20500 | Train Loss: 0.008223 | Val Loss: 0.008262 | Train R²: 0.5955 | Val R²: 0.5845 | NightHrsTrueNEE vs NightHrsModelReco R²: 0.1100 | NightHrsTrueNee vs NightHrsModelNee R²: 0.1200
Epoch 21000 | Train Loss: 0.007599 | Val Loss: 0.007661 | Train R²: 0.6262 | Val R²: 0.6147 | NightHrsTrueNEE vs NightHrsModelReco R²: 0.1500 | NightHrsTrueNee vs NightHrsModelNee R²: 0.1600
Epoch 21500 | Train Loss: 0.006949 | Val Loss: 0.007013 | Train R²: 0.6581 | Val R²: 0.6474 | NightHrsTrueNEE vs NightHrsModelReco R²: 0.2100 | NightHrsTrueNee vs NightHrsModelNee R²: 0.2100
Epoch 22000 | Train Loss: 0.006257 | Val Loss: 0.006307 | Train R²: 0.6922 | Val R²: 0.6828 | NightHrsTrueNEE vs NightHrsModelReco R²: 0.2800 | NightHrsTrueNee vs NightHrsModelNee R²: 0.2800
Epoch 22500 | Train Loss: 0.005585 | Val Loss: 0.005625 | Train R²: 0.7252 | Val R²: 0.7172 | NightHrsTrueNEE vs NightHrsModelReco R²: 0.3500 | NightHrsTrueNee vs NightHrsModelNee R²: 0.3500
Epoch 23000 | Train Loss: 0.004971 | Val Loss: 0.005002 | Train R²: 0.7554 | Val R²: 0.7485 | NightHrsTrueNEE vs NightHrsModelReco R²: 0.4100 | NightHrsTrueNee vs NightHrsModelNee R²: 0.4100
Epoch 23500 | Train Loss: 0.004408 | Val Loss: 0.004425 | Train R²: 0.7831 | Val R²: 0.7775 | NightHrsTrueNEE vs NightHrsModelReco R²: 0.4700 | NightHrsTrueNee vs NightHrsModelNee R²: 0.4700
Epoch 24000 | Train Loss: 0.003893 | Val Loss: 0.003888 | Train R²: 0.8085 | Val R²: 0.8045 | NightHrsTrueNEE vs NightHrsModelReco R²: 0.5300 | NightHrsTrueNee vs NightHrsModelNee R²: 0.5300
Epoch 24500 | Train Loss: 0.003415 | Val Loss: 0.003390 | Train R²: 0.8320 | Val R²: 0.8295 | NightHrsTrueNEE vs NightHrsModelReco R²: 0.5800 | NightHrsTrueNee vs NightHrsModelNee R²: 0.5800
Epoch 25000 | Train Loss: 0.002964 | Val Loss: 0.002918 | Train R²: 0.8542 | Val R²: 0.8533 | NightHrsTrueNEE vs NightHrsModelReco R²: 0.6300 | NightHrsTrueNee vs NightHrsModelNee R²: 0.6300
Epoch 25500 | Train Loss: 0.002579 | Val Loss: 0.002516 | Train R²: 0.8731 | Val R²: 0.8735 | NightHrsTrueNEE vs NightHrsModelReco R²: 0.6800 | NightHrsTrueNee vs NightHrsModelNee R²: 0.6800
Epoch 26000 | Train Loss: 0.002330 | Val Loss: 0.002256 | Train R²: 0.8854 | Val R²: 0.8865 | NightHrsTrueNEE vs NightHrsModelReco R²: 0.7100 | NightHrsTrueNee vs NightHrsModelNee R²: 0.7100
Epoch 26500 | Train Loss: 0.002175 | Val Loss: 0.002093 | Train R²: 0.8930 | Val R²: 0.8947 | NightHrsTrueNEE vs NightHrsModelReco R²: 0.7200 | NightHrsTrueNee vs NightHrsModelNee R²: 0.7200
Epoch 27000 | Train Loss: 0.002065 | Val Loss: 0.001979 | Train R²: 0.8984 | Val R²: 0.9005 | NightHrsTrueNEE vs NightHrsModelReco R²: 0.7300 | NightHrsTrueNee vs NightHrsModelNee R²: 0.7300
Epoch 27500 | Train Loss: 0.001983 | Val Loss: 0.001897 | Train R²: 0.9025 | Val R²: 0.9046 | NightHrsTrueNEE vs NightHrsModelReco R²: 0.7400 | NightHrsTrueNee vs NightHrsModelNee R²: 0.7400
Epoch 28000 | Train Loss: 0.001922 | Val Loss: 0.001838 | Train R²: 0.9054 | Val R²: 0.9076 | NightHrsTrueNEE vs NightHrsModelReco R²: 0.7400 | NightHrsTrueNee vs NightHrsModelNee R²: 0.7400
Epoch 28500 | Train Loss: 0.001879 | Val Loss: 0.001798 | Train R²: 0.9076 | Val R²: 0.9096 | NightHrsTrueNEE vs NightHrsModelReco R²: 0.7500 | NightHrsTrueNee vs NightHrsModelNee R²: 0.7500
Epoch 29000 | Train Loss: 0.001849 | Val Loss: 0.001771 | Train R²: 0.9090 | Val R²: 0.9109 | NightHrsTrueNEE vs NightHrsModelReco R²: 0.7500 | NightHrsTrueNee vs NightHrsModelNee R²: 0.7500
Early stopping at epoch 29133 due to flat/negative trend (slope=0.000002)
Epoch 29133 | Train Loss: 0.001843 | Val Loss: 0.001766 | Train R²: 0.9093 | Val R²: 0.9112
Unpickling models
Following models have been loaded and moved to cuda:
trained gpp model:
 SNN_GPP_Tram(
  (net): Sequential(
    (0): Linear(in_features=11, out_features=12, bias=True)
    (1): Tanh()
    (2): Linear(in_features=12, out_features=1, bias=True)
    (3): Sigmoid()
  )
), trained_reco_model:
 SNN_GPP_Tram(
  (net): Sequential(
    (0): Linear(in_features=8, out_features=12, bias=True)
    (1): Tanh()
    (2): Linear(in_features=12, out_features=1, bias=True)
    (3): Sigmoid()
  )
)
using full data set for visualization
Un-normalizing the GPP and RECO predictions using NEE min: tensor([-50.4310]), NEE max: tensor([42.8991])



Metrics for the Tramontana, with
GPP inputs: ['SW_IN', 'VPD', 'TA', 'WS', 'PotRad', 'PotRadHalfHourlyDiff', 'PotRadDailyAvg', 'PotRadDailyDiff', 'WD_COS', 'WD_SIN', 'GPP_PROX']
RECO inputs: ['DOY_sin', 'DOY_cos', 'TA', 'TS_1', 'WS', 'WD_COS', 'WD_SIN', 'NIGHTLY_NEE_AVG']:
dt_gpp vs Tramontana_GPP R²=0.96 RMSE=1.69
nt_gpp vs Tramontana_GPP R²=0.91 RMSE=2.50
dt_reco vs Tramontana_RECO R²=0.69 RMSE=1.94
nt_reco vs Tramontana_RECO R²=0.85 RMSE=1.30
night_hours_true_nee vs Tramontana_night_hours_model_reco R²=0.75 RMSE=1.79
night_hours_true_nee vs Tramontana_night_hours_model_nee R²=0.75 RMSE=1.79
dt_gpp vs nt_gpp R²=0.90 RMSE=2.59
dt_reco vs nt_reco R²=0.77 RMSE=2.00

gpp_input_names,  ['SW_IN', 'VPD', 'TA', 'WTD', 'WS', 'PotRad', 'PotRadHalfHourlyDiff', 'PotRadDailyAvg', 'PotRadDailyDiff', 'WD_COS', 'WD_SIN', 'GPP_PROX'] 
reco_input_names,  ['DOY_sin', 'DOY_cos', 'TA', 'TS_1', 'WTD', 'WS', 'WD_COS', 'WD_SIN', 'NIGHTLY_NEE_AVG'] 
true_nee_name,  ['NEE'] 

Tramontana Running on GPU With hidden layer size of 12 Total epochs: 100000 lr: 0.001 patience: 500 min_delta 0.01
SNN_GPP_Tram(
  (net): Sequential(
    (0): Linear(in_features=12, out_features=12, bias=True)
    (1): Tanh()
    (2): Linear(in_features=12, out_features=1, bias=True)
    (3): Sigmoid()
  )
)
SNN_RECO_Tram(
  (net): Sequential(
    (0): Linear(in_features=9, out_features=12, bias=True)
    (1): Tanh()
    (2): Linear(in_features=12, out_features=1, bias=True)
    (3): Sigmoid()
  )
)
Params are min slope: 2e-06, trend window: 100
Epoch     0 | Train Loss: 31490.378906 | Val Loss: 29839.978516 | Train R²: -1549119.7500 | Val R²: -1500548.7500 | NightHrsTrueNEE vs NightHrsModelReco R²: -30.2700 | NightHrsTrueNee vs NightHrsModelNee R²: -97.3100
Epoch   500 | Train Loss: 232.736435 | Val Loss: 231.457855 | Train R²: -11448.1113 | Val R²: -11638.2168 | NightHrsTrueNEE vs NightHrsModelReco R²: -136.0300 | NightHrsTrueNee vs NightHrsModelNee R²: -128.6700
Epoch  1000 | Train Loss: 63.305965 | Val Loss: 63.990433 | Train R²: -3113.2400 | Val R²: -3216.8579 | NightHrsTrueNEE vs NightHrsModelReco R²: -153.2000 | NightHrsTrueNee vs NightHrsModelNee R²: -146.2600
Epoch  1500 | Train Loss: 28.389446 | Val Loss: 29.004293 | Train R²: -1395.5752 | Val R²: -1457.5258 | NightHrsTrueNEE vs NightHrsModelReco R²: -158.6200 | NightHrsTrueNee vs NightHrsModelNee R²: -152.5700
Epoch  2000 | Train Loss: 15.524447 | Val Loss: 15.998780 | Train R²: -762.7014 | Val R²: -803.5235 | NightHrsTrueNEE vs NightHrsModelReco R²: -161.1900 | NightHrsTrueNee vs NightHrsModelNee R²: -155.8800
Epoch  2500 | Train Loss: 9.445291 | Val Loss: 9.808576 | Train R²: -463.6465 | Val R²: -492.2394 | NightHrsTrueNEE vs NightHrsModelReco R²: -162.6600 | NightHrsTrueNee vs NightHrsModelNee R²: -157.9600
Epoch  3000 | Train Loss: 6.149141 | Val Loss: 6.430185 | Train R²: -301.4976 | Val R²: -322.3518 | NightHrsTrueNEE vs NightHrsModelReco R²: -163.5900 | NightHrsTrueNee vs NightHrsModelNee R²: -159.3800
Epoch  3500 | Train Loss: 4.203055 | Val Loss: 4.422955 | Train R²: -205.7629 | Val R²: -221.4151 | NightHrsTrueNEE vs NightHrsModelReco R²: -164.2000 | NightHrsTrueNee vs NightHrsModelNee R²: -160.3900
Epoch  4000 | Train Loss: 2.988120 | Val Loss: 3.161881 | Train R²: -145.9960 | Val R²: -158.0001 | NightHrsTrueNEE vs NightHrsModelReco R²: -164.5600 | NightHrsTrueNee vs NightHrsModelNee R²: -161.1100
Epoch  4500 | Train Loss: 2.200746 | Val Loss: 2.339182 | Train R²: -107.2623 | Val R²: -116.6294 | NightHrsTrueNEE vs NightHrsModelReco R²: -164.7200 | NightHrsTrueNee vs NightHrsModelNee R²: -161.5800
Epoch  5000 | Train Loss: 1.677511 | Val Loss: 1.788576 | Train R²: -81.5226 | Val R²: -88.9413 | NightHrsTrueNEE vs NightHrsModelReco R²: -164.6000 | NightHrsTrueNee vs NightHrsModelNee R²: -161.7200
Epoch  5500 | Train Loss: 1.323587 | Val Loss: 1.413282 | Train R²: -64.1118 | Val R²: -70.0691 | NightHrsTrueNEE vs NightHrsModelReco R²: -163.7400 | NightHrsTrueNee vs NightHrsModelNee R²: -161.1100
Epoch  6000 | Train Loss: 1.070657 | Val Loss: 1.144028 | Train R²: -51.6693 | Val R²: -56.5292 | NightHrsTrueNEE vs NightHrsModelReco R²: -153.8500 | NightHrsTrueNee vs NightHrsModelNee R²: -151.5100
Epoch  6500 | Train Loss: 0.837205 | Val Loss: 0.895327 | Train R²: -40.1850 | Val R²: -44.0229 | NightHrsTrueNEE vs NightHrsModelReco R²: -120.2900 | NightHrsTrueNee vs NightHrsModelNee R²: -118.3900
Epoch  7000 | Train Loss: 0.673933 | Val Loss: 0.719055 | Train R²: -32.1531 | Val R²: -35.1588 | NightHrsTrueNEE vs NightHrsModelReco R²: -108.8900 | NightHrsTrueNee vs NightHrsModelNee R²: -107.2200
Epoch  7500 | Train Loss: 0.489619 | Val Loss: 0.523036 | Train R²: -23.0861 | Val R²: -25.3017 | NightHrsTrueNEE vs NightHrsModelReco R²: -72.8700 | NightHrsTrueNee vs NightHrsModelNee R²: -71.5400
Epoch  8000 | Train Loss: 0.365732 | Val Loss: 0.392743 | Train R²: -16.9916 | Val R²: -18.7497 | NightHrsTrueNEE vs NightHrsModelReco R²: -45.1700 | NightHrsTrueNee vs NightHrsModelNee R²: -44.2200
Epoch  8500 | Train Loss: 0.274900 | Val Loss: 0.295648 | Train R²: -12.5233 | Val R²: -13.8671 | NightHrsTrueNEE vs NightHrsModelReco R²: -30.2900 | NightHrsTrueNee vs NightHrsModelNee R²: -29.6000
Epoch  9000 | Train Loss: 0.207567 | Val Loss: 0.223162 | Train R²: -9.2109 | Val R²: -10.2221 | NightHrsTrueNEE vs NightHrsModelReco R²: -21.3700 | NightHrsTrueNee vs NightHrsModelNee R²: -20.8600
Epoch  9500 | Train Loss: 0.158176 | Val Loss: 0.169859 | Train R²: -6.7812 | Val R²: -7.5416 | NightHrsTrueNEE vs NightHrsModelReco R²: -15.4700 | NightHrsTrueNee vs NightHrsModelNee R²: -15.0800
Epoch 10000 | Train Loss: 0.122069 | Val Loss: 0.130872 | Train R²: -5.0050 | Val R²: -5.5811 | NightHrsTrueNEE vs NightHrsModelReco R²: -11.5000 | NightHrsTrueNee vs NightHrsModelNee R²: -11.2000
Epoch 10500 | Train Loss: 0.095457 | Val Loss: 0.102089 | Train R²: -3.6959 | Val R²: -4.1337 | NightHrsTrueNEE vs NightHrsModelReco R²: -8.7700 | NightHrsTrueNee vs NightHrsModelNee R²: -8.5500
Epoch 11000 | Train Loss: 0.075662 | Val Loss: 0.080643 | Train R²: -2.7221 | Val R²: -3.0552 | NightHrsTrueNEE vs NightHrsModelReco R²: -6.8100 | NightHrsTrueNee vs NightHrsModelNee R²: -6.6400
Epoch 11500 | Train Loss: 0.060790 | Val Loss: 0.064526 | Train R²: -1.9905 | Val R²: -2.2448 | NightHrsTrueNEE vs NightHrsModelReco R²: -5.3600 | NightHrsTrueNee vs NightHrsModelNee R²: -5.2200
Epoch 12000 | Train Loss: 0.049509 | Val Loss: 0.052314 | Train R²: -1.4355 | Val R²: -1.6307 | NightHrsTrueNEE vs NightHrsModelReco R²: -4.2600 | NightHrsTrueNee vs NightHrsModelNee R²: -4.1500
Epoch 12500 | Train Loss: 0.040888 | Val Loss: 0.043006 | Train R²: -1.0114 | Val R²: -1.1626 | NightHrsTrueNEE vs NightHrsModelReco R²: -3.4100 | NightHrsTrueNee vs NightHrsModelNee R²: -3.3200
Epoch 13000 | Train Loss: 0.034281 | Val Loss: 0.035896 | Train R²: -0.6864 | Val R²: -0.8051 | NightHrsTrueNEE vs NightHrsModelReco R²: -2.7500 | NightHrsTrueNee vs NightHrsModelNee R²: -2.6800
Epoch 13500 | Train Loss: 0.029236 | Val Loss: 0.030471 | Train R²: -0.4382 | Val R²: -0.5323 | NightHrsTrueNEE vs NightHrsModelReco R²: -2.2300 | NightHrsTrueNee vs NightHrsModelNee R²: -2.1700
Epoch 14000 | Train Loss: 0.025405 | Val Loss: 0.026341 | Train R²: -0.2497 | Val R²: -0.3246 | NightHrsTrueNEE vs NightHrsModelReco R²: -1.8100 | NightHrsTrueNee vs NightHrsModelNee R²: -1.7700
Epoch 14500 | Train Loss: 0.022514 | Val Loss: 0.023215 | Train R²: -0.1075 | Val R²: -0.1674 | NightHrsTrueNEE vs NightHrsModelReco R²: -1.4900 | NightHrsTrueNee vs NightHrsModelNee R²: -1.4600
Epoch 15000 | Train Loss: 0.020351 | Val Loss: 0.020871 | Train R²: -0.0011 | Val R²: -0.0495 | NightHrsTrueNEE vs NightHrsModelReco R²: -1.2500 | NightHrsTrueNee vs NightHrsModelNee R²: -1.2200
Epoch 15500 | Train Loss: 0.018733 | Val Loss: 0.019109 | Train R²: 0.0784 | Val R²: 0.0391 | NightHrsTrueNEE vs NightHrsModelReco R²: -1.0600 | NightHrsTrueNee vs NightHrsModelNee R²: -1.0400
Epoch 16000 | Train Loss: 0.017496 | Val Loss: 0.017747 | Train R²: 0.1393 | Val R²: 0.1076 | NightHrsTrueNEE vs NightHrsModelReco R²: -0.8800 | NightHrsTrueNee vs NightHrsModelNee R²: -0.8600
Epoch 16500 | Train Loss: 0.016505 | Val Loss: 0.016644 | Train R²: 0.1880 | Val R²: 0.1630 | NightHrsTrueNEE vs NightHrsModelReco R²: -0.7100 | NightHrsTrueNee vs NightHrsModelNee R²: -0.6900
Epoch 17000 | Train Loss: 0.015647 | Val Loss: 0.015706 | Train R²: 0.2303 | Val R²: 0.2102 | NightHrsTrueNEE vs NightHrsModelReco R²: -0.5300 | NightHrsTrueNee vs NightHrsModelNee R²: -0.5200
Epoch 17500 | Train Loss: 0.014762 | Val Loss: 0.014778 | Train R²: 0.2738 | Val R²: 0.2569 | NightHrsTrueNEE vs NightHrsModelReco R²: -0.3300 | NightHrsTrueNee vs NightHrsModelNee R²: -0.3200
Epoch 18000 | Train Loss: 0.013750 | Val Loss: 0.013748 | Train R²: 0.3236 | Val R²: 0.3087 | NightHrsTrueNEE vs NightHrsModelReco R²: -0.1700 | NightHrsTrueNee vs NightHrsModelNee R²: -0.1600
Epoch 18500 | Train Loss: 0.012956 | Val Loss: 0.012910 | Train R²: 0.3627 | Val R²: 0.3508 | NightHrsTrueNEE vs NightHrsModelReco R²: -0.0800 | NightHrsTrueNee vs NightHrsModelNee R²: -0.0800
Epoch 19000 | Train Loss: 0.012316 | Val Loss: 0.012251 | Train R²: 0.3941 | Val R²: 0.3839 | NightHrsTrueNEE vs NightHrsModelReco R²: -0.0300 | NightHrsTrueNee vs NightHrsModelNee R²: -0.0200
Epoch 19500 | Train Loss: 0.011655 | Val Loss: 0.011606 | Train R²: 0.4266 | Val R²: 0.4164 | NightHrsTrueNEE vs NightHrsModelReco R²: 0.0300 | NightHrsTrueNee vs NightHrsModelNee R²: 0.0400
Epoch 20000 | Train Loss: 0.010846 | Val Loss: 0.010851 | Train R²: 0.4664 | Val R²: 0.4543 | NightHrsTrueNEE vs NightHrsModelReco R²: 0.0800 | NightHrsTrueNee vs NightHrsModelNee R²: 0.0900
Epoch 20500 | Train Loss: 0.009850 | Val Loss: 0.009934 | Train R²: 0.5154 | Val R²: 0.5005 | NightHrsTrueNEE vs NightHrsModelReco R²: 0.1200 | NightHrsTrueNee vs NightHrsModelNee R²: 0.1200
Epoch 21000 | Train Loss: 0.008756 | Val Loss: 0.008904 | Train R²: 0.5693 | Val R²: 0.5523 | NightHrsTrueNEE vs NightHrsModelReco R²: 0.1600 | NightHrsTrueNee vs NightHrsModelNee R²: 0.1700
Epoch 21500 | Train Loss: 0.007649 | Val Loss: 0.007810 | Train R²: 0.6237 | Val R²: 0.6072 | NightHrsTrueNEE vs NightHrsModelReco R²: 0.2300 | NightHrsTrueNee vs NightHrsModelNee R²: 0.2300
Epoch 22000 | Train Loss: 0.006574 | Val Loss: 0.006709 | Train R²: 0.6766 | Val R²: 0.6626 | NightHrsTrueNEE vs NightHrsModelReco R²: 0.3000 | NightHrsTrueNee vs NightHrsModelNee R²: 0.3100
Epoch 22500 | Train Loss: 0.005486 | Val Loss: 0.005576 | Train R²: 0.7301 | Val R²: 0.7196 | NightHrsTrueNEE vs NightHrsModelReco R²: 0.3800 | NightHrsTrueNee vs NightHrsModelNee R²: 0.3800
Epoch 23000 | Train Loss: 0.004411 | Val Loss: 0.004443 | Train R²: 0.7830 | Val R²: 0.7766 | NightHrsTrueNEE vs NightHrsModelReco R²: 0.4700 | NightHrsTrueNee vs NightHrsModelNee R²: 0.4700
Epoch 23500 | Train Loss: 0.003612 | Val Loss: 0.003596 | Train R²: 0.8223 | Val R²: 0.8192 | NightHrsTrueNEE vs NightHrsModelReco R²: 0.5500 | NightHrsTrueNee vs NightHrsModelNee R²: 0.5500
Epoch 24000 | Train Loss: 0.003131 | Val Loss: 0.003085 | Train R²: 0.8460 | Val R²: 0.8449 | NightHrsTrueNEE vs NightHrsModelReco R²: 0.6100 | NightHrsTrueNee vs NightHrsModelNee R²: 0.6100
Epoch 24500 | Train Loss: 0.002831 | Val Loss: 0.002766 | Train R²: 0.8608 | Val R²: 0.8609 | NightHrsTrueNEE vs NightHrsModelReco R²: 0.6500 | NightHrsTrueNee vs NightHrsModelNee R²: 0.6500
Epoch 25000 | Train Loss: 0.002621 | Val Loss: 0.002547 | Train R²: 0.8711 | Val R²: 0.8719 | NightHrsTrueNEE vs NightHrsModelReco R²: 0.6800 | NightHrsTrueNee vs NightHrsModelNee R²: 0.6800
Epoch 25500 | Train Loss: 0.002456 | Val Loss: 0.002382 | Train R²: 0.8792 | Val R²: 0.8802 | NightHrsTrueNEE vs NightHrsModelReco R²: 0.7000 | NightHrsTrueNee vs NightHrsModelNee R²: 0.6900
Epoch 26000 | Train Loss: 0.002318 | Val Loss: 0.002245 | Train R²: 0.8860 | Val R²: 0.8871 | NightHrsTrueNEE vs NightHrsModelReco R²: 0.7100 | NightHrsTrueNee vs NightHrsModelNee R²: 0.7100
Epoch 26500 | Train Loss: 0.002204 | Val Loss: 0.002133 | Train R²: 0.8916 | Val R²: 0.8928 | NightHrsTrueNEE vs NightHrsModelReco R²: 0.7200 | NightHrsTrueNee vs NightHrsModelNee R²: 0.7200
Epoch 27000 | Train Loss: 0.002107 | Val Loss: 0.002039 | Train R²: 0.8963 | Val R²: 0.8975 | NightHrsTrueNEE vs NightHrsModelReco R²: 0.7300 | NightHrsTrueNee vs NightHrsModelNee R²: 0.7300
Epoch 27500 | Train Loss: 0.002022 | Val Loss: 0.001958 | Train R²: 0.9005 | Val R²: 0.9015 | NightHrsTrueNEE vs NightHrsModelReco R²: 0.7300 | NightHrsTrueNee vs NightHrsModelNee R²: 0.7300
Epoch 28000 | Train Loss: 0.001949 | Val Loss: 0.001890 | Train R²: 0.9041 | Val R²: 0.9049 | NightHrsTrueNEE vs NightHrsModelReco R²: 0.7400 | NightHrsTrueNee vs NightHrsModelNee R²: 0.7400
Epoch 28500 | Train Loss: 0.001890 | Val Loss: 0.001837 | Train R²: 0.9070 | Val R²: 0.9076 | NightHrsTrueNEE vs NightHrsModelReco R²: 0.7400 | NightHrsTrueNee vs NightHrsModelNee R²: 0.7400
Epoch 29000 | Train Loss: 0.001849 | Val Loss: 0.001799 | Train R²: 0.9091 | Val R²: 0.9095 | NightHrsTrueNEE vs NightHrsModelReco R²: 0.7400 | NightHrsTrueNee vs NightHrsModelNee R²: 0.7400
Epoch 29500 | Train Loss: 0.001821 | Val Loss: 0.001775 | Train R²: 0.9104 | Val R²: 0.9107 | NightHrsTrueNEE vs NightHrsModelReco R²: 0.7500 | NightHrsTrueNee vs NightHrsModelNee R²: 0.7500
Early stopping at epoch 29564 due to flat/negative trend (slope=0.000002)
Epoch 29564 | Train Loss: 0.001819 | Val Loss: 0.001773 | Train R²: 0.9105 | Val R²: 0.9109
Unpickling models
Following models have been loaded and moved to cuda:
trained gpp model:
 SNN_GPP_Tram(
  (net): Sequential(
    (0): Linear(in_features=12, out_features=12, bias=True)
    (1): Tanh()
    (2): Linear(in_features=12, out_features=1, bias=True)
    (3): Sigmoid()
  )
), trained_reco_model:
 SNN_GPP_Tram(
  (net): Sequential(
    (0): Linear(in_features=9, out_features=12, bias=True)
    (1): Tanh()
    (2): Linear(in_features=12, out_features=1, bias=True)
    (3): Sigmoid()
  )
)
using full data set for visualization
Un-normalizing the GPP and RECO predictions using NEE min: tensor([-50.4310]), NEE max: tensor([42.8991])



Metrics for the Tramontana, with
GPP inputs: ['SW_IN', 'VPD', 'TA', 'WTD', 'WS', 'PotRad', 'PotRadHalfHourlyDiff', 'PotRadDailyAvg', 'PotRadDailyDiff', 'WD_COS', 'WD_SIN', 'GPP_PROX']
RECO inputs: ['DOY_sin', 'DOY_cos', 'TA', 'TS_1', 'WTD', 'WS', 'WD_COS', 'WD_SIN', 'NIGHTLY_NEE_AVG']:
dt_gpp vs Tramontana_GPP R²=0.96 RMSE=1.66
nt_gpp vs Tramontana_GPP R²=0.91 RMSE=2.47
dt_reco vs Tramontana_RECO R²=0.70 RMSE=1.91
nt_reco vs Tramontana_RECO R²=0.86 RMSE=1.26
night_hours_true_nee vs Tramontana_night_hours_model_reco R²=0.75 RMSE=1.78
night_hours_true_nee vs Tramontana_night_hours_model_nee R²=0.75 RMSE=1.78
dt_gpp vs nt_gpp R²=0.90 RMSE=2.59
dt_reco vs nt_reco R²=0.77 RMSE=2.00

gpp_input_names,  ['SW_IN', 'VPD', 'TA', 'WTD', 'WS', 'PotRad', 'PotRadHalfHourlyDiff', 'PotRadDailyAvg', 'PotRadDailyDiff', 'WD_COS', 'WD_SIN', 'GPP_PROX', 'Salinity'] 
reco_input_names,  ['DOY_sin', 'DOY_cos', 'TA', 'TS_1', 'WTD', 'WS', 'WD_COS', 'WD_SIN', 'NIGHTLY_NEE_AVG', 'Salinity'] 
true_nee_name,  ['NEE'] 

Tramontana Running on GPU With hidden layer size of 12 Total epochs: 100000 lr: 0.001 patience: 500 min_delta 0.01
SNN_GPP_Tram(
  (net): Sequential(
    (0): Linear(in_features=13, out_features=12, bias=True)
    (1): Tanh()
    (2): Linear(in_features=12, out_features=1, bias=True)
    (3): Sigmoid()
  )
)
SNN_RECO_Tram(
  (net): Sequential(
    (0): Linear(in_features=10, out_features=12, bias=True)
    (1): Tanh()
    (2): Linear(in_features=12, out_features=1, bias=True)
    (3): Sigmoid()
  )
)
Params are min slope: 2e-06, trend window: 100
Epoch     0 | Train Loss: 29302.054688 | Val Loss: 27835.234375 | Train R²: -1441468.6250 | Val R²: -1399737.0000 | NightHrsTrueNEE vs NightHrsModelReco R²: -24.6500 | NightHrsTrueNee vs NightHrsModelNee R²: -109.7300
Epoch   500 | Train Loss: 196.880768 | Val Loss: 196.006287 | Train R²: -9684.2480 | Val R²: -9855.4805 | NightHrsTrueNEE vs NightHrsModelReco R²: -130.4400 | NightHrsTrueNee vs NightHrsModelNee R²: -124.3800
Epoch  1000 | Train Loss: 54.455902 | Val Loss: 55.024334 | Train R²: -2677.8745 | Val R²: -2765.9839 | NightHrsTrueNEE vs NightHrsModelReco R²: -151.5700 | NightHrsTrueNee vs NightHrsModelNee R²: -145.2300
Epoch  1500 | Train Loss: 24.583487 | Val Loss: 25.077602 | Train R²: -1208.3469 | Val R²: -1260.0662 | NightHrsTrueNEE vs NightHrsModelReco R²: -158.1300 | NightHrsTrueNee vs NightHrsModelNee R²: -152.5600
Epoch  2000 | Train Loss: 13.493555 | Val Loss: 13.870918 | Train R²: -662.7946 | Val R²: -696.5206 | NightHrsTrueNEE vs NightHrsModelReco R²: -161.1100 | NightHrsTrueNee vs NightHrsModelNee R²: -156.2500
Epoch  2500 | Train Loss: 8.232817 | Val Loss: 8.520676 | Train R²: -404.0008 | Val R²: -427.4754 | NightHrsTrueNEE vs NightHrsModelReco R²: -162.7800 | NightHrsTrueNee vs NightHrsModelNee R²: -158.4800
Epoch  3000 | Train Loss: 5.375352 | Val Loss: 5.597844 | Train R²: -263.4322 | Val R²: -280.4963 | NightHrsTrueNEE vs NightHrsModelReco R²: -163.8100 | NightHrsTrueNee vs NightHrsModelNee R²: -159.9900
Epoch  3500 | Train Loss: 3.687723 | Val Loss: 3.861994 | Train R²: -180.4119 | Val R²: -193.2063 | NightHrsTrueNEE vs NightHrsModelReco R²: -164.4800 | NightHrsTrueNee vs NightHrsModelNee R²: -161.0500
Epoch  4000 | Train Loss: 2.635019 | Val Loss: 2.773073 | Train R²: -128.6257 | Val R²: -138.4483 | NightHrsTrueNEE vs NightHrsModelReco R²: -164.9200 | NightHrsTrueNee vs NightHrsModelNee R²: -161.8300
Epoch  4500 | Train Loss: 1.954076 | Val Loss: 2.064466 | Train R²: -95.1277 | Val R²: -102.8149 | NightHrsTrueNEE vs NightHrsModelReco R²: -165.1500 | NightHrsTrueNee vs NightHrsModelNee R²: -162.3500
Epoch  5000 | Train Loss: 1.502807 | Val Loss: 1.591765 | Train R²: -72.9283 | Val R²: -79.0444 | NightHrsTrueNEE vs NightHrsModelReco R²: -164.9600 | NightHrsTrueNee vs NightHrsModelNee R²: -162.4100
Epoch  5500 | Train Loss: 1.190999 | Val Loss: 1.263297 | Train R²: -57.5894 | Val R²: -62.5268 | NightHrsTrueNEE vs NightHrsModelReco R²: -154.3300 | NightHrsTrueNee vs NightHrsModelNee R²: -152.0800
Epoch  6000 | Train Loss: 0.951833 | Val Loss: 1.010520 | Train R²: -45.8240 | Val R²: -49.8155 | NightHrsTrueNEE vs NightHrsModelReco R²: -133.8400 | NightHrsTrueNee vs NightHrsModelNee R²: -131.9100
Epoch  6500 | Train Loss: 0.774853 | Val Loss: 0.821797 | Train R²: -37.1177 | Val R²: -40.3254 | NightHrsTrueNEE vs NightHrsModelReco R²: -122.9700 | NightHrsTrueNee vs NightHrsModelNee R²: -121.2500
Epoch  7000 | Train Loss: 0.623896 | Val Loss: 0.660628 | Train R²: -29.6916 | Val R²: -32.2207 | NightHrsTrueNEE vs NightHrsModelReco R²: -108.4100 | NightHrsTrueNee vs NightHrsModelNee R²: -106.8900
Epoch  7500 | Train Loss: 0.424368 | Val Loss: 0.450433 | Train R²: -19.8761 | Val R²: -21.6507 | NightHrsTrueNEE vs NightHrsModelReco R²: -60.3200 | NightHrsTrueNee vs NightHrsModelNee R²: -59.2600
Epoch  8000 | Train Loss: 0.320266 | Val Loss: 0.341045 | Train R²: -14.7550 | Val R²: -16.1500 | NightHrsTrueNEE vs NightHrsModelReco R²: -41.2400 | NightHrsTrueNee vs NightHrsModelNee R²: -40.4400
Epoch  8500 | Train Loss: 0.242146 | Val Loss: 0.258752 | Train R²: -10.9120 | Val R²: -12.0117 | NightHrsTrueNEE vs NightHrsModelReco R²: -28.8300 | NightHrsTrueNee vs NightHrsModelNee R²: -28.2400
Epoch  9000 | Train Loss: 0.182993 | Val Loss: 0.195943 | Train R²: -8.0020 | Val R²: -8.8533 | NightHrsTrueNEE vs NightHrsModelReco R²: -20.3000 | NightHrsTrueNee vs NightHrsModelNee R²: -19.8600
Epoch  9500 | Train Loss: 0.139241 | Val Loss: 0.149200 | Train R²: -5.8497 | Val R²: -6.5028 | NightHrsTrueNEE vs NightHrsModelReco R²: -14.8200 | NightHrsTrueNee vs NightHrsModelNee R²: -14.4900
Epoch 10000 | Train Loss: 0.107382 | Val Loss: 0.115014 | Train R²: -4.2825 | Val R²: -4.7837 | NightHrsTrueNEE vs NightHrsModelReco R²: -11.1700 | NightHrsTrueNee vs NightHrsModelNee R²: -10.9200
Epoch 10500 | Train Loss: 0.084146 | Val Loss: 0.089968 | Train R²: -3.1395 | Val R²: -3.5242 | NightHrsTrueNEE vs NightHrsModelReco R²: -8.5800 | NightHrsTrueNee vs NightHrsModelNee R²: -8.3900
Epoch 11000 | Train Loss: 0.066958 | Val Loss: 0.071396 | Train R²: -2.2939 | Val R²: -2.5903 | NightHrsTrueNEE vs NightHrsModelReco R²: -6.6600 | NightHrsTrueNee vs NightHrsModelNee R²: -6.5100
Epoch 11500 | Train Loss: 0.054004 | Val Loss: 0.057398 | Train R²: -1.6566 | Val R²: -1.8864 | NightHrsTrueNEE vs NightHrsModelReco R²: -5.2000 | NightHrsTrueNee vs NightHrsModelNee R²: -5.0800
Epoch 12000 | Train Loss: 0.044115 | Val Loss: 0.046724 | Train R²: -1.1702 | Val R²: -1.3496 | NightHrsTrueNEE vs NightHrsModelReco R²: -4.0600 | NightHrsTrueNee vs NightHrsModelNee R²: -3.9600
Epoch 12500 | Train Loss: 0.036526 | Val Loss: 0.038538 | Train R²: -0.7968 | Val R²: -0.9379 | NightHrsTrueNEE vs NightHrsModelReco R²: -3.1700 | NightHrsTrueNee vs NightHrsModelNee R²: -3.1000
Epoch 13000 | Train Loss: 0.030702 | Val Loss: 0.032263 | Train R²: -0.5103 | Val R²: -0.6224 | NightHrsTrueNEE vs NightHrsModelReco R²: -2.5000 | NightHrsTrueNee vs NightHrsModelNee R²: -2.4400
Epoch 13500 | Train Loss: 0.026264 | Val Loss: 0.027477 | Train R²: -0.2920 | Val R²: -0.3817 | NightHrsTrueNEE vs NightHrsModelReco R²: -2.0000 | NightHrsTrueNee vs NightHrsModelNee R²: -1.9600
Epoch 14000 | Train Loss: 0.022940 | Val Loss: 0.023875 | Train R²: -0.1285 | Val R²: -0.2006 | NightHrsTrueNEE vs NightHrsModelReco R²: -1.6300 | NightHrsTrueNee vs NightHrsModelNee R²: -1.6000
Epoch 14500 | Train Loss: 0.020475 | Val Loss: 0.021199 | Train R²: -0.0073 | Val R²: -0.0660 | NightHrsTrueNEE vs NightHrsModelReco R²: -1.3400 | NightHrsTrueNee vs NightHrsModelNee R²: -1.3100
Epoch 15000 | Train Loss: 0.018649 | Val Loss: 0.019212 | Train R²: 0.0826 | Val R²: 0.0339 | NightHrsTrueNEE vs NightHrsModelReco R²: -1.1200 | NightHrsTrueNee vs NightHrsModelNee R²: -1.1000
Epoch 15500 | Train Loss: 0.017281 | Val Loss: 0.017719 | Train R²: 0.1499 | Val R²: 0.1090 | NightHrsTrueNEE vs NightHrsModelReco R²: -0.9400 | NightHrsTrueNee vs NightHrsModelNee R²: -0.9200
Epoch 16000 | Train Loss: 0.016224 | Val Loss: 0.016561 | Train R²: 0.2019 | Val R²: 0.1672 | NightHrsTrueNEE vs NightHrsModelReco R²: -0.7900 | NightHrsTrueNee vs NightHrsModelNee R²: -0.7800
Epoch 16500 | Train Loss: 0.015346 | Val Loss: 0.015608 | Train R²: 0.2451 | Val R²: 0.2151 | NightHrsTrueNEE vs NightHrsModelReco R²: -0.6500 | NightHrsTrueNee vs NightHrsModelNee R²: -0.6400
Epoch 17000 | Train Loss: 0.014494 | Val Loss: 0.014701 | Train R²: 0.2870 | Val R²: 0.2608 | NightHrsTrueNEE vs NightHrsModelReco R²: -0.4800 | NightHrsTrueNee vs NightHrsModelNee R²: -0.4700
Epoch 17500 | Train Loss: 0.013505 | Val Loss: 0.013670 | Train R²: 0.3356 | Val R²: 0.3126 | NightHrsTrueNEE vs NightHrsModelReco R²: -0.2700 | NightHrsTrueNee vs NightHrsModelNee R²: -0.2600
Epoch 18000 | Train Loss: 0.012511 | Val Loss: 0.012657 | Train R²: 0.3845 | Val R²: 0.3635 | NightHrsTrueNEE vs NightHrsModelReco R²: -0.1300 | NightHrsTrueNee vs NightHrsModelNee R²: -0.1200
Epoch 18500 | Train Loss: 0.011559 | Val Loss: 0.011693 | Train R²: 0.4314 | Val R²: 0.4120 | NightHrsTrueNEE vs NightHrsModelReco R²: -0.0500 | NightHrsTrueNee vs NightHrsModelNee R²: -0.0400
Epoch 19000 | Train Loss: 0.010731 | Val Loss: 0.010852 | Train R²: 0.4721 | Val R²: 0.4543 | NightHrsTrueNEE vs NightHrsModelReco R²: -0.0000 | NightHrsTrueNee vs NightHrsModelNee R²: 0.0100
Epoch 19500 | Train Loss: 0.009925 | Val Loss: 0.010056 | Train R²: 0.5118 | Val R²: 0.4943 | NightHrsTrueNEE vs NightHrsModelReco R²: 0.0400 | NightHrsTrueNee vs NightHrsModelNee R²: 0.0500
Epoch 20000 | Train Loss: 0.009056 | Val Loss: 0.009209 | Train R²: 0.5545 | Val R²: 0.5369 | NightHrsTrueNEE vs NightHrsModelReco R²: 0.0900 | NightHrsTrueNee vs NightHrsModelNee R²: 0.0900
Epoch 20500 | Train Loss: 0.008115 | Val Loss: 0.008265 | Train R²: 0.6008 | Val R²: 0.5844 | NightHrsTrueNEE vs NightHrsModelReco R²: 0.1500 | NightHrsTrueNee vs NightHrsModelNee R²: 0.1600
Epoch 21000 | Train Loss: 0.007133 | Val Loss: 0.007256 | Train R²: 0.6491 | Val R²: 0.6351 | NightHrsTrueNEE vs NightHrsModelReco R²: 0.2300 | NightHrsTrueNee vs NightHrsModelNee R²: 0.2400
Epoch 21500 | Train Loss: 0.006180 | Val Loss: 0.006268 | Train R²: 0.6960 | Val R²: 0.6848 | NightHrsTrueNEE vs NightHrsModelReco R²: 0.3100 | NightHrsTrueNee vs NightHrsModelNee R²: 0.3100
Epoch 22000 | Train Loss: 0.005250 | Val Loss: 0.005301 | Train R²: 0.7417 | Val R²: 0.7334 | NightHrsTrueNEE vs NightHrsModelReco R²: 0.3900 | NightHrsTrueNee vs NightHrsModelNee R²: 0.3900
Epoch 22500 | Train Loss: 0.004390 | Val Loss: 0.004407 | Train R²: 0.7840 | Val R²: 0.7784 | NightHrsTrueNEE vs NightHrsModelReco R²: 0.4700 | NightHrsTrueNee vs NightHrsModelNee R²: 0.4700
Epoch 23000 | Train Loss: 0.003681 | Val Loss: 0.003671 | Train R²: 0.8189 | Val R²: 0.8154 | NightHrsTrueNEE vs NightHrsModelReco R²: 0.5500 | NightHrsTrueNee vs NightHrsModelNee R²: 0.5500
Epoch 23500 | Train Loss: 0.003185 | Val Loss: 0.003150 | Train R²: 0.8433 | Val R²: 0.8416 | NightHrsTrueNEE vs NightHrsModelReco R²: 0.6100 | NightHrsTrueNee vs NightHrsModelNee R²: 0.6100
Epoch 24000 | Train Loss: 0.002867 | Val Loss: 0.002807 | Train R²: 0.8589 | Val R²: 0.8589 | NightHrsTrueNEE vs NightHrsModelReco R²: 0.6500 | NightHrsTrueNee vs NightHrsModelNee R²: 0.6500
Epoch 24500 | Train Loss: 0.002646 | Val Loss: 0.002569 | Train R²: 0.8699 | Val R²: 0.8708 | NightHrsTrueNEE vs NightHrsModelReco R²: 0.6700 | NightHrsTrueNee vs NightHrsModelNee R²: 0.6700
Epoch 25000 | Train Loss: 0.002496 | Val Loss: 0.002415 | Train R²: 0.8772 | Val R²: 0.8786 | NightHrsTrueNEE vs NightHrsModelReco R²: 0.6900 | NightHrsTrueNee vs NightHrsModelNee R²: 0.6900
Epoch 25500 | Train Loss: 0.002369 | Val Loss: 0.002288 | Train R²: 0.8834 | Val R²: 0.8849 | NightHrsTrueNEE vs NightHrsModelReco R²: 0.7000 | NightHrsTrueNee vs NightHrsModelNee R²: 0.7000
Epoch 26000 | Train Loss: 0.002249 | Val Loss: 0.002166 | Train R²: 0.8894 | Val R²: 0.8911 | NightHrsTrueNEE vs NightHrsModelReco R²: 0.7100 | NightHrsTrueNee vs NightHrsModelNee R²: 0.7100
Epoch 26500 | Train Loss: 0.002136 | Val Loss: 0.002050 | Train R²: 0.8949 | Val R²: 0.8969 | NightHrsTrueNEE vs NightHrsModelReco R²: 0.7200 | NightHrsTrueNee vs NightHrsModelNee R²: 0.7200
Epoch 27000 | Train Loss: 0.002037 | Val Loss: 0.001950 | Train R²: 0.8998 | Val R²: 0.9020 | NightHrsTrueNEE vs NightHrsModelReco R²: 0.7300 | NightHrsTrueNee vs NightHrsModelNee R²: 0.7300
Epoch 27500 | Train Loss: 0.001957 | Val Loss: 0.001870 | Train R²: 0.9037 | Val R²: 0.9060 | NightHrsTrueNEE vs NightHrsModelReco R²: 0.7300 | NightHrsTrueNee vs NightHrsModelNee R²: 0.7300
Epoch 28000 | Train Loss: 0.001896 | Val Loss: 0.001813 | Train R²: 0.9067 | Val R²: 0.9088 | NightHrsTrueNEE vs NightHrsModelReco R²: 0.7400 | NightHrsTrueNee vs NightHrsModelNee R²: 0.7400
Epoch 28500 | Train Loss: 0.001852 | Val Loss: 0.001776 | Train R²: 0.9089 | Val R²: 0.9107 | NightHrsTrueNEE vs NightHrsModelReco R²: 0.7400 | NightHrsTrueNee vs NightHrsModelNee R²: 0.7400
Epoch 29000 | Train Loss: 0.001821 | Val Loss: 0.001752 | Train R²: 0.9104 | Val R²: 0.9119 | NightHrsTrueNEE vs NightHrsModelReco R²: 0.7500 | NightHrsTrueNee vs NightHrsModelNee R²: 0.7500
Early stopping at epoch 29080 due to flat/negative trend (slope=0.000002)
Epoch 29080 | Train Loss: 0.001816 | Val Loss: 0.001749 | Train R²: 0.9106 | Val R²: 0.9121
Unpickling models
Following models have been loaded and moved to cuda:
trained gpp model:
 SNN_GPP_Tram(
  (net): Sequential(
    (0): Linear(in_features=13, out_features=12, bias=True)
    (1): Tanh()
    (2): Linear(in_features=12, out_features=1, bias=True)
    (3): Sigmoid()
  )
), trained_reco_model:
 SNN_GPP_Tram(
  (net): Sequential(
    (0): Linear(in_features=10, out_features=12, bias=True)
    (1): Tanh()
    (2): Linear(in_features=12, out_features=1, bias=True)
    (3): Sigmoid()
  )
)
using full data set for visualization
Un-normalizing the GPP and RECO predictions using NEE min: tensor([-50.4310]), NEE max: tensor([42.8991])



Metrics for the Tramontana, with
GPP inputs: ['SW_IN', 'VPD', 'TA', 'WTD', 'WS', 'PotRad', 'PotRadHalfHourlyDiff', 'PotRadDailyAvg', 'PotRadDailyDiff', 'WD_COS', 'WD_SIN', 'GPP_PROX', 'Salinity']
RECO inputs: ['DOY_sin', 'DOY_cos', 'TA', 'TS_1', 'WTD', 'WS', 'WD_COS', 'WD_SIN', 'NIGHTLY_NEE_AVG', 'Salinity']:
dt_gpp vs Tramontana_GPP R²=0.96 RMSE=1.66
nt_gpp vs Tramontana_GPP R²=0.91 RMSE=2.48
dt_reco vs Tramontana_RECO R²=0.70 RMSE=1.89
nt_reco vs Tramontana_RECO R²=0.85 RMSE=1.27
night_hours_true_nee vs Tramontana_night_hours_model_reco R²=0.75 RMSE=1.78
night_hours_true_nee vs Tramontana_night_hours_model_nee R²=0.75 RMSE=1.78
dt_gpp vs nt_gpp R²=0.90 RMSE=2.59
dt_reco vs nt_reco R²=0.77 RMSE=2.00

gpp_input_names,  ['SW_IN', 'VPD', 'TA', 'WTD', 'WS', 'PotRad', 'PotRadHalfHourlyDiff', 'PotRadDailyAvg', 'PotRadDailyDiff', 'WD_COS', 'WD_SIN', 'GPP_PROX', 'WTD_HalfHourlyDiff'] 
reco_input_names,  ['DOY_sin', 'DOY_cos', 'TA', 'TS_1', 'WTD', 'WS', 'WD_COS', 'WD_SIN', 'NIGHTLY_NEE_AVG', 'WTD_HalfHourlyDiff'] 
true_nee_name,  ['NEE'] 

Tramontana Running on GPU With hidden layer size of 12 Total epochs: 100000 lr: 0.001 patience: 500 min_delta 0.01
SNN_GPP_Tram(
  (net): Sequential(
    (0): Linear(in_features=13, out_features=12, bias=True)
    (1): Tanh()
    (2): Linear(in_features=12, out_features=1, bias=True)
    (3): Sigmoid()
  )
)
SNN_RECO_Tram(
  (net): Sequential(
    (0): Linear(in_features=10, out_features=12, bias=True)
    (1): Tanh()
    (2): Linear(in_features=12, out_features=1, bias=True)
    (3): Sigmoid()
  )
)
Params are min slope: 2e-06, trend window: 100
Epoch     0 | Train Loss: 26457.736328 | Val Loss: 25187.156250 | Train R²: -1301546.7500 | Val R²: -1266574.3750 | NightHrsTrueNEE vs NightHrsModelReco R²: -29.4700 | NightHrsTrueNee vs NightHrsModelNee R²: -103.0900
Epoch   500 | Train Loss: 183.768692 | Val Loss: 183.214294 | Train R²: -9039.2188 | Val R²: -9212.2148 | NightHrsTrueNEE vs NightHrsModelReco R²: -125.9600 | NightHrsTrueNee vs NightHrsModelNee R²: -120.1200
Epoch  1000 | Train Loss: 50.008938 | Val Loss: 50.620152 | Train R²: -2459.1128 | Val R²: -2544.5127 | NightHrsTrueNEE vs NightHrsModelReco R²: -150.5700 | NightHrsTrueNee vs NightHrsModelNee R²: -144.2900
Epoch  1500 | Train Loss: 22.309566 | Val Loss: 22.804977 | Train R²: -1096.4849 | Val R²: -1145.7836 | NightHrsTrueNEE vs NightHrsModelReco R²: -157.9500 | NightHrsTrueNee vs NightHrsModelNee R²: -152.4000
Epoch  2000 | Train Loss: 12.145238 | Val Loss: 12.513690 | Train R²: -596.4664 | Val R²: -628.2703 | NightHrsTrueNEE vs NightHrsModelReco R²: -161.1200 | NightHrsTrueNee vs NightHrsModelNee R²: -156.2500
Epoch  2500 | Train Loss: 7.370810 | Val Loss: 7.647435 | Train R²: -361.5957 | Val R²: -383.5631 | NightHrsTrueNEE vs NightHrsModelReco R²: -162.8100 | NightHrsTrueNee vs NightHrsModelNee R²: -158.5100
Epoch  3000 | Train Loss: 4.799982 | Val Loss: 5.011403 | Train R²: -235.1277 | Val R²: -251.0062 | NightHrsTrueNEE vs NightHrsModelReco R²: -163.8400 | NightHrsTrueNee vs NightHrsModelNee R²: -160.0000
Epoch  3500 | Train Loss: 3.293802 | Val Loss: 3.458004 | Train R²: -161.0335 | Val R²: -172.8911 | NightHrsTrueNEE vs NightHrsModelReco R²: -164.4900 | NightHrsTrueNee vs NightHrsModelNee R²: -161.0400
Epoch  4000 | Train Loss: 2.361510 | Val Loss: 2.490723 | Train R²: -115.1708 | Val R²: -124.2499 | NightHrsTrueNEE vs NightHrsModelReco R²: -164.8900 | NightHrsTrueNee vs NightHrsModelNee R²: -161.7800
Epoch  4500 | Train Loss: 1.763037 | Val Loss: 1.865812 | Train R²: -85.7299 | Val R²: -92.8253 | NightHrsTrueNEE vs NightHrsModelReco R²: -165.0700 | NightHrsTrueNee vs NightHrsModelNee R²: -162.2500
Epoch  5000 | Train Loss: 1.369367 | Val Loss: 1.451826 | Train R²: -66.3639 | Val R²: -72.0073 | NightHrsTrueNEE vs NightHrsModelReco R²: -164.7900 | NightHrsTrueNee vs NightHrsModelNee R²: -162.2100
Epoch  5500 | Train Loss: 1.089188 | Val Loss: 1.155282 | Train R²: -52.5809 | Val R²: -57.0952 | NightHrsTrueNEE vs NightHrsModelReco R²: -147.1600 | NightHrsTrueNee vs NightHrsModelNee R²: -144.9400
Epoch  6000 | Train Loss: 0.871016 | Val Loss: 0.924674 | Train R²: -41.8483 | Val R²: -45.4986 | NightHrsTrueNEE vs NightHrsModelReco R²: -128.4200 | NightHrsTrueNee vs NightHrsModelNee R²: -126.4900
Epoch  6500 | Train Loss: 0.706918 | Val Loss: 0.749883 | Train R²: -33.7757 | Val R²: -36.7090 | NightHrsTrueNEE vs NightHrsModelReco R²: -116.3200 | NightHrsTrueNee vs NightHrsModelNee R²: -114.6100
Epoch  7000 | Train Loss: 0.487915 | Val Loss: 0.517803 | Train R²: -23.0023 | Val R²: -25.0385 | NightHrsTrueNEE vs NightHrsModelReco R²: -71.0000 | NightHrsTrueNee vs NightHrsModelNee R²: -69.7200
Epoch  7500 | Train Loss: 0.366683 | Val Loss: 0.390662 | Train R²: -17.0384 | Val R²: -18.6451 | NightHrsTrueNEE vs NightHrsModelReco R²: -47.9700 | NightHrsTrueNee vs NightHrsModelNee R²: -47.0300
Epoch  8000 | Train Loss: 0.276661 | Val Loss: 0.295409 | Train R²: -12.6099 | Val R²: -13.8551 | NightHrsTrueNEE vs NightHrsModelReco R²: -33.2700 | NightHrsTrueNee vs NightHrsModelNee R²: -32.5800
Epoch  8500 | Train Loss: 0.208309 | Val Loss: 0.222713 | Train R²: -9.2474 | Val R²: -10.1995 | NightHrsTrueNEE vs NightHrsModelReco R²: -23.1800 | NightHrsTrueNee vs NightHrsModelNee R²: -22.6800
Epoch  9000 | Train Loss: 0.157848 | Val Loss: 0.168918 | Train R²: -6.7651 | Val R²: -7.4943 | NightHrsTrueNEE vs NightHrsModelReco R²: -16.9100 | NightHrsTrueNee vs NightHrsModelNee R²: -16.5300
Epoch  9500 | Train Loss: 0.121250 | Val Loss: 0.129661 | Train R²: -4.9647 | Val R²: -5.5202 | NightHrsTrueNEE vs NightHrsModelReco R²: -12.7500 | NightHrsTrueNee vs NightHrsModelNee R²: -12.4600
Epoch 10000 | Train Loss: 0.094739 | Val Loss: 0.101078 | Train R²: -3.6606 | Val R²: -4.0828 | NightHrsTrueNEE vs NightHrsModelReco R²: -9.8100 | NightHrsTrueNee vs NightHrsModelNee R²: -9.5800
Epoch 10500 | Train Loss: 0.075166 | Val Loss: 0.079947 | Train R²: -2.6977 | Val R²: -3.0203 | NightHrsTrueNEE vs NightHrsModelReco R²: -7.6100 | NightHrsTrueNee vs NightHrsModelNee R²: -7.4400
Epoch 11000 | Train Loss: 0.060380 | Val Loss: 0.064006 | Train R²: -1.9703 | Val R²: -2.2186 | NightHrsTrueNEE vs NightHrsModelReco R²: -5.9200 | NightHrsTrueNee vs NightHrsModelNee R²: -5.7800
Epoch 11500 | Train Loss: 0.049070 | Val Loss: 0.051848 | Train R²: -1.4139 | Val R²: -1.6072 | NightHrsTrueNEE vs NightHrsModelReco R²: -4.6000 | NightHrsTrueNee vs NightHrsModelNee R²: -4.4900
Epoch 12000 | Train Loss: 0.040397 | Val Loss: 0.042542 | Train R²: -0.9873 | Val R²: -1.1393 | NightHrsTrueNEE vs NightHrsModelReco R²: -3.5700 | NightHrsTrueNee vs NightHrsModelNee R²: -3.4800
Epoch 12500 | Train Loss: 0.033761 | Val Loss: 0.035410 | Train R²: -0.6608 | Val R²: -0.7806 | NightHrsTrueNEE vs NightHrsModelReco R²: -2.7700 | NightHrsTrueNee vs NightHrsModelNee R²: -2.7000
Epoch 13000 | Train Loss: 0.028703 | Val Loss: 0.029971 | Train R²: -0.4120 | Val R²: -0.5071 | NightHrsTrueNEE vs NightHrsModelReco R²: -2.1700 | NightHrsTrueNee vs NightHrsModelNee R²: -2.1200
Epoch 13500 | Train Loss: 0.024884 | Val Loss: 0.025855 | Train R²: -0.2241 | Val R²: -0.3002 | NightHrsTrueNEE vs NightHrsModelReco R²: -1.7500 | NightHrsTrueNee vs NightHrsModelNee R²: -1.7100
Epoch 14000 | Train Loss: 0.022037 | Val Loss: 0.022785 | Train R²: -0.0841 | Val R²: -0.1458 | NightHrsTrueNEE vs NightHrsModelReco R²: -1.4300 | NightHrsTrueNee vs NightHrsModelNee R²: -1.4000
Epoch 14500 | Train Loss: 0.019935 | Val Loss: 0.020516 | Train R²: 0.0193 | Val R²: -0.0317 | NightHrsTrueNEE vs NightHrsModelReco R²: -1.1800 | NightHrsTrueNee vs NightHrsModelNee R²: -1.1500
Epoch 15000 | Train Loss: 0.018371 | Val Loss: 0.018822 | Train R²: 0.0962 | Val R²: 0.0535 | NightHrsTrueNEE vs NightHrsModelReco R²: -0.9700 | NightHrsTrueNee vs NightHrsModelNee R²: -0.9500
Epoch 15500 | Train Loss: 0.017163 | Val Loss: 0.017509 | Train R²: 0.1557 | Val R²: 0.1195 | NightHrsTrueNEE vs NightHrsModelReco R²: -0.7900 | NightHrsTrueNee vs NightHrsModelNee R²: -0.7800
Epoch 16000 | Train Loss: 0.016143 | Val Loss: 0.016408 | Train R²: 0.2059 | Val R²: 0.1749 | NightHrsTrueNEE vs NightHrsModelReco R²: -0.6100 | NightHrsTrueNee vs NightHrsModelNee R²: -0.6000
Epoch 16500 | Train Loss: 0.015139 | Val Loss: 0.015337 | Train R²: 0.2553 | Val R²: 0.2288 | NightHrsTrueNEE vs NightHrsModelReco R²: -0.4100 | NightHrsTrueNee vs NightHrsModelNee R²: -0.4000
Epoch 17000 | Train Loss: 0.014078 | Val Loss: 0.014215 | Train R²: 0.3075 | Val R²: 0.2852 | NightHrsTrueNEE vs NightHrsModelReco R²: -0.2300 | NightHrsTrueNee vs NightHrsModelNee R²: -0.2200
Epoch 17500 | Train Loss: 0.013127 | Val Loss: 0.013220 | Train R²: 0.3542 | Val R²: 0.3352 | NightHrsTrueNEE vs NightHrsModelReco R²: -0.1100 | NightHrsTrueNee vs NightHrsModelNee R²: -0.1000
Epoch 18000 | Train Loss: 0.012396 | Val Loss: 0.012459 | Train R²: 0.3902 | Val R²: 0.3735 | NightHrsTrueNEE vs NightHrsModelReco R²: -0.0600 | NightHrsTrueNee vs NightHrsModelNee R²: -0.0600
Epoch 18500 | Train Loss: 0.011764 | Val Loss: 0.011824 | Train R²: 0.4213 | Val R²: 0.4054 | NightHrsTrueNEE vs NightHrsModelReco R²: -0.0300 | NightHrsTrueNee vs NightHrsModelNee R²: -0.0200
Epoch 19000 | Train Loss: 0.011096 | Val Loss: 0.011165 | Train R²: 0.4542 | Val R²: 0.4385 | NightHrsTrueNEE vs NightHrsModelReco R²: -0.0100 | NightHrsTrueNee vs NightHrsModelNee R²: 0.0000
Epoch 19500 | Train Loss: 0.010311 | Val Loss: 0.010391 | Train R²: 0.4928 | Val R²: 0.4775 | NightHrsTrueNEE vs NightHrsModelReco R²: 0.0300 | NightHrsTrueNee vs NightHrsModelNee R²: 0.0300
Epoch 20000 | Train Loss: 0.009369 | Val Loss: 0.009463 | Train R²: 0.5391 | Val R²: 0.5241 | NightHrsTrueNEE vs NightHrsModelReco R²: 0.0700 | NightHrsTrueNee vs NightHrsModelNee R²: 0.0800
Epoch 20500 | Train Loss: 0.008351 | Val Loss: 0.008453 | Train R²: 0.5892 | Val R²: 0.5749 | NightHrsTrueNEE vs NightHrsModelReco R²: 0.1200 | NightHrsTrueNee vs NightHrsModelNee R²: 0.1200
Epoch 21000 | Train Loss: 0.007322 | Val Loss: 0.007410 | Train R²: 0.6398 | Val R²: 0.6274 | NightHrsTrueNEE vs NightHrsModelReco R²: 0.1800 | NightHrsTrueNee vs NightHrsModelNee R²: 0.1900
Epoch 21500 | Train Loss: 0.006319 | Val Loss: 0.006378 | Train R²: 0.6891 | Val R²: 0.6793 | NightHrsTrueNEE vs NightHrsModelReco R²: 0.2700 | NightHrsTrueNee vs NightHrsModelNee R²: 0.2700
Epoch 22000 | Train Loss: 0.005331 | Val Loss: 0.005358 | Train R²: 0.7378 | Val R²: 0.7305 | NightHrsTrueNEE vs NightHrsModelReco R²: 0.3700 | NightHrsTrueNee vs NightHrsModelNee R²: 0.3700
Epoch 22500 | Train Loss: 0.004393 | Val Loss: 0.004390 | Train R²: 0.7839 | Val R²: 0.7793 | NightHrsTrueNEE vs NightHrsModelReco R²: 0.4800 | NightHrsTrueNee vs NightHrsModelNee R²: 0.4800
Epoch 23000 | Train Loss: 0.003693 | Val Loss: 0.003656 | Train R²: 0.8183 | Val R²: 0.8162 | NightHrsTrueNEE vs NightHrsModelReco R²: 0.5600 | NightHrsTrueNee vs NightHrsModelNee R²: 0.5600
Epoch 23500 | Train Loss: 0.003218 | Val Loss: 0.003154 | Train R²: 0.8417 | Val R²: 0.8414 | NightHrsTrueNEE vs NightHrsModelReco R²: 0.6100 | NightHrsTrueNee vs NightHrsModelNee R²: 0.6100
Epoch 24000 | Train Loss: 0.002894 | Val Loss: 0.002812 | Train R²: 0.8577 | Val R²: 0.8586 | NightHrsTrueNEE vs NightHrsModelReco R²: 0.6500 | NightHrsTrueNee vs NightHrsModelNee R²: 0.6500
Epoch 24500 | Train Loss: 0.002669 | Val Loss: 0.002580 | Train R²: 0.8687 | Val R²: 0.8703 | NightHrsTrueNEE vs NightHrsModelReco R²: 0.6800 | NightHrsTrueNee vs NightHrsModelNee R²: 0.6800
Epoch 25000 | Train Loss: 0.002504 | Val Loss: 0.002411 | Train R²: 0.8768 | Val R²: 0.8788 | NightHrsTrueNEE vs NightHrsModelReco R²: 0.6900 | NightHrsTrueNee vs NightHrsModelNee R²: 0.6900
Epoch 25500 | Train Loss: 0.002362 | Val Loss: 0.002270 | Train R²: 0.8838 | Val R²: 0.8859 | NightHrsTrueNEE vs NightHrsModelReco R²: 0.7100 | NightHrsTrueNee vs NightHrsModelNee R²: 0.7000
Epoch 26000 | Train Loss: 0.002233 | Val Loss: 0.002144 | Train R²: 0.8902 | Val R²: 0.8922 | NightHrsTrueNEE vs NightHrsModelReco R²: 0.7100 | NightHrsTrueNee vs NightHrsModelNee R²: 0.7100
Epoch 26500 | Train Loss: 0.002120 | Val Loss: 0.002034 | Train R²: 0.8957 | Val R²: 0.8977 | NightHrsTrueNEE vs NightHrsModelReco R²: 0.7200 | NightHrsTrueNee vs NightHrsModelNee R²: 0.7200
Epoch 27000 | Train Loss: 0.002031 | Val Loss: 0.001949 | Train R²: 0.9001 | Val R²: 0.9020 | NightHrsTrueNEE vs NightHrsModelReco R²: 0.7300 | NightHrsTrueNee vs NightHrsModelNee R²: 0.7300
Epoch 27500 | Train Loss: 0.001968 | Val Loss: 0.001890 | Train R²: 0.9032 | Val R²: 0.9050 | NightHrsTrueNEE vs NightHrsModelReco R²: 0.7400 | NightHrsTrueNee vs NightHrsModelNee R²: 0.7400
Epoch 28000 | Train Loss: 0.001921 | Val Loss: 0.001847 | Train R²: 0.9055 | Val R²: 0.9071 | NightHrsTrueNEE vs NightHrsModelReco R²: 0.7400 | NightHrsTrueNee vs NightHrsModelNee R²: 0.7400
Epoch 28500 | Train Loss: 0.001883 | Val Loss: 0.001814 | Train R²: 0.9073 | Val R²: 0.9088 | NightHrsTrueNEE vs NightHrsModelReco R²: 0.7400 | NightHrsTrueNee vs NightHrsModelNee R²: 0.7400
Epoch 29000 | Train Loss: 0.001851 | Val Loss: 0.001786 | Train R²: 0.9089 | Val R²: 0.9102 | NightHrsTrueNEE vs NightHrsModelReco R²: 0.7500 | NightHrsTrueNee vs NightHrsModelNee R²: 0.7500
Early stopping at epoch 29384 due to flat/negative trend (slope=0.000002)
Epoch 29384 | Train Loss: 0.001831 | Val Loss: 0.001769 | Train R²: 0.9099 | Val R²: 0.9111
Unpickling models
Following models have been loaded and moved to cuda:
trained gpp model:
 SNN_GPP_Tram(
  (net): Sequential(
    (0): Linear(in_features=13, out_features=12, bias=True)
    (1): Tanh()
    (2): Linear(in_features=12, out_features=1, bias=True)
    (3): Sigmoid()
  )
), trained_reco_model:
 SNN_GPP_Tram(
  (net): Sequential(
    (0): Linear(in_features=10, out_features=12, bias=True)
    (1): Tanh()
    (2): Linear(in_features=12, out_features=1, bias=True)
    (3): Sigmoid()
  )
)
using full data set for visualization
Un-normalizing the GPP and RECO predictions using NEE min: tensor([-50.4310]), NEE max: tensor([42.8991])



Metrics for the Tramontana, with
GPP inputs: ['SW_IN', 'VPD', 'TA', 'WTD', 'WS', 'PotRad', 'PotRadHalfHourlyDiff', 'PotRadDailyAvg', 'PotRadDailyDiff', 'WD_COS', 'WD_SIN', 'GPP_PROX', 'WTD_HalfHourlyDiff']
RECO inputs: ['DOY_sin', 'DOY_cos', 'TA', 'TS_1', 'WTD', 'WS', 'WD_COS', 'WD_SIN', 'NIGHTLY_NEE_AVG', 'WTD_HalfHourlyDiff']:
dt_gpp vs Tramontana_GPP R²=0.96 RMSE=1.66
nt_gpp vs Tramontana_GPP R²=0.91 RMSE=2.48
dt_reco vs Tramontana_RECO R²=0.70 RMSE=1.90
nt_reco vs Tramontana_RECO R²=0.86 RMSE=1.24
night_hours_true_nee vs Tramontana_night_hours_model_reco R²=0.75 RMSE=1.78
night_hours_true_nee vs Tramontana_night_hours_model_nee R²=0.75 RMSE=1.78
dt_gpp vs nt_gpp R²=0.90 RMSE=2.59
dt_reco vs nt_reco R²=0.77 RMSE=2.00

gpp_input_names,  ['SW_IN', 'VPD', 'TA', 'WTD', 'WS', 'PotRad', 'PotRadHalfHourlyDiff', 'PotRadDailyAvg', 'PotRadDailyDiff', 'WD_COS', 'WD_SIN', 'GPP_PROX', 'Salinity', 'WTD_HalfHourlyDiff'] 
reco_input_names,  ['DOY_sin', 'DOY_cos', 'TA', 'TS_1', 'WTD', 'WS', 'WD_COS', 'WD_SIN', 'NIGHTLY_NEE_AVG', 'Salinity', 'WTD_HalfHourlyDiff'] 
true_nee_name,  ['NEE'] 

Tramontana Running on GPU With hidden layer size of 12 Total epochs: 100000 lr: 0.001 patience: 500 min_delta 0.01
SNN_GPP_Tram(
  (net): Sequential(
    (0): Linear(in_features=14, out_features=12, bias=True)
    (1): Tanh()
    (2): Linear(in_features=12, out_features=1, bias=True)
    (3): Sigmoid()
  )
)
SNN_RECO_Tram(
  (net): Sequential(
    (0): Linear(in_features=11, out_features=12, bias=True)
    (1): Tanh()
    (2): Linear(in_features=12, out_features=1, bias=True)
    (3): Sigmoid()
  )
)
Params are min slope: 2e-06, trend window: 100
Epoch     0 | Train Loss: 12870.704102 | Val Loss: 12084.564453 | Train R²: -633153.5000 | Val R²: -607690.0625 | NightHrsTrueNEE vs NightHrsModelReco R²: -40.5900 | NightHrsTrueNee vs NightHrsModelNee R²: -107.9300
Epoch   500 | Train Loss: 82.036102 | Val Loss: 83.001122 | Train R²: -4034.6399 | Val R²: -4172.8398 | NightHrsTrueNEE vs NightHrsModelReco R²: -138.1400 | NightHrsTrueNee vs NightHrsModelNee R²: -131.5400
Epoch  1000 | Train Loss: 22.961500 | Val Loss: 23.687033 | Train R²: -1128.5558 | Val R²: -1190.1393 | NightHrsTrueNEE vs NightHrsModelReco R²: -151.8800 | NightHrsTrueNee vs NightHrsModelNee R²: -145.8600
Epoch  1500 | Train Loss: 10.375699 | Val Loss: 10.844036 | Train R²: -509.4166 | Val R²: -544.3091 | NightHrsTrueNEE vs NightHrsModelReco R²: -156.9900 | NightHrsTrueNee vs NightHrsModelNee R²: -151.8100
Epoch  2000 | Train Loss: 5.732496 | Val Loss: 6.053796 | Train R²: -281.0014 | Val R²: -303.4245 | NightHrsTrueNEE vs NightHrsModelReco R²: -159.5500 | NightHrsTrueNee vs NightHrsModelNee R²: -155.0400
Epoch  2500 | Train Loss: 3.558280 | Val Loss: 3.789614 | Train R²: -174.0441 | Val R²: -189.5666 | NightHrsTrueNEE vs NightHrsModelReco R²: -160.9900 | NightHrsTrueNee vs NightHrsModelNee R²: -157.0200
Epoch  3000 | Train Loss: 2.397061 | Val Loss: 2.569438 | Train R²: -116.9197 | Val R²: -128.2082 | NightHrsTrueNEE vs NightHrsModelReco R²: -161.8200 | NightHrsTrueNee vs NightHrsModelNee R²: -158.2700
Epoch  3500 | Train Loss: 1.724854 | Val Loss: 1.856542 | Train R²: -83.8516 | Val R²: -92.3591 | NightHrsTrueNEE vs NightHrsModelReco R²: -162.1800 | NightHrsTrueNee vs NightHrsModelNee R²: -158.9900
Epoch  4000 | Train Loss: 1.314872 | Val Loss: 1.417389 | Train R²: -63.6831 | Val R²: -70.2756 | NightHrsTrueNEE vs NightHrsModelReco R²: -162.0400 | NightHrsTrueNee vs NightHrsModelNee R²: -159.1500
Epoch  4500 | Train Loss: 1.054824 | Val Loss: 1.135766 | Train R²: -50.8904 | Val R²: -56.1138 | NightHrsTrueNEE vs NightHrsModelReco R²: -160.7000 | NightHrsTrueNee vs NightHrsModelNee R²: -158.0800
Epoch  5000 | Train Loss: 0.864235 | Val Loss: 0.927581 | Train R²: -41.5147 | Val R²: -45.6448 | NightHrsTrueNEE vs NightHrsModelReco R²: -143.3700 | NightHrsTrueNee vs NightHrsModelNee R²: -141.0900
Epoch  5500 | Train Loss: 0.689146 | Val Loss: 0.738122 | Train R²: -32.9015 | Val R²: -36.1176 | NightHrsTrueNEE vs NightHrsModelReco R²: -115.1000 | NightHrsTrueNee vs NightHrsModelNee R²: -113.2100
Epoch  6000 | Train Loss: 0.482206 | Val Loss: 0.522413 | Train R²: -22.7214 | Val R²: -25.2703 | NightHrsTrueNEE vs NightHrsModelReco R²: -80.9000 | NightHrsTrueNee vs NightHrsModelNee R²: -79.3900
Epoch  6500 | Train Loss: 0.347229 | Val Loss: 0.376682 | Train R²: -16.0814 | Val R²: -17.9421 | NightHrsTrueNEE vs NightHrsModelReco R²: -48.6200 | NightHrsTrueNee vs NightHrsModelNee R²: -47.5600
Epoch  7000 | Train Loss: 0.257802 | Val Loss: 0.280276 | Train R²: -11.6822 | Val R²: -13.0941 | NightHrsTrueNEE vs NightHrsModelReco R²: -31.4000 | NightHrsTrueNee vs NightHrsModelNee R²: -30.6400
Epoch  7500 | Train Loss: 0.193549 | Val Loss: 0.210746 | Train R²: -8.5213 | Val R²: -9.5977 | NightHrsTrueNEE vs NightHrsModelReco R²: -21.6600 | NightHrsTrueNee vs NightHrsModelNee R²: -21.1000
Epoch  8000 | Train Loss: 0.146680 | Val Loss: 0.159819 | Train R²: -6.2157 | Val R²: -7.0368 | NightHrsTrueNEE vs NightHrsModelReco R²: -15.5900 | NightHrsTrueNee vs NightHrsModelNee R²: -15.1800
Epoch  8500 | Train Loss: 0.112385 | Val Loss: 0.122418 | Train R²: -4.5286 | Val R²: -5.1560 | NightHrsTrueNEE vs NightHrsModelReco R²: -11.5000 | NightHrsTrueNee vs NightHrsModelNee R²: -11.1800
Epoch  9000 | Train Loss: 0.087220 | Val Loss: 0.094867 | Train R²: -3.2906 | Val R²: -3.7705 | NightHrsTrueNEE vs NightHrsModelReco R²: -8.6200 | NightHrsTrueNee vs NightHrsModelNee R²: -8.3800
Epoch  9500 | Train Loss: 0.068718 | Val Loss: 0.074529 | Train R²: -2.3805 | Val R²: -2.7478 | NightHrsTrueNEE vs NightHrsModelReco R²: -6.5500 | NightHrsTrueNee vs NightHrsModelNee R²: -6.3700
Epoch 10000 | Train Loss: 0.055084 | Val Loss: 0.059499 | Train R²: -1.7098 | Val R²: -1.9920 | NightHrsTrueNEE vs NightHrsModelReco R²: -5.0500 | NightHrsTrueNee vs NightHrsModelNee R²: -4.9100
Epoch 10500 | Train Loss: 0.044976 | Val Loss: 0.048335 | Train R²: -1.2125 | Val R²: -1.4306 | NightHrsTrueNEE vs NightHrsModelReco R²: -3.9600 | NightHrsTrueNee vs NightHrsModelNee R²: -3.8500
Epoch 11000 | Train Loss: 0.037422 | Val Loss: 0.039978 | Train R²: -0.8409 | Val R²: -1.0103 | NightHrsTrueNEE vs NightHrsModelReco R²: -3.1500 | NightHrsTrueNee vs NightHrsModelNee R²: -3.0600
Epoch 11500 | Train Loss: 0.031743 | Val Loss: 0.033686 | Train R²: -0.5615 | Val R²: -0.6939 | NightHrsTrueNEE vs NightHrsModelReco R²: -2.5400 | NightHrsTrueNee vs NightHrsModelNee R²: -2.4700
Epoch 12000 | Train Loss: 0.027463 | Val Loss: 0.028941 | Train R²: -0.3510 | Val R²: -0.4553 | NightHrsTrueNEE vs NightHrsModelReco R²: -2.0700 | NightHrsTrueNee vs NightHrsModelNee R²: -2.0200
Epoch 12500 | Train Loss: 0.024244 | Val Loss: 0.025368 | Train R²: -0.1926 | Val R²: -0.2757 | NightHrsTrueNEE vs NightHrsModelReco R²: -1.7200 | NightHrsTrueNee vs NightHrsModelNee R²: -1.6800
Epoch 13000 | Train Loss: 0.021835 | Val Loss: 0.022689 | Train R²: -0.0741 | Val R²: -0.1410 | NightHrsTrueNEE vs NightHrsModelReco R²: -1.4500 | NightHrsTrueNee vs NightHrsModelNee R²: -1.4200
Epoch 13500 | Train Loss: 0.020037 | Val Loss: 0.020683 | Train R²: 0.0143 | Val R²: -0.0401 | NightHrsTrueNEE vs NightHrsModelReco R²: -1.2400 | NightHrsTrueNee vs NightHrsModelNee R²: -1.2100
Epoch 14000 | Train Loss: 0.018685 | Val Loss: 0.019172 | Train R²: 0.0808 | Val R²: 0.0359 | NightHrsTrueNEE vs NightHrsModelReco R²: -1.0700 | NightHrsTrueNee vs NightHrsModelNee R²: -1.0500
Epoch 14500 | Train Loss: 0.017644 | Val Loss: 0.018009 | Train R²: 0.1320 | Val R²: 0.0944 | NightHrsTrueNEE vs NightHrsModelReco R²: -0.9200 | NightHrsTrueNee vs NightHrsModelNee R²: -0.9100
Epoch 15000 | Train Loss: 0.016805 | Val Loss: 0.017077 | Train R²: 0.1733 | Val R²: 0.1413 | NightHrsTrueNEE vs NightHrsModelReco R²: -0.7800 | NightHrsTrueNee vs NightHrsModelNee R²: -0.7700
Epoch 15500 | Train Loss: 0.016077 | Val Loss: 0.016279 | Train R²: 0.2091 | Val R²: 0.1814 | NightHrsTrueNEE vs NightHrsModelReco R²: -0.6500 | NightHrsTrueNee vs NightHrsModelNee R²: -0.6400
Epoch 16000 | Train Loss: 0.015380 | Val Loss: 0.015521 | Train R²: 0.2434 | Val R²: 0.2195 | NightHrsTrueNEE vs NightHrsModelReco R²: -0.5000 | NightHrsTrueNee vs NightHrsModelNee R²: -0.4900
Epoch 16500 | Train Loss: 0.014582 | Val Loss: 0.014675 | Train R²: 0.2826 | Val R²: 0.2620 | NightHrsTrueNEE vs NightHrsModelReco R²: -0.3400 | NightHrsTrueNee vs NightHrsModelNee R²: -0.3300
Epoch 17000 | Train Loss: 0.013636 | Val Loss: 0.013698 | Train R²: 0.3292 | Val R²: 0.3112 | NightHrsTrueNEE vs NightHrsModelReco R²: -0.1700 | NightHrsTrueNee vs NightHrsModelNee R²: -0.1600
Epoch 17500 | Train Loss: 0.012765 | Val Loss: 0.012784 | Train R²: 0.3720 | Val R²: 0.3571 | NightHrsTrueNEE vs NightHrsModelReco R²: -0.0800 | NightHrsTrueNee vs NightHrsModelNee R²: -0.0700
Epoch 18000 | Train Loss: 0.011904 | Val Loss: 0.011930 | Train R²: 0.4144 | Val R²: 0.4001 | NightHrsTrueNEE vs NightHrsModelReco R²: -0.0300 | NightHrsTrueNee vs NightHrsModelNee R²: -0.0300
Epoch 18500 | Train Loss: 0.010961 | Val Loss: 0.011025 | Train R²: 0.4608 | Val R²: 0.4456 | NightHrsTrueNEE vs NightHrsModelReco R²: 0.0100 | NightHrsTrueNee vs NightHrsModelNee R²: 0.0100
Epoch 19000 | Train Loss: 0.009876 | Val Loss: 0.009988 | Train R²: 0.5142 | Val R²: 0.4978 | NightHrsTrueNEE vs NightHrsModelReco R²: 0.0500 | NightHrsTrueNee vs NightHrsModelNee R²: 0.0600
Epoch 19500 | Train Loss: 0.008741 | Val Loss: 0.008864 | Train R²: 0.5700 | Val R²: 0.5543 | NightHrsTrueNEE vs NightHrsModelReco R²: 0.1200 | NightHrsTrueNee vs NightHrsModelNee R²: 0.1200
Epoch 20000 | Train Loss: 0.007622 | Val Loss: 0.007743 | Train R²: 0.6251 | Val R²: 0.6106 | NightHrsTrueNEE vs NightHrsModelReco R²: 0.1900 | NightHrsTrueNee vs NightHrsModelNee R²: 0.1900
Epoch 20500 | Train Loss: 0.006550 | Val Loss: 0.006650 | Train R²: 0.6778 | Val R²: 0.6656 | NightHrsTrueNEE vs NightHrsModelReco R²: 0.2600 | NightHrsTrueNee vs NightHrsModelNee R²: 0.2700
Epoch 21000 | Train Loss: 0.005534 | Val Loss: 0.005602 | Train R²: 0.7277 | Val R²: 0.7183 | NightHrsTrueNEE vs NightHrsModelReco R²: 0.3400 | NightHrsTrueNee vs NightHrsModelNee R²: 0.3500
Epoch 21500 | Train Loss: 0.004652 | Val Loss: 0.004687 | Train R²: 0.7712 | Val R²: 0.7643 | NightHrsTrueNEE vs NightHrsModelReco R²: 0.4300 | NightHrsTrueNee vs NightHrsModelNee R²: 0.4300
Epoch 22000 | Train Loss: 0.003989 | Val Loss: 0.003997 | Train R²: 0.8038 | Val R²: 0.7990 | NightHrsTrueNEE vs NightHrsModelReco R²: 0.5100 | NightHrsTrueNee vs NightHrsModelNee R²: 0.5100
Epoch 22500 | Train Loss: 0.003521 | Val Loss: 0.003507 | Train R²: 0.8268 | Val R²: 0.8236 | NightHrsTrueNEE vs NightHrsModelReco R²: 0.5800 | NightHrsTrueNee vs NightHrsModelNee R²: 0.5800
Epoch 23000 | Train Loss: 0.003185 | Val Loss: 0.003156 | Train R²: 0.8433 | Val R²: 0.8413 | NightHrsTrueNEE vs NightHrsModelReco R²: 0.6200 | NightHrsTrueNee vs NightHrsModelNee R²: 0.6200
Epoch 23500 | Train Loss: 0.002930 | Val Loss: 0.002892 | Train R²: 0.8558 | Val R²: 0.8546 | NightHrsTrueNEE vs NightHrsModelReco R²: 0.6600 | NightHrsTrueNee vs NightHrsModelNee R²: 0.6600
Epoch 24000 | Train Loss: 0.002720 | Val Loss: 0.002672 | Train R²: 0.8662 | Val R²: 0.8656 | NightHrsTrueNEE vs NightHrsModelReco R²: 0.6800 | NightHrsTrueNee vs NightHrsModelNee R²: 0.6800
Epoch 24500 | Train Loss: 0.002524 | Val Loss: 0.002465 | Train R²: 0.8758 | Val R²: 0.8761 | NightHrsTrueNEE vs NightHrsModelReco R²: 0.7000 | NightHrsTrueNee vs NightHrsModelNee R²: 0.7000
Epoch 25000 | Train Loss: 0.002316 | Val Loss: 0.002249 | Train R²: 0.8860 | Val R²: 0.8869 | NightHrsTrueNEE vs NightHrsModelReco R²: 0.7200 | NightHrsTrueNee vs NightHrsModelNee R²: 0.7100
Epoch 25500 | Train Loss: 0.002096 | Val Loss: 0.002033 | Train R²: 0.8969 | Val R²: 0.8978 | NightHrsTrueNEE vs NightHrsModelReco R²: 0.7300 | NightHrsTrueNee vs NightHrsModelNee R²: 0.7300
Epoch 26000 | Train Loss: 0.001945 | Val Loss: 0.001898 | Train R²: 0.9043 | Val R²: 0.9045 | NightHrsTrueNEE vs NightHrsModelReco R²: 0.7300 | NightHrsTrueNee vs NightHrsModelNee R²: 0.7300
Epoch 26500 | Train Loss: 0.001891 | Val Loss: 0.001852 | Train R²: 0.9070 | Val R²: 0.9069 | NightHrsTrueNEE vs NightHrsModelReco R²: 0.7400 | NightHrsTrueNee vs NightHrsModelNee R²: 0.7400
Epoch 27000 | Train Loss: 0.001861 | Val Loss: 0.001822 | Train R²: 0.9084 | Val R²: 0.9084 | NightHrsTrueNEE vs NightHrsModelReco R²: 0.7400 | NightHrsTrueNee vs NightHrsModelNee R²: 0.7400
Epoch 27500 | Train Loss: 0.001838 | Val Loss: 0.001799 | Train R²: 0.9096 | Val R²: 0.9095 | NightHrsTrueNEE vs NightHrsModelReco R²: 0.7500 | NightHrsTrueNee vs NightHrsModelNee R²: 0.7500
Early stopping at epoch 27852 due to flat/negative trend (slope=0.000002)
Epoch 27852 | Train Loss: 0.001823 | Val Loss: 0.001784 | Train R²: 0.9103 | Val R²: 0.9103
Unpickling models
Following models have been loaded and moved to cuda:
trained gpp model:
 SNN_GPP_Tram(
  (net): Sequential(
    (0): Linear(in_features=14, out_features=12, bias=True)
    (1): Tanh()
    (2): Linear(in_features=12, out_features=1, bias=True)
    (3): Sigmoid()
  )
), trained_reco_model:
 SNN_GPP_Tram(
  (net): Sequential(
    (0): Linear(in_features=11, out_features=12, bias=True)
    (1): Tanh()
    (2): Linear(in_features=12, out_features=1, bias=True)
    (3): Sigmoid()
  )
)
using full data set for visualization
Un-normalizing the GPP and RECO predictions using NEE min: tensor([-50.4310]), NEE max: tensor([42.8991])



Metrics for the Tramontana, with
GPP inputs: ['SW_IN', 'VPD', 'TA', 'WTD', 'WS', 'PotRad', 'PotRadHalfHourlyDiff', 'PotRadDailyAvg', 'PotRadDailyDiff', 'WD_COS', 'WD_SIN', 'GPP_PROX', 'Salinity', 'WTD_HalfHourlyDiff']
RECO inputs: ['DOY_sin', 'DOY_cos', 'TA', 'TS_1', 'WTD', 'WS', 'WD_COS', 'WD_SIN', 'NIGHTLY_NEE_AVG', 'Salinity', 'WTD_HalfHourlyDiff']:
dt_gpp vs Tramontana_GPP R²=0.96 RMSE=1.64
nt_gpp vs Tramontana_GPP R²=0.91 RMSE=2.47
dt_reco vs Tramontana_RECO R²=0.70 RMSE=1.89
nt_reco vs Tramontana_RECO R²=0.86 RMSE=1.26
night_hours_true_nee vs Tramontana_night_hours_model_reco R²=0.75 RMSE=1.78
night_hours_true_nee vs Tramontana_night_hours_model_nee R²=0.75 RMSE=1.78
dt_gpp vs nt_gpp R²=0.90 RMSE=2.59
dt_reco vs nt_reco R²=0.77 RMSE=2.00

gpp_input_names,  ['SW_IN', 'VPD', 'TA', 'WTD', 'WS', 'PotRad', 'PotRadHalfHourlyDiff', 'PotRadDailyAvg', 'PotRadDailyDiff', 'WD_COS', 'WD_SIN', 'GPP_PROX', 'Salinity', 'WTD_HalfHourlyDiff', 'WTD_DailyAvg', 'WTD_DailyDiff'] 
reco_input_names,  ['DOY_sin', 'DOY_cos', 'TA', 'TS_1', 'WTD', 'WS', 'WD_COS', 'WD_SIN', 'NIGHTLY_NEE_AVG', 'Salinity', 'WTD_HalfHourlyDiff', 'WTD_DailyAvg', 'WTD_DailyDiff'] 
true_nee_name,  ['NEE'] 

Tramontana Running on GPU With hidden layer size of 12 Total epochs: 100000 lr: 0.001 patience: 500 min_delta 0.01
SNN_GPP_Tram(
  (net): Sequential(
    (0): Linear(in_features=16, out_features=12, bias=True)
    (1): Tanh()
    (2): Linear(in_features=12, out_features=1, bias=True)
    (3): Sigmoid()
  )
)
SNN_RECO_Tram(
  (net): Sequential(
    (0): Linear(in_features=13, out_features=12, bias=True)
    (1): Tanh()
    (2): Linear(in_features=12, out_features=1, bias=True)
    (3): Sigmoid()
  )
)
Params are min slope: 2e-06, trend window: 100
Epoch     0 | Train Loss: 9242.878906 | Val Loss: 8795.829102 | Train R²: -454688.2188 | Val R²: -442310.8750 | NightHrsTrueNEE vs NightHrsModelReco R²: -71.3700 | NightHrsTrueNee vs NightHrsModelNee R²: -101.0700
Epoch   500 | Train Loss: 71.162148 | Val Loss: 70.640518 | Train R²: -3499.7124 | Val R²: -3551.2678 | NightHrsTrueNEE vs NightHrsModelReco R²: -153.5500 | NightHrsTrueNee vs NightHrsModelNee R²: -147.9400
Epoch  1000 | Train Loss: 20.089115 | Val Loss: 20.253931 | Train R²: -987.2531 | Val R²: -1017.5004 | NightHrsTrueNEE vs NightHrsModelReco R²: -160.6200 | NightHrsTrueNee vs NightHrsModelNee R²: -156.1000
Epoch  1500 | Train Loss: 9.201433 | Val Loss: 9.376528 | Train R²: -451.6504 | Val R²: -470.5132 | NightHrsTrueNEE vs NightHrsModelReco R²: -162.9000 | NightHrsTrueNee vs NightHrsModelNee R²: -159.1700
Epoch  2000 | Train Loss: 5.165718 | Val Loss: 5.307915 | Train R²: -253.1196 | Val R²: -265.9167 | NightHrsTrueNEE vs NightHrsModelReco R²: -163.9300 | NightHrsTrueNee vs NightHrsModelNee R²: -160.7600
Epoch  2500 | Train Loss: 3.265216 | Val Loss: 3.377040 | Train R²: -159.6273 | Val R²: -168.8197 | NightHrsTrueNEE vs NightHrsModelReco R²: -164.3900 | NightHrsTrueNee vs NightHrsModelNee R²: -161.6300
Epoch  3000 | Train Loss: 2.243657 | Val Loss: 2.331626 | Train R²: -109.3732 | Val R²: -116.2494 | NightHrsTrueNEE vs NightHrsModelReco R²: -164.3500 | NightHrsTrueNee vs NightHrsModelNee R²: -161.9200
Epoch  3500 | Train Loss: 1.643429 | Val Loss: 1.713165 | Train R²: -79.8460 | Val R²: -85.1491 | NightHrsTrueNEE vs NightHrsModelReco R²: -161.6100 | NightHrsTrueNee vs NightHrsModelNee R²: -159.4600
Epoch  4000 | Train Loss: 1.209171 | Val Loss: 1.266512 | Train R²: -58.4833 | Val R²: -62.6885 | NightHrsTrueNEE vs NightHrsModelReco R²: -128.4500 | NightHrsTrueNee vs NightHrsModelNee R²: -126.7500
Epoch  4500 | Train Loss: 0.925570 | Val Loss: 0.970698 | Train R²: -44.5320 | Val R²: -47.8131 | NightHrsTrueNEE vs NightHrsModelReco R²: -119.5200 | NightHrsTrueNee vs NightHrsModelNee R²: -117.9900
Epoch  5000 | Train Loss: 0.682090 | Val Loss: 0.713908 | Train R²: -32.5544 | Val R²: -34.9000 | NightHrsTrueNEE vs NightHrsModelReco R²: -94.2300 | NightHrsTrueNee vs NightHrsModelNee R²: -92.8900
Epoch  5500 | Train Loss: 0.516295 | Val Loss: 0.541276 | Train R²: -24.3983 | Val R²: -26.2189 | NightHrsTrueNEE vs NightHrsModelReco R²: -71.5800 | NightHrsTrueNee vs NightHrsModelNee R²: -70.5000
Epoch  6000 | Train Loss: 0.381134 | Val Loss: 0.401100 | Train R²: -17.7493 | Val R²: -19.1700 | NightHrsTrueNEE vs NightHrsModelReco R²: -43.1200 | NightHrsTrueNee vs NightHrsModelNee R²: -42.3600
Epoch  6500 | Train Loss: 0.282862 | Val Loss: 0.298269 | Train R²: -12.9149 | Val R²: -13.9989 | NightHrsTrueNEE vs NightHrsModelReco R²: -27.9500 | NightHrsTrueNee vs NightHrsModelNee R²: -27.4000
Epoch  7000 | Train Loss: 0.211667 | Val Loss: 0.223583 | Train R²: -9.4126 | Val R²: -10.2432 | NightHrsTrueNEE vs NightHrsModelReco R²: -19.9300 | NightHrsTrueNee vs NightHrsModelNee R²: -19.5200
Epoch  7500 | Train Loss: 0.159757 | Val Loss: 0.168920 | Train R²: -6.8590 | Val R²: -7.4944 | NightHrsTrueNEE vs NightHrsModelReco R²: -14.7800 | NightHrsTrueNee vs NightHrsModelNee R²: -14.4700
Epoch  8000 | Train Loss: 0.121902 | Val Loss: 0.128916 | Train R²: -4.9968 | Val R²: -5.4827 | NightHrsTrueNEE vs NightHrsModelReco R²: -11.2300 | NightHrsTrueNee vs NightHrsModelNee R²: -11.0000
Epoch  8500 | Train Loss: 0.094263 | Val Loss: 0.099552 | Train R²: -3.6371 | Val R²: -4.0061 | NightHrsTrueNEE vs NightHrsModelReco R²: -8.7000 | NightHrsTrueNee vs NightHrsModelNee R²: -8.5200
Epoch  9000 | Train Loss: 0.074067 | Val Loss: 0.077960 | Train R²: -2.6436 | Val R²: -2.9203 | NightHrsTrueNEE vs NightHrsModelReco R²: -6.8400 | NightHrsTrueNee vs NightHrsModelNee R²: -6.7000
Epoch  9500 | Train Loss: 0.059259 | Val Loss: 0.062068 | Train R²: -1.9152 | Val R²: -2.1212 | NightHrsTrueNEE vs NightHrsModelReco R²: -5.4500 | NightHrsTrueNee vs NightHrsModelNee R²: -5.3400
Epoch 10000 | Train Loss: 0.048291 | Val Loss: 0.050298 | Train R²: -1.3756 | Val R²: -1.5293 | NightHrsTrueNEE vs NightHrsModelReco R²: -4.3900 | NightHrsTrueNee vs NightHrsModelNee R²: -4.3000
Epoch 10500 | Train Loss: 0.040019 | Val Loss: 0.041447 | Train R²: -0.9687 | Val R²: -1.0842 | NightHrsTrueNEE vs NightHrsModelReco R²: -3.5400 | NightHrsTrueNee vs NightHrsModelNee R²: -3.4700
Epoch 11000 | Train Loss: 0.033674 | Val Loss: 0.034693 | Train R²: -0.6565 | Val R²: -0.7446 | NightHrsTrueNEE vs NightHrsModelReco R²: -2.8600 | NightHrsTrueNee vs NightHrsModelNee R²: -2.8000
Epoch 11500 | Train Loss: 0.028804 | Val Loss: 0.029550 | Train R²: -0.4170 | Val R²: -0.4860 | NightHrsTrueNEE vs NightHrsModelReco R²: -2.3400 | NightHrsTrueNee vs NightHrsModelNee R²: -2.2900
Epoch 12000 | Train Loss: 0.025090 | Val Loss: 0.025648 | Train R²: -0.2342 | Val R²: -0.2897 | NightHrsTrueNEE vs NightHrsModelReco R²: -1.9400 | NightHrsTrueNee vs NightHrsModelNee R²: -1.9000
Epoch 12500 | Train Loss: 0.022249 | Val Loss: 0.022659 | Train R²: -0.0945 | Val R²: -0.1394 | NightHrsTrueNEE vs NightHrsModelReco R²: -1.6300 | NightHrsTrueNee vs NightHrsModelNee R²: -1.6000
Epoch 13000 | Train Loss: 0.020099 | Val Loss: 0.020387 | Train R²: 0.0112 | Val R²: -0.0252 | NightHrsTrueNEE vs NightHrsModelReco R²: -1.3800 | NightHrsTrueNee vs NightHrsModelNee R²: -1.3600
Epoch 13500 | Train Loss: 0.018511 | Val Loss: 0.018701 | Train R²: 0.0894 | Val R²: 0.0596 | NightHrsTrueNEE vs NightHrsModelReco R²: -1.2000 | NightHrsTrueNee vs NightHrsModelNee R²: -1.1800
Epoch 14000 | Train Loss: 0.017342 | Val Loss: 0.017455 | Train R²: 0.1469 | Val R²: 0.1222 | NightHrsTrueNEE vs NightHrsModelReco R²: -1.0600 | NightHrsTrueNee vs NightHrsModelNee R²: -1.0500
Epoch 14500 | Train Loss: 0.016471 | Val Loss: 0.016523 | Train R²: 0.1897 | Val R²: 0.1691 | NightHrsTrueNEE vs NightHrsModelReco R²: -0.9600 | NightHrsTrueNee vs NightHrsModelNee R²: -0.9400
Epoch 15000 | Train Loss: 0.015804 | Val Loss: 0.015808 | Train R²: 0.2225 | Val R²: 0.2051 | NightHrsTrueNEE vs NightHrsModelReco R²: -0.8700 | NightHrsTrueNee vs NightHrsModelNee R²: -0.8600
Epoch 15500 | Train Loss: 0.015261 | Val Loss: 0.015230 | Train R²: 0.2492 | Val R²: 0.2341 | NightHrsTrueNEE vs NightHrsModelReco R²: -0.8000 | NightHrsTrueNee vs NightHrsModelNee R²: -0.7900
Epoch 16000 | Train Loss: 0.014770 | Val Loss: 0.014712 | Train R²: 0.2734 | Val R²: 0.2602 | NightHrsTrueNEE vs NightHrsModelReco R²: -0.7300 | NightHrsTrueNee vs NightHrsModelNee R²: -0.7300
Epoch 16500 | Train Loss: 0.014251 | Val Loss: 0.014171 | Train R²: 0.2989 | Val R²: 0.2874 | NightHrsTrueNEE vs NightHrsModelReco R²: -0.6600 | NightHrsTrueNee vs NightHrsModelNee R²: -0.6500
Epoch 17000 | Train Loss: 0.013575 | Val Loss: 0.013476 | Train R²: 0.3322 | Val R²: 0.3224 | NightHrsTrueNEE vs NightHrsModelReco R²: -0.5400 | NightHrsTrueNee vs NightHrsModelNee R²: -0.5300
Epoch 17500 | Train Loss: 0.012560 | Val Loss: 0.012449 | Train R²: 0.3821 | Val R²: 0.3740 | NightHrsTrueNEE vs NightHrsModelReco R²: -0.3300 | NightHrsTrueNee vs NightHrsModelNee R²: -0.3300
Epoch 18000 | Train Loss: 0.011217 | Val Loss: 0.011133 | Train R²: 0.4482 | Val R²: 0.4402 | NightHrsTrueNEE vs NightHrsModelReco R²: -0.1100 | NightHrsTrueNee vs NightHrsModelNee R²: -0.1000
Epoch 18500 | Train Loss: 0.009929 | Val Loss: 0.009829 | Train R²: 0.5116 | Val R²: 0.5057 | NightHrsTrueNEE vs NightHrsModelReco R²: 0.0200 | NightHrsTrueNee vs NightHrsModelNee R²: 0.0200
Epoch 19000 | Train Loss: 0.008662 | Val Loss: 0.008564 | Train R²: 0.5739 | Val R²: 0.5693 | NightHrsTrueNEE vs NightHrsModelReco R²: 0.0700 | NightHrsTrueNee vs NightHrsModelNee R²: 0.0800
Epoch 19500 | Train Loss: 0.007612 | Val Loss: 0.007517 | Train R²: 0.6256 | Val R²: 0.6220 | NightHrsTrueNEE vs NightHrsModelReco R²: 0.1300 | NightHrsTrueNee vs NightHrsModelNee R²: 0.1300
Epoch 20000 | Train Loss: 0.006650 | Val Loss: 0.006559 | Train R²: 0.6729 | Val R²: 0.6702 | NightHrsTrueNEE vs NightHrsModelReco R²: 0.2100 | NightHrsTrueNee vs NightHrsModelNee R²: 0.2100
Epoch 20500 | Train Loss: 0.005757 | Val Loss: 0.005673 | Train R²: 0.7168 | Val R²: 0.7147 | NightHrsTrueNEE vs NightHrsModelReco R²: 0.3000 | NightHrsTrueNee vs NightHrsModelNee R²: 0.3000
Epoch 21000 | Train Loss: 0.004946 | Val Loss: 0.004871 | Train R²: 0.7567 | Val R²: 0.7550 | NightHrsTrueNEE vs NightHrsModelReco R²: 0.4000 | NightHrsTrueNee vs NightHrsModelNee R²: 0.4000
Epoch 21500 | Train Loss: 0.004243 | Val Loss: 0.004170 | Train R²: 0.7913 | Val R²: 0.7903 | NightHrsTrueNEE vs NightHrsModelReco R²: 0.4900 | NightHrsTrueNee vs NightHrsModelNee R²: 0.4900
Epoch 22000 | Train Loss: 0.003656 | Val Loss: 0.003580 | Train R²: 0.8202 | Val R²: 0.8200 | NightHrsTrueNEE vs NightHrsModelReco R²: 0.5600 | NightHrsTrueNee vs NightHrsModelNee R²: 0.5600
Epoch 22500 | Train Loss: 0.003172 | Val Loss: 0.003090 | Train R²: 0.8440 | Val R²: 0.8446 | NightHrsTrueNEE vs NightHrsModelReco R²: 0.6200 | NightHrsTrueNee vs NightHrsModelNee R²: 0.6200
Epoch 23000 | Train Loss: 0.002790 | Val Loss: 0.002700 | Train R²: 0.8627 | Val R²: 0.8642 | NightHrsTrueNEE vs NightHrsModelReco R²: 0.6600 | NightHrsTrueNee vs NightHrsModelNee R²: 0.6600
Epoch 23500 | Train Loss: 0.002522 | Val Loss: 0.002425 | Train R²: 0.8759 | Val R²: 0.8781 | NightHrsTrueNEE vs NightHrsModelReco R²: 0.6900 | NightHrsTrueNee vs NightHrsModelNee R²: 0.6900
Epoch 24000 | Train Loss: 0.002346 | Val Loss: 0.002243 | Train R²: 0.8846 | Val R²: 0.8872 | NightHrsTrueNEE vs NightHrsModelReco R²: 0.7100 | NightHrsTrueNee vs NightHrsModelNee R²: 0.7100
Epoch 24500 | Train Loss: 0.002222 | Val Loss: 0.002113 | Train R²: 0.8907 | Val R²: 0.8937 | NightHrsTrueNEE vs NightHrsModelReco R²: 0.7200 | NightHrsTrueNee vs NightHrsModelNee R²: 0.7200
Epoch 25000 | Train Loss: 0.002125 | Val Loss: 0.002015 | Train R²: 0.8954 | Val R²: 0.8987 | NightHrsTrueNEE vs NightHrsModelReco R²: 0.7300 | NightHrsTrueNee vs NightHrsModelNee R²: 0.7300
Epoch 25500 | Train Loss: 0.002045 | Val Loss: 0.001936 | Train R²: 0.8994 | Val R²: 0.9026 | NightHrsTrueNEE vs NightHrsModelReco R²: 0.7400 | NightHrsTrueNee vs NightHrsModelNee R²: 0.7400
Epoch 26000 | Train Loss: 0.001976 | Val Loss: 0.001874 | Train R²: 0.9028 | Val R²: 0.9058 | NightHrsTrueNEE vs NightHrsModelReco R²: 0.7400 | NightHrsTrueNee vs NightHrsModelNee R²: 0.7400
Epoch 26500 | Train Loss: 0.001920 | Val Loss: 0.001828 | Train R²: 0.9055 | Val R²: 0.9081 | NightHrsTrueNEE vs NightHrsModelReco R²: 0.7500 | NightHrsTrueNee vs NightHrsModelNee R²: 0.7500
Epoch 27000 | Train Loss: 0.001875 | Val Loss: 0.001790 | Train R²: 0.9078 | Val R²: 0.9100 | NightHrsTrueNEE vs NightHrsModelReco R²: 0.7500 | NightHrsTrueNee vs NightHrsModelNee R²: 0.7500
Epoch 27500 | Train Loss: 0.001836 | Val Loss: 0.001762 | Train R²: 0.9097 | Val R²: 0.9114 | NightHrsTrueNEE vs NightHrsModelReco R²: 0.7500 | NightHrsTrueNee vs NightHrsModelNee R²: 0.7500
Early stopping at epoch 27712 due to flat/negative trend (slope=0.000002)
Epoch 27712 | Train Loss: 0.001823 | Val Loss: 0.001753 | Train R²: 0.9103 | Val R²: 0.9118
Unpickling models
Following models have been loaded and moved to cuda:
trained gpp model:
 SNN_GPP_Tram(
  (net): Sequential(
    (0): Linear(in_features=16, out_features=12, bias=True)
    (1): Tanh()
    (2): Linear(in_features=12, out_features=1, bias=True)
    (3): Sigmoid()
  )
), trained_reco_model:
 SNN_GPP_Tram(
  (net): Sequential(
    (0): Linear(in_features=13, out_features=12, bias=True)
    (1): Tanh()
    (2): Linear(in_features=12, out_features=1, bias=True)
    (3): Sigmoid()
  )
)
using full data set for visualization
Un-normalizing the GPP and RECO predictions using NEE min: tensor([-50.4310]), NEE max: tensor([42.8991])



Metrics for the Tramontana, with
GPP inputs: ['SW_IN', 'VPD', 'TA', 'WTD', 'WS', 'PotRad', 'PotRadHalfHourlyDiff', 'PotRadDailyAvg', 'PotRadDailyDiff', 'WD_COS', 'WD_SIN', 'GPP_PROX', 'Salinity', 'WTD_HalfHourlyDiff', 'WTD_DailyAvg', 'WTD_DailyDiff']
RECO inputs: ['DOY_sin', 'DOY_cos', 'TA', 'TS_1', 'WTD', 'WS', 'WD_COS', 'WD_SIN', 'NIGHTLY_NEE_AVG', 'Salinity', 'WTD_HalfHourlyDiff', 'WTD_DailyAvg', 'WTD_DailyDiff']:
dt_gpp vs Tramontana_GPP R²=0.96 RMSE=1.61
nt_gpp vs Tramontana_GPP R²=0.91 RMSE=2.50
dt_reco vs Tramontana_RECO R²=0.70 RMSE=1.90
nt_reco vs Tramontana_RECO R²=0.84 RMSE=1.31
night_hours_true_nee vs Tramontana_night_hours_model_reco R²=0.75 RMSE=1.78
night_hours_true_nee vs Tramontana_night_hours_model_nee R²=0.75 RMSE=1.78
dt_gpp vs nt_gpp R²=0.90 RMSE=2.59
dt_reco vs nt_reco R²=0.77 RMSE=2.00

gpp_input_names,  ['VPD', 'TA', 'WTD', 'WS', 'PotRad', 'PotRadHalfHourlyDiff', 'PotRadDailyAvg', 'PotRadDailyDiff', 'WD_COS', 'WD_SIN', 'GPP_PROX'] 
reco_input_names,  ['DOY_sin', 'DOY_cos', 'TA', 'TS_1', 'WTD', 'WS', 'WD_COS', 'WD_SIN', 'NIGHTLY_NEE_AVG'] 
true_nee_name,  ['NEE'] 

Tramontana Running on GPU With hidden layer size of 12 Total epochs: 100000 lr: 0.001 patience: 500 min_delta 0.01
SNN_GPP_Tram(
  (net): Sequential(
    (0): Linear(in_features=11, out_features=12, bias=True)
    (1): Tanh()
    (2): Linear(in_features=12, out_features=1, bias=True)
    (3): Sigmoid()
  )
)
SNN_RECO_Tram(
  (net): Sequential(
    (0): Linear(in_features=9, out_features=12, bias=True)
    (1): Tanh()
    (2): Linear(in_features=12, out_features=1, bias=True)
    (3): Sigmoid()
  )
)
Params are min slope: 2e-06, trend window: 100
Epoch     0 | Train Loss: 37641.769531 | Val Loss: 35744.054688 | Train R²: -1851727.8750 | Val R²: -1797444.1250 | NightHrsTrueNEE vs NightHrsModelReco R²: -52.1500 | NightHrsTrueNee vs NightHrsModelNee R²: -119.6800
Epoch   500 | Train Loss: 446.980865 | Val Loss: 441.460083 | Train R²: -21987.5371 | Val R²: -22198.5039 | NightHrsTrueNEE vs NightHrsModelReco R²: -144.6300 | NightHrsTrueNee vs NightHrsModelNee R²: -137.2600
Epoch  1000 | Train Loss: 110.796936 | Val Loss: 111.005501 | Train R²: -5449.4849 | Val R²: -5581.0835 | NightHrsTrueNEE vs NightHrsModelReco R²: -154.9400 | NightHrsTrueNee vs NightHrsModelNee R²: -148.5500
Epoch  1500 | Train Loss: 47.672104 | Val Loss: 48.163822 | Train R²: -2344.1558 | Val R²: -2420.9927 | NightHrsTrueNEE vs NightHrsModelReco R²: -159.1000 | NightHrsTrueNee vs NightHrsModelNee R²: -153.7700
Epoch  2000 | Train Loss: 25.422159 | Val Loss: 25.849260 | Train R²: -1249.6040 | Val R²: -1298.8702 | NightHrsTrueNEE vs NightHrsModelReco R²: -161.3700 | NightHrsTrueNee vs NightHrsModelNee R²: -156.8300
Epoch  2500 | Train Loss: 15.175635 | Val Loss: 15.515177 | Train R²: -745.5421 | Val R²: -779.2047 | NightHrsTrueNEE vs NightHrsModelReco R²: -162.7800 | NightHrsTrueNee vs NightHrsModelNee R²: -158.8500
Epoch  3000 | Train Loss: 9.709157 | Val Loss: 9.975636 | Train R²: -476.6270 | Val R²: -500.6403 | NightHrsTrueNEE vs NightHrsModelReco R²: -163.7300 | NightHrsTrueNee vs NightHrsModelNee R²: -160.2900
Epoch  3500 | Train Loss: 6.514388 | Val Loss: 6.724082 | Train R²: -319.4653 | Val R²: -337.1309 | NightHrsTrueNEE vs NightHrsModelReco R²: -164.4000 | NightHrsTrueNee vs NightHrsModelNee R²: -161.3500
Epoch  4000 | Train Loss: 4.531574 | Val Loss: 4.697604 | Train R²: -221.9238 | Val R²: -235.2263 | NightHrsTrueNEE vs NightHrsModelReco R²: -164.8800 | NightHrsTrueNee vs NightHrsModelNee R²: -162.1500
Epoch  4500 | Train Loss: 3.249685 | Val Loss: 3.382016 | Train R²: -158.8633 | Val R²: -169.0699 | NightHrsTrueNEE vs NightHrsModelReco R²: -165.2000 | NightHrsTrueNee vs NightHrsModelNee R²: -162.7600
Epoch  5000 | Train Loss: 2.397594 | Val Loss: 2.503732 | Train R²: -116.9460 | Val R²: -124.9040 | NightHrsTrueNEE vs NightHrsModelReco R²: -165.3900 | NightHrsTrueNee vs NightHrsModelNee R²: -163.1900
Epoch  5500 | Train Loss: 1.820616 | Val Loss: 1.906257 | Train R²: -88.5624 | Val R²: -94.8591 | NightHrsTrueNEE vs NightHrsModelReco R²: -165.4100 | NightHrsTrueNee vs NightHrsModelNee R²: -163.4100
Epoch  6000 | Train Loss: 1.425148 | Val Loss: 1.494668 | Train R²: -69.1080 | Val R²: -74.1617 | NightHrsTrueNEE vs NightHrsModelReco R²: -164.9600 | NightHrsTrueNee vs NightHrsModelNee R²: -163.1600
Epoch  6500 | Train Loss: 1.147745 | Val Loss: 1.204563 | Train R²: -55.4616 | Val R²: -59.5733 | NightHrsTrueNEE vs NightHrsModelReco R²: -159.5600 | NightHrsTrueNee vs NightHrsModelNee R²: -157.9500
Epoch  7000 | Train Loss: 0.934045 | Val Loss: 0.978987 | Train R²: -44.9489 | Val R²: -48.2299 | NightHrsTrueNEE vs NightHrsModelReco R²: -137.8000 | NightHrsTrueNee vs NightHrsModelNee R²: -136.4200
Epoch  7500 | Train Loss: 0.768469 | Val Loss: 0.805411 | Train R²: -36.8036 | Val R²: -39.5013 | NightHrsTrueNEE vs NightHrsModelReco R²: -123.3200 | NightHrsTrueNee vs NightHrsModelNee R²: -122.1000
Epoch  8000 | Train Loss: 0.640843 | Val Loss: 0.670521 | Train R²: -30.5253 | Val R²: -32.7182 | NightHrsTrueNEE vs NightHrsModelReco R²: -111.9700 | NightHrsTrueNee vs NightHrsModelNee R²: -110.8900
Epoch  8500 | Train Loss: 0.460545 | Val Loss: 0.483010 | Train R²: -21.6558 | Val R²: -23.2889 | NightHrsTrueNEE vs NightHrsModelReco R²: -77.8900 | NightHrsTrueNee vs NightHrsModelNee R²: -77.0100
Epoch  9000 | Train Loss: 0.323445 | Val Loss: 0.340103 | Train R²: -14.9114 | Val R²: -16.1026 | NightHrsTrueNEE vs NightHrsModelReco R²: -40.0000 | NightHrsTrueNee vs NightHrsModelNee R²: -39.4600
Epoch  9500 | Train Loss: 0.238260 | Val Loss: 0.251211 | Train R²: -10.7209 | Val R²: -11.6325 | NightHrsTrueNEE vs NightHrsModelReco R²: -25.3200 | NightHrsTrueNee vs NightHrsModelNee R²: -24.9500
Epoch 10000 | Train Loss: 0.176678 | Val Loss: 0.186668 | Train R²: -7.6914 | Val R²: -8.3869 | NightHrsTrueNEE vs NightHrsModelReco R²: -17.2200 | NightHrsTrueNee vs NightHrsModelNee R²: -16.9500
Epoch 10500 | Train Loss: 0.132147 | Val Loss: 0.139769 | Train R²: -5.5008 | Val R²: -6.0285 | NightHrsTrueNEE vs NightHrsModelReco R²: -12.2200 | NightHrsTrueNee vs NightHrsModelNee R²: -12.0200
Epoch 11000 | Train Loss: 0.100193 | Val Loss: 0.105980 | Train R²: -3.9288 | Val R²: -4.3294 | NightHrsTrueNEE vs NightHrsModelReco R²: -8.9200 | NightHrsTrueNee vs NightHrsModelNee R²: -8.7700
Epoch 11500 | Train Loss: 0.077299 | Val Loss: 0.081685 | Train R²: -2.8026 | Val R²: -3.1076 | NightHrsTrueNEE vs NightHrsModelReco R²: -6.6700 | NightHrsTrueNee vs NightHrsModelNee R²: -6.5600
Epoch 12000 | Train Loss: 0.060730 | Val Loss: 0.064050 | Train R²: -1.9875 | Val R²: -2.2208 | NightHrsTrueNEE vs NightHrsModelReco R²: -5.1000 | NightHrsTrueNee vs NightHrsModelNee R²: -5.0100
Epoch 12500 | Train Loss: 0.048508 | Val Loss: 0.051024 | Train R²: -1.3863 | Val R²: -1.5658 | NightHrsTrueNEE vs NightHrsModelReco R²: -3.9600 | NightHrsTrueNee vs NightHrsModelNee R²: -3.9000
Epoch 13000 | Train Loss: 0.039328 | Val Loss: 0.041246 | Train R²: -0.9347 | Val R²: -1.0741 | NightHrsTrueNEE vs NightHrsModelReco R²: -3.1100 | NightHrsTrueNee vs NightHrsModelNee R²: -3.0600
Epoch 13500 | Train Loss: 0.032355 | Val Loss: 0.033828 | Train R²: -0.5917 | Val R²: -0.7011 | NightHrsTrueNEE vs NightHrsModelReco R²: -2.4500 | NightHrsTrueNee vs NightHrsModelNee R²: -2.4100
Epoch 14000 | Train Loss: 0.027027 | Val Loss: 0.028166 | Train R²: -0.3295 | Val R²: -0.4164 | NightHrsTrueNEE vs NightHrsModelReco R²: -1.9300 | NightHrsTrueNee vs NightHrsModelNee R²: -1.9000
Epoch 14500 | Train Loss: 0.022950 | Val Loss: 0.023843 | Train R²: -0.1290 | Val R²: -0.1990 | NightHrsTrueNEE vs NightHrsModelReco R²: -1.5100 | NightHrsTrueNee vs NightHrsModelNee R²: -1.4800
Epoch 15000 | Train Loss: 0.019846 | Val Loss: 0.020560 | Train R²: 0.0237 | Val R²: -0.0339 | NightHrsTrueNEE vs NightHrsModelReco R²: -1.1800 | NightHrsTrueNee vs NightHrsModelNee R²: -1.1600
Epoch 15500 | Train Loss: 0.017511 | Val Loss: 0.018089 | Train R²: 0.1386 | Val R²: 0.0904 | NightHrsTrueNEE vs NightHrsModelReco R²: -0.9200 | NightHrsTrueNee vs NightHrsModelNee R²: -0.9100
Epoch 16000 | Train Loss: 0.015782 | Val Loss: 0.016252 | Train R²: 0.2236 | Val R²: 0.1827 | NightHrsTrueNEE vs NightHrsModelReco R²: -0.7300 | NightHrsTrueNee vs NightHrsModelNee R²: -0.7200
Epoch 16500 | Train Loss: 0.014494 | Val Loss: 0.014877 | Train R²: 0.2870 | Val R²: 0.2519 | NightHrsTrueNEE vs NightHrsModelReco R²: -0.5700 | NightHrsTrueNee vs NightHrsModelNee R²: -0.5600
Epoch 17000 | Train Loss: 0.013494 | Val Loss: 0.013816 | Train R²: 0.3362 | Val R²: 0.3053 | NightHrsTrueNEE vs NightHrsModelReco R²: -0.4400 | NightHrsTrueNee vs NightHrsModelNee R²: -0.4300
Epoch 17500 | Train Loss: 0.012659 | Val Loss: 0.012951 | Train R²: 0.3773 | Val R²: 0.3488 | NightHrsTrueNEE vs NightHrsModelReco R²: -0.3000 | NightHrsTrueNee vs NightHrsModelNee R²: -0.2900
Epoch 18000 | Train Loss: 0.011892 | Val Loss: 0.012155 | Train R²: 0.4150 | Val R²: 0.3888 | NightHrsTrueNEE vs NightHrsModelReco R²: -0.1600 | NightHrsTrueNee vs NightHrsModelNee R²: -0.1600
Epoch 18500 | Train Loss: 0.011158 | Val Loss: 0.011368 | Train R²: 0.4511 | Val R²: 0.4283 | NightHrsTrueNEE vs NightHrsModelReco R²: -0.0400 | NightHrsTrueNee vs NightHrsModelNee R²: -0.0300
Epoch 19000 | Train Loss: 0.010499 | Val Loss: 0.010659 | Train R²: 0.4835 | Val R²: 0.4640 | NightHrsTrueNEE vs NightHrsModelReco R²: 0.0500 | NightHrsTrueNee vs NightHrsModelNee R²: 0.0500
Epoch 19500 | Train Loss: 0.009946 | Val Loss: 0.010083 | Train R²: 0.5107 | Val R²: 0.4930 | NightHrsTrueNEE vs NightHrsModelReco R²: 0.0900 | NightHrsTrueNee vs NightHrsModelNee R²: 0.1000
Epoch 20000 | Train Loss: 0.009451 | Val Loss: 0.009590 | Train R²: 0.5351 | Val R²: 0.5178 | NightHrsTrueNEE vs NightHrsModelReco R²: 0.1200 | NightHrsTrueNee vs NightHrsModelNee R²: 0.1300
Epoch 20500 | Train Loss: 0.008966 | Val Loss: 0.009113 | Train R²: 0.5589 | Val R²: 0.5417 | NightHrsTrueNEE vs NightHrsModelReco R²: 0.1500 | NightHrsTrueNee vs NightHrsModelNee R²: 0.1500
Epoch 21000 | Train Loss: 0.008470 | Val Loss: 0.008619 | Train R²: 0.5833 | Val R²: 0.5666 | NightHrsTrueNEE vs NightHrsModelReco R²: 0.1700 | NightHrsTrueNee vs NightHrsModelNee R²: 0.1700
Epoch 21500 | Train Loss: 0.007956 | Val Loss: 0.008104 | Train R²: 0.6086 | Val R²: 0.5925 | NightHrsTrueNEE vs NightHrsModelReco R²: 0.2000 | NightHrsTrueNee vs NightHrsModelNee R²: 0.2000
Epoch 22000 | Train Loss: 0.007420 | Val Loss: 0.007566 | Train R²: 0.6350 | Val R²: 0.6195 | NightHrsTrueNEE vs NightHrsModelReco R²: 0.2300 | NightHrsTrueNee vs NightHrsModelNee R²: 0.2300
Epoch 22500 | Train Loss: 0.006860 | Val Loss: 0.006998 | Train R²: 0.6625 | Val R²: 0.6481 | NightHrsTrueNEE vs NightHrsModelReco R²: 0.2700 | NightHrsTrueNee vs NightHrsModelNee R²: 0.2700
Epoch 23000 | Train Loss: 0.006266 | Val Loss: 0.006388 | Train R²: 0.6918 | Val R²: 0.6788 | NightHrsTrueNEE vs NightHrsModelReco R²: 0.3100 | NightHrsTrueNee vs NightHrsModelNee R²: 0.3200
Epoch 23500 | Train Loss: 0.005618 | Val Loss: 0.005715 | Train R²: 0.7236 | Val R²: 0.7126 | NightHrsTrueNEE vs NightHrsModelReco R²: 0.3700 | NightHrsTrueNee vs NightHrsModelNee R²: 0.3700
Epoch 24000 | Train Loss: 0.004904 | Val Loss: 0.004966 | Train R²: 0.7588 | Val R²: 0.7503 | NightHrsTrueNEE vs NightHrsModelReco R²: 0.4400 | NightHrsTrueNee vs NightHrsModelNee R²: 0.4400
Epoch 24500 | Train Loss: 0.004193 | Val Loss: 0.004217 | Train R²: 0.7937 | Val R²: 0.7879 | NightHrsTrueNEE vs NightHrsModelReco R²: 0.5200 | NightHrsTrueNee vs NightHrsModelNee R²: 0.5200
Epoch 25000 | Train Loss: 0.003662 | Val Loss: 0.003654 | Train R²: 0.8199 | Val R²: 0.8162 | NightHrsTrueNEE vs NightHrsModelReco R²: 0.5800 | NightHrsTrueNee vs NightHrsModelNee R²: 0.5800
Epoch 25500 | Train Loss: 0.003335 | Val Loss: 0.003307 | Train R²: 0.8359 | Val R²: 0.8337 | NightHrsTrueNEE vs NightHrsModelReco R²: 0.6200 | NightHrsTrueNee vs NightHrsModelNee R²: 0.6200
Epoch 26000 | Train Loss: 0.003130 | Val Loss: 0.003088 | Train R²: 0.8460 | Val R²: 0.8447 | NightHrsTrueNEE vs NightHrsModelReco R²: 0.6400 | NightHrsTrueNee vs NightHrsModelNee R²: 0.6400
Epoch 26500 | Train Loss: 0.002976 | Val Loss: 0.002923 | Train R²: 0.8536 | Val R²: 0.8530 | NightHrsTrueNEE vs NightHrsModelReco R²: 0.6600 | NightHrsTrueNee vs NightHrsModelNee R²: 0.6600
Epoch 27000 | Train Loss: 0.002844 | Val Loss: 0.002782 | Train R²: 0.8601 | Val R²: 0.8601 | NightHrsTrueNEE vs NightHrsModelReco R²: 0.6700 | NightHrsTrueNee vs NightHrsModelNee R²: 0.6700
Epoch 27500 | Train Loss: 0.002735 | Val Loss: 0.002670 | Train R²: 0.8655 | Val R²: 0.8657 | NightHrsTrueNEE vs NightHrsModelReco R²: 0.6800 | NightHrsTrueNee vs NightHrsModelNee R²: 0.6800
Epoch 28000 | Train Loss: 0.002646 | Val Loss: 0.002582 | Train R²: 0.8698 | Val R²: 0.8701 | NightHrsTrueNEE vs NightHrsModelReco R²: 0.6900 | NightHrsTrueNee vs NightHrsModelNee R²: 0.6900
Epoch 28500 | Train Loss: 0.002571 | Val Loss: 0.002512 | Train R²: 0.8735 | Val R²: 0.8737 | NightHrsTrueNEE vs NightHrsModelReco R²: 0.7000 | NightHrsTrueNee vs NightHrsModelNee R²: 0.7000
Epoch 29000 | Train Loss: 0.002507 | Val Loss: 0.002453 | Train R²: 0.8766 | Val R²: 0.8767 | NightHrsTrueNEE vs NightHrsModelReco R²: 0.7100 | NightHrsTrueNee vs NightHrsModelNee R²: 0.7000
Epoch 29500 | Train Loss: 0.002449 | Val Loss: 0.002397 | Train R²: 0.8795 | Val R²: 0.8795 | NightHrsTrueNEE vs NightHrsModelReco R²: 0.7100 | NightHrsTrueNee vs NightHrsModelNee R²: 0.7100
Epoch 30000 | Train Loss: 0.002393 | Val Loss: 0.002338 | Train R²: 0.8823 | Val R²: 0.8824 | NightHrsTrueNEE vs NightHrsModelReco R²: 0.7200 | NightHrsTrueNee vs NightHrsModelNee R²: 0.7200
Epoch 30500 | Train Loss: 0.002345 | Val Loss: 0.002286 | Train R²: 0.8846 | Val R²: 0.8851 | NightHrsTrueNEE vs NightHrsModelReco R²: 0.7200 | NightHrsTrueNee vs NightHrsModelNee R²: 0.7200
Epoch 31000 | Train Loss: 0.002316 | Val Loss: 0.002254 | Train R²: 0.8861 | Val R²: 0.8867 | NightHrsTrueNEE vs NightHrsModelReco R²: 0.7200 | NightHrsTrueNee vs NightHrsModelNee R²: 0.7200
Early stopping at epoch 31264 due to flat/negative trend (slope=0.000002)
Epoch 31264 | Train Loss: 0.002304 | Val Loss: 0.002243 | Train R²: 0.8866 | Val R²: 0.8872
Unpickling models
Following models have been loaded and moved to cuda:
trained gpp model:
 SNN_GPP_Tram(
  (net): Sequential(
    (0): Linear(in_features=11, out_features=12, bias=True)
    (1): Tanh()
    (2): Linear(in_features=12, out_features=1, bias=True)
    (3): Sigmoid()
  )
), trained_reco_model:
 SNN_GPP_Tram(
  (net): Sequential(
    (0): Linear(in_features=9, out_features=12, bias=True)
    (1): Tanh()
    (2): Linear(in_features=12, out_features=1, bias=True)
    (3): Sigmoid()
  )
)
using full data set for visualization
Un-normalizing the GPP and RECO predictions using NEE min: tensor([-50.4310]), NEE max: tensor([42.8991])



Metrics for the Tramontana, with
GPP inputs: ['VPD', 'TA', 'WTD', 'WS', 'PotRad', 'PotRadHalfHourlyDiff', 'PotRadDailyAvg', 'PotRadDailyDiff', 'WD_COS', 'WD_SIN', 'GPP_PROX']
RECO inputs: ['DOY_sin', 'DOY_cos', 'TA', 'TS_1', 'WTD', 'WS', 'WD_COS', 'WD_SIN', 'NIGHTLY_NEE_AVG']:
dt_gpp vs Tramontana_GPP R²=0.92 RMSE=2.32
nt_gpp vs Tramontana_GPP R²=0.86 RMSE=3.17
dt_reco vs Tramontana_RECO R²=0.50 RMSE=2.46
nt_reco vs Tramontana_RECO R²=0.62 RMSE=2.06
night_hours_true_nee vs Tramontana_night_hours_model_reco R²=0.73 RMSE=1.85
night_hours_true_nee vs Tramontana_night_hours_model_nee R²=0.73 RMSE=1.85
dt_gpp vs nt_gpp R²=0.90 RMSE=2.59
dt_reco vs nt_reco R²=0.77 RMSE=2.00

gpp_input_names,  ['SW_IN', 'TA', 'WTD', 'WS', 'PotRad', 'PotRadHalfHourlyDiff', 'PotRadDailyAvg', 'PotRadDailyDiff', 'WD_COS', 'WD_SIN', 'GPP_PROX'] 
reco_input_names,  ['DOY_sin', 'DOY_cos', 'TA', 'TS_1', 'WTD', 'WS', 'WD_COS', 'WD_SIN', 'NIGHTLY_NEE_AVG'] 
true_nee_name,  ['NEE'] 

Tramontana Running on GPU With hidden layer size of 12 Total epochs: 100000 lr: 0.001 patience: 500 min_delta 0.01
SNN_GPP_Tram(
  (net): Sequential(
    (0): Linear(in_features=11, out_features=12, bias=True)
    (1): Tanh()
    (2): Linear(in_features=12, out_features=1, bias=True)
    (3): Sigmoid()
  )
)
SNN_RECO_Tram(
  (net): Sequential(
    (0): Linear(in_features=9, out_features=12, bias=True)
    (1): Tanh()
    (2): Linear(in_features=12, out_features=1, bias=True)
    (3): Sigmoid()
  )
)
Params are min slope: 2e-06, trend window: 100
Epoch     0 | Train Loss: 36885.187500 | Val Loss: 34994.027344 | Train R²: -1814509.0000 | Val R²: -1759728.0000 | NightHrsTrueNEE vs NightHrsModelReco R²: -52.1500 | NightHrsTrueNee vs NightHrsModelNee R²: -120.8200
Epoch   500 | Train Loss: 384.006317 | Val Loss: 378.234711 | Train R²: -18889.6016 | Val R²: -19019.1172 | NightHrsTrueNEE vs NightHrsModelReco R²: -143.9600 | NightHrsTrueNee vs NightHrsModelNee R²: -136.4600
Epoch  1000 | Train Loss: 95.965523 | Val Loss: 95.707336 | Train R²: -4719.8765 | Val R²: -4811.7910 | NightHrsTrueNEE vs NightHrsModelReco R²: -154.4400 | NightHrsTrueNee vs NightHrsModelNee R²: -147.5200
Epoch  1500 | Train Loss: 41.695019 | Val Loss: 41.874317 | Train R²: -2050.1226 | Val R²: -2104.7151 | NightHrsTrueNEE vs NightHrsModelReco R²: -158.7500 | NightHrsTrueNee vs NightHrsModelNee R²: -152.7600
Epoch  2000 | Train Loss: 22.386557 | Val Loss: 22.601295 | Train R²: -1100.2722 | Val R²: -1135.5411 | NightHrsTrueNEE vs NightHrsModelReco R²: -161.1100 | NightHrsTrueNee vs NightHrsModelNee R²: -155.8800
Epoch  2500 | Train Loss: 13.423764 | Val Loss: 13.613503 | Train R²: -659.3615 | Val R²: -683.5761 | NightHrsTrueNEE vs NightHrsModelReco R²: -162.5800 | NightHrsTrueNee vs NightHrsModelNee R²: -157.9700
Epoch  3000 | Train Loss: 8.612567 | Val Loss: 8.770180 | Train R²: -422.6820 | Val R²: -440.0221 | NightHrsTrueNEE vs NightHrsModelReco R²: -163.5800 | NightHrsTrueNee vs NightHrsModelNee R²: -159.4700
Epoch  3500 | Train Loss: 5.787936 | Val Loss: 5.916729 | Train R²: -283.7286 | Val R²: -296.5319 | NightHrsTrueNEE vs NightHrsModelReco R²: -164.2800 | NightHrsTrueNee vs NightHrsModelNee R²: -160.5900
Epoch  4000 | Train Loss: 4.029365 | Val Loss: 4.134256 | Train R²: -197.2184 | Val R²: -206.8975 | NightHrsTrueNEE vs NightHrsModelReco R²: -164.7700 | NightHrsTrueNee vs NightHrsModelNee R²: -161.4500
Epoch  4500 | Train Loss: 2.890384 | Val Loss: 2.975922 | Train R²: -141.1880 | Val R²: -148.6489 | NightHrsTrueNEE vs NightHrsModelReco R²: -165.1100 | NightHrsTrueNee vs NightHrsModelNee R²: -162.1000
Epoch  5000 | Train Loss: 2.132878 | Val Loss: 2.202847 | Train R²: -103.9236 | Val R²: -109.7736 | NightHrsTrueNEE vs NightHrsModelReco R²: -165.3000 | NightHrsTrueNee vs NightHrsModelNee R²: -162.5700
Epoch  5500 | Train Loss: 1.620322 | Val Loss: 1.677789 | Train R²: -78.7093 | Val R²: -83.3702 | NightHrsTrueNEE vs NightHrsModelReco R²: -165.3000 | NightHrsTrueNee vs NightHrsModelNee R²: -162.8000
Epoch  6000 | Train Loss: 1.269637 | Val Loss: 1.317075 | Train R²: -61.4578 | Val R²: -65.2312 | NightHrsTrueNEE vs NightHrsModelReco R²: -164.7100 | NightHrsTrueNee vs NightHrsModelNee R²: -162.4300
Epoch  6500 | Train Loss: 1.022812 | Val Loss: 1.062232 | Train R²: -49.3157 | Val R²: -52.4160 | NightHrsTrueNEE vs NightHrsModelReco R²: -157.2900 | NightHrsTrueNee vs NightHrsModelNee R²: -155.2600
Epoch  7000 | Train Loss: 0.837843 | Val Loss: 0.869422 | Train R²: -40.2164 | Val R²: -42.7202 | NightHrsTrueNEE vs NightHrsModelReco R²: -140.3700 | NightHrsTrueNee vs NightHrsModelNee R²: -138.6100
Epoch  7500 | Train Loss: 0.692293 | Val Loss: 0.718927 | Train R²: -33.0563 | Val R²: -35.1524 | NightHrsTrueNEE vs NightHrsModelReco R²: -124.9200 | NightHrsTrueNee vs NightHrsModelNee R²: -123.3600
Epoch  8000 | Train Loss: 0.579007 | Val Loss: 0.600840 | Train R²: -27.4833 | Val R²: -29.2142 | NightHrsTrueNEE vs NightHrsModelReco R²: -113.2500 | NightHrsTrueNee vs NightHrsModelNee R²: -111.8500
Epoch  8500 | Train Loss: 0.437821 | Val Loss: 0.454580 | Train R²: -20.5379 | Val R²: -21.8592 | NightHrsTrueNEE vs NightHrsModelReco R²: -86.4100 | NightHrsTrueNee vs NightHrsModelNee R²: -85.2200
Epoch  9000 | Train Loss: 0.300064 | Val Loss: 0.311772 | Train R²: -13.7612 | Val R²: -14.6779 | NightHrsTrueNEE vs NightHrsModelReco R²: -43.9100 | NightHrsTrueNee vs NightHrsModelNee R²: -43.1700
Epoch  9500 | Train Loss: 0.220956 | Val Loss: 0.230013 | Train R²: -9.8696 | Val R²: -10.5666 | NightHrsTrueNEE vs NightHrsModelReco R²: -28.1500 | NightHrsTrueNee vs NightHrsModelNee R²: -27.6300
Epoch 10000 | Train Loss: 0.163569 | Val Loss: 0.170480 | Train R²: -7.0465 | Val R²: -7.5728 | NightHrsTrueNEE vs NightHrsModelReco R²: -19.2200 | NightHrsTrueNee vs NightHrsModelNee R²: -18.8400
Epoch 10500 | Train Loss: 0.122100 | Val Loss: 0.127314 | Train R²: -5.0065 | Val R²: -5.4022 | NightHrsTrueNEE vs NightHrsModelReco R²: -13.6700 | NightHrsTrueNee vs NightHrsModelNee R²: -13.3900
Epoch 11000 | Train Loss: 0.092606 | Val Loss: 0.096522 | Train R²: -3.5556 | Val R²: -3.8538 | NightHrsTrueNEE vs NightHrsModelReco R²: -10.0000 | NightHrsTrueNee vs NightHrsModelNee R²: -9.7800
Epoch 11500 | Train Loss: 0.071697 | Val Loss: 0.074624 | Train R²: -2.5270 | Val R²: -2.7526 | NightHrsTrueNEE vs NightHrsModelReco R²: -7.4900 | NightHrsTrueNee vs NightHrsModelNee R²: -7.3200
Epoch 12000 | Train Loss: 0.056602 | Val Loss: 0.058777 | Train R²: -1.7845 | Val R²: -1.9557 | NightHrsTrueNEE vs NightHrsModelReco R²: -5.7100 | NightHrsTrueNee vs NightHrsModelNee R²: -5.5900
Epoch 12500 | Train Loss: 0.045386 | Val Loss: 0.046995 | Train R²: -1.2327 | Val R²: -1.3632 | NightHrsTrueNEE vs NightHrsModelReco R²: -4.4100 | NightHrsTrueNee vs NightHrsModelNee R²: -4.3200
Epoch 13000 | Train Loss: 0.036865 | Val Loss: 0.038056 | Train R²: -0.8135 | Val R²: -0.9137 | NightHrsTrueNEE vs NightHrsModelReco R²: -3.4300 | NightHrsTrueNee vs NightHrsModelNee R²: -3.3500
Epoch 13500 | Train Loss: 0.030323 | Val Loss: 0.031205 | Train R²: -0.4917 | Val R²: -0.5692 | NightHrsTrueNEE vs NightHrsModelReco R²: -2.6600 | NightHrsTrueNee vs NightHrsModelNee R²: -2.6000
Epoch 14000 | Train Loss: 0.025280 | Val Loss: 0.025935 | Train R²: -0.2436 | Val R²: -0.3042 | NightHrsTrueNEE vs NightHrsModelReco R²: -2.0500 | NightHrsTrueNee vs NightHrsModelNee R²: -2.0100
Epoch 14500 | Train Loss: 0.021411 | Val Loss: 0.021906 | Train R²: -0.0533 | Val R²: -0.1016 | NightHrsTrueNEE vs NightHrsModelReco R²: -1.5800 | NightHrsTrueNee vs NightHrsModelNee R²: -1.5400
Epoch 15000 | Train Loss: 0.018486 | Val Loss: 0.018875 | Train R²: 0.0906 | Val R²: 0.0508 | NightHrsTrueNEE vs NightHrsModelReco R²: -1.2200 | NightHrsTrueNee vs NightHrsModelNee R²: -1.1900
Epoch 15500 | Train Loss: 0.016311 | Val Loss: 0.016623 | Train R²: 0.1976 | Val R²: 0.1641 | NightHrsTrueNEE vs NightHrsModelReco R²: -0.9400 | NightHrsTrueNee vs NightHrsModelNee R²: -0.9200
Epoch 16000 | Train Loss: 0.014709 | Val Loss: 0.014961 | Train R²: 0.2764 | Val R²: 0.2476 | NightHrsTrueNEE vs NightHrsModelReco R²: -0.7300 | NightHrsTrueNee vs NightHrsModelNee R²: -0.7100
Epoch 16500 | Train Loss: 0.013521 | Val Loss: 0.013724 | Train R²: 0.3349 | Val R²: 0.3098 | NightHrsTrueNEE vs NightHrsModelReco R²: -0.5600 | NightHrsTrueNee vs NightHrsModelNee R²: -0.5500
Epoch 17000 | Train Loss: 0.012601 | Val Loss: 0.012766 | Train R²: 0.3801 | Val R²: 0.3580 | NightHrsTrueNEE vs NightHrsModelReco R²: -0.4200 | NightHrsTrueNee vs NightHrsModelNee R²: -0.4000
Epoch 17500 | Train Loss: 0.011798 | Val Loss: 0.011930 | Train R²: 0.4196 | Val R²: 0.4001 | NightHrsTrueNEE vs NightHrsModelReco R²: -0.2600 | NightHrsTrueNee vs NightHrsModelNee R²: -0.2500
Epoch 18000 | Train Loss: 0.011012 | Val Loss: 0.011087 | Train R²: 0.4583 | Val R²: 0.4425 | NightHrsTrueNEE vs NightHrsModelReco R²: -0.1000 | NightHrsTrueNee vs NightHrsModelNee R²: -0.0900
Epoch 18500 | Train Loss: 0.010317 | Val Loss: 0.010347 | Train R²: 0.4925 | Val R²: 0.4797 | NightHrsTrueNEE vs NightHrsModelReco R²: 0.0100 | NightHrsTrueNee vs NightHrsModelNee R²: 0.0200
Epoch 19000 | Train Loss: 0.009691 | Val Loss: 0.009700 | Train R²: 0.5233 | Val R²: 0.5122 | NightHrsTrueNEE vs NightHrsModelReco R²: 0.0600 | NightHrsTrueNee vs NightHrsModelNee R²: 0.0700
Epoch 19500 | Train Loss: 0.009137 | Val Loss: 0.009152 | Train R²: 0.5505 | Val R²: 0.5398 | NightHrsTrueNEE vs NightHrsModelReco R²: 0.0800 | NightHrsTrueNee vs NightHrsModelNee R²: 0.0900
Epoch 20000 | Train Loss: 0.008665 | Val Loss: 0.008686 | Train R²: 0.5737 | Val R²: 0.5632 | NightHrsTrueNEE vs NightHrsModelReco R²: 0.1100 | NightHrsTrueNee vs NightHrsModelNee R²: 0.1100
Epoch 20500 | Train Loss: 0.008207 | Val Loss: 0.008228 | Train R²: 0.5963 | Val R²: 0.5862 | NightHrsTrueNEE vs NightHrsModelReco R²: 0.1400 | NightHrsTrueNee vs NightHrsModelNee R²: 0.1400
Epoch 21000 | Train Loss: 0.007736 | Val Loss: 0.007751 | Train R²: 0.6194 | Val R²: 0.6102 | NightHrsTrueNEE vs NightHrsModelReco R²: 0.1800 | NightHrsTrueNee vs NightHrsModelNee R²: 0.1800
Epoch 21500 | Train Loss: 0.007247 | Val Loss: 0.007252 | Train R²: 0.6435 | Val R²: 0.6353 | NightHrsTrueNEE vs NightHrsModelReco R²: 0.2200 | NightHrsTrueNee vs NightHrsModelNee R²: 0.2200
Epoch 22000 | Train Loss: 0.006740 | Val Loss: 0.006738 | Train R²: 0.6685 | Val R²: 0.6612 | NightHrsTrueNEE vs NightHrsModelReco R²: 0.2700 | NightHrsTrueNee vs NightHrsModelNee R²: 0.2700
Epoch 22500 | Train Loss: 0.006211 | Val Loss: 0.006208 | Train R²: 0.6944 | Val R²: 0.6878 | NightHrsTrueNEE vs NightHrsModelReco R²: 0.3100 | NightHrsTrueNee vs NightHrsModelNee R²: 0.3200
Epoch 23000 | Train Loss: 0.005667 | Val Loss: 0.005663 | Train R²: 0.7212 | Val R²: 0.7152 | NightHrsTrueNEE vs NightHrsModelReco R²: 0.3600 | NightHrsTrueNee vs NightHrsModelNee R²: 0.3700
Epoch 23500 | Train Loss: 0.005109 | Val Loss: 0.005101 | Train R²: 0.7487 | Val R²: 0.7435 | NightHrsTrueNEE vs NightHrsModelReco R²: 0.4200 | NightHrsTrueNee vs NightHrsModelNee R²: 0.4200
Epoch 24000 | Train Loss: 0.004543 | Val Loss: 0.004523 | Train R²: 0.7765 | Val R²: 0.7725 | NightHrsTrueNEE vs NightHrsModelReco R²: 0.4800 | NightHrsTrueNee vs NightHrsModelNee R²: 0.4800
Epoch 24500 | Train Loss: 0.004011 | Val Loss: 0.003975 | Train R²: 0.8027 | Val R²: 0.8001 | NightHrsTrueNEE vs NightHrsModelReco R²: 0.5300 | NightHrsTrueNee vs NightHrsModelNee R²: 0.5300
Epoch 25000 | Train Loss: 0.003562 | Val Loss: 0.003510 | Train R²: 0.8248 | Val R²: 0.8235 | NightHrsTrueNEE vs NightHrsModelReco R²: 0.5900 | NightHrsTrueNee vs NightHrsModelNee R²: 0.5900
Epoch 25500 | Train Loss: 0.003181 | Val Loss: 0.003120 | Train R²: 0.8435 | Val R²: 0.8431 | NightHrsTrueNEE vs NightHrsModelReco R²: 0.6300 | NightHrsTrueNee vs NightHrsModelNee R²: 0.6300
Epoch 26000 | Train Loss: 0.002843 | Val Loss: 0.002764 | Train R²: 0.8601 | Val R²: 0.8610 | NightHrsTrueNEE vs NightHrsModelReco R²: 0.6700 | NightHrsTrueNee vs NightHrsModelNee R²: 0.6700
Epoch 26500 | Train Loss: 0.002561 | Val Loss: 0.002465 | Train R²: 0.8740 | Val R²: 0.8760 | NightHrsTrueNEE vs NightHrsModelReco R²: 0.6900 | NightHrsTrueNee vs NightHrsModelNee R²: 0.6900
Epoch 27000 | Train Loss: 0.002345 | Val Loss: 0.002246 | Train R²: 0.8846 | Val R²: 0.8870 | NightHrsTrueNEE vs NightHrsModelReco R²: 0.7100 | NightHrsTrueNee vs NightHrsModelNee R²: 0.7100
Epoch 27500 | Train Loss: 0.002189 | Val Loss: 0.002093 | Train R²: 0.8923 | Val R²: 0.8948 | NightHrsTrueNEE vs NightHrsModelReco R²: 0.7200 | NightHrsTrueNee vs NightHrsModelNee R²: 0.7200
Epoch 28000 | Train Loss: 0.002082 | Val Loss: 0.001990 | Train R²: 0.8976 | Val R²: 0.8999 | NightHrsTrueNEE vs NightHrsModelReco R²: 0.7300 | NightHrsTrueNee vs NightHrsModelNee R²: 0.7300
Epoch 28500 | Train Loss: 0.002011 | Val Loss: 0.001926 | Train R²: 0.9010 | Val R²: 0.9032 | NightHrsTrueNEE vs NightHrsModelReco R²: 0.7400 | NightHrsTrueNee vs NightHrsModelNee R²: 0.7400
Epoch 29000 | Train Loss: 0.001962 | Val Loss: 0.001882 | Train R²: 0.9035 | Val R²: 0.9053 | NightHrsTrueNEE vs NightHrsModelReco R²: 0.7400 | NightHrsTrueNee vs NightHrsModelNee R²: 0.7400
Epoch 29500 | Train Loss: 0.001922 | Val Loss: 0.001849 | Train R²: 0.9054 | Val R²: 0.9070 | NightHrsTrueNEE vs NightHrsModelReco R²: 0.7500 | NightHrsTrueNee vs NightHrsModelNee R²: 0.7500
Epoch 30000 | Train Loss: 0.001887 | Val Loss: 0.001821 | Train R²: 0.9072 | Val R²: 0.9084 | NightHrsTrueNEE vs NightHrsModelReco R²: 0.7500 | NightHrsTrueNee vs NightHrsModelNee R²: 0.7500
Early stopping at epoch 30350 due to flat/negative trend (slope=0.000002)
Epoch 30350 | Train Loss: 0.001867 | Val Loss: 0.001805 | Train R²: 0.9082 | Val R²: 0.9092
Unpickling models
Following models have been loaded and moved to cuda:
trained gpp model:
 SNN_GPP_Tram(
  (net): Sequential(
    (0): Linear(in_features=11, out_features=12, bias=True)
    (1): Tanh()
    (2): Linear(in_features=12, out_features=1, bias=True)
    (3): Sigmoid()
  )
), trained_reco_model:
 SNN_GPP_Tram(
  (net): Sequential(
    (0): Linear(in_features=9, out_features=12, bias=True)
    (1): Tanh()
    (2): Linear(in_features=12, out_features=1, bias=True)
    (3): Sigmoid()
  )
)
using full data set for visualization
Un-normalizing the GPP and RECO predictions using NEE min: tensor([-50.4310]), NEE max: tensor([42.8991])



Metrics for the Tramontana, with
GPP inputs: ['SW_IN', 'TA', 'WTD', 'WS', 'PotRad', 'PotRadHalfHourlyDiff', 'PotRadDailyAvg', 'PotRadDailyDiff', 'WD_COS', 'WD_SIN', 'GPP_PROX']
RECO inputs: ['DOY_sin', 'DOY_cos', 'TA', 'TS_1', 'WTD', 'WS', 'WD_COS', 'WD_SIN', 'NIGHTLY_NEE_AVG']:
dt_gpp vs Tramontana_GPP R²=0.95 RMSE=1.74
nt_gpp vs Tramontana_GPP R²=0.92 RMSE=2.44
dt_reco vs Tramontana_RECO R²=0.72 RMSE=1.83
nt_reco vs Tramontana_RECO R²=0.88 RMSE=1.16
night_hours_true_nee vs Tramontana_night_hours_model_reco R²=0.75 RMSE=1.78
night_hours_true_nee vs Tramontana_night_hours_model_nee R²=0.75 RMSE=1.78
dt_gpp vs nt_gpp R²=0.90 RMSE=2.59
dt_reco vs nt_reco R²=0.77 RMSE=2.00

gpp_input_names,  ['SW_IN', 'VPD', 'WTD', 'WS', 'PotRad', 'PotRadHalfHourlyDiff', 'PotRadDailyAvg', 'PotRadDailyDiff', 'WD_COS', 'WD_SIN', 'GPP_PROX'] 
reco_input_names,  ['DOY_sin', 'DOY_cos', 'TA', 'TS_1', 'WTD', 'WS', 'WD_COS', 'WD_SIN', 'NIGHTLY_NEE_AVG'] 
true_nee_name,  ['NEE'] 

Tramontana Running on GPU With hidden layer size of 12 Total epochs: 100000 lr: 0.001 patience: 500 min_delta 0.01
SNN_GPP_Tram(
  (net): Sequential(
    (0): Linear(in_features=11, out_features=12, bias=True)
    (1): Tanh()
    (2): Linear(in_features=12, out_features=1, bias=True)
    (3): Sigmoid()
  )
)
SNN_RECO_Tram(
  (net): Sequential(
    (0): Linear(in_features=9, out_features=12, bias=True)
    (1): Tanh()
    (2): Linear(in_features=12, out_features=1, bias=True)
    (3): Sigmoid()
  )
)
Params are min slope: 2e-06, trend window: 100
Epoch     0 | Train Loss: 36846.164062 | Val Loss: 34971.914062 | Train R²: -1812589.2500 | Val R²: -1758616.0000 | NightHrsTrueNEE vs NightHrsModelReco R²: -52.1500 | NightHrsTrueNee vs NightHrsModelNee R²: -121.0600
Epoch   500 | Train Loss: 346.784943 | Val Loss: 340.920868 | Train R²: -17058.5547 | Val R²: -17142.7344 | NightHrsTrueNEE vs NightHrsModelReco R²: -143.6900 | NightHrsTrueNee vs NightHrsModelNee R²: -135.9700
Epoch  1000 | Train Loss: 83.938370 | Val Loss: 83.406311 | Train R²: -4128.2188 | Val R²: -4193.2158 | NightHrsTrueNEE vs NightHrsModelReco R²: -153.7600 | NightHrsTrueNee vs NightHrsModelNee R²: -146.3000
Epoch  1500 | Train Loss: 36.163700 | Val Loss: 36.143826 | Train R²: -1778.0177 | Val R²: -1816.5483 | NightHrsTrueNEE vs NightHrsModelReco R²: -158.0300 | NightHrsTrueNee vs NightHrsModelNee R²: -151.5000
Epoch  2000 | Train Loss: 19.345745 | Val Loss: 19.419115 | Train R²: -950.6843 | Val R²: -975.5203 | NightHrsTrueNEE vs NightHrsModelReco R²: -160.4200 | NightHrsTrueNee vs NightHrsModelNee R²: -154.6900
Epoch  2500 | Train Loss: 11.579775 | Val Loss: 11.666974 | Train R²: -568.6492 | Val R²: -585.6918 | NightHrsTrueNEE vs NightHrsModelReco R²: -161.9500 | NightHrsTrueNee vs NightHrsModelNee R²: -156.8700
Epoch  3000 | Train Loss: 7.424824 | Val Loss: 7.506461 | Train R²: -364.2528 | Val R²: -376.4740 | NightHrsTrueNEE vs NightHrsModelReco R²: -162.9800 | NightHrsTrueNee vs NightHrsModelNee R²: -158.4500
Epoch  3500 | Train Loss: 4.991726 | Val Loss: 5.063269 | Train R²: -244.5603 | Val R²: -253.6143 | NightHrsTrueNEE vs NightHrsModelReco R²: -163.7100 | NightHrsTrueNee vs NightHrsModelNee R²: -159.6300
Epoch  4000 | Train Loss: 3.480506 | Val Loss: 3.541718 | Train R²: -170.2181 | Val R²: -177.1007 | NightHrsTrueNEE vs NightHrsModelReco R²: -164.2200 | NightHrsTrueNee vs NightHrsModelNee R²: -160.5300
Epoch  4500 | Train Loss: 2.504220 | Val Loss: 2.556112 | Train R²: -122.1913 | Val R²: -127.5381 | NightHrsTrueNEE vs NightHrsModelReco R²: -164.5500 | NightHrsTrueNee vs NightHrsModelNee R²: -161.2000
Epoch  5000 | Train Loss: 1.856824 | Val Loss: 1.900695 | Train R²: -90.3436 | Val R²: -94.5794 | NightHrsTrueNEE vs NightHrsModelReco R²: -164.6900 | NightHrsTrueNee vs NightHrsModelNee R²: -161.6500
Epoch  5500 | Train Loss: 1.420242 | Val Loss: 1.457361 | Train R²: -68.8666 | Val R²: -72.2857 | NightHrsTrueNEE vs NightHrsModelReco R²: -164.5200 | NightHrsTrueNee vs NightHrsModelNee R²: -161.7400
Epoch  6000 | Train Loss: 1.121892 | Val Loss: 1.153396 | Train R²: -54.1898 | Val R²: -57.0003 | NightHrsTrueNEE vs NightHrsModelReco R²: -162.8600 | NightHrsTrueNee vs NightHrsModelNee R²: -160.3300
Epoch  6500 | Train Loss: 0.908903 | Val Loss: 0.935130 | Train R²: -43.7121 | Val R²: -46.0244 | NightHrsTrueNEE vs NightHrsModelReco R²: -150.6600 | NightHrsTrueNee vs NightHrsModelNee R²: -148.4300
Epoch  7000 | Train Loss: 0.747818 | Val Loss: 0.770157 | Train R²: -35.7878 | Val R²: -37.7285 | NightHrsTrueNEE vs NightHrsModelReco R²: -133.7800 | NightHrsTrueNee vs NightHrsModelNee R²: -131.8400
Epoch  7500 | Train Loss: 0.624448 | Val Loss: 0.643640 | Train R²: -29.7188 | Val R²: -31.3664 | NightHrsTrueNEE vs NightHrsModelReco R²: -122.2800 | NightHrsTrueNee vs NightHrsModelNee R²: -120.5300
Epoch  8000 | Train Loss: 0.524237 | Val Loss: 0.540162 | Train R²: -24.7890 | Val R²: -26.1629 | NightHrsTrueNEE vs NightHrsModelReco R²: -110.1300 | NightHrsTrueNee vs NightHrsModelNee R²: -108.5600
Epoch  8500 | Train Loss: 0.386677 | Val Loss: 0.398438 | Train R²: -18.0220 | Val R²: -19.0361 | NightHrsTrueNEE vs NightHrsModelReco R²: -80.0600 | NightHrsTrueNee vs NightHrsModelNee R²: -78.7700
Epoch  9000 | Train Loss: 0.268180 | Val Loss: 0.276000 | Train R²: -12.1927 | Val R²: -12.8791 | NightHrsTrueNEE vs NightHrsModelReco R²: -42.1600 | NightHrsTrueNee vs NightHrsModelNee R²: -41.3600
Epoch  9500 | Train Loss: 0.198512 | Val Loss: 0.204517 | Train R²: -8.7655 | Val R²: -9.2845 | NightHrsTrueNEE vs NightHrsModelReco R²: -27.8600 | NightHrsTrueNee vs NightHrsModelNee R²: -27.2900
Epoch 10000 | Train Loss: 0.147571 | Val Loss: 0.152129 | Train R²: -6.2595 | Val R²: -6.6501 | NightHrsTrueNEE vs NightHrsModelReco R²: -19.1600 | NightHrsTrueNee vs NightHrsModelNee R²: -18.7400
Epoch 10500 | Train Loss: 0.110636 | Val Loss: 0.114059 | Train R²: -4.4426 | Val R²: -4.7356 | NightHrsTrueNEE vs NightHrsModelReco R²: -13.5800 | NightHrsTrueNee vs NightHrsModelNee R²: -13.2700
Epoch 11000 | Train Loss: 0.084193 | Val Loss: 0.086739 | Train R²: -3.1418 | Val R²: -3.3618 | NightHrsTrueNEE vs NightHrsModelReco R²: -9.8800 | NightHrsTrueNee vs NightHrsModelNee R²: -9.6400
Epoch 11500 | Train Loss: 0.065334 | Val Loss: 0.067207 | Train R²: -2.2140 | Val R²: -2.3796 | NightHrsTrueNEE vs NightHrsModelReco R²: -7.3400 | NightHrsTrueNee vs NightHrsModelNee R²: -7.1600
Epoch 12000 | Train Loss: 0.051709 | Val Loss: 0.053075 | Train R²: -1.5437 | Val R²: -1.6690 | NightHrsTrueNEE vs NightHrsModelReco R²: -5.5500 | NightHrsTrueNee vs NightHrsModelNee R²: -5.4100
Epoch 12500 | Train Loss: 0.041617 | Val Loss: 0.042605 | Train R²: -1.0473 | Val R²: -1.1425 | NightHrsTrueNEE vs NightHrsModelReco R²: -4.2500 | NightHrsTrueNee vs NightHrsModelNee R²: -4.1400
Epoch 13000 | Train Loss: 0.033981 | Val Loss: 0.034692 | Train R²: -0.6716 | Val R²: -0.7445 | NightHrsTrueNEE vs NightHrsModelReco R²: -3.2700 | NightHrsTrueNee vs NightHrsModelNee R²: -3.1900
Epoch 13500 | Train Loss: 0.028139 | Val Loss: 0.028651 | Train R²: -0.3843 | Val R²: -0.4408 | NightHrsTrueNEE vs NightHrsModelReco R²: -2.5200 | NightHrsTrueNee vs NightHrsModelNee R²: -2.4500
Epoch 14000 | Train Loss: 0.023656 | Val Loss: 0.024025 | Train R²: -0.1637 | Val R²: -0.2081 | NightHrsTrueNEE vs NightHrsModelReco R²: -1.9400 | NightHrsTrueNee vs NightHrsModelNee R²: -1.8900
Epoch 14500 | Train Loss: 0.020212 | Val Loss: 0.020483 | Train R²: 0.0057 | Val R²: -0.0300 | NightHrsTrueNEE vs NightHrsModelReco R²: -1.4900 | NightHrsTrueNee vs NightHrsModelNee R²: -1.4500
Epoch 15000 | Train Loss: 0.017590 | Val Loss: 0.017798 | Train R²: 0.1347 | Val R²: 0.1050 | NightHrsTrueNEE vs NightHrsModelReco R²: -1.1500 | NightHrsTrueNee vs NightHrsModelNee R²: -1.1200
Epoch 15500 | Train Loss: 0.015654 | Val Loss: 0.015816 | Train R²: 0.2299 | Val R²: 0.2047 | NightHrsTrueNEE vs NightHrsModelReco R²: -0.8800 | NightHrsTrueNee vs NightHrsModelNee R²: -0.8600
Epoch 16000 | Train Loss: 0.014227 | Val Loss: 0.014348 | Train R²: 0.3001 | Val R²: 0.2785 | NightHrsTrueNEE vs NightHrsModelReco R²: -0.6800 | NightHrsTrueNee vs NightHrsModelNee R²: -0.6600
Epoch 16500 | Train Loss: 0.013142 | Val Loss: 0.013231 | Train R²: 0.3535 | Val R²: 0.3347 | NightHrsTrueNEE vs NightHrsModelReco R²: -0.5100 | NightHrsTrueNee vs NightHrsModelNee R²: -0.4900
Epoch 17000 | Train Loss: 0.012266 | Val Loss: 0.012336 | Train R²: 0.3966 | Val R²: 0.3797 | NightHrsTrueNEE vs NightHrsModelReco R²: -0.3600 | NightHrsTrueNee vs NightHrsModelNee R²: -0.3500
Epoch 17500 | Train Loss: 0.011505 | Val Loss: 0.011560 | Train R²: 0.4340 | Val R²: 0.4187 | NightHrsTrueNEE vs NightHrsModelReco R²: -0.2200 | NightHrsTrueNee vs NightHrsModelNee R²: -0.2100
Epoch 18000 | Train Loss: 0.010803 | Val Loss: 0.010838 | Train R²: 0.4686 | Val R²: 0.4550 | NightHrsTrueNEE vs NightHrsModelReco R²: -0.0900 | NightHrsTrueNee vs NightHrsModelNee R²: -0.0800
Epoch 18500 | Train Loss: 0.010155 | Val Loss: 0.010162 | Train R²: 0.5005 | Val R²: 0.4890 | NightHrsTrueNEE vs NightHrsModelReco R²: 0.0000 | NightHrsTrueNee vs NightHrsModelNee R²: 0.0100
Epoch 19000 | Train Loss: 0.009568 | Val Loss: 0.009556 | Train R²: 0.5293 | Val R²: 0.5194 | NightHrsTrueNEE vs NightHrsModelReco R²: 0.0600 | NightHrsTrueNee vs NightHrsModelNee R²: 0.0700
Epoch 19500 | Train Loss: 0.009041 | Val Loss: 0.009033 | Train R²: 0.5552 | Val R²: 0.5458 | NightHrsTrueNEE vs NightHrsModelReco R²: 0.1000 | NightHrsTrueNee vs NightHrsModelNee R²: 0.1100
Epoch 20000 | Train Loss: 0.008555 | Val Loss: 0.008562 | Train R²: 0.5792 | Val R²: 0.5694 | NightHrsTrueNEE vs NightHrsModelReco R²: 0.1300 | NightHrsTrueNee vs NightHrsModelNee R²: 0.1400
Epoch 20500 | Train Loss: 0.008083 | Val Loss: 0.008108 | Train R²: 0.6024 | Val R²: 0.5923 | NightHrsTrueNEE vs NightHrsModelReco R²: 0.1600 | NightHrsTrueNee vs NightHrsModelNee R²: 0.1600
Epoch 21000 | Train Loss: 0.007606 | Val Loss: 0.007640 | Train R²: 0.6258 | Val R²: 0.6158 | NightHrsTrueNEE vs NightHrsModelReco R²: 0.1900 | NightHrsTrueNee vs NightHrsModelNee R²: 0.1900
Epoch 21500 | Train Loss: 0.007114 | Val Loss: 0.007153 | Train R²: 0.6500 | Val R²: 0.6403 | NightHrsTrueNEE vs NightHrsModelReco R²: 0.2200 | NightHrsTrueNee vs NightHrsModelNee R²: 0.2300
Epoch 22000 | Train Loss: 0.006613 | Val Loss: 0.006657 | Train R²: 0.6747 | Val R²: 0.6652 | NightHrsTrueNEE vs NightHrsModelReco R²: 0.2600 | NightHrsTrueNee vs NightHrsModelNee R²: 0.2600
Epoch 22500 | Train Loss: 0.006106 | Val Loss: 0.006148 | Train R²: 0.6996 | Val R²: 0.6908 | NightHrsTrueNEE vs NightHrsModelReco R²: 0.3000 | NightHrsTrueNee vs NightHrsModelNee R²: 0.3100
Epoch 23000 | Train Loss: 0.005583 | Val Loss: 0.005616 | Train R²: 0.7254 | Val R²: 0.7176 | NightHrsTrueNEE vs NightHrsModelReco R²: 0.3500 | NightHrsTrueNee vs NightHrsModelNee R²: 0.3500
Epoch 23500 | Train Loss: 0.005030 | Val Loss: 0.005048 | Train R²: 0.7526 | Val R²: 0.7462 | NightHrsTrueNEE vs NightHrsModelReco R²: 0.4100 | NightHrsTrueNee vs NightHrsModelNee R²: 0.4100
Epoch 24000 | Train Loss: 0.004437 | Val Loss: 0.004435 | Train R²: 0.7817 | Val R²: 0.7770 | NightHrsTrueNEE vs NightHrsModelReco R²: 0.4700 | NightHrsTrueNee vs NightHrsModelNee R²: 0.4700
Epoch 24500 | Train Loss: 0.003841 | Val Loss: 0.003817 | Train R²: 0.8111 | Val R²: 0.8080 | NightHrsTrueNEE vs NightHrsModelReco R²: 0.5400 | NightHrsTrueNee vs NightHrsModelNee R²: 0.5400
Epoch 25000 | Train Loss: 0.003339 | Val Loss: 0.003294 | Train R²: 0.8357 | Val R²: 0.8344 | NightHrsTrueNEE vs NightHrsModelReco R²: 0.6000 | NightHrsTrueNee vs NightHrsModelNee R²: 0.6000
Epoch 25500 | Train Loss: 0.002975 | Val Loss: 0.002910 | Train R²: 0.8537 | Val R²: 0.8537 | NightHrsTrueNEE vs NightHrsModelReco R²: 0.6400 | NightHrsTrueNee vs NightHrsModelNee R²: 0.6400
Epoch 26000 | Train Loss: 0.002719 | Val Loss: 0.002649 | Train R²: 0.8662 | Val R²: 0.8668 | NightHrsTrueNEE vs NightHrsModelReco R²: 0.6600 | NightHrsTrueNee vs NightHrsModelNee R²: 0.6600
Epoch 26500 | Train Loss: 0.002543 | Val Loss: 0.002473 | Train R²: 0.8749 | Val R²: 0.8756 | NightHrsTrueNEE vs NightHrsModelReco R²: 0.6800 | NightHrsTrueNee vs NightHrsModelNee R²: 0.6800
Epoch 27000 | Train Loss: 0.002404 | Val Loss: 0.002335 | Train R²: 0.8817 | Val R²: 0.8826 | NightHrsTrueNEE vs NightHrsModelReco R²: 0.6900 | NightHrsTrueNee vs NightHrsModelNee R²: 0.6800
Epoch 27500 | Train Loss: 0.002287 | Val Loss: 0.002221 | Train R²: 0.8875 | Val R²: 0.8883 | NightHrsTrueNEE vs NightHrsModelReco R²: 0.6900 | NightHrsTrueNee vs NightHrsModelNee R²: 0.6900
Epoch 28000 | Train Loss: 0.002190 | Val Loss: 0.002127 | Train R²: 0.8923 | Val R²: 0.8931 | NightHrsTrueNEE vs NightHrsModelReco R²: 0.7000 | NightHrsTrueNee vs NightHrsModelNee R²: 0.7000
Epoch 28500 | Train Loss: 0.002110 | Val Loss: 0.002047 | Train R²: 0.8962 | Val R²: 0.8971 | NightHrsTrueNEE vs NightHrsModelReco R²: 0.7100 | NightHrsTrueNee vs NightHrsModelNee R²: 0.7100
Epoch 29000 | Train Loss: 0.002041 | Val Loss: 0.001977 | Train R²: 0.8996 | Val R²: 0.9006 | NightHrsTrueNEE vs NightHrsModelReco R²: 0.7200 | NightHrsTrueNee vs NightHrsModelNee R²: 0.7200
Epoch 29500 | Train Loss: 0.001980 | Val Loss: 0.001916 | Train R²: 0.9026 | Val R²: 0.9036 | NightHrsTrueNEE vs NightHrsModelReco R²: 0.7300 | NightHrsTrueNee vs NightHrsModelNee R²: 0.7300
Epoch 30000 | Train Loss: 0.001929 | Val Loss: 0.001866 | Train R²: 0.9051 | Val R²: 0.9062 | NightHrsTrueNEE vs NightHrsModelReco R²: 0.7300 | NightHrsTrueNee vs NightHrsModelNee R²: 0.7300
Epoch 30500 | Train Loss: 0.001889 | Val Loss: 0.001828 | Train R²: 0.9071 | Val R²: 0.9081 | NightHrsTrueNEE vs NightHrsModelReco R²: 0.7400 | NightHrsTrueNee vs NightHrsModelNee R²: 0.7400
Epoch 31000 | Train Loss: 0.001858 | Val Loss: 0.001800 | Train R²: 0.9086 | Val R²: 0.9095 | NightHrsTrueNEE vs NightHrsModelReco R²: 0.7400 | NightHrsTrueNee vs NightHrsModelNee R²: 0.7400
Early stopping at epoch 31329 due to flat/negative trend (slope=0.000002)
Epoch 31329 | Train Loss: 0.001843 | Val Loss: 0.001786 | Train R²: 0.9094 | Val R²: 0.9102
Unpickling models
Following models have been loaded and moved to cuda:
trained gpp model:
 SNN_GPP_Tram(
  (net): Sequential(
    (0): Linear(in_features=11, out_features=12, bias=True)
    (1): Tanh()
    (2): Linear(in_features=12, out_features=1, bias=True)
    (3): Sigmoid()
  )
), trained_reco_model:
 SNN_GPP_Tram(
  (net): Sequential(
    (0): Linear(in_features=9, out_features=12, bias=True)
    (1): Tanh()
    (2): Linear(in_features=12, out_features=1, bias=True)
    (3): Sigmoid()
  )
)
using full data set for visualization
Un-normalizing the GPP and RECO predictions using NEE min: tensor([-50.4310]), NEE max: tensor([42.8991])



Metrics for the Tramontana, with
GPP inputs: ['SW_IN', 'VPD', 'WTD', 'WS', 'PotRad', 'PotRadHalfHourlyDiff', 'PotRadDailyAvg', 'PotRadDailyDiff', 'WD_COS', 'WD_SIN', 'GPP_PROX']
RECO inputs: ['DOY_sin', 'DOY_cos', 'TA', 'TS_1', 'WTD', 'WS', 'WD_COS', 'WD_SIN', 'NIGHTLY_NEE_AVG']:
dt_gpp vs Tramontana_GPP R²=0.95 RMSE=1.74
nt_gpp vs Tramontana_GPP R²=0.91 RMSE=2.52
dt_reco vs Tramontana_RECO R²=0.67 RMSE=1.99
nt_reco vs Tramontana_RECO R²=0.84 RMSE=1.33
night_hours_true_nee vs Tramontana_night_hours_model_reco R²=0.75 RMSE=1.80
night_hours_true_nee vs Tramontana_night_hours_model_nee R²=0.75 RMSE=1.80
dt_gpp vs nt_gpp R²=0.90 RMSE=2.59
dt_reco vs nt_reco R²=0.77 RMSE=2.00

gpp_input_names,  ['SW_IN', 'VPD', 'TA', 'WS', 'PotRad', 'PotRadHalfHourlyDiff', 'PotRadDailyAvg', 'PotRadDailyDiff', 'WD_COS', 'WD_SIN', 'GPP_PROX'] 
reco_input_names,  ['DOY_sin', 'DOY_cos', 'TA', 'TS_1', 'WTD', 'WS', 'WD_COS', 'WD_SIN', 'NIGHTLY_NEE_AVG'] 
true_nee_name,  ['NEE'] 

Tramontana Running on GPU With hidden layer size of 12 Total epochs: 100000 lr: 0.001 patience: 500 min_delta 0.01
SNN_GPP_Tram(
  (net): Sequential(
    (0): Linear(in_features=11, out_features=12, bias=True)
    (1): Tanh()
    (2): Linear(in_features=12, out_features=1, bias=True)
    (3): Sigmoid()
  )
)
SNN_RECO_Tram(
  (net): Sequential(
    (0): Linear(in_features=9, out_features=12, bias=True)
    (1): Tanh()
    (2): Linear(in_features=12, out_features=1, bias=True)
    (3): Sigmoid()
  )
)
Params are min slope: 2e-06, trend window: 100
Epoch     0 | Train Loss: 37023.082031 | Val Loss: 35138.816406 | Train R²: -1821292.6250 | Val R²: -1767008.8750 | NightHrsTrueNEE vs NightHrsModelReco R²: -52.1500 | NightHrsTrueNee vs NightHrsModelNee R²: -120.8000
Epoch   500 | Train Loss: 381.380432 | Val Loss: 375.753448 | Train R²: -18760.4219 | Val R²: -18894.3457 | NightHrsTrueNEE vs NightHrsModelReco R²: -144.1200 | NightHrsTrueNee vs NightHrsModelNee R²: -136.3500
Epoch  1000 | Train Loss: 96.143509 | Val Loss: 95.808983 | Train R²: -4728.6323 | Val R²: -4816.9028 | NightHrsTrueNEE vs NightHrsModelReco R²: -154.4400 | NightHrsTrueNee vs NightHrsModelNee R²: -146.9000
Epoch  1500 | Train Loss: 42.070580 | Val Loss: 42.170914 | Train R²: -2068.5974 | Val R²: -2119.6299 | NightHrsTrueNEE vs NightHrsModelReco R²: -158.7000 | NightHrsTrueNee vs NightHrsModelNee R²: -152.1100
Epoch  2000 | Train Loss: 22.701839 | Val Loss: 22.851665 | Train R²: -1115.7820 | Val R²: -1148.1315 | NightHrsTrueNEE vs NightHrsModelReco R²: -161.0400 | NightHrsTrueNee vs NightHrsModelNee R²: -155.2800
Epoch  2500 | Train Loss: 13.662254 | Val Loss: 13.800381 | Train R²: -671.0936 | Val R²: -692.9736 | NightHrsTrueNEE vs NightHrsModelReco R²: -162.5100 | NightHrsTrueNee vs NightHrsModelNee R²: -157.4300
Epoch  3000 | Train Loss: 8.787642 | Val Loss: 8.904330 | Train R²: -431.2945 | Val R²: -446.7681 | NightHrsTrueNEE vs NightHrsModelReco R²: -163.5000 | NightHrsTrueNee vs NightHrsModelNee R²: -158.9800
Epoch  3500 | Train Loss: 5.914315 | Val Loss: 6.010513 | Train R²: -289.9456 | Val R²: -301.2480 | NightHrsTrueNEE vs NightHrsModelReco R²: -164.2000 | NightHrsTrueNee vs NightHrsModelNee R²: -160.1500
Epoch  4000 | Train Loss: 4.118996 | Val Loss: 4.197776 | Train R²: -201.6277 | Val R²: -210.0916 | NightHrsTrueNEE vs NightHrsModelReco R²: -164.6900 | NightHrsTrueNee vs NightHrsModelNee R²: -161.0400
Epoch  4500 | Train Loss: 2.952428 | Val Loss: 3.016917 | Train R²: -144.2401 | Val R²: -150.7104 | NightHrsTrueNEE vs NightHrsModelReco R²: -165.0200 | NightHrsTrueNee vs NightHrsModelNee R²: -161.7200
Epoch  5000 | Train Loss: 2.174255 | Val Loss: 2.227159 | Train R²: -105.9591 | Val R²: -110.9961 | NightHrsTrueNEE vs NightHrsModelReco R²: -165.2000 | NightHrsTrueNee vs NightHrsModelNee R²: -162.2100
Epoch  5500 | Train Loss: 1.646273 | Val Loss: 1.689827 | Train R²: -79.9859 | Val R²: -83.9756 | NightHrsTrueNEE vs NightHrsModelReco R²: -165.1800 | NightHrsTrueNee vs NightHrsModelNee R²: -162.4500
Epoch  6000 | Train Loss: 1.284139 | Val Loss: 1.320199 | Train R²: -62.1712 | Val R²: -65.3883 | NightHrsTrueNEE vs NightHrsModelReco R²: -164.5900 | NightHrsTrueNee vs NightHrsModelNee R²: -162.1100
Epoch  6500 | Train Loss: 1.029582 | Val Loss: 1.059897 | Train R²: -49.6487 | Val R²: -52.2986 | NightHrsTrueNEE vs NightHrsModelReco R²: -157.9300 | NightHrsTrueNee vs NightHrsModelNee R²: -155.7000
Epoch  7000 | Train Loss: 0.845864 | Val Loss: 0.870292 | Train R²: -40.6110 | Val R²: -42.7640 | NightHrsTrueNEE vs NightHrsModelReco R²: -146.6600 | NightHrsTrueNee vs NightHrsModelNee R²: -144.6800
Epoch  7500 | Train Loss: 0.700367 | Val Loss: 0.721270 | Train R²: -33.4535 | Val R²: -35.2702 | NightHrsTrueNEE vs NightHrsModelReco R²: -128.9500 | NightHrsTrueNee vs NightHrsModelNee R²: -127.2200
Epoch  8000 | Train Loss: 0.587645 | Val Loss: 0.604870 | Train R²: -27.9083 | Val R²: -29.4168 | NightHrsTrueNEE vs NightHrsModelReco R²: -117.0100 | NightHrsTrueNee vs NightHrsModelNee R²: -115.4600
Epoch  8500 | Train Loss: 0.478741 | Val Loss: 0.491860 | Train R²: -22.5509 | Val R²: -23.7339 | NightHrsTrueNEE vs NightHrsModelReco R²: -99.4600 | NightHrsTrueNee vs NightHrsModelNee R²: -98.1100
Epoch  9000 | Train Loss: 0.321693 | Val Loss: 0.330369 | Train R²: -14.8252 | Val R²: -15.6131 | NightHrsTrueNEE vs NightHrsModelReco R²: -53.0300 | NightHrsTrueNee vs NightHrsModelNee R²: -52.1600
Epoch  9500 | Train Loss: 0.235593 | Val Loss: 0.242583 | Train R²: -10.5896 | Val R²: -11.1987 | NightHrsTrueNEE vs NightHrsModelReco R²: -32.5400 | NightHrsTrueNee vs NightHrsModelNee R²: -31.9600
Epoch 10000 | Train Loss: 0.173870 | Val Loss: 0.179325 | Train R²: -7.5533 | Val R²: -8.0176 | NightHrsTrueNEE vs NightHrsModelReco R²: -21.8900 | NightHrsTrueNee vs NightHrsModelNee R²: -21.4700
Epoch 10500 | Train Loss: 0.129231 | Val Loss: 0.133398 | Train R²: -5.3573 | Val R²: -5.7081 | NightHrsTrueNEE vs NightHrsModelReco R²: -15.4200 | NightHrsTrueNee vs NightHrsModelNee R²: -15.1100
Epoch 11000 | Train Loss: 0.097325 | Val Loss: 0.100468 | Train R²: -3.7877 | Val R²: -4.0522 | NightHrsTrueNEE vs NightHrsModelReco R²: -11.1700 | NightHrsTrueNee vs NightHrsModelNee R²: -10.9300
Epoch 11500 | Train Loss: 0.074619 | Val Loss: 0.076968 | Train R²: -2.6708 | Val R²: -2.8705 | NightHrsTrueNEE vs NightHrsModelReco R²: -8.2600 | NightHrsTrueNee vs NightHrsModelNee R²: -8.0800
Epoch 12000 | Train Loss: 0.058331 | Val Loss: 0.060067 | Train R²: -1.8695 | Val R²: -2.0205 | NightHrsTrueNEE vs NightHrsModelReco R²: -6.2100 | NightHrsTrueNee vs NightHrsModelNee R²: -6.0700
Epoch 12500 | Train Loss: 0.046400 | Val Loss: 0.047671 | Train R²: -1.2826 | Val R²: -1.3972 | NightHrsTrueNEE vs NightHrsModelReco R²: -4.7400 | NightHrsTrueNee vs NightHrsModelNee R²: -4.6300
Epoch 13000 | Train Loss: 0.037469 | Val Loss: 0.038395 | Train R²: -0.8432 | Val R²: -0.9307 | NightHrsTrueNEE vs NightHrsModelReco R²: -3.6400 | NightHrsTrueNee vs NightHrsModelNee R²: -3.5600
Epoch 13500 | Train Loss: 0.030709 | Val Loss: 0.031384 | Train R²: -0.5107 | Val R²: -0.5782 | NightHrsTrueNEE vs NightHrsModelReco R²: -2.8100 | NightHrsTrueNee vs NightHrsModelNee R²: -2.7400
Epoch 14000 | Train Loss: 0.025584 | Val Loss: 0.026074 | Train R²: -0.2585 | Val R²: -0.3112 | NightHrsTrueNEE vs NightHrsModelReco R²: -2.1700 | NightHrsTrueNee vs NightHrsModelNee R²: -2.1200
Epoch 14500 | Train Loss: 0.021703 | Val Loss: 0.022057 | Train R²: -0.0676 | Val R²: -0.1092 | NightHrsTrueNEE vs NightHrsModelReco R²: -1.6700 | NightHrsTrueNee vs NightHrsModelNee R²: -1.6300
Epoch 15000 | Train Loss: 0.018785 | Val Loss: 0.019044 | Train R²: 0.0759 | Val R²: 0.0424 | NightHrsTrueNEE vs NightHrsModelReco R²: -1.3000 | NightHrsTrueNee vs NightHrsModelNee R²: -1.2600
Epoch 15500 | Train Loss: 0.016616 | Val Loss: 0.016812 | Train R²: 0.1826 | Val R²: 0.1546 | NightHrsTrueNEE vs NightHrsModelReco R²: -1.0200 | NightHrsTrueNee vs NightHrsModelNee R²: -0.9900
Epoch 16000 | Train Loss: 0.015004 | Val Loss: 0.015157 | Train R²: 0.2619 | Val R²: 0.2378 | NightHrsTrueNEE vs NightHrsModelReco R²: -0.8100 | NightHrsTrueNee vs NightHrsModelNee R²: -0.7900
Epoch 16500 | Train Loss: 0.013775 | Val Loss: 0.013897 | Train R²: 0.3224 | Val R²: 0.3012 | NightHrsTrueNEE vs NightHrsModelReco R²: -0.6400 | NightHrsTrueNee vs NightHrsModelNee R²: -0.6200
Epoch 17000 | Train Loss: 0.012733 | Val Loss: 0.012831 | Train R²: 0.3736 | Val R²: 0.3548 | NightHrsTrueNEE vs NightHrsModelReco R²: -0.4700 | NightHrsTrueNee vs NightHrsModelNee R²: -0.4500
Epoch 17500 | Train Loss: 0.011778 | Val Loss: 0.011856 | Train R²: 0.4206 | Val R²: 0.4038 | NightHrsTrueNEE vs NightHrsModelReco R²: -0.2900 | NightHrsTrueNee vs NightHrsModelNee R²: -0.2800
Epoch 18000 | Train Loss: 0.010967 | Val Loss: 0.011017 | Train R²: 0.4605 | Val R²: 0.4460 | NightHrsTrueNEE vs NightHrsModelReco R²: -0.1400 | NightHrsTrueNee vs NightHrsModelNee R²: -0.1300
Epoch 18500 | Train Loss: 0.010278 | Val Loss: 0.010312 | Train R²: 0.4944 | Val R²: 0.4815 | NightHrsTrueNEE vs NightHrsModelReco R²: -0.0400 | NightHrsTrueNee vs NightHrsModelNee R²: -0.0300
Epoch 19000 | Train Loss: 0.009657 | Val Loss: 0.009686 | Train R²: 0.5250 | Val R²: 0.5129 | NightHrsTrueNEE vs NightHrsModelReco R²: 0.0200 | NightHrsTrueNee vs NightHrsModelNee R²: 0.0300
Epoch 19500 | Train Loss: 0.009073 | Val Loss: 0.009111 | Train R²: 0.5537 | Val R²: 0.5418 | NightHrsTrueNEE vs NightHrsModelReco R²: 0.0600 | NightHrsTrueNee vs NightHrsModelNee R²: 0.0700
Epoch 20000 | Train Loss: 0.008507 | Val Loss: 0.008556 | Train R²: 0.5815 | Val R²: 0.5698 | NightHrsTrueNEE vs NightHrsModelReco R²: 0.1000 | NightHrsTrueNee vs NightHrsModelNee R²: 0.1100
Epoch 20500 | Train Loss: 0.007929 | Val Loss: 0.007991 | Train R²: 0.6099 | Val R²: 0.5982 | NightHrsTrueNEE vs NightHrsModelReco R²: 0.1400 | NightHrsTrueNee vs NightHrsModelNee R²: 0.1500
Epoch 21000 | Train Loss: 0.007341 | Val Loss: 0.007417 | Train R²: 0.6389 | Val R²: 0.6270 | NightHrsTrueNEE vs NightHrsModelReco R²: 0.1800 | NightHrsTrueNee vs NightHrsModelNee R²: 0.1900
Epoch 21500 | Train Loss: 0.006746 | Val Loss: 0.006831 | Train R²: 0.6682 | Val R²: 0.6565 | NightHrsTrueNEE vs NightHrsModelReco R²: 0.2300 | NightHrsTrueNee vs NightHrsModelNee R²: 0.2400
Epoch 22000 | Train Loss: 0.006131 | Val Loss: 0.006217 | Train R²: 0.6984 | Val R²: 0.6874 | NightHrsTrueNEE vs NightHrsModelReco R²: 0.2900 | NightHrsTrueNee vs NightHrsModelNee R²: 0.2900
Epoch 22500 | Train Loss: 0.005529 | Val Loss: 0.005602 | Train R²: 0.7280 | Val R²: 0.7183 | NightHrsTrueNEE vs NightHrsModelReco R²: 0.3400 | NightHrsTrueNee vs NightHrsModelNee R²: 0.3500
Epoch 23000 | Train Loss: 0.004954 | Val Loss: 0.005003 | Train R²: 0.7563 | Val R²: 0.7484 | NightHrsTrueNEE vs NightHrsModelReco R²: 0.4000 | NightHrsTrueNee vs NightHrsModelNee R²: 0.4100
Epoch 23500 | Train Loss: 0.004419 | Val Loss: 0.004453 | Train R²: 0.7826 | Val R²: 0.7761 | NightHrsTrueNEE vs NightHrsModelReco R²: 0.4600 | NightHrsTrueNee vs NightHrsModelNee R²: 0.4600
Epoch 24000 | Train Loss: 0.003923 | Val Loss: 0.003940 | Train R²: 0.8070 | Val R²: 0.8019 | NightHrsTrueNEE vs NightHrsModelReco R²: 0.5100 | NightHrsTrueNee vs NightHrsModelNee R²: 0.5200
Epoch 24500 | Train Loss: 0.003459 | Val Loss: 0.003457 | Train R²: 0.8298 | Val R²: 0.8262 | NightHrsTrueNEE vs NightHrsModelReco R²: 0.5700 | NightHrsTrueNee vs NightHrsModelNee R²: 0.5700
Epoch 25000 | Train Loss: 0.003026 | Val Loss: 0.002999 | Train R²: 0.8512 | Val R²: 0.8492 | NightHrsTrueNEE vs NightHrsModelReco R²: 0.6200 | NightHrsTrueNee vs NightHrsModelNee R²: 0.6200
Epoch 25500 | Train Loss: 0.002640 | Val Loss: 0.002587 | Train R²: 0.8701 | Val R²: 0.8699 | NightHrsTrueNEE vs NightHrsModelReco R²: 0.6600 | NightHrsTrueNee vs NightHrsModelNee R²: 0.6600
Epoch 26000 | Train Loss: 0.002347 | Val Loss: 0.002282 | Train R²: 0.8845 | Val R²: 0.8852 | NightHrsTrueNEE vs NightHrsModelReco R²: 0.7000 | NightHrsTrueNee vs NightHrsModelNee R²: 0.7000
Epoch 26500 | Train Loss: 0.002168 | Val Loss: 0.002100 | Train R²: 0.8933 | Val R²: 0.8944 | NightHrsTrueNEE vs NightHrsModelReco R²: 0.7200 | NightHrsTrueNee vs NightHrsModelNee R²: 0.7100
Epoch 27000 | Train Loss: 0.002053 | Val Loss: 0.001983 | Train R²: 0.8990 | Val R²: 0.9003 | NightHrsTrueNEE vs NightHrsModelReco R²: 0.7200 | NightHrsTrueNee vs NightHrsModelNee R²: 0.7200
Epoch 27500 | Train Loss: 0.001972 | Val Loss: 0.001903 | Train R²: 0.9030 | Val R²: 0.9043 | NightHrsTrueNEE vs NightHrsModelReco R²: 0.7300 | NightHrsTrueNee vs NightHrsModelNee R²: 0.7300
Epoch 28000 | Train Loss: 0.001914 | Val Loss: 0.001848 | Train R²: 0.9058 | Val R²: 0.9071 | NightHrsTrueNEE vs NightHrsModelReco R²: 0.7300 | NightHrsTrueNee vs NightHrsModelNee R²: 0.7300
Epoch 28500 | Train Loss: 0.001874 | Val Loss: 0.001810 | Train R²: 0.9078 | Val R²: 0.9090 | NightHrsTrueNEE vs NightHrsModelReco R²: 0.7400 | NightHrsTrueNee vs NightHrsModelNee R²: 0.7400
Epoch 29000 | Train Loss: 0.001845 | Val Loss: 0.001783 | Train R²: 0.9093 | Val R²: 0.9103 | NightHrsTrueNEE vs NightHrsModelReco R²: 0.7400 | NightHrsTrueNee vs NightHrsModelNee R²: 0.7400
Early stopping at epoch 29249 due to flat/negative trend (slope=0.000002)
Epoch 29249 | Train Loss: 0.001834 | Val Loss: 0.001773 | Train R²: 0.9098 | Val R²: 0.9108
Unpickling models
Following models have been loaded and moved to cuda:
trained gpp model:
 SNN_GPP_Tram(
  (net): Sequential(
    (0): Linear(in_features=11, out_features=12, bias=True)
    (1): Tanh()
    (2): Linear(in_features=12, out_features=1, bias=True)
    (3): Sigmoid()
  )
), trained_reco_model:
 SNN_GPP_Tram(
  (net): Sequential(
    (0): Linear(in_features=9, out_features=12, bias=True)
    (1): Tanh()
    (2): Linear(in_features=12, out_features=1, bias=True)
    (3): Sigmoid()
  )
)
using full data set for visualization
Un-normalizing the GPP and RECO predictions using NEE min: tensor([-50.4310]), NEE max: tensor([42.8991])



Metrics for the Tramontana, with
GPP inputs: ['SW_IN', 'VPD', 'TA', 'WS', 'PotRad', 'PotRadHalfHourlyDiff', 'PotRadDailyAvg', 'PotRadDailyDiff', 'WD_COS', 'WD_SIN', 'GPP_PROX']
RECO inputs: ['DOY_sin', 'DOY_cos', 'TA', 'TS_1', 'WTD', 'WS', 'WD_COS', 'WD_SIN', 'NIGHTLY_NEE_AVG']:
dt_gpp vs Tramontana_GPP R²=0.96 RMSE=1.71
nt_gpp vs Tramontana_GPP R²=0.91 RMSE=2.51
dt_reco vs Tramontana_RECO R²=0.68 RMSE=1.96
nt_reco vs Tramontana_RECO R²=0.84 RMSE=1.34
night_hours_true_nee vs Tramontana_night_hours_model_reco R²=0.75 RMSE=1.80
night_hours_true_nee vs Tramontana_night_hours_model_nee R²=0.75 RMSE=1.80
dt_gpp vs nt_gpp R²=0.90 RMSE=2.59
dt_reco vs nt_reco R²=0.77 RMSE=2.00

gpp_input_names,  ['SW_IN', 'VPD', 'TA', 'WTD', 'PotRad', 'PotRadHalfHourlyDiff', 'PotRadDailyAvg', 'PotRadDailyDiff', 'WD_COS', 'WD_SIN', 'GPP_PROX'] 
reco_input_names,  ['DOY_sin', 'DOY_cos', 'TA', 'TS_1', 'WTD', 'WS', 'WD_COS', 'WD_SIN', 'NIGHTLY_NEE_AVG'] 
true_nee_name,  ['NEE'] 

Tramontana Running on GPU With hidden layer size of 12 Total epochs: 100000 lr: 0.001 patience: 500 min_delta 0.01
SNN_GPP_Tram(
  (net): Sequential(
    (0): Linear(in_features=11, out_features=12, bias=True)
    (1): Tanh()
    (2): Linear(in_features=12, out_features=1, bias=True)
    (3): Sigmoid()
  )
)
SNN_RECO_Tram(
  (net): Sequential(
    (0): Linear(in_features=9, out_features=12, bias=True)
    (1): Tanh()
    (2): Linear(in_features=12, out_features=1, bias=True)
    (3): Sigmoid()
  )
)
Params are min slope: 2e-06, trend window: 100
Epoch     0 | Train Loss: 37588.964844 | Val Loss: 35727.031250 | Train R²: -1849130.2500 | Val R²: -1796588.0000 | NightHrsTrueNEE vs NightHrsModelReco R²: -52.1500 | NightHrsTrueNee vs NightHrsModelNee R²: -124.6800
Epoch   500 | Train Loss: 378.561066 | Val Loss: 371.995453 | Train R²: -18621.7285 | Val R²: -18705.3672 | NightHrsTrueNEE vs NightHrsModelReco R²: -143.9100 | NightHrsTrueNee vs NightHrsModelNee R²: -136.2100
Epoch  1000 | Train Loss: 95.085831 | Val Loss: 94.556587 | Train R²: -4676.6011 | Val R²: -4753.9243 | NightHrsTrueNEE vs NightHrsModelReco R²: -154.3200 | NightHrsTrueNee vs NightHrsModelNee R²: -146.9800
Epoch  1500 | Train Loss: 41.510593 | Val Loss: 41.566837 | Train R²: -2041.0499 | Val R²: -2089.2529 | NightHrsTrueNEE vs NightHrsModelReco R²: -158.6500 | NightHrsTrueNee vs NightHrsModelNee R²: -152.2800
Epoch  2000 | Train Loss: 22.357363 | Val Loss: 22.507076 | Train R²: -1098.8361 | Val R²: -1130.8032 | NightHrsTrueNEE vs NightHrsModelReco R²: -161.0400 | NightHrsTrueNee vs NightHrsModelNee R²: -155.4800
Epoch  2500 | Train Loss: 13.434515 | Val Loss: 13.586928 | Train R²: -659.8903 | Val R²: -682.2397 | NightHrsTrueNEE vs NightHrsModelReco R²: -162.5400 | NightHrsTrueNee vs NightHrsModelNee R²: -157.6400
Epoch  3000 | Train Loss: 8.631634 | Val Loss: 8.766839 | Train R²: -423.6200 | Val R²: -439.8541 | NightHrsTrueNEE vs NightHrsModelReco R²: -163.5500 | NightHrsTrueNee vs NightHrsModelNee R²: -159.2000
Epoch  3500 | Train Loss: 5.805882 | Val Loss: 5.920933 | Train R²: -284.6114 | Val R²: -296.7433 | NightHrsTrueNEE vs NightHrsModelReco R²: -164.2700 | NightHrsTrueNee vs NightHrsModelNee R²: -160.3600
Epoch  4000 | Train Loss: 4.043668 | Val Loss: 4.140112 | Train R²: -197.9220 | Val R²: -207.1919 | NightHrsTrueNEE vs NightHrsModelReco R²: -164.7700 | NightHrsTrueNee vs NightHrsModelNee R²: -161.2600
Epoch  4500 | Train Loss: 2.900858 | Val Loss: 2.981282 | Train R²: -141.7033 | Val R²: -148.9184 | NightHrsTrueNEE vs NightHrsModelReco R²: -165.1300 | NightHrsTrueNee vs NightHrsModelNee R²: -161.9500
Epoch  5000 | Train Loss: 2.140076 | Val Loss: 2.207071 | Train R²: -104.2778 | Val R²: -109.9860 | NightHrsTrueNEE vs NightHrsModelReco R²: -165.3400 | NightHrsTrueNee vs NightHrsModelNee R²: -162.4500
Epoch  5500 | Train Loss: 1.624991 | Val Loss: 1.680867 | Train R²: -78.9389 | Val R²: -83.5250 | NightHrsTrueNEE vs NightHrsModelReco R²: -165.3800 | NightHrsTrueNee vs NightHrsModelNee R²: -162.7500
Epoch  6000 | Train Loss: 1.272644 | Val Loss: 1.319387 | Train R²: -61.6058 | Val R²: -65.3474 | NightHrsTrueNEE vs NightHrsModelReco R²: -165.0400 | NightHrsTrueNee vs NightHrsModelNee R²: -162.6300
Epoch  6500 | Train Loss: 1.027626 | Val Loss: 1.067000 | Train R²: -49.5525 | Val R²: -52.6558 | NightHrsTrueNEE vs NightHrsModelReco R²: -161.2300 | NightHrsTrueNee vs NightHrsModelNee R²: -159.0500
Epoch  7000 | Train Loss: 0.846191 | Val Loss: 0.878224 | Train R²: -40.6271 | Val R²: -43.1628 | NightHrsTrueNEE vs NightHrsModelReco R²: -145.8500 | NightHrsTrueNee vs NightHrsModelNee R²: -143.9600
Epoch  7500 | Train Loss: 0.698326 | Val Loss: 0.725234 | Train R²: -33.3531 | Val R²: -35.4695 | NightHrsTrueNEE vs NightHrsModelReco R²: -126.4000 | NightHrsTrueNee vs NightHrsModelNee R²: -124.7500
Epoch  8000 | Train Loss: 0.583883 | Val Loss: 0.605975 | Train R²: -27.7232 | Val R²: -29.4724 | NightHrsTrueNEE vs NightHrsModelReco R²: -114.4200 | NightHrsTrueNee vs NightHrsModelNee R²: -112.9400
Epoch  8500 | Train Loss: 0.449697 | Val Loss: 0.466752 | Train R²: -21.1222 | Val R²: -22.4713 | NightHrsTrueNEE vs NightHrsModelReco R²: -90.1000 | NightHrsTrueNee vs NightHrsModelNee R²: -88.8200
Epoch  9000 | Train Loss: 0.304036 | Val Loss: 0.315995 | Train R²: -13.9566 | Val R²: -14.8903 | NightHrsTrueNEE vs NightHrsModelReco R²: -45.7000 | NightHrsTrueNee vs NightHrsModelNee R²: -44.9100
Epoch  9500 | Train Loss: 0.223883 | Val Loss: 0.233235 | Train R²: -10.0136 | Val R²: -10.7286 | NightHrsTrueNEE vs NightHrsModelReco R²: -29.3200 | NightHrsTrueNee vs NightHrsModelNee R²: -28.7600
Epoch 10000 | Train Loss: 0.165754 | Val Loss: 0.172938 | Train R²: -7.1540 | Val R²: -7.6965 | NightHrsTrueNEE vs NightHrsModelReco R²: -20.0300 | NightHrsTrueNee vs NightHrsModelNee R²: -19.6200
Epoch 10500 | Train Loss: 0.123634 | Val Loss: 0.129083 | Train R²: -5.0820 | Val R²: -5.4911 | NightHrsTrueNEE vs NightHrsModelReco R²: -14.2100 | NightHrsTrueNee vs NightHrsModelNee R²: -13.9100
Epoch 11000 | Train Loss: 0.093595 | Val Loss: 0.097690 | Train R²: -3.6042 | Val R²: -3.9125 | NightHrsTrueNEE vs NightHrsModelReco R²: -10.3800 | NightHrsTrueNee vs NightHrsModelNee R²: -10.1500
Epoch 11500 | Train Loss: 0.072272 | Val Loss: 0.075331 | Train R²: -2.5553 | Val R²: -2.7881 | NightHrsTrueNEE vs NightHrsModelReco R²: -7.7700 | NightHrsTrueNee vs NightHrsModelNee R²: -7.6000
Epoch 12000 | Train Loss: 0.056937 | Val Loss: 0.059210 | Train R²: -1.8009 | Val R²: -1.9774 | NightHrsTrueNEE vs NightHrsModelReco R²: -5.9300 | NightHrsTrueNee vs NightHrsModelNee R²: -5.8000
Epoch 12500 | Train Loss: 0.045628 | Val Loss: 0.047315 | Train R²: -1.2446 | Val R²: -1.3793 | NightHrsTrueNEE vs NightHrsModelReco R²: -4.5900 | NightHrsTrueNee vs NightHrsModelNee R²: -4.4900
Epoch 13000 | Train Loss: 0.037098 | Val Loss: 0.038358 | Train R²: -0.8250 | Val R²: -0.9289 | NightHrsTrueNEE vs NightHrsModelReco R²: -3.5800 | NightHrsTrueNee vs NightHrsModelNee R²: -3.5000
Epoch 13500 | Train Loss: 0.030582 | Val Loss: 0.031530 | Train R²: -0.5044 | Val R²: -0.5855 | NightHrsTrueNEE vs NightHrsModelReco R²: -2.8000 | NightHrsTrueNee vs NightHrsModelNee R²: -2.7400
Epoch 14000 | Train Loss: 0.025575 | Val Loss: 0.026290 | Train R²: -0.2581 | Val R²: -0.3220 | NightHrsTrueNEE vs NightHrsModelReco R²: -2.1900 | NightHrsTrueNee vs NightHrsModelNee R²: -2.1400
Epoch 14500 | Train Loss: 0.021735 | Val Loss: 0.022279 | Train R²: -0.0692 | Val R²: -0.1204 | NightHrsTrueNEE vs NightHrsModelReco R²: -1.7000 | NightHrsTrueNee vs NightHrsModelNee R²: -1.6600
Epoch 15000 | Train Loss: 0.018821 | Val Loss: 0.019247 | Train R²: 0.0741 | Val R²: 0.0321 | NightHrsTrueNEE vs NightHrsModelReco R²: -1.3100 | NightHrsTrueNee vs NightHrsModelNee R²: -1.2800
Epoch 15500 | Train Loss: 0.016624 | Val Loss: 0.016964 | Train R²: 0.1822 | Val R²: 0.1469 | NightHrsTrueNEE vs NightHrsModelReco R²: -1.0200 | NightHrsTrueNee vs NightHrsModelNee R²: -0.9900
Epoch 16000 | Train Loss: 0.014988 | Val Loss: 0.015267 | Train R²: 0.2627 | Val R²: 0.2323 | NightHrsTrueNEE vs NightHrsModelReco R²: -0.7900 | NightHrsTrueNee vs NightHrsModelNee R²: -0.7700
Epoch 16500 | Train Loss: 0.013769 | Val Loss: 0.014000 | Train R²: 0.3227 | Val R²: 0.2960 | NightHrsTrueNEE vs NightHrsModelReco R²: -0.6100 | NightHrsTrueNee vs NightHrsModelNee R²: -0.6000
Epoch 17000 | Train Loss: 0.012815 | Val Loss: 0.013006 | Train R²: 0.3696 | Val R²: 0.3460 | NightHrsTrueNEE vs NightHrsModelReco R²: -0.4600 | NightHrsTrueNee vs NightHrsModelNee R²: -0.4400
Epoch 17500 | Train Loss: 0.011958 | Val Loss: 0.012110 | Train R²: 0.4117 | Val R²: 0.3910 | NightHrsTrueNEE vs NightHrsModelReco R²: -0.2800 | NightHrsTrueNee vs NightHrsModelNee R²: -0.2700
Epoch 18000 | Train Loss: 0.011156 | Val Loss: 0.011247 | Train R²: 0.4512 | Val R²: 0.4344 | NightHrsTrueNEE vs NightHrsModelReco R²: -0.1300 | NightHrsTrueNee vs NightHrsModelNee R²: -0.1200
Epoch 18500 | Train Loss: 0.010474 | Val Loss: 0.010532 | Train R²: 0.4848 | Val R²: 0.4704 | NightHrsTrueNEE vs NightHrsModelReco R²: -0.0200 | NightHrsTrueNee vs NightHrsModelNee R²: -0.0100
Epoch 19000 | Train Loss: 0.009876 | Val Loss: 0.009906 | Train R²: 0.5142 | Val R²: 0.5019 | NightHrsTrueNEE vs NightHrsModelReco R²: 0.0400 | NightHrsTrueNee vs NightHrsModelNee R²: 0.0500
Epoch 19500 | Train Loss: 0.009327 | Val Loss: 0.009344 | Train R²: 0.5412 | Val R²: 0.5301 | NightHrsTrueNEE vs NightHrsModelReco R²: 0.0700 | NightHrsTrueNee vs NightHrsModelNee R²: 0.0800
Epoch 20000 | Train Loss: 0.008815 | Val Loss: 0.008855 | Train R²: 0.5664 | Val R²: 0.5547 | NightHrsTrueNEE vs NightHrsModelReco R²: 0.0900 | NightHrsTrueNee vs NightHrsModelNee R²: 0.1000
Epoch 20500 | Train Loss: 0.008318 | Val Loss: 0.008379 | Train R²: 0.5908 | Val R²: 0.5787 | NightHrsTrueNEE vs NightHrsModelReco R²: 0.1100 | NightHrsTrueNee vs NightHrsModelNee R²: 0.1200
Epoch 21000 | Train Loss: 0.007803 | Val Loss: 0.007873 | Train R²: 0.6161 | Val R²: 0.6041 | NightHrsTrueNEE vs NightHrsModelReco R²: 0.1500 | NightHrsTrueNee vs NightHrsModelNee R²: 0.1500
Epoch 21500 | Train Loss: 0.007261 | Val Loss: 0.007324 | Train R²: 0.6428 | Val R²: 0.6317 | NightHrsTrueNEE vs NightHrsModelReco R²: 0.2000 | NightHrsTrueNee vs NightHrsModelNee R²: 0.2000
Epoch 22000 | Train Loss: 0.006689 | Val Loss: 0.006735 | Train R²: 0.6709 | Val R²: 0.6613 | NightHrsTrueNEE vs NightHrsModelReco R²: 0.2500 | NightHrsTrueNee vs NightHrsModelNee R²: 0.2600
Epoch 22500 | Train Loss: 0.006091 | Val Loss: 0.006118 | Train R²: 0.7004 | Val R²: 0.6924 | NightHrsTrueNEE vs NightHrsModelReco R²: 0.3100 | NightHrsTrueNee vs NightHrsModelNee R²: 0.3100
Epoch 23000 | Train Loss: 0.005483 | Val Loss: 0.005498 | Train R²: 0.7303 | Val R²: 0.7235 | NightHrsTrueNEE vs NightHrsModelReco R²: 0.3600 | NightHrsTrueNee vs NightHrsModelNee R²: 0.3600
Epoch 23500 | Train Loss: 0.004880 | Val Loss: 0.004884 | Train R²: 0.7599 | Val R²: 0.7544 | NightHrsTrueNEE vs NightHrsModelReco R²: 0.4200 | NightHrsTrueNee vs NightHrsModelNee R²: 0.4200
Epoch 24000 | Train Loss: 0.004284 | Val Loss: 0.004275 | Train R²: 0.7893 | Val R²: 0.7850 | NightHrsTrueNEE vs NightHrsModelReco R²: 0.4800 | NightHrsTrueNee vs NightHrsModelNee R²: 0.4800
Epoch 24500 | Train Loss: 0.003700 | Val Loss: 0.003675 | Train R²: 0.8180 | Val R²: 0.8152 | NightHrsTrueNEE vs NightHrsModelReco R²: 0.5400 | NightHrsTrueNee vs NightHrsModelNee R²: 0.5400
Epoch 25000 | Train Loss: 0.003177 | Val Loss: 0.003133 | Train R²: 0.8437 | Val R²: 0.8425 | NightHrsTrueNEE vs NightHrsModelReco R²: 0.6000 | NightHrsTrueNee vs NightHrsModelNee R²: 0.6000
Epoch 25500 | Train Loss: 0.002761 | Val Loss: 0.002707 | Train R²: 0.8642 | Val R²: 0.8639 | NightHrsTrueNEE vs NightHrsModelReco R²: 0.6500 | NightHrsTrueNee vs NightHrsModelNee R²: 0.6500
Epoch 26000 | Train Loss: 0.002485 | Val Loss: 0.002418 | Train R²: 0.8778 | Val R²: 0.8784 | NightHrsTrueNEE vs NightHrsModelReco R²: 0.6800 | NightHrsTrueNee vs NightHrsModelNee R²: 0.6800
Epoch 26500 | Train Loss: 0.002315 | Val Loss: 0.002238 | Train R²: 0.8861 | Val R²: 0.8874 | NightHrsTrueNEE vs NightHrsModelReco R²: 0.7000 | NightHrsTrueNee vs NightHrsModelNee R²: 0.7000
Epoch 27000 | Train Loss: 0.002198 | Val Loss: 0.002115 | Train R²: 0.8919 | Val R²: 0.8936 | NightHrsTrueNEE vs NightHrsModelReco R²: 0.7100 | NightHrsTrueNee vs NightHrsModelNee R²: 0.7100
Epoch 27500 | Train Loss: 0.002103 | Val Loss: 0.002019 | Train R²: 0.8966 | Val R²: 0.8985 | NightHrsTrueNEE vs NightHrsModelReco R²: 0.7200 | NightHrsTrueNee vs NightHrsModelNee R²: 0.7200
Epoch 28000 | Train Loss: 0.002023 | Val Loss: 0.001943 | Train R²: 0.9005 | Val R²: 0.9023 | NightHrsTrueNEE vs NightHrsModelReco R²: 0.7300 | NightHrsTrueNee vs NightHrsModelNee R²: 0.7300
Epoch 28500 | Train Loss: 0.001962 | Val Loss: 0.001887 | Train R²: 0.9035 | Val R²: 0.9051 | NightHrsTrueNEE vs NightHrsModelReco R²: 0.7300 | NightHrsTrueNee vs NightHrsModelNee R²: 0.7300
Epoch 29000 | Train Loss: 0.001917 | Val Loss: 0.001847 | Train R²: 0.9057 | Val R²: 0.9071 | NightHrsTrueNEE vs NightHrsModelReco R²: 0.7400 | NightHrsTrueNee vs NightHrsModelNee R²: 0.7400
Epoch 29500 | Train Loss: 0.001882 | Val Loss: 0.001816 | Train R²: 0.9074 | Val R²: 0.9087 | NightHrsTrueNEE vs NightHrsModelReco R²: 0.7400 | NightHrsTrueNee vs NightHrsModelNee R²: 0.7400
Epoch 30000 | Train Loss: 0.001855 | Val Loss: 0.001793 | Train R²: 0.9088 | Val R²: 0.9098 | NightHrsTrueNEE vs NightHrsModelReco R²: 0.7400 | NightHrsTrueNee vs NightHrsModelNee R²: 0.7400
Early stopping at epoch 30134 due to flat/negative trend (slope=0.000002)
Epoch 30134 | Train Loss: 0.001848 | Val Loss: 0.001788 | Train R²: 0.9091 | Val R²: 0.9101
Unpickling models
Following models have been loaded and moved to cuda:
trained gpp model:
 SNN_GPP_Tram(
  (net): Sequential(
    (0): Linear(in_features=11, out_features=12, bias=True)
    (1): Tanh()
    (2): Linear(in_features=12, out_features=1, bias=True)
    (3): Sigmoid()
  )
), trained_reco_model:
 SNN_GPP_Tram(
  (net): Sequential(
    (0): Linear(in_features=9, out_features=12, bias=True)
    (1): Tanh()
    (2): Linear(in_features=12, out_features=1, bias=True)
    (3): Sigmoid()
  )
)
using full data set for visualization
Un-normalizing the GPP and RECO predictions using NEE min: tensor([-50.4310]), NEE max: tensor([42.8991])



Metrics for the Tramontana, with
GPP inputs: ['SW_IN', 'VPD', 'TA', 'WTD', 'PotRad', 'PotRadHalfHourlyDiff', 'PotRadDailyAvg', 'PotRadDailyDiff', 'WD_COS', 'WD_SIN', 'GPP_PROX']
RECO inputs: ['DOY_sin', 'DOY_cos', 'TA', 'TS_1', 'WTD', 'WS', 'WD_COS', 'WD_SIN', 'NIGHTLY_NEE_AVG']:
dt_gpp vs Tramontana_GPP R²=0.96 RMSE=1.69
nt_gpp vs Tramontana_GPP R²=0.91 RMSE=2.48
dt_reco vs Tramontana_RECO R²=0.69 RMSE=1.92
nt_reco vs Tramontana_RECO R²=0.86 RMSE=1.25
night_hours_true_nee vs Tramontana_night_hours_model_reco R²=0.75 RMSE=1.80
night_hours_true_nee vs Tramontana_night_hours_model_nee R²=0.75 RMSE=1.80
dt_gpp vs nt_gpp R²=0.90 RMSE=2.59
dt_reco vs nt_reco R²=0.77 RMSE=2.00

gpp_input_names,  ['SW_IN', 'VPD', 'TA', 'WTD', 'WS', 'PotRadHalfHourlyDiff', 'PotRadDailyAvg', 'PotRadDailyDiff', 'WD_COS', 'WD_SIN', 'GPP_PROX'] 
reco_input_names,  ['DOY_sin', 'DOY_cos', 'TA', 'TS_1', 'WTD', 'WS', 'WD_COS', 'WD_SIN', 'NIGHTLY_NEE_AVG'] 
true_nee_name,  ['NEE'] 

Tramontana Running on GPU With hidden layer size of 12 Total epochs: 100000 lr: 0.001 patience: 500 min_delta 0.01
SNN_GPP_Tram(
  (net): Sequential(
    (0): Linear(in_features=11, out_features=12, bias=True)
    (1): Tanh()
    (2): Linear(in_features=12, out_features=1, bias=True)
    (3): Sigmoid()
  )
)
SNN_RECO_Tram(
  (net): Sequential(
    (0): Linear(in_features=9, out_features=12, bias=True)
    (1): Tanh()
    (2): Linear(in_features=12, out_features=1, bias=True)
    (3): Sigmoid()
  )
)
Params are min slope: 2e-06, trend window: 100
Epoch     0 | Train Loss: 35698.414062 | Val Loss: 33951.339844 | Train R²: -1756127.6250 | Val R²: -1707294.7500 | NightHrsTrueNEE vs NightHrsModelReco R²: -52.1500 | NightHrsTrueNee vs NightHrsModelNee R²: -124.0300
Epoch   500 | Train Loss: 483.812653 | Val Loss: 475.144012 | Train R²: -23799.4219 | Val R²: -23892.3535 | NightHrsTrueNEE vs NightHrsModelReco R²: -145.7500 | NightHrsTrueNee vs NightHrsModelNee R²: -137.9600
Epoch  1000 | Train Loss: 112.821571 | Val Loss: 112.276550 | Train R²: -5549.0835 | Val R²: -5645.0000 | NightHrsTrueNEE vs NightHrsModelReco R²: -155.6000 | NightHrsTrueNee vs NightHrsModelNee R²: -149.0900
Epoch  1500 | Train Loss: 46.966572 | Val Loss: 47.107162 | Train R²: -2309.4482 | Val R²: -2367.8567 | NightHrsTrueNEE vs NightHrsModelReco R²: -159.5100 | NightHrsTrueNee vs NightHrsModelNee R²: -154.2100
Epoch  2000 | Train Loss: 24.513845 | Val Loss: 24.737556 | Train R²: -1204.9209 | Val R²: -1242.9663 | NightHrsTrueNEE vs NightHrsModelReco R²: -161.6400 | NightHrsTrueNee vs NightHrsModelNee R²: -157.1900
Epoch  2500 | Train Loss: 14.409534 | Val Loss: 14.619269 | Train R²: -707.8547 | Val R²: -734.1526 | NightHrsTrueNEE vs NightHrsModelReco R²: -162.9700 | NightHrsTrueNee vs NightHrsModelNee R²: -159.1700
Epoch  3000 | Train Loss: 9.110825 | Val Loss: 9.289973 | Train R²: -447.1930 | Val R²: -466.1607 | NightHrsTrueNEE vs NightHrsModelReco R²: -163.8700 | NightHrsTrueNee vs NightHrsModelNee R²: -160.5700
Epoch  3500 | Train Loss: 6.055902 | Val Loss: 6.204891 | Train R²: -296.9108 | Val R²: -311.0226 | NightHrsTrueNEE vs NightHrsModelReco R²: -164.5000 | NightHrsTrueNee vs NightHrsModelNee R²: -161.6100
Epoch  4000 | Train Loss: 4.181110 | Val Loss: 4.304024 | Train R²: -204.6833 | Val R²: -215.4345 | NightHrsTrueNEE vs NightHrsModelReco R²: -164.9500 | NightHrsTrueNee vs NightHrsModelNee R²: -162.4000
Epoch  4500 | Train Loss: 2.980842 | Val Loss: 3.082097 | Train R²: -145.6380 | Val R²: -153.9880 | NightHrsTrueNEE vs NightHrsModelReco R²: -165.2600 | NightHrsTrueNee vs NightHrsModelNee R²: -162.9900
Epoch  5000 | Train Loss: 2.190059 | Val Loss: 2.273573 | Train R²: -106.7366 | Val R²: -113.3301 | NightHrsTrueNEE vs NightHrsModelReco R²: -165.4400 | NightHrsTrueNee vs NightHrsModelNee R²: -163.4000
Epoch  5500 | Train Loss: 1.659096 | Val Loss: 1.728156 | Train R²: -80.6167 | Val R²: -85.9030 | NightHrsTrueNEE vs NightHrsModelReco R²: -165.4200 | NightHrsTrueNee vs NightHrsModelNee R²: -163.6000
Epoch  6000 | Train Loss: 1.298098 | Val Loss: 1.355412 | Train R²: -62.8579 | Val R²: -67.1590 | NightHrsTrueNEE vs NightHrsModelReco R²: -164.8100 | NightHrsTrueNee vs NightHrsModelNee R²: -163.1700
Epoch  6500 | Train Loss: 1.044975 | Val Loss: 1.092748 | Train R²: -50.4059 | Val R²: -53.9505 | NightHrsTrueNEE vs NightHrsModelReco R²: -156.9800 | NightHrsTrueNee vs NightHrsModelNee R²: -155.5300
Epoch  7000 | Train Loss: 0.848761 | Val Loss: 0.888832 | Train R²: -40.7535 | Val R²: -43.6963 | NightHrsTrueNEE vs NightHrsModelReco R²: -133.9100 | NightHrsTrueNee vs NightHrsModelNee R²: -132.6900
Epoch  7500 | Train Loss: 0.700498 | Val Loss: 0.734596 | Train R²: -33.4599 | Val R²: -35.9403 | NightHrsTrueNEE vs NightHrsModelReco R²: -122.4300 | NightHrsTrueNee vs NightHrsModelNee R²: -121.3500
Epoch  8000 | Train Loss: 0.583207 | Val Loss: 0.611801 | Train R²: -27.6900 | Val R²: -29.7653 | NightHrsTrueNEE vs NightHrsModelReco R²: -110.3700 | NightHrsTrueNee vs NightHrsModelNee R²: -109.4100
Epoch  8500 | Train Loss: 0.433649 | Val Loss: 0.455997 | Train R²: -20.3327 | Val R²: -21.9305 | NightHrsTrueNEE vs NightHrsModelReco R²: -82.2100 | NightHrsTrueNee vs NightHrsModelNee R²: -81.4200
Epoch  9000 | Train Loss: 0.300234 | Val Loss: 0.316305 | Train R²: -13.7695 | Val R²: -14.9059 | NightHrsTrueNEE vs NightHrsModelReco R²: -42.7300 | NightHrsTrueNee vs NightHrsModelNee R²: -42.2400
Epoch  9500 | Train Loss: 0.221284 | Val Loss: 0.234022 | Train R²: -9.8857 | Val R²: -10.7682 | NightHrsTrueNEE vs NightHrsModelReco R²: -27.1300 | NightHrsTrueNee vs NightHrsModelNee R²: -26.7900
Epoch 10000 | Train Loss: 0.164013 | Val Loss: 0.173983 | Train R²: -7.0684 | Val R²: -7.7490 | NightHrsTrueNEE vs NightHrsModelReco R²: -18.5200 | NightHrsTrueNee vs NightHrsModelNee R²: -18.2700
Epoch 10500 | Train Loss: 0.122522 | Val Loss: 0.130268 | Train R²: -5.0273 | Val R²: -5.5507 | NightHrsTrueNEE vs NightHrsModelReco R²: -13.1600 | NightHrsTrueNee vs NightHrsModelNee R²: -12.9700
Epoch 11000 | Train Loss: 0.092657 | Val Loss: 0.098664 | Train R²: -3.5581 | Val R²: -3.9615 | NightHrsTrueNEE vs NightHrsModelReco R²: -9.6000 | NightHrsTrueNee vs NightHrsModelNee R²: -9.4600
Epoch 11500 | Train Loss: 0.071221 | Val Loss: 0.075884 | Train R²: -2.5036 | Val R²: -2.8159 | NightHrsTrueNEE vs NightHrsModelReco R²: -7.1600 | NightHrsTrueNee vs NightHrsModelNee R²: -7.0500
Epoch 12000 | Train Loss: 0.055760 | Val Loss: 0.059385 | Train R²: -1.7430 | Val R²: -1.9863 | NightHrsTrueNEE vs NightHrsModelReco R²: -5.4400 | NightHrsTrueNee vs NightHrsModelNee R²: -5.3600
Epoch 12500 | Train Loss: 0.044446 | Val Loss: 0.047268 | Train R²: -1.1865 | Val R²: -1.3770 | NightHrsTrueNEE vs NightHrsModelReco R²: -4.1900 | NightHrsTrueNee vs NightHrsModelNee R²: -4.1300
Epoch 13000 | Train Loss: 0.036014 | Val Loss: 0.038215 | Train R²: -0.7717 | Val R²: -0.9217 | NightHrsTrueNEE vs NightHrsModelReco R²: -3.2600 | NightHrsTrueNee vs NightHrsModelNee R²: -3.2100
Epoch 13500 | Train Loss: 0.029640 | Val Loss: 0.031361 | Train R²: -0.4581 | Val R²: -0.5771 | NightHrsTrueNEE vs NightHrsModelReco R²: -2.5500 | NightHrsTrueNee vs NightHrsModelNee R²: -2.5100
Epoch 14000 | Train Loss: 0.024785 | Val Loss: 0.026141 | Train R²: -0.2193 | Val R²: -0.3145 | NightHrsTrueNEE vs NightHrsModelReco R²: -2.0000 | NightHrsTrueNee vs NightHrsModelNee R²: -1.9600
Epoch 14500 | Train Loss: 0.021082 | Val Loss: 0.022163 | Train R²: -0.0371 | Val R²: -0.1145 | NightHrsTrueNEE vs NightHrsModelReco R²: -1.5600 | NightHrsTrueNee vs NightHrsModelNee R²: -1.5300
Epoch 15000 | Train Loss: 0.018268 | Val Loss: 0.019147 | Train R²: 0.1013 | Val R²: 0.0372 | NightHrsTrueNEE vs NightHrsModelReco R²: -1.2200 | NightHrsTrueNee vs NightHrsModelNee R²: -1.2000
Epoch 15500 | Train Loss: 0.016159 | Val Loss: 0.016884 | Train R²: 0.2051 | Val R²: 0.1510 | NightHrsTrueNEE vs NightHrsModelReco R²: -0.9600 | NightHrsTrueNee vs NightHrsModelNee R²: -0.9400
Epoch 16000 | Train Loss: 0.014594 | Val Loss: 0.015198 | Train R²: 0.2821 | Val R²: 0.2357 | NightHrsTrueNEE vs NightHrsModelReco R²: -0.7500 | NightHrsTrueNee vs NightHrsModelNee R²: -0.7400
Epoch 16500 | Train Loss: 0.013413 | Val Loss: 0.013927 | Train R²: 0.3402 | Val R²: 0.2996 | NightHrsTrueNEE vs NightHrsModelReco R²: -0.5900 | NightHrsTrueNee vs NightHrsModelNee R²: -0.5800
Epoch 17000 | Train Loss: 0.012474 | Val Loss: 0.012924 | Train R²: 0.3864 | Val R²: 0.3501 | NightHrsTrueNEE vs NightHrsModelReco R²: -0.4400 | NightHrsTrueNee vs NightHrsModelNee R²: -0.4300
Epoch 17500 | Train Loss: 0.011665 | Val Loss: 0.012070 | Train R²: 0.4262 | Val R²: 0.3931 | NightHrsTrueNEE vs NightHrsModelReco R²: -0.2900 | NightHrsTrueNee vs NightHrsModelNee R²: -0.2800
Epoch 18000 | Train Loss: 0.010914 | Val Loss: 0.011283 | Train R²: 0.4631 | Val R²: 0.4326 | NightHrsTrueNEE vs NightHrsModelReco R²: -0.1500 | NightHrsTrueNee vs NightHrsModelNee R²: -0.1500
Epoch 18500 | Train Loss: 0.010210 | Val Loss: 0.010527 | Train R²: 0.4977 | Val R²: 0.4706 | NightHrsTrueNEE vs NightHrsModelReco R²: -0.0500 | NightHrsTrueNee vs NightHrsModelNee R²: -0.0400
Epoch 19000 | Train Loss: 0.009582 | Val Loss: 0.009846 | Train R²: 0.5286 | Val R²: 0.5049 | NightHrsTrueNEE vs NightHrsModelReco R²: 0.0300 | NightHrsTrueNee vs NightHrsModelNee R²: 0.0300
Epoch 19500 | Train Loss: 0.009024 | Val Loss: 0.009255 | Train R²: 0.5561 | Val R²: 0.5346 | NightHrsTrueNEE vs NightHrsModelReco R²: 0.0800 | NightHrsTrueNee vs NightHrsModelNee R²: 0.0800
Epoch 20000 | Train Loss: 0.008505 | Val Loss: 0.008728 | Train R²: 0.5816 | Val R²: 0.5611 | NightHrsTrueNEE vs NightHrsModelReco R²: 0.1100 | NightHrsTrueNee vs NightHrsModelNee R²: 0.1200
Epoch 20500 | Train Loss: 0.008002 | Val Loss: 0.008230 | Train R²: 0.6064 | Val R²: 0.5861 | NightHrsTrueNEE vs NightHrsModelReco R²: 0.1400 | NightHrsTrueNee vs NightHrsModelNee R²: 0.1400
Epoch 21000 | Train Loss: 0.007489 | Val Loss: 0.007723 | Train R²: 0.6316 | Val R²: 0.6116 | NightHrsTrueNEE vs NightHrsModelReco R²: 0.1700 | NightHrsTrueNee vs NightHrsModelNee R²: 0.1800
Epoch 21500 | Train Loss: 0.006966 | Val Loss: 0.007195 | Train R²: 0.6573 | Val R²: 0.6382 | NightHrsTrueNEE vs NightHrsModelReco R²: 0.2100 | NightHrsTrueNee vs NightHrsModelNee R²: 0.2100
Epoch 22000 | Train Loss: 0.006446 | Val Loss: 0.006660 | Train R²: 0.6829 | Val R²: 0.6651 | NightHrsTrueNEE vs NightHrsModelReco R²: 0.2500 | NightHrsTrueNee vs NightHrsModelNee R²: 0.2500
Epoch 22500 | Train Loss: 0.005935 | Val Loss: 0.006130 | Train R²: 0.7081 | Val R²: 0.6918 | NightHrsTrueNEE vs NightHrsModelReco R²: 0.2900 | NightHrsTrueNee vs NightHrsModelNee R²: 0.2900
Epoch 23000 | Train Loss: 0.005437 | Val Loss: 0.005610 | Train R²: 0.7325 | Val R²: 0.7179 | NightHrsTrueNEE vs NightHrsModelReco R²: 0.3300 | NightHrsTrueNee vs NightHrsModelNee R²: 0.3300
Epoch 23500 | Train Loss: 0.004949 | Val Loss: 0.005095 | Train R²: 0.7566 | Val R²: 0.7438 | NightHrsTrueNEE vs NightHrsModelReco R²: 0.3800 | NightHrsTrueNee vs NightHrsModelNee R²: 0.3800
Epoch 24000 | Train Loss: 0.004460 | Val Loss: 0.004578 | Train R²: 0.7806 | Val R²: 0.7698 | NightHrsTrueNEE vs NightHrsModelReco R²: 0.4300 | NightHrsTrueNee vs NightHrsModelNee R²: 0.4300
Epoch 24500 | Train Loss: 0.003970 | Val Loss: 0.004051 | Train R²: 0.8047 | Val R²: 0.7963 | NightHrsTrueNEE vs NightHrsModelReco R²: 0.4900 | NightHrsTrueNee vs NightHrsModelNee R²: 0.4900
Epoch 25000 | Train Loss: 0.003524 | Val Loss: 0.003578 | Train R²: 0.8266 | Val R²: 0.8201 | NightHrsTrueNEE vs NightHrsModelReco R²: 0.5500 | NightHrsTrueNee vs NightHrsModelNee R²: 0.5500
Epoch 25500 | Train Loss: 0.003137 | Val Loss: 0.003166 | Train R²: 0.8457 | Val R²: 0.8408 | NightHrsTrueNEE vs NightHrsModelReco R²: 0.6000 | NightHrsTrueNee vs NightHrsModelNee R²: 0.6000
Epoch 26000 | Train Loss: 0.002800 | Val Loss: 0.002806 | Train R²: 0.8622 | Val R²: 0.8589 | NightHrsTrueNEE vs NightHrsModelReco R²: 0.6400 | NightHrsTrueNee vs NightHrsModelNee R²: 0.6400
Epoch 26500 | Train Loss: 0.002538 | Val Loss: 0.002518 | Train R²: 0.8752 | Val R²: 0.8734 | NightHrsTrueNEE vs NightHrsModelReco R²: 0.6700 | NightHrsTrueNee vs NightHrsModelNee R²: 0.6700
Epoch 27000 | Train Loss: 0.002379 | Val Loss: 0.002338 | Train R²: 0.8830 | Val R²: 0.8824 | NightHrsTrueNEE vs NightHrsModelReco R²: 0.7000 | NightHrsTrueNee vs NightHrsModelNee R²: 0.7000
Epoch 27500 | Train Loss: 0.002284 | Val Loss: 0.002230 | Train R²: 0.8876 | Val R²: 0.8878 | NightHrsTrueNEE vs NightHrsModelReco R²: 0.7100 | NightHrsTrueNee vs NightHrsModelNee R²: 0.7100
Epoch 28000 | Train Loss: 0.002212 | Val Loss: 0.002149 | Train R²: 0.8912 | Val R²: 0.8919 | NightHrsTrueNEE vs NightHrsModelReco R²: 0.7200 | NightHrsTrueNee vs NightHrsModelNee R²: 0.7200
Epoch 28500 | Train Loss: 0.002148 | Val Loss: 0.002079 | Train R²: 0.8943 | Val R²: 0.8955 | NightHrsTrueNEE vs NightHrsModelReco R²: 0.7300 | NightHrsTrueNee vs NightHrsModelNee R²: 0.7300
Epoch 29000 | Train Loss: 0.002088 | Val Loss: 0.002014 | Train R²: 0.8973 | Val R²: 0.8987 | NightHrsTrueNEE vs NightHrsModelReco R²: 0.7400 | NightHrsTrueNee vs NightHrsModelNee R²: 0.7400
Epoch 29500 | Train Loss: 0.002031 | Val Loss: 0.001952 | Train R²: 0.9001 | Val R²: 0.9018 | NightHrsTrueNEE vs NightHrsModelReco R²: 0.7400 | NightHrsTrueNee vs NightHrsModelNee R²: 0.7400
Epoch 30000 | Train Loss: 0.001970 | Val Loss: 0.001890 | Train R²: 0.9031 | Val R²: 0.9050 | NightHrsTrueNEE vs NightHrsModelReco R²: 0.7500 | NightHrsTrueNee vs NightHrsModelNee R²: 0.7500
Epoch 30500 | Train Loss: 0.001914 | Val Loss: 0.001839 | Train R²: 0.9058 | Val R²: 0.9075 | NightHrsTrueNEE vs NightHrsModelReco R²: 0.7500 | NightHrsTrueNee vs NightHrsModelNee R²: 0.7500
Epoch 31000 | Train Loss: 0.001868 | Val Loss: 0.001795 | Train R²: 0.9081 | Val R²: 0.9098 | NightHrsTrueNEE vs NightHrsModelReco R²: 0.7500 | NightHrsTrueNee vs NightHrsModelNee R²: 0.7500
Epoch 31500 | Train Loss: 0.001834 | Val Loss: 0.001766 | Train R²: 0.9098 | Val R²: 0.9112 | NightHrsTrueNEE vs NightHrsModelReco R²: 0.7600 | NightHrsTrueNee vs NightHrsModelNee R²: 0.7600
Early stopping at epoch 31532 due to flat/negative trend (slope=0.000002)
Epoch 31532 | Train Loss: 0.001832 | Val Loss: 0.001765 | Train R²: 0.9099 | Val R²: 0.9113
Unpickling models
Following models have been loaded and moved to cuda:
trained gpp model:
 SNN_GPP_Tram(
  (net): Sequential(
    (0): Linear(in_features=11, out_features=12, bias=True)
    (1): Tanh()
    (2): Linear(in_features=12, out_features=1, bias=True)
    (3): Sigmoid()
  )
), trained_reco_model:
 SNN_GPP_Tram(
  (net): Sequential(
    (0): Linear(in_features=9, out_features=12, bias=True)
    (1): Tanh()
    (2): Linear(in_features=12, out_features=1, bias=True)
    (3): Sigmoid()
  )
)
using full data set for visualization
Un-normalizing the GPP and RECO predictions using NEE min: tensor([-50.4310]), NEE max: tensor([42.8991])



Metrics for the Tramontana, with
GPP inputs: ['SW_IN', 'VPD', 'TA', 'WTD', 'WS', 'PotRadHalfHourlyDiff', 'PotRadDailyAvg', 'PotRadDailyDiff', 'WD_COS', 'WD_SIN', 'GPP_PROX']
RECO inputs: ['DOY_sin', 'DOY_cos', 'TA', 'TS_1', 'WTD', 'WS', 'WD_COS', 'WD_SIN', 'NIGHTLY_NEE_AVG']:
dt_gpp vs Tramontana_GPP R²=0.96 RMSE=1.53
nt_gpp vs Tramontana_GPP R²=0.92 RMSE=2.42
dt_reco vs Tramontana_RECO R²=0.73 RMSE=1.80
nt_reco vs Tramontana_RECO R²=0.88 RMSE=1.16
night_hours_true_nee vs Tramontana_night_hours_model_reco R²=0.76 RMSE=1.76
night_hours_true_nee vs Tramontana_night_hours_model_nee R²=0.76 RMSE=1.76
dt_gpp vs nt_gpp R²=0.90 RMSE=2.59
dt_reco vs nt_reco R²=0.77 RMSE=2.00

gpp_input_names,  ['SW_IN', 'VPD', 'TA', 'WTD', 'WS', 'PotRad', 'PotRadDailyAvg', 'PotRadDailyDiff', 'WD_COS', 'WD_SIN', 'GPP_PROX'] 
reco_input_names,  ['DOY_sin', 'DOY_cos', 'TA', 'TS_1', 'WTD', 'WS', 'WD_COS', 'WD_SIN', 'NIGHTLY_NEE_AVG'] 
true_nee_name,  ['NEE'] 

Tramontana Running on GPU With hidden layer size of 12 Total epochs: 100000 lr: 0.001 patience: 500 min_delta 0.01
SNN_GPP_Tram(
  (net): Sequential(
    (0): Linear(in_features=11, out_features=12, bias=True)
    (1): Tanh()
    (2): Linear(in_features=12, out_features=1, bias=True)
    (3): Sigmoid()
  )
)
SNN_RECO_Tram(
  (net): Sequential(
    (0): Linear(in_features=9, out_features=12, bias=True)
    (1): Tanh()
    (2): Linear(in_features=12, out_features=1, bias=True)
    (3): Sigmoid()
  )
)
Params are min slope: 2e-06, trend window: 100
Epoch     0 | Train Loss: 28530.500000 | Val Loss: 27061.248047 | Train R²: -1403513.2500 | Val R²: -1360815.8750 | NightHrsTrueNEE vs NightHrsModelReco R²: -52.1500 | NightHrsTrueNee vs NightHrsModelNee R²: -130.2500
Epoch   500 | Train Loss: 290.687622 | Val Loss: 286.619171 | Train R²: -14298.9307 | Val R²: -14412.0889 | NightHrsTrueNEE vs NightHrsModelReco R²: -143.3200 | NightHrsTrueNee vs NightHrsModelNee R²: -134.9100
Epoch  1000 | Train Loss: 76.645775 | Val Loss: 76.580177 | Train R²: -3769.4709 | Val R²: -3849.9524 | NightHrsTrueNEE vs NightHrsModelReco R²: -154.4300 | NightHrsTrueNee vs NightHrsModelNee R²: -147.1500
Epoch  1500 | Train Loss: 33.922447 | Val Loss: 34.178970 | Train R²: -1667.7626 | Val R²: -1717.7424 | NightHrsTrueNEE vs NightHrsModelReco R²: -158.9300 | NightHrsTrueNee vs NightHrsModelNee R²: -152.8600
Epoch  2000 | Train Loss: 18.380905 | Val Loss: 18.647936 | Train R²: -903.2203 | Val R²: -936.7404 | NightHrsTrueNEE vs NightHrsModelReco R²: -161.3400 | NightHrsTrueNee vs NightHrsModelNee R²: -156.1800
Epoch  2500 | Train Loss: 11.087565 | Val Loss: 11.319606 | Train R²: -544.4357 | Val R²: -568.2239 | NightHrsTrueNEE vs NightHrsModelReco R²: -162.8100 | NightHrsTrueNee vs NightHrsModelNee R²: -158.3400
Epoch  3000 | Train Loss: 7.149464 | Val Loss: 7.343281 | Train R²: -350.7069 | Val R²: -368.2682 | NightHrsTrueNEE vs NightHrsModelReco R²: -163.7800 | NightHrsTrueNee vs NightHrsModelNee R²: -159.8600
Epoch  3500 | Train Loss: 4.830328 | Val Loss: 4.990660 | Train R²: -236.6205 | Val R²: -249.9631 | NightHrsTrueNEE vs NightHrsModelReco R²: -164.4400 | NightHrsTrueNee vs NightHrsModelNee R²: -160.9700
Epoch  4000 | Train Loss: 3.384769 | Val Loss: 3.517300 | Train R²: -165.5085 | Val R²: -175.8729 | NightHrsTrueNEE vs NightHrsModelReco R²: -164.8800 | NightHrsTrueNee vs NightHrsModelNee R²: -161.7900
Epoch  4500 | Train Loss: 2.448808 | Val Loss: 2.558590 | Train R²: -119.4653 | Val R²: -127.6627 | NightHrsTrueNEE vs NightHrsModelReco R²: -165.1300 | NightHrsTrueNee vs NightHrsModelNee R²: -162.3600
Epoch  5000 | Train Loss: 1.827183 | Val Loss: 1.918387 | Train R²: -88.8855 | Val R²: -95.4690 | NightHrsTrueNEE vs NightHrsModelReco R²: -164.9400 | NightHrsTrueNee vs NightHrsModelNee R²: -162.4400
Epoch  5500 | Train Loss: 1.405800 | Val Loss: 1.481803 | Train R²: -68.1562 | Val R²: -73.5147 | NightHrsTrueNEE vs NightHrsModelReco R²: -161.7100 | NightHrsTrueNee vs NightHrsModelNee R²: -159.4700
Epoch  6000 | Train Loss: 1.107469 | Val Loss: 1.170706 | Train R²: -53.4802 | Val R²: -57.8708 | NightHrsTrueNEE vs NightHrsModelReco R²: -146.5200 | NightHrsTrueNee vs NightHrsModelNee R²: -144.5700
Epoch  6500 | Train Loss: 0.887290 | Val Loss: 0.939329 | Train R²: -42.6489 | Val R²: -46.2356 | NightHrsTrueNEE vs NightHrsModelReco R²: -133.0200 | NightHrsTrueNee vs NightHrsModelNee R²: -131.3100
Epoch  7000 | Train Loss: 0.727814 | Val Loss: 0.770262 | Train R²: -34.8037 | Val R²: -37.7338 | NightHrsTrueNEE vs NightHrsModelReco R²: -124.1600 | NightHrsTrueNee vs NightHrsModelNee R²: -122.6400
Epoch  7500 | Train Loss: 0.609097 | Val Loss: 0.644168 | Train R²: -28.9636 | Val R²: -31.3930 | NightHrsTrueNEE vs NightHrsModelReco R²: -114.7400 | NightHrsTrueNee vs NightHrsModelNee R²: -113.3900
Epoch  8000 | Train Loss: 0.507413 | Val Loss: 0.536664 | Train R²: -23.9614 | Val R²: -25.9870 | NightHrsTrueNEE vs NightHrsModelReco R²: -102.5500 | NightHrsTrueNee vs NightHrsModelNee R²: -101.3500
Epoch  8500 | Train Loss: 0.337581 | Val Loss: 0.361433 | Train R²: -15.6068 | Val R²: -17.1752 | NightHrsTrueNEE vs NightHrsModelReco R²: -53.7300 | NightHrsTrueNee vs NightHrsModelNee R²: -52.9600
Epoch  9000 | Train Loss: 0.249172 | Val Loss: 0.268650 | Train R²: -11.2576 | Val R²: -12.5095 | NightHrsTrueNEE vs NightHrsModelReco R²: -33.4000 | NightHrsTrueNee vs NightHrsModelNee R²: -32.8700
Epoch  9500 | Train Loss: 0.185092 | Val Loss: 0.200409 | Train R²: -8.1053 | Val R²: -9.0779 | NightHrsTrueNEE vs NightHrsModelReco R²: -22.3900 | NightHrsTrueNee vs NightHrsModelNee R²: -22.0100
Epoch 10000 | Train Loss: 0.138263 | Val Loss: 0.150247 | Train R²: -5.8016 | Val R²: -6.5554 | NightHrsTrueNEE vs NightHrsModelReco R²: -15.6700 | NightHrsTrueNee vs NightHrsModelNee R²: -15.3800
Epoch 10500 | Train Loss: 0.104387 | Val Loss: 0.113809 | Train R²: -4.1352 | Val R²: -4.7231 | NightHrsTrueNEE vs NightHrsModelReco R²: -11.2600 | NightHrsTrueNee vs NightHrsModelNee R²: -11.0400
Epoch 11000 | Train Loss: 0.080154 | Val Loss: 0.087610 | Train R²: -2.9431 | Val R²: -3.4056 | NightHrsTrueNEE vs NightHrsModelReco R²: -8.2600 | NightHrsTrueNee vs NightHrsModelNee R²: -8.1000
Epoch 11500 | Train Loss: 0.062829 | Val Loss: 0.068733 | Train R²: -2.0908 | Val R²: -2.4564 | NightHrsTrueNEE vs NightHrsModelReco R²: -6.1900 | NightHrsTrueNee vs NightHrsModelNee R²: -6.0700
Epoch 12000 | Train Loss: 0.050102 | Val Loss: 0.054764 | Train R²: -1.4647 | Val R²: -1.7539 | NightHrsTrueNEE vs NightHrsModelReco R²: -4.7000 | NightHrsTrueNee vs NightHrsModelNee R²: -4.6000
Epoch 12500 | Train Loss: 0.040468 | Val Loss: 0.044144 | Train R²: -0.9907 | Val R²: -1.2198 | NightHrsTrueNEE vs NightHrsModelReco R²: -3.5700 | NightHrsTrueNee vs NightHrsModelNee R²: -3.5000
Epoch 13000 | Train Loss: 0.033083 | Val Loss: 0.035986 | Train R²: -0.6275 | Val R²: -0.8096 | NightHrsTrueNEE vs NightHrsModelReco R²: -2.7300 | NightHrsTrueNee vs NightHrsModelNee R²: -2.6700
Epoch 13500 | Train Loss: 0.027441 | Val Loss: 0.029745 | Train R²: -0.3499 | Val R²: -0.4958 | NightHrsTrueNEE vs NightHrsModelReco R²: -2.0900 | NightHrsTrueNee vs NightHrsModelNee R²: -2.0500
Epoch 14000 | Train Loss: 0.023175 | Val Loss: 0.025020 | Train R²: -0.1400 | Val R²: -0.2581 | NightHrsTrueNEE vs NightHrsModelReco R²: -1.6200 | NightHrsTrueNee vs NightHrsModelNee R²: -1.5900
Epoch 14500 | Train Loss: 0.019953 | Val Loss: 0.021450 | Train R²: 0.0185 | Val R²: -0.0786 | NightHrsTrueNEE vs NightHrsModelReco R²: -1.2700 | NightHrsTrueNee vs NightHrsModelNee R²: -1.2400
Epoch 15000 | Train Loss: 0.017515 | Val Loss: 0.018746 | Train R²: 0.1384 | Val R²: 0.0573 | NightHrsTrueNEE vs NightHrsModelReco R²: -1.0000 | NightHrsTrueNee vs NightHrsModelNee R²: -0.9800
Epoch 15500 | Train Loss: 0.015717 | Val Loss: 0.016730 | Train R²: 0.2268 | Val R²: 0.1587 | NightHrsTrueNEE vs NightHrsModelReco R²: -0.8000 | NightHrsTrueNee vs NightHrsModelNee R²: -0.7800
Epoch 16000 | Train Loss: 0.014403 | Val Loss: 0.015235 | Train R²: 0.2915 | Val R²: 0.2339 | NightHrsTrueNEE vs NightHrsModelReco R²: -0.6400 | NightHrsTrueNee vs NightHrsModelNee R²: -0.6300
Epoch 16500 | Train Loss: 0.013416 | Val Loss: 0.014098 | Train R²: 0.3400 | Val R²: 0.2911 | NightHrsTrueNEE vs NightHrsModelReco R²: -0.5100 | NightHrsTrueNee vs NightHrsModelNee R²: -0.5000
Epoch 17000 | Train Loss: 0.012634 | Val Loss: 0.013195 | Train R²: 0.3785 | Val R²: 0.3365 | NightHrsTrueNEE vs NightHrsModelReco R²: -0.3900 | NightHrsTrueNee vs NightHrsModelNee R²: -0.3800
Epoch 17500 | Train Loss: 0.011841 | Val Loss: 0.012319 | Train R²: 0.4175 | Val R²: 0.3805 | NightHrsTrueNEE vs NightHrsModelReco R²: -0.2300 | NightHrsTrueNee vs NightHrsModelNee R²: -0.2200
Epoch 18000 | Train Loss: 0.010968 | Val Loss: 0.011327 | Train R²: 0.4604 | Val R²: 0.4304 | NightHrsTrueNEE vs NightHrsModelReco R²: -0.0600 | NightHrsTrueNee vs NightHrsModelNee R²: -0.0500
Epoch 18500 | Train Loss: 0.010196 | Val Loss: 0.010488 | Train R²: 0.4984 | Val R²: 0.4726 | NightHrsTrueNEE vs NightHrsModelReco R²: 0.0400 | NightHrsTrueNee vs NightHrsModelNee R²: 0.0500
Epoch 19000 | Train Loss: 0.009590 | Val Loss: 0.009849 | Train R²: 0.5282 | Val R²: 0.5047 | NightHrsTrueNEE vs NightHrsModelReco R²: 0.0800 | NightHrsTrueNee vs NightHrsModelNee R²: 0.0800
Epoch 19500 | Train Loss: 0.009009 | Val Loss: 0.009247 | Train R²: 0.5568 | Val R²: 0.5350 | NightHrsTrueNEE vs NightHrsModelReco R²: 0.1000 | NightHrsTrueNee vs NightHrsModelNee R²: 0.1100
Epoch 20000 | Train Loss: 0.008414 | Val Loss: 0.008654 | Train R²: 0.5861 | Val R²: 0.5648 | NightHrsTrueNEE vs NightHrsModelReco R²: 0.1300 | NightHrsTrueNee vs NightHrsModelNee R²: 0.1300
Epoch 20500 | Train Loss: 0.007800 | Val Loss: 0.008052 | Train R²: 0.6163 | Val R²: 0.5951 | NightHrsTrueNEE vs NightHrsModelReco R²: 0.1800 | NightHrsTrueNee vs NightHrsModelNee R²: 0.1800
Epoch 21000 | Train Loss: 0.007158 | Val Loss: 0.007403 | Train R²: 0.6479 | Val R²: 0.6277 | NightHrsTrueNEE vs NightHrsModelReco R²: 0.2400 | NightHrsTrueNee vs NightHrsModelNee R²: 0.2400
Epoch 21500 | Train Loss: 0.006558 | Val Loss: 0.006775 | Train R²: 0.6774 | Val R²: 0.6593 | NightHrsTrueNEE vs NightHrsModelReco R²: 0.2900 | NightHrsTrueNee vs NightHrsModelNee R²: 0.2900
Epoch 22000 | Train Loss: 0.006001 | Val Loss: 0.006184 | Train R²: 0.7048 | Val R²: 0.6890 | NightHrsTrueNEE vs NightHrsModelReco R²: 0.3400 | NightHrsTrueNee vs NightHrsModelNee R²: 0.3400
Epoch 22500 | Train Loss: 0.005485 | Val Loss: 0.005632 | Train R²: 0.7302 | Val R²: 0.7168 | NightHrsTrueNEE vs NightHrsModelReco R²: 0.3900 | NightHrsTrueNee vs NightHrsModelNee R²: 0.3900
Epoch 23000 | Train Loss: 0.005018 | Val Loss: 0.005128 | Train R²: 0.7531 | Val R²: 0.7421 | NightHrsTrueNEE vs NightHrsModelReco R²: 0.4400 | NightHrsTrueNee vs NightHrsModelNee R²: 0.4400
Epoch 23500 | Train Loss: 0.004603 | Val Loss: 0.004681 | Train R²: 0.7736 | Val R²: 0.7646 | NightHrsTrueNEE vs NightHrsModelReco R²: 0.4800 | NightHrsTrueNee vs NightHrsModelNee R²: 0.4800
Epoch 24000 | Train Loss: 0.004237 | Val Loss: 0.004290 | Train R²: 0.7916 | Val R²: 0.7843 | NightHrsTrueNEE vs NightHrsModelReco R²: 0.5200 | NightHrsTrueNee vs NightHrsModelNee R²: 0.5200
Epoch 24500 | Train Loss: 0.003905 | Val Loss: 0.003936 | Train R²: 0.8079 | Val R²: 0.8021 | NightHrsTrueNEE vs NightHrsModelReco R²: 0.5600 | NightHrsTrueNee vs NightHrsModelNee R²: 0.5600
Epoch 25000 | Train Loss: 0.003578 | Val Loss: 0.003587 | Train R²: 0.8240 | Val R²: 0.8196 | NightHrsTrueNEE vs NightHrsModelReco R²: 0.6000 | NightHrsTrueNee vs NightHrsModelNee R²: 0.6000
Epoch 25500 | Train Loss: 0.003185 | Val Loss: 0.003166 | Train R²: 0.8433 | Val R²: 0.8408 | NightHrsTrueNEE vs NightHrsModelReco R²: 0.6400 | NightHrsTrueNee vs NightHrsModelNee R²: 0.6400
Epoch 26000 | Train Loss: 0.002708 | Val Loss: 0.002668 | Train R²: 0.8668 | Val R²: 0.8658 | NightHrsTrueNEE vs NightHrsModelReco R²: 0.6800 | NightHrsTrueNee vs NightHrsModelNee R²: 0.6800
Epoch 26500 | Train Loss: 0.002370 | Val Loss: 0.002311 | Train R²: 0.8834 | Val R²: 0.8838 | NightHrsTrueNEE vs NightHrsModelReco R²: 0.7000 | NightHrsTrueNee vs NightHrsModelNee R²: 0.7000
Epoch 27000 | Train Loss: 0.002191 | Val Loss: 0.002114 | Train R²: 0.8922 | Val R²: 0.8937 | NightHrsTrueNEE vs NightHrsModelReco R²: 0.7200 | NightHrsTrueNee vs NightHrsModelNee R²: 0.7200
Epoch 27500 | Train Loss: 0.002090 | Val Loss: 0.002006 | Train R²: 0.8972 | Val R²: 0.8991 | NightHrsTrueNEE vs NightHrsModelReco R²: 0.7300 | NightHrsTrueNee vs NightHrsModelNee R²: 0.7300
Epoch 28000 | Train Loss: 0.002028 | Val Loss: 0.001942 | Train R²: 0.9002 | Val R²: 0.9023 | NightHrsTrueNEE vs NightHrsModelReco R²: 0.7400 | NightHrsTrueNee vs NightHrsModelNee R²: 0.7400
Epoch 28500 | Train Loss: 0.001986 | Val Loss: 0.001900 | Train R²: 0.9023 | Val R²: 0.9045 | NightHrsTrueNEE vs NightHrsModelReco R²: 0.7400 | NightHrsTrueNee vs NightHrsModelNee R²: 0.7400
Epoch 29000 | Train Loss: 0.001954 | Val Loss: 0.001868 | Train R²: 0.9039 | Val R²: 0.9060 | NightHrsTrueNEE vs NightHrsModelReco R²: 0.7500 | NightHrsTrueNee vs NightHrsModelNee R²: 0.7500
Epoch 29500 | Train Loss: 0.001928 | Val Loss: 0.001843 | Train R²: 0.9051 | Val R²: 0.9073 | NightHrsTrueNEE vs NightHrsModelReco R²: 0.7500 | NightHrsTrueNee vs NightHrsModelNee R²: 0.7500
Epoch 30000 | Train Loss: 0.001905 | Val Loss: 0.001821 | Train R²: 0.9063 | Val R²: 0.9084 | NightHrsTrueNEE vs NightHrsModelReco R²: 0.7500 | NightHrsTrueNee vs NightHrsModelNee R²: 0.7500
Early stopping at epoch 30173 due to flat/negative trend (slope=0.000002)
Epoch 30173 | Train Loss: 0.001898 | Val Loss: 0.001814 | Train R²: 0.9066 | Val R²: 0.9088
Unpickling models
Following models have been loaded and moved to cuda:
trained gpp model:
 SNN_GPP_Tram(
  (net): Sequential(
    (0): Linear(in_features=11, out_features=12, bias=True)
    (1): Tanh()
    (2): Linear(in_features=12, out_features=1, bias=True)
    (3): Sigmoid()
  )
), trained_reco_model:
 SNN_GPP_Tram(
  (net): Sequential(
    (0): Linear(in_features=9, out_features=12, bias=True)
    (1): Tanh()
    (2): Linear(in_features=12, out_features=1, bias=True)
    (3): Sigmoid()
  )
)
using full data set for visualization
Un-normalizing the GPP and RECO predictions using NEE min: tensor([-50.4310]), NEE max: tensor([42.8991])



Metrics for the Tramontana, with
GPP inputs: ['SW_IN', 'VPD', 'TA', 'WTD', 'WS', 'PotRad', 'PotRadDailyAvg', 'PotRadDailyDiff', 'WD_COS', 'WD_SIN', 'GPP_PROX']
RECO inputs: ['DOY_sin', 'DOY_cos', 'TA', 'TS_1', 'WTD', 'WS', 'WD_COS', 'WD_SIN', 'NIGHTLY_NEE_AVG']:
dt_gpp vs Tramontana_GPP R²=0.96 RMSE=1.66
nt_gpp vs Tramontana_GPP R²=0.91 RMSE=2.54
dt_reco vs Tramontana_RECO R²=0.69 RMSE=1.94
nt_reco vs Tramontana_RECO R²=0.84 RMSE=1.31
night_hours_true_nee vs Tramontana_night_hours_model_reco R²=0.75 RMSE=1.78
night_hours_true_nee vs Tramontana_night_hours_model_nee R²=0.75 RMSE=1.78
dt_gpp vs nt_gpp R²=0.90 RMSE=2.59
dt_reco vs nt_reco R²=0.77 RMSE=2.00

gpp_input_names,  ['SW_IN', 'VPD', 'TA', 'WTD', 'WS', 'PotRad', 'PotRadHalfHourlyDiff', 'PotRadDailyDiff', 'WD_COS', 'WD_SIN', 'GPP_PROX'] 
reco_input_names,  ['DOY_sin', 'DOY_cos', 'TA', 'TS_1', 'WTD', 'WS', 'WD_COS', 'WD_SIN', 'NIGHTLY_NEE_AVG'] 
true_nee_name,  ['NEE'] 

Tramontana Running on GPU With hidden layer size of 12 Total epochs: 100000 lr: 0.001 patience: 500 min_delta 0.01
SNN_GPP_Tram(
  (net): Sequential(
    (0): Linear(in_features=11, out_features=12, bias=True)
    (1): Tanh()
    (2): Linear(in_features=12, out_features=1, bias=True)
    (3): Sigmoid()
  )
)
SNN_RECO_Tram(
  (net): Sequential(
    (0): Linear(in_features=9, out_features=12, bias=True)
    (1): Tanh()
    (2): Linear(in_features=12, out_features=1, bias=True)
    (3): Sigmoid()
  )
)
Params are min slope: 2e-06, trend window: 100
Epoch     0 | Train Loss: 24254.705078 | Val Loss: 23006.681641 | Train R²: -1193171.8750 | Val R²: -1156925.6250 | NightHrsTrueNEE vs NightHrsModelReco R²: -52.1400 | NightHrsTrueNee vs NightHrsModelNee R²: -125.8300
Epoch   500 | Train Loss: 302.402893 | Val Loss: 298.137634 | Train R²: -14875.2441 | Val R²: -14991.3125 | NightHrsTrueNEE vs NightHrsModelReco R²: -145.3800 | NightHrsTrueNee vs NightHrsModelNee R²: -138.7600
Epoch  1000 | Train Loss: 69.441231 | Val Loss: 69.181778 | Train R²: -3415.0547 | Val R²: -3477.9131 | NightHrsTrueNEE vs NightHrsModelReco R²: -155.4400 | NightHrsTrueNee vs NightHrsModelNee R²: -147.3000
Epoch  1500 | Train Loss: 28.602646 | Val Loss: 28.700977 | Train R²: -1406.0632 | Val R²: -1442.2732 | NightHrsTrueNEE vs NightHrsModelReco R²: -159.3800 | NightHrsTrueNee vs NightHrsModelNee R²: -152.0800
Epoch  2000 | Train Loss: 14.867972 | Val Loss: 15.007313 | Train R²: -730.4070 | Val R²: -753.6659 | NightHrsTrueNEE vs NightHrsModelReco R²: -161.5000 | NightHrsTrueNee vs NightHrsModelNee R²: -155.0700
Epoch  2500 | Train Loss: 8.734083 | Val Loss: 8.862955 | Train R²: -428.6598 | Val R²: -444.6875 | NightHrsTrueNEE vs NightHrsModelReco R²: -162.8100 | NightHrsTrueNee vs NightHrsModelNee R²: -157.1300
Epoch  3000 | Train Loss: 5.536234 | Val Loss: 5.646194 | Train R²: -271.3466 | Val R²: -282.9276 | NightHrsTrueNEE vs NightHrsModelReco R²: -163.6800 | NightHrsTrueNee vs NightHrsModelNee R²: -158.6200
Epoch  3500 | Train Loss: 3.703733 | Val Loss: 3.795477 | Train R²: -181.1994 | Val R²: -189.8615 | NightHrsTrueNEE vs NightHrsModelReco R²: -164.2800 | NightHrsTrueNee vs NightHrsModelNee R²: -159.7300
Epoch  4000 | Train Loss: 2.587424 | Val Loss: 2.663529 | Train R²: -126.2843 | Val R²: -132.9397 | NightHrsTrueNEE vs NightHrsModelReco R²: -164.6700 | NightHrsTrueNee vs NightHrsModelNee R²: -160.5700
Epoch  4500 | Train Loss: 1.879411 | Val Loss: 1.942561 | Train R²: -91.4547 | Val R²: -96.6847 | NightHrsTrueNEE vs NightHrsModelReco R²: -164.8900 | NightHrsTrueNee vs NightHrsModelNee R²: -161.1600
Epoch  5000 | Train Loss: 1.418385 | Val Loss: 1.470942 | Train R²: -68.7752 | Val R²: -72.9686 | NightHrsTrueNEE vs NightHrsModelReco R²: -164.8400 | NightHrsTrueNee vs NightHrsModelNee R²: -161.4500
Epoch  5500 | Train Loss: 1.112684 | Val Loss: 1.156641 | Train R²: -53.7368 | Val R²: -57.1635 | NightHrsTrueNEE vs NightHrsModelReco R²: -163.7900 | NightHrsTrueNee vs NightHrsModelNee R²: -160.6900
Epoch  6000 | Train Loss: 0.901347 | Val Loss: 0.937916 | Train R²: -43.3404 | Val R²: -46.1645 | NightHrsTrueNEE vs NightHrsModelReco R²: -153.1500 | NightHrsTrueNee vs NightHrsModelNee R²: -150.4000
Epoch  6500 | Train Loss: 0.740966 | Val Loss: 0.771505 | Train R²: -35.4507 | Val R²: -37.7963 | NightHrsTrueNEE vs NightHrsModelReco R²: -133.8400 | NightHrsTrueNee vs NightHrsModelNee R²: -131.4700
Epoch  7000 | Train Loss: 0.618319 | Val Loss: 0.644331 | Train R²: -29.4172 | Val R²: -31.4012 | NightHrsTrueNEE vs NightHrsModelReco R²: -121.0000 | NightHrsTrueNee vs NightHrsModelNee R²: -118.8800
Epoch  7500 | Train Loss: 0.518727 | Val Loss: 0.540007 | Train R²: -24.5180 | Val R²: -26.1551 | NightHrsTrueNEE vs NightHrsModelReco R²: -108.4200 | NightHrsTrueNee vs NightHrsModelNee R²: -106.5400
Epoch  8000 | Train Loss: 0.368989 | Val Loss: 0.385536 | Train R²: -17.1518 | Val R²: -18.3873 | NightHrsTrueNEE vs NightHrsModelReco R²: -72.3600 | NightHrsTrueNee vs NightHrsModelNee R²: -70.9300
Epoch  8500 | Train Loss: 0.261155 | Val Loss: 0.273478 | Train R²: -11.8471 | Val R²: -12.7523 | NightHrsTrueNEE vs NightHrsModelReco R²: -38.9600 | NightHrsTrueNee vs NightHrsModelNee R²: -38.0900
Epoch  9000 | Train Loss: 0.193495 | Val Loss: 0.202996 | Train R²: -8.5187 | Val R²: -9.2080 | NightHrsTrueNEE vs NightHrsModelReco R²: -25.5000 | NightHrsTrueNee vs NightHrsModelNee R²: -24.8900
Epoch  9500 | Train Loss: 0.144385 | Val Loss: 0.151636 | Train R²: -6.1028 | Val R²: -6.6253 | NightHrsTrueNEE vs NightHrsModelReco R²: -17.6100 | NightHrsTrueNee vs NightHrsModelNee R²: -17.1600
Epoch 10000 | Train Loss: 0.108792 | Val Loss: 0.114333 | Train R²: -4.3519 | Val R²: -4.7494 | NightHrsTrueNEE vs NightHrsModelReco R²: -12.5000 | NightHrsTrueNee vs NightHrsModelNee R²: -12.1700
Epoch 10500 | Train Loss: 0.083055 | Val Loss: 0.087284 | Train R²: -3.0858 | Val R²: -3.3892 | NightHrsTrueNEE vs NightHrsModelReco R²: -9.0500 | NightHrsTrueNee vs NightHrsModelNee R²: -8.8000
Epoch 11000 | Train Loss: 0.064413 | Val Loss: 0.067638 | Train R²: -2.1687 | Val R²: -2.4013 | NightHrsTrueNEE vs NightHrsModelReco R²: -6.6500 | NightHrsTrueNee vs NightHrsModelNee R²: -6.4600
Epoch 11500 | Train Loss: 0.050837 | Val Loss: 0.053301 | Train R²: -1.5009 | Val R²: -1.6803 | NightHrsTrueNEE vs NightHrsModelReco R²: -4.9500 | NightHrsTrueNee vs NightHrsModelNee R²: -4.8100
Epoch 12000 | Train Loss: 0.040845 | Val Loss: 0.042735 | Train R²: -1.0093 | Val R²: -1.1490 | NightHrsTrueNEE vs NightHrsModelReco R²: -3.7300 | NightHrsTrueNee vs NightHrsModelNee R²: -3.6200
Epoch 12500 | Train Loss: 0.033395 | Val Loss: 0.034850 | Train R²: -0.6428 | Val R²: -0.7525 | NightHrsTrueNEE vs NightHrsModelReco R²: -2.8400 | NightHrsTrueNee vs NightHrsModelNee R²: -2.7500
Epoch 13000 | Train Loss: 0.027789 | Val Loss: 0.028908 | Train R²: -0.3670 | Val R²: -0.4537 | NightHrsTrueNEE vs NightHrsModelReco R²: -2.1700 | NightHrsTrueNee vs NightHrsModelNee R²: -2.1000
Epoch 13500 | Train Loss: 0.023558 | Val Loss: 0.024419 | Train R²: -0.1589 | Val R²: -0.2280 | NightHrsTrueNEE vs NightHrsModelReco R²: -1.6600 | NightHrsTrueNee vs NightHrsModelNee R²: -1.6100
Epoch 14000 | Train Loss: 0.020372 | Val Loss: 0.021037 | Train R²: -0.0022 | Val R²: -0.0579 | NightHrsTrueNEE vs NightHrsModelReco R²: -1.2800 | NightHrsTrueNee vs NightHrsModelNee R²: -1.2400
Epoch 14500 | Train Loss: 0.017975 | Val Loss: 0.018492 | Train R²: 0.1157 | Val R²: 0.0701 | NightHrsTrueNEE vs NightHrsModelReco R²: -0.9900 | NightHrsTrueNee vs NightHrsModelNee R²: -0.9600
Epoch 15000 | Train Loss: 0.016179 | Val Loss: 0.016580 | Train R²: 0.2041 | Val R²: 0.1662 | NightHrsTrueNEE vs NightHrsModelReco R²: -0.7600 | NightHrsTrueNee vs NightHrsModelNee R²: -0.7400
Epoch 15500 | Train Loss: 0.014822 | Val Loss: 0.015132 | Train R²: 0.2708 | Val R²: 0.2391 | NightHrsTrueNEE vs NightHrsModelReco R²: -0.5800 | NightHrsTrueNee vs NightHrsModelNee R²: -0.5700
Epoch 16000 | Train Loss: 0.013756 | Val Loss: 0.013990 | Train R²: 0.3233 | Val R²: 0.2965 | NightHrsTrueNEE vs NightHrsModelReco R²: -0.4300 | NightHrsTrueNee vs NightHrsModelNee R²: -0.4100
Epoch 16500 | Train Loss: 0.012853 | Val Loss: 0.013033 | Train R²: 0.3677 | Val R²: 0.3446 | NightHrsTrueNEE vs NightHrsModelReco R²: -0.2800 | NightHrsTrueNee vs NightHrsModelNee R²: -0.2700
Epoch 17000 | Train Loss: 0.012038 | Val Loss: 0.012190 | Train R²: 0.4078 | Val R²: 0.3870 | NightHrsTrueNEE vs NightHrsModelReco R²: -0.1500 | NightHrsTrueNee vs NightHrsModelNee R²: -0.1400
Epoch 17500 | Train Loss: 0.011287 | Val Loss: 0.011411 | Train R²: 0.4448 | Val R²: 0.4262 | NightHrsTrueNEE vs NightHrsModelReco R²: -0.0400 | NightHrsTrueNee vs NightHrsModelNee R²: -0.0400
Epoch 18000 | Train Loss: 0.010618 | Val Loss: 0.010701 | Train R²: 0.4777 | Val R²: 0.4619 | NightHrsTrueNEE vs NightHrsModelReco R²: 0.0300 | NightHrsTrueNee vs NightHrsModelNee R²: 0.0400
Epoch 18500 | Train Loss: 0.010018 | Val Loss: 0.010072 | Train R²: 0.5072 | Val R²: 0.4935 | NightHrsTrueNEE vs NightHrsModelReco R²: 0.0800 | NightHrsTrueNee vs NightHrsModelNee R²: 0.0900
Epoch 19000 | Train Loss: 0.009437 | Val Loss: 0.009480 | Train R²: 0.5358 | Val R²: 0.5233 | NightHrsTrueNEE vs NightHrsModelReco R²: 0.1300 | NightHrsTrueNee vs NightHrsModelNee R²: 0.1300
Epoch 19500 | Train Loss: 0.008851 | Val Loss: 0.008904 | Train R²: 0.5646 | Val R²: 0.5522 | NightHrsTrueNEE vs NightHrsModelReco R²: 0.1600 | NightHrsTrueNee vs NightHrsModelNee R²: 0.1600
Epoch 20000 | Train Loss: 0.008252 | Val Loss: 0.008329 | Train R²: 0.5941 | Val R²: 0.5812 | NightHrsTrueNEE vs NightHrsModelReco R²: 0.1800 | NightHrsTrueNee vs NightHrsModelNee R²: 0.1900
Epoch 20500 | Train Loss: 0.007634 | Val Loss: 0.007736 | Train R²: 0.6245 | Val R²: 0.6110 | NightHrsTrueNEE vs NightHrsModelReco R²: 0.2100 | NightHrsTrueNee vs NightHrsModelNee R²: 0.2200
Epoch 21000 | Train Loss: 0.007020 | Val Loss: 0.007141 | Train R²: 0.6547 | Val R²: 0.6409 | NightHrsTrueNEE vs NightHrsModelReco R²: 0.2500 | NightHrsTrueNee vs NightHrsModelNee R²: 0.2500
Epoch 21500 | Train Loss: 0.006428 | Val Loss: 0.006551 | Train R²: 0.6838 | Val R²: 0.6706 | NightHrsTrueNEE vs NightHrsModelReco R²: 0.2900 | NightHrsTrueNee vs NightHrsModelNee R²: 0.3000
Epoch 22000 | Train Loss: 0.005858 | Val Loss: 0.005963 | Train R²: 0.7118 | Val R²: 0.7002 | NightHrsTrueNEE vs NightHrsModelReco R²: 0.3500 | NightHrsTrueNee vs NightHrsModelNee R²: 0.3500
Epoch 22500 | Train Loss: 0.005307 | Val Loss: 0.005383 | Train R²: 0.7389 | Val R²: 0.7293 | NightHrsTrueNEE vs NightHrsModelReco R²: 0.4000 | NightHrsTrueNee vs NightHrsModelNee R²: 0.4000
Epoch 23000 | Train Loss: 0.004767 | Val Loss: 0.004817 | Train R²: 0.7655 | Val R²: 0.7577 | NightHrsTrueNEE vs NightHrsModelReco R²: 0.4500 | NightHrsTrueNee vs NightHrsModelNee R²: 0.4500
Epoch 23500 | Train Loss: 0.004226 | Val Loss: 0.004253 | Train R²: 0.7921 | Val R²: 0.7861 | NightHrsTrueNEE vs NightHrsModelReco R²: 0.5100 | NightHrsTrueNee vs NightHrsModelNee R²: 0.5100
Epoch 24000 | Train Loss: 0.003683 | Val Loss: 0.003685 | Train R²: 0.8188 | Val R²: 0.8147 | NightHrsTrueNEE vs NightHrsModelReco R²: 0.5600 | NightHrsTrueNee vs NightHrsModelNee R²: 0.5600
Epoch 24500 | Train Loss: 0.003191 | Val Loss: 0.003163 | Train R²: 0.8430 | Val R²: 0.8409 | NightHrsTrueNEE vs NightHrsModelReco R²: 0.6200 | NightHrsTrueNee vs NightHrsModelNee R²: 0.6200
Epoch 25000 | Train Loss: 0.002839 | Val Loss: 0.002791 | Train R²: 0.8604 | Val R²: 0.8597 | NightHrsTrueNEE vs NightHrsModelReco R²: 0.6600 | NightHrsTrueNee vs NightHrsModelNee R²: 0.6600
Epoch 25500 | Train Loss: 0.002623 | Val Loss: 0.002559 | Train R²: 0.8710 | Val R²: 0.8713 | NightHrsTrueNEE vs NightHrsModelReco R²: 0.6800 | NightHrsTrueNee vs NightHrsModelNee R²: 0.6800
Epoch 26000 | Train Loss: 0.002459 | Val Loss: 0.002384 | Train R²: 0.8790 | Val R²: 0.8801 | NightHrsTrueNEE vs NightHrsModelReco R²: 0.6900 | NightHrsTrueNee vs NightHrsModelNee R²: 0.6900
Epoch 26500 | Train Loss: 0.002313 | Val Loss: 0.002233 | Train R²: 0.8862 | Val R²: 0.8877 | NightHrsTrueNEE vs NightHrsModelReco R²: 0.7000 | NightHrsTrueNee vs NightHrsModelNee R²: 0.7000
Epoch 27000 | Train Loss: 0.002192 | Val Loss: 0.002110 | Train R²: 0.8922 | Val R²: 0.8939 | NightHrsTrueNEE vs NightHrsModelReco R²: 0.7100 | NightHrsTrueNee vs NightHrsModelNee R²: 0.7100
Epoch 27500 | Train Loss: 0.002104 | Val Loss: 0.002023 | Train R²: 0.8965 | Val R²: 0.8983 | NightHrsTrueNEE vs NightHrsModelReco R²: 0.7200 | NightHrsTrueNee vs NightHrsModelNee R²: 0.7200
Epoch 28000 | Train Loss: 0.002043 | Val Loss: 0.001966 | Train R²: 0.8995 | Val R²: 0.9011 | NightHrsTrueNEE vs NightHrsModelReco R²: 0.7200 | NightHrsTrueNee vs NightHrsModelNee R²: 0.7200
Epoch 28500 | Train Loss: 0.001995 | Val Loss: 0.001921 | Train R²: 0.9018 | Val R²: 0.9034 | NightHrsTrueNEE vs NightHrsModelReco R²: 0.7300 | NightHrsTrueNee vs NightHrsModelNee R²: 0.7300
Epoch 29000 | Train Loss: 0.001957 | Val Loss: 0.001885 | Train R²: 0.9037 | Val R²: 0.9052 | NightHrsTrueNEE vs NightHrsModelReco R²: 0.7300 | NightHrsTrueNee vs NightHrsModelNee R²: 0.7300
Epoch 29500 | Train Loss: 0.001926 | Val Loss: 0.001856 | Train R²: 0.9052 | Val R²: 0.9066 | NightHrsTrueNEE vs NightHrsModelReco R²: 0.7300 | NightHrsTrueNee vs NightHrsModelNee R²: 0.7300
Epoch 30000 | Train Loss: 0.001901 | Val Loss: 0.001833 | Train R²: 0.9065 | Val R²: 0.9078 | NightHrsTrueNEE vs NightHrsModelReco R²: 0.7400 | NightHrsTrueNee vs NightHrsModelNee R²: 0.7400
Early stopping at epoch 30037 due to flat/negative trend (slope=0.000002)
Epoch 30037 | Train Loss: 0.001900 | Val Loss: 0.001834 | Train R²: 0.9065 | Val R²: 0.9078
Unpickling models
Following models have been loaded and moved to cuda:
trained gpp model:
 SNN_GPP_Tram(
  (net): Sequential(
    (0): Linear(in_features=11, out_features=12, bias=True)
    (1): Tanh()
    (2): Linear(in_features=12, out_features=1, bias=True)
    (3): Sigmoid()
  )
), trained_reco_model:
 SNN_GPP_Tram(
  (net): Sequential(
    (0): Linear(in_features=9, out_features=12, bias=True)
    (1): Tanh()
    (2): Linear(in_features=12, out_features=1, bias=True)
    (3): Sigmoid()
  )
)
using full data set for visualization
Un-normalizing the GPP and RECO predictions using NEE min: tensor([-50.4310]), NEE max: tensor([42.8991])



Metrics for the Tramontana, with
GPP inputs: ['SW_IN', 'VPD', 'TA', 'WTD', 'WS', 'PotRad', 'PotRadHalfHourlyDiff', 'PotRadDailyDiff', 'WD_COS', 'WD_SIN', 'GPP_PROX']
RECO inputs: ['DOY_sin', 'DOY_cos', 'TA', 'TS_1', 'WTD', 'WS', 'WD_COS', 'WD_SIN', 'NIGHTLY_NEE_AVG']:
dt_gpp vs Tramontana_GPP R²=0.95 RMSE=1.78
nt_gpp vs Tramontana_GPP R²=0.91 RMSE=2.49
dt_reco vs Tramontana_RECO R²=0.70 RMSE=1.91
nt_reco vs Tramontana_RECO R²=0.86 RMSE=1.23
night_hours_true_nee vs Tramontana_night_hours_model_reco R²=0.74 RMSE=1.81
night_hours_true_nee vs Tramontana_night_hours_model_nee R²=0.74 RMSE=1.81
dt_gpp vs nt_gpp R²=0.90 RMSE=2.59
dt_reco vs nt_reco R²=0.77 RMSE=2.00

gpp_input_names,  ['SW_IN', 'VPD', 'TA', 'WTD', 'WS', 'PotRad', 'PotRadHalfHourlyDiff', 'PotRadDailyAvg', 'WD_COS', 'WD_SIN', 'GPP_PROX'] 
reco_input_names,  ['DOY_sin', 'DOY_cos', 'TA', 'TS_1', 'WTD', 'WS', 'WD_COS', 'WD_SIN', 'NIGHTLY_NEE_AVG'] 
true_nee_name,  ['NEE'] 

Tramontana Running on GPU With hidden layer size of 12 Total epochs: 100000 lr: 0.001 patience: 500 min_delta 0.01
SNN_GPP_Tram(
  (net): Sequential(
    (0): Linear(in_features=11, out_features=12, bias=True)
    (1): Tanh()
    (2): Linear(in_features=12, out_features=1, bias=True)
    (3): Sigmoid()
  )
)
SNN_RECO_Tram(
  (net): Sequential(
    (0): Linear(in_features=9, out_features=12, bias=True)
    (1): Tanh()
    (2): Linear(in_features=12, out_features=1, bias=True)
    (3): Sigmoid()
  )
)
Params are min slope: 2e-06, trend window: 100
Epoch     0 | Train Loss: 23831.191406 | Val Loss: 22596.347656 | Train R²: -1172337.7500 | Val R²: -1136291.3750 | NightHrsTrueNEE vs NightHrsModelReco R²: -52.1400 | NightHrsTrueNee vs NightHrsModelNee R²: -125.6200
Epoch   500 | Train Loss: 184.745972 | Val Loss: 181.823746 | Train R²: -9087.2939 | Val R²: -9142.2900 | NightHrsTrueNEE vs NightHrsModelReco R²: -141.3500 | NightHrsTrueNee vs NightHrsModelNee R²: -134.2800
Epoch  1000 | Train Loss: 47.134239 | Val Loss: 46.691833 | Train R²: -2317.6965 | Val R²: -2346.9709 | NightHrsTrueNEE vs NightHrsModelReco R²: -152.2900 | NightHrsTrueNee vs NightHrsModelNee R²: -145.4500
Epoch  1500 | Train Loss: 20.784538 | Val Loss: 20.663733 | Train R²: -1021.4634 | Val R²: -1038.1079 | NightHrsTrueNEE vs NightHrsModelReco R²: -156.9000 | NightHrsTrueNee vs NightHrsModelNee R²: -151.0600
Epoch  2000 | Train Loss: 11.293548 | Val Loss: 11.259718 | Train R²: -554.5687 | Val R²: -565.2125 | NightHrsTrueNEE vs NightHrsModelReco R²: -159.4100 | NightHrsTrueNee vs NightHrsModelNee R²: -154.3900
Epoch  2500 | Train Loss: 6.858797 | Val Loss: 6.855635 | Train R²: -336.4079 | Val R²: -343.7462 | NightHrsTrueNEE vs NightHrsModelReco R²: -160.9100 | NightHrsTrueNee vs NightHrsModelNee R²: -156.5300
Epoch  3000 | Train Loss: 4.472569 | Val Loss: 4.481316 | Train R²: -219.0211 | Val R²: -224.3499 | NightHrsTrueNEE vs NightHrsModelReco R²: -161.7800 | NightHrsTrueNee vs NightHrsModelNee R²: -157.9300
Epoch  3500 | Train Loss: 3.072844 | Val Loss: 3.086091 | Train R²: -150.1638 | Val R²: -154.1889 | NightHrsTrueNEE vs NightHrsModelReco R²: -162.1200 | NightHrsTrueNee vs NightHrsModelNee R²: -158.6900
Epoch  4000 | Train Loss: 2.204046 | Val Loss: 2.218646 | Train R²: -107.4247 | Val R²: -110.5681 | NightHrsTrueNEE vs NightHrsModelReco R²: -161.4800 | NightHrsTrueNee vs NightHrsModelNee R²: -158.4100
Epoch  4500 | Train Loss: 1.640155 | Val Loss: 1.654845 | Train R²: -79.6849 | Val R²: -82.2165 | NightHrsTrueNEE vs NightHrsModelReco R²: -155.6700 | NightHrsTrueNee vs NightHrsModelNee R²: -152.9500
Epoch  5000 | Train Loss: 1.259272 | Val Loss: 1.273293 | Train R²: -60.9479 | Val R²: -63.0295 | NightHrsTrueNEE vs NightHrsModelReco R²: -145.1700 | NightHrsTrueNee vs NightHrsModelNee R²: -142.7700
Epoch  5500 | Train Loss: 0.990695 | Val Loss: 1.006139 | Train R²: -47.7357 | Val R²: -49.5953 | NightHrsTrueNEE vs NightHrsModelReco R²: -132.8600 | NightHrsTrueNee vs NightHrsModelNee R²: -130.7900
Epoch  6000 | Train Loss: 0.796446 | Val Loss: 0.811320 | Train R²: -38.1799 | Val R²: -39.7985 | NightHrsTrueNEE vs NightHrsModelReco R²: -122.2600 | NightHrsTrueNee vs NightHrsModelNee R²: -120.4600
Epoch  6500 | Train Loss: 0.652794 | Val Loss: 0.665941 | Train R²: -31.1132 | Val R²: -32.4879 | NightHrsTrueNEE vs NightHrsModelReco R²: -113.8500 | NightHrsTrueNee vs NightHrsModelNee R²: -112.2600
Epoch  7000 | Train Loss: 0.534738 | Val Loss: 0.545502 | Train R²: -25.3056 | Val R²: -26.4314 | NightHrsTrueNEE vs NightHrsModelReco R²: -102.8700 | NightHrsTrueNee vs NightHrsModelNee R²: -101.4700
Epoch  7500 | Train Loss: 0.392515 | Val Loss: 0.397833 | Train R²: -18.3092 | Val R²: -19.0056 | NightHrsTrueNEE vs NightHrsModelReco R²: -70.1700 | NightHrsTrueNee vs NightHrsModelNee R²: -69.1000
Epoch  8000 | Train Loss: 0.288458 | Val Loss: 0.292010 | Train R²: -13.1902 | Val R²: -13.6842 | NightHrsTrueNEE vs NightHrsModelReco R²: -42.3100 | NightHrsTrueNee vs NightHrsModelNee R²: -41.5700
Epoch  8500 | Train Loss: 0.215335 | Val Loss: 0.218355 | Train R²: -9.5931 | Val R²: -9.9803 | NightHrsTrueNEE vs NightHrsModelReco R²: -27.7900 | NightHrsTrueNee vs NightHrsModelNee R²: -27.2700
Epoch  9000 | Train Loss: 0.161514 | Val Loss: 0.163908 | Train R²: -6.9454 | Val R²: -7.2424 | NightHrsTrueNEE vs NightHrsModelReco R²: -19.2700 | NightHrsTrueNee vs NightHrsModelNee R²: -18.8900
Epoch  9500 | Train Loss: 0.121856 | Val Loss: 0.123709 | Train R²: -4.9945 | Val R²: -5.2209 | NightHrsTrueNEE vs NightHrsModelReco R²: -13.7800 | NightHrsTrueNee vs NightHrsModelNee R²: -13.5000
Epoch 10000 | Train Loss: 0.092883 | Val Loss: 0.094261 | Train R²: -3.5692 | Val R²: -3.7401 | NightHrsTrueNEE vs NightHrsModelReco R²: -10.0600 | NightHrsTrueNee vs NightHrsModelNee R²: -9.8500
Epoch 10500 | Train Loss: 0.071778 | Val Loss: 0.072769 | Train R²: -2.5310 | Val R²: -2.6593 | NightHrsTrueNEE vs NightHrsModelReco R²: -7.4700 | NightHrsTrueNee vs NightHrsModelNee R²: -7.3000
Epoch 11000 | Train Loss: 0.056385 | Val Loss: 0.057094 | Train R²: -1.7738 | Val R²: -1.8711 | NightHrsTrueNEE vs NightHrsModelReco R²: -5.6300 | NightHrsTrueNee vs NightHrsModelNee R²: -5.5100
Epoch 11500 | Train Loss: 0.045099 | Val Loss: 0.045613 | Train R²: -1.2186 | Val R²: -1.2937 | NightHrsTrueNEE vs NightHrsModelReco R²: -4.3200 | NightHrsTrueNee vs NightHrsModelNee R²: -4.2200
Epoch 12000 | Train Loss: 0.036752 | Val Loss: 0.037130 | Train R²: -0.8079 | Val R²: -0.8672 | NightHrsTrueNEE vs NightHrsModelReco R²: -3.3600 | NightHrsTrueNee vs NightHrsModelNee R²: -3.2900
Epoch 12500 | Train Loss: 0.030524 | Val Loss: 0.030798 | Train R²: -0.5016 | Val R²: -0.5487 | NightHrsTrueNEE vs NightHrsModelReco R²: -2.6500 | NightHrsTrueNee vs NightHrsModelNee R²: -2.5900
Epoch 13000 | Train Loss: 0.025850 | Val Loss: 0.026036 | Train R²: -0.2717 | Val R²: -0.3092 | NightHrsTrueNEE vs NightHrsModelReco R²: -2.1100 | NightHrsTrueNee vs NightHrsModelNee R²: -2.0700
Epoch 13500 | Train Loss: 0.022348 | Val Loss: 0.022453 | Train R²: -0.0994 | Val R²: -0.1291 | NightHrsTrueNEE vs NightHrsModelReco R²: -1.7100 | NightHrsTrueNee vs NightHrsModelNee R²: -1.6700
Epoch 14000 | Train Loss: 0.019738 | Val Loss: 0.019774 | Train R²: 0.0290 | Val R²: 0.0056 | NightHrsTrueNEE vs NightHrsModelReco R²: -1.4000 | NightHrsTrueNee vs NightHrsModelNee R²: -1.3700
Epoch 14500 | Train Loss: 0.017797 | Val Loss: 0.017778 | Train R²: 0.1245 | Val R²: 0.1060 | NightHrsTrueNEE vs NightHrsModelReco R²: -1.1600 | NightHrsTrueNee vs NightHrsModelNee R²: -1.1400
Epoch 15000 | Train Loss: 0.016337 | Val Loss: 0.016280 | Train R²: 0.1963 | Val R²: 0.1813 | NightHrsTrueNEE vs NightHrsModelReco R²: -0.9700 | NightHrsTrueNee vs NightHrsModelNee R²: -0.9500
Epoch 15500 | Train Loss: 0.015215 | Val Loss: 0.015134 | Train R²: 0.2515 | Val R²: 0.2390 | NightHrsTrueNEE vs NightHrsModelReco R²: -0.8200 | NightHrsTrueNee vs NightHrsModelNee R²: -0.8100
Epoch 16000 | Train Loss: 0.014332 | Val Loss: 0.014245 | Train R²: 0.2949 | Val R²: 0.2837 | NightHrsTrueNEE vs NightHrsModelReco R²: -0.6900 | NightHrsTrueNee vs NightHrsModelNee R²: -0.6800
Epoch 16500 | Train Loss: 0.013589 | Val Loss: 0.013507 | Train R²: 0.3315 | Val R²: 0.3208 | NightHrsTrueNEE vs NightHrsModelReco R²: -0.5500 | NightHrsTrueNee vs NightHrsModelNee R²: -0.5500
Epoch 17000 | Train Loss: 0.012887 | Val Loss: 0.012813 | Train R²: 0.3660 | Val R²: 0.3557 | NightHrsTrueNEE vs NightHrsModelReco R²: -0.3900 | NightHrsTrueNee vs NightHrsModelNee R²: -0.3800
Epoch 17500 | Train Loss: 0.012122 | Val Loss: 0.012050 | Train R²: 0.4037 | Val R²: 0.3940 | NightHrsTrueNEE vs NightHrsModelReco R²: -0.2100 | NightHrsTrueNee vs NightHrsModelNee R²: -0.2100
Epoch 18000 | Train Loss: 0.011356 | Val Loss: 0.011252 | Train R²: 0.4414 | Val R²: 0.4342 | NightHrsTrueNEE vs NightHrsModelReco R²: -0.0900 | NightHrsTrueNee vs NightHrsModelNee R²: -0.0800
Epoch 18500 | Train Loss: 0.010700 | Val Loss: 0.010558 | Train R²: 0.4736 | Val R²: 0.4691 | NightHrsTrueNEE vs NightHrsModelReco R²: -0.0200 | NightHrsTrueNee vs NightHrsModelNee R²: -0.0200
Epoch 19000 | Train Loss: 0.010121 | Val Loss: 0.009962 | Train R²: 0.5021 | Val R²: 0.4991 | NightHrsTrueNEE vs NightHrsModelReco R²: 0.0200 | NightHrsTrueNee vs NightHrsModelNee R²: 0.0200
Epoch 19500 | Train Loss: 0.009510 | Val Loss: 0.009335 | Train R²: 0.5322 | Val R²: 0.5306 | NightHrsTrueNEE vs NightHrsModelReco R²: 0.0600 | NightHrsTrueNee vs NightHrsModelNee R²: 0.0600
Epoch 20000 | Train Loss: 0.008870 | Val Loss: 0.008694 | Train R²: 0.5637 | Val R²: 0.5628 | NightHrsTrueNEE vs NightHrsModelReco R²: 0.0900 | NightHrsTrueNee vs NightHrsModelNee R²: 0.0900
Epoch 20500 | Train Loss: 0.008255 | Val Loss: 0.008100 | Train R²: 0.5939 | Val R²: 0.5927 | NightHrsTrueNEE vs NightHrsModelReco R²: 0.1100 | NightHrsTrueNee vs NightHrsModelNee R²: 0.1200
Epoch 21000 | Train Loss: 0.007642 | Val Loss: 0.007508 | Train R²: 0.6241 | Val R²: 0.6225 | NightHrsTrueNEE vs NightHrsModelReco R²: 0.1500 | NightHrsTrueNee vs NightHrsModelNee R²: 0.1500
Epoch 21500 | Train Loss: 0.007013 | Val Loss: 0.006906 | Train R²: 0.6550 | Val R²: 0.6527 | NightHrsTrueNEE vs NightHrsModelReco R²: 0.2000 | NightHrsTrueNee vs NightHrsModelNee R²: 0.2000
Epoch 22000 | Train Loss: 0.006374 | Val Loss: 0.006289 | Train R²: 0.6865 | Val R²: 0.6838 | NightHrsTrueNEE vs NightHrsModelReco R²: 0.2500 | NightHrsTrueNee vs NightHrsModelNee R²: 0.2600
Epoch 22500 | Train Loss: 0.005711 | Val Loss: 0.005654 | Train R²: 0.7191 | Val R²: 0.7157 | NightHrsTrueNEE vs NightHrsModelReco R²: 0.3300 | NightHrsTrueNee vs NightHrsModelNee R²: 0.3300
Epoch 23000 | Train Loss: 0.005028 | Val Loss: 0.005001 | Train R²: 0.7527 | Val R²: 0.7485 | NightHrsTrueNEE vs NightHrsModelReco R²: 0.4000 | NightHrsTrueNee vs NightHrsModelNee R²: 0.4000
Epoch 23500 | Train Loss: 0.004424 | Val Loss: 0.004407 | Train R²: 0.7824 | Val R²: 0.7784 | NightHrsTrueNEE vs NightHrsModelReco R²: 0.4700 | NightHrsTrueNee vs NightHrsModelNee R²: 0.4700
Epoch 24000 | Train Loss: 0.003920 | Val Loss: 0.003899 | Train R²: 0.8071 | Val R²: 0.8039 | NightHrsTrueNEE vs NightHrsModelReco R²: 0.5300 | NightHrsTrueNee vs NightHrsModelNee R²: 0.5300
Epoch 24500 | Train Loss: 0.003513 | Val Loss: 0.003484 | Train R²: 0.8272 | Val R²: 0.8248 | NightHrsTrueNEE vs NightHrsModelReco R²: 0.5700 | NightHrsTrueNee vs NightHrsModelNee R²: 0.5700
Epoch 25000 | Train Loss: 0.003185 | Val Loss: 0.003149 | Train R²: 0.8433 | Val R²: 0.8416 | NightHrsTrueNEE vs NightHrsModelReco R²: 0.6100 | NightHrsTrueNee vs NightHrsModelNee R²: 0.6100
Epoch 25500 | Train Loss: 0.002914 | Val Loss: 0.002867 | Train R²: 0.8567 | Val R²: 0.8558 | NightHrsTrueNEE vs NightHrsModelReco R²: 0.6400 | NightHrsTrueNee vs NightHrsModelNee R²: 0.6400
Epoch 26000 | Train Loss: 0.002690 | Val Loss: 0.002625 | Train R²: 0.8677 | Val R²: 0.8680 | NightHrsTrueNEE vs NightHrsModelReco R²: 0.6700 | NightHrsTrueNee vs NightHrsModelNee R²: 0.6700
Epoch 26500 | Train Loss: 0.002509 | Val Loss: 0.002435 | Train R²: 0.8766 | Val R²: 0.8776 | NightHrsTrueNEE vs NightHrsModelReco R²: 0.6900 | NightHrsTrueNee vs NightHrsModelNee R²: 0.6900
Epoch 27000 | Train Loss: 0.002361 | Val Loss: 0.002285 | Train R²: 0.8839 | Val R²: 0.8851 | NightHrsTrueNEE vs NightHrsModelReco R²: 0.7000 | NightHrsTrueNee vs NightHrsModelNee R²: 0.7000
Epoch 27500 | Train Loss: 0.002239 | Val Loss: 0.002162 | Train R²: 0.8898 | Val R²: 0.8913 | NightHrsTrueNEE vs NightHrsModelReco R²: 0.7000 | NightHrsTrueNee vs NightHrsModelNee R²: 0.7000
Epoch 28000 | Train Loss: 0.002143 | Val Loss: 0.002065 | Train R²: 0.8946 | Val R²: 0.8962 | NightHrsTrueNEE vs NightHrsModelReco R²: 0.7100 | NightHrsTrueNee vs NightHrsModelNee R²: 0.7100
Epoch 28500 | Train Loss: 0.002070 | Val Loss: 0.001992 | Train R²: 0.8982 | Val R²: 0.8998 | NightHrsTrueNEE vs NightHrsModelReco R²: 0.7200 | NightHrsTrueNee vs NightHrsModelNee R²: 0.7200
Epoch 29000 | Train Loss: 0.002020 | Val Loss: 0.001942 | Train R²: 0.9006 | Val R²: 0.9024 | NightHrsTrueNEE vs NightHrsModelReco R²: 0.7200 | NightHrsTrueNee vs NightHrsModelNee R²: 0.7200
Epoch 29500 | Train Loss: 0.001985 | Val Loss: 0.001908 | Train R²: 0.9023 | Val R²: 0.9041 | NightHrsTrueNEE vs NightHrsModelReco R²: 0.7200 | NightHrsTrueNee vs NightHrsModelNee R²: 0.7200
Epoch 30000 | Train Loss: 0.001958 | Val Loss: 0.001881 | Train R²: 0.9037 | Val R²: 0.9054 | NightHrsTrueNEE vs NightHrsModelReco R²: 0.7300 | NightHrsTrueNee vs NightHrsModelNee R²: 0.7300
Epoch 30500 | Train Loss: 0.001935 | Val Loss: 0.001859 | Train R²: 0.9048 | Val R²: 0.9065 | NightHrsTrueNEE vs NightHrsModelReco R²: 0.7300 | NightHrsTrueNee vs NightHrsModelNee R²: 0.7300
Epoch 31000 | Train Loss: 0.001912 | Val Loss: 0.001839 | Train R²: 0.9059 | Val R²: 0.9075 | NightHrsTrueNEE vs NightHrsModelReco R²: 0.7300 | NightHrsTrueNee vs NightHrsModelNee R²: 0.7300
Epoch 31500 | Train Loss: 0.001888 | Val Loss: 0.001817 | Train R²: 0.9071 | Val R²: 0.9086 | NightHrsTrueNEE vs NightHrsModelReco R²: 0.7400 | NightHrsTrueNee vs NightHrsModelNee R²: 0.7400
Epoch 32000 | Train Loss: 0.001863 | Val Loss: 0.001795 | Train R²: 0.9084 | Val R²: 0.9097 | NightHrsTrueNEE vs NightHrsModelReco R²: 0.7400 | NightHrsTrueNee vs NightHrsModelNee R²: 0.7400
Early stopping at epoch 32185 due to flat/negative trend (slope=0.000002)
Epoch 32185 | Train Loss: 0.001854 | Val Loss: 0.001788 | Train R²: 0.9088 | Val R²: 0.9101
Unpickling models
Following models have been loaded and moved to cuda:
trained gpp model:
 SNN_GPP_Tram(
  (net): Sequential(
    (0): Linear(in_features=11, out_features=12, bias=True)
    (1): Tanh()
    (2): Linear(in_features=12, out_features=1, bias=True)
    (3): Sigmoid()
  )
), trained_reco_model:
 SNN_GPP_Tram(
  (net): Sequential(
    (0): Linear(in_features=9, out_features=12, bias=True)
    (1): Tanh()
    (2): Linear(in_features=12, out_features=1, bias=True)
    (3): Sigmoid()
  )
)
using full data set for visualization
Un-normalizing the GPP and RECO predictions using NEE min: tensor([-50.4310]), NEE max: tensor([42.8991])



Metrics for the Tramontana, with
GPP inputs: ['SW_IN', 'VPD', 'TA', 'WTD', 'WS', 'PotRad', 'PotRadHalfHourlyDiff', 'PotRadDailyAvg', 'WD_COS', 'WD_SIN', 'GPP_PROX']
RECO inputs: ['DOY_sin', 'DOY_cos', 'TA', 'TS_1', 'WTD', 'WS', 'WD_COS', 'WD_SIN', 'NIGHTLY_NEE_AVG']:
dt_gpp vs Tramontana_GPP R²=0.96 RMSE=1.68
nt_gpp vs Tramontana_GPP R²=0.91 RMSE=2.48
dt_reco vs Tramontana_RECO R²=0.71 RMSE=1.87
nt_reco vs Tramontana_RECO R²=0.85 RMSE=1.27
night_hours_true_nee vs Tramontana_night_hours_model_reco R²=0.74 RMSE=1.80
night_hours_true_nee vs Tramontana_night_hours_model_nee R²=0.74 RMSE=1.80
dt_gpp vs nt_gpp R²=0.90 RMSE=2.59
dt_reco vs nt_reco R²=0.77 RMSE=2.00

gpp_input_names,  ['SW_IN', 'VPD', 'TA', 'WTD', 'WS', 'PotRad', 'PotRadHalfHourlyDiff', 'PotRadDailyAvg', 'PotRadDailyDiff', 'WD_SIN', 'GPP_PROX'] 
reco_input_names,  ['DOY_sin', 'DOY_cos', 'TA', 'TS_1', 'WTD', 'WS', 'WD_COS', 'WD_SIN', 'NIGHTLY_NEE_AVG'] 
true_nee_name,  ['NEE'] 

Tramontana Running on GPU With hidden layer size of 12 Total epochs: 100000 lr: 0.001 patience: 500 min_delta 0.01
SNN_GPP_Tram(
  (net): Sequential(
    (0): Linear(in_features=11, out_features=12, bias=True)
    (1): Tanh()
    (2): Linear(in_features=12, out_features=1, bias=True)
    (3): Sigmoid()
  )
)
SNN_RECO_Tram(
  (net): Sequential(
    (0): Linear(in_features=9, out_features=12, bias=True)
    (1): Tanh()
    (2): Linear(in_features=12, out_features=1, bias=True)
    (3): Sigmoid()
  )
)
Params are min slope: 2e-06, trend window: 100
Epoch     0 | Train Loss: 23756.021484 | Val Loss: 22511.687500 | Train R²: -1168640.0000 | Val R²: -1132034.0000 | NightHrsTrueNEE vs NightHrsModelReco R²: -52.1400 | NightHrsTrueNee vs NightHrsModelNee R²: -125.7600
Epoch   500 | Train Loss: 180.637756 | Val Loss: 179.267532 | Train R²: -8885.1973 | Val R²: -9013.7461 | NightHrsTrueNEE vs NightHrsModelReco R²: -141.6700 | NightHrsTrueNee vs NightHrsModelNee R²: -134.2100
Epoch  1000 | Train Loss: 45.918556 | Val Loss: 46.142513 | Train R²: -2257.8923 | Val R²: -2319.3477 | NightHrsTrueNEE vs NightHrsModelReco R²: -152.5700 | NightHrsTrueNee vs NightHrsModelNee R²: -145.6700
Epoch  1500 | Train Loss: 20.217426 | Val Loss: 20.469635 | Train R²: -993.5652 | Val R²: -1028.3474 | NightHrsTrueNEE vs NightHrsModelReco R²: -157.2000 | NightHrsTrueNee vs NightHrsModelNee R²: -151.3800
Epoch  2000 | Train Loss: 10.973365 | Val Loss: 11.176929 | Train R²: -538.8178 | Val R²: -561.0493 | NightHrsTrueNEE vs NightHrsModelReco R²: -159.7500 | NightHrsTrueNee vs NightHrsModelNee R²: -154.7800
Epoch  2500 | Train Loss: 6.658227 | Val Loss: 6.817552 | Train R²: -326.5412 | Val R²: -341.8311 | NightHrsTrueNEE vs NightHrsModelReco R²: -161.3200 | NightHrsTrueNee vs NightHrsModelNee R²: -157.0100
Epoch  3000 | Train Loss: 4.338523 | Val Loss: 4.463719 | Train R²: -212.4270 | Val R²: -223.4650 | NightHrsTrueNEE vs NightHrsModelReco R²: -162.3400 | NightHrsTrueNee vs NightHrsModelNee R²: -158.5500
Epoch  3500 | Train Loss: 2.979381 | Val Loss: 3.078712 | Train R²: -145.5661 | Val R²: -153.8178 | NightHrsTrueNEE vs NightHrsModelReco R²: -162.9700 | NightHrsTrueNee vs NightHrsModelNee R²: -159.6100
Epoch  4000 | Train Loss: 2.137527 | Val Loss: 2.217109 | Train R²: -104.1524 | Val R²: -110.4908 | NightHrsTrueNEE vs NightHrsModelReco R²: -163.2400 | NightHrsTrueNee vs NightHrsModelNee R²: -160.2300
Epoch  4500 | Train Loss: 1.596259 | Val Loss: 1.660611 | Train R²: -77.5255 | Val R²: -82.5064 | NightHrsTrueNEE vs NightHrsModelReco R²: -162.7700 | NightHrsTrueNee vs NightHrsModelNee R²: -160.0700
Epoch  5000 | Train Loss: 1.233630 | Val Loss: 1.286341 | Train R²: -59.6865 | Val R²: -63.6857 | NightHrsTrueNEE vs NightHrsModelReco R²: -156.7900 | NightHrsTrueNee vs NightHrsModelNee R²: -154.4200
Epoch  5500 | Train Loss: 0.959937 | Val Loss: 1.001966 | Train R²: -46.2226 | Val R²: -49.3854 | NightHrsTrueNEE vs NightHrsModelReco R²: -129.8700 | NightHrsTrueNee vs NightHrsModelNee R²: -128.0300
Epoch  6000 | Train Loss: 0.773047 | Val Loss: 0.807141 | Train R²: -37.0289 | Val R²: -39.5884 | NightHrsTrueNEE vs NightHrsModelReco R²: -122.9900 | NightHrsTrueNee vs NightHrsModelNee R²: -121.3600
Epoch  6500 | Train Loss: 0.641550 | Val Loss: 0.669315 | Train R²: -30.5601 | Val R²: -32.6575 | NightHrsTrueNEE vs NightHrsModelReco R²: -117.2900 | NightHrsTrueNee vs NightHrsModelNee R²: -115.8400
Epoch  7000 | Train Loss: 0.542143 | Val Loss: 0.564180 | Train R²: -25.6699 | Val R²: -27.3707 | NightHrsTrueNEE vs NightHrsModelReco R²: -109.6400 | NightHrsTrueNee vs NightHrsModelNee R²: -108.3500
Epoch  7500 | Train Loss: 0.442577 | Val Loss: 0.458179 | Train R²: -20.7719 | Val R²: -22.0402 | NightHrsTrueNEE vs NightHrsModelReco R²: -93.1100 | NightHrsTrueNee vs NightHrsModelNee R²: -91.9900
Epoch  8000 | Train Loss: 0.299789 | Val Loss: 0.313220 | Train R²: -13.7477 | Val R²: -14.7508 | NightHrsTrueNEE vs NightHrsModelReco R²: -46.9400 | NightHrsTrueNee vs NightHrsModelNee R²: -46.1600
Epoch  8500 | Train Loss: 0.218949 | Val Loss: 0.229824 | Train R²: -9.7709 | Val R²: -10.5571 | NightHrsTrueNEE vs NightHrsModelReco R²: -28.4500 | NightHrsTrueNee vs NightHrsModelNee R²: -27.9200
Epoch  9000 | Train Loss: 0.161350 | Val Loss: 0.169881 | Train R²: -6.9374 | Val R²: -7.5427 | NightHrsTrueNEE vs NightHrsModelReco R²: -18.9000 | NightHrsTrueNee vs NightHrsModelNee R²: -18.5300
Epoch  9500 | Train Loss: 0.120200 | Val Loss: 0.126600 | Train R²: -4.9131 | Val R²: -5.3663 | NightHrsTrueNEE vs NightHrsModelReco R²: -13.1600 | NightHrsTrueNee vs NightHrsModelNee R²: -12.8800
Epoch 10000 | Train Loss: 0.090904 | Val Loss: 0.095695 | Train R²: -3.4719 | Val R²: -3.8122 | NightHrsTrueNEE vs NightHrsModelReco R²: -9.4300 | NightHrsTrueNee vs NightHrsModelNee R²: -9.2200
Epoch 10500 | Train Loss: 0.069935 | Val Loss: 0.073554 | Train R²: -2.4404 | Val R²: -2.6988 | NightHrsTrueNEE vs NightHrsModelReco R²: -6.8900 | NightHrsTrueNee vs NightHrsModelNee R²: -6.7300
Epoch 11000 | Train Loss: 0.054777 | Val Loss: 0.057531 | Train R²: -1.6947 | Val R²: -1.8930 | NightHrsTrueNEE vs NightHrsModelReco R²: -5.1200 | NightHrsTrueNee vs NightHrsModelNee R²: -5.0000
Epoch 11500 | Train Loss: 0.043682 | Val Loss: 0.045788 | Train R²: -1.1489 | Val R²: -1.3025 | NightHrsTrueNEE vs NightHrsModelReco R²: -3.8600 | NightHrsTrueNee vs NightHrsModelNee R²: -3.7700
Epoch 12000 | Train Loss: 0.035454 | Val Loss: 0.037066 | Train R²: -0.7441 | Val R²: -0.8639 | NightHrsTrueNEE vs NightHrsModelReco R²: -2.9400 | NightHrsTrueNee vs NightHrsModelNee R²: -2.8700
Epoch 12500 | Train Loss: 0.029293 | Val Loss: 0.030528 | Train R²: -0.4410 | Val R²: -0.5351 | NightHrsTrueNEE vs NightHrsModelReco R²: -2.2600 | NightHrsTrueNee vs NightHrsModelNee R²: -2.2100
Epoch 13000 | Train Loss: 0.024665 | Val Loss: 0.025615 | Train R²: -0.2134 | Val R²: -0.2881 | NightHrsTrueNEE vs NightHrsModelReco R²: -1.7600 | NightHrsTrueNee vs NightHrsModelNee R²: -1.7200
Epoch 13500 | Train Loss: 0.021192 | Val Loss: 0.021931 | Train R²: -0.0425 | Val R²: -0.1028 | NightHrsTrueNEE vs NightHrsModelReco R²: -1.3800 | NightHrsTrueNee vs NightHrsModelNee R²: -1.3500
Epoch 14000 | Train Loss: 0.018601 | Val Loss: 0.019180 | Train R²: 0.0850 | Val R²: 0.0355 | NightHrsTrueNEE vs NightHrsModelReco R²: -1.1000 | NightHrsTrueNee vs NightHrsModelNee R²: -1.0800
Epoch 14500 | Train Loss: 0.016684 | Val Loss: 0.017139 | Train R²: 0.1793 | Val R²: 0.1381 | NightHrsTrueNEE vs NightHrsModelReco R²: -0.8900 | NightHrsTrueNee vs NightHrsModelNee R²: -0.8700
Epoch 15000 | Train Loss: 0.015271 | Val Loss: 0.015630 | Train R²: 0.2488 | Val R²: 0.2140 | NightHrsTrueNEE vs NightHrsModelReco R²: -0.7300 | NightHrsTrueNee vs NightHrsModelNee R²: -0.7100
Epoch 15500 | Train Loss: 0.014219 | Val Loss: 0.014506 | Train R²: 0.3005 | Val R²: 0.2706 | NightHrsTrueNEE vs NightHrsModelReco R²: -0.6000 | NightHrsTrueNee vs NightHrsModelNee R²: -0.5800
Epoch 16000 | Train Loss: 0.013406 | Val Loss: 0.013640 | Train R²: 0.3405 | Val R²: 0.3141 | NightHrsTrueNEE vs NightHrsModelReco R²: -0.4800 | NightHrsTrueNee vs NightHrsModelNee R²: -0.4700
Epoch 16500 | Train Loss: 0.012732 | Val Loss: 0.012929 | Train R²: 0.3737 | Val R²: 0.3498 | NightHrsTrueNEE vs NightHrsModelReco R²: -0.3800 | NightHrsTrueNee vs NightHrsModelNee R²: -0.3700
Epoch 17000 | Train Loss: 0.012106 | Val Loss: 0.012287 | Train R²: 0.4045 | Val R²: 0.3821 | NightHrsTrueNEE vs NightHrsModelReco R²: -0.2700 | NightHrsTrueNee vs NightHrsModelNee R²: -0.2600
Epoch 17500 | Train Loss: 0.011460 | Val Loss: 0.011638 | Train R²: 0.4362 | Val R²: 0.4148 | NightHrsTrueNEE vs NightHrsModelReco R²: -0.1500 | NightHrsTrueNee vs NightHrsModelNee R²: -0.1400
Epoch 18000 | Train Loss: 0.010693 | Val Loss: 0.010861 | Train R²: 0.4740 | Val R²: 0.4539 | NightHrsTrueNEE vs NightHrsModelReco R²: -0.0100 | NightHrsTrueNee vs NightHrsModelNee R²: -0.0100
Epoch 18500 | Train Loss: 0.009910 | Val Loss: 0.010060 | Train R²: 0.5125 | Val R²: 0.4941 | NightHrsTrueNEE vs NightHrsModelReco R²: 0.0700 | NightHrsTrueNee vs NightHrsModelNee R²: 0.0700
Epoch 19000 | Train Loss: 0.009286 | Val Loss: 0.009410 | Train R²: 0.5432 | Val R²: 0.5268 | NightHrsTrueNEE vs NightHrsModelReco R²: 0.1100 | NightHrsTrueNee vs NightHrsModelNee R²: 0.1100
Epoch 19500 | Train Loss: 0.008722 | Val Loss: 0.008832 | Train R²: 0.5709 | Val R²: 0.5559 | NightHrsTrueNEE vs NightHrsModelReco R²: 0.1400 | NightHrsTrueNee vs NightHrsModelNee R²: 0.1400
Epoch 20000 | Train Loss: 0.008133 | Val Loss: 0.008238 | Train R²: 0.5999 | Val R²: 0.5857 | NightHrsTrueNEE vs NightHrsModelReco R²: 0.1800 | NightHrsTrueNee vs NightHrsModelNee R²: 0.1800
Epoch 20500 | Train Loss: 0.007495 | Val Loss: 0.007570 | Train R²: 0.6313 | Val R²: 0.6193 | NightHrsTrueNEE vs NightHrsModelReco R²: 0.2300 | NightHrsTrueNee vs NightHrsModelNee R²: 0.2300
Epoch 21000 | Train Loss: 0.006854 | Val Loss: 0.006894 | Train R²: 0.6628 | Val R²: 0.6533 | NightHrsTrueNEE vs NightHrsModelReco R²: 0.2800 | NightHrsTrueNee vs NightHrsModelNee R²: 0.2800
Epoch 21500 | Train Loss: 0.006247 | Val Loss: 0.006274 | Train R²: 0.6927 | Val R²: 0.6845 | NightHrsTrueNEE vs NightHrsModelReco R²: 0.3300 | NightHrsTrueNee vs NightHrsModelNee R²: 0.3300
Epoch 22000 | Train Loss: 0.005678 | Val Loss: 0.005701 | Train R²: 0.7207 | Val R²: 0.7133 | NightHrsTrueNEE vs NightHrsModelReco R²: 0.3800 | NightHrsTrueNee vs NightHrsModelNee R²: 0.3800
Epoch 22500 | Train Loss: 0.005155 | Val Loss: 0.005173 | Train R²: 0.7464 | Val R²: 0.7399 | NightHrsTrueNEE vs NightHrsModelReco R²: 0.4200 | NightHrsTrueNee vs NightHrsModelNee R²: 0.4200
Epoch 23000 | Train Loss: 0.004676 | Val Loss: 0.004684 | Train R²: 0.7700 | Val R²: 0.7645 | NightHrsTrueNEE vs NightHrsModelReco R²: 0.4700 | NightHrsTrueNee vs NightHrsModelNee R²: 0.4700
Epoch 23500 | Train Loss: 0.004241 | Val Loss: 0.004235 | Train R²: 0.7914 | Val R²: 0.7870 | NightHrsTrueNEE vs NightHrsModelReco R²: 0.5100 | NightHrsTrueNee vs NightHrsModelNee R²: 0.5100
Epoch 24000 | Train Loss: 0.003841 | Val Loss: 0.003827 | Train R²: 0.8110 | Val R²: 0.8076 | NightHrsTrueNEE vs NightHrsModelReco R²: 0.5500 | NightHrsTrueNee vs NightHrsModelNee R²: 0.5500
Epoch 24500 | Train Loss: 0.003467 | Val Loss: 0.003447 | Train R²: 0.8294 | Val R²: 0.8267 | NightHrsTrueNEE vs NightHrsModelReco R²: 0.5900 | NightHrsTrueNee vs NightHrsModelNee R²: 0.5900
Epoch 25000 | Train Loss: 0.003122 | Val Loss: 0.003093 | Train R²: 0.8464 | Val R²: 0.8445 | NightHrsTrueNEE vs NightHrsModelReco R²: 0.6300 | NightHrsTrueNee vs NightHrsModelNee R²: 0.6300
Epoch 25500 | Train Loss: 0.002818 | Val Loss: 0.002772 | Train R²: 0.8614 | Val R²: 0.8606 | NightHrsTrueNEE vs NightHrsModelReco R²: 0.6600 | NightHrsTrueNee vs NightHrsModelNee R²: 0.6600
Epoch 26000 | Train Loss: 0.002569 | Val Loss: 0.002509 | Train R²: 0.8736 | Val R²: 0.8738 | NightHrsTrueNEE vs NightHrsModelReco R²: 0.6900 | NightHrsTrueNee vs NightHrsModelNee R²: 0.6900
Epoch 26500 | Train Loss: 0.002379 | Val Loss: 0.002310 | Train R²: 0.8830 | Val R²: 0.8838 | NightHrsTrueNEE vs NightHrsModelReco R²: 0.7000 | NightHrsTrueNee vs NightHrsModelNee R²: 0.7000
Epoch 27000 | Train Loss: 0.002234 | Val Loss: 0.002159 | Train R²: 0.8901 | Val R²: 0.8914 | NightHrsTrueNEE vs NightHrsModelReco R²: 0.7200 | NightHrsTrueNee vs NightHrsModelNee R²: 0.7200
Epoch 27500 | Train Loss: 0.002118 | Val Loss: 0.002040 | Train R²: 0.8958 | Val R²: 0.8974 | NightHrsTrueNEE vs NightHrsModelReco R²: 0.7200 | NightHrsTrueNee vs NightHrsModelNee R²: 0.7200
Epoch 28000 | Train Loss: 0.002024 | Val Loss: 0.001948 | Train R²: 0.9004 | Val R²: 0.9020 | NightHrsTrueNEE vs NightHrsModelReco R²: 0.7300 | NightHrsTrueNee vs NightHrsModelNee R²: 0.7300
Epoch 28500 | Train Loss: 0.001951 | Val Loss: 0.001882 | Train R²: 0.9040 | Val R²: 0.9054 | NightHrsTrueNEE vs NightHrsModelReco R²: 0.7400 | NightHrsTrueNee vs NightHrsModelNee R²: 0.7400
Epoch 29000 | Train Loss: 0.001902 | Val Loss: 0.001839 | Train R²: 0.9064 | Val R²: 0.9075 | NightHrsTrueNEE vs NightHrsModelReco R²: 0.7400 | NightHrsTrueNee vs NightHrsModelNee R²: 0.7400
Early stopping at epoch 29492 due to flat/negative trend (slope=0.000002)
Epoch 29492 | Train Loss: 0.001873 | Val Loss: 0.001815 | Train R²: 0.9079 | Val R²: 0.9087
Unpickling models
Following models have been loaded and moved to cuda:
trained gpp model:
 SNN_GPP_Tram(
  (net): Sequential(
    (0): Linear(in_features=11, out_features=12, bias=True)
    (1): Tanh()
    (2): Linear(in_features=12, out_features=1, bias=True)
    (3): Sigmoid()
  )
), trained_reco_model:
 SNN_GPP_Tram(
  (net): Sequential(
    (0): Linear(in_features=9, out_features=12, bias=True)
    (1): Tanh()
    (2): Linear(in_features=12, out_features=1, bias=True)
    (3): Sigmoid()
  )
)
using full data set for visualization
Un-normalizing the GPP and RECO predictions using NEE min: tensor([-50.4310]), NEE max: tensor([42.8991])



Metrics for the Tramontana, with
GPP inputs: ['SW_IN', 'VPD', 'TA', 'WTD', 'WS', 'PotRad', 'PotRadHalfHourlyDiff', 'PotRadDailyAvg', 'PotRadDailyDiff', 'WD_SIN', 'GPP_PROX']
RECO inputs: ['DOY_sin', 'DOY_cos', 'TA', 'TS_1', 'WTD', 'WS', 'WD_COS', 'WD_SIN', 'NIGHTLY_NEE_AVG']:
dt_gpp vs Tramontana_GPP R²=0.96 RMSE=1.69
nt_gpp vs Tramontana_GPP R²=0.91 RMSE=2.53
dt_reco vs Tramontana_RECO R²=0.67 RMSE=1.99
nt_reco vs Tramontana_RECO R²=0.84 RMSE=1.34
night_hours_true_nee vs Tramontana_night_hours_model_reco R²=0.75 RMSE=1.80
night_hours_true_nee vs Tramontana_night_hours_model_nee R²=0.75 RMSE=1.80
dt_gpp vs nt_gpp R²=0.90 RMSE=2.59
dt_reco vs nt_reco R²=0.77 RMSE=2.00

gpp_input_names,  ['SW_IN', 'VPD', 'TA', 'WTD', 'WS', 'PotRad', 'PotRadHalfHourlyDiff', 'PotRadDailyAvg', 'PotRadDailyDiff', 'WD_COS', 'GPP_PROX'] 
reco_input_names,  ['DOY_sin', 'DOY_cos', 'TA', 'TS_1', 'WTD', 'WS', 'WD_COS', 'WD_SIN', 'NIGHTLY_NEE_AVG'] 
true_nee_name,  ['NEE'] 

Tramontana Running on GPU With hidden layer size of 12 Total epochs: 100000 lr: 0.001 patience: 500 min_delta 0.01
SNN_GPP_Tram(
  (net): Sequential(
    (0): Linear(in_features=11, out_features=12, bias=True)
    (1): Tanh()
    (2): Linear(in_features=12, out_features=1, bias=True)
    (3): Sigmoid()
  )
)
SNN_RECO_Tram(
  (net): Sequential(
    (0): Linear(in_features=9, out_features=12, bias=True)
    (1): Tanh()
    (2): Linear(in_features=12, out_features=1, bias=True)
    (3): Sigmoid()
  )
)
Params are min slope: 2e-06, trend window: 100
Epoch     0 | Train Loss: 23962.339844 | Val Loss: 22901.517578 | Train R²: -1178789.2500 | Val R²: -1151637.2500 | NightHrsTrueNEE vs NightHrsModelReco R²: -52.2000 | NightHrsTrueNee vs NightHrsModelNee R²: -129.1300
Epoch   500 | Train Loss: 184.749756 | Val Loss: 184.274994 | Train R²: -9087.4795 | Val R²: -9265.5537 | NightHrsTrueNEE vs NightHrsModelReco R²: -142.8700 | NightHrsTrueNee vs NightHrsModelNee R²: -135.6900
Epoch  1000 | Train Loss: 47.025139 | Val Loss: 47.497570 | Train R²: -2312.3293 | Val R²: -2387.4888 | NightHrsTrueNEE vs NightHrsModelReco R²: -153.3500 | NightHrsTrueNee vs NightHrsModelNee R²: -146.6400
Epoch  1500 | Train Loss: 20.715401 | Val Loss: 21.082211 | Train R²: -1018.0624 | Val R²: -1059.1516 | NightHrsTrueNEE vs NightHrsModelReco R²: -157.7600 | NightHrsTrueNee vs NightHrsModelNee R²: -152.0700
Epoch  2000 | Train Loss: 11.243022 | Val Loss: 11.510727 | Train R²: -552.0831 | Val R²: -577.8347 | NightHrsTrueNEE vs NightHrsModelReco R²: -160.1900 | NightHrsTrueNee vs NightHrsModelNee R²: -155.3000
Epoch  2500 | Train Loss: 6.819091 | Val Loss: 7.018011 | Train R²: -334.4547 | Val R²: -351.9115 | NightHrsTrueNEE vs NightHrsModelReco R²: -161.7100 | NightHrsTrueNee vs NightHrsModelNee R²: -157.4400
Epoch  3000 | Train Loss: 4.440244 | Val Loss: 4.591325 | Train R²: -217.4310 | Val R²: -229.8819 | NightHrsTrueNEE vs NightHrsModelReco R²: -162.7100 | NightHrsTrueNee vs NightHrsModelNee R²: -158.9500
Epoch  3500 | Train Loss: 3.046227 | Val Loss: 3.163094 | Train R²: -148.8544 | Val R²: -158.0611 | NightHrsTrueNEE vs NightHrsModelReco R²: -163.3900 | NightHrsTrueNee vs NightHrsModelNee R²: -160.0400
Epoch  4000 | Train Loss: 2.182767 | Val Loss: 2.274509 | Train R²: -106.3778 | Val R²: -113.3772 | NightHrsTrueNEE vs NightHrsModelReco R²: -163.8400 | NightHrsTrueNee vs NightHrsModelNee R²: -160.8300
Epoch  4500 | Train Loss: 1.628196 | Val Loss: 1.701079 | Train R²: -79.0966 | Val R²: -84.5414 | NightHrsTrueNEE vs NightHrsModelReco R²: -164.0800 | NightHrsTrueNee vs NightHrsModelNee R²: -161.3600
Epoch  5000 | Train Loss: 1.263643 | Val Loss: 1.322135 | Train R²: -61.1630 | Val R²: -65.4856 | NightHrsTrueNEE vs NightHrsModelReco R²: -164.1200 | NightHrsTrueNee vs NightHrsModelNee R²: -161.6500
Epoch  5500 | Train Loss: 1.020557 | Val Loss: 1.067946 | Train R²: -49.2047 | Val R²: -52.7033 | NightHrsTrueNEE vs NightHrsModelReco R²: -163.8600 | NightHrsTrueNee vs NightHrsModelNee R²: -161.6100
Epoch  6000 | Train Loss: 0.856646 | Val Loss: 0.895493 | Train R²: -41.1414 | Val R²: -44.0313 | NightHrsTrueNEE vs NightHrsModelReco R²: -162.9400 | NightHrsTrueNee vs NightHrsModelNee R²: -160.8800
Epoch  6500 | Train Loss: 0.730493 | Val Loss: 0.764786 | Train R²: -34.9355 | Val R²: -37.4585 | NightHrsTrueNEE vs NightHrsModelReco R²: -151.6100 | NightHrsTrueNee vs NightHrsModelNee R²: -149.8100
Epoch  7000 | Train Loss: 0.604715 | Val Loss: 0.632421 | Train R²: -28.7480 | Val R²: -30.8023 | NightHrsTrueNEE vs NightHrsModelReco R²: -121.8400 | NightHrsTrueNee vs NightHrsModelNee R²: -120.3800
Epoch  7500 | Train Loss: 0.480752 | Val Loss: 0.499298 | Train R²: -22.6498 | Val R²: -24.1080 | NightHrsTrueNEE vs NightHrsModelReco R²: -105.4900 | NightHrsTrueNee vs NightHrsModelNee R²: -104.1900
Epoch  8000 | Train Loss: 0.320777 | Val Loss: 0.332908 | Train R²: -14.7801 | Val R²: -15.7408 | NightHrsTrueNEE vs NightHrsModelReco R²: -57.4100 | NightHrsTrueNee vs NightHrsModelNee R²: -56.5300
Epoch  8500 | Train Loss: 0.227937 | Val Loss: 0.239608 | Train R²: -10.2130 | Val R²: -11.0491 | NightHrsTrueNEE vs NightHrsModelReco R²: -30.2000 | NightHrsTrueNee vs NightHrsModelNee R²: -29.6400
Epoch  9000 | Train Loss: 0.166999 | Val Loss: 0.176343 | Train R²: -7.2153 | Val R²: -7.8677 | NightHrsTrueNEE vs NightHrsModelReco R²: -19.6600 | NightHrsTrueNee vs NightHrsModelNee R²: -19.2600
Epoch  9500 | Train Loss: 0.123810 | Val Loss: 0.131026 | Train R²: -5.0907 | Val R²: -5.5888 | NightHrsTrueNEE vs NightHrsModelReco R²: -13.7200 | NightHrsTrueNee vs NightHrsModelNee R²: -13.4200
Epoch 10000 | Train Loss: 0.093080 | Val Loss: 0.098609 | Train R²: -3.5789 | Val R²: -3.9587 | NightHrsTrueNEE vs NightHrsModelReco R²: -9.8500 | NightHrsTrueNee vs NightHrsModelNee R²: -9.6300
Epoch 10500 | Train Loss: 0.071256 | Val Loss: 0.075482 | Train R²: -2.5053 | Val R²: -2.7957 | NightHrsTrueNEE vs NightHrsModelReco R²: -7.2100 | NightHrsTrueNee vs NightHrsModelNee R²: -7.0500
Epoch 11000 | Train Loss: 0.055684 | Val Loss: 0.058908 | Train R²: -1.7393 | Val R²: -1.9623 | NightHrsTrueNEE vs NightHrsModelReco R²: -5.3800 | NightHrsTrueNee vs NightHrsModelNee R²: -5.2600
Epoch 11500 | Train Loss: 0.044402 | Val Loss: 0.046852 | Train R²: -1.1843 | Val R²: -1.3560 | NightHrsTrueNEE vs NightHrsModelReco R²: -4.0900 | NightHrsTrueNee vs NightHrsModelNee R²: -3.9900
Epoch 12000 | Train Loss: 0.036070 | Val Loss: 0.037921 | Train R²: -0.7744 | Val R²: -0.9069 | NightHrsTrueNEE vs NightHrsModelReco R²: -3.1400 | NightHrsTrueNee vs NightHrsModelNee R²: -3.0700
Epoch 12500 | Train Loss: 0.029829 | Val Loss: 0.031222 | Train R²: -0.4674 | Val R²: -0.5700 | NightHrsTrueNEE vs NightHrsModelReco R²: -2.4400 | NightHrsTrueNee vs NightHrsModelNee R²: -2.3800
Epoch 13000 | Train Loss: 0.025123 | Val Loss: 0.026176 | Train R²: -0.2359 | Val R²: -0.3163 | NightHrsTrueNEE vs NightHrsModelReco R²: -1.9000 | NightHrsTrueNee vs NightHrsModelNee R²: -1.8500
Epoch 13500 | Train Loss: 0.021575 | Val Loss: 0.022379 | Train R²: -0.0614 | Val R²: -0.1254 | NightHrsTrueNEE vs NightHrsModelReco R²: -1.4900 | NightHrsTrueNee vs NightHrsModelNee R²: -1.4500
Epoch 14000 | Train Loss: 0.018916 | Val Loss: 0.019535 | Train R²: 0.0695 | Val R²: 0.0176 | NightHrsTrueNEE vs NightHrsModelReco R²: -1.1800 | NightHrsTrueNee vs NightHrsModelNee R²: -1.1500
Epoch 14500 | Train Loss: 0.016944 | Val Loss: 0.017425 | Train R²: 0.1665 | Val R²: 0.1238 | NightHrsTrueNEE vs NightHrsModelReco R²: -0.9500 | NightHrsTrueNee vs NightHrsModelNee R²: -0.9200
Epoch 15000 | Train Loss: 0.015468 | Val Loss: 0.015845 | Train R²: 0.2391 | Val R²: 0.2032 | NightHrsTrueNEE vs NightHrsModelReco R²: -0.7600 | NightHrsTrueNee vs NightHrsModelNee R²: -0.7400
Epoch 15500 | Train Loss: 0.014321 | Val Loss: 0.014620 | Train R²: 0.2955 | Val R²: 0.2648 | NightHrsTrueNEE vs NightHrsModelReco R²: -0.6000 | NightHrsTrueNee vs NightHrsModelNee R²: -0.5900
Epoch 16000 | Train Loss: 0.013386 | Val Loss: 0.013628 | Train R²: 0.3415 | Val R²: 0.3147 | NightHrsTrueNEE vs NightHrsModelReco R²: -0.4600 | NightHrsTrueNee vs NightHrsModelNee R²: -0.4500
Epoch 16500 | Train Loss: 0.012561 | Val Loss: 0.012759 | Train R²: 0.3821 | Val R²: 0.3584 | NightHrsTrueNEE vs NightHrsModelReco R²: -0.3200 | NightHrsTrueNee vs NightHrsModelNee R²: -0.3100
Epoch 17000 | Train Loss: 0.011694 | Val Loss: 0.011859 | Train R²: 0.4247 | Val R²: 0.4037 | NightHrsTrueNEE vs NightHrsModelReco R²: -0.1800 | NightHrsTrueNee vs NightHrsModelNee R²: -0.1700
Epoch 17500 | Train Loss: 0.010932 | Val Loss: 0.011058 | Train R²: 0.4622 | Val R²: 0.4439 | NightHrsTrueNEE vs NightHrsModelReco R²: -0.0800 | NightHrsTrueNee vs NightHrsModelNee R²: -0.0800
Epoch 18000 | Train Loss: 0.010260 | Val Loss: 0.010351 | Train R²: 0.4953 | Val R²: 0.4795 | NightHrsTrueNEE vs NightHrsModelReco R²: -0.0200 | NightHrsTrueNee vs NightHrsModelNee R²: -0.0100
Epoch 18500 | Train Loss: 0.009662 | Val Loss: 0.009728 | Train R²: 0.5247 | Val R²: 0.5108 | NightHrsTrueNEE vs NightHrsModelReco R²: 0.0300 | NightHrsTrueNee vs NightHrsModelNee R²: 0.0400
Epoch 19000 | Train Loss: 0.009034 | Val Loss: 0.009089 | Train R²: 0.5556 | Val R²: 0.5430 | NightHrsTrueNEE vs NightHrsModelReco R²: 0.0900 | NightHrsTrueNee vs NightHrsModelNee R²: 0.0900
Epoch 19500 | Train Loss: 0.008377 | Val Loss: 0.008431 | Train R²: 0.5879 | Val R²: 0.5760 | NightHrsTrueNEE vs NightHrsModelReco R²: 0.1500 | NightHrsTrueNee vs NightHrsModelNee R²: 0.1500
Epoch 20000 | Train Loss: 0.007728 | Val Loss: 0.007791 | Train R²: 0.6198 | Val R²: 0.6082 | NightHrsTrueNEE vs NightHrsModelReco R²: 0.2000 | NightHrsTrueNee vs NightHrsModelNee R²: 0.2100
Epoch 20500 | Train Loss: 0.007105 | Val Loss: 0.007165 | Train R²: 0.6505 | Val R²: 0.6397 | NightHrsTrueNEE vs NightHrsModelReco R²: 0.2500 | NightHrsTrueNee vs NightHrsModelNee R²: 0.2500
Epoch 21000 | Train Loss: 0.006510 | Val Loss: 0.006561 | Train R²: 0.6798 | Val R²: 0.6701 | NightHrsTrueNEE vs NightHrsModelReco R²: 0.2900 | NightHrsTrueNee vs NightHrsModelNee R²: 0.3000
Epoch 21500 | Train Loss: 0.005943 | Val Loss: 0.005984 | Train R²: 0.7076 | Val R²: 0.6991 | NightHrsTrueNEE vs NightHrsModelReco R²: 0.3400 | NightHrsTrueNee vs NightHrsModelNee R²: 0.3500
Epoch 22000 | Train Loss: 0.005405 | Val Loss: 0.005438 | Train R²: 0.7341 | Val R²: 0.7266 | NightHrsTrueNEE vs NightHrsModelReco R²: 0.3900 | NightHrsTrueNee vs NightHrsModelNee R²: 0.4000
Epoch 22500 | Train Loss: 0.004902 | Val Loss: 0.004924 | Train R²: 0.7589 | Val R²: 0.7524 | NightHrsTrueNEE vs NightHrsModelReco R²: 0.4400 | NightHrsTrueNee vs NightHrsModelNee R²: 0.4400
Epoch 23000 | Train Loss: 0.004441 | Val Loss: 0.004451 | Train R²: 0.7815 | Val R²: 0.7762 | NightHrsTrueNEE vs NightHrsModelReco R²: 0.4900 | NightHrsTrueNee vs NightHrsModelNee R²: 0.4900
Epoch 23500 | Train Loss: 0.004027 | Val Loss: 0.004023 | Train R²: 0.8019 | Val R²: 0.7977 | NightHrsTrueNEE vs NightHrsModelReco R²: 0.5300 | NightHrsTrueNee vs NightHrsModelNee R²: 0.5300
Epoch 24000 | Train Loss: 0.003658 | Val Loss: 0.003641 | Train R²: 0.8201 | Val R²: 0.8169 | NightHrsTrueNEE vs NightHrsModelReco R²: 0.5700 | NightHrsTrueNee vs NightHrsModelNee R²: 0.5700
Epoch 24500 | Train Loss: 0.003330 | Val Loss: 0.003300 | Train R²: 0.8362 | Val R²: 0.8341 | NightHrsTrueNEE vs NightHrsModelReco R²: 0.6100 | NightHrsTrueNee vs NightHrsModelNee R²: 0.6100
Epoch 25000 | Train Loss: 0.003033 | Val Loss: 0.002989 | Train R²: 0.8508 | Val R²: 0.8497 | NightHrsTrueNEE vs NightHrsModelReco R²: 0.6400 | NightHrsTrueNee vs NightHrsModelNee R²: 0.6400
Epoch 25500 | Train Loss: 0.002766 | Val Loss: 0.002712 | Train R²: 0.8639 | Val R²: 0.8636 | NightHrsTrueNEE vs NightHrsModelReco R²: 0.6700 | NightHrsTrueNee vs NightHrsModelNee R²: 0.6700
Epoch 26000 | Train Loss: 0.002538 | Val Loss: 0.002480 | Train R²: 0.8751 | Val R²: 0.8753 | NightHrsTrueNEE vs NightHrsModelReco R²: 0.6900 | NightHrsTrueNee vs NightHrsModelNee R²: 0.6900
Epoch 26500 | Train Loss: 0.002355 | Val Loss: 0.002290 | Train R²: 0.8841 | Val R²: 0.8848 | NightHrsTrueNEE vs NightHrsModelReco R²: 0.7000 | NightHrsTrueNee vs NightHrsModelNee R²: 0.7000
Epoch 27000 | Train Loss: 0.002217 | Val Loss: 0.002141 | Train R²: 0.8910 | Val R²: 0.8923 | NightHrsTrueNEE vs NightHrsModelReco R²: 0.7100 | NightHrsTrueNee vs NightHrsModelNee R²: 0.7100
Epoch 27500 | Train Loss: 0.002105 | Val Loss: 0.002024 | Train R²: 0.8964 | Val R²: 0.8982 | NightHrsTrueNEE vs NightHrsModelReco R²: 0.7200 | NightHrsTrueNee vs NightHrsModelNee R²: 0.7200
Epoch 28000 | Train Loss: 0.002015 | Val Loss: 0.001932 | Train R²: 0.9009 | Val R²: 0.9029 | NightHrsTrueNEE vs NightHrsModelReco R²: 0.7300 | NightHrsTrueNee vs NightHrsModelNee R²: 0.7300
Epoch 28500 | Train Loss: 0.001947 | Val Loss: 0.001865 | Train R²: 0.9042 | Val R²: 0.9062 | NightHrsTrueNEE vs NightHrsModelReco R²: 0.7400 | NightHrsTrueNee vs NightHrsModelNee R²: 0.7400
Epoch 29000 | Train Loss: 0.001902 | Val Loss: 0.001822 | Train R²: 0.9064 | Val R²: 0.9084 | NightHrsTrueNEE vs NightHrsModelReco R²: 0.7400 | NightHrsTrueNee vs NightHrsModelNee R²: 0.7400
Early stopping at epoch 29420 due to flat/negative trend (slope=0.000002)
Epoch 29420 | Train Loss: 0.001879 | Val Loss: 0.001801 | Train R²: 0.9076 | Val R²: 0.9094
Unpickling models
Following models have been loaded and moved to cuda:
trained gpp model:
 SNN_GPP_Tram(
  (net): Sequential(
    (0): Linear(in_features=11, out_features=12, bias=True)
    (1): Tanh()
    (2): Linear(in_features=12, out_features=1, bias=True)
    (3): Sigmoid()
  )
), trained_reco_model:
 SNN_GPP_Tram(
  (net): Sequential(
    (0): Linear(in_features=9, out_features=12, bias=True)
    (1): Tanh()
    (2): Linear(in_features=12, out_features=1, bias=True)
    (3): Sigmoid()
  )
)
using full data set for visualization
Un-normalizing the GPP and RECO predictions using NEE min: tensor([-50.4310]), NEE max: tensor([42.8991])



Metrics for the Tramontana, with
GPP inputs: ['SW_IN', 'VPD', 'TA', 'WTD', 'WS', 'PotRad', 'PotRadHalfHourlyDiff', 'PotRadDailyAvg', 'PotRadDailyDiff', 'WD_COS', 'GPP_PROX']
RECO inputs: ['DOY_sin', 'DOY_cos', 'TA', 'TS_1', 'WTD', 'WS', 'WD_COS', 'WD_SIN', 'NIGHTLY_NEE_AVG']:
dt_gpp vs Tramontana_GPP R²=0.95 RMSE=1.75
nt_gpp vs Tramontana_GPP R²=0.91 RMSE=2.56
dt_reco vs Tramontana_RECO R²=0.65 RMSE=2.04
nt_reco vs Tramontana_RECO R²=0.83 RMSE=1.37
night_hours_true_nee vs Tramontana_night_hours_model_reco R²=0.75 RMSE=1.80
night_hours_true_nee vs Tramontana_night_hours_model_nee R²=0.75 RMSE=1.80
dt_gpp vs nt_gpp R²=0.90 RMSE=2.59
dt_reco vs nt_reco R²=0.77 RMSE=2.00

gpp_input_names,  ['SW_IN', 'VPD', 'TA', 'WTD', 'WS', 'PotRad', 'PotRadHalfHourlyDiff', 'PotRadDailyAvg', 'PotRadDailyDiff', 'WD_COS', 'WD_SIN'] 
reco_input_names,  ['DOY_sin', 'DOY_cos', 'TA', 'TS_1', 'WTD', 'WS', 'WD_COS', 'WD_SIN', 'NIGHTLY_NEE_AVG'] 
true_nee_name,  ['NEE'] 

Tramontana Running on GPU With hidden layer size of 12 Total epochs: 100000 lr: 0.001 patience: 500 min_delta 0.01
SNN_GPP_Tram(
  (net): Sequential(
    (0): Linear(in_features=11, out_features=12, bias=True)
    (1): Tanh()
    (2): Linear(in_features=12, out_features=1, bias=True)
    (3): Sigmoid()
  )
)
SNN_RECO_Tram(
  (net): Sequential(
    (0): Linear(in_features=9, out_features=12, bias=True)
    (1): Tanh()
    (2): Linear(in_features=12, out_features=1, bias=True)
    (3): Sigmoid()
  )
)
Params are min slope: 2e-06, trend window: 100
Epoch     0 | Train Loss: 23031.890625 | Val Loss: 22136.195312 | Train R²: -1133017.5000 | Val R²: -1113151.8750 | NightHrsTrueNEE vs NightHrsModelReco R²: -52.2000 | NightHrsTrueNee vs NightHrsModelNee R²: -126.7500
Epoch   500 | Train Loss: 183.876602 | Val Loss: 183.127747 | Train R²: -9044.5264 | Val R²: -9207.8633 | NightHrsTrueNEE vs NightHrsModelReco R²: -142.9900 | NightHrsTrueNee vs NightHrsModelNee R²: -135.7800
Epoch  1000 | Train Loss: 47.649242 | Val Loss: 47.952293 | Train R²: -2343.0312 | Val R²: -2410.3555 | NightHrsTrueNEE vs NightHrsModelReco R²: -153.5100 | NightHrsTrueNee vs NightHrsModelNee R²: -146.7800
Epoch  1500 | Train Loss: 21.035990 | Val Loss: 21.308578 | Train R²: -1033.8333 | Val R²: -1070.5350 | NightHrsTrueNEE vs NightHrsModelReco R²: -157.9000 | NightHrsTrueNee vs NightHrsModelNee R²: -152.2000
Epoch  2000 | Train Loss: 11.404880 | Val Loss: 11.615229 | Train R²: -560.0455 | Val R²: -583.0898 | NightHrsTrueNEE vs NightHrsModelReco R²: -160.3100 | NightHrsTrueNee vs NightHrsModelNee R²: -155.4100
Epoch  2500 | Train Loss: 6.901736 | Val Loss: 7.063649 | Train R²: -338.5203 | Val R²: -354.2066 | NightHrsTrueNEE vs NightHrsModelReco R²: -161.8000 | NightHrsTrueNee vs NightHrsModelNee R²: -157.5300
Epoch  3000 | Train Loss: 4.480849 | Val Loss: 4.607180 | Train R²: -219.4285 | Val R²: -230.6792 | NightHrsTrueNEE vs NightHrsModelReco R²: -162.7900 | NightHrsTrueNee vs NightHrsModelNee R²: -159.0200
Epoch  3500 | Train Loss: 3.063334 | Val Loss: 3.163308 | Train R²: -149.6960 | Val R²: -158.0718 | NightHrsTrueNEE vs NightHrsModelReco R²: -163.4500 | NightHrsTrueNee vs NightHrsModelNee R²: -160.0900
Epoch  4000 | Train Loss: 2.186318 | Val Loss: 2.266408 | Train R²: -106.5526 | Val R²: -112.9698 | NightHrsTrueNEE vs NightHrsModelReco R²: -163.8700 | NightHrsTrueNee vs NightHrsModelNee R²: -160.8600
Epoch  4500 | Train Loss: 1.623804 | Val Loss: 1.688648 | Train R²: -78.8806 | Val R²: -83.9163 | NightHrsTrueNEE vs NightHrsModelReco R²: -164.0900 | NightHrsTrueNee vs NightHrsModelNee R²: -161.3700
Epoch  5000 | Train Loss: 1.254607 | Val Loss: 1.307608 | Train R²: -60.7185 | Val R²: -64.7551 | NightHrsTrueNEE vs NightHrsModelReco R²: -164.0700 | NightHrsTrueNee vs NightHrsModelNee R²: -161.5900
Epoch  5500 | Train Loss: 1.008809 | Val Loss: 1.052555 | Train R²: -48.6268 | Val R²: -51.9294 | NightHrsTrueNEE vs NightHrsModelReco R²: -163.6700 | NightHrsTrueNee vs NightHrsModelNee R²: -161.4200
Epoch  6000 | Train Loss: 0.842960 | Val Loss: 0.879642 | Train R²: -40.4681 | Val R²: -43.2341 | NightHrsTrueNEE vs NightHrsModelReco R²: -162.2200 | NightHrsTrueNee vs NightHrsModelNee R²: -160.1700
Epoch  6500 | Train Loss: 0.714513 | Val Loss: 0.748822 | Train R²: -34.1494 | Val R²: -36.6557 | NightHrsTrueNEE vs NightHrsModelReco R²: -147.4900 | NightHrsTrueNee vs NightHrsModelNee R²: -145.7300
Epoch  7000 | Train Loss: 0.598127 | Val Loss: 0.627183 | Train R²: -28.4240 | Val R²: -30.5389 | NightHrsTrueNEE vs NightHrsModelReco R²: -123.3600 | NightHrsTrueNee vs NightHrsModelNee R²: -121.9000
Epoch  7500 | Train Loss: 0.482127 | Val Loss: 0.502180 | Train R²: -22.7175 | Val R²: -24.2529 | NightHrsTrueNEE vs NightHrsModelReco R²: -106.6900 | NightHrsTrueNee vs NightHrsModelNee R²: -105.4000
Epoch  8000 | Train Loss: 0.318749 | Val Loss: 0.330964 | Train R²: -14.6804 | Val R²: -15.6430 | NightHrsTrueNEE vs NightHrsModelReco R²: -55.3300 | NightHrsTrueNee vs NightHrsModelNee R²: -54.4700
Epoch  8500 | Train Loss: 0.226964 | Val Loss: 0.238669 | Train R²: -10.1652 | Val R²: -11.0018 | NightHrsTrueNEE vs NightHrsModelReco R²: -29.5600 | NightHrsTrueNee vs NightHrsModelNee R²: -29.0100
Epoch  9000 | Train Loss: 0.166055 | Val Loss: 0.175531 | Train R²: -7.1688 | Val R²: -7.8269 | NightHrsTrueNEE vs NightHrsModelReco R²: -19.4400 | NightHrsTrueNee vs NightHrsModelNee R²: -19.0500
Epoch  9500 | Train Loss: 0.123015 | Val Loss: 0.130421 | Train R²: -5.0515 | Val R²: -5.5584 | NightHrsTrueNEE vs NightHrsModelReco R²: -13.5500 | NightHrsTrueNee vs NightHrsModelNee R²: -13.2600
Epoch 10000 | Train Loss: 0.092501 | Val Loss: 0.098241 | Train R²: -3.5504 | Val R²: -3.9402 | NightHrsTrueNEE vs NightHrsModelReco R²: -9.7000 | NightHrsTrueNee vs NightHrsModelNee R²: -9.4800
Epoch 10500 | Train Loss: 0.070838 | Val Loss: 0.075278 | Train R²: -2.4848 | Val R²: -2.7855 | NightHrsTrueNEE vs NightHrsModelReco R²: -7.0900 | NightHrsTrueNee vs NightHrsModelNee R²: -6.9200
Epoch 11000 | Train Loss: 0.055317 | Val Loss: 0.058739 | Train R²: -1.7213 | Val R²: -1.9538 | NightHrsTrueNEE vs NightHrsModelReco R²: -5.2700 | NightHrsTrueNee vs NightHrsModelNee R²: -5.1400
Epoch 11500 | Train Loss: 0.044012 | Val Loss: 0.046629 | Train R²: -1.1651 | Val R²: -1.3448 | NightHrsTrueNEE vs NightHrsModelReco R²: -3.9800 | NightHrsTrueNee vs NightHrsModelNee R²: -3.8800
Epoch 12000 | Train Loss: 0.035624 | Val Loss: 0.037608 | Train R²: -0.7525 | Val R²: -0.8912 | NightHrsTrueNEE vs NightHrsModelReco R²: -3.0300 | NightHrsTrueNee vs NightHrsModelNee R²: -2.9600
Epoch 12500 | Train Loss: 0.029311 | Val Loss: 0.030811 | Train R²: -0.4419 | Val R²: -0.5494 | NightHrsTrueNEE vs NightHrsModelReco R²: -2.3300 | NightHrsTrueNee vs NightHrsModelNee R²: -2.2700
Epoch 13000 | Train Loss: 0.024532 | Val Loss: 0.025676 | Train R²: -0.2068 | Val R²: -0.2911 | NightHrsTrueNEE vs NightHrsModelReco R²: -1.8000 | NightHrsTrueNee vs NightHrsModelNee R²: -1.7500
Epoch 13500 | Train Loss: 0.020930 | Val Loss: 0.021808 | Train R²: -0.0296 | Val R²: -0.0967 | NightHrsTrueNEE vs NightHrsModelReco R²: -1.3900 | NightHrsTrueNee vs NightHrsModelNee R²: -1.3600
Epoch 14000 | Train Loss: 0.018234 | Val Loss: 0.018910 | Train R²: 0.1030 | Val R²: 0.0491 | NightHrsTrueNEE vs NightHrsModelReco R²: -1.0800 | NightHrsTrueNee vs NightHrsModelNee R²: -1.0600
Epoch 14500 | Train Loss: 0.016233 | Val Loss: 0.016755 | Train R²: 0.2014 | Val R²: 0.1575 | NightHrsTrueNEE vs NightHrsModelReco R²: -0.8500 | NightHrsTrueNee vs NightHrsModelNee R²: -0.8300
Epoch 15000 | Train Loss: 0.014765 | Val Loss: 0.015173 | Train R²: 0.2736 | Val R²: 0.2370 | NightHrsTrueNEE vs NightHrsModelReco R²: -0.6700 | NightHrsTrueNee vs NightHrsModelNee R²: -0.6600
Epoch 15500 | Train Loss: 0.013685 | Val Loss: 0.014010 | Train R²: 0.3268 | Val R²: 0.2955 | NightHrsTrueNEE vs NightHrsModelReco R²: -0.5400 | NightHrsTrueNee vs NightHrsModelNee R²: -0.5300
Epoch 16000 | Train Loss: 0.012860 | Val Loss: 0.013127 | Train R²: 0.3674 | Val R²: 0.3399 | NightHrsTrueNEE vs NightHrsModelReco R²: -0.4300 | NightHrsTrueNee vs NightHrsModelNee R²: -0.4200
Epoch 16500 | Train Loss: 0.012167 | Val Loss: 0.012400 | Train R²: 0.4014 | Val R²: 0.3764 | NightHrsTrueNEE vs NightHrsModelReco R²: -0.3200 | NightHrsTrueNee vs NightHrsModelNee R²: -0.3100
Epoch 17000 | Train Loss: 0.011400 | Val Loss: 0.011625 | Train R²: 0.4392 | Val R²: 0.4154 | NightHrsTrueNEE vs NightHrsModelReco R²: -0.1700 | NightHrsTrueNee vs NightHrsModelNee R²: -0.1700
Epoch 17500 | Train Loss: 0.010650 | Val Loss: 0.010836 | Train R²: 0.4761 | Val R²: 0.4551 | NightHrsTrueNEE vs NightHrsModelReco R²: -0.0600 | NightHrsTrueNee vs NightHrsModelNee R²: -0.0600
Epoch 18000 | Train Loss: 0.010011 | Val Loss: 0.010163 | Train R²: 0.5075 | Val R²: 0.4890 | NightHrsTrueNEE vs NightHrsModelReco R²: 0.0100 | NightHrsTrueNee vs NightHrsModelNee R²: 0.0200
Epoch 18500 | Train Loss: 0.009495 | Val Loss: 0.009625 | Train R²: 0.5329 | Val R²: 0.5160 | NightHrsTrueNEE vs NightHrsModelReco R²: 0.0500 | NightHrsTrueNee vs NightHrsModelNee R²: 0.0600
Epoch 19000 | Train Loss: 0.008986 | Val Loss: 0.009101 | Train R²: 0.5580 | Val R²: 0.5423 | NightHrsTrueNEE vs NightHrsModelReco R²: 0.0900 | NightHrsTrueNee vs NightHrsModelNee R²: 0.1000
Epoch 19500 | Train Loss: 0.008416 | Val Loss: 0.008530 | Train R²: 0.5860 | Val R²: 0.5711 | NightHrsTrueNEE vs NightHrsModelReco R²: 0.1400 | NightHrsTrueNee vs NightHrsModelNee R²: 0.1400
Epoch 20000 | Train Loss: 0.007853 | Val Loss: 0.007969 | Train R²: 0.6137 | Val R²: 0.5993 | NightHrsTrueNEE vs NightHrsModelReco R²: 0.1700 | NightHrsTrueNee vs NightHrsModelNee R²: 0.1800
Epoch 20500 | Train Loss: 0.007333 | Val Loss: 0.007439 | Train R²: 0.6393 | Val R²: 0.6259 | NightHrsTrueNEE vs NightHrsModelReco R²: 0.2100 | NightHrsTrueNee vs NightHrsModelNee R²: 0.2200
Epoch 21000 | Train Loss: 0.006850 | Val Loss: 0.006947 | Train R²: 0.6630 | Val R²: 0.6507 | NightHrsTrueNEE vs NightHrsModelReco R²: 0.2500 | NightHrsTrueNee vs NightHrsModelNee R²: 0.2600
Epoch 21500 | Train Loss: 0.006393 | Val Loss: 0.006489 | Train R²: 0.6855 | Val R²: 0.6737 | NightHrsTrueNEE vs NightHrsModelReco R²: 0.2900 | NightHrsTrueNee vs NightHrsModelNee R²: 0.3000
Epoch 22000 | Train Loss: 0.005959 | Val Loss: 0.006060 | Train R²: 0.7069 | Val R²: 0.6953 | NightHrsTrueNEE vs NightHrsModelReco R²: 0.3300 | NightHrsTrueNee vs NightHrsModelNee R²: 0.3400
Epoch 22500 | Train Loss: 0.005548 | Val Loss: 0.005650 | Train R²: 0.7271 | Val R²: 0.7159 | NightHrsTrueNEE vs NightHrsModelReco R²: 0.3800 | NightHrsTrueNee vs NightHrsModelNee R²: 0.3800
Epoch 23000 | Train Loss: 0.005160 | Val Loss: 0.005237 | Train R²: 0.7462 | Val R²: 0.7367 | NightHrsTrueNEE vs NightHrsModelReco R²: 0.4200 | NightHrsTrueNee vs NightHrsModelNee R²: 0.4200
Epoch 23500 | Train Loss: 0.004832 | Val Loss: 0.004887 | Train R²: 0.7623 | Val R²: 0.7542 | NightHrsTrueNEE vs NightHrsModelReco R²: 0.4600 | NightHrsTrueNee vs NightHrsModelNee R²: 0.4600
Epoch 24000 | Train Loss: 0.004539 | Val Loss: 0.004578 | Train R²: 0.7767 | Val R²: 0.7698 | NightHrsTrueNEE vs NightHrsModelReco R²: 0.4900 | NightHrsTrueNee vs NightHrsModelNee R²: 0.4900
Epoch 24500 | Train Loss: 0.004279 | Val Loss: 0.004309 | Train R²: 0.7895 | Val R²: 0.7833 | NightHrsTrueNEE vs NightHrsModelReco R²: 0.5200 | NightHrsTrueNee vs NightHrsModelNee R²: 0.5200
Epoch 25000 | Train Loss: 0.004047 | Val Loss: 0.004068 | Train R²: 0.8009 | Val R²: 0.7954 | NightHrsTrueNEE vs NightHrsModelReco R²: 0.5400 | NightHrsTrueNee vs NightHrsModelNee R²: 0.5400
Epoch 25500 | Train Loss: 0.003830 | Val Loss: 0.003843 | Train R²: 0.8116 | Val R²: 0.8067 | NightHrsTrueNEE vs NightHrsModelReco R²: 0.5700 | NightHrsTrueNee vs NightHrsModelNee R²: 0.5700
Epoch 26000 | Train Loss: 0.003596 | Val Loss: 0.003599 | Train R²: 0.8231 | Val R²: 0.8190 | NightHrsTrueNEE vs NightHrsModelReco R²: 0.5900 | NightHrsTrueNee vs NightHrsModelNee R²: 0.5900
Epoch 26500 | Train Loss: 0.003267 | Val Loss: 0.003254 | Train R²: 0.8393 | Val R²: 0.8364 | NightHrsTrueNEE vs NightHrsModelReco R²: 0.6200 | NightHrsTrueNee vs NightHrsModelNee R²: 0.6200
Epoch 27000 | Train Loss: 0.002835 | Val Loss: 0.002803 | Train R²: 0.8605 | Val R²: 0.8590 | NightHrsTrueNEE vs NightHrsModelReco R²: 0.6500 | NightHrsTrueNee vs NightHrsModelNee R²: 0.6500
Epoch 27500 | Train Loss: 0.002476 | Val Loss: 0.002434 | Train R²: 0.8782 | Val R²: 0.8776 | NightHrsTrueNEE vs NightHrsModelReco R²: 0.6900 | NightHrsTrueNee vs NightHrsModelNee R²: 0.6900
Epoch 28000 | Train Loss: 0.002263 | Val Loss: 0.002221 | Train R²: 0.8887 | Val R²: 0.8883 | NightHrsTrueNEE vs NightHrsModelReco R²: 0.7200 | NightHrsTrueNee vs NightHrsModelNee R²: 0.7200
Epoch 28500 | Train Loss: 0.002153 | Val Loss: 0.002113 | Train R²: 0.8941 | Val R²: 0.8938 | NightHrsTrueNEE vs NightHrsModelReco R²: 0.7300 | NightHrsTrueNee vs NightHrsModelNee R²: 0.7300
Epoch 29000 | Train Loss: 0.002089 | Val Loss: 0.002051 | Train R²: 0.8972 | Val R²: 0.8969 | NightHrsTrueNEE vs NightHrsModelReco R²: 0.7400 | NightHrsTrueNee vs NightHrsModelNee R²: 0.7400
Epoch 29500 | Train Loss: 0.002045 | Val Loss: 0.002008 | Train R²: 0.8994 | Val R²: 0.8990 | NightHrsTrueNEE vs NightHrsModelReco R²: 0.7400 | NightHrsTrueNee vs NightHrsModelNee R²: 0.7400
Epoch 30000 | Train Loss: 0.002013 | Val Loss: 0.001978 | Train R²: 0.9010 | Val R²: 0.9005 | NightHrsTrueNEE vs NightHrsModelReco R²: 0.7400 | NightHrsTrueNee vs NightHrsModelNee R²: 0.7400
Early stopping at epoch 30403 due to flat/negative trend (slope=0.000002)
Epoch 30403 | Train Loss: 0.001994 | Val Loss: 0.001961 | Train R²: 0.9019 | Val R²: 0.9014
Unpickling models
Following models have been loaded and moved to cuda:
trained gpp model:
 SNN_GPP_Tram(
  (net): Sequential(
    (0): Linear(in_features=11, out_features=12, bias=True)
    (1): Tanh()
    (2): Linear(in_features=12, out_features=1, bias=True)
    (3): Sigmoid()
  )
), trained_reco_model:
 SNN_GPP_Tram(
  (net): Sequential(
    (0): Linear(in_features=9, out_features=12, bias=True)
    (1): Tanh()
    (2): Linear(in_features=12, out_features=1, bias=True)
    (3): Sigmoid()
  )
)
using full data set for visualization
Un-normalizing the GPP and RECO predictions using NEE min: tensor([-50.4310]), NEE max: tensor([42.8991])



Metrics for the Tramontana, with
GPP inputs: ['SW_IN', 'VPD', 'TA', 'WTD', 'WS', 'PotRad', 'PotRadHalfHourlyDiff', 'PotRadDailyAvg', 'PotRadDailyDiff', 'WD_COS', 'WD_SIN']
RECO inputs: ['DOY_sin', 'DOY_cos', 'TA', 'TS_1', 'WTD', 'WS', 'WD_COS', 'WD_SIN', 'NIGHTLY_NEE_AVG']:
dt_gpp vs Tramontana_GPP R²=0.96 RMSE=1.64
nt_gpp vs Tramontana_GPP R²=0.90 RMSE=2.63
dt_reco vs Tramontana_RECO R²=0.71 RMSE=1.88
nt_reco vs Tramontana_RECO R²=0.83 RMSE=1.36
night_hours_true_nee vs Tramontana_night_hours_model_reco R²=0.75 RMSE=1.80
night_hours_true_nee vs Tramontana_night_hours_model_nee R²=0.75 RMSE=1.80
dt_gpp vs nt_gpp R²=0.90 RMSE=2.59
dt_reco vs nt_reco R²=0.77 RMSE=2.00

gpp_input_names,  ['SW_IN', 'VPD', 'TA', 'WTD', 'WS', 'PotRad', 'PotRadHalfHourlyDiff', 'PotRadDailyAvg', 'PotRadDailyDiff', 'WD_COS', 'WD_SIN', 'GPP_PROX'] 
reco_input_names,  ['DOY_cos', 'TA', 'TS_1', 'WTD', 'WS', 'WD_COS', 'WD_SIN', 'NIGHTLY_NEE_AVG'] 
true_nee_name,  ['NEE'] 

Tramontana Running on GPU With hidden layer size of 12 Total epochs: 100000 lr: 0.001 patience: 500 min_delta 0.01
SNN_GPP_Tram(
  (net): Sequential(
    (0): Linear(in_features=12, out_features=12, bias=True)
    (1): Tanh()
    (2): Linear(in_features=12, out_features=1, bias=True)
    (3): Sigmoid()
  )
)
SNN_RECO_Tram(
  (net): Sequential(
    (0): Linear(in_features=8, out_features=12, bias=True)
    (1): Tanh()
    (2): Linear(in_features=12, out_features=1, bias=True)
    (3): Sigmoid()
  )
)
Params are min slope: 2e-06, trend window: 100
Epoch     0 | Train Loss: 31502.365234 | Val Loss: 29850.800781 | Train R²: -1549709.3750 | Val R²: -1501092.6250 | NightHrsTrueNEE vs NightHrsModelReco R²: -29.3500 | NightHrsTrueNee vs NightHrsModelNee R²: -98.1900
Epoch   500 | Train Loss: 233.066681 | Val Loss: 231.784241 | Train R²: -11464.3574 | Val R²: -11654.6309 | NightHrsTrueNEE vs NightHrsModelReco R²: -130.6200 | NightHrsTrueNee vs NightHrsModelNee R²: -123.6000
Epoch  1000 | Train Loss: 63.408539 | Val Loss: 64.094055 | Train R²: -3118.2856 | Val R²: -3222.0688 | NightHrsTrueNEE vs NightHrsModelReco R²: -147.6700 | NightHrsTrueNee vs NightHrsModelNee R²: -140.9500
Epoch  1500 | Train Loss: 28.427492 | Val Loss: 29.043118 | Train R²: -1397.4469 | Val R²: -1459.4780 | NightHrsTrueNEE vs NightHrsModelReco R²: -154.5400 | NightHrsTrueNee vs NightHrsModelNee R²: -148.6200
Epoch  2000 | Train Loss: 15.540362 | Val Loss: 16.015125 | Train R²: -763.4843 | Val R²: -804.3454 | NightHrsTrueNEE vs NightHrsModelReco R²: -158.1900 | NightHrsTrueNee vs NightHrsModelNee R²: -152.9600
Epoch  2500 | Train Loss: 9.452234 | Val Loss: 9.815726 | Train R²: -463.9881 | Val R²: -492.5990 | NightHrsTrueNEE vs NightHrsModelReco R²: -160.4000 | NightHrsTrueNee vs NightHrsModelNee R²: -155.7400
Epoch  3000 | Train Loss: 6.152062 | Val Loss: 6.433196 | Train R²: -301.6413 | Val R²: -322.5032 | NightHrsTrueNEE vs NightHrsModelReco R²: -161.8300 | NightHrsTrueNee vs NightHrsModelNee R²: -157.6500
Epoch  3500 | Train Loss: 4.204048 | Val Loss: 4.423977 | Train R²: -205.8117 | Val R²: -221.4665 | NightHrsTrueNEE vs NightHrsModelReco R²: -162.7800 | NightHrsTrueNee vs NightHrsModelNee R²: -159.0000
Epoch  4000 | Train Loss: 2.988163 | Val Loss: 3.161920 | Train R²: -145.9981 | Val R²: -158.0020 | NightHrsTrueNEE vs NightHrsModelReco R²: -163.4000 | NightHrsTrueNee vs NightHrsModelNee R²: -159.9700
Epoch  4500 | Train Loss: 2.200301 | Val Loss: 2.338720 | Train R²: -107.2404 | Val R²: -116.6062 | NightHrsTrueNEE vs NightHrsModelReco R²: -163.7400 | NightHrsTrueNee vs NightHrsModelNee R²: -160.6100
Epoch  5000 | Train Loss: 1.676834 | Val Loss: 1.787879 | Train R²: -81.4893 | Val R²: -88.9062 | NightHrsTrueNEE vs NightHrsModelReco R²: -163.7600 | NightHrsTrueNee vs NightHrsModelNee R²: -160.9000
Epoch  5500 | Train Loss: 1.322997 | Val Loss: 1.412670 | Train R²: -64.0828 | Val R²: -70.0383 | NightHrsTrueNEE vs NightHrsModelReco R²: -163.1400 | NightHrsTrueNee vs NightHrsModelNee R²: -160.5200
Epoch  6000 | Train Loss: 1.077957 | Val Loss: 1.151120 | Train R²: -52.0284 | Val R²: -56.8859 | NightHrsTrueNEE vs NightHrsModelReco R²: -159.2400 | NightHrsTrueNee vs NightHrsModelNee R²: -156.8500
Epoch  6500 | Train Loss: 0.864231 | Val Loss: 0.925611 | Train R²: -41.5145 | Val R²: -45.5458 | NightHrsTrueNEE vs NightHrsModelReco R²: -125.8900 | NightHrsTrueNee vs NightHrsModelNee R²: -123.9600
Epoch  7000 | Train Loss: 0.694521 | Val Loss: 0.742218 | Train R²: -33.1659 | Val R²: -36.3236 | NightHrsTrueNEE vs NightHrsModelReco R²: -113.4200 | NightHrsTrueNee vs NightHrsModelNee R²: -111.7100
Epoch  7500 | Train Loss: 0.547152 | Val Loss: 0.584128 | Train R²: -25.9163 | Val R²: -28.3738 | NightHrsTrueNEE vs NightHrsModelReco R²: -98.0700 | NightHrsTrueNee vs NightHrsModelNee R²: -96.6000
Epoch  8000 | Train Loss: 0.387908 | Val Loss: 0.415035 | Train R²: -18.0825 | Val R²: -19.8707 | NightHrsTrueNEE vs NightHrsModelReco R²: -56.3000 | NightHrsTrueNee vs NightHrsModelNee R²: -55.2400
Epoch  8500 | Train Loss: 0.288448 | Val Loss: 0.310465 | Train R²: -13.1898 | Val R²: -14.6122 | NightHrsTrueNEE vs NightHrsModelReco R²: -34.9100 | NightHrsTrueNee vs NightHrsModelNee R²: -34.1600
Epoch  9000 | Train Loss: 0.215816 | Val Loss: 0.232860 | Train R²: -9.6167 | Val R²: -10.7097 | NightHrsTrueNEE vs NightHrsModelReco R²: -23.1800 | NightHrsTrueNee vs NightHrsModelNee R²: -22.6400
Epoch  9500 | Train Loss: 0.163838 | Val Loss: 0.176868 | Train R²: -7.0597 | Val R²: -7.8941 | NightHrsTrueNEE vs NightHrsModelReco R²: -16.4500 | NightHrsTrueNee vs NightHrsModelNee R²: -16.0500
Epoch 10000 | Train Loss: 0.126148 | Val Loss: 0.136150 | Train R²: -5.2057 | Val R²: -5.8465 | NightHrsTrueNEE vs NightHrsModelReco R²: -12.1500 | NightHrsTrueNee vs NightHrsModelNee R²: -11.8500
Epoch 10500 | Train Loss: 0.098437 | Val Loss: 0.106149 | Train R²: -3.8424 | Val R²: -4.3379 | NightHrsTrueNEE vs NightHrsModelReco R²: -9.1400 | NightHrsTrueNee vs NightHrsModelNee R²: -8.9200
Epoch 11000 | Train Loss: 0.077831 | Val Loss: 0.083795 | Train R²: -2.8288 | Val R²: -3.2138 | NightHrsTrueNEE vs NightHrsModelReco R²: -6.9600 | NightHrsTrueNee vs NightHrsModelNee R²: -6.8000
Epoch 11500 | Train Loss: 0.062346 | Val Loss: 0.066968 | Train R²: -2.0670 | Val R²: -2.3676 | NightHrsTrueNEE vs NightHrsModelReco R²: -5.3500 | NightHrsTrueNee vs NightHrsModelNee R²: -5.2200
Epoch 12000 | Train Loss: 0.050617 | Val Loss: 0.054205 | Train R²: -1.4900 | Val R²: -1.7258 | NightHrsTrueNEE vs NightHrsModelReco R²: -4.1400 | NightHrsTrueNee vs NightHrsModelNee R²: -4.0400
Epoch 12500 | Train Loss: 0.041699 | Val Loss: 0.044488 | Train R²: -1.0513 | Val R²: -1.2372 | NightHrsTrueNEE vs NightHrsModelReco R²: -3.2300 | NightHrsTrueNee vs NightHrsModelNee R²: -3.1600
Epoch 13000 | Train Loss: 0.034912 | Val Loss: 0.037082 | Train R²: -0.7175 | Val R²: -0.8647 | NightHrsTrueNEE vs NightHrsModelReco R²: -2.5400 | NightHrsTrueNee vs NightHrsModelNee R²: -2.4900
Epoch 13500 | Train Loss: 0.029753 | Val Loss: 0.031441 | Train R²: -0.4637 | Val R²: -0.5810 | NightHrsTrueNEE vs NightHrsModelReco R²: -2.0200 | NightHrsTrueNee vs NightHrsModelNee R²: -1.9800
Epoch 14000 | Train Loss: 0.025853 | Val Loss: 0.027166 | Train R²: -0.2718 | Val R²: -0.3661 | NightHrsTrueNEE vs NightHrsModelReco R²: -1.6300 | NightHrsTrueNee vs NightHrsModelNee R²: -1.6000
Epoch 14500 | Train Loss: 0.022932 | Val Loss: 0.023957 | Train R²: -0.1281 | Val R²: -0.2047 | NightHrsTrueNEE vs NightHrsModelReco R²: -1.3400 | NightHrsTrueNee vs NightHrsModelNee R²: -1.3100
Epoch 15000 | Train Loss: 0.020755 | Val Loss: 0.021559 | Train R²: -0.0210 | Val R²: -0.0841 | NightHrsTrueNEE vs NightHrsModelReco R²: -1.1200 | NightHrsTrueNee vs NightHrsModelNee R²: -1.1000
Epoch 15500 | Train Loss: 0.019126 | Val Loss: 0.019759 | Train R²: 0.0591 | Val R²: 0.0064 | NightHrsTrueNEE vs NightHrsModelReco R²: -0.9500 | NightHrsTrueNee vs NightHrsModelNee R²: -0.9400
Epoch 16000 | Train Loss: 0.017886 | Val Loss: 0.018387 | Train R²: 0.1201 | Val R²: 0.0754 | NightHrsTrueNEE vs NightHrsModelReco R²: -0.8100 | NightHrsTrueNee vs NightHrsModelNee R²: -0.8000
Epoch 16500 | Train Loss: 0.016894 | Val Loss: 0.017293 | Train R²: 0.1689 | Val R²: 0.1304 | NightHrsTrueNEE vs NightHrsModelReco R²: -0.6700 | NightHrsTrueNee vs NightHrsModelNee R²: -0.6600
Epoch 17000 | Train Loss: 0.016017 | Val Loss: 0.016332 | Train R²: 0.2121 | Val R²: 0.1787 | NightHrsTrueNEE vs NightHrsModelReco R²: -0.5000 | NightHrsTrueNee vs NightHrsModelNee R²: -0.5000
Epoch 17500 | Train Loss: 0.015134 | Val Loss: 0.015372 | Train R²: 0.2555 | Val R²: 0.2270 | NightHrsTrueNEE vs NightHrsModelReco R²: -0.3100 | NightHrsTrueNee vs NightHrsModelNee R²: -0.3000
Epoch 18000 | Train Loss: 0.014136 | Val Loss: 0.014287 | Train R²: 0.3046 | Val R²: 0.2816 | NightHrsTrueNEE vs NightHrsModelReco R²: -0.1200 | NightHrsTrueNee vs NightHrsModelNee R²: -0.1200
Epoch 18500 | Train Loss: 0.013302 | Val Loss: 0.013357 | Train R²: 0.3456 | Val R²: 0.3283 | NightHrsTrueNEE vs NightHrsModelReco R²: -0.0300 | NightHrsTrueNee vs NightHrsModelNee R²: -0.0200
Epoch 19000 | Train Loss: 0.012653 | Val Loss: 0.012693 | Train R²: 0.3776 | Val R²: 0.3617 | NightHrsTrueNEE vs NightHrsModelReco R²: 0.0100 | NightHrsTrueNee vs NightHrsModelNee R²: 0.0200
Epoch 19500 | Train Loss: 0.012044 | Val Loss: 0.012108 | Train R²: 0.4075 | Val R²: 0.3912 | NightHrsTrueNEE vs NightHrsModelReco R²: 0.0400 | NightHrsTrueNee vs NightHrsModelNee R²: 0.0400
Epoch 20000 | Train Loss: 0.011295 | Val Loss: 0.011394 | Train R²: 0.4444 | Val R²: 0.4270 | NightHrsTrueNEE vs NightHrsModelReco R²: 0.0700 | NightHrsTrueNee vs NightHrsModelNee R²: 0.0800
Epoch 20500 | Train Loss: 0.010346 | Val Loss: 0.010493 | Train R²: 0.4910 | Val R²: 0.4723 | NightHrsTrueNEE vs NightHrsModelReco R²: 0.1100 | NightHrsTrueNee vs NightHrsModelNee R²: 0.1200
Epoch 21000 | Train Loss: 0.009243 | Val Loss: 0.009431 | Train R²: 0.5453 | Val R²: 0.5257 | NightHrsTrueNEE vs NightHrsModelReco R²: 0.1500 | NightHrsTrueNee vs NightHrsModelNee R²: 0.1600
Epoch 21500 | Train Loss: 0.008073 | Val Loss: 0.008270 | Train R²: 0.6028 | Val R²: 0.5841 | NightHrsTrueNEE vs NightHrsModelReco R²: 0.2100 | NightHrsTrueNee vs NightHrsModelNee R²: 0.2100
Epoch 22000 | Train Loss: 0.006901 | Val Loss: 0.007067 | Train R²: 0.6605 | Val R²: 0.6446 | NightHrsTrueNEE vs NightHrsModelReco R²: 0.2800 | NightHrsTrueNee vs NightHrsModelNee R²: 0.2800
Epoch 22500 | Train Loss: 0.005691 | Val Loss: 0.005795 | Train R²: 0.7200 | Val R²: 0.7086 | NightHrsTrueNEE vs NightHrsModelReco R²: 0.3600 | NightHrsTrueNee vs NightHrsModelNee R²: 0.3600
Epoch 23000 | Train Loss: 0.004502 | Val Loss: 0.004528 | Train R²: 0.7785 | Val R²: 0.7723 | NightHrsTrueNEE vs NightHrsModelReco R²: 0.4700 | NightHrsTrueNee vs NightHrsModelNee R²: 0.4700
Epoch 23500 | Train Loss: 0.003643 | Val Loss: 0.003614 | Train R²: 0.8208 | Val R²: 0.8183 | NightHrsTrueNEE vs NightHrsModelReco R²: 0.5600 | NightHrsTrueNee vs NightHrsModelNee R²: 0.5600
Epoch 24000 | Train Loss: 0.003125 | Val Loss: 0.003068 | Train R²: 0.8463 | Val R²: 0.8457 | NightHrsTrueNEE vs NightHrsModelReco R²: 0.6300 | NightHrsTrueNee vs NightHrsModelNee R²: 0.6300
Epoch 24500 | Train Loss: 0.002804 | Val Loss: 0.002730 | Train R²: 0.8620 | Val R²: 0.8627 | NightHrsTrueNEE vs NightHrsModelReco R²: 0.6700 | NightHrsTrueNee vs NightHrsModelNee R²: 0.6700
Epoch 25000 | Train Loss: 0.002592 | Val Loss: 0.002508 | Train R²: 0.8725 | Val R²: 0.8739 | NightHrsTrueNEE vs NightHrsModelReco R²: 0.6900 | NightHrsTrueNee vs NightHrsModelNee R²: 0.6900
Epoch 25500 | Train Loss: 0.002437 | Val Loss: 0.002350 | Train R²: 0.8801 | Val R²: 0.8818 | NightHrsTrueNEE vs NightHrsModelReco R²: 0.7100 | NightHrsTrueNee vs NightHrsModelNee R²: 0.7100
Epoch 26000 | Train Loss: 0.002309 | Val Loss: 0.002222 | Train R²: 0.8864 | Val R²: 0.8883 | NightHrsTrueNEE vs NightHrsModelReco R²: 0.7200 | NightHrsTrueNee vs NightHrsModelNee R²: 0.7200
Epoch 26500 | Train Loss: 0.002199 | Val Loss: 0.002115 | Train R²: 0.8918 | Val R²: 0.8937 | NightHrsTrueNEE vs NightHrsModelReco R²: 0.7300 | NightHrsTrueNee vs NightHrsModelNee R²: 0.7300
Epoch 27000 | Train Loss: 0.002106 | Val Loss: 0.002025 | Train R²: 0.8964 | Val R²: 0.8982 | NightHrsTrueNEE vs NightHrsModelReco R²: 0.7400 | NightHrsTrueNee vs NightHrsModelNee R²: 0.7400
Epoch 27500 | Train Loss: 0.002024 | Val Loss: 0.001944 | Train R²: 0.9004 | Val R²: 0.9022 | NightHrsTrueNEE vs NightHrsModelReco R²: 0.7400 | NightHrsTrueNee vs NightHrsModelNee R²: 0.7400
Epoch 28000 | Train Loss: 0.001954 | Val Loss: 0.001874 | Train R²: 0.9039 | Val R²: 0.9058 | NightHrsTrueNEE vs NightHrsModelReco R²: 0.7500 | NightHrsTrueNee vs NightHrsModelNee R²: 0.7500
Epoch 28500 | Train Loss: 0.001895 | Val Loss: 0.001817 | Train R²: 0.9068 | Val R²: 0.9086 | NightHrsTrueNEE vs NightHrsModelReco R²: 0.7500 | NightHrsTrueNee vs NightHrsModelNee R²: 0.7500
Epoch 29000 | Train Loss: 0.001851 | Val Loss: 0.001776 | Train R²: 0.9089 | Val R²: 0.9107 | NightHrsTrueNEE vs NightHrsModelReco R²: 0.7500 | NightHrsTrueNee vs NightHrsModelNee R²: 0.7500
Epoch 29500 | Train Loss: 0.001821 | Val Loss: 0.001749 | Train R²: 0.9104 | Val R²: 0.9120 | NightHrsTrueNEE vs NightHrsModelReco R²: 0.7600 | NightHrsTrueNee vs NightHrsModelNee R²: 0.7600
Early stopping at epoch 29647 due to flat/negative trend (slope=0.000002)
Epoch 29647 | Train Loss: 0.001815 | Val Loss: 0.001743 | Train R²: 0.9107 | Val R²: 0.9123
Unpickling models
Following models have been loaded and moved to cuda:
trained gpp model:
 SNN_GPP_Tram(
  (net): Sequential(
    (0): Linear(in_features=12, out_features=12, bias=True)
    (1): Tanh()
    (2): Linear(in_features=12, out_features=1, bias=True)
    (3): Sigmoid()
  )
), trained_reco_model:
 SNN_GPP_Tram(
  (net): Sequential(
    (0): Linear(in_features=8, out_features=12, bias=True)
    (1): Tanh()
    (2): Linear(in_features=12, out_features=1, bias=True)
    (3): Sigmoid()
  )
)
using full data set for visualization
Un-normalizing the GPP and RECO predictions using NEE min: tensor([-50.4310]), NEE max: tensor([42.8991])



Metrics for the Tramontana, with
GPP inputs: ['SW_IN', 'VPD', 'TA', 'WTD', 'WS', 'PotRad', 'PotRadHalfHourlyDiff', 'PotRadDailyAvg', 'PotRadDailyDiff', 'WD_COS', 'WD_SIN', 'GPP_PROX']
RECO inputs: ['DOY_cos', 'TA', 'TS_1', 'WTD', 'WS', 'WD_COS', 'WD_SIN', 'NIGHTLY_NEE_AVG']:
dt_gpp vs Tramontana_GPP R²=0.96 RMSE=1.65
nt_gpp vs Tramontana_GPP R²=0.91 RMSE=2.46
dt_reco vs Tramontana_RECO R²=0.70 RMSE=1.89
nt_reco vs Tramontana_RECO R²=0.86 RMSE=1.23
night_hours_true_nee vs Tramontana_night_hours_model_reco R²=0.75 RMSE=1.77
night_hours_true_nee vs Tramontana_night_hours_model_nee R²=0.75 RMSE=1.77
dt_gpp vs nt_gpp R²=0.90 RMSE=2.59
dt_reco vs nt_reco R²=0.77 RMSE=2.00

gpp_input_names,  ['SW_IN', 'VPD', 'TA', 'WTD', 'WS', 'PotRad', 'PotRadHalfHourlyDiff', 'PotRadDailyAvg', 'PotRadDailyDiff', 'WD_COS', 'WD_SIN', 'GPP_PROX'] 
reco_input_names,  ['DOY_sin', 'TA', 'TS_1', 'WTD', 'WS', 'WD_COS', 'WD_SIN', 'NIGHTLY_NEE_AVG'] 
true_nee_name,  ['NEE'] 

Tramontana Running on GPU With hidden layer size of 12 Total epochs: 100000 lr: 0.001 patience: 500 min_delta 0.01
SNN_GPP_Tram(
  (net): Sequential(
    (0): Linear(in_features=12, out_features=12, bias=True)
    (1): Tanh()
    (2): Linear(in_features=12, out_features=1, bias=True)
    (3): Sigmoid()
  )
)
SNN_RECO_Tram(
  (net): Sequential(
    (0): Linear(in_features=8, out_features=12, bias=True)
    (1): Tanh()
    (2): Linear(in_features=12, out_features=1, bias=True)
    (3): Sigmoid()
  )
)
Params are min slope: 2e-06, trend window: 100
Epoch     0 | Train Loss: 31502.218750 | Val Loss: 29850.769531 | Train R²: -1549702.3750 | Val R²: -1501091.2500 | NightHrsTrueNEE vs NightHrsModelReco R²: -29.4500 | NightHrsTrueNee vs NightHrsModelNee R²: -98.2400
Epoch   500 | Train Loss: 233.031540 | Val Loss: 231.743744 | Train R²: -11462.6279 | Val R²: -11652.5938 | NightHrsTrueNEE vs NightHrsModelReco R²: -131.8600 | NightHrsTrueNee vs NightHrsModelNee R²: -124.7300
Epoch  1000 | Train Loss: 63.428387 | Val Loss: 64.116516 | Train R²: -3119.2620 | Val R²: -3223.1980 | NightHrsTrueNEE vs NightHrsModelReco R²: -146.4800 | NightHrsTrueNee vs NightHrsModelNee R²: -139.8000
Epoch  1500 | Train Loss: 28.446280 | Val Loss: 29.064911 | Train R²: -1398.3710 | Val R²: -1460.5740 | NightHrsTrueNEE vs NightHrsModelReco R²: -152.4200 | NightHrsTrueNee vs NightHrsModelNee R²: -146.5700
Epoch  2000 | Train Loss: 15.553599 | Val Loss: 16.030970 | Train R²: -764.1354 | Val R²: -805.1422 | NightHrsTrueNEE vs NightHrsModelReco R²: -155.7200 | NightHrsTrueNee vs NightHrsModelNee R²: -150.5700
Epoch  2500 | Train Loss: 9.460745 | Val Loss: 9.826392 | Train R²: -464.4068 | Val R²: -493.1353 | NightHrsTrueNEE vs NightHrsModelReco R²: -157.8300 | NightHrsTrueNee vs NightHrsModelNee R²: -153.2400
Epoch  3000 | Train Loss: 6.157085 | Val Loss: 6.439987 | Train R²: -301.8883 | Val R²: -322.8448 | NightHrsTrueNEE vs NightHrsModelReco R²: -159.2600 | NightHrsTrueNee vs NightHrsModelNee R²: -155.1400
Epoch  3500 | Train Loss: 4.206585 | Val Loss: 4.427964 | Train R²: -205.9365 | Val R²: -221.6670 | NightHrsTrueNEE vs NightHrsModelReco R²: -160.2700 | NightHrsTrueNee vs NightHrsModelNee R²: -156.5400
Epoch  4000 | Train Loss: 2.988918 | Val Loss: 3.163882 | Train R²: -146.0352 | Val R²: -158.1007 | NightHrsTrueNEE vs NightHrsModelReco R²: -160.9500 | NightHrsTrueNee vs NightHrsModelNee R²: -157.5700
Epoch  4500 | Train Loss: 2.199786 | Val Loss: 2.339223 | Train R²: -107.2151 | Val R²: -116.6315 | NightHrsTrueNEE vs NightHrsModelReco R²: -161.3600 | NightHrsTrueNee vs NightHrsModelNee R²: -158.2700
Epoch  5000 | Train Loss: 1.675435 | Val Loss: 1.787361 | Train R²: -81.4204 | Val R²: -88.8802 | NightHrsTrueNEE vs NightHrsModelReco R²: -161.4500 | NightHrsTrueNee vs NightHrsModelNee R²: -158.6300
Epoch  5500 | Train Loss: 1.321201 | Val Loss: 1.411664 | Train R²: -63.9945 | Val R²: -69.9877 | NightHrsTrueNEE vs NightHrsModelReco R²: -161.0900 | NightHrsTrueNee vs NightHrsModelNee R²: -158.5000
Epoch  6000 | Train Loss: 1.078713 | Val Loss: 1.152470 | Train R²: -52.0656 | Val R²: -56.9537 | NightHrsTrueNEE vs NightHrsModelReco R²: -159.6400 | NightHrsTrueNee vs NightHrsModelNee R²: -157.2600
Epoch  6500 | Train Loss: 0.906864 | Val Loss: 0.968338 | Train R²: -43.6118 | Val R²: -47.6944 | NightHrsTrueNEE vs NightHrsModelReco R²: -153.4300 | NightHrsTrueNee vs NightHrsModelNee R²: -151.3000
Epoch  7000 | Train Loss: 0.758213 | Val Loss: 0.811258 | Train R²: -36.2991 | Val R²: -39.7954 | NightHrsTrueNEE vs NightHrsModelReco R²: -125.8800 | NightHrsTrueNee vs NightHrsModelNee R²: -124.1300
Epoch  7500 | Train Loss: 0.608999 | Val Loss: 0.652943 | Train R²: -28.9588 | Val R²: -31.8342 | NightHrsTrueNEE vs NightHrsModelReco R²: -98.4700 | NightHrsTrueNee vs NightHrsModelNee R²: -97.0600
Epoch  8000 | Train Loss: 0.439723 | Val Loss: 0.472763 | Train R²: -20.6315 | Val R²: -22.7736 | NightHrsTrueNEE vs NightHrsModelReco R²: -66.0500 | NightHrsTrueNee vs NightHrsModelNee R²: -64.9600
Epoch  8500 | Train Loss: 0.296680 | Val Loss: 0.320642 | Train R²: -13.5947 | Val R²: -15.1240 | NightHrsTrueNEE vs NightHrsModelReco R²: -31.5400 | NightHrsTrueNee vs NightHrsModelNee R²: -30.8200
Epoch  9000 | Train Loss: 0.220124 | Val Loss: 0.237459 | Train R²: -9.8287 | Val R²: -10.9410 | NightHrsTrueNEE vs NightHrsModelReco R²: -24.3000 | NightHrsTrueNee vs NightHrsModelNee R²: -23.7300
Epoch  9500 | Train Loss: 0.166178 | Val Loss: 0.179080 | Train R²: -7.1749 | Val R²: -8.0053 | NightHrsTrueNEE vs NightHrsModelReco R²: -18.5400 | NightHrsTrueNee vs NightHrsModelNee R²: -18.1000
Epoch 10000 | Train Loss: 0.127054 | Val Loss: 0.136860 | Train R²: -5.2502 | Val R²: -5.8822 | NightHrsTrueNEE vs NightHrsModelReco R²: -13.9300 | NightHrsTrueNee vs NightHrsModelNee R²: -13.5900
Epoch 10500 | Train Loss: 0.098461 | Val Loss: 0.106010 | Train R²: -3.8436 | Val R²: -4.3309 | NightHrsTrueNEE vs NightHrsModelReco R²: -10.4300 | NightHrsTrueNee vs NightHrsModelNee R²: -10.1700
Epoch 11000 | Train Loss: 0.077503 | Val Loss: 0.083344 | Train R²: -2.8126 | Val R²: -3.1911 | NightHrsTrueNEE vs NightHrsModelReco R²: -7.8800 | NightHrsTrueNee vs NightHrsModelNee R²: -7.6800
Epoch 11500 | Train Loss: 0.062018 | Val Loss: 0.066534 | Train R²: -2.0509 | Val R²: -2.3458 | NightHrsTrueNEE vs NightHrsModelReco R²: -6.0500 | NightHrsTrueNee vs NightHrsModelNee R²: -5.9000
Epoch 12000 | Train Loss: 0.050434 | Val Loss: 0.053919 | Train R²: -1.4810 | Val R²: -1.7114 | NightHrsTrueNEE vs NightHrsModelReco R²: -4.7200 | NightHrsTrueNee vs NightHrsModelNee R²: -4.6000
Epoch 12500 | Train Loss: 0.041652 | Val Loss: 0.044348 | Train R²: -1.0490 | Val R²: -1.2301 | NightHrsTrueNEE vs NightHrsModelReco R²: -3.7200 | NightHrsTrueNee vs NightHrsModelNee R²: -3.6300
Epoch 13000 | Train Loss: 0.034931 | Val Loss: 0.037041 | Train R²: -0.7184 | Val R²: -0.8627 | NightHrsTrueNEE vs NightHrsModelReco R²: -2.9600 | NightHrsTrueNee vs NightHrsModelNee R²: -2.8900
Epoch 13500 | Train Loss: 0.029798 | Val Loss: 0.031463 | Train R²: -0.4659 | Val R²: -0.5822 | NightHrsTrueNEE vs NightHrsModelReco R²: -2.3900 | NightHrsTrueNee vs NightHrsModelNee R²: -2.3300
Epoch 14000 | Train Loss: 0.025915 | Val Loss: 0.027217 | Train R²: -0.2749 | Val R²: -0.3686 | NightHrsTrueNEE vs NightHrsModelReco R²: -1.9500 | NightHrsTrueNee vs NightHrsModelNee R²: -1.9100
Epoch 14500 | Train Loss: 0.023015 | Val Loss: 0.024018 | Train R²: -0.1322 | Val R²: -0.2078 | NightHrsTrueNEE vs NightHrsModelReco R²: -1.6200 | NightHrsTrueNee vs NightHrsModelNee R²: -1.5900
Epoch 15000 | Train Loss: 0.020869 | Val Loss: 0.021635 | Train R²: -0.0266 | Val R²: -0.0880 | NightHrsTrueNEE vs NightHrsModelReco R²: -1.3800 | NightHrsTrueNee vs NightHrsModelNee R²: -1.3600
Epoch 15500 | Train Loss: 0.019282 | Val Loss: 0.019863 | Train R²: 0.0515 | Val R²: 0.0011 | NightHrsTrueNEE vs NightHrsModelReco R²: -1.2000 | NightHrsTrueNee vs NightHrsModelNee R²: -1.1800
Epoch 16000 | Train Loss: 0.018097 | Val Loss: 0.018533 | Train R²: 0.1098 | Val R²: 0.0680 | NightHrsTrueNEE vs NightHrsModelReco R²: -1.0500 | NightHrsTrueNee vs NightHrsModelNee R²: -1.0300
Epoch 16500 | Train Loss: 0.017190 | Val Loss: 0.017509 | Train R²: 0.1544 | Val R²: 0.1195 | NightHrsTrueNEE vs NightHrsModelReco R²: -0.9100 | NightHrsTrueNee vs NightHrsModelNee R²: -0.9000
Epoch 17000 | Train Loss: 0.016469 | Val Loss: 0.016694 | Train R²: 0.1898 | Val R²: 0.1605 | NightHrsTrueNEE vs NightHrsModelReco R²: -0.7700 | NightHrsTrueNee vs NightHrsModelNee R²: -0.7600
Epoch 17500 | Train Loss: 0.015853 | Val Loss: 0.016006 | Train R²: 0.2201 | Val R²: 0.1951 | NightHrsTrueNEE vs NightHrsModelReco R²: -0.6300 | NightHrsTrueNee vs NightHrsModelNee R²: -0.6300
Epoch 18000 | Train Loss: 0.015267 | Val Loss: 0.015370 | Train R²: 0.2490 | Val R²: 0.2271 | NightHrsTrueNEE vs NightHrsModelReco R²: -0.5000 | NightHrsTrueNee vs NightHrsModelNee R²: -0.4900
Epoch 18500 | Train Loss: 0.014628 | Val Loss: 0.014702 | Train R²: 0.2804 | Val R²: 0.2607 | NightHrsTrueNEE vs NightHrsModelReco R²: -0.3500 | NightHrsTrueNee vs NightHrsModelNee R²: -0.3400
Epoch 19000 | Train Loss: 0.013825 | Val Loss: 0.013878 | Train R²: 0.3199 | Val R²: 0.3021 | NightHrsTrueNEE vs NightHrsModelReco R²: -0.1800 | NightHrsTrueNee vs NightHrsModelNee R²: -0.1800
Epoch 19500 | Train Loss: 0.012620 | Val Loss: 0.012634 | Train R²: 0.3792 | Val R²: 0.3647 | NightHrsTrueNEE vs NightHrsModelReco R²: -0.0100 | NightHrsTrueNee vs NightHrsModelNee R²: -0.0000
Epoch 20000 | Train Loss: 0.011414 | Val Loss: 0.011440 | Train R²: 0.4385 | Val R²: 0.4247 | NightHrsTrueNEE vs NightHrsModelReco R²: 0.0400 | NightHrsTrueNee vs NightHrsModelNee R²: 0.0500
Epoch 20500 | Train Loss: 0.010265 | Val Loss: 0.010335 | Train R²: 0.4950 | Val R²: 0.4803 | NightHrsTrueNEE vs NightHrsModelReco R²: 0.0700 | NightHrsTrueNee vs NightHrsModelNee R²: 0.0800
Epoch 21000 | Train Loss: 0.009104 | Val Loss: 0.009204 | Train R²: 0.5521 | Val R²: 0.5371 | NightHrsTrueNEE vs NightHrsModelReco R²: 0.1100 | NightHrsTrueNee vs NightHrsModelNee R²: 0.1200
Epoch 21500 | Train Loss: 0.007920 | Val Loss: 0.008018 | Train R²: 0.6104 | Val R²: 0.5968 | NightHrsTrueNEE vs NightHrsModelReco R²: 0.1800 | NightHrsTrueNee vs NightHrsModelNee R²: 0.1800
Epoch 22000 | Train Loss: 0.006766 | Val Loss: 0.006831 | Train R²: 0.6671 | Val R²: 0.6565 | NightHrsTrueNEE vs NightHrsModelReco R²: 0.2700 | NightHrsTrueNee vs NightHrsModelNee R²: 0.2700
Epoch 22500 | Train Loss: 0.005598 | Val Loss: 0.005613 | Train R²: 0.7246 | Val R²: 0.7177 | NightHrsTrueNEE vs NightHrsModelReco R²: 0.3600 | NightHrsTrueNee vs NightHrsModelNee R²: 0.3700
Epoch 23000 | Train Loss: 0.004466 | Val Loss: 0.004424 | Train R²: 0.7803 | Val R²: 0.7775 | NightHrsTrueNEE vs NightHrsModelReco R²: 0.4700 | NightHrsTrueNee vs NightHrsModelNee R²: 0.4700
Epoch 23500 | Train Loss: 0.003649 | Val Loss: 0.003569 | Train R²: 0.8205 | Val R²: 0.8205 | NightHrsTrueNEE vs NightHrsModelReco R²: 0.5600 | NightHrsTrueNee vs NightHrsModelNee R²: 0.5600
Epoch 24000 | Train Loss: 0.003151 | Val Loss: 0.003052 | Train R²: 0.8450 | Val R²: 0.8465 | NightHrsTrueNEE vs NightHrsModelReco R²: 0.6300 | NightHrsTrueNee vs NightHrsModelNee R²: 0.6300
Epoch 24500 | Train Loss: 0.002836 | Val Loss: 0.002726 | Train R²: 0.8605 | Val R²: 0.8629 | NightHrsTrueNEE vs NightHrsModelReco R²: 0.6700 | NightHrsTrueNee vs NightHrsModelNee R²: 0.6700
Epoch 25000 | Train Loss: 0.002614 | Val Loss: 0.002502 | Train R²: 0.8714 | Val R²: 0.8742 | NightHrsTrueNEE vs NightHrsModelReco R²: 0.6900 | NightHrsTrueNee vs NightHrsModelNee R²: 0.6900
Epoch 25500 | Train Loss: 0.002450 | Val Loss: 0.002342 | Train R²: 0.8795 | Val R²: 0.8822 | NightHrsTrueNEE vs NightHrsModelReco R²: 0.7100 | NightHrsTrueNee vs NightHrsModelNee R²: 0.7100
Epoch 26000 | Train Loss: 0.002326 | Val Loss: 0.002221 | Train R²: 0.8856 | Val R²: 0.8883 | NightHrsTrueNEE vs NightHrsModelReco R²: 0.7200 | NightHrsTrueNee vs NightHrsModelNee R²: 0.7200
Epoch 26500 | Train Loss: 0.002220 | Val Loss: 0.002124 | Train R²: 0.8908 | Val R²: 0.8932 | NightHrsTrueNEE vs NightHrsModelReco R²: 0.7300 | NightHrsTrueNee vs NightHrsModelNee R²: 0.7300
Epoch 27000 | Train Loss: 0.002127 | Val Loss: 0.002037 | Train R²: 0.8953 | Val R²: 0.8976 | NightHrsTrueNEE vs NightHrsModelReco R²: 0.7300 | NightHrsTrueNee vs NightHrsModelNee R²: 0.7300
Epoch 27500 | Train Loss: 0.002045 | Val Loss: 0.001957 | Train R²: 0.8994 | Val R²: 0.9016 | NightHrsTrueNEE vs NightHrsModelReco R²: 0.7400 | NightHrsTrueNee vs NightHrsModelNee R²: 0.7400
Epoch 28000 | Train Loss: 0.001972 | Val Loss: 0.001886 | Train R²: 0.9030 | Val R²: 0.9052 | NightHrsTrueNEE vs NightHrsModelReco R²: 0.7400 | NightHrsTrueNee vs NightHrsModelNee R²: 0.7400
Epoch 28500 | Train Loss: 0.001908 | Val Loss: 0.001825 | Train R²: 0.9061 | Val R²: 0.9082 | NightHrsTrueNEE vs NightHrsModelReco R²: 0.7500 | NightHrsTrueNee vs NightHrsModelNee R²: 0.7500
Epoch 29000 | Train Loss: 0.001859 | Val Loss: 0.001784 | Train R²: 0.9085 | Val R²: 0.9103 | NightHrsTrueNEE vs NightHrsModelReco R²: 0.7500 | NightHrsTrueNee vs NightHrsModelNee R²: 0.7500
Early stopping at epoch 29484 due to flat/negative trend (slope=0.000002)
Epoch 29484 | Train Loss: 0.001828 | Val Loss: 0.001760 | Train R²: 0.9101 | Val R²: 0.9115
Unpickling models
Following models have been loaded and moved to cuda:
trained gpp model:
 SNN_GPP_Tram(
  (net): Sequential(
    (0): Linear(in_features=12, out_features=12, bias=True)
    (1): Tanh()
    (2): Linear(in_features=12, out_features=1, bias=True)
    (3): Sigmoid()
  )
), trained_reco_model:
 SNN_GPP_Tram(
  (net): Sequential(
    (0): Linear(in_features=8, out_features=12, bias=True)
    (1): Tanh()
    (2): Linear(in_features=12, out_features=1, bias=True)
    (3): Sigmoid()
  )
)
using full data set for visualization
Un-normalizing the GPP and RECO predictions using NEE min: tensor([-50.4310]), NEE max: tensor([42.8991])



Metrics for the Tramontana, with
GPP inputs: ['SW_IN', 'VPD', 'TA', 'WTD', 'WS', 'PotRad', 'PotRadHalfHourlyDiff', 'PotRadDailyAvg', 'PotRadDailyDiff', 'WD_COS', 'WD_SIN', 'GPP_PROX']
RECO inputs: ['DOY_sin', 'TA', 'TS_1', 'WTD', 'WS', 'WD_COS', 'WD_SIN', 'NIGHTLY_NEE_AVG']:
dt_gpp vs Tramontana_GPP R²=0.96 RMSE=1.68
nt_gpp vs Tramontana_GPP R²=0.91 RMSE=2.48
dt_reco vs Tramontana_RECO R²=0.70 RMSE=1.91
nt_reco vs Tramontana_RECO R²=0.86 RMSE=1.26
night_hours_true_nee vs Tramontana_night_hours_model_reco R²=0.75 RMSE=1.78
night_hours_true_nee vs Tramontana_night_hours_model_nee R²=0.75 RMSE=1.78
dt_gpp vs nt_gpp R²=0.90 RMSE=2.59
dt_reco vs nt_reco R²=0.77 RMSE=2.00

gpp_input_names,  ['SW_IN', 'VPD', 'TA', 'WTD', 'WS', 'PotRad', 'PotRadHalfHourlyDiff', 'PotRadDailyAvg', 'PotRadDailyDiff', 'WD_COS', 'WD_SIN', 'GPP_PROX'] 
reco_input_names,  ['DOY_sin', 'DOY_cos', 'TS_1', 'WTD', 'WS', 'WD_COS', 'WD_SIN', 'NIGHTLY_NEE_AVG'] 
true_nee_name,  ['NEE'] 

Tramontana Running on GPU With hidden layer size of 12 Total epochs: 100000 lr: 0.001 patience: 500 min_delta 0.01
SNN_GPP_Tram(
  (net): Sequential(
    (0): Linear(in_features=12, out_features=12, bias=True)
    (1): Tanh()
    (2): Linear(in_features=12, out_features=1, bias=True)
    (3): Sigmoid()
  )
)
SNN_RECO_Tram(
  (net): Sequential(
    (0): Linear(in_features=8, out_features=12, bias=True)
    (1): Tanh()
    (2): Linear(in_features=12, out_features=1, bias=True)
    (3): Sigmoid()
  )
)
Params are min slope: 2e-06, trend window: 100
Epoch     0 | Train Loss: 31492.781250 | Val Loss: 29841.908203 | Train R²: -1549238.0000 | Val R²: -1500645.5000 | NightHrsTrueNEE vs NightHrsModelReco R²: -31.6000 | NightHrsTrueNee vs NightHrsModelNee R²: -98.3700
Epoch   500 | Train Loss: 232.941788 | Val Loss: 231.672501 | Train R²: -11458.2139 | Val R²: -11649.0098 | NightHrsTrueNEE vs NightHrsModelReco R²: -133.9200 | NightHrsTrueNee vs NightHrsModelNee R²: -126.8100
Epoch  1000 | Train Loss: 63.355167 | Val Loss: 64.043205 | Train R²: -3115.6599 | Val R²: -3219.5117 | NightHrsTrueNEE vs NightHrsModelReco R²: -151.8200 | NightHrsTrueNee vs NightHrsModelNee R²: -144.9700
Epoch  1500 | Train Loss: 28.405531 | Val Loss: 29.021843 | Train R²: -1396.3663 | Val R²: -1458.4083 | NightHrsTrueNEE vs NightHrsModelReco R²: -158.0400 | NightHrsTrueNee vs NightHrsModelNee R²: -152.0300
Epoch  2000 | Train Loss: 15.531234 | Val Loss: 16.006226 | Train R²: -763.0352 | Val R²: -803.8978 | NightHrsTrueNEE vs NightHrsModelReco R²: -161.0400 | NightHrsTrueNee vs NightHrsModelNee R²: -155.7500
Epoch  2500 | Train Loss: 9.448774 | Val Loss: 9.812378 | Train R²: -463.8180 | Val R²: -492.4306 | NightHrsTrueNEE vs NightHrsModelReco R²: -162.7500 | NightHrsTrueNee vs NightHrsModelNee R²: -158.0500
Epoch  3000 | Train Loss: 6.151274 | Val Loss: 6.432478 | Train R²: -301.6025 | Val R²: -322.4671 | NightHrsTrueNEE vs NightHrsModelReco R²: -163.8300 | NightHrsTrueNee vs NightHrsModelNee R²: -159.6200
Epoch  3500 | Train Loss: 4.204623 | Val Loss: 4.424599 | Train R²: -205.8400 | Val R²: -221.4978 | NightHrsTrueNEE vs NightHrsModelReco R²: -164.5500 | NightHrsTrueNee vs NightHrsModelNee R²: -160.7400
Epoch  4000 | Train Loss: 2.989481 | Val Loss: 3.163280 | Train R²: -146.0629 | Val R²: -158.0704 | NightHrsTrueNEE vs NightHrsModelReco R²: -165.0200 | NightHrsTrueNee vs NightHrsModelNee R²: -161.5700
Epoch  4500 | Train Loss: 2.202113 | Val Loss: 2.340565 | Train R²: -107.3296 | Val R²: -116.6989 | NightHrsTrueNEE vs NightHrsModelReco R²: -165.3100 | NightHrsTrueNee vs NightHrsModelNee R²: -162.1700
Epoch  5000 | Train Loss: 1.679135 | Val Loss: 1.790197 | Train R²: -81.6025 | Val R²: -89.0228 | NightHrsTrueNEE vs NightHrsModelReco R²: -165.4300 | NightHrsTrueNee vs NightHrsModelNee R²: -162.5500
Epoch  5500 | Train Loss: 1.326171 | Val Loss: 1.415819 | Train R²: -64.2390 | Val R²: -70.1967 | NightHrsTrueNEE vs NightHrsModelReco R²: -165.2800 | NightHrsTrueNee vs NightHrsModelNee R²: -162.6300
Epoch  6000 | Train Loss: 1.084996 | Val Loss: 1.157863 | Train R²: -52.3747 | Val R²: -57.2249 | NightHrsTrueNEE vs NightHrsModelReco R²: -164.3100 | NightHrsTrueNee vs NightHrsModelNee R²: -161.8800
Epoch  6500 | Train Loss: 0.893476 | Val Loss: 0.955234 | Train R²: -42.9532 | Val R²: -47.0354 | NightHrsTrueNEE vs NightHrsModelReco R²: -142.5700 | NightHrsTrueNee vs NightHrsModelNee R²: -140.4900
Epoch  7000 | Train Loss: 0.708866 | Val Loss: 0.756923 | Train R²: -33.8716 | Val R²: -37.0630 | NightHrsTrueNEE vs NightHrsModelReco R²: -118.3000 | NightHrsTrueNee vs NightHrsModelNee R²: -116.5400
Epoch  7500 | Train Loss: 0.569646 | Val Loss: 0.606883 | Train R²: -27.0229 | Val R²: -29.5180 | NightHrsTrueNEE vs NightHrsModelReco R²: -104.7100 | NightHrsTrueNee vs NightHrsModelNee R²: -103.1600
Epoch  8000 | Train Loss: 0.395644 | Val Loss: 0.422481 | Train R²: -18.4631 | Val R²: -20.2451 | NightHrsTrueNEE vs NightHrsModelReco R²: -59.3300 | NightHrsTrueNee vs NightHrsModelNee R²: -58.2200
Epoch  8500 | Train Loss: 0.292784 | Val Loss: 0.314786 | Train R²: -13.4030 | Val R²: -14.8295 | NightHrsTrueNEE vs NightHrsModelReco R²: -36.4600 | NightHrsTrueNee vs NightHrsModelNee R²: -35.6800
Epoch  9000 | Train Loss: 0.218438 | Val Loss: 0.235778 | Train R²: -9.7457 | Val R²: -10.8565 | NightHrsTrueNEE vs NightHrsModelReco R²: -24.1700 | NightHrsTrueNee vs NightHrsModelNee R²: -23.6100
Epoch  9500 | Train Loss: 0.164872 | Val Loss: 0.178170 | Train R²: -7.1106 | Val R²: -7.9595 | NightHrsTrueNEE vs NightHrsModelReco R²: -17.3700 | NightHrsTrueNee vs NightHrsModelNee R²: -16.9400
Epoch 10000 | Train Loss: 0.125968 | Val Loss: 0.136034 | Train R²: -5.1968 | Val R²: -5.8407 | NightHrsTrueNEE vs NightHrsModelReco R²: -12.9100 | NightHrsTrueNee vs NightHrsModelNee R²: -12.5900
Epoch 10500 | Train Loss: 0.097659 | Val Loss: 0.105217 | Train R²: -3.8042 | Val R²: -4.2910 | NightHrsTrueNEE vs NightHrsModelReco R²: -9.7800 | NightHrsTrueNee vs NightHrsModelNee R²: -9.5300
Epoch 11000 | Train Loss: 0.076955 | Val Loss: 0.082608 | Train R²: -2.7857 | Val R²: -3.1541 | NightHrsTrueNEE vs NightHrsModelReco R²: -7.5100 | NightHrsTrueNee vs NightHrsModelNee R²: -7.3200
Epoch 11500 | Train Loss: 0.061642 | Val Loss: 0.065863 | Train R²: -2.0324 | Val R²: -2.3120 | NightHrsTrueNEE vs NightHrsModelReco R²: -5.8300 | NightHrsTrueNee vs NightHrsModelNee R²: -5.6800
Epoch 12000 | Train Loss: 0.050144 | Val Loss: 0.053290 | Train R²: -1.4668 | Val R²: -1.6798 | NightHrsTrueNEE vs NightHrsModelReco R²: -4.5600 | NightHrsTrueNee vs NightHrsModelNee R²: -4.4500
Epoch 12500 | Train Loss: 0.041395 | Val Loss: 0.043735 | Train R²: -1.0364 | Val R²: -1.1993 | NightHrsTrueNEE vs NightHrsModelReco R²: -3.6000 | NightHrsTrueNee vs NightHrsModelNee R²: -3.5100
Epoch 13000 | Train Loss: 0.034701 | Val Loss: 0.036449 | Train R²: -0.7071 | Val R²: -0.8329 | NightHrsTrueNEE vs NightHrsModelReco R²: -2.8600 | NightHrsTrueNee vs NightHrsModelNee R²: -2.8000
Epoch 13500 | Train Loss: 0.029599 | Val Loss: 0.030922 | Train R²: -0.4561 | Val R²: -0.5550 | NightHrsTrueNEE vs NightHrsModelReco R²: -2.2900 | NightHrsTrueNee vs NightHrsModelNee R²: -2.2400
Epoch 14000 | Train Loss: 0.025734 | Val Loss: 0.026745 | Train R²: -0.2660 | Val R²: -0.3449 | NightHrsTrueNEE vs NightHrsModelReco R²: -1.8400 | NightHrsTrueNee vs NightHrsModelNee R²: -1.8000
Epoch 14500 | Train Loss: 0.022831 | Val Loss: 0.023603 | Train R²: -0.1232 | Val R²: -0.1869 | NightHrsTrueNEE vs NightHrsModelReco R²: -1.5000 | NightHrsTrueNee vs NightHrsModelNee R²: -1.4700
Epoch 15000 | Train Loss: 0.020665 | Val Loss: 0.021241 | Train R²: -0.0166 | Val R²: -0.0682 | NightHrsTrueNEE vs NightHrsModelReco R²: -1.2600 | NightHrsTrueNee vs NightHrsModelNee R²: -1.2300
Epoch 15500 | Train Loss: 0.019044 | Val Loss: 0.019462 | Train R²: 0.0632 | Val R²: 0.0213 | NightHrsTrueNEE vs NightHrsModelReco R²: -1.0800 | NightHrsTrueNee vs NightHrsModelNee R²: -1.0600
Epoch 16000 | Train Loss: 0.017844 | Val Loss: 0.018145 | Train R²: 0.1222 | Val R²: 0.0875 | NightHrsTrueNEE vs NightHrsModelReco R²: -0.9500 | NightHrsTrueNee vs NightHrsModelNee R²: -0.9300
Epoch 16500 | Train Loss: 0.016953 | Val Loss: 0.017164 | Train R²: 0.1660 | Val R²: 0.1369 | NightHrsTrueNEE vs NightHrsModelReco R²: -0.8300 | NightHrsTrueNee vs NightHrsModelNee R²: -0.8200
Epoch 17000 | Train Loss: 0.016261 | Val Loss: 0.016400 | Train R²: 0.2001 | Val R²: 0.1753 | NightHrsTrueNEE vs NightHrsModelReco R²: -0.7300 | NightHrsTrueNee vs NightHrsModelNee R²: -0.7200
Epoch 17500 | Train Loss: 0.015677 | Val Loss: 0.015758 | Train R²: 0.2288 | Val R²: 0.2076 | NightHrsTrueNEE vs NightHrsModelReco R²: -0.6300 | NightHrsTrueNee vs NightHrsModelNee R²: -0.6200
Epoch 18000 | Train Loss: 0.015122 | Val Loss: 0.015160 | Train R²: 0.2561 | Val R²: 0.2376 | NightHrsTrueNEE vs NightHrsModelReco R²: -0.5200 | NightHrsTrueNee vs NightHrsModelNee R²: -0.5200
Epoch 18500 | Train Loss: 0.014521 | Val Loss: 0.014535 | Train R²: 0.2857 | Val R²: 0.2691 | NightHrsTrueNEE vs NightHrsModelReco R²: -0.4000 | NightHrsTrueNee vs NightHrsModelNee R²: -0.4000
Epoch 19000 | Train Loss: 0.013821 | Val Loss: 0.013825 | Train R²: 0.3201 | Val R²: 0.3048 | NightHrsTrueNEE vs NightHrsModelReco R²: -0.2800 | NightHrsTrueNee vs NightHrsModelNee R²: -0.2700
Epoch 19500 | Train Loss: 0.012976 | Val Loss: 0.012981 | Train R²: 0.3617 | Val R²: 0.3472 | NightHrsTrueNEE vs NightHrsModelReco R²: -0.1600 | NightHrsTrueNee vs NightHrsModelNee R²: -0.1500
Epoch 20000 | Train Loss: 0.011984 | Val Loss: 0.012004 | Train R²: 0.4105 | Val R²: 0.3963 | NightHrsTrueNEE vs NightHrsModelReco R²: -0.0700 | NightHrsTrueNee vs NightHrsModelNee R²: -0.0600
Epoch 20500 | Train Loss: 0.010924 | Val Loss: 0.010984 | Train R²: 0.4626 | Val R²: 0.4476 | NightHrsTrueNEE vs NightHrsModelReco R²: -0.0200 | NightHrsTrueNee vs NightHrsModelNee R²: -0.0100
Epoch 21000 | Train Loss: 0.009760 | Val Loss: 0.009858 | Train R²: 0.5199 | Val R²: 0.5043 | NightHrsTrueNEE vs NightHrsModelReco R²: 0.0200 | NightHrsTrueNee vs NightHrsModelNee R²: 0.0300
Epoch 21500 | Train Loss: 0.008544 | Val Loss: 0.008655 | Train R²: 0.5797 | Val R²: 0.5648 | NightHrsTrueNEE vs NightHrsModelReco R²: 0.0800 | NightHrsTrueNee vs NightHrsModelNee R²: 0.0900
Epoch 22000 | Train Loss: 0.007330 | Val Loss: 0.007440 | Train R²: 0.6394 | Val R²: 0.6259 | NightHrsTrueNEE vs NightHrsModelReco R²: 0.1700 | NightHrsTrueNee vs NightHrsModelNee R²: 0.1700
Epoch 22500 | Train Loss: 0.006024 | Val Loss: 0.006115 | Train R²: 0.7036 | Val R²: 0.6925 | NightHrsTrueNEE vs NightHrsModelReco R²: 0.2800 | NightHrsTrueNee vs NightHrsModelNee R²: 0.2900
Epoch 23000 | Train Loss: 0.004664 | Val Loss: 0.004706 | Train R²: 0.7705 | Val R²: 0.7633 | NightHrsTrueNEE vs NightHrsModelReco R²: 0.4300 | NightHrsTrueNee vs NightHrsModelNee R²: 0.4300
Epoch 23500 | Train Loss: 0.003698 | Val Loss: 0.003694 | Train R²: 0.8181 | Val R²: 0.8142 | NightHrsTrueNEE vs NightHrsModelReco R²: 0.5400 | NightHrsTrueNee vs NightHrsModelNee R²: 0.5400
Epoch 24000 | Train Loss: 0.003137 | Val Loss: 0.003094 | Train R²: 0.8457 | Val R²: 0.8444 | NightHrsTrueNEE vs NightHrsModelReco R²: 0.6200 | NightHrsTrueNee vs NightHrsModelNee R²: 0.6200
Epoch 24500 | Train Loss: 0.002803 | Val Loss: 0.002732 | Train R²: 0.8621 | Val R²: 0.8626 | NightHrsTrueNEE vs NightHrsModelReco R²: 0.6700 | NightHrsTrueNee vs NightHrsModelNee R²: 0.6600
Epoch 25000 | Train Loss: 0.002589 | Val Loss: 0.002502 | Train R²: 0.8726 | Val R²: 0.8742 | NightHrsTrueNEE vs NightHrsModelReco R²: 0.6900 | NightHrsTrueNee vs NightHrsModelNee R²: 0.6900
Epoch 25500 | Train Loss: 0.002436 | Val Loss: 0.002340 | Train R²: 0.8802 | Val R²: 0.8823 | NightHrsTrueNEE vs NightHrsModelReco R²: 0.7100 | NightHrsTrueNee vs NightHrsModelNee R²: 0.7100
Epoch 26000 | Train Loss: 0.002312 | Val Loss: 0.002213 | Train R²: 0.8862 | Val R²: 0.8887 | NightHrsTrueNEE vs NightHrsModelReco R²: 0.7200 | NightHrsTrueNee vs NightHrsModelNee R²: 0.7200
Epoch 26500 | Train Loss: 0.002206 | Val Loss: 0.002107 | Train R²: 0.8915 | Val R²: 0.8941 | NightHrsTrueNEE vs NightHrsModelReco R²: 0.7300 | NightHrsTrueNee vs NightHrsModelNee R²: 0.7300
Epoch 27000 | Train Loss: 0.002112 | Val Loss: 0.002014 | Train R²: 0.8961 | Val R²: 0.8987 | NightHrsTrueNEE vs NightHrsModelReco R²: 0.7300 | NightHrsTrueNee vs NightHrsModelNee R²: 0.7300
Epoch 27500 | Train Loss: 0.002028 | Val Loss: 0.001934 | Train R²: 0.9002 | Val R²: 0.9027 | NightHrsTrueNEE vs NightHrsModelReco R²: 0.7400 | NightHrsTrueNee vs NightHrsModelNee R²: 0.7400
Epoch 28000 | Train Loss: 0.001958 | Val Loss: 0.001867 | Train R²: 0.9037 | Val R²: 0.9061 | NightHrsTrueNEE vs NightHrsModelReco R²: 0.7400 | NightHrsTrueNee vs NightHrsModelNee R²: 0.7400
Epoch 28500 | Train Loss: 0.001902 | Val Loss: 0.001816 | Train R²: 0.9064 | Val R²: 0.9087 | NightHrsTrueNEE vs NightHrsModelReco R²: 0.7400 | NightHrsTrueNee vs NightHrsModelNee R²: 0.7400
Epoch 29000 | Train Loss: 0.001862 | Val Loss: 0.001780 | Train R²: 0.9084 | Val R²: 0.9105 | NightHrsTrueNEE vs NightHrsModelReco R²: 0.7500 | NightHrsTrueNee vs NightHrsModelNee R²: 0.7500
Early stopping at epoch 29145 due to flat/negative trend (slope=0.000002)
Epoch 29145 | Train Loss: 0.001853 | Val Loss: 0.001773 | Train R²: 0.9089 | Val R²: 0.9108
Unpickling models
Following models have been loaded and moved to cuda:
trained gpp model:
 SNN_GPP_Tram(
  (net): Sequential(
    (0): Linear(in_features=12, out_features=12, bias=True)
    (1): Tanh()
    (2): Linear(in_features=12, out_features=1, bias=True)
    (3): Sigmoid()
  )
), trained_reco_model:
 SNN_GPP_Tram(
  (net): Sequential(
    (0): Linear(in_features=8, out_features=12, bias=True)
    (1): Tanh()
    (2): Linear(in_features=12, out_features=1, bias=True)
    (3): Sigmoid()
  )
)
using full data set for visualization
Un-normalizing the GPP and RECO predictions using NEE min: tensor([-50.4310]), NEE max: tensor([42.8991])



Metrics for the Tramontana, with
GPP inputs: ['SW_IN', 'VPD', 'TA', 'WTD', 'WS', 'PotRad', 'PotRadHalfHourlyDiff', 'PotRadDailyAvg', 'PotRadDailyDiff', 'WD_COS', 'WD_SIN', 'GPP_PROX']
RECO inputs: ['DOY_sin', 'DOY_cos', 'TS_1', 'WTD', 'WS', 'WD_COS', 'WD_SIN', 'NIGHTLY_NEE_AVG']:
dt_gpp vs Tramontana_GPP R²=0.96 RMSE=1.70
nt_gpp vs Tramontana_GPP R²=0.91 RMSE=2.49
dt_reco vs Tramontana_RECO R²=0.69 RMSE=1.92
nt_reco vs Tramontana_RECO R²=0.85 RMSE=1.28
night_hours_true_nee vs Tramontana_night_hours_model_reco R²=0.75 RMSE=1.80
night_hours_true_nee vs Tramontana_night_hours_model_nee R²=0.75 RMSE=1.80
dt_gpp vs nt_gpp R²=0.90 RMSE=2.59
dt_reco vs nt_reco R²=0.77 RMSE=2.00

gpp_input_names,  ['SW_IN', 'VPD', 'TA', 'WTD', 'WS', 'PotRad', 'PotRadHalfHourlyDiff', 'PotRadDailyAvg', 'PotRadDailyDiff', 'WD_COS', 'WD_SIN', 'GPP_PROX'] 
reco_input_names,  ['DOY_sin', 'DOY_cos', 'TA', 'WTD', 'WS', 'WD_COS', 'WD_SIN', 'NIGHTLY_NEE_AVG'] 
true_nee_name,  ['NEE'] 

Tramontana Running on GPU With hidden layer size of 12 Total epochs: 100000 lr: 0.001 patience: 500 min_delta 0.01
SNN_GPP_Tram(
  (net): Sequential(
    (0): Linear(in_features=12, out_features=12, bias=True)
    (1): Tanh()
    (2): Linear(in_features=12, out_features=1, bias=True)
    (3): Sigmoid()
  )
)
SNN_RECO_Tram(
  (net): Sequential(
    (0): Linear(in_features=8, out_features=12, bias=True)
    (1): Tanh()
    (2): Linear(in_features=12, out_features=1, bias=True)
    (3): Sigmoid()
  )
)
Params are min slope: 2e-06, trend window: 100
Epoch     0 | Train Loss: 31494.337891 | Val Loss: 29843.443359 | Train R²: -1549314.6250 | Val R²: -1500722.7500 | NightHrsTrueNEE vs NightHrsModelReco R²: -32.0200 | NightHrsTrueNee vs NightHrsModelNee R²: -98.7300
Epoch   500 | Train Loss: 232.921005 | Val Loss: 231.650787 | Train R²: -11457.1895 | Val R²: -11647.9170 | NightHrsTrueNEE vs NightHrsModelReco R²: -132.5400 | NightHrsTrueNee vs NightHrsModelNee R²: -125.4700
Epoch  1000 | Train Loss: 63.349834 | Val Loss: 64.038406 | Train R²: -3115.3979 | Val R²: -3219.2705 | NightHrsTrueNEE vs NightHrsModelReco R²: -150.5300 | NightHrsTrueNee vs NightHrsModelNee R²: -143.7300
Epoch  1500 | Train Loss: 28.403086 | Val Loss: 29.019943 | Train R²: -1396.2461 | Val R²: -1458.3130 | NightHrsTrueNEE vs NightHrsModelReco R²: -156.9400 | NightHrsTrueNee vs NightHrsModelNee R²: -150.9600
Epoch  2000 | Train Loss: 15.529586 | Val Loss: 16.004993 | Train R²: -762.9542 | Val R²: -803.8359 | NightHrsTrueNEE vs NightHrsModelReco R²: -160.0800 | NightHrsTrueNee vs NightHrsModelNee R²: -154.8100
Epoch  2500 | Train Loss: 9.447430 | Val Loss: 9.811339 | Train R²: -463.7518 | Val R²: -492.3784 | NightHrsTrueNEE vs NightHrsModelReco R²: -161.9000 | NightHrsTrueNee vs NightHrsModelNee R²: -157.2100
Epoch  3000 | Train Loss: 6.150056 | Val Loss: 6.431494 | Train R²: -301.5426 | Val R²: -322.4176 | NightHrsTrueNEE vs NightHrsModelReco R²: -163.0400 | NightHrsTrueNee vs NightHrsModelNee R²: -158.8400
Epoch  3500 | Train Loss: 4.203449 | Val Loss: 4.423607 | Train R²: -205.7822 | Val R²: -221.4479 | NightHrsTrueNEE vs NightHrsModelReco R²: -163.7900 | NightHrsTrueNee vs NightHrsModelNee R²: -159.9900
Epoch  4000 | Train Loss: 2.988294 | Val Loss: 3.162239 | Train R²: -146.0045 | Val R²: -158.0181 | NightHrsTrueNEE vs NightHrsModelReco R²: -164.2600 | NightHrsTrueNee vs NightHrsModelNee R²: -160.8200
Epoch  4500 | Train Loss: 2.200838 | Val Loss: 2.339417 | Train R²: -107.2668 | Val R²: -116.6412 | NightHrsTrueNEE vs NightHrsModelReco R²: -164.5000 | NightHrsTrueNee vs NightHrsModelNee R²: -161.3600
Epoch  5000 | Train Loss: 1.677618 | Val Loss: 1.788813 | Train R²: -81.5278 | Val R²: -88.9532 | NightHrsTrueNEE vs NightHrsModelReco R²: -164.4400 | NightHrsTrueNee vs NightHrsModelNee R²: -161.5700
Epoch  5500 | Train Loss: 1.323846 | Val Loss: 1.413712 | Train R²: -64.1246 | Val R²: -70.0907 | NightHrsTrueNEE vs NightHrsModelReco R²: -163.6600 | NightHrsTrueNee vs NightHrsModelNee R²: -161.0400
Epoch  6000 | Train Loss: 1.074877 | Val Loss: 1.148995 | Train R²: -51.8769 | Val R²: -56.7790 | NightHrsTrueNEE vs NightHrsModelReco R²: -156.0600 | NightHrsTrueNee vs NightHrsModelNee R²: -153.7000
Epoch  6500 | Train Loss: 0.846472 | Val Loss: 0.906339 | Train R²: -40.6409 | Val R²: -44.5767 | NightHrsTrueNEE vs NightHrsModelReco R²: -122.3300 | NightHrsTrueNee vs NightHrsModelNee R²: -120.4100
Epoch  7000 | Train Loss: 0.690772 | Val Loss: 0.737390 | Train R²: -32.9815 | Val R²: -36.0808 | NightHrsTrueNEE vs NightHrsModelReco R²: -114.3500 | NightHrsTrueNee vs NightHrsModelNee R²: -112.6300
Epoch  7500 | Train Loss: 0.548135 | Val Loss: 0.584357 | Train R²: -25.9646 | Val R²: -28.3853 | NightHrsTrueNEE vs NightHrsModelReco R²: -98.7800 | NightHrsTrueNee vs NightHrsModelNee R²: -97.2800
Epoch  8000 | Train Loss: 0.391962 | Val Loss: 0.419371 | Train R²: -18.2820 | Val R²: -20.0887 | NightHrsTrueNEE vs NightHrsModelReco R²: -57.9200 | NightHrsTrueNee vs NightHrsModelNee R²: -56.8400
Epoch  8500 | Train Loss: 0.293697 | Val Loss: 0.316278 | Train R²: -13.4480 | Val R²: -14.9045 | NightHrsTrueNEE vs NightHrsModelReco R²: -37.3300 | NightHrsTrueNee vs NightHrsModelNee R²: -36.5500
Epoch  9000 | Train Loss: 0.221103 | Val Loss: 0.239155 | Train R²: -9.8768 | Val R²: -11.0263 | NightHrsTrueNEE vs NightHrsModelReco R²: -25.1100 | NightHrsTrueNee vs NightHrsModelNee R²: -24.5400
Epoch  9500 | Train Loss: 0.168099 | Val Loss: 0.182275 | Train R²: -7.2694 | Val R²: -8.1660 | NightHrsTrueNEE vs NightHrsModelReco R²: -17.9700 | NightHrsTrueNee vs NightHrsModelNee R²: -17.5500
Epoch 10000 | Train Loss: 0.129154 | Val Loss: 0.140208 | Train R²: -5.3535 | Val R²: -6.0506 | NightHrsTrueNEE vs NightHrsModelReco R²: -13.2700 | NightHrsTrueNee vs NightHrsModelNee R²: -12.9500
Epoch 10500 | Train Loss: 0.100379 | Val Loss: 0.108922 | Train R²: -3.9380 | Val R²: -4.4773 | NightHrsTrueNEE vs NightHrsModelReco R²: -9.9400 | NightHrsTrueNee vs NightHrsModelNee R²: -9.7000
Epoch 11000 | Train Loss: 0.078979 | Val Loss: 0.085503 | Train R²: -2.8852 | Val R²: -3.2997 | NightHrsTrueNEE vs NightHrsModelReco R²: -7.5100 | NightHrsTrueNee vs NightHrsModelNee R²: -7.3300
Epoch 11500 | Train Loss: 0.062957 | Val Loss: 0.067897 | Train R²: -2.0971 | Val R²: -2.4143 | NightHrsTrueNEE vs NightHrsModelReco R²: -5.7200 | NightHrsTrueNee vs NightHrsModelNee R²: -5.5700
Epoch 12000 | Train Loss: 0.050890 | Val Loss: 0.054614 | Train R²: -1.5035 | Val R²: -1.7464 | NightHrsTrueNEE vs NightHrsModelReco R²: -4.3800 | NightHrsTrueNee vs NightHrsModelNee R²: -4.2700
Epoch 12500 | Train Loss: 0.041776 | Val Loss: 0.044583 | Train R²: -1.0551 | Val R²: -1.2419 | NightHrsTrueNEE vs NightHrsModelReco R²: -3.3900 | NightHrsTrueNee vs NightHrsModelNee R²: -3.3100
Epoch 13000 | Train Loss: 0.034885 | Val Loss: 0.037007 | Train R²: -0.7161 | Val R²: -0.8610 | NightHrsTrueNEE vs NightHrsModelReco R²: -2.6500 | NightHrsTrueNee vs NightHrsModelNee R²: -2.5900
Epoch 13500 | Train Loss: 0.029684 | Val Loss: 0.031292 | Train R²: -0.4603 | Val R²: -0.5736 | NightHrsTrueNEE vs NightHrsModelReco R²: -2.1100 | NightHrsTrueNee vs NightHrsModelNee R²: -2.0600
Epoch 14000 | Train Loss: 0.025781 | Val Loss: 0.027000 | Train R²: -0.2683 | Val R²: -0.3577 | NightHrsTrueNEE vs NightHrsModelReco R²: -1.7000 | NightHrsTrueNee vs NightHrsModelNee R²: -1.6600
Epoch 14500 | Train Loss: 0.022876 | Val Loss: 0.023799 | Train R²: -0.1254 | Val R²: -0.1968 | NightHrsTrueNEE vs NightHrsModelReco R²: -1.3900 | NightHrsTrueNee vs NightHrsModelNee R²: -1.3600
Epoch 15000 | Train Loss: 0.020723 | Val Loss: 0.021422 | Train R²: -0.0195 | Val R²: -0.0772 | NightHrsTrueNEE vs NightHrsModelReco R²: -1.1600 | NightHrsTrueNee vs NightHrsModelNee R²: -1.1400
Epoch 15500 | Train Loss: 0.019124 | Val Loss: 0.019651 | Train R²: 0.0592 | Val R²: 0.0118 | NightHrsTrueNEE vs NightHrsModelReco R²: -0.9800 | NightHrsTrueNee vs NightHrsModelNee R²: -0.9600
Epoch 16000 | Train Loss: 0.017924 | Val Loss: 0.018315 | Train R²: 0.1183 | Val R²: 0.0790 | NightHrsTrueNEE vs NightHrsModelReco R²: -0.8200 | NightHrsTrueNee vs NightHrsModelNee R²: -0.8100
Epoch 16500 | Train Loss: 0.016999 | Val Loss: 0.017280 | Train R²: 0.1638 | Val R²: 0.1310 | NightHrsTrueNEE vs NightHrsModelReco R²: -0.6900 | NightHrsTrueNee vs NightHrsModelNee R²: -0.6800
Epoch 17000 | Train Loss: 0.016245 | Val Loss: 0.016437 | Train R²: 0.2009 | Val R²: 0.1734 | NightHrsTrueNEE vs NightHrsModelReco R²: -0.5700 | NightHrsTrueNee vs NightHrsModelNee R²: -0.5600
Epoch 17500 | Train Loss: 0.015560 | Val Loss: 0.015680 | Train R²: 0.2346 | Val R²: 0.2115 | NightHrsTrueNEE vs NightHrsModelReco R²: -0.4300 | NightHrsTrueNee vs NightHrsModelNee R²: -0.4200
Epoch 18000 | Train Loss: 0.014819 | Val Loss: 0.014884 | Train R²: 0.2710 | Val R²: 0.2515 | NightHrsTrueNEE vs NightHrsModelReco R²: -0.2700 | NightHrsTrueNee vs NightHrsModelNee R²: -0.2600
Epoch 18500 | Train Loss: 0.013943 | Val Loss: 0.013984 | Train R²: 0.3141 | Val R²: 0.2968 | NightHrsTrueNEE vs NightHrsModelReco R²: -0.1200 | NightHrsTrueNee vs NightHrsModelNee R²: -0.1200
Epoch 19000 | Train Loss: 0.013117 | Val Loss: 0.013130 | Train R²: 0.3547 | Val R²: 0.3397 | NightHrsTrueNEE vs NightHrsModelReco R²: -0.0500 | NightHrsTrueNee vs NightHrsModelNee R²: -0.0500
Epoch 19500 | Train Loss: 0.012425 | Val Loss: 0.012422 | Train R²: 0.3888 | Val R²: 0.3753 | NightHrsTrueNEE vs NightHrsModelReco R²: -0.0200 | NightHrsTrueNee vs NightHrsModelNee R²: -0.0200
Epoch 20000 | Train Loss: 0.011701 | Val Loss: 0.011723 | Train R²: 0.4244 | Val R²: 0.4105 | NightHrsTrueNEE vs NightHrsModelReco R²: -0.0000 | NightHrsTrueNee vs NightHrsModelNee R²: 0.0000
Epoch 20500 | Train Loss: 0.010779 | Val Loss: 0.010866 | Train R²: 0.4698 | Val R²: 0.4536 | NightHrsTrueNEE vs NightHrsModelReco R²: 0.0400 | NightHrsTrueNee vs NightHrsModelNee R²: 0.0400
Epoch 21000 | Train Loss: 0.009624 | Val Loss: 0.009789 | Train R²: 0.5266 | Val R²: 0.5077 | NightHrsTrueNEE vs NightHrsModelReco R²: 0.0800 | NightHrsTrueNee vs NightHrsModelNee R²: 0.0900
Epoch 21500 | Train Loss: 0.008384 | Val Loss: 0.008574 | Train R²: 0.5876 | Val R²: 0.5688 | NightHrsTrueNEE vs NightHrsModelReco R²: 0.1400 | NightHrsTrueNee vs NightHrsModelNee R²: 0.1500
Epoch 22000 | Train Loss: 0.007121 | Val Loss: 0.007301 | Train R²: 0.6497 | Val R²: 0.6329 | NightHrsTrueNEE vs NightHrsModelReco R²: 0.2300 | NightHrsTrueNee vs NightHrsModelNee R²: 0.2300
Epoch 22500 | Train Loss: 0.005805 | Val Loss: 0.005944 | Train R²: 0.7144 | Val R²: 0.7011 | NightHrsTrueNEE vs NightHrsModelReco R²: 0.3300 | NightHrsTrueNee vs NightHrsModelNee R²: 0.3400
Epoch 23000 | Train Loss: 0.004521 | Val Loss: 0.004578 | Train R²: 0.7776 | Val R²: 0.7698 | NightHrsTrueNEE vs NightHrsModelReco R²: 0.4500 | NightHrsTrueNee vs NightHrsModelNee R²: 0.4500
Epoch 23500 | Train Loss: 0.003627 | Val Loss: 0.003620 | Train R²: 0.8216 | Val R²: 0.8180 | NightHrsTrueNEE vs NightHrsModelReco R²: 0.5500 | NightHrsTrueNee vs NightHrsModelNee R²: 0.5500
Epoch 24000 | Train Loss: 0.003108 | Val Loss: 0.003068 | Train R²: 0.8471 | Val R²: 0.8457 | NightHrsTrueNEE vs NightHrsModelReco R²: 0.6200 | NightHrsTrueNee vs NightHrsModelNee R²: 0.6200
Epoch 24500 | Train Loss: 0.002794 | Val Loss: 0.002736 | Train R²: 0.8626 | Val R²: 0.8624 | NightHrsTrueNEE vs NightHrsModelReco R²: 0.6600 | NightHrsTrueNee vs NightHrsModelNee R²: 0.6600
Epoch 25000 | Train Loss: 0.002587 | Val Loss: 0.002511 | Train R²: 0.8727 | Val R²: 0.8737 | NightHrsTrueNEE vs NightHrsModelReco R²: 0.6900 | NightHrsTrueNee vs NightHrsModelNee R²: 0.6900
Epoch 25500 | Train Loss: 0.002437 | Val Loss: 0.002347 | Train R²: 0.8801 | Val R²: 0.8820 | NightHrsTrueNEE vs NightHrsModelReco R²: 0.7000 | NightHrsTrueNee vs NightHrsModelNee R²: 0.7000
Epoch 26000 | Train Loss: 0.002318 | Val Loss: 0.002223 | Train R²: 0.8860 | Val R²: 0.8882 | NightHrsTrueNEE vs NightHrsModelReco R²: 0.7200 | NightHrsTrueNee vs NightHrsModelNee R²: 0.7200
Epoch 26500 | Train Loss: 0.002215 | Val Loss: 0.002120 | Train R²: 0.8910 | Val R²: 0.8934 | NightHrsTrueNEE vs NightHrsModelReco R²: 0.7200 | NightHrsTrueNee vs NightHrsModelNee R²: 0.7200
Epoch 27000 | Train Loss: 0.002125 | Val Loss: 0.002033 | Train R²: 0.8955 | Val R²: 0.8978 | NightHrsTrueNEE vs NightHrsModelReco R²: 0.7300 | NightHrsTrueNee vs NightHrsModelNee R²: 0.7300
Epoch 27500 | Train Loss: 0.002044 | Val Loss: 0.001956 | Train R²: 0.8994 | Val R²: 0.9016 | NightHrsTrueNEE vs NightHrsModelReco R²: 0.7400 | NightHrsTrueNee vs NightHrsModelNee R²: 0.7400
Epoch 28000 | Train Loss: 0.001973 | Val Loss: 0.001890 | Train R²: 0.9029 | Val R²: 0.9049 | NightHrsTrueNEE vs NightHrsModelReco R²: 0.7400 | NightHrsTrueNee vs NightHrsModelNee R²: 0.7400
Epoch 28500 | Train Loss: 0.001915 | Val Loss: 0.001837 | Train R²: 0.9058 | Val R²: 0.9076 | NightHrsTrueNEE vs NightHrsModelReco R²: 0.7400 | NightHrsTrueNee vs NightHrsModelNee R²: 0.7400
Epoch 29000 | Train Loss: 0.001871 | Val Loss: 0.001799 | Train R²: 0.9080 | Val R²: 0.9095 | NightHrsTrueNEE vs NightHrsModelReco R²: 0.7500 | NightHrsTrueNee vs NightHrsModelNee R²: 0.7500
Epoch 29500 | Train Loss: 0.001840 | Val Loss: 0.001774 | Train R²: 0.9095 | Val R²: 0.9108 | NightHrsTrueNEE vs NightHrsModelReco R²: 0.7500 | NightHrsTrueNee vs NightHrsModelNee R²: 0.7500
Early stopping at epoch 29553 due to flat/negative trend (slope=0.000002)
Epoch 29553 | Train Loss: 0.001838 | Val Loss: 0.001772 | Train R²: 0.9096 | Val R²: 0.9109
Unpickling models
Following models have been loaded and moved to cuda:
trained gpp model:
 SNN_GPP_Tram(
  (net): Sequential(
    (0): Linear(in_features=12, out_features=12, bias=True)
    (1): Tanh()
    (2): Linear(in_features=12, out_features=1, bias=True)
    (3): Sigmoid()
  )
), trained_reco_model:
 SNN_GPP_Tram(
  (net): Sequential(
    (0): Linear(in_features=8, out_features=12, bias=True)
    (1): Tanh()
    (2): Linear(in_features=12, out_features=1, bias=True)
    (3): Sigmoid()
  )
)
using full data set for visualization
Un-normalizing the GPP and RECO predictions using NEE min: tensor([-50.4310]), NEE max: tensor([42.8991])



Metrics for the Tramontana, with
GPP inputs: ['SW_IN', 'VPD', 'TA', 'WTD', 'WS', 'PotRad', 'PotRadHalfHourlyDiff', 'PotRadDailyAvg', 'PotRadDailyDiff', 'WD_COS', 'WD_SIN', 'GPP_PROX']
RECO inputs: ['DOY_sin', 'DOY_cos', 'TA', 'WTD', 'WS', 'WD_COS', 'WD_SIN', 'NIGHTLY_NEE_AVG']:
dt_gpp vs Tramontana_GPP R²=0.96 RMSE=1.68
nt_gpp vs Tramontana_GPP R²=0.92 RMSE=2.46
dt_reco vs Tramontana_RECO R²=0.71 RMSE=1.88
nt_reco vs Tramontana_RECO R²=0.87 RMSE=1.21
night_hours_true_nee vs Tramontana_night_hours_model_reco R²=0.75 RMSE=1.79
night_hours_true_nee vs Tramontana_night_hours_model_nee R²=0.75 RMSE=1.79
dt_gpp vs nt_gpp R²=0.90 RMSE=2.59
dt_reco vs nt_reco R²=0.77 RMSE=2.00

gpp_input_names,  ['SW_IN', 'VPD', 'TA', 'WTD', 'WS', 'PotRad', 'PotRadHalfHourlyDiff', 'PotRadDailyAvg', 'PotRadDailyDiff', 'WD_COS', 'WD_SIN', 'GPP_PROX'] 
reco_input_names,  ['DOY_sin', 'DOY_cos', 'TA', 'TS_1', 'WTD', 'WS', 'WD_COS', 'WD_SIN', 'NIGHTLY_NEE_AVG'] 
true_nee_name,  ['NEE'] 

Tramontana Running on GPU With hidden layer size of 12 Total epochs: 100000 lr: 0.001 patience: 500 min_delta 0.01
SNN_GPP_Tram(
  (net): Sequential(
    (0): Linear(in_features=12, out_features=12, bias=True)
    (1): Tanh()
    (2): Linear(in_features=12, out_features=1, bias=True)
    (3): Sigmoid()
  )
)
SNN_RECO_Tram(
  (net): Sequential(
    (0): Linear(in_features=9, out_features=12, bias=True)
    (1): Tanh()
    (2): Linear(in_features=12, out_features=1, bias=True)
    (3): Sigmoid()
  )
)
Params are min slope: 2e-06, trend window: 100
Epoch     0 | Train Loss: 31490.378906 | Val Loss: 29839.978516 | Train R²: -1549119.7500 | Val R²: -1500548.7500 | NightHrsTrueNEE vs NightHrsModelReco R²: -30.2700 | NightHrsTrueNee vs NightHrsModelNee R²: -97.3100
Epoch   500 | Train Loss: 232.736435 | Val Loss: 231.457855 | Train R²: -11448.1113 | Val R²: -11638.2168 | NightHrsTrueNEE vs NightHrsModelReco R²: -136.0300 | NightHrsTrueNee vs NightHrsModelNee R²: -128.6700
Epoch  1000 | Train Loss: 63.305965 | Val Loss: 63.990433 | Train R²: -3113.2400 | Val R²: -3216.8579 | NightHrsTrueNEE vs NightHrsModelReco R²: -153.2000 | NightHrsTrueNee vs NightHrsModelNee R²: -146.2600
Epoch  1500 | Train Loss: 28.389446 | Val Loss: 29.004293 | Train R²: -1395.5752 | Val R²: -1457.5258 | NightHrsTrueNEE vs NightHrsModelReco R²: -158.6200 | NightHrsTrueNee vs NightHrsModelNee R²: -152.5700
Epoch  2000 | Train Loss: 15.524447 | Val Loss: 15.998780 | Train R²: -762.7014 | Val R²: -803.5235 | NightHrsTrueNEE vs NightHrsModelReco R²: -161.1900 | NightHrsTrueNee vs NightHrsModelNee R²: -155.8800
Epoch  2500 | Train Loss: 9.445291 | Val Loss: 9.808576 | Train R²: -463.6465 | Val R²: -492.2394 | NightHrsTrueNEE vs NightHrsModelReco R²: -162.6600 | NightHrsTrueNee vs NightHrsModelNee R²: -157.9600
Epoch  3000 | Train Loss: 6.149141 | Val Loss: 6.430185 | Train R²: -301.4976 | Val R²: -322.3518 | NightHrsTrueNEE vs NightHrsModelReco R²: -163.5900 | NightHrsTrueNee vs NightHrsModelNee R²: -159.3800
Epoch  3500 | Train Loss: 4.203055 | Val Loss: 4.422955 | Train R²: -205.7629 | Val R²: -221.4151 | NightHrsTrueNEE vs NightHrsModelReco R²: -164.2000 | NightHrsTrueNee vs NightHrsModelNee R²: -160.3900
Epoch  4000 | Train Loss: 2.988120 | Val Loss: 3.161881 | Train R²: -145.9960 | Val R²: -158.0001 | NightHrsTrueNEE vs NightHrsModelReco R²: -164.5600 | NightHrsTrueNee vs NightHrsModelNee R²: -161.1100
Epoch  4500 | Train Loss: 2.200746 | Val Loss: 2.339182 | Train R²: -107.2623 | Val R²: -116.6294 | NightHrsTrueNEE vs NightHrsModelReco R²: -164.7200 | NightHrsTrueNee vs NightHrsModelNee R²: -161.5800
Epoch  5000 | Train Loss: 1.677511 | Val Loss: 1.788576 | Train R²: -81.5226 | Val R²: -88.9413 | NightHrsTrueNEE vs NightHrsModelReco R²: -164.6000 | NightHrsTrueNee vs NightHrsModelNee R²: -161.7200
Epoch  5500 | Train Loss: 1.323587 | Val Loss: 1.413282 | Train R²: -64.1118 | Val R²: -70.0691 | NightHrsTrueNEE vs NightHrsModelReco R²: -163.7400 | NightHrsTrueNee vs NightHrsModelNee R²: -161.1100
Epoch  6000 | Train Loss: 1.070657 | Val Loss: 1.144028 | Train R²: -51.6693 | Val R²: -56.5292 | NightHrsTrueNEE vs NightHrsModelReco R²: -153.8500 | NightHrsTrueNee vs NightHrsModelNee R²: -151.5100
Epoch  6500 | Train Loss: 0.837205 | Val Loss: 0.895327 | Train R²: -40.1850 | Val R²: -44.0229 | NightHrsTrueNEE vs NightHrsModelReco R²: -120.2900 | NightHrsTrueNee vs NightHrsModelNee R²: -118.3900
Epoch  7000 | Train Loss: 0.673933 | Val Loss: 0.719055 | Train R²: -32.1531 | Val R²: -35.1588 | NightHrsTrueNEE vs NightHrsModelReco R²: -108.8900 | NightHrsTrueNee vs NightHrsModelNee R²: -107.2200
Epoch  7500 | Train Loss: 0.489619 | Val Loss: 0.523036 | Train R²: -23.0861 | Val R²: -25.3017 | NightHrsTrueNEE vs NightHrsModelReco R²: -72.8700 | NightHrsTrueNee vs NightHrsModelNee R²: -71.5400
Epoch  8000 | Train Loss: 0.365732 | Val Loss: 0.392743 | Train R²: -16.9916 | Val R²: -18.7497 | NightHrsTrueNEE vs NightHrsModelReco R²: -45.1700 | NightHrsTrueNee vs NightHrsModelNee R²: -44.2200
Epoch  8500 | Train Loss: 0.274900 | Val Loss: 0.295648 | Train R²: -12.5233 | Val R²: -13.8671 | NightHrsTrueNEE vs NightHrsModelReco R²: -30.2900 | NightHrsTrueNee vs NightHrsModelNee R²: -29.6000
Epoch  9000 | Train Loss: 0.207567 | Val Loss: 0.223162 | Train R²: -9.2109 | Val R²: -10.2221 | NightHrsTrueNEE vs NightHrsModelReco R²: -21.3700 | NightHrsTrueNee vs NightHrsModelNee R²: -20.8600
Epoch  9500 | Train Loss: 0.158176 | Val Loss: 0.169859 | Train R²: -6.7812 | Val R²: -7.5416 | NightHrsTrueNEE vs NightHrsModelReco R²: -15.4700 | NightHrsTrueNee vs NightHrsModelNee R²: -15.0800
Epoch 10000 | Train Loss: 0.122069 | Val Loss: 0.130872 | Train R²: -5.0050 | Val R²: -5.5811 | NightHrsTrueNEE vs NightHrsModelReco R²: -11.5000 | NightHrsTrueNee vs NightHrsModelNee R²: -11.2000
Epoch 10500 | Train Loss: 0.095457 | Val Loss: 0.102089 | Train R²: -3.6959 | Val R²: -4.1337 | NightHrsTrueNEE vs NightHrsModelReco R²: -8.7700 | NightHrsTrueNee vs NightHrsModelNee R²: -8.5500
Epoch 11000 | Train Loss: 0.075662 | Val Loss: 0.080643 | Train R²: -2.7221 | Val R²: -3.0552 | NightHrsTrueNEE vs NightHrsModelReco R²: -6.8100 | NightHrsTrueNee vs NightHrsModelNee R²: -6.6400
Epoch 11500 | Train Loss: 0.060790 | Val Loss: 0.064526 | Train R²: -1.9905 | Val R²: -2.2448 | NightHrsTrueNEE vs NightHrsModelReco R²: -5.3600 | NightHrsTrueNee vs NightHrsModelNee R²: -5.2200
Epoch 12000 | Train Loss: 0.049509 | Val Loss: 0.052314 | Train R²: -1.4355 | Val R²: -1.6307 | NightHrsTrueNEE vs NightHrsModelReco R²: -4.2600 | NightHrsTrueNee vs NightHrsModelNee R²: -4.1500
Epoch 12500 | Train Loss: 0.040888 | Val Loss: 0.043006 | Train R²: -1.0114 | Val R²: -1.1626 | NightHrsTrueNEE vs NightHrsModelReco R²: -3.4100 | NightHrsTrueNee vs NightHrsModelNee R²: -3.3200
Epoch 13000 | Train Loss: 0.034281 | Val Loss: 0.035896 | Train R²: -0.6864 | Val R²: -0.8051 | NightHrsTrueNEE vs NightHrsModelReco R²: -2.7500 | NightHrsTrueNee vs NightHrsModelNee R²: -2.6800
Epoch 13500 | Train Loss: 0.029236 | Val Loss: 0.030471 | Train R²: -0.4382 | Val R²: -0.5323 | NightHrsTrueNEE vs NightHrsModelReco R²: -2.2300 | NightHrsTrueNee vs NightHrsModelNee R²: -2.1700
Epoch 14000 | Train Loss: 0.025405 | Val Loss: 0.026341 | Train R²: -0.2497 | Val R²: -0.3246 | NightHrsTrueNEE vs NightHrsModelReco R²: -1.8100 | NightHrsTrueNee vs NightHrsModelNee R²: -1.7700
Epoch 14500 | Train Loss: 0.022514 | Val Loss: 0.023215 | Train R²: -0.1075 | Val R²: -0.1674 | NightHrsTrueNEE vs NightHrsModelReco R²: -1.4900 | NightHrsTrueNee vs NightHrsModelNee R²: -1.4600
Epoch 15000 | Train Loss: 0.020351 | Val Loss: 0.020871 | Train R²: -0.0011 | Val R²: -0.0495 | NightHrsTrueNEE vs NightHrsModelReco R²: -1.2500 | NightHrsTrueNee vs NightHrsModelNee R²: -1.2200
Epoch 15500 | Train Loss: 0.018733 | Val Loss: 0.019109 | Train R²: 0.0784 | Val R²: 0.0391 | NightHrsTrueNEE vs NightHrsModelReco R²: -1.0600 | NightHrsTrueNee vs NightHrsModelNee R²: -1.0400
Epoch 16000 | Train Loss: 0.017496 | Val Loss: 0.017747 | Train R²: 0.1393 | Val R²: 0.1076 | NightHrsTrueNEE vs NightHrsModelReco R²: -0.8800 | NightHrsTrueNee vs NightHrsModelNee R²: -0.8600
Epoch 16500 | Train Loss: 0.016505 | Val Loss: 0.016644 | Train R²: 0.1880 | Val R²: 0.1630 | NightHrsTrueNEE vs NightHrsModelReco R²: -0.7100 | NightHrsTrueNee vs NightHrsModelNee R²: -0.6900
Epoch 17000 | Train Loss: 0.015647 | Val Loss: 0.015706 | Train R²: 0.2303 | Val R²: 0.2102 | NightHrsTrueNEE vs NightHrsModelReco R²: -0.5300 | NightHrsTrueNee vs NightHrsModelNee R²: -0.5200
Epoch 17500 | Train Loss: 0.014762 | Val Loss: 0.014778 | Train R²: 0.2738 | Val R²: 0.2569 | NightHrsTrueNEE vs NightHrsModelReco R²: -0.3300 | NightHrsTrueNee vs NightHrsModelNee R²: -0.3200
Epoch 18000 | Train Loss: 0.013750 | Val Loss: 0.013748 | Train R²: 0.3236 | Val R²: 0.3087 | NightHrsTrueNEE vs NightHrsModelReco R²: -0.1700 | NightHrsTrueNee vs NightHrsModelNee R²: -0.1600
Epoch 18500 | Train Loss: 0.012956 | Val Loss: 0.012910 | Train R²: 0.3627 | Val R²: 0.3508 | NightHrsTrueNEE vs NightHrsModelReco R²: -0.0800 | NightHrsTrueNee vs NightHrsModelNee R²: -0.0800
Epoch 19000 | Train Loss: 0.012316 | Val Loss: 0.012251 | Train R²: 0.3941 | Val R²: 0.3839 | NightHrsTrueNEE vs NightHrsModelReco R²: -0.0300 | NightHrsTrueNee vs NightHrsModelNee R²: -0.0200
Epoch 19500 | Train Loss: 0.011655 | Val Loss: 0.011606 | Train R²: 0.4266 | Val R²: 0.4164 | NightHrsTrueNEE vs NightHrsModelReco R²: 0.0300 | NightHrsTrueNee vs NightHrsModelNee R²: 0.0400
Epoch 20000 | Train Loss: 0.010846 | Val Loss: 0.010851 | Train R²: 0.4664 | Val R²: 0.4543 | NightHrsTrueNEE vs NightHrsModelReco R²: 0.0800 | NightHrsTrueNee vs NightHrsModelNee R²: 0.0900
Epoch 20500 | Train Loss: 0.009850 | Val Loss: 0.009934 | Train R²: 0.5154 | Val R²: 0.5005 | NightHrsTrueNEE vs NightHrsModelReco R²: 0.1200 | NightHrsTrueNee vs NightHrsModelNee R²: 0.1200
Epoch 21000 | Train Loss: 0.008756 | Val Loss: 0.008904 | Train R²: 0.5693 | Val R²: 0.5523 | NightHrsTrueNEE vs NightHrsModelReco R²: 0.1600 | NightHrsTrueNee vs NightHrsModelNee R²: 0.1700
Epoch 21500 | Train Loss: 0.007649 | Val Loss: 0.007810 | Train R²: 0.6237 | Val R²: 0.6072 | NightHrsTrueNEE vs NightHrsModelReco R²: 0.2300 | NightHrsTrueNee vs NightHrsModelNee R²: 0.2300
Epoch 22000 | Train Loss: 0.006574 | Val Loss: 0.006709 | Train R²: 0.6766 | Val R²: 0.6626 | NightHrsTrueNEE vs NightHrsModelReco R²: 0.3000 | NightHrsTrueNee vs NightHrsModelNee R²: 0.3100
Epoch 22500 | Train Loss: 0.005486 | Val Loss: 0.005576 | Train R²: 0.7301 | Val R²: 0.7196 | NightHrsTrueNEE vs NightHrsModelReco R²: 0.3800 | NightHrsTrueNee vs NightHrsModelNee R²: 0.3800
Epoch 23000 | Train Loss: 0.004411 | Val Loss: 0.004443 | Train R²: 0.7830 | Val R²: 0.7766 | NightHrsTrueNEE vs NightHrsModelReco R²: 0.4700 | NightHrsTrueNee vs NightHrsModelNee R²: 0.4700
Epoch 23500 | Train Loss: 0.003612 | Val Loss: 0.003596 | Train R²: 0.8223 | Val R²: 0.8192 | NightHrsTrueNEE vs NightHrsModelReco R²: 0.5500 | NightHrsTrueNee vs NightHrsModelNee R²: 0.5500
Epoch 24000 | Train Loss: 0.003131 | Val Loss: 0.003085 | Train R²: 0.8460 | Val R²: 0.8449 | NightHrsTrueNEE vs NightHrsModelReco R²: 0.6100 | NightHrsTrueNee vs NightHrsModelNee R²: 0.6100
Epoch 24500 | Train Loss: 0.002831 | Val Loss: 0.002766 | Train R²: 0.8608 | Val R²: 0.8609 | NightHrsTrueNEE vs NightHrsModelReco R²: 0.6500 | NightHrsTrueNee vs NightHrsModelNee R²: 0.6500
Epoch 25000 | Train Loss: 0.002621 | Val Loss: 0.002547 | Train R²: 0.8711 | Val R²: 0.8719 | NightHrsTrueNEE vs NightHrsModelReco R²: 0.6800 | NightHrsTrueNee vs NightHrsModelNee R²: 0.6800
Epoch 25500 | Train Loss: 0.002456 | Val Loss: 0.002382 | Train R²: 0.8792 | Val R²: 0.8802 | NightHrsTrueNEE vs NightHrsModelReco R²: 0.7000 | NightHrsTrueNee vs NightHrsModelNee R²: 0.6900
Epoch 26000 | Train Loss: 0.002318 | Val Loss: 0.002245 | Train R²: 0.8860 | Val R²: 0.8871 | NightHrsTrueNEE vs NightHrsModelReco R²: 0.7100 | NightHrsTrueNee vs NightHrsModelNee R²: 0.7100
Epoch 26500 | Train Loss: 0.002204 | Val Loss: 0.002133 | Train R²: 0.8916 | Val R²: 0.8928 | NightHrsTrueNEE vs NightHrsModelReco R²: 0.7200 | NightHrsTrueNee vs NightHrsModelNee R²: 0.7200
Epoch 27000 | Train Loss: 0.002107 | Val Loss: 0.002039 | Train R²: 0.8963 | Val R²: 0.8975 | NightHrsTrueNEE vs NightHrsModelReco R²: 0.7300 | NightHrsTrueNee vs NightHrsModelNee R²: 0.7300
Epoch 27500 | Train Loss: 0.002022 | Val Loss: 0.001958 | Train R²: 0.9005 | Val R²: 0.9015 | NightHrsTrueNEE vs NightHrsModelReco R²: 0.7300 | NightHrsTrueNee vs NightHrsModelNee R²: 0.7300
Epoch 28000 | Train Loss: 0.001949 | Val Loss: 0.001890 | Train R²: 0.9041 | Val R²: 0.9049 | NightHrsTrueNEE vs NightHrsModelReco R²: 0.7400 | NightHrsTrueNee vs NightHrsModelNee R²: 0.7400
Epoch 28500 | Train Loss: 0.001890 | Val Loss: 0.001837 | Train R²: 0.9070 | Val R²: 0.9076 | NightHrsTrueNEE vs NightHrsModelReco R²: 0.7400 | NightHrsTrueNee vs NightHrsModelNee R²: 0.7400
Epoch 29000 | Train Loss: 0.001849 | Val Loss: 0.001799 | Train R²: 0.9091 | Val R²: 0.9095 | NightHrsTrueNEE vs NightHrsModelReco R²: 0.7400 | NightHrsTrueNee vs NightHrsModelNee R²: 0.7400
Epoch 29500 | Train Loss: 0.001821 | Val Loss: 0.001775 | Train R²: 0.9104 | Val R²: 0.9107 | NightHrsTrueNEE vs NightHrsModelReco R²: 0.7500 | NightHrsTrueNee vs NightHrsModelNee R²: 0.7500
Early stopping at epoch 29564 due to flat/negative trend (slope=0.000002)
Epoch 29564 | Train Loss: 0.001819 | Val Loss: 0.001773 | Train R²: 0.9105 | Val R²: 0.9109
Unpickling models
Following models have been loaded and moved to cuda:
trained gpp model:
 SNN_GPP_Tram(
  (net): Sequential(
    (0): Linear(in_features=12, out_features=12, bias=True)
    (1): Tanh()
    (2): Linear(in_features=12, out_features=1, bias=True)
    (3): Sigmoid()
  )
), trained_reco_model:
 SNN_GPP_Tram(
  (net): Sequential(
    (0): Linear(in_features=9, out_features=12, bias=True)
    (1): Tanh()
    (2): Linear(in_features=12, out_features=1, bias=True)
    (3): Sigmoid()
  )
)
using full data set for visualization
Un-normalizing the GPP and RECO predictions using NEE min: tensor([-50.4310]), NEE max: tensor([42.8991])



Metrics for the Tramontana, with
GPP inputs: ['SW_IN', 'VPD', 'TA', 'WTD', 'WS', 'PotRad', 'PotRadHalfHourlyDiff', 'PotRadDailyAvg', 'PotRadDailyDiff', 'WD_COS', 'WD_SIN', 'GPP_PROX']
RECO inputs: ['DOY_sin', 'DOY_cos', 'TA', 'TS_1', 'WTD', 'WS', 'WD_COS', 'WD_SIN', 'NIGHTLY_NEE_AVG']:
dt_gpp vs Tramontana_GPP R²=0.96 RMSE=1.66
nt_gpp vs Tramontana_GPP R²=0.91 RMSE=2.47
dt_reco vs Tramontana_RECO R²=0.70 RMSE=1.91
nt_reco vs Tramontana_RECO R²=0.86 RMSE=1.26
night_hours_true_nee vs Tramontana_night_hours_model_reco R²=0.75 RMSE=1.78
night_hours_true_nee vs Tramontana_night_hours_model_nee R²=0.75 RMSE=1.78
dt_gpp vs nt_gpp R²=0.90 RMSE=2.59
dt_reco vs nt_reco R²=0.77 RMSE=2.00

gpp_input_names,  ['SW_IN', 'VPD', 'TA', 'WTD', 'WS', 'PotRad', 'PotRadHalfHourlyDiff', 'PotRadDailyAvg', 'PotRadDailyDiff', 'WD_COS', 'WD_SIN', 'GPP_PROX'] 
reco_input_names,  ['DOY_sin', 'DOY_cos', 'TA', 'TS_1', 'WTD', 'WS', 'WD_COS', 'WD_SIN', 'NIGHTLY_NEE_AVG'] 
true_nee_name,  ['NEE'] 

Tramontana Running on GPU With hidden layer size of 12 Total epochs: 100000 lr: 0.001 patience: 500 min_delta 0.01
SNN_GPP_Tram(
  (net): Sequential(
    (0): Linear(in_features=12, out_features=12, bias=True)
    (1): Tanh()
    (2): Linear(in_features=12, out_features=1, bias=True)
    (3): Sigmoid()
  )
)
SNN_RECO_Tram(
  (net): Sequential(
    (0): Linear(in_features=9, out_features=12, bias=True)
    (1): Tanh()
    (2): Linear(in_features=12, out_features=1, bias=True)
    (3): Sigmoid()
  )
)
Params are min slope: 2e-06, trend window: 100
Epoch     0 | Train Loss: 31490.378906 | Val Loss: 29839.978516 | Train R²: -1549119.7500 | Val R²: -1500548.7500 | NightHrsTrueNEE vs NightHrsModelReco R²: -30.2700 | NightHrsTrueNee vs NightHrsModelNee R²: -97.3100
Epoch   500 | Train Loss: 232.736435 | Val Loss: 231.457855 | Train R²: -11448.1113 | Val R²: -11638.2168 | NightHrsTrueNEE vs NightHrsModelReco R²: -136.0300 | NightHrsTrueNee vs NightHrsModelNee R²: -128.6700
Epoch  1000 | Train Loss: 63.305965 | Val Loss: 63.990433 | Train R²: -3113.2400 | Val R²: -3216.8579 | NightHrsTrueNEE vs NightHrsModelReco R²: -153.2000 | NightHrsTrueNee vs NightHrsModelNee R²: -146.2600
Epoch  1500 | Train Loss: 28.389446 | Val Loss: 29.004293 | Train R²: -1395.5752 | Val R²: -1457.5258 | NightHrsTrueNEE vs NightHrsModelReco R²: -158.6200 | NightHrsTrueNee vs NightHrsModelNee R²: -152.5700
Epoch  2000 | Train Loss: 15.524447 | Val Loss: 15.998780 | Train R²: -762.7014 | Val R²: -803.5235 | NightHrsTrueNEE vs NightHrsModelReco R²: -161.1900 | NightHrsTrueNee vs NightHrsModelNee R²: -155.8800
Epoch  2500 | Train Loss: 9.445291 | Val Loss: 9.808576 | Train R²: -463.6465 | Val R²: -492.2394 | NightHrsTrueNEE vs NightHrsModelReco R²: -162.6600 | NightHrsTrueNee vs NightHrsModelNee R²: -157.9600
Epoch  3000 | Train Loss: 6.149141 | Val Loss: 6.430185 | Train R²: -301.4976 | Val R²: -322.3518 | NightHrsTrueNEE vs NightHrsModelReco R²: -163.5900 | NightHrsTrueNee vs NightHrsModelNee R²: -159.3800
Epoch  3500 | Train Loss: 4.203055 | Val Loss: 4.422955 | Train R²: -205.7629 | Val R²: -221.4151 | NightHrsTrueNEE vs NightHrsModelReco R²: -164.2000 | NightHrsTrueNee vs NightHrsModelNee R²: -160.3900
Epoch  4000 | Train Loss: 2.988120 | Val Loss: 3.161881 | Train R²: -145.9960 | Val R²: -158.0001 | NightHrsTrueNEE vs NightHrsModelReco R²: -164.5600 | NightHrsTrueNee vs NightHrsModelNee R²: -161.1100
Epoch  4500 | Train Loss: 2.200746 | Val Loss: 2.339182 | Train R²: -107.2623 | Val R²: -116.6294 | NightHrsTrueNEE vs NightHrsModelReco R²: -164.7200 | NightHrsTrueNee vs NightHrsModelNee R²: -161.5800
Epoch  5000 | Train Loss: 1.677511 | Val Loss: 1.788576 | Train R²: -81.5226 | Val R²: -88.9413 | NightHrsTrueNEE vs NightHrsModelReco R²: -164.6000 | NightHrsTrueNee vs NightHrsModelNee R²: -161.7200
Epoch  5500 | Train Loss: 1.323587 | Val Loss: 1.413282 | Train R²: -64.1118 | Val R²: -70.0691 | NightHrsTrueNEE vs NightHrsModelReco R²: -163.7400 | NightHrsTrueNee vs NightHrsModelNee R²: -161.1100
Epoch  6000 | Train Loss: 1.070657 | Val Loss: 1.144028 | Train R²: -51.6693 | Val R²: -56.5292 | NightHrsTrueNEE vs NightHrsModelReco R²: -153.8500 | NightHrsTrueNee vs NightHrsModelNee R²: -151.5100
Epoch  6500 | Train Loss: 0.837205 | Val Loss: 0.895327 | Train R²: -40.1850 | Val R²: -44.0229 | NightHrsTrueNEE vs NightHrsModelReco R²: -120.2900 | NightHrsTrueNee vs NightHrsModelNee R²: -118.3900
Epoch  7000 | Train Loss: 0.673933 | Val Loss: 0.719055 | Train R²: -32.1531 | Val R²: -35.1588 | NightHrsTrueNEE vs NightHrsModelReco R²: -108.8900 | NightHrsTrueNee vs NightHrsModelNee R²: -107.2200
Epoch  7500 | Train Loss: 0.489619 | Val Loss: 0.523036 | Train R²: -23.0861 | Val R²: -25.3017 | NightHrsTrueNEE vs NightHrsModelReco R²: -72.8700 | NightHrsTrueNee vs NightHrsModelNee R²: -71.5400
Epoch  8000 | Train Loss: 0.365732 | Val Loss: 0.392743 | Train R²: -16.9916 | Val R²: -18.7497 | NightHrsTrueNEE vs NightHrsModelReco R²: -45.1700 | NightHrsTrueNee vs NightHrsModelNee R²: -44.2200
Epoch  8500 | Train Loss: 0.274900 | Val Loss: 0.295648 | Train R²: -12.5233 | Val R²: -13.8671 | NightHrsTrueNEE vs NightHrsModelReco R²: -30.2900 | NightHrsTrueNee vs NightHrsModelNee R²: -29.6000
Epoch  9000 | Train Loss: 0.207567 | Val Loss: 0.223162 | Train R²: -9.2109 | Val R²: -10.2221 | NightHrsTrueNEE vs NightHrsModelReco R²: -21.3700 | NightHrsTrueNee vs NightHrsModelNee R²: -20.8600
Epoch  9500 | Train Loss: 0.158176 | Val Loss: 0.169859 | Train R²: -6.7812 | Val R²: -7.5416 | NightHrsTrueNEE vs NightHrsModelReco R²: -15.4700 | NightHrsTrueNee vs NightHrsModelNee R²: -15.0800
Epoch 10000 | Train Loss: 0.122069 | Val Loss: 0.130872 | Train R²: -5.0050 | Val R²: -5.5811 | NightHrsTrueNEE vs NightHrsModelReco R²: -11.5000 | NightHrsTrueNee vs NightHrsModelNee R²: -11.2000
Epoch 10500 | Train Loss: 0.095457 | Val Loss: 0.102089 | Train R²: -3.6959 | Val R²: -4.1337 | NightHrsTrueNEE vs NightHrsModelReco R²: -8.7700 | NightHrsTrueNee vs NightHrsModelNee R²: -8.5500
Epoch 11000 | Train Loss: 0.075662 | Val Loss: 0.080643 | Train R²: -2.7221 | Val R²: -3.0552 | NightHrsTrueNEE vs NightHrsModelReco R²: -6.8100 | NightHrsTrueNee vs NightHrsModelNee R²: -6.6400
Epoch 11500 | Train Loss: 0.060790 | Val Loss: 0.064526 | Train R²: -1.9905 | Val R²: -2.2448 | NightHrsTrueNEE vs NightHrsModelReco R²: -5.3600 | NightHrsTrueNee vs NightHrsModelNee R²: -5.2200
Epoch 12000 | Train Loss: 0.049509 | Val Loss: 0.052314 | Train R²: -1.4355 | Val R²: -1.6307 | NightHrsTrueNEE vs NightHrsModelReco R²: -4.2600 | NightHrsTrueNee vs NightHrsModelNee R²: -4.1500
Epoch 12500 | Train Loss: 0.040888 | Val Loss: 0.043006 | Train R²: -1.0114 | Val R²: -1.1626 | NightHrsTrueNEE vs NightHrsModelReco R²: -3.4100 | NightHrsTrueNee vs NightHrsModelNee R²: -3.3200
Epoch 13000 | Train Loss: 0.034281 | Val Loss: 0.035896 | Train R²: -0.6864 | Val R²: -0.8051 | NightHrsTrueNEE vs NightHrsModelReco R²: -2.7500 | NightHrsTrueNee vs NightHrsModelNee R²: -2.6800
Epoch 13500 | Train Loss: 0.029236 | Val Loss: 0.030471 | Train R²: -0.4382 | Val R²: -0.5323 | NightHrsTrueNEE vs NightHrsModelReco R²: -2.2300 | NightHrsTrueNee vs NightHrsModelNee R²: -2.1700
Epoch 14000 | Train Loss: 0.025405 | Val Loss: 0.026341 | Train R²: -0.2497 | Val R²: -0.3246 | NightHrsTrueNEE vs NightHrsModelReco R²: -1.8100 | NightHrsTrueNee vs NightHrsModelNee R²: -1.7700
Epoch 14500 | Train Loss: 0.022514 | Val Loss: 0.023215 | Train R²: -0.1075 | Val R²: -0.1674 | NightHrsTrueNEE vs NightHrsModelReco R²: -1.4900 | NightHrsTrueNee vs NightHrsModelNee R²: -1.4600
Epoch 15000 | Train Loss: 0.020351 | Val Loss: 0.020871 | Train R²: -0.0011 | Val R²: -0.0495 | NightHrsTrueNEE vs NightHrsModelReco R²: -1.2500 | NightHrsTrueNee vs NightHrsModelNee R²: -1.2200
Epoch 15500 | Train Loss: 0.018733 | Val Loss: 0.019109 | Train R²: 0.0784 | Val R²: 0.0391 | NightHrsTrueNEE vs NightHrsModelReco R²: -1.0600 | NightHrsTrueNee vs NightHrsModelNee R²: -1.0400
Epoch 16000 | Train Loss: 0.017496 | Val Loss: 0.017747 | Train R²: 0.1393 | Val R²: 0.1076 | NightHrsTrueNEE vs NightHrsModelReco R²: -0.8800 | NightHrsTrueNee vs NightHrsModelNee R²: -0.8600
Epoch 16500 | Train Loss: 0.016505 | Val Loss: 0.016644 | Train R²: 0.1880 | Val R²: 0.1630 | NightHrsTrueNEE vs NightHrsModelReco R²: -0.7100 | NightHrsTrueNee vs NightHrsModelNee R²: -0.6900
Epoch 17000 | Train Loss: 0.015647 | Val Loss: 0.015706 | Train R²: 0.2303 | Val R²: 0.2102 | NightHrsTrueNEE vs NightHrsModelReco R²: -0.5300 | NightHrsTrueNee vs NightHrsModelNee R²: -0.5200
Epoch 17500 | Train Loss: 0.014762 | Val Loss: 0.014778 | Train R²: 0.2738 | Val R²: 0.2569 | NightHrsTrueNEE vs NightHrsModelReco R²: -0.3300 | NightHrsTrueNee vs NightHrsModelNee R²: -0.3200
Epoch 18000 | Train Loss: 0.013750 | Val Loss: 0.013748 | Train R²: 0.3236 | Val R²: 0.3087 | NightHrsTrueNEE vs NightHrsModelReco R²: -0.1700 | NightHrsTrueNee vs NightHrsModelNee R²: -0.1600
Epoch 18500 | Train Loss: 0.012956 | Val Loss: 0.012910 | Train R²: 0.3627 | Val R²: 0.3508 | NightHrsTrueNEE vs NightHrsModelReco R²: -0.0800 | NightHrsTrueNee vs NightHrsModelNee R²: -0.0800
Epoch 19000 | Train Loss: 0.012316 | Val Loss: 0.012251 | Train R²: 0.3941 | Val R²: 0.3839 | NightHrsTrueNEE vs NightHrsModelReco R²: -0.0300 | NightHrsTrueNee vs NightHrsModelNee R²: -0.0200
Epoch 19500 | Train Loss: 0.011655 | Val Loss: 0.011606 | Train R²: 0.4266 | Val R²: 0.4164 | NightHrsTrueNEE vs NightHrsModelReco R²: 0.0300 | NightHrsTrueNee vs NightHrsModelNee R²: 0.0400
Epoch 20000 | Train Loss: 0.010846 | Val Loss: 0.010851 | Train R²: 0.4664 | Val R²: 0.4543 | NightHrsTrueNEE vs NightHrsModelReco R²: 0.0800 | NightHrsTrueNee vs NightHrsModelNee R²: 0.0900
Epoch 20500 | Train Loss: 0.009850 | Val Loss: 0.009934 | Train R²: 0.5154 | Val R²: 0.5005 | NightHrsTrueNEE vs NightHrsModelReco R²: 0.1200 | NightHrsTrueNee vs NightHrsModelNee R²: 0.1200
Epoch 21000 | Train Loss: 0.008756 | Val Loss: 0.008904 | Train R²: 0.5693 | Val R²: 0.5523 | NightHrsTrueNEE vs NightHrsModelReco R²: 0.1600 | NightHrsTrueNee vs NightHrsModelNee R²: 0.1700
Epoch 21500 | Train Loss: 0.007649 | Val Loss: 0.007810 | Train R²: 0.6237 | Val R²: 0.6072 | NightHrsTrueNEE vs NightHrsModelReco R²: 0.2300 | NightHrsTrueNee vs NightHrsModelNee R²: 0.2300
Epoch 22000 | Train Loss: 0.006574 | Val Loss: 0.006709 | Train R²: 0.6766 | Val R²: 0.6626 | NightHrsTrueNEE vs NightHrsModelReco R²: 0.3000 | NightHrsTrueNee vs NightHrsModelNee R²: 0.3100
Epoch 22500 | Train Loss: 0.005486 | Val Loss: 0.005576 | Train R²: 0.7301 | Val R²: 0.7196 | NightHrsTrueNEE vs NightHrsModelReco R²: 0.3800 | NightHrsTrueNee vs NightHrsModelNee R²: 0.3800
Epoch 23000 | Train Loss: 0.004411 | Val Loss: 0.004443 | Train R²: 0.7830 | Val R²: 0.7766 | NightHrsTrueNEE vs NightHrsModelReco R²: 0.4700 | NightHrsTrueNee vs NightHrsModelNee R²: 0.4700
Epoch 23500 | Train Loss: 0.003612 | Val Loss: 0.003596 | Train R²: 0.8223 | Val R²: 0.8192 | NightHrsTrueNEE vs NightHrsModelReco R²: 0.5500 | NightHrsTrueNee vs NightHrsModelNee R²: 0.5500
Epoch 24000 | Train Loss: 0.003131 | Val Loss: 0.003085 | Train R²: 0.8460 | Val R²: 0.8449 | NightHrsTrueNEE vs NightHrsModelReco R²: 0.6100 | NightHrsTrueNee vs NightHrsModelNee R²: 0.6100
Epoch 24500 | Train Loss: 0.002831 | Val Loss: 0.002766 | Train R²: 0.8608 | Val R²: 0.8609 | NightHrsTrueNEE vs NightHrsModelReco R²: 0.6500 | NightHrsTrueNee vs NightHrsModelNee R²: 0.6500
Epoch 25000 | Train Loss: 0.002621 | Val Loss: 0.002547 | Train R²: 0.8711 | Val R²: 0.8719 | NightHrsTrueNEE vs NightHrsModelReco R²: 0.6800 | NightHrsTrueNee vs NightHrsModelNee R²: 0.6800
Epoch 25500 | Train Loss: 0.002456 | Val Loss: 0.002382 | Train R²: 0.8792 | Val R²: 0.8802 | NightHrsTrueNEE vs NightHrsModelReco R²: 0.7000 | NightHrsTrueNee vs NightHrsModelNee R²: 0.6900
Epoch 26000 | Train Loss: 0.002318 | Val Loss: 0.002245 | Train R²: 0.8860 | Val R²: 0.8871 | NightHrsTrueNEE vs NightHrsModelReco R²: 0.7100 | NightHrsTrueNee vs NightHrsModelNee R²: 0.7100
Epoch 26500 | Train Loss: 0.002204 | Val Loss: 0.002133 | Train R²: 0.8916 | Val R²: 0.8928 | NightHrsTrueNEE vs NightHrsModelReco R²: 0.7200 | NightHrsTrueNee vs NightHrsModelNee R²: 0.7200
Epoch 27000 | Train Loss: 0.002107 | Val Loss: 0.002039 | Train R²: 0.8963 | Val R²: 0.8975 | NightHrsTrueNEE vs NightHrsModelReco R²: 0.7300 | NightHrsTrueNee vs NightHrsModelNee R²: 0.7300
Epoch 27500 | Train Loss: 0.002022 | Val Loss: 0.001958 | Train R²: 0.9005 | Val R²: 0.9015 | NightHrsTrueNEE vs NightHrsModelReco R²: 0.7300 | NightHrsTrueNee vs NightHrsModelNee R²: 0.7300
Epoch 28000 | Train Loss: 0.001949 | Val Loss: 0.001890 | Train R²: 0.9041 | Val R²: 0.9049 | NightHrsTrueNEE vs NightHrsModelReco R²: 0.7400 | NightHrsTrueNee vs NightHrsModelNee R²: 0.7400
Epoch 28500 | Train Loss: 0.001890 | Val Loss: 0.001837 | Train R²: 0.9070 | Val R²: 0.9076 | NightHrsTrueNEE vs NightHrsModelReco R²: 0.7400 | NightHrsTrueNee vs NightHrsModelNee R²: 0.7400
Epoch 29000 | Train Loss: 0.001849 | Val Loss: 0.001799 | Train R²: 0.9091 | Val R²: 0.9095 | NightHrsTrueNEE vs NightHrsModelReco R²: 0.7400 | NightHrsTrueNee vs NightHrsModelNee R²: 0.7400
Epoch 29500 | Train Loss: 0.001821 | Val Loss: 0.001775 | Train R²: 0.9104 | Val R²: 0.9107 | NightHrsTrueNEE vs NightHrsModelReco R²: 0.7500 | NightHrsTrueNee vs NightHrsModelNee R²: 0.7500
Early stopping at epoch 29564 due to flat/negative trend (slope=0.000002)
Epoch 29564 | Train Loss: 0.001819 | Val Loss: 0.001773 | Train R²: 0.9105 | Val R²: 0.9109
Unpickling models
Following models have been loaded and moved to cuda:
trained gpp model:
 SNN_GPP_Tram(
  (net): Sequential(
    (0): Linear(in_features=12, out_features=12, bias=True)
    (1): Tanh()
    (2): Linear(in_features=12, out_features=1, bias=True)
    (3): Sigmoid()
  )
), trained_reco_model:
 SNN_GPP_Tram(
  (net): Sequential(
    (0): Linear(in_features=9, out_features=12, bias=True)
    (1): Tanh()
    (2): Linear(in_features=12, out_features=1, bias=True)
    (3): Sigmoid()
  )
)
using full data set for visualization
Un-normalizing the GPP and RECO predictions using NEE min: tensor([-50.4310]), NEE max: tensor([42.8991])



Metrics for the Tramontana, with
GPP inputs: ['SW_IN', 'VPD', 'TA', 'WTD', 'WS', 'PotRad', 'PotRadHalfHourlyDiff', 'PotRadDailyAvg', 'PotRadDailyDiff', 'WD_COS', 'WD_SIN', 'GPP_PROX']
RECO inputs: ['DOY_sin', 'DOY_cos', 'TA', 'TS_1', 'WTD', 'WS', 'WD_COS', 'WD_SIN', 'NIGHTLY_NEE_AVG']:
dt_gpp vs Tramontana_GPP R²=0.96 RMSE=1.66
nt_gpp vs Tramontana_GPP R²=0.91 RMSE=2.47
dt_reco vs Tramontana_RECO R²=0.70 RMSE=1.91
nt_reco vs Tramontana_RECO R²=0.86 RMSE=1.26
night_hours_true_nee vs Tramontana_night_hours_model_reco R²=0.75 RMSE=1.78
night_hours_true_nee vs Tramontana_night_hours_model_nee R²=0.75 RMSE=1.78
dt_gpp vs nt_gpp R²=0.90 RMSE=2.59
dt_reco vs nt_reco R²=0.77 RMSE=2.00

gpp_input_names,  ['SW_IN', 'VPD', 'TA', 'WTD', 'WS', 'PotRad', 'PotRadHalfHourlyDiff', 'PotRadDailyAvg', 'PotRadDailyDiff', 'WD_COS', 'WD_SIN', 'GPP_PROX'] 
reco_input_names,  ['DOY_sin', 'DOY_cos', 'TA', 'TS_1', 'WTD', 'WS', 'WD_COS', 'WD_SIN', 'NIGHTLY_NEE_AVG'] 
true_nee_name,  ['NEE'] 

Tramontana Running on GPU With hidden layer size of 12 Total epochs: 100000 lr: 0.001 patience: 500 min_delta 0.01
SNN_GPP_Tram(
  (net): Sequential(
    (0): Linear(in_features=12, out_features=12, bias=True)
    (1): Tanh()
    (2): Linear(in_features=12, out_features=1, bias=True)
    (3): Sigmoid()
  )
)
SNN_RECO_Tram(
  (net): Sequential(
    (0): Linear(in_features=9, out_features=12, bias=True)
    (1): Tanh()
    (2): Linear(in_features=12, out_features=1, bias=True)
    (3): Sigmoid()
  )
)
Params are min slope: 2e-06, trend window: 100
Epoch     0 | Train Loss: 31490.378906 | Val Loss: 29839.978516 | Train R²: -1549119.7500 | Val R²: -1500548.7500 | NightHrsTrueNEE vs NightHrsModelReco R²: -30.2700 | NightHrsTrueNee vs NightHrsModelNee R²: -97.3100
Epoch   500 | Train Loss: 232.736435 | Val Loss: 231.457855 | Train R²: -11448.1113 | Val R²: -11638.2168 | NightHrsTrueNEE vs NightHrsModelReco R²: -136.0300 | NightHrsTrueNee vs NightHrsModelNee R²: -128.6700
Epoch  1000 | Train Loss: 63.305965 | Val Loss: 63.990433 | Train R²: -3113.2400 | Val R²: -3216.8579 | NightHrsTrueNEE vs NightHrsModelReco R²: -153.2000 | NightHrsTrueNee vs NightHrsModelNee R²: -146.2600
Epoch  1500 | Train Loss: 28.389446 | Val Loss: 29.004293 | Train R²: -1395.5752 | Val R²: -1457.5258 | NightHrsTrueNEE vs NightHrsModelReco R²: -158.6200 | NightHrsTrueNee vs NightHrsModelNee R²: -152.5700
Epoch  2000 | Train Loss: 15.524447 | Val Loss: 15.998780 | Train R²: -762.7014 | Val R²: -803.5235 | NightHrsTrueNEE vs NightHrsModelReco R²: -161.1900 | NightHrsTrueNee vs NightHrsModelNee R²: -155.8800
Epoch  2500 | Train Loss: 9.445291 | Val Loss: 9.808576 | Train R²: -463.6465 | Val R²: -492.2394 | NightHrsTrueNEE vs NightHrsModelReco R²: -162.6600 | NightHrsTrueNee vs NightHrsModelNee R²: -157.9600
Epoch  3000 | Train Loss: 6.149141 | Val Loss: 6.430185 | Train R²: -301.4976 | Val R²: -322.3518 | NightHrsTrueNEE vs NightHrsModelReco R²: -163.5900 | NightHrsTrueNee vs NightHrsModelNee R²: -159.3800
Epoch  3500 | Train Loss: 4.203055 | Val Loss: 4.422955 | Train R²: -205.7629 | Val R²: -221.4151 | NightHrsTrueNEE vs NightHrsModelReco R²: -164.2000 | NightHrsTrueNee vs NightHrsModelNee R²: -160.3900
Epoch  4000 | Train Loss: 2.988120 | Val Loss: 3.161881 | Train R²: -145.9960 | Val R²: -158.0001 | NightHrsTrueNEE vs NightHrsModelReco R²: -164.5600 | NightHrsTrueNee vs NightHrsModelNee R²: -161.1100
Epoch  4500 | Train Loss: 2.200746 | Val Loss: 2.339182 | Train R²: -107.2623 | Val R²: -116.6294 | NightHrsTrueNEE vs NightHrsModelReco R²: -164.7200 | NightHrsTrueNee vs NightHrsModelNee R²: -161.5800
Epoch  5000 | Train Loss: 1.677511 | Val Loss: 1.788576 | Train R²: -81.5226 | Val R²: -88.9413 | NightHrsTrueNEE vs NightHrsModelReco R²: -164.6000 | NightHrsTrueNee vs NightHrsModelNee R²: -161.7200
Epoch  5500 | Train Loss: 1.323587 | Val Loss: 1.413282 | Train R²: -64.1118 | Val R²: -70.0691 | NightHrsTrueNEE vs NightHrsModelReco R²: -163.7400 | NightHrsTrueNee vs NightHrsModelNee R²: -161.1100
Epoch  6000 | Train Loss: 1.070657 | Val Loss: 1.144028 | Train R²: -51.6693 | Val R²: -56.5292 | NightHrsTrueNEE vs NightHrsModelReco R²: -153.8500 | NightHrsTrueNee vs NightHrsModelNee R²: -151.5100
Epoch  6500 | Train Loss: 0.837205 | Val Loss: 0.895327 | Train R²: -40.1850 | Val R²: -44.0229 | NightHrsTrueNEE vs NightHrsModelReco R²: -120.2900 | NightHrsTrueNee vs NightHrsModelNee R²: -118.3900
Epoch  7000 | Train Loss: 0.673933 | Val Loss: 0.719055 | Train R²: -32.1531 | Val R²: -35.1588 | NightHrsTrueNEE vs NightHrsModelReco R²: -108.8900 | NightHrsTrueNee vs NightHrsModelNee R²: -107.2200
Epoch  7500 | Train Loss: 0.489619 | Val Loss: 0.523036 | Train R²: -23.0861 | Val R²: -25.3017 | NightHrsTrueNEE vs NightHrsModelReco R²: -72.8700 | NightHrsTrueNee vs NightHrsModelNee R²: -71.5400
Epoch  8000 | Train Loss: 0.365732 | Val Loss: 0.392743 | Train R²: -16.9916 | Val R²: -18.7497 | NightHrsTrueNEE vs NightHrsModelReco R²: -45.1700 | NightHrsTrueNee vs NightHrsModelNee R²: -44.2200
Epoch  8500 | Train Loss: 0.274900 | Val Loss: 0.295648 | Train R²: -12.5233 | Val R²: -13.8671 | NightHrsTrueNEE vs NightHrsModelReco R²: -30.2900 | NightHrsTrueNee vs NightHrsModelNee R²: -29.6000
Epoch  9000 | Train Loss: 0.207567 | Val Loss: 0.223162 | Train R²: -9.2109 | Val R²: -10.2221 | NightHrsTrueNEE vs NightHrsModelReco R²: -21.3700 | NightHrsTrueNee vs NightHrsModelNee R²: -20.8600
Epoch  9500 | Train Loss: 0.158176 | Val Loss: 0.169859 | Train R²: -6.7812 | Val R²: -7.5416 | NightHrsTrueNEE vs NightHrsModelReco R²: -15.4700 | NightHrsTrueNee vs NightHrsModelNee R²: -15.0800
Epoch 10000 | Train Loss: 0.122069 | Val Loss: 0.130872 | Train R²: -5.0050 | Val R²: -5.5811 | NightHrsTrueNEE vs NightHrsModelReco R²: -11.5000 | NightHrsTrueNee vs NightHrsModelNee R²: -11.2000
Epoch 10500 | Train Loss: 0.095457 | Val Loss: 0.102089 | Train R²: -3.6959 | Val R²: -4.1337 | NightHrsTrueNEE vs NightHrsModelReco R²: -8.7700 | NightHrsTrueNee vs NightHrsModelNee R²: -8.5500
Epoch 11000 | Train Loss: 0.075662 | Val Loss: 0.080643 | Train R²: -2.7221 | Val R²: -3.0552 | NightHrsTrueNEE vs NightHrsModelReco R²: -6.8100 | NightHrsTrueNee vs NightHrsModelNee R²: -6.6400
Epoch 11500 | Train Loss: 0.060790 | Val Loss: 0.064526 | Train R²: -1.9905 | Val R²: -2.2448 | NightHrsTrueNEE vs NightHrsModelReco R²: -5.3600 | NightHrsTrueNee vs NightHrsModelNee R²: -5.2200
Epoch 12000 | Train Loss: 0.049509 | Val Loss: 0.052314 | Train R²: -1.4355 | Val R²: -1.6307 | NightHrsTrueNEE vs NightHrsModelReco R²: -4.2600 | NightHrsTrueNee vs NightHrsModelNee R²: -4.1500
Epoch 12500 | Train Loss: 0.040888 | Val Loss: 0.043006 | Train R²: -1.0114 | Val R²: -1.1626 | NightHrsTrueNEE vs NightHrsModelReco R²: -3.4100 | NightHrsTrueNee vs NightHrsModelNee R²: -3.3200
Epoch 13000 | Train Loss: 0.034281 | Val Loss: 0.035896 | Train R²: -0.6864 | Val R²: -0.8051 | NightHrsTrueNEE vs NightHrsModelReco R²: -2.7500 | NightHrsTrueNee vs NightHrsModelNee R²: -2.6800
Epoch 13500 | Train Loss: 0.029236 | Val Loss: 0.030471 | Train R²: -0.4382 | Val R²: -0.5323 | NightHrsTrueNEE vs NightHrsModelReco R²: -2.2300 | NightHrsTrueNee vs NightHrsModelNee R²: -2.1700
Epoch 14000 | Train Loss: 0.025405 | Val Loss: 0.026341 | Train R²: -0.2497 | Val R²: -0.3246 | NightHrsTrueNEE vs NightHrsModelReco R²: -1.8100 | NightHrsTrueNee vs NightHrsModelNee R²: -1.7700
Epoch 14500 | Train Loss: 0.022514 | Val Loss: 0.023215 | Train R²: -0.1075 | Val R²: -0.1674 | NightHrsTrueNEE vs NightHrsModelReco R²: -1.4900 | NightHrsTrueNee vs NightHrsModelNee R²: -1.4600
Epoch 15000 | Train Loss: 0.020351 | Val Loss: 0.020871 | Train R²: -0.0011 | Val R²: -0.0495 | NightHrsTrueNEE vs NightHrsModelReco R²: -1.2500 | NightHrsTrueNee vs NightHrsModelNee R²: -1.2200
Epoch 15500 | Train Loss: 0.018733 | Val Loss: 0.019109 | Train R²: 0.0784 | Val R²: 0.0391 | NightHrsTrueNEE vs NightHrsModelReco R²: -1.0600 | NightHrsTrueNee vs NightHrsModelNee R²: -1.0400
Epoch 16000 | Train Loss: 0.017496 | Val Loss: 0.017747 | Train R²: 0.1393 | Val R²: 0.1076 | NightHrsTrueNEE vs NightHrsModelReco R²: -0.8800 | NightHrsTrueNee vs NightHrsModelNee R²: -0.8600
Epoch 16500 | Train Loss: 0.016505 | Val Loss: 0.016644 | Train R²: 0.1880 | Val R²: 0.1630 | NightHrsTrueNEE vs NightHrsModelReco R²: -0.7100 | NightHrsTrueNee vs NightHrsModelNee R²: -0.6900
Epoch 17000 | Train Loss: 0.015647 | Val Loss: 0.015706 | Train R²: 0.2303 | Val R²: 0.2102 | NightHrsTrueNEE vs NightHrsModelReco R²: -0.5300 | NightHrsTrueNee vs NightHrsModelNee R²: -0.5200
Epoch 17500 | Train Loss: 0.014762 | Val Loss: 0.014778 | Train R²: 0.2738 | Val R²: 0.2569 | NightHrsTrueNEE vs NightHrsModelReco R²: -0.3300 | NightHrsTrueNee vs NightHrsModelNee R²: -0.3200
Epoch 18000 | Train Loss: 0.013750 | Val Loss: 0.013748 | Train R²: 0.3236 | Val R²: 0.3087 | NightHrsTrueNEE vs NightHrsModelReco R²: -0.1700 | NightHrsTrueNee vs NightHrsModelNee R²: -0.1600
Epoch 18500 | Train Loss: 0.012956 | Val Loss: 0.012910 | Train R²: 0.3627 | Val R²: 0.3508 | NightHrsTrueNEE vs NightHrsModelReco R²: -0.0800 | NightHrsTrueNee vs NightHrsModelNee R²: -0.0800
Epoch 19000 | Train Loss: 0.012316 | Val Loss: 0.012251 | Train R²: 0.3941 | Val R²: 0.3839 | NightHrsTrueNEE vs NightHrsModelReco R²: -0.0300 | NightHrsTrueNee vs NightHrsModelNee R²: -0.0200
Epoch 19500 | Train Loss: 0.011655 | Val Loss: 0.011606 | Train R²: 0.4266 | Val R²: 0.4164 | NightHrsTrueNEE vs NightHrsModelReco R²: 0.0300 | NightHrsTrueNee vs NightHrsModelNee R²: 0.0400
Epoch 20000 | Train Loss: 0.010846 | Val Loss: 0.010851 | Train R²: 0.4664 | Val R²: 0.4543 | NightHrsTrueNEE vs NightHrsModelReco R²: 0.0800 | NightHrsTrueNee vs NightHrsModelNee R²: 0.0900
Epoch 20500 | Train Loss: 0.009850 | Val Loss: 0.009934 | Train R²: 0.5154 | Val R²: 0.5005 | NightHrsTrueNEE vs NightHrsModelReco R²: 0.1200 | NightHrsTrueNee vs NightHrsModelNee R²: 0.1200
Epoch 21000 | Train Loss: 0.008756 | Val Loss: 0.008904 | Train R²: 0.5693 | Val R²: 0.5523 | NightHrsTrueNEE vs NightHrsModelReco R²: 0.1600 | NightHrsTrueNee vs NightHrsModelNee R²: 0.1700
Epoch 21500 | Train Loss: 0.007649 | Val Loss: 0.007810 | Train R²: 0.6237 | Val R²: 0.6072 | NightHrsTrueNEE vs NightHrsModelReco R²: 0.2300 | NightHrsTrueNee vs NightHrsModelNee R²: 0.2300
Epoch 22000 | Train Loss: 0.006574 | Val Loss: 0.006709 | Train R²: 0.6766 | Val R²: 0.6626 | NightHrsTrueNEE vs NightHrsModelReco R²: 0.3000 | NightHrsTrueNee vs NightHrsModelNee R²: 0.3100
Epoch 22500 | Train Loss: 0.005486 | Val Loss: 0.005576 | Train R²: 0.7301 | Val R²: 0.7196 | NightHrsTrueNEE vs NightHrsModelReco R²: 0.3800 | NightHrsTrueNee vs NightHrsModelNee R²: 0.3800
Epoch 23000 | Train Loss: 0.004411 | Val Loss: 0.004443 | Train R²: 0.7830 | Val R²: 0.7766 | NightHrsTrueNEE vs NightHrsModelReco R²: 0.4700 | NightHrsTrueNee vs NightHrsModelNee R²: 0.4700
Epoch 23500 | Train Loss: 0.003612 | Val Loss: 0.003596 | Train R²: 0.8223 | Val R²: 0.8192 | NightHrsTrueNEE vs NightHrsModelReco R²: 0.5500 | NightHrsTrueNee vs NightHrsModelNee R²: 0.5500
Epoch 24000 | Train Loss: 0.003131 | Val Loss: 0.003085 | Train R²: 0.8460 | Val R²: 0.8449 | NightHrsTrueNEE vs NightHrsModelReco R²: 0.6100 | NightHrsTrueNee vs NightHrsModelNee R²: 0.6100
Epoch 24500 | Train Loss: 0.002831 | Val Loss: 0.002766 | Train R²: 0.8608 | Val R²: 0.8609 | NightHrsTrueNEE vs NightHrsModelReco R²: 0.6500 | NightHrsTrueNee vs NightHrsModelNee R²: 0.6500
Epoch 25000 | Train Loss: 0.002621 | Val Loss: 0.002547 | Train R²: 0.8711 | Val R²: 0.8719 | NightHrsTrueNEE vs NightHrsModelReco R²: 0.6800 | NightHrsTrueNee vs NightHrsModelNee R²: 0.6800
Epoch 25500 | Train Loss: 0.002456 | Val Loss: 0.002382 | Train R²: 0.8792 | Val R²: 0.8802 | NightHrsTrueNEE vs NightHrsModelReco R²: 0.7000 | NightHrsTrueNee vs NightHrsModelNee R²: 0.6900
Epoch 26000 | Train Loss: 0.002318 | Val Loss: 0.002245 | Train R²: 0.8860 | Val R²: 0.8871 | NightHrsTrueNEE vs NightHrsModelReco R²: 0.7100 | NightHrsTrueNee vs NightHrsModelNee R²: 0.7100
Epoch 26500 | Train Loss: 0.002204 | Val Loss: 0.002133 | Train R²: 0.8916 | Val R²: 0.8928 | NightHrsTrueNEE vs NightHrsModelReco R²: 0.7200 | NightHrsTrueNee vs NightHrsModelNee R²: 0.7200
Epoch 27000 | Train Loss: 0.002107 | Val Loss: 0.002039 | Train R²: 0.8963 | Val R²: 0.8975 | NightHrsTrueNEE vs NightHrsModelReco R²: 0.7300 | NightHrsTrueNee vs NightHrsModelNee R²: 0.7300
Epoch 27500 | Train Loss: 0.002022 | Val Loss: 0.001958 | Train R²: 0.9005 | Val R²: 0.9015 | NightHrsTrueNEE vs NightHrsModelReco R²: 0.7300 | NightHrsTrueNee vs NightHrsModelNee R²: 0.7300
Epoch 28000 | Train Loss: 0.001949 | Val Loss: 0.001890 | Train R²: 0.9041 | Val R²: 0.9049 | NightHrsTrueNEE vs NightHrsModelReco R²: 0.7400 | NightHrsTrueNee vs NightHrsModelNee R²: 0.7400
Epoch 28500 | Train Loss: 0.001890 | Val Loss: 0.001837 | Train R²: 0.9070 | Val R²: 0.9076 | NightHrsTrueNEE vs NightHrsModelReco R²: 0.7400 | NightHrsTrueNee vs NightHrsModelNee R²: 0.7400
Epoch 29000 | Train Loss: 0.001849 | Val Loss: 0.001799 | Train R²: 0.9091 | Val R²: 0.9095 | NightHrsTrueNEE vs NightHrsModelReco R²: 0.7400 | NightHrsTrueNee vs NightHrsModelNee R²: 0.7400
Epoch 29500 | Train Loss: 0.001821 | Val Loss: 0.001775 | Train R²: 0.9104 | Val R²: 0.9107 | NightHrsTrueNEE vs NightHrsModelReco R²: 0.7500 | NightHrsTrueNee vs NightHrsModelNee R²: 0.7500
Early stopping at epoch 29564 due to flat/negative trend (slope=0.000002)
Epoch 29564 | Train Loss: 0.001819 | Val Loss: 0.001773 | Train R²: 0.9105 | Val R²: 0.9109
Unpickling models
Following models have been loaded and moved to cuda:
trained gpp model:
 SNN_GPP_Tram(
  (net): Sequential(
    (0): Linear(in_features=12, out_features=12, bias=True)
    (1): Tanh()
    (2): Linear(in_features=12, out_features=1, bias=True)
    (3): Sigmoid()
  )
), trained_reco_model:
 SNN_GPP_Tram(
  (net): Sequential(
    (0): Linear(in_features=9, out_features=12, bias=True)
    (1): Tanh()
    (2): Linear(in_features=12, out_features=1, bias=True)
    (3): Sigmoid()
  )
)
using full data set for visualization
Un-normalizing the GPP and RECO predictions using NEE min: tensor([-50.4310]), NEE max: tensor([42.8991])



Metrics for the Tramontana, with
GPP inputs: ['SW_IN', 'VPD', 'TA', 'WTD', 'WS', 'PotRad', 'PotRadHalfHourlyDiff', 'PotRadDailyAvg', 'PotRadDailyDiff', 'WD_COS', 'WD_SIN', 'GPP_PROX']
RECO inputs: ['DOY_sin', 'DOY_cos', 'TA', 'TS_1', 'WTD', 'WS', 'WD_COS', 'WD_SIN', 'NIGHTLY_NEE_AVG']:
dt_gpp vs Tramontana_GPP R²=0.96 RMSE=1.66
nt_gpp vs Tramontana_GPP R²=0.91 RMSE=2.47
dt_reco vs Tramontana_RECO R²=0.70 RMSE=1.91
nt_reco vs Tramontana_RECO R²=0.86 RMSE=1.26
night_hours_true_nee vs Tramontana_night_hours_model_reco R²=0.75 RMSE=1.78
night_hours_true_nee vs Tramontana_night_hours_model_nee R²=0.75 RMSE=1.78
dt_gpp vs nt_gpp R²=0.90 RMSE=2.59
dt_reco vs nt_reco R²=0.77 RMSE=2.00

gpp_input_names,  ['SW_IN', 'VPD', 'TA', 'WTD', 'WS', 'PotRad', 'PotRadHalfHourlyDiff', 'PotRadDailyAvg', 'PotRadDailyDiff', 'WD_COS', 'WD_SIN', 'GPP_PROX'] 
reco_input_names,  ['DOY_sin', 'DOY_cos', 'TA', 'TS_1', 'WS', 'WD_COS', 'WD_SIN', 'NIGHTLY_NEE_AVG'] 
true_nee_name,  ['NEE'] 

Tramontana Running on GPU With hidden layer size of 12 Total epochs: 100000 lr: 0.001 patience: 500 min_delta 0.01
SNN_GPP_Tram(
  (net): Sequential(
    (0): Linear(in_features=12, out_features=12, bias=True)
    (1): Tanh()
    (2): Linear(in_features=12, out_features=1, bias=True)
    (3): Sigmoid()
  )
)
SNN_RECO_Tram(
  (net): Sequential(
    (0): Linear(in_features=8, out_features=12, bias=True)
    (1): Tanh()
    (2): Linear(in_features=12, out_features=1, bias=True)
    (3): Sigmoid()
  )
)
Params are min slope: 2e-06, trend window: 100
Epoch     0 | Train Loss: 31496.357422 | Val Loss: 29845.230469 | Train R²: -1549413.8750 | Val R²: -1500812.7500 | NightHrsTrueNEE vs NightHrsModelReco R²: -31.0400 | NightHrsTrueNee vs NightHrsModelNee R²: -98.1900
Epoch   500 | Train Loss: 232.956741 | Val Loss: 231.702835 | Train R²: -11458.9492 | Val R²: -11650.5352 | NightHrsTrueNEE vs NightHrsModelReco R²: -131.6600 | NightHrsTrueNee vs NightHrsModelNee R²: -124.6300
Epoch  1000 | Train Loss: 63.351673 | Val Loss: 64.043907 | Train R²: -3115.4878 | Val R²: -3219.5469 | NightHrsTrueNEE vs NightHrsModelReco R²: -150.2800 | NightHrsTrueNee vs NightHrsModelNee R²: -143.4700
Epoch  1500 | Train Loss: 28.401461 | Val Loss: 29.019650 | Train R²: -1396.1661 | Val R²: -1458.2981 | NightHrsTrueNEE vs NightHrsModelReco R²: -157.0000 | NightHrsTrueNee vs NightHrsModelNee R²: -151.0200
Epoch  2000 | Train Loss: 15.528045 | Val Loss: 16.004087 | Train R²: -762.8783 | Val R²: -803.7904 | NightHrsTrueNEE vs NightHrsModelReco R²: -160.2900 | NightHrsTrueNee vs NightHrsModelNee R²: -155.0100
Epoch  2500 | Train Loss: 9.446375 | Val Loss: 9.810640 | Train R²: -463.6999 | Val R²: -492.3432 | NightHrsTrueNEE vs NightHrsModelReco R²: -162.1600 | NightHrsTrueNee vs NightHrsModelNee R²: -157.4700
Epoch  3000 | Train Loss: 6.149465 | Val Loss: 6.431124 | Train R²: -301.5134 | Val R²: -322.3990 | NightHrsTrueNEE vs NightHrsModelReco R²: -163.3400 | NightHrsTrueNee vs NightHrsModelNee R²: -159.1300
Epoch  3500 | Train Loss: 4.203201 | Val Loss: 4.423513 | Train R²: -205.7700 | Val R²: -221.4432 | NightHrsTrueNEE vs NightHrsModelReco R²: -164.1000 | NightHrsTrueNee vs NightHrsModelNee R²: -160.3000
Epoch  4000 | Train Loss: 2.988296 | Val Loss: 3.162349 | Train R²: -146.0046 | Val R²: -158.0237 | NightHrsTrueNEE vs NightHrsModelReco R²: -164.5800 | NightHrsTrueNee vs NightHrsModelNee R²: -161.1300
Epoch  4500 | Train Loss: 2.201034 | Val Loss: 2.339689 | Train R²: -107.2765 | Val R²: -116.6549 | NightHrsTrueNEE vs NightHrsModelReco R²: -164.8300 | NightHrsTrueNee vs NightHrsModelNee R²: -161.6900
Epoch  5000 | Train Loss: 1.677999 | Val Loss: 1.789230 | Train R²: -81.5466 | Val R²: -88.9742 | NightHrsTrueNEE vs NightHrsModelReco R²: -164.8400 | NightHrsTrueNee vs NightHrsModelNee R²: -161.9600
Epoch  5500 | Train Loss: 1.324600 | Val Loss: 1.414408 | Train R²: -64.1616 | Val R²: -70.1257 | NightHrsTrueNEE vs NightHrsModelReco R²: -164.3300 | NightHrsTrueNee vs NightHrsModelNee R²: -161.6900
Epoch  6000 | Train Loss: 1.079799 | Val Loss: 1.152956 | Train R²: -52.1191 | Val R²: -56.9782 | NightHrsTrueNEE vs NightHrsModelReco R²: -160.5300 | NightHrsTrueNee vs NightHrsModelNee R²: -158.1300
Epoch  6500 | Train Loss: 0.859576 | Val Loss: 0.921005 | Train R²: -41.2855 | Val R²: -45.3142 | NightHrsTrueNEE vs NightHrsModelReco R²: -124.7000 | NightHrsTrueNee vs NightHrsModelNee R²: -122.7700
Epoch  7000 | Train Loss: 0.701343 | Val Loss: 0.749179 | Train R²: -33.5015 | Val R²: -36.6736 | NightHrsTrueNEE vs NightHrsModelReco R²: -116.5200 | NightHrsTrueNee vs NightHrsModelNee R²: -114.7900
Epoch  7500 | Train Loss: 0.570566 | Val Loss: 0.608408 | Train R²: -27.0681 | Val R²: -29.5948 | NightHrsTrueNEE vs NightHrsModelReco R²: -103.5200 | NightHrsTrueNee vs NightHrsModelNee R²: -102.0100
Epoch  8000 | Train Loss: 0.393687 | Val Loss: 0.421081 | Train R²: -18.3668 | Val R²: -20.1747 | NightHrsTrueNEE vs NightHrsModelReco R²: -53.3300 | NightHrsTrueNee vs NightHrsModelNee R²: -52.3200
Epoch  8500 | Train Loss: 0.286772 | Val Loss: 0.308479 | Train R²: -13.1073 | Val R²: -14.5123 | NightHrsTrueNEE vs NightHrsModelReco R²: -30.7700 | NightHrsTrueNee vs NightHrsModelNee R²: -30.0900
Epoch  9000 | Train Loss: 0.213997 | Val Loss: 0.230192 | Train R²: -9.5273 | Val R²: -10.5756 | NightHrsTrueNEE vs NightHrsModelReco R²: -21.3200 | NightHrsTrueNee vs NightHrsModelNee R²: -20.8100
Epoch  9500 | Train Loss: 0.161928 | Val Loss: 0.174063 | Train R²: -6.9658 | Val R²: -7.7530 | NightHrsTrueNEE vs NightHrsModelReco R²: -15.5200 | NightHrsTrueNee vs NightHrsModelNee R²: -15.1300
Epoch 10000 | Train Loss: 0.124186 | Val Loss: 0.133310 | Train R²: -5.1091 | Val R²: -5.7037 | NightHrsTrueNEE vs NightHrsModelReco R²: -11.5400 | NightHrsTrueNee vs NightHrsModelNee R²: -11.2500
Epoch 10500 | Train Loss: 0.096611 | Val Loss: 0.103479 | Train R²: -3.7526 | Val R²: -4.2036 | NightHrsTrueNEE vs NightHrsModelReco R²: -8.7200 | NightHrsTrueNee vs NightHrsModelNee R²: -8.4900
Epoch 11000 | Train Loss: 0.076255 | Val Loss: 0.081425 | Train R²: -2.7512 | Val R²: -3.0946 | NightHrsTrueNEE vs NightHrsModelReco R²: -6.6700 | NightHrsTrueNee vs NightHrsModelNee R²: -6.5000
Epoch 11500 | Train Loss: 0.061058 | Val Loss: 0.064951 | Train R²: -2.0036 | Val R²: -2.2661 | NightHrsTrueNEE vs NightHrsModelReco R²: -5.1700 | NightHrsTrueNee vs NightHrsModelNee R²: -5.0300
Epoch 12000 | Train Loss: 0.049609 | Val Loss: 0.052543 | Train R²: -1.4404 | Val R²: -1.6422 | NightHrsTrueNEE vs NightHrsModelReco R²: -4.0400 | NightHrsTrueNee vs NightHrsModelNee R²: -3.9300
Epoch 12500 | Train Loss: 0.040940 | Val Loss: 0.043161 | Train R²: -1.0140 | Val R²: -1.1704 | NightHrsTrueNEE vs NightHrsModelReco R²: -3.1800 | NightHrsTrueNee vs NightHrsModelNee R²: -3.0900
Epoch 13000 | Train Loss: 0.034361 | Val Loss: 0.036057 | Train R²: -0.6903 | Val R²: -0.8132 | NightHrsTrueNEE vs NightHrsModelReco R²: -2.5200 | NightHrsTrueNee vs NightHrsModelNee R²: -2.4600
Epoch 13500 | Train Loss: 0.029368 | Val Loss: 0.030681 | Train R²: -0.4447 | Val R²: -0.5428 | NightHrsTrueNEE vs NightHrsModelReco R²: -2.0200 | NightHrsTrueNee vs NightHrsModelNee R²: -1.9700
Epoch 14000 | Train Loss: 0.025584 | Val Loss: 0.026606 | Train R²: -0.2586 | Val R²: -0.3379 | NightHrsTrueNEE vs NightHrsModelReco R²: -1.6400 | NightHrsTrueNee vs NightHrsModelNee R²: -1.6000
Epoch 14500 | Train Loss: 0.022727 | Val Loss: 0.023514 | Train R²: -0.1180 | Val R²: -0.1824 | NightHrsTrueNEE vs NightHrsModelReco R²: -1.3600 | NightHrsTrueNee vs NightHrsModelNee R²: -1.3300
Epoch 15000 | Train Loss: 0.020585 | Val Loss: 0.021182 | Train R²: -0.0126 | Val R²: -0.0652 | NightHrsTrueNEE vs NightHrsModelReco R²: -1.1500 | NightHrsTrueNee vs NightHrsModelNee R²: -1.1200
Epoch 15500 | Train Loss: 0.018982 | Val Loss: 0.019433 | Train R²: 0.0662 | Val R²: 0.0228 | NightHrsTrueNEE vs NightHrsModelReco R²: -0.9900 | NightHrsTrueNee vs NightHrsModelNee R²: -0.9700
Epoch 16000 | Train Loss: 0.017775 | Val Loss: 0.018114 | Train R²: 0.1256 | Val R²: 0.0891 | NightHrsTrueNEE vs NightHrsModelReco R²: -0.8500 | NightHrsTrueNee vs NightHrsModelNee R²: -0.8400
Epoch 16500 | Train Loss: 0.016841 | Val Loss: 0.017090 | Train R²: 0.1715 | Val R²: 0.1406 | NightHrsTrueNEE vs NightHrsModelReco R²: -0.7400 | NightHrsTrueNee vs NightHrsModelNee R²: -0.7200
Epoch 17000 | Train Loss: 0.016064 | Val Loss: 0.016233 | Train R²: 0.2098 | Val R²: 0.1837 | NightHrsTrueNEE vs NightHrsModelReco R²: -0.6000 | NightHrsTrueNee vs NightHrsModelNee R²: -0.5900
Epoch 17500 | Train Loss: 0.015296 | Val Loss: 0.015391 | Train R²: 0.2475 | Val R²: 0.2260 | NightHrsTrueNEE vs NightHrsModelReco R²: -0.4300 | NightHrsTrueNee vs NightHrsModelNee R²: -0.4200
Epoch 18000 | Train Loss: 0.014346 | Val Loss: 0.014393 | Train R²: 0.2943 | Val R²: 0.2762 | NightHrsTrueNEE vs NightHrsModelReco R²: -0.2100 | NightHrsTrueNee vs NightHrsModelNee R²: -0.2000
Epoch 18500 | Train Loss: 0.013320 | Val Loss: 0.013342 | Train R²: 0.3447 | Val R²: 0.3291 | NightHrsTrueNEE vs NightHrsModelReco R²: -0.0700 | NightHrsTrueNee vs NightHrsModelNee R²: -0.0600
Epoch 19000 | Train Loss: 0.012530 | Val Loss: 0.012551 | Train R²: 0.3836 | Val R²: 0.3689 | NightHrsTrueNEE vs NightHrsModelReco R²: -0.0300 | NightHrsTrueNee vs NightHrsModelNee R²: -0.0200
Epoch 19500 | Train Loss: 0.011867 | Val Loss: 0.011904 | Train R²: 0.4162 | Val R²: 0.4014 | NightHrsTrueNEE vs NightHrsModelReco R²: -0.0000 | NightHrsTrueNee vs NightHrsModelNee R²: 0.0000
Epoch 20000 | Train Loss: 0.011120 | Val Loss: 0.011181 | Train R²: 0.4530 | Val R²: 0.4378 | NightHrsTrueNEE vs NightHrsModelReco R²: 0.0300 | NightHrsTrueNee vs NightHrsModelNee R²: 0.0400
Epoch 20500 | Train Loss: 0.010189 | Val Loss: 0.010279 | Train R²: 0.4988 | Val R²: 0.4831 | NightHrsTrueNEE vs NightHrsModelReco R²: 0.0700 | NightHrsTrueNee vs NightHrsModelNee R²: 0.0800
Epoch 21000 | Train Loss: 0.009088 | Val Loss: 0.009192 | Train R²: 0.5529 | Val R²: 0.5378 | NightHrsTrueNEE vs NightHrsModelReco R²: 0.1300 | NightHrsTrueNee vs NightHrsModelNee R²: 0.1400
Epoch 21500 | Train Loss: 0.007924 | Val Loss: 0.008027 | Train R²: 0.6102 | Val R²: 0.5963 | NightHrsTrueNEE vs NightHrsModelReco R²: 0.2000 | NightHrsTrueNee vs NightHrsModelNee R²: 0.2100
Epoch 22000 | Train Loss: 0.006780 | Val Loss: 0.006856 | Train R²: 0.6665 | Val R²: 0.6552 | NightHrsTrueNEE vs NightHrsModelReco R²: 0.2800 | NightHrsTrueNee vs NightHrsModelNee R²: 0.2900
Epoch 22500 | Train Loss: 0.005615 | Val Loss: 0.005650 | Train R²: 0.7238 | Val R²: 0.7159 | NightHrsTrueNEE vs NightHrsModelReco R²: 0.3700 | NightHrsTrueNee vs NightHrsModelNee R²: 0.3800
Epoch 23000 | Train Loss: 0.004468 | Val Loss: 0.004458 | Train R²: 0.7802 | Val R²: 0.7758 | NightHrsTrueNEE vs NightHrsModelReco R²: 0.4700 | NightHrsTrueNee vs NightHrsModelNee R²: 0.4800
Epoch 23500 | Train Loss: 0.003622 | Val Loss: 0.003579 | Train R²: 0.8218 | Val R²: 0.8200 | NightHrsTrueNEE vs NightHrsModelReco R²: 0.5700 | NightHrsTrueNee vs NightHrsModelNee R²: 0.5700
Epoch 24000 | Train Loss: 0.003113 | Val Loss: 0.003052 | Train R²: 0.8469 | Val R²: 0.8465 | NightHrsTrueNEE vs NightHrsModelReco R²: 0.6300 | NightHrsTrueNee vs NightHrsModelNee R²: 0.6300
Epoch 24500 | Train Loss: 0.002804 | Val Loss: 0.002730 | Train R²: 0.8621 | Val R²: 0.8627 | NightHrsTrueNEE vs NightHrsModelReco R²: 0.6700 | NightHrsTrueNee vs NightHrsModelNee R²: 0.6700
Epoch 25000 | Train Loss: 0.002598 | Val Loss: 0.002516 | Train R²: 0.8722 | Val R²: 0.8735 | NightHrsTrueNEE vs NightHrsModelReco R²: 0.6900 | NightHrsTrueNee vs NightHrsModelNee R²: 0.6900
Epoch 25500 | Train Loss: 0.002445 | Val Loss: 0.002356 | Train R²: 0.8797 | Val R²: 0.8815 | NightHrsTrueNEE vs NightHrsModelReco R²: 0.7100 | NightHrsTrueNee vs NightHrsModelNee R²: 0.7100
Epoch 26000 | Train Loss: 0.002321 | Val Loss: 0.002228 | Train R²: 0.8858 | Val R²: 0.8880 | NightHrsTrueNEE vs NightHrsModelReco R²: 0.7200 | NightHrsTrueNee vs NightHrsModelNee R²: 0.7200
Epoch 26500 | Train Loss: 0.002215 | Val Loss: 0.002121 | Train R²: 0.8910 | Val R²: 0.8933 | NightHrsTrueNEE vs NightHrsModelReco R²: 0.7300 | NightHrsTrueNee vs NightHrsModelNee R²: 0.7300
Epoch 27000 | Train Loss: 0.002120 | Val Loss: 0.002028 | Train R²: 0.8957 | Val R²: 0.8980 | NightHrsTrueNEE vs NightHrsModelReco R²: 0.7400 | NightHrsTrueNee vs NightHrsModelNee R²: 0.7400
Epoch 27500 | Train Loss: 0.002031 | Val Loss: 0.001946 | Train R²: 0.9001 | Val R²: 0.9022 | NightHrsTrueNEE vs NightHrsModelReco R²: 0.7400 | NightHrsTrueNee vs NightHrsModelNee R²: 0.7400
Epoch 28000 | Train Loss: 0.001954 | Val Loss: 0.001875 | Train R²: 0.9039 | Val R²: 0.9057 | NightHrsTrueNEE vs NightHrsModelReco R²: 0.7500 | NightHrsTrueNee vs NightHrsModelNee R²: 0.7400
Epoch 28500 | Train Loss: 0.001894 | Val Loss: 0.001819 | Train R²: 0.9068 | Val R²: 0.9085 | NightHrsTrueNEE vs NightHrsModelReco R²: 0.7500 | NightHrsTrueNee vs NightHrsModelNee R²: 0.7500
Epoch 29000 | Train Loss: 0.001852 | Val Loss: 0.001782 | Train R²: 0.9089 | Val R²: 0.9104 | NightHrsTrueNEE vs NightHrsModelReco R²: 0.7500 | NightHrsTrueNee vs NightHrsModelNee R²: 0.7500
Early stopping at epoch 29468 due to flat/negative trend (slope=0.000002)
Epoch 29468 | Train Loss: 0.001825 | Val Loss: 0.001759 | Train R²: 0.9102 | Val R²: 0.9115
Unpickling models
Following models have been loaded and moved to cuda:
trained gpp model:
 SNN_GPP_Tram(
  (net): Sequential(
    (0): Linear(in_features=12, out_features=12, bias=True)
    (1): Tanh()
    (2): Linear(in_features=12, out_features=1, bias=True)
    (3): Sigmoid()
  )
), trained_reco_model:
 SNN_GPP_Tram(
  (net): Sequential(
    (0): Linear(in_features=8, out_features=12, bias=True)
    (1): Tanh()
    (2): Linear(in_features=12, out_features=1, bias=True)
    (3): Sigmoid()
  )
)
using full data set for visualization
Un-normalizing the GPP and RECO predictions using NEE min: tensor([-50.4310]), NEE max: tensor([42.8991])



Metrics for the Tramontana, with
GPP inputs: ['SW_IN', 'VPD', 'TA', 'WTD', 'WS', 'PotRad', 'PotRadHalfHourlyDiff', 'PotRadDailyAvg', 'PotRadDailyDiff', 'WD_COS', 'WD_SIN', 'GPP_PROX']
RECO inputs: ['DOY_sin', 'DOY_cos', 'TA', 'TS_1', 'WS', 'WD_COS', 'WD_SIN', 'NIGHTLY_NEE_AVG']:
dt_gpp vs Tramontana_GPP R²=0.96 RMSE=1.66
nt_gpp vs Tramontana_GPP R²=0.91 RMSE=2.47
dt_reco vs Tramontana_RECO R²=0.70 RMSE=1.90
nt_reco vs Tramontana_RECO R²=0.86 RMSE=1.23
night_hours_true_nee vs Tramontana_night_hours_model_reco R²=0.75 RMSE=1.78
night_hours_true_nee vs Tramontana_night_hours_model_nee R²=0.75 RMSE=1.78
dt_gpp vs nt_gpp R²=0.90 RMSE=2.59
dt_reco vs nt_reco R²=0.77 RMSE=2.00

gpp_input_names,  ['SW_IN', 'VPD', 'TA', 'WTD', 'WS', 'PotRad', 'PotRadHalfHourlyDiff', 'PotRadDailyAvg', 'PotRadDailyDiff', 'WD_COS', 'WD_SIN', 'GPP_PROX'] 
reco_input_names,  ['DOY_sin', 'DOY_cos', 'TA', 'TS_1', 'WTD', 'WD_COS', 'WD_SIN', 'NIGHTLY_NEE_AVG'] 
true_nee_name,  ['NEE'] 

Tramontana Running on GPU With hidden layer size of 12 Total epochs: 100000 lr: 0.001 patience: 500 min_delta 0.01
SNN_GPP_Tram(
  (net): Sequential(
    (0): Linear(in_features=12, out_features=12, bias=True)
    (1): Tanh()
    (2): Linear(in_features=12, out_features=1, bias=True)
    (3): Sigmoid()
  )
)
SNN_RECO_Tram(
  (net): Sequential(
    (0): Linear(in_features=8, out_features=12, bias=True)
    (1): Tanh()
    (2): Linear(in_features=12, out_features=1, bias=True)
    (3): Sigmoid()
  )
)
Params are min slope: 2e-06, trend window: 100
Epoch     0 | Train Loss: 31495.617188 | Val Loss: 29844.484375 | Train R²: -1549377.6250 | Val R²: -1500775.3750 | NightHrsTrueNEE vs NightHrsModelReco R²: -31.6800 | NightHrsTrueNee vs NightHrsModelNee R²: -98.4700
Epoch   500 | Train Loss: 232.986832 | Val Loss: 231.723816 | Train R²: -11460.4287 | Val R²: -11651.5918 | NightHrsTrueNEE vs NightHrsModelReco R²: -133.7400 | NightHrsTrueNee vs NightHrsModelNee R²: -126.6500
Epoch  1000 | Train Loss: 63.376793 | Val Loss: 64.069206 | Train R²: -3116.7239 | Val R²: -3220.8193 | NightHrsTrueNEE vs NightHrsModelReco R²: -150.7300 | NightHrsTrueNee vs NightHrsModelNee R²: -143.9400
Epoch  1500 | Train Loss: 28.413155 | Val Loss: 29.032049 | Train R²: -1396.7416 | Val R²: -1458.9216 | NightHrsTrueNEE vs NightHrsModelReco R²: -157.2300 | NightHrsTrueNee vs NightHrsModelNee R²: -151.2600
Epoch  2000 | Train Loss: 15.533870 | Val Loss: 16.010447 | Train R²: -763.1648 | Val R²: -804.1101 | NightHrsTrueNEE vs NightHrsModelReco R²: -160.5300 | NightHrsTrueNee vs NightHrsModelNee R²: -155.2700
Epoch  2500 | Train Loss: 9.449627 | Val Loss: 9.814246 | Train R²: -463.8598 | Val R²: -492.5246 | NightHrsTrueNEE vs NightHrsModelReco R²: -162.4700 | NightHrsTrueNee vs NightHrsModelNee R²: -157.7800
Epoch  3000 | Train Loss: 6.151580 | Val Loss: 6.433471 | Train R²: -301.6175 | Val R²: -322.5171 | NightHrsTrueNEE vs NightHrsModelReco R²: -163.7100 | NightHrsTrueNee vs NightHrsModelNee R²: -159.5000
Epoch  3500 | Train Loss: 4.204822 | Val Loss: 4.425283 | Train R²: -205.8498 | Val R²: -221.5322 | NightHrsTrueNEE vs NightHrsModelReco R²: -164.5300 | NightHrsTrueNee vs NightHrsModelNee R²: -160.7300
Epoch  4000 | Train Loss: 2.989753 | Val Loss: 3.163906 | Train R²: -146.0763 | Val R²: -158.1019 | NightHrsTrueNEE vs NightHrsModelReco R²: -165.0900 | NightHrsTrueNee vs NightHrsModelNee R²: -161.6400
Epoch  4500 | Train Loss: 2.202537 | Val Loss: 2.341257 | Train R²: -107.3504 | Val R²: -116.7337 | NightHrsTrueNEE vs NightHrsModelReco R²: -165.4500 | NightHrsTrueNee vs NightHrsModelNee R²: -162.3100
Epoch  5000 | Train Loss: 1.679767 | Val Loss: 1.791041 | Train R²: -81.6336 | Val R²: -89.0653 | NightHrsTrueNEE vs NightHrsModelReco R²: -165.6500 | NightHrsTrueNee vs NightHrsModelNee R²: -162.7700
Epoch  5500 | Train Loss: 1.327135 | Val Loss: 1.416954 | Train R²: -64.2864 | Val R²: -70.2537 | NightHrsTrueNEE vs NightHrsModelReco R²: -165.6400 | NightHrsTrueNee vs NightHrsModelNee R²: -162.9900
Epoch  6000 | Train Loss: 1.086963 | Val Loss: 1.159937 | Train R²: -52.4715 | Val R²: -57.3292 | NightHrsTrueNEE vs NightHrsModelReco R²: -165.2500 | NightHrsTrueNee vs NightHrsModelNee R²: -162.8100
Epoch  6500 | Train Loss: 0.920519 | Val Loss: 0.980622 | Train R²: -44.2835 | Val R²: -48.3121 | NightHrsTrueNEE vs NightHrsModelReco R²: -162.7700 | NightHrsTrueNee vs NightHrsModelNee R²: -160.5400
Epoch  7000 | Train Loss: 0.739557 | Val Loss: 0.790292 | Train R²: -35.3814 | Val R²: -38.7411 | NightHrsTrueNEE vs NightHrsModelReco R²: -121.6100 | NightHrsTrueNee vs NightHrsModelNee R²: -119.8600
Epoch  7500 | Train Loss: 0.602118 | Val Loss: 0.640040 | Train R²: -28.6203 | Val R²: -31.1854 | NightHrsTrueNEE vs NightHrsModelReco R²: -110.8000 | NightHrsTrueNee vs NightHrsModelNee R²: -109.2300
Epoch  8000 | Train Loss: 0.414466 | Val Loss: 0.441289 | Train R²: -19.3890 | Val R²: -21.1909 | NightHrsTrueNEE vs NightHrsModelReco R²: -66.7700 | NightHrsTrueNee vs NightHrsModelNee R²: -65.6000
Epoch  8500 | Train Loss: 0.300906 | Val Loss: 0.323156 | Train R²: -13.8026 | Val R²: -15.2504 | NightHrsTrueNEE vs NightHrsModelReco R²: -36.8600 | NightHrsTrueNee vs NightHrsModelNee R²: -36.0800
Epoch  9000 | Train Loss: 0.223910 | Val Loss: 0.241063 | Train R²: -10.0149 | Val R²: -11.1222 | NightHrsTrueNEE vs NightHrsModelReco R²: -24.3300 | NightHrsTrueNee vs NightHrsModelNee R²: -23.7600
Epoch  9500 | Train Loss: 0.168982 | Val Loss: 0.181953 | Train R²: -7.3128 | Val R²: -8.1498 | NightHrsTrueNEE vs NightHrsModelReco R²: -17.3700 | NightHrsTrueNee vs NightHrsModelNee R²: -16.9500
Epoch 10000 | Train Loss: 0.128895 | Val Loss: 0.138739 | Train R²: -5.3408 | Val R²: -5.9767 | NightHrsTrueNEE vs NightHrsModelReco R²: -12.6900 | NightHrsTrueNee vs NightHrsModelNee R²: -12.3800
Epoch 10500 | Train Loss: 0.099387 | Val Loss: 0.106875 | Train R²: -3.8892 | Val R²: -4.3744 | NightHrsTrueNEE vs NightHrsModelReco R²: -9.4000 | NightHrsTrueNee vs NightHrsModelNee R²: -9.1500
Epoch 11000 | Train Loss: 0.077564 | Val Loss: 0.083264 | Train R²: -2.8156 | Val R²: -3.1871 | NightHrsTrueNEE vs NightHrsModelReco R²: -7.0300 | NightHrsTrueNee vs NightHrsModelNee R²: -6.8400
Epoch 11500 | Train Loss: 0.061383 | Val Loss: 0.065726 | Train R²: -2.0196 | Val R²: -2.3051 | NightHrsTrueNEE vs NightHrsModelReco R²: -5.3200 | NightHrsTrueNee vs NightHrsModelNee R²: -5.1700
Epoch 12000 | Train Loss: 0.049371 | Val Loss: 0.052677 | Train R²: -1.4287 | Val R²: -1.6489 | NightHrsTrueNEE vs NightHrsModelReco R²: -4.0800 | NightHrsTrueNee vs NightHrsModelNee R²: -3.9700
Epoch 12500 | Train Loss: 0.040446 | Val Loss: 0.042953 | Train R²: -0.9897 | Val R²: -1.1600 | NightHrsTrueNEE vs NightHrsModelReco R²: -3.1900 | NightHrsTrueNee vs NightHrsModelNee R²: -3.1000
Epoch 13000 | Train Loss: 0.033806 | Val Loss: 0.035698 | Train R²: -0.6630 | Val R²: -0.7951 | NightHrsTrueNEE vs NightHrsModelReco R²: -2.5300 | NightHrsTrueNee vs NightHrsModelNee R²: -2.4600
Epoch 13500 | Train Loss: 0.028863 | Val Loss: 0.030279 | Train R²: -0.4199 | Val R²: -0.5226 | NightHrsTrueNEE vs NightHrsModelReco R²: -2.0500 | NightHrsTrueNee vs NightHrsModelNee R²: -1.9900
Epoch 14000 | Train Loss: 0.025187 | Val Loss: 0.026234 | Train R²: -0.2390 | Val R²: -0.3192 | NightHrsTrueNEE vs NightHrsModelReco R²: -1.6800 | NightHrsTrueNee vs NightHrsModelNee R²: -1.6400
Epoch 14500 | Train Loss: 0.022457 | Val Loss: 0.023218 | Train R²: -0.1047 | Val R²: -0.1676 | NightHrsTrueNEE vs NightHrsModelReco R²: -1.4100 | NightHrsTrueNee vs NightHrsModelNee R²: -1.3800
Epoch 15000 | Train Loss: 0.020432 | Val Loss: 0.020972 | Train R²: -0.0051 | Val R²: -0.0546 | NightHrsTrueNEE vs NightHrsModelReco R²: -1.2100 | NightHrsTrueNee vs NightHrsModelNee R²: -1.1800
Epoch 15500 | Train Loss: 0.018930 | Val Loss: 0.019302 | Train R²: 0.0688 | Val R²: 0.0294 | NightHrsTrueNEE vs NightHrsModelReco R²: -1.0500 | NightHrsTrueNee vs NightHrsModelNee R²: -1.0300
Epoch 16000 | Train Loss: 0.017809 | Val Loss: 0.018056 | Train R²: 0.1239 | Val R²: 0.0920 | NightHrsTrueNEE vs NightHrsModelReco R²: -0.9100 | NightHrsTrueNee vs NightHrsModelNee R²: -0.9000
Epoch 16500 | Train Loss: 0.016956 | Val Loss: 0.017110 | Train R²: 0.1659 | Val R²: 0.1396 | NightHrsTrueNEE vs NightHrsModelReco R²: -0.7900 | NightHrsTrueNee vs NightHrsModelNee R²: -0.7800
Epoch 17000 | Train Loss: 0.016269 | Val Loss: 0.016355 | Train R²: 0.1997 | Val R²: 0.1776 | NightHrsTrueNEE vs NightHrsModelReco R²: -0.6700 | NightHrsTrueNee vs NightHrsModelNee R²: -0.6600
Epoch 17500 | Train Loss: 0.015643 | Val Loss: 0.015682 | Train R²: 0.2305 | Val R²: 0.2114 | NightHrsTrueNEE vs NightHrsModelReco R²: -0.5300 | NightHrsTrueNee vs NightHrsModelNee R²: -0.5200
Epoch 18000 | Train Loss: 0.014970 | Val Loss: 0.014986 | Train R²: 0.2636 | Val R²: 0.2464 | NightHrsTrueNEE vs NightHrsModelReco R²: -0.3700 | NightHrsTrueNee vs NightHrsModelNee R²: -0.3700
Epoch 18500 | Train Loss: 0.014171 | Val Loss: 0.014171 | Train R²: 0.3029 | Val R²: 0.2874 | NightHrsTrueNEE vs NightHrsModelReco R²: -0.2200 | NightHrsTrueNee vs NightHrsModelNee R²: -0.2200
Epoch 19000 | Train Loss: 0.013271 | Val Loss: 0.013264 | Train R²: 0.3471 | Val R²: 0.3330 | NightHrsTrueNEE vs NightHrsModelReco R²: -0.1200 | NightHrsTrueNee vs NightHrsModelNee R²: -0.1100
Epoch 19500 | Train Loss: 0.012485 | Val Loss: 0.012487 | Train R²: 0.3858 | Val R²: 0.3721 | NightHrsTrueNEE vs NightHrsModelReco R²: -0.0900 | NightHrsTrueNee vs NightHrsModelNee R²: -0.0800
Epoch 20000 | Train Loss: 0.011700 | Val Loss: 0.011706 | Train R²: 0.4244 | Val R²: 0.4113 | NightHrsTrueNEE vs NightHrsModelReco R²: -0.0600 | NightHrsTrueNee vs NightHrsModelNee R²: -0.0500
Epoch 20500 | Train Loss: 0.010768 | Val Loss: 0.010814 | Train R²: 0.4703 | Val R²: 0.4562 | NightHrsTrueNEE vs NightHrsModelReco R²: -0.0200 | NightHrsTrueNee vs NightHrsModelNee R²: -0.0100
Epoch 21000 | Train Loss: 0.009632 | Val Loss: 0.009728 | Train R²: 0.5262 | Val R²: 0.5108 | NightHrsTrueNEE vs NightHrsModelReco R²: 0.0300 | NightHrsTrueNee vs NightHrsModelNee R²: 0.0400
Epoch 21500 | Train Loss: 0.008409 | Val Loss: 0.008517 | Train R²: 0.5863 | Val R²: 0.5717 | NightHrsTrueNEE vs NightHrsModelReco R²: 0.1200 | NightHrsTrueNee vs NightHrsModelNee R²: 0.1200
Epoch 22000 | Train Loss: 0.007177 | Val Loss: 0.007265 | Train R²: 0.6469 | Val R²: 0.6347 | NightHrsTrueNEE vs NightHrsModelReco R²: 0.2200 | NightHrsTrueNee vs NightHrsModelNee R²: 0.2200
Epoch 22500 | Train Loss: 0.005858 | Val Loss: 0.005918 | Train R²: 0.7118 | Val R²: 0.7024 | NightHrsTrueNEE vs NightHrsModelReco R²: 0.3400 | NightHrsTrueNee vs NightHrsModelNee R²: 0.3400
Epoch 23000 | Train Loss: 0.004550 | Val Loss: 0.004558 | Train R²: 0.7761 | Val R²: 0.7708 | NightHrsTrueNEE vs NightHrsModelReco R²: 0.4700 | NightHrsTrueNee vs NightHrsModelNee R²: 0.4700
Epoch 23500 | Train Loss: 0.003650 | Val Loss: 0.003604 | Train R²: 0.8205 | Val R²: 0.8188 | NightHrsTrueNEE vs NightHrsModelReco R²: 0.5800 | NightHrsTrueNee vs NightHrsModelNee R²: 0.5800
Epoch 24000 | Train Loss: 0.003131 | Val Loss: 0.003054 | Train R²: 0.8460 | Val R²: 0.8464 | NightHrsTrueNEE vs NightHrsModelReco R²: 0.6400 | NightHrsTrueNee vs NightHrsModelNee R²: 0.6400
Epoch 24500 | Train Loss: 0.002817 | Val Loss: 0.002723 | Train R²: 0.8614 | Val R²: 0.8631 | NightHrsTrueNEE vs NightHrsModelReco R²: 0.6800 | NightHrsTrueNee vs NightHrsModelNee R²: 0.6800
Epoch 25000 | Train Loss: 0.002611 | Val Loss: 0.002508 | Train R²: 0.8715 | Val R²: 0.8739 | NightHrsTrueNEE vs NightHrsModelReco R²: 0.7000 | NightHrsTrueNee vs NightHrsModelNee R²: 0.7000
Epoch 25500 | Train Loss: 0.002458 | Val Loss: 0.002355 | Train R²: 0.8791 | Val R²: 0.8816 | NightHrsTrueNEE vs NightHrsModelReco R²: 0.7100 | NightHrsTrueNee vs NightHrsModelNee R²: 0.7100
Epoch 26000 | Train Loss: 0.002334 | Val Loss: 0.002233 | Train R²: 0.8852 | Val R²: 0.8877 | NightHrsTrueNEE vs NightHrsModelReco R²: 0.7200 | NightHrsTrueNee vs NightHrsModelNee R²: 0.7200
Epoch 26500 | Train Loss: 0.002227 | Val Loss: 0.002130 | Train R²: 0.8905 | Val R²: 0.8929 | NightHrsTrueNEE vs NightHrsModelReco R²: 0.7300 | NightHrsTrueNee vs NightHrsModelNee R²: 0.7300
Epoch 27000 | Train Loss: 0.002132 | Val Loss: 0.002040 | Train R²: 0.8951 | Val R²: 0.8974 | NightHrsTrueNEE vs NightHrsModelReco R²: 0.7400 | NightHrsTrueNee vs NightHrsModelNee R²: 0.7400
Epoch 27500 | Train Loss: 0.002048 | Val Loss: 0.001962 | Train R²: 0.8993 | Val R²: 0.9013 | NightHrsTrueNEE vs NightHrsModelReco R²: 0.7400 | NightHrsTrueNee vs NightHrsModelNee R²: 0.7400
Epoch 28000 | Train Loss: 0.001975 | Val Loss: 0.001895 | Train R²: 0.9029 | Val R²: 0.9047 | NightHrsTrueNEE vs NightHrsModelReco R²: 0.7500 | NightHrsTrueNee vs NightHrsModelNee R²: 0.7500
Epoch 28500 | Train Loss: 0.001916 | Val Loss: 0.001841 | Train R²: 0.9057 | Val R²: 0.9074 | NightHrsTrueNEE vs NightHrsModelReco R²: 0.7500 | NightHrsTrueNee vs NightHrsModelNee R²: 0.7500
Epoch 29000 | Train Loss: 0.001873 | Val Loss: 0.001801 | Train R²: 0.9079 | Val R²: 0.9094 | NightHrsTrueNEE vs NightHrsModelReco R²: 0.7500 | NightHrsTrueNee vs NightHrsModelNee R²: 0.7500
Epoch 29500 | Train Loss: 0.001842 | Val Loss: 0.001774 | Train R²: 0.9094 | Val R²: 0.9108 | NightHrsTrueNEE vs NightHrsModelReco R²: 0.7500 | NightHrsTrueNee vs NightHrsModelNee R²: 0.7500
Early stopping at epoch 29786 due to flat/negative trend (slope=0.000002)
Epoch 29786 | Train Loss: 0.001828 | Val Loss: 0.001762 | Train R²: 0.9101 | Val R²: 0.9114
Unpickling models
Following models have been loaded and moved to cuda:
trained gpp model:
 SNN_GPP_Tram(
  (net): Sequential(
    (0): Linear(in_features=12, out_features=12, bias=True)
    (1): Tanh()
    (2): Linear(in_features=12, out_features=1, bias=True)
    (3): Sigmoid()
  )
), trained_reco_model:
 SNN_GPP_Tram(
  (net): Sequential(
    (0): Linear(in_features=8, out_features=12, bias=True)
    (1): Tanh()
    (2): Linear(in_features=12, out_features=1, bias=True)
    (3): Sigmoid()
  )
)
using full data set for visualization
Un-normalizing the GPP and RECO predictions using NEE min: tensor([-50.4310]), NEE max: tensor([42.8991])



Metrics for the Tramontana, with
GPP inputs: ['SW_IN', 'VPD', 'TA', 'WTD', 'WS', 'PotRad', 'PotRadHalfHourlyDiff', 'PotRadDailyAvg', 'PotRadDailyDiff', 'WD_COS', 'WD_SIN', 'GPP_PROX']
RECO inputs: ['DOY_sin', 'DOY_cos', 'TA', 'TS_1', 'WTD', 'WD_COS', 'WD_SIN', 'NIGHTLY_NEE_AVG']:
dt_gpp vs Tramontana_GPP R²=0.96 RMSE=1.58
nt_gpp vs Tramontana_GPP R²=0.92 RMSE=2.41
dt_reco vs Tramontana_RECO R²=0.72 RMSE=1.84
nt_reco vs Tramontana_RECO R²=0.89 RMSE=1.12
night_hours_true_nee vs Tramontana_night_hours_model_reco R²=0.75 RMSE=1.77
night_hours_true_nee vs Tramontana_night_hours_model_nee R²=0.75 RMSE=1.77
dt_gpp vs nt_gpp R²=0.90 RMSE=2.59
dt_reco vs nt_reco R²=0.77 RMSE=2.00

gpp_input_names,  ['SW_IN', 'VPD', 'TA', 'WTD', 'WS', 'PotRad', 'PotRadHalfHourlyDiff', 'PotRadDailyAvg', 'PotRadDailyDiff', 'WD_COS', 'WD_SIN', 'GPP_PROX'] 
reco_input_names,  ['DOY_sin', 'DOY_cos', 'TA', 'TS_1', 'WTD', 'WS', 'WD_SIN', 'NIGHTLY_NEE_AVG'] 
true_nee_name,  ['NEE'] 

Tramontana Running on GPU With hidden layer size of 12 Total epochs: 100000 lr: 0.001 patience: 500 min_delta 0.01
SNN_GPP_Tram(
  (net): Sequential(
    (0): Linear(in_features=12, out_features=12, bias=True)
    (1): Tanh()
    (2): Linear(in_features=12, out_features=1, bias=True)
    (3): Sigmoid()
  )
)
SNN_RECO_Tram(
  (net): Sequential(
    (0): Linear(in_features=8, out_features=12, bias=True)
    (1): Tanh()
    (2): Linear(in_features=12, out_features=1, bias=True)
    (3): Sigmoid()
  )
)
Params are min slope: 2e-06, trend window: 100
Epoch     0 | Train Loss: 31500.501953 | Val Loss: 29849.375000 | Train R²: -1549617.7500 | Val R²: -1501020.8750 | NightHrsTrueNEE vs NightHrsModelReco R²: -27.1300 | NightHrsTrueNee vs NightHrsModelNee R²: -96.5500
Epoch   500 | Train Loss: 233.009872 | Val Loss: 231.747894 | Train R²: -11461.5625 | Val R²: -11652.8018 | NightHrsTrueNEE vs NightHrsModelReco R²: -134.0000 | NightHrsTrueNee vs NightHrsModelNee R²: -126.9100
Epoch  1000 | Train Loss: 63.368073 | Val Loss: 64.060120 | Train R²: -3116.2949 | Val R²: -3220.3625 | NightHrsTrueNEE vs NightHrsModelReco R²: -151.5800 | NightHrsTrueNee vs NightHrsModelNee R²: -144.7500
Epoch  1500 | Train Loss: 28.407906 | Val Loss: 29.026203 | Train R²: -1396.4833 | Val R²: -1458.6276 | NightHrsTrueNEE vs NightHrsModelReco R²: -158.0600 | NightHrsTrueNee vs NightHrsModelNee R²: -152.0500
Epoch  2000 | Train Loss: 15.531740 | Val Loss: 16.007833 | Train R²: -763.0601 | Val R²: -803.9788 | NightHrsTrueNEE vs NightHrsModelReco R²: -161.1800 | NightHrsTrueNee vs NightHrsModelNee R²: -155.8900
Epoch  2500 | Train Loss: 9.449021 | Val Loss: 9.813313 | Train R²: -463.8301 | Val R²: -492.4776 | NightHrsTrueNEE vs NightHrsModelReco R²: -162.9400 | NightHrsTrueNee vs NightHrsModelNee R²: -158.2300
Epoch  3000 | Train Loss: 6.151588 | Val Loss: 6.433264 | Train R²: -301.6180 | Val R²: -322.5067 | NightHrsTrueNEE vs NightHrsModelReco R²: -164.0400 | NightHrsTrueNee vs NightHrsModelNee R²: -159.8200
Epoch  3500 | Train Loss: 4.205040 | Val Loss: 4.425364 | Train R²: -205.8605 | Val R²: -221.5363 | NightHrsTrueNEE vs NightHrsModelReco R²: -164.7600 | NightHrsTrueNee vs NightHrsModelNee R²: -160.9500
Epoch  4000 | Train Loss: 2.989993 | Val Loss: 3.164060 | Train R²: -146.0881 | Val R²: -158.1097 | NightHrsTrueNEE vs NightHrsModelReco R²: -165.2400 | NightHrsTrueNee vs NightHrsModelNee R²: -161.7800
Epoch  4500 | Train Loss: 2.202721 | Val Loss: 2.341392 | Train R²: -107.3595 | Val R²: -116.7405 | NightHrsTrueNEE vs NightHrsModelReco R²: -165.5400 | NightHrsTrueNee vs NightHrsModelNee R²: -162.3900
Epoch  5000 | Train Loss: 1.679855 | Val Loss: 1.791110 | Train R²: -81.6379 | Val R²: -89.0687 | NightHrsTrueNEE vs NightHrsModelReco R²: -165.6700 | NightHrsTrueNee vs NightHrsModelNee R²: -162.7900
Epoch  5500 | Train Loss: 1.327084 | Val Loss: 1.416916 | Train R²: -64.2839 | Val R²: -70.2518 | NightHrsTrueNEE vs NightHrsModelReco R²: -165.5800 | NightHrsTrueNee vs NightHrsModelNee R²: -162.9400
Epoch  6000 | Train Loss: 1.086556 | Val Loss: 1.159624 | Train R²: -52.4515 | Val R²: -57.3135 | NightHrsTrueNEE vs NightHrsModelReco R²: -164.9300 | NightHrsTrueNee vs NightHrsModelNee R²: -162.5000
Epoch  6500 | Train Loss: 0.915153 | Val Loss: 0.976361 | Train R²: -44.0196 | Val R²: -48.0978 | NightHrsTrueNEE vs NightHrsModelReco R²: -158.3000 | NightHrsTrueNee vs NightHrsModelNee R²: -156.1100
Epoch  7000 | Train Loss: 0.724092 | Val Loss: 0.774091 | Train R²: -34.6206 | Val R²: -37.9264 | NightHrsTrueNEE vs NightHrsModelReco R²: -119.8700 | NightHrsTrueNee vs NightHrsModelNee R²: -118.1200
Epoch  7500 | Train Loss: 0.579519 | Val Loss: 0.618265 | Train R²: -27.5085 | Val R²: -30.0904 | NightHrsTrueNEE vs NightHrsModelReco R²: -106.1100 | NightHrsTrueNee vs NightHrsModelNee R²: -104.5400
Epoch  8000 | Train Loss: 0.391778 | Val Loss: 0.419565 | Train R²: -18.2729 | Val R²: -20.0985 | NightHrsTrueNEE vs NightHrsModelReco R²: -55.3800 | NightHrsTrueNee vs NightHrsModelNee R²: -54.3100
Epoch  8500 | Train Loss: 0.289440 | Val Loss: 0.311738 | Train R²: -13.2385 | Val R²: -14.6762 | NightHrsTrueNEE vs NightHrsModelReco R²: -33.9600 | NightHrsTrueNee vs NightHrsModelNee R²: -33.2000
Epoch  9000 | Train Loss: 0.215981 | Val Loss: 0.233035 | Train R²: -9.6248 | Val R²: -10.7185 | NightHrsTrueNEE vs NightHrsModelReco R²: -23.1800 | NightHrsTrueNee vs NightHrsModelNee R²: -22.6300
Epoch  9500 | Train Loss: 0.162967 | Val Loss: 0.175920 | Train R²: -7.0169 | Val R²: -7.8464 | NightHrsTrueNEE vs NightHrsModelReco R²: -16.6300 | NightHrsTrueNee vs NightHrsModelNee R²: -16.2300
Epoch 10000 | Train Loss: 0.124774 | Val Loss: 0.134588 | Train R²: -5.1381 | Val R²: -5.7680 | NightHrsTrueNEE vs NightHrsModelReco R²: -12.3800 | NightHrsTrueNee vs NightHrsModelNee R²: -12.0700
Epoch 10500 | Train Loss: 0.097157 | Val Loss: 0.104550 | Train R²: -3.7795 | Val R²: -4.2575 | NightHrsTrueNEE vs NightHrsModelReco R²: -9.4300 | NightHrsTrueNee vs NightHrsModelNee R²: -9.1900
Epoch 11000 | Train Loss: 0.076861 | Val Loss: 0.082398 | Train R²: -2.7811 | Val R²: -3.1435 | NightHrsTrueNEE vs NightHrsModelReco R²: -7.2900 | NightHrsTrueNee vs NightHrsModelNee R²: -7.1000
Epoch 11500 | Train Loss: 0.061625 | Val Loss: 0.065762 | Train R²: -2.0315 | Val R²: -2.3069 | NightHrsTrueNEE vs NightHrsModelReco R²: -5.6800 | NightHrsTrueNee vs NightHrsModelNee R²: -5.5400
Epoch 12000 | Train Loss: 0.050051 | Val Loss: 0.053149 | Train R²: -1.4622 | Val R²: -1.6727 | NightHrsTrueNEE vs NightHrsModelReco R²: -4.4500 | NightHrsTrueNee vs NightHrsModelNee R²: -4.3400
Epoch 12500 | Train Loss: 0.041231 | Val Loss: 0.043575 | Train R²: -1.0283 | Val R²: -1.1912 | NightHrsTrueNEE vs NightHrsModelReco R²: -3.5000 | NightHrsTrueNee vs NightHrsModelNee R²: -3.4100
Epoch 13000 | Train Loss: 0.034473 | Val Loss: 0.036275 | Train R²: -0.6958 | Val R²: -0.8241 | NightHrsTrueNEE vs NightHrsModelReco R²: -2.8000 | NightHrsTrueNee vs NightHrsModelNee R²: -2.7400
Epoch 13500 | Train Loss: 0.029322 | Val Loss: 0.030706 | Train R²: -0.4424 | Val R²: -0.5441 | NightHrsTrueNEE vs NightHrsModelReco R²: -2.2600 | NightHrsTrueNee vs NightHrsModelNee R²: -2.2100
Epoch 14000 | Train Loss: 0.025431 | Val Loss: 0.026469 | Train R²: -0.2510 | Val R²: -0.3310 | NightHrsTrueNEE vs NightHrsModelReco R²: -1.8200 | NightHrsTrueNee vs NightHrsModelNee R²: -1.7800
Epoch 14500 | Train Loss: 0.022540 | Val Loss: 0.023307 | Train R²: -0.1088 | Val R²: -0.1720 | NightHrsTrueNEE vs NightHrsModelReco R²: -1.4700 | NightHrsTrueNee vs NightHrsModelNee R²: -1.4400
Epoch 15000 | Train Loss: 0.020397 | Val Loss: 0.020961 | Train R²: -0.0034 | Val R²: -0.0540 | NightHrsTrueNEE vs NightHrsModelReco R²: -1.2100 | NightHrsTrueNee vs NightHrsModelNee R²: -1.1900
Epoch 15500 | Train Loss: 0.018791 | Val Loss: 0.019203 | Train R²: 0.0756 | Val R²: 0.0343 | NightHrsTrueNEE vs NightHrsModelReco R²: -1.0000 | NightHrsTrueNee vs NightHrsModelNee R²: -0.9800
Epoch 16000 | Train Loss: 0.017560 | Val Loss: 0.017862 | Train R²: 0.1362 | Val R²: 0.1018 | NightHrsTrueNEE vs NightHrsModelReco R²: -0.8200 | NightHrsTrueNee vs NightHrsModelNee R²: -0.8000
Epoch 16500 | Train Loss: 0.016568 | Val Loss: 0.016798 | Train R²: 0.1849 | Val R²: 0.1553 | NightHrsTrueNEE vs NightHrsModelReco R²: -0.6600 | NightHrsTrueNee vs NightHrsModelNee R²: -0.6500
Epoch 17000 | Train Loss: 0.015706 | Val Loss: 0.015894 | Train R²: 0.2274 | Val R²: 0.2007 | NightHrsTrueNEE vs NightHrsModelReco R²: -0.5000 | NightHrsTrueNee vs NightHrsModelNee R²: -0.5000
Epoch 17500 | Train Loss: 0.014879 | Val Loss: 0.015039 | Train R²: 0.2680 | Val R²: 0.2438 | NightHrsTrueNEE vs NightHrsModelReco R²: -0.3500 | NightHrsTrueNee vs NightHrsModelNee R²: -0.3400
Epoch 18000 | Train Loss: 0.014045 | Val Loss: 0.014176 | Train R²: 0.3091 | Val R²: 0.2871 | NightHrsTrueNEE vs NightHrsModelReco R²: -0.2100 | NightHrsTrueNee vs NightHrsModelNee R²: -0.2000
Epoch 18500 | Train Loss: 0.013267 | Val Loss: 0.013366 | Train R²: 0.3473 | Val R²: 0.3279 | NightHrsTrueNEE vs NightHrsModelReco R²: -0.1100 | NightHrsTrueNee vs NightHrsModelNee R²: -0.1100
Epoch 19000 | Train Loss: 0.012602 | Val Loss: 0.012670 | Train R²: 0.3800 | Val R²: 0.3629 | NightHrsTrueNEE vs NightHrsModelReco R²: -0.0800 | NightHrsTrueNee vs NightHrsModelNee R²: -0.0800
Epoch 19500 | Train Loss: 0.011971 | Val Loss: 0.012030 | Train R²: 0.4111 | Val R²: 0.3951 | NightHrsTrueNEE vs NightHrsModelReco R²: -0.0600 | NightHrsTrueNee vs NightHrsModelNee R²: -0.0600
Epoch 20000 | Train Loss: 0.011251 | Val Loss: 0.011319 | Train R²: 0.4465 | Val R²: 0.4308 | NightHrsTrueNEE vs NightHrsModelReco R²: -0.0400 | NightHrsTrueNee vs NightHrsModelNee R²: -0.0300
Epoch 20500 | Train Loss: 0.010391 | Val Loss: 0.010498 | Train R²: 0.4888 | Val R²: 0.4721 | NightHrsTrueNEE vs NightHrsModelReco R²: -0.0100 | NightHrsTrueNee vs NightHrsModelNee R²: -0.0100
Epoch 21000 | Train Loss: 0.009357 | Val Loss: 0.009509 | Train R²: 0.5397 | Val R²: 0.5218 | NightHrsTrueNEE vs NightHrsModelReco R²: 0.0200 | NightHrsTrueNee vs NightHrsModelNee R²: 0.0300
Epoch 21500 | Train Loss: 0.008232 | Val Loss: 0.008401 | Train R²: 0.5951 | Val R²: 0.5776 | NightHrsTrueNEE vs NightHrsModelReco R²: 0.0900 | NightHrsTrueNee vs NightHrsModelNee R²: 0.0900
Epoch 22000 | Train Loss: 0.007078 | Val Loss: 0.007224 | Train R²: 0.6518 | Val R²: 0.6367 | NightHrsTrueNEE vs NightHrsModelReco R²: 0.1800 | NightHrsTrueNee vs NightHrsModelNee R²: 0.1800
Epoch 22500 | Train Loss: 0.005829 | Val Loss: 0.005898 | Train R²: 0.7133 | Val R²: 0.7034 | NightHrsTrueNEE vs NightHrsModelReco R²: 0.3100 | NightHrsTrueNee vs NightHrsModelNee R²: 0.3100
Epoch 23000 | Train Loss: 0.004563 | Val Loss: 0.004537 | Train R²: 0.7755 | Val R²: 0.7719 | NightHrsTrueNEE vs NightHrsModelReco R²: 0.4500 | NightHrsTrueNee vs NightHrsModelNee R²: 0.4500
Epoch 23500 | Train Loss: 0.003646 | Val Loss: 0.003564 | Train R²: 0.8206 | Val R²: 0.8208 | NightHrsTrueNEE vs NightHrsModelReco R²: 0.5600 | NightHrsTrueNee vs NightHrsModelNee R²: 0.5600
Epoch 24000 | Train Loss: 0.003117 | Val Loss: 0.003013 | Train R²: 0.8467 | Val R²: 0.8485 | NightHrsTrueNEE vs NightHrsModelReco R²: 0.6300 | NightHrsTrueNee vs NightHrsModelNee R²: 0.6300
Epoch 24500 | Train Loss: 0.002801 | Val Loss: 0.002691 | Train R²: 0.8622 | Val R²: 0.8647 | NightHrsTrueNEE vs NightHrsModelReco R²: 0.6700 | NightHrsTrueNee vs NightHrsModelNee R²: 0.6600
Epoch 25000 | Train Loss: 0.002595 | Val Loss: 0.002484 | Train R²: 0.8723 | Val R²: 0.8751 | NightHrsTrueNEE vs NightHrsModelReco R²: 0.6900 | NightHrsTrueNee vs NightHrsModelNee R²: 0.6900
Epoch 25500 | Train Loss: 0.002444 | Val Loss: 0.002334 | Train R²: 0.8797 | Val R²: 0.8827 | NightHrsTrueNEE vs NightHrsModelReco R²: 0.7100 | NightHrsTrueNee vs NightHrsModelNee R²: 0.7000
Epoch 26000 | Train Loss: 0.002323 | Val Loss: 0.002215 | Train R²: 0.8857 | Val R²: 0.8886 | NightHrsTrueNEE vs NightHrsModelReco R²: 0.7200 | NightHrsTrueNee vs NightHrsModelNee R²: 0.7200
Epoch 26500 | Train Loss: 0.002216 | Val Loss: 0.002117 | Train R²: 0.8910 | Val R²: 0.8936 | NightHrsTrueNEE vs NightHrsModelReco R²: 0.7200 | NightHrsTrueNee vs NightHrsModelNee R²: 0.7200
Epoch 27000 | Train Loss: 0.002121 | Val Loss: 0.002031 | Train R²: 0.8956 | Val R²: 0.8979 | NightHrsTrueNEE vs NightHrsModelReco R²: 0.7300 | NightHrsTrueNee vs NightHrsModelNee R²: 0.7300
Epoch 27500 | Train Loss: 0.002037 | Val Loss: 0.001952 | Train R²: 0.8998 | Val R²: 0.9018 | NightHrsTrueNEE vs NightHrsModelReco R²: 0.7400 | NightHrsTrueNee vs NightHrsModelNee R²: 0.7400
Epoch 28000 | Train Loss: 0.001964 | Val Loss: 0.001884 | Train R²: 0.9034 | Val R²: 0.9052 | NightHrsTrueNEE vs NightHrsModelReco R²: 0.7400 | NightHrsTrueNee vs NightHrsModelNee R²: 0.7400
Epoch 28500 | Train Loss: 0.001904 | Val Loss: 0.001831 | Train R²: 0.9063 | Val R²: 0.9080 | NightHrsTrueNEE vs NightHrsModelReco R²: 0.7400 | NightHrsTrueNee vs NightHrsModelNee R²: 0.7400
Epoch 29000 | Train Loss: 0.001859 | Val Loss: 0.001791 | Train R²: 0.9085 | Val R²: 0.9099 | NightHrsTrueNEE vs NightHrsModelReco R²: 0.7500 | NightHrsTrueNee vs NightHrsModelNee R²: 0.7500
Epoch 29500 | Train Loss: 0.001829 | Val Loss: 0.001764 | Train R²: 0.9100 | Val R²: 0.9113 | NightHrsTrueNEE vs NightHrsModelReco R²: 0.7500 | NightHrsTrueNee vs NightHrsModelNee R²: 0.7500
Early stopping at epoch 29671 due to flat/negative trend (slope=0.000002)
Epoch 29671 | Train Loss: 0.001822 | Val Loss: 0.001757 | Train R²: 0.9104 | Val R²: 0.9116
Unpickling models
Following models have been loaded and moved to cuda:
trained gpp model:
 SNN_GPP_Tram(
  (net): Sequential(
    (0): Linear(in_features=12, out_features=12, bias=True)
    (1): Tanh()
    (2): Linear(in_features=12, out_features=1, bias=True)
    (3): Sigmoid()
  )
), trained_reco_model:
 SNN_GPP_Tram(
  (net): Sequential(
    (0): Linear(in_features=8, out_features=12, bias=True)
    (1): Tanh()
    (2): Linear(in_features=12, out_features=1, bias=True)
    (3): Sigmoid()
  )
)
using full data set for visualization
Un-normalizing the GPP and RECO predictions using NEE min: tensor([-50.4310]), NEE max: tensor([42.8991])



Metrics for the Tramontana, with
GPP inputs: ['SW_IN', 'VPD', 'TA', 'WTD', 'WS', 'PotRad', 'PotRadHalfHourlyDiff', 'PotRadDailyAvg', 'PotRadDailyDiff', 'WD_COS', 'WD_SIN', 'GPP_PROX']
RECO inputs: ['DOY_sin', 'DOY_cos', 'TA', 'TS_1', 'WTD', 'WS', 'WD_SIN', 'NIGHTLY_NEE_AVG']:
dt_gpp vs Tramontana_GPP R²=0.96 RMSE=1.65
nt_gpp vs Tramontana_GPP R²=0.91 RMSE=2.46
dt_reco vs Tramontana_RECO R²=0.71 RMSE=1.87
nt_reco vs Tramontana_RECO R²=0.86 RMSE=1.23
night_hours_true_nee vs Tramontana_night_hours_model_reco R²=0.75 RMSE=1.79
night_hours_true_nee vs Tramontana_night_hours_model_nee R²=0.75 RMSE=1.79
dt_gpp vs nt_gpp R²=0.90 RMSE=2.59
dt_reco vs nt_reco R²=0.77 RMSE=2.00

gpp_input_names,  ['SW_IN', 'VPD', 'TA', 'WTD', 'WS', 'PotRad', 'PotRadHalfHourlyDiff', 'PotRadDailyAvg', 'PotRadDailyDiff', 'WD_COS', 'WD_SIN', 'GPP_PROX'] 
reco_input_names,  ['DOY_sin', 'DOY_cos', 'TA', 'TS_1', 'WTD', 'WS', 'WD_COS', 'NIGHTLY_NEE_AVG'] 
true_nee_name,  ['NEE'] 

Tramontana Running on GPU With hidden layer size of 12 Total epochs: 100000 lr: 0.001 patience: 500 min_delta 0.01
SNN_GPP_Tram(
  (net): Sequential(
    (0): Linear(in_features=12, out_features=12, bias=True)
    (1): Tanh()
    (2): Linear(in_features=12, out_features=1, bias=True)
    (3): Sigmoid()
  )
)
SNN_RECO_Tram(
  (net): Sequential(
    (0): Linear(in_features=8, out_features=12, bias=True)
    (1): Tanh()
    (2): Linear(in_features=12, out_features=1, bias=True)
    (3): Sigmoid()
  )
)
Params are min slope: 2e-06, trend window: 100
Epoch     0 | Train Loss: 31499.732422 | Val Loss: 29848.755859 | Train R²: -1549579.8750 | Val R²: -1500989.8750 | NightHrsTrueNEE vs NightHrsModelReco R²: -25.7400 | NightHrsTrueNee vs NightHrsModelNee R²: -94.6400
Epoch   500 | Train Loss: 233.029037 | Val Loss: 231.763885 | Train R²: -11462.5049 | Val R²: -11653.6064 | NightHrsTrueNEE vs NightHrsModelReco R²: -131.9600 | NightHrsTrueNee vs NightHrsModelNee R²: -125.0100
Epoch  1000 | Train Loss: 63.378044 | Val Loss: 64.069016 | Train R²: -3116.7856 | Val R²: -3220.8098 | NightHrsTrueNEE vs NightHrsModelReco R²: -149.8400 | NightHrsTrueNee vs NightHrsModelNee R²: -143.0900
Epoch  1500 | Train Loss: 28.411652 | Val Loss: 29.029507 | Train R²: -1396.6675 | Val R²: -1458.7936 | NightHrsTrueNEE vs NightHrsModelReco R²: -156.7300 | NightHrsTrueNee vs NightHrsModelNee R²: -150.7700
Epoch  2000 | Train Loss: 15.532923 | Val Loss: 16.008793 | Train R²: -763.1182 | Val R²: -804.0270 | NightHrsTrueNEE vs NightHrsModelReco R²: -160.1400 | NightHrsTrueNee vs NightHrsModelNee R²: -154.8800
Epoch  2500 | Train Loss: 9.449126 | Val Loss: 9.813278 | Train R²: -463.8353 | Val R²: -492.4760 | NightHrsTrueNEE vs NightHrsModelReco R²: -162.1100 | NightHrsTrueNee vs NightHrsModelNee R²: -157.4300
Epoch  3000 | Train Loss: 6.151219 | Val Loss: 6.432793 | Train R²: -301.5998 | Val R²: -322.4830 | NightHrsTrueNEE vs NightHrsModelReco R²: -163.3500 | NightHrsTrueNee vs NightHrsModelNee R²: -159.1500
Epoch  3500 | Train Loss: 4.204453 | Val Loss: 4.424695 | Train R²: -205.8316 | Val R²: -221.5026 | NightHrsTrueNEE vs NightHrsModelReco R²: -164.1800 | NightHrsTrueNee vs NightHrsModelNee R²: -160.3900
Epoch  4000 | Train Loss: 2.989310 | Val Loss: 3.163302 | Train R²: -146.0545 | Val R²: -158.0715 | NightHrsTrueNEE vs NightHrsModelReco R²: -164.7500 | NightHrsTrueNee vs NightHrsModelNee R²: -161.3000
Epoch  4500 | Train Loss: 2.201999 | Val Loss: 2.340595 | Train R²: -107.3240 | Val R²: -116.7004 | NightHrsTrueNEE vs NightHrsModelReco R²: -165.1200 | NightHrsTrueNee vs NightHrsModelNee R²: -161.9800
Epoch  5000 | Train Loss: 1.679141 | Val Loss: 1.790306 | Train R²: -81.6028 | Val R²: -89.0283 | NightHrsTrueNEE vs NightHrsModelReco R²: -165.3400 | NightHrsTrueNee vs NightHrsModelNee R²: -162.4700
Epoch  5500 | Train Loss: 1.326454 | Val Loss: 1.416156 | Train R²: -64.2529 | Val R²: -70.2136 | NightHrsTrueNEE vs NightHrsModelReco R²: -165.4000 | NightHrsTrueNee vs NightHrsModelNee R²: -162.7600
Epoch  6000 | Train Loss: 1.086386 | Val Loss: 1.159174 | Train R²: -52.4431 | Val R²: -57.2909 | NightHrsTrueNEE vs NightHrsModelReco R²: -165.2300 | NightHrsTrueNee vs NightHrsModelNee R²: -162.8000
Epoch  6500 | Train Loss: 0.921800 | Val Loss: 0.981181 | Train R²: -44.3466 | Val R²: -48.3402 | NightHrsTrueNEE vs NightHrsModelReco R²: -164.5300 | NightHrsTrueNee vs NightHrsModelNee R²: -162.2800
Epoch  7000 | Train Loss: 0.795996 | Val Loss: 0.844087 | Train R²: -38.1578 | Val R²: -41.4462 | NightHrsTrueNEE vs NightHrsModelReco R²: -155.9100 | NightHrsTrueNee vs NightHrsModelNee R²: -153.8800
Epoch  7500 | Train Loss: 0.632329 | Val Loss: 0.669364 | Train R²: -30.1065 | Val R²: -32.6600 | NightHrsTrueNEE vs NightHrsModelReco R²: -114.1500 | NightHrsTrueNee vs NightHrsModelNee R²: -112.5100
Epoch  8000 | Train Loss: 0.420731 | Val Loss: 0.447352 | Train R²: -19.6972 | Val R²: -21.4958 | NightHrsTrueNEE vs NightHrsModelReco R²: -64.4500 | NightHrsTrueNee vs NightHrsModelNee R²: -63.2900
Epoch  8500 | Train Loss: 0.303471 | Val Loss: 0.325914 | Train R²: -13.9288 | Val R²: -15.3891 | NightHrsTrueNEE vs NightHrsModelReco R²: -35.2600 | NightHrsTrueNee vs NightHrsModelNee R²: -34.5000
Epoch  9000 | Train Loss: 0.225456 | Val Loss: 0.243032 | Train R²: -10.0910 | Val R²: -11.2212 | NightHrsTrueNEE vs NightHrsModelReco R²: -24.1800 | NightHrsTrueNee vs NightHrsModelNee R²: -23.6300
Epoch  9500 | Train Loss: 0.169532 | Val Loss: 0.183194 | Train R²: -7.3399 | Val R²: -8.2122 | NightHrsTrueNEE vs NightHrsModelReco R²: -17.4900 | NightHrsTrueNee vs NightHrsModelNee R²: -17.0800
Epoch 10000 | Train Loss: 0.129039 | Val Loss: 0.139643 | Train R²: -5.3479 | Val R²: -6.0222 | NightHrsTrueNEE vs NightHrsModelReco R²: -12.9300 | NightHrsTrueNee vs NightHrsModelNee R²: -12.6100
Epoch 10500 | Train Loss: 0.099558 | Val Loss: 0.107742 | Train R²: -3.8976 | Val R²: -4.4180 | NightHrsTrueNEE vs NightHrsModelReco R²: -9.7500 | NightHrsTrueNee vs NightHrsModelNee R²: -9.5100
Epoch 11000 | Train Loss: 0.078037 | Val Loss: 0.084310 | Train R²: -2.8389 | Val R²: -3.2397 | NightHrsTrueNEE vs NightHrsModelReco R²: -7.4600 | NightHrsTrueNee vs NightHrsModelNee R²: -7.2700
Epoch 11500 | Train Loss: 0.062256 | Val Loss: 0.067044 | Train R²: -2.0626 | Val R²: -2.3714 | NightHrsTrueNEE vs NightHrsModelReco R²: -5.7700 | NightHrsTrueNee vs NightHrsModelNee R²: -5.6200
Epoch 12000 | Train Loss: 0.050520 | Val Loss: 0.054177 | Train R²: -1.4853 | Val R²: -1.7244 | NightHrsTrueNEE vs NightHrsModelReco R²: -4.5100 | NightHrsTrueNee vs NightHrsModelNee R²: -4.4000
Epoch 12500 | Train Loss: 0.041643 | Val Loss: 0.044434 | Train R²: -1.0485 | Val R²: -1.2344 | NightHrsTrueNEE vs NightHrsModelReco R²: -3.5700 | NightHrsTrueNee vs NightHrsModelNee R²: -3.4900
Epoch 13000 | Train Loss: 0.034867 | Val Loss: 0.036993 | Train R²: -0.7152 | Val R²: -0.8603 | NightHrsTrueNEE vs NightHrsModelReco R²: -2.8600 | NightHrsTrueNee vs NightHrsModelNee R²: -2.7900
Epoch 13500 | Train Loss: 0.029691 | Val Loss: 0.031309 | Train R²: -0.4606 | Val R²: -0.5744 | NightHrsTrueNEE vs NightHrsModelReco R²: -2.3100 | NightHrsTrueNee vs NightHrsModelNee R²: -2.2600
Epoch 14000 | Train Loss: 0.025763 | Val Loss: 0.026994 | Train R²: -0.2674 | Val R²: -0.3575 | NightHrsTrueNEE vs NightHrsModelReco R²: -1.8800 | NightHrsTrueNee vs NightHrsModelNee R²: -1.8400
Epoch 14500 | Train Loss: 0.022829 | Val Loss: 0.023763 | Train R²: -0.1231 | Val R²: -0.1950 | NightHrsTrueNEE vs NightHrsModelReco R²: -1.5500 | NightHrsTrueNee vs NightHrsModelNee R²: -1.5200
Epoch 15000 | Train Loss: 0.020667 | Val Loss: 0.021379 | Train R²: -0.0167 | Val R²: -0.0751 | NightHrsTrueNEE vs NightHrsModelReco R²: -1.3000 | NightHrsTrueNee vs NightHrsModelNee R²: -1.2800
Epoch 15500 | Train Loss: 0.019077 | Val Loss: 0.019631 | Train R²: 0.0616 | Val R²: 0.0128 | NightHrsTrueNEE vs NightHrsModelReco R²: -1.1200 | NightHrsTrueNee vs NightHrsModelNee R²: -1.1000
Epoch 16000 | Train Loss: 0.017892 | Val Loss: 0.018331 | Train R²: 0.1198 | Val R²: 0.0782 | NightHrsTrueNEE vs NightHrsModelReco R²: -0.9700 | NightHrsTrueNee vs NightHrsModelNee R²: -0.9600
Epoch 16500 | Train Loss: 0.016979 | Val Loss: 0.017325 | Train R²: 0.1647 | Val R²: 0.1288 | NightHrsTrueNEE vs NightHrsModelReco R²: -0.8400 | NightHrsTrueNee vs NightHrsModelNee R²: -0.8300
Epoch 17000 | Train Loss: 0.016217 | Val Loss: 0.016484 | Train R²: 0.2022 | Val R²: 0.1711 | NightHrsTrueNEE vs NightHrsModelReco R²: -0.7000 | NightHrsTrueNee vs NightHrsModelNee R²: -0.6900
Epoch 17500 | Train Loss: 0.015480 | Val Loss: 0.015677 | Train R²: 0.2385 | Val R²: 0.2116 | NightHrsTrueNEE vs NightHrsModelReco R²: -0.5200 | NightHrsTrueNee vs NightHrsModelNee R²: -0.5100
Epoch 18000 | Train Loss: 0.014632 | Val Loss: 0.014771 | Train R²: 0.2802 | Val R²: 0.2572 | NightHrsTrueNEE vs NightHrsModelReco R²: -0.2800 | NightHrsTrueNee vs NightHrsModelNee R²: -0.2800
Epoch 18500 | Train Loss: 0.013651 | Val Loss: 0.013762 | Train R²: 0.3284 | Val R²: 0.3079 | NightHrsTrueNEE vs NightHrsModelReco R²: -0.0900 | NightHrsTrueNee vs NightHrsModelNee R²: -0.0900
Epoch 19000 | Train Loss: 0.012703 | Val Loss: 0.012812 | Train R²: 0.3751 | Val R²: 0.3557 | NightHrsTrueNEE vs NightHrsModelReco R²: -0.0100 | NightHrsTrueNee vs NightHrsModelNee R²: -0.0100
Epoch 19500 | Train Loss: 0.011920 | Val Loss: 0.012041 | Train R²: 0.4136 | Val R²: 0.3945 | NightHrsTrueNEE vs NightHrsModelReco R²: 0.0000 | NightHrsTrueNee vs NightHrsModelNee R²: 0.0100
Epoch 20000 | Train Loss: 0.011114 | Val Loss: 0.011260 | Train R²: 0.4533 | Val R²: 0.4338 | NightHrsTrueNEE vs NightHrsModelReco R²: 0.0300 | NightHrsTrueNee vs NightHrsModelNee R²: 0.0300
Epoch 20500 | Train Loss: 0.010141 | Val Loss: 0.010332 | Train R²: 0.5011 | Val R²: 0.4804 | NightHrsTrueNEE vs NightHrsModelReco R²: 0.0600 | NightHrsTrueNee vs NightHrsModelNee R²: 0.0700
Epoch 21000 | Train Loss: 0.009008 | Val Loss: 0.009236 | Train R²: 0.5569 | Val R²: 0.5355 | NightHrsTrueNEE vs NightHrsModelReco R²: 0.1100 | NightHrsTrueNee vs NightHrsModelNee R²: 0.1200
Epoch 21500 | Train Loss: 0.007800 | Val Loss: 0.008002 | Train R²: 0.6163 | Val R²: 0.5976 | NightHrsTrueNEE vs NightHrsModelReco R²: 0.2000 | NightHrsTrueNee vs NightHrsModelNee R²: 0.2000
Epoch 22000 | Train Loss: 0.006606 | Val Loss: 0.006756 | Train R²: 0.6750 | Val R²: 0.6602 | NightHrsTrueNEE vs NightHrsModelReco R²: 0.2800 | NightHrsTrueNee vs NightHrsModelNee R²: 0.2800
Epoch 22500 | Train Loss: 0.005401 | Val Loss: 0.005489 | Train R²: 0.7343 | Val R²: 0.7240 | NightHrsTrueNEE vs NightHrsModelReco R²: 0.3700 | NightHrsTrueNee vs NightHrsModelNee R²: 0.3700
Epoch 23000 | Train Loss: 0.004304 | Val Loss: 0.004327 | Train R²: 0.7883 | Val R²: 0.7824 | NightHrsTrueNEE vs NightHrsModelReco R²: 0.4700 | NightHrsTrueNee vs NightHrsModelNee R²: 0.4800
Epoch 23500 | Train Loss: 0.003545 | Val Loss: 0.003522 | Train R²: 0.8256 | Val R²: 0.8229 | NightHrsTrueNEE vs NightHrsModelReco R²: 0.5600 | NightHrsTrueNee vs NightHrsModelNee R²: 0.5600
Epoch 24000 | Train Loss: 0.003084 | Val Loss: 0.003035 | Train R²: 0.8483 | Val R²: 0.8474 | NightHrsTrueNEE vs NightHrsModelReco R²: 0.6200 | NightHrsTrueNee vs NightHrsModelNee R²: 0.6200
Epoch 24500 | Train Loss: 0.002790 | Val Loss: 0.002724 | Train R²: 0.8627 | Val R²: 0.8630 | NightHrsTrueNEE vs NightHrsModelReco R²: 0.6600 | NightHrsTrueNee vs NightHrsModelNee R²: 0.6600
Epoch 25000 | Train Loss: 0.002588 | Val Loss: 0.002510 | Train R²: 0.8727 | Val R²: 0.8738 | NightHrsTrueNEE vs NightHrsModelReco R²: 0.6800 | NightHrsTrueNee vs NightHrsModelNee R²: 0.6800
Epoch 25500 | Train Loss: 0.002440 | Val Loss: 0.002356 | Train R²: 0.8800 | Val R²: 0.8815 | NightHrsTrueNEE vs NightHrsModelReco R²: 0.7000 | NightHrsTrueNee vs NightHrsModelNee R²: 0.7000
Epoch 26000 | Train Loss: 0.002321 | Val Loss: 0.002235 | Train R²: 0.8858 | Val R²: 0.8876 | NightHrsTrueNEE vs NightHrsModelReco R²: 0.7100 | NightHrsTrueNee vs NightHrsModelNee R²: 0.7100
Epoch 26500 | Train Loss: 0.002219 | Val Loss: 0.002133 | Train R²: 0.8908 | Val R²: 0.8927 | NightHrsTrueNEE vs NightHrsModelReco R²: 0.7200 | NightHrsTrueNee vs NightHrsModelNee R²: 0.7200
Epoch 27000 | Train Loss: 0.002127 | Val Loss: 0.002044 | Train R²: 0.8954 | Val R²: 0.8972 | NightHrsTrueNEE vs NightHrsModelReco R²: 0.7300 | NightHrsTrueNee vs NightHrsModelNee R²: 0.7300
Epoch 27500 | Train Loss: 0.002043 | Val Loss: 0.001966 | Train R²: 0.8995 | Val R²: 0.9011 | NightHrsTrueNEE vs NightHrsModelReco R²: 0.7300 | NightHrsTrueNee vs NightHrsModelNee R²: 0.7300
Epoch 28000 | Train Loss: 0.001969 | Val Loss: 0.001899 | Train R²: 0.9031 | Val R²: 0.9045 | NightHrsTrueNEE vs NightHrsModelReco R²: 0.7400 | NightHrsTrueNee vs NightHrsModelNee R²: 0.7400
Epoch 28500 | Train Loss: 0.001909 | Val Loss: 0.001845 | Train R²: 0.9061 | Val R²: 0.9072 | NightHrsTrueNEE vs NightHrsModelReco R²: 0.7400 | NightHrsTrueNee vs NightHrsModelNee R²: 0.7400
Epoch 29000 | Train Loss: 0.001866 | Val Loss: 0.001807 | Train R²: 0.9082 | Val R²: 0.9091 | NightHrsTrueNEE vs NightHrsModelReco R²: 0.7500 | NightHrsTrueNee vs NightHrsModelNee R²: 0.7400
Early stopping at epoch 29425 due to flat/negative trend (slope=0.000002)
Epoch 29425 | Train Loss: 0.001841 | Val Loss: 0.001787 | Train R²: 0.9094 | Val R²: 0.9102
Unpickling models
Following models have been loaded and moved to cuda:
trained gpp model:
 SNN_GPP_Tram(
  (net): Sequential(
    (0): Linear(in_features=12, out_features=12, bias=True)
    (1): Tanh()
    (2): Linear(in_features=12, out_features=1, bias=True)
    (3): Sigmoid()
  )
), trained_reco_model:
 SNN_GPP_Tram(
  (net): Sequential(
    (0): Linear(in_features=8, out_features=12, bias=True)
    (1): Tanh()
    (2): Linear(in_features=12, out_features=1, bias=True)
    (3): Sigmoid()
  )
)
using full data set for visualization
Un-normalizing the GPP and RECO predictions using NEE min: tensor([-50.4310]), NEE max: tensor([42.8991])



Metrics for the Tramontana, with
GPP inputs: ['SW_IN', 'VPD', 'TA', 'WTD', 'WS', 'PotRad', 'PotRadHalfHourlyDiff', 'PotRadDailyAvg', 'PotRadDailyDiff', 'WD_COS', 'WD_SIN', 'GPP_PROX']
RECO inputs: ['DOY_sin', 'DOY_cos', 'TA', 'TS_1', 'WTD', 'WS', 'WD_COS', 'NIGHTLY_NEE_AVG']:
dt_gpp vs Tramontana_GPP R²=0.96 RMSE=1.66
nt_gpp vs Tramontana_GPP R²=0.91 RMSE=2.47
dt_reco vs Tramontana_RECO R²=0.70 RMSE=1.89
nt_reco vs Tramontana_RECO R²=0.86 RMSE=1.25
night_hours_true_nee vs Tramontana_night_hours_model_reco R²=0.75 RMSE=1.79
night_hours_true_nee vs Tramontana_night_hours_model_nee R²=0.75 RMSE=1.79
dt_gpp vs nt_gpp R²=0.90 RMSE=2.59
dt_reco vs nt_reco R²=0.77 RMSE=2.00

gpp_input_names,  ['SW_IN', 'VPD', 'TA', 'WTD', 'WS', 'PotRad', 'PotRadHalfHourlyDiff', 'PotRadDailyAvg', 'PotRadDailyDiff', 'WD_COS', 'WD_SIN', 'GPP_PROX'] 
reco_input_names,  ['DOY_sin', 'DOY_cos', 'TA', 'TS_1', 'WTD', 'WS', 'WD_COS', 'WD_SIN'] 
true_nee_name,  ['NEE'] 

Tramontana Running on GPU With hidden layer size of 12 Total epochs: 100000 lr: 0.001 patience: 500 min_delta 0.01
SNN_GPP_Tram(
  (net): Sequential(
    (0): Linear(in_features=12, out_features=12, bias=True)
    (1): Tanh()
    (2): Linear(in_features=12, out_features=1, bias=True)
    (3): Sigmoid()
  )
)
SNN_RECO_Tram(
  (net): Sequential(
    (0): Linear(in_features=8, out_features=12, bias=True)
    (1): Tanh()
    (2): Linear(in_features=12, out_features=1, bias=True)
    (3): Sigmoid()
  )
)
Params are min slope: 2e-06, trend window: 100
Epoch     0 | Train Loss: 31496.705078 | Val Loss: 29845.822266 | Train R²: -1549431.0000 | Val R²: -1500842.6250 | NightHrsTrueNEE vs NightHrsModelReco R²: -28.2200 | NightHrsTrueNee vs NightHrsModelNee R²: -96.2500
Epoch   500 | Train Loss: 233.052582 | Val Loss: 231.799423 | Train R²: -11463.6631 | Val R²: -11655.3936 | NightHrsTrueNEE vs NightHrsModelReco R²: -131.6600 | NightHrsTrueNee vs NightHrsModelNee R²: -124.8000
Epoch  1000 | Train Loss: 63.359634 | Val Loss: 64.053726 | Train R²: -3115.8799 | Val R²: -3220.0410 | NightHrsTrueNEE vs NightHrsModelReco R²: -151.1800 | NightHrsTrueNee vs NightHrsModelNee R²: -144.3900
Epoch  1500 | Train Loss: 28.400074 | Val Loss: 29.018661 | Train R²: -1396.0979 | Val R²: -1458.2484 | NightHrsTrueNEE vs NightHrsModelReco R²: -158.2700 | NightHrsTrueNee vs NightHrsModelNee R²: -152.2700
Epoch  2000 | Train Loss: 15.527076 | Val Loss: 16.003086 | Train R²: -762.8306 | Val R²: -803.7401 | NightHrsTrueNEE vs NightHrsModelReco R²: -161.5400 | NightHrsTrueNee vs NightHrsModelNee R²: -156.2500
Epoch  2500 | Train Loss: 9.446414 | Val Loss: 9.810555 | Train R²: -463.7018 | Val R²: -492.3390 | NightHrsTrueNEE vs NightHrsModelReco R²: -163.3100 | NightHrsTrueNee vs NightHrsModelNee R²: -158.6000
Epoch  3000 | Train Loss: 6.150162 | Val Loss: 6.431693 | Train R²: -301.5478 | Val R²: -322.4277 | NightHrsTrueNEE vs NightHrsModelReco R²: -164.3900 | NightHrsTrueNee vs NightHrsModelNee R²: -160.1600
Epoch  3500 | Train Loss: 4.204286 | Val Loss: 4.424486 | Train R²: -205.8233 | Val R²: -221.4922 | NightHrsTrueNEE vs NightHrsModelReco R²: -165.0700 | NightHrsTrueNee vs NightHrsModelNee R²: -161.2600
Epoch  4000 | Train Loss: 2.989631 | Val Loss: 3.163598 | Train R²: -146.0703 | Val R²: -158.0864 | NightHrsTrueNEE vs NightHrsModelReco R²: -165.5200 | NightHrsTrueNee vs NightHrsModelNee R²: -162.0600
Epoch  4500 | Train Loss: 2.202586 | Val Loss: 2.341175 | Train R²: -107.3529 | Val R²: -116.7296 | NightHrsTrueNEE vs NightHrsModelReco R²: -165.7800 | NightHrsTrueNee vs NightHrsModelNee R²: -162.6300
Epoch  5000 | Train Loss: 1.679843 | Val Loss: 1.791036 | Train R²: -81.6373 | Val R²: -89.0650 | NightHrsTrueNEE vs NightHrsModelReco R²: -165.8700 | NightHrsTrueNee vs NightHrsModelNee R²: -162.9900
Epoch  5500 | Train Loss: 1.327079 | Val Loss: 1.416886 | Train R²: -64.2836 | Val R²: -70.2503 | NightHrsTrueNEE vs NightHrsModelReco R²: -165.6800 | NightHrsTrueNee vs NightHrsModelNee R²: -163.0400
Epoch  6000 | Train Loss: 1.085911 | Val Loss: 1.159183 | Train R²: -52.4197 | Val R²: -57.2913 | NightHrsTrueNEE vs NightHrsModelReco R²: -164.3400 | NightHrsTrueNee vs NightHrsModelNee R²: -161.9100
Epoch  6500 | Train Loss: 0.889359 | Val Loss: 0.952386 | Train R²: -42.7507 | Val R²: -46.8922 | NightHrsTrueNEE vs NightHrsModelReco R²: -137.9800 | NightHrsTrueNee vs NightHrsModelNee R²: -135.9600
Epoch  7000 | Train Loss: 0.706478 | Val Loss: 0.753823 | Train R²: -33.7541 | Val R²: -36.9072 | NightHrsTrueNEE vs NightHrsModelReco R²: -117.6700 | NightHrsTrueNee vs NightHrsModelNee R²: -115.9200
Epoch  7500 | Train Loss: 0.558809 | Val Loss: 0.594685 | Train R²: -26.4897 | Val R²: -28.9047 | NightHrsTrueNEE vs NightHrsModelReco R²: -101.2700 | NightHrsTrueNee vs NightHrsModelNee R²: -99.7500
Epoch  8000 | Train Loss: 0.385195 | Val Loss: 0.412588 | Train R²: -17.9491 | Val R²: -19.7476 | NightHrsTrueNEE vs NightHrsModelReco R²: -52.3000 | NightHrsTrueNee vs NightHrsModelNee R²: -51.2600
Epoch  8500 | Train Loss: 0.284783 | Val Loss: 0.306399 | Train R²: -13.0094 | Val R²: -14.4077 | NightHrsTrueNEE vs NightHrsModelReco R²: -32.1600 | NightHrsTrueNee vs NightHrsModelNee R²: -31.4300
Epoch  9000 | Train Loss: 0.212227 | Val Loss: 0.228648 | Train R²: -9.4402 | Val R²: -10.4979 | NightHrsTrueNEE vs NightHrsModelReco R²: -22.1500 | NightHrsTrueNee vs NightHrsModelNee R²: -21.6200
Epoch  9500 | Train Loss: 0.159596 | Val Loss: 0.171885 | Train R²: -6.8511 | Val R²: -7.6435 | NightHrsTrueNEE vs NightHrsModelReco R²: -16.2900 | NightHrsTrueNee vs NightHrsModelNee R²: -15.8800
Epoch 10000 | Train Loss: 0.121938 | Val Loss: 0.130987 | Train R²: -4.9985 | Val R²: -5.5869 | NightHrsTrueNEE vs NightHrsModelReco R²: -12.2100 | NightHrsTrueNee vs NightHrsModelNee R²: -11.9000
Epoch 10500 | Train Loss: 0.095219 | Val Loss: 0.101857 | Train R²: -3.6842 | Val R²: -4.1220 | NightHrsTrueNEE vs NightHrsModelReco R²: -9.3200 | NightHrsTrueNee vs NightHrsModelNee R²: -9.0800
Epoch 11000 | Train Loss: 0.075751 | Val Loss: 0.080636 | Train R²: -2.7265 | Val R²: -3.0549 | NightHrsTrueNEE vs NightHrsModelReco R²: -7.2200 | NightHrsTrueNee vs NightHrsModelNee R²: -7.0400
Epoch 11500 | Train Loss: 0.061181 | Val Loss: 0.064800 | Train R²: -2.0097 | Val R²: -2.2586 | NightHrsTrueNEE vs NightHrsModelReco R²: -5.6200 | NightHrsTrueNee vs NightHrsModelNee R²: -5.4800
Epoch 12000 | Train Loss: 0.050067 | Val Loss: 0.052778 | Train R²: -1.4630 | Val R²: -1.6540 | NightHrsTrueNEE vs NightHrsModelReco R²: -4.3900 | NightHrsTrueNee vs NightHrsModelNee R²: -4.2800
Epoch 12500 | Train Loss: 0.041505 | Val Loss: 0.043566 | Train R²: -1.0418 | Val R²: -1.1908 | NightHrsTrueNEE vs NightHrsModelReco R²: -3.4500 | NightHrsTrueNee vs NightHrsModelNee R²: -3.3600
Epoch 13000 | Train Loss: 0.034900 | Val Loss: 0.036491 | Train R²: -0.7168 | Val R²: -0.8350 | NightHrsTrueNEE vs NightHrsModelReco R²: -2.7200 | NightHrsTrueNee vs NightHrsModelNee R²: -2.6500
Epoch 13500 | Train Loss: 0.029820 | Val Loss: 0.031061 | Train R²: -0.4669 | Val R²: -0.5619 | NightHrsTrueNEE vs NightHrsModelReco R²: -2.1600 | NightHrsTrueNee vs NightHrsModelNee R²: -2.1000
Epoch 14000 | Train Loss: 0.025917 | Val Loss: 0.026884 | Train R²: -0.2749 | Val R²: -0.3519 | NightHrsTrueNEE vs NightHrsModelReco R²: -1.7200 | NightHrsTrueNee vs NightHrsModelNee R²: -1.6800
Epoch 14500 | Train Loss: 0.022966 | Val Loss: 0.023725 | Train R²: -0.1298 | Val R²: -0.1930 | NightHrsTrueNEE vs NightHrsModelReco R²: -1.4100 | NightHrsTrueNee vs NightHrsModelNee R²: -1.3800
Epoch 15000 | Train Loss: 0.020776 | Val Loss: 0.021375 | Train R²: -0.0220 | Val R²: -0.0749 | NightHrsTrueNEE vs NightHrsModelReco R²: -1.1900 | NightHrsTrueNee vs NightHrsModelNee R²: -1.1700
Epoch 15500 | Train Loss: 0.019133 | Val Loss: 0.019600 | Train R²: 0.0588 | Val R²: 0.0144 | NightHrsTrueNEE vs NightHrsModelReco R²: -1.0200 | NightHrsTrueNee vs NightHrsModelNee R²: -1.0000
Epoch 16000 | Train Loss: 0.017887 | Val Loss: 0.018240 | Train R²: 0.1201 | Val R²: 0.0828 | NightHrsTrueNEE vs NightHrsModelReco R²: -0.8800 | NightHrsTrueNee vs NightHrsModelNee R²: -0.8600
Epoch 16500 | Train Loss: 0.016931 | Val Loss: 0.017186 | Train R²: 0.1671 | Val R²: 0.1358 | NightHrsTrueNEE vs NightHrsModelReco R²: -0.7600 | NightHrsTrueNee vs NightHrsModelNee R²: -0.7400
Epoch 17000 | Train Loss: 0.016164 | Val Loss: 0.016344 | Train R²: 0.2048 | Val R²: 0.1781 | NightHrsTrueNEE vs NightHrsModelReco R²: -0.6400 | NightHrsTrueNee vs NightHrsModelNee R²: -0.6300
Epoch 17500 | Train Loss: 0.015483 | Val Loss: 0.015610 | Train R²: 0.2384 | Val R²: 0.2150 | NightHrsTrueNEE vs NightHrsModelReco R²: -0.5200 | NightHrsTrueNee vs NightHrsModelNee R²: -0.5100
Epoch 18000 | Train Loss: 0.014741 | Val Loss: 0.014832 | Train R²: 0.2748 | Val R²: 0.2541 | NightHrsTrueNEE vs NightHrsModelReco R²: -0.3700 | NightHrsTrueNee vs NightHrsModelNee R²: -0.3600
Epoch 18500 | Train Loss: 0.013775 | Val Loss: 0.013840 | Train R²: 0.3223 | Val R²: 0.3040 | NightHrsTrueNEE vs NightHrsModelReco R²: -0.1800 | NightHrsTrueNee vs NightHrsModelNee R²: -0.1700
Epoch 19000 | Train Loss: 0.012881 | Val Loss: 0.012935 | Train R²: 0.3663 | Val R²: 0.3496 | NightHrsTrueNEE vs NightHrsModelReco R²: -0.1100 | NightHrsTrueNee vs NightHrsModelNee R²: -0.1100
Epoch 19500 | Train Loss: 0.012104 | Val Loss: 0.012167 | Train R²: 0.4045 | Val R²: 0.3882 | NightHrsTrueNEE vs NightHrsModelReco R²: -0.0700 | NightHrsTrueNee vs NightHrsModelNee R²: -0.0700
Epoch 20000 | Train Loss: 0.011310 | Val Loss: 0.011395 | Train R²: 0.4436 | Val R²: 0.4270 | NightHrsTrueNEE vs NightHrsModelReco R²: -0.0400 | NightHrsTrueNee vs NightHrsModelNee R²: -0.0300
Epoch 20500 | Train Loss: 0.010370 | Val Loss: 0.010485 | Train R²: 0.4899 | Val R²: 0.4727 | NightHrsTrueNEE vs NightHrsModelReco R²: -0.0000 | NightHrsTrueNee vs NightHrsModelNee R²: 0.0100
Epoch 21000 | Train Loss: 0.009267 | Val Loss: 0.009400 | Train R²: 0.5441 | Val R²: 0.5273 | NightHrsTrueNEE vs NightHrsModelReco R²: 0.0500 | NightHrsTrueNee vs NightHrsModelNee R²: 0.0500
Epoch 21500 | Train Loss: 0.008123 | Val Loss: 0.008256 | Train R²: 0.6004 | Val R²: 0.5849 | NightHrsTrueNEE vs NightHrsModelReco R²: 0.1100 | NightHrsTrueNee vs NightHrsModelNee R²: 0.1200
Epoch 22000 | Train Loss: 0.006997 | Val Loss: 0.007101 | Train R²: 0.6558 | Val R²: 0.6429 | NightHrsTrueNEE vs NightHrsModelReco R²: 0.1900 | NightHrsTrueNee vs NightHrsModelNee R²: 0.2000
Epoch 22500 | Train Loss: 0.005859 | Val Loss: 0.005920 | Train R²: 0.7118 | Val R²: 0.7023 | NightHrsTrueNEE vs NightHrsModelReco R²: 0.2900 | NightHrsTrueNee vs NightHrsModelNee R²: 0.2900
Epoch 23000 | Train Loss: 0.004742 | Val Loss: 0.004742 | Train R²: 0.7667 | Val R²: 0.7615 | NightHrsTrueNEE vs NightHrsModelReco R²: 0.4000 | NightHrsTrueNee vs NightHrsModelNee R²: 0.4000
Epoch 23500 | Train Loss: 0.003917 | Val Loss: 0.003866 | Train R²: 0.8073 | Val R²: 0.8056 | NightHrsTrueNEE vs NightHrsModelReco R²: 0.4900 | NightHrsTrueNee vs NightHrsModelNee R²: 0.4900
Epoch 24000 | Train Loss: 0.003424 | Val Loss: 0.003351 | Train R²: 0.8316 | Val R²: 0.8315 | NightHrsTrueNEE vs NightHrsModelReco R²: 0.5600 | NightHrsTrueNee vs NightHrsModelNee R²: 0.5600
Epoch 24500 | Train Loss: 0.003121 | Val Loss: 0.003042 | Train R²: 0.8465 | Val R²: 0.8470 | NightHrsTrueNEE vs NightHrsModelReco R²: 0.6000 | NightHrsTrueNee vs NightHrsModelNee R²: 0.6000
Epoch 25000 | Train Loss: 0.002909 | Val Loss: 0.002829 | Train R²: 0.8569 | Val R²: 0.8577 | NightHrsTrueNEE vs NightHrsModelReco R²: 0.6200 | NightHrsTrueNee vs NightHrsModelNee R²: 0.6200
Epoch 25500 | Train Loss: 0.002744 | Val Loss: 0.002669 | Train R²: 0.8650 | Val R²: 0.8658 | NightHrsTrueNEE vs NightHrsModelReco R²: 0.6400 | NightHrsTrueNee vs NightHrsModelNee R²: 0.6400
Epoch 26000 | Train Loss: 0.002607 | Val Loss: 0.002538 | Train R²: 0.8717 | Val R²: 0.8724 | NightHrsTrueNEE vs NightHrsModelReco R²: 0.6500 | NightHrsTrueNee vs NightHrsModelNee R²: 0.6500
Epoch 26500 | Train Loss: 0.002488 | Val Loss: 0.002425 | Train R²: 0.8776 | Val R²: 0.8781 | NightHrsTrueNEE vs NightHrsModelReco R²: 0.6600 | NightHrsTrueNee vs NightHrsModelNee R²: 0.6600
Epoch 27000 | Train Loss: 0.002383 | Val Loss: 0.002325 | Train R²: 0.8828 | Val R²: 0.8831 | NightHrsTrueNEE vs NightHrsModelReco R²: 0.6700 | NightHrsTrueNee vs NightHrsModelNee R²: 0.6700
Epoch 27500 | Train Loss: 0.002288 | Val Loss: 0.002236 | Train R²: 0.8875 | Val R²: 0.8876 | NightHrsTrueNEE vs NightHrsModelReco R²: 0.6800 | NightHrsTrueNee vs NightHrsModelNee R²: 0.6800
Epoch 28000 | Train Loss: 0.002202 | Val Loss: 0.002154 | Train R²: 0.8917 | Val R²: 0.8917 | NightHrsTrueNEE vs NightHrsModelReco R²: 0.6800 | NightHrsTrueNee vs NightHrsModelNee R²: 0.6800
Epoch 28500 | Train Loss: 0.002129 | Val Loss: 0.002083 | Train R²: 0.8953 | Val R²: 0.8953 | NightHrsTrueNEE vs NightHrsModelReco R²: 0.6900 | NightHrsTrueNee vs NightHrsModelNee R²: 0.6900
Epoch 29000 | Train Loss: 0.002071 | Val Loss: 0.002026 | Train R²: 0.8981 | Val R²: 0.8981 | NightHrsTrueNEE vs NightHrsModelReco R²: 0.6900 | NightHrsTrueNee vs NightHrsModelNee R²: 0.6900
Epoch 29500 | Train Loss: 0.002031 | Val Loss: 0.001991 | Train R²: 0.9001 | Val R²: 0.8999 | NightHrsTrueNEE vs NightHrsModelReco R²: 0.7000 | NightHrsTrueNee vs NightHrsModelNee R²: 0.7000
Early stopping at epoch 29894 due to flat/negative trend (slope=0.000002)
Epoch 29894 | Train Loss: 0.002010 | Val Loss: 0.001973 | Train R²: 0.9011 | Val R²: 0.9008
Unpickling models
Following models have been loaded and moved to cuda:
trained gpp model:
 SNN_GPP_Tram(
  (net): Sequential(
    (0): Linear(in_features=12, out_features=12, bias=True)
    (1): Tanh()
    (2): Linear(in_features=12, out_features=1, bias=True)
    (3): Sigmoid()
  )
), trained_reco_model:
 SNN_GPP_Tram(
  (net): Sequential(
    (0): Linear(in_features=8, out_features=12, bias=True)
    (1): Tanh()
    (2): Linear(in_features=12, out_features=1, bias=True)
    (3): Sigmoid()
  )
)
using full data set for visualization
Un-normalizing the GPP and RECO predictions using NEE min: tensor([-50.4310]), NEE max: tensor([42.8991])



Metrics for the Tramontana, with
GPP inputs: ['SW_IN', 'VPD', 'TA', 'WTD', 'WS', 'PotRad', 'PotRadHalfHourlyDiff', 'PotRadDailyAvg', 'PotRadDailyDiff', 'WD_COS', 'WD_SIN', 'GPP_PROX']
RECO inputs: ['DOY_sin', 'DOY_cos', 'TA', 'TS_1', 'WTD', 'WS', 'WD_COS', 'WD_SIN']:
dt_gpp vs Tramontana_GPP R²=0.96 RMSE=1.61
nt_gpp vs Tramontana_GPP R²=0.92 RMSE=2.46
dt_reco vs Tramontana_RECO R²=0.74 RMSE=1.76
nt_reco vs Tramontana_RECO R²=0.83 RMSE=1.37
night_hours_true_nee vs Tramontana_night_hours_model_reco R²=0.70 RMSE=1.97
night_hours_true_nee vs Tramontana_night_hours_model_nee R²=0.70 RMSE=1.97
dt_gpp vs nt_gpp R²=0.90 RMSE=2.59
dt_reco vs nt_reco R²=0.77 RMSE=2.00

{
    "experiment_1": {
        "run_type": "Tramontana",
        "gpp_inputs": [
            "SW_IN",
            "TA"
        ],
        "reco_inputs": [
            "DOY_sin",
            "DOY_cos",
            "TA"
        ],
        "metrics": {
            "dt_gpp_vs_model": {
                "r2": 0.84,
                "rmse": 3.22
            },
            "nt_gpp_vs_model": {
                "r2": 0.79,
                "rmse": 3.85
            },
            "dt_reco_vs_model": {
                "r2": 0.43,
                "rmse": 2.61
            },
            "nt_reco_vs_model": {
                "r2": 0.43,
                "rmse": 2.5
            },
            "night_hours_true_nee_vs_night_hours_model_reco": {
                "r2": 0.55,
                "rmse": 2.41
            },
            "night_hours_true_nee_vs_night_hours_model_nee": {
                "r2": 0.55,
                "rmse": 2.4
            },
            "dt_gpp_vs_nt_gpp": {
                "r2": 0.9,
                "rmse": 2.59
            },
            "dt_reco_vs_nt_reco": {
                "r2": 0.77,
                "rmse": 2
            },
            "val_r2": 0.8174
        }
    },
    "experiment_2": {
        "run_type": "Tramontana",
        "gpp_inputs": [
            "SW_IN",
            "TA",
            "VPD"
        ],
        "reco_inputs": [
            "DOY_sin",
            "DOY_cos",
            "TA"
        ],
        "metrics": {
            "dt_gpp_vs_model": {
                "r2": 0.9,
                "rmse": 2.62
            },
            "nt_gpp_vs_model": {
                "r2": 0.83,
                "rmse": 3.43
            },
            "dt_reco_vs_model": {
                "r2": 0.6,
                "rmse": 2.19
            },
            "nt_reco_vs_model": {
                "r2": 0.64,
                "rmse": 2.01
            },
            "night_hours_true_nee_vs_night_hours_model_reco": {
                "r2": 0.57,
                "rmse": 2.34
            },
            "night_hours_true_nee_vs_night_hours_model_nee": {
                "r2": 0.57,
                "rmse": 2.33
            },
            "dt_gpp_vs_nt_gpp": {
                "r2": 0.9,
                "rmse": 2.59
            },
            "dt_reco_vs_nt_reco": {
                "r2": 0.77,
                "rmse": 2
            },
            "val_r2": 0.8346
        }
    },
    "experiment_3": {
        "run_type": "Tramontana",
        "gpp_inputs": [
            "SW_IN",
            "TA",
            "VPD",
            "WS"
        ],
        "reco_inputs": [
            "DOY_sin",
            "DOY_cos",
            "TA",
            "WS"
        ],
        "metrics": {
            "dt_gpp_vs_model": {
                "r2": 0.9,
                "rmse": 2.62
            },
            "nt_gpp_vs_model": {
                "r2": 0.83,
                "rmse": 3.45
            },
            "dt_reco_vs_model": {
                "r2": 0.57,
                "rmse": 2.27
            },
            "nt_reco_vs_model": {
                "r2": 0.57,
                "rmse": 2.19
            },
            "night_hours_true_nee_vs_night_hours_model_reco": {
                "r2": 0.6,
                "rmse": 2.26
            },
            "night_hours_true_nee_vs_night_hours_model_nee": {
                "r2": 0.6,
                "rmse": 2.26
            },
            "dt_gpp_vs_nt_gpp": {
                "r2": 0.9,
                "rmse": 2.59
            },
            "dt_reco_vs_nt_reco": {
                "r2": 0.77,
                "rmse": 2
            },
            "val_r2": 0.8456
        }
    },
    "experiment_4": {
        "run_type": "Tramontana",
        "gpp_inputs": [
            "SW_IN",
            "TA",
            "VPD",
            "WS",
            "WD_COS",
            "WD_SIN"
        ],
        "reco_inputs": [
            "DOY_sin",
            "DOY_cos",
            "TA",
            "WS",
            "WD_COS",
            "WD_SIN"
        ],
        "metrics": {
            "dt_gpp_vs_model": {
                "r2": 0.9,
                "rmse": 2.52
            },
            "nt_gpp_vs_model": {
                "r2": 0.85,
                "rmse": 3.27
            },
            "dt_reco_vs_model": {
                "r2": 0.6,
                "rmse": 2.19
            },
            "nt_reco_vs_model": {
                "r2": 0.6,
                "rmse": 2.1
            },
            "night_hours_true_nee_vs_night_hours_model_reco": {
                "r2": 0.63,
                "rmse": 2.18
            },
            "night_hours_true_nee_vs_night_hours_model_nee": {
                "r2": 0.63,
                "rmse": 2.18
            },
            "dt_gpp_vs_nt_gpp": {
                "r2": 0.9,
                "rmse": 2.59
            },
            "dt_reco_vs_nt_reco": {
                "r2": 0.77,
                "rmse": 2
            },
            "val_r2": 0.8638
        }
    },
    "experiment_5": {
        "run_type": "Tramontana",
        "gpp_inputs": [
            "SW_IN",
            "TA",
            "VPD",
            "WS",
            "WD_COS",
            "WD_SIN",
            "WTD"
        ],
        "reco_inputs": [
            "DOY_sin",
            "DOY_cos",
            "TA",
            "WS",
            "WD_COS",
            "WD_SIN",
            "WTD"
        ],
        "metrics": {
            "dt_gpp_vs_model": {
                "r2": 0.87,
                "rmse": 2.91
            },
            "nt_gpp_vs_model": {
                "r2": 0.82,
                "rmse": 3.56
            },
            "dt_reco_vs_model": {
                "r2": 0.48,
                "rmse": 2.51
            },
            "nt_reco_vs_model": {
                "r2": 0.46,
                "rmse": 2.44
            },
            "night_hours_true_nee_vs_night_hours_model_reco": {
                "r2": 0.61,
                "rmse": 2.24
            },
            "night_hours_true_nee_vs_night_hours_model_nee": {
                "r2": 0.61,
                "rmse": 2.24
            },
            "dt_gpp_vs_nt_gpp": {
                "r2": 0.9,
                "rmse": 2.59
            },
            "dt_reco_vs_nt_reco": {
                "r2": 0.77,
                "rmse": 2
            },
            "val_r2": 0.8545
        }
    },
    "experiment_6": {
        "run_type": "Tramontana",
        "gpp_inputs": [
            "SW_IN",
            "TA",
            "VPD",
            "WS",
            "WD_COS",
            "WD_SIN",
            "WTD",
            "Salinity"
        ],
        "reco_inputs": [
            "DOY_sin",
            "DOY_cos",
            "TA",
            "WS",
            "WD_COS",
            "WD_SIN",
            "WTD",
            "Salinity"
        ],
        "metrics": {
            "dt_gpp_vs_model": {
                "r2": 0.9,
                "rmse": 2.59
            },
            "nt_gpp_vs_model": {
                "r2": 0.85,
                "rmse": 3.28
            },
            "dt_reco_vs_model": {
                "r2": 0.58,
                "rmse": 2.25
            },
            "nt_reco_vs_model": {
                "r2": 0.57,
                "rmse": 2.19
            },
            "night_hours_true_nee_vs_night_hours_model_reco": {
                "r2": 0.63,
                "rmse": 2.17
            },
            "night_hours_true_nee_vs_night_hours_model_nee": {
                "r2": 0.63,
                "rmse": 2.17
            },
            "dt_gpp_vs_nt_gpp": {
                "r2": 0.9,
                "rmse": 2.59
            },
            "dt_reco_vs_nt_reco": {
                "r2": 0.77,
                "rmse": 2
            },
            "val_r2": 0.8678
        }
    },
    "experiment_7": {
        "run_type": "Tramontana",
        "gpp_inputs": [
            "SW_IN",
            "TA",
            "VPD",
            "WS",
            "WD_COS",
            "WD_SIN",
            "WTD",
            "Salinity",
            "WTD_HalfHourlyDiff"
        ],
        "reco_inputs": [
            "DOY_sin",
            "DOY_cos",
            "TA",
            "WS",
            "WD_COS",
            "WD_SIN",
            "WTD",
            "Salinity",
            "WTD_HalfHourlyDiff"
        ],
        "metrics": {
            "dt_gpp_vs_model": {
                "r2": 0.9,
                "rmse": 2.51
            },
            "nt_gpp_vs_model": {
                "r2": 0.85,
                "rmse": 3.29
            },
            "dt_reco_vs_model": {
                "r2": 0.59,
                "rmse": 2.22
            },
            "nt_reco_vs_model": {
                "r2": 0.58,
                "rmse": 2.15
            },
            "night_hours_true_nee_vs_night_hours_model_reco": {
                "r2": 0.62,
                "rmse": 2.19
            },
            "night_hours_true_nee_vs_night_hours_model_nee": {
                "r2": 0.62,
                "rmse": 2.19
            },
            "dt_gpp_vs_nt_gpp": {
                "r2": 0.9,
                "rmse": 2.59
            },
            "dt_reco_vs_nt_reco": {
                "r2": 0.77,
                "rmse": 2
            },
            "val_r2": 0.8642
        }
    },
    "experiment_8": {
        "run_type": "Tramontana",
        "gpp_inputs": [
            "SW_IN",
            "TA",
            "VPD",
            "WS",
            "WD_COS",
            "WD_SIN",
            "WTD",
            "Salinity",
            "WTD_HalfHourlyDiff",
            "WTD_DailyAvg",
            "WTD_DailyDiff"
        ],
        "reco_inputs": [
            "DOY_sin",
            "DOY_cos",
            "TA",
            "WS",
            "WD_COS",
            "WD_SIN",
            "WTD",
            "Salinity",
            "WTD_HalfHourlyDiff",
            "WTD_DailyAvg",
            "WTD_DailyDiff"
        ],
        "metrics": {
            "dt_gpp_vs_model": {
                "r2": 0.91,
                "rmse": 2.49
            },
            "nt_gpp_vs_model": {
                "r2": 0.85,
                "rmse": 3.25
            },
            "dt_reco_vs_model": {
                "r2": 0.6,
                "rmse": 2.2
            },
            "nt_reco_vs_model": {
                "r2": 0.6,
                "rmse": 2.11
            },
            "night_hours_true_nee_vs_night_hours_model_reco": {
                "r2": 0.63,
                "rmse": 2.17
            },
            "night_hours_true_nee_vs_night_hours_model_nee": {
                "r2": 0.63,
                "rmse": 2.17
            },
            "dt_gpp_vs_nt_gpp": {
                "r2": 0.9,
                "rmse": 2.59
            },
            "dt_reco_vs_nt_reco": {
                "r2": 0.77,
                "rmse": 2
            },
            "val_r2": 0.8662
        }
    },
    "experiment_9": {
        "run_type": "Tramontana",
        "gpp_inputs": [
            "PotRadDailyAvg",
            "PotRadDailyDiff",
            "GPP_PROX"
        ],
        "reco_inputs": [
            "DOY_sin",
            "DOY_cos",
            "NIGHTLY_NEE_AVG"
        ],
        "metrics": {
            "dt_gpp_vs_model": {
                "r2": 0.89,
                "rmse": 2.69
            },
            "nt_gpp_vs_model": {
                "r2": 0.84,
                "rmse": 3.33
            },
            "dt_reco_vs_model": {
                "r2": 0.65,
                "rmse": 2.05
            },
            "nt_reco_vs_model": {
                "r2": 0.78,
                "rmse": 1.56
            },
            "night_hours_true_nee_vs_night_hours_model_reco": {
                "r2": 0.67,
                "rmse": 2.04
            },
            "night_hours_true_nee_vs_night_hours_model_nee": {
                "r2": 0.67,
                "rmse": 2.04
            },
            "dt_gpp_vs_nt_gpp": {
                "r2": 0.9,
                "rmse": 2.59
            },
            "dt_reco_vs_nt_reco": {
                "r2": 0.77,
                "rmse": 2
            },
            "val_r2": 0.835
        }
    },
    "experiment_10": {
        "run_type": "Tramontana",
        "gpp_inputs": [
            "SW_IN",
            "VPD",
            "TA",
            "WTD",
            "WS",
            "PotRad",
            "PotRadHalfHourlyDiff",
            "WD_COS",
            "WD_SIN"
        ],
        "reco_inputs": [
            "TA",
            "TS_1",
            "WTD",
            "WS",
            "WD_COS",
            "WD_SIN"
        ],
        "metrics": {
            "dt_gpp_vs_model": {
                "r2": 0.91,
                "rmse": 2.46
            },
            "nt_gpp_vs_model": {
                "r2": 0.86,
                "rmse": 3.12
            },
            "dt_reco_vs_model": {
                "r2": 0.65,
                "rmse": 2.04
            },
            "nt_reco_vs_model": {
                "r2": 0.66,
                "rmse": 1.95
            },
            "night_hours_true_nee_vs_night_hours_model_reco": {
                "r2": 0.63,
                "rmse": 2.18
            },
            "night_hours_true_nee_vs_night_hours_model_nee": {
                "r2": 0.63,
                "rmse": 2.18
            },
            "dt_gpp_vs_nt_gpp": {
                "r2": 0.9,
                "rmse": 2.59
            },
            "dt_reco_vs_nt_reco": {
                "r2": 0.77,
                "rmse": 2
            },
            "val_r2": 0.8644
        }
    },
    "experiment_11": {
        "run_type": "Tramontana",
        "gpp_inputs": [
            "SW_IN",
            "VPD",
            "TA",
            "WS",
            "PotRad",
            "PotRadHalfHourlyDiff",
            "PotRadDailyAvg",
            "PotRadDailyDiff",
            "WD_COS",
            "WD_SIN",
            "GPP_PROX"
        ],
        "reco_inputs": [
            "DOY_sin",
            "DOY_cos",
            "TA",
            "TS_1",
            "WS",
            "WD_COS",
            "WD_SIN",
            "NIGHTLY_NEE_AVG"
        ],
        "metrics": {
            "dt_gpp_vs_model": {
                "r2": 0.96,
                "rmse": 1.69
            },
            "nt_gpp_vs_model": {
                "r2": 0.91,
                "rmse": 2.5
            },
            "dt_reco_vs_model": {
                "r2": 0.69,
                "rmse": 1.94
            },
            "nt_reco_vs_model": {
                "r2": 0.85,
                "rmse": 1.3
            },
            "night_hours_true_nee_vs_night_hours_model_reco": {
                "r2": 0.75,
                "rmse": 1.79
            },
            "night_hours_true_nee_vs_night_hours_model_nee": {
                "r2": 0.75,
                "rmse": 1.79
            },
            "dt_gpp_vs_nt_gpp": {
                "r2": 0.9,
                "rmse": 2.59
            },
            "dt_reco_vs_nt_reco": {
                "r2": 0.77,
                "rmse": 2
            },
            "val_r2": 0.9112
        }
    },
    "experiment_12": {
        "run_type": "Tramontana",
        "gpp_inputs": [
            "SW_IN",
            "VPD",
            "TA",
            "WTD",
            "WS",
            "PotRad",
            "PotRadHalfHourlyDiff",
            "PotRadDailyAvg",
            "PotRadDailyDiff",
            "WD_COS",
            "WD_SIN",
            "GPP_PROX"
        ],
        "reco_inputs": [
            "DOY_sin",
            "DOY_cos",
            "TA",
            "TS_1",
            "WTD",
            "WS",
            "WD_COS",
            "WD_SIN",
            "NIGHTLY_NEE_AVG"
        ],
        "metrics": {
            "dt_gpp_vs_model": {
                "r2": 0.96,
                "rmse": 1.66
            },
            "nt_gpp_vs_model": {
                "r2": 0.91,
                "rmse": 2.47
            },
            "dt_reco_vs_model": {
                "r2": 0.7,
                "rmse": 1.91
            },
            "nt_reco_vs_model": {
                "r2": 0.86,
                "rmse": 1.26
            },
            "night_hours_true_nee_vs_night_hours_model_reco": {
                "r2": 0.75,
                "rmse": 1.78
            },
            "night_hours_true_nee_vs_night_hours_model_nee": {
                "r2": 0.75,
                "rmse": 1.78
            },
            "dt_gpp_vs_nt_gpp": {
                "r2": 0.9,
                "rmse": 2.59
            },
            "dt_reco_vs_nt_reco": {
                "r2": 0.77,
                "rmse": 2
            },
            "val_r2": 0.9109
        }
    },
    "experiment_13": {
        "run_type": "Tramontana",
        "gpp_inputs": [
            "SW_IN",
            "VPD",
            "TA",
            "WTD",
            "WS",
            "PotRad",
            "PotRadHalfHourlyDiff",
            "PotRadDailyAvg",
            "PotRadDailyDiff",
            "WD_COS",
            "WD_SIN",
            "GPP_PROX",
            "Salinity"
        ],
        "reco_inputs": [
            "DOY_sin",
            "DOY_cos",
            "TA",
            "TS_1",
            "WTD",
            "WS",
            "WD_COS",
            "WD_SIN",
            "NIGHTLY_NEE_AVG",
            "Salinity"
        ],
        "metrics": {
            "dt_gpp_vs_model": {
                "r2": 0.96,
                "rmse": 1.66
            },
            "nt_gpp_vs_model": {
                "r2": 0.91,
                "rmse": 2.48
            },
            "dt_reco_vs_model": {
                "r2": 0.7,
                "rmse": 1.89
            },
            "nt_reco_vs_model": {
                "r2": 0.85,
                "rmse": 1.27
            },
            "night_hours_true_nee_vs_night_hours_model_reco": {
                "r2": 0.75,
                "rmse": 1.79
            },
            "night_hours_true_nee_vs_night_hours_model_nee": {
                "r2": 0.75,
                "rmse": 1.78
            },
            "dt_gpp_vs_nt_gpp": {
                "r2": 0.9,
                "rmse": 2.59
            },
            "dt_reco_vs_nt_reco": {
                "r2": 0.77,
                "rmse": 2
            },
            "val_r2": 0.9121
        }
    },
    "experiment_14": {
        "run_type": "Tramontana",
        "gpp_inputs": [
            "SW_IN",
            "VPD",
            "TA",
            "WTD",
            "WS",
            "PotRad",
            "PotRadHalfHourlyDiff",
            "PotRadDailyAvg",
            "PotRadDailyDiff",
            "WD_COS",
            "WD_SIN",
            "GPP_PROX",
            "WTD_HalfHourlyDiff"
        ],
        "reco_inputs": [
            "DOY_sin",
            "DOY_cos",
            "TA",
            "TS_1",
            "WTD",
            "WS",
            "WD_COS",
            "WD_SIN",
            "NIGHTLY_NEE_AVG",
            "WTD_HalfHourlyDiff"
        ],
        "metrics": {
            "dt_gpp_vs_model": {
                "r2": 0.96,
                "rmse": 1.66
            },
            "nt_gpp_vs_model": {
                "r2": 0.91,
                "rmse": 2.48
            },
            "dt_reco_vs_model": {
                "r2": 0.7,
                "rmse": 1.9
            },
            "nt_reco_vs_model": {
                "r2": 0.86,
                "rmse": 1.24
            },
            "night_hours_true_nee_vs_night_hours_model_reco": {
                "r2": 0.75,
                "rmse": 1.78
            },
            "night_hours_true_nee_vs_night_hours_model_nee": {
                "r2": 0.75,
                "rmse": 1.78
            },
            "dt_gpp_vs_nt_gpp": {
                "r2": 0.9,
                "rmse": 2.59
            },
            "dt_reco_vs_nt_reco": {
                "r2": 0.77,
                "rmse": 2
            },
            "val_r2": 0.9111
        }
    },
    "experiment_15": {
        "run_type": "Tramontana",
        "gpp_inputs": [
            "SW_IN",
            "VPD",
            "TA",
            "WTD",
            "WS",
            "PotRad",
            "PotRadHalfHourlyDiff",
            "PotRadDailyAvg",
            "PotRadDailyDiff",
            "WD_COS",
            "WD_SIN",
            "GPP_PROX",
            "Salinity",
            "WTD_HalfHourlyDiff"
        ],
        "reco_inputs": [
            "DOY_sin",
            "DOY_cos",
            "TA",
            "TS_1",
            "WTD",
            "WS",
            "WD_COS",
            "WD_SIN",
            "NIGHTLY_NEE_AVG",
            "Salinity",
            "WTD_HalfHourlyDiff"
        ],
        "metrics": {
            "dt_gpp_vs_model": {
                "r2": 0.96,
                "rmse": 1.64
            },
            "nt_gpp_vs_model": {
                "r2": 0.91,
                "rmse": 2.47
            },
            "dt_reco_vs_model": {
                "r2": 0.7,
                "rmse": 1.89
            },
            "nt_reco_vs_model": {
                "r2": 0.86,
                "rmse": 1.26
            },
            "night_hours_true_nee_vs_night_hours_model_reco": {
                "r2": 0.75,
                "rmse": 1.78
            },
            "night_hours_true_nee_vs_night_hours_model_nee": {
                "r2": 0.75,
                "rmse": 1.78
            },
            "dt_gpp_vs_nt_gpp": {
                "r2": 0.9,
                "rmse": 2.59
            },
            "dt_reco_vs_nt_reco": {
                "r2": 0.77,
                "rmse": 2
            },
            "val_r2": 0.9103
        }
    },
    "experiment_16": {
        "run_type": "Tramontana",
        "gpp_inputs": [
            "SW_IN",
            "VPD",
            "TA",
            "WTD",
            "WS",
            "PotRad",
            "PotRadHalfHourlyDiff",
            "PotRadDailyAvg",
            "PotRadDailyDiff",
            "WD_COS",
            "WD_SIN",
            "GPP_PROX",
            "Salinity",
            "WTD_HalfHourlyDiff",
            "WTD_DailyAvg",
            "WTD_DailyDiff"
        ],
        "reco_inputs": [
            "DOY_sin",
            "DOY_cos",
            "TA",
            "TS_1",
            "WTD",
            "WS",
            "WD_COS",
            "WD_SIN",
            "NIGHTLY_NEE_AVG",
            "Salinity",
            "WTD_HalfHourlyDiff",
            "WTD_DailyAvg",
            "WTD_DailyDiff"
        ],
        "metrics": {
            "dt_gpp_vs_model": {
                "r2": 0.96,
                "rmse": 1.61
            },
            "nt_gpp_vs_model": {
                "r2": 0.91,
                "rmse": 2.5
            },
            "dt_reco_vs_model": {
                "r2": 0.7,
                "rmse": 1.9
            },
            "nt_reco_vs_model": {
                "r2": 0.84,
                "rmse": 1.31
            },
            "night_hours_true_nee_vs_night_hours_model_reco": {
                "r2": 0.75,
                "rmse": 1.78
            },
            "night_hours_true_nee_vs_night_hours_model_nee": {
                "r2": 0.75,
                "rmse": 1.78
            },
            "dt_gpp_vs_nt_gpp": {
                "r2": 0.9,
                "rmse": 2.59
            },
            "dt_reco_vs_nt_reco": {
                "r2": 0.77,
                "rmse": 2
            },
            "val_r2": 0.9118
        }
    },
    "experiment_17": {
        "run_type": "Tramontana",
        "gpp_inputs": [
            "VPD",
            "TA",
            "WTD",
            "WS",
            "PotRad",
            "PotRadHalfHourlyDiff",
            "PotRadDailyAvg",
            "PotRadDailyDiff",
            "WD_COS",
            "WD_SIN",
            "GPP_PROX"
        ],
        "reco_inputs": [
            "DOY_sin",
            "DOY_cos",
            "TA",
            "TS_1",
            "WTD",
            "WS",
            "WD_COS",
            "WD_SIN",
            "NIGHTLY_NEE_AVG"
        ],
        "metrics": {
            "dt_gpp_vs_model": {
                "r2": 0.92,
                "rmse": 2.32
            },
            "nt_gpp_vs_model": {
                "r2": 0.86,
                "rmse": 3.17
            },
            "dt_reco_vs_model": {
                "r2": 0.5,
                "rmse": 2.46
            },
            "nt_reco_vs_model": {
                "r2": 0.62,
                "rmse": 2.06
            },
            "night_hours_true_nee_vs_night_hours_model_reco": {
                "r2": 0.73,
                "rmse": 1.85
            },
            "night_hours_true_nee_vs_night_hours_model_nee": {
                "r2": 0.73,
                "rmse": 1.85
            },
            "dt_gpp_vs_nt_gpp": {
                "r2": 0.9,
                "rmse": 2.59
            },
            "dt_reco_vs_nt_reco": {
                "r2": 0.77,
                "rmse": 2
            },
            "val_r2": 0.8872
        }
    },
    "experiment_18": {
        "run_type": "Tramontana",
        "gpp_inputs": [
            "SW_IN",
            "TA",
            "WTD",
            "WS",
            "PotRad",
            "PotRadHalfHourlyDiff",
            "PotRadDailyAvg",
            "PotRadDailyDiff",
            "WD_COS",
            "WD_SIN",
            "GPP_PROX"
        ],
        "reco_inputs": [
            "DOY_sin",
            "DOY_cos",
            "TA",
            "TS_1",
            "WTD",
            "WS",
            "WD_COS",
            "WD_SIN",
            "NIGHTLY_NEE_AVG"
        ],
        "metrics": {
            "dt_gpp_vs_model": {
                "r2": 0.95,
                "rmse": 1.74
            },
            "nt_gpp_vs_model": {
                "r2": 0.92,
                "rmse": 2.44
            },
            "dt_reco_vs_model": {
                "r2": 0.72,
                "rmse": 1.83
            },
            "nt_reco_vs_model": {
                "r2": 0.88,
                "rmse": 1.16
            },
            "night_hours_true_nee_vs_night_hours_model_reco": {
                "r2": 0.75,
                "rmse": 1.79
            },
            "night_hours_true_nee_vs_night_hours_model_nee": {
                "r2": 0.75,
                "rmse": 1.78
            },
            "dt_gpp_vs_nt_gpp": {
                "r2": 0.9,
                "rmse": 2.59
            },
            "dt_reco_vs_nt_reco": {
                "r2": 0.77,
                "rmse": 2
            },
            "val_r2": 0.9092
        }
    },
    "experiment_19": {
        "run_type": "Tramontana",
        "gpp_inputs": [
            "SW_IN",
            "VPD",
            "WTD",
            "WS",
            "PotRad",
            "PotRadHalfHourlyDiff",
            "PotRadDailyAvg",
            "PotRadDailyDiff",
            "WD_COS",
            "WD_SIN",
            "GPP_PROX"
        ],
        "reco_inputs": [
            "DOY_sin",
            "DOY_cos",
            "TA",
            "TS_1",
            "WTD",
            "WS",
            "WD_COS",
            "WD_SIN",
            "NIGHTLY_NEE_AVG"
        ],
        "metrics": {
            "dt_gpp_vs_model": {
                "r2": 0.95,
                "rmse": 1.74
            },
            "nt_gpp_vs_model": {
                "r2": 0.91,
                "rmse": 2.52
            },
            "dt_reco_vs_model": {
                "r2": 0.67,
                "rmse": 1.99
            },
            "nt_reco_vs_model": {
                "r2": 0.84,
                "rmse": 1.33
            },
            "night_hours_true_nee_vs_night_hours_model_reco": {
                "r2": 0.75,
                "rmse": 1.8
            },
            "night_hours_true_nee_vs_night_hours_model_nee": {
                "r2": 0.75,
                "rmse": 1.8
            },
            "dt_gpp_vs_nt_gpp": {
                "r2": 0.9,
                "rmse": 2.59
            },
            "dt_reco_vs_nt_reco": {
                "r2": 0.77,
                "rmse": 2
            },
            "val_r2": 0.9102
        }
    },
    "experiment_20": {
        "run_type": "Tramontana",
        "gpp_inputs": [
            "SW_IN",
            "VPD",
            "TA",
            "WS",
            "PotRad",
            "PotRadHalfHourlyDiff",
            "PotRadDailyAvg",
            "PotRadDailyDiff",
            "WD_COS",
            "WD_SIN",
            "GPP_PROX"
        ],
        "reco_inputs": [
            "DOY_sin",
            "DOY_cos",
            "TA",
            "TS_1",
            "WTD",
            "WS",
            "WD_COS",
            "WD_SIN",
            "NIGHTLY_NEE_AVG"
        ],
        "metrics": {
            "dt_gpp_vs_model": {
                "r2": 0.96,
                "rmse": 1.71
            },
            "nt_gpp_vs_model": {
                "r2": 0.91,
                "rmse": 2.51
            },
            "dt_reco_vs_model": {
                "r2": 0.68,
                "rmse": 1.96
            },
            "nt_reco_vs_model": {
                "r2": 0.84,
                "rmse": 1.34
            },
            "night_hours_true_nee_vs_night_hours_model_reco": {
                "r2": 0.75,
                "rmse": 1.8
            },
            "night_hours_true_nee_vs_night_hours_model_nee": {
                "r2": 0.75,
                "rmse": 1.8
            },
            "dt_gpp_vs_nt_gpp": {
                "r2": 0.9,
                "rmse": 2.59
            },
            "dt_reco_vs_nt_reco": {
                "r2": 0.77,
                "rmse": 2
            },
            "val_r2": 0.9108
        }
    },
    "experiment_21": {
        "run_type": "Tramontana",
        "gpp_inputs": [
            "SW_IN",
            "VPD",
            "TA",
            "WTD",
            "PotRad",
            "PotRadHalfHourlyDiff",
            "PotRadDailyAvg",
            "PotRadDailyDiff",
            "WD_COS",
            "WD_SIN",
            "GPP_PROX"
        ],
        "reco_inputs": [
            "DOY_sin",
            "DOY_cos",
            "TA",
            "TS_1",
            "WTD",
            "WS",
            "WD_COS",
            "WD_SIN",
            "NIGHTLY_NEE_AVG"
        ],
        "metrics": {
            "dt_gpp_vs_model": {
                "r2": 0.96,
                "rmse": 1.69
            },
            "nt_gpp_vs_model": {
                "r2": 0.91,
                "rmse": 2.48
            },
            "dt_reco_vs_model": {
                "r2": 0.69,
                "rmse": 1.92
            },
            "nt_reco_vs_model": {
                "r2": 0.86,
                "rmse": 1.25
            },
            "night_hours_true_nee_vs_night_hours_model_reco": {
                "r2": 0.75,
                "rmse": 1.8
            },
            "night_hours_true_nee_vs_night_hours_model_nee": {
                "r2": 0.75,
                "rmse": 1.8
            },
            "dt_gpp_vs_nt_gpp": {
                "r2": 0.9,
                "rmse": 2.59
            },
            "dt_reco_vs_nt_reco": {
                "r2": 0.77,
                "rmse": 2
            },
            "val_r2": 0.9101
        }
    },
    "experiment_22": {
        "run_type": "Tramontana",
        "gpp_inputs": [
            "SW_IN",
            "VPD",
            "TA",
            "WTD",
            "WS",
            "PotRadHalfHourlyDiff",
            "PotRadDailyAvg",
            "PotRadDailyDiff",
            "WD_COS",
            "WD_SIN",
            "GPP_PROX"
        ],
        "reco_inputs": [
            "DOY_sin",
            "DOY_cos",
            "TA",
            "TS_1",
            "WTD",
            "WS",
            "WD_COS",
            "WD_SIN",
            "NIGHTLY_NEE_AVG"
        ],
        "metrics": {
            "dt_gpp_vs_model": {
                "r2": 0.96,
                "rmse": 1.53
            },
            "nt_gpp_vs_model": {
                "r2": 0.92,
                "rmse": 2.42
            },
            "dt_reco_vs_model": {
                "r2": 0.73,
                "rmse": 1.8
            },
            "nt_reco_vs_model": {
                "r2": 0.88,
                "rmse": 1.16
            },
            "night_hours_true_nee_vs_night_hours_model_reco": {
                "r2": 0.76,
                "rmse": 1.76
            },
            "night_hours_true_nee_vs_night_hours_model_nee": {
                "r2": 0.76,
                "rmse": 1.76
            },
            "dt_gpp_vs_nt_gpp": {
                "r2": 0.9,
                "rmse": 2.59
            },
            "dt_reco_vs_nt_reco": {
                "r2": 0.77,
                "rmse": 2
            },
            "val_r2": 0.9113
        }
    },
    "experiment_23": {
        "run_type": "Tramontana",
        "gpp_inputs": [
            "SW_IN",
            "VPD",
            "TA",
            "WTD",
            "WS",
            "PotRad",
            "PotRadDailyAvg",
            "PotRadDailyDiff",
            "WD_COS",
            "WD_SIN",
            "GPP_PROX"
        ],
        "reco_inputs": [
            "DOY_sin",
            "DOY_cos",
            "TA",
            "TS_1",
            "WTD",
            "WS",
            "WD_COS",
            "WD_SIN",
            "NIGHTLY_NEE_AVG"
        ],
        "metrics": {
            "dt_gpp_vs_model": {
                "r2": 0.96,
                "rmse": 1.66
            },
            "nt_gpp_vs_model": {
                "r2": 0.91,
                "rmse": 2.54
            },
            "dt_reco_vs_model": {
                "r2": 0.69,
                "rmse": 1.94
            },
            "nt_reco_vs_model": {
                "r2": 0.84,
                "rmse": 1.31
            },
            "night_hours_true_nee_vs_night_hours_model_reco": {
                "r2": 0.75,
                "rmse": 1.78
            },
            "night_hours_true_nee_vs_night_hours_model_nee": {
                "r2": 0.75,
                "rmse": 1.78
            },
            "dt_gpp_vs_nt_gpp": {
                "r2": 0.9,
                "rmse": 2.59
            },
            "dt_reco_vs_nt_reco": {
                "r2": 0.77,
                "rmse": 2
            },
            "val_r2": 0.9088
        }
    },
    "experiment_24": {
        "run_type": "Tramontana",
        "gpp_inputs": [
            "SW_IN",
            "VPD",
            "TA",
            "WTD",
            "WS",
            "PotRad",
            "PotRadHalfHourlyDiff",
            "PotRadDailyDiff",
            "WD_COS",
            "WD_SIN",
            "GPP_PROX"
        ],
        "reco_inputs": [
            "DOY_sin",
            "DOY_cos",
            "TA",
            "TS_1",
            "WTD",
            "WS",
            "WD_COS",
            "WD_SIN",
            "NIGHTLY_NEE_AVG"
        ],
        "metrics": {
            "dt_gpp_vs_model": {
                "r2": 0.95,
                "rmse": 1.78
            },
            "nt_gpp_vs_model": {
                "r2": 0.91,
                "rmse": 2.49
            },
            "dt_reco_vs_model": {
                "r2": 0.7,
                "rmse": 1.91
            },
            "nt_reco_vs_model": {
                "r2": 0.86,
                "rmse": 1.23
            },
            "night_hours_true_nee_vs_night_hours_model_reco": {
                "r2": 0.74,
                "rmse": 1.81
            },
            "night_hours_true_nee_vs_night_hours_model_nee": {
                "r2": 0.74,
                "rmse": 1.81
            },
            "dt_gpp_vs_nt_gpp": {
                "r2": 0.9,
                "rmse": 2.59
            },
            "dt_reco_vs_nt_reco": {
                "r2": 0.77,
                "rmse": 2
            },
            "val_r2": 0.9078
        }
    },
    "experiment_25": {
        "run_type": "Tramontana",
        "gpp_inputs": [
            "SW_IN",
            "VPD",
            "TA",
            "WTD",
            "WS",
            "PotRad",
            "PotRadHalfHourlyDiff",
            "PotRadDailyAvg",
            "WD_COS",
            "WD_SIN",
            "GPP_PROX"
        ],
        "reco_inputs": [
            "DOY_sin",
            "DOY_cos",
            "TA",
            "TS_1",
            "WTD",
            "WS",
            "WD_COS",
            "WD_SIN",
            "NIGHTLY_NEE_AVG"
        ],
        "metrics": {
            "dt_gpp_vs_model": {
                "r2": 0.96,
                "rmse": 1.68
            },
            "nt_gpp_vs_model": {
                "r2": 0.91,
                "rmse": 2.48
            },
            "dt_reco_vs_model": {
                "r2": 0.71,
                "rmse": 1.87
            },
            "nt_reco_vs_model": {
                "r2": 0.85,
                "rmse": 1.27
            },
            "night_hours_true_nee_vs_night_hours_model_reco": {
                "r2": 0.74,
                "rmse": 1.81
            },
            "night_hours_true_nee_vs_night_hours_model_nee": {
                "r2": 0.74,
                "rmse": 1.8
            },
            "dt_gpp_vs_nt_gpp": {
                "r2": 0.9,
                "rmse": 2.59
            },
            "dt_reco_vs_nt_reco": {
                "r2": 0.77,
                "rmse": 2
            },
            "val_r2": 0.9101
        }
    },
    "experiment_26": {
        "run_type": "Tramontana",
        "gpp_inputs": [
            "SW_IN",
            "VPD",
            "TA",
            "WTD",
            "WS",
            "PotRad",
            "PotRadHalfHourlyDiff",
            "PotRadDailyAvg",
            "PotRadDailyDiff",
            "WD_SIN",
            "GPP_PROX"
        ],
        "reco_inputs": [
            "DOY_sin",
            "DOY_cos",
            "TA",
            "TS_1",
            "WTD",
            "WS",
            "WD_COS",
            "WD_SIN",
            "NIGHTLY_NEE_AVG"
        ],
        "metrics": {
            "dt_gpp_vs_model": {
                "r2": 0.96,
                "rmse": 1.69
            },
            "nt_gpp_vs_model": {
                "r2": 0.91,
                "rmse": 2.53
            },
            "dt_reco_vs_model": {
                "r2": 0.67,
                "rmse": 1.99
            },
            "nt_reco_vs_model": {
                "r2": 0.84,
                "rmse": 1.34
            },
            "night_hours_true_nee_vs_night_hours_model_reco": {
                "r2": 0.75,
                "rmse": 1.8
            },
            "night_hours_true_nee_vs_night_hours_model_nee": {
                "r2": 0.75,
                "rmse": 1.8
            },
            "dt_gpp_vs_nt_gpp": {
                "r2": 0.9,
                "rmse": 2.59
            },
            "dt_reco_vs_nt_reco": {
                "r2": 0.77,
                "rmse": 2
            },
            "val_r2": 0.9087
        }
    },
    "experiment_27": {
        "run_type": "Tramontana",
        "gpp_inputs": [
            "SW_IN",
            "VPD",
            "TA",
            "WTD",
            "WS",
            "PotRad",
            "PotRadHalfHourlyDiff",
            "PotRadDailyAvg",
            "PotRadDailyDiff",
            "WD_COS",
            "GPP_PROX"
        ],
        "reco_inputs": [
            "DOY_sin",
            "DOY_cos",
            "TA",
            "TS_1",
            "WTD",
            "WS",
            "WD_COS",
            "WD_SIN",
            "NIGHTLY_NEE_AVG"
        ],
        "metrics": {
            "dt_gpp_vs_model": {
                "r2": 0.95,
                "rmse": 1.75
            },
            "nt_gpp_vs_model": {
                "r2": 0.91,
                "rmse": 2.56
            },
            "dt_reco_vs_model": {
                "r2": 0.65,
                "rmse": 2.04
            },
            "nt_reco_vs_model": {
                "r2": 0.83,
                "rmse": 1.37
            },
            "night_hours_true_nee_vs_night_hours_model_reco": {
                "r2": 0.75,
                "rmse": 1.8
            },
            "night_hours_true_nee_vs_night_hours_model_nee": {
                "r2": 0.75,
                "rmse": 1.8
            },
            "dt_gpp_vs_nt_gpp": {
                "r2": 0.9,
                "rmse": 2.59
            },
            "dt_reco_vs_nt_reco": {
                "r2": 0.77,
                "rmse": 2
            },
            "val_r2": 0.9094
        }
    },
    "experiment_28": {
        "run_type": "Tramontana",
        "gpp_inputs": [
            "SW_IN",
            "VPD",
            "TA",
            "WTD",
            "WS",
            "PotRad",
            "PotRadHalfHourlyDiff",
            "PotRadDailyAvg",
            "PotRadDailyDiff",
            "WD_COS",
            "WD_SIN"
        ],
        "reco_inputs": [
            "DOY_sin",
            "DOY_cos",
            "TA",
            "TS_1",
            "WTD",
            "WS",
            "WD_COS",
            "WD_SIN",
            "NIGHTLY_NEE_AVG"
        ],
        "metrics": {
            "dt_gpp_vs_model": {
                "r2": 0.96,
                "rmse": 1.64
            },
            "nt_gpp_vs_model": {
                "r2": 0.9,
                "rmse": 2.63
            },
            "dt_reco_vs_model": {
                "r2": 0.71,
                "rmse": 1.88
            },
            "nt_reco_vs_model": {
                "r2": 0.83,
                "rmse": 1.36
            },
            "night_hours_true_nee_vs_night_hours_model_reco": {
                "r2": 0.75,
                "rmse": 1.8
            },
            "night_hours_true_nee_vs_night_hours_model_nee": {
                "r2": 0.75,
                "rmse": 1.8
            },
            "dt_gpp_vs_nt_gpp": {
                "r2": 0.9,
                "rmse": 2.59
            },
            "dt_reco_vs_nt_reco": {
                "r2": 0.77,
                "rmse": 2
            },
            "val_r2": 0.9014
        }
    },
    "experiment_29": {
        "run_type": "Tramontana",
        "gpp_inputs": [
            "SW_IN",
            "VPD",
            "TA",
            "WTD",
            "WS",
            "PotRad",
            "PotRadHalfHourlyDiff",
            "PotRadDailyAvg",
            "PotRadDailyDiff",
            "WD_COS",
            "WD_SIN",
            "GPP_PROX"
        ],
        "reco_inputs": [
            "DOY_cos",
            "TA",
            "TS_1",
            "WTD",
            "WS",
            "WD_COS",
            "WD_SIN",
            "NIGHTLY_NEE_AVG"
        ],
        "metrics": {
            "dt_gpp_vs_model": {
                "r2": 0.96,
                "rmse": 1.65
            },
            "nt_gpp_vs_model": {
                "r2": 0.91,
                "rmse": 2.46
            },
            "dt_reco_vs_model": {
                "r2": 0.7,
                "rmse": 1.89
            },
            "nt_reco_vs_model": {
                "r2": 0.86,
                "rmse": 1.23
            },
            "night_hours_true_nee_vs_night_hours_model_reco": {
                "r2": 0.75,
                "rmse": 1.77
            },
            "night_hours_true_nee_vs_night_hours_model_nee": {
                "r2": 0.75,
                "rmse": 1.77
            },
            "dt_gpp_vs_nt_gpp": {
                "r2": 0.9,
                "rmse": 2.59
            },
            "dt_reco_vs_nt_reco": {
                "r2": 0.77,
                "rmse": 2
            },
            "val_r2": 0.9123
        }
    },
    "experiment_30": {
        "run_type": "Tramontana",
        "gpp_inputs": [
            "SW_IN",
            "VPD",
            "TA",
            "WTD",
            "WS",
            "PotRad",
            "PotRadHalfHourlyDiff",
            "PotRadDailyAvg",
            "PotRadDailyDiff",
            "WD_COS",
            "WD_SIN",
            "GPP_PROX"
        ],
        "reco_inputs": [
            "DOY_sin",
            "TA",
            "TS_1",
            "WTD",
            "WS",
            "WD_COS",
            "WD_SIN",
            "NIGHTLY_NEE_AVG"
        ],
        "metrics": {
            "dt_gpp_vs_model": {
                "r2": 0.96,
                "rmse": 1.68
            },
            "nt_gpp_vs_model": {
                "r2": 0.91,
                "rmse": 2.48
            },
            "dt_reco_vs_model": {
                "r2": 0.7,
                "rmse": 1.91
            },
            "nt_reco_vs_model": {
                "r2": 0.86,
                "rmse": 1.26
            },
            "night_hours_true_nee_vs_night_hours_model_reco": {
                "r2": 0.75,
                "rmse": 1.78
            },
            "night_hours_true_nee_vs_night_hours_model_nee": {
                "r2": 0.75,
                "rmse": 1.78
            },
            "dt_gpp_vs_nt_gpp": {
                "r2": 0.9,
                "rmse": 2.59
            },
            "dt_reco_vs_nt_reco": {
                "r2": 0.77,
                "rmse": 2
            },
            "val_r2": 0.9115
        }
    },
    "experiment_31": {
        "run_type": "Tramontana",
        "gpp_inputs": [
            "SW_IN",
            "VPD",
            "TA",
            "WTD",
            "WS",
            "PotRad",
            "PotRadHalfHourlyDiff",
            "PotRadDailyAvg",
            "PotRadDailyDiff",
            "WD_COS",
            "WD_SIN",
            "GPP_PROX"
        ],
        "reco_inputs": [
            "DOY_sin",
            "DOY_cos",
            "TS_1",
            "WTD",
            "WS",
            "WD_COS",
            "WD_SIN",
            "NIGHTLY_NEE_AVG"
        ],
        "metrics": {
            "dt_gpp_vs_model": {
                "r2": 0.96,
                "rmse": 1.7
            },
            "nt_gpp_vs_model": {
                "r2": 0.91,
                "rmse": 2.49
            },
            "dt_reco_vs_model": {
                "r2": 0.69,
                "rmse": 1.92
            },
            "nt_reco_vs_model": {
                "r2": 0.85,
                "rmse": 1.28
            },
            "night_hours_true_nee_vs_night_hours_model_reco": {
                "r2": 0.75,
                "rmse": 1.8
            },
            "night_hours_true_nee_vs_night_hours_model_nee": {
                "r2": 0.75,
                "rmse": 1.8
            },
            "dt_gpp_vs_nt_gpp": {
                "r2": 0.9,
                "rmse": 2.59
            },
            "dt_reco_vs_nt_reco": {
                "r2": 0.77,
                "rmse": 2
            },
            "val_r2": 0.9108
        }
    },
    "experiment_32": {
        "run_type": "Tramontana",
        "gpp_inputs": [
            "SW_IN",
            "VPD",
            "TA",
            "WTD",
            "WS",
            "PotRad",
            "PotRadHalfHourlyDiff",
            "PotRadDailyAvg",
            "PotRadDailyDiff",
            "WD_COS",
            "WD_SIN",
            "GPP_PROX"
        ],
        "reco_inputs": [
            "DOY_sin",
            "DOY_cos",
            "TA",
            "WTD",
            "WS",
            "WD_COS",
            "WD_SIN",
            "NIGHTLY_NEE_AVG"
        ],
        "metrics": {
            "dt_gpp_vs_model": {
                "r2": 0.96,
                "rmse": 1.68
            },
            "nt_gpp_vs_model": {
                "r2": 0.92,
                "rmse": 2.46
            },
            "dt_reco_vs_model": {
                "r2": 0.71,
                "rmse": 1.88
            },
            "nt_reco_vs_model": {
                "r2": 0.87,
                "rmse": 1.21
            },
            "night_hours_true_nee_vs_night_hours_model_reco": {
                "r2": 0.75,
                "rmse": 1.79
            },
            "night_hours_true_nee_vs_night_hours_model_nee": {
                "r2": 0.75,
                "rmse": 1.79
            },
            "dt_gpp_vs_nt_gpp": {
                "r2": 0.9,
                "rmse": 2.59
            },
            "dt_reco_vs_nt_reco": {
                "r2": 0.77,
                "rmse": 2
            },
            "val_r2": 0.9109
        }
    },
    "experiment_33": {
        "run_type": "Tramontana",
        "gpp_inputs": [
            "SW_IN",
            "VPD",
            "TA",
            "WTD",
            "WS",
            "PotRad",
            "PotRadHalfHourlyDiff",
            "PotRadDailyAvg",
            "PotRadDailyDiff",
            "WD_COS",
            "WD_SIN",
            "GPP_PROX"
        ],
        "reco_inputs": [
            "DOY_sin",
            "DOY_cos",
            "TA",
            "TS_1",
            "WTD",
            "WS",
            "WD_COS",
            "WD_SIN",
            "NIGHTLY_NEE_AVG"
        ],
        "metrics": {
            "dt_gpp_vs_model": {
                "r2": 0.96,
                "rmse": 1.66
            },
            "nt_gpp_vs_model": {
                "r2": 0.91,
                "rmse": 2.47
            },
            "dt_reco_vs_model": {
                "r2": 0.7,
                "rmse": 1.91
            },
            "nt_reco_vs_model": {
                "r2": 0.86,
                "rmse": 1.26
            },
            "night_hours_true_nee_vs_night_hours_model_reco": {
                "r2": 0.75,
                "rmse": 1.78
            },
            "night_hours_true_nee_vs_night_hours_model_nee": {
                "r2": 0.75,
                "rmse": 1.78
            },
            "dt_gpp_vs_nt_gpp": {
                "r2": 0.9,
                "rmse": 2.59
            },
            "dt_reco_vs_nt_reco": {
                "r2": 0.77,
                "rmse": 2
            },
            "val_r2": 0.9109
        }
    },
    "experiment_34": {
        "run_type": "Tramontana",
        "gpp_inputs": [
            "SW_IN",
            "VPD",
            "TA",
            "WTD",
            "WS",
            "PotRad",
            "PotRadHalfHourlyDiff",
            "PotRadDailyAvg",
            "PotRadDailyDiff",
            "WD_COS",
            "WD_SIN",
            "GPP_PROX"
        ],
        "reco_inputs": [
            "DOY_sin",
            "DOY_cos",
            "TA",
            "TS_1",
            "WTD",
            "WS",
            "WD_COS",
            "WD_SIN",
            "NIGHTLY_NEE_AVG"
        ],
        "metrics": {
            "dt_gpp_vs_model": {
                "r2": 0.96,
                "rmse": 1.66
            },
            "nt_gpp_vs_model": {
                "r2": 0.91,
                "rmse": 2.47
            },
            "dt_reco_vs_model": {
                "r2": 0.7,
                "rmse": 1.91
            },
            "nt_reco_vs_model": {
                "r2": 0.86,
                "rmse": 1.26
            },
            "night_hours_true_nee_vs_night_hours_model_reco": {
                "r2": 0.75,
                "rmse": 1.78
            },
            "night_hours_true_nee_vs_night_hours_model_nee": {
                "r2": 0.75,
                "rmse": 1.78
            },
            "dt_gpp_vs_nt_gpp": {
                "r2": 0.9,
                "rmse": 2.59
            },
            "dt_reco_vs_nt_reco": {
                "r2": 0.77,
                "rmse": 2
            },
            "val_r2": 0.9109
        }
    },
    "experiment_35": {
        "run_type": "Tramontana",
        "gpp_inputs": [
            "SW_IN",
            "VPD",
            "TA",
            "WTD",
            "WS",
            "PotRad",
            "PotRadHalfHourlyDiff",
            "PotRadDailyAvg",
            "PotRadDailyDiff",
            "WD_COS",
            "WD_SIN",
            "GPP_PROX"
        ],
        "reco_inputs": [
            "DOY_sin",
            "DOY_cos",
            "TA",
            "TS_1",
            "WTD",
            "WS",
            "WD_COS",
            "WD_SIN",
            "NIGHTLY_NEE_AVG"
        ],
        "metrics": {
            "dt_gpp_vs_model": {
                "r2": 0.96,
                "rmse": 1.66
            },
            "nt_gpp_vs_model": {
                "r2": 0.91,
                "rmse": 2.47
            },
            "dt_reco_vs_model": {
                "r2": 0.7,
                "rmse": 1.91
            },
            "nt_reco_vs_model": {
                "r2": 0.86,
                "rmse": 1.26
            },
            "night_hours_true_nee_vs_night_hours_model_reco": {
                "r2": 0.75,
                "rmse": 1.78
            },
            "night_hours_true_nee_vs_night_hours_model_nee": {
                "r2": 0.75,
                "rmse": 1.78
            },
            "dt_gpp_vs_nt_gpp": {
                "r2": 0.9,
                "rmse": 2.59
            },
            "dt_reco_vs_nt_reco": {
                "r2": 0.77,
                "rmse": 2
            },
            "val_r2": 0.9109
        }
    },
    "experiment_36": {
        "run_type": "Tramontana",
        "gpp_inputs": [
            "SW_IN",
            "VPD",
            "TA",
            "WTD",
            "WS",
            "PotRad",
            "PotRadHalfHourlyDiff",
            "PotRadDailyAvg",
            "PotRadDailyDiff",
            "WD_COS",
            "WD_SIN",
            "GPP_PROX"
        ],
        "reco_inputs": [
            "DOY_sin",
            "DOY_cos",
            "TA",
            "TS_1",
            "WS",
            "WD_COS",
            "WD_SIN",
            "NIGHTLY_NEE_AVG"
        ],
        "metrics": {
            "dt_gpp_vs_model": {
                "r2": 0.96,
                "rmse": 1.66
            },
            "nt_gpp_vs_model": {
                "r2": 0.91,
                "rmse": 2.47
            },
            "dt_reco_vs_model": {
                "r2": 0.7,
                "rmse": 1.9
            },
            "nt_reco_vs_model": {
                "r2": 0.86,
                "rmse": 1.23
            },
            "night_hours_true_nee_vs_night_hours_model_reco": {
                "r2": 0.75,
                "rmse": 1.78
            },
            "night_hours_true_nee_vs_night_hours_model_nee": {
                "r2": 0.75,
                "rmse": 1.78
            },
            "dt_gpp_vs_nt_gpp": {
                "r2": 0.9,
                "rmse": 2.59
            },
            "dt_reco_vs_nt_reco": {
                "r2": 0.77,
                "rmse": 2
            },
            "val_r2": 0.9115
        }
    },
    "experiment_37": {
        "run_type": "Tramontana",
        "gpp_inputs": [
            "SW_IN",
            "VPD",
            "TA",
            "WTD",
            "WS",
            "PotRad",
            "PotRadHalfHourlyDiff",
            "PotRadDailyAvg",
            "PotRadDailyDiff",
            "WD_COS",
            "WD_SIN",
            "GPP_PROX"
        ],
        "reco_inputs": [
            "DOY_sin",
            "DOY_cos",
            "TA",
            "TS_1",
            "WTD",
            "WD_COS",
            "WD_SIN",
            "NIGHTLY_NEE_AVG"
        ],
        "metrics": {
            "dt_gpp_vs_model": {
                "r2": 0.96,
                "rmse": 1.58
            },
            "nt_gpp_vs_model": {
                "r2": 0.92,
                "rmse": 2.41
            },
            "dt_reco_vs_model": {
                "r2": 0.72,
                "rmse": 1.84
            },
            "nt_reco_vs_model": {
                "r2": 0.89,
                "rmse": 1.12
            },
            "night_hours_true_nee_vs_night_hours_model_reco": {
                "r2": 0.75,
                "rmse": 1.78
            },
            "night_hours_true_nee_vs_night_hours_model_nee": {
                "r2": 0.75,
                "rmse": 1.77
            },
            "dt_gpp_vs_nt_gpp": {
                "r2": 0.9,
                "rmse": 2.59
            },
            "dt_reco_vs_nt_reco": {
                "r2": 0.77,
                "rmse": 2
            },
            "val_r2": 0.9114
        }
    },
    "experiment_38": {
        "run_type": "Tramontana",
        "gpp_inputs": [
            "SW_IN",
            "VPD",
            "TA",
            "WTD",
            "WS",
            "PotRad",
            "PotRadHalfHourlyDiff",
            "PotRadDailyAvg",
            "PotRadDailyDiff",
            "WD_COS",
            "WD_SIN",
            "GPP_PROX"
        ],
        "reco_inputs": [
            "DOY_sin",
            "DOY_cos",
            "TA",
            "TS_1",
            "WTD",
            "WS",
            "WD_SIN",
            "NIGHTLY_NEE_AVG"
        ],
        "metrics": {
            "dt_gpp_vs_model": {
                "r2": 0.96,
                "rmse": 1.65
            },
            "nt_gpp_vs_model": {
                "r2": 0.91,
                "rmse": 2.46
            },
            "dt_reco_vs_model": {
                "r2": 0.71,
                "rmse": 1.87
            },
            "nt_reco_vs_model": {
                "r2": 0.86,
                "rmse": 1.23
            },
            "night_hours_true_nee_vs_night_hours_model_reco": {
                "r2": 0.75,
                "rmse": 1.79
            },
            "night_hours_true_nee_vs_night_hours_model_nee": {
                "r2": 0.75,
                "rmse": 1.79
            },
            "dt_gpp_vs_nt_gpp": {
                "r2": 0.9,
                "rmse": 2.59
            },
            "dt_reco_vs_nt_reco": {
                "r2": 0.77,
                "rmse": 2
            },
            "val_r2": 0.9116
        }
    },
    "experiment_39": {
        "run_type": "Tramontana",
        "gpp_inputs": [
            "SW_IN",
            "VPD",
            "TA",
            "WTD",
            "WS",
            "PotRad",
            "PotRadHalfHourlyDiff",
            "PotRadDailyAvg",
            "PotRadDailyDiff",
            "WD_COS",
            "WD_SIN",
            "GPP_PROX"
        ],
        "reco_inputs": [
            "DOY_sin",
            "DOY_cos",
            "TA",
            "TS_1",
            "WTD",
            "WS",
            "WD_COS",
            "NIGHTLY_NEE_AVG"
        ],
        "metrics": {
            "dt_gpp_vs_model": {
                "r2": 0.96,
                "rmse": 1.66
            },
            "nt_gpp_vs_model": {
                "r2": 0.91,
                "rmse": 2.47
            },
            "dt_reco_vs_model": {
                "r2": 0.7,
                "rmse": 1.89
            },
            "nt_reco_vs_model": {
                "r2": 0.86,
                "rmse": 1.25
            },
            "night_hours_true_nee_vs_night_hours_model_reco": {
                "r2": 0.75,
                "rmse": 1.79
            },
            "night_hours_true_nee_vs_night_hours_model_nee": {
                "r2": 0.75,
                "rmse": 1.79
            },
            "dt_gpp_vs_nt_gpp": {
                "r2": 0.9,
                "rmse": 2.59
            },
            "dt_reco_vs_nt_reco": {
                "r2": 0.77,
                "rmse": 2
            },
            "val_r2": 0.9102
        }
    },
    "experiment_40": {
        "run_type": "Tramontana",
        "gpp_inputs": [
            "SW_IN",
            "VPD",
            "TA",
            "WTD",
            "WS",
            "PotRad",
            "PotRadHalfHourlyDiff",
            "PotRadDailyAvg",
            "PotRadDailyDiff",
            "WD_COS",
            "WD_SIN",
            "GPP_PROX"
        ],
        "reco_inputs": [
            "DOY_sin",
            "DOY_cos",
            "TA",
            "TS_1",
            "WTD",
            "WS",
            "WD_COS",
            "WD_SIN"
        ],
        "metrics": {
            "dt_gpp_vs_model": {
                "r2": 0.96,
                "rmse": 1.61
            },
            "nt_gpp_vs_model": {
                "r2": 0.92,
                "rmse": 2.46
            },
            "dt_reco_vs_model": {
                "r2": 0.74,
                "rmse": 1.76
            },
            "nt_reco_vs_model": {
                "r2": 0.83,
                "rmse": 1.37
            },
            "night_hours_true_nee_vs_night_hours_model_reco": {
                "r2": 0.7,
                "rmse": 1.97
            },
            "night_hours_true_nee_vs_night_hours_model_nee": {
                "r2": 0.7,
                "rmse": 1.97
            },
            "dt_gpp_vs_nt_gpp": {
                "r2": 0.9,
                "rmse": 2.59
            },
            "dt_reco_vs_nt_reco": {
                "r2": 0.77,
                "rmse": 2
            },
            "val_r2": 0.9008
        }
    }
}
0.8174,0.84,0.79,0.43,0.43,0.55,0.55
0.8346,0.9,0.83,0.6,0.64,0.57,0.57
0.8456,0.9,0.83,0.57,0.57,0.6,0.6
0.8638,0.9,0.85,0.6,0.6,0.63,0.63
0.8545,0.87,0.82,0.48,0.46,0.61,0.61
0.8678,0.9,0.85,0.58,0.57,0.63,0.63
0.8642,0.9,0.85,0.59,0.58,0.62,0.62
0.8662,0.91,0.85,0.6,0.6,0.63,0.63
0.835,0.89,0.84,0.65,0.78,0.67,0.67
0.8644,0.91,0.86,0.65,0.66,0.63,0.63
0.9112,0.96,0.91,0.69,0.85,0.75,0.75
0.9109,0.96,0.91,0.7,0.86,0.75,0.75
0.9121,0.96,0.91,0.7,0.85,0.75,0.75
0.9111,0.96,0.91,0.7,0.86,0.75,0.75
0.9103,0.96,0.91,0.7,0.86,0.75,0.75
0.9118,0.96,0.91,0.7,0.84,0.75,0.75

0.8872,0.92,0.86,0.5,0.62,0.73,0.73
0.9092,0.95,0.92,0.72,0.88,0.75,0.75
0.9102,0.95,0.91,0.67,0.84,0.75,0.75
0.9108,0.96,0.91,0.68,0.84,0.75,0.75
0.9101,0.96,0.91,0.69,0.86,0.75,0.75
0.9113,0.96,0.92,0.73,0.88,0.76,0.76
0.9088,0.96,0.91,0.69,0.84,0.75,0.75
0.9078,0.95,0.91,0.7,0.86,0.74,0.74
0.9101,0.96,0.91,0.71,0.85,0.74,0.74
0.9087,0.96,0.91,0.67,0.84,0.75,0.75
0.9094,0.95,0.91,0.65,0.83,0.75,0.75
0.9014,0.96,0.9,0.71,0.83,0.75,0.75

0.9123,0.96,0.91,0.7,0.86,0.75,0.75
0.9115,0.96,0.91,0.7,0.86,0.75,0.75
0.9108,0.96,0.91,0.69,0.85,0.75,0.75
0.9109,0.96,0.92,0.71,0.87,0.75,0.75
0.9109,0.96,0.91,0.7,0.86,0.75,0.75
0.9109,0.96,0.91,0.7,0.86,0.75,0.75
0.9109,0.96,0.91,0.7,0.86,0.75,0.75
0.9115,0.96,0.91,0.7,0.86,0.75,0.75
0.9114,0.96,0.92,0.72,0.89,0.75,0.75
0.9116,0.96,0.91,0.71,0.86,0.75,0.75
0.9102,0.96,0.91,0.7,0.86,0.75,0.75
0.9008,0.96,0.92,0.74,0.83,0.7,0.7
Compare DT and NT methods' Reco predictions during night to true nee measured during night
night_hours_true_nee_vs_night_hours_dt_reco R2 0.54,
night_hours_true_nee_vs_night_hours_nt_reco R2 0.7,
Run ended at:   2025-09-24 10:18:05
Total duration: 0:28:47 (hh:mm:ss)
