rmse_night_1,gpp_mean_1,reco_mean_1,nee_mean_1,rmse_night_2,gpp_mean_2,reco_mean_2,nee_mean_2,rmse_night_3,gpp_mean_3,reco_mean_3,nee_mean_3,rmse_night_4,gpp_mean_4,reco_mean_4,nee_mean_4,rmse_night_5,gpp_mean_5,reco_mean_5,nee_mean_5,rmse_night_6,gpp_mean_6,reco_mean_6,nee_mean_6,rmse_night_7,gpp_mean_7,reco_mean_7,nee_mean_7
0.970791518688202,3.5393803119659424,3.479319334030152,-0.0600608885288238,0.9686094522476196,3.540893316268921,3.496537685394287,-0.0443557202816009,0.9821577668190002,3.5534229278564453,3.483553409576416,-0.0698691084980964,0.975125789642334,3.6292662620544434,3.5772078037261963,-0.0520583428442478,0.9818863272666932,3.4919955730438232,3.421369791030884,-0.0706262215971946,0.9868579506874084,3.6798601150512695,3.633766651153565,-0.0460937470197677,1.0000518560409546,3.6194264888763428,3.6017420291900635,-0.017684083431959152
0.9714131951332092,3.495908498764038,3.468791484832764,-0.027117246761918,0.9707859754562378,3.4880595207214355,3.44048810005188,-0.0475715287029743,1.0181238651275637,3.527740001678467,3.466788053512573,-0.060951791703701,0.9763600826263428,3.4474830627441406,3.400431632995605,-0.0470510125160217,0.9616652131080629,3.409126281738281,3.384967565536499,-0.0241583120077848,1.005760908126831,3.4101696014404297,3.376366376876831,-0.0338028110563755,0.9832910895347595,3.504045009613037,3.4531967639923096,-0.05084846168756485
0.9798752069473268,3.5941526889801025,3.5691237449646,-0.0250292867422103,0.9809851050376892,3.5207269191741943,3.4525742530822754,-0.0681526958942413,0.9825706481933594,3.487923622131348,3.4055471420288086,-0.0823768824338913,0.9853994846343994,3.57578182220459,3.506338596343994,-0.069443330168724,0.9772738218307496,3.546499490737915,3.467395782470703,-0.0791037306189537,0.9872615337371826,3.496543884277344,3.4238626956939697,-0.0726813077926635,0.9818006753921509,3.4288806915283203,3.3775107860565186,-0.05137038603425026
0.9578412175178528,3.4891586303710938,3.4513092041015625,-0.0378491804003715,0.9759635925292968,3.526970148086548,3.516817092895508,-0.0101533606648445,1.0116908550262451,3.5293118953704834,3.5061068534851074,-0.0232049524784088,0.9957579374313354,3.5483486652374268,3.5012152194976807,-0.0471336841583251,0.9887102246284484,3.4147751331329346,3.3806772232055664,-0.0340982563793659,0.9961646795272828,3.467684268951416,3.4525063037872314,-0.0151780024170875,1.0051096677780151,3.537503957748413,3.494661808013916,-0.04284200817346573
0.9789541363716124,3.530885696411133,3.4838905334472656,-0.0469950549304485,0.9613481760025024,3.529421806335449,3.4876270294189453,-0.0417947024106979,0.98324316740036,3.5278611183166504,3.50913953781128,-0.0187217593193054,0.9770878553390504,3.531933307647705,3.49453067779541,-0.0374021977186203,0.978747010231018,3.4815824031829834,3.446663856506348,-0.0349183566868305,0.9777629971504213,3.4782371520996094,3.454697608947754,-0.0235396046191453,0.9879537224769592,3.5025594234466553,3.491245746612549,-0.011313755996525288
0.9791097640991212,3.49446177482605,3.449735403060913,-0.0447265170514583,0.98591285943985,3.5962343215942383,3.5429844856262207,-0.0532498359680175,0.986178994178772,3.522331476211548,3.445154905319214,-0.0771764367818832,0.9651826620101928,3.5305371284484863,3.484717607498169,-0.0458193384110927,0.9879634380340576,3.439604520797729,3.410932779312134,-0.028671683743596,0.9918421506881714,3.511277437210083,3.4855103492736816,-0.0257667526602745,0.9924975037574768,3.502107858657837,3.451799154281616,-0.050308745354413986
0.9639804363250732,3.484196186065674,3.461594581604004,-0.0226017870008945,0.9774639010429382,3.499341487884521,3.434347629547119,-0.0649933442473411,0.967792510986328,3.470976591110229,3.4253480434417725,-0.0456285960972309,0.984471321105957,3.4481418132781982,3.4004085063934326,-0.0477333776652812,0.9665232300758362,3.477833032608032,3.407299757003784,-0.0705335363745689,0.9846087694168092,3.464528799057007,3.4064860343933105,-0.0580424480140209,0.9694514870643616,3.400845527648926,3.321075916290283,-0.07976950705051422
0.9703684449195862,3.4348244667053223,3.3571486473083496,-0.0776753202080726,0.9882404804229736,3.5549681186676025,3.472892999649048,-0.082074724137783,0.9721071720123292,3.478590250015259,3.3832178115844727,-0.0953723490238189,0.9771034121513368,3.478217840194702,3.4007792472839355,-0.0774382948875427,0.9696131944656372,3.389821529388428,3.301248550415039,-0.0885730981826782,0.967580020427704,3.5303704738616943,3.4421753883361816,-0.0881949439644813,0.9864848256111145,3.516979932785034,3.4464058876037598,-0.07057418674230576
0.9691001176834106,3.605101585388184,3.553316831588745,-0.0517848283052444,0.9798421859741212,3.582555055618286,3.5068037509918213,-0.0757512375712394,0.9973509311676024,3.60891318321228,3.5452163219451904,-0.0636967718601226,0.9846050143241882,3.653794050216675,3.5954411029815674,-0.0583529062569141,0.9797565937042236,3.52140474319458,3.4677557945251465,-0.0536491125822067,0.9876624941825868,3.452930450439453,3.4084534645080566,-0.0444773808121681,0.9672484397888184,3.472562313079834,3.3865485191345215,-0.08601418137550354
0.9887416362762452,3.4419989585876465,3.364569664001465,-0.0774290189146995,0.9768407940864564,3.405334711074829,3.344580888748169,-0.0607539229094982,0.9804729223251344,3.413183689117432,3.342180728912353,-0.0710029751062393,0.9907570481300354,3.5089714527130127,3.432789802551269,-0.0761816352605819,1.0038827657699585,3.560847043991089,3.471637010574341,-0.0892100855708122,0.984320342540741,3.4725377559661865,3.387627363204956,-0.0849101468920707,1.004920482635498,3.497291088104248,3.435296058654785,-0.061994921416044235
0.9752140641212464,3.5759966373443604,3.542687177658081,-0.0333092622458934,0.966588020324707,3.426391363143921,3.391113042831421,-0.0352785661816597,0.9781847596168518,3.4097585678100586,3.365957260131836,-0.0438015237450599,1.0022828578948977,3.5700666904449463,3.5400524139404297,-0.0300141889601945,0.9804396033287048,3.5495729446411133,3.5351791381835938,-0.014393912628293,0.9830350279808044,3.493757963180542,3.4789321422576904,-0.0148259168490767,1.0051000118255615,3.512305736541748,3.4616715908050537,-0.05063401162624359
0.977509081363678,3.593907594680786,3.5677945613861084,-0.026112500578165,0.992935299873352,3.547493457794189,3.509962797164917,-0.0375304594635963,0.991152048110962,3.50415563583374,3.480607509613037,-0.02354840002954,0.9662638306617736,3.478503704071045,3.44565224647522,-0.0328515358269214,0.9958754181861876,3.52631950378418,3.499415397644043,-0.026904160156846,0.9758651852607728,3.4269042015075684,3.3877599239349365,-0.0391441769897937,0.9768508076667786,3.5313146114349365,3.5042405128479004,-0.027074167504906654
0.9941729307174684,3.5010855197906494,3.4234235286712646,-0.0776616185903549,0.9797593355178832,3.5532114505767822,3.4969890117645264,-0.0562222860753536,0.976875901222229,3.446406602859497,3.3590333461761475,-0.0873732566833496,0.9755439162254332,3.4652719497680664,3.414808511734009,-0.0504635535180568,0.9900373220443726,3.56504225730896,3.481102466583252,-0.0839395672082901,0.99610036611557,3.52120304107666,3.467535734176636,-0.0536669716238975,0.9871860146522522,3.515437364578247,3.432709217071533,-0.08272788673639297
0.9685887694358826,3.541447877883911,3.5149950981140137,-0.026452587917447,0.9817859530448914,3.5382113456726074,3.493425130844116,-0.044786125421524,0.9833922386169434,3.5112738609313965,3.466017961502075,-0.0452560931444168,0.9670146107673644,3.571485996246338,3.530115842819214,-0.0413704067468643,0.9688369631767272,3.438858985900879,3.434319257736206,-0.0045397072099149,0.9996838569641112,3.482971668243408,3.438173532485962,-0.0447979420423507,0.9779053926467896,3.5003254413604736,3.433764696121216,-0.06656039506196976
0.9681590795516968,3.5102250576019287,3.463888168334961,-0.0463367961347103,0.9821975827217102,3.520105600357056,3.448380708694458,-0.0717245638370513,0.9794799089431764,3.4973244667053223,3.4710538387298584,-0.0262708775699138,0.9924725890159608,3.5478127002716064,3.4722533226013184,-0.075559563934803,0.98075670003891,3.512734889984131,3.460664987564087,-0.052070390433073,0.9712133407592772,3.4877147674560547,3.471575260162353,-0.0161395389586687,0.9858378767967224,3.4769809246063232,3.4259378910064697,-0.051043204963207245
0.9648446440696716,3.5418057441711426,3.444329023361206,-0.0974770039319992,1.0079164505004885,3.5246496200561523,3.455902338027954,-0.0687472745776176,0.9947428703308104,3.5734102725982666,3.5149385929107666,-0.058471243828535,0.9785000085830688,3.5256540775299072,3.440495491027832,-0.0851585566997528,0.9761500954627992,3.5308210849761963,3.456774473190308,-0.0740464404225349,0.9798356294631958,3.5187103748321533,3.4461960792541504,-0.07251438498497,0.9909393191337585,3.4804017543792725,3.388629913330078,-0.091771699488163
0.9561375975608826,3.4826550483703613,3.467597484588623,-0.0150573337450623,0.9656763076782228,3.4487404823303223,3.4498422145843506,0.001101556350477,0.9799623489379884,3.454982280731201,3.446899652481079,-0.0080825313925743,0.9718953371047974,3.4422614574432373,3.422914743423462,-0.0193468742072582,0.979316234588623,3.42268180847168,3.406876564025879,-0.0158052053302526,0.9672537446022034,3.437901735305786,3.4079432487487797,-0.0299584344029426,0.9678695201873779,3.4128379821777344,3.404010057449341,-0.00882833544164896
0.970978319644928,3.531553030014038,3.490023136138916,-0.0415300764143466,0.9656428694725036,3.466427087783813,3.427252054214477,-0.0391751453280448,0.9857356548309326,3.51269006729126,3.448759078979492,-0.0639304593205452,0.97501403093338,3.528138875961304,3.4716362953186035,-0.0565024502575397,0.9772278070449828,3.496173620223999,3.4537243843078613,-0.0424498617649078,0.9794700145721436,3.4467618465423584,3.402221918106079,-0.0445397347211837,0.9895278811454773,3.509995937347412,3.489161491394043,-0.020833872258663177
0.9700319170951844,3.4961636066436768,3.450186491012573,-0.045977134257555,0.9783385396003724,3.5246620178222656,3.474037408828736,-0.0506246723234653,0.9763695001602172,3.467445135116577,3.392446517944336,-0.0749987885355949,0.9841298460960388,3.510254144668579,3.467257499694824,-0.0429963767528533,0.9920522570610046,3.515761137008667,3.48831558227539,-0.0274452362209558,0.9900805354118348,3.497144222259521,3.425848960876465,-0.0712952464818954,0.9740533828735352,3.4617249965667725,3.431879758834839,-0.029845144599676132
0.9646775126457214,3.5078749656677246,3.4465575218200684,-0.0613170936703681,0.9820795059204102,3.5513956546783447,3.523271322250366,-0.0281242839992046,0.9852253794670104,3.520497560501098,3.439943790435791,-0.0805537924170494,0.9949058890342712,3.548856973648072,3.471935510635376,-0.0769214928150177,0.9786744117736816,3.4636693000793457,3.4240264892578125,-0.0396430268883705,0.9817823767662048,3.4844863414764404,3.4277069568634038,-0.0567796118557453,0.9786951541900635,3.4539387226104736,3.4016246795654297,-0.05231403186917305
0.9633291363716124,3.4393858909606934,3.416144371032715,-0.0232415329664945,0.9742057919502258,3.518187522888184,3.499448537826538,-0.0187387391924858,0.9681638479232788,3.4463329315185547,3.3772921562194824,-0.0690403431653976,0.9678239822387696,3.453057050704956,3.4385077953338623,-0.0145488940179348,0.984092652797699,3.455270290374756,3.428112268447876,-0.0271579027175903,0.9934966564178468,3.543075561523437,3.524536609649658,-0.0185388531535863,0.9763585329055786,3.5013375282287598,3.4207823276519775,-0.08055524528026581
0.9759441614151,3.508687734603882,3.482417345046997,-0.0262705460190773,0.9833024144172668,3.4931423664093018,3.469496726989746,-0.0236455537378788,0.9747893810272216,3.4429712295532227,3.3753278255462646,-0.0676434934139251,0.9787432551383972,3.4103944301605225,3.3864426612854004,-0.0239523500204086,0.982837736606598,3.517721652984619,3.472494602203369,-0.045226827263832,0.9952360987663268,3.4863555431365967,3.417824506759644,-0.0685313493013382,0.9770083427429199,3.409741163253784,3.388906717300415,-0.02083374187350273
0.96641606092453,3.5046579837799072,3.452731370925904,-0.0519264042377471,0.9955780506134032,3.564628839492798,3.5369815826416016,-0.0276470556855201,0.983429789543152,3.5562853813171387,3.51023006439209,-0.0460549741983413,0.9857404232025146,3.5060741901397705,3.4403269290924072,-0.0657474249601364,0.985345184803009,3.5651957988739014,3.51070237159729,-0.0544931143522262,1.007596492767334,3.606490850448608,3.5277087688446045,-0.0787823051214218,0.9687281250953674,3.473177671432495,3.4075727462768555,-0.06560429185628891
0.9838637709617616,3.5260114669799805,3.4403293132781982,-0.0856820717453956,0.9965032935142516,3.5560576915740967,3.481332302093506,-0.0747256129980087,0.9868575930595398,3.635611295700073,3.568355321884156,-0.0672558024525642,0.9829604029655457,3.6499502658844,3.582303524017334,-0.0676470026373863,0.9999666213989258,3.625000715255737,3.565317392349243,-0.0596834607422351,1.0087294578552246,3.679574251174927,3.580932378768921,-0.0986416786909103,0.9980078935623169,3.6041624546051025,3.5267229080200195,-0.07743976265192032
0.9722789525985718,3.503535747528076,3.460535287857056,-0.0430005453526973,0.995476245880127,3.557778835296631,3.5276200771331787,-0.0301590152084827,0.9848899245262146,3.52776837348938,3.482340812683105,-0.0454276911914348,1.0097088813781738,3.5404293537139893,3.4906110763549805,-0.0498181954026222,0.9819211959838868,3.489884614944458,3.454474925994873,-0.035409964621067,0.9738489389419556,3.4451606273651123,3.390118360519409,-0.0550421811640262,0.983208179473877,3.496857166290283,3.46669864654541,-0.03015858680009842
0.982433259487152,3.428612470626831,3.3865737915039062,-0.0420387350022792,0.963640034198761,3.441272020339966,3.397984266281128,-0.043288018554449,0.9724251627922058,3.448218822479248,3.433041572570801,-0.0151773914694786,0.9601719975471495,3.489691734313965,3.483240127563477,-0.0064519583247601,0.9972661137580872,3.466952323913574,3.449972152709961,-0.0169798657298088,0.9786627888679504,3.466362476348877,3.4476985931396484,-0.0186638832092285,0.9661276936531067,3.438683032989502,3.4201478958129883,-0.018535103648900986
0.979101061820984,3.506505489349365,3.421228647232056,-0.0852768421173095,0.9727502465248108,3.543865203857422,3.483505964279175,-0.0603591576218605,0.9953881502151488,3.5216166973114014,3.446238279342652,-0.0753788873553276,0.99790620803833,3.5844223499298096,3.516627550125122,-0.0677946731448173,1.012004256248474,3.5185859203338623,3.4447438716888428,-0.0738420635461807,0.9935182929039,3.5033304691314697,3.4433069229125977,-0.0600240528583526,1.0054935216903687,3.5396673679351807,3.4589455127716064,-0.08072151243686676
0.9812989234924316,3.6110260486602783,3.573416233062744,-0.0376099161803722,0.969907283782959,3.4857723712921143,3.4556093215942383,-0.0301631968468427,1.0113472938537598,3.47572660446167,3.4549877643585205,-0.0207391139119863,0.9694526195526124,3.5159237384796143,3.5061583518981934,-0.0097655719146132,0.9785333275794984,3.4728565216064453,3.433112621307373,-0.0397442728281021,0.972939670085907,3.429744243621826,3.418574571609497,-0.0111693143844604,0.9953835606575012,3.5124828815460205,3.4911916255950928,-0.021291658282279968
0.9849421977996826,3.538245677947998,3.509302854537964,-0.0289428811520338,0.9848978519439696,3.5654284954071045,3.5291459560394287,-0.0362826734781265,0.988619029521942,3.4772756099700928,3.465745449066162,-0.0115299317985773,0.982930302619934,3.556053638458252,3.521084308624268,-0.0349693708121776,0.990433394908905,3.5124690532684326,3.4783849716186523,-0.0340841151773929,1.0093092918395996,3.495617628097534,3.473619222640991,-0.021998418495059,0.98967444896698,3.5374438762664795,3.5048627853393555,-0.03258081525564194
0.9660117626190186,3.513683795928955,3.435755491256714,-0.0779284685850143,0.992560625076294,3.441955089569092,3.3774118423461914,-0.0645433589816093,0.9899787306785583,3.540696144104004,3.475529909133911,-0.0651659965515136,0.9660205245018004,3.530550718307495,3.4761626720428467,-0.0543880350887775,0.981843650341034,3.482916116714477,3.4265592098236084,-0.0563574433326721,0.986203908920288,3.5640077590942383,3.5051326751708984,-0.0588748827576637,0.9683034420013428,3.4333853721618652,3.3817598819732666,-0.05162570998072624
0.9968014359474182,3.6204428672790527,3.5520498752593994,-0.0683931559324264,0.9810798168182372,3.5403361320495605,3.4663867950439453,-0.0739490687847137,0.978223204612732,3.460876703262329,3.390014886856079,-0.0708611011505127,0.95871239900589,3.51062273979187,3.450762987136841,-0.0598593987524509,0.9788491725921632,3.55957579612732,3.510316848754883,-0.0492587685585022,0.9869534373283386,3.5077273845672607,3.453253984451294,-0.0544736012816429,0.9824302196502686,3.5210578441619873,3.4619686603546143,-0.059089068323373795
0.9810348749160768,3.546267509460449,3.477214336395264,-0.0690534710884094,0.9894150495529176,3.6605865955352783,3.6005759239196777,-0.0600107051432132,0.9717574119567872,3.5319371223449707,3.4549922943115234,-0.0769447833299636,0.9805686473846436,3.5326552391052246,3.4704504013061523,-0.0622049532830715,0.9957483410835266,3.544103145599365,3.459975481033325,-0.0841276422142982,0.9928438663482666,3.53933048248291,3.4780099391937256,-0.0613207407295703,0.9903262257575989,3.543470621109009,3.4680392742156982,-0.07543157041072845
0.972906529903412,3.5474181175231934,3.464587688446045,-0.0828308016061782,0.9897913336753844,3.478372812271118,3.41828727722168,-0.0600855760276317,0.9838451743125916,3.598799467086792,3.5156142711639404,-0.0831854492425918,0.9731358289718628,3.611793279647827,3.5404295921325684,-0.0713634565472602,0.9855079054832458,3.5318408012390137,3.46199369430542,-0.0698474422097206,0.9866023063659668,3.5075197219848637,3.4522035121917725,-0.0553162470459938,0.968843400478363,3.4992642402648926,3.4168896675109863,-0.08237472921609879
0.988430380821228,3.590900659561157,3.567495107650757,-0.0234055165201425,0.9609471559524536,3.5046639442443848,3.475515604019165,-0.0291483011096715,0.9993226528167723,3.619360208511353,3.5921106338500977,-0.0272491052746772,0.991296112537384,3.637905836105346,3.6154942512512207,-0.0224116183817386,0.9699761867523192,3.512415647506714,3.4673011302948,-0.0451145395636558,1.04924213886261,3.5704116821289062,3.551840782165528,-0.0185714345425367,0.9670798182487488,3.509434700012207,3.477592945098877,-0.03184216842055321
0.9672611951828004,3.56243634223938,3.518298864364624,-0.0441374108195304,0.9619313478469848,3.38753342628479,3.3474509716033936,-0.0400824472308158,0.975444197654724,3.458681583404541,3.4357566833496094,-0.0229246784001588,0.9745540618896484,3.5137510299682617,3.4887678623199463,-0.0249832049012184,0.9697498083114624,3.467581033706665,3.4472665786743164,-0.0203144643455743,0.9877524375915528,3.551497459411621,3.5093767642974854,-0.0421208888292312,0.9593011736869812,3.3860745429992676,3.35884165763855,-0.02723344787955284
1.0020281076431274,3.6150407791137695,3.5941734313964844,-0.0208673402667045,0.9836527705192566,3.5838119983673096,3.570568323135376,-0.013243593275547,0.97925466299057,3.523609161376953,3.501495361328125,-0.0221134610474109,0.9867203831672668,3.61302661895752,3.573486089706421,-0.0395405553281307,0.9955483675003052,3.5257039070129395,3.51645827293396,-0.0092453202232718,0.99062579870224,3.552276372909546,3.5110838413238525,-0.0411928296089172,0.9833504557609558,3.4852781295776367,3.4670066833496094,-0.018271654844284058
0.9615576267242432,3.418452024459839,3.4035768508911133,-0.0148748103529214,0.9634831547737122,3.4339029788970947,3.413503646850586,-0.0203992091119289,0.989960789680481,3.505897283554077,3.471635103225708,-0.034261979162693,0.979457437992096,3.52386736869812,3.4748241901397705,-0.0490431301295757,0.9859664440155028,3.5380077362060547,3.507576465606689,-0.0304316822439432,0.9945204257965088,3.532011032104492,3.504498243331909,-0.0275129228830337,0.9794332981109619,3.435534954071045,3.3987061977386475,-0.03682867810130119
0.9747751355171204,3.48853611946106,3.4130825996398926,-0.0754534229636192,0.9758269190788268,3.5959362983703613,3.572572469711304,-0.023363284766674,0.9565435647964478,3.4663753509521484,3.3856241703033447,-0.0807513073086738,0.975879967212677,3.513502597808838,3.446476936340332,-0.0670254155993461,0.9898667335510254,3.4987945556640625,3.4496870040893555,-0.0491075068712234,0.9841995239257812,3.436220169067383,3.3701491355896,-0.0660713985562324,1.0015870332717896,3.5751147270202637,3.497694253921509,-0.0774204209446907
0.983231008052826,3.5929083824157715,3.533198595046997,-0.0597096011042594,0.9903529286384584,3.4952354431152344,3.4333090782165527,-0.0619266591966152,0.9991564750671388,3.505558967590332,3.476558923721313,-0.0290003940463066,0.9936537146568298,3.529176712036133,3.4732065200805664,-0.0559700839221477,0.966363251209259,3.4115474224090576,3.356276035308838,-0.0552714616060256,0.9799044728279114,3.5036168098449707,3.4222819805145264,-0.0813347771763801,0.9979444742202759,3.5262155532836914,3.4696621894836426,-0.05655303969979286
0.9731869101524352,3.6099295616149902,3.544870138168335,-0.0650593340396881,0.9719838500022888,3.4449105262756348,3.368497371673584,-0.076413370668888,0.9854263663291932,3.496329069137573,3.4378890991210938,-0.0584401860833168,0.9714819192886353,3.513314247131348,3.436164140701294,-0.0771500244736671,0.9722710251808168,3.5013461112976074,3.4175291061401367,-0.0838167741894722,0.991011083126068,3.467703104019165,3.3956387042999268,-0.07206442207098,0.9782130718231201,3.570359945297241,3.509819984436035,-0.060539912432432175
0.9767751693725586,3.5739550590515137,3.549322366714477,-0.0246326588094234,0.9760355949401855,3.5106401443481445,3.464048385620117,-0.0465912781655788,0.99732768535614,3.5131521224975586,3.482577323913574,-0.0305749531835317,1.0074458122253418,3.5560309886932373,3.531789302825928,-0.0242418460547924,0.9824394583702089,3.5195138454437256,3.4713525772094727,-0.0481613352894783,0.9821251034736632,3.491665840148926,3.4659461975097656,-0.0257196072489023,0.9954113364219666,3.5988783836364746,3.553740978240967,-0.04513774812221527
0.9787333607673644,3.5286543369293213,3.477527618408203,-0.0511266365647316,0.9584059715270996,3.456066370010376,3.419471025466919,-0.0365956053137779,0.9908689260482788,3.5698230266571045,3.488598346710205,-0.0812246426939964,0.9746323823928832,3.565674066543579,3.527486085891724,-0.0381881557404994,1.000578999519348,3.5935232639312744,3.536217212677002,-0.0573059618473053,0.9753214120864868,3.502249956130981,3.465228319168091,-0.0370219014585018,0.9943962693214417,3.511362314224243,3.456388235092163,-0.054974135011434555
0.980960488319397,3.5602290630340576,3.505305767059326,-0.0549231953918933,0.9636321663856506,3.4995265007019043,3.44673228263855,-0.0527944155037403,0.9780233502388,3.46686053276062,3.3999831676483154,-0.0668775215744972,0.971024215221405,3.57344126701355,3.5146334171295166,-0.0588078461587429,0.9921921491622924,3.551553010940552,3.499307155609131,-0.052245445549488,0.9703720211982728,3.465042352676392,3.389356136322021,-0.0756863504648208,0.9905991554260254,3.5110208988189697,3.4580605030059814,-0.0529605895280838
0.95777028799057,3.5708255767822266,3.488300323486328,-0.0825258940458297,0.98287171125412,3.5106911659240723,3.452040195465088,-0.0586509071290493,0.9478216767311096,3.4380481243133545,3.357870578765869,-0.0801775604486465,0.9743795990943908,3.520615816116333,3.460490465164185,-0.0601248517632484,0.971877932548523,3.461603164672852,3.3927652835845947,-0.068837285041809,0.96331387758255,3.5680723190307617,3.5088002681732178,-0.0592716634273529,0.9711049795150757,3.526094436645508,3.4508135318756104,-0.0752810388803482
0.9646452069282532,3.5291895866394043,3.480242729187012,-0.0489469654858112,0.9895409345626832,3.645586490631104,3.594814777374268,-0.0507716909050941,0.9883084893226624,3.567289352416992,3.5462379455566406,-0.0210510306060314,0.9749744534492492,3.555431365966797,3.488504409790039,-0.0669265687465667,0.9840895533561708,3.52797532081604,3.484367609024048,-0.0436075665056705,0.9729716181755066,3.4664785861968994,3.3937857151031494,-0.0726925954222679,0.9778218269348145,3.5584630966186523,3.479679822921753,-0.07878318428993225
1.020377278327942,3.5492608547210693,3.532637357711792,-0.0166236609220504,0.9658639430999756,3.460644483566284,3.4159302711486816,-0.0447142906486988,0.9857038855552672,3.4848508834838867,3.4439568519592285,-0.0408940240740776,0.9710640907287598,3.5145273208618164,3.4902119636535645,-0.0243151318281888,0.9906406998634338,3.53608775138855,3.491240739822388,-0.0448473505675792,0.9782398343086244,3.4441609382629395,3.422151565551758,-0.0220092628151178,0.9896268844604492,3.5097343921661377,3.462545394897461,-0.047188691794872284
0.9750208854675292,3.53236722946167,3.4832212924957275,-0.0491457059979438,0.9694263935089112,3.426943063735962,3.3965303897857666,-0.0304131302982568,0.9700999855995178,3.429321765899658,3.410346508026123,-0.0189753621816635,0.9832072257995604,3.518545627593994,3.4710559844970703,-0.0474900528788566,0.9707188606262208,3.454646348953247,3.448715686798096,-0.0059305145405232,0.9867570996284484,3.455153465270996,3.387880563735962,-0.0672727897763252,0.9800096154212952,3.4680800437927246,3.435391664505005,-0.03268854320049286
0.9786747694015504,3.507010698318481,3.4911649227142334,-0.0158458203077316,0.9806707501411438,3.524704694747925,3.50630784034729,-0.0183971785008907,0.9852102994918824,3.5481741428375244,3.5333452224731445,-0.0148285217583179,1.0105414390563965,3.456041097640991,3.4194960594177246,-0.0365448147058486,0.9926548600196838,3.5700008869171143,3.541884183883667,-0.0281167011708021,0.982024908065796,3.5368714332580566,3.4951727390289307,-0.0416985005140304,0.963254988193512,3.462228298187256,3.460383653640747,-0.0018446117173880339
0.9887714385986328,3.502096176147461,3.4803740978240967,-0.0217222571372985,0.9833898544311525,3.485079288482666,3.437217712402344,-0.0478613823652267,0.9860800504684448,3.451066493988037,3.439201593399048,-0.0118643324822187,0.9793981909751892,3.5263495445251465,3.494690179824829,-0.031659435480833,0.9894471764564514,3.415522575378418,3.3962738513946533,-0.0192487277090549,0.9890393018722534,3.490196943283081,3.4570467472076416,-0.0331501103937625,0.9858916997909546,3.434473752975464,3.402895212173462,-0.03157872334122658
0.9885244965553284,3.557795286178589,3.53434419631958,-0.0234508197754621,0.9984965920448304,3.570485115051269,3.5027246475219727,-0.0677606686949729,0.98997962474823,3.490483522415161,3.4143295288085938,-0.0761542618274688,0.9911406636238098,3.493470907211304,3.4267618656158447,-0.0667090266942977,0.987631857395172,3.5553810596466064,3.483717918395996,-0.0716630741953849,0.9799466133117676,3.470011949539185,3.4412600994110107,-0.0287514962255954,0.9730072617530823,3.56467342376709,3.4948391914367676,-0.06983477622270584
0.9814084768295288,3.5069591999053955,3.4796595573425293,-0.027299789711833,0.9839740991592408,3.550278663635254,3.54417371749878,-0.0061049433425068,0.995527982711792,3.526503562927246,3.502575635910034,-0.0239275898784399,0.95803302526474,3.5261905193328857,3.5098302364349365,-0.0163604952394962,0.9773985147476196,3.514799833297729,3.499102830886841,-0.0156967304646968,0.995128333568573,3.535266160964966,3.527129888534546,-0.0081360042095184,0.9913531541824341,3.5568463802337646,3.542786121368408,-0.014060531742870808
0.9842560291290284,3.529444694519043,3.471484422683716,-0.0579605475068092,0.9754797220230104,3.506655216217041,3.433938503265381,-0.0727167129516601,0.999949276447296,3.599341869354248,3.511992216110229,-0.0873498916625976,0.9746175408363342,3.519858121871948,3.455330610275269,-0.0645275488495826,0.9727667570114136,3.4330875873565674,3.371177911758423,-0.0619089975953102,0.9681981801986694,3.511625289916992,3.421073198318481,-0.0905519723892211,0.9834315180778503,3.5571224689483643,3.4951224327087402,-0.061999958008527756
0.9693877696990968,3.524329662322998,3.5104849338531494,-0.0138449631631374,0.9715351462364196,3.5416815280914307,3.5090622901916504,-0.0326192565262317,1.019073724746704,3.5083789825439453,3.488757371902466,-0.0196216516196727,0.977581024169922,3.5765726566314697,3.5580825805664062,-0.018490120768547,0.9733186960220336,3.516512155532837,3.479369163513184,-0.0371424257755279,0.9866586923599244,3.499333381652832,3.493311882019043,-0.0060216826386749,0.9818509221076965,3.5196373462677,3.5060384273529053,-0.013599188067018986
0.9886303544044496,3.604135274887085,3.516427516937256,-0.087707795202732,0.9713414907455444,3.449070930480957,3.3716683387756348,-0.077402114868164,0.9819480180740356,3.5421242713928223,3.5093696117401123,-0.0327551215887069,0.991890788078308,3.4920589923858643,3.438789129257202,-0.0532694496214389,1.0082321166992188,3.4838855266571045,3.40468430519104,-0.0792012363672256,0.9682437181472778,3.4601728916168213,3.411140203475952,-0.0490331090986728,0.9884256720542908,3.4310073852539062,3.360944986343384,-0.07006221264600754
0.9690598845481871,3.589807510375977,3.531167984008789,-0.0586397312581539,0.9791262149810792,3.524078130722046,3.4973409175872803,-0.0267375353723764,0.9676656126976012,3.416806221008301,3.401785135269165,-0.0150206973776221,0.965806007385254,3.5474891662597656,3.464239835739136,-0.0832494422793388,0.9653970003128052,3.455652952194214,3.396202325820923,-0.0594504810869693,0.9877667427062988,3.5145857334136963,3.4382832050323486,-0.0763025805354118,0.9841362237930298,3.521655559539795,3.442145347595215,-0.07951012998819351
0.9709495306015016,3.466235637664795,3.4190852642059326,-0.0471502430737018,0.9736424088478088,3.554486989974976,3.5066256523132324,-0.0478615500032901,0.981937825679779,3.605811595916748,3.558034420013428,-0.0477775558829307,0.9668691754341124,3.618875741958618,3.583935499191284,-0.0349407494068145,0.982064425945282,3.4673097133636475,3.4493136405944824,-0.0179960541427135,0.9941750168800354,3.4577341079711914,3.406704425811768,-0.0510299578309059,0.9728039503097534,3.4849977493286133,3.411424160003662,-0.0735732689499855
0.9796778559684752,3.470576047897339,3.413663387298584,-0.0569125898182392,0.9762870669364928,3.5600154399871826,3.50188946723938,-0.0581258125603199,0.9872178435325624,3.4653687477111816,3.4119203090667725,-0.0534485019743442,0.9770386219024658,3.4910576343536377,3.478721141815185,-0.0123366257175803,0.9617809057235718,3.37558650970459,3.29590368270874,-0.079682856798172,1.013920783996582,3.581262826919556,3.502511501312256,-0.078751228749752,0.9834484457969666,3.498870849609375,3.425985097885132,-0.07288563996553421
0.9888483881950378,3.582688093185425,3.517535448074341,-0.0651521831750869,0.9864534735679626,3.486079692840576,3.4257476329803467,-0.0603320635855197,0.9848222136497498,3.52963662147522,3.4743330478668213,-0.0553038753569126,0.9855486154556274,3.520104169845581,3.4720284938812256,-0.0480753481388092,0.9784714579582214,3.420656442642212,3.367204666137696,-0.0534514971077442,0.9711727499961852,3.4737980365753174,3.398305654525757,-0.0754923671483993,0.9929123520851135,3.596614360809326,3.527372121810913,-0.06924235820770264
0.9838558435440063,3.53816032409668,3.4739341735839844,-0.0642256215214729,0.976495623588562,3.5387980937957764,3.475470542907715,-0.0633276179432869,0.98009192943573,3.5339341163635254,3.4580190181732178,-0.0759153291583061,0.9659348726272584,3.5391414165496826,3.472369909286499,-0.0667715892195701,0.9840458631515504,3.5520994663238525,3.49407696723938,-0.0580220632255077,0.9702365398406982,3.456144094467163,3.3926055431365967,-0.0635384246706962,1.0026227235794067,3.575397253036499,3.495088815689087,-0.08030849695205688
0.9676588177680968,3.5681092739105225,3.4980015754699707,-0.0701082944869995,0.9780061841011048,3.5291669368743896,3.4536502361297607,-0.0755169168114662,0.9752150177955629,3.4913551807403564,3.431396961212158,-0.0599582903087139,0.9610315561294556,3.4996683597564697,3.419377565383911,-0.0802908763289451,0.985836148262024,3.543435573577881,3.459317445755005,-0.084118440747261,0.974364697933197,3.4941494464874268,3.442697763442993,-0.0514512658119201,0.985567033290863,3.5291800498962402,3.469182014465332,-0.0599980466067791
0.9836909174919128,3.477918863296509,3.426248073577881,-0.05167081579566,0.962549328804016,3.4784460067749023,3.461596727371216,-0.0168492700904607,0.97064870595932,3.4354169368743896,3.386818647384644,-0.0485981367528438,0.9635087847709656,3.4605047702789307,3.38559627532959,-0.0749082416296005,0.9674867391586304,3.4726545810699463,3.4500882625579834,-0.0225665736943483,0.9744121432304382,3.485474109649658,3.416266679763794,-0.0692074224352836,0.9698079824447632,3.384674549102783,3.364825487136841,-0.01984911598265171
0.9718143343925476,3.505271673202514,3.4855852127075195,-0.0196862537413835,0.9804898500442504,3.5789694786071777,3.560840606689453,-0.0181287508457899,0.982398808002472,3.549776315689087,3.535921573638916,-0.0138551034033298,0.9695107936859132,3.530536413192749,3.458752155303955,-0.0717841535806655,0.9833354949951172,3.496068954467773,3.4520509243011475,-0.0440178625285625,0.9732520580291748,3.4815640449523926,3.455868721008301,-0.0256948191672563,0.9760934710502625,3.522472620010376,3.5072171688079834,-0.01525550615042448
0.9688538908958436,3.506969451904297,3.463867425918579,-0.0431018471717834,0.975161612033844,3.475648641586304,3.4518842697143555,-0.023764094337821,0.980347454547882,3.5208845138549805,3.509829521179199,-0.0110545475035905,0.9787747859954834,3.602046251296997,3.5807032585144043,-0.0213428810238838,0.9909682869911194,3.452234983444214,3.428593397140503,-0.0236417241394519,0.9865731000900269,3.4258675575256348,3.3880856037139893,-0.0377818532288074,0.9860162138938904,3.654651403427124,3.62685227394104,-0.027799034491181374
0.979095995426178,3.5285658836364746,3.4828481674194336,-0.0457181073725223,0.9609141945838928,3.4641458988189697,3.433389663696289,-0.0307562295347452,0.9643858671188354,3.449965000152588,3.4387123584747314,-0.0112523967400193,0.9995890855789183,3.54094672203064,3.515176773071289,-0.0257698912173509,0.9920518398284912,3.5682971477508545,3.527437925338745,-0.0408590584993362,1.015790581703186,3.4851832389831543,3.4674630165100098,-0.0177201423794031,0.9958540201187134,3.570413827896118,3.526028633117676,-0.04438537731766701
0.962454915046692,3.626867294311523,3.557801008224488,-0.0690664574503898,0.9852805733680724,3.5515050888061523,3.4883337020874023,-0.0631714612245559,0.9864420890808104,3.4330437183380127,3.353434085845948,-0.0796098560094833,0.9886373281478882,3.525167942047119,3.450368404388428,-0.0747997686266899,0.9672899842262268,3.4559431076049805,3.3873836994171143,-0.0685592591762542,0.9892105460166932,3.52211594581604,3.463443756103516,-0.058672334998846,0.9955151081085205,3.5012152194976807,3.422847270965576,-0.07836811989545822
0.9642385244369508,3.558873653411865,3.5074944496154785,-0.0513792969286441,0.9666224122047424,3.5363454818725586,3.494755744934082,-0.0415899157524108,1.0011786222457886,3.4478766918182373,3.3900411128997803,-0.0578356944024562,0.9724571108818054,3.5242600440979004,3.470059871673584,-0.0541995055973529,0.9736995100975036,3.4222640991210938,3.359957695007324,-0.0623063445091247,0.9841295480728148,3.481520652770996,3.4342734813690186,-0.0472469553351402,0.9932166934013367,3.510418653488159,3.457125186920166,-0.053293175995349884
0.9724412560462952,3.519278049468994,3.487981081008911,-0.0312968604266643,0.9699101448059082,3.566807985305786,3.5282649993896484,-0.0385431461036205,0.9806088209152222,3.635023355484009,3.6015496253967285,-0.0334734395146369,0.9588056802749634,3.5048511028289795,3.480918884277344,-0.0239321999251842,0.9809478521347046,3.455443859100342,3.4371378421783447,-0.0183056090027093,0.9898940920829772,3.497884511947632,3.481170177459717,-0.0167139954864978,0.983077883720398,3.49592924118042,3.4419362545013428,-0.053993649780750275
0.9522400498390198,3.5667803287506104,3.522514581680298,-0.0442656576633453,0.9682891964912416,3.541899442672729,3.510995388031006,-0.0309035889804363,0.996975839138031,3.52564024925232,3.5094923973083496,-0.0161481127142906,0.9561525583267212,3.4213733673095703,3.3809993267059326,-0.0403745174407959,1.0331764221191406,3.508819341659546,3.4884815216064453,-0.0203379914164543,0.9789770841598512,3.5344598293304443,3.4825167655944824,-0.051943089812994,0.9874714612960815,3.4913148880004883,3.4601564407348633,-0.031158091500401497
0.9904679656028748,3.6081888675689697,3.5448687076568604,-0.0633202195167541,0.9630457162857056,3.512942314147949,3.443843603134156,-0.0690990760922432,0.9873656034469604,3.583593368530273,3.5111804008483887,-0.072412796318531,0.9829223155975342,3.592928886413574,3.5406153202056885,-0.0523139536380767,1.0029425621032717,3.4593825340271,3.388237237930298,-0.0711453408002853,0.99262273311615,3.485869646072388,3.3893964290618896,-0.0964733138680458,0.9896770119667053,3.591048002243042,3.5105984210968018,-0.08044935762882233
0.9842946529388428,3.513615846633911,3.4891014099121094,-0.024514952674508,0.9687161445617676,3.4421286582946777,3.418861150741577,-0.0232672523707151,0.9915103316307068,3.569420099258423,3.5528934001922607,-0.0165271647274494,0.9719492197036744,3.543372869491577,3.522122621536255,-0.0212503895163536,0.9813395738601683,3.574296236038208,3.548330068588257,-0.0259661804884672,0.9797560572624208,3.504265546798706,3.481186866760254,-0.0230791121721267,0.981423556804657,3.4622223377227783,3.433544635772705,-0.02867741510272026
0.9648267030715942,3.520901679992676,3.480498790740967,-0.0404026918113231,0.9613796472549438,3.526129484176636,3.5020573139190674,-0.0240720715373754,0.9959620237350464,3.4828240871429443,3.469698429107666,-0.0131256682798266,0.969193160533905,3.5000150203704834,3.47398328781128,-0.0260318350046873,0.968652069568634,3.427522897720337,3.41129207611084,-0.0162305813282728,0.9730843901634216,3.546558618545532,3.5065693855285645,-0.0399895422160625,0.9700874090194702,3.534177780151367,3.4889626502990723,-0.04521512612700462
0.993706464767456,3.569223403930664,3.5243139266967773,-0.0449097827076911,0.9797214269638062,3.5457780361175537,3.518368721008301,-0.0274091437458992,0.984146535396576,3.506653070449829,3.45751953125,-0.049133263528347,0.994576930999756,3.533569574356079,3.5070385932922363,-0.026530597358942,1.0026286840438845,3.501565933227539,3.458912849426269,-0.0426535755395889,0.9796959757804872,3.466896772384644,3.422384023666382,-0.0445123240351676,0.9706538915634155,3.4302830696105957,3.3909389972686768,-0.039344098418951035
0.9741839170455932,3.502884864807129,3.4830334186553955,-0.019851379096508,0.9921438694000244,3.5407586097717285,3.5057504177093506,-0.0350085012614727,0.9785508513450624,3.4214909076690674,3.3972315788269043,-0.0242594704031944,0.9762731790542604,3.471384763717652,3.458071708679199,-0.0133129945024847,0.9869228601455688,3.5126872062683105,3.4816384315490723,-0.0310490205883979,0.9825534224510192,3.567457437515259,3.526985883712769,-0.0404717065393924,0.9980342984199524,3.485720634460449,3.4575583934783936,-0.028162412345409393
0.9751652479171752,3.51007080078125,3.492987632751465,-0.0170829780399799,0.9696110486984252,3.409174680709839,3.378981828689575,-0.0301923640072345,0.973280906677246,3.499553918838501,3.478374719619751,-0.0211788490414619,1.0047063827514648,3.570478677749634,3.5125553607940674,-0.0579237304627895,0.9830306172370912,3.4049437046051025,3.3899450302124023,-0.0149989072233438,0.9736478328704834,3.3983161449432373,3.3931305408477783,-0.0051856441423296,0.9712417721748352,3.4356420040130615,3.4124844074249268,-0.02315797656774521
0.9855368733406068,3.624948024749756,3.544940710067749,-0.0800075605511665,0.972492218017578,3.580878973007202,3.494074821472168,-0.0868041515350341,0.9894795417785645,3.4996612071990967,3.421708822250366,-0.0779525339603424,0.9846047163009644,3.5542421340942383,3.4770383834838867,-0.0772039592266082,0.9840340614318848,3.481009006500244,3.408954381942749,-0.0720546469092369,0.9744377732276917,3.46090030670166,3.3799376487731934,-0.0809624195098877,0.9837130904197693,3.5724825859069824,3.512417793273926,-0.06006528437137604
0.9699788689613342,3.5051448345184326,3.4793105125427246,-0.0258343052119016,0.9844059348106384,3.4848201274871826,3.419760465621948,-0.0650593042373657,0.9829337000846864,3.382772445678711,3.297605276107788,-0.0851672813296318,0.9745919704437256,3.4762980937957764,3.4226410388946533,-0.0536572150886058,0.9848212003707886,3.439715623855591,3.36804747581482,-0.071668192744255,1.005106806755066,3.595116376876831,3.547603845596313,-0.0475126653909683,1.0022510290145874,3.497809648513794,3.424884557723999,-0.07292518019676208
0.9659225344657898,3.545093774795532,3.516488075256348,-0.0286055505275726,0.9720641374588012,3.452478647232056,3.4141159057617188,-0.0383628383278846,0.996648907661438,3.5164713859558105,3.486732482910156,-0.0297391414642334,0.963398575782776,3.5019397735595703,3.477121353149414,-0.0248186737298965,0.9823745489120485,3.5134217739105225,3.491079092025757,-0.0223422423005104,0.9796646237373352,3.341575384140014,3.323327779769897,-0.0182477440685033,0.9659494757652283,3.4404349327087402,3.3989992141723633,-0.04143575206398964
0.9791643023490906,3.488943099975586,3.421504259109497,-0.0674389973282814,0.9951791167259216,3.5039281845092773,3.466436624526977,-0.0374913923442363,0.9688846468925476,3.4229304790496826,3.3886845111846924,-0.0342460423707962,0.9701507687568665,3.472121477127075,3.439084053039551,-0.0330376923084259,0.9867417812347412,3.488924503326416,3.450434446334839,-0.0384899973869323,0.973882019519806,3.44496750831604,3.3966472148895264,-0.0483204759657382,0.9945083856582642,3.5019519329071045,3.450225591659546,-0.05172630771994591
0.9839774966239928,3.4872384071350098,3.441334009170532,-0.0459045693278312,0.9633054733276368,3.567841053009033,3.516507148742676,-0.0513340979814529,0.9781901240348816,3.497035026550293,3.4195289611816406,-0.0775058642029762,0.9714797139167786,3.523507833480835,3.496078491210937,-0.0274296849966049,0.972476840019226,3.4527735710144043,3.363499879837036,-0.0892734602093696,0.9694424867630004,3.43656325340271,3.3852484226226807,-0.0513148717582225,0.9815015196800232,3.550990104675293,3.4963133335113525,-0.05467688664793968
0.977395236492157,3.5282437801361084,3.491403579711914,-0.0368401780724525,0.9825452566146852,3.530868530273437,3.4884865283966064,-0.0423822067677974,0.9904706478118896,3.5326244831085205,3.4850313663482666,-0.0475930348038673,0.9758896827697754,3.513814926147461,3.474314451217652,-0.0395008809864521,0.986847460269928,3.5061960220336914,3.473006248474121,-0.0331895388662815,1.0026146173477173,3.5244314670562744,3.505392074584961,-0.0190390571951866,1.007315993309021,3.6238420009613037,3.606374979019165,-0.017466798424720764
0.9659813046455384,3.5649821758270264,3.536937713623047,-0.0280446242541074,0.9981369376182556,3.488852262496948,3.427574157714844,-0.0612783022224903,0.9685707092285156,3.469294548034668,3.430204153060913,-0.0390907935798168,0.9930508732795716,3.528299570083618,3.490290403366089,-0.0380090773105621,0.9840158224105836,3.5818123817443848,3.550624370574951,-0.0311877727508544,0.9851149320602416,3.4600188732147217,3.429713726043701,-0.030305590480566,0.9660114645957947,3.520076274871826,3.4896366596221924,-0.030439632013440132
0.9879428148269652,3.575889110565185,3.5326483249664307,-0.0432406924664974,0.9783286452293396,3.5249006748199463,3.477168798446656,-0.0477319173514843,0.9888469576835632,3.49564266204834,3.4798572063446045,-0.0157857984304428,0.9749370813369752,3.529973268508911,3.502748727798462,-0.0272243563085794,1.0044898986816406,3.450584888458252,3.4210352897644043,-0.0295492000877857,1.0064197778701782,3.47735857963562,3.4535787105560303,-0.0237796735018491,0.9654729962348938,3.441929817199707,3.4075419902801514,-0.03438762202858925
0.9729250073432922,3.563436269760132,3.534839868545532,-0.0285963285714387,0.9757800102233888,3.4946274757385254,3.4643447399139404,-0.0302824135869741,0.9773557186126708,3.454345941543579,3.411574602127075,-0.042771827429533,0.9795741438865662,3.4240095615386963,3.394911527633667,-0.0290982276201248,0.9767983555793762,3.468168258666992,3.429731845855713,-0.0384364761412143,0.9735081791877748,3.532418727874756,3.482713460922241,-0.0497054681181907,0.9947293400764465,3.503474473953247,3.4785280227661133,-0.024946508929133415
0.974686086177826,3.565748929977417,3.5303471088409424,-0.0354020223021507,0.9875699877738952,3.478503704071045,3.4742989540100098,-0.0042049433104693,0.9806206226348876,3.4658021926879883,3.436304807662964,-0.0294970795512199,0.9800100326538086,3.49943208694458,3.488187074661255,-0.0112449983134865,0.9868137240409852,3.468984365463257,3.448495388031006,-0.0204886868596076,0.9885081052780152,3.473247766494751,3.44091796875,-0.0323297493159771,0.9954568147659302,3.5052504539489746,3.492192506790161,-0.013057979755103588
0.9920104742050172,3.529761791229248,3.4968111515045166,-0.0329511649906635,0.9744688868522644,3.535193920135498,3.471745252609253,-0.0634490996599197,0.9837438464164734,3.5020580291748047,3.464962720870972,-0.0370948538184165,0.9777900576591492,3.55001163482666,3.5022714138031006,-0.0477401055395603,0.969028890132904,3.51405930519104,3.447657823562622,-0.0664015114307403,0.9709705114364624,3.538499355316162,3.4897050857543945,-0.0487944036722183,0.9881912469863892,3.56416916847229,3.502573251724243,-0.06159595400094986
0.9714962244033812,3.4808690547943115,3.435314178466797,-0.0455546602606773,0.982312798500061,3.494994163513184,3.454763174057007,-0.0402314588427543,0.9718473553657532,3.555837869644165,3.533074378967285,-0.0227636806666851,0.972521424293518,3.6318283081054688,3.594210863113404,-0.0376174077391624,0.985369861125946,3.4690115451812744,3.392193555831909,-0.0768184214830398,0.9980145692825316,3.5539214611053467,3.530421733856201,-0.0234997048974037,0.9790163636207581,3.4754741191864014,3.4063403606414795,-0.06913375109434128
0.9705911874771118,3.501942873001098,3.4672696590423584,-0.034673660993576,0.9657031893730164,3.558134078979492,3.497868299484253,-0.0602656081318855,0.9657822251319884,3.3937559127807617,3.362783670425415,-0.0309725478291511,0.9782014489173888,3.5703649520874023,3.531054735183716,-0.0393098331987857,0.9732566475868224,3.535552501678467,3.502259016036988,-0.0332938618957996,0.9724069237709044,3.432962417602539,3.4049229621887207,-0.0280395410954952,0.956845223903656,3.4220519065856934,3.364633321762085,-0.05741821601986885
0.981259286403656,3.58606505393982,3.566248655319214,-0.0198165588080883,0.9708288311958312,3.533512115478516,3.482891321182251,-0.0506206452846527,1.0030226707458496,3.519134283065796,3.4933342933654785,-0.0257999189198017,0.98409503698349,3.5281827449798584,3.4656128883361816,-0.0625697076320648,0.9716820120811462,3.485798120498657,3.437613248825073,-0.0481851436197757,1.0041511058807373,3.498605966567993,3.4502429962158203,-0.0483629815280437,0.9649430513381958,3.476520299911499,3.4275221824645996,-0.0489984005689621
0.977730631828308,3.5035839080810547,3.440735340118408,-0.0628486201167106,0.9873197674751282,3.444652557373047,3.397505760192871,-0.0471470430493354,0.9718623757362366,3.483947992324829,3.408145904541016,-0.0758017748594284,0.96592777967453,3.501502275466919,3.469353437423706,-0.0321492590010166,0.9802234172821044,3.548114776611328,3.498551845550537,-0.0495631769299507,0.9807957410812378,3.4972331523895264,3.4838075637817383,-0.0134255625307559,0.9963653683662415,3.561872720718384,3.5133063793182373,-0.04856647551059723
0.9640408158302308,3.4999961853027344,3.475778579711914,-0.0242176223546266,0.9715614318847656,3.532022476196289,3.512979507446289,-0.0190428532660007,0.9870684742927552,3.526020050048828,3.483253002166748,-0.0427669137716293,0.9747467041015624,3.44150185585022,3.4273698329925537,-0.0141320154070854,0.976069986820221,3.4237163066864014,3.3804190158843994,-0.0432973578572273,0.9854832887649536,3.4746322631835938,3.433176755905152,-0.0414556637406349,0.984572172164917,3.4760701656341553,3.4350953102111816,-0.04097496718168259
0.968965232372284,3.49608850479126,3.4479923248291016,-0.0480960793793201,0.9677478075027466,3.5646655559539795,3.512998580932617,-0.0516671240329742,0.9829051494598388,3.513578653335572,3.4574344158172607,-0.0561446473002433,0.9741753339767456,3.5191190242767334,3.47872257232666,-0.0403959676623344,0.988505244255066,3.54447865486145,3.474513292312622,-0.0699652507901191,0.9855980277061462,3.4232594966888428,3.3626716136932373,-0.0605880208313465,0.9920132160186768,3.5286407470703125,3.4551966190338135,-0.07344408333301544
0.9555819630622864,3.494420289993286,3.4382078647613525,-0.0562119521200656,0.986151933670044,3.6437599658966064,3.569809436798096,-0.0739502534270286,0.9824822545051576,3.5878374576568604,3.517192840576172,-0.0706445053219795,0.9876893758773804,3.613629102706909,3.5433359146118164,-0.0702932700514793,0.9986888766288756,3.587761878967285,3.523157358169556,-0.0646041482686996,0.9829539060592652,3.5027692317962646,3.447270154953003,-0.0554990991950035,1.0023839473724365,3.623541831970215,3.538163185119629,-0.08537838608026505
0.95927631855011,3.5847585201263428,3.5584070682525635,-0.0263511799275875,0.9916004538536072,3.4062435626983643,3.405606508255005,-0.0006374543299898,0.9875218868255616,3.4326748847961426,3.425974130630493,-0.0067009413614869,0.9835716485977172,3.550630569458008,3.5433597564697266,-0.0072709564119577,0.9809380769729614,3.463043451309204,3.45626163482666,-0.0067818299867212,0.9783517718315125,3.511474847793579,3.5112228393554688,-0.0002518854744266,0.9739809036254883,3.4082748889923096,3.3788764476776123,-0.029398715123534203
0.9796827435493468,3.615567445755005,3.5228934288024902,-0.0926740244030952,0.9723156094551086,3.4683072566986084,3.3912465572357178,-0.0770604461431503,0.9895610213279724,3.5048418045043945,3.4018170833587646,-0.1030246913433075,0.9907307624816896,3.557767152786255,3.461973190307617,-0.0957945063710212,0.9827151894569396,3.461355209350586,3.37571382522583,-0.0856417939066886,0.9792768359184264,3.466773748397827,3.369968175888061,-0.0968056991696357,0.972369372844696,3.4883861541748047,3.424992799758911,-0.0633937418460846
0.992229461669922,3.4787487983703613,3.428858518600464,-0.0498902536928653,0.9851964116096495,3.580531120300293,3.5416624546051025,-0.0388688333332538,0.9915985465049744,3.5296220779418945,3.503861904144287,-0.0257604196667671,0.9731386303901672,3.5352916717529297,3.517704486846924,-0.0175871215760707,0.9924566149711608,3.527672052383423,3.451274871826172,-0.0763971880078315,0.989641547203064,3.475592374801636,3.4170849323272705,-0.0585076808929443,0.9893366098403931,3.553971767425537,3.532766342163086,-0.021205466240644455
0.9807868599891664,3.6098415851593018,3.543386459350586,-0.0664549246430397,1.0114237070083618,3.525961875915528,3.4580466747283936,-0.0679151713848114,0.9989185333251952,3.4693939685821533,3.3868093490600586,-0.0825844034552574,0.9841615557670592,3.532971143722534,3.4972074031829834,-0.0357640758156776,0.98520028591156,3.4614803791046143,3.4368910789489746,-0.0245891828089952,0.9926519989967346,3.4885001182556152,3.4214351177215576,-0.0670651048421859,0.9754002094268799,3.43766188621521,3.402677297592163,-0.03498445823788643
0.9780012369155884,3.521158456802368,3.46502947807312,-0.0561291687190532,0.9810682535171508,3.5153605937957764,3.4440550804138184,-0.0713056549429893,1.010527729988098,3.5244436264038086,3.473210573196411,-0.0512329749763011,1.001521348953247,3.553962469100952,3.4755213260650635,-0.0784408599138259,0.978345274925232,3.5122365951538086,3.4149725437164307,-0.0972640961408615,0.9908421635627748,3.5271248817443848,3.4408397674560547,-0.0862853303551673,0.9840862154960632,3.5435373783111572,3.484980583190918,-0.058557264506816864
0.9728327989578248,3.480034828186035,3.4560353755950928,-0.0239995885640382,1.000810623168945,3.548035144805908,3.525749921798706,-0.0222851522266864,0.9849935173988342,3.428520917892456,3.401186943054199,-0.0273344572633504,0.9659637212753296,3.4703471660614014,3.3916704654693604,-0.078676663339138,0.9821020364761353,3.508428812026977,3.4792287349700928,-0.0292003434151411,0.9861891269683838,3.415117025375366,3.377225875854492,-0.0378909856081008,0.9881367683410645,3.423861265182495,3.4034740924835205,-0.020387373864650726
0.9833464026451112,3.583740234375,3.5360641479492188,-0.0476762093603611,0.985855221748352,3.565960168838501,3.515010356903076,-0.0509497970342636,0.9719656109809875,3.473050832748413,3.427629232406616,-0.0454215221107006,0.9771197438240052,3.4923598766326904,3.4336159229278564,-0.0587439835071563,0.9653348326683044,3.456229448318481,3.399910688400269,-0.0563187859952449,0.9784737229347228,3.495255708694458,3.406409740447998,-0.0888458490371704,1.0039604902267456,3.484160900115967,3.4109816551208496,-0.07317878305912018
0.9762201309204102,3.498707771301269,3.456327199935913,-0.0423803329467773,0.9895685911178588,3.608008623123169,3.5597517490386963,-0.0482568480074405,0.9643216133117676,3.428534507751465,3.3993847370147705,-0.0291497819125652,0.970053493976593,3.456825256347656,3.409885168075561,-0.0469406656920909,0.9809629917144777,3.4834799766540527,3.3923797607421875,-0.0911002606153488,0.9816656708717346,3.4298136234283447,3.411566734313965,-0.0182472076267004,0.9695655703544617,3.4966673851013184,3.423614025115967,-0.07305307686328888
0.9787424802780152,3.4840240478515625,3.434009075164795,-0.0500152856111526,0.9774998426437378,3.589282989501953,3.551682949066162,-0.0375999249517917,0.977129340171814,3.4884073734283447,3.443559169769287,-0.0448483228683471,0.9695872068405152,3.468035697937012,3.435126781463623,-0.032908447086811,0.996463418006897,3.3981778621673584,3.369368314743042,-0.028809456154704,0.9928798079490662,3.518381834030152,3.500925779342652,-0.0174562763422727,0.9935738444328308,3.555041790008545,3.5375635623931885,-0.017478223890066147
0.9884400963783264,3.54386043548584,3.497347831726074,-0.0465123504400253,1.0024888515472412,3.5122056007385254,3.4943013191223145,-0.0179040934890508,1.0053799152374268,3.531148672103882,3.495491981506348,-0.0356567688286304,1.02026629447937,3.5514726638793945,3.513212442398072,-0.0382604002952575,0.9936721920967102,3.534400701522827,3.5106141567230225,-0.0237864851951599,0.986573338508606,3.529470205307007,3.495879650115967,-0.0335910804569721,0.9999586939811707,3.5906853675842285,3.5597641468048096,-0.030920805409550667
0.9691853523254396,3.659498929977417,3.585536241531372,-0.0739625319838523,0.9897838234901428,3.514600276947021,3.4577794075012207,-0.0568211376667022,0.990395188331604,3.5554399490356445,3.479175806045532,-0.0762639939785003,0.9817751049995422,3.541287422180176,3.46373987197876,-0.0775471627712249,0.97273188829422,3.5097744464874268,3.4562485218048096,-0.0535259470343589,0.9992755651474,3.5544748306274414,3.474874973297119,-0.0795995369553566,0.9770920276641846,3.5653798580169678,3.4836606979370117,-0.08171916753053665
0.9765279293060304,3.6011781692504883,3.575709819793701,-0.0254684425890445,0.9816588163375854,3.5676968097686768,3.52298355102539,-0.044713120907545,0.9924785494804382,3.5367424488067627,3.5228424072265625,-0.0138999242335557,0.9938242435455322,3.5924623012542725,3.549882411956787,-0.0425801686942577,0.981584131717682,3.565083265304565,3.5349936485290527,-0.0300895534455776,0.9891570806503296,3.488128185272217,3.4563236236572266,-0.0318046286702156,0.9755822420120239,3.5211238861083984,3.49457049369812,-0.026553159579634666
0.9614109396934508,3.5161893367767334,3.4832098484039307,-0.0329793654382228,0.9689568281173706,3.488335371017456,3.4649484157562256,-0.0233872700482606,0.9924453496932985,3.496887683868408,3.462098360061645,-0.034789178520441,0.9532621502876282,3.48831558227539,3.449986457824707,-0.0383290834724903,0.9791000485420228,3.5343987941741943,3.51894474029541,-0.0154539551585912,0.996222972869873,3.5115420818328857,3.4636871814727783,-0.0478546991944313,0.9622145891189575,3.4912009239196777,3.441624402999878,-0.04957639053463936
0.9769142866134644,3.569827079772949,3.4954090118408203,-0.0744179412722587,0.9710792303085328,3.49072265625,3.4182722568511963,-0.0724502280354499,0.9790804386138916,3.5134987831115723,3.440366506576538,-0.0731322318315506,0.9694591760635376,3.5315537452697754,3.479626417160034,-0.0519272089004516,0.9897632002830504,3.514030694961548,3.453460454940796,-0.0605705119669437,0.980984389781952,3.6376616954803462,3.5596604347229004,-0.0780012682080268,0.9732668399810791,3.507672071456909,3.4401941299438477,-0.06747765839099884
0.9697529673576356,3.513014316558838,3.484908103942871,-0.0281060598790645,0.9712127447128296,3.4715898036956787,3.445898056030273,-0.0256916917860507,0.9865218997001648,3.4727373123168945,3.470118284225464,-0.0026189179625362,0.9700821042060852,3.4955625534057617,3.471682071685791,-0.0238806866109371,0.974526822566986,3.516141653060913,3.471967935562134,-0.0441734082996845,0.9761674404144288,3.465644836425781,3.4234797954559326,-0.0421650819480419,0.9719725251197815,3.501560688018799,3.4812135696411133,-0.020346900448203087
0.9826682209968568,3.6032421588897705,3.5847558975219727,-0.0184860415756702,0.968128263950348,3.5051634311676025,3.468439817428589,-0.0367234274744987,0.987195611000061,3.566908836364746,3.526538848876953,-0.0403706990182399,0.9817824959754944,3.497576713562012,3.474048852920532,-0.0235277768224477,0.9865420460700988,3.4914300441741943,3.477458477020264,-0.0139714796096086,1.0046606063842771,3.497621774673462,3.476318120956421,-0.0213036946952343,0.970881998538971,3.498159170150757,3.477252960205078,-0.020906131714582443
0.959664523601532,3.5491013526916504,3.498384952545166,-0.0507165640592575,0.9622021317481996,3.4891250133514404,3.440702199935913,-0.0484224446117877,0.9853660464286804,3.504170656204224,3.4511258602142334,-0.0530450195074081,0.970777988433838,3.5301296710968018,3.491329908370972,-0.0388000905513763,0.9802780747413636,3.557939291000366,3.5053513050079346,-0.0525875389575958,0.9692285060882568,3.422415971755981,3.4153993129730225,-0.0070168180391192,0.9810957908630371,3.5691843032836914,3.528560161590576,-0.040623992681503296
0.9708746075630188,3.5128982067108154,3.431788444519043,-0.081109695136547,0.9838764667510986,3.5061631202697754,3.42195200920105,-0.0842109397053718,0.9668196439743042,3.48592209815979,3.40677809715271,-0.0791440308094024,0.9849414229393004,3.550051212310791,3.4903481006622314,-0.0597025267779827,0.9974506497383118,3.516577243804932,3.4341158866882324,-0.0824615508317947,0.9859192371368408,3.5156378746032715,3.444655179977417,-0.0709825977683067,0.9809533357620239,3.4785666465759277,3.4233105182647705,-0.05525577813386917
0.9603551030158995,3.5353808403015137,3.492121696472168,-0.0432595126330852,1.0049163103103638,3.604035615921021,3.5766689777374268,-0.0273667387664318,1.00091814994812,3.5032267570495605,3.488270998001098,-0.0149557683616876,0.9803783893585204,3.5041511058807373,3.481031656265259,-0.0231194626539945,0.9904512166976928,3.539219379425049,3.5161290168762207,-0.023090312257409,0.9820303320884703,3.558056116104126,3.5379462242126465,-0.0201102811843156,0.9897651076316833,3.5964694023132324,3.5516679286956787,-0.04480120539665222
0.9844329953193665,3.5673305988311768,3.534703731536865,-0.032626736909151,0.9847940802574158,3.574061393737793,3.551260709762573,-0.0228012725710868,1.007988691329956,3.5135536193847656,3.496787071228028,-0.0167667046189308,0.990016222000122,3.6103789806365967,3.56748366355896,-0.0428951606154441,0.9757739901542664,3.481759548187256,3.471667766571045,-0.0100918859243392,1.003065586090088,3.446592330932617,3.4164605140686035,-0.0301321689039468,1.007440447807312,3.5572564601898193,3.541579008102417,-0.015677154064178467
0.9838855862617492,3.564814567565918,3.5170254707336426,-0.0477891042828559,0.9796268939971924,3.6444671154022217,3.5897209644317627,-0.0547464042901992,0.9802563190460204,3.470823049545288,3.404805421829224,-0.0660174489021301,0.9865479469299316,3.492069959640503,3.429086685180664,-0.0629833489656448,1.0127273797988892,3.596961498260498,3.545625686645508,-0.0513364039361476,0.9647243618965148,3.4963061809539795,3.4453587532043457,-0.0509475693106651,0.9846668839454651,3.5583736896514893,3.511370897293091,-0.04700277000665665
0.9781657457351683,3.5663206577301025,3.532538414001465,-0.0337823666632175,0.9631880521774292,3.489525556564331,3.418337821960449,-0.0711877048015594,0.9805962443351746,3.557530879974365,3.513296604156494,-0.0442342199385166,0.9731098413467408,3.574190378189087,3.532623291015625,-0.0415673702955246,0.978390097618103,3.514544486999512,3.487474203109741,-0.0270700603723526,1.0039360523223877,3.521038293838501,3.4517767429351807,-0.0692611187696456,0.9860895276069641,3.5822970867156982,3.5392136573791504,-0.04308343678712845
0.9704858064651488,3.565319538116455,3.514681339263916,-0.0506378561258316,0.9742782711982728,3.564307928085327,3.544506549835205,-0.0198017042130231,0.9789772629737854,3.54580020904541,3.49698543548584,-0.0488148406147956,0.9565234780311584,3.530968427658081,3.462732553482056,-0.0682358369231224,1.0021313428878784,3.576856136322021,3.563172101974488,-0.0136841014027595,0.9952549934387208,3.520985841751098,3.4987123012542725,-0.0222733449190855,0.9786474108695984,3.6313443183898926,3.5787854194641113,-0.052558571100234985
0.9768010377883912,3.494803667068481,3.475369453430176,-0.0194344241172075,0.9679250121116638,3.438595533370972,3.398567676544189,-0.0400281138718128,0.9846518039703368,3.533067226409912,3.4937376976013184,-0.0393297560513019,0.9869729280471802,3.575031042098999,3.529402494430542,-0.0456285364925861,0.9849148988723756,3.474564790725708,3.452480792999268,-0.0220840033143758,0.9989704489707948,3.522244930267334,3.511676073074341,-0.0105686578899621,0.9818188548088074,3.4521729946136475,3.437166929244995,-0.015006187371909618
0.9766908884048462,3.556437969207764,3.511047840118408,-0.0453902631998062,0.9872817993164062,3.561829090118408,3.546949625015259,-0.014879347756505,0.9732845425605774,3.5976674556732178,3.557316541671753,-0.0403501838445663,0.968502163887024,3.5684080123901367,3.523948907852173,-0.0444591641426086,0.985965132713318,3.56944227218628,3.506844520568848,-0.062597744166851,0.9933404326438904,3.5103938579559326,3.4864537715911865,-0.0239404030144214,0.9818679094314575,3.490191698074341,3.4739596843719482,-0.01623191125690937
0.9896897077560424,3.4806153774261475,3.465463161468506,-0.0151524897664785,0.9569519758224488,3.3881211280822754,3.3716928958892822,-0.0164282899349927,0.9949471354484558,3.486379623413086,3.457686185836792,-0.0286931823939085,0.9853076338768004,3.502333402633667,3.4895591735839844,-0.0127744683995842,0.9855298399925232,3.493724584579468,3.457268476486206,-0.0364558063447475,0.9765755534172058,3.4549922943115234,3.4302070140838623,-0.0247854962944984,0.9862894415855408,3.523832321166992,3.4918630123138428,-0.03196967393159866
0.9845060110092164,3.5997159481048584,3.5243241786956787,-0.075391948223114,0.9733255505561828,3.4526047706604004,3.422349691390991,-0.0302549134939908,0.9819007515907288,3.4763705730438232,3.3960556983947754,-0.0803150758147239,0.9719096422195436,3.4914913177490234,3.46428656578064,-0.0272047631442546,0.983144223690033,3.412703275680542,3.346505880355835,-0.0661978125572204,1.0072002410888672,3.6150152683258057,3.535863161087036,-0.0791520029306411,0.9589544534683228,3.452162027359009,3.384190082550049,-0.06797158718109131
0.9841902256011964,3.6187281608581534,3.548858404159546,-0.0698700547218322,0.9788610339164734,3.583407402038574,3.53546404838562,-0.0479431897401809,0.9831811785697936,3.4939935207366943,3.4683644771575928,-0.0256293080747127,0.9625809192657472,3.48117995262146,3.4138028621673584,-0.067377008497715,0.9884129762649536,3.515169382095337,3.428096055984497,-0.0870733261108398,0.9957606196403505,3.4670965671539307,3.404994010925293,-0.0621024966239929,0.9754022359848022,3.5110585689544678,3.439553737640381,-0.07150514423847198
0.9657526016235352,3.482175588607788,3.422635316848755,-0.05954035744071,0.9815897345542908,3.4672069549560547,3.385983943939209,-0.0812229216098785,0.9703527688980104,3.438005924224853,3.378736734390259,-0.0592688918113708,0.9746944308280944,3.456571578979492,3.393917322158813,-0.0626547038555145,0.9735257029533386,3.447129011154175,3.3663113117218018,-0.0808175429701805,0.97996723651886,3.49293065071106,3.400167226791382,-0.092763565480709,0.9827551245689392,3.499580144882202,3.441955804824829,-0.057624123990535736
0.9701711535453796,3.5777904987335205,3.551435232162476,-0.0263550877571105,0.9724843502044678,3.458936214447021,3.43733811378479,-0.0215980149805545,0.9627647399902344,3.49698257446289,3.469716310501098,-0.0272665787488222,0.9835649728775024,3.547903299331665,3.5184805393218994,-0.029422640800476,1.0000604391098022,3.593981504440308,3.5435523986816406,-0.0504282861948013,0.9698047041893004,3.4442389011383057,3.403029203414917,-0.0412096194922924,0.9585043787956238,3.398843765258789,3.358396530151367,-0.040447257459163666
0.9757619500160216,3.5436480045318604,3.468492031097412,-0.0751562193036079,0.9760656952857972,3.481905937194824,3.4063880443573,-0.0755177736282348,0.9811803102493286,3.4857797622680664,3.416708469390869,-0.0690715014934539,0.9781370162963868,3.532614231109619,3.453206777572632,-0.0794077888131141,0.9693455696105956,3.542687177658081,3.4916293621063232,-0.0510581843554973,0.9813815951347352,3.415256977081299,3.337615728378296,-0.0776415318250656,0.9730055332183838,3.4668397903442383,3.3937630653381348,-0.07307662069797516
0.9742863178253174,3.563097715377808,3.5044970512390137,-0.058600541204214,0.9809818863868712,3.499028444290161,3.434784412384033,-0.064244121313095,0.9856199622154236,3.462437868118286,3.434096336364746,-0.028341231867671,0.9817907214164734,3.507785558700561,3.455118417739868,-0.0526672787964344,0.9772624373435974,3.50872015953064,3.4765853881835938,-0.0321345590054988,0.9835367202758788,3.507011890411377,3.4742989540100098,-0.0327128581702709,0.985848069190979,3.5385255813598633,3.4950740337371826,-0.04345104843378067
0.9683060646057128,3.52454686164856,3.472581386566162,-0.0519654564559459,0.987372636795044,3.570446252822876,3.502795934677124,-0.0676503702998161,1.0077255964279177,3.565854072570801,3.5054500102996826,-0.0604045838117599,1.000956654548645,3.5579068660736084,3.4831645488739014,-0.0747425705194473,0.9865567684173584,3.5155160427093506,3.426826477050781,-0.0886900424957275,0.9699473977088928,3.4767165184021,3.3925461769104004,-0.0841705650091171,0.9724288582801819,3.535355567932129,3.482548236846924,-0.052807413041591644
0.9767389297485352,3.5178048610687256,3.4650676250457764,-0.0527370274066925,0.9740676283836364,3.546213388442993,3.4678099155426025,-0.0784037560224533,0.9764098525047302,3.5648417472839355,3.516150712966919,-0.0486910082399845,0.9951886534690856,3.5883448123931885,3.556561231613159,-0.0317834205925464,0.9883097410202026,3.505115032196045,3.4474127292633057,-0.0577021986246109,0.9894205331802368,3.5805418491363525,3.518720865249634,-0.061821237206459,0.9624853730201721,3.4617960453033447,3.3990530967712402,-0.06274276226758957
0.9789150953292848,3.630106925964356,3.5783729553222656,-0.0517336726188659,0.9725472927093506,3.4511001110076904,3.4207231998443604,-0.0303772240877151,0.9798460006713868,3.5346217155456543,3.478982925415039,-0.0556389391422271,0.9659807682037354,3.565545082092285,3.5200557708740234,-0.0454890243709087,0.9795177578926086,3.443031072616577,3.41843318939209,-0.0245977919548749,0.9767330884933472,3.420691728591919,3.3820629119873047,-0.0386288501322269,0.9654993414878845,3.4940531253814697,3.465803623199463,-0.028249403461813927
0.9656208157539368,3.515756607055664,3.4674386978149414,-0.0483176484704017,1.0019221305847168,3.488351821899414,3.43985915184021,-0.0484923273324966,0.9876883625984192,3.4398038387298584,3.38436245918274,-0.0554413869976997,0.9685375094413756,3.4712984561920166,3.412516117095948,-0.0587822683155536,0.9800593256950378,3.469447135925293,3.4231622219085693,-0.0462849475443363,1.027071833610535,3.541304588317871,3.5013904571533203,-0.0399144627153873,0.974433958530426,3.469186782836914,3.417510509490967,-0.05167637765407562
0.9781965613365172,3.530795097351074,3.467082262039185,-0.0637124478816986,0.9757274389266968,3.5097644329071045,3.458455801010132,-0.0513087250292301,0.9868369698524476,3.50142240524292,3.485976457595825,-0.0154459066689014,0.9897791743278505,3.518367290496826,3.4686849117279053,-0.0496825911104679,0.9947906136512756,3.61914587020874,3.541322946548462,-0.0778227373957634,0.9831307530403136,3.5181093215942383,3.445032835006714,-0.0730764120817184,0.9913616180419922,3.6025607585906982,3.562202215194702,-0.04035819321870804
0.9693765640258788,3.482590913772583,3.4575395584106445,-0.0250512603670358,0.9716717600822448,3.4924211502075195,3.452618360519409,-0.0398027710616588,0.9716476202011108,3.452659368515014,3.4287703037261963,-0.0238884817808866,0.9895284175872804,3.4909980297088623,3.435189962387085,-0.0558081604540348,1.0007389783859253,3.3756649494171143,3.3294219970703125,-0.0462428331375122,0.9786954522132874,3.4028561115264893,3.379735946655273,-0.0231198146939277,0.9797071218490601,3.5002505779266357,3.462209463119507,-0.03804086893796921
0.9623591303825378,3.522627115249634,3.4686999320983887,-0.0539271831512451,0.9712793827056884,3.5955920219421387,3.520010709762573,-0.075581170618534,1.008090257644653,3.6240971088409424,3.5376617908477783,-0.0864357054233551,0.98272305727005,3.608843326568604,3.556664228439331,-0.0521792434155941,0.9965804815292358,3.5298492908477783,3.5019562244415283,-0.0278931260108947,0.9802370071411132,3.521954298019409,3.449021100997925,-0.0729333981871604,0.9687438011169434,3.5257108211517334,3.4661080837249756,-0.05960271880030632
0.9702954888343812,3.53491735458374,3.465407609939575,-0.0695096030831337,0.9777568578720092,3.4938905239105225,3.4412224292755127,-0.0526678524911403,0.9963396787643432,3.632556676864624,3.5401527881622314,-0.0924034118652343,0.9863735437393188,3.5994348526000977,3.5159006118774414,-0.0835341364145279,0.9924088716506958,3.52396559715271,3.454390525817871,-0.0695756301283836,0.998532235622406,3.505535364151001,3.4199697971343994,-0.0855656117200851,0.9784992933273315,3.5437726974487305,3.4673104286193848,-0.07646189630031586
0.9759495854377748,3.602052688598633,3.564875364303589,-0.0371772944927215,0.9745007753372192,3.4955499172210693,3.460716009140014,-0.0348336808383464,0.9760528206825256,3.457615613937378,3.4477379322052,-0.0098777702078223,0.9735631346702576,3.453955173492432,3.430087089538574,-0.0238683857023715,1.007602334022522,3.5333251953125,3.520658016204834,-0.0126670198515057,0.9592574834823608,3.4426724910736084,3.4239144325256348,-0.0187583621591329,0.9900352954864502,3.4829721450805664,3.4767818450927734,-0.006190480664372444
0.9716591238975524,3.5248634815216064,3.4787330627441406,-0.0461309403181076,1.0106607675552368,3.5199286937713623,3.486205101013184,-0.033723846077919,1.0038022994995115,3.5343239307403564,3.5088014602661133,-0.0255225989967584,0.9802590608596802,3.5353801250457764,3.5038836002349854,-0.0314963981509208,0.9836885333061218,3.500904321670532,3.4742398262023926,-0.0266640279442071,0.9832717776298524,3.476061582565308,3.45717716217041,-0.0188845116645097,0.9946249127388,3.427739143371582,3.4051623344421387,-0.02257717214524746
0.9658560156822203,3.577789783477783,3.5084445476531982,-0.0693451315164566,0.9857974648475648,3.470370054244995,3.390121936798096,-0.0802479460835456,0.9957228302955629,3.489373683929444,3.410569429397583,-0.078803963959217,0.9841905832290648,3.579859733581543,3.529238700866699,-0.0506213493645191,0.9725112318992616,3.504106283187866,3.442643404006958,-0.0614629015326499,0.990063488483429,3.564993143081665,3.496020793914795,-0.0689727365970611,0.978061854839325,3.506903886795044,3.458073616027832,-0.048830270767211914
0.9761375188827516,3.469082832336426,3.4140055179595947,-0.0550770983099937,0.9614388942718506,3.600780725479126,3.543963670730591,-0.0568173788487911,0.9806799292564392,3.4644625186920166,3.4310553073883057,-0.0334071442484855,0.9718607068061828,3.58455753326416,3.5312955379486084,-0.0532617643475532,0.9780848622322084,3.5225260257720947,3.4697697162628174,-0.0527566000819206,0.9842614531517028,3.4768316745758057,3.4438693523406982,-0.0329617336392402,0.9784374833106995,3.500821590423584,3.473506450653076,-0.02731490321457386
0.9785014390945436,3.561362266540528,3.492641925811768,-0.0687203183770179,0.9745920300483704,3.491494655609131,3.4425408840179443,-0.0489538237452507,0.988381803035736,3.539808511734009,3.49013900756836,-0.0496695972979068,0.9857048988342284,3.565460443496704,3.5166356563568115,-0.0488247573375701,0.9740493893623352,3.454208374023437,3.3821794986724854,-0.0720292553305625,0.9951025247573853,3.498772621154785,3.419013261795044,-0.0797594413161277,0.9859960079193115,3.4757187366485596,3.408107042312622,-0.06761173903942108
0.9825966358184814,3.567526340484619,3.522977113723755,-0.0445489138364791,0.9861647486686708,3.5101749897003174,3.4733309745788574,-0.0368438363075256,0.9823967218399048,3.599432945251465,3.561496496200561,-0.0379364266991615,0.95674729347229,3.5455193519592285,3.492793798446656,-0.0527252741158008,0.9684686064720154,3.413418292999268,3.3901169300079346,-0.0233015529811382,0.9790537357330322,3.5081212520599365,3.454284429550171,-0.0538366921246051,0.9736199378967285,3.452141284942627,3.4269790649414062,-0.02516266517341137
0.9853796362876892,3.547510862350464,3.52591609954834,-0.0215946175158023,0.9798501133918762,3.4674150943756104,3.4211878776550293,-0.0462270230054855,0.9758971333503724,3.492431879043579,3.479089736938477,-0.013342248275876,0.980955958366394,3.55854606628418,3.51112699508667,-0.0474190935492515,0.9760811924934388,3.4149210453033447,3.3893892765045166,-0.0255314577370882,0.9844340682029724,3.559617280960083,3.492462635040283,-0.0671542659401893,0.9894593358039856,3.473238945007324,3.3939831256866455,-0.07925567030906677
0.9644294381141664,3.555531740188598,3.482494831085205,-0.0730368494987487,0.979761004447937,3.488155603408813,3.4222140312194824,-0.0659419372677803,0.9900882244110109,3.491729736328125,3.437363862991333,-0.0543658733367919,0.9960527420043944,3.5790436267852783,3.527157783508301,-0.0518857389688491,1.0054014921188354,3.450254440307617,3.3786981105804443,-0.0715563967823982,0.9914742708206176,3.5094943046569824,3.454364061355591,-0.0551300793886184,0.9822021722793579,3.485924243927002,3.43204927444458,-0.05387527495622635
0.983245611190796,3.4932456016540527,3.438525438308716,-0.0547196827828884,0.9890707731246948,3.448230266571045,3.363745927810669,-0.0844840854406356,0.971240758895874,3.469508171081543,3.391138792037964,-0.078369066119194,0.9985584616661072,3.589892864227295,3.530360698699951,-0.0595322176814079,0.9805325865745544,3.574712038040161,3.4948999881744385,-0.079811967909336,0.984351634979248,3.4615020751953125,3.3645710945129395,-0.0969311967492103,0.9747843742370605,3.480626344680786,3.3997089862823486,-0.08091738820075989
0.9708160161972046,3.499652624130249,3.4887895584106445,-0.0108625870198011,0.9711860418319702,3.49388074874878,3.478354215621948,-0.015525977127254,0.9718783497810364,3.5589094161987305,3.549800634384156,-0.0091091021895408,0.9730898141860962,3.5578958988189697,3.548637628555298,-0.009257792495191,0.9723238945007324,3.562321901321411,3.5286865234375,-0.0336355157196521,0.9768142104148864,3.52274489402771,3.50656533241272,-0.0161796491593122,0.9784616827964783,3.497495651245117,3.4790468215942383,-0.018448520451784134
0.9600562453269958,3.4780497550964355,3.451279163360596,-0.0267707705497741,0.9668437242507936,3.517305374145508,3.470531702041626,-0.0467739291489124,0.9719104766845704,3.529716730117798,3.50976300239563,-0.0199531782418489,0.9703245759010316,3.617532968521118,3.571308851242065,-0.0462237671017646,1.002163290977478,3.548611879348755,3.5256197452545166,-0.0229922588914632,0.989061951637268,3.488336563110352,3.4676144123077397,-0.0207223892211914,0.9842562079429626,3.5266361236572266,3.5111515522003174,-0.015484725125133991
0.9746769070625304,3.550272226333618,3.516244888305664,-0.0340268276631832,0.9719561338424684,3.5452229976654053,3.51462984085083,-0.0305932778865098,0.988368272781372,3.497909545898437,3.484398603439331,-0.0135108595713973,0.9707158207893372,3.5539889335632324,3.526656150817871,-0.0273328032344579,0.9886502623558044,3.504390239715576,3.470599174499512,-0.0337910614907741,0.984509289264679,3.5055997371673584,3.470447063446045,-0.0351527333259582,0.9748064279556274,3.4126996994018555,3.366147041320801,-0.046552639454603195
0.9520959854125975,3.4054574966430664,3.356167793273926,-0.0492894873023033,0.9735393524169922,3.487801551818848,3.41335129737854,-0.0744503661990165,1.0113351345062256,3.530171632766724,3.5088446140289307,-0.02132667042315,0.9553608894348145,3.5106313228607178,3.438570499420166,-0.0720610991120338,0.9959093332290648,3.570843458175659,3.5283443927764893,-0.0424987077713012,0.9858059883117676,3.4925730228424072,3.4677484035491943,-0.0248244758695364,0.9851953983306885,3.482938289642334,3.4561145305633545,-0.026823699474334717
0.98296457529068,3.577392101287842,3.544567346572876,-0.0328245386481285,0.9674134850502014,3.4984638690948486,3.482011079788208,-0.0164529271423816,0.989566683769226,3.458087921142578,3.4269819259643555,-0.0311056450009346,0.9788525104522704,3.504577398300171,3.457260131835937,-0.0473175197839736,0.9726227521896362,3.404036521911621,3.377700090408325,-0.0263363812118768,0.987193524837494,3.4377195835113525,3.4208245277404785,-0.0168950837105512,0.9723215103149414,3.415152072906494,3.3667805194854736,-0.048371389508247375
0.9726282954216005,3.5413267612457275,3.5020751953125,-0.0392516478896141,0.9948750734329224,3.564614534378052,3.530531644821167,-0.0340831577777862,0.9912721514701844,3.436718940734864,3.429841995239258,-0.0068769655190408,0.9866295456886292,3.562494993209839,3.5540218353271484,-0.0084725227206945,0.9666689038276672,3.475574016571045,3.431652307510376,-0.0439218468964099,0.996679663658142,3.45945143699646,3.4374771118164062,-0.0219745244830846,0.9981833100318909,3.46635103225708,3.3937864303588867,-0.07256469130516052
0.999865472316742,3.570667266845703,3.5280351638793945,-0.0426319167017936,0.975249409675598,3.511305332183838,3.4448962211608887,-0.0664089769124984,0.9793697595596312,3.5468406677246094,3.5105817317962646,-0.0362587459385395,0.9741354584693908,3.5373754501342773,3.4716854095458984,-0.0656900182366371,0.9764539003372192,3.53936767578125,3.488775968551636,-0.0505912080407142,1.0044375658035278,3.49787974357605,3.448575258255005,-0.0493048541247844,0.985437273979187,3.5620317459106445,3.5062460899353027,-0.05578586459159851
0.9708741903305054,3.577937364578247,3.5035760402679443,-0.0743611976504325,0.9911120533943176,3.6222665309906006,3.577841281890869,-0.0444250963628292,0.9839814901351928,3.57822322845459,3.531797409057617,-0.0464257262647151,0.9795327186584472,3.539780139923096,3.4957387447357178,-0.0440415553748607,0.9998414516448976,3.523390293121338,3.47542691230774,-0.0479635223746299,0.9969061613082886,3.51189398765564,3.4352593421936035,-0.0766343623399734,0.9764519929885864,3.505199909210205,3.4540963172912598,-0.05110371485352516
0.9688921570777892,3.577542781829834,3.535832643508911,-0.0417102426290512,0.9735766053199768,3.4800362586975098,3.46131443977356,-0.0187219735234975,0.9947250485420228,3.4924676418304443,3.4654695987701416,-0.0269980952143669,0.9735610485076904,3.4993679523468018,3.454759359359741,-0.0446083098649978,0.9683574438095092,3.5097813606262207,3.471131086349488,-0.0386501103639602,0.9766709208488464,3.502009868621826,3.474849939346313,-0.0271600484848022,1.0032522678375244,3.4934322834014893,3.446310043334961,-0.04712214320898056
0.995402216911316,3.5027096271514893,3.4843671321868896,-0.0183425266295671,0.9647825956344604,3.537759780883789,3.5196664333343506,-0.0180933475494384,0.9749233722686768,3.498308658599853,3.509482860565185,0.0111742308363318,0.982461154460907,3.5735223293304443,3.5147006511688232,-0.0588217675685882,0.9821083545684814,3.4904184341430664,3.412501573562622,-0.0779173225164413,0.9765985608100892,3.437638998031616,3.4084784984588623,-0.0291605796664953,0.9708458781242371,3.4763360023498535,3.454113245010376,-0.022222699597477913
0.9806936979293824,3.550642251968384,3.5306453704833984,-0.0199969429522752,0.9668781161308287,3.571727991104126,3.552138328552246,-0.0195895396173,1.0059980154037476,3.552365303039551,3.513744354248047,-0.0386206395924091,0.9918133020401,3.599393606185913,3.561877965927124,-0.0375152267515659,0.972383975982666,3.4083845615386963,3.39662504196167,-0.0117597579956054,0.9756259322166444,3.4298932552337646,3.418469190597534,-0.0114239696413278,0.9931177496910095,3.602048397064209,3.5798890590667725,-0.0221592728048563
0.9951083660125732,3.572842597961426,3.535156726837158,-0.0376853384077549,0.9839966893196106,3.45428729057312,3.446066379547119,-0.0082215219736099,0.975322425365448,3.5485260486602783,3.528090000152588,-0.0204360596835613,0.9672359228134156,3.5529441833496094,3.5246267318725586,-0.0283169876784086,1.000019669532776,3.507734060287476,3.4927403926849365,-0.0149939442053437,0.9772412180900574,3.5098257064819336,3.4844915866851807,-0.0253342147916555,0.9919525384902954,3.5173308849334717,3.4882493019104004,-0.029081257060170174
0.9719059467315674,3.5401804447174072,3.5060720443725586,-0.0341079868376255,0.970464825630188,3.512059450149536,3.459848642349243,-0.052210446447134,0.983064353466034,3.5113677978515625,3.4644575119018555,-0.0469100177288055,0.9810360670089722,3.49521279335022,3.472726821899414,-0.0224862974137067,0.9946345686912536,3.477059841156006,3.439105749130249,-0.037954069674015,0.9978713393211364,3.4518721103668213,3.4380600452423096,-0.0138121303170919,0.9841020107269287,3.5807576179504395,3.5511012077331543,-0.029656413942575455
0.9938505291938782,3.5668938159942627,3.5170323848724365,-0.0498619899153709,0.9845635890960692,3.4981906414031982,3.44478440284729,-0.0534060597419738,0.9983562231063844,3.4312846660614014,3.364760160446167,-0.0665248706936836,0.9678142666816713,3.5632174015045166,3.496144294738769,-0.0670727342367172,0.9769201874732972,3.4880530834198,3.413246393203736,-0.0748068615794181,0.9795873761177064,3.436329841613769,3.3823108673095703,-0.0540192499756813,1.0029728412628174,3.5445001125335693,3.4714725017547607,-0.07302732765674591
0.9816675186157228,3.530047655105591,3.4624128341674805,-0.0676346272230148,0.9904226660728456,3.52046537399292,3.4879825115203857,-0.0324828550219535,0.9691272974014282,3.452189683914185,3.4354851245880127,-0.0167046338319778,0.9688841104507446,3.503540515899658,3.48738169670105,-0.0161587540060281,1.0071371793746948,3.559823036193848,3.523335695266724,-0.036487266421318,0.98127681016922,3.5180375576019287,3.4384684562683105,-0.0795691460371017,0.9900299906730652,3.553644895553589,3.4732320308685303,-0.080412857234478
0.9722440838813782,3.5214433670043945,3.479918956756592,-0.0415244251489639,0.9781115651130676,3.539405107498169,3.499485969543457,-0.0399187207221984,0.9861149787902832,3.473199844360352,3.4109151363372803,-0.0622845515608787,0.9759010076522828,3.5124378204345703,3.457737445831299,-0.0547004081308841,0.9895514845848083,3.5455565452575684,3.488217830657959,-0.0573386773467063,0.9742423295974731,3.415547132492065,3.327781915664673,-0.0877656862139701,0.9652907252311707,3.4980926513671875,3.4109764099121094,-0.08711607754230499
0.96067076921463,3.540009021759033,3.468961715698242,-0.0710472986102104,0.9678503274917604,3.5691750049591064,3.5445261001586914,-0.0246486812829971,0.9889808893203736,3.562025785446167,3.5063400268554688,-0.055685706436634,0.9874000549316406,3.6013901233673096,3.538506031036377,-0.0628840252757072,0.9838834404945374,3.477926015853882,3.406142473220825,-0.0717835128307342,0.9935933351516724,3.3891501426696777,3.302553653717041,-0.0865964069962501,0.9806541204452515,3.5507867336273193,3.4759957790374756,-0.07479081302881241
0.9667689204216005,3.6167378425598153,3.5695114135742188,-0.0472265556454658,0.9679768085479736,3.5848820209503174,3.5487637519836426,-0.0361180156469345,0.9979642629623412,3.489722728729248,3.458179473876953,-0.0315432548522949,0.9805444478988647,3.622487545013428,3.5808358192443848,-0.0416515804827213,0.9783408045768738,3.56241774559021,3.5324037075042725,-0.0300140753388404,0.9956452250480652,3.4586846828460693,3.4411988258361816,-0.0174852460622787,0.979733407497406,3.531755208969116,3.5075082778930664,-0.02424686960875988
0.9859771728515624,3.591458559036255,3.540168285369873,-0.0512903779745101,0.9960433840751648,3.5918118953704834,3.545006036758423,-0.0468058586120605,0.9972677826881408,3.592905282974243,3.5443484783172607,-0.0485565811395645,0.985134482383728,3.6082262992858887,3.5662221908569336,-0.0420045591890811,0.9697477221488952,3.4507546424865723,3.435145378112793,-0.0156092140823602,0.9922640323638916,3.4342200756073,3.389828681945801,-0.044391743838787,0.9928600192070007,3.57405424118042,3.5460002422332764,-0.028054099529981613
0.9680280089378356,3.552530288696289,3.4903488159179688,-0.0621816925704479,0.9632687568664552,3.4688732624053955,3.4547605514526367,-0.0141128310933709,0.9661901593208312,3.452942371368408,3.403273582458496,-0.049669075757265,0.951431691646576,3.466411828994751,3.392696142196656,-0.0737160220742225,0.985271692276001,3.4622550010681152,3.439225435256958,-0.0230288878083229,0.9917269349098206,3.565711498260498,3.5044612884521484,-0.0612505339086055,0.9791749715805054,3.411334753036499,3.4023985862731934,-0.008936102502048016
0.9728557467460632,3.452073812484741,3.3809595108032227,-0.0711139440536499,0.9807382822036744,3.57487416267395,3.517369031906128,-0.0575054176151752,0.9785821437835692,3.4935202598571777,3.4229226112365723,-0.0705974772572517,0.9723333120346068,3.534457206726074,3.453658103942871,-0.0807990655303001,0.97408527135849,3.5073044300079346,3.41637921333313,-0.0909255519509315,0.9902923107147216,3.500293016433716,3.4253833293914795,-0.0749099850654602,0.9922710657119751,3.5222058296203613,3.4481546878814697,-0.07405117154121399
0.9785257577896118,3.545621871948242,3.5231101512908936,-0.0225112456828355,0.988964319229126,3.5582821369171143,3.5151233673095703,-0.0431587621569633,0.9946616291999816,3.555485725402832,3.506861925125122,-0.0486238077282905,0.9788145422935486,3.603337526321411,3.556732177734375,-0.0466051921248436,0.9786811470985411,3.5115737915039062,3.457420110702514,-0.0541533604264259,0.98891419172287,3.458132266998291,3.413580656051636,-0.0445518754422664,0.9826038479804993,3.4579734802246094,3.4032914638519287,-0.05468231812119484
0.9696230292320251,3.539807081222534,3.474750280380249,-0.0650569349527359,0.9681756496429444,3.5740370750427246,3.5147531032562256,-0.0592842772603035,0.977675437927246,3.51818585395813,3.4702565670013428,-0.0479292757809162,0.9611237645149232,3.479783296585083,3.401184797286988,-0.0785988345742225,1.0052345991134644,3.5293219089508057,3.456428289413452,-0.0728932991623878,0.9901337623596193,3.523911237716675,3.453654527664185,-0.0702565908432006,0.9803577065467834,3.5647194385528564,3.4888882637023926,-0.0758315697312355
0.9654921889305116,3.443225145339966,3.393071413040161,-0.0501540042459964,0.9758702516555786,3.471280097961426,3.447249412536621,-0.0240305308252573,0.9943615794181824,3.5407299995422363,3.527013063430786,-0.0137171782553195,0.977611243724823,3.5224220752716064,3.4461560249328613,-0.0762665718793869,0.9767068028450012,3.4681904315948486,3.448317289352417,-0.0198729652911424,0.9723742604255676,3.509113311767578,3.4574551582336426,-0.0516585335135459,0.9866618514060974,3.4696621894836426,3.4320013523101807,-0.03766096383333206
0.9568783640861512,3.5270166397094727,3.5008692741394043,-0.0261474289000034,0.9859187006950378,3.511439323425293,3.4725770950317383,-0.0388622023165226,0.988328218460083,3.517791271209717,3.468940019607544,-0.0488513894379138,0.9770926833152772,3.5354599952697754,3.5034751892089844,-0.0319849364459514,0.9799151420593262,3.4766921997070312,3.431138277053833,-0.0455539710819721,0.9868533611297609,3.4996259212493896,3.4692494869232178,-0.0303764026612043,0.9588991403579712,3.426758289337158,3.334587574005127,-0.0921703651547432
0.9632723927497864,3.4327120780944824,3.374098539352417,-0.0586133599281311,0.9888861775398254,3.5084068775177,3.4496641159057617,-0.0587428361177444,0.987390398979187,3.489346742630005,3.4066033363342285,-0.0827435851097107,0.9711213707923888,3.546757936477661,3.4859778881073,-0.0607797428965568,0.966576874256134,3.491337299346924,3.466797113418579,-0.0245403423905372,0.985718071460724,3.531737327575684,3.460683822631836,-0.0710536539554596,0.974075198173523,3.4204800128936768,3.354461669921875,-0.06601835042238235
0.9746173620224,3.598238229751587,3.533774375915528,-0.064463585615158,0.965860903263092,3.526437997817993,3.457444667816162,-0.06899344176054,1.066198706626892,3.582423686981201,3.522180795669556,-0.0602433010935783,0.9606944918632508,3.499316453933716,3.416550397872925,-0.082766592502594,0.9965372681617736,3.5351359844207764,3.456506490707397,-0.0786293968558311,0.992630660533905,3.4898464679718018,3.4406614303588867,-0.0491852797567844,0.9961420297622681,3.5019261837005615,3.430913209915161,-0.0710132047533989
0.9710644483566284,3.55378532409668,3.5252840518951416,-0.0285013671964406,0.9671525955200196,3.4776265621185303,3.444793701171875,-0.0328324623405933,1.0077455043792725,3.531091928482056,3.467459917068481,-0.063632346689701,0.962845742702484,3.469157457351685,3.4338011741638184,-0.0353559032082557,0.9864948987960817,3.545674085617065,3.5174357891082764,-0.0282382909208536,0.9742741584777832,3.4330527782440186,3.4194836616516118,-0.0135690169408917,0.9763860702514648,3.4840526580810547,3.4398090839385986,-0.04424366354942322
0.9714962244033812,3.585932970046997,3.5614771842956543,-0.0244558919221162,0.9846038818359376,3.5900704860687256,3.558511734008789,-0.0315590091049671,0.9912447333335876,3.533963680267334,3.4830830097198486,-0.0508801937103271,0.9698445200920104,3.5102970600128174,3.492669105529785,-0.0176280699670314,0.9763050079345704,3.482701301574707,3.4642128944396973,-0.0184876881539821,0.982110559940338,3.478900671005249,3.4412224292755127,-0.0376786179840564,0.9896447658538818,3.557969331741333,3.534152030944824,-0.023817023262381554
0.9600426554679872,3.478795051574707,3.454530954360962,-0.0242640078067779,0.9779065251350404,3.5003557205200195,3.4508049488067627,-0.0495505146682262,0.9832919836044312,3.506911039352417,3.4590272903442383,-0.0478839427232742,1.0025793313980105,3.583007335662842,3.532407522201538,-0.0505998730659484,0.9832426309585572,3.49668025970459,3.43587589263916,-0.0608043409883976,0.99820876121521,3.411949396133423,3.3500380516052246,-0.0619111061096191,0.9834927320480347,3.507215738296509,3.4434010982513428,-0.06381461024284363
0.99539715051651,3.6724605560302734,3.619052648544312,-0.0534075945615768,0.9719105362892152,3.533366680145264,3.506490468978882,-0.0268759876489639,0.9914591908454896,3.5922625064849854,3.520207405090332,-0.0720552206039428,0.9816696047782898,3.612046718597412,3.543819665908813,-0.0682268366217613,0.981073260307312,3.496875286102295,3.434354782104492,-0.0625205487012863,0.9978066682815552,3.4677038192749023,3.3912956714630127,-0.0764081329107284,1.0004549026489258,3.5028727054595947,3.455078601837158,-0.04779403284192085
0.9739140272140504,3.581306934356689,3.5471954345703125,-0.0341114476323127,1.0005697011947632,3.5626981258392334,3.5322036743164062,-0.0304944422096014,1.0078085660934448,3.5445785522460938,3.519983053207397,-0.0245952010154724,0.9911195635795592,3.607565402984619,3.567091941833496,-0.0404736474156379,0.9715386629104614,3.4314451217651367,3.390660762786865,-0.0407845303416252,0.9813135862350464,3.513277530670166,3.494316339492798,-0.0189613364636898,0.9648501873016357,3.5450241565704346,3.4769909381866455,-0.06803300231695175
0.963292360305786,3.48274564743042,3.415454149246216,-0.0672914236783981,0.9883710741996764,3.560624361038208,3.502991914749145,-0.057632640004158,0.9797469973564148,3.470610857009888,3.4425408840179443,-0.0280698295682668,0.9775891304016112,3.5389721393585205,3.5031933784484863,-0.0357791036367416,0.9991928935050964,3.513160228729248,3.439868211746216,-0.0732918679714202,0.9753565788269044,3.443732500076294,3.3626675605773926,-0.0810652747750282,0.9983159899711609,3.551344871520996,3.521376132965088,-0.02996869385242462
0.979833483695984,3.5518410205841064,3.50650691986084,-0.0453340448439121,0.9721918702125548,3.486877918243408,3.4191603660583496,-0.0677176564931869,0.9908084273338318,3.556779861450196,3.517604112625122,-0.0391761623322963,1.0039901733398438,3.641711711883545,3.592950820922852,-0.0487608499825,0.9958338141441344,3.5311837196350098,3.5043301582336426,-0.0268540326505899,0.9812227487564088,3.489108085632324,3.4325287342071533,-0.0565796792507171,0.9813859462738037,3.4406328201293945,3.3988139629364014,-0.041818782687187195
0.9881227612495422,3.516151666641236,3.476104021072388,-0.0400475896894931,0.9786016941070556,3.457093954086304,3.406481504440308,-0.0506126210093498,0.9673107266426086,3.47979998588562,3.4494616985321045,-0.0303385257720947,0.9812345504760742,3.525089263916016,3.4759771823883057,-0.0491122081875801,0.9924104809761048,3.447251796722412,3.413681983947754,-0.0335695594549179,0.9975352883338928,3.454540252685547,3.3888187408447266,-0.0657214894890785,0.9831671714782715,3.527977466583252,3.4855294227600098,-0.04244815930724144
0.9814072251319884,3.561041116714477,3.543662071228028,-0.0173785164952278,0.9723663330078124,3.56394362449646,3.5592405796051025,-0.0047032563015818,1.003521203994751,3.524309635162353,3.504575252532959,-0.0197343565523624,0.9748890995979308,3.559307813644409,3.545780897140503,-0.0135269314050674,0.9741273522377014,3.4763612747192383,3.445768356323242,-0.030592743307352,0.9811878204345704,3.5855112075805664,3.5500309467315674,-0.0354801304638385,0.9704092144966125,3.4965806007385254,3.4539153575897217,-0.04266507178544998
0.9795124530792236,3.52618408203125,3.4598169326782227,-0.0663669928908348,0.9823552370071412,3.582841396331787,3.5272445678710938,-0.0555962771177291,0.9839683771133424,3.5348055362701416,3.449266195297241,-0.0855396389961242,1.0053402185440063,3.5889675617218018,3.513912439346313,-0.0750546380877494,1.00603449344635,3.534749984741211,3.460556983947754,-0.0741930678486824,0.9806699752807616,3.6065263748168954,3.519539594650269,-0.0869869738817215,1.0240848064422607,3.616783380508423,3.538419008255005,-0.07836464792490005
0.9748645424842834,3.5133464336395264,3.4436888694763184,-0.0696576237678527,0.986661732196808,3.4711921215057373,3.406624794006348,-0.0645675808191299,0.9771503210067748,3.4411003589630127,3.417081594467163,-0.0240184962749481,0.9710912704467772,3.457104682922364,3.4024486541748047,-0.05465554818511,0.9786952137947084,3.482049465179444,3.419031143188477,-0.063018262386322,0.9710407853126526,3.409003973007202,3.3594789505004883,-0.0495250709354877,0.9750197529792786,3.482398748397827,3.4319844245910645,-0.05041443929076195
0.9756273627281188,3.623985290527344,3.5669960975646973,-0.0569896958768367,0.9723622798919678,3.499824523925781,3.407963991165161,-0.0918603762984275,0.9722464680671692,3.471509456634521,3.396113157272339,-0.0753960385918617,0.978376567363739,3.5480432510375977,3.471316337585449,-0.0767273679375648,0.9880176186561584,3.4428627490997314,3.3851656913757324,-0.0576971769332885,0.9900734424591064,3.520765781402588,3.459078073501587,-0.0616878196597099,1.0131309032440186,3.6326770782470703,3.5474395751953125,-0.08523787558078766
0.9688419699668884,3.478489637374878,3.4387121200561523,-0.0397776030004024,0.9807447791099548,3.504061698913574,3.4906656742095947,-0.013396019116044,0.9968795776367188,3.5492537021636963,3.508394479751587,-0.0408595465123653,0.9819587469100952,3.5282058715820312,3.5202012062072754,-0.0080045508220791,0.9680203199386596,3.474536180496216,3.4549386501312256,-0.0195981673896312,0.982297956943512,3.5083320140838623,3.495673418045044,-0.0126586398109793,0.9657573699951172,3.517650604248047,3.479741096496582,-0.03790924698114395
0.9792879819869996,3.604028224945069,3.527471780776977,-0.0765561833977699,0.9831231236457824,3.510082244873047,3.4802606105804443,-0.0298213139176368,0.9700050354003906,3.45686149597168,3.392350196838379,-0.0645112171769142,0.9835622310638428,3.475814819335937,3.4438862800598145,-0.0319285094738006,0.9809037446975708,3.490219831466675,3.434713363647461,-0.0555066354572773,1.0109869241714478,3.5118439197540283,3.4384615421295166,-0.0733824223279953,0.9877413511276245,3.5635523796081543,3.5088706016540527,-0.05468175560235977
0.9732190370559692,3.5010125637054443,3.459047555923462,-0.0419648960232734,0.9828552007675172,3.5083367824554443,3.4624154567718506,-0.0459212847054004,0.9957284331321716,3.53730845451355,3.5102250576019287,-0.0270837750285863,0.9763699769973756,3.539770126342773,3.4924540519714355,-0.0473160445690155,0.9857380390167236,3.3993852138519287,3.3779520988464355,-0.0214326940476894,0.981053590774536,3.504844665527344,3.483891487121582,-0.0209534130990505,0.9869089722633362,3.5026705265045166,3.478527307510376,-0.024143079295754433
0.9733296036720276,3.473888397216797,3.423487901687622,-0.0504000484943389,0.9764081835746764,3.5071861743927,3.4459550380706787,-0.0612315125763416,1.0071512460708618,3.516374588012696,3.4416818618774414,-0.0746929123997688,0.9914718866348268,3.4767062664031982,3.405524492263794,-0.0711817145347595,0.9738023281097412,3.367793321609497,3.278364419937134,-0.0894290581345558,0.974433660507202,3.4245445728302,3.4042694568634038,-0.0202751066535711,0.9768492579460144,3.593395233154297,3.5542235374450684,-0.03917161002755165
0.9713144898414612,3.522134065628052,3.481116533279419,-0.0410175360739231,0.9797633290290833,3.482591152191162,3.405959129333496,-0.0766323655843734,0.9999801516532898,3.4575295448303223,3.435692071914673,-0.0218377672135829,0.989887237548828,3.48994255065918,3.44335412979126,-0.0465887188911438,0.974231779575348,3.47529935836792,3.3910648822784424,-0.0842343941330909,0.9809336066246032,3.50291109085083,3.464261531829834,-0.0386494398117065,0.9885250329971313,3.5271670818328857,3.5116610527038574,-0.015506184659898281
0.97022944688797,3.555173397064209,3.5255126953125,-0.0296606533229351,0.9865461587905884,3.611098289489746,3.561741828918457,-0.0493568144738674,0.9953884482383728,3.5318336486816406,3.451218366622925,-0.0806155726313591,0.9787047505378724,3.6204309463500977,3.541818618774414,-0.0786124542355537,0.9843170642852784,3.534357070922852,3.460404872894287,-0.073952741920948,0.9979156851768494,3.571516990661621,3.5232648849487305,-0.0482524149119854,0.9982003569602966,3.612382411956787,3.557300329208374,-0.05508170276880264
0.9851078391075134,3.5721089839935303,3.549107074737549,-0.0230014715343713,0.9812315702438354,3.499880313873291,3.487006187438965,-0.0128743620589375,0.9850046038627625,3.4829978942871094,3.4615683555603027,-0.0214293096214532,0.9750483632087708,3.511977195739746,3.471518516540528,-0.0404588878154754,0.978791892528534,3.4671194553375244,3.442052364349365,-0.0250669978559017,0.9775190949440002,3.469978094100952,3.455162286758423,-0.0148158576339483,1.0000888109207153,3.5488128662109375,3.520258665084839,-0.028554340824484825
0.9590273499488832,3.473966598510742,3.453098058700561,-0.0208681616932153,0.9817283749580384,3.530639886856079,3.485938549041748,-0.0447012409567832,0.9724594950675964,3.546419382095337,3.5253746509552,-0.0210444163531065,0.9829916954040528,3.564176082611084,3.5491433143615723,-0.0150328781455755,0.974420964717865,3.460526704788208,3.446725606918335,-0.0138013064861297,0.9843232035636902,3.446408033370972,3.376051664352417,-0.0703564882278442,0.9799426794052124,3.454927921295166,3.404231548309326,-0.05069642886519432
0.9804696440696716,3.5670695304870605,3.5161166191101074,-0.050952773541212,0.9820629954338074,3.497631549835205,3.465248346328736,-0.0323833152651786,0.9879351258277892,3.5107150077819824,3.460456371307373,-0.0502582602202892,0.9669204354286194,3.5186710357666016,3.477076292037964,-0.04159477353096,0.989242672920227,3.474586248397827,3.428927183151245,-0.0456589572131633,0.9910969138145448,3.475158929824829,3.450926780700684,-0.0242319591343402,0.9852564334869385,3.4966752529144287,3.452144145965576,-0.04453159123659134
0.9622061848640442,3.463024377822876,3.4481418132781982,-0.0148824518546462,0.9662032127380372,3.510361194610596,3.479437351226806,-0.0309234596788883,0.9775282144546508,3.526378870010376,3.5051605701446533,-0.0212184581905603,0.981555163860321,3.539952754974365,3.513414144515991,-0.0265385769307613,0.9802505373954772,3.435656309127808,3.416034460067749,-0.0196214038878679,1.001620888710022,3.489158391952514,3.4700727462768555,-0.0190853718668222,0.9757821559906006,3.524299144744873,3.4982635974884033,-0.026035426184535027
0.9798753261566162,3.581267833709717,3.5001325607299805,-0.08113494515419,0.9728826284408568,3.40836238861084,3.333606719970703,-0.074755810201168,0.9863722324371338,3.494436025619507,3.4166624546051025,-0.0777732878923416,0.9840909838676452,3.526851892471313,3.4546942710876465,-0.0721580311655998,0.9975467324256896,3.469388008117676,3.443514823913574,-0.0258731860667467,0.974680721759796,3.4623942375183105,3.4003162384033203,-0.0620777644217014,0.9815347790718079,3.457814931869507,3.383624315261841,-0.07419026643037796
0.9615272879600524,3.4574673175811768,3.3928918838500977,-0.0645756796002388,0.983692228794098,3.538532257080078,3.4539337158203125,-0.0845985487103462,0.991306483745575,3.518662452697754,3.4544718265533447,-0.0641904920339584,0.969777286052704,3.4451420307159424,3.3647735118865967,-0.0803686082363128,0.9748551845550536,3.481445789337158,3.4205150604248047,-0.0609309375286102,1.0046478509902954,3.5489981174468994,3.4743664264678955,-0.0746316239237785,0.9833910465240479,3.478738784790039,3.424760580062866,-0.053978331387043
0.9660431742668152,3.553240776062012,3.509005308151245,-0.044235486537218,0.9558736085891724,3.472872018814087,3.444974660873413,-0.0278972871601581,1.005219578742981,3.510404348373413,3.464952230453491,-0.0454521253705024,0.9922003149986268,3.520476818084717,3.4884471893310547,-0.0320294499397277,0.9791949391365052,3.516512155532837,3.4750757217407227,-0.0414365194737911,0.9761068820953368,3.48697280883789,3.454911470413208,-0.0320615097880363,0.9874216914176941,3.485909938812256,3.454271078109741,-0.031638626009225845
0.9841296672821044,3.538755416870117,3.478222370147705,-0.0605331622064113,1.0295445919036863,3.606327533721924,3.5200555324554443,-0.0862722545862197,0.9941223859786988,3.502654790878296,3.4162380695343018,-0.0864168033003807,0.987718403339386,3.518026828765869,3.424107789993286,-0.0939191505312919,0.9984700083732604,3.497741222381592,3.424842596054077,-0.0728986039757728,1.00239360332489,3.522419214248657,3.4211313724517822,-0.1012880206108093,0.9706457257270813,3.517587661743164,3.4427573680877686,-0.07483071088790894
0.958500325679779,3.505448579788208,3.4656317234039307,-0.0398175492882728,0.973543107509613,3.571293830871582,3.545043468475342,-0.0262500513345003,0.9782175421714784,3.563316822052002,3.542593717575073,-0.0207232125103473,0.9753075838088988,3.5399539470672607,3.520045518875122,-0.0199087392538785,0.9886286854743958,3.563750028610229,3.536076784133911,-0.0276731941848993,0.9689453840255736,3.498563766479492,3.4800751209259038,-0.0184888336807489,0.9925950169563293,3.589848756790161,3.557866096496582,-0.03198320046067238
0.9956063628196716,3.5158886909484863,3.4853200912475586,-0.0305688679218292,0.9809173941612244,3.4921395778656006,3.4321775436401367,-0.0599622316658496,0.9663794040679932,3.4844439029693604,3.4392764568328857,-0.0451672598719596,0.9782058596611024,3.587886571884156,3.528515338897705,-0.0593710616230964,0.9881939888000488,3.4498813152313232,3.384722948074341,-0.0651580542325973,0.9714025259017944,3.449025630950928,3.423335075378418,-0.0256907064467668,0.9796664118766785,3.550082206726074,3.5011472702026367,-0.048935018479824066
0.98014634847641,3.5009407997131348,3.42944860458374,-0.0714923813939094,0.9834240078926086,3.488868474960327,3.4155542850494385,-0.0733139961957931,1.0009663105010986,3.505293607711792,3.4520487785339355,-0.0532444342970848,0.9573892951011658,3.407920360565185,3.3877198696136475,-0.0201998837292194,0.9742032289505004,3.527731418609619,3.4628586769104004,-0.0648729056119918,0.989061176776886,3.432403326034546,3.386893510818481,-0.0455096885561943,0.9928096532821655,3.5141866207122803,3.438831090927124,-0.07535555213689804
0.968281626701355,3.5561740398406982,3.5386526584625244,-0.0175211895257234,0.9765743017196656,3.477965831756592,3.44952654838562,-0.0284392070025205,0.9796778559684752,3.461702346801758,3.420671224594116,-0.0410314016044139,0.9680273532867432,3.520671367645264,3.478800058364868,-0.0418715551495552,0.9773780107498168,3.4571688175201416,3.438612461090088,-0.0185563471168279,0.98487788438797,3.546316146850586,3.535684108734131,-0.0106319431215524,0.9566939473152161,3.4462146759033203,3.41774845123291,-0.028466297313570976
0.9876159429550172,3.5038750171661377,3.454092264175415,-0.0497828163206577,0.9678011536598206,3.456300735473633,3.4135448932647705,-0.0427560470998287,0.9836978316307068,3.471509456634521,3.421245813369751,-0.0502633042633533,0.981311559677124,3.4657530784606934,3.40675950050354,-0.0589936152100563,0.989444136619568,3.4102799892425537,3.39111590385437,-0.0191643759608268,0.9840502142906188,3.4650824069976807,3.3898913860321045,-0.0751909911632537,0.9853549599647522,3.4859163761138916,3.4340875148773193,-0.05182912200689316
0.9793087244033812,3.473323106765747,3.402895927429199,-0.0704273506999015,0.9784969687461852,3.6063737869262695,3.5345325469970703,-0.0718412548303604,0.9900850057601928,3.505757570266724,3.4226725101470947,-0.0830846428871154,0.9829692840576172,3.5579934120178223,3.4773266315460205,-0.080666646361351,0.9736844897270204,3.5324087142944336,3.461014986038208,-0.0713937431573867,0.9602198004722596,3.471411943435669,3.4054973125457764,-0.065914899110794,0.9824872016906738,3.5368566513061523,3.4928956031799316,-0.0439612902700901
