rmse_night_1,gpp_mean_1,reco_mean_1,nee_mean_1,rmse_night_2,gpp_mean_2,reco_mean_2,nee_mean_2,rmse_night_3,gpp_mean_3,reco_mean_3,nee_mean_3,rmse_night_4,gpp_mean_4,reco_mean_4,nee_mean_4,rmse_night_5,gpp_mean_5,reco_mean_5,nee_mean_5,rmse_night_6,gpp_mean_6,reco_mean_6,nee_mean_6,rmse_night_7,gpp_mean_7,reco_mean_7,nee_mean_7
0.7932955026626587,2.687213897705078,2.884974241256714,0.1977605074644088,0.7696617245674133,2.7395269870758057,2.934865951538086,0.195339173078537,0.7772948145866394,2.6959030628204346,2.868973731994629,0.1730707287788391,0.770277738571167,2.727479934692383,2.920945167541504,0.1934653222560882,0.7732781767845154,2.6974148750305176,2.8959734439849854,0.1985587030649185,0.7782853841781616,2.720191478729248,2.9176082611083984,0.1974166631698608,0.7918708324432373,2.6610734462738037,2.8615636825561523,0.20049050450325012
0.7777774930000305,2.6804115772247314,2.865217447280884,0.1848060488700866,0.766584575176239,2.7385427951812744,2.903773069381714,0.1652304083108902,0.7845588326454163,2.708983421325684,2.9012093544006348,0.1922257989645004,0.7871111631393433,2.750431776046753,2.9367499351501465,0.1863178461790084,0.7840971946716309,2.697595357894897,2.893413782119751,0.1958184391260147,0.7876943945884705,2.637258529663086,2.7920496463775635,0.1547910869121551,0.7756983637809753,2.701885938644409,2.8787617683410645,0.17687581479549408
0.7686358690261841,2.738853931427002,2.937854051589966,0.1990000456571579,0.7827916145324707,2.6651501655578613,2.860123634338379,0.1949733644723892,0.7739456295967102,2.7016077041625977,2.902613878250122,0.2010059654712677,0.7766656875610352,2.687537670135498,2.8778769969940186,0.1903392076492309,0.7649848461151123,2.732706546783448,2.948925018310547,0.2162184864282608,0.7795366048812866,2.679591178894043,2.8806493282318115,0.2010580003261566,0.7825191617012024,2.669542074203491,2.8700263500213623,0.20048406720161438
0.7789728045463562,2.7277538776397705,2.9378035068511963,0.2100493460893631,0.7629575133323669,2.708843469619751,2.905810594558716,0.1969672292470932,0.7877507209777832,2.787841320037842,2.9891250133514404,0.201283574104309,0.7682772874832153,2.715273380279541,2.8882172107696533,0.1729440987110138,0.7665229439735413,2.6684024333953857,2.86810564994812,0.1997029185295105,0.773425281047821,2.6778531074523926,2.8751935958862305,0.197340726852417,0.7934715747833252,2.680379867553711,2.87961745262146,0.19923733174800873
0.7812511920928955,2.7639992237091064,2.967981100082397,0.203981727361679,0.7736538052558899,2.73154878616333,2.939304828643799,0.2077562808990478,0.7699143886566162,2.663736343383789,2.875612258911133,0.2118759006261825,0.7721025943756104,2.735482215881348,2.9572153091430664,0.2217331081628799,0.7903558015823364,2.716343402862549,2.927434206008911,0.2110906243324279,0.7649375200271606,2.6297543048858643,2.839644432067871,0.209890067577362,0.7872063517570496,2.6911051273345947,2.936321973800659,0.24521668255329132
0.7844250798225403,2.7228949069976807,2.9212124347686768,0.1983177214860916,0.7721003293991089,2.725343942642212,2.934699296951294,0.2093554884195327,0.7789493203163147,2.6665852069854736,2.8843908309936523,0.2178053855895996,0.7701132893562317,2.735535144805908,2.912885904312134,0.1773506253957748,0.7755036354064941,2.660543918609619,2.838564872741699,0.1780207604169845,0.7674620151519775,2.7357068061828613,2.9347128868103027,0.1990060657262802,0.7911777496337891,2.689845085144043,2.8919503688812256,0.20210514962673187
0.7974616289138794,2.731370687484741,2.93656325340271,0.2051927149295807,0.7715190052986145,2.7586541175842285,2.960013628005981,0.2013592272996902,0.7693020105361938,2.6957900524139404,2.8858354091644287,0.1900451779365539,0.7719586491584778,2.778239488601685,2.9560706615448,0.1778313070535659,0.7865747809410095,2.638207197189331,2.8592183589935303,0.2210112810134887,0.7751564979553223,2.701082706451416,2.905684471130371,0.2046016603708267,0.7836773991584778,2.6750853061676025,2.9030048847198486,0.22791942954063416
0.7824611663818359,2.6575686931610107,2.878092765808105,0.2205240726470947,0.7739384174346924,2.7472984790802,2.9512863159179688,0.2039879709482193,0.7699335813522339,2.7064990997314453,2.938368320465088,0.2318692207336425,0.7678143978118896,2.74704647064209,2.9631855487823486,0.216139018535614,0.7720844745635986,2.690389633178711,2.897306442260742,0.206916943192482,0.7864444255828857,2.6794025897979736,2.901233673095703,0.2218310534954071,0.8059808015823364,2.7167444229125977,2.9377503395080566,0.22100581228733063
0.7842822670936584,2.7221057415008545,2.932890176773072,0.2107844352722168,0.7774657607078552,2.706181764602661,2.91616439819336,0.2099823802709579,0.7784677743911743,2.681950807571411,2.913980722427368,0.2320299595594406,0.7904290556907654,2.7071144580841064,2.913569450378418,0.2064548134803772,0.7779310345649719,2.665461540222168,2.8782272338867188,0.2127655595541,0.7730051279067993,2.711098909378052,2.929809093475342,0.2187101989984512,0.7827495336532593,2.6331310272216797,2.8493874073028564,0.21625648438930511
0.7859405279159546,2.687162399291992,2.917323589324951,0.230161428451538,0.7727096080780029,2.7732319831848145,3.003519058227539,0.2302872091531753,0.7930704951286316,2.671374797821045,2.888745069503784,0.2173703163862228,0.7862439751625061,2.723896026611328,2.9314353466033936,0.2075390517711639,0.7842931151390076,2.6538593769073486,2.8734633922576904,0.2196041643619537,0.7787017226219177,2.6743125915527344,2.8953421115875244,0.2210293561220169,0.7903785109519958,2.672290325164795,2.8848166465759277,0.21252641081809998
0.7882638573646545,2.739776134490967,2.9166781902313232,0.176902174949646,0.77146315574646,2.6754751205444336,2.8602566719055176,0.184781476855278,0.7845577597618103,2.678271532058716,2.8499770164489746,0.1717054396867752,0.7690682411193848,2.752447366714477,2.9304347038269043,0.1779871135950088,0.7822496294975281,2.6946463584899902,2.8923568725585938,0.1977106928825378,0.7679544687271118,2.6588833332061768,2.8589112758636475,0.2000279575586319,0.7944892644882202,2.7328217029571533,2.9237780570983887,0.19095619022846222
0.7857857346534729,2.735806941986084,2.9554224014282227,0.2196155041456222,0.7757034301757812,2.6811628341674805,2.90155029296875,0.2203873395919799,0.7753483057022095,2.719590425491333,2.923487424850464,0.203897088766098,0.7791218757629395,2.7690491676330566,2.966764211654663,0.1977150738239288,0.7741067409515381,2.7568817138671875,2.980400323867798,0.2235185503959655,0.7775989174842834,2.6287355422973637,2.844911813735962,0.2161758691072464,0.7809934616088867,2.7332117557525635,2.9398179054260254,0.20660606026649475
0.7883784174919128,2.684499502182007,2.881826162338257,0.1973265558481216,0.7818682193756104,2.7472140789031982,2.956507682800293,0.2092936336994171,0.7781103849411011,2.65732216835022,2.865394115447998,0.2080716341733932,0.7740603685379028,2.672396183013916,2.886439800262451,0.2140437066555023,0.7712910771369934,2.632478952407837,2.840008497238159,0.2075296938419342,0.7776215076446533,2.748358249664306,2.949866771697998,0.2015082091093063,0.7785967588424683,2.635806083679199,2.8567960262298584,0.2209898829460144
0.7801798582077026,2.737809419631958,2.94186806678772,0.2040584832429886,0.7607186436653137,2.672415018081665,2.872840642929077,0.2004255801439285,0.7793335914611816,2.7078022956848145,2.9156291484832764,0.2078268975019455,0.7714747786521912,2.745456457138061,2.9454030990600586,0.1999465227127075,0.7760033011436462,2.681410312652588,2.889009714126587,0.207599326968193,0.7801352143287659,2.6910789012908936,2.896306276321411,0.2052274644374847,0.7786723971366882,2.6308412551879883,2.840252161026001,0.2094108909368515
0.7822073698043823,2.7553417682647705,2.954684257507324,0.1993424296379089,0.7722217440605164,2.7345316410064697,2.9300665855407715,0.1955348849296569,0.7707669734954834,2.618203401565552,2.83799409866333,0.2197904288768768,0.7695668935775757,2.716312885284424,2.9314351081848145,0.2151222079992294,0.7938819527626038,2.6965274810791016,2.9020490646362305,0.2055214792490005,0.768591046333313,2.688729286193848,2.894263505935669,0.2055342048406601,0.7881887555122375,2.6705965995788574,2.883887529373169,0.21329082548618317
0.7770639061927795,2.6992738246917725,2.8967270851135254,0.1974533349275589,0.7779312133789062,2.716724634170532,2.9349849224090576,0.2182603478431701,0.7698114514350891,2.7845866680145264,2.959242820739746,0.1746560931205749,0.7799646258354187,2.8248040676116943,3.025584936141968,0.2007805854082107,0.7779672145843506,2.6819307804107666,2.890519618988037,0.2085884660482406,0.7847604751586914,2.7185213565826416,2.903747320175171,0.1852257698774337,0.7908239364624023,2.6714723110198975,2.8729445934295654,0.2014724612236023
0.7805749773979187,2.743152618408203,2.944945335388184,0.2017927020788192,0.7672712802886963,2.7516562938690186,2.951148509979248,0.199492260813713,0.7825117707252502,2.680002212524414,2.892820119857788,0.2128181010484695,0.7678244709968567,2.742586135864258,2.9582321643829346,0.2156459540128708,0.7754608988761902,2.672959804534912,2.8784165382385254,0.2054567635059356,0.7669029831886292,2.6579318046569824,2.847084045410156,0.1891522705554962,0.7779619693756104,2.670637845993042,2.87357497215271,0.20293720066547394
0.7849496006965637,2.6894547939300537,2.8934249877929688,0.2039702832698822,0.7680181264877319,2.70358943939209,2.903489112854004,0.1998995393514633,0.7710716128349304,2.675110578536988,2.886760711669922,0.2116497755050659,0.7602875828742981,2.6917314529418945,2.892369508743286,0.2006380259990692,0.7723152041435242,2.657405138015747,2.8779616355896,0.2205566465854644,0.7728390097618103,2.6663780212402344,2.863224744796753,0.1968466192483902,0.780512273311615,2.6506807804107666,2.8614208698272705,0.21074001491069794
0.7836042642593384,2.686297416687012,2.884960412979126,0.1986632347106933,0.7856408357620239,2.748198986053467,2.914892673492432,0.1666937619447708,0.7658540606498718,2.668832778930664,2.8723137378692627,0.2034808099269867,0.7727517485618591,2.692622184753418,2.907934188842773,0.2153119146823883,0.7584057450294495,2.7353720664978027,2.939655065536499,0.2042828947305679,0.7700144052505493,2.692850112915039,2.891214370727539,0.1983640342950821,0.7763165235519409,2.6469180583953857,2.8377182483673096,0.1907999962568283
0.7773188948631287,2.7556307315826416,2.948316097259521,0.192685529589653,0.7769058346748352,2.7312591075897217,2.920825958251953,0.1895668059587478,0.7724433541297913,2.6996195316314697,2.8851633071899414,0.1855435371398925,0.7761882543563843,2.7731480598449707,2.948422431945801,0.1752744317054748,0.7729133367538452,2.670649528503418,2.8445818424224854,0.1739322543144226,0.7688177227973938,2.6825060844421387,2.880088329315185,0.197581946849823,0.7779991626739502,2.6799609661102295,2.8724570274353027,0.1924961507320404
0.770520031452179,2.741382122039795,2.945998191833496,0.2046159505844116,0.7676503658294678,2.686051607131958,2.895409107208252,0.2093576341867447,0.7870254516601562,2.723151683807373,2.931554079055786,0.2084022164344787,0.7590989470481873,2.663065195083618,2.86745023727417,0.2043851315975189,0.7679213285446167,2.6728515625,2.893421173095703,0.2205696851015091,0.7745086550712585,2.7060043811798096,2.9115443229675293,0.2055396437644958,0.772284746170044,2.650790214538574,2.862067699432373,0.21127720177173615
0.7780495285987854,2.7324411869049072,2.9305477142333984,0.1981067806482315,0.7692009210586548,2.7107653617858887,2.9095091819763184,0.1987438648939132,0.7781047224998474,2.6675503253936768,2.87567138671875,0.2081211358308792,0.772339940071106,2.7197039127349854,2.9155914783477783,0.1958876550197601,0.7802104353904724,2.73856782913208,2.959879398345948,0.2213116437196731,0.771665096282959,2.682124137878418,2.888111114501953,0.2059870511293411,0.7847219109535217,2.633316993713379,2.8135311603546143,0.18021415174007416
0.7819749712944031,2.714517831802368,2.927196502685547,0.212678775191307,0.7742760181427002,2.754328966140747,2.9677584171295166,0.2134296596050262,0.7789431810379028,2.6926870346069336,2.927784204483032,0.2350974678993225,0.7794157862663269,2.7272510528564453,2.929073572158813,0.2018224447965622,0.7819375395774841,2.652827262878418,2.901289224624634,0.2484620362520218,0.7700684070587158,2.656552791595459,2.8635363578796387,0.2069834321737289,0.7946203351020813,2.67437744140625,2.89982008934021,0.2254425436258316
0.7776989936828613,2.723174333572388,2.9059109687805176,0.182736799120903,0.7696669697761536,2.7347750663757324,2.937913179397583,0.203137993812561,0.7679550647735596,2.658199548721313,2.8685286045074463,0.2103288471698761,0.7734567523002625,2.694359540939331,2.895547151565552,0.2011876553297042,0.7668886184692383,2.666471004486084,2.8785388469696045,0.2120679765939712,0.7759091258049011,2.676999568939209,2.874751091003418,0.1977513879537582,0.778738260269165,2.6716485023498535,2.9071099758148193,0.23546145856380463
0.7758269309997559,2.694130182266236,2.892785787582397,0.198655754327774,0.7780641913414001,2.7878754138946533,2.9872891902923584,0.1994137167930603,0.7731174230575562,2.76306676864624,2.9565863609313965,0.1935196071863174,0.771458625793457,2.802793502807617,3.0004239082336426,0.1976304054260254,0.7738804817199707,2.676846742630005,2.8557159900665283,0.1788693070411682,0.7677002549171448,2.7045843601226807,2.9027743339538574,0.1981901973485946,0.7865906953811646,2.6750504970550537,2.8748905658721924,0.1998397260904312
0.7775236964225769,2.680497884750366,2.861464262008667,0.1809663772583007,0.7718581557273865,2.6862597465515137,2.8809750080108643,0.1947151869535446,0.7691346406936646,2.6497182846069336,2.869720697402954,0.220002144575119,0.7676045298576355,2.739950895309448,2.9488677978515625,0.2089167982339859,0.7626222372055054,2.711291074752808,2.9276678562164307,0.2163762897253036,0.7714505791664124,2.700573205947876,2.900590181350708,0.2000170201063156,0.7767202854156494,2.6207642555236816,2.8085079193115234,0.18774349987506866
0.7955093383789062,2.720845937728882,2.919839382171631,0.1989935487508773,0.7760295867919922,2.7346060276031494,2.938050985336304,0.2034453451633453,0.7751699090003967,2.680187225341797,2.8970260620117188,0.216838926076889,0.7738420963287354,2.7356410026550293,2.936758041381836,0.2011171281337738,0.7727944850921631,2.739028215408325,2.941835880279541,0.2028077691793441,0.7951088547706604,2.6532344818115234,2.855567216873169,0.2023328840732574,0.7895960807800293,2.6992130279541016,2.8890256881713867,0.18981269001960754
0.7843182682991028,2.7341582775115967,2.9587748050689697,0.2246167510747909,0.7746044397354126,2.7316877841949463,2.9541499614715576,0.2224624156951904,0.7683825492858887,2.661512851715088,2.8892180919647217,0.2277053445577621,0.7784326672554016,2.710679769515991,2.9144127368927,0.2037331908941269,0.761444091796875,2.655689001083374,2.886285781860352,0.2305970638990402,0.7745539546012878,2.6903741359710693,2.909719705581665,0.2193455249071121,0.787540078163147,2.685353994369507,2.899717092514038,0.21436303853988647
0.788934588432312,2.695300817489624,2.8848259449005127,0.1895253360271453,0.7818965315818787,2.75435757637024,2.93835973739624,0.1840018332004547,0.7722306847572327,2.65149998664856,2.845106363296509,0.1936064809560775,0.7724654674530029,2.7047159671783447,2.897653579711914,0.1929375827312469,0.7830542325973511,2.7050960063934326,2.886819362640381,0.1817235648632049,0.7702701687812805,2.698421001434326,2.8785104751586914,0.180089384317398,0.7891106009483337,2.6804025173187256,2.878770351409912,0.19836805760860443
0.7905657291412354,2.735048294067383,2.954907894134521,0.2198596149682998,0.7859711647033691,2.7666008472442627,2.9846906661987305,0.2180900573730468,0.7638496160507202,2.6712234020233154,2.877584457397461,0.2063613682985305,0.7658439874649048,2.708465814590454,2.909937858581543,0.2014720439910888,0.7816222906112671,2.633833646774292,2.838580846786499,0.2047471702098846,0.7832880616188049,2.6821978092193604,2.894101142883301,0.2119031697511673,0.7855244278907776,2.7090744972229004,2.9275641441345215,0.218489870429039
0.8109710812568665,2.678093910217285,2.87763786315918,0.1995441019535064,0.7667647004127502,2.7471132278442383,2.9656982421875,0.2185849100351333,0.7760225534439087,2.6628146171569824,2.854727506637573,0.19191275537014,0.7669466733932495,2.709388732910156,2.9079957008361816,0.1986071616411209,0.7798160910606384,2.7064595222473145,2.905665636062622,0.1992063224315643,0.7821531891822815,2.6746506690979004,2.8515326976776123,0.1768819689750671,0.7844288349151611,2.6812145709991455,2.8608973026275635,0.17968271672725677
0.7926302552223206,2.758695125579834,2.966033697128296,0.2073387205600738,0.7766682505607605,2.714874505996704,2.908646821975708,0.1937724649906158,0.7741097211837769,2.639281988143921,2.85608983039856,0.2168077677488327,0.7792746424674988,2.7261078357696533,2.9420881271362305,0.215980663895607,0.7741173505783081,2.708754777908325,2.936444997787476,0.2276902347803115,0.7864158153533936,2.6388919353485107,2.8501100540161133,0.2112182229757309,0.7790573239326477,2.689871072769165,2.889174699783325,0.1993037611246109
0.7906717658042908,2.651573896408081,2.8699233531951904,0.2183495461940765,0.7767525315284729,2.6973702907562256,2.901759147644043,0.2043889015913009,0.7707010507583618,2.6653711795806885,2.874248504638672,0.2088774144649505,0.7643525004386902,2.7084221839904785,2.908811330795288,0.2003892213106155,0.7740082740783691,2.7042348384857178,2.9308433532714844,0.2266085147857666,0.7750266790390015,2.652750253677368,2.8602635860443115,0.2075135260820388,0.7816925644874573,2.6555168628692627,2.874960422515869,0.2194436639547348
0.7832833528518677,2.675572156906128,2.843513965606689,0.1679417937994003,0.7735114693641663,2.690596580505371,2.884774208068848,0.1941776573657989,0.7640007734298706,2.6951935291290283,2.871446132659912,0.1762527376413345,0.7595876455307007,2.6837351322174072,2.856192111968994,0.1724565923213958,0.7732694149017334,2.666878700256348,2.8530430793762207,0.186164453625679,0.7682774662971497,2.6327383518218994,2.8325116634368896,0.1997732669115066,0.773618221282959,2.6624128818511963,2.8643381595611572,0.20192545652389526
0.7910733222961426,2.6958935260772705,2.892306089401245,0.1964124739170074,0.7689781785011292,2.724829196929932,2.92920994758606,0.2043808102607727,0.7623646855354309,2.71315860748291,2.931175470352173,0.2180167734622955,0.765735387802124,2.761744976043701,2.9598934650421143,0.1981485784053802,0.7757823467254639,2.6822609901428223,2.8970327377319336,0.2147720456123352,0.7649796009063721,2.6569032669067383,2.887751579284668,0.2308484613895416,0.783270001411438,2.641608238220215,2.8506200313568115,0.20901168882846832
0.8055766820907593,2.7290618419647217,2.9123735427856445,0.1833117455244064,0.7750685811042786,2.6599395275115967,2.871315717697144,0.2113762646913528,0.7639850378036499,2.6917097568511963,2.902831554412842,0.2111218422651291,0.7700112462043762,2.710190534591675,2.9078588485717773,0.197668120265007,0.7616567611694336,2.622946262359619,2.823822259902954,0.200875923037529,0.764564037322998,2.65142822265625,2.854273557662964,0.202845349907875,0.7868233919143677,2.622917890548706,2.8282032012939453,0.20528529584407806
0.7971684336662292,2.682069063186645,2.863269090652466,0.1811999380588531,0.7950320243835449,2.676459550857544,2.865941047668457,0.1894812583923339,0.7661960124969482,2.644399642944336,2.8283371925354004,0.1839376538991928,0.7812885642051697,2.727889060974121,2.907994031906128,0.1801049411296844,0.7799323201179504,2.6429691314697266,2.8387062549591064,0.1957369446754455,0.7821969389915466,2.6951003074646,2.861996650695801,0.1668960452079773,0.7888510227203369,2.6109046936035156,2.7986044883728027,0.18769954144954681
0.7933875918388367,2.7337419986724854,2.945981025695801,0.212238922715187,0.7840577960014343,2.685767412185669,2.8948071002960205,0.2090396434068679,0.781348705291748,2.6781656742095947,2.899578094482422,0.2214125692844391,0.7754091024398804,2.705018281936645,2.9144446849823,0.2094267904758453,0.773738443851471,2.604328155517578,2.8337697982788086,0.2294414192438125,0.7820560336112976,2.5955052375793457,2.813063621520996,0.2175582945346832,0.7995050549507141,2.661191463470459,2.877333641052246,0.21614234149456024
0.7869505882263184,2.677783489227295,2.8823137283325195,0.2045304179191589,0.7749704718589783,2.7288382053375244,2.935986995697021,0.2071487009525299,0.785172700881958,2.739665269851685,2.947845458984375,0.208180159330368,0.7830877304077148,2.7419075965881348,2.962996244430542,0.2210887223482132,0.7659885883331299,2.657648801803589,2.859837293624878,0.2021885365247726,0.778203547000885,2.687663078308105,2.909184455871582,0.2215213477611541,0.7959741353988647,2.659761428833008,2.879456043243408,0.21969474852085114
0.7887791991233826,2.7341017723083496,2.95127010345459,0.2171681523323059,0.7742834687232971,2.7631824016571045,2.9771029949188232,0.213920384645462,0.7779706120491028,2.7016727924346924,2.915774345397949,0.2141015380620956,0.7812240719795227,2.8178751468658447,3.012248277664185,0.1943731904029846,0.7775322794914246,2.70406436920166,2.912919282913208,0.2088548988103866,0.7742752432823181,2.6629388332366943,2.864382743835449,0.2014437764883041,0.7951128482818604,2.6713907718658447,2.88042950630188,0.20903894305229187
0.7789568305015564,2.798202514648437,3.022862911224365,0.2246602773666381,0.7791277170181274,2.6922080516815186,2.917963743209839,0.2257555425167083,0.7806540131568909,2.688159942626953,2.920369863510132,0.232210099697113,0.7637289762496948,2.7367422580718994,2.9573471546173096,0.2206050306558609,0.7812469601631165,2.712641716003418,2.92480206489563,0.2121605277061462,0.7810983061790466,2.684446096420288,2.8953356742858887,0.2108895182609558,0.7902862429618835,2.6611621379852295,2.8871653079986572,0.22600333392620087
0.7853158712387085,2.753359317779541,2.9667205810546875,0.2133611589670181,0.7685192227363586,2.6902952194213867,2.8836758136749268,0.1933805346488952,0.7785995602607727,2.6186304092407227,2.801971673965454,0.183341309428215,0.7767513990402222,2.7180850505828857,2.9247658252716064,0.206680878996849,0.7768938541412354,2.678197860717773,2.884392023086548,0.2061939388513565,0.7687421441078186,2.6705799102783203,2.882178783416748,0.2115989327430725,0.7868596911430359,2.6107869148254395,2.817091941833496,0.20630501210689545
0.791827917098999,2.7072296142578125,2.9150002002716064,0.2077706605195999,0.7726952433586121,2.704969644546509,2.911954879760742,0.2069852501153946,0.7793755531311035,2.696706295013428,2.921713590621948,0.2250074446201324,0.7683857679367065,2.7760169506073,2.9740641117095947,0.1980473101139068,0.7766945958137512,2.699733018875122,2.922401666641236,0.2226688861846923,0.7803645730018616,2.6974191665649414,2.912491798400879,0.2150725871324539,0.777813732624054,2.6164865493774414,2.823773145675659,0.20728681981563568
0.801770031452179,2.737382411956787,2.928131341934204,0.1907485872507095,0.7635278701782227,2.7374086380004883,2.929604768753052,0.1921959966421127,0.7616056799888611,2.6785361766815186,2.861666679382324,0.18313068151474,0.7752572894096375,2.7024986743927,2.872030973434448,0.1695322096347808,0.7666707038879395,2.70093297958374,2.8778514862060547,0.1769185811281204,0.7697653770446777,2.712496519088745,2.884176731109619,0.1716805398464203,0.783089280128479,2.6340317726135254,2.822110891342163,0.18807928264141083
0.7837977409362793,2.6937096118927,2.8942019939422607,0.2004923075437545,0.7727058529853821,2.693115472793579,2.891621351242065,0.1985060572624206,0.7875981330871582,2.6999006271362305,2.907142162322998,0.2072413563728332,0.7761543989181519,2.748671293258667,2.9502460956573486,0.2015748023986816,0.7788761854171753,2.708745241165161,2.928758382797241,0.2200130820274353,0.7884808778762817,2.728242874145508,2.9477925300598145,0.219549685716629,0.7706117033958435,2.6668128967285156,2.869274854660034,0.20246227085590363
0.8061059713363647,2.729283809661865,2.9305994510650635,0.2013157159090042,0.7765747308731079,2.7191452980041504,2.8998427391052246,0.180697351694107,0.7716136574745178,2.601010322570801,2.795109987258911,0.1940998882055282,0.7689854502677917,2.744831323623657,2.9335134029388428,0.1886820942163467,0.7763602137565613,2.688474655151367,2.876749515533448,0.1882746517658233,0.7689295411109924,2.684063196182251,2.887259721755981,0.2031964361667633,0.7875467538833618,2.681144952774048,2.88883113861084,0.20768603682518005
0.7811508178710938,2.715944528579712,2.9232099056243896,0.2072652578353881,0.7719132900238037,2.6731905937194824,2.876762628555298,0.2035719156265258,0.7729953527450562,2.7424004077911377,2.969681978225708,0.2272815704345703,0.7775375843048096,2.748248815536499,2.948495626449585,0.2002467215061187,0.7805615663528442,2.7228376865386963,2.9481348991394043,0.2252970784902572,0.787085235118866,2.6719717979431152,2.9040002822875977,0.2320286929607391,0.7957667112350464,2.664097547531128,2.8899850845336914,0.2258877456188202
0.8049612045288086,2.700434446334839,2.9223759174346924,0.2219414860010147,0.7618873715400696,2.740257740020752,2.943808555603028,0.2035508751869201,0.7635970115661621,2.647054672241211,2.8514249324798584,0.2043702751398086,0.7813836932182312,2.690091133117676,2.897005558013916,0.2069144695997238,0.7586960792541504,2.707157850265503,2.934903860092163,0.2277461141347885,0.7721374034881592,2.660888195037842,2.8688178062438965,0.207929715514183,0.7842261791229248,2.690894365310669,2.903857469558716,0.2129632532596588
0.7870541214942932,2.667109489440918,2.858732223510742,0.1916229426860809,0.7720008492469788,2.738196611404419,2.9383702278137207,0.2001736760139465,0.7831405401229858,2.704512596130371,2.9089574813842773,0.2044451534748077,0.7731288075447083,2.8099184036254883,2.988128900527954,0.1782106906175613,0.779060423374176,2.699946403503418,2.8829777240753174,0.1830313801765442,0.7705963253974915,2.6476051807403564,2.866654872894287,0.2190499454736709,0.7945072054862976,2.718971014022827,2.927349328994751,0.20837853848934174
0.7844275832176208,2.728794574737549,2.933582067489624,0.2047875821590423,0.7612640857696533,2.68280029296875,2.8797857761383057,0.1969854831695556,0.7819464206695557,2.6728668212890625,2.879390478134156,0.2065237760543823,0.7737398147583008,2.7128517627716064,2.9176182746887207,0.2047663629055023,0.7784488201141357,2.693854093551636,2.9044511318206787,0.2105969041585922,0.776553213596344,2.699572324752808,2.9049320220947266,0.2053594589233398,0.7830487489700317,2.6759324073791504,2.881587028503418,0.2056543529033661
0.7848737835884094,2.746427059173584,2.9594507217407227,0.2130239009857177,0.7713136076927185,2.733817338943481,2.9397244453430176,0.205907329916954,0.7668275833129883,2.7046685218811035,2.886793613433838,0.1821250468492508,0.7756602168083191,2.6973838806152344,2.9321346282958984,0.2347508519887924,0.7701786756515503,2.736088752746582,2.973839521408081,0.2377505749464035,0.7800776362419128,2.7073984146118164,2.9339284896850586,0.2265301197767257,0.7832639217376709,2.622675895690918,2.8482275009155273,0.22555190324783325
0.7850165367126465,2.797335863113404,2.9965786933898926,0.1992428451776504,0.7679675221443176,2.7391648292541504,2.9384355545043945,0.1992705762386322,0.7795546054840088,2.6369500160217285,2.8566722869873047,0.2197220474481582,0.7740994095802307,2.712405204772949,2.9070358276367188,0.1946307271718979,0.7704521417617798,2.615435838699341,2.810533046722412,0.1950971037149429,0.7628921270370483,2.6961023807525635,2.8971755504608154,0.201072946190834,0.7734531164169312,2.679091215133667,2.8838422298431396,0.20475095510482788
0.7894484400749207,2.7439165115356445,2.94319748878479,0.1992808729410171,0.787490725517273,2.692004919052124,2.891706705093384,0.1997017115354538,0.7751379609107971,2.68681263923645,2.886298418045044,0.1994852423667907,0.7735192179679871,2.766716718673706,2.961659669876098,0.1949430257081985,0.7769767045974731,2.6855335235595703,2.8932008743286133,0.2076672315597534,0.7799779176712036,2.710610866546631,2.92353892326355,0.2129281461238861,0.8092958331108093,2.7168240547180176,2.9200451374053955,0.20322124660015106
0.7841138243675232,2.6965363025665283,2.910918712615967,0.214382603764534,0.7744205594062805,2.715187788009644,2.916234016418457,0.201046273112297,0.7694163918495178,2.630321264266968,2.835118532180786,0.2047975212335586,0.7679385542869568,2.7062578201293945,2.926689386367798,0.2204314619302749,0.7783939838409424,2.674463987350464,2.896610736846924,0.2221467196941375,0.7844374179840088,2.648514986038208,2.863686800003052,0.2151717990636825,0.791057825088501,2.6268529891967773,2.8498151302337646,0.22296226024627686
0.7790075540542603,2.719123363494873,2.920740842819214,0.2016176432371139,0.7741889953613281,2.7212579250335693,2.925044059753418,0.203786090016365,0.7807441353797913,2.617528200149536,2.812270402908325,0.1947423368692398,0.7718173861503601,2.693188190460205,2.8919734954833984,0.1987854391336441,0.7799148559570312,2.687017679214477,2.9096710681915283,0.2226533740758896,0.7794635891914368,2.6912107467651367,2.8925235271453857,0.2013127356767654,0.7812708616256714,2.6216049194335938,2.83022141456604,0.20861652493476868
0.7855364084243774,2.7639951705932617,2.9750564098358154,0.2110613733530044,0.7693344354629517,2.678518533706665,2.862062931060791,0.1835441887378692,0.7698448896408081,2.6873679161071777,2.8560094833374023,0.1686419993638992,0.7705025672912598,2.731158971786499,2.923048734664917,0.1918897926807403,0.7692080140113831,2.6441426277160645,2.8485567569732666,0.2044141143560409,0.781279981136322,2.6605935096740723,2.848560571670532,0.1879668831825256,0.782460629940033,2.645073890686035,2.8461246490478516,0.20105072855949402
0.7948054075241089,2.748317241668701,2.9223129749298096,0.1739957630634308,0.7683011889457703,2.801363945007324,2.98885440826416,0.1874903291463852,0.7761911153793335,2.6442787647247314,2.84178113937378,0.1975024044513702,0.7745620012283325,2.7266736030578613,2.9229135513305664,0.1962399780750274,0.7812665700912476,2.69299578666687,2.8648040294647217,0.1718082427978515,0.7821736931800842,2.693933248519897,2.889509916305542,0.1955766081809997,0.7923769950866699,2.6986050605773926,2.896728038787842,0.19812318682670593
0.7982421517372131,2.656228542327881,2.847374200820923,0.1911454647779464,0.7726548910140991,2.766364336013794,2.945977210998535,0.1796128898859024,0.7695346474647522,2.6851937770843506,2.856515645980835,0.1713218539953231,0.776541531085968,2.7557263374328613,2.961620092391968,0.205893874168396,0.7847636938095093,2.722426652908325,2.881774663925171,0.1593480706214904,0.7756510972976685,2.7731621265411377,2.943840980529785,0.1706787347793579,0.7844308614730835,2.6951632499694824,2.8736343383789062,0.17847126722335815
0.7805303931236267,2.779414653778076,2.994447708129883,0.2150328308343887,0.7585746049880981,2.7506814002990723,2.946550369262696,0.1958688348531723,0.7777743935585022,2.646918296813965,2.851615190505981,0.2046969830989837,0.7669202089309692,2.705471992492676,2.90766978263855,0.2021976262331009,0.7654368877410889,2.6602606773376465,2.8595662117004395,0.1993054747581482,0.7869071364402771,2.7660207748413086,2.965136766433716,0.1991160064935684,0.7851846218109131,2.6811165809631348,2.881558656692505,0.20044198632240295
0.8083977699279785,2.6758151054382324,2.890943050384521,0.2151279747486114,0.7647820115089417,2.7271671295166016,2.9220120906829834,0.1948450207710266,0.7680065631866455,2.748117446899414,2.925128936767578,0.1770114600658416,0.7645540833473206,2.763554096221924,2.957253217697144,0.1936990618705749,0.7716772556304932,2.6566286087036133,2.8616139888763428,0.2049852609634399,0.7701012492179871,2.709921598434448,2.917994499206543,0.2080729007720947,0.7844006419181824,2.685061454772949,2.9090657234191895,0.22400426864624023
0.8033055663108826,2.748709917068481,2.9380574226379395,0.1893477290868759,0.7834246158599854,2.7574830055236816,2.951709270477295,0.1942261457443237,0.7816123962402344,2.742481708526612,2.929025173187256,0.186543270945549,0.7561724781990051,2.673270463943481,2.8651347160339355,0.1918645650148391,0.7666793465614319,2.683029890060425,2.8741238117218018,0.1910938322544098,0.7750663757324219,2.704066038131714,2.903984308242798,0.1999184489250183,0.7778093218803406,2.730393409729004,2.924391746520996,0.193998321890831
0.7877249121665955,2.746191024780273,2.922591209411621,0.1764001697301864,0.7671725153923035,2.687663316726685,2.8664915561676025,0.1788282543420791,0.770588755607605,2.7245752811431885,2.905078649520874,0.18050317466259,0.7661941647529602,2.753880500793457,2.9495203495025635,0.1956397294998169,0.7662313580513,2.6894681453704834,2.8891963958740234,0.1997285783290863,0.7723131775856018,2.6946964263916016,2.881416320800781,0.186719998717308,0.7907393574714661,2.6839582920074463,2.8849682807922363,0.2010098248720169
0.7944534420967102,2.7216267585754395,2.901432037353516,0.1798053532838821,0.7679716944694519,2.7266812324523926,2.940352201461792,0.2136711925268173,0.7788630723953247,2.680957555770874,2.879706621170044,0.1987490355968475,0.7762648463249207,2.743039608001709,2.920897960662842,0.1778584122657776,0.7703462243080139,2.7181718349456787,2.9392740726470947,0.2211025953292846,0.777628481388092,2.6720566749572754,2.8609890937805176,0.1889324188232422,0.784959614276886,2.727158784866333,2.9339377880096436,0.20677892863750458
0.7911614775657654,2.730185031890869,2.929351806640625,0.1991664767265319,0.7851566076278687,2.8025026321411133,2.999136447906494,0.1966338008642196,0.7586841583251953,2.6789767742156982,2.8760910034179688,0.1971139460802078,0.7721284031867981,2.7363061904907227,2.9289114475250244,0.1926051825284958,0.7808225750923157,2.7047293186187744,2.90648889541626,0.2017594128847122,0.7733687162399292,2.6909236907958984,2.8871443271636963,0.1962206065654754,0.7787256240844727,2.6901259422302246,2.8924431800842285,0.2023172676563263
0.7797700762748718,2.7092525959014893,2.913203716278076,0.2039511054754257,0.773296058177948,2.66614842414856,2.8649444580078125,0.1987963318824768,0.7759372591972351,2.6943373680114746,2.9019370079040527,0.2075995206832885,0.7711941599845886,2.692255735397339,2.8954646587371826,0.2032089829444885,0.778881847858429,2.693173408508301,2.910649538040161,0.2174761593341827,0.7863820791244507,2.6734426021575928,2.866046667098999,0.192604124546051,0.7871361970901489,2.6615867614746094,2.8772385120391846,0.21565142273902893
0.7914713025093079,2.681281328201294,2.885051965713501,0.2037705034017563,0.7881340980529785,2.7522714138031006,2.960570812225342,0.2082992643117904,0.7763288617134094,2.630453109741211,2.84095311164856,0.2104999721050262,0.7732400298118591,2.724109411239624,2.937034845352173,0.212925300002098,0.7767793536186218,2.6527650356292725,2.878759384155273,0.2259944081306457,0.7666493058204651,2.654490232467652,2.8630595207214355,0.2085691839456558,0.7815382480621338,2.652735948562622,2.8571770191192627,0.2044409066438675
0.809052586555481,2.696594953536988,2.886019706726074,0.1894248723983764,0.79292231798172,2.7587127685546875,2.9551796913146973,0.1964666098356247,0.7754310369491577,2.669888496398926,2.8679139614105225,0.1980252414941787,0.777973473072052,2.734346866607666,2.92742133140564,0.1930742114782333,0.774942934513092,2.650377988815308,2.833125591278076,0.1827475428581237,0.7708247303962708,2.7021708488464355,2.8776800632476807,0.1755092442035675,0.7955683469772339,2.693817138671875,2.89174747467041,0.19793033599853516
0.7780183553695679,2.721853256225586,2.908632755279541,0.1867794841527938,0.7718623280525208,2.6801648139953613,2.8820416927337646,0.201876550912857,0.7807477116584778,2.6687135696411133,2.858970165252685,0.190256267786026,0.7838159203529358,2.7212448120117188,2.954162359237671,0.2329175919294357,0.7749509811401367,2.721519708633423,2.94606351852417,0.2245435863733291,0.7703988552093506,2.6909339427948,2.875094175338745,0.1841602772474289,0.7887669205665588,2.644056797027588,2.870255947113037,0.22619928419589996
0.7876052260398865,2.786022901535034,2.985753297805786,0.1997304111719131,0.775506317615509,2.795438766479492,2.9957191944122314,0.2002807110548019,0.7708035111427307,2.695720195770264,2.91634464263916,0.2206242680549621,0.7628399729728699,2.708514451980591,2.9078938961029053,0.1993792802095413,0.7676175832748413,2.712544679641724,2.9147839546203613,0.2022393345832824,0.7714354991912842,2.691810846328736,2.9024972915649414,0.2106862813234329,0.7949477434158325,2.6942555904388428,2.9205667972564697,0.2263111174106598
0.7846266627311707,2.691697835922241,2.886354684829712,0.1946570575237274,0.7695216536521912,2.692117929458618,2.8916518688201904,0.1995338797569275,0.7725757956504822,2.680634021759033,2.872437000274658,0.1918030977249145,0.7682127356529236,2.738147020339966,2.943024158477783,0.2048770934343338,0.7676843404769897,2.712945938110352,2.893184900283813,0.1802391111850738,0.7932278513908386,2.6364073753356934,2.833951473236084,0.1975441724061966,0.7861875891685486,2.6664538383483887,2.8763623237609863,0.20990833640098572
0.7877591252326965,2.761198043823242,2.9659550189971924,0.2047571390867233,0.7702401280403137,2.710756540298462,2.9194164276123047,0.2086600065231323,0.7696958780288696,2.6399803161621094,2.852884531021118,0.212904155254364,0.7700868844985962,2.7257869243621826,2.951064109802246,0.2252773493528366,0.7638004422187805,2.682532548904419,2.9059500694274902,0.2234177142381668,0.8038322329521179,2.683813571929932,2.8896541595458984,0.2058404982089996,0.782839834690094,2.6351425647735596,2.8424882888793945,0.20734579861164093
0.7847681045532227,2.7634947299957275,2.971289157867432,0.2077946662902832,0.769017219543457,2.6957685947418213,2.912654399871826,0.2168858647346496,0.7695149183273315,2.6303963661193848,2.8414011001586914,0.211004763841629,0.7848970293998718,2.740851879119873,2.952542543411255,0.2116906642913818,0.7735920548439026,2.722157716751098,2.936068296432495,0.2139105945825576,0.7798191905021667,2.637377977371216,2.8408901691436768,0.2035122066736221,0.779377281665802,2.63808274269104,2.840451240539551,0.2023686021566391
0.7872938513755798,2.6965479850769043,2.9209096431732178,0.2243615090847015,0.765442430973053,2.770903825759888,2.978583812713623,0.2076801806688308,0.7628534436225891,2.6734135150909424,2.905183792114258,0.2317701429128646,0.7754124999046326,2.784559726715088,3.0093700885772705,0.2248104214668274,0.7756836414337158,2.633044719696045,2.8490781784057617,0.2160335630178451,0.7758848667144775,2.6709158420562744,2.8833725452423096,0.2124565690755844,0.7853512167930603,2.6428773403167725,2.8763644695281982,0.23348738253116608
0.7933809161186218,2.7713422775268555,2.952812433242798,0.1814701557159423,0.7735681533813477,2.758878707885742,2.9567582607269287,0.1978794038295745,0.7643789052963257,2.694491147994995,2.908663749694824,0.2141726016998291,0.7663121819496155,2.792025327682495,2.9881815910339355,0.1961563229560852,0.7744309306144714,2.700390338897705,2.9272782802581787,0.2268877178430557,0.7741414904594421,2.615118265151977,2.826740026473999,0.2116220295429229,0.7759689688682556,2.7073965072631836,2.9278886318206787,0.22049222886562347
0.7866597175598145,2.715894937515259,2.9414470195770264,0.2255522161722183,0.7648610472679138,2.713654041290283,2.920480489730835,0.2068264037370681,0.7662696242332458,2.6822004318237305,2.89365029335022,0.2114495933055877,0.7655078768730164,2.7347896099090576,2.939954996109009,0.2051651179790496,0.7686482071876526,2.6307170391082764,2.8403477668762207,0.2096308916807174,0.768011212348938,2.6759161949157715,2.882063388824463,0.2061471045017242,0.7812095284461975,2.636662244796753,2.847872257232666,0.21121016144752502
0.7837446331977844,2.680957794189453,2.9126734733581543,0.2317158579826355,0.7700146436691284,2.762512683868408,2.9647116661071777,0.2021991908550262,0.7727447748184204,2.691943645477295,2.916884660720825,0.2249408960342407,0.7780703902244568,2.758033275604248,2.968627691268921,0.210594430565834,0.7872871160507202,2.679414749145508,2.8905208110809326,0.2111059874296188,0.7899928689002991,2.6862118244171143,2.91465425491333,0.2284424602985382,0.7835341691970825,2.6408042907714844,2.852501153945923,0.21169675886631012
0.7836301922798157,2.663853168487549,2.865471839904785,0.2016185522079467,0.7681461572647095,2.7077269554138184,2.889961242675781,0.1822342574596405,0.7735326886177063,2.694044589996338,2.9234981536865234,0.229453831911087,0.7807859778404236,2.7625811100006104,2.966862201690674,0.2042811065912246,0.7676185965538025,2.6509897708892822,2.855642795562744,0.2046529650688171,0.7700870037078857,2.750498056411743,2.9327597618103027,0.1822617501020431,0.80024653673172,2.67645263671875,2.874737024307251,0.19828453660011292
0.7820920348167419,2.75660252571106,2.977503776550293,0.2209011316299438,0.784422755241394,2.7111048698425293,2.913989782333374,0.2028847932815551,0.7701399922370911,2.6914050579071045,2.912562608718872,0.2211573719978332,0.7585961222648621,2.7380285263061523,2.932872772216797,0.194844365119934,0.7898703813552856,2.639370441436768,2.85278058052063,0.2134099304676056,0.7682862877845764,2.6531245708465576,2.869759321212769,0.2166350334882736,0.7788500189781189,2.657208204269409,2.883531332015991,0.22632332146167755
0.7939948439598083,2.732811450958252,2.9293360710144043,0.1965246647596359,0.7647444605827332,2.674747467041016,2.877747297286988,0.2029998749494552,0.7722309231758118,2.729071617126465,2.9451379776000977,0.2160663157701492,0.8006939888000488,2.795691728591919,2.9879963397979736,0.1923045516014099,0.7895700931549072,2.695220470428467,2.9031524658203125,0.2079317718744278,0.7711284756660461,2.659862518310547,2.8596768379211426,0.1998144090175628,0.7774232029914856,2.637800455093384,2.8517773151397705,0.2139769345521927
0.7814814448356628,2.723731279373169,2.8960914611816406,0.1723603010177612,0.7724524736404419,2.746986150741577,2.919600009918213,0.1726140975952148,0.7757909893989563,2.697772979736328,2.881763219833374,0.1839903146028518,0.7718862295150757,2.7710156440734863,2.946610689163208,0.1755952537059784,0.7794057726860046,2.703627347946167,2.881300449371338,0.1776730567216873,0.7720212340354919,2.679765224456787,2.855247259140014,0.1754817962646484,0.7861925363540649,2.6656439304351807,2.8592188358306885,0.1935749500989914
0.7801342606544495,2.763516426086426,2.972190618515014,0.2086742222309112,0.7588074207305908,2.6789751052856445,2.88512659072876,0.2061515003442764,0.7707286477088928,2.671175718307495,2.8850104808807373,0.2138348370790481,0.7758532166481018,2.7488884925842285,2.9659264087677,0.2170376777648925,0.7621904015541077,2.6951401233673096,2.916788339614868,0.2216480672359466,0.7652393579483032,2.683596611022949,2.8996620178222656,0.2160653620958328,0.801628589630127,2.718256950378418,2.948031425476074,0.22977425158023834
0.7771239280700684,2.6592512130737305,2.851662397384644,0.1924111694097519,0.7615017294883728,2.7307231426239014,2.905242681503296,0.1745194196701049,0.777554452419281,2.734259843826294,2.897824764251709,0.1635650992393493,0.7943994402885437,2.817639112472534,3.001922130584717,0.1842829436063766,0.7772014141082764,2.691612958908081,2.8749520778656006,0.1833389401435852,0.7877793312072754,2.728523015975952,2.903456211090088,0.1749332994222641,0.7948221564292908,2.607522487640381,2.802781820297241,0.1952594369649887
0.7829707264900208,2.7262206077575684,2.926993131637573,0.2007724195718765,0.782861053943634,2.819571018218994,3.0361132621765137,0.2165419906377792,0.7760648131370544,2.6442909240722656,2.851301431655884,0.2070105373859405,0.7726240158081055,2.773681402206421,2.9699227809906006,0.1962413042783737,0.7673544883728027,2.6647984981536865,2.876767873764038,0.2119692116975784,0.7816178202629089,2.7086703777313232,2.9196441173553467,0.2109738439321518,0.7926459312438965,2.7556326389312744,2.990426778793335,0.2347940057516098
0.7797607183456421,2.7481179237365723,2.948204517364502,0.2000864297151565,0.7731961607933044,2.775569438934326,2.9535300731658936,0.17796091735363,0.7817368507385254,2.617886066436768,2.8183798789978027,0.2004940211772918,0.7819828391075134,2.741939783096313,2.9192888736724854,0.1773490160703659,0.7606112360954285,2.6161129474639893,2.833711862564087,0.2175989300012588,0.7887083888053894,2.667074680328369,2.8688950538635254,0.201820358633995,0.7844060659408569,2.6571011543273926,2.8688414096832275,0.2117401659488678
0.7741489410400391,2.6829380989074707,2.880581855773926,0.1976438760757446,0.7645965218544006,2.7032670974731445,2.92039442062378,0.2171276360750198,0.7581321001052856,2.7179696559906006,2.929812431335449,0.2118424177169799,0.7699003219604492,2.750349760055542,2.945551872253418,0.1952022612094879,0.7708466649055481,2.6795310974121094,2.8839111328125,0.2043801844120025,0.768569827079773,2.676074266433716,2.8788630962371826,0.2027888745069503,0.7708675861358643,2.6369049549102783,2.8378379344940186,0.2009330540895462
0.7900291681289673,2.73368763923645,2.963566541671753,0.2298787087202072,0.7631033658981323,2.7116072177886963,2.914942502975464,0.2033351510763168,0.7681118249893188,2.721168041229248,2.926834344863892,0.2056664675474167,0.7686942219734192,2.7979114055633545,3.0143301486968994,0.2164188772439956,0.7681556940078735,2.6687378883361816,2.86047625541687,0.191738024353981,0.7872516512870789,2.6810719966888428,2.8657376766204834,0.1846657991409301,0.7937334775924683,2.7109060287475586,2.9159741401672363,0.2050681859254837
0.7791821956634521,2.6857898235321045,2.9137072563171387,0.2279176414012909,0.7628505229949951,2.711615085601806,2.9225997924804688,0.2109845131635666,0.7660254240036011,2.669952630996704,2.89265251159668,0.2226999253034591,0.7794201374053955,2.7142345905303955,2.927046775817871,0.2128121107816696,0.771523654460907,2.637071132659912,2.8573598861694336,0.2202886492013931,0.7952725291252136,2.707324743270874,2.9247658252716064,0.2174411118030548,0.7868658304214478,2.6797497272491455,2.9097378253936768,0.2299879938364029
0.7797123193740845,2.716269493103028,2.893876075744629,0.1776067018508911,0.7905876040458679,2.734135150909424,2.9342193603515625,0.2000841796398162,0.7808781862258911,2.650921583175659,2.8410520553588867,0.1901306807994842,0.7801461815834045,2.75110125541687,2.971060037612915,0.2199588119983673,0.7619225382804871,2.6849684715271,2.859496116638184,0.1745277345180511,0.7710026502609253,2.658113956451416,2.8328585624694824,0.1747443675994873,0.7821444869041443,2.671208620071411,2.852235794067383,0.1810273379087448
0.7857342958450317,2.7528743743896484,2.9409775733947754,0.1881031543016433,0.7807167768478394,2.7029402256011963,2.9021365642547607,0.1991962641477584,0.7771468758583069,2.62507438659668,2.813828945159912,0.1887546479701995,0.776984691619873,2.714092969894409,2.9174654483795166,0.2033725082874298,0.7845994830131531,2.62363600730896,2.831198215484619,0.2075622528791427,0.7743052840232849,2.6879701614379883,2.8914358615875244,0.2034655958414077,0.7831968665122986,2.653794527053833,2.8555328845977783,0.20173852145671844
0.7786735892295837,2.7329518795013428,2.9345719814300537,0.2016203105449676,0.7636638879776001,2.714661359786988,2.930627584457397,0.2159663289785385,0.7751206159591675,2.6917500495910645,2.92376446723938,0.2320146560668945,0.7717006206512451,2.788455009460449,2.985877990722656,0.1974230706691742,0.7900239825248718,2.7040069103240967,2.907597303390503,0.2035902738571167,0.782074511051178,2.7325901985168457,2.964964866638184,0.2323745936155319,0.7781189680099487,2.63087797164917,2.8336751461029053,0.20279718935489655
0.7820212841033936,2.6985318660736084,2.895334005355835,0.1968019604682922,0.7611256837844849,2.697130918502808,2.8891026973724365,0.1919718980789184,0.7769518494606018,2.641115188598633,2.839463472366333,0.1983480453491211,0.7775321006774902,2.7857375144958496,2.976142168045044,0.1904042512178421,0.7843796014785767,2.6756508350372314,2.868575096130371,0.1929239928722381,0.7817838788032532,2.655280590057373,2.8357839584350586,0.1805032789707183,0.7837342619895935,2.6799228191375732,2.8536739349365234,0.1737510859966278
0.7822294235229492,2.674300193786621,2.875150203704834,0.2008500844240188,0.7735538482666016,2.713408708572388,2.9218642711639404,0.2084558010101318,0.7709194421768188,2.647421598434448,2.85249400138855,0.2050723433494568,0.7781962752342224,2.6817526817321777,2.887434244155884,0.2056814879179,0.7809112668037415,2.639976024627685,2.866273164749145,0.2262972891330719,0.7732495665550232,2.6927738189697266,2.9167001247406006,0.223926305770874,0.7800465226173401,2.6321990489959717,2.835308313369751,0.20310916006565094
0.7870827317237854,2.7519338130950928,2.951244354248047,0.1993105858564376,0.7691558599472046,2.7736711502075195,2.983473539352417,0.2098025977611541,0.7756638526916504,2.638270139694214,2.8634402751922607,0.2251705378293991,0.7723782062530518,2.6329150199890137,2.8248629570007324,0.1919479370117187,0.7754559516906738,2.746147632598877,2.9668314456939697,0.2206837087869644,0.7681910395622253,2.6502182483673096,2.871788263320923,0.2215698212385177,0.7741345763206482,2.6504452228546143,2.8553874492645264,0.20494239032268524
0.7769090533256531,2.744892120361328,2.942415475845337,0.1975234746932983,0.7701834440231323,2.731426954269409,2.917239189147949,0.1858123391866684,0.7696267366409302,2.709348440170288,2.904702425003052,0.1953537762165069,0.7738428711891174,2.7852349281311035,2.954240322113037,0.1690050512552261,0.7723337411880493,2.6349380016326904,2.8161754608154297,0.1812372803688049,0.7630262970924377,2.653934955596924,2.8220272064208984,0.1680923551321029,0.7788960337638855,2.653618097305298,2.8579890727996826,0.20437102019786835
0.7908023595809937,2.771022319793701,2.96232271194458,0.1913003325462341,0.7641792893409729,2.760141134262085,2.956254243850708,0.196113184094429,0.7697655558586121,2.6802849769592285,2.8768770694732666,0.1965923309326172,0.7802816033363342,2.752971887588501,2.947625637054444,0.1946540772914886,0.7633653283119202,2.6750874519348145,2.875377655029297,0.2002899199724197,0.7674673795700073,2.6924641132354736,2.8813843727111816,0.1889201402664184,0.7733707427978516,2.635443925857544,2.8320531845092773,0.19660933315753937
0.7785691022872925,2.743550539016724,2.94277024269104,0.1992197036743164,0.7736594676971436,2.7643630504608154,2.9764952659606934,0.2121321707963943,0.7643246650695801,2.6404497623443604,2.8531668186187744,0.2127168923616409,0.7790865302085876,2.7252871990203857,2.933233976364136,0.2079467177391052,0.7736987471580505,2.6610515117645264,2.9001004695892334,0.2390490621328354,0.7781463861465454,2.6311652660369877,2.8480114936828613,0.216846227645874,0.7803821563720703,2.650360345840454,2.866361141204834,0.2160005420446396
0.7684688568115234,2.642448663711548,2.844015121459961,0.2015666514635086,0.766865074634552,2.6697440147399902,2.879490375518799,0.2097465693950653,0.7720396518707275,2.688091516494751,2.868109226226806,0.1800174415111541,0.7714364528656006,2.734784841537476,2.9429047107696533,0.2081199139356613,0.7695254683494568,2.634339094161988,2.817138671875,0.1827994734048843,0.7703275680541992,2.7042458057403564,2.9121694564819336,0.2079237997531891,0.7800937294960022,2.6433825492858887,2.8580546379089355,0.2146720439195633
0.7891257405281067,2.676378011703491,2.8616983890533447,0.1853205114603042,0.7734568119049072,2.7750301361083984,2.953439950942993,0.178409993648529,0.7800629138946533,2.6496853828430176,2.847862243652344,0.1981768906116485,0.7785487174987793,2.685512065887451,2.8718044757843018,0.1862924098968505,0.764092743396759,2.6289966106414795,2.797473430633545,0.1684769839048385,0.7949351668357849,2.6839733123779297,2.900326728820801,0.2163533419370651,0.7971692085266113,2.6680402755737305,2.8664920330047607,0.1984516978263855
0.7767918705940247,2.756065845489502,2.944448471069336,0.188382476568222,0.774262011051178,2.7300772666931152,2.919590473175049,0.1895134299993515,0.7662630081176758,2.726868152618408,2.920297145843506,0.1934290826320648,0.7750512957572937,2.7725391387939453,2.9387245178222656,0.1661850661039352,0.765709638595581,2.6954505443573,2.8756532669067383,0.1802026182413101,0.774920642375946,2.692168712615967,2.882150650024414,0.1899817883968353,0.790817379951477,2.7171027660369873,2.9126100540161133,0.19550760090351105
0.7983669638633728,2.6813759803771973,2.880456686019897,0.1990806758403778,0.7692012786865234,2.7171518802642822,2.9141290187835693,0.1969772726297378,0.766576886177063,2.670916080474853,2.850881099700928,0.1799649745225906,0.7830929160118103,2.7142980098724365,2.9113755226135254,0.1970775872468948,0.7678009271621704,2.6816439628601074,2.8625004291534424,0.1808562576770782,0.7835640907287598,2.718806028366089,2.923872232437134,0.2050661146640777,0.771710216999054,2.671156167984009,2.8681366443634033,0.196980282664299
0.7830658555030823,2.6867659091949463,2.8844149112701416,0.197649210691452,0.7687683701515198,2.7163376808166504,2.927985191345215,0.2116475254297256,0.764169454574585,2.6406285762786865,2.8237228393554688,0.1830944716930389,0.7710691690444946,2.689152717590332,2.885178565979004,0.1960257291793823,0.7701627016067505,2.649830818176269,2.838474750518799,0.1886437982320785,0.7713032364845276,2.635068893432617,2.831441164016724,0.1963721364736557,0.7753283381462097,2.598957061767578,2.7925052642822266,0.19354797899723053
0.7790513038635254,2.6884520053863525,2.8790650367736816,0.1906128823757171,0.7695114016532898,2.736459970474243,2.9054903984069824,0.1690306216478347,0.7763953804969788,2.724982023239136,2.9177606105804443,0.1927783042192459,0.7706875205039978,2.772920846939087,2.9676177501678467,0.1946969926357269,0.7746877670288086,2.7110161781311035,2.892504930496216,0.1814887076616287,0.7991410493850708,2.6823456287384038,2.856442213058472,0.1740966439247131,0.7799383401870728,2.6304166316986084,2.825587272644043,0.19517049193382263
0.7799770832061768,2.729532241821289,2.9348742961883545,0.2053421735763549,0.7735306024551392,2.7370529174804688,2.9325098991394043,0.1954571306705474,0.7566257119178772,2.672193050384521,2.8536159992218018,0.1814227998256683,0.7660128474235535,2.7187159061431885,2.906428813934326,0.1877128630876541,0.7731285691261292,2.714517593383789,2.910096406936645,0.1955786794424057,0.7723178863525391,2.686251401901245,2.883678436279297,0.1974269300699234,0.7877981662750244,2.6644175052642822,2.8810863494873047,0.21666888892650604
0.7840523719787598,2.7599542140960693,2.9425034523010254,0.182549238204956,0.7745519876480103,2.7342638969421387,2.9335920810699463,0.1993281543254852,0.7708359360694885,2.7131197452545166,2.9404354095458984,0.2273153662681579,0.7848556637763977,2.7471063137054443,2.942765235900879,0.1956592202186584,0.7674389481544495,2.633575677871704,2.809675693511963,0.176100343465805,0.767093300819397,2.702160120010376,2.9305789470672607,0.22841876745224,0.7784357666969299,2.6880600452423096,2.887404441833496,0.1993444561958313
0.7784870862960815,2.6847946643829346,2.876884698867798,0.1920899003744125,0.7627219557762146,2.708055019378662,2.901841163635254,0.1937860548496246,0.7798961997032166,2.672019720077514,2.870330333709717,0.1983105987310409,0.7746261358261108,2.702545404434204,2.8991682529449463,0.196622759103775,0.7676286697387695,2.686400890350342,2.884337902069092,0.1979371309280395,0.7790609002113342,2.711265563964844,2.8880529403686523,0.1767874211072921,0.785549521446228,2.669142484664917,2.8701720237731934,0.2010294497013092
0.7878850698471069,2.681401252746582,2.8606996536254883,0.1792986243963241,0.7693163156509399,2.7549586296081543,2.9715993404388428,0.2166406810283661,0.7827519774436951,2.6786305904388428,2.8896572589874268,0.2110267579555511,0.7713770270347595,2.716603755950928,2.9329843521118164,0.2163804769515991,0.7821103930473328,2.6532318592071533,2.85386323928833,0.2006314098834991,0.7721584439277649,2.676414966583252,2.867517709732056,0.1911028325557708,0.7868587374687195,2.682795524597168,2.874352216720581,0.19155676662921906
0.7864487171173096,2.720694303512573,2.9337751865386963,0.2130807191133499,0.7533698081970215,2.722116231918335,2.918652534484864,0.1965361833572387,0.7843621969223022,2.6752865314483643,2.8731849193573,0.197898268699646,0.7747491598129272,2.722101926803589,2.9356400966644287,0.2135383337736129,0.7841281294822693,2.7142467498779297,2.9324629306793213,0.2182162553071975,0.7778708934783936,2.701869487762451,2.9039878845214844,0.2021182477474212,0.7749451398849487,2.6695315837860107,2.871560573577881,0.20202898979187012
0.8015645146369934,2.6910488605499268,2.8928210735321045,0.201772004365921,0.7723380327224731,2.6432602405548096,2.852079153060913,0.2088188081979751,0.7730650901794434,2.625119686126709,2.8493762016296387,0.2242565900087356,0.7820290923118591,2.6873083114624023,2.887260675430298,0.1999526917934417,0.7850886583328247,2.655801296234131,2.8673360347747803,0.2115348577499389,0.7820497751235962,2.6777963638305664,2.8989782333374023,0.2211819142103195,0.7794135212898254,2.617612600326538,2.831948757171631,0.21433603763580322
0.7819342613220215,2.663900136947632,2.859895944595337,0.1959954649209976,0.7620701193809509,2.712813138961792,2.903792381286621,0.1909790933132171,0.7724209427833557,2.683542251586914,2.898976802825928,0.2154344618320465,0.7731652855873108,2.717892646789551,2.921896457672119,0.20400370657444,0.7684818506240845,2.690021276473999,2.888042449951172,0.1980210840702057,0.7803959846496582,2.660816431045532,2.886381864547729,0.2255654335021972,0.7793323397636414,2.6697494983673096,2.8701820373535156,0.20043253898620605
0.7773375511169434,2.662294149398804,2.8446617126464844,0.1823676079511642,0.7713980078697205,2.7145891189575195,2.9117298126220703,0.1971406191587448,0.7735801935195923,2.666809558868408,2.866368532180786,0.1995589733123779,0.7640237212181091,2.6910293102264404,2.8831779956817627,0.1921486407518386,0.7761096954345703,2.730762720108032,2.930349826812744,0.1995871216058731,0.7837826609611511,2.664926767349243,2.859586715698242,0.1946601867675781,0.7932980060577393,2.7265937328338623,2.9266552925109863,0.2000613808631897
0.7875522971153259,2.7521331310272217,2.980440616607666,0.2283074110746383,0.7708411812782288,2.745147466659546,2.95633316040039,0.2111855298280716,0.7798936367034912,2.664355993270874,2.8871779441833496,0.2228217869997024,0.7640117406845093,2.7326974868774414,2.9439988136291504,0.2113013267517089,0.7688735723495483,2.691180944442749,2.933394432067871,0.2422138005495071,0.7717037200927734,2.689563274383545,2.9276716709136963,0.2381086945533752,0.7894508242607117,2.6653380393981934,2.8901381492614746,0.22480013966560364
0.7685331702232361,2.688952207565308,2.871340036392212,0.1823875904083252,0.7591713070869446,2.682142496109009,2.869324207305908,0.1871814876794815,0.769922137260437,2.6941797733306885,2.888603687286377,0.1944241821765899,0.7626253366470337,2.736826181411743,2.910637378692627,0.1738111972808838,0.769524872303009,2.692204713821411,2.8719322681427,0.179727703332901,0.7694647312164307,2.6654789447784424,2.84559965133667,0.1801206469535827,0.79584139585495,2.6591782569885254,2.8446972370147705,0.18551893532276154
0.779664158821106,2.7119357585906982,2.895681619644165,0.1837459504604339,0.7642737030982971,2.677372932434082,2.8998031616210938,0.2224303036928177,0.7751348614692688,2.653794527053833,2.851512908935547,0.1977182775735855,0.7778778672218323,2.708310604095459,2.8817083835601807,0.1733978241682052,0.7852922081947327,2.6317687034606934,2.830564498901367,0.1987956762313842,0.79598069190979,2.7235913276672363,2.9159533977508545,0.1923617720603943,0.7755007147789001,2.6839542388916016,2.855613946914673,0.1716596633195877
0.7817360162734985,2.6123392581939697,2.809354543685913,0.1970154047012329,0.7794604301452637,2.7455148696899414,2.927865028381348,0.1823501288890838,0.7661427855491638,2.691974401473999,2.8879637718200684,0.1959893107414245,0.7691367268562317,2.7399044036865234,2.927295923233032,0.1873914450407028,0.7866294384002686,2.6329941749572754,2.8208298683166504,0.1878357380628585,0.7732363939285278,2.671166181564331,2.8677005767822266,0.1965344697237014,0.7868796586990356,2.635439395904541,2.8369686603546143,0.20152930915355682
0.7919496297836304,2.779279947280884,2.9659764766693115,0.1866966187953949,0.7778092622756958,2.714702844619751,2.889758825302124,0.1750563085079193,0.7694522142410278,2.681800603866577,2.8611814975738525,0.1793810874223709,0.7721132636070251,2.718564510345459,2.9010119438171387,0.1824475824832916,0.784326434135437,2.651841163635254,2.844083309173584,0.1922422796487808,0.776128888130188,2.710939407348633,2.884449243545532,0.1735098659992218,0.7993159294128418,2.678260087966919,2.8652336597442627,0.1869734525680542
0.7848719954490662,2.6886417865753174,2.9021317958831787,0.2134900242090225,0.7795435190200806,2.709502696990967,2.902027606964112,0.1925247460603714,0.7759225368499756,2.65559196472168,2.860100746154785,0.2045087963342666,0.777981162071228,2.697511672973633,2.870720624923706,0.1732090264558792,0.7807596325874329,2.672651052474976,2.888858795166016,0.2162075638771057,0.7737762331962585,2.67237401008606,2.847848653793335,0.1754745543003082,0.7861056923866272,2.6857311725616455,2.888889789581299,0.20315878093242645
0.7742611169815063,2.7288930416107178,2.9049594402313232,0.1760666370391845,0.767728328704834,2.7157697677612305,2.9057042598724365,0.1899344176054,0.7705149054527283,2.705378293991089,2.9015002250671387,0.1961221396923065,0.787618100643158,2.7063145637512207,2.8987045288085938,0.1923897266387939,0.7883022427558899,2.6634268760681152,2.861996650695801,0.1985699534416198,0.7818036079406738,2.671454668045044,2.8481149673461914,0.1766601949930191,0.783515453338623,2.6579060554504395,2.8505475521087646,0.19264140725135803
0.8037896752357483,2.6875736713409424,2.8789610862731934,0.1913874298334121,0.7750047445297241,2.728588104248047,2.906867265701294,0.1782789528369903,0.786706805229187,2.708690404891968,2.904850959777832,0.1961606740951538,0.7679880261421204,2.703718900680542,2.8939311504364014,0.1902119517326355,0.7662109732627869,2.69012188911438,2.87534499168396,0.1852228641510009,0.7844555377960205,2.714442491531372,2.882723569869995,0.1682807356119156,0.7894913554191589,2.64483380317688,2.830594539642334,0.18576069176197052
0.7827121615409851,2.696946620941162,2.8910021781921387,0.1940555870532989,0.76868736743927,2.739114284515381,2.932624340057373,0.193509817123413,0.7823925614356995,2.64170503616333,2.855602741241455,0.2138976007699966,0.7889294028282166,2.748564958572388,2.954785823822021,0.2062210440635681,0.7710983157157898,2.7201828956604004,2.921359300613404,0.2011763304471969,0.7771710753440857,2.6310482025146484,2.8532633781433105,0.2222151309251785,0.7813065648078918,2.695371627807617,2.9175515174865723,0.22218012809753418
0.7849580645561218,2.745007276535034,2.9394991397857666,0.1944918781518936,0.7735083103179932,2.693610429763794,2.8925161361694336,0.1989054977893829,0.7686840891838074,2.691977977752685,2.8941292762756348,0.2021511793136596,0.7700924277305603,2.7691447734832764,2.9639275074005127,0.1947827637195587,0.7780196070671082,2.691683053970337,2.896639347076416,0.2049566060304641,0.7717850804328918,2.723042726516724,2.9213147163391118,0.1982718557119369,0.7834162712097168,2.670642375946045,2.8534562587738037,0.18281373381614685
0.7787817120552063,2.69454312324524,2.873717784881592,0.1791746467351913,0.7675348520278931,2.734055280685425,2.93356990814209,0.1995145678520202,0.768941342830658,2.6987967491149902,2.8745551109313965,0.1757581979036331,0.7716302871704102,2.724714756011963,2.9205567836761475,0.195841982960701,0.7774754762649536,2.6954095363616943,2.912606954574585,0.2171975672245025,0.7876257300376892,2.684274435043335,2.8889074325561523,0.2046330720186233,0.789643406867981,2.690767765045166,2.886655807495117,0.19588835537433624
0.7819373607635498,2.7039122581481934,2.8964061737060547,0.1924939751625061,0.7723116874694824,2.709658622741699,2.9007468223571777,0.1910884380340576,0.7687035202980042,2.644758701324463,2.834102153778076,0.1893435716629028,0.7755953073501587,2.758162498474121,2.928826808929444,0.1706644147634506,0.7716379761695862,2.657031536102295,2.8304436206817627,0.1734122186899185,0.7753375768661499,2.693524122238159,2.869884729385376,0.1763605773448944,0.789834201335907,2.638301372528076,2.8415048122406006,0.20320327579975128
0.7837223410606384,2.7296154499053955,2.944876194000244,0.2152606099843979,0.781944215297699,2.7461178302764893,2.9543635845184326,0.2082458287477493,0.7784037590026855,2.657176971435547,2.866461992263794,0.2092852294445037,0.7727001905441284,2.757174730300904,2.98029899597168,0.2231241911649704,0.7707114219665527,2.67123818397522,2.8812477588653564,0.2100098878145218,0.7698824405670166,2.6463606357574463,2.882425546646118,0.2360648214817047,0.7901829481124878,2.6754043102264404,2.9073245525360107,0.23192012310028076
0.7773544192314148,2.732130289077759,2.913041830062866,0.1809115558862686,0.7837160229682922,2.7340848445892334,2.930262804031372,0.1961777359247207,0.7763381004333496,2.70327091217041,2.9033350944519043,0.2000642269849777,0.7741290926933289,2.7782318592071533,2.9678544998168945,0.1896226406097412,0.7822248339653015,2.6767828464508057,2.877148389816284,0.2003654837608337,0.7736296653747559,2.645392179489136,2.865510940551758,0.2201183587312698,0.7860764265060425,2.6711137294769287,2.8695476055145264,0.19843389093875885
0.782166600227356,2.7061426639556885,2.903165578842163,0.1970227062702179,0.7636390924453735,2.744185447692871,2.932236194610596,0.1880506873130798,0.7790582180023193,2.7365641593933105,2.9338622093200684,0.1972979605197906,0.7766096591949463,2.7001307010650635,2.889899492263794,0.1897689253091812,0.7729645371437073,2.648642063140869,2.845586061477661,0.1969438195228576,0.7706692814826965,2.690608024597168,2.8793320655822754,0.1887241005897522,0.7934964895248413,2.686258554458618,2.887023687362671,0.20076492428779602
0.7760742902755737,2.672931909561157,2.87272310256958,0.1997910439968109,0.7746146321296692,2.713364124298096,2.9150097370147705,0.2016456723213195,0.7862743735313416,2.6894445419311523,2.911719560623169,0.2222748696804046,0.7615149021148682,2.714151859283448,2.9146556854248047,0.2005039751529693,0.7674606442451477,2.712601900100708,2.9315338134765625,0.2189319878816604,0.7783424258232117,2.728564500808716,2.943740129470825,0.2151756882667541,0.7965558767318726,2.6552727222442627,2.8629748821258545,0.20770230889320374
0.8019579648971558,2.675813674926758,2.884130477905273,0.2083170115947723,0.7704851627349854,2.7484006881713867,2.9766862392425537,0.2282854318618774,0.7742088437080383,2.718492031097412,2.9381024837493896,0.2196105867624282,0.7786423563957214,2.7512333393096924,2.969813346862793,0.2185799777507782,0.7756173610687256,2.720668315887451,2.9557011127471924,0.2350328415632248,0.7730481028556824,2.6829679012298584,2.897801399230957,0.2148336619138717,0.7823824286460876,2.6122357845306396,2.849541664123535,0.23730581998825073
0.7898558378219604,2.779480695724488,2.9802141189575195,0.2007329314947128,0.7716912627220154,2.7393510341644287,2.9519972801208496,0.2126465588808059,0.7805619239807129,2.672770023345948,2.884515285491944,0.2117452621459961,0.7748067378997803,2.7409780025482178,2.9553797245025635,0.2144016325473785,0.7745167016983032,2.685965061187744,2.912015438079834,0.2260504066944122,0.7969632744789124,2.694032669067383,2.9066879749298096,0.2126553058624267,0.7909721732139587,2.6296517848968506,2.846954584121704,0.21730253100395203
0.7794597744941711,2.6854188442230225,2.8819870948791504,0.1965680569410324,0.7670150399208069,2.757927417755127,2.9569334983825684,0.1990060657262802,0.7789327502250671,2.710024833679199,2.930515766143799,0.22049081325531,0.7559852600097656,2.7248380184173584,2.9099416732788086,0.1851037740707397,0.7726238965988159,2.737062931060791,2.926544666290283,0.1894816011190414,0.7846112847328186,2.676295518875122,2.8930835723876958,0.216787964105606,0.7772184014320374,2.667181968688965,2.88681697845459,0.2196350395679474
0.7838176488876343,2.718834161758423,2.923792839050293,0.2049588114023208,0.7988650798797607,2.7499542236328125,2.955387830734253,0.2054335623979568,0.7695798873901367,2.730262756347656,2.952115535736084,0.2218528836965561,0.8013059496879578,2.7472519874572754,2.951247215270996,0.2039952129125595,0.7831737995147705,2.690265417098999,2.893907308578491,0.2036417424678802,0.7708203792572021,2.696012258529663,2.898136854171753,0.202124536037445,0.7780460119247437,2.726850748062134,2.9335625171661377,0.20671194791793823
0.7927109599113464,2.7122576236724854,2.908342361450196,0.1960848122835159,0.771773099899292,2.745155572891236,2.942971706390381,0.1978156417608261,0.7795349955558777,2.707376003265381,2.8850393295288086,0.1776634007692337,0.7735840082168579,2.7530596256256104,2.928032875061035,0.1749732196331024,0.7692214250564575,2.697539091110229,2.876128911972046,0.178589791059494,0.7646572589874268,2.646228790283203,2.837568521499634,0.1913398951292038,0.7852067947387695,2.692909002304077,2.893005847930908,0.20009683072566986
0.7900456190109253,2.713165283203125,2.916812896728516,0.203647494316101,0.7710635662078857,2.7332797050476074,2.9550015926361084,0.2217221558094024,0.7813854217529297,2.682567596435547,2.919926404953003,0.2373586893081665,0.7733631134033203,2.7414889335632324,2.961940050125122,0.2204509824514389,0.78254634141922,2.670776844024658,2.880960464477539,0.2101837396621704,0.7770978212356567,2.673247814178467,2.879591464996338,0.2063435018062591,0.7818250060081482,2.6784045696258545,2.8861382007598877,0.20773349702358246
0.7796852588653564,2.7262299060821533,2.9239706993103027,0.1977407783269882,0.7793964743614197,2.7816107273101807,2.995389223098755,0.2137786448001861,0.7780507802963257,2.669095993041992,2.8665130138397217,0.1974170953035354,0.7869611382484436,2.756706476211548,2.9273011684417725,0.1705947816371917,0.7787148952484131,2.6704885959625244,2.867396354675293,0.1969076246023178,0.7766073346138,2.680408000946045,2.868302583694458,0.1878944635391235,0.7764822840690613,2.6814067363739014,2.877434730529785,0.19602780044078827
0.7864463925361633,2.715311050415039,2.9237823486328125,0.2084714025259018,0.7781282067298889,2.7630019187927246,2.9686264991760254,0.2056244909763336,0.7636187076568604,2.6565937995910645,2.877715587615967,0.2211217582225799,0.7696027755737305,2.753943920135498,2.9693708419799805,0.2154269367456436,0.7725010514259338,2.692838430404663,2.8959364891052246,0.2030981332063675,0.7930819392204285,2.7197206020355225,2.9473986625671387,0.227678120136261,0.7820165157318115,2.647956609725952,2.8603837490081787,0.21242721378803253
0.790118932723999,2.6897006034851074,2.906171560287476,0.2164710462093353,0.7686754465103149,2.713279962539673,2.908952474594116,0.1956723928451538,0.7624848484992981,2.6679673194885254,2.887894868850708,0.2199275344610214,0.7653607726097107,2.732482671737671,2.946539163589477,0.2140562087297439,0.7760207056999207,2.6594245433807373,2.86824369430542,0.2088193893432617,0.79282146692276,2.6870687007904053,2.906211853027344,0.2191428244113922,0.7785198092460632,2.6353542804718018,2.859793186187744,0.2244388908147812
0.7932275533676147,2.737757444381714,2.916480541229248,0.178723007440567,0.7663275003433228,2.72867488861084,2.9351248741149902,0.206449881196022,0.7788160443305969,2.707463502883911,2.914828300476074,0.2073646485805511,0.7682267427444458,2.7201056480407715,2.922802448272705,0.2026967406272888,0.7808529734611511,2.686676502227783,2.900474071502685,0.2137975841760635,0.7934969663619995,2.6878817081451416,2.904850006103516,0.2169682681560516,0.7858489155769348,2.6523399353027344,2.8875346183776855,0.23519478738307953
0.7835164070129395,2.707606792449951,2.9063448905944824,0.1987378299236297,0.7758849263191223,2.714715003967285,2.9255354404449463,0.2108202129602432,0.7855762243270874,2.709113836288452,2.901939392089844,0.1928256601095199,0.7783412337303162,2.771315813064575,2.996629238128662,0.2253133952617645,0.7783693075180054,2.7113020420074463,2.927296161651612,0.2159937620162964,0.769587516784668,2.658813953399658,2.8700296878814697,0.2112156152725219,0.7833871841430664,2.561946392059326,2.763756036758423,0.20180946588516235
0.7972664833068848,2.753443717956543,2.9558725357055664,0.2024287283420562,0.7647109031677246,2.7216615676879883,2.92519474029541,0.203533262014389,0.7708786129951477,2.6504898071289062,2.867598056793213,0.2171084433794021,0.7695931196212769,2.702461242675781,2.914293050765991,0.2118319571018219,0.7726553678512573,2.639284133911133,2.847587823867798,0.2083040028810501,0.7792016267776489,2.649627685546875,2.8573505878448486,0.2077229470014572,0.7723309993743896,2.6655609607696533,2.8775219917297363,0.21196085214614868
0.7856767177581787,2.725867509841919,2.9152281284332275,0.1893606483936309,0.7630730867385864,2.743751287460327,2.918052911758423,0.1743013709783554,0.7680943608283997,2.71380352973938,2.9066920280456543,0.1928881108760833,0.7712909579277039,2.7803454399108887,2.965301752090454,0.184956207871437,0.7820829749107361,2.6970529556274414,2.8961822986602783,0.1991295367479324,0.7672521471977234,2.675617456436157,2.867514133453369,0.1918968856334686,0.7871098518371582,2.6763932704925537,2.8627052307128906,0.18631207942962646
0.8044453859329224,2.745539426803589,2.962118864059448,0.2165794372558593,0.7743090987205505,2.7083182334899902,2.923569202423096,0.2152511775493621,0.7706772089004517,2.6294937133789062,2.839444398880005,0.2099507749080658,0.7656298875808716,2.6560757160186768,2.8527426719665527,0.1966669112443924,0.7750390768051147,2.6452651023864746,2.848151206970215,0.2028863430023193,0.7804362177848816,2.614064931869507,2.8160228729248047,0.2019577920436859,0.8015670776367188,2.6468987464904785,2.8606114387512207,0.21371226012706757
0.7720116376876831,2.6890528202056885,2.8902595043182373,0.2012064903974533,0.7713811993598938,2.6753199100494385,2.89133620262146,0.2160161733627319,0.7697904706001282,2.750660896301269,2.974250555038452,0.2235894501209259,0.7686785459518433,2.7616004943847656,2.9645678997039795,0.2029674649238586,0.7688146829605103,2.6860668659210205,2.8924806118011475,0.2064141035079956,0.7768812775611877,2.679598569869995,2.8809056282043457,0.2013075798749923,0.7816469073295593,2.689964771270752,2.9063587188720703,0.21639412641525269
0.7865890860557556,2.742226839065552,2.932042121887207,0.189815491437912,0.7949223518371582,2.7287793159484863,2.938362836837769,0.2095835357904434,0.7756010890007019,2.6519668102264404,2.8581230640411377,0.2061562836170196,0.7661733031272888,2.7426087856292725,2.924835681915283,0.1822269111871719,0.7826983332633972,2.638375759124756,2.851095676422119,0.2127199172973632,0.7763563394546509,2.6350808143615723,2.8173863887786865,0.1823058873414993,0.7881256937980652,2.6280364990234375,2.8394241333007812,0.21138747036457062
0.7785176634788513,2.685243606567383,2.8844125270843506,0.1991690546274185,0.7708179950714111,2.7205426692962646,2.9208309650421143,0.2002882212400436,0.7700239419937134,2.651308298110962,2.844392776489258,0.1930846124887466,0.7702623605728149,2.7379631996154785,2.93574333190918,0.1977800577878952,0.7651278972625732,2.677755355834961,2.8924381732940674,0.2146828174591064,0.7703235149383545,2.6673784255981445,2.8671696186065674,0.1997909396886825,0.7813526391983032,2.639396905899048,2.844327211380005,0.20493020117282867
0.7958376407623291,2.778414964675904,2.938663959503174,0.1602489352226257,0.7752419710159302,2.761934280395508,2.9547486305236816,0.1928142309188842,0.791275143623352,2.6746742725372314,2.8744988441467285,0.1998244971036911,0.7873057126998901,2.731942653656006,2.908433437347412,0.1764906942844391,0.7815209627151489,2.7193727493286133,2.915966749191284,0.1965937316417694,0.7838500142097473,2.6374759674072266,2.818446636199951,0.1809703260660171,0.8011543154716492,2.683652877807617,2.8800108432769775,0.19635805487632751
0.7722653746604919,2.744377613067627,2.9163460731506348,0.1719683855772018,0.7668964862823486,2.691536426544189,2.882725238800049,0.1911889463663101,0.7761985659599304,2.65718150138855,2.839754343032837,0.1825725138187408,0.7750180959701538,2.7475430965423584,2.9439797401428223,0.1964366883039474,0.7583422660827637,2.633484601974488,2.825470447540283,0.1919857859611511,0.7816696763038635,2.710200309753418,2.908001661300659,0.1978014409542083,0.7816267013549805,2.651132345199585,2.831289291381836,0.180156871676445
0.7787467241287231,2.737459182739258,2.959219217300415,0.2217600345611572,0.7631388306617737,2.714293956756592,2.9277920722961426,0.2134980857372284,0.7740264534950256,2.715175151824951,2.923081636428833,0.2079066187143325,0.766819179058075,2.699676036834717,2.9040756225585938,0.2043995112180709,0.7740503549575806,2.686112403869629,2.914914846420288,0.2288023382425308,0.7721570730209351,2.7374396324157715,2.965483427047729,0.2280438542366027,0.7866439819335938,2.7354562282562256,2.9493613243103027,0.21390533447265625
0.7997734546661377,2.7029590606689453,2.872271776199341,0.169312983751297,0.7638583183288574,2.7469732761383057,2.931670904159546,0.1846976429224014,0.7637195587158203,2.650355815887451,2.815711975097656,0.1653563529253006,0.7719508409500122,2.717644453048706,2.8777618408203125,0.1601173728704452,0.7845921516418457,2.636366367340088,2.8211636543273926,0.1847974210977554,0.7908299565315247,2.6361870765686035,2.813483953475952,0.1772968173027038,0.7904514670372009,2.7240731716156006,2.9416935443878174,0.21762022376060486
0.7828062772750854,2.760315179824829,2.957303285598755,0.1969880163669586,0.7604623436927795,2.723095178604126,2.9255847930908203,0.2024894803762436,0.7781342267990112,2.6820125579833984,2.8866124153137207,0.2045997679233551,0.7724961042404175,2.6960763931274414,2.9042985439300537,0.2082221657037735,0.7708790898323059,2.704207420349121,2.904626846313477,0.2004196792840957,0.773566484451294,2.6374776363372803,2.8318941593170166,0.1944166272878646,0.7734451293945312,2.632173776626587,2.8365981578826904,0.20442423224449158
0.7882862091064453,2.698958396911621,2.8727989196777344,0.1738407164812088,0.7673484086990356,2.771370887756348,2.9524409770965576,0.181069865822792,0.7792436480522156,2.6440253257751465,2.840256690979004,0.1962313652038574,0.7783218026161194,2.7038354873657227,2.8933019638061523,0.1894663721323013,0.7734254598617554,2.673163414001465,2.869870662689209,0.196707546710968,0.777799665927887,2.694316864013672,2.8881945610046387,0.1938777863979339,0.7830669283866882,2.69667649269104,2.883638620376587,0.18696215748786926
0.7760981917381287,2.710713148117065,2.911837816238404,0.2011245936155319,0.7617743611335754,2.744252920150757,2.947731733322144,0.2034788727760315,0.766707181930542,2.7326931953430176,2.9501001834869385,0.2174071669578552,0.7767170667648315,2.773021697998047,2.9961931705474854,0.2231712341308593,0.771083414554596,2.716803312301636,2.9187371730804443,0.2019339650869369,0.7841721773147583,2.676166534423828,2.8838706016540527,0.2077040672302246,0.7915817499160767,2.7206249237060547,2.91357421875,0.19294953346252441
0.7838857173919678,2.723073482513428,2.9201500415802,0.1970766335725784,0.7751614451408386,2.700214385986328,2.8987107276916504,0.1984966397285461,0.7671477794647217,2.69024658203125,2.8966410160064697,0.2063942998647689,0.779731810092926,2.672741413116455,2.8711166381835938,0.1983752250671386,0.7820188403129578,2.704291820526123,2.892754554748535,0.1884627938270568,0.7727816104888916,2.642829418182373,2.8267996311187744,0.1839701980352401,0.7892091274261475,2.648625612258911,2.8758578300476074,0.22723238170146942
0.7826888561248779,2.712271451950073,2.921771049499512,0.2094997465610504,0.7790091037750244,2.7436044216156006,2.961334466934204,0.2177301198244094,0.7823737263679504,2.715873003005981,2.9265077114105225,0.2106346487998962,0.7685789465904236,2.774354219436645,2.983677864074707,0.2093236446380615,0.7822943329811096,2.665191173553467,2.881359815597534,0.2161685228347778,0.7736636400222778,2.669407367706299,2.878319501876831,0.2089122384786605,0.7895399928092957,2.6334424018859863,2.8409979343414307,0.2075558304786682
0.791413426399231,2.793199062347412,2.9751830101013184,0.1819840520620346,0.7764716148376465,2.765810012817383,2.9427921772003174,0.1769821941852569,0.7712640166282654,2.6789233684539795,2.8767311573028564,0.1978078037500381,0.7677440643310547,2.7145299911499023,2.8916056156158447,0.1770757883787155,0.7797749638557434,2.743685245513916,2.9230525493621826,0.179367333650589,0.7649308443069458,2.711555004119873,2.897861957550049,0.1863069534301757,0.7902882695198059,2.6969051361083984,2.9007112979888916,0.20380651950836182
0.7793809771537781,2.6848058700561523,2.893021821975708,0.2082159370183944,0.760387122631073,2.6752896308898926,2.89934515953064,0.2240553498268127,0.7715552449226379,2.632279872894287,2.8450942039489746,0.2128141671419143,0.7663421630859375,2.68438720703125,2.919715642929077,0.2353283166885376,0.7741349935531616,2.6742820739746094,2.888127565383911,0.2138454020023346,0.7826855778694153,2.691757917404175,2.902414083480835,0.2106560915708542,0.7860283851623535,2.6055819988250732,2.832343339920044,0.22676131129264832
0.788383960723877,2.735978126525879,2.945034980773926,0.2090568393468856,0.77102130651474,2.6679797172546387,2.868350028991699,0.200370043516159,0.7682710289955139,2.6564040184021,2.862215042114258,0.2058113068342209,0.7680854201316833,2.6866447925567627,2.875519275665283,0.1888746321201324,0.780879020690918,2.5934410095214844,2.803434133529663,0.2099930346012115,0.7711843252182007,2.6237683296203613,2.826538324356079,0.2027699649333953,0.7751505374908447,2.636876344680786,2.8416874408721924,0.20481139421463013
0.8000512719154358,2.726398468017578,2.938729047775269,0.212330549955368,0.7796626091003418,2.723915338516236,2.9318504333496094,0.2079352140426635,0.7705118060112,2.6318399906158447,2.861363172531128,0.2295231074094772,0.7614833116531372,2.6642820835113525,2.8733272552490234,0.209045261144638,0.7686505317687988,2.671306848526001,2.8922009468078613,0.2208938151597976,0.7820245623588562,2.713524580001831,2.925678014755249,0.2121532559394836,0.7826469540596008,2.6236648559570312,2.841585636138916,0.2179207056760788
0.784003496170044,2.659878730773926,2.851850748062134,0.1919720917940139,0.7731021046638489,2.7171435356140137,2.893352031707764,0.1762085556983947,0.7673152089118958,2.6423323154449463,2.817300796508789,0.1749681532382965,0.7837601900100708,2.712505578994751,2.9053142070770264,0.1928086280822754,0.780916154384613,2.6655168533325195,2.867617130279541,0.2021003514528274,0.7657339572906494,2.6605985164642334,2.8531723022460938,0.1925735771656036,0.7855991125106812,2.626735210418701,2.850020408630371,0.22328504920005798
0.7806832194328308,2.700026750564575,2.90149474143982,0.2014680057764053,0.7836689949035645,2.746159553527832,2.959915399551392,0.21375572681427,0.7820134162902832,2.7248597145080566,2.96049165725708,0.2356318682432174,0.7720438838005066,2.77761173248291,2.976670742034912,0.1990589350461959,0.7681547403335571,2.66003680229187,2.8684325218200684,0.2083957940340042,0.7830050587654114,2.67734432220459,2.9019315242767334,0.2245872318744659,0.7746350765228271,2.6653692722320557,2.875084161758423,0.20971468091011047
0.7929057478904724,2.698091983795166,2.903890371322632,0.2057984620332718,0.7902353405952454,2.752056121826172,2.981207609176636,0.2291516363620758,0.7689641714096069,2.6819796562194824,2.909649133682251,0.2276696413755417,0.7774320244789124,2.717524766921997,2.9260711669921875,0.2085463553667068,0.7707124352455139,2.662468433380127,2.886317014694214,0.2238488495349884,0.7697522640228271,2.719182014465332,2.944538116455078,0.2253562062978744,0.7828937768936157,2.6985275745391846,2.9312055110931396,0.23267805576324463
0.7825510501861572,2.690803289413452,2.916782855987549,0.2259795665740966,0.7797858715057373,2.689869880676269,2.8915929794311523,0.201723039150238,0.7744240164756775,2.6834192276000977,2.910407066345215,0.2269876599311828,0.7949519157409668,2.75527286529541,2.96461033821106,0.2093374133110046,0.7809487581253052,2.663475275039673,2.892878770828247,0.2294034659862518,0.762093722820282,2.6048688888549805,2.787583112716675,0.1827140897512436,0.7823965549468994,2.628018617630005,2.8384344577789307,0.21041566133499146
0.7767733335494995,2.7581799030303955,2.9406943321228027,0.1825145781040191,0.7671330571174622,2.7223408222198486,2.90504002571106,0.1826993227005005,0.777712345123291,2.722805976867676,2.919105052947998,0.1962991654872894,0.7818006277084351,2.7473161220550537,2.9362239837646484,0.1889079511165619,0.7672052383422852,2.652764320373535,2.828735828399658,0.1759717464447021,0.7706311345100403,2.660127878189087,2.861569166183472,0.2014411240816116,0.7908250093460083,2.6792633533477783,2.8670706748962402,0.18780717253684998
0.7814077734947205,2.715592384338379,2.928230762481689,0.2126386910676956,0.7784276604652405,2.66172742843628,2.8650946617126465,0.2033673524856567,0.76522296667099,2.6444530487060547,2.848076343536377,0.2036231011152267,0.7794409394264221,2.722886800765991,2.9434757232666016,0.2205890119075775,0.7710214853286743,2.6833739280700684,2.88472867012024,0.2013550549745559,0.7780745029449463,2.6855764389038086,2.901057481765747,0.2154813408851623,0.7951745986938477,2.6563079357147217,2.8801395893096924,0.22383162379264832
0.7789218425750732,2.693136215209961,2.897291898727417,0.2041554898023605,0.7773650288581848,2.707472085952759,2.912339687347412,0.2048674523830413,0.7650357484817505,2.659632444381714,2.871894359588623,0.212261751294136,0.780575156211853,2.6727404594421387,2.8987467288970947,0.2260063290596008,0.7712953090667725,2.615932941436768,2.825890064239502,0.2099568843841552,0.7635253071784973,2.6289312839508057,2.8552701473236084,0.2263386994600296,0.7811222672462463,2.634678363800049,2.8680853843688965,0.23340702056884766
0.7768794298171997,2.6983096599578857,2.89722228050232,0.1989130079746246,0.7665887475013733,2.7561147212982178,2.953412771224976,0.1972982734441757,0.778586745262146,2.697216033935547,2.917512893676758,0.2202968299388885,0.7663720846176147,2.697748899459839,2.899566888809204,0.2018180191516876,0.7780337333679199,2.648336172103882,2.856939554214477,0.2086035013198852,0.7717965841293335,2.6347224712371826,2.8364498615264893,0.2017271518707275,0.7830274701118469,2.657623529434204,2.870824098587036,0.2132006287574768
0.7836504578590393,2.7011499404907227,2.9131221771240234,0.2119723409414291,0.7642726302146912,2.766334056854248,2.9613258838653564,0.1949919313192367,0.7863738536834717,2.6596367359161377,2.8803257942199707,0.2206891179084777,0.7647678256034851,2.725805282592773,2.917776346206665,0.191971093416214,0.7799814343452454,2.718167543411255,2.920623779296875,0.2024565488100052,0.7774263024330139,2.6981539726257324,2.9115822315216064,0.213427796959877,0.8051888942718506,2.6495985984802246,2.87092661857605,0.22132787108421326
0.806360125541687,2.717314958572388,2.9299416542053223,0.2126265913248062,0.7691130042076111,2.747636079788208,2.9679031372070312,0.2202672064304351,0.7740026712417603,2.689490795135498,2.921018600463867,0.2315276116132736,0.7732124924659729,2.778594493865967,2.999752283096313,0.2211575806140899,0.7769300937652588,2.6516873836517334,2.8765645027160645,0.2248774021863937,0.775194525718689,2.66072940826416,2.882213592529297,0.22148397564888,0.787237286567688,2.6545283794403076,2.875521183013916,0.22099249064922333
0.7799656391143799,2.731050968170166,2.93415641784668,0.2031053751707077,0.7721564173698425,2.734516143798828,2.9337613582611084,0.1992455124855041,0.7807909846305847,2.666426658630371,2.8712449073791504,0.2048182785511016,0.7813243865966797,2.682956457138061,2.901179313659668,0.2182225435972213,0.773461639881134,2.6726937294006348,2.893756151199341,0.2210625410079956,0.7739019393920898,2.6785359382629395,2.8903043270111084,0.2117682993412017,0.8000821471214294,2.6882917881011963,2.893493413925171,0.20520201325416565
0.7818587422370911,2.730933904647827,2.9517438411712646,0.2208096534013748,0.7734633684158325,2.742079973220825,2.9404985904693604,0.1984186768531799,0.7694942951202393,2.6554579734802246,2.861788272857666,0.206330120563507,0.7621123790740967,2.642500877380371,2.836030960083008,0.1935301572084427,0.7714915871620178,2.6495261192321777,2.876887321472168,0.2273614704608917,0.7817475199699402,2.66530990600586,2.8779311180114746,0.2126211374998092,0.7793703675270081,2.634674072265625,2.839586019515991,0.20491167902946472
0.7824666500091553,2.691323518753052,2.895106315612793,0.2037828862667083,0.7805355191230774,2.710512399673462,2.912320137023926,0.2018076628446579,0.7791049480438232,2.645336389541626,2.8472485542297363,0.2019120901823043,0.7736622095108032,2.74091911315918,2.950335741043091,0.2094167321920395,0.7699724435806274,2.706691265106201,2.8932433128356934,0.1865518689155578,0.7675170302391052,2.7009873390197754,2.917649269104004,0.2166620045900344,0.799978494644165,2.64633846282959,2.8519270420074463,0.2055886834859848
0.7886765599250793,2.714890241622925,2.909451961517334,0.1945617496967315,0.757520854473114,2.634241819381714,2.8282930850982666,0.1940509229898452,0.767064094543457,2.6649765968322754,2.8533689975738525,0.1883925944566726,0.7688008546829224,2.700557947158813,2.8757269382476807,0.1751690357923507,0.8183642029762268,2.6834867000579834,2.867410182952881,0.1839235574007034,0.7627455592155457,2.710968494415283,2.886962413787842,0.1759937852621078,0.7762466669082642,2.676666736602783,2.870732307434082,0.19406557083129883
0.7864049077033997,2.720613956451416,2.903355836868286,0.1827420890331268,0.7882437705993652,2.731884479522705,2.911421298980713,0.1795368790626526,0.769503116607666,2.683678388595581,2.876312255859375,0.1926340013742447,0.7669343948364258,2.7152438163757324,2.8939368724823,0.1786930710077285,0.7634473443031311,2.678330183029175,2.8696882724761963,0.1913583278656005,0.7756903767585754,2.7312166690826416,2.9101548194885254,0.1789380759000778,0.7751391530036926,2.674588441848755,2.8688998222351074,0.1943114995956421
0.7932961583137512,2.720676898956299,2.926110029220581,0.205433040857315,0.7729173898696899,2.744771242141724,2.948120355606079,0.2033490389585495,0.7601044178009033,2.695709228515625,2.9002606868743896,0.2045516222715377,0.7828394770622253,2.7874960899353027,3.014312267303467,0.2268161624670028,0.7959387898445129,2.6699113845825195,2.8806681632995605,0.2107569277286529,0.7659004926681519,2.6925344467163086,2.9172048568725586,0.2246706038713455,0.7825928926467896,2.7302088737487793,2.9374639987945557,0.207255020737648
0.7774578332901001,2.687785387039185,2.8988022804260254,0.2110167741775512,0.7722139954566956,2.6515936851501465,2.8480746746063232,0.1964814215898513,0.7650716304779053,2.6623592376708984,2.895653486251831,0.2332943081855774,0.7639352679252625,2.7309317588806152,2.938685894012451,0.2077542245388031,0.7851912975311279,2.652072668075561,2.8670387268066406,0.2149662226438522,0.7663047909736633,2.648988485336304,2.870745182037353,0.2217562794685363,0.7793499827384949,2.6593430042266846,2.8903262615203857,0.2309834361076355
0.7938733696937561,2.7441890239715576,2.9525249004364014,0.2083358019590377,0.7786247730255127,2.702308893203736,2.900617837905884,0.198309063911438,0.7754927277565002,2.7118167877197266,2.934661388397217,0.2228446900844574,0.7747973203659058,2.7238411903381348,2.937618970870972,0.2137778550386428,0.7795029282569885,2.671424865722656,2.887077569961548,0.2156526148319244,0.7681727409362793,2.682910680770874,2.906080484390259,0.2231694906949997,0.7896252274513245,2.684265375137329,2.912280321121216,0.22801530361175537
0.7675438523292542,2.7079594135284424,2.901023626327514,0.1930643618106842,0.7631102800369263,2.739163875579834,2.930438041687012,0.1912742108106613,0.7508617639541626,2.6780812740325928,2.863407611846924,0.1853263080120086,0.7635785937309265,2.740037679672241,2.9170892238616943,0.1770514398813247,0.7592338919639587,2.6568613052368164,2.838646650314331,0.1817850321531295,0.7672955989837646,2.7205827236175537,2.91701340675354,0.1964307576417923,0.7735369205474854,2.685145378112793,2.8802382946014404,0.1950930655002594
0.790867030620575,2.706976890563965,2.924679517745972,0.2177024185657501,0.7624233961105347,2.738753318786621,2.941023826599121,0.2022704184055328,0.7600412368774414,2.679007768630981,2.889570713043213,0.2105628550052642,0.7615371346473694,2.716491937637329,2.919171094894409,0.2026789933443069,0.7708792686462402,2.602973461151123,2.8117733001708984,0.2087998986244201,0.7936381101608276,2.664118766784668,2.9007084369659424,0.2365895360708236,0.7872159481048584,2.625026226043701,2.8533496856689453,0.22832347452640533
0.7855247855186462,2.662715196609497,2.8616440296173096,0.198928877711296,0.8002575635910034,2.7670693397521973,2.9495067596435547,0.1824375540018081,0.7663246989250183,2.6717891693115234,2.900131225585937,0.2283420413732528,0.7624834775924683,2.715858221054077,2.9176113605499268,0.2017530798912048,0.7899291515350342,2.6909379959106445,2.87824821472168,0.1873102784156799,0.7761433720588684,2.6663687229156494,2.8710663318634038,0.2046976387500763,0.7812591791152954,2.610201358795166,2.8169546127319336,0.20675323903560638
0.7779952883720398,2.693267822265625,2.8710386753082275,0.1777707934379577,0.7760395407676697,2.7116518020629883,2.889701128005981,0.1780492514371872,0.7760358452796936,2.6836984157562256,2.850226879119873,0.166528508067131,0.7931858897209167,2.689007520675659,2.87766170501709,0.1886541545391082,0.7707878947257996,2.67466139793396,2.8486204147338867,0.1739591509103775,0.7857620120048523,2.659958600997925,2.8582451343536377,0.1982862055301666,0.7815963625907898,2.6341516971588135,2.8359382152557373,0.20178677141666412
0.7810909748077393,2.751997470855713,2.960986852645874,0.2089894115924835,0.7717815637588501,2.707892417907715,2.9182348251342773,0.210342451930046,0.7784362435340881,2.6941845417022705,2.921329498291016,0.2271447628736496,0.7743163704872131,2.7566399574279785,2.9879150390625,0.2312751710414886,0.7614891529083252,2.6937296390533447,2.908807277679444,0.215077668428421,0.7817344665527344,2.6563942432403564,2.872261047363281,0.2158669084310531,0.7809751629829407,2.667360782623291,2.882173776626587,0.2148129791021347
0.7919492125511169,2.7631001472473145,2.941315174102783,0.1782151311635971,0.7867999076843262,2.894105911254883,3.0599968433380127,0.1658911705017089,0.7749990224838257,2.7161755561828613,2.898862600326538,0.1826871633529663,0.7705053091049194,2.764292001724243,2.9687907695770264,0.2044985443353653,0.7712630033493042,2.650006055831909,2.8210906982421875,0.1710849404335022,0.7793416380882263,2.6401607990264893,2.8227035999298096,0.1825428307056427,0.782126784324646,2.6580100059509277,2.8393733501434326,0.18136322498321533
0.7840535640716553,2.6720099449157715,2.8685202598571777,0.1965107321739196,0.7772017121315002,2.753690004348755,2.949014902114868,0.1953247934579849,0.782496988773346,2.5997796058654785,2.770671367645264,0.1708917319774627,0.7765884399414062,2.667450189590454,2.860660552978516,0.1932107061147689,0.7675319314002991,2.728421926498413,2.9135851860046387,0.1851633489131927,0.7784950733184814,2.695399045944214,2.881255865097046,0.1858565807342529,0.7989785671234131,2.688365936279297,2.867068290710449,0.17870229482650757
0.7778926491737366,2.7023673057556152,2.8987011909484863,0.1963338851928711,0.7786444425582886,2.803609848022461,2.993866205215454,0.1902561783790588,0.7730723023414612,2.646986246109009,2.829909324645996,0.1829230636358261,0.7704827785491943,2.725114107131958,2.89375114440918,0.1686371117830276,0.7948262691497803,2.666827917098999,2.8650712966918945,0.1982435882091522,0.7673921585083008,2.616584539413452,2.8165555000305176,0.199970930814743,0.7793675065040588,2.6456429958343506,2.8265414237976074,0.18089811503887177
0.796201765537262,2.721500396728516,2.913135290145874,0.1916349828243255,0.7761337757110596,2.796219110488892,2.9858970642089844,0.189677819609642,0.7678983211517334,2.706146478652954,2.8812060356140137,0.1750596612691879,0.7661705613136292,2.740450382232666,2.929856061935425,0.1894057691097259,0.7849503755569458,2.722075700759888,2.9225356578826904,0.2004599422216415,0.7722901105880737,2.734446287155152,2.930458307266236,0.1960118412971496,0.7803197503089905,2.725579023361206,2.922114849090576,0.19653575122356415
0.787322461605072,2.6740496158599854,2.875692367553711,0.2016427516937255,0.7726291418075562,2.7685489654541016,2.966575860977173,0.1980269253253936,0.7668204307556152,2.6385271549224854,2.8403513431549072,0.201824352145195,0.7788907885551453,2.729273796081543,2.946500062942505,0.2172262519598007,0.7631286382675171,2.6921958923339844,2.896620512008667,0.2044245451688766,0.7690765261650085,2.700045347213745,2.914225578308105,0.214180126786232,0.8035581707954407,2.69507098197937,2.90751576423645,0.21244479715824127
0.7809585928916931,2.7307116985321045,2.935436248779297,0.2047246098518371,0.7670427560806274,2.7537574768066406,2.9317502975463867,0.1779928356409073,0.7560117244720459,2.689781665802002,2.891574621200561,0.2017931640148162,0.7677487134933472,2.746316432952881,2.928380012512207,0.1820633560419082,0.7663721442222595,2.713476657867432,2.907649517059326,0.1941729635000229,0.7771413922309875,2.7407050132751465,2.936849594116211,0.1961444616317749,0.7950825691223145,2.691257953643799,2.8982138633728027,0.20695601403713226
0.774202823638916,2.727624654769897,2.940968513488769,0.2133437991142273,0.7661411166191101,2.7911322116851807,2.9888644218444824,0.1977320313453674,0.7796030044555664,2.656022310256958,2.8649845123291016,0.2089623510837555,0.7632985711097717,2.676250457763672,2.874232769012451,0.1979825645685196,0.7707787752151489,2.6938915252685547,2.895550012588501,0.2016582489013672,0.792992115020752,2.737905740737915,2.958582878112793,0.2206771969795227,0.7859796285629272,2.610309600830078,2.827817440032959,0.2175079882144928
0.8123764991760254,2.65598464012146,2.8581788539886475,0.2021940648555755,0.7719994187355042,2.7163689136505127,2.938304901123047,0.221935749053955,0.7775110602378845,2.6045820713043213,2.8248612880706787,0.2202790826559066,0.7907735109329224,2.7117221355438232,2.9129955768585205,0.2012733668088913,0.7765556573867798,2.6483755111694336,2.851472854614258,0.2030971348285675,0.7830981612205505,2.6891894340515137,2.8889002799987797,0.199710801243782,0.7809287309646606,2.6505894660949707,2.8709983825683594,0.22040899097919464
0.7723327875137329,2.6777567863464355,2.85223650932312,0.1744796931743621,0.7637655735015869,2.7277448177337646,2.904469966888428,0.1767250746488571,0.7666111588478088,2.655213594436645,2.8548591136932373,0.199645385146141,0.7623658180236816,2.637479543685913,2.8330156803131104,0.1955362260341644,0.7739675641059875,2.7182457447052,2.920213222503662,0.201967716217041,0.764897346496582,2.647910118103028,2.8702950477600098,0.2223853170871734,0.7876652479171753,2.692551851272583,2.8623602390289307,0.1698082983493805
0.7819325923919678,2.681438684463501,2.8830370903015137,0.2015984952449798,0.776390552520752,2.696260452270508,2.910679578781128,0.2144190371036529,0.7743991613388062,2.627925634384156,2.834022045135498,0.2060965448617935,0.770066499710083,2.7360382080078125,2.928518295288086,0.1924799382686615,0.7779085040092468,2.687324285507202,2.892880916595459,0.2055563777685165,0.77976393699646,2.6559839248657227,2.85819149017334,0.2022074460983276,0.7875196933746338,2.6723999977111816,2.8800811767578125,0.20768114924430847
0.7965720891952515,2.746786117553711,2.962113380432129,0.2153275609016418,0.7662433385848999,2.703028440475464,2.903347969055176,0.2003194689750671,0.7636206150054932,2.677459478378296,2.881368637084961,0.2039091289043426,0.7701704502105713,2.6762917041778564,2.880842447280884,0.2045510709285736,0.7873557209968567,2.671984434127808,2.903322219848633,0.2313379794359207,0.77958083152771,2.711059331893921,2.918074369430542,0.2070150673389434,0.7860763072967529,2.7041890621185303,2.9262819290161133,0.2220926582813263
0.7843912839889526,2.67517638206482,2.87485146522522,0.1996747255325317,0.7649469375610352,2.741797685623169,2.9602954387664795,0.2184976786375045,0.7672688961029053,2.648213624954224,2.849597454071045,0.2013838738203048,0.7731132507324219,2.7164220809936523,2.924113512039185,0.2076916992664337,0.7938240766525269,2.6945555210113525,2.894275426864624,0.1997199356555938,0.7665507197380066,2.6673009395599365,2.878920793533325,0.2116200029850006,0.7740313410758972,2.63948130607605,2.841803789138794,0.20232261717319489
0.7855706810951233,2.753830909729004,2.9544458389282227,0.2006149441003799,0.7714566588401794,2.7055814266204834,2.909745216369629,0.2041639983654022,0.7742276787757874,2.630305051803589,2.82602858543396,0.195723295211792,0.7687009572982788,2.698692560195923,2.9181923866271973,0.2195000052452087,0.7632173299789429,2.6060497760772705,2.8053300380706787,0.1992800682783126,0.7660505771636963,2.673353672027588,2.8750123977661133,0.201658695936203,0.7966099381446838,2.644423484802246,2.8588733673095703,0.21444979310035706
0.7809514999389648,2.780143976211548,2.9823989868164062,0.2022547870874405,0.7740586996078491,2.691588878631592,2.8873414993286133,0.1957527250051498,0.7706159353256226,2.6381218433380127,2.850326538085937,0.2122049182653427,0.772802472114563,2.772616147994995,2.985008478164673,0.2123922556638717,0.7594336867332458,2.688793897628784,2.8864777088165283,0.1976837068796157,0.7702586650848389,2.6916892528533936,2.891347646713257,0.199658453464508,0.7877626419067383,2.692288637161255,2.8958263397216797,0.20353761315345764
0.7789120078086853,2.6722731590271,2.882549285888672,0.2102757841348648,0.7676275372505188,2.742536783218384,2.947848558425904,0.2053117454051971,0.7687922120094299,2.670180320739746,2.881774663925171,0.2115942984819412,0.7712960839271545,2.718311548233032,2.924636125564575,0.2063245475292205,0.7840840816497803,2.721457004547119,2.925699234008789,0.2042421102523803,0.771582841873169,2.731172561645508,2.9392249584198,0.2080523371696472,0.7857539653778076,2.745845317840576,2.9747426509857178,0.22889728844165802
0.7796732187271118,2.697882890701294,2.892486095428467,0.1946034282445907,0.7760554552078247,2.68965220451355,2.86330509185791,0.1736529618501663,0.7685483694076538,2.664048194885254,2.8653032779693604,0.2012547552585601,0.7694314122200012,2.671329498291016,2.868408679962158,0.1970790177583694,0.7948002219200134,2.7319934368133545,2.937335252761841,0.2053418010473251,0.786230206489563,2.7023606300354004,2.9059371948242188,0.2035766988992691,0.7850084900856018,2.598825693130493,2.7989869117736816,0.200161412358284
0.7859746813774109,2.7660908699035645,2.966850757598877,0.2007599622011184,0.7708951234817505,2.759608030319214,2.960789918899536,0.2011815756559372,0.7737722992897034,2.6701207160949707,2.874938488006592,0.2048178762197494,0.7792375087738037,2.741262674331665,2.940558671951294,0.1992961168289184,0.781628429889679,2.685059070587158,2.87847638130188,0.1934173107147216,0.7823324799537659,2.6688029766082764,2.861252546310425,0.1924495548009872,0.7776275873184204,2.674330234527588,2.8553872108459473,0.18105697631835938
0.7829782962799072,2.66147255897522,2.8640296459198,0.2025571763515472,0.7770006060600281,2.802968978881836,3.0146377086639404,0.2116684317588806,0.7738215923309326,2.649998664855957,2.867971658706665,0.217972993850708,0.7748732566833496,2.710130214691162,2.918299674987793,0.2081693410873413,0.7770349383354187,2.6780025959014893,2.89401912689209,0.2160163670778274,0.7858923673629761,2.7028801441192627,2.924314022064209,0.2214336693286895,0.7811446189880371,2.678513288497925,2.9023098945617676,0.22379663586616516
0.7923279404640198,2.7118842601776123,2.9047601222991943,0.1928757727146148,0.781423807144165,2.782369613647461,2.9594829082489014,0.1771132051944732,0.7792763113975525,2.6919407844543457,2.8860843181610107,0.1941436678171157,0.7761934399604797,2.7326033115386963,2.919856548309326,0.1872532069683075,0.7725111246109009,2.667292833328247,2.8628644943237305,0.1955719590187072,0.7763842344284058,2.643030166625977,2.821564197540283,0.1785340756177902,0.7877309918403625,2.6707701683044434,2.854017496109009,0.18324734270572662
0.7818381190299988,2.710029125213623,2.915014266967773,0.2049850821495056,0.7699972987174988,2.7298154830932617,2.948033094406128,0.2182177454233169,0.7624825835227966,2.6855411529541016,2.8882200717926025,0.2026787549257278,0.766979992389679,2.715817213058472,2.9032227993011475,0.1874055862426757,0.7708501219749451,2.667292594909668,2.863267183303833,0.1959746479988098,0.766818642616272,2.69211745262146,2.876705884933472,0.1845883578062057,0.7836849689483643,2.732280969619751,2.937566041946411,0.20528511703014374
0.7918026447296143,2.629539966583252,2.8383405208587646,0.2088009715080261,0.7725237607955933,2.7004377841949463,2.9045796394348145,0.2041418105363845,0.7732065916061401,2.6785824298858643,2.903223752975464,0.2246415168046951,0.7784921526908875,2.7351319789886475,2.934566020965576,0.1994341015815735,0.7819543480873108,2.656872510910034,2.86678147315979,0.2099089920520782,0.7738309502601624,2.661755084991455,2.8791275024414062,0.217372640967369,0.7950592041015625,2.6397242546081543,2.8520567417144775,0.21233265101909637
