rmse_night_1,gpp_mean_1,reco_mean_1,nee_mean_1,rmse_night_2,gpp_mean_2,reco_mean_2,nee_mean_2,rmse_night_3,gpp_mean_3,reco_mean_3,nee_mean_3,rmse_night_4,gpp_mean_4,reco_mean_4,nee_mean_4,rmse_night_5,gpp_mean_5,reco_mean_5,nee_mean_5,rmse_night_6,gpp_mean_6,reco_mean_6,nee_mean_6,rmse_night_7,gpp_mean_7,reco_mean_7,nee_mean_7,rmse_night_8,gpp_mean_8,reco_mean_8,nee_mean_8,rmse_night_9,gpp_mean_9,reco_mean_9,nee_mean_9
0.7443153858184814,4.481794834136963,2.935245513916016,-1.5465492010116575,0.7615563273429871,4.694149971008301,3.149401426315308,-1.544748306274414,0.720364511013031,4.573391914367676,2.9898595809936523,-1.5835319757461548,0.7185540795326233,4.576641082763672,3.024019479751587,-1.5526211261749268,0.7496415972709656,4.650414943695068,3.093601703643799,-1.5568130016326904,0.7393590211868286,4.5104522705078125,2.9319424629211426,-1.5785095691680908,0.7586386799812317,4.426196575164795,2.890777349472046,-1.5354193449020386,0.713744580745697,4.581114292144775,3.031899929046631,-1.549214482307434,0.7503057718276978,4.365229606628418,2.8207755088806152,-1.5444539785385132
0.7794306874275208,4.427303314208984,2.855266094207764,-1.5720375776290894,0.7132539749145508,4.537044048309326,2.9692845344543457,-1.5677595138549805,0.7371955513954163,4.525221824645996,2.924072027206421,-1.601149559020996,0.8234114050865173,4.658592700958252,3.095930337905884,-1.5626626014709473,0.7686530947685242,4.688282489776611,3.1023614406585693,-1.5859214067459106,0.7590641379356384,4.573150634765625,3.004333019256592,-1.5688177347183228,0.7953773736953735,4.425897121429443,2.8543078899383545,-1.571589469909668,0.7352271676063538,4.676331996917725,3.106189727783203,-1.5701419115066528,0.7814827561378479,4.399081707000732,2.8196191787719727,-1.5794627666473389
0.7458406090736389,4.4524102210998535,2.88539981842041,-1.5670101642608645,0.7416443824768066,4.653842449188232,3.077291250228882,-1.576551079750061,0.715051531791687,4.534356117248535,2.97989821434021,-1.5544581413269043,0.7243898510932922,4.60312557220459,3.042137384414673,-1.560988426208496,0.7332326173782349,4.649401664733887,3.0933353900909424,-1.5560656785964966,0.7314632534980774,4.649319648742676,3.0848259925842285,-1.5644935369491575,0.7529558539390564,4.5040459632873535,2.9472599029541016,-1.556786060333252,0.7124009132385254,4.583168029785156,2.987797737121582,-1.595370888710022,0.7413097023963928,4.462686538696289,2.9069652557373047,-1.5557212829589844
0.7621790766716003,4.495108604431152,2.968172550201416,-1.5269358158111572,0.7325185537338257,4.703125,3.1579926013946533,-1.5451328754425049,0.7250648736953735,4.6038899421691895,3.083147048950196,-1.520742654800415,0.7368430495262146,4.657496929168701,3.106273412704468,-1.5512233972549438,0.745958685874939,4.564391136169434,3.016073703765869,-1.548317790031433,0.7377572059631348,4.624826908111572,3.078329801559448,-1.5464966297149658,0.7745822668075562,4.471694469451904,2.921461582183838,-1.5502328872680664,0.7282542586326599,4.696403980255127,3.1722404956817627,-1.5241636037826538,0.7535165548324585,4.511986255645752,2.9724245071411133,-1.5395617485046387
0.7538006901741028,4.3400421142578125,2.78560757637024,-1.554434895515442,0.7535353302955627,4.664329528808594,3.072503089904785,-1.5918266773223877,0.7206526398658752,4.526304721832275,2.947275400161743,-1.5790293216705322,0.724029004573822,4.623776912689209,3.02982497215271,-1.593952178955078,0.7651209235191345,4.578725337982178,3.013718843460083,-1.5650070905685425,0.7772524952888489,4.512776374816895,2.958047389984131,-1.5547287464141846,0.754767656326294,4.377004623413086,2.827885389328003,-1.5491193532943726,0.7115001678466797,4.618030071258545,3.056790590286255,-1.5612397193908691,0.7557371854782104,4.396484375,2.838815927505493,-1.5576688051223755
0.7294433116912842,4.437887191772461,2.892155408859253,-1.545732021331787,0.7140669822692871,4.56414270401001,3.025787353515625,-1.5383551120758057,0.7107012271881104,4.653426170349121,3.107585430145264,-1.545840620994568,0.7245916724205017,4.678471565246582,3.142669439315796,-1.5358017683029177,0.7230196595191956,4.52675199508667,2.9828250408172607,-1.5439265966415403,0.7223244905471802,4.563619613647461,2.9996914863586426,-1.563928484916687,0.7531859278678894,4.449787139892578,2.8963894844055176,-1.5533970594406128,0.7143772840499878,4.662224769592285,3.1138601303100586,-1.5483648777008057,0.7396097183227539,4.421538829803467,2.8719329833984375,-1.5496056079864502
0.7830153703689575,4.4784345626831055,2.915657520294189,-1.5627771615982056,0.7135828137397766,4.637737274169922,3.076101779937744,-1.5616354942321775,0.7254491448402405,4.621333599090576,3.0594308376312256,-1.561902642250061,0.7288439869880676,4.633326053619385,3.06541395187378,-1.5679123401641846,0.7334050536155701,4.573521137237549,3.010971069335937,-1.562549710273743,0.7229732871055603,4.545506954193115,2.978302478790283,-1.5672047138214111,0.7545414566993713,4.407632827758789,2.843103170394897,-1.5645298957824707,0.7218989133834839,4.641373157501221,3.086265087127685,-1.5551077127456665,0.7452454566955566,4.418339252471924,2.8578813076019287,-1.5604578256607056
0.7460488080978394,4.418547630310059,2.8617279529571533,-1.5568195581436155,0.7230193018913269,4.533006191253662,2.9651150703430176,-1.567891240119934,0.733375072479248,4.60744571685791,3.0431926250457764,-1.5642530918121338,0.7273988127708435,4.632876873016357,3.05778169631958,-1.5750956535339355,0.7342836260795593,4.570641994476318,2.989388227462769,-1.5812537670135498,0.7346999049186707,4.543684482574463,2.973020315170288,-1.5706641674041748,0.7386265993118286,4.462759494781494,2.8946726322174072,-1.5680867433547974,0.7144925594329834,4.618160724639893,3.047849416732788,-1.5703113079071045,0.7547132968902588,4.371786594390869,2.7924392223358154,-1.5793472528457642
0.739218533039093,4.385366916656494,2.837074279785156,-1.5482925176620483,0.7120206356048584,4.50037145614624,2.970276117324829,-1.5300949811935425,0.7487559914588928,4.537653923034668,2.993210792541504,-1.544442892074585,0.7815999984741211,4.643839359283447,3.1223864555358887,-1.521452784538269,0.7236750721931458,4.534873008728027,3.0153634548187256,-1.5195094347000122,0.7226485013961792,4.467227458953857,2.952564239501953,-1.5146632194519043,0.7614312171936035,4.373161315917969,2.834514141082764,-1.5386475324630735,0.7492821216583252,4.627470016479492,3.1248562335968018,-1.5026142597198486,0.758850634098053,4.354384422302246,2.8086183071136475,-1.545765995979309
0.7305801510810852,4.404024124145508,2.8539602756500244,-1.5500643253326416,0.7323378324508667,4.62531852722168,3.08795166015625,-1.5373666286468506,0.7326914668083191,4.637922763824463,3.0833308696746826,-1.5545920133590698,0.7497557997703552,4.687332630157471,3.131131410598755,-1.5562018156051636,0.7541869878768921,4.605122089385986,3.054863929748535,-1.5502583980560305,0.7470254302024841,4.571650505065918,3.036186456680298,-1.5354642868041992,0.7615711092948914,4.425765514373779,2.8728272914886475,-1.5529385805130005,0.7437518239021301,4.727158069610596,3.171332836151123,-1.5558258295059204,0.7538858652114868,4.408004283905029,2.8575599193573,-1.5504447221755981
0.7636047005653381,4.403456211090088,2.835096597671509,-1.568359613418579,0.7247061133384705,4.632478713989258,3.074894666671753,-1.5575838088989258,0.7621270418167114,4.574373722076416,3.004569292068481,-1.5698038339614868,0.7388468980789185,4.682099342346191,3.1219661235809326,-1.5601332187652588,0.7388564348220825,4.480728149414063,2.8882265090942383,-1.5925023555755615,0.765164315700531,4.6081132888793945,3.076533555984497,-1.531580090522766,0.764316976070404,4.354911804199219,2.7836239337921143,-1.571287751197815,0.7368608713150024,4.678795337677002,3.119534730911255,-1.5592602491378784,0.7450053095817566,4.409150123596191,2.8220369815826416,-1.5871131420135498
0.7640734314918518,4.450832843780518,2.8921902179718018,-1.5586425065994265,0.7297027707099915,4.660001277923584,3.0961737632751465,-1.5638275146484375,0.7208306193351746,4.534046649932861,2.9354910850524902,-1.5985554456710815,0.7301756739616394,4.508878707885742,2.9492645263671875,-1.5596145391464231,0.7421213984489441,4.566047191619873,3.002889633178711,-1.5631579160690308,0.7474990487098694,4.53811502456665,2.973940372467041,-1.5641741752624512,0.7633674740791321,4.424280643463135,2.857858419418335,-1.5664225816726685,0.7244739532470703,4.53125,2.954535007476806,-1.5767149925231934,0.7529250383377075,4.373716354370117,2.8074779510498047,-1.5662384033203125
0.7564966082572937,4.4430975914001465,2.922612428665161,-1.5204856395721436,0.7091692090034485,4.569356918334961,3.02193570137024,-1.5474215745925903,0.7255274057388306,4.55010461807251,3.020551443099976,-1.529552936553955,0.7196174263954163,4.602165699005127,3.0497546195983887,-1.5524115562438965,0.7317870855331421,4.591217041015625,3.052516460418701,-1.538700819015503,0.716400146484375,4.613327503204346,3.0838663578033447,-1.529461145401001,0.7516680955886841,4.451366901397705,2.8960814476013184,-1.5552849769592283,0.7188039422035217,4.606879234313965,3.083456993103028,-1.5234222412109375,0.7631005644798279,4.405728340148926,2.8519198894500732,-1.553808331489563
0.7421354651451111,4.356784820556641,2.7934324741363525,-1.5633524656295776,0.7225489020347595,4.622753620147705,3.0361087322235107,-1.5866447687149048,0.7260714769363403,4.475835800170898,2.907706022262573,-1.5681297779083252,0.7538383603096008,4.517168998718262,2.950855731964112,-1.56631338596344,0.7378812432289124,4.531604766845703,2.9350473880767822,-1.596557378768921,0.7448415160179138,4.565973281860352,2.980142116546631,-1.5858311653137207,0.7771074175834656,4.471351146697998,2.8805317878723145,-1.5908199548721311,0.733523428440094,4.528923511505127,2.9335813522338867,-1.595342755317688,0.7574170827865601,4.4042510986328125,2.856600284576416,-1.547650933265686
0.7640314698219299,4.406997203826904,2.8437132835388184,-1.5632842779159546,0.7379335761070251,4.638731956481934,3.10961651802063,-1.5291155576705933,0.7271251082420349,4.533906936645508,2.976617813110352,-1.5572888851165771,0.7329952120780945,4.617199897766113,3.058366298675537,-1.558833360671997,0.727612316608429,4.61105489730835,3.073276996612549,-1.5377782583236694,0.8728197813034058,4.605151176452637,3.076688528060913,-1.5284628868103027,0.7700348496437073,4.419681549072266,2.858985185623169,-1.560696721076965,0.7241575717926025,4.598236083984375,3.068435907363892,-1.5298006534576416,0.7598912715911865,4.411546230316162,2.847407341003418,-1.5641387701034546
0.7435782551765442,4.373240947723389,2.8187105655670166,-1.554530382156372,0.730300784111023,4.621452331542969,3.0698347091674805,-1.5516172647476196,0.7243592143058777,4.54717493057251,3.000828742980957,-1.5463461875915527,0.9101726412773132,4.583493709564209,3.033890962600708,-1.5496028661727903,0.7189760804176331,4.532081127166748,2.98868465423584,-1.5433967113494873,0.8381796479225159,4.586380481719971,3.058218002319336,-1.5281625986099243,0.7529387474060059,4.381066799163818,2.8205299377441406,-1.5605368614196775,0.7258825302124023,4.609541416168213,3.053508043289185,-1.5560333728790283,0.7404675483703613,4.370964050292969,2.8099796772003174,-1.56098473072052
0.739335834980011,4.43678617477417,2.877638339996338,-1.5591479539871216,0.7222328186035156,4.562700748443604,3.012469530105591,-1.5502309799194336,0.7516398429870605,4.564967632293701,3.053164482116699,-1.5118036270141602,0.738196611404419,4.59907865524292,3.063178777694702,-1.5359001159667969,0.7323148250579834,4.571962356567383,3.048444986343384,-1.5235168933868408,0.724459171295166,4.5848469734191895,3.010660171508789,-1.57418692111969,0.7659575343132019,4.387950420379639,2.8606066703796387,-1.5273432731628418,0.7475874423980713,4.623574256896973,3.0955381393432617,-1.5280358791351318,0.7589389085769653,4.423682689666748,2.873744010925293,-1.549938678741455
0.7485181093215942,4.4200520515441895,2.8649706840515137,-1.5550816059112549,0.726151704788208,4.571090698242188,3.013969898223877,-1.5571209192276,0.715919017791748,4.531546115875244,3.000185251235962,-1.53136146068573,0.7836453318595886,4.540807247161865,2.993140459060669,-1.5476669073104858,0.7210859656333923,4.538992881774902,2.965195417404175,-1.5737972259521484,0.7154207825660706,4.605557441711426,3.075866222381592,-1.5296907424926758,0.7523924708366394,4.453977108001709,2.901944875717163,-1.552032470703125,0.7157305479049683,4.555118560791016,3.004258394241333,-1.5508601665496826,0.7474783658981323,4.457254886627197,2.9072508811950684,-1.5500037670135498
0.7393168210983276,4.432529926300049,2.865680456161499,-1.5668492317199707,0.715264618396759,4.578798294067383,2.984747886657715,-1.594050407409668,0.7314598560333252,4.601421356201172,3.0400707721710205,-1.5613502264022827,0.7238300442695618,4.627346992492676,3.0704615116119385,-1.5568854808807373,0.7248225808143616,4.523782730102539,2.9702227115631104,-1.5535600185394287,0.7203413844108582,4.549988746643066,2.9866347312927246,-1.5633535385131836,0.7732746601104736,4.451849937438965,2.8776676654815674,-1.5741817951202393,0.7214870452880859,4.610164642333984,3.045607566833496,-1.5645568370819092,0.7669069766998291,4.44060754776001,2.877776861190796,-1.5628312826156616
0.744805097579956,4.448582172393799,2.91046142578125,-1.5381208658218384,0.7359151840209961,4.596702098846436,3.055461406707764,-1.5412405729293823,0.7305033206939697,4.609634399414063,3.0717575550079346,-1.537877082824707,0.7559989094734192,4.5970778465271,3.0629165172576904,-1.5341609716415403,0.7281612157821655,4.525890827178955,2.985590934753418,-1.5403001308441162,0.919343888759613,4.555880069732666,3.022266864776612,-1.5336134433746338,0.766179621219635,4.328596115112305,2.7919564247131348,-1.53663969039917,0.7232271432876587,4.603094577789307,3.06946325302124,-1.5336312055587769,0.7480992078781128,4.360304355621338,2.842122793197632,-1.5181818008422852
0.7558115720748901,4.441342353820801,2.8734498023986816,-1.5678921937942505,0.7302454113960266,4.605262756347656,3.017454147338867,-1.5878087282180786,0.7637055516242981,4.715468883514404,3.143829584121704,-1.571639060974121,0.7550660371780396,4.718114376068115,3.150792360305786,-1.5673222541809082,0.7210291028022766,4.643960952758789,3.073967933654785,-1.5699933767318726,0.7182570099830627,4.551559925079346,2.9872398376464844,-1.5643196105957031,0.763489305973053,4.483335494995117,2.896824359893799,-1.5865107774734497,0.7680582404136658,4.743699073791504,3.182141065597534,-1.5615580081939695,0.7373285889625549,4.432331085205078,2.8707051277160645,-1.5616264343261719
0.7689716815948486,4.46980619430542,2.911411762237549,-1.5583937168121338,0.7183636426925659,4.670663356781006,3.1193363666534424,-1.551326870918274,0.7248842716217041,4.652595520019531,3.091826915740967,-1.5607688426971436,0.7531237602233887,4.686281681060791,3.1304194927215576,-1.555862307548523,0.742577850818634,4.617222785949707,3.071817398071289,-1.5454052686691284,0.7632789611816406,4.621877193450928,3.08106541633606,-1.5408117771148682,0.7605587244033813,4.403810977935791,2.8484654426574707,-1.55534565448761,0.722896158695221,4.673937797546387,3.115066766738892,-1.5588713884353638,0.7651335000991821,4.417381763458252,2.878641128540039,-1.5387407541275024
0.7542157173156738,4.451965808868408,2.928769588470459,-1.523195743560791,0.7396621108055115,4.583591461181641,3.029260873794556,-1.554330348968506,0.7088285088539124,4.526471138000488,2.998859643936157,-1.5276110172271729,0.7437261939048767,4.563313007354736,3.0084636211395264,-1.5548495054244995,0.8007297515869141,4.586642742156982,3.0473647117614746,-1.5392777919769287,0.9320976138114928,4.614623546600342,3.1008687019348145,-1.5137547254562378,0.7484645843505859,4.348796844482422,2.7973649501800537,-1.5514320135116575,0.7194520235061646,4.472744464874268,2.933535099029541,-1.5392096042633057,0.7483700513839722,4.443195343017578,2.8756892681121826,-1.5675063133239746
0.7571122646331787,4.399758338928223,2.847430467605591,-1.5523277521133425,0.7266807556152344,4.5138020515441895,2.95025634765625,-1.5635457038879397,0.7148811221122742,4.5489044189453125,2.9610495567321777,-1.5878552198410034,0.7234191298484802,4.628997802734375,3.058310985565185,-1.5706870555877686,0.7171355485916138,4.657928466796875,3.0980026721954346,-1.5599256753921509,0.7370696663856506,4.6568922996521,3.0992913246154785,-1.557600975036621,0.7578798532485962,4.337274074554443,2.768500804901123,-1.56877338886261,0.722586989402771,4.602056980133057,3.050337314605713,-1.551719307899475,0.7464955449104309,4.405379772186279,2.848109245300293,-1.557270884513855
0.7566456198692322,4.475799560546875,2.908740758895874,-1.5670592784881592,0.7129827737808228,4.634429931640625,3.0468220710754395,-1.587607741355896,0.7627205848693848,4.713644027709961,3.12753963470459,-1.5861046314239502,0.7372440099716187,4.580850601196289,3.0101003646850586,-1.5707498788833618,0.722903311252594,4.580410957336426,3.006296873092652,-1.5741136074066162,0.7402471303939819,4.627828598022461,3.053342819213867,-1.5744860172271729,0.7699465155601501,4.342394828796387,2.7809736728668213,-1.561420440673828,0.7350251078605652,4.667168140411377,3.0679705142974854,-1.599197506904602,0.7497817277908325,4.385753154754639,2.820755958557129,-1.5649969577789307
0.74974125623703,4.418179035186768,2.874980926513672,-1.5431978702545166,0.7106763124465942,4.608474254608154,3.059611797332764,-1.548862338066101,0.7217977643013,4.605276584625244,3.064696311950684,-1.5405796766281128,0.7251089811325073,4.67439603805542,3.130324125289917,-1.5440720319747925,0.7735807299613953,4.6038594245910645,3.069984674453736,-1.5338752269744873,0.7276544570922852,4.561326503753662,3.038098096847534,-1.523228406906128,0.7595794200897217,4.448059558868408,2.9066684246063232,-1.541390895843506,0.7067182660102844,4.648863315582275,3.106322765350342,-1.5425406694412231,0.755214273929596,4.418476581573486,2.8771185874938965,-1.5413583517074585
0.7369686365127563,4.381003856658936,2.834525346755981,-1.546478509902954,0.7279475331306458,4.594946384429932,3.0197396278381348,-1.5752073526382446,0.7314409613609314,4.587335109710693,3.0356669425964355,-1.551668405532837,0.7234090566635132,4.680039882659912,3.121236085891724,-1.5588035583496094,0.7539279460906982,4.5206732749938965,2.966385841369629,-1.554287075996399,0.7418208122253418,4.577160835266113,2.998129844665528,-1.5790307521820068,0.7577671408653259,4.394186496734619,2.813513994216919,-1.5806727409362793,0.7513291239738464,4.618124485015869,3.066590547561645,-1.5515342950820925,0.7464590668678284,4.371140480041504,2.819368839263916,-1.551771879196167
0.7531318664550781,4.399343013763428,2.857210874557495,-1.5421322584152222,0.7481139898300171,4.635857582092285,3.0615758895874023,-1.5742818117141724,0.7438246011734009,4.660823345184326,3.135845899581909,-1.524977445602417,0.7406151294708252,4.600183486938477,3.0843513011932373,-1.5158321857452393,0.7439492344856262,4.640426635742188,3.099941730499268,-1.5404845476150513,0.7844216823577881,4.534730911254883,2.995358467102051,-1.5393730401992798,0.760574460029602,4.368414878845215,2.8261923789978027,-1.542222499847412,0.7369346022605896,4.619973659515381,3.10618257522583,-1.513791561126709,0.7432942390441895,4.4029154777526855,2.8620944023132324,-1.540820837020874
0.7433794736862183,4.449509143829346,2.9128103256225586,-1.5366986989974976,0.7204061150550842,4.640013694763184,3.0940535068511963,-1.5459600687026978,0.7094808220863342,4.530363082885742,2.9765424728393555,-1.5538207292556765,0.7400773167610168,4.546113014221191,2.9932494163513184,-1.5528640747070312,0.7371493577957153,4.629361629486084,3.082186222076416,-1.547175407409668,0.7149166464805603,4.5644073486328125,3.0128774642944336,-1.5515295267105105,0.7467817068099976,4.441493511199951,2.889240026473999,-1.552253007888794,0.7045459151268005,4.566915988922119,3.015946388244629,-1.550969481468201,0.7408691048622131,4.404082775115967,2.8696513175964355,-1.5344318151474
0.7521997094154358,4.407432556152344,2.8494527339935303,-1.5579800605773926,0.7553739547729492,4.6053996086120605,3.055704116821289,-1.549695611000061,0.7448118925094604,4.554609298706055,3.01282286643982,-1.541786551475525,0.7439379096031189,4.587453365325928,3.0461645126342773,-1.5412884950637815,0.7368675470352173,4.577049255371094,3.022069931030273,-1.5549795627593994,0.7607883214950562,4.609289646148682,3.047981977462769,-1.561307430267334,0.762165367603302,4.423513889312744,2.876243829727173,-1.5472700595855713,0.7390229105949402,4.678571701049805,3.110701560974121,-1.5678699016571045,0.7588039636611938,4.454959869384766,2.9055395126342773,-1.5494204759597778
0.7374879121780396,4.454156875610352,2.897806167602539,-1.556350588798523,0.7488231658935547,4.633833885192871,3.07730484008789,-1.5565286874771118,0.7287946939468384,4.606563568115234,3.073463201522827,-1.533100128173828,0.7144743800163269,4.607954025268555,3.0723142623901367,-1.535640001296997,0.7271078824996948,4.583541393280029,3.04785418510437,-1.5356873273849487,0.7379767894744873,4.592076778411865,3.056816339492798,-1.5352602005004885,0.7439303398132324,4.39222526550293,2.866037368774414,-1.526187539100647,0.7246177792549133,4.601495742797852,3.0429251194000244,-1.5585705041885376,0.7422288060188293,4.387939929962158,2.836772918701172,-1.551167368888855
0.7609415054321289,4.421590328216553,2.852381944656372,-1.569208741188049,0.720801830291748,4.561792850494385,2.975392341613769,-1.5864003896713257,0.7694061994552612,4.655095100402832,3.1161372661590576,-1.5389580726623535,0.7730529308319092,4.624191761016846,3.068885326385498,-1.555306315422058,0.7357264757156372,4.580143451690674,3.0211002826690674,-1.5590425729751587,0.7266649007797241,4.494405269622803,2.934653282165528,-1.559752345085144,0.7597182989120483,4.352203845977783,2.768962144851685,-1.5832419395446775,0.7693716883659363,4.676632881164551,3.120302200317383,-1.556330919265747,0.749118447303772,4.346032619476318,2.7761683464050293,-1.5698643922805786
0.7580187320709229,4.428806304931641,2.8817269802093506,-1.5470798015594482,0.7212699055671692,4.63023853302002,3.0802035331726074,-1.5500351190567017,0.7197896838188171,4.594974517822266,3.0447561740875244,-1.5502182245254517,0.7567055821418762,4.630063533782959,3.0998566150665283,-1.5302069187164309,0.7683565616607666,4.609660625457764,3.0653295516967773,-1.544331192970276,0.7644330859184265,4.652815818786621,3.105170488357544,-1.547645092010498,0.7525005340576172,4.35249662399292,2.826629400253296,-1.5258668661117554,0.7166152596473694,4.64686918258667,3.1114745140075684,-1.5353946685791016,0.7660635113716125,4.332109451293945,2.776416540145874,-1.5556927919387817
0.7469847202301025,4.421648025512695,2.866321563720703,-1.5553263425827026,0.7210050821304321,4.605550289154053,3.04727840423584,-1.5582720041275024,0.7174764275550842,4.54539155960083,2.9913132190704346,-1.554078459739685,0.7174019813537598,4.570710182189941,3.029613494873047,-1.5410966873168943,0.7221858501434326,4.519701480865479,2.9661781787872314,-1.5535235404968262,0.7456623315811157,4.633772373199463,3.095879316329956,-1.5378929376602173,0.7602943778038025,4.4003448486328125,2.847188949584961,-1.5531558990478516,0.7284093499183655,4.578245162963867,3.03094744682312,-1.5472979545593262,0.7516142129898071,4.391912460327148,2.8379476070404053,-1.5539649724960327
0.7528210878372192,4.493179321289063,2.930763006210327,-1.5624161958694458,0.7063459753990173,4.631850242614746,3.070870876312256,-1.560979247093201,0.7466676831245422,4.655762195587158,3.099740743637085,-1.5560210943222046,0.7488252520561218,4.688617706298828,3.1329762935638428,-1.5556411743164062,0.7421451807022095,4.650909423828125,3.083072662353516,-1.5678364038467407,0.7250178456306458,4.639145374298096,3.1103265285491943,-1.5288187265396118,0.7445910573005676,4.480985641479492,2.915235996246338,-1.5657492876052856,0.7457107305526733,4.675803661346436,3.160316705703736,-1.5154873132705688,0.7462843060493469,4.434366703033447,2.8721113204956055,-1.5622555017471313
0.7742741107940674,4.438867092132568,2.91221022605896,-1.5266568660736084,0.7356106042861938,4.623492240905762,3.076181411743164,-1.5473103523254397,0.7490417957305908,4.555639743804932,3.026238918304444,-1.5294008255004885,0.7423940896987915,4.569368839263916,3.021533250808716,-1.5478357076644895,0.7284131050109863,4.597955226898193,3.057202339172364,-1.5407525300979614,0.7561363577842712,4.6361236572265625,3.087352514266968,-1.5487706661224363,0.7757368683815002,4.41856575012207,2.9020071029663086,-1.5165588855743408,0.7583454251289368,4.573958396911621,3.049577474594116,-1.524381399154663,0.7716807723045349,4.446784019470215,2.894896984100342,-1.5518877506256104
0.7583159804344177,4.414547443389893,2.844085693359375,-1.570461630821228,0.7290090322494507,4.615810871124268,3.045142650604248,-1.5706685781478882,0.7239508628845215,4.597761631011963,3.0287606716156006,-1.569001078605652,0.755954384803772,4.596696376800537,3.0285661220550537,-1.5681300163269043,0.7097685933113098,4.477964878082275,2.9081368446350098,-1.569827914237976,0.7683770060539246,4.473172187805176,2.8789491653442383,-1.5942230224609375,0.7721933126449585,4.335720062255859,2.765139102935791,-1.5705807209014893,0.7422767877578735,4.576686382293701,3.007633924484253,-1.5690524578094482,0.7619827389717102,4.354153156280518,2.7828786373138428,-1.5712740421295166
0.761347770690918,4.466300010681152,2.91743278503418,-1.5488672256469729,0.7225700616836548,4.611284255981445,3.060450315475464,-1.5508335828781128,0.7169948220252991,4.520700454711914,2.9636576175689697,-1.5570427179336548,0.7273320555686951,4.58087682723999,3.026437282562256,-1.5544395446777344,0.7241302132606506,4.620176315307617,3.075331687927246,-1.5448449850082395,0.7285585999488831,4.502381324768066,2.949511766433716,-1.5528695583343506,0.7615790367126465,4.3944478034973145,2.85395622253418,-1.5404915809631348,0.7264076471328735,4.571749210357666,3.04951810836792,-1.5222307443618774,0.7505470514297485,4.440180778503418,2.8880631923675537,-1.552117943763733
0.7579941749572754,4.427450180053711,2.862661838531494,-1.5647884607315063,0.7357767820358276,4.62335729598999,3.0550525188446045,-1.5683045387268066,0.7352645993232727,4.587244987487793,3.0205864906311035,-1.566658854484558,0.7390778660774231,4.636950969696045,3.0768840312957764,-1.5600674152374268,0.8178964257240295,4.489729881286621,2.905398368835449,-1.584331750869751,0.7602134943008423,4.545580863952637,2.9850118160247803,-1.560568928718567,0.753010094165802,4.374241828918457,2.8198938369750977,-1.5543475151062012,0.7248724102973938,4.632381439208984,3.088097095489502,-1.5442836284637451,0.7477292418479919,4.369735240936279,2.8120288848876953,-1.5577067136764526
0.7348360419273376,4.421678066253662,2.837974071502685,-1.5837039947509766,0.7199898362159729,4.555695533752441,3.0007011890411377,-1.5549945831298828,0.7134460806846619,4.53961992263794,2.971360921859741,-1.5682586431503296,0.7148829698562622,4.592690467834473,3.00671935081482,-1.5859713554382324,0.738220751285553,4.641005516052246,3.0534377098083496,-1.587567925453186,0.888920783996582,4.676031112670898,3.085132122039795,-1.5908987522125244,0.7508511543273926,4.392269611358643,2.8348031044006348,-1.5574668645858765,0.7098684310913086,4.530367851257324,2.9605298042297363,-1.5698386430740356,0.7456963062286377,4.422010898590088,2.856688976287842,-1.5653222799301147
0.7510404586791992,4.441375255584717,2.8822569847106934,-1.5591187477111816,0.7452728152275085,4.726339817047119,3.1458728313446045,-1.5804671049118042,0.7328433394432068,4.6043219566345215,3.017125606536865,-1.5871961116790771,0.725668728351593,4.620275020599365,3.0406901836395264,-1.5795849561691284,0.7170296907424927,4.5982584953308105,3.037034749984741,-1.561224102973938,0.7129718065261841,4.5671257972717285,3.000779390335083,-1.5663466453552246,0.7764589786529541,4.466267108917236,2.909962177276612,-1.5563050508499146,0.7342702746391296,4.647294044494629,3.0502023696899414,-1.597091555595398,0.7549537420272827,4.469568729400635,2.9130518436431885,-1.556516408920288
0.7470349073410034,4.390707969665527,2.838493585586548,-1.552214503288269,0.732576847076416,4.599772930145264,3.0412755012512207,-1.558497667312622,0.733302116394043,4.611472606658936,3.0633909702301025,-1.5480815172195437,0.7285192012786865,4.628408432006836,3.0724809169769287,-1.5559276342391968,0.728783130645752,4.549321174621582,2.990812301635742,-1.5585086345672607,0.749933660030365,4.524326324462891,2.998797655105591,-1.5255286693572998,0.76142418384552,4.436931610107422,2.8875348567962646,-1.5493972301483154,0.7203924655914307,4.62757682800293,3.0804367065429688,-1.5471402406692505,0.7453511953353882,4.472997188568115,2.9214744567871094,-1.5515224933624268
0.7474093437194824,4.430088520050049,2.8467488288879395,-1.5833396911621094,0.7153663635253906,4.608921527862549,3.03627610206604,-1.5726457834243774,0.7488375902175903,4.620424270629883,3.0491931438446045,-1.571231245994568,0.7440394163131714,4.59857988357544,3.0324649810791016,-1.5661146640777588,0.7039881944656372,4.610342979431152,3.038609027862549,-1.571734070777893,0.724750816822052,4.624570846557617,3.019567012786865,-1.6050035953521729,0.7548450231552124,4.459738731384277,2.890829801559448,-1.568908929824829,0.7393540143966675,4.630078315734863,3.0611701011657715,-1.568908452987671,0.7501221299171448,4.461123466491699,2.8900983333587646,-1.5710248947143555
0.7492868900299072,4.405460834503174,2.835657119750977,-1.5698037147521973,0.7461466193199158,4.586349487304688,3.0500359535217285,-1.5363138914108276,0.7206498384475708,4.504530429840088,2.9409196376800537,-1.5636112689971924,0.7105096578598022,4.532032489776611,2.963043689727783,-1.5689882040023804,0.7208110690116882,4.548704624176025,2.984690427780152,-1.5640140771865845,0.7185750603675842,4.490782260894775,2.932068347930908,-1.5587135553359983,0.7649624347686768,4.394930362701416,2.8516392707824707,-1.5432912111282349,0.7121487855911255,4.5067458152771,2.94427752494812,-1.56246817111969,0.7609623670578003,4.3516154289245605,2.798138380050659,-1.5534768104553223
0.7532114386558533,4.406644344329834,2.847878217697144,-1.5587663650512695,0.7412494421005249,4.572810649871826,3.02082896232605,-1.5519819259643557,0.7351505160331726,4.53489875793457,2.995786428451538,-1.539112210273743,0.7367827296257019,4.602157115936279,3.0484611988067627,-1.5536963939666748,0.7172613739967346,4.680499076843262,3.1298980712890625,-1.5506008863449097,0.7463668584823608,4.659533977508545,3.101060628890991,-1.558472752571106,0.7544341683387756,4.411962032318115,2.8604657649993896,-1.5514962673187256,0.7479285001754761,4.6316399574279785,3.072763681411743,-1.558876395225525,0.7598400712013245,4.370215892791748,2.8154454231262207,-1.554770588874817
0.7621085047721863,4.383768081665039,2.820761442184448,-1.5630064010620115,0.7091871500015259,4.594736099243164,3.0339667797088623,-1.5607690811157229,0.7213515639305115,4.544951915740967,2.993373155593872,-1.5515789985656738,0.7204303741455078,4.563470840454102,3.0070130825042725,-1.5564584732055664,0.7340821027755737,4.508009910583496,2.929762363433838,-1.5782479047775269,0.7071844935417175,4.507221221923828,2.9462785720825195,-1.5609428882598877,0.7614427208900452,4.402698040008545,2.850615978240967,-1.552082061767578,0.7277142405509949,4.564546585083008,2.984950542449951,-1.5795960426330566,0.7535189390182495,4.414340496063232,2.8616840839385986,-1.5526564121246338
0.7503029108047485,4.3563551902771,2.810954332351685,-1.5454005002975464,0.73993319272995,4.636088371276856,3.082655191421509,-1.553433537483215,0.7318854928016663,4.653802394866943,3.105717182159424,-1.5480852127075195,0.7438432574272156,4.664102077484131,3.1120784282684326,-1.5520234107971191,0.738673746585846,4.598500728607178,3.044825315475464,-1.553675413131714,0.7468258738517761,4.56981372833252,3.0505800247192383,-1.5192335844039917,0.8039726614952087,4.452919960021973,2.9371941089630127,-1.5157262086868286,0.7480839490890503,4.70547342300415,3.162562370300293,-1.5429112911224363,0.754724383354187,4.422130584716797,2.8878986835479736,-1.534232258796692
0.771116316318512,4.476071357727051,2.915785312652588,-1.560286045074463,0.7199578881263733,4.611406803131104,3.068565845489502,-1.542840600013733,0.7343600392341614,4.575375080108643,3.013756275177002,-1.5616191625595093,0.7562179565429688,4.595566749572754,3.02722430229187,-1.5683424472808838,0.7552160024642944,4.574110507965088,3.0053560733795166,-1.5687546730041504,0.7212335467338562,4.543479919433594,2.9561421871185303,-1.587337851524353,0.7886864542961121,4.420751571655273,2.8653905391693115,-1.5553605556488037,0.7453637719154358,4.624289989471436,3.0623881816864014,-1.561901569366455,0.7633678913116455,4.457828521728516,2.9315009117126465,-1.5263272523880005
0.7513211965560913,4.34022855758667,2.7898545265197754,-1.5503737926483154,0.741875171661377,4.522576332092285,2.97044038772583,-1.5521364212036133,0.7376253008842468,4.577888011932373,3.0501549243927,-1.5277327299118042,0.7486805319786072,4.54660701751709,3.0147924423217773,-1.531814455986023,0.7524668574333191,4.567018508911133,3.0359444618225098,-1.5310739278793335,0.7394798994064331,4.570565700531006,3.021227598190308,-1.5493382215499878,0.769838273525238,4.395264625549316,2.858691930770874,-1.5365729331970217,0.757029116153717,4.57389497756958,3.039777994155884,-1.5341168642044067,0.7701613903045654,4.435316562652588,2.8876795768737793,-1.5476365089416504
0.7638723254203796,4.355825901031494,2.824388027191162,-1.5314375162124634,0.7396108508110046,4.662956714630127,3.1172990798950195,-1.545657753944397,0.7151156663894653,4.518046379089356,2.960603952407837,-1.55744206905365,0.7468412518501282,4.553104400634766,3.0378172397613525,-1.515286922454834,0.744691789150238,4.56888484954834,3.029175281524658,-1.5397088527679443,0.7520068287849426,4.504740715026856,2.950245380401612,-1.5544955730438232,0.7729852199554443,4.452563285827637,2.926561117172241,-1.526002049446106,0.7450105547904968,4.636000633239746,3.1223552227020264,-1.5136451721191406,0.7359748482704163,4.397833347320557,2.8548569679260254,-1.5429762601852417
0.7623931765556335,4.428021430969238,2.878541946411133,-1.549479603767395,0.7361959218978882,4.677446365356445,3.142559051513672,-1.5348873138427734,0.7289430499076843,4.670161724090576,3.106943368911743,-1.5632178783416748,0.7155637741088867,4.652860641479492,3.0976264476776123,-1.5552343130111694,0.7242899537086487,4.542171001434326,2.976353406906128,-1.5658174753189087,0.7335768938064575,4.611205577850342,3.0519378185272217,-1.559267520904541,0.7577829957008362,4.449833393096924,2.892145872116089,-1.557687282562256,0.7255862355232239,4.69000244140625,3.148838996887207,-1.541163444519043,0.7355168461799622,4.401500701904297,2.8482918739318848,-1.5532090663909912
0.7374788522720337,4.393204212188721,2.83077073097229,-1.5624332427978516,0.7041800022125244,4.630434989929199,3.0707828998565674,-1.5596518516540527,0.7425323724746704,4.558196067810059,3.001348733901977,-1.5568472146987915,0.7412382364273071,4.596053600311279,3.0470285415649414,-1.5490249395370483,0.7427863478660583,4.659228324890137,3.0927016735076904,-1.5665265321731567,0.7412266731262207,4.549472332000732,2.991231203079224,-1.558241605758667,0.7628380656242371,4.399499416351318,2.840748786926269,-1.5587502717971802,0.7488077282905579,4.653713226318359,3.1195855140686035,-1.5341275930404663,0.7490150928497314,4.388732433319092,2.8254382610321045,-1.5632938146591187
0.7806380987167358,4.444396495819092,2.884892463684082,-1.5595039129257202,0.7114776968955994,4.647006034851074,3.099882125854492,-1.5471234321594238,0.7205042243003845,4.596189498901367,3.055158853530884,-1.5410308837890625,0.7247345447540283,4.598412036895752,3.0391299724578857,-1.5592820644378662,0.7378590106964111,4.631807327270508,3.081115961074829,-1.5506914854049685,0.7276948094367981,4.549172878265381,3.013385057449341,-1.5357879400253296,0.7745349407196045,4.482170581817627,2.934006452560425,-1.5481642484664917,0.7106772661209106,4.555719375610352,3.000156879425049,-1.555562138557434,0.7377885580062866,4.39919376373291,2.8420121669769287,-1.5571818351745605
0.752670407295227,4.403187274932861,2.851124286651612,-1.5520625114440918,0.7474978566169739,4.615421772003174,3.088315725326538,-1.5271061658859253,0.7188410758972168,4.59259033203125,3.0590529441833496,-1.5335371494293213,0.7463957071304321,4.593266010284424,3.0479815006256104,-1.545284390449524,0.7502220273017883,4.611077785491943,3.0672972202301025,-1.5437811613082886,0.7431942820549011,4.600041389465332,3.0505661964416504,-1.5494751930236816,0.756635844707489,4.428746700286865,2.875930070877075,-1.5528165102005005,0.7325555682182312,4.604889392852783,3.071579933166504,-1.5333094596862793,0.7411720156669617,4.433462619781494,2.883777379989624,-1.549685001373291
0.7591443061828613,4.379703521728516,2.836585521697998,-1.543117642402649,0.7482089400291443,4.617974281311035,3.0796146392822266,-1.5383594036102295,0.7190072536468506,4.543693065643311,3.0023229122161865,-1.5413700342178345,0.7204806208610535,4.63116455078125,3.0975167751312256,-1.5336480140686035,0.741558313369751,4.459175109863281,2.9062039852142334,-1.5529712438583374,0.7398027181625366,4.605236530303955,3.078228235244751,-1.527007818222046,0.7618358135223389,4.367721080780029,2.8272883892059326,-1.5404325723648071,0.7178996801376343,4.572548389434815,3.0611283779144287,-1.5114201307296753,0.7421258091926575,4.37377405166626,2.8358616828918457,-1.5379127264022827
0.8014814853668213,4.39316987991333,2.864356517791748,-1.528813362121582,0.730561375617981,4.58132266998291,3.041848659515381,-1.539474606513977,0.7313201427459717,4.51990270614624,2.9855387210845947,-1.534363865852356,0.7287439107894897,4.587695598602295,3.051259756088257,-1.536435842514038,0.7456116080284119,4.617764949798584,3.100709915161133,-1.5170549154281616,0.7326310873031616,4.581596374511719,3.043322324752808,-1.5382745265960691,0.7864682674407959,4.380910396575928,2.860255241394043,-1.5206549167633057,0.721286416053772,4.587693691253662,3.0438828468322754,-1.5438107252120972,0.753608763217926,4.406754016876221,2.8957176208496094,-1.5110365152359009
0.7519192099571228,4.362549304962158,2.8082728385925293,-1.5542762279510498,0.7399092316627502,4.641369819641113,3.0793795585632324,-1.5619899034500122,0.7224199175834656,4.585604190826416,3.0431296825408936,-1.542474389076233,0.7409109473228455,4.65159797668457,3.098973035812378,-1.552625060081482,0.7449756860733032,4.571899890899658,3.020549297332764,-1.5513508319854736,0.7923539280891418,4.545130252838135,2.997993230819702,-1.5471371412277222,0.7498070001602173,4.380945682525635,2.830657482147217,-1.5502880811691284,0.7329837679862976,4.558323383331299,3.0203747749328613,-1.5379486083984375,0.7469809055328369,4.38325834274292,2.832279682159424,-1.5509785413742065
0.7562041878700256,4.393552780151367,2.849815368652344,-1.5437371730804443,0.7458797097206116,4.654807567596436,3.1357247829437256,-1.519083023071289,0.7083033919334412,4.619620323181152,3.069981098175049,-1.5496400594711304,0.714272141456604,4.618941783905029,3.065486431121826,-1.5534553527832031,0.7254919409751892,4.618198394775391,3.067667484283448,-1.5505309104919434,0.7265057563781738,4.542301177978516,2.9850707054138184,-1.5572305917739868,0.7529613971710205,4.411487579345703,2.867583751678467,-1.5439043045043943,0.7144038081169128,4.65128231048584,3.099799871444702,-1.5514825582504272,0.7444155216217041,4.381633758544922,2.8339009284973145,-1.5477327108383179
0.7928876876831055,4.448128700256348,2.900512933731079,-1.547616481781006,0.7288939952850342,4.602583408355713,3.0536136627197266,-1.548969864845276,0.7533315420150757,4.5851898193359375,3.035349607467652,-1.549840211868286,0.7356094121932983,4.621446132659912,3.070176362991333,-1.5512702465057373,0.7295913696289062,4.633626461029053,3.084585428237915,-1.549040913581848,0.7833142876625061,4.608770847320557,3.0687789916992188,-1.539992094039917,0.7572318315505981,4.422362804412842,2.8684329986572266,-1.5539300441741943,0.7490426301956177,4.643997669219971,3.120354652404785,-1.523642897605896,0.7581855058670044,4.461844444274902,2.9232029914855957,-1.5386414527893066
0.7731726765632629,4.477187156677246,2.910130500793457,-1.5670567750930786,0.7258466482162476,4.680072784423828,3.118680000305176,-1.561392903327942,0.7079712152481079,4.5536723136901855,2.9939188957214355,-1.5597537755966189,0.7210718393325806,4.639056205749512,3.080917358398437,-1.5581389665603638,0.7155383825302124,4.516923427581787,2.945931434631348,-1.57099187374115,0.7373499274253845,4.550167560577393,2.99106240272522,-1.5591055154800415,0.7499000430107117,4.370001792907715,2.802206516265869,-1.5677951574325562,0.7113121747970581,4.618405818939209,3.0435497760772705,-1.574856162071228,0.7399495244026184,4.360523700714111,2.79679274559021,-1.5637304782867432
0.7362238764762878,4.429118633270264,2.878316164016724,-1.5508030652999878,0.7323660254478455,4.718674659729004,3.163681745529175,-1.5549925565719604,0.7255359888076782,4.565998077392578,2.989424467086792,-1.5765730142593384,0.7205593585968018,4.635566234588623,3.09039568901062,-1.5451709032058716,0.7375068068504333,4.5983567237854,3.016335248947144,-1.582021951675415,0.7610618472099304,4.617227554321289,3.065962076187134,-1.5512655973434448,0.7800355553627014,4.456034660339356,2.9048898220062256,-1.55114483833313,0.7139973044395447,4.635412216186523,3.0684773921966557,-1.5669349431991575,0.7712629437446594,4.47976541519165,2.9498863220214844,-1.5298789739608765
0.770179033279419,4.456418991088867,2.875550985336304,-1.5808680057525637,0.7336116433143616,4.577136993408203,2.992152690887451,-1.584984302520752,0.7188903093338013,4.554181098937988,2.991396903991699,-1.5627838373184204,0.7235153317451477,4.574808120727539,3.0155375003814697,-1.5592708587646484,0.7306158542633057,4.557892322540283,3.0026967525482178,-1.555195689201355,0.7339209318161011,4.569319725036621,3.0398781299591064,-1.5294420719146729,0.7526682615280151,4.467076301574707,2.9113223552703857,-1.5557539463043213,0.7227914333343506,4.573924064636231,3.012470245361328,-1.561453938484192,0.7523520588874817,4.462682247161865,2.907611131668091,-1.5550706386566162
0.7692275047302246,4.430837631225586,2.897470474243164,-1.5333672761917114,0.7186629772186279,4.654335975646973,3.098632335662842,-1.5557035207748413,0.7329209446907043,4.548306465148926,3.010604858398437,-1.5377012491226196,0.7233627438545227,4.575629711151123,3.0644190311431885,-1.5112102031707764,0.7144709229469299,4.561980724334717,2.9922432899475098,-1.569737434387207,0.7340644598007202,4.516741752624512,2.9686949253082275,-1.548046588897705,0.7942394614219666,4.43304443359375,2.8922786712646484,-1.5407662391662598,0.7343009114265442,4.573770523071289,3.027528047561645,-1.5462428331375122,0.7512519955635071,4.3820013999938965,2.7998344898223877,-1.582167148590088
0.7654678225517273,4.380034446716309,2.832265615463257,-1.5477688312530518,0.7347702383995056,4.624880790710449,3.102931499481201,-1.5219494104385376,0.7366272211074829,4.558726787567139,3.0128297805786133,-1.545897126197815,0.7358655333518982,4.634438514709473,3.112621068954468,-1.521817326545715,0.7422027587890625,4.5427327156066895,3.003939151763916,-1.5387935638427734,0.745960533618927,4.613921165466309,3.0835421085357666,-1.5303789377212524,0.7695016264915466,4.399754524230957,2.864732503890991,-1.535022497177124,0.7506973147392273,4.644863128662109,3.1085050106048584,-1.53635835647583,0.7456260323524475,4.351484298706055,2.8277885913848877,-1.5236961841583252
0.7590293288230896,4.433037281036377,2.865900993347168,-1.567136287689209,0.756041944026947,4.634783744812012,3.067096948623657,-1.567686915397644,0.7273200154304504,4.668623447418213,3.084791898727417,-1.5838316679000854,0.7282857298851013,4.696507930755615,3.1373894214630127,-1.5591188669204712,0.7462332844734192,4.663783550262451,3.0835378170013428,-1.5802463293075562,0.7297959327697754,4.619698524475098,3.0319950580596924,-1.587703824043274,0.761516273021698,4.408138751983643,2.8260390758514404,-1.582099676132202,0.7340458631515503,4.646542072296143,3.060837507247925,-1.585704684257507,0.7573485970497131,4.412807941436768,2.8493263721466064,-1.5634816884994507
0.783627986907959,4.468686580657959,2.8921916484832764,-1.5764943361282349,0.7308493256568909,4.648968696594238,3.0969271659851074,-1.5520410537719729,0.7413040995597839,4.550096035003662,2.9871976375579834,-1.562898874282837,0.7353824973106384,4.648097991943359,3.106255054473877,-1.5418431758880615,0.7335981130599976,4.5367751121521,2.9778170585632324,-1.558957815170288,0.8955921530723572,4.671150207519531,3.1120262145996094,-1.5591245889663696,0.7740265727043152,4.465348720550537,2.919037103652954,-1.5463122129440308,0.742443859577179,4.651591777801514,3.1281445026397705,-1.523447036743164,0.7585964202880859,4.506916522979736,2.9707858562469482,-1.5361307859420776
0.776301920413971,4.462172508239746,2.9258148670196533,-1.5363576412200928,0.7222363948822021,4.623226642608643,3.07599139213562,-1.5472348928451538,0.7562905550003052,4.634603500366211,3.0966901779174805,-1.5379139184951782,0.7433580756187439,4.634714603424072,3.131619691848755,-1.503095030784607,0.7254956960678101,4.570812225341797,3.020934581756592,-1.549877643585205,0.7295543551445007,4.580382823944092,3.0453004837036133,-1.535082459449768,0.7447620630264282,4.358438968658447,2.812786102294922,-1.5456531047821045,0.73314368724823,4.571247577667236,3.050922393798828,-1.5203253030776978,0.7440101504325867,4.355088710784912,2.822974443435669,-1.5321149826049805
0.7427967190742493,4.403406620025635,2.8593504428863525,-1.5440561771392822,0.7101254463195801,4.618147373199463,3.0688729286193848,-1.5492743253707886,0.7202309370040894,4.522335529327393,2.936198472976685,-1.5861364603042605,0.7126935124397278,4.538873672485352,3.005998373031616,-1.5328752994537354,0.7154219150543213,4.552132606506348,2.9982078075408936,-1.5539252758026123,0.7300141453742981,4.567070960998535,3.0081145763397217,-1.5589560270309448,0.7388092875480652,4.445309638977051,2.908614158630371,-1.53669536113739,0.7126158475875854,4.5042033195495605,2.952067613601685,-1.552135944366455,0.7451898455619812,4.450301647186279,2.894077777862549,-1.5562241077423096
0.7522738575935364,4.431517124176025,2.87790584564209,-1.5536110401153564,0.7358160018920898,4.598694324493408,3.0493226051330566,-1.5493719577789309,0.739960253238678,4.608843803405762,3.0508766174316406,-1.5579676628112793,0.7383325099945068,4.650823593139648,3.097062587738037,-1.5537608861923218,0.7340570688247681,4.586615085601807,3.0366671085357666,-1.54994797706604,0.7506036758422852,4.675089359283447,3.124663114547729,-1.5504264831542969,0.7545174956321716,4.38349723815918,2.817590713500977,-1.565906286239624,0.7522649168968201,4.6425065994262695,3.100951194763184,-1.5415549278259275,0.7540117502212524,4.417985916137695,2.8466386795043945,-1.5713468790054321
0.7417520880699158,4.473626136779785,2.8906924724578857,-1.582934021949768,0.71799635887146,4.614919662475586,3.055230140686035,-1.55968976020813,0.7230098247528076,4.517988204956055,2.9270451068878174,-1.5909428596496582,0.7183654308319092,4.626644611358643,3.0652506351470947,-1.5613946914672852,0.7441349029541016,4.5431108474731445,2.9570841789245605,-1.5860267877578735,0.733924388885498,4.597707271575928,3.037973642349243,-1.559733510017395,0.7507335543632507,4.421000003814697,2.83102822303772,-1.5899714231491089,0.7242313623428345,4.622440814971924,3.060261011123657,-1.562179684638977,0.7454715967178345,4.449126720428467,2.885822057723999,-1.5633045434951782
0.7651507258415222,4.465549945831299,2.9116876125335693,-1.5538620948791504,0.7278531193733215,4.5888190269470215,3.057033061981201,-1.5317857265472412,0.7305763959884644,4.537877559661865,2.995701551437378,-1.5421762466430664,0.7348651885986328,4.622416496276856,3.074024200439453,-1.548391580581665,0.726898729801178,4.6016845703125,3.0220675468444824,-1.5796170234680176,0.7824326157569885,4.5746660232543945,3.024505853652954,-1.55016028881073,0.735666036605835,4.3695902824401855,2.8123106956481934,-1.5572792291641235,0.7421743869781494,4.649251937866211,3.096666097640991,-1.5525859594345093,0.7353023290634155,4.424266815185547,2.8603127002716064,-1.5639541149139404
0.7523692846298218,4.424942493438721,2.8772966861724854,-1.5476465225219729,0.732414186000824,4.573934555053711,3.0327470302581787,-1.5411880016326904,0.7089188694953918,4.523453235626221,2.967690944671631,-1.5557618141174316,0.719318687915802,4.573886394500732,3.0244882106781006,-1.5493980646133425,0.7199769616127014,4.565052509307861,3.034083366394043,-1.5309690237045288,0.7557499408721924,4.542582988739014,3.014790773391724,-1.5277916193008425,0.7929564118385315,4.36631965637207,2.824483156204224,-1.541836857795715,0.7264624238014221,4.589457035064697,3.0390570163726807,-1.550399661064148,0.7611380219459534,4.372481346130371,2.81900691986084,-1.5534745454788208
0.7540521621704102,4.4645771980285645,2.8920419216156006,-1.5725356340408323,0.7036651372909546,4.618078708648682,3.058568239212036,-1.559510588645935,0.7368722558021545,4.488872051239014,2.90195107460022,-1.5869208574295044,0.7231152653694153,4.596367835998535,3.0324716567993164,-1.5638959407806396,0.7232872247695923,4.626834392547607,3.077279090881348,-1.5495553016662598,0.7353082299232483,4.574055194854736,3.024038791656494,-1.5500162839889526,0.7320457100868225,4.3596720695495605,2.805379629135132,-1.5542926788330078,0.7333130240440369,4.551425933837891,2.958925008773804,-1.592500925064087,0.7336387038230896,4.367682933807373,2.807950973510742,-1.5597319602966309
0.7567675113677979,4.3561110496521,2.8277292251586914,-1.5283818244934082,0.7267379760742188,4.651461124420166,3.0570321083068848,-1.5944288969039917,0.7213749289512634,4.518223762512207,2.963970422744751,-1.554253339767456,0.7262884974479675,4.546483039855957,2.995851993560791,-1.5506309270858765,0.8069802522659302,4.536319255828857,2.9724199771881104,-1.5638997554779053,0.7343984246253967,4.534316539764404,2.954012632369995,-1.5803039073944092,0.7544999718666077,4.371765613555908,2.81770396232605,-1.5540616512298584,0.7251461744308472,4.589784622192383,3.011293411254883,-1.5784912109375,0.7589295506477356,4.354770183563232,2.8082847595214844,-1.5464855432510376
0.7518815994262695,4.4565300941467285,2.9260661602020264,-1.530463457107544,0.7337566614151001,4.633759021759033,3.0903241634368896,-1.5434348583221436,0.7193031907081604,4.605437755584717,3.063063859939575,-1.5423743724822998,0.7134614586830139,4.6477251052856445,3.1083285808563232,-1.5393964052200315,0.7120850086212158,4.591353893280029,3.0277340412139893,-1.563620686531067,0.7823424935340881,4.685871601104736,3.143078088760376,-1.5427935123443604,0.7478369474411011,4.4037766456604,2.8666892051696777,-1.5370875597000122,0.7313398718833923,4.604174613952637,3.0609066486358643,-1.5432682037353516,0.7504411935806274,4.419719696044922,2.8795340061187744,-1.5401853322982788
0.7575467824935913,4.493370532989502,2.9367308616638184,-1.5566397905349731,0.7200750708580017,4.591070652008057,3.0350935459136963,-1.555976629257202,0.7355608940124512,4.609099864959717,3.0556979179382324,-1.5534018278121948,0.7354845404624939,4.599785804748535,3.043928623199463,-1.5558573007583618,0.744676947593689,4.596491813659668,3.074134111404419,-1.52235746383667,0.7505171895027161,4.557149887084961,3.0035531520843506,-1.553597092628479,0.7807183265686035,4.411461353302002,2.860607624053955,-1.5508537292480469,0.7436625361442566,4.640374660491943,3.1142361164093018,-1.5261386632919312,0.7625585198402405,4.383947849273682,2.8290984630584717,-1.55484938621521
0.7451695203781128,4.457632541656494,2.918236255645752,-1.5393961668014526,0.7169421315193176,4.548906326293945,3.0260167121887207,-1.5228891372680664,0.7550522089004517,4.631114482879639,3.096489667892456,-1.5346245765686035,0.7734851837158203,4.653072357177734,3.1045525074005127,-1.5485198497772217,0.7361918091773987,4.541239261627197,3.0002434253692627,-1.5409958362579346,0.7538312673568726,4.581090927124023,3.0379319190979004,-1.543159246444702,0.7541940808296204,4.356101036071777,2.840399742126465,-1.5157015323638916,0.7666082978248596,4.681818008422852,3.1405675411224365,-1.5412499904632568,0.7577307224273682,4.311616897583008,2.7792553901672363,-1.5323621034622192
0.7587117552757263,4.391535758972168,2.8314225673675537,-1.5601131916046145,0.717628002166748,4.613316059112549,3.074645757675171,-1.538670301437378,0.7139214873313904,4.567655086517334,3.024754285812378,-1.542900800704956,0.7113481163978577,4.605285167694092,3.077087640762329,-1.5281976461410522,0.7180286645889282,4.616607666015625,3.052707433700561,-1.563900351524353,0.7627754807472229,4.624300479888916,3.1058568954467773,-1.518442988395691,0.745242178440094,4.385435104370117,2.84904408454895,-1.5363914966583252,0.715704619884491,4.553358554840088,3.0112762451171875,-1.5420825481414795,0.7520126700401306,4.347908020019531,2.806422472000122,-1.5414849519729614
0.748879075050354,4.484109401702881,2.925726890563965,-1.5583823919296265,0.731323778629303,4.593173503875732,3.0354251861572266,-1.557748556137085,0.708507776260376,4.505709171295166,2.9436495304107666,-1.5620590448379517,0.7197812795639038,4.583405017852783,3.0163803100585938,-1.5670245885849,0.7454414367675781,4.631963729858398,3.0727028846740723,-1.5592604875564575,0.7421360611915588,4.709225177764893,3.1194851398468018,-1.5897397994995115,0.7679897546768188,4.402824401855469,2.84032940864563,-1.562494874000549,0.7127858400344849,4.588445663452148,3.031360387802124,-1.557085633277893,0.7550820112228394,4.349555969238281,2.788519859313965,-1.5610363483428955
0.768884539604187,4.397037982940674,2.855398416519165,-1.541640281677246,0.725433349609375,4.538482666015625,2.991766929626465,-1.5467157363891602,0.7302026748657227,4.592098712921143,3.0445010662078857,-1.5475974082946775,0.7426440119743347,4.610084533691406,3.0632660388946533,-1.5468186140060425,0.7617049217224121,4.57948112487793,3.026051998138428,-1.553429126739502,0.7632057070732117,4.566610813140869,3.019736766815185,-1.5468738079071045,0.7706167697906494,4.44733190536499,2.90225601196289,-1.5450761318206787,0.7191244959831238,4.555184364318848,3.0108957290649414,-1.5442887544631958,0.7591802477836609,4.362401485443115,2.819382667541504,-1.5430190563201904
0.7371835112571716,4.397843837738037,2.8417110443115234,-1.5561323165893557,0.7199757695198059,4.544931888580322,2.9906604290008545,-1.5542711019515991,0.720845103263855,4.602893352508545,3.066448450088501,-1.5364447832107544,0.7373055815696716,4.6147661209106445,3.0819599628448486,-1.5328062772750854,0.7046979665756226,4.570018291473389,3.0203585624694824,-1.5496594905853271,0.7206973433494568,4.574785232543945,3.0244126319885254,-1.55037260055542,0.7410728931427002,4.415264129638672,2.852937698364258,-1.5623270273208618,0.7271696925163269,4.630300998687744,3.09954571723938,-1.5307554006576538,0.7546900510787964,4.447200775146484,2.891420602798462,-1.555780291557312
0.7452445030212402,4.420501232147217,2.8648927211761475,-1.5556079149246216,0.7314214110374451,4.658811569213867,3.1000380516052246,-1.5587738752365112,0.723615825176239,4.571876049041748,3.0109550952911377,-1.5609210729599,0.7126471400260925,4.568057060241699,3.00592303276062,-1.562134027481079,0.7567145824432373,4.661464214324951,3.10129451751709,-1.5601698160171509,0.7332143187522888,4.5835161209106445,3.0300657749176025,-1.5534504652023315,0.7612134218215942,4.362089157104492,2.801795244216919,-1.5602935552597046,0.7151175737380981,4.543893337249756,3.0090138912200928,-1.5348800420761108,0.7493941783905029,4.432629585266113,2.8788437843322754,-1.5537856817245483
0.7436591386795044,4.37319278717041,2.828065872192383,-1.545127034187317,0.7276496887207031,4.551890850067139,3.0238490104675293,-1.5280414819717407,0.748816192150116,4.57973575592041,3.0598998069763184,-1.5198359489440918,0.7620260715484619,4.584236145019531,3.0526123046875,-1.5316227674484253,0.727151095867157,4.5243988037109375,2.9770946502685547,-1.5473037958145142,0.814730167388916,4.506245136260986,2.959046125411988,-1.5471988916397097,0.7515218257904053,4.341257095336914,2.80163049697876,-1.539626955986023,0.7506715059280396,4.570549011230469,3.024656057357788,-1.5458931922912598,0.7628167271614075,4.412006378173828,2.8617424964904785,-1.5502644777297974
0.7440370321273804,4.453818321228027,2.8906869888305664,-1.5631314516067505,0.709632158279419,4.618120193481445,3.0402657985687256,-1.577855110168457,0.7366603016853333,4.644108772277832,3.0912179946899414,-1.5528911352157593,0.7276440858840942,4.651669502258301,3.081984758377075,-1.569684982299805,0.7627115249633789,4.58711051940918,3.0496087074279785,-1.5375018119812012,0.7395954132080078,4.642848968505859,3.072152137756348,-1.5706970691680908,0.7686040997505188,4.406365394592285,2.8305935859680176,-1.5757719278335571,0.7466413378715515,4.69724702835083,3.166091203689575,-1.5311558246612549,0.7507253289222717,4.467846393585205,2.9141042232513428,-1.5537415742874146
0.7520647644996643,4.412992000579834,2.8510842323303223,-1.5619076490402222,0.72137850522995,4.581028461456299,3.0200984477996826,-1.560929536819458,0.7433266043663025,4.588493824005127,3.047182083129883,-1.5413113832473757,0.7236733436584473,4.584598541259766,3.0462379455566406,-1.5383609533309937,0.7352409958839417,4.5006537437438965,2.962862491607666,-1.5377912521362305,0.7323297262191772,4.493237495422363,2.9338386058807373,-1.5593982934951782,0.759849488735199,4.378683567047119,2.822943925857544,-1.5557399988174438,0.7352426052093506,4.591063976287842,3.0312247276306152,-1.559839367866516,0.7383291721343994,4.434289932250977,2.8767573833465576,-1.5575330257415771
0.7744900584220886,4.419339179992676,2.9004180431365967,-1.5189210176467896,0.7300155162811279,4.647541046142578,3.09708571434021,-1.5504555702209473,0.7161343693733215,4.564296245574951,3.01537561416626,-1.548920750617981,0.7330571413040161,4.550378322601318,3.030508279800415,-1.5198702812194824,0.7236942052841187,4.524365425109863,2.978749513626098,-1.5456159114837646,0.732441246509552,4.583463668823242,3.030261278152466,-1.5532026290893557,0.7660207748413086,4.441041469573975,2.8942716121673584,-1.5467698574066162,0.7285686135292053,4.536035060882568,3.009878396987915,-1.5261560678482056,0.7439066767692566,4.415814399719238,2.867741107940674,-1.548073649406433
0.7502193450927734,4.443601608276367,2.8810718059539795,-1.562529683113098,0.7305318713188171,4.657501697540283,3.099728584289551,-1.5577727556228638,0.7167978882789612,4.560192108154297,3.007763862609864,-1.5524280071258545,0.7292600870132446,4.64042854309082,3.100382089614868,-1.540046453475952,0.7309184670448303,4.603019237518311,3.0419135093688965,-1.561105728149414,0.7344154715538025,4.555287837982178,3.0254056453704834,-1.529882788658142,0.7668887376785278,4.361818790435791,2.8010969161987305,-1.560721755027771,0.722892165184021,4.545467853546143,2.986291646957397,-1.5591758489608765,0.7546331286430359,4.477601051330566,2.9223408699035645,-1.5552597045898438
0.7380319237709045,4.4159464836120605,2.8540260791778564,-1.5619202852249146,0.742576003074646,4.654791831970215,3.1294426918029785,-1.5253489017486572,0.7345055937767029,4.6228928565979,3.0719470977783203,-1.5509459972381592,0.8748130202293396,4.6705002784729,3.113230466842652,-1.5572694540023804,0.8506250977516174,4.598184585571289,3.067568778991699,-1.5306158065795898,0.7620301246643066,4.601062774658203,3.0177972316741943,-1.5832661390304563,0.7762130498886108,4.437892913818359,2.8941075801849365,-1.5437852144241333,0.739740252494812,4.672471523284912,3.136732816696167,-1.5357387065887451,0.7380309104919434,4.484123706817627,2.9334638118743896,-1.5506600141525269
0.7619815468788147,4.422088146209717,2.871201276779175,-1.550886869430542,0.7176148295402527,4.513090133666992,2.959881067276001,-1.5532091856002808,0.7318602800369263,4.5825910568237305,3.028888940811157,-1.5537022352218628,0.7688789367675781,4.634978771209717,3.085998058319092,-1.548980474472046,0.7474523782730103,4.522229671478272,3.0053200721740723,-1.5169094800949097,0.7351478934288025,4.634652137756348,3.095797300338745,-1.538854479789734,0.7526049613952637,4.371085643768311,2.819749593734741,-1.5513354539871216,0.7295699119567871,4.595580577850342,3.0686590671539307,-1.5269215106964111,0.7455460429191589,4.3775153160095215,2.84330415725708,-1.5342113971710205
0.7267429828643799,4.395565509796143,2.872213840484619,-1.523351788520813,0.7387911081314087,4.584358215332031,3.0724432468414307,-1.5119153261184692,0.7262930274009705,4.575876235961914,3.0247576236724854,-1.5511183738708496,0.8799510598182678,4.582632541656494,3.0319674015045166,-1.5506654977798462,0.731977105140686,4.557453155517578,3.0017337799072266,-1.5557191371917725,0.9294574856758118,4.60204553604126,3.0528626441955566,-1.549182653427124,0.7799014449119568,4.447168350219727,2.90345311164856,-1.543715238571167,0.7088988423347473,4.640393257141113,3.0920448303222656,-1.5483479499816897,0.7766123414039612,4.444803714752197,2.8980085849761963,-1.5467950105667114
0.7695364952087402,4.477875709533691,2.928916931152344,-1.5489590167999268,0.7105629444122314,4.547921180725098,2.993485450744629,-1.5544363260269165,0.7294027805328369,4.566374778747559,3.031376600265503,-1.5349985361099243,0.7958822846412659,4.627209663391113,3.081549406051636,-1.5456600189208984,0.723698616027832,4.504059791564941,2.95235013961792,-1.551709532737732,0.7289313077926636,4.549430847167969,2.992691993713379,-1.5567388534545898,0.7557827830314636,4.399074077606201,2.845975160598755,-1.5530986785888672,0.751167893409729,4.6420512199401855,3.12645959854126,-1.515591382980347,0.755469024181366,4.4028096199035645,2.8433382511138916,-1.5594711303710938
0.7472354769706726,4.369014263153076,2.812676429748535,-1.5563379526138306,0.7466635704040527,4.639353752136231,3.076534032821656,-1.562819242477417,0.7236970067024231,4.548172950744629,2.99723482131958,-1.550938606262207,0.7246918082237244,4.5340495109558105,2.989039659500122,-1.5450105667114258,0.7239188551902771,4.53029727935791,2.9805831909179688,-1.5497146844863892,0.7318949699401855,4.465813159942627,2.920091390609741,-1.5457220077514648,0.7476896047592163,4.417995929718018,2.868773460388184,-1.5492228269577026,0.7269853353500366,4.522109031677246,2.969531774520874,-1.5525776147842407,0.743614137172699,4.414112091064453,2.863011121749878,-1.551100730895996
0.7504317164421082,4.417459964752197,2.8709053993225098,-1.5465539693832395,0.7485963702201843,4.59335994720459,3.0481066703796387,-1.5452531576156616,0.7264584302902222,4.609428405761719,3.078979969024658,-1.530448317527771,0.7133210897445679,4.668006420135498,3.1118407249450684,-1.55616557598114,0.7222825884819031,4.612417221069336,3.051554679870605,-1.560863018035889,0.744912326335907,4.612393856048584,3.068844556808472,-1.5435492992401123,0.7675396203994751,4.451001167297363,2.901085615158081,-1.5499153137207031,0.7151169180870056,4.668035507202148,3.120988607406616,-1.5470473766326904,0.7423480749130249,4.47869348526001,2.9518933296203613,-1.5267997980117798
0.73136967420578,4.441401958465576,2.8829164505004883,-1.5584851503372192,0.7358737587928772,4.5508222579956055,2.966151714324951,-1.5846704244613647,0.7236577868461609,4.608973979949951,3.040333271026612,-1.5686410665512085,0.796998143196106,4.545873641967773,2.9931282997131348,-1.552745342254639,0.8159434795379639,4.566440582275391,3.013347625732422,-1.5530927181243896,0.7453493475914001,4.634823322296143,3.0788466930389404,-1.5559768676757812,0.7435489296913147,4.450780868530273,2.8738462924957275,-1.5769343376159668,0.7116299867630005,4.5815958976745605,2.998603105545044,-1.582992672920227,0.7378445267677307,4.454282760620117,2.8983871936798096,-1.555895447731018
0.7721403241157532,4.3849382400512695,2.8309578895568848,-1.5539802312850952,0.7164216041564941,4.564896583557129,3.0161662101745605,-1.5487301349639893,0.7380498647689819,4.532407760620117,2.989653825759888,-1.5427535772323608,0.7493035793304443,4.586974143981934,3.043339729309082,-1.5436344146728516,0.7219505906105042,4.551848411560059,3.008307695388794,-1.543540596961975,0.7224570512771606,4.65329122543335,3.10020112991333,-1.5530898571014404,0.7519007921218872,4.376502513885498,2.806309461593628,-1.570192813873291,0.7525471448898315,4.576898574829102,3.032693862915039,-1.544204831123352,0.7680546641349792,4.4037885665893555,2.850433111190796,-1.5533556938171387
0.7431546449661255,4.411223411560059,2.872335433959961,-1.5388882160186768,0.7336046695709229,4.629234313964844,3.075155973434448,-1.5540777444839478,0.7246049046516418,4.556032657623291,3.0093774795532227,-1.5466554164886477,0.7274209856987,4.588149547576904,3.0337274074554443,-1.554422378540039,0.7571539878845215,4.623408317565918,3.0652763843536377,-1.5581324100494385,0.732755720615387,4.615768432617188,3.062386512756348,-1.553382158279419,0.7420235872268677,4.415118217468262,2.867695569992065,-1.5474227666854858,0.7342236042022705,4.6289567947387695,3.077819347381592,-1.5511373281478882,0.7282131314277649,4.413158893585205,2.8642523288726807,-1.5489068031311035
0.7550384402275085,4.417531967163086,2.833218574523926,-1.5843135118484497,0.7317696809768677,4.614077568054199,3.038465976715088,-1.5756113529205322,0.7243507504463196,4.579984664916992,3.009709358215332,-1.5702751874923706,0.739713728427887,4.651422023773193,3.089714765548706,-1.5617073774337769,0.7191441059112549,4.53546142578125,2.963340759277344,-1.5721207857131958,0.7363734841346741,4.638975143432617,3.067678689956665,-1.571297287940979,0.7668319940567017,4.385962963104248,2.7930479049682617,-1.5929147005081177,0.7284252643585205,4.623676300048828,3.045360803604126,-1.5783157348632812,0.7568206191062927,4.4131855964660645,2.8252716064453125,-1.5879138708114624
0.7427206039428711,4.433101654052734,2.869105100631714,-1.5639969110488892,0.741254985332489,4.596100807189941,3.030514717102051,-1.5655865669250488,0.7614213824272156,4.631963729858398,3.0318729877471924,-1.6000906229019165,0.7562469244003296,4.683803558349609,3.120821714401245,-1.5629816055297852,0.7402815222740173,4.520522117614746,2.950028896331787,-1.570493459701538,0.751057505607605,4.5487141609191895,3.016068935394287,-1.5326452255249023,0.7610920071601868,4.403050422668457,2.845416784286499,-1.5576331615447998,0.7657158374786377,4.639261722564697,3.066770553588867,-1.5724912881851196,0.7624542713165283,4.413284778594971,2.8494625091552734,-1.5638220310211182
0.745928943157196,4.423652172088623,2.870706081390381,-1.55294668674469,0.7482856512069702,4.637336254119873,3.086683988571167,-1.5506523847579956,0.7281767725944519,4.558424472808838,2.9981143474578857,-1.5603100061416626,0.7495127320289612,4.571821212768555,3.0424325466156006,-1.5293885469436646,0.7269262075424194,4.554708957672119,2.9954662322998047,-1.5592423677444458,0.7365209460258484,4.5953755378723145,3.0453035831451416,-1.550072193145752,0.7521584033966064,4.337526798248291,2.783867835998535,-1.553658366203308,0.7284308671951294,4.589970111846924,3.065017938613892,-1.5249518156051636,0.7573004364967346,4.348093032836914,2.79748272895813,-1.5506103038787842
0.7434719204902649,4.326148986816406,2.7881505489349365,-1.5379987955093384,0.715650200843811,4.579120635986328,3.0281312465667725,-1.550989270210266,0.7216673493385315,4.53892707824707,2.980008602142334,-1.5589183568954468,0.7196510434150696,4.587206840515137,3.032993793487549,-1.5542129278182983,0.7377938628196716,4.480286598205566,2.928344249725342,-1.5519418716430664,0.7282288670539856,4.595455169677734,3.0389678478240967,-1.5564870834350586,0.7509565353393555,4.405460357666016,2.8514926433563232,-1.5539679527282717,0.7153653502464294,4.557629108428955,3.031210899353028,-1.52641761302948,0.7366961240768433,4.396878242492676,2.845670461654663,-1.5512079000473022
0.7416768670082092,4.417943000793457,2.869527101516724,-1.5484154224395752,0.7126016616821289,4.58701229095459,3.033053636550904,-1.5539580583572388,0.7311972379684448,4.636078834533691,3.1066908836364746,-1.529387593269348,0.7322477698326111,4.690386772155762,3.111264228820801,-1.5791224241256714,0.7759400010108948,4.642000198364258,3.0915863513946533,-1.5504142045974731,0.7393466830253601,4.5396270751953125,3.0058023929595947,-1.533824801445007,0.7523773312568665,4.392035961151123,2.8422601222991943,-1.5497757196426392,0.7504687309265137,4.597879886627197,3.017693519592285,-1.580185890197754,0.7465054392814636,4.384328365325928,2.8341658115386963,-1.550162434577942
0.7589462995529175,4.440990924835205,2.868098497390747,-1.572892665863037,0.7242191433906555,4.580225944519043,3.017012119293213,-1.56321382522583,0.7279806733131409,4.59650468826294,3.025745391845703,-1.570759654045105,0.7369030117988586,4.630306243896484,3.0456290245056152,-1.584676742553711,0.735059916973114,4.649372100830078,3.0816383361816406,-1.5677337646484375,0.7340840101242065,4.629415035247803,3.0681474208831787,-1.561267614364624,0.7634254097938538,4.461287021636963,2.8921139240264893,-1.569172978401184,0.745441198348999,4.646259307861328,3.0807008743286133,-1.5655584335327148,0.744732141494751,4.443512916564941,2.876176357269287,-1.5673363208770752
0.7515082359313965,4.4092559814453125,2.850303649902344,-1.5589524507522583,0.7247233986854553,4.672779083251953,3.1118509769439697,-1.5609281063079834,0.7628766298294067,4.549828052520752,2.9659135341644287,-1.5839146375656128,0.7550079226493835,4.615077972412109,3.056950092315674,-1.558127999305725,0.7261458039283752,4.545554161071777,2.99036717414856,-1.555187106132507,0.7686004638671875,4.609376430511475,3.028552532196045,-1.5808240175247192,0.7553343176841736,4.36322832107544,2.800567150115967,-1.5626614093780518,0.7541848421096802,4.629099369049072,3.064075469970703,-1.5650243759155271,0.7449840307235718,4.4011969566345215,2.8329885005950928,-1.5682085752487183
0.7392238974571228,4.434435844421387,2.86584734916687,-1.5685887336730957,0.7301245927810669,4.620138168334961,3.0524401664733887,-1.5676976442337036,0.7291409969329834,4.505237579345703,2.923496961593628,-1.581740379333496,0.7242650985717773,4.543742656707764,2.987982988357544,-1.5557595491409302,0.723451554775238,4.592377185821533,3.016223907470703,-1.576152801513672,0.7255042791366577,4.612136363983154,3.0304102897644043,-1.5817264318466189,0.7559680342674255,4.366298675537109,2.8031110763549805,-1.5631874799728394,0.722891628742218,4.5463080406188965,2.9888463020324707,-1.557461857795715,0.7696398496627808,4.437503814697266,2.8763368129730225,-1.5611671209335327
0.7349207401275635,4.3730998039245605,2.815161943435669,-1.557938575744629,0.7347438931465149,4.693875789642334,3.14959454536438,-1.544281244277954,0.7290599346160889,4.561426162719727,3.032400131225586,-1.529026746749878,0.726730227470398,4.667600631713867,3.1370365619659424,-1.5305644273757937,0.7122072577476501,4.602373600006104,3.0454020500183105,-1.556971549987793,0.7103176116943359,4.600454330444336,3.039268016815185,-1.561186671257019,0.7373043894767761,4.418474197387695,2.85851788520813,-1.559956192970276,0.722680926322937,4.614102363586426,3.051929235458374,-1.5621731281280518,0.7362427115440369,4.416717529296875,2.858384370803833,-1.5583335161209106
0.753302276134491,4.403446674346924,2.850769281387329,-1.5526775121688845,0.7118890881538391,4.574583053588867,3.0218350887298584,-1.5527480840682983,0.7182906866073608,4.484135627746582,2.9393889904022217,-1.5447462797164917,0.7319822311401367,4.647978782653809,3.0891895294189453,-1.5587897300720217,0.7128911018371582,4.586709022521973,3.049300193786621,-1.5374091863632202,0.7538616061210632,4.541119575500488,3.0081074237823486,-1.5330123901367188,0.7542769908905029,4.3820672035217285,2.856919050216675,-1.5251481533050537,0.7392898797988892,4.626684665679932,3.0863635540008545,-1.540320873260498,0.7890218496322632,4.458195209503174,2.9171459674835205,-1.5410497188568115
0.7500449419021606,4.469162464141846,2.8893630504608154,-1.5797998905181885,0.7255459427833557,4.560595512390137,2.983388662338257,-1.5772069692611694,0.7160733938217163,4.600273132324219,3.0369973182678223,-1.5632755756378174,0.7629969716072083,4.678658962249756,3.119614601135254,-1.5590438842773438,0.7321752905845642,4.568887710571289,2.999845504760742,-1.569042444229126,0.7352211475372314,4.631685256958008,3.034656047821045,-1.597029447555542,0.7495695352554321,4.447298526763916,2.8665146827697754,-1.5807839632034302,0.7130314707756042,4.660678863525391,3.0963921546936035,-1.564286708831787,0.7958810925483704,4.443386554718018,2.882272720336914,-1.5611140727996826
0.7602811455726624,4.45457124710083,2.891012191772461,-1.5635591745376587,0.7157296538352966,4.624439716339111,3.0509696006774902,-1.573469877243042,0.7289416790008545,4.656410217285156,3.0875205993652344,-1.5688899755477903,0.7238585352897644,4.706907749176025,3.1340677738189697,-1.5728391408920288,0.7357657551765442,4.600638389587402,3.0307693481445312,-1.569868803024292,0.7781882882118225,4.585742473602295,3.0127015113830566,-1.5730408430099487,0.7493369579315186,4.437164306640625,2.8739981651306152,-1.5631659030914309,0.7425501346588135,4.738421440124512,3.166919469833374,-1.5715022087097168,0.751999020576477,4.480052471160889,2.914137840270996,-1.5659148693084717
0.7766055464744568,4.50294828414917,2.948923110961914,-1.554025173187256,0.7473964691162109,4.694118022918701,3.1470484733581543,-1.5470695495605469,0.7272868156433105,4.556408405303955,2.972795009613037,-1.583613038063049,0.7314135432243347,4.610228538513184,3.0849294662475586,-1.525299072265625,0.7314368486404419,4.645702362060547,3.098313808441162,-1.5473884344100952,0.73744136095047,4.599164009094238,3.04308819770813,-1.5560760498046875,0.7644926905632019,4.434224605560303,2.8813376426696777,-1.552886962890625,0.7204744219779968,4.584455966949463,2.9988691806793213,-1.585586428642273,0.7585545182228088,4.401524543762207,2.849928855895996,-1.5515955686569214
0.7484046220779419,4.414042949676514,2.8656980991363525,-1.5483450889587402,0.7225244641304016,4.638839244842529,3.090747594833374,-1.5480918884277344,0.7260181307792664,4.608982086181641,3.063741445541382,-1.5452404022216797,0.7268341183662415,4.637850284576416,3.099949598312378,-1.537900447845459,0.768247663974762,4.5655059814453125,3.022543668746948,-1.5429619550704956,0.7426202893257141,4.5697455406188965,3.014375925064087,-1.5553691387176514,0.7842165231704712,4.415421962738037,2.890420198440552,-1.5250020027160645,0.7305091619491577,4.582876682281494,3.0389275550842285,-1.5439488887786863,0.7425703406333923,4.440330982208252,2.9274368286132812,-1.5128943920135498
0.7456424832344055,4.430039405822754,2.854331493377685,-1.5757083892822266,0.6985569000244141,4.558543205261231,3.0096654891967773,-1.5488775968551636,0.7082856893539429,4.566971302032471,3.003197431564331,-1.5637739896774292,0.7163932919502258,4.581785678863525,3.0109517574310303,-1.5708335638046265,0.7389343976974487,4.600588321685791,3.042743444442749,-1.557844877243042,0.7338712811470032,4.610169887542725,3.076651334762573,-1.533519268035889,0.7586001753807068,4.42039155960083,2.853757858276367,-1.5666333436965942,0.7040555477142334,4.59203052520752,3.0303664207458496,-1.5616636276245115,0.748634934425354,4.423778057098389,2.8593006134033203,-1.5644770860671997
0.7725999355316162,4.3731689453125,2.81379508972168,-1.5593737363815308,0.7396364808082581,4.580575466156006,3.0262317657470703,-1.554343819618225,0.7057019472122192,4.630669593811035,3.0708425045013428,-1.5598266124725342,0.7207590937614441,4.58570671081543,3.043505907058716,-1.542201042175293,0.7737868428230286,4.615217208862305,3.070508480072021,-1.544708490371704,0.7389333248138428,4.607662677764893,3.0709407329559326,-1.53672194480896,0.7733500003814697,4.365261077880859,2.804677724838257,-1.5605835914611816,0.7108055949211121,4.578263282775879,2.991809606552124,-1.5864537954330444,0.7571545839309692,4.4434709548950195,2.883389949798584,-1.5600812435150146
0.7480309009552002,4.418413162231445,2.874484062194824,-1.5439287424087524,0.7244264483451843,4.579246520996094,3.04895544052124,-1.530290961265564,0.727104902267456,4.578122138977051,3.0203959941864014,-1.5577257871627808,0.7327770590782166,4.631011962890625,3.134080410003662,-1.496932029724121,0.7344776391983032,4.645556926727295,3.091779947280884,-1.5537768602371216,0.7331379652023315,4.517665863037109,2.9760398864746094,-1.5416265726089478,0.7731037139892578,4.43060827255249,2.876924514770508,-1.5536834001541138,0.7337729334831238,4.578908443450928,3.075073003768921,-1.5038350820541382,0.7822059988975525,4.451375961303711,2.9041290283203125,-1.5472468137741089
0.7455165982246399,4.406022071838379,2.845170021057129,-1.5608525276184082,0.7205425500869751,4.628219127655029,3.069832563400269,-1.5583863258361816,0.7619578838348389,4.564444065093994,3.0093295574188232,-1.55511474609375,0.8507034778594971,4.637633800506592,3.061264038085937,-1.576369285583496,0.7326493263244629,4.582947254180908,3.0222346782684326,-1.560712218284607,0.7575376629829407,4.5743913650512695,3.01540207862854,-1.5589898824691772,0.7415481805801392,4.407095909118652,2.85153603553772,-1.555559754371643,0.7788097262382507,4.67186975479126,3.118931293487549,-1.5529378652572632,0.7419635057449341,4.413743495941162,2.8550257682800293,-1.5587174892425537
0.7497506737709045,4.461117744445801,2.9112794399261475,-1.549838304519653,0.7173800468444824,4.553312301635742,2.996187210083008,-1.557125210762024,0.7073598504066467,4.5797271728515625,3.029897928237915,-1.5498290061950684,0.7190686464309692,4.580309867858887,3.0424726009368896,-1.537837266921997,0.711992621421814,4.636510848999023,3.084136486053467,-1.5523741245269775,0.7230437994003296,4.536799430847168,2.982719898223877,-1.5540794134140017,0.7628053426742554,4.51345682144165,2.9898338317871094,-1.5236233472824097,0.7076641917228699,4.583473205566406,3.058645009994507,-1.524828314781189,0.7505888938903809,4.458908557891846,2.910125970840454,-1.5487821102142334
0.7539491653442383,4.418829917907715,2.8867647647857666,-1.5320645570755005,0.7470521330833435,4.616974830627441,3.077939987182617,-1.5390346050262451,0.7301380038261414,4.528614521026611,2.985857963562012,-1.5427567958831787,0.7232719659805298,4.554142951965332,3.0302653312683105,-1.5238776206970217,0.7781805992126465,4.605153560638428,3.0553152561187744,-1.5498381853103638,0.7274613380432129,4.631993293762207,3.0814132690429688,-1.5505807399749756,0.7634547352790833,4.431334495544434,2.912884473800659,-1.5184500217437744,0.7444488406181335,4.553135395050049,2.99952244758606,-1.553613305091858,0.7578454613685608,4.466810703277588,2.916576623916626,-1.5502338409423828
0.7479564547538757,4.3852620124816895,2.82944393157959,-1.5558184385299685,0.7378387451171875,4.689024448394775,3.110635042190552,-1.5783895254135132,0.7358952164649963,4.6412224769592285,3.035694599151612,-1.6055278778076172,0.7249927520751953,4.602732181549072,3.0462496280670166,-1.5564826726913452,0.7307109832763672,4.6132493019104,3.0533101558685303,-1.5599390268325806,0.7314326763153076,4.576361179351807,3.0139410495758057,-1.5624202489852903,0.7526259422302246,4.475902080535889,2.9202418327331543,-1.5556600093841553,0.724916934967041,4.624081611633301,3.06335711479187,-1.560724139213562,0.746808648109436,4.470005512237549,2.910313129425049,-1.5596923828125
0.7651373147964478,4.423789024353027,2.884516477584839,-1.539272427558899,0.7267571091651917,4.5634965896606445,3.0357704162597656,-1.527726411819458,0.7521174550056458,4.5840020179748535,3.039170265197754,-1.5448321104049685,0.7364450693130493,4.620765686035156,3.0885963439941406,-1.5321693420410156,0.7377451062202454,4.619039058685303,3.077361583709717,-1.5416778326034546,0.7251837253570557,4.562848091125488,3.023483991622925,-1.5393645763397217,0.7617290616035461,4.390141010284424,2.846803903579712,-1.5433366298675537,0.7422245740890503,4.583620071411133,3.034467458724976,-1.5491520166397097,0.7417917847633362,4.4097185134887695,2.8589024543762207,-1.550816297531128
0.7566754221916199,4.429581165313721,2.8753373622894287,-1.5542439222335815,0.7262450456619263,4.599253177642822,3.019043207168579,-1.580209732055664,0.718263566493988,4.589485168457031,3.042161703109741,-1.5473235845565796,0.7373899817466736,4.629698753356934,3.0839860439300537,-1.545712947845459,0.7432892322540283,4.543145179748535,2.980987310409546,-1.562158226966858,0.7376680374145508,4.558419227600098,2.9964869022369385,-1.5619323253631592,0.778361439704895,4.382214546203613,2.839669704437256,-1.5425448417663574,0.7224116921424866,4.575461387634277,3.0013270378112797,-1.574134111404419,0.7740482091903687,4.3587117195129395,2.810473918914795,-1.5482374429702759
0.7844613194465637,4.420732975006104,2.877978563308716,-1.54275381565094,0.752005398273468,4.629313945770264,3.073281764984131,-1.5560320615768433,0.7191851735115051,4.522711753845215,2.966792821884156,-1.555919170379639,0.7255894541740417,4.616995334625244,3.059631824493408,-1.557363986968994,0.7250228524208069,4.557522773742676,3.008985042572021,-1.5485379695892334,0.7416101694107056,4.52184534072876,2.960141897201538,-1.5617034435272217,0.7606809735298157,4.416451930999756,2.8899037837982178,-1.5265483856201172,0.7273117303848267,4.596096038818359,3.042701244354248,-1.5533941984176636,0.7507343292236328,4.412446975708008,2.845677375793457,-1.5667698383331299
0.8036853075027466,4.484066486358643,2.917161703109741,-1.5669047832489014,0.7335218191146851,4.665225982666016,3.103357553482056,-1.5618685483932495,0.7262108325958252,4.55193567276001,2.977504253387451,-1.5744314193725586,0.7282492518424988,4.630682468414307,3.074471473693848,-1.5562117099761963,0.7312424778938293,4.550582885742188,2.986522912979126,-1.5640599727630615,0.7403386235237122,4.605090618133545,3.0658743381500244,-1.5392158031463623,0.749707043170929,4.400535106658936,2.836756467819214,-1.5637784004211426,0.7193601727485657,4.55378007888794,2.96521544456482,-1.5885645151138306,0.7794358134269714,4.4484357833862305,2.8901853561401367,-1.5582505464553833
0.7495809197425842,4.364768981933594,2.8145830631256104,-1.5501857995986938,0.7156836986541748,4.541794300079346,2.989176034927368,-1.5526180267333984,0.7176890969276428,4.587500095367432,2.9975156784057617,-1.5899850130081177,0.7316046357154846,4.595968723297119,3.0669426918029785,-1.5290266275405884,0.7178987860679626,4.49286699295044,2.9169585704803467,-1.5759090185165403,0.7712910771369934,4.534988880157471,2.9754254817962646,-1.5595632791519165,0.7876363396644592,4.457216739654541,2.9166717529296875,-1.5405446290969849,0.7241227030754089,4.620222568511963,3.0503039360046387,-1.5699183940887451,0.759145975112915,4.43987512588501,2.9096217155456543,-1.530253529548645
0.7423242926597595,4.4050140380859375,2.8683786392211914,-1.5366358757019043,0.7252936959266663,4.623751640319824,3.0562984943389893,-1.5674536228179932,0.7288762331008911,4.609241962432861,3.0490269660949707,-1.5602152347564695,0.743134081363678,4.617013931274414,3.05646014213562,-1.560554027557373,0.7312234044075012,4.5403265953063965,2.992869138717652,-1.5474573373794556,0.7265214323997498,4.482409477233887,2.927043437957764,-1.555365800857544,0.7592333555221558,4.380535125732422,2.822890043258667,-1.5576447248458862,0.7338312864303589,4.6384148597717285,3.087237596511841,-1.5511770248413086,0.742262601852417,4.460357666015625,2.9051613807678223,-1.555196762084961
0.7521843314170837,4.363519191741943,2.8159291744232178,-1.547590255737305,0.7183176279067993,4.535131454467773,2.9888572692871094,-1.546273708343506,0.7256750464439392,4.474509716033936,2.9465436935424805,-1.5279659032821655,0.7258284687995911,4.612640380859375,3.069523572921753,-1.5431162118911743,0.718296229839325,4.527039051055908,2.97347378730774,-1.5535653829574585,0.7527044415473938,4.580763339996338,3.055504560470581,-1.5252588987350464,0.7911937236785889,4.402544975280762,2.8699381351470947,-1.532607078552246,0.7233937382698059,4.603592395782471,3.055983304977417,-1.5476094484329224,0.7452883720397949,4.454544544219971,2.9123945236206055,-1.5421497821807861
0.7586897015571594,4.397604465484619,2.8544070720672607,-1.543197512626648,0.7508960962295532,4.640377521514893,3.086693525314331,-1.553684115409851,0.729925811290741,4.56966495513916,3.02752423286438,-1.5421414375305176,0.7528142929077148,4.5604400634765625,3.0173535346984863,-1.5430868864059448,0.7242804169654846,4.556641578674316,3.0079264640808105,-1.5487148761749268,0.7465862035751343,4.680065155029297,3.1358470916748047,-1.5442174673080444,0.7623565196990967,4.369354248046875,2.8173561096191406,-1.5519981384277344,0.7517669796943665,4.522702217102051,2.9755301475524902,-1.5471715927124023,0.7513102293014526,4.39573860168457,2.8484630584716797,-1.5472756624221802
0.7417107224464417,4.40925931930542,2.8317456245422363,-1.577513337135315,0.7317690253257751,4.652163505554199,3.0998222827911377,-1.5523405075073242,0.7282084226608276,4.456975936889648,2.882960796356201,-1.574014663696289,0.7371647953987122,4.609790802001953,3.048489570617676,-1.5613008737564087,0.731611430644989,4.559228897094727,2.989448308944702,-1.569780707359314,0.7214138507843018,4.533000469207764,2.944852828979492,-1.5881471633911133,0.7331382632255554,4.41211462020874,2.8498032093048096,-1.5623115301132202,0.7300227284431458,4.550285339355469,2.982595205307007,-1.567690134048462,0.752830982208252,4.47391414642334,2.8855366706848145,-1.588377594947815
0.7782734036445618,4.403633117675781,2.84351658821106,-1.5601166486740112,0.7312129735946655,4.66846227645874,3.081031560897827,-1.5874303579330444,0.7141388058662415,4.595719337463379,3.023650646209717,-1.5720688104629517,0.7175130844116211,4.6339874267578125,3.0636208057403564,-1.5703662633895874,0.7248616218566895,4.653743743896484,3.087347984313965,-1.5663959980010986,0.7443041801452637,4.546175956726074,2.9833903312683105,-1.562785506248474,0.7859540581703186,4.491619110107422,2.9081568717956543,-1.5834627151489258,0.7252986431121826,4.644529819488525,3.0662899017333984,-1.578239917755127,0.7593145370483398,4.4745354652404785,2.9056782722473145,-1.568857192993164
0.7438979744911194,4.346880435943604,2.7969274520874023,-1.549952507019043,0.7202214002609253,4.561948299407959,3.0188872814178467,-1.5430612564086914,0.7243857383728027,4.607322216033936,3.050786018371582,-1.5565364360809326,0.7402856945991516,4.605923175811768,3.0542962551116943,-1.551626205444336,0.7417385578155518,4.591352939605713,3.037952184677124,-1.5534008741378784,0.7405160665512085,4.589178085327148,3.016953229904175,-1.5722253322601318,0.7561289668083191,4.386629104614258,2.858551025390625,-1.5280780792236328,0.7183005213737488,4.640092849731445,3.090715169906616,-1.5493780374526978,0.7502291798591614,4.389495372772217,2.8381056785583496,-1.5513898134231567
0.7455182671546936,4.408301830291748,2.865805149078369,-1.542496681213379,0.7269400954246521,4.554116249084473,3.007008075714112,-1.54710853099823,0.7377272248268127,4.5931925773620605,3.040184497833252,-1.553008198738098,0.7283934950828552,4.58475399017334,3.042425632476806,-1.5423290729522705,0.7357425689697266,4.653600692749023,3.0962533950805664,-1.5573474168777466,0.7555171847343445,4.669049739837647,3.113985538482666,-1.5550644397735596,0.7533419728279114,4.4485368728637695,2.8990652561187744,-1.549471139907837,0.7256727814674377,4.636577606201172,3.095555305480957,-1.5410223007202148,0.7530134916305542,4.3768630027771,2.82061505317688,-1.5562480688095093
0.7506124973297119,4.401154518127441,2.852367401123047,-1.548786997795105,0.7328789830207825,4.607186794281006,3.0551347732543945,-1.552052021026611,0.7079506516456604,4.579992771148682,3.021790027618408,-1.558202862739563,0.8437300324440002,4.625189781188965,3.076322793960572,-1.5488672256469729,0.7258940935134888,4.564721584320068,3.009429454803467,-1.5552926063537598,0.7442061305046082,4.658531665802002,3.1108975410461426,-1.5476337671279907,0.7753176689147949,4.529961585998535,2.986701488494873,-1.543260097503662,0.7198349833488464,4.610681533813477,3.0494327545166016,-1.561248540878296,0.7763622403144836,4.522411823272705,2.9820363521575928,-1.5403757095336914
0.734085202217102,4.362917900085449,2.809468984603882,-1.5534486770629885,0.7184756398200989,4.572628021240234,3.015429735183716,-1.557198405265808,0.7330144643783569,4.584116458892822,3.028944492340088,-1.5551718473434448,0.7452331781387329,4.623171329498291,3.0558009147644043,-1.5673699378967283,0.7289497256278992,4.601974487304688,3.030659437179565,-1.5713151693344116,0.738745927810669,4.611981391906738,3.063706159591675,-1.548275351524353,0.7475196719169617,4.344948768615723,2.791247606277466,-1.5537011623382568,0.7345837354660034,4.595581531524658,3.0505950450897217,-1.5449868440628052,0.7484703063964844,4.374114513397217,2.8243279457092285,-1.5497863292694092
0.7483750581741333,4.43996524810791,2.901005268096924,-1.538960337638855,0.737378716468811,4.615392684936523,3.068819761276245,-1.546573042869568,0.7371608018875122,4.627228736877441,3.0792198181152344,-1.548008680343628,0.7181079983711243,4.696104526519775,3.1397953033447266,-1.5563091039657593,0.7094587683677673,4.493188858032227,2.947089910507202,-1.546099305152893,0.7223809361457825,4.523666858673096,2.976325750350952,-1.547340750694275,0.7958440184593201,4.433763980865479,2.886139154434204,-1.547624588012695,0.7350800037384033,4.679589748382568,3.128204822540283,-1.5513854026794434,0.7886084318161011,4.464578151702881,2.9225165843963623,-1.5420619249343872
0.7494891881942749,4.4304070472717285,2.865581512451172,-1.5648252964019775,0.7317521572113037,4.610151290893555,3.0500283241271973,-1.5601236820220947,0.7240273952484131,4.629793643951416,3.066965818405152,-1.5628280639648438,0.7222402095794678,4.671402454376221,3.110262870788574,-1.5611401796340942,0.7165674567222595,4.611488342285156,3.046135663986206,-1.5653530359268188,0.7308905124664307,4.643703937530518,3.09384822845459,-1.5498557090759275,0.7645528316497803,4.45820426940918,2.88340711593628,-1.5747973918914795,0.7124512195587158,4.644507884979248,3.085069179534912,-1.559438943862915,0.7532206177711487,4.422479629516602,2.8453502655029297,-1.5771297216415405
0.7546843886375427,4.401123046875,2.8509714603424072,-1.5501521825790403,0.7149880528450012,4.479255676269531,2.923383951187134,-1.5558712482452393,0.7294251322746277,4.535238742828369,2.9820995330810547,-1.5531389713287354,0.729824960231781,4.606454849243164,3.079031229019165,-1.5274239778518677,0.8402203917503357,4.543323040008545,3.0099551677703857,-1.5333683490753174,0.7483746409416199,4.49154806137085,2.9370858669281006,-1.5544623136520386,0.7586245536804199,4.377873420715332,2.850564956665039,-1.5273085832595823,0.7198653221130371,4.636577606201172,3.0595943927764893,-1.5769833326339722,0.7427831292152405,4.372321605682373,2.8236422538757324,-1.5486797094345093
0.7511482834815979,4.406396389007568,2.8490238189697266,-1.5573720932006836,0.7150344848632812,4.611303329467773,3.051464796066284,-1.5598386526107788,0.7197498083114624,4.555930137634277,2.9993317127227783,-1.5565978288650513,0.7214033007621765,4.628227233886719,3.069836139678955,-1.558390498161316,0.7176304459571838,4.5390625,2.9819931983947754,-1.5570694208145142,0.7557199597358704,4.588496685028076,3.010627508163452,-1.5778692960739136,0.7596635222434998,4.392549514770508,2.838137626647949,-1.554412603378296,0.7200623154640198,4.588645458221436,3.031818628311157,-1.5568264722824097,0.7456368803977966,4.385112762451172,2.828953504562378,-1.5561591386795044
0.7793563008308411,4.422794342041016,2.863267183303833,-1.5595269203186035,0.7170626521110535,4.6555705070495605,3.0875449180603027,-1.5680257081985474,0.7247359752655029,4.627232074737549,3.057612895965576,-1.5696189403533936,0.7239407300949097,4.70548677444458,3.127307415008545,-1.5781792402267456,0.7152778506278992,4.634286403656006,3.049133539199829,-1.585152506828308,0.732837438583374,4.628652572631836,3.055925846099853,-1.5727267265319824,0.7576354146003723,4.5163421630859375,2.94975209236145,-1.5665900707244873,0.7342646718025208,4.721081733703613,3.151440143585205,-1.5696415901184082,0.7643777132034302,4.485603332519531,2.919015884399414,-1.5665873289108276
0.7398676872253418,4.474795818328857,2.918036699295044,-1.5567593574523926,0.7285060286521912,4.599847316741943,3.0866920948028564,-1.5131547451019287,0.742595374584198,4.608243465423584,3.0576133728027344,-1.5506305694580078,0.740858793258667,4.637089252471924,3.0924324989318848,-1.5446568727493286,0.7472888827323914,4.593072414398193,3.055108070373535,-1.537964105606079,0.7781421542167664,4.602039337158203,3.0528006553649902,-1.5492385625839231,0.7456831932067871,4.388126373291016,2.8426408767700195,-1.5454853773117063,0.7271992564201355,4.611663341522217,3.0686357021331787,-1.5430277585983276,0.7310218811035156,4.354217052459717,2.801255464553833,-1.5529612302780151
0.7376218438148499,4.427675724029541,2.8816609382629395,-1.5460149049758911,0.7257908582687378,4.613865852355957,3.059274196624756,-1.554592251777649,0.7466100454330444,4.661926746368408,3.103705883026123,-1.5582208633422852,0.745871365070343,4.7113118171691895,3.1864707469940186,-1.52484130859375,0.7309427857398987,4.585813522338867,3.0338034629821777,-1.5520094633102417,0.7519479990005493,4.607156276702881,3.052385091781616,-1.554771065711975,0.7753828763961792,4.363696098327637,2.807969570159912,-1.5557262897491455,0.7552680373191833,4.697854518890381,3.1477749347686768,-1.5500794649124146,0.7401269674301147,4.3853440284729,2.8295063972473145,-1.5558375120162964
0.7728207111358643,4.372886657714844,2.8064210414886475,-1.5664654970169067,0.7187609076499939,4.528110980987549,2.963815450668335,-1.5642956495285034,0.7430601119995117,4.594871520996094,3.024259328842163,-1.5706119537353516,0.7395250201225281,4.606597900390625,3.026967763900757,-1.5796302556991575,0.7087728381156921,4.53912353515625,2.971724271774292,-1.567399263381958,0.7147837281227112,4.531219482421875,2.942166805267334,-1.5890530347824097,0.7616029977798462,4.371237754821777,2.809818983078003,-1.561418890953064,0.7374228835105896,4.624133586883545,3.0630507469177246,-1.5610824823379517,0.7429483532905579,4.391238689422607,2.8067381381988525,-1.5845006704330444
0.7631201148033142,4.51300048828125,2.964005708694458,-1.5489939451217651,0.7193109393119812,4.560580730438232,3.026772975921631,-1.5338078737258911,0.7465130686759949,4.622137546539307,3.0648562908172607,-1.5572813749313354,0.7451256513595581,4.655544757843018,3.1240103244781494,-1.5315340757369995,0.7430903911590576,4.602736949920654,3.054415225982666,-1.548322081565857,0.7371625900268555,4.623209476470947,3.070148706436157,-1.5530610084533691,0.754981517791748,4.375424385070801,2.832387208938598,-1.543036937713623,0.7287521362304688,4.604303359985352,3.050733804702759,-1.55357027053833,0.7500615119934082,4.470985412597656,2.9161078929901123,-1.5548782348632812
0.7611728310585022,4.387784957885742,2.8403210639953613,-1.5474642515182495,0.7224938273429871,4.648497104644775,3.0954504013061523,-1.5530465841293335,0.7452141046524048,4.591310024261475,3.058466672897339,-1.5328434705734253,0.7514570951461792,4.614079475402832,3.058959007263184,-1.5551207065582275,0.7340682744979858,4.598923206329346,3.02982759475708,-1.5690956115722656,0.7290591597557068,4.574821472167969,3.000905036926269,-1.5739165544509888,0.7477467656135559,4.391312599182129,2.839411497116089,-1.5519007444381714,0.7320347428321838,4.602969169616699,3.0559446811676025,-1.5470246076583862,0.7594347596168518,4.429695129394531,2.901359796524048,-1.5283362865447998
0.7612937688827515,4.369377136230469,2.8223366737365723,-1.5470399856567385,0.71072918176651,4.527782440185547,2.98046350479126,-1.547318696975708,0.7449475526809692,4.639280319213867,3.118252992630005,-1.521027684211731,0.764113187789917,4.673885822296143,3.1328892707824707,-1.540996789932251,0.7190466523170471,4.513745307922363,2.972666025161743,-1.5410796403884888,0.7932857275009155,4.5433878898620605,2.996498346328736,-1.5468896627426147,0.746105432510376,4.451852798461914,2.920191526412964,-1.5316615104675293,0.743801474571228,4.633877277374268,3.0823569297790527,-1.5515207052230835,0.7416103482246399,4.350961208343506,2.8088526725769043,-1.5421087741851807
0.7622587084770203,4.368086338043213,2.8020544052124023,-1.5660321712493896,0.7474846243858337,4.58285665512085,3.0287318229675293,-1.55412495136261,0.7208762764930725,4.566925048828125,3.0176126956939697,-1.5493122339248655,0.7534611821174622,4.567469120025635,2.990004301071167,-1.5774651765823364,0.8634020686149597,4.665011882781982,3.1459391117095947,-1.5190728902816772,0.8985975980758667,4.64396858215332,3.095905303955078,-1.5480631589889526,0.7727556228637695,4.385909557342529,2.8321967124938965,-1.5537129640579224,0.7186104655265808,4.591819763183594,3.0203237533569336,-1.571495771408081,0.7477473616600037,4.359966278076172,2.8004209995269775,-1.5595452785491943
0.7577314376831055,4.444330215454102,2.871978521347046,-1.5723514556884766,0.7430101037025452,4.629154205322266,3.061272621154785,-1.5678818225860596,0.7186252474784851,4.565008640289307,3.012190103530884,-1.552818775177002,0.7295569181442261,4.626373767852783,3.05639386177063,-1.5699801445007324,0.7072191834449768,4.602710723876953,3.018798828125,-1.5839115381240845,0.7378864884376526,4.59197473526001,3.0371458530426025,-1.5548290014266968,0.7456516027450562,4.4453654289245605,2.8698973655700684,-1.5754681825637815,0.7260165214538574,4.6495208740234375,3.095064401626587,-1.5544569492340088,0.7511010766029358,4.439754009246826,2.8870790004730225,-1.5526750087738037
0.7335852384567261,4.4381866455078125,2.8765740394592285,-1.561612606048584,0.7189550399780273,4.652343273162842,3.0588982105255127,-1.5934454202651978,0.7171619534492493,4.668866157531738,3.104323625564575,-1.5645420551300049,0.7287437915802002,4.703332901000977,3.1055636405944824,-1.5977694988250732,0.7274567484855652,4.5644354820251465,2.9911041259765625,-1.573330640792847,0.7887575626373291,4.629074096679688,3.065333127975464,-1.5637410879135132,0.7545648217201233,4.458133697509766,2.891535997390747,-1.5665982961654663,0.728900671005249,4.659339904785156,3.0981462001800537,-1.5611932277679443,0.735051155090332,4.454739093780518,2.898113965988159,-1.5566250085830688
0.7488560080528259,4.441623210906982,2.882581949234009,-1.5590416193008425,0.7780334949493408,4.693958282470703,3.140981435775757,-1.5529768466949463,0.7458760738372803,4.633717060089111,3.102235794067383,-1.5314817428588867,0.7415096759796143,4.669769763946533,3.11685848236084,-1.5529111623764038,0.7609367370605469,4.671328544616699,3.133714199066162,-1.537613868713379,0.7430641055107117,4.643989086151123,3.091473340988159,-1.5525155067443848,0.7753584384918213,4.401958465576172,2.8428964614868164,-1.5590616464614868,0.7552651166915894,4.673385620117188,3.1209347248077397,-1.5524513721466064,0.7764606475830078,4.4355549812316895,2.893303394317627,-1.5422515869140625
0.7409594655036926,4.449780464172363,2.885561943054199,-1.5642187595367432,0.7236692905426025,4.580603122711182,3.0287845134735107,-1.5518182516098022,0.7222550511360168,4.642542839050293,3.059835910797119,-1.5827066898345947,0.7217879295349121,4.62839412689209,3.054780960083008,-1.5736132860183716,0.7410832047462463,4.554711818695068,2.976918458938598,-1.5777932405471802,0.7538663744926453,4.665891170501709,3.0813608169555664,-1.5845308303833008,0.7601712346076965,4.423787593841553,2.8642165660858154,-1.5595715045928955,0.721409261226654,4.610205173492432,3.052560567855835,-1.5576447248458862,0.729279100894928,4.430624961853027,2.8701171875,-1.560507893562317
0.7459275722503662,4.404706954956055,2.8391568660736084,-1.5655499696731567,0.722472071647644,4.597294807434082,3.049973487854004,-1.5473214387893677,0.7303019165992737,4.598595142364502,3.077111959457397,-1.521483302116394,0.7344098687171936,4.63972282409668,3.0917835235595703,-1.547939658164978,0.72076016664505,4.605142593383789,3.058989286422729,-1.546153545379639,0.7156416177749634,4.545543193817139,2.9937849044799805,-1.5517578125,0.7675606608390808,4.37151575088501,2.815284013748169,-1.5562313795089722,0.7275267839431763,4.589320182800293,3.0456056594848637,-1.5437142848968506,0.7499266862869263,4.326272964477539,2.7795093059539795,-1.5467641353607178
0.7491826415061951,4.393526554107666,2.8380026817321777,-1.5555235147476196,0.7435849905014038,4.574359893798828,3.035406351089477,-1.53895366191864,0.7220082879066467,4.616064071655273,3.086343288421631,-1.5297203063964844,0.7522579431533813,4.634738922119141,3.1015737056732178,-1.5331647396087646,0.7208230495452881,4.5759148597717285,3.016801595687866,-1.5591132640838623,0.7195596694946289,4.614947319030762,3.082841396331787,-1.5321054458618164,0.7498359680175781,4.441904544830322,2.8851261138916016,-1.556778907775879,0.7437146306037903,4.714993000030518,3.1858229637146,-1.529170036315918,0.7588335871696472,4.50281286239624,2.9493331909179688,-1.553479790687561
0.7573621273040771,4.365931510925293,2.8314754962921143,-1.5344560146331787,0.7314598560333252,4.5183186531066895,3.00775146484375,-1.510567307472229,0.7449490427970886,4.549412250518799,3.0066165924072266,-1.5427953004837036,0.7446791529655457,4.536479949951172,2.997565507888794,-1.5389140844345093,0.7199363708496094,4.541197776794434,2.996833086013794,-1.5443648099899292,0.7573359608650208,4.6349639892578125,3.096397638320923,-1.5385662317276,0.7542580962181091,4.407658100128174,2.8709585666656494,-1.5366997718811035,0.7342593669891357,4.570881366729736,3.030463457107544,-1.5404176712036133,0.7710091471672058,4.42255973815918,2.877756118774414,-1.5448029041290283
0.7457864284515381,4.405900955200195,2.843480110168457,-1.5624208450317385,0.7275179028511047,4.656784057617188,3.083147048950196,-1.5736371278762815,0.7809298038482666,4.5723395347595215,2.983247995376587,-1.5890915393829346,0.7638156414031982,4.652400493621826,3.070354461669922,-1.5820461511611938,0.7611151933670044,4.570018768310547,2.991074323654175,-1.578944206237793,0.7426087856292725,4.592434883117676,3.034340143203736,-1.5580947399139404,0.7518932223320007,4.422502040863037,2.8595287799835205,-1.5629732608795166,0.7752443552017212,4.593752384185791,3.010174036026001,-1.583578109741211,0.7627511620521545,4.442573547363281,2.8674721717834473,-1.5751008987426758
0.7627441883087158,4.388132095336914,2.8247551918029785,-1.5633769035339355,0.7270419597625732,4.678154945373535,3.1092875003814697,-1.568867802619934,0.7213870286941528,4.60773229598999,3.0227293968200684,-1.5850026607513428,0.7012335062026978,4.630976676940918,3.0673508644104004,-1.5636253356933594,0.7373555302619934,4.572437286376953,3.049476623535156,-1.522960543632507,0.7360997200012207,4.642642498016357,3.1051414012908936,-1.5375009775161743,0.7604271769523621,4.394167900085449,2.803932905197144,-1.5902352333068848,0.7109877467155457,4.592355728149414,2.9972755908966064,-1.5950796604156494,0.7496582269668579,4.35875129699707,2.811984062194824,-1.546766996383667
0.7576340436935425,4.432088375091553,2.887882947921753,-1.5442055463790894,0.7247430682182312,4.599278926849365,3.065037727355957,-1.5342413187026978,0.7094257473945618,4.466379642486572,2.9257733821868896,-1.540605902671814,0.7350160479545593,4.491745471954346,2.9425742626190186,-1.5491708517074585,0.7282487154006958,4.651932239532471,3.100022792816162,-1.55190908908844,0.7186081409454346,4.527148723602295,2.9430835247039795,-1.584065318107605,0.7376621961593628,4.351583957672119,2.799417495727539,-1.5521663427352903,0.7206891775131226,4.47996711730957,2.955772638320923,-1.524194598197937,0.7480049729347229,4.362309455871582,2.8191099166870117,-1.5432000160217285
0.7594534158706665,4.410938262939453,2.843367576599121,-1.5675709247589111,0.719247043132782,4.568204879760742,2.995988607406616,-1.5722160339355469,0.7310476303100586,4.531149864196777,2.9819469451904297,-1.549202799797058,0.7374210357666016,4.572482585906982,3.027085304260254,-1.545397162437439,0.7348206639289856,4.59674882888794,3.0308375358581543,-1.5659109354019165,0.7908906936645508,4.7320876121521,3.1576929092407227,-1.5743952989578247,0.7767847776412964,4.4134955406188965,2.860870599746704,-1.5526243448257446,0.7236081957817078,4.580896377563477,3.0320425033569336,-1.548853635787964,0.7489044666290283,4.400755405426025,2.8315048217773438,-1.5692508220672607
0.7611467242240906,4.464348316192627,2.94397521018982,-1.5203728675842283,0.740725040435791,4.588754653930664,3.016403913497925,-1.5723509788513184,0.7301730513572693,4.626173496246338,3.090674638748169,-1.5354983806610107,0.727429211139679,4.616908550262451,3.06953763961792,-1.5473705530166626,0.7351530194282532,4.477255344390869,2.939943552017212,-1.537311553955078,0.7426841259002686,4.54334831237793,2.9930882453918457,-1.5502599477767944,0.7454381585121155,4.356513500213623,2.815348625183105,-1.541165113449097,0.7415164113044739,4.5644073486328125,3.0307655334472656,-1.5336419343948364,0.742509126663208,4.386491298675537,2.8387718200683594,-1.5477194786071777
0.7530990242958069,4.416123390197754,2.8874027729034424,-1.5287206172943115,0.7290529012680054,4.600797653198242,3.0700504779815674,-1.5307472944259644,0.7457002401351929,4.553685188293457,3.0393996238708496,-1.5142858028411863,0.7335770726203918,4.658665657043457,3.1369516849517822,-1.5217132568359375,0.7504104971885681,4.660502910614014,3.1232669353485107,-1.5372356176376345,0.7555091977119446,4.592787742614746,3.0662646293640137,-1.5265229940414429,0.7675317525863647,4.34794282913208,2.8138442039489746,-1.534098505973816,0.7427882552146912,4.602725028991699,3.087998867034912,-1.514726638793945,0.7457888722419739,4.3615498542785645,2.8253118991851807,-1.536238193511963
0.7535352110862732,4.409440994262695,2.861710786819458,-1.5477304458618164,0.7403311729431152,4.642762660980225,3.111449718475342,-1.5313133001327517,0.7383416891098022,4.580789089202881,3.0229828357696533,-1.5578068494796753,0.7690070271492004,4.6269378662109375,3.0793721675872803,-1.5475659370422363,0.7280498743057251,4.586277484893799,3.0549304485321045,-1.5313467979431152,0.7309268116950989,4.545802116394043,2.9941887855529785,-1.551613450050354,0.7490587830543518,4.397171974182129,2.8444173336029053,-1.5527548789978027,0.7393654584884644,4.638968467712402,3.089313745498657,-1.549655199050903,0.7466763257980347,4.441957950592041,2.890653133392334,-1.5513046979904175
0.7563127279281616,4.351146697998047,2.8249199390411377,-1.52622652053833,0.7152724266052246,4.598186016082764,3.081427335739136,-1.5167587995529177,0.7276174426078796,4.563446521759033,2.988766670227051,-1.574679255485535,0.759829044342041,4.589959621429443,3.062558174133301,-1.5274016857147217,0.7384461760520935,4.546520709991455,3.027005910873413,-1.519514799118042,0.7443287968635559,4.531974792480469,3.0052058696746826,-1.5267690420150757,0.7527102828025818,4.376720428466797,2.822550296783448,-1.5541703701019287,0.7568293213844299,4.614303112030029,3.1061549186706543,-1.508148193359375,0.7524879574775696,4.386998653411865,2.8363940715789795,-1.550604224205017
0.7509007453918457,4.440788745880127,2.890925407409668,-1.54986310005188,0.7266133427619934,4.63243579864502,3.086689710617065,-1.5457457304000854,0.7408363223075867,4.618033409118652,3.0811409950256348,-1.536892294883728,0.7365483045578003,4.670202732086182,3.1243197917938232,-1.5458834171295166,0.7484365105628967,4.602851390838623,3.062328338623047,-1.5405232906341553,0.7569421529769897,4.613733291625977,3.066417694091797,-1.5473158359527588,0.7579777836799622,4.492000102996826,2.9460973739624023,-1.545903205871582,0.7524644136428833,4.668536186218262,3.1221718788146973,-1.546364426612854,0.7465318441390991,4.43604850769043,2.8988986015319824,-1.5371497869491577
0.7497032284736633,4.437263011932373,2.892662525177002,-1.5446001291275024,0.7260293364524841,4.6121826171875,3.0657882690429688,-1.546394109725952,0.7547814249992371,4.628921508789063,3.088226795196533,-1.5406945943832395,0.7641440629959106,4.642464637756348,3.100801706314087,-1.5416626930236816,0.732007622718811,4.615701198577881,3.099064826965332,-1.5166363716125488,0.7283512949943542,4.555994033813477,3.0141308307647705,-1.541863203048706,0.7637967467308044,4.453287124633789,2.905649185180664,-1.5476378202438354,0.7569801807403564,4.684721946716309,3.147696256637573,-1.5370254516601562,0.7560214996337891,4.504669666290283,2.962709665298462,-1.5419600009918213
0.7405869364738464,4.36146354675293,2.8418095111846924,-1.5196539163589478,0.7237048149108887,4.561350345611572,3.0223193168640137,-1.5390315055847168,0.7021479606628418,4.542507171630859,3.0009822845458984,-1.541524887084961,0.7114942073822021,4.55037784576416,3.003659248352051,-1.5467185974121094,0.7750171422958374,4.596022605895996,3.0469233989715576,-1.549099326133728,0.7249334454536438,4.513150215148926,2.9837539196014404,-1.5293965339660645,0.7367278337478638,4.426303863525391,2.8884918689727783,-1.5378122329711914,0.7135365605354309,4.514853477478027,2.969326972961426,-1.5455262660980225,0.7411150932312012,4.4175124168396,2.8760008811950684,-1.5415112972259521
0.7666723728179932,4.414239406585693,2.868368148803711,-1.545871376991272,0.7247617244720459,4.657382488250732,3.110569477081299,-1.5468125343322754,0.7448318600654602,4.563799858093262,2.993072986602783,-1.5707263946533203,0.7494901418685913,4.652069568634033,3.119675874710083,-1.532393455505371,0.7433785200119019,4.600732803344727,3.048409938812256,-1.5523226261138916,0.7180519700050354,4.52493953704834,2.9749176502227783,-1.5500216484069824,0.7798603773117065,4.382106304168701,2.8563005924224854,-1.525805950164795,0.7590231895446777,4.6678786277771,3.128626108169556,-1.539252519607544,0.7547667622566223,4.410227298736572,2.8783042430877686,-1.5319225788116455
0.7475308775901794,4.380319595336914,2.82996153831482,-1.5503580570220947,0.7175740599632263,4.580393314361572,3.044292688369751,-1.5361003875732422,0.7381261587142944,4.610972881317139,3.0336499214172363,-1.5773226022720337,0.7480405569076538,4.611740589141846,3.062465190887451,-1.549275279045105,0.7490257620811462,4.62339973449707,3.072481870651245,-1.550917625427246,0.7460151314735413,4.547119617462158,2.984030246734619,-1.5630886554718018,0.7488467693328857,4.382566928863525,2.8245811462402344,-1.557985782623291,0.7289013862609863,4.625227928161621,3.0733299255371094,-1.551897644996643,0.7541077733039856,4.410556316375732,2.8588547706604004,-1.551701545715332
0.7559759020805359,4.413291931152344,2.8671298027038574,-1.5461620092391968,0.7239459753036499,4.574210643768311,3.024515151977539,-1.549695372581482,0.7057086229324341,4.539599418640137,2.949018716812134,-1.5905801057815552,0.7173207402229309,4.573117256164551,3.0189626216888428,-1.5541547536849976,0.7267083525657654,4.569296360015869,3.013816595077514,-1.555479645729065,0.7182704210281372,4.568811416625977,2.9769020080566406,-1.5919092893600464,0.7550984025001526,4.404521942138672,2.8593313694000244,-1.5451902151107788,0.7237738370895386,4.533015251159668,2.945972442626953,-1.5870425701141355,0.7395257949829102,4.42747163772583,2.8802902698516846,-1.5471818447113037
0.7380145192146301,4.387892246246338,2.83104944229126,-1.556842803955078,0.7400354146957397,4.651368141174316,3.058833360671997,-1.5925350189208984,0.7334309816360474,4.58468770980835,3.044306516647339,-1.5403811931610107,0.827079713344574,4.613645553588867,3.094964027404785,-1.5186814069747925,0.7477442622184753,4.643154621124268,3.0804176330566406,-1.5627366304397583,0.7156120538711548,4.627963066101074,3.070597171783448,-1.5573657751083374,0.7570053339004517,4.39487886428833,2.832189083099365,-1.562690258026123,0.7337186336517334,4.66055154800415,3.080532550811768,-1.5800188779830933,0.7470631003379822,4.445627212524414,2.862112045288086,-1.583514928817749
0.7518320083618164,4.447539806365967,2.891427755355835,-1.5561120510101318,0.7371816635131836,4.668407440185547,3.109590530395508,-1.558816909790039,0.7269206047058105,4.561968803405762,3.004887104034424,-1.5570818185806274,0.7306368350982666,4.547932147979736,2.9824635982513428,-1.565468430519104,0.7143464684486389,4.6310200691223145,3.069020748138428,-1.5619995594024658,0.7144805192947388,4.598039627075195,3.0401875972747803,-1.5578516721725464,0.7590405941009521,4.470561981201172,2.916842699050904,-1.553719997406006,0.7429071068763733,4.575761318206787,3.012852191925049,-1.5629085302352903,0.7625724673271179,4.431535720825195,2.8549585342407227,-1.5765767097473145
0.7402835488319397,4.400027751922607,2.8497393131256104,-1.550288438796997,0.7359569072723389,4.632723331451416,3.08355975151062,-1.549164056777954,0.7178663015365601,4.473424434661865,2.92552137374878,-1.5479028224945068,0.7249070405960083,4.492598056793213,2.963392496109009,-1.5292059183120728,0.715398371219635,4.5605902671813965,3.0356123447418213,-1.5249775648117063,0.7330377697944641,4.595662593841553,3.043707132339477,-1.5519554615020752,0.7703651785850525,4.310253620147705,2.7559585571289062,-1.5542954206466677,0.718269407749176,4.484148025512695,2.945733070373535,-1.5384145975112915,0.748534619808197,4.3137712478637695,2.7618987560272217,-1.5518722534179688
0.7448590993881226,4.515163421630859,2.94783902168274,-1.5673245191574097,0.7499077916145325,4.682773590087891,3.095193386077881,-1.587580323219299,0.7346431612968445,4.673135280609131,3.085775375366211,-1.5873596668243408,0.724999725818634,4.690939426422119,3.1038146018981934,-1.587124943733215,0.738128662109375,4.580342769622803,3.015932083129883,-1.564410924911499,0.752040684223175,4.5612568855285645,3.000647783279419,-1.5606091022491455,0.7809042930603027,4.510214328765869,2.926387548446656,-1.5838265419006348,0.7328306436538696,4.702463626861572,3.1343884468078613,-1.5680748224258425,0.7476370930671692,4.446913719177246,2.8680267333984375,-1.5788867473602295
0.7572373747825623,4.415982723236084,2.866027593612671,-1.549955129623413,0.7154456973075867,4.600620269775391,3.038015365600586,-1.5626050233840942,0.7317796945571899,4.570355415344238,3.0081117153167725,-1.5622440576553345,0.7356947660446167,4.610382080078125,3.0587809085845947,-1.5516009330749512,0.7300670146942139,4.579670429229736,3.0255534648895264,-1.5541168451309204,0.7435895204544067,4.564274787902832,2.9922521114349365,-1.5720226764678955,0.7391259074211121,4.44212532043457,2.890096426010132,-1.5520292520523071,0.7386763095855713,4.642130374908447,3.095470666885376,-1.5466599464416504,0.7469155788421631,4.40669584274292,2.845486640930176,-1.5612094402313232
0.783726155757904,4.419250965118408,2.861506938934326,-1.5577436685562134,0.7212686538696289,4.575929641723633,3.0113768577575684,-1.5645521879196167,0.7234922647476196,4.473631381988525,2.9185924530029297,-1.5550390481948853,0.7287649512290955,4.614014148712158,3.0562584400177,-1.5577558279037476,0.7451473474502563,4.618422508239746,3.0699737071990967,-1.54844868183136,0.7239038944244385,4.616390705108643,3.019553899765014,-1.5968365669250488,0.7775037884712219,4.396296977996826,2.834835290908813,-1.5614612102508545,0.719387948513031,4.588894844055176,3.031668901443481,-1.5572261810302734,0.780514121055603,4.4535298347473145,2.8919456005096436,-1.5615838766098022
0.7433837652206421,4.423306465148926,2.888457536697388,-1.5348492860794067,0.737556517124176,4.659564018249512,3.102259397506714,-1.5573043823242188,0.7389612197875977,4.5989603996276855,3.054939746856689,-1.5440210103988647,0.7288339734077454,4.70201301574707,3.161983013153076,-1.540030598640442,0.7681052684783936,4.652298927307129,3.1427319049835205,-1.5095667839050293,0.7396059036254883,4.517574310302734,2.978755235671997,-1.5388189554214478,0.7836786508560181,4.434961318969727,2.910844564437866,-1.5241172313690186,0.7328065633773804,4.60841178894043,3.0902740955352783,-1.5181379318237305,0.7708858251571655,4.477939605712891,2.9355344772338867,-1.5424046516418457
0.7841922044754028,4.414092063903809,2.8300392627716064,-1.584052324295044,0.7456969022750854,4.627338886260986,3.052294969558716,-1.575043559074402,0.7280664443969727,4.58394718170166,3.0142478942871094,-1.5696990489959717,0.7161208391189575,4.621443271636963,3.0523502826690674,-1.5690927505493164,0.7330935001373291,4.65687894821167,3.096895694732666,-1.5599836111068726,0.7562450170516968,4.598243713378906,3.0164639949798584,-1.5817790031433103,0.770551860332489,4.481300354003906,2.9203972816467285,-1.5609033107757568,0.707947850227356,4.598443508148193,3.0313868522644043,-1.567056655883789,0.7533808946609497,4.451783657073975,2.8924167156219482,-1.559367299079895
0.7694410681724548,4.461927890777588,2.9433634281158447,-1.5185643434524536,0.7364894151687622,4.594837188720703,3.051349878311157,-1.543487548828125,0.7276848554611206,4.547147274017334,3.0165157318115234,-1.5306320190429688,0.7276162505149841,4.544095039367676,3.0274438858032227,-1.5166503190994265,0.7231858372688293,4.5369157791137695,2.9902920722961426,-1.5466244220733645,0.7430755496025085,4.506894111633301,2.967659711837769,-1.5392351150512695,0.7418729662895203,4.387397766113281,2.8598320484161377,-1.5275657176971436,0.7247575521469116,4.61768913269043,3.073805570602417,-1.5438838005065918,0.7466579079627991,4.371300220489502,2.8203506469726562,-1.550949215888977
0.7373679280281067,4.391756534576416,2.831697702407837,-1.560058355331421,0.7632098197937012,4.690450191497803,3.128877878189087,-1.5615726709365845,0.730893611907959,4.54486608505249,2.965360641479492,-1.579505205154419,0.7355760335922241,4.612017631530762,3.029557704925537,-1.582459807395935,0.727127194404602,4.5279316902160645,2.970860481262207,-1.5570708513259888,0.7364442944526672,4.606555461883545,3.0368969440460205,-1.569658637046814,0.7683525085449219,4.527957439422607,2.951904058456421,-1.576053261756897,0.7263607978820801,4.556711673736572,2.993438005447388,-1.5632742643356323,0.7613915205001831,4.469491958618164,2.9477198123931885,-1.5217719078063965
0.7520751953125,4.398458480834961,2.841958999633789,-1.5564996004104614,0.7238950729370117,4.620408058166504,3.055719375610352,-1.564689040184021,0.7253790497779846,4.599061965942383,3.0442087650299072,-1.554853081703186,0.7447137236595154,4.631003379821777,3.065300703048706,-1.5657024383544922,0.7149779796600342,4.546700954437256,2.9796035289764404,-1.5670971870422363,0.7246324419975281,4.581207275390625,3.014092206954956,-1.5671151876449585,0.7553415298461914,4.35540246963501,2.7874324321746826,-1.5679699182510376,0.7368685007095337,4.575950622558594,2.9995038509368896,-1.5764466524124146,0.7429690361022949,4.374022006988525,2.808035135269165,-1.565987229347229
0.7406328916549683,4.373906135559082,2.824526309967041,-1.5493799448013306,0.7253857254981995,4.5698957443237305,3.021416664123535,-1.5484795570373535,0.7485842108726501,4.632564067840576,3.0855534076690674,-1.547010898590088,0.746460497379303,4.56519889831543,3.018293619155884,-1.546905279159546,0.7390983700752258,4.53814697265625,3.016984462738037,-1.5211628675460815,0.7343854904174805,4.468044281005859,2.949359178543091,-1.5186851024627686,0.7525830864906311,4.385254383087158,2.851396322250366,-1.5338581800460815,0.7534450888633728,4.609302997589111,3.0635697841644287,-1.545733094215393,0.7399337291717529,4.412374019622803,2.8630285263061523,-1.5493457317352295
0.7549207806587219,4.385340690612793,2.845947742462158,-1.539393186569214,0.7342017889022827,4.56669807434082,3.037214517593384,-1.529483199119568,0.7178996801376343,4.539995670318604,2.995986223220825,-1.5440096855163574,0.7193579077720642,4.538542747497559,3.033322095870972,-1.5052205324172974,0.7226058840751648,4.545718669891357,3.013674259185791,-1.5320442914962769,0.7616010308265686,4.547560691833496,3.014070749282837,-1.5334900617599487,0.7844994068145752,4.503421783447266,2.9712178707122803,-1.5322036743164062,0.7197577953338623,4.560657978057861,3.0225985050201416,-1.5380598306655884,0.742347002029419,4.464851379394531,2.92297625541687,-1.5418754816055298
0.7409976124763489,4.3973798751831055,2.8401191234588623,-1.5572607517242432,0.7114330530166626,4.636780738830566,3.074631929397583,-1.5621494054794312,0.7132740616798401,4.596733093261719,3.040856122970581,-1.555876612663269,0.8540923595428467,4.697551727294922,3.140988826751709,-1.556563138961792,0.7300835251808167,4.578246593475342,3.014699935913086,-1.563546657562256,0.7408871650695801,4.668382167816162,3.114808797836304,-1.5535733699798584,0.7531223297119141,4.410947799682617,2.8570690155029297,-1.5538785457611084,0.7305009961128235,4.694892883300781,3.1587352752685547,-1.5361576080322266,0.7352134585380554,4.433909893035889,2.878624200820923,-1.5552855730056763
0.7634742856025696,4.441387176513672,2.88120174407959,-1.560185790061951,0.7236899137496948,4.59205436706543,3.040987491607666,-1.551066756248474,0.749453604221344,4.632200241088867,3.1042346954345703,-1.527965784072876,0.7591555118560791,4.693868160247803,3.1389265060424805,-1.5549417734146118,0.7332934141159058,4.580753326416016,3.044382810592652,-1.5363702774047852,0.7457824945449829,4.523904800415039,2.9636776447296143,-1.5602277517318726,0.7700874209403992,4.346660137176514,2.806797504425049,-1.5398626327514648,0.7497666478157043,4.616671085357666,3.062727928161621,-1.553943157196045,0.7411271929740906,4.3475141525268555,2.7934443950653076,-1.554069995880127
0.7450288534164429,4.332301616668701,2.790998935699463,-1.5413025617599487,0.7381247878074646,4.635424613952637,3.1187002658843994,-1.5167244672775269,0.7329061627388,4.607658863067627,3.081782102584839,-1.5258768796920776,0.7332191467285156,4.643446445465088,3.103475332260132,-1.5399707555770874,0.7477235198020935,4.541957855224609,2.996109962463379,-1.5458484888076782,0.7422007918357849,4.59208345413208,3.049537420272827,-1.542546033859253,0.7681975364685059,4.424997329711914,2.883061408996582,-1.541936278343201,0.7387585043907166,4.62415885925293,3.079032182693481,-1.5451269149780271,0.7554285526275635,4.385536193847656,2.8476269245147705,-1.5379092693328857
0.7417398691177368,4.447390556335449,2.89365553855896,-1.5537352561950684,0.7300525903701782,4.650361061096191,3.0966529846191406,-1.55370831489563,0.7222837805747986,4.5846781730651855,3.0346717834472656,-1.5500062704086304,0.7659019231796265,4.625520706176758,3.091848373413086,-1.533672571182251,0.7294843792915344,4.546801567077637,2.9889369010925293,-1.5578646659851074,0.7567811012268066,4.594944953918457,3.037691116333008,-1.557253360748291,0.7622036337852478,4.431652069091797,2.859609365463257,-1.57204270362854,0.7407832741737366,4.625762939453125,3.08547592163086,-1.5402863025665283,0.7664145231246948,4.398747444152832,2.839904308319092,-1.5588427782058716
0.7619129419326782,4.473712921142578,2.920201778411865,-1.5535105466842651,0.7349339127540588,4.605257034301758,3.05127215385437,-1.5539849996566772,0.7374027371406555,4.543691158294678,2.991710662841797,-1.551979899406433,0.7631707191467285,4.560029029846191,3.007244348526001,-1.5527849197387695,0.7313295602798462,4.585119724273682,3.0433006286621094,-1.5418193340301514,0.7592031359672546,4.524423122406006,2.99411940574646,-1.5303040742874146,0.7677963972091675,4.390045166015625,2.83774471282959,-1.552300214767456,0.7288163900375366,4.575187206268311,3.02612042427063,-1.5490670204162598,0.7781135439872742,4.3368635177612305,2.798407793045044,-1.538455605506897
0.7437788248062134,4.493737697601318,2.9421873092651367,-1.5515503883361816,0.7138912081718445,4.631837368011475,3.050711870193481,-1.5811254978179932,0.7295436859130859,4.675282955169678,3.1019961833953857,-1.5732871294021606,0.7246837615966797,4.690196514129639,3.140860319137573,-1.5493364334106443,0.7443843483924866,4.647176742553711,3.11074161529541,-1.53643536567688,0.7291164398193359,4.595701694488525,3.040088415145874,-1.555613398551941,0.7639951109886169,4.409178256988525,2.8534576892852783,-1.5557209253311155,0.7265879511833191,4.697035312652588,3.155785083770752,-1.5412499904632568,0.7537180781364441,4.401505947113037,2.8380019664764404,-1.5635045766830444
0.749222457408905,4.410282135009766,2.858445405960083,-1.5518361330032349,0.750440239906311,4.71740198135376,3.1611640453338623,-1.5562376976013184,0.7330504059791565,4.528454780578613,2.992633819580078,-1.5358209609985352,0.740555465221405,4.539485454559326,2.9818990230560303,-1.5575863122940063,0.7374976277351379,4.624823093414307,3.075754404067993,-1.549068808555603,0.7241900563240051,4.575411796569824,3.015062093734741,-1.5603495836257937,0.7839793562889099,4.398181438446045,2.860701084136963,-1.5374799966812134,0.7472995519638062,4.55310583114624,2.944990873336792,-1.6081150770187378,0.7526886463165283,4.422451496124268,2.8648602962493896,-1.5575913190841675
0.7622309327125549,4.391475200653076,2.84004807472229,-1.5514273643493652,0.7277818918228149,4.610841751098633,3.080477237701416,-1.5303645133972168,0.7182777523994446,4.486681938171387,2.937804698944092,-1.5488770008087158,0.7436856627464294,4.575976371765137,3.037952423095703,-1.5380241870880127,0.7309864163398743,4.5594162940979,2.997382164001465,-1.562034249305725,0.7223362326622009,4.535408020019531,2.984153985977173,-1.5512540340423584,0.754802942276001,4.385262966156006,2.833513259887696,-1.5517498254776,0.7282229065895081,4.521208763122559,2.9715116024017334,-1.5496972799301147,0.7374091744422913,4.361368656158447,2.8069329261779785,-1.5544354915618896
0.7553794384002686,4.387880802154541,2.8019356727600098,-1.5859453678131104,0.7317926287651062,4.6752142906188965,3.112797260284424,-1.5624171495437622,0.7446002960205078,4.573455333709717,3.022790670394897,-1.550665020942688,0.7932764291763306,4.596193313598633,3.0306878089904785,-1.5655055046081543,0.756318211555481,4.556879043579102,3.002504825592041,-1.5543742179870603,0.7349777817726135,4.55687952041626,3.0035488605499268,-1.553330898284912,0.7528250813484192,4.424175262451172,2.869613647460937,-1.5545613765716553,0.7543997764587402,4.642991542816162,3.089611053466797,-1.5533803701400757,0.7491825819015503,4.3941650390625,2.8425769805908203,-1.5515882968902588
0.7448473572731018,4.425937175750732,2.87959623336792,-1.5463407039642334,0.7370572090148926,4.683910846710205,3.1673262119293213,-1.5165847539901731,0.7231279611587524,4.575961112976074,3.027838945388794,-1.5481220483779907,0.7434357404708862,4.613638401031494,3.0853116512298584,-1.5283267498016355,0.8747140765190125,4.61383056640625,3.0454890727996826,-1.5683414936065674,0.7265786528587341,4.665605545043945,3.07821011543274,-1.5873960256576538,0.7787005305290222,4.4761810302734375,2.938798666000366,-1.5373822450637815,0.7416128516197205,4.6236572265625,3.0720155239105225,-1.5516417026519775,0.7404686808586121,4.45224142074585,2.897874116897583,-1.5543673038482666
0.7453044652938843,4.426633834838867,2.8925275802612305,-1.5341063737869265,0.7171708345413208,4.631597995758057,3.0832018852233887,-1.548396110534668,0.7245045304298401,4.556468963623047,2.982456922531128,-1.574012041091919,0.724474310874939,4.592602252960205,3.051138162612915,-1.5414643287658691,0.7748387455940247,4.56367301940918,3.024277210235596,-1.5393953323364258,0.7350669503211975,4.583313941955566,3.040079593658448,-1.5432342290878296,0.7521775364875793,4.40802001953125,2.8639626502990723,-1.5440573692321775,0.7293113470077515,4.532976150512695,2.9829678535461426,-1.5500081777572632,0.7456533312797546,4.3870978355407715,2.8419997692108154,-1.545098066329956
0.7483532428741455,4.436126232147217,2.912132024765014,-1.5239944458007812,0.7561038732528687,4.699835777282715,3.1810014247894287,-1.5188344717025757,0.7418146729469299,4.647530555725098,3.091680765151977,-1.5558499097824097,0.7374266386032104,4.668656826019287,3.1206440925598145,-1.5480124950408936,0.7520611882209778,4.694138050079346,3.176640272140503,-1.5174975395202637,0.7438989877700806,4.540489196777344,2.996898651123047,-1.5435909032821655,0.766338586807251,4.492694854736328,2.9763643741607666,-1.5163308382034302,0.7292253971099854,4.68027925491333,3.1358859539031982,-1.5443933010101318,0.7492048144340515,4.479179382324219,2.9285147190093994,-1.5506646633148193
0.7380528450012207,4.452438831329346,2.883286237716675,-1.5691527128219604,0.729535698890686,4.605431079864502,3.034520387649536,-1.5709104537963867,0.7318367958068848,4.555745601654053,2.982492685317993,-1.573252558708191,0.7368003726005554,4.6268630027771,3.057300806045532,-1.5695621967315674,0.7385687232017517,4.516108989715576,2.931113719940185,-1.5849952697753906,0.7314937114715576,4.554187774658203,2.9814705848693848,-1.572717308998108,0.7505993247032166,4.454311370849609,2.8622403144836426,-1.5920711755752563,0.7375527620315552,4.58119010925293,2.985863208770752,-1.5953271389007568,0.7453780174255371,4.418912887573242,2.8419530391693115,-1.5769602060317993
0.741319477558136,4.448081970214844,2.90212631225586,-1.5459553003311155,0.7420567274093628,4.643998622894287,3.0947868824005127,-1.5492119789123535,0.7372762560844421,4.615505695343018,3.064273834228516,-1.5512312650680542,0.7408789992332458,4.626323223114014,3.0791776180267334,-1.5471453666687012,0.7319002151489258,4.570498466491699,3.0205326080322266,-1.5499653816223145,0.8390780091285706,4.676472187042236,3.119112968444824,-1.5573588609695437,0.7602323889732361,4.427128314971924,2.885936498641968,-1.541191816329956,0.7451684474945068,4.616199016571045,3.069013833999634,-1.547184944152832,0.7457981109619141,4.368052005767822,2.844292163848877,-1.5237597227096558
0.7367538213729858,4.42570686340332,2.8836700916290283,-1.542036533355713,0.7275276780128479,4.5864577293396,3.036644697189331,-1.549812912940979,0.7444660067558289,4.630447864532471,3.081625461578369,-1.5488227605819702,0.742293119430542,4.654772758483887,3.1023924350738525,-1.552380084991455,0.7412247657775879,4.607049465179443,3.0677826404571533,-1.5392674207687378,0.7516773343086243,4.696590900421143,3.157947063446045,-1.5386441946029663,0.7490661144256592,4.40859317779541,2.8648860454559326,-1.5437067747116089,0.7362969517707825,4.71886157989502,3.1953415870666504,-1.5235196352005005,0.7399879097938538,4.430478096008301,2.879598617553711,-1.5508792400360107
0.7432266473770142,4.380533218383789,2.832015991210937,-1.5485166311264038,0.7273847460746765,4.601004123687744,3.0777721405029297,-1.5232316255569458,0.7373543381690979,4.575371742248535,3.0324807167053223,-1.542891025543213,0.7332026958465576,4.625213146209717,3.1047606468200684,-1.520451903343201,0.7711023688316345,4.561110019683838,3.0203311443328857,-1.5407787561416626,0.7126064300537109,4.58156156539917,3.018714427947998,-1.5628464221954346,0.7598360180854797,4.445508003234863,2.895381450653076,-1.5501267910003662,0.716918408870697,4.624764919281006,3.072517871856689,-1.552247166633606,0.7538453936576843,4.463760852813721,2.9136147499084473,-1.5501457452774048
0.7466042637825012,4.460709571838379,2.899188756942749,-1.56152081489563,0.7258622646331787,4.637990951538086,3.074254035949707,-1.563736915588379,0.7409407496452332,4.658057689666748,3.102535009384156,-1.5555225610733032,0.743189811706543,4.642623901367188,3.0644311904907227,-1.5781925916671753,0.7527074813842773,4.608198165893555,3.0498831272125244,-1.5583152770996094,0.7247230410575867,4.619623184204102,3.0307726860046387,-1.5888506174087524,0.7745738625526428,4.483162879943848,2.929770946502685,-1.5533918142318726,0.7300359606742859,4.653548717498779,3.090653419494629,-1.5628952980041504,0.7770013213157654,4.42287540435791,2.8612313270568848,-1.5616439580917358
0.7450208067893982,4.422313690185547,2.8536159992218018,-1.568697214126587,0.7172892093658447,4.631511688232422,3.0674448013305664,-1.564067244529724,0.7384207248687744,4.56139612197876,3.004256010055542,-1.557140231132507,0.7532481551170349,4.718392848968506,3.148021459579468,-1.570371389389038,0.7370058298110962,4.563559055328369,3.0136489868164062,-1.549910306930542,0.727378249168396,4.608367919921875,3.041672468185425,-1.5666954517364502,0.7555806040763855,4.421399116516113,2.871199607849121,-1.5501999855041504,0.7266531586647034,4.656899452209473,3.110550165176392,-1.546349048614502,0.7512204647064209,4.43211555480957,2.853567123413086,-1.5785481929779053
0.7504713535308838,4.365167140960693,2.806449174880981,-1.5587178468704224,0.732513964176178,4.587919235229492,3.0255608558654785,-1.5623584985733032,0.7446455359458923,4.580897331237793,3.0021069049835205,-1.5787904262542725,0.81789231300354,4.697537422180176,3.143002986907959,-1.5545344352722168,0.7822980284690857,4.5869574546813965,3.0059010982513428,-1.5810565948486328,0.7565845251083374,4.586070537567139,3.0143299102783203,-1.571740746498108,0.7553191781044006,4.459405899047852,2.869948148727417,-1.5894581079483032,0.7227272987365723,4.6728129386901855,3.1130990982055664,-1.55971360206604,0.7791860103607178,4.472093105316162,2.9038755893707275,-1.5682170391082764
0.7417054176330566,4.383228302001953,2.849084854125977,-1.534143090248108,0.7398001551628113,4.581978797912598,3.047338962554932,-1.534640192985535,0.7105802893638611,4.522914409637451,2.978084087371826,-1.5448299646377563,0.8785363435745239,4.569532871246338,3.053560733795166,-1.5159727334976196,0.7630263566970825,4.511348724365234,2.9539895057678223,-1.5573590993881226,0.7356559038162231,4.5426836013793945,2.9893953800201416,-1.5532881021499634,0.7633718252182007,4.359836578369141,2.808446168899536,-1.5513907670974731,0.733901858329773,4.554476737976074,2.9984688758850098,-1.5560083389282229,0.7619509100914001,4.321074962615967,2.767993927001953,-1.5530805587768555
0.7487231492996216,4.349173545837402,2.809666872024536,-1.5395060777664185,0.7174005508422852,4.531670570373535,3.0136754512786865,-1.51799476146698,0.714796781539917,4.514142990112305,2.978667974472046,-1.5354750156402588,0.7274751663208008,4.524465084075928,2.9885385036468506,-1.5359268188476562,0.734014630317688,4.549683094024658,3.04288649559021,-1.5067964792251587,0.7439611554145813,4.579259872436523,3.045093774795532,-1.5341663360595703,0.7472107410430908,4.371109485626221,2.842194080352783,-1.528915286064148,0.7232387065887451,4.54349422454834,3.0114738941192627,-1.5320208072662354,0.7352247834205627,4.42521858215332,2.892155408859253,-1.5330630540847778
0.7497350573539734,4.450628280639648,2.90639877319336,-1.5442299842834473,0.7322853207588196,4.660830497741699,3.1217234134674072,-1.5391067266464231,0.7348302006721497,4.626569271087647,3.097700834274292,-1.528868317604065,0.763179361820221,4.615497589111328,3.102955818176269,-1.5125421285629272,0.7739384174346924,4.600424289703369,3.057765245437622,-1.5426586866378784,0.8438258767127991,4.601787567138672,3.05759334564209,-1.5441936254501345,0.7510657906532288,4.450009822845459,2.903737783432007,-1.5462721586227417,0.740475594997406,4.637299537658691,3.096820116043091,-1.5404794216156006,0.7640105485916138,4.452762126922607,2.909562110900879,-1.543200135231018
0.7388020157814026,4.423724174499512,2.8392598628997803,-1.5844640731811523,0.7238799929618835,4.652557849884033,3.115164279937744,-1.5373936891555786,0.7268060445785522,4.592618465423584,3.043644905090332,-1.548973560333252,0.8145973682403564,4.5988616943359375,3.054996490478516,-1.5438649654388428,0.7428836822509766,4.648402214050293,3.106748104095459,-1.5416547060012815,0.7237675786018372,4.596678733825684,3.0523362159729004,-1.5443425178527832,0.7541205286979675,4.442835330963135,2.8903677463531494,-1.552467703819275,0.7271041870117188,4.63864278793335,3.096065759658813,-1.5425773859024048,0.7443501353263855,4.414179801940918,2.8643364906311035,-1.5498427152633667
