rmse_night_1,gpp_mean_1,reco_mean_1,nee_mean_1,rmse_night_2,gpp_mean_2,reco_mean_2,nee_mean_2,rmse_night_3,gpp_mean_3,reco_mean_3,nee_mean_3,rmse_night_4,gpp_mean_4,reco_mean_4,nee_mean_4,rmse_night_5,gpp_mean_5,reco_mean_5,nee_mean_5,rmse_night_6,gpp_mean_6,reco_mean_6,nee_mean_6,rmse_night_7,gpp_mean_7,reco_mean_7,nee_mean_7
0.7416290044784546,2.906973600387573,1.1640241146087646,-1.7429492473602295,0.7372457981109619,3.16654109954834,1.4305005073547363,-1.736040711402893,0.7255425453186035,3.1987791061401367,1.4494162797927856,-1.749362826347351,0.7216360569000244,3.1747381687164307,1.429785966873169,-1.7449523210525513,0.7308258414268494,3.235417604446411,1.4845725297927856,-1.750845193862915,0.7453079223632812,3.1932191848754883,1.4443975687026978,-1.7488218545913696,0.7465234398841858,2.878035545349121,1.1335021257400513,-1.7445334196090698
0.7293816804885864,2.823484182357788,1.081307888031006,-1.742176532745361,0.7447115778923035,3.3186347484588623,1.5692368745803833,-1.7493977546691897,0.7402641773223877,3.362084150314331,1.6231064796447754,-1.7389779090881348,0.7420280575752258,3.2059543132781982,1.4633711576461792,-1.7425830364227295,0.7330153584480286,3.2362289428710938,1.4975502490997314,-1.7386786937713623,0.7422958016395569,3.377763271331787,1.6297472715377808,-1.748016357421875,0.7206708788871765,2.8021199703216553,1.0612832307815552,-1.7408367395401
0.7434446215629578,2.896214008331299,1.16539204120636,-1.73082172870636,0.730076253414154,3.1659834384918213,1.429633378982544,-1.7363499402999878,0.7300406098365784,3.0933403968811035,1.3574856519699097,-1.7358546257019043,0.7358081936836243,3.232277631759644,1.4940965175628662,-1.7381808757781982,0.7331318855285645,3.20651650428772,1.473777174949646,-1.732738971710205,0.7375457882881165,3.127815008163452,1.3862884044647217,-1.741526484489441,0.7507890462875366,2.9208834171295166,1.194083333015442,-1.7268003225326538
0.7312946915626526,2.86427903175354,1.127767562866211,-1.7365115880966189,0.7169703245162964,3.0853142738342285,1.345739245414734,-1.7395750284194946,0.7302804589271545,3.2090868949890137,1.4626479148864746,-1.7464393377304075,0.7410812973976135,3.2537214756011963,1.515430569648743,-1.738290786743164,0.7474822998046875,3.1997504234313965,1.4549747705459597,-1.7447757720947266,0.7505553960800171,3.1149139404296875,1.3672429323196411,-1.7476710081100464,0.7413116097450256,2.8725359439849854,1.1331408023834229,-1.739395022392273
0.7495976686477661,2.8948287963867188,1.1583970785140991,-1.7364318370819092,0.7377432584762573,3.166433811187744,1.4410091638565063,-1.7254245281219482,0.7377522587776184,3.2626802921295166,1.5209028720855713,-1.7417771816253662,0.7355584502220154,3.2183618545532227,1.4916964769363403,-1.7266653776168823,0.7411366701126099,3.2075061798095703,1.4692037105560305,-1.7383023500442505,0.7264648675918579,3.1517527103424072,1.4157739877700806,-1.735978603363037,0.7307833433151245,2.8662991523742676,1.137731909751892,-1.728567123413086
0.7432938814163208,2.939792394638061,1.197821855545044,-1.741970181465149,0.7423562407493591,3.2408525943756104,1.4833799600601196,-1.7574726343154907,0.7285387516021729,3.215986967086792,1.460850477218628,-1.755136489868164,0.7250522971153259,3.163558959960937,1.4184935092926023,-1.745065689086914,0.749447762966156,3.278582811355591,1.5177562236785889,-1.7608267068862915,0.7412219643592834,3.164148569107056,1.4029264450073242,-1.7612218856811523,0.7377630472183228,2.8890607357025146,1.1314876079559326,-1.7575733661651611
0.7267975211143494,2.855344533920288,1.108596920967102,-1.746747612953186,0.738517165184021,3.151557683944702,1.400273680686951,-1.751283884048462,0.733221173286438,3.169517755508423,1.3953750133514404,-1.774142861366272,0.7286884188652039,3.109867572784424,1.3569310903549194,-1.7529364824295044,0.7509151101112366,3.1439144611358643,1.3710308074951172,-1.7728838920593262,0.7415769100189209,3.247375965118408,1.4872066974639893,-1.760169267654419,0.7373965382575989,2.874701499938965,1.1251354217529297,-1.7495660781860352
0.7412095069885254,2.8727777004241943,1.1362377405166626,-1.7365398406982422,0.7323616743087769,3.188002586364746,1.4635800123214722,-1.7244223356246948,0.732047975063324,3.191283226013184,1.446852684020996,-1.7444305419921875,0.7212879061698914,3.0922739505767822,1.359361171722412,-1.7329124212265017,0.754173994064331,3.196741342544556,1.4580726623535156,-1.73866868019104,0.7364534139633179,3.181013584136963,1.4357112646102903,-1.7453022003173828,0.7388129830360413,2.89988112449646,1.1633641719818115,-1.7365167140960693
0.7440062165260315,2.8187901973724365,1.088093400001526,-1.7306967973709106,0.7347322106361389,3.1566808223724365,1.414757251739502,-1.7419238090515137,0.7352911233901978,3.134593725204468,1.3915339708328247,-1.7430598735809326,0.7330024838447571,3.1116647720336914,1.3744475841522217,-1.7372170686721802,0.7320224046707153,3.1441140174865723,1.410938382148743,-1.7331753969192505,0.7655457258224487,3.348397970199585,1.6115505695343018,-1.7368474006652832,0.7466254830360413,2.8991751670837402,1.164176344871521,-1.7349990606307983
0.7338616847991943,2.823995590209961,1.086203694343567,-1.737791895866394,0.7363244891166687,3.1216607093811035,1.374687671661377,-1.746972680091858,0.7398861646652222,3.192875862121582,1.440714955329895,-1.752160906791687,0.7305930256843567,3.108490228652954,1.3744779825210571,-1.734012246131897,0.7292748093605042,3.189762592315674,1.4503599405288696,-1.7394025325775146,0.7339866161346436,3.145498275756836,1.3911893367767334,-1.7543087005615234,0.7285303473472595,2.8588883876800537,1.1144071817398071,-1.7444812059402466
0.7452544569969177,2.872845411300659,1.134881854057312,-1.7379637956619265,0.7383420467376709,3.19383192062378,1.4455180168151855,-1.7483141422271729,0.7365699410438538,3.2297401428222656,1.475739359855652,-1.754000902175903,0.7228377461433411,3.1359682083129883,1.3856217861175537,-1.7503467798233032,0.736087441444397,3.189281225204468,1.431853175163269,-1.7574279308319092,0.7134135961532593,3.0704541206359863,1.307038187980652,-1.763416051864624,0.7289254665374756,2.824089288711548,1.0848180055618286,-1.7392710447311401
0.7306774258613586,2.8596081733703613,1.1083649396896362,-1.7512431144714355,0.7488670349121094,3.201536178588867,1.4476433992385864,-1.7538927793502808,0.7338523268699646,3.253324270248413,1.4980027675628662,-1.7553215026855469,0.7240702509880066,3.1974501609802246,1.4395947456359863,-1.7578552961349487,0.7277473211288452,3.1207480430603027,1.3587037324905396,-1.762044072151184,0.7463505864143372,3.250108242034912,1.4714529514312744,-1.778655171394348,0.7385580539703369,2.8932087421417236,1.143018126487732,-1.7501906156539917
0.7159519195556641,2.7965919971466064,1.0568368434906006,-1.7397547960281372,0.7403144240379333,3.1385271549224854,1.3872092962265017,-1.7513176202774048,0.7381278276443481,3.20133638381958,1.4600523710250854,-1.7412840127944946,0.7427337169647217,3.210138320922852,1.4722332954406738,-1.7379047870635986,0.7459947466850281,3.1695046424865723,1.4333239793777466,-1.7361807823181152,0.7361040115356445,3.1129043102264404,1.3771620988845823,-1.7357425689697266,0.7395039796829224,2.862084150314331,1.1303976774215698,-1.7316865921020508
0.7338712215423584,2.8802967071533203,1.1363120079040527,-1.7439846992492676,0.7345577478408813,3.213750123977661,1.471230149269104,-1.7425198554992676,0.727307140827179,3.194474697113037,1.4476053714752195,-1.7468693256378174,0.7432957291603088,3.25034236907959,1.4971990585327148,-1.7531431913375854,0.743334174156189,3.205676555633545,1.4519565105438232,-1.7537198066711426,0.7477467656135559,3.187870740890503,1.450385808944702,-1.7374849319458008,0.7462663054466248,2.9076178073883057,1.166320562362671,-1.7412973642349243
0.7260987162590027,2.9040138721466064,1.1599068641662598,-1.7441067695617676,0.7475712895393372,3.20324969291687,1.451756715774536,-1.7514930963516235,0.7396226525306702,3.2857792377471924,1.5276544094085691,-1.758125066757202,0.7444145679473877,3.270045042037964,1.5222618579864502,-1.7477833032608032,0.7435833811759949,3.248744487762451,1.4989254474639893,-1.749819278717041,0.720582902431488,3.123909950256348,1.3748352527618408,-1.7490748167037964,0.7088733911514282,2.838290214538574,1.0995045900344849,-1.7387855052947998
0.7493302226066589,2.9154300689697266,1.1653008460998535,-1.7501293420791626,0.7434406876564026,3.276857614517212,1.515897274017334,-1.760960578918457,0.7092111706733704,3.110556125640869,1.3530387878417969,-1.7575172185897827,0.7487502694129944,3.3763394355773926,1.614738941192627,-1.7616007328033447,0.7464818358421326,3.309669017791748,1.5478928089141846,-1.7617762088775637,0.7523797154426575,3.3099119663238525,1.5484459400177002,-1.7614657878875732,0.7367873191833496,2.9165525436401367,1.1621453762054443,-1.7544068098068237
0.7355527281761169,2.935551643371582,1.1866333484649658,-1.7489182949066162,0.7318260073661804,3.1777684688568115,1.429064393043518,-1.7487038373947144,0.7248189449310303,3.123507738113404,1.3737579584121704,-1.7497498989105225,0.7269836664199829,3.067397356033325,1.3191677331924438,-1.7482296228408811,0.7293026447296143,3.128054618835449,1.366171956062317,-1.7618826627731323,0.7383624315261841,3.2310433387756348,1.4789648056030271,-1.7520785331726074,0.7391245365142822,2.871751308441162,1.1230608224868774,-1.7486903667449951
0.737438440322876,2.899076223373413,1.1392316818237305,-1.7598448991775513,0.7466838359832764,3.214467763900757,1.4446665048599243,-1.769801139831543,0.7406792044639587,3.202909469604492,1.4429340362548828,-1.7599754333496094,0.7435212731361389,3.1980233192443848,1.4410910606384275,-1.7569326162338257,0.7429370284080505,3.189229965209961,1.4255114793777466,-1.763719081878662,0.7448145151138306,3.244704008102417,1.4665429592132568,-1.7781611680984497,0.7598797678947449,2.9323983192443848,1.1696066856384277,-1.7627915143966675
0.7151832580566406,2.8277342319488525,1.103687763214111,-1.72404682636261,0.7364861369132996,3.191540002822876,1.4504083395004272,-1.7411320209503174,0.7439114451408386,3.1388099193573,1.3933076858520508,-1.7455021142959597,0.7481548190116882,3.137606382369995,1.392184138298035,-1.745422124862671,0.7426085472106934,3.158592700958252,1.4166749715805054,-1.741917848587036,0.7490333318710327,3.287111520767212,1.5452901124954224,-1.741821050643921,0.7387793064117432,2.8844873905181885,1.1529760360717773,-1.7315112352371216
0.7453423142433167,2.896235942840576,1.1395412683486938,-1.7566944360733032,0.7409923672676086,3.225385427474976,1.465190291404724,-1.7601948976516724,0.7358500957489014,3.277771711349488,1.5043672323226929,-1.7734044790267944,0.7400419116020203,3.262399673461914,1.5030874013900757,-1.7593125104904177,0.7383109331130981,3.2359423637390137,1.4730849266052246,-1.762857437133789,0.7454380393028259,3.3570120334625244,1.5710560083389282,-1.7859561443328855,0.7374714612960815,2.8554744720458984,1.1039133071899414,-1.7515610456466675
0.7376936674118042,2.906052827835083,1.1693270206451416,-1.7367255687713623,0.7309630513191223,3.1677820682525635,1.4268296957015991,-1.7409523725509644,0.7321375608444214,3.185317277908325,1.4521920680999756,-1.73312509059906,0.7221940755844116,3.081304788589477,1.3366655111312866,-1.744639277458191,0.729108452796936,3.140554428100586,1.3948687314987185,-1.7456854581832886,0.7398775219917297,3.266106367111206,1.5163226127624512,-1.7497841119766235,0.7387487292289734,2.8923189640045166,1.1535660028457642,-1.7387529611587524
0.7249846458435059,2.8366587162017822,1.1019197702407837,-1.734738826751709,0.7366963624954224,3.2229182720184326,1.472066044807434,-1.750852108001709,0.7219741940498352,3.161527395248413,1.4161351919174194,-1.7453924417495728,0.7374268174171448,3.159292697906494,1.4072327613830566,-1.752059817314148,0.7341471910476685,3.1015567779541016,1.3518762588500977,-1.7496806383132937,0.7353945374488831,3.2654080390930176,1.5167803764343262,-1.748627543449402,0.739834189414978,2.924337863922119,1.1583374738693237,-1.7660003900527954
0.724676251411438,2.8576464653015137,1.1016361713409424,-1.7560102939605713,0.7484936118125916,3.2441205978393555,1.4836052656173706,-1.7605156898498535,0.7404184937477112,3.210478067398072,1.4510905742645264,-1.7593872547149658,0.7347412109375,3.223001718521118,1.4591199159622192,-1.7638816833496094,0.7187981605529785,3.0982232093811035,1.3497053384780884,-1.7485178709030151,0.7305387854576111,3.2317938804626465,1.46714985370636,-1.7646440267562866,0.7232022881507874,2.819481372833252,1.064112663269043,-1.7553688287734985
0.736856997013092,2.891030550003052,1.1583760976791382,-1.7326545715332031,0.7260765433311462,3.1638972759246826,1.426669001579285,-1.7372281551361084,0.7359625101089478,3.178553342819214,1.4432339668273926,-1.7353194952011108,0.7300716042518616,3.188532829284668,1.4665666818618774,-1.7219661474227903,0.7259218096733093,3.096924304962158,1.3683689832687378,-1.7285552024841309,0.7370808720588684,3.2057676315307617,1.4732022285461426,-1.73256516456604,0.731227695941925,2.84204363822937,1.1154365539550781,-1.726607084274292
0.727067768573761,2.867241144180298,1.1271687746047974,-1.7400726079940796,0.7265608310699463,3.221158742904663,1.4709912538528442,-1.750167727470398,0.7331705689430237,3.3337771892547607,1.5771900415420532,-1.7565873861312866,0.7302273511886597,3.225522994995117,1.482088327407837,-1.7434346675872805,0.7385147213935852,3.18408727645874,1.42779803276062,-1.75628924369812,0.7411642074584961,3.1827282905578613,1.427865505218506,-1.754863142967224,0.7423823475837708,2.890324592590332,1.1506601572036743,-1.7396644353866577
0.7359218001365662,2.835335493087769,1.090477466583252,-1.7448582649230957,0.7426856160163879,3.2378392219543457,1.4974507093429563,-1.7403886318206787,0.7452149987220764,3.2167563438415527,1.4722291231155396,-1.7445271015167236,0.7294778227806091,3.1271660327911377,1.3825377225875854,-1.7446279525756836,0.7320700287818909,3.22392201423645,1.4699958562850952,-1.7539260387420654,0.7389480471611023,3.299245357513428,1.5508315563201904,-1.7484136819839478,0.7416327595710754,2.8787403106689453,1.134623646736145,-1.7441164255142212
0.7309825420379639,2.8779492378234863,1.1394801139831543,-1.7384692430496216,0.7231406569480896,3.1196069717407227,1.3743406534194946,-1.745266318321228,0.7169158458709717,3.098156690597534,1.3704363107681274,-1.7277202606201172,0.7415933609008789,3.1074047088623047,1.3661043643951416,-1.7413002252578735,0.717780351638794,3.101149559020996,1.3664541244506836,-1.734695315361023,0.7381821274757385,3.1591005325317383,1.4160339832305908,-1.743066430091858,0.7418286204338074,2.8395702838897705,1.1016292572021484,-1.737940788269043
0.7297451496124268,2.8640501499176025,1.1211247444152832,-1.7429255247116089,0.7061307430267334,3.056219577789306,1.3176270723342896,-1.7385927438735962,0.7380003333091736,3.188957452774048,1.4549347162246704,-1.734022855758667,0.7244956493377686,3.1137757301330566,1.3654640913009644,-1.7483117580413818,0.7279946208000183,3.1432642936706543,1.396984338760376,-1.7462799549102783,0.7195479869842529,3.1190803050994877,1.3622251749038696,-1.756855010986328,0.7418287992477417,2.9465181827545166,1.2078063488006592,-1.7387117147445679
0.7345653772354126,2.8996336460113525,1.140601396560669,-1.7590320110321045,0.7242680788040161,3.114318609237671,1.363291621208191,-1.75102698802948,0.7372357249259949,3.257518529891968,1.4852367639541626,-1.7722817659378052,0.713813304901123,3.1367456912994385,1.3815114498138428,-1.7552341222763062,0.7233201861381531,3.164614200592041,1.4121968746185305,-1.7524174451828003,0.733138918876648,3.183060646057129,1.420873761177063,-1.762186884880066,0.7449088096618652,2.9177420139312744,1.1530734300613403,-1.764668583869934
0.7184301614761353,2.8038570880889893,1.0556305646896362,-1.7482266426086426,0.7216978073120117,3.1369733810424805,1.3934718370437622,-1.7435014247894287,0.7421013116836548,3.245891809463501,1.5063825845718384,-1.739509105682373,0.7520570755004883,3.338720321655273,1.5752846002578735,-1.7634357213974,0.7331712245941162,3.204813003540039,1.455125331878662,-1.749687671661377,0.7105077505111694,3.113065242767334,1.375070571899414,-1.7379944324493408,0.7482759952545166,2.8539345264434814,1.1105176210403442,-1.7434170246124268
0.722008228302002,2.821305751800537,1.0839359760284424,-1.7373695373535156,0.7347791790962219,3.163836479187012,1.4298261404037476,-1.7340103387832642,0.7395372986793518,3.190884113311768,1.4688867330551147,-1.7219972610473633,0.745117723941803,3.220888137817383,1.475538730621338,-1.745349407196045,0.7257621884346008,3.1192166805267334,1.379655122756958,-1.7395615577697754,0.7389984726905823,3.208510398864746,1.4637269973754885,-1.7447835206985474,0.7407740950584412,2.8444459438323975,1.1175974607467651,-1.7268483638763428
0.7284688949584961,2.827543497085572,1.0886458158493042,-1.7388979196548462,0.7264115810394287,3.223562002182007,1.4763280153274536,-1.7472338676452637,0.740972101688385,3.2896182537078857,1.5454094409942627,-1.7442089319229126,0.7433789968490601,3.2581090927124023,1.5132826566696167,-1.7448261976242063,0.7460380792617798,3.2449395656585693,1.4899578094482422,-1.7549818754196167,0.7226691842079163,3.1520955562591557,1.4235676527023315,-1.7285277843475342,0.7450374960899353,2.925053834915161,1.1901824474334717,-1.7348711490631104
0.7370434999465942,2.8339972496032715,1.0937626361846924,-1.7402342557907104,0.7424447536468506,3.1960256099700928,1.451069951057434,-1.7449555397033691,0.7419873476028442,3.2880492210388184,1.5434799194335938,-1.7445690631866455,0.7379264831542969,3.2666032314300537,1.5255260467529297,-1.741076946258545,0.7442470788955688,3.2666726112365723,1.5159423351287842,-1.7507303953170776,0.7530617117881775,3.273298501968384,1.5263276100158691,-1.746970772743225,0.7474473714828491,2.9732236862182617,1.2402377128601074,-1.7329859733581543
0.7268110513687134,2.8756558895111084,1.1210541725158691,-1.7546017169952393,0.7135138511657715,3.094236135482788,1.3452433347702026,-1.748993158340454,0.7310692667961121,3.215989828109741,1.4386919736862185,-1.7772979736328125,0.7142557501792908,3.0726022720336914,1.3046931028366089,-1.767909049987793,0.7382833957672119,3.123645544052124,1.364240646362305,-1.7594047784805298,0.7318403720855713,3.223456382751465,1.473435401916504,-1.7500208616256714,0.7141340374946594,2.8082756996154785,1.0535566806793213,-1.7547191381454468
0.7321342825889587,2.860422134399414,1.1129695177078247,-1.747452735900879,0.7251355648040771,3.156658887863159,1.3980251550674438,-1.7586342096328735,0.7422952055931091,3.25666618347168,1.4813307523727417,-1.775335431098938,0.7315468192100525,3.183589458465576,1.4236549139022827,-1.7599345445632937,0.7465861439704895,3.1794867515563965,1.4230334758758545,-1.756453037261963,0.729275643825531,3.095731496810913,1.353966236114502,-1.7417651414871216,0.742000937461853,2.895413637161255,1.1392430067062378,-1.7561708688735962
0.7293731570243835,2.8790159225463867,1.1423126459121704,-1.7367035150527954,0.7291573286056519,3.096490859985352,1.3636047840118408,-1.7328861951828003,0.7427685260772705,3.2565150260925293,1.5162622928619385,-1.7402526140213013,0.7477434873580933,3.250831365585327,1.5033658742904663,-1.74746572971344,0.7337700128555298,3.196958303451538,1.4657825231552124,-1.7311757802963257,0.7258971929550171,3.227151870727539,1.4907399415969849,-1.7364122867584229,0.7386143207550049,2.882077217102051,1.1472618579864502,-1.7348157167434692
0.7449864149093628,2.92488694190979,1.1688201427459717,-1.7560667991638184,0.7326216101646423,3.242720127105713,1.485429048538208,-1.7572914361953735,0.7386681437492371,3.265303373336792,1.5004326105117798,-1.7648708820343018,0.7499729990959167,3.2699673175811768,1.5088789463043213,-1.7610881328582764,0.7435418963432312,3.297898769378662,1.5155202150344849,-1.782378911972046,0.7487327456474304,3.271148443222046,1.5100140571594238,-1.761134386062622,0.755276620388031,2.9151039123535156,1.1522109508514404,-1.7628928422927856
0.7461591362953186,2.891681432723999,1.1448484659194946,-1.7468332052230835,0.7333141565322876,3.1878159046173096,1.4447977542877195,-1.7430185079574585,0.7275646924972534,3.169862985610962,1.4356789588928225,-1.7341842651367188,0.7324571013450623,3.1273086071014404,1.3899575471878052,-1.7373507022857666,0.7370051741600037,3.217876434326172,1.473485231399536,-1.7443909645080566,0.7492052316665649,3.1857759952545166,1.4391378164291382,-1.7466381788253784,0.7340413928031921,2.9023568630218506,1.1718021631240845,-1.7305543422698975
0.7371924519538879,2.897594451904297,1.158779263496399,-1.7388150691986084,0.7377293705940247,3.270664691925049,1.5245428085327148,-1.7461217641830444,0.745500922203064,3.2152345180511475,1.4767318964004517,-1.7385025024414062,0.7407938838005066,3.1695351600646973,1.4283406734466553,-1.741194486618042,0.7334840297698975,3.234384775161743,1.487736463546753,-1.7466485500335691,0.7387054562568665,3.102034568786621,1.3635947704315186,-1.7384397983551023,0.741542398929596,2.9089858531951904,1.1817559003829956,-1.7272300720214844
0.7203311324119568,2.81064248085022,1.076071858406067,-1.7345706224441528,0.7383490204811096,3.232657194137573,1.4892505407333374,-1.7434062957763672,0.7317372560501099,3.223885059356689,1.475416660308838,-1.7484686374664309,0.723247230052948,3.1394591331481934,1.3918025493621826,-1.7476565837860107,0.7350981831550598,3.2427656650543213,1.4967705011367798,-1.7459948062896729,0.7475684285163879,3.2534191608428955,1.5067726373672483,-1.7466464042663574,0.7411971092224121,2.9187660217285156,1.171815037727356,-1.7469507455825806
0.7221523523330688,2.9004948139190674,1.1397674083709717,-1.7607272863388062,0.715904951095581,3.0008020401000977,1.2457901239395142,-1.7550121545791626,0.7617800831794739,3.2778563499450684,1.514820575714111,-1.7630358934402466,0.7337674498558044,3.1040966510772705,1.3538087606430054,-1.7502877712249756,0.712934672832489,3.143275260925293,1.369645357131958,-1.773629903793335,0.7182734608650208,3.124558210372925,1.3688595294952393,-1.7556989192962646,0.7493975758552551,2.939033031463623,1.1648223400115967,-1.7742111682891846
0.7409704923629761,2.9163267612457275,1.164661169052124,-1.7516653537750244,0.7048227190971375,3.0951173305511475,1.3433282375335691,-1.7517889738082886,0.7406247854232788,3.1111814975738525,1.356937289237976,-1.7542444467544556,0.7398946285247803,3.197589159011841,1.4496984481811523,-1.7478909492492676,0.7420362830162048,3.250586748123169,1.5008211135864258,-1.7497658729553225,0.7416840195655823,3.208998441696167,1.4595637321472168,-1.749434471130371,0.7490106821060181,2.883155107498169,1.1435757875442505,-1.7395795583724976
0.7412468194961548,2.8976869583129883,1.161359190940857,-1.7363276481628418,0.7301880121231079,3.1496362686157227,1.40289568901062,-1.746740698814392,0.7274733185768127,3.1057186126708984,1.364694118499756,-1.7410247325897217,0.731727659702301,3.1593589782714844,1.4170762300491333,-1.742282748222351,0.7197463512420654,3.2410545349121094,1.516890048980713,-1.7241647243499756,0.7382798194885254,3.178463697433472,1.429347038269043,-1.74911630153656,0.7299307584762573,2.8465991020202637,1.1091383695602417,-1.7374606132507324
0.7426063418388367,2.876454591751098,1.1417847871780396,-1.7346696853637695,0.7512087225914001,3.199086904525757,1.4441410303115845,-1.7549461126327517,0.7563683390617371,3.2687928676605225,1.5094845294952393,-1.7593082189559937,0.7534308433532715,3.2733232975006104,1.518918514251709,-1.7544047832489014,0.7419171929359436,3.2017035484313965,1.4487571716308594,-1.752946376800537,0.7340237498283386,3.1165544986724854,1.378250241279602,-1.7383042573928833,0.7401665449142456,2.8889336585998535,1.1501516103744507,-1.7387818098068237
0.7430126667022705,2.90505313873291,1.1623166799545288,-1.7427363395690918,0.7168771624565125,3.0812621116638184,1.3429394960403442,-1.7383227348327637,0.7321023344993591,3.184868574142456,1.4447052478790283,-1.7401633262634275,0.7585994601249695,3.192344665527344,1.447750687599182,-1.7445940971374512,0.7297865748405457,3.2381930351257324,1.4958882331848145,-1.742304801940918,0.74321049451828,3.18393874168396,1.4377844333648682,-1.7461541891098022,0.7428762912750244,2.932417154312134,1.189724087715149,-1.7426930665969849
0.7109736800193787,2.810576677322388,1.0299702882766724,-1.780606389045715,0.7368844151496887,3.17885160446167,1.4075396060943604,-1.771312236785889,0.7220413684844971,3.1049964427948,1.3379284143447876,-1.7670681476593018,0.7161763310432434,3.142449855804444,1.37503981590271,-1.7674096822738647,0.7324999570846558,3.210721969604492,1.4369134902954102,-1.773808479309082,0.735308051109314,3.3207309246063232,1.5379098653793335,-1.7828208208084106,0.7411741018295288,2.9643707275390625,1.20448637008667,-1.759884238243103
0.7480503916740417,2.903423547744751,1.1612434387207031,-1.7421802282333374,0.7380127310752869,3.191843032836914,1.4426734447479248,-1.7491693496704102,0.7430492639541626,3.202824115753174,1.4393795728683472,-1.7634445428848269,0.7587831020355225,3.3944783210754395,1.640871286392212,-1.7536070346832275,0.7613999843597412,3.207717180252075,1.4598952531814575,-1.7478219270706177,0.7436782121658325,3.168666362762451,1.4230026006698608,-1.7456640005111694,0.7451372742652893,2.8777825832366943,1.1334645748138428,-1.7443177700042725
0.7348448038101196,2.8836114406585693,1.140546202659607,-1.7430654764175415,0.7315075993537903,3.152651786804199,1.4031554460525513,-1.749496340751648,0.7336509227752686,3.1788697242736816,1.4282925128936768,-1.7505772113800049,0.7288374304771423,3.178016424179077,1.4284019470214844,-1.7496144771575928,0.7338608503341675,3.236621618270874,1.4842966794967651,-1.7523250579833984,0.7398552894592285,3.103610038757324,1.3544282913208008,-1.7491819858551023,0.7369939684867859,2.8821539878845215,1.1346229314804077,-1.7475309371948242
0.7380638122558594,2.907499074935913,1.1620577573776243,-1.7454413175582886,0.742042064666748,3.22782826423645,1.4749072790145874,-1.7529208660125732,0.7484670877456665,3.303486585617065,1.5443828105926514,-1.759103775024414,0.7326962947845459,3.19700288772583,1.448720097541809,-1.7482831478118896,0.7294067144393921,3.248452425003052,1.4943475723266602,-1.7541048526763916,0.7294307351112366,3.1458563804626465,1.390825271606445,-1.7550312280654907,0.7529407143592834,2.996286630630493,1.2498199939727783,-1.7464665174484253
0.7389056086540222,2.8844947814941406,1.134263277053833,-1.750231146812439,0.7300809621810913,3.027019739151001,1.2621309757232666,-1.7648887634277344,0.7176640629768372,3.017931699752808,1.2823476791381836,-1.735584020614624,0.7337416410446167,3.142763614654541,1.383880853652954,-1.7588825225830078,0.7368690371513367,3.1298370361328125,1.3825091123580933,-1.7473278045654297,0.7543293833732605,3.294553518295288,1.5276615619659424,-1.7668918371200562,0.7430026531219482,2.9837300777435303,1.2259000539779663,-1.7578301429748535
0.7181110382080078,2.8716375827789307,1.1236025094985962,-1.748035192489624,0.7440214157104492,3.1472256183624268,1.3856143951416016,-1.7616113424301147,0.7453138828277588,3.1277003288269043,1.3677350282669067,-1.7599653005599976,0.7190800905227661,3.107611179351806,1.3478106260299685,-1.7598004341125488,0.7271660566329956,3.108637571334839,1.358683705329895,-1.7499538660049438,0.7354010939598083,3.1605474948883057,1.4018009901046753,-1.7587463855743408,0.7385166883468628,2.8088343143463135,1.0556440353393555,-1.7531901597976685
0.7177146077156067,2.781858444213867,1.0470983982086182,-1.7347599267959597,0.7350423336029053,3.109956741333008,1.369852066040039,-1.7401041984558103,0.7356889843940735,3.1448142528533936,1.4025613069534302,-1.7422529458999634,0.7331061959266663,3.03763747215271,1.296217918395996,-1.741419553756714,0.7347326874732971,3.114218235015869,1.3776189088821411,-1.7365989685058594,0.7180463075637817,3.074364423751831,1.330762505531311,-1.7436021566390991,0.7413787245750427,2.8760838508605957,1.1405999660491943,-1.7354838848114014
0.7313205003738403,2.79193377494812,1.065194010734558,-1.7267396450042725,0.7245780229568481,3.0513858795166016,1.3325594663619995,-1.7188265323638916,0.7522300481796265,3.285794496536255,1.538762092590332,-1.7470325231552124,0.7409924864768982,3.1501810550689697,1.414486289024353,-1.7356947660446167,0.7388925552368164,3.1578660011291504,1.4276939630508425,-1.7301719188690186,0.7563387751579285,3.253720760345459,1.5139756202697754,-1.7397451400756836,0.7341349720954895,2.8008270263671875,1.091605305671692,-1.709221601486206
0.7425060272216797,2.9161386489868164,1.1645214557647705,-1.751617193222046,0.7427306175231934,3.2669825553894043,1.5021545886993408,-1.7648279666900637,0.7343999743461609,3.2844388484954834,1.5192354917526243,-1.7652034759521484,0.7380388975143433,3.2312099933624268,1.4643702507019043,-1.766839623451233,0.7393983602523804,3.2285001277923584,1.4628390073776243,-1.765661358833313,0.7251314520835876,3.2009599208831787,1.4298787117004397,-1.7710810899734497,0.7347963452339172,2.8764867782592773,1.1172822713851929,-1.7592047452926636
0.7345882058143616,2.8821609020233154,1.148876070976257,-1.7332849502563477,0.7319014072418213,3.1674368381500244,1.432907223701477,-1.7345298528671265,0.7397260069847107,3.1906521320343018,1.4395042657852173,-1.751147747039795,0.7407368421554565,3.276756048202514,1.5311352014541626,-1.7456209659576416,0.7357544898986816,3.17388653755188,1.4482661485671997,-1.7256205081939695,0.7373262047767639,3.3293027877807617,1.589704155921936,-1.7395989894866943,0.7432687878608704,3.00392484664917,1.2609225511550903,-1.7430024147033691
0.7361074090003967,2.853125095367432,1.1149219274520874,-1.7382029294967651,0.7406865358352661,3.228203773498535,1.4884693622589111,-1.739734172821045,0.7374476194381714,3.1636314392089844,1.4149919748306274,-1.7486393451690674,0.7382721900939941,3.1397359371185303,1.3890572786331177,-1.750678539276123,0.7433096766471863,3.212587356567383,1.4687179327011108,-1.743869423866272,0.7621726393699646,3.075998544692993,1.3400994539260864,-1.7358989715576172,0.7417712807655334,2.9133973121643066,1.171788215637207,-1.7416090965270996
0.7381080389022827,2.883883714675904,1.1428565979003906,-1.7410272359848022,0.7263876795768738,3.1472315788269043,1.4181081056594849,-1.7291237115859983,0.7442177534103394,3.1864583492279053,1.4407387971878052,-1.7457194328308103,0.7376624345779419,3.22290563583374,1.4871002435684204,-1.7358050346374512,0.7242693901062012,3.2207722663879395,1.470307230949402,-1.7504647970199585,0.7388041615486145,3.2084550857543945,1.4580073356628418,-1.7504479885101318,0.7400636076927185,2.8403406143188477,1.106555700302124,-1.7337849140167236
0.725965678691864,2.800044059753418,1.066839575767517,-1.733204364776611,0.7219547629356384,3.1260128021240234,1.3882453441619873,-1.737767219543457,0.7298284769058228,3.142173290252685,1.399119853973389,-1.7430535554885864,0.7272250652313232,3.196404457092285,1.4559661149978638,-1.740438461303711,0.7523150444030762,3.24894642829895,1.5117440223693848,-1.737202286720276,0.7316321134567261,3.2656116485595703,1.5181764364242554,-1.7474350929260254,0.7270905375480652,2.857597589492798,1.1238592863082886,-1.7337384223937988
0.7279279828071594,2.8228774070739746,1.0815767049789429,-1.7413005828857422,0.7408963441848755,3.162981510162353,1.4115456342697144,-1.7514359951019287,0.738860547542572,3.2719693183898926,1.5089213848114014,-1.76304829120636,0.7418487668037415,3.293848991394043,1.5361902713775637,-1.757659077644348,0.731616735458374,3.1840660572052,1.428721904754639,-1.7553443908691406,0.7300434112548828,3.1258857250213623,1.376728057861328,-1.749157428741455,0.7445300221443176,2.8733468055725098,1.129945993423462,-1.7434009313583374
0.7316078543663025,2.8983545303344727,1.1627479791641235,-1.7356065511703491,0.7218778729438782,3.173994302749634,1.430436372756958,-1.7435578107833862,0.7438273429870605,3.2510035037994385,1.502455472946167,-1.74854838848114,0.7413774132728577,3.152589797973633,1.402428150177002,-1.7501616477966309,0.740014910697937,3.1513917446136475,1.4001785516738892,-1.7512130737304688,0.7332162261009216,3.1443607807159424,1.392502784729004,-1.751857876777649,0.7342644333839417,2.924443244934082,1.179988145828247,-1.744455337524414
0.7302433848381042,2.9312424659729004,1.18706476688385,-1.7441778182983398,0.7364270091056824,3.1685616970062256,1.4153510332107544,-1.753210186958313,0.7346045970916748,3.213594913482666,1.4624500274658203,-1.7511446475982666,0.7371278405189514,3.2545382976531982,1.4916582107543943,-1.7628800868988037,0.7256700992584229,3.171526908874512,1.4151828289031982,-1.7563443183898926,0.7400764226913452,3.231022596359253,1.4763541221618652,-1.7546687126159668,0.7275667190551758,2.8745083808898926,1.1253166198730469,-1.7491919994354248
0.725727379322052,2.844901323318481,1.1028718948364258,-1.7420297861099243,0.7281287908554077,3.1694483757019043,1.4256560802459717,-1.7437922954559326,0.7506586313247681,3.285975217819214,1.53171968460083,-1.754256010055542,0.7327312231063843,3.093814849853516,1.3401118516921997,-1.753702998161316,0.7407631874084473,3.15501070022583,1.3978291749954224,-1.7571814060211182,0.7169901132583618,3.1834232807159424,1.419602632522583,-1.7638206481933594,0.7504614591598511,2.889010190963745,1.1381056308746338,-1.75090491771698
0.7340120077133179,2.8426241874694824,1.0994439125061035,-1.743180274963379,0.7224393486976624,3.156203031539917,1.4095144271850586,-1.7466886043548584,0.7488052248954773,3.250283718109131,1.5078179836273191,-1.7424659729003906,0.73790043592453,3.215979814529419,1.4689350128173828,-1.7470444440841677,0.7283921241760254,3.156630754470825,1.4106782674789429,-1.7459522485733032,0.7482220530509949,3.2746284008026123,1.5304419994354248,-1.7441860437393188,0.7306042909622192,2.853520631790161,1.1245726346969604,-1.7289479970932007
0.7267021536827087,2.872331142425537,1.1404184103012085,-1.7319124937057495,0.7307714223861694,3.143106698989868,1.4030531644821167,-1.7400535345077517,0.737884521484375,3.2217471599578857,1.4801901578903198,-1.7415568828582764,0.7377939224243164,3.205967903137207,1.461077094078064,-1.7448910474777222,0.7178031802177429,3.097317695617676,1.3722628355026243,-1.7250547409057615,0.7386879324913025,3.1100220680236816,1.3691306114196775,-1.7408910989761353,0.7418591976165771,2.8658041954040527,1.1263834238052368,-1.7394206523895264
0.7338156700134277,2.8780829906463623,1.13853919506073,-1.7395436763763428,0.7394430041313171,3.1831047534942627,1.4482487440109253,-1.734856128692627,0.7330148220062256,3.2206871509552,1.4807504415512085,-1.7399364709854126,0.7148140668869019,3.071142673492432,1.3447061777114868,-1.7264366149902344,0.7515761256217957,3.221219539642334,1.4911415576934814,-1.7300779819488523,0.7324546575546265,3.1407358646392822,1.4116259813308716,-1.729109764099121,0.736375629901886,2.9094483852386475,1.1767568588256836,-1.7326915264129639
0.7345604300498962,2.934115171432495,1.2077391147613523,-1.7263760566711426,0.7314001321792603,3.199251174926758,1.46293842792511,-1.7363128662109375,0.7255134582519531,3.1945559978485107,1.4539555311203003,-1.7406005859375,0.7444990277290344,3.216097593307495,1.4784727096557615,-1.7376247644424438,0.7410357594490051,3.242465019226074,1.5038881301879885,-1.7385767698287964,0.7386201620101929,3.2472169399261475,1.5109717845916748,-1.736244797706604,0.7380584478378296,2.902101516723633,1.1784707307815552,-1.723630666732788
0.7325273156166077,2.9157397747039795,1.1628676652908323,-1.7528719902038574,0.7145296931266785,3.0881218910217285,1.3261209726333618,-1.7620009183883667,0.7298017740249634,3.1025400161743164,1.3297609090805054,-1.77277934551239,0.7351442575454712,3.114514112472534,1.358449935913086,-1.7560642957687378,0.7233433127403259,3.1644272804260254,1.4067938327789309,-1.7576334476470947,0.7189245223999023,3.1790268421173096,1.414898157119751,-1.764128804206848,0.740408182144165,2.87199330329895,1.1163134574890137,-1.755679726600647
0.7304291725158691,2.90617036819458,1.1609113216400146,-1.745258927345276,0.7396448254585266,3.214395523071289,1.4621624946594238,-1.752233386039734,0.7381546497344971,3.182060718536377,1.4354405403137207,-1.7466199398040771,0.7280880212783813,3.100026607513428,1.3574353456497192,-1.7425915002822876,0.7346519827842712,3.186483144760132,1.4368306398391724,-1.749652624130249,0.7345179915428162,3.1673970222473145,1.4339343309402466,-1.733462691307068,0.7267842292785645,2.86283540725708,1.1211131811141968,-1.7417222261428833
0.7303549647331238,2.873401641845703,1.1261916160583496,-1.7472102642059326,0.7319634556770325,3.2487633228302,1.492438554763794,-1.756325125694275,0.7422734498977661,3.141528844833374,1.3910738229751587,-1.750455021858215,0.741860032081604,3.2267446517944336,1.4797130823135376,-1.7470314502716064,0.7393811345100403,3.271507978439331,1.5056790113449097,-1.765829086303711,0.7349687814712524,3.135802745819092,1.3806260824203491,-1.7551765441894531,0.735736072063446,2.893307685852051,1.1415016651153564,-1.7518059015274048
0.7419825792312622,2.845423936843872,1.0817919969558716,-1.7636317014694214,0.7315812110900879,3.0907206535339355,1.325913906097412,-1.7648065090179443,0.7433493137359619,3.208932638168335,1.444471836090088,-1.7644610404968262,0.7408907413482666,3.231597423553467,1.4763065576553345,-1.755291223526001,0.7420636415481567,3.222661018371582,1.4513791799545288,-1.7712819576263428,0.7307186722755432,3.19942569732666,1.4408289194107056,-1.7585970163345337,0.7404407262802124,2.84014630317688,1.0752944946289062,-1.7648518085479736
0.7083366513252258,2.738101005554199,1.0034157037734983,-1.734685301780701,0.7445918321609497,3.2172677516937256,1.4756150245666504,-1.7416526079177856,0.7185162901878357,3.1812963485717773,1.45946204662323,-1.721834421157837,0.726021409034729,3.144753217697144,1.417240858078003,-1.7275123596191406,0.735206663608551,3.181644916534424,1.4393213987350464,-1.7423235177993774,0.7302523255348206,3.1458065509796143,1.4038385152816772,-1.741967797279358,0.7407998442649841,2.875436305999756,1.138306736946106,-1.737129807472229
0.7454862594604492,2.922463893890381,1.189683198928833,-1.7327810525894165,0.7451643943786621,3.1539151668548584,1.421801209449768,-1.7321139574050903,0.7354708909988403,3.2296032905578613,1.485864758491516,-1.7437385320663452,0.7334798574447632,3.170185089111328,1.430046558380127,-1.7401385307312012,0.7390307188034058,3.289170503616333,1.539565086364746,-1.7496052980422974,0.7323881983757019,3.2276761531829834,1.4814960956573486,-1.7461799383163452,0.74302738904953,2.828122138977051,1.0897655487060547,-1.7383564710617065
0.733420193195343,2.856920003890991,1.1102850437164309,-1.7466349601745603,0.7350491285324097,3.12103533744812,1.3777344226837158,-1.7433007955551147,0.7349126935005188,3.223155975341797,1.4765079021453855,-1.746648192405701,0.7408874034881592,3.212455034255981,1.4485539197921753,-1.7639011144638062,0.7048782706260681,3.0648744106292725,1.3094165325164795,-1.7554577589035034,0.7479783296585083,3.1423590183258057,1.3889031410217283,-1.7534558773040771,0.7445588111877441,2.8406269550323486,1.0917110443115234,-1.748915672302246
0.7288495898246765,2.899294376373291,1.1397655010223389,-1.7595285177230835,0.7348191738128662,3.225381374359131,1.461689591407776,-1.7636916637420654,0.7370694279670715,3.2145259380340576,1.44041109085083,-1.7741150856018066,0.7604103684425354,3.300461530685425,1.5305078029632568,-1.7699534893035889,0.7342732548713684,3.193909406661988,1.4203972816467283,-1.7735122442245483,0.7380083203315735,3.1861093044281006,1.4271034002304075,-1.759006142616272,0.7448354959487915,2.936709403991699,1.1842936277389526,-1.7524158954620361
0.7468991875648499,2.9404489994049072,1.2063751220703125,-1.7340738773345947,0.7351865768432617,3.176279306411743,1.4494712352752686,-1.7268078327178955,0.7345371842384338,3.2516579627990723,1.5260541439056396,-1.7256039381027222,0.7347729206085205,3.2105679512023926,1.4850103855133057,-1.7255576848983765,0.7396454215049744,3.2648096084594727,1.535508632659912,-1.7293012142181396,0.7190684080123901,2.996924638748169,1.2662580013275146,-1.7306665182113647,0.7285066843032837,2.897810220718384,1.1710575819015503,-1.726752758026123
0.7341800332069397,2.873055219650269,1.1255435943603516,-1.747511386871338,0.740987241268158,3.2560884952545166,1.5026572942733765,-1.753430962562561,0.7185207009315491,3.1024534702301025,1.358016014099121,-1.744437336921692,0.7321059703826904,3.1813273429870605,1.4281898736953735,-1.753137469291687,0.7331001162528992,3.14200496673584,1.3865352869033811,-1.7554696798324585,0.7367716431617737,3.108255624771118,1.3643068075180054,-1.7439489364624023,0.7343793511390686,2.8570516109466553,1.1158697605133057,-1.7411818504333496
0.7302553653717041,2.8844003677368164,1.1417495012283323,-1.7426509857177734,0.7189667224884033,3.157812118530273,1.4004111289978027,-1.7574007511138916,0.7314804196357727,3.146552562713623,1.396925926208496,-1.749626874923706,0.7357622385025024,3.213212490081787,1.4552397727966309,-1.7579724788665771,0.7059134840965271,3.014289379119873,1.262993335723877,-1.7512959241867063,0.7268849611282349,3.108182668685913,1.359697937965393,-1.7484848499298096,0.7555139064788818,2.92272686958313,1.1780542135238647,-1.7446727752685547
0.7112430930137634,2.759129762649536,1.001158356666565,-1.7579714059829712,0.7153510451316833,3.071206331253052,1.3077224493026731,-1.7634841203689575,0.7375848889350891,3.11487889289856,1.351955533027649,-1.7629234790802002,0.735444188117981,3.2091774940490723,1.4508782625198364,-1.758299469947815,0.728147566318512,3.214794874191284,1.4676815271377563,-1.7471137046813965,0.7438756227493286,3.210833549499512,1.4536787271499634,-1.7571547031402588,0.7417346835136414,2.9013102054595947,1.148337960243225,-1.7529720067977905
0.7264522910118103,2.898618698120117,1.1669793128967283,-1.7316392660140991,0.7314873337745667,3.247700929641724,1.521301507949829,-1.726399540901184,0.7444241046905518,3.2855803966522217,1.5414259433746338,-1.7441545724868774,0.7375586032867432,3.2401647567749023,1.5028204917907717,-1.7373442649841309,0.7313316464424133,3.147500276565552,1.408361792564392,-1.7391382455825806,0.7404493689537048,3.2556214332580566,1.5214102268218994,-1.734211564064026,0.7462018728256226,2.955078125,1.2195762395858765,-1.7355018854141235
0.7375100255012512,2.859086751937866,1.111353039741516,-1.7477339506149292,0.73040372133255,3.237924337387085,1.4898335933685305,-1.7480908632278442,0.7273415923118591,3.152775764465332,1.4122681617736816,-1.7405073642730713,0.7335625886917114,3.210700273513794,1.467989444732666,-1.742711067199707,0.75713050365448,3.2694780826568604,1.5126111507415771,-1.7568669319152832,0.7515445351600647,3.2280123233795166,1.4737865924835205,-1.7542256116867063,0.7131670713424683,2.8068180084228516,1.057020664215088,-1.7497972249984741
0.7503166198730469,2.927650213241577,1.182672142982483,-1.7449780702590942,0.7533493638038635,3.228686571121216,1.4861443042755127,-1.7425421476364136,0.7439241409301758,3.1693150997161865,1.4415227174758911,-1.727792739868164,0.7375246286392212,3.2514519691467285,1.5194745063781738,-1.731977462768555,0.7337762117385864,3.173032283782959,1.4416805505752563,-1.7313518524169922,0.7475943565368652,3.25627064704895,1.512511968612671,-1.7437589168548584,0.7511612176895142,2.89237904548645,1.154227375984192,-1.7381514310836792
0.7267649173736572,2.8365421295166016,1.100986361503601,-1.7355557680130005,0.7358625531196594,3.212846040725708,1.4664063453674316,-1.7464399337768557,0.7277842164039612,3.1852076053619385,1.4560294151306152,-1.7291780710220337,0.7170932292938232,3.077153444290161,1.313496232032776,-1.7636570930480957,0.7333219051361084,3.231637716293335,1.4968181848526,-1.7348196506500244,0.7380988597869873,3.20419979095459,1.4583699703216553,-1.7458298206329346,0.7508633136749268,2.9310715198516846,1.1848819255828857,-1.7461895942687988
0.708858072757721,2.8146848678588867,1.0684707164764404,-1.7462139129638672,0.7254658341407776,3.139504194259644,1.3911484479904177,-1.7483559846878052,0.7248902916908264,3.206275224685669,1.460034966468811,-1.746240258216858,0.7491704821586609,3.2309935092926025,1.472917914390564,-1.758075475692749,0.743076503276825,3.249359607696533,1.489306926727295,-1.7600525617599487,0.7380059957504272,3.1432974338531494,1.3960882425308228,-1.747208833694458,0.749468982219696,2.863771915435791,1.123453140258789,-1.7403186559677124
0.7205764055252075,2.7882003784179688,1.043099045753479,-1.7451013326644895,0.7342325448989868,3.234517812728882,1.4882020950317385,-1.746315360069275,0.7325065732002258,3.103317975997925,1.3399114608764648,-1.7634066343307495,0.7367485761642456,3.29121732711792,1.5359638929367063,-1.7552533149719238,0.7347270250320435,3.119966506958008,1.366082787513733,-1.7538836002349854,0.7154849767684937,3.1289496421813965,1.3652416467666626,-1.763708233833313,0.7443691492080688,2.938422203063965,1.180517554283142,-1.7579047679901123
0.7132540941238403,2.828487634658813,1.0802820920944214,-1.7482054233551023,0.7448421716690063,3.2377264499664307,1.4863373041152954,-1.7513890266418457,0.747852087020874,3.168849468231201,1.4279580116271973,-1.7408913373947144,0.7251352071762085,3.12759017944336,1.380353331565857,-1.7472370862960815,0.7126427888870239,3.0518624782562256,1.31061851978302,-1.7412439584732056,0.7366156578063965,3.175767421722412,1.4178789854049685,-1.7578885555267334,0.7509605884552002,2.9690918922424316,1.222448706626892,-1.7466431856155396
0.7139986157417297,2.8241336345672607,1.072179675102234,-1.7519540786743164,0.7150631546974182,3.0257389545440674,1.2899467945098877,-1.73579204082489,0.7367948889732361,3.129958152770996,1.383214235305786,-1.7467436790466309,0.7285261154174805,3.1532680988311768,1.404037356376648,-1.7492306232452393,0.7385164499282837,3.13991641998291,1.387601375579834,-1.7523149251937866,0.7143949270248413,3.0567715167999268,1.3062264919281006,-1.7505451440811155,0.7475311160087585,2.8563594818115234,1.1112737655639648,-1.7450854778289795
0.7423514127731323,2.893944025039673,1.1472721099853516,-1.7466717958450315,0.7281566262245178,3.129575729370117,1.392080307006836,-1.737495183944702,0.7437030076980591,3.188815116882324,1.4327799081802368,-1.756035566329956,0.7308846116065979,3.102475166320801,1.3529831171035769,-1.7494922876358032,0.738418459892273,3.263770341873169,1.4968653917312622,-1.7669051885604858,0.7086741328239441,3.128246784210205,1.3762818574905396,-1.7519646883010864,0.739128828048706,2.888716220855713,1.1441019773483276,-1.7446143627166748
0.7380402684211731,2.9218504428863525,1.171207070350647,-1.7506431341171265,0.7118944525718689,3.120633125305176,1.3696682453155518,-1.750964879989624,0.7422189116477966,3.245307922363281,1.4930739402770996,-1.7522339820861816,0.7402768731117249,3.182135581970215,1.4302958250045776,-1.7518397569656372,0.7405460476875305,3.127452850341797,1.38746440410614,-1.7399884462356567,0.7181404829025269,3.1595425605773926,1.4134800434112549,-1.7460622787475586,0.7346310019493103,2.9220073223114014,1.1710045337677002,-1.7510027885437012
0.7275657057762146,2.893739461898804,1.159460425376892,-1.734278917312622,0.7342739701271057,3.2332139015197754,1.4933128356933594,-1.7399009466171265,0.7383925914764404,3.2621724605560303,1.5148966312408447,-1.747275948524475,0.7334177494049072,3.2668845653533936,1.5272451639175415,-1.739639401435852,0.742878794670105,3.2123610973358154,1.476897954940796,-1.7354631423950195,0.7445865273475647,3.2527167797088623,1.510702133178711,-1.7420148849487305,0.7223982214927673,2.824683904647827,1.105254888534546,-1.7194291353225708
0.72891765832901,2.896174669265747,1.153249979019165,-1.7429245710372925,0.7331219911575317,3.2393665313720703,1.4969083070755005,-1.7424585819244385,0.739851713180542,3.1232542991638184,1.3797513246536257,-1.743503212928772,0.7275488972663879,3.131248950958252,1.3817455768585205,-1.749503493309021,0.7398111820220947,3.1799685955047607,1.4291826486587524,-1.750786066055298,0.7305052876472473,3.164426803588867,1.4263030290603638,-1.7381234169006348,0.7433757185935974,2.8955326080322266,1.1588892936706543,-1.7366434335708618
0.7238420844078064,2.835698127746582,1.0778063535690308,-1.75789213180542,0.7373342514038086,3.2059202194213867,1.4535913467407229,-1.752328634262085,0.7673757672309875,3.2889060974121094,1.526545166969299,-1.7623610496520996,0.7549335360527039,3.285707235336304,1.5200222730636597,-1.7656848430633545,0.7362020611763,3.127305507659912,1.3746724128723145,-1.7526330947875977,0.7263476848602295,3.092690706253052,1.337622046470642,-1.7550684213638306,0.7315390706062317,2.8798320293426514,1.1379371881484985,-1.7418951988220215
0.7324627041816711,2.8851380348205566,1.1415988206863403,-1.7435390949249268,0.7198102474212646,3.1061811447143555,1.352625012397766,-1.7535560131072998,0.7396149635314941,3.169317483901977,1.4050132036209106,-1.7643041610717771,0.7305508852005005,3.159841060638428,1.4090816974639893,-1.750759482383728,0.7280818819999695,3.1778323650360107,1.414844274520874,-1.7629880905151367,0.7247645258903503,3.18236780166626,1.4210706949234009,-1.7612972259521484,0.7440690994262695,2.9459002017974854,1.195160984992981,-1.7507394552230835
0.7308196425437927,2.837620258331299,1.0716338157653809,-1.7659863233566284,0.735694944858551,3.15627121925354,1.3917627334594729,-1.764508605003357,0.7314628958702087,3.114154577255249,1.3481353521347046,-1.7660191059112549,0.7321386337280273,2.981560230255127,1.2301325798034668,-1.7514277696609497,0.7528547048568726,3.291893243789673,1.5186593532562256,-1.773234248161316,0.7434619069099426,3.1654624938964844,1.3879719972610474,-1.777490496635437,0.7393075823783875,2.896604299545288,1.1408025026321411,-1.755801796913147
0.7212405204772949,2.839497327804565,1.0952250957489014,-1.7442721128463743,0.7391844987869263,3.237551689147949,1.4910398721694946,-1.7465118169784546,0.7477965950965881,3.1642394065856934,1.4225510358810425,-1.7416883707046509,0.7488821148872375,3.1669368743896484,1.425297498703003,-1.7416393756866455,0.7282617688179016,3.148956298828125,1.404476523399353,-1.744479775428772,0.750161349773407,3.264225006103516,1.527130961418152,-1.737093806266785,0.7474609613418579,2.954484224319458,1.2155615091323853,-1.7389225959777832
0.7338384985923767,2.8432602882385254,1.0971097946166992,-1.7461503744125366,0.7458500266075134,3.2428219318389893,1.4859964847564695,-1.7568254470825195,0.7243110537528992,3.150874853134156,1.3952062129974363,-1.75566828250885,0.7347591519355774,3.161591053009033,1.412304401397705,-1.7492862939834597,0.7381141781806946,3.0905909538269043,1.3309882879257202,-1.7596025466918943,0.7425537705421448,3.154207229614258,1.4036396741867063,-1.7505673170089722,0.7332666516304016,2.826308488845825,1.0769355297088623,-1.7493728399276733
0.7317904829978943,2.981732130050659,1.2344229221343994,-1.747309327125549,0.7244765758514404,3.199203491210937,1.4561325311660769,-1.7430708408355713,0.7383758425712585,3.2257843017578125,1.4902633428573608,-1.7355209589004517,0.7245432138442993,3.2299745082855225,1.4847944974899292,-1.7451798915863037,0.7260563969612122,3.159235000610352,1.4070543050765991,-1.752180576324463,0.737467348575592,3.237588405609131,1.5004072189331057,-1.737181305885315,0.7279568910598755,2.896486759185791,1.1535370349884033,-1.7429497241973877
0.7370395064353943,2.8654282093048096,1.1274683475494385,-1.7379602193832395,0.7292612195014954,3.092884063720703,1.3461041450500488,-1.7467797994613647,0.7397868037223816,3.2568109035491943,1.5118224620819092,-1.7449885606765747,0.7369771003723145,3.1595044136047363,1.415125012397766,-1.744379639625549,0.745370626449585,3.1999430656433105,1.45453941822052,-1.745403289794922,0.746222198009491,3.2038614749908447,1.4505577087402344,-1.7533038854599,0.7337409853935242,2.7963178157806396,1.061318039894104,-1.7349995374679565
0.7437316179275513,2.885169267654419,1.1430023908615112,-1.7421667575836182,0.7234779596328735,3.1798737049102783,1.4386801719665527,-1.741193771362305,0.7419084310531616,3.1885106563568115,1.4415860176086426,-1.7469245195388794,0.7273204326629639,3.0355117321014404,1.2963950634002686,-1.739116668701172,0.7337985634803772,3.185871124267578,1.4523894786834717,-1.733481526374817,0.7320424914360046,3.120899438858032,1.3847585916519165,-1.7361408472061155,0.7331101894378662,2.87247633934021,1.1354734897613525,-1.737002968788147
0.7277653813362122,2.8199880123138428,1.0854469537734983,-1.734540939331055,0.7324442267417908,3.131175994873047,1.3905504941940308,-1.7406253814697266,0.7289384007453918,3.167431354522705,1.4302889108657837,-1.7371424436569214,0.7397671341896057,3.171934127807617,1.4262447357177734,-1.7456895112991333,0.732204258441925,3.1573524475097656,1.4108089208602903,-1.746543526649475,0.7274488806724548,3.100710153579712,1.372137427330017,-1.7285727262496948,0.7415018081665039,2.8903722763061523,1.1504273414611816,-1.7399451732635498
0.7266412973403931,2.8616039752960205,1.125078797340393,-1.7365248203277588,0.7355351448059082,3.2555348873138428,1.5140024423599243,-1.7415322065353394,0.7312517762184143,3.1688120365142822,1.4374576807022097,-1.731353998184204,0.7440134286880493,3.185142755508423,1.4422624111175537,-1.7428804636001587,0.7390894293785095,3.2088816165924072,1.4674320220947266,-1.741449952125549,0.7490323185920715,3.147160291671753,1.3999196290969849,-1.7472405433654783,0.7403507828712463,2.856322765350342,1.119091272354126,-1.7372313737869263
0.7466665506362915,2.930424690246582,1.1711231470108032,-1.7593013048171997,0.7531720995903015,3.2936244010925293,1.5158350467681885,-1.7777892351150513,0.735852062702179,3.2509894371032715,1.4869686365127563,-1.7640204429626465,0.727115273475647,3.214780807495117,1.4494900703430176,-1.7652907371520996,0.7336451411247253,3.289144992828369,1.518318772315979,-1.7708265781402588,0.7488422393798828,3.204799175262451,1.4430110454559326,-1.761788010597229,0.7357171773910522,2.9839677810668945,1.2288415431976318,-1.7551261186599731
0.7324305176734924,2.860135555267334,1.1289297342300415,-1.731205701828003,0.7454413771629333,3.153027296066284,1.4050456285476685,-1.7479815483093262,0.7295312881469727,3.282620429992676,1.529010534286499,-1.7536100149154663,0.729661762714386,3.192799568176269,1.444600224494934,-1.748199224472046,0.7361445426940918,3.2004122734069824,1.4620894193649292,-1.7383227348327637,0.7543662190437317,3.265859603881836,1.5101336240768433,-1.7557257413864136,0.7379117012023926,2.8938851356506348,1.1499329805374146,-1.7439521551132202
0.7326803803443909,2.870489358901977,1.13830304145813,-1.7321865558624268,0.7295060157775879,3.2060370445251465,1.475548267364502,-1.7304890155792236,0.7533082365989685,3.2211804389953613,1.47991144657135,-1.741268754005432,0.7419895529747009,3.1799328327178955,1.4335380792617798,-1.7463947534561155,0.736952006816864,3.2457282543182373,1.513369083404541,-1.732359528541565,0.7352811694145203,3.227943181991577,1.4815781116485596,-1.7463651895523071,0.735428512096405,2.915508985519409,1.1819099187850952,-1.733599066734314
0.7408681511878967,2.900527238845825,1.1431235074996948,-1.7574037313461304,0.7336700558662415,3.1747050285339355,1.410772681236267,-1.7639323472976685,0.721871554851532,3.148331642150879,1.383744478225708,-1.7645870447158811,0.7417898774147034,3.2427797317504883,1.4722696542739868,-1.770509958267212,0.7363232374191284,3.274186372756958,1.5110321044921875,-1.7631545066833496,0.7328422665596008,3.1812026500701904,1.4257192611694336,-1.7554832696914673,0.7389408349990845,2.9061572551727295,1.1512486934661865,-1.754908561706543
0.7385843396186829,2.9270241260528564,1.1799530982971191,-1.7470712661743164,0.7272563576698303,3.1468801498413086,1.402143478393555,-1.744736671447754,0.7416463494300842,3.271093368530273,1.5096198320388794,-1.7614734172821045,0.7434491515159607,3.213640213012696,1.4541882276535034,-1.7594523429870603,0.7293271422386169,3.221486806869507,1.4854930639266968,-1.7359938621520996,0.7442230582237244,3.2935593128204346,1.5391398668289185,-1.754419445991516,0.7206047177314758,2.7604100704193115,1.02825927734375,-1.7321507930755615
0.7130517363548279,2.8096923828125,1.0833903551101685,-1.7263020277023315,0.726540207862854,3.16541600227356,1.4285959005355835,-1.7368199825286863,0.7412376999855042,3.1744229793548584,1.45240318775177,-1.7220200300216677,0.7411856651306152,3.181819200515747,1.450151443481445,-1.7316677570343018,0.734278678894043,3.200914144515991,1.4669218063354492,-1.733992338180542,0.7469055652618408,3.155005693435669,1.417393445968628,-1.737612247467041,0.7424722909927368,2.924967050552368,1.1891411542892456,-1.7358262538909912
0.7353112697601318,2.8913652896881104,1.1665034294128418,-1.7248618602752686,0.7399845123291016,3.2240564823150635,1.4781852960586548,-1.7458713054656982,0.7359439134597778,3.2502691745758057,1.5032637119293213,-1.7470052242279053,0.7397593259811401,3.272618055343628,1.52545428276062,-1.7471638917922974,0.7226396203041077,3.2193617820739746,1.4952046871185305,-1.7241568565368652,0.7329571843147278,3.1337833404541016,1.394549012184143,-1.7392345666885376,0.7401925921440125,2.9066030979156494,1.179125189781189,-1.7274779081344604
0.7306237816810608,2.8423426151275635,1.0933455228805542,-1.7489969730377195,0.7305145859718323,3.1419808864593506,1.3829180002212524,-1.759062647819519,0.7338011264801025,3.164555549621582,1.4119148254394531,-1.7526406049728394,0.7340104579925537,3.1462409496307373,1.4004236459732056,-1.7458175420761108,0.7367576360702515,3.1931300163269043,1.4408944845199585,-1.7522356510162354,0.7141920328140259,3.107838630676269,1.3454742431640625,-1.7623645067214966,0.741101861000061,2.899031400680542,1.1425621509552002,-1.756469488143921
0.7579571008682251,2.908095359802246,1.146281123161316,-1.7618145942687988,0.7401633858680725,3.194195032119751,1.4334046840667725,-1.760790228843689,0.7399678826332092,3.1979568004608154,1.4360713958740234,-1.761885404586792,0.7154231667518616,3.1210761070251465,1.3564046621322632,-1.7646716833114624,0.7438409328460693,3.115828275680542,1.35944926738739,-1.7563791275024414,0.7583054900169373,3.2492055892944336,1.4662710428237915,-1.7829346656799316,0.7657623291015625,2.9746134281158447,1.208153486251831,-1.7664599418640137
0.7295878529548645,2.863147497177124,1.1132327318191528,-1.7499148845672607,0.7311095595359802,3.2111730575561523,1.4587992429733276,-1.7523736953735352,0.7441983222961426,3.28951358795166,1.5368467569351196,-1.75266695022583,0.7197684049606323,3.099311590194702,1.3523588180541992,-1.7469526529312134,0.7434377670288086,3.2048985958099365,1.4371050596237185,-1.7677935361862185,0.7394919991493225,3.231741189956665,1.474480152130127,-1.757261037826538,0.7275007367134094,2.897146701812744,1.1484665870666504,-1.7486801147460938
0.7417280077934265,2.8869192600250244,1.146015167236328,-1.7409040927886963,0.7277264595031738,3.20345425605774,1.4542418718338013,-1.749212384223938,0.7359888553619385,3.2915077209472656,1.5469967126846311,-1.7445110082626345,0.7355349063873291,3.1947529315948486,1.4525784254074097,-1.7421746253967283,0.7043449282646179,3.0532665252685547,1.3004733324050903,-1.7527930736541748,0.7455328702926636,3.335423231124878,1.5764482021331787,-1.7589750289916992,0.7366625666618347,2.8937883377075195,1.1532468795776367,-1.740541696548462
0.7196530103683472,2.839294672012329,1.113855481147766,-1.725438952445984,0.7317192554473877,3.195737361907959,1.468319535255432,-1.727418065071106,0.7211890816688538,3.1163480281829834,1.3960602283477783,-1.7202876806259155,0.7109974026679993,3.0583508014678955,1.3322811126708984,-1.726069688796997,0.7352986335754395,3.199634790420532,1.477672100067139,-1.7219626903533936,0.7334370613098145,3.2063088417053223,1.4644607305526731,-1.7418482303619385,0.7351238131523132,2.8628628253936768,1.1370269060134888,-1.725836157798767
0.7436385154724121,2.946505784988404,1.2045719623565674,-1.7419339418411257,0.7418216466903687,3.16056227684021,1.4136279821395874,-1.7469342947006226,0.7553274631500244,3.2570762634277344,1.5002654790878296,-1.7568105459213257,0.7144291400909424,3.1507437229156494,1.4078001976013184,-1.742943525314331,0.7435911297798157,3.270716428756714,1.5371710062026978,-1.7335456609725952,0.7536411881446838,3.306729316711426,1.552851676940918,-1.7538777589797974,0.7241953015327454,2.8522231578826904,1.118065595626831,-1.7341575622558594
0.7328711152076721,2.8868207931518555,1.1423338651657104,-1.7444868087768557,0.7440284490585327,3.23085618019104,1.4703516960144043,-1.7605048418045044,0.7365943789482117,3.249049425125122,1.4911984205245972,-1.757851004600525,0.7391827702522278,3.1938812732696533,1.4484596252441406,-1.7454215288162231,0.7495498061180115,3.1823904514312744,1.423755764961243,-1.7586348056793213,0.7651157379150391,3.2884509563446045,1.5090032815933228,-1.7794476747512815,0.7414002418518066,2.847022771835327,1.097213625907898,-1.7498090267181396
0.7381227612495422,2.8675010204315186,1.117211103439331,-1.750289797782898,0.7509857416152954,3.279961109161377,1.4994218349456787,-1.7805392742156982,0.7458679676055908,3.3633272647857666,1.592501878738403,-1.770825743675232,0.7333505749702454,3.254417657852173,1.491550326347351,-1.7628672122955322,0.7423010468482971,3.216675043106079,1.45863139629364,-1.75804340839386,0.7514414191246033,3.234748363494873,1.4745832681655884,-1.7601653337478638,0.7489917278289795,2.853853225708008,1.0991201400756836,-1.7547335624694824
0.7390716075897217,2.918055534362793,1.1644635200500488,-1.753592014312744,0.7296059727668762,3.1054258346557617,1.3593254089355469,-1.7461005449295044,0.7412371039390564,3.254143714904785,1.4908195734024048,-1.7633240222930908,0.7426736950874329,3.2319939136505127,1.478246569633484,-1.7537472248077393,0.702832818031311,3.0864882469177246,1.321894645690918,-1.7645933628082275,0.7311795949935913,3.1236557960510254,1.3615790605545044,-1.7620768547058103,0.7650383114814758,2.914949893951416,1.1623387336730957,-1.7526110410690308
0.741168737411499,2.946434497833252,1.182014226913452,-1.7644201517105105,0.7339845895767212,3.231214761734009,1.4674328565597534,-1.7637817859649658,0.7467159628868103,3.208024978637696,1.445417881011963,-1.7626070976257324,0.7449533939361572,3.2651143074035645,1.5003225803375244,-1.764791488647461,0.758689284324646,3.296115159988404,1.5207825899124146,-1.775332808494568,0.7386283278465271,3.249341487884521,1.4771292209625244,-1.772212266921997,0.7467125654220581,2.911341667175293,1.1624321937561035,-1.748909831047058
0.7385219931602478,2.8219099044799805,1.078418493270874,-1.7434914112091064,0.737338662147522,3.2128937244415283,1.4544943571090698,-1.7583997249603271,0.7231479287147522,3.1086080074310303,1.377495527267456,-1.7311122417449951,0.733792245388031,3.1663551330566406,1.4212098121643066,-1.7451452016830444,0.7400946021080017,3.174231767654419,1.4267518520355225,-1.7474801540374756,0.7642043828964233,3.3066248893737797,1.5672792196273804,-1.739345669746399,0.7500384449958801,2.874788522720337,1.1308730840682983,-1.743915319442749
0.7376312017440796,2.935307264328003,1.1790481805801392,-1.756258845329285,0.7240048050880432,3.1772608757019043,1.4221543073654177,-1.7551064491271973,0.7062346339225769,3.0680971145629883,1.3136595487594604,-1.754437804222107,0.7076227068901062,3.0953478813171387,1.3283753395080566,-1.766972541809082,0.7161095142364502,3.153656005859375,1.3983666896820068,-1.7552894353866575,0.7422897815704346,3.1572327613830566,1.3913989067077637,-1.7658339738845823,0.7511006593704224,2.9116151332855225,1.1589529514312744,-1.7526623010635376
0.7477919459342957,2.879645824432373,1.124018669128418,-1.7556272745132446,0.7359002828598022,3.17885422706604,1.4116077423095703,-1.7672463655471802,0.7340478897094727,3.155841112136841,1.3873549699783323,-1.7684861421585083,0.7300877571105957,3.184332132339477,1.4239542484283447,-1.7603775262832642,0.73089998960495,3.128654718399048,1.361013889312744,-1.7676411867141724,0.7535521984100342,3.3250620365142822,1.554060935974121,-1.7710013389587402,0.7443002462387085,2.917569875717163,1.1593475341796875,-1.7582225799560547
0.742097795009613,2.8774545192718506,1.120344877243042,-1.7571096420288086,0.7440295815467834,3.182622194290161,1.422463297843933,-1.7601590156555176,0.7333043813705444,3.211683511734009,1.4514317512512207,-1.7602516412734983,0.7494205236434937,3.213775634765625,1.4536851644515991,-1.7600903511047363,0.7336443662643433,3.1751527786254883,1.3966679573059082,-1.7784847021102903,0.7385157346725464,3.1611247062683105,1.4045015573501587,-1.7566230297088623,0.7480120062828064,2.8882617950439453,1.130557656288147,-1.7577041387557983
0.7399934530258179,2.8861920833587646,1.1287875175476074,-1.7574048042297363,0.7353041768074036,3.2229835987091064,1.4580161571502686,-1.7649677991867063,0.7032832503318787,3.1617178916931152,1.394764065742493,-1.766953945159912,0.7461628317832947,3.1489717960357666,1.3862053155899048,-1.7627663612365725,0.7494270205497742,3.27678656578064,1.5101279020309448,-1.7666584253311155,0.7417678236961365,3.1697912216186523,1.4097338914871216,-1.7600572109222412,0.7214128971099854,2.830204963684082,1.0836070775985718,-1.7465975284576416
0.7322574853897095,2.830416202545166,1.0984786748886108,-1.731937289237976,0.7400904893875122,3.1137819290161133,1.3836406469345093,-1.730141520500183,0.7458422780036926,3.2339577674865723,1.4872771501541138,-1.7466803789138794,0.7375945448875427,3.1591196060180664,1.412199854850769,-1.746919870376587,0.749177098274231,3.133847713470459,1.3982166051864624,-1.7356308698654177,0.7227869033813477,3.0790858268737797,1.355195164680481,-1.7238906621932983,0.739173412322998,2.8715250492095947,1.1309210062026978,-1.7406041622161865
0.7355232834815979,2.8234941959381104,1.097144603729248,-1.7263495922088623,0.7332009673118591,3.115878105163574,1.3769816160202026,-1.7388966083526611,0.7187287211418152,3.1469337940216064,1.4185988903045654,-1.7283347845077517,0.7354530692100525,3.124047040939331,1.38625168800354,-1.73779559135437,0.7336011528968811,3.2123990058898926,1.4859412908554075,-1.7264577150344849,0.7253310084342957,3.149663209915161,1.4175348281860352,-1.7321282625198364,0.7384404540061951,2.8329851627349854,1.1049023866653442,-1.7280827760696411
0.7275730967521667,2.850262403488159,1.1071895360946655,-1.7430726289749146,0.7117999196052551,3.0832607746124268,1.329229712486267,-1.7540310621261597,0.7266488671302795,3.078810930252075,1.3344838619232178,-1.7443268299102783,0.742048978805542,3.04887056350708,1.2965461015701294,-1.7523243427276611,0.7323746085166931,3.1787495613098145,1.4259412288665771,-1.7528082132339478,0.7430291771888733,3.226846218109131,1.4680927991867063,-1.7587531805038452,0.7479233145713806,2.879828691482544,1.1345468759536743,-1.7452815771102905
0.726599931716919,2.856730461120605,1.1119873523712158,-1.7447429895401,0.7380406856536865,3.1852283477783203,1.4460357427597046,-1.7391924858093262,0.7379920482635498,3.2629401683807373,1.5414565801620483,-1.721483588218689,0.7240921854972839,3.093252897262573,1.3497709035873413,-1.743481993675232,0.736113429069519,3.202305555343628,1.4623233079910278,-1.739982008934021,0.7183876037597656,3.079338788986206,1.326340675354004,-1.7529977560043335,0.7360245585441589,2.9152135848999023,1.1783307790756226,-1.7368828058242798
0.7322394847869873,2.8847224712371826,1.1507532596588137,-1.7339690923690796,0.744478702545166,3.2828598022460938,1.5310947895050049,-1.7517651319503784,0.7327543497085571,3.090614557266236,1.3499029874801636,-1.740711688995361,0.7367803454399109,3.0934884548187256,1.3633599281311035,-1.7301284074783323,0.7466527819633484,3.19869327545166,1.4645265340805054,-1.7341665029525757,0.7120180726051331,3.0592284202575684,1.3184449672698977,-1.7407829761505127,0.7377194166183472,2.9571032524108887,1.2171196937561035,-1.7399837970733643
0.7284895181655884,2.889475584030152,1.135197997093201,-1.7542778253555298,0.7237634062767029,3.074653625488281,1.3198567628860474,-1.754796862602234,0.7412066459655762,3.208772897720337,1.450968623161316,-1.7578045129776,0.7224991917610168,3.1937687397003174,1.4369282722473145,-1.756840467453003,0.7354759573936462,3.159863471984864,1.4036777019500732,-1.7561858892440796,0.7168261408805847,3.105822324752808,1.3457874059677124,-1.760035276412964,0.742696225643158,2.9007017612457275,1.1462984085083008,-1.7544032335281372
0.7343514561653137,2.871919631958008,1.125035285949707,-1.7468842267990112,0.7444323897361755,3.183443069458008,1.4285180568695068,-1.7549251317977903,0.7494902610778809,3.227071762084961,1.4757651090621948,-1.7513065338134766,0.7251554727554321,3.0896658897399902,1.3304599523544312,-1.759205937385559,0.7481431365013123,3.190514087677002,1.441620945930481,-1.748893141746521,0.7369552850723267,3.183156728744507,1.4511353969573977,-1.732021450996399,0.7677909731864929,2.8546643257141113,1.0988112688064575,-1.7558530569076538
0.7227092981338501,2.857376337051392,1.1150177717208862,-1.7423585653305054,0.7528679966926575,3.234933614730835,1.4737627506256104,-1.7611712217330933,0.7418196201324463,3.214812994003296,1.450215220451355,-1.7645975351333618,0.7585090398788452,3.235559463500977,1.4803792238235474,-1.7551801204681396,0.7602983713150024,3.3028042316436768,1.5566773414611816,-1.7461267709732056,0.7380185723304749,3.200143814086914,1.4442670345306396,-1.7558767795562744,0.7375229597091675,2.896131753921509,1.1533602476119995,-1.7427717447280884
0.744124710559845,2.915687561035156,1.1724010705947876,-1.7432867288589478,0.7338791489601135,3.121293544769287,1.372430443763733,-1.7488632202148438,0.7266465425491333,3.153890371322632,1.4049876928329468,-1.748902440071106,0.7386912107467651,3.115480422973633,1.366449952125549,-1.749030590057373,0.7391016483306885,3.1707632541656494,1.4108924865722656,-1.7598708868026731,0.7407514452934265,3.160416841506958,1.4028841257095337,-1.7575329542160034,0.7398551106452942,2.8704755306243896,1.1230828762054443,-1.7473926544189453
0.7381688952445984,2.8849244117736816,1.151798963546753,-1.7331256866455078,0.742459237575531,3.2325363159179688,1.4914833307266235,-1.7410531044006348,0.7391522526741028,3.0943357944488525,1.3670190572738647,-1.7273163795471191,0.7312523126602173,3.149122714996338,1.4103657007217407,-1.738756775856018,0.7435819506645203,3.1285548210144043,1.405310869216919,-1.723244071006775,0.7236855626106262,3.0303444862365723,1.3098349571228027,-1.7205092906951904,0.7553721070289612,2.893246650695801,1.162434697151184,-1.7308117151260376
0.7287865281105042,2.878542184829712,1.1354682445526123,-1.7430741786956787,0.7329114079475403,3.2087724208831787,1.452715516090393,-1.7560566663742063,0.7319979667663574,3.2208659648895264,1.4640684127807615,-1.7567975521087646,0.7163059711456299,3.1613528728485107,1.4107805490493774,-1.7505722045898438,0.7439996600151062,3.2472712993621826,1.4946255683898926,-1.75264573097229,0.743667483329773,3.2960801124572754,1.5474916696548462,-1.74858820438385,0.7332041263580322,2.888932943344116,1.1401376724243164,-1.7487951517105103
0.7304688096046448,2.910127878189087,1.1708239316940308,-1.7393039464950562,0.7053751945495605,3.048908472061157,1.307608962059021,-1.741299390792847,0.7232335209846497,3.150714159011841,1.411393404006958,-1.7393208742141724,0.7312211990356445,3.148062229156494,1.4115777015686035,-1.7364848852157593,0.7243162989616394,3.17901349067688,1.4366949796676636,-1.7423183917999268,0.7461288571357727,3.2373239994049072,1.4798732995986938,-1.7574504613876345,0.7206536531448364,2.834071159362793,1.1007963418960571,-1.7332748174667358
0.7265521287918091,2.880481243133545,1.130255937576294,-1.750225305557251,0.7318809032440186,3.1234123706817627,1.3546713590621948,-1.7687408924102783,0.725690484046936,3.1813178062438965,1.4193603992462158,-1.7619574069976809,0.7378564476966858,3.179786205291748,1.4143332242965698,-1.765453219413757,0.732952356338501,3.2228503227233887,1.4716800451278689,-1.751170039176941,0.7374996542930603,3.217963933944702,1.4479751586914062,-1.7699886560440063,0.7477214932441711,2.8983829021453857,1.1498019695281982,-1.7485806941986084
0.7364900708198547,2.94595718383789,1.1897982358932495,-1.7561590671539309,0.7232804298400879,3.146369218826294,1.390263319015503,-1.7561060190200806,0.7355784773826599,3.219773292541504,1.4633537530899048,-1.7564194202423096,0.7432203888893127,3.233006715774536,1.4778944253921509,-1.7551124095916748,0.7391424775123596,3.21876072883606,1.4512312412261963,-1.7675296068191528,0.7343879342079163,3.206804752349853,1.456316590309143,-1.7504881620407104,0.7173397541046143,2.8149027824401855,1.0525065660476685,-1.7623960971832275
0.7323916554450989,2.8759751319885254,1.1452412605285645,-1.73073410987854,0.7179569602012634,3.1676740646362305,1.4358149766921997,-1.7318589687347412,0.7383304834365845,3.1195602416992188,1.3943839073181152,-1.7251765727996826,0.7116516828536987,3.0737340450286865,1.337188720703125,-1.7365455627441406,0.7329016923904419,3.161750316619873,1.4302510023117063,-1.7314993143081665,0.7273154258728027,3.220097541809082,1.497214436531067,-1.7228829860687256,0.7447831630706787,2.9526591300964355,1.2174104452133179,-1.7352485656738281
0.7288104295730591,2.9079623222351074,1.1636513471603394,-1.7443108558654783,0.7408281564712524,3.181943893432617,1.4310789108276367,-1.750864863395691,0.734070360660553,3.2131149768829346,1.4570978879928589,-1.7560170888900757,0.7263434529304504,3.085419178009033,1.339357614517212,-1.7460615634918213,0.7442493438720703,3.1544642448425293,1.4136595726013184,-1.7408047914505005,0.7246792912483215,3.070006847381592,1.3235641717910769,-1.746442437171936,0.746677815914154,2.8813467025756836,1.1339006423950195,-1.7474462985992432
0.7294314503669739,2.883704662322998,1.1400344371795654,-1.7436703443527222,0.7273772954940796,3.1553263664245605,1.4028561115264893,-1.7524701356887815,0.7402474880218506,3.1664011478424072,1.4304279088974,-1.735973238945007,0.7399855256080627,3.1772377490997314,1.4168696403503418,-1.7603679895401,0.7476397156715393,3.2497453689575195,1.5113532543182373,-1.7383921146392822,0.7288792133331299,3.2097482681274414,1.461418867111206,-1.7483294010162354,0.7505766749382019,2.9375455379486084,1.1936770677566528,-1.7438685894012451
0.7264857888221741,2.8474936485290527,1.1040986776351929,-1.7433950901031494,0.7359791398048401,3.115596532821656,1.3809012174606323,-1.734695315361023,0.7297594547271729,3.1870477199554443,1.4472377300262451,-1.73980975151062,0.7327719926834106,3.1732094287872314,1.433571696281433,-1.7396374940872192,0.7338227033615112,3.2213101387023926,1.4945013523101809,-1.7268084287643433,0.734929621219635,3.2833313941955566,1.537875056266785,-1.745456337928772,0.7325144410133362,2.862571954727173,1.1239513158798218,-1.738620400428772
0.7294980883598328,2.8570001125335693,1.123854637145996,-1.7331454753875732,0.7528172135353088,3.19857144355774,1.4496710300445557,-1.7489004135131836,0.7374123930931091,3.177674055099488,1.4303312301635742,-1.747342824935913,0.7511619925498962,3.1740381717681885,1.427239179611206,-1.746798753738403,0.728427529335022,3.094130754470825,1.3653429746627808,-1.728787899017334,0.7393378019332886,3.1913280487060547,1.437150955200195,-1.7541770935058594,0.7488734722137451,2.879622220993042,1.144885778427124,-1.7347365617752075
0.7448443174362183,2.9103000164031982,1.158540964126587,-1.751759052276611,0.7247503995895386,3.110015153884888,1.367039680480957,-1.7429755926132202,0.7558122277259827,3.202690839767456,1.4468190670013428,-1.7558720111846924,0.7392231225967407,3.2002944946289062,1.4453545808792114,-1.7549400329589844,0.738986074924469,3.192502737045288,1.4405628442764282,-1.7519402503967283,0.7373426556587219,3.1742749214172363,1.4228323698043823,-1.7514426708221436,0.7609589099884033,2.925929307937622,1.1810648441314697,-1.7448644638061523
0.737083375453949,2.8343467712402344,1.1038551330566406,-1.7304915189743042,0.7425547242164612,3.2264907360076904,1.4929511547088623,-1.733539581298828,0.7290223240852356,3.116457223892212,1.3893179893493652,-1.7271393537521362,0.7142913937568665,2.966975212097168,1.2334882020950315,-1.733486890792847,0.7380640506744385,3.2256906032562256,1.48369038105011,-1.7420003414154053,0.7295545935630798,3.1531381607055664,1.4102389812469482,-1.7428992986679075,0.7406426668167114,2.9091317653656006,1.175549864768982,-1.7335821390151978
0.7308648824691772,2.9036710262298584,1.142070770263672,-1.761600136756897,0.7094050049781799,3.1061367988586426,1.3374682664871216,-1.7686684131622314,0.7360334396362305,3.1918785572052,1.4345862865447998,-1.7572922706604004,0.7241498827934265,3.193686962127685,1.4264655113220217,-1.7672215700149536,0.7064959406852722,3.14155650138855,1.3795688152313232,-1.761987805366516,0.736397922039032,3.238561153411865,1.462941288948059,-1.7756198644638062,0.7443503141403198,2.963592052459717,1.2066317796707153,-1.7569602727890015
0.725936233997345,2.8969411849975586,1.1694504022598269,-1.727490782737732,0.72358638048172,3.1278064250946045,1.3967629671096802,-1.7310432195663452,0.748985230922699,3.238774299621582,1.5095770359039309,-1.7291972637176514,0.7300810813903809,3.2248315811157227,1.496984601020813,-1.7278472185134888,0.7403056621551514,3.226227045059204,1.49538254737854,-1.7308447360992432,0.7354438304901123,3.146097421646118,1.4159340858459473,-1.73016357421875,0.7403262257575989,2.8760931491851807,1.161369800567627,-1.714722990989685
0.7351833581924438,2.903320789337158,1.1616297960281372,-1.7416912317276,0.7213112115859985,3.077197551727295,1.3359529972076416,-1.741244554519653,0.7411769032478333,3.163530111312866,1.4313899278640747,-1.732140064239502,0.7439402937889099,3.160376787185669,1.4126113653182983,-1.747765302658081,0.741514265537262,3.175079345703125,1.4271212816238403,-1.7479579448699951,0.7236989736557007,3.172309398651123,1.4334455728530884,-1.7388640642166138,0.7325602173805237,2.8312134742736816,1.094689965248108,-1.7365241050720215
0.7423945665359497,2.885387897491455,1.148500919342041,-1.736886739730835,0.7262844443321228,3.0396223068237305,1.2974766492843628,-1.7421457767486572,0.7375558018684387,3.181758642196656,1.437325119972229,-1.7444335222244265,0.7337808012962341,3.157181978225708,1.415618896484375,-1.741563081741333,0.7444962859153748,3.2311787605285645,1.4916201829910278,-1.7395586967468262,0.7350515723228455,3.088306188583374,1.3560744524002075,-1.7322317361831665,0.7423915863037109,2.8288724422454834,1.0889803171157837,-1.7398923635482788
0.7329546213150024,2.889324188232422,1.1500781774520874,-1.739245891571045,0.7267674207687378,3.169086456298828,1.4394018650054932,-1.7296844720840454,0.7366482615470886,3.1628870964050293,1.427554726600647,-1.735332489013672,0.7360374331474304,3.139061212539673,1.4085679054260254,-1.7304933071136477,0.7310262322425842,3.200693368911743,1.4644769430160522,-1.7362161874771118,0.7284230589866638,3.234282255172729,1.5083061456680298,-1.7259763479232788,0.7428783774375916,2.9258768558502197,1.1847139596939087,-1.741162657737732
0.7470887303352356,2.898371934890747,1.148263931274414,-1.7501081228256226,0.7425048351287842,3.186232805252075,1.4367883205413818,-1.7494444847106934,0.7280566692352295,3.0860190391540527,1.3328529596328735,-1.7531658411026,0.7336293458938599,3.187195539474488,1.436822772026062,-1.7503730058670044,0.7315587997436523,3.1974802017211914,1.437841773033142,-1.759638428688049,0.7365109920501709,3.2332117557525635,1.4535651206970217,-1.7796467542648315,0.7348061203956604,2.850120782852173,1.1000115871429443,-1.7501096725463867
0.7464313507080078,2.917602777481079,1.1898307800292969,-1.727771878242493,0.730143666267395,3.105661153793335,1.3685202598571775,-1.7371410131454468,0.7130524516105652,3.162564992904663,1.428411841392517,-1.7341532707214355,0.7350108623504639,3.178687810897827,1.4366343021392822,-1.742053508758545,0.7317489981651306,3.181239604949951,1.416724443435669,-1.764515042304993,0.7467943429946899,3.240806579589844,1.5016672611236572,-1.739139437675476,0.7555555105209351,2.891589641571045,1.1559513807296753,-1.7356384992599487
0.7369794249534607,2.860268831253052,1.1227651834487915,-1.7375037670135498,0.7316945195198059,3.173048496246338,1.4327024221420288,-1.740346074104309,0.7157753109931946,3.005580186843872,1.2632241249084473,-1.7423560619354248,0.7434841394424438,3.202598094940185,1.457955241203308,-1.7446428537368774,0.7416344285011292,3.174504041671753,1.4406945705413818,-1.7338091135025024,0.7351611852645874,3.085767269134521,1.3362661600112915,-1.749501347541809,0.7355336546897888,2.8606295585632324,1.1249343156814575,-1.7356951236724854
0.7283874750137329,2.8283207416534424,1.0990959405899048,-1.7292251586914062,0.7318837642669678,3.205324411392212,1.4722379446029663,-1.7330862283706665,0.7304734587669373,3.1494836807250977,1.41389799118042,-1.7355858087539673,0.7287706732749939,3.1631345748901367,1.4281585216522217,-1.7349761724472046,0.7323108315467834,3.223234176635742,1.4913558959960938,-1.7318782806396484,0.7315447330474854,3.1092255115509038,1.3836654424667358,-1.7255595922470093,0.7369674444198608,2.876861572265625,1.1538039445877075,-1.723057508468628
0.7467602491378784,2.886019229888916,1.1324670314788818,-1.7535521984100342,0.7337005138397217,3.1317408084869385,1.3733562231063845,-1.758384346961975,0.7422828078269958,3.264707565307617,1.4921618700027466,-1.772545576095581,0.7323763966560364,3.149098873138428,1.388760328292847,-1.7603389024734497,0.7489081621170044,3.1818556785583496,1.419859766960144,-1.7619960308074951,0.7413570880889893,3.1644530296325684,1.4163812398910522,-1.7480716705322266,0.7619302272796631,2.9430978298187256,1.1878082752227783,-1.7552894353866577
0.7062142491340637,2.832672357559204,1.0881165266036987,-1.7445557117462158,0.7465373873710632,3.2421629428863525,1.4794533252716064,-1.7627094984054563,0.7347880005836487,3.1346921920776367,1.3840476274490356,-1.7506446838378906,0.7347171902656555,3.22393536567688,1.4853112697601318,-1.7386244535446167,0.7304679155349731,3.172110080718994,1.438426852226257,-1.7336833477020264,0.7379779815673828,3.1865594387054443,1.4399672746658323,-1.7465919256210327,0.7387161254882812,2.8706448078155518,1.1301196813583374,-1.740525484085083
0.7399603724479675,2.8760952949523926,1.1332532167434692,-1.742842197418213,0.7395174503326416,3.1567845344543457,1.423696994781494,-1.7330875396728516,0.7283676862716675,3.108365297317505,1.368983030319214,-1.7393819093704224,0.7368752956390381,3.166631937026977,1.4239758253097534,-1.7426562309265137,0.7280484437942505,3.2303385734558105,1.4875030517578125,-1.7428356409072876,0.7344415783882141,3.216732978820801,1.480077862739563,-1.736655354499817,0.7419191002845764,2.909109354019165,1.1744123697280884,-1.734696865081787
0.739214301109314,2.9131228923797607,1.1655845642089844,-1.747538447380066,0.7380681037902832,3.0935192108154297,1.3422799110412598,-1.7512394189834597,0.7379633784294128,3.253967046737671,1.5015983581542969,-1.7523685693740845,0.7422934174537659,3.24446439743042,1.4864312410354614,-1.7580331563949585,0.7495205402374268,3.373772382736206,1.6173348426818848,-1.7564371824264526,0.7344266772270203,3.19625186920166,1.4498270750045776,-1.746424674987793,0.7345031499862671,2.846601724624634,1.1104978322982788,-1.7361036539077759
0.7409022450447083,2.9274797439575195,1.1824780702590942,-1.7450017929077148,0.7356472611427307,3.162886142730713,1.421044945716858,-1.7418408393859863,0.7326328754425049,3.2191812992095947,1.4658814668655396,-1.7532999515533447,0.7214460372924805,3.0665283203125,1.314711093902588,-1.751817226409912,0.7146738171577454,3.120422124862671,1.3592602014541626,-1.761162042617798,0.7412591576576233,3.2122950553894043,1.4450011253356934,-1.7672935724258425,0.7276080846786499,2.81929874420166,1.0750621557235718,-1.7442364692687988
0.7316737771034241,2.8755486011505127,1.1371246576309204,-1.7384239435195925,0.7248200178146362,3.058683395385742,1.312758207321167,-1.7459251880645752,0.7358737587928772,3.1962931156158447,1.4426621198654177,-1.7536308765411377,0.7126723527908325,3.0706632137298584,1.3285630941390991,-1.7421001195907593,0.7270391583442688,3.174762010574341,1.43366801738739,-1.7410943508148191,0.7361628413200378,3.234708547592163,1.4869836568832395,-1.747725009918213,0.7381498217582703,2.8522307872772217,1.1064671277999878,-1.7457635402679443
0.7198207378387451,2.834355115890503,1.0945452451705933,-1.7398096323013306,0.7249825596809387,3.111317873001098,1.3633739948272705,-1.7479441165924072,0.7186474800109863,3.107046604156494,1.362343668937683,-1.744702935218811,0.7263743281364441,3.0619845390319824,1.3294415473937988,-1.7325429916381836,0.7296021580696106,3.208608388900757,1.4701396226882937,-1.7384686470031738,0.7096085548400879,3.049886465072632,1.3253318071365356,-1.7245546579360962,0.7411614656448364,2.8407163619995117,1.0994980335235596,-1.7412182092666626
0.7280121445655823,2.8416197299957275,1.1289008855819702,-1.7127189636230469,0.727867066860199,3.06890869140625,1.3395923376083374,-1.7293163537979126,0.7301453351974487,3.155719041824341,1.425665259361267,-1.7300537824630735,0.7354579567909241,3.235313415527344,1.494627594947815,-1.7406857013702393,0.7391541004180908,3.192426919937134,1.4590842723846436,-1.733342528343201,0.6996762156486511,3.0466859340667725,1.3237100839614868,-1.7229759693145752,0.7427148818969727,2.876814126968384,1.1418745517730713,-1.7349398136138916
0.7102116942405701,2.838253974914551,1.1097089052200315,-1.7285449504852295,0.7154747247695923,3.130060911178589,1.3899604082107544,-1.740100383758545,0.7373376488685608,3.157416343688965,1.4109925031661987,-1.7464239597320557,0.7355567812919617,3.171988248825073,1.4314836263656616,-1.7405048608779907,0.7329168915748596,3.3268229961395264,1.5860601663589478,-1.7407630681991575,0.7369570732116699,3.299656629562378,1.5544942617416382,-1.7451624870300293,0.7219132781028748,2.7885947227478027,1.0491034984588623,-1.7394914627075195
0.7308908700942993,2.907453775405884,1.1724334955215454,-1.7350200414657593,0.7384927272796631,3.256256103515625,1.5109705924987793,-1.7452852725982666,0.7285344004631042,3.230461835861206,1.5211389064788818,-1.7093229293823242,0.7467382550239563,3.2510011196136475,1.5182092189788818,-1.732791781425476,0.727704644203186,3.108844757080078,1.3723243474960327,-1.736520528793335,0.7320370674133301,3.2574808597564697,1.5175268650054932,-1.7399539947509766,0.7416151762008667,2.9072206020355225,1.1792267560958862,-1.7279937267303467
0.7320407629013062,2.8529837131500244,1.118733048439026,-1.734250545501709,0.7300834655761719,3.234106540679932,1.4964144229888916,-1.737691879272461,0.7482566833496094,3.2289464473724365,1.469682693481445,-1.7592637538909912,0.7428756952285767,3.2200281620025635,1.4731322526931765,-1.746895670890808,0.749239444732666,3.266702651977539,1.5125616788864136,-1.7541415691375732,0.7391796708106995,3.237233877182007,1.490071177482605,-1.7471625804901123,0.753871738910675,2.9262425899505615,1.1816116571426392,-1.7446309328079224
0.7332842350006104,2.874824047088623,1.1276339292526243,-1.747189998626709,0.7326918244361877,3.263284921646118,1.4973950386047363,-1.7658897638320925,0.743319034576416,3.3003618717193604,1.541253685951233,-1.759108304977417,0.7338195443153381,3.2224836349487305,1.4489195346832275,-1.7735639810562134,0.7255736589431763,3.1338043212890625,1.37736177444458,-1.7564424276351929,0.7476283311843872,3.208526372909546,1.4483968019485474,-1.760129690170288,0.7271974086761475,2.86871337890625,1.125462293624878,-1.743251085281372
0.7285566329956055,2.84816312789917,1.1097229719161987,-1.7384401559829712,0.7308807969093323,3.178701400756836,1.4308332204818726,-1.7478681802749634,0.7358567118644714,3.2919931411743164,1.546379566192627,-1.7456134557724,0.732567548751831,3.1634716987609863,1.415019989013672,-1.7484517097473145,0.7525436878204346,3.2371606826782227,1.4935379028320312,-1.743622899055481,0.7386917471885681,3.228151321411133,1.4865140914916992,-1.741637110710144,0.7506140470504761,2.9607949256896973,1.221280813217163,-1.7395141124725342
0.7226112484931946,2.8632254600524902,1.1290254592895508,-1.7341997623443604,0.7244726419448853,3.063704490661621,1.323417901992798,-1.7402864694595337,0.7272517085075378,3.1782212257385254,1.4405803680419922,-1.7376408576965332,0.728286623954773,3.102499961853028,1.3669145107269287,-1.7355855703353882,0.7454689741134644,3.2128942012786865,1.46559739112854,-1.7472970485687256,0.723612368106842,3.13390851020813,1.3978996276855469,-1.7360085248947144,0.725238561630249,2.8156485557556152,1.0785531997680664,-1.737095594406128
0.7490334510803223,2.8888261318206787,1.1597763299942017,-1.729049801826477,0.7394379377365112,3.187285661697388,1.4466276168823242,-1.740658164024353,0.736551821231842,3.0917863845825195,1.3517166376113892,-1.7400697469711304,0.7249473929405212,3.156038522720337,1.4159843921661377,-1.7400541305541992,0.7433862686157227,3.2386507987976074,1.4973973035812378,-1.74125337600708,0.7232638001441956,3.157794952392578,1.4125792980194092,-1.745215892791748,0.7471362352371216,2.890977382659912,1.152961254119873,-1.738016128540039
0.7385482788085938,2.938351392745972,1.1946637630462646,-1.7436877489089966,0.7453199625015259,3.2389211654663086,1.4891164302825928,-1.7498044967651367,0.7291788458824158,3.193922758102417,1.451535701751709,-1.7423866987228394,0.7426568269729614,3.308600902557373,1.5580013990402222,-1.7505998611450195,0.7385009527206421,3.2981925010681152,1.545314908027649,-1.752877116203308,0.732092022895813,3.136183261871338,1.402623176574707,-1.7335602045059204,0.7539422512054443,3.0055408477783203,1.2560412883758545,-1.7494996786117554
0.7322673201560974,2.909104585647583,1.1741129159927368,-1.7349917888641355,0.7312126755714417,3.135521173477173,1.3982934951782229,-1.7372275590896606,0.7404859066009521,3.2186717987060547,1.4772356748580933,-1.7414361238479614,0.7273135185241699,3.180660963058472,1.4422374963760376,-1.7384233474731443,0.7242296934127808,3.1108222007751465,1.3813910484313965,-1.7294310331344604,0.7335993647575378,3.16272521018982,1.428575873374939,-1.7341492176055908,0.7413235306739807,2.8606112003326416,1.136426568031311,-1.7241846323013306
0.7476354837417603,2.89569354057312,1.1535189151763916,-1.742174506187439,0.7310646176338196,3.0680298805236816,1.322540521621704,-1.7454891204833984,0.7139890193939209,3.0274078845977783,1.291739821434021,-1.735668063163757,0.7208974361419678,3.0725960731506348,1.3251558542251587,-1.747440218925476,0.7430912852287292,3.18497085571289,1.4321085214614868,-1.7528623342514038,0.7299227118492126,3.153559684753418,1.3974899053573608,-1.7560697793960571,0.7562759518623352,2.8711941242218018,1.1252079010009766,-1.7459858655929565
0.7357533574104309,2.864704132080078,1.118397235870361,-1.7463068962097168,0.7311201691627502,3.127246141433716,1.3828002214431765,-1.7444461584091189,0.7400490045547485,3.3179194927215576,1.5646991729736328,-1.7532203197479248,0.7411836981773376,3.230399370193481,1.471839427947998,-1.7585599422454834,0.7456308007240295,3.2543060779571533,1.510008454322815,-1.7442975044250488,0.7346421480178833,3.12616229057312,1.388503074645996,-1.7376590967178345,0.7343136668205261,2.828813314437866,1.0888557434082031,-1.739957571029663
0.7295165657997131,2.864709854125977,1.109578251838684,-1.755131483078003,0.7276805639266968,3.1716794967651367,1.415929913520813,-1.7557497024536133,0.7276502847671509,3.1477746963500977,1.3832379579544067,-1.7645368576049805,0.733081042766571,3.18377423286438,1.4304332733154297,-1.7533408403396606,0.724592924118042,3.147136211395264,1.39299738407135,-1.7541385889053345,0.7309990525245667,3.2722668647766118,1.5156517028808594,-1.7566150426864624,0.7354795932769775,2.845062494277954,1.0987590551376343,-1.7463033199310303
0.7207556962966919,2.8174057006835938,1.0773948431015017,-1.7400108575820925,0.7274828553199768,3.147677183151245,1.394621729850769,-1.7530556917190552,0.7396803498268127,3.2068891525268555,1.4520174264907837,-1.7548717260360718,0.7360585927963257,3.299729108810425,1.538720726966858,-1.7610082626342771,0.7461856603622437,3.264528274536133,1.5082800388336182,-1.7562484741210938,0.7449426054954529,3.281568765640259,1.5367050170898438,-1.7448641061782837,0.7338413596153259,2.828071117401123,1.0838168859481812,-1.744254231452942
0.7196123600006104,2.845774412155152,1.1104838848114014,-1.7352906465530396,0.7476984262466431,3.2453505992889404,1.4958053827285769,-1.749544978141785,0.7167901396751404,3.2257392406463623,1.4795001745224,-1.7462389469146729,0.7217424511909485,3.18042516708374,1.4452767372131348,-1.735148549079895,0.7025175094604492,3.001034736633301,1.260585904121399,-1.7404489517211914,0.7236654758453369,3.1144134998321533,1.3933005332946775,-1.7211129665374756,0.7446889281272888,2.9134938716888428,1.1790356636047363,-1.7344579696655273
0.7459366321563721,2.938640117645264,1.1941126585006714,-1.7445274591445925,0.7433375716209412,3.201648712158203,1.454750895500183,-1.7468980550765991,0.7396284937858582,3.221899032592773,1.469687819480896,-1.7522109746932983,0.7218080759048462,3.1344451904296875,1.3904041051864624,-1.744041085243225,0.7447355389595032,3.3048243522644043,1.5491644144058228,-1.755660057067871,0.7441345453262329,3.245009183883667,1.4847182035446167,-1.7602906227111816,0.7484309077262878,2.9015417098999023,1.1584856510162354,-1.743056058883667
0.7266554236412048,2.8536181449890137,1.1257597208023071,-1.7278584241867063,0.729863166809082,3.180723190307617,1.4351319074630735,-1.7455912828445437,0.7306914925575256,3.0861995220184326,1.3379499912261963,-1.7482494115829468,0.7336050271987915,3.136998414993286,1.397367000579834,-1.739631175994873,0.7296457290649414,3.226362943649292,1.4690710306167605,-1.7572916746139526,0.7379812002182007,3.2015397548675537,1.457108497619629,-1.7444311380386353,0.7387843132019043,2.919248580932617,1.1896617412567139,-1.7295870780944824
0.7305250763893127,2.8357415199279785,1.0925426483154297,-1.7431987524032593,0.7210684418678284,3.0661752223968506,1.3278350830078125,-1.738339900970459,0.7137700915336609,3.1398816108703613,1.3987793922424316,-1.7411019802093506,0.7211514711380005,3.072746515274048,1.3327149152755735,-1.7400314807891846,0.7375425100326538,3.308788776397705,1.5693997144699097,-1.7393893003463743,0.7412980198860168,3.201707601547241,1.4492427110671997,-1.7524646520614624,0.7356089353561401,2.8966448307037354,1.1600770950317383,-1.736567735671997
0.7409135699272156,2.8755273818969727,1.1363282203674316,-1.739198923110962,0.7256753444671631,3.2390172481536865,1.5165895223617554,-1.7224277257919312,0.7321115732192993,3.159565687179565,1.425689697265625,-1.7338759899139404,0.7305831909179688,3.0929112434387207,1.3655937910079956,-1.7273175716400146,0.742576539516449,3.16361665725708,1.4159642457962036,-1.7476521730422974,0.7459038496017456,3.3270633220672607,1.5795948505401611,-1.74746835231781,0.7462315559387207,2.922375202178955,1.187663197517395,-1.7347121238708496
0.7285224795341492,2.8572025299072266,1.103114128112793,-1.7540884017944336,0.7066252827644348,3.083176612854004,1.3239151239395142,-1.7592616081237793,0.7301701307296753,3.1381940841674805,1.3809418678283691,-1.757252216339111,0.7416678071022034,3.1019036769866943,1.3443286418914795,-1.7575750350952148,0.7425960302352905,3.190767765045166,1.4214900732040403,-1.769277572631836,0.72038334608078,3.039201259613037,1.2911841869354248,-1.748017191886902,0.7360066771507263,2.8503544330596924,1.1015831232070923,-1.7487713098526
0.7413901090621948,2.927056312561035,1.1867772340774536,-1.7402790784835815,0.729904055595398,3.2566843032836914,1.5195685625076294,-1.7371156215667725,0.7344473004341125,3.213961839675904,1.4669053554534912,-1.747056484222412,0.7341707944869995,3.1751484870910645,1.4432085752487185,-1.7319401502609253,0.7351067066192627,3.1523048877716064,1.41573965549469,-1.7365649938583374,0.7456929683685303,3.272092342376709,1.5252127647399902,-1.7468794584274292,0.73008793592453,2.937105894088745,1.2076711654663086,-1.7294349670410156
0.7287738919258118,2.831965684890747,1.080523133277893,-1.751442790031433,0.7419039607048035,3.2089710235595703,1.4548572301864624,-1.7541135549545288,0.7338769435882568,3.111682653427124,1.3604382276535034,-1.7512446641921997,0.7385846376419067,3.181381702423096,1.4225561618804932,-1.758825659751892,0.7434662580490112,3.1771788597106934,1.426449418067932,-1.7507293224334717,0.7353836297988892,3.1961514949798584,1.453495979309082,-1.7426559925079346,0.7330341935157776,2.813037395477295,1.07734215259552,-1.7356951236724854
0.7436829209327698,2.874845266342163,1.1313825845718384,-1.7434625625610352,0.7104327082633972,3.112117052078247,1.372644543647766,-1.739472508430481,0.7355198264122009,3.177308320999145,1.440346360206604,-1.736961841583252,0.7217260003089905,3.177058696746826,1.4344114065170288,-1.742647409439087,0.7306895852088928,3.1997880935668945,1.457993745803833,-1.7417945861816406,0.7376368045806885,3.0338850021362305,1.2959613800048828,-1.7379233837127686,0.7406823039054871,2.8661794662475586,1.1171009540557861,-1.7490787506103516
0.7320685386657715,2.8433544635772705,1.0850433111190796,-1.7583112716674805,0.7263728380203247,3.136270999908448,1.3707411289215088,-1.7655301094055176,0.7415120601654053,3.159652709960937,1.409675121307373,-1.749977707862854,0.7257727384567261,3.0798802375793457,1.3291245698928833,-1.750755786895752,0.7348322868347168,3.214352607727051,1.4461174011230469,-1.768235445022583,0.7245298027992249,3.1626787185668945,1.412956476211548,-1.7497220039367676,0.734756350517273,2.89329195022583,1.1460440158843994,-1.7472480535507202
0.7327017188072205,2.883305788040161,1.1286088228225708,-1.754697322845459,0.7336652874946594,3.203082799911499,1.4370296001434326,-1.7660530805587769,0.7414540648460388,3.151740074157715,1.4009957313537598,-1.750744104385376,0.7281185984611511,3.1143288612365723,1.359593391418457,-1.7547355890274048,0.719136655330658,3.16023850440979,1.3994909524917605,-1.7607474327087402,0.756138801574707,3.285654306411743,1.5198686122894287,-1.7657854557037354,0.7363747358322144,2.9163448810577393,1.1708544492721558,-1.745490312576294
0.7398973703384399,2.9185287952423096,1.1745189428329468,-1.7440098524093628,0.7153463363647461,3.108219623565674,1.3641904592514038,-1.7440292835235596,0.7384118437767029,3.2276577949523926,1.4897303581237793,-1.7379273176193235,0.7372419238090515,3.208647012710572,1.4635868072509766,-1.7450599670410156,0.733951985836029,3.212925434112549,1.4660624265670776,-1.7468632459640503,0.738096296787262,3.1830129623413086,1.433441400527954,-1.7495715618133545,0.7363531589508057,2.864661693572998,1.1244367361068726,-1.7402251958847046
0.7421290278434753,2.9598188400268555,1.2215062379837036,-1.738312840461731,0.7326340675354004,3.2668864727020264,1.5223594903945925,-1.7445273399353027,0.7335485219955444,3.248349905014038,1.494131088256836,-1.754218816757202,0.766792356967926,3.291747808456421,1.5385444164276123,-1.7532033920288086,0.7383781671524048,3.164818525314331,1.4161503314971924,-1.748668193817139,0.752160370349884,3.352853536605835,1.6057709455490112,-1.7470827102661133,0.7584461569786072,2.963940143585205,1.2131221294403076,-1.750817894935608
0.7044874429702759,2.790613889694214,1.0342400074005127,-1.7563737630844116,0.7359262108802795,3.1662542819976807,1.4103522300720217,-1.7559021711349487,0.710208535194397,3.1568799018859863,1.4009343385696411,-1.7559458017349243,0.723025918006897,3.151643991470337,1.390584111213684,-1.7610597610473633,0.7281937599182129,3.137682676315308,1.3823621273040771,-1.75532066822052,0.7319787740707397,3.235852003097534,1.4755580425262451,-1.7602936029434204,0.7061302661895752,2.8313047885894775,1.0781078338623047,-1.7531969547271729
0.7343593835830688,2.879096031188965,1.1332145929336548,-1.74588143825531,0.7494506239891052,3.307652473449707,1.5504984855651855,-1.7571537494659424,0.7482168674468994,3.289570569992065,1.542813062667847,-1.7467575073242188,0.7564415335655212,3.2149970531463623,1.4565248489379885,-1.758472204208374,0.7429428100585938,3.183490753173828,1.4437673091888428,-1.7397233247756958,0.7502532601356506,3.187201499938965,1.4334285259246826,-1.7537726163864136,0.7456333637237549,2.9347853660583496,1.186296820640564,-1.7484885454177856
0.7430568933486938,2.849149227142334,1.0927540063858032,-1.7563953399658203,0.7459469437599182,3.1372323036193848,1.3853774070739746,-1.7518548965454102,0.7272667288780212,3.1772701740264893,1.398444890975952,-1.778825044631958,0.717546284198761,3.075016021728516,1.3170623779296875,-1.757953643798828,0.7349336743354797,3.181101560592652,1.40884268283844,-1.7722588777542114,0.7283961176872253,3.095190048217773,1.3471235036849976,-1.7480666637420654,0.7118774056434631,2.7597904205322266,0.9975065588951111,-1.7622840404510498
0.7069951295852661,2.820072889328003,1.0951204299926758,-1.7249523401260376,0.7249471545219421,3.244105577468872,1.5042736530303955,-1.739832043647766,0.7389217615127563,3.199456214904785,1.4530946016311646,-1.7463617324829102,0.7320253849029541,3.177203416824341,1.4293919801712036,-1.7478115558624268,0.7283937335014343,3.219195604324341,1.4785398244857788,-1.7406558990478516,0.740175724029541,3.2179176807403564,1.4707884788513184,-1.747128963470459,0.7387759685516357,2.8972418308258057,1.1583971977233887,-1.738844871520996
0.7278702855110168,2.831862211227417,1.0873271226882937,-1.7445354461669922,0.7450724840164185,3.1767055988311768,1.423832654953003,-1.7528729438781738,0.7323371767997742,3.1778881549835205,1.431591510772705,-1.746296525001526,0.7471329569816589,3.156477928161621,1.4092307090759275,-1.7472470998764038,0.7378842830657959,3.194535732269287,1.4395790100097656,-1.754956841468811,0.7758021354675293,3.255042791366577,1.502089023590088,-1.7529542446136477,0.7448751926422119,2.893510341644287,1.14374840259552,-1.749761700630188
0.7117072939872742,2.8296422958374023,1.1092264652252195,-1.7204158306121826,0.7143259644508362,3.0984082221984863,1.356236457824707,-1.7421716451644895,0.7248430252075195,3.2165064811706543,1.4887193441390991,-1.7277871370315552,0.7383975386619568,3.16648006439209,1.4271318912506104,-1.7393481731414795,0.7342509627342224,3.1507160663604736,1.4270957708358765,-1.7236204147338867,0.7338306903839111,3.2540054321289062,1.5244706869125366,-1.72953462600708,0.7090041041374207,2.8096957206726074,1.090019941329956,-1.7196756601333618
0.722963273525238,2.8881070613861084,1.1555120944976809,-1.7325948476791382,0.738783061504364,3.231608629226685,1.4900182485580444,-1.7415906190872192,0.7481195330619812,3.295130968093872,1.55376398563385,-1.7413667440414429,0.7119324207305908,3.134551286697388,1.4037781953811646,-1.730772852897644,0.7268566489219666,3.1226634979248047,1.3837534189224243,-1.7389100790023804,0.7277698516845703,3.1697752475738525,1.4260481595993042,-1.7437273263931274,0.7373724579811096,2.9320850372314453,1.196624994277954,-1.7354601621627808
0.7259910702705383,2.8397390842437744,1.0855823755264282,-1.7541567087173462,0.7293305397033691,3.146946907043457,1.3973098993301392,-1.749637246131897,0.7414789199829102,3.1578683853149414,1.4005714654922483,-1.7572969198226929,0.7447220087051392,3.204458475112915,1.445547580718994,-1.7589111328125,0.7249899506568909,3.099908828735352,1.3494571447372437,-1.7504515647888184,0.7378535866737366,3.24778413772583,1.4874205589294434,-1.7603636980056765,0.7290778160095215,2.8879666328430176,1.131461501121521,-1.7565053701400757
0.7498653531074524,2.8666319847106934,1.1165437698364258,-1.750088095664978,0.7407529354095459,3.1964681148529053,1.446213960647583,-1.7502542734146118,0.7266061305999756,3.1194040775299072,1.369319200515747,-1.7500848770141602,0.7244985103607178,3.1121459007263184,1.3746604919433594,-1.7374852895736694,0.7323993444442749,3.1889047622680664,1.437436580657959,-1.751468300819397,0.7549023628234863,3.295676946640014,1.539824366569519,-1.7558526992797852,0.7382071614265442,2.8434808254241943,1.109539270401001,-1.733941674232483
0.7465466856956482,2.875563383102417,1.1472113132476809,-1.7283519506454468,0.7276385426521301,3.211923837661743,1.473053216934204,-1.738870620727539,0.7361588478088379,3.183176040649414,1.450555443763733,-1.7326204776763916,0.7436432242393494,3.2086451053619385,1.4755162000656128,-1.7331291437149048,0.7366307973861694,3.169494867324829,1.4498426914215088,-1.7196520566940308,0.7353070974349976,3.252768039703369,1.5159480571746826,-1.736820101737976,0.7230202555656433,2.843997001647949,1.1086524724960327,-1.7353445291519165
0.7273100018501282,2.8501904010772705,1.1065101623535156,-1.7436802387237549,0.7417826652526855,3.2288191318511963,1.4757646322250366,-1.75305438041687,0.7163877487182617,3.1016886234283447,1.3456422090530396,-1.7560466527938845,0.719876766204834,3.0809457302093506,1.327243447303772,-1.7537022829055786,0.7439422011375427,3.158355474472046,1.4123915433883667,-1.7459639310836792,0.7339590787887573,3.1691231727600098,1.4178884029388428,-1.7512346506118774,0.7398618459701538,2.9237735271453857,1.182918906211853,-1.7408545017242432
0.7361471056938171,2.930226802825928,1.1745738983154297,-1.755652904510498,0.7446848154067993,3.1963019371032715,1.436007022857666,-1.7602949142456057,0.731520414352417,3.2303528785705566,1.4578720331192017,-1.7724804878234863,0.74848473072052,3.2552433013916016,1.4793180227279663,-1.7759253978729248,0.7372230887413025,3.14986252784729,1.373426079750061,-1.776436448097229,0.7489932775497437,3.25057315826416,1.4925379753112793,-1.7580351829528809,0.7344210743904114,2.904620409011841,1.1457496881484985,-1.7588707208633423
0.7321884632110596,2.899301528930664,1.164472222328186,-1.734829664230347,0.7469338178634644,3.214302062988281,1.4774863719940186,-1.7368156909942627,0.7355597019195557,3.1673505306243896,1.4236116409301758,-1.743738889694214,0.7335425615310669,3.1896181106567383,1.4553872346878052,-1.7342311143875122,0.7362658977508545,3.153538227081299,1.4103455543518066,-1.7431926727294922,0.7439026832580566,3.097327709197998,1.3553194999694824,-1.7420082092285156,0.748068630695343,2.89701247215271,1.1682138442993164,-1.728798747062683
0.7306815385818481,2.8658955097198486,1.1213395595550537,-1.7445563077926636,0.7359361052513123,3.156026601791382,1.4203187227249146,-1.7357078790664673,0.7449246644973755,3.2870402336120605,1.5407977104187012,-1.7462422847747805,0.7353822588920593,3.1456658840179443,1.4054934978485107,-1.740172266960144,0.7362491488456726,3.21741271018982,1.4802716970443726,-1.7371407747268677,0.736193835735321,3.190418243408203,1.4466196298599243,-1.7437986135482788,0.7413342595100403,2.8964555263519287,1.1632980108261108,-1.7331573963165283
