rmse_night_1,gpp_mean_1,reco_mean_1,nee_mean_1,rmse_night_2,gpp_mean_2,reco_mean_2,nee_mean_2,rmse_night_3,gpp_mean_3,reco_mean_3,nee_mean_3,rmse_night_4,gpp_mean_4,reco_mean_4,nee_mean_4,rmse_night_5,gpp_mean_5,reco_mean_5,nee_mean_5,rmse_night_6,gpp_mean_6,reco_mean_6,nee_mean_6,rmse_night_7,gpp_mean_7,reco_mean_7,nee_mean_7
0.8042083382606506,2.968618392944336,2.032606601715088,-0.9360118508338928,0.8042382597923279,3.1179890632629395,2.155845642089844,-0.9621431231498718,0.8113191723823547,3.1639199256896973,2.2076680660247803,-0.9562518000602722,0.7943793535232544,3.1009204387664795,2.1381990909576416,-0.9627214074134828,0.788533091545105,3.188056230545044,2.2086305618286133,-0.9794257283210754,0.8989754319190979,3.164224863052368,2.2046356201171875,-0.9595892429351808,0.7760778069496155,3.127023458480835,2.138200044631958,-0.9888231754302979
0.7932953834533691,2.9231247901916504,1.9269897937774656,-0.996134638786316,0.8117774724960327,2.9520199298858643,1.9027045965194704,-1.0493152141571045,0.7989267110824585,3.161445617675781,2.1917967796325684,-0.9696486592292786,0.8059222102165222,3.004098415374756,1.9939990043640137,-1.0100994110107422,0.8003895878791809,3.053070545196533,2.0602591037750244,-0.992811679840088,0.8143278360366821,3.166433334350586,2.1843912601470947,-0.9820420742034912,0.8220452070236206,3.2019526958465576,2.236416816711426,-0.9655360579490662
0.7890122532844543,2.973078489303589,2.0072083473205566,-0.965869963169098,0.876626193523407,3.0700488090515137,2.053642511367798,-1.0164062976837158,0.91517174243927,2.970785856246948,1.994601011276245,-0.9761847257614136,0.7667834758758545,2.8993008136749268,1.93464744091034,-0.9646528363227844,0.831463098526001,3.102386951446533,2.107868194580078,-0.9945188164711,0.8475573658943176,2.9925899505615234,1.9852021932601929,-1.0073877573013306,0.8040942549705505,3.0534794330596924,2.1059107780456543,-0.9475685954093933
0.8010727763175964,3.017517328262329,2.03854775428772,-0.9789696335792542,0.8126885890960693,2.968820571899414,1.9552950859069824,-1.0135257244110107,0.8143970370292664,3.098772048950196,2.097236633300781,-1.001535177230835,0.8437479734420776,2.922348737716675,1.9510512351989744,-0.9712975025177002,0.9486235976219176,3.164266347885132,2.1547341346740723,-1.00953209400177,0.8063949942588806,2.9237568378448486,1.8923323154449463,-1.031424641609192,0.7889625430107117,2.9882102012634277,1.969681739807129,-1.018528699874878
0.8178156614303589,3.1415514945983887,2.138877391815185,-1.002674221992493,0.8128674626350403,2.998008251190185,1.977787971496582,-1.020219802856445,0.8454473614692688,3.155463695526123,2.143575429916382,-1.0118883848190308,0.8251113295555115,3.171858072280884,2.162334680557251,-1.0095233917236328,0.9072222113609314,2.940209150314331,1.9619756937026973,-0.9782333374023438,0.8439863920211792,3.0224978923797607,2.016493320465088,-1.0060044527053833,0.817911684513092,3.047955274581909,2.054595708847046,-0.9933598041534424
0.81758713722229,3.064291954040528,2.0489532947540283,-1.015338659286499,0.7769074440002441,2.9340853691101074,1.9127908945083616,-1.0212944746017456,0.8471592664718628,3.106287717819214,2.110198497772217,-0.9960892796516418,0.779880940914154,2.9247374534606934,1.92706561088562,-0.9976719617843628,0.7751317024230957,3.0549559593200684,2.057622194290161,-0.9973336458206176,0.8421728610992432,3.2324726581573486,2.2698261737823486,-0.9626467227935792,0.8107278347015381,3.0908355712890625,2.0906875133514404,-1.0001479387283325
0.8231642246246338,3.0733065605163574,2.048333644866944,-1.0249731540679932,0.8452679514884949,2.9347457885742188,1.9696255922317505,-0.9651200771331788,0.8105816841125488,3.0229392051696777,2.017679214477539,-1.0052598714828491,0.810706377029419,3.0283143520355225,2.055943489074707,-0.9723706245422364,0.8127320408821106,3.116372346878052,2.1556332111358643,-0.9607393741607666,0.8460556864738464,3.1739652156829834,2.210211515426636,-0.963753879070282,0.7876521944999695,3.054752826690674,2.0418105125427246,-1.0129420757293701
0.8060188293457031,3.017540454864502,1.9823131561279297,-1.0352275371551514,0.7782132625579834,3.075608253479004,2.052945375442505,-1.0226627588272097,0.8211082816123962,3.000648021697998,2.0154385566711426,-0.9852097034454346,0.814965009689331,2.9773659706115723,1.948425531387329,-1.0289404392242432,0.7956216931343079,3.0422420501708984,2.064461708068848,-0.9777802228927612,0.8005548715591431,3.169864654541016,2.143921136856079,-1.025943398475647,0.7888238430023193,2.985156536102295,2.0204505920410156,-0.9647058248519897
0.7718586325645447,3.133099317550659,2.141432285308838,-0.9916670322418212,0.8325127363204956,3.0199062824249268,2.063765287399292,-0.9561411142349244,0.8029884099960327,3.0518860816955566,2.0206191539764404,-1.0312672853469849,0.8032552003860474,3.061433792114258,2.092960357666016,-0.9684736728668212,0.83176189661026,3.0207715034484863,2.031799554824829,-0.9889721274375916,0.7735756039619446,2.9477813243865967,1.983975291252136,-0.963805854320526,0.7958047986030579,2.945579767227173,1.9715044498443604,-0.974075436592102
0.8347658514976501,3.125897169113159,2.133591651916504,-0.992305338382721,0.820099949836731,3.062532901763916,2.0932981967926025,-0.9692346453666688,0.7994677424430847,3.127552032470703,2.1652541160583496,-0.9622977375984192,0.8186389207839966,3.103854417800904,2.113188505172729,-0.9906662106513976,0.7871718406677246,3.231862783432007,2.2529137134552,-0.9789488315582277,0.8001366853713989,3.0756595134735107,2.098630428314209,-0.9770289659500122,0.7663976550102234,2.9627206325531006,1.9982483386993408,-0.9644720554351807
0.8172515630722046,2.7555596828460693,1.7871235609054563,-0.9684361815452576,0.8349511027336121,2.997188091278076,1.959438443183899,-1.0377498865127563,0.8227924108505249,3.1679224967956543,2.1080284118652344,-1.0598942041397097,0.9364912509918212,3.0531976222991943,2.0685503482818604,-0.98464697599411,0.8299534320831299,3.100137233734131,2.066060781478882,-1.034076452255249,0.8406437039375305,3.056757926940918,1.9959055185317995,-1.0608526468276978,0.8277894258499146,3.0217766761779785,2.007823944091797,-1.0139527320861816
0.7943013906478882,3.0407283306121826,2.004056453704834,-1.0366716384887695,0.8109100461006165,3.063153028488159,2.05855393409729,-1.0045989751815796,0.8068898916244507,3.0674266815185547,2.0663182735443115,-1.0011082887649536,0.7861847281455994,3.0119316577911377,1.984663844108581,-1.0272678136825562,0.8065631985664368,3.0267088413238525,2.007801055908203,-1.018907904624939,0.8084684610366821,2.925913095474243,1.9090149402618408,-1.0168980360031128,0.8243123292922974,3.0815768241882324,2.0683767795562744,-1.013200283050537
0.8255301713943481,2.942302703857422,1.955331802368164,-0.9869710206985474,0.7749692797660828,2.827115535736084,1.862510681152344,-0.9646046161651612,0.794302225112915,3.1448025703430176,2.1605381965637207,-0.9842644333839417,0.8229291439056396,3.0032973289489746,2.0143632888793945,-0.9889340996742249,0.8548345565795898,3.125164270401001,2.153002977371216,-0.9721611142158508,0.8039073944091797,3.186234712600708,2.1963891983032227,-0.9898456335067748,0.8037881851196289,3.0582215785980225,2.0742547512054443,-0.9839666485786438
0.8209657669067383,3.042818546295166,2.072519302368164,-0.9702991247177124,0.8422756195068359,2.9402878284454346,1.9647130966186523,-0.9755747318267822,0.8053392767906189,3.032357215881348,2.0508036613464355,-0.9815537929534912,0.8173844218254089,3.0200326442718506,2.053130865097046,-0.9669016003608704,0.8030701279640198,3.104083299636841,2.1126294136047363,-0.9914541840553284,0.8127213716506958,2.9959847927093506,2.0227770805358887,-0.9732077717781068,0.7927563786506653,2.9575998783111572,1.9844201803207397,-0.9731796979904175
0.815576434135437,2.935703754425049,1.994686484336853,-0.941017210483551,0.8200491070747375,3.0210635662078857,2.0812196731567383,-0.939844250679016,0.8006597757339478,3.105253934860229,2.135206460952759,-0.9700477719306946,0.8220627307891846,3.044435739517212,2.074169874191284,-0.9702662229537964,1.0434606075286863,2.909545660018921,1.9686654806137085,-0.940880298614502,0.905985951423645,2.948897123336792,1.982098937034607,-0.9667982459068298,0.8277087807655334,3.03804087638855,2.0741615295410156,-0.9638795256614685
0.8145722150802612,3.0135772228240967,2.0104544162750244,-1.0031229257583618,0.8341216444969177,2.9539718627929688,1.964765191078186,-0.9892065525054932,0.8213887214660645,3.046546697616577,2.077410936355591,-0.9691358208656312,0.8239189386367798,2.9749529361724854,1.996157050132752,-0.9787958264350892,0.7978467345237732,3.0515944957733154,2.0574541091918945,-0.9941401481628418,0.9098042845726012,3.15077805519104,2.1705539226531982,-0.9802238941192628,0.7922917604446411,3.097770929336548,2.1378867626190186,-0.9598837494850159
0.807182252407074,3.0493199825286865,2.0509159564971924,-0.9984041452407836,0.7927260994911194,3.072583675384521,2.1043620109558105,-0.9682217240333556,0.7921930551528931,3.102898597717285,2.0747311115264893,-1.0281673669815063,0.7942115068435669,3.0350465774536133,1.9970440864562988,-1.0380027294158936,0.8176853656768799,3.195808172225952,2.190910577774048,-1.0048972368240356,0.8210476636886597,3.096870183944702,2.093064069747925,-1.0038059949874878,0.7938576936721802,3.120755195617676,2.083477735519409,-1.0372774600982666
0.7766815423965454,3.039764165878296,2.095529079437256,-0.9442349672317504,0.8038373589515686,3.0629894733428955,2.101212978363037,-0.9617762565612792,0.7891157865524292,2.986314058303833,2.0220041275024414,-0.9643099904060364,0.788945198059082,2.933067321777344,1.97193455696106,-0.9611327648162842,0.76938396692276,3.010399341583252,2.0369765758514404,-0.9734225869178772,0.8082455992698669,3.160977602005005,2.212282180786133,-0.948695421218872,0.7871918082237244,3.030496835708618,2.0748660564422607,-0.9556308388710022
0.8008813261985779,3.0814504623413086,2.045120477676392,-1.0363298654556274,0.8146883249282837,3.12117862701416,2.108271360397339,-1.0129072666168213,0.838840126991272,3.0476560592651367,1.9900699853897093,-1.057585835456848,0.831044614315033,3.012913942337036,1.989646792411804,-1.023267149925232,0.8311982154846191,3.13900113105774,2.112844228744507,-1.026157021522522,0.8082607984542847,3.170342445373535,2.126260280609131,-1.0440822839736938,0.8392399549484253,3.0987861156463623,2.0449113845825195,-1.0538746118545532
0.8359653353691101,3.073377847671509,2.08213210105896,-0.9912456274032592,0.8299050331115723,3.045457601547241,2.0399065017700195,-1.0055512189865112,0.8084244728088379,2.989290714263916,1.99666714668274,-0.9926234483718872,0.8800098299980164,2.9244649410247803,1.914534568786621,-1.0099302530288696,0.8672200441360474,3.0676417350769043,2.0915560722351074,-0.9760855436325072,0.8568347692489624,2.9554059505462646,1.9633574485778809,-0.9920487403869628,0.8241869211196899,3.0536675453186035,2.067190408706665,-0.9864770174026489
0.8133935928344727,2.86021089553833,1.913256287574768,-0.9469545483589172,0.8187727332115173,3.024078369140625,2.0645246505737305,-0.9595539569854736,0.7961970567703247,2.9352967739105225,1.996946692466736,-0.9383498430252076,0.803241491317749,2.9263484477996826,1.9432328939437864,-0.9831156730651855,0.8199380040168762,2.979480504989624,2.015881299972534,-0.9635992646217346,0.918893814086914,2.914699077606201,1.9589322805404663,-0.955766499042511,0.8110159635543823,2.9006760120391846,1.9314014911651611,-0.9692743420600891
0.8089779019355774,3.1089086532592773,2.104215383529663,-1.0046930313110352,0.8109766840934753,3.029318332672119,2.022578954696656,-1.0067394971847534,0.8090193271636963,3.162768840789795,2.1414883136749268,-1.0212808847427368,0.8417655825614929,3.0080697536468506,1.9945523738861084,-1.0135174989700315,0.8122904896736145,3.0374858379364014,2.0169365406036377,-1.0205494165420532,0.8299566507339478,3.067250490188598,2.0522918701171875,-1.0149589776992798,0.8124489188194275,3.058387041091919,2.0480072498321533,-1.0103795528411865
0.7952798008918762,3.072035312652588,2.090160369873047,-0.9818752408027648,0.8077281713485718,2.9888370037078857,2.0526435375213623,-0.9361936450004578,0.8075624108314514,3.0704615116119385,2.1096010208129883,-0.9608604311943054,0.803432285785675,3.097320318222046,2.153594732284546,-0.9437257051467896,0.8004941940307617,3.15352725982666,2.2011730670928955,-0.9523543119430542,0.809274435043335,3.10503888130188,2.1264030933380127,-0.9786360859870912,0.8004540205001831,2.9966495037078857,2.02803635597229,-0.9686130881309509
0.8076124787330627,2.9893546104431152,1.982791423797608,-1.0065633058547974,0.8457677364349365,3.0712478160858154,2.0468904972076416,-1.0243573188781738,0.8318570256233215,3.124552726745605,2.1457266807556152,-0.978826105594635,0.8010214567184448,2.940593242645264,1.883273005485535,-1.057320237159729,0.8282400369644165,3.1248891353607178,2.094588279724121,-1.0303007364273071,0.851247251033783,3.136479616165161,2.1071536540985107,-1.0293258428573608,0.7976135015487671,3.0219614505767822,1.9914448261260986,-1.030516505241394
0.8316135406494141,3.031973600387573,2.076999425888061,-0.9549739956855774,0.808405876159668,3.10253643989563,2.157773733139038,-0.9447627067565918,0.8329251408576965,3.1078219413757324,2.144763469696045,-0.9630584716796876,0.8109609484672546,2.936522960662842,1.98054587841034,-0.955977201461792,0.7859086394309998,2.913812160491944,1.8990370035171509,-1.014775276184082,0.8167918920516968,3.096437692642212,2.1090352535247803,-0.987402081489563,0.8046143054962158,2.987279176712036,2.021174669265747,-0.9661043882369995
0.7717946767807007,3.1134743690490723,2.15175461769104,-0.961719572544098,0.7935157418251038,2.9853382110595703,1.962772250175476,-1.0225661993026731,0.8168376684188843,3.250166654586792,2.226146697998047,-1.0240201950073242,0.8211674094200134,3.03574800491333,2.04431700706482,-0.9914307594299316,0.7910745739936829,3.046552896499634,2.065248250961304,-0.98130464553833,0.8031288981437683,3.125930070877075,2.125940322875977,-0.999989688396454,0.8107517957687378,3.0001864433288574,2.026587724685669,-0.9735984206199646
0.7960982918739319,3.1158688068389893,2.134563684463501,-0.981304943561554,0.8244654536247253,2.96567964553833,1.9738093614578247,-0.9918702840805054,0.8300105333328247,2.930785179138184,1.9330037832260127,-0.9977812767028807,0.8251622915267944,2.981442928314209,2.0038912296295166,-0.9775519371032716,0.8126153945922852,2.862262010574341,1.8914058208465576,-0.970856249332428,0.8581380844116211,2.9641246795654297,2.0025501251220703,-0.9615745544433594,0.7962589263916016,2.884155750274658,1.888359546661377,-0.995796263217926
0.8524537086486816,2.950195074081421,1.9639387130737305,-0.9862564206123352,0.8416803479194641,2.901497840881348,1.907272934913636,-0.9942249059677124,0.8160452246665955,3.091861724853516,2.0914902687072754,-1.0003710985183716,0.8302016854286194,3.0242950916290283,2.05581283569336,-0.9684820771217346,0.811841607093811,3.0158531665802,2.031043529510498,-0.9848095774650574,0.8120112419128418,3.030606508255005,2.003295660018921,-1.0273109674453735,0.7967174053192139,3.0212252140045166,2.0399577617645264,-0.981267511844635
0.7992756366729736,2.9715335369110107,1.9769039154052728,-0.994629681110382,0.7631507515907288,3.08854603767395,2.1127283573150635,-0.9758177399635316,0.7965648174285889,2.9281249046325684,1.959189891815185,-0.9689347743988036,0.7691019773483276,2.9013373851776123,1.9144742488861084,-0.9868633151054382,0.8077892065048218,3.034806251525879,2.044462442398072,-0.9903436303138732,0.8205559253692627,3.0120248794555664,1.9966299533843996,-1.0153948068618774,0.7876270413398743,2.950558662414551,1.9461369514465332,-1.0044214725494385
0.8383715748786926,2.993783712387085,1.9764363765716555,-1.0173474550247192,0.8188601136207581,3.0278120040893555,1.98711097240448,-1.040701150894165,0.8310983180999756,3.149784564971924,2.1551496982574463,-0.9946348667144777,0.8215510249137878,2.9848997592926025,1.948230266571045,-1.0366697311401367,0.7944847345352173,3.083503484725952,2.054975271224976,-1.0285282135009766,0.8916523456573486,3.055368423461914,2.0738348960876465,-0.9815338253974916,0.8884680271148682,3.060863733291626,2.0420000553131104,-1.018863320350647
0.7972812652587891,3.019325256347656,2.054319381713867,-0.9650055766105652,0.8096293210983276,2.9975900650024414,2.041076898574829,-0.9565134644508362,0.8241580724716187,3.10460901260376,2.145961284637451,-0.958647847175598,0.7838338613510132,3.095784902572632,2.130397081375122,-0.9653876423835754,0.7997742891311646,3.060022592544556,2.0799310207366943,-0.9800916910171508,0.8085102438926697,2.984706163406372,2.014037847518921,-0.9706684947013856,0.7985478043556213,3.2035810947418213,2.2280938625335693,-0.9754872918128967
0.807866632938385,3.038607120513916,2.0787675380706787,-0.959839642047882,0.8088632225990295,2.97106409072876,1.9730565547943115,-0.9980077147483826,0.859952449798584,3.014677286148072,2.0317282676696777,-0.9829488396644592,0.8218256235122681,2.9340596199035645,1.947539210319519,-0.986520290374756,0.8133389949798584,3.055495262145996,2.0703485012054443,-0.985146701335907,0.8464835286140442,3.141309261322021,2.1054553985595703,-1.0358538627624512,0.8349917531013489,2.9246959686279297,1.947543978691101,-0.9771519303321838
0.8326731324195862,3.124908685684204,2.091592788696289,-1.033316135406494,0.8198233246803284,3.0354483127593994,1.989060044288636,-1.0463883876800537,0.8480042815208435,3.0668184757232666,2.05781364440918,-1.0090047121047974,0.7857482433319092,3.0244271755218506,2.0236306190490723,-1.0007963180541992,0.8100413680076599,3.1011531352996826,2.0949301719665527,-1.0062227249145508,0.8285520672798157,3.101827383041382,2.127408504486084,-0.9744187593460084,0.8823733925819397,3.0601441860198975,2.0630226135253906,-0.9971218109130859
0.8248350024223328,3.1257071495056152,2.1422653198242188,-0.9834417104721068,0.8166093826293945,2.940357685089112,1.948679804801941,-0.9916777610778807,0.7998867630958557,3.012407064437866,2.056220769882202,-0.956186294555664,0.8194203972816467,3.0182716846466064,2.0497727394104004,-0.9684987664222716,0.7668721675872803,3.0488383769989014,2.079103946685791,-0.9697344303131104,0.8348947167396545,3.0440773963928223,2.0515453815460205,-0.9925320148468018,0.8605697154998779,3.0837886333465576,2.1148414611816406,-0.9689468741416931
0.7897493839263916,3.035628080368042,2.0092015266418457,-1.0264265537261963,0.8171022534370422,2.993600606918335,1.991733193397522,-1.001867413520813,0.8596760630607605,3.022860050201416,2.033691883087158,-0.9891684055328368,0.8608763217926025,2.898602247238159,1.9226528406143188,-0.9759492874145508,0.8535573482513428,2.919172525405884,1.9734007120132449,-0.94577157497406,0.8155819773674011,3.1084601879119877,2.0727901458740234,-1.0356699228286743,0.7997947931289673,3.0490732192993164,2.0462913513183594,-1.002781629562378
0.8215427994728088,2.862436294555664,1.8850051164627075,-0.977431058883667,0.7581037282943726,2.9181787967681885,1.8941224813461304,-1.0240561962127686,0.7918218970298767,2.9687063694000244,2.000232458114624,-0.9684739708900452,0.8009955883026123,3.020894289016724,2.041367769241333,-0.9795266389846802,0.7925689220428467,3.057610273361206,2.09394907951355,-0.9636609554290771,0.7969513535499573,3.045850992202759,2.0654191970825195,-0.9804317355155944,0.8268077969551086,2.922182321548462,1.962071180343628,-0.9601108431816101
0.8158570528030396,3.0338664054870605,2.0698883533477783,-0.9639781713485718,0.8359485268592834,3.1126811504364014,2.1550424098968506,-0.9576385617256165,0.8247456550598145,3.040252447128296,2.075600862503052,-0.964651584625244,0.7948666214942932,3.034741401672364,2.0711615085601807,-0.9635801315307616,0.7918362021446228,2.9274380207061768,1.9161969423294067,-1.0112409591674805,0.9107133746147156,3.0629100799560547,2.0929267406463623,-0.9699835777282716,0.807973325252533,3.188525915145874,2.2009215354919434,-0.9876043200492859
0.7873734831809998,3.079286575317383,2.04514479637146,-1.0341416597366333,0.7939993143081665,3.012390613555908,2.023154020309448,-0.98923659324646,0.7864264249801636,3.0725104808807373,2.106037139892578,-0.9664732217788696,0.7939355969429016,2.9326484203338623,1.959702610969544,-0.9729458093643188,0.7989716529846191,3.056258201599121,2.02738356590271,-1.0288748741149902,0.8336723446846008,3.137241840362549,2.151491403579712,-0.9857503175735474,0.9070383310317993,3.170872211456299,2.1939709186553955,-0.9769014120101929
0.8055474758148193,3.1358468532562256,2.135375499725342,-1.0004713535308838,0.7929955720901489,3.089299440383911,2.064554452896118,-1.024744987487793,0.809286892414093,3.1543755531311035,2.1430256366729736,-1.01134991645813,0.8417912721633911,3.073039293289185,2.095276117324829,-0.9777636528015136,0.7903458476066589,3.143998146057129,2.155552864074707,-0.9884452223777772,0.8214369416236877,3.1881463527679443,2.197389841079712,-0.9907564520835876,0.8169066309928894,3.093566656112671,2.101907253265381,-0.9916593432426453
0.7779664397239685,2.9851865768432617,2.008654356002808,-0.976532220840454,0.8260456323623657,3.0248844623565674,2.0754432678222656,-0.9494413137435912,0.7713055610656738,3.0872697830200195,2.1277287006378174,-0.9595410227775574,0.8214148283004761,3.0546014308929443,2.091463327407837,-0.9631380438804626,0.8104848265647888,2.968677759170532,1.9958388805389404,-0.9728389382362366,0.822232723236084,3.169397592544556,2.2249860763549805,-0.9444116950035096,0.8245339393615723,3.0977799892425537,2.1373679637908936,-0.9604118466377258
0.8045148849487305,3.0403528213500977,2.041860818862915,-0.9984920024871826,0.8147148489952087,3.102875232696533,2.150033950805664,-0.9528412222862244,0.8812658190727234,3.145093441009521,2.204565525054932,-0.9405277371406556,0.8352432250976562,3.0492711067199707,2.0701520442962646,-0.9791192412376404,0.817922055721283,3.1878321170806885,2.2315499782562256,-0.9562821388244628,0.8483683466911316,3.0892059803009038,2.111350774765014,-0.9778552651405334,0.8069302439689636,3.149280548095703,2.1842103004455566,-0.9650704264640808
0.8024978637695312,3.037294864654541,2.0995001792907715,-0.9377946853637696,0.81214839220047,2.913647651672364,1.968585968017578,-0.94506174325943,1.002609372138977,2.9655416011810303,2.0054526329040527,-0.9600890278816224,0.8197727203369141,2.9507603645324707,2.0151479244232178,-0.9356124997138976,0.8520777225494385,2.852285861968994,1.8780159950256348,-0.9742697477340698,0.827711820602417,3.0086474418640137,2.018465995788574,-0.9901813864707948,0.856723427772522,3.0273549556732178,2.0519893169403076,-0.9753655195236206
0.801840603351593,3.0461180210113525,2.086511373519897,-0.9596065878868104,0.8289540410041809,2.964071750640869,2.007917881011963,-0.9561541080474854,0.8087433576583862,3.037362813949585,2.063695192337036,-0.973667860031128,0.7678912878036499,2.96713662147522,1.984283685684204,-0.9828535318374634,0.798550009727478,2.9168035984039307,1.9331748485565183,-0.9836286306381226,0.800197184085846,3.088662624359131,2.1134276390075684,-0.9752348065376282,0.807849109172821,2.9650962352752686,2.0000016689300537,-0.9650945067405701
0.8231266140937805,3.086663246154785,2.054781675338745,-1.0318819284439087,0.8009429574012756,2.945542573928833,1.9223557710647583,-1.0231869220733645,0.8403146862983704,3.032099962234497,2.0143492221832275,-1.0177507400512695,0.8205053806304932,3.0313503742218018,2.029369831085205,-1.0019807815551758,0.8341764211654663,3.086332559585572,2.049702882766724,-1.0366300344467163,0.8763630986213684,3.0635125637054443,2.1160435676574707,-0.9474692344665528,0.803565502166748,2.9907071590423584,1.973806619644165,-1.0169007778167725
0.8281578421592712,3.074948072433472,2.07185959815979,-1.0030885934829712,0.8118218779563904,3.0330820083618164,2.049044132232666,-0.9840378761291504,0.8233080506324768,3.1391396522521973,2.135157585144043,-1.0039817094802856,0.8594528436660767,3.0528581142425537,2.073117017745972,-0.9797413349151612,0.8084479570388794,3.176624298095703,2.166992664337158,-1.009631872177124,0.88127201795578,2.9963390827178955,1.987585186958313,-1.0087541341781616,0.7986940741539001,3.013338327407837,2.0208399295806885,-0.9924983382225037
0.792675256729126,2.98921275138855,1.9957950115203853,-0.993418037891388,0.8636279106140137,2.9696083068847656,1.966561198234558,-1.0030471086502075,0.7973150014877319,3.014991521835327,2.0042428970336914,-1.010748267173767,0.7864264249801636,3.0770325660705566,2.063122034072876,-1.0139107704162598,0.8252395987510681,2.98573637008667,1.98638379573822,-0.999352753162384,0.8059691190719604,3.170584201812744,2.1573212146759038,-1.0132631063461304,0.7816355228424072,3.0166256427764893,2.0169999599456787,-0.9996261596679688
0.7852832078933716,3.103626251220703,2.116011619567871,-0.9876145720481871,0.7723313570022583,3.149632453918457,2.124058961868286,-1.0255733728408811,0.8236622214317322,3.1241819858551025,2.1455867290496826,-0.9785950779914856,0.8116193413734436,2.906987190246582,1.912854075431824,-0.9941330552101136,0.7979218363761902,3.1631100177764893,2.163093328475952,-1.0000169277191162,0.8663568496704102,2.921874046325684,1.937781810760498,-0.984092116355896,0.8175017237663269,3.083393096923828,2.079153537750244,-1.0042392015457153
0.79597407579422,3.01922607421875,2.0357816219329834,-0.9834449291229248,0.8050269484519958,2.9580562114715576,2.001884698867798,-0.9561718702316284,0.794801652431488,3.0338850021362305,2.068588733673096,-0.9652963876724244,0.8279021978378296,3.0050742626190186,2.032425165176392,-0.9726489186286926,0.8400092124938965,2.917701482772827,1.9757179021835327,-0.9419838786125184,0.8136723041534424,3.146594524383545,2.1167759895324707,-1.0298185348510742,0.8179751038551331,3.112771511077881,2.149787187576294,-0.9629841446876526
0.7926381826400757,2.955551147460937,1.948874831199646,-1.0066760778427124,0.8203727602958679,3.0932931900024414,2.0622713565826416,-1.0310218334197998,0.8222880363464355,3.02714467048645,2.04598069190979,-0.9811639189720154,0.8074795603752136,3.0153627395629883,2.0385186672210693,-0.9768439531326294,0.7986730933189392,3.0964717864990234,2.1056807041168213,-0.9907910227775574,0.7986596822738647,3.1117775440216064,2.117246627807617,-0.9945311546325684,0.8203263282775879,3.0828418731689453,2.123857259750366,-0.9589848518371582
0.790987491607666,3.041353225708008,2.078083276748657,-0.963269829750061,0.8128578066825867,2.9742074012756348,2.0053606033325195,-0.9688467979431152,0.8175760507583618,3.056291341781616,2.0499472618103027,-1.006344437599182,0.8326176404953003,3.026222944259644,2.0590813159942627,-0.9671416282653807,0.8078869581222534,3.094748020172119,2.1180810928344727,-0.9766668677330016,0.8421992063522339,2.976100206375122,2.0251049995422363,-0.9509952664375304,0.7898862957954407,3.022913932800293,2.0500311851501465,-0.9728829264640808
0.7819643020629883,2.992971181869507,2.0399954319000244,-0.9529761075973512,0.768502950668335,2.9062037467956543,1.9600569009780884,-0.946146547794342,0.7919479608535767,3.116328716278076,2.142840385437012,-0.973488450050354,0.7817017436027527,2.9858877658843994,2.013051271438598,-0.9728365540504456,0.7833305597305298,2.838539361953736,1.879586100578308,-0.9589534401893616,0.8013692498207092,3.104261875152588,2.127041339874268,-0.9772208333015442,0.772550106048584,3.019777774810791,2.06349515914917,-0.9562827348709106
0.8013854026794434,3.006305456161499,2.0874667167663574,-0.9188386797904968,0.8502510786056519,3.003080368041992,2.051918268203736,-0.9511619210243224,0.815964937210083,3.154501914978028,2.199429988861084,-0.9550718665122986,0.7819435000419617,3.087575912475586,2.126544952392578,-0.961030900478363,0.83622807264328,3.0665318965911865,2.1102702617645264,-0.956261396408081,0.8149904608726501,2.9797348976135254,2.015038013458252,-0.9646971225738524,0.7938914895057678,3.1548514366149902,2.2136473655700684,-0.9412041902542114
0.7961750030517578,3.213487386703491,2.197927951812744,-1.0155593156814575,0.7875903248786926,3.0486087799072266,2.028261661529541,-1.020346999168396,0.8600135445594788,3.1910741329193115,2.186159610748291,-1.00491464138031,0.854051947593689,2.9963302612304688,1.97481656074524,-1.0215137004852295,0.8400540947914124,3.070136070251465,2.024953842163086,-1.0451819896697998,0.8110976219177246,3.040431022644043,2.006765604019165,-1.033665418624878,0.7974278926849365,3.091754674911499,2.0636510848999023,-1.0281038284301758
0.7951621413230896,2.9723029136657715,1.960547924041748,-1.011755347251892,0.8367702960968018,3.1467397212982178,2.130755662918091,-1.015984058380127,0.8054832220077515,3.0825510025024414,2.0746216773986816,-1.0079292058944702,0.8151326179504395,2.999422311782837,1.9556061029434204,-1.043816089630127,0.78150874376297,3.0515894889831543,2.053297519683838,-0.9982919096946716,0.8964188694953918,3.0402095317840576,2.048779249191284,-0.9914300441741944,0.7688857913017273,3.0344760417938232,2.0370523929595947,-0.9974235892295837
0.8366004824638367,3.054382801055908,2.067459344863892,-0.9869237542152404,0.840489387512207,3.0913360118865967,2.11439847946167,-0.9769377112388612,0.8267930150032043,3.0317511558532715,2.0523369312286377,-0.9794139862060548,0.8201748728752136,3.0348474979400635,2.024835586547852,-1.0100117921829224,0.8059083223342896,3.1614904403686523,2.1546168327331543,-1.006873607635498,0.8470983505249023,3.1141366958618164,2.1322813034057617,-0.9818556904792786,0.80728679895401,3.091994524002075,2.069941520690918,-1.0220530033111572
0.774636447429657,2.9860680103302,1.971704125404358,-1.0143638849258425,0.8400373458862305,3.11167573928833,2.1305906772613525,-0.9810848236083984,0.8010340929031372,3.02128529548645,1.9829732179641724,-1.0383120775222778,0.800571858882904,2.89780855178833,1.915410399436951,-0.9823980927467346,0.806204080581665,3.111438751220703,2.0814342498779297,-1.0300042629241943,0.8174792528152466,3.1390938758850098,2.1446964740753174,-0.994397521018982,0.7905860543251038,2.991971731185913,1.9587945938110352,-1.033177137374878
0.8166490197181702,3.0888891220092773,2.0816855430603027,-1.0072035789489746,0.8011204600334167,3.005612373352051,2.036765813827514,-0.9688466191291808,0.7979225516319275,3.038264751434326,2.0475168228149414,-0.9907482266426086,0.8208383321762085,3.0538251399993896,2.039154291152954,-1.014670968055725,0.8241333961486816,3.0784671306610107,2.109520435333252,-0.9689467549324036,0.9127985835075378,3.0351808071136475,2.076261043548584,-0.9589197635650636,0.8299856781959534,3.1298065185546875,2.094890594482422,-1.0349159240722656
0.80406653881073,3.08457612991333,2.132113218307495,-0.952462911605835,0.8348680734634399,2.960763931274414,1.986986517906189,-0.9737775921821594,0.8135360479354858,3.104681968688965,2.156038284301758,-0.9486438035964966,0.836414635181427,3.1441779136657715,2.164022207260132,-0.9801556468009948,0.857041597366333,3.1145739555358887,2.132808923721313,-0.9817649126052856,0.8241760730743408,3.088193893432617,2.1183857917785645,-0.9698081016540528,0.8173084855079651,3.0373048782348633,2.0925915241241455,-0.9447133541107178
0.8109731674194336,3.139111042022705,2.132375478744507,-1.0067356824874878,0.7960355281829834,3.0486130714416504,2.0146901607513428,-1.033922553062439,0.8020768761634827,3.1103343963623047,2.1038973331451416,-1.0064373016357422,0.8095202445983887,3.033464193344116,2.0112617015838623,-1.0222023725509644,0.7867379188537598,3.0655319690704346,2.0301194190979004,-1.0354126691818235,0.8142331838607788,3.0406386852264404,2.014378309249878,-1.026260495185852,0.8018907308578491,3.120659828186035,2.087362289428711,-1.033297061920166
0.8223316073417664,3.140549421310425,2.165963888168335,-0.9745855927467346,0.8358976244926453,3.05192232131958,2.0856173038482666,-0.9663047194480896,0.8095524311065674,3.0615997314453125,2.0797207355499268,-0.9818789958953856,0.8654353022575378,2.998164176940918,2.0425124168396,-0.9556519389152528,0.8228088617324829,3.11075496673584,2.155032157897949,-0.9557223320007324,0.7964856028556824,2.998962163925171,2.0136404037475586,-0.985321879386902,0.8159669041633606,3.087918519973755,2.142911911010742,-0.9450063705444336
0.8070393204689026,2.982466697692871,1.9406603574752808,-1.0418062210083008,0.7912161350250244,2.9303908348083496,1.937611937522888,-0.992778778076172,0.8162528872489929,3.130408763885498,2.1442437171936035,-0.9861650466918944,0.8400328159332275,2.905813694000244,1.8958141803741453,-1.0099996328353882,0.8027018308639526,2.992259740829468,1.9774577617645264,-1.0148016214370728,0.8538169264793396,3.173851728439331,2.1671688556671143,-1.0066826343536377,0.7860796451568604,2.924588680267334,1.9231849908828735,-1.0014034509658813
0.8407337665557861,2.87672758102417,1.9239670038223269,-0.9527603983879088,0.8428663611412048,2.873772382736206,1.9225528240203853,-0.9512198567390442,0.8416695594787598,3.125905990600586,2.1474905014038086,-0.9784156084060668,0.8318489193916321,3.01781964302063,2.037428140640259,-0.980391561985016,0.8768576383590698,2.998950242996216,2.025503396987915,-0.9734471440315248,0.9992709159851074,3.063662052154541,2.1013405323028564,-0.9623214602470398,0.8278209567070007,3.0287113189697266,2.0343971252441406,-0.9943141937255859
0.8228765726089478,3.0662198066711426,2.0434703826904297,-1.022749423980713,0.8296910524368286,3.0023653507232666,1.976877212524414,-1.0254881381988523,0.8523685336112976,3.236056327819824,2.252638101577759,-0.9834181666374208,0.8711132407188416,2.973716735839844,1.974965214729309,-0.9987516403198242,0.8408908247947693,3.1809399127960205,2.1659178733825684,-1.0150219202041626,0.847585916519165,3.1668317317962646,2.1329801082611084,-1.0338518619537354,0.8313679695129395,3.14131760597229,2.1566245555877686,-0.9846929907798767
0.8186445832252502,2.939028263092041,1.96943461894989,-0.9695936441421508,0.7909950613975525,2.9017465114593506,1.9177430868148804,-0.9840034246444702,0.7763961553573608,2.9708402156829834,1.9389716386795044,-1.0318684577941897,0.8211098313331604,2.918670177459717,1.928455114364624,-0.9902149438858032,0.7856010794639587,2.9957621097564697,2.061114549636841,-0.9346475601196288,0.8762619495391846,2.8648524284362797,1.8573795557022093,-1.0074728727340698,0.7939744591712952,2.882328748703003,1.910392165184021,-0.9719365835189819
0.823560357093811,3.160001754760742,2.149996757507324,-1.010004997253418,0.8188074827194214,3.007704257965088,1.960058689117432,-1.0476455688476562,0.814388632774353,3.1265432834625244,2.1314032077789307,-0.9951403737068176,0.8102579712867737,2.977243185043335,1.985141038894653,-0.992102324962616,0.8308132886886597,3.013354539871216,1.972370266914368,-1.040984272956848,0.8341360092163086,3.177926540374756,2.168463706970215,-1.0094629526138306,0.8070536255836487,3.089482069015503,2.0829763412475586,-1.0065057277679443
0.7814827561378479,3.066556930541992,2.071762800216675,-0.9947942495346068,0.8526313900947571,3.0050206184387207,2.027064085006714,-0.9779565334320068,0.7694971561431885,3.0857205390930176,2.090611219406128,-0.9951090812683104,0.8004004955291748,3.116028070449829,2.122745513916016,-0.9932825565338136,0.7887176871299744,2.979644298553467,2.010683059692383,-0.9689614772796632,0.8432685136795044,3.1223087310791016,2.12109923362732,-1.0012092590332031,0.8294214010238647,3.200864553451538,2.207233190536499,-0.9936315417289734
0.8118650913238525,3.105440378189087,2.142249584197998,-0.963190734386444,0.8016791343688965,3.107464551925659,2.0795199871063232,-1.027944564819336,0.8116361498832703,3.125286340713501,2.1277432441711426,-0.9975432753562928,0.7870404720306396,3.027286529541016,2.072961807250977,-0.9543245434761048,0.8054701089859009,3.1126708984375,2.063619613647461,-1.0490515232086182,0.8123574256896973,3.033395290374756,1.999195218086243,-1.0341999530792236,0.7778005599975586,2.9715495109558105,1.957503080368042,-1.014046311378479
0.7755281329154968,2.974207878112793,1.9756462574005127,-0.9985616207122804,0.7863244414329529,2.8868563175201416,1.910370945930481,-0.976485311985016,0.8257323503494263,3.113256931304932,2.135903835296631,-0.977353036403656,0.7728922963142395,2.90605902671814,1.920493721961975,-0.985565423965454,0.802951455116272,2.967888832092285,1.96986722946167,-0.9980213046073914,0.843783438205719,3.1008546352386475,2.1179373264312744,-0.9829174876213074,0.7954990863800049,3.0791099071502686,2.1236732006073,-0.9554367661476135
0.8915912508964539,2.794260025024414,1.858762264251709,-0.9354973435401917,0.8124327063560486,2.9903409481048584,2.026373624801636,-0.9639674425125122,0.7893893122673035,2.971473932266236,2.002711534500122,-0.968762218952179,0.7872709631919861,2.947305679321289,1.9774348735809328,-0.9698705673217772,0.8071163296699524,3.007702350616455,2.052300453186035,-0.9554020762443542,0.8287000060081482,2.918064832687378,1.95510733127594,-0.9629577398300172,0.8218724131584167,2.9485833644866943,1.9564963579177856,-0.9920870065689087
0.8033324480056763,3.11440658569336,2.1900839805603027,-0.9243226647377014,0.8014686703681946,2.965397357940674,2.0233688354492188,-0.9420284032821656,0.7844343781471252,3.015094995498657,2.0691511631011963,-0.9459437131881714,0.8075256943702698,3.038061618804932,2.1165764331817627,-0.921485722064972,0.798599123954773,3.149070501327514,2.185820817947388,-0.9632493853569032,0.9173467755317688,3.023266077041626,2.094487190246582,-0.928778886795044,0.7973505854606628,2.9865455627441406,2.050255060195923,-0.9362906217575073
0.8078108429908752,2.979442358016968,1.9563860893249512,-1.0230562686920166,0.7874396443367004,3.1158602237701416,2.077864170074463,-1.0379959344863892,0.8037465810775757,3.0908541679382324,2.0677826404571533,-1.0230716466903689,0.7828826308250427,3.0304856300354004,2.0097334384918213,-1.020751953125,0.7965404987335205,3.05743145942688,2.0345618724823,-1.02286958694458,0.8075381517410278,3.0318081378936768,2.029205560684204,-1.002602458000183,0.8131852149963379,3.056572198867798,2.0718157291412354,-0.9847564101219177
0.81284499168396,3.093397855758667,2.1337597370147705,-0.9596379995346068,0.8166020512580872,3.0665767192840576,2.1026244163513184,-0.963952362537384,0.7780219912528992,3.024089813232422,2.0013160705566406,-1.0227736234664917,0.7756699919700623,3.0612905025482178,2.023618459701538,-1.0376718044281006,0.805446982383728,2.901540279388428,1.8970849514007568,-1.004455327987671,0.8132950067520142,3.107280731201172,2.0856246948242188,-1.0216560363769531,0.7978007793426514,3.150268077850342,2.1591691970825195,-0.9910989999771118
0.8024782538414001,3.0842621326446533,2.115975379943848,-0.968286633491516,0.8203480243682861,3.1101906299591064,2.0897603034973145,-1.0204302072525024,0.8605324029922485,2.904170274734497,1.914370059967041,-0.9898003339767456,0.8777804374694824,2.8539834022521973,1.8912991285324097,-0.962684154510498,0.78636234998703,2.953805923461914,1.934071063995361,-1.0197348594665527,0.817878007888794,2.9348995685577397,1.977886438369751,-0.9570131897926332,0.8084377646446228,2.8838863372802734,1.8941845893859863,-0.9897018074989319
0.854671061038971,3.1427602767944336,2.151608228683472,-0.9911522269248962,0.8292325139045715,2.981906175613404,2.017775774002075,-0.9641305208206176,0.7850767970085144,3.0316734313964844,2.072489023208618,-0.9591844081878662,0.7876221537590027,2.987022638320923,2.0066065788269043,-0.9804162383079528,0.823074460029602,3.0525007247924805,2.073153495788574,-0.9793471693992616,0.7917601466178894,3.096917152404785,2.1164968013763428,-0.9804201126098632,0.7894220948219299,3.068075180053711,2.059335708618164,-1.0087394714355469
0.8340244889259338,2.95363712310791,1.973598599433899,-0.9800382256507874,0.8196129202842712,2.973794221878052,1.9716310501098635,-1.0021631717681885,0.8133698105812073,3.108347654342652,2.105177402496338,-1.0031704902648926,0.8255589604377747,3.096759080886841,2.084418773651123,-1.012340426445007,0.7760623097419739,3.1345324516296387,2.0995917320251465,-1.034940481185913,0.8288803100585938,3.1263844966888428,2.0991077423095703,-1.0272763967514038,0.8027047514915466,3.0854403972625732,2.0672714710235596,-1.0181688070297241
0.793631374835968,2.943256139755249,2.0005104541778564,-0.9427455067634584,0.8064621686935425,3.06522274017334,2.088196992874145,-0.9770257472991944,0.8124309778213501,3.174743175506592,2.250566005706787,-0.924177348613739,0.7947988510131836,3.018030405044556,2.066007137298584,-0.9520230889320374,0.7966469526290894,3.0802648067474365,2.115466356277466,-0.9647981524467468,0.794894814491272,3.087938070297241,2.1332380771636963,-0.9546999335289,0.7765205502510071,3.0996673107147217,2.1351425647735596,-0.9645246863365173
0.8085839748382568,3.032172203063965,2.019277334213257,-1.012895107269287,0.7755719423294067,2.916560173034668,1.917837142944336,-0.9987226724624634,0.7858864068984985,3.004971027374268,2.0303869247436523,-0.9745840430259703,0.7646852135658264,2.956749439239502,1.9449018239974976,-1.0118474960327148,0.804705798625946,3.005986452102661,1.995043158531189,-1.010942816734314,0.8563445806503296,3.0506749153137207,2.0840859413146973,-0.96658855676651,0.7815988659858704,3.0425121784210205,2.0382020473480225,-1.0043104887008667
0.792180597782135,3.058536529541016,2.025263786315918,-1.0332728624343872,0.8417772054672241,2.913482904434204,1.9210381507873533,-0.992444396018982,0.7991050481796265,3.033169746398926,2.005342721939087,-1.0278267860412598,0.832433819770813,2.975577116012573,1.9340696334838867,-1.0415072441101074,0.8455483913421631,3.093376636505127,2.101602077484131,-0.9917746782302856,0.7851675748825073,3.003343105316162,1.9871999025344849,-1.0161433219909668,0.8148309588432312,3.089827299118042,2.070222854614258,-1.0196043252944946
0.7967212796211243,3.0068023204803467,2.0237233638763428,-0.9830791354179382,0.809434711933136,3.010336399078369,2.000976085662842,-1.0093601942062378,0.8204534649848938,3.0988683700561523,2.138044595718384,-0.9608240127563475,0.8196988105773926,2.9832592010498047,1.9763894081115725,-1.006869554519653,0.7985162734985352,3.2039332389831543,2.2079923152923584,-0.9959409832954408,0.8379541039466858,2.990502119064331,2.0006256103515625,-0.9898762702941896,0.8095194101333618,3.073509693145752,2.0900895595550537,-0.9834203720092773
0.8132506608963013,2.918916940689087,1.901489853858948,-1.0174270868301392,0.8156265020370483,3.02726674079895,2.0231869220733643,-1.004079818725586,0.8461459875106812,3.005159616470337,2.002670288085937,-1.0024895668029783,0.8210836052894592,2.976736307144165,1.927847146987915,-1.0488890409469604,0.8509829640388489,2.90247106552124,1.9021391868591309,-1.0003318786621094,0.7898600697517395,3.085442304611206,2.0720889568328857,-1.01335346698761,0.798623263835907,3.0444233417510986,2.0538840293884277,-0.9905392527580261
0.8294761776924133,3.076416254043579,2.107837915420532,-0.968578279018402,0.8491556644439697,3.0878074169158936,2.132678747177124,-0.9551289677619934,0.8524359464645386,3.134274959564209,2.1252481937408447,-1.0090270042419434,0.800959587097168,3.0939834117889404,2.11726713180542,-0.9767159819602966,0.7978557348251343,3.105316638946533,2.10149884223938,-1.0038179159164429,0.8453372120857239,3.159006118774414,2.1744980812072754,-0.9845077991485596,0.8202781081199646,3.025085926055908,2.0442230701446533,-0.9808627963066101
0.8188115954399109,3.046199321746826,2.041032552719116,-1.005167007446289,0.785291314125061,3.0448575019836426,2.0286753177642822,-1.0161821842193604,0.8430630564689636,3.195085525512696,2.190844774246216,-1.00424063205719,0.8217750787734985,3.003415822982788,2.0167136192321777,-0.9867023229599,0.818695604801178,2.969266176223755,2.0030782222747803,-0.966188371181488,0.863427460193634,3.024266004562378,2.052067756652832,-0.9721983075141908,0.8835317492485046,3.050365686416626,2.071974277496338,-0.9783915877342224
0.7999271750450134,3.098888635635376,2.108571529388428,-0.9903170466423036,0.8144267201423645,3.2105417251586914,2.192187786102295,-1.0183539390563965,0.8173437118530273,2.9427196979522705,1.91999900341034,-1.022720456123352,0.8194723725318909,2.996693849563598,2.022935390472412,-0.9737582802772522,0.8374218344688416,3.032732009887696,2.050143957138061,-0.9825876951217652,0.8918868899345398,3.138507843017578,2.169257879257202,-0.9692499041557312,0.8094784021377563,3.0678658485412598,2.1050665378570557,-0.9627992510795593
0.8244279026985168,3.0020878314971924,2.000546932220459,-1.0015406608581543,0.8354066610336304,2.959737539291382,1.918341040611267,-1.0413966178894043,0.7915014624595642,3.169092893600464,2.1539433002471924,-1.0151492357254028,0.8415928483009338,3.1071600914001465,2.048433780670166,-1.05872642993927,0.8108128309249878,3.153249263763428,2.1025006771087646,-1.0507484674453735,0.8145436644554138,3.109328031539917,2.1410815715789795,-0.9682464003562928,0.7865946888923645,3.1402647495269775,2.1337335109710693,-1.0065312385559082
0.7997965216636658,3.0864055156707764,2.066274881362915,-1.0201303958892822,0.7807715535163879,3.0872247219085693,2.1027536392211914,-0.9844710230827332,0.7974919080734253,3.231703281402588,2.274354696273804,-0.9573487043380736,0.807016134262085,3.164264440536499,2.1964051723480225,-0.9678592085838318,0.8049602508544922,3.071624279022217,2.1199331283569336,-0.951690912246704,0.8170455098152161,3.206248998641968,2.2541277408599854,-0.9521211981773376,0.7787588238716125,3.062976837158203,2.0733981132507324,-0.989578366279602
0.8361871838569641,2.9939990043640137,1.981979250907898,-1.0120195150375366,0.8060485124588013,3.010519504547119,1.9987192153930664,-1.0118002891540527,0.8475501537322998,3.1533138751983643,2.131505250930786,-1.0218087434768677,0.8183417320251465,3.036634683609009,2.018868923187256,-1.0177661180496216,0.9005175232887268,3.056649684906006,2.0355312824249268,-1.0211182832717896,0.8185177445411682,3.1449134349823,2.1345620155334477,-1.0103514194488523,0.8005267381668091,3.152543783187866,2.1353487968444824,-1.0171953439712524
0.8585122227668762,3.02681303024292,2.073038101196289,-0.953774869441986,0.8688709735870361,2.986602544784546,2.0178959369659424,-0.9687066078186036,0.8118892908096313,3.0387227535247803,2.0826218128204346,-0.9561010599136353,0.7880855798721313,2.892130851745605,1.936518907546997,-0.9556121826171876,0.8569800853729248,3.0045502185821533,2.014125347137451,-0.990424633026123,0.8148815631866455,3.0040385723114014,2.019390106201172,-0.9846484661102296,0.8101767301559448,3.0698530673980713,2.0969269275665283,-0.9729260802268982
0.795848548412323,2.8754398822784424,1.8992656469345093,-0.9761742353439332,0.804419994354248,3.116621494293213,2.1027374267578125,-1.013884425163269,0.8212878704071045,3.0225229263305664,2.017563819885254,-1.004959225654602,0.7931675314903259,3.098929643630981,2.110170364379883,-0.9887593388557434,0.8183537125587463,3.304771900177002,2.3239645957946777,-0.9808073043823242,0.8760566711425781,3.130833864212036,2.155310869216919,-0.975522756576538,0.803904116153717,3.1708226203918457,2.169706344604492,-1.0011162757873535
0.7968681454658508,2.9730231761932373,1.9517277479171755,-1.0212953090667725,0.8091286420822144,3.0505504608154297,2.019273281097412,-1.0312772989273071,0.8045746684074402,3.0216968059539795,2.017791509628296,-1.0039052963256836,0.8190861344337463,2.9306676387786865,1.9188071489334104,-1.0118606090545654,0.8396995067596436,3.1360859870910645,2.139856576919556,-0.996229648590088,0.8246334791183472,2.8803906440734863,1.8827824592590328,-0.9976081252098083,0.795702338218689,3.2090511322021484,2.1768500804901123,-1.0322011709213257
0.8112032413482666,3.085988521575928,2.081351518630981,-1.0046370029449463,0.8330759406089783,2.924089431762696,1.9492493867874143,-0.9748399257659912,0.812957763671875,3.115933656692505,2.143733501434326,-0.9721999168395996,0.7903449535369873,3.026094436645508,2.0373573303222656,-0.9887371063232422,0.7918235659599304,3.025873899459839,1.987003207206726,-1.038870930671692,0.8148092031478882,3.055690050125122,2.047418594360352,-1.00827157497406,0.7912722229957581,3.0754148960113525,2.0805130004882812,-0.9949022531509399
0.7900187969207764,2.8204948902130127,1.8567179441452024,-0.9637768268585204,0.839907705783844,3.0506744384765625,2.044278144836426,-1.0063964128494265,0.8061041235923767,3.133512258529663,2.1456687450408936,-0.9878432154655457,0.8385825157165527,3.038797616958618,2.0280210971832275,-1.010776400566101,0.7893907427787781,2.99695348739624,1.988405466079712,-1.0085480213165283,0.9050052165985109,2.8795082569122314,1.9310675859451292,-0.9484407305717468,0.8209667205810547,3.197805643081665,2.189786672592163,-1.008019208908081
0.8625611662864685,3.192578315734864,2.258547782897949,-0.9340305924415588,0.8361406922340393,3.1469879150390625,2.2232398986816406,-0.9237478971481324,0.7964861989021301,3.1538562774658203,2.2237937450408936,-0.9300627112388612,0.8824869990348816,3.2147507667541504,2.254772901535034,-0.9599778056144714,0.8232453465461731,3.156001806259156,2.214994192123413,-0.9410075545310974,0.9184830784797668,3.1570606231689453,2.2349283695220947,-0.9221324920654296,0.8191481232643127,3.110637903213501,2.189202070236206,-0.921436071395874
0.7946190237998962,2.997446298599243,2.0490176677703857,-0.948428750038147,0.8277102112770081,3.0587263107299805,2.1214823722839355,-0.9372438788414,0.8025934100151062,3.0008139610290527,2.0549893379211426,-0.945824384689331,0.8143787384033203,2.958840847015381,2.022438764572144,-0.936401903629303,0.809296727180481,2.953718662261963,1.999524474143982,-0.9541942477226256,0.813790500164032,3.136101245880127,2.178497314453125,-0.9576038718223572,0.8014771342277527,2.98205304145813,2.0446698665618896,-0.9373829960823059
0.7957949638366699,3.081794261932373,2.089095115661621,-0.992698848247528,0.8163052201271057,3.0212435722351074,2.060697078704834,-0.9605464935302734,0.8008947372436523,3.199711561203003,2.211606502532959,-0.9881054162979126,0.8480743765830994,3.1334922313690186,2.152759075164795,-0.9807330965995787,0.8324344158172607,3.1119942665100098,2.1450953483581543,-0.9668987393379213,0.8207109570503235,3.1283810138702397,2.153437376022339,-0.9749433994293212,0.7708869576454163,3.0543434619903564,2.04472017288208,-1.0096231698989868
0.7744109034538269,3.01886248588562,2.0561468601226807,-0.9627156853675842,0.7784736752510071,3.019304275512696,2.041189193725586,-0.9781152606010436,0.7546496391296387,3.092751979827881,2.145303249359131,-0.9474486708641052,0.7997297644615173,2.983900785446167,2.0317296981811523,-0.9521709084510804,0.7850713133811951,3.138763427734375,2.20515775680542,-0.9336057305336,0.7608927488327026,3.063685178756714,2.1178712844848637,-0.9458141326904296,0.7890117168426514,2.904219627380371,1.9343419075012207,-0.9698775410652161
0.7932438254356384,3.120050430297852,2.154370784759521,-0.9656797647476196,0.8136158585548401,3.138075590133667,2.0948472023010254,-1.043228268623352,0.8005762696266174,3.1306095123291016,2.1313257217407227,-0.9992839097976683,0.7983223795890808,2.983391046524048,1.9922075271606443,-0.9911836385726928,0.7970701456069946,3.0998151302337646,2.101914644241333,-0.9979006052017212,0.888999342918396,3.167653560638428,2.1359965801239014,-1.0316569805145264,0.7902481555938721,3.103209972381592,2.0852508544921875,-1.0179591178894043
0.8281565308570862,2.9414961338043213,1.958743691444397,-0.982752561569214,0.8253470659255981,3.0075442790985107,2.010746717453003,-0.9967976212501526,0.8057705163955688,2.962932586669922,1.97554624080658,-0.9873866438865662,0.8506900072097778,2.922044515609741,1.96916925907135,-0.9528752565383912,0.7995760440826416,3.0252270698547363,2.0223710536956787,-1.0028555393218994,0.8377445936203003,2.949289560317993,1.9447269439697263,-1.0045626163482666,0.8184345960617065,2.9557220935821533,1.9658100605010986,-0.989912211894989
0.7958986759185791,3.085038661956787,2.0546998977661133,-1.0303385257720947,0.8197873830795288,3.0179543495178223,1.993794560432434,-1.0241596698760986,0.8899503946304321,3.2476024627685547,2.2451908588409424,-1.0024113655090332,0.8235403299331665,3.07621169090271,2.0406181812286377,-1.0355933904647827,0.8062403798103333,3.098340034484864,2.0949668884277344,-1.003373384475708,0.8365765810012817,3.0893313884735107,2.101962089538574,-0.9873692989349364,0.8131967186927795,3.223536491394043,2.203883171081543,-1.019653081893921
0.796029269695282,3.0319154262542725,2.078947067260742,-0.9529683589935304,0.80283123254776,2.930916786193848,1.944685339927673,-0.9862315058708192,0.8028690218925476,3.056191921234131,2.048058032989502,-1.0081337690353394,0.8108355402946472,3.0167691707611084,2.044500827789306,-0.9722685813903807,0.8096271753311157,3.036795139312744,2.0266520977020264,-1.0101426839828491,0.7995102405548096,3.0321567058563232,2.0669569969177246,-0.9651994705200196,0.8101575374603271,3.0941922664642334,2.087249994277954,-1.0069422721862793
0.7983781695365906,2.984616041183472,1.999950885772705,-0.9846652746200562,0.8070399165153503,3.092901468276977,2.094766855239868,-0.9981347918510436,0.8702921867370605,3.0997025966644287,2.1208608150482178,-0.9788417220115662,0.8259261846542358,2.9600307941436768,1.968021869659424,-0.9920089244842528,0.8163151741027832,3.0695667266845703,2.086104154586792,-0.983462691307068,0.8080191016197205,2.9981889724731445,2.042601585388184,-0.9555875062942504,0.7709449529647827,3.0111491680145264,1.9929909706115723,-1.0181583166122437
0.7884361743927002,3.101875305175781,2.1200435161590576,-0.9818317294120787,0.8285205960273743,3.083179712295532,2.1379313468933105,-0.945248246192932,0.8032098412513733,3.1371657848358154,2.167461395263672,-0.9697041511535645,0.810324490070343,2.9892687797546387,2.007127523422241,-0.9821413159370422,0.7952377796173096,3.0602457523345947,2.0675437450408936,-0.9927023649215698,0.8415060639381409,3.097092628479004,2.142382860183716,-0.9547097086906432,0.7648985385894775,3.033355712890625,2.063525438308716,-0.9698301553726196
0.8345735669136047,3.148425579071045,2.1976318359375,-0.950793445110321,0.8695504665374756,2.859118700027466,1.9107506275177,-0.9483681321144104,0.7896634936332703,3.15882420539856,2.180063009262085,-0.9787613749504088,0.835080623626709,3.111224412918091,2.157528877258301,-0.9536954164505004,0.8112860321998596,2.9451467990875244,1.9615541696548464,-0.983592689037323,0.8030762076377869,3.0257418155670166,2.0317845344543457,-0.993957221508026,0.8189403414726257,3.0411877632141113,2.0485692024230957,-0.9926185607910156
0.8595104217529297,2.896486520767212,1.88327157497406,-1.0132150650024414,0.8204461932182312,2.9874489307403564,2.008747339248657,-0.9787018895149232,0.9253036379814148,3.104785203933716,2.123694896697998,-0.9810906052589417,0.8702947497367859,3.0038552284240723,2.00449800491333,-0.9993573427200316,0.8820350766181946,3.108600378036499,2.130331516265869,-0.9782687425613404,0.8792017102241516,3.056839942932129,2.0700337886810303,-0.9868059158325196,0.7998276948928833,3.036006450653076,2.0429024696350098,-0.9931039810180664
0.8213565945625305,3.010982275009156,2.051417589187622,-0.9595646858215332,0.8325889110565186,3.06984281539917,2.122786283493042,-0.9470566511154176,0.7969532012939453,3.039220094680786,2.0696070194244385,-0.9696130752563475,0.8008844256401062,2.977470636367798,1.99107027053833,-0.986400306224823,0.8297938704490662,3.082653522491455,2.105600357055664,-0.9770530462265016,0.8219291567802429,3.0294978618621826,2.03692626953125,-0.9925714135169984,0.8187498450279236,2.948856830596924,1.9535000324249268,-0.9953567385673523
0.7945649027824402,3.0836312770843506,2.124192953109741,-0.9594383835792542,0.7899660468101501,2.9108357429504395,1.9693024158477783,-0.941533088684082,0.8448305726051331,3.0863850116729736,2.113875389099121,-0.9725096225738524,0.8680980205535889,2.8758983612060547,1.9100377559661863,-0.9658604860305786,0.8146809339523315,3.061384677886963,2.091072559356689,-0.9703121185302734,0.7840386629104614,3.199660301208496,2.215871572494507,-0.9837887287139891,0.7902116775512695,3.0405209064483643,2.080573320388794,-0.9599474668502808
0.7865826487541199,2.9797420501708984,2.014013290405273,-0.9657287001609802,0.8176870346069336,3.033219575881958,2.045382738113404,-0.9878368377685548,0.8268425464630127,3.1337826251983643,2.132675647735596,-1.0011069774627686,0.8108204007148743,3.0594637393951416,2.0934441089630127,-0.9660194516181946,0.8102490901947021,3.1658475399017334,2.1983444690704346,-0.9675031304359436,0.7896902561187744,3.035006284713745,2.058513641357422,-0.9764925837516784,0.8400079011917114,3.007380962371826,2.032899856567383,-0.974481463432312
0.8346809148788452,3.094625234603882,2.116523504257202,-0.9781014323234558,0.8087700009346008,3.037055969238281,2.038861036300659,-0.9981947541236876,0.7779207825660706,3.054548978805542,2.065394163131714,-0.989154815673828,0.7881659865379333,3.038092851638794,2.054353713989258,-0.9837389588356018,0.7971090078353882,3.092881202697754,2.131455898284912,-0.9614253044128418,0.804398775100708,3.15036678314209,2.1955339908599854,-0.9548330307006836,0.7930696606636047,3.163144826889038,2.19341778755188,-0.9697272181510925
0.8176382780075073,2.836841821670532,1.8372673988342283,-0.9995744228363036,0.8107324838638306,3.1534481048583984,2.2008681297302246,-0.9525802731513976,0.9249963164329528,3.1715638637542725,2.187171936035156,-0.9843918681144714,0.7996914982795715,3.088308095932007,2.120143175125122,-0.9681650996208192,0.8505035042762756,3.129480600357056,2.16052794456482,-0.9689525961875916,0.8238731026649475,3.152392625808716,2.167699098587036,-0.9846935868263244,1.0700589418411255,2.8760197162628174,1.9669220447540283,-0.9090976715087891
0.8143858909606934,3.15981125831604,2.194941520690918,-0.9648702144622804,0.7846906185150146,3.0857176780700684,2.0478715896606445,-1.0378459692001345,0.8009945154190063,3.1898159980773926,2.1775593757629395,-1.0122565031051636,0.8148506879806519,3.127331256866455,2.088619947433472,-1.0387111902236938,0.804723858833313,3.0097198486328125,2.0075666904449463,-1.0021530389785769,0.7797353863716125,3.10109806060791,2.070725202560425,-1.030372977256775,0.7705078721046448,3.02659273147583,2.0003747940063477,-1.026218056678772
0.7928070425987244,3.033698797225952,2.012147903442383,-1.0215507745742798,0.8033978939056396,2.8939993381500244,1.919413685798645,-0.9745857119560242,0.772212564945221,2.9662325382232666,1.9553622007369995,-1.010870337486267,0.8083236217498779,2.985065460205078,1.9702125787734983,-1.01485276222229,0.8355263471603394,2.981782913208008,1.994487762451172,-0.9872950911521912,0.7711959481239319,3.030019998550415,2.034129858016968,-0.9958900213241576,0.7770183682441711,2.970294713973999,1.9617007970809937,-1.0085936784744263
0.793645977973938,2.9459588527679443,2.0067386627197266,-0.9392200708389282,0.8120878338813782,2.9747095108032227,2.0194809436798096,-0.9552285671234132,0.7920777201652527,3.089977979660034,2.142689943313598,-0.9472877979278564,0.8483649492263794,3.034050464630127,2.089325428009033,-0.9447249174118042,0.8332853317260742,3.083263635635376,2.12099838256836,-0.9622650742530824,0.8083709478378296,3.160632610321045,2.21243953704834,-0.9481930732727052,0.7969527244567871,3.085164785385132,2.128572702407837,-0.9565919041633606
0.8159961104393005,3.032362937927246,2.0627362728118896,-0.9696265459060668,0.8315860629081726,2.9788289070129395,2.0076749324798584,-0.9711540341377258,0.809134304523468,3.136274814605713,2.1566162109375,-0.9796586632728576,0.7994008660316467,2.993354082107544,1.9957283735275269,-0.9976258277893066,0.8343196511268616,3.0849685668945312,2.1041200160980225,-0.9808485507965088,0.8720023036003113,3.0230414867401123,2.039032459259033,-0.9840091466903688,0.8694756627082825,3.028366804122925,2.0754587650299072,-0.9529076218605042
0.816820502281189,2.9441816806793213,1.9098378419876096,-1.0343438386917114,0.808609127998352,3.0253655910491943,2.0331690311431885,-0.9921963810920716,0.8069357872009277,3.133547782897949,2.126673936843872,-1.0068737268447876,0.8139154314994812,2.9828431606292725,1.973397970199585,-1.0094454288482666,0.801704466342926,3.0260257720947266,2.003511667251587,-1.0225141048431396,0.8494230508804321,3.1782798767089844,2.14600157737732,-1.0322787761688232,0.7994669675827026,3.0712270736694336,2.0628840923309326,-1.0083428621292114
0.8119481801986694,3.0174038410186768,2.043289422988892,-0.97411447763443,0.8262965083122253,3.001868963241577,2.027275562286377,-0.9745936393737792,0.8010719418525696,3.13488245010376,2.1662919521331787,-0.9685906767845154,0.809686005115509,2.9545557498931885,2.017007112503052,-0.937548577785492,0.7949340343475342,2.9887053966522217,2.047145366668701,-0.94156014919281,0.8211833238601685,2.974188327789306,2.010461807250977,-0.9637264013290404,0.7857601642608643,3.012399435043335,2.0688676834106445,-0.9435319900512695
0.7679781913757324,3.054940938949585,2.042163610458374,-1.01277756690979,0.8167526125907898,3.079667568206787,2.056750774383545,-1.0229167938232422,0.7964491248130798,3.13639497756958,2.1155099868774414,-1.0208848714828491,0.784734845161438,3.1188313961029053,2.08369517326355,-1.0351358652114868,0.7804958820343018,3.111652374267578,2.086455106735229,-1.025197148323059,0.8229148387908936,3.010252952575684,1.9925086498260496,-1.0177446603775024,0.792949378490448,3.184701919555664,2.145900011062622,-1.038801908493042
0.8261462450027466,3.073161363601685,2.133868932723999,-0.939292311668396,0.8380796313285828,3.0691182613372803,2.1153452396392822,-0.9537728428840636,0.8101651668548584,2.876105308532715,1.923083782196045,-0.95302152633667,0.8787663578987122,2.846891164779663,1.89645254611969,-0.9504386186599731,0.9946627616882324,3.06086802482605,2.1470675468444824,-0.9138001799583436,0.8069817423820496,3.0556561946868896,2.1055796146392822,-0.9500765204429626,0.8236569762229919,2.9213035106658936,1.9573968648910522,-0.9639067053794861
0.7831586599349976,3.0403249263763428,2.0206730365753174,-1.0196517705917358,0.7882924675941467,2.9704349040985107,1.9609237909317017,-1.0095109939575195,0.8056468963623047,3.011334180831909,2.006537675857544,-1.004796266555786,0.793209969997406,2.8827152252197266,1.893298864364624,-0.9894161820411682,0.8274656534194946,3.05540132522583,2.064605712890625,-0.9907954931259156,0.7836216688156128,3.086512565612793,2.072486162185669,-1.0140260457992554,0.7943669557571411,3.0444910526275635,2.0325927734375,-1.0118980407714844
0.7785679697990417,3.058363914489746,2.054152727127075,-1.0042109489440918,0.8173462152481079,2.9685544967651367,2.003544569015503,-0.9650096893310548,0.7853557467460632,3.0497727394104004,2.0912373065948486,-0.958535373210907,0.809423565864563,2.9787728786468506,1.9838435649871824,-0.994929313659668,0.8325457572937012,3.0118794441223145,2.0164387226104736,-0.995440661907196,0.8031083941459656,2.969803810119629,1.9837241172790527,-0.9860796332359314,0.7849802374839783,3.023676872253418,2.0357608795166016,-0.9879158139228821
0.8083134889602661,3.110368013381958,2.1421682834625244,-0.9681994915008544,0.8144990801811218,2.967104434967041,1.9833340644836424,-0.9837702512741088,0.8266799449920654,3.113631010055542,2.1526923179626465,-0.9609386324882508,0.8446822762489319,3.077810525894165,2.117915391921997,-0.9598950147628784,0.8017327189445496,3.089683055877685,2.1432697772979736,-0.9464130401611328,0.7842774391174316,3.0707929134368896,2.107742547988892,-0.9630502462387084,0.806084394454956,3.1860220432281494,2.2074880599975586,-0.9785341024398804
0.8004593253135681,3.0158982276916504,1.96125602722168,-1.054641842842102,0.8096320629119873,3.0269601345062256,1.9756193161010744,-1.0513408184051514,0.7629185318946838,3.141526699066162,2.112161159515381,-1.0293655395507812,0.8384004831314087,3.0941381454467773,2.0758650302886963,-1.0182733535766602,0.8871110081672668,2.9344801902771,1.9599974155426023,-0.9744828343391418,0.8155357241630554,3.1378798484802246,2.118805170059204,-1.0190744400024414,0.8063465356826782,3.205857276916504,2.1873881816864014,-1.018469214439392
0.8295338749885559,3.067946434020996,2.0886647701263428,-0.9792816042900084,0.8316105008125305,3.028628349304199,2.0693724155426025,-0.9592559337615968,0.8138997554779053,3.05191969871521,2.074476718902588,-0.9774429202079772,0.8305856585502625,3.044856071472168,2.044343948364258,-1.0005117654800415,0.790690004825592,3.011491060256958,2.032726526260376,-0.978764533996582,0.8064048886299133,3.046637535095215,2.079350471496582,-0.967287003993988,0.7858454585075378,3.1052942276000977,2.121769666671753,-0.9835248589515686
0.8071727752685547,3.00695538520813,2.029250383377075,-0.977705180644989,0.810127854347229,3.0630886554718018,2.0356545448303223,-1.0274341106414795,0.8145692348480225,3.0695927143096924,2.0569393634796143,-1.012653112411499,0.8497583270072937,2.9516441822052,1.97810959815979,-0.9735345840454102,0.8255826830863953,3.119014501571656,2.1648569107055664,-0.9541576504707336,0.8421692848205566,3.091884136199951,2.062025308609009,-1.0298583507537842,0.772601306438446,3.090677261352539,2.072906494140625,-1.0177708864212036
0.78985196352005,2.9832046031951904,1.9915159940719604,-0.9916881322860718,0.8119187951087952,3.0253400802612305,2.041382312774658,-0.9839577674865724,0.8066943883895874,3.0493757724761963,2.0216739177703857,-1.0277016162872314,0.8173755407333374,3.0537259578704834,2.054651260375977,-0.9990748167037964,0.8323668241500854,3.2166905403137207,2.235267639160156,-0.9814229011535645,0.8486891388893127,3.203582763671875,2.213733196258545,-0.9898494482040404,0.8112512826919556,3.060574531555176,2.0823323726654053,-0.978242039680481
0.7872145771980286,3.0072243213653564,2.021480083465576,-0.9857444763183594,0.8192533850669861,3.0525095462799072,2.0476996898651123,-1.0048102140426636,0.7950924038887024,3.069175243377685,2.110057592391968,-0.9591176509857178,0.7989608645439148,3.0566534996032715,2.0692498683929443,-0.9874034523963928,0.7746429443359375,2.9899721145629883,1.9717872142791748,-1.018185019493103,0.8055351972579956,3.087860345840454,2.0888566970825195,-0.9990034699440002,0.7968763113021851,3.1765851974487305,2.140450954437256,-1.0361340045928955
0.8040638566017151,3.149647951126098,2.112945795059204,-1.0367019176483154,0.8412983417510986,3.059054613113404,2.0393309593200684,-1.0197235345840454,0.8430555462837219,3.1570489406585693,2.184027671813965,-0.9730212092399596,0.8274713754653931,3.119714975357056,2.100210905075073,-1.0195040702819824,0.7942236661911011,3.066816568374634,2.05471134185791,-1.0121054649353027,0.8465303778648376,3.218508243560791,2.220104932785034,-0.9984033703804016,0.8195789456367493,3.0919504165649414,2.077364206314087,-1.0145859718322754
0.8252357840538025,2.923926830291748,1.8769400119781487,-1.0469868183135986,0.8451021313667297,2.996866464614868,1.9870073795318604,-1.009859323501587,0.8421214818954468,3.0671932697296143,2.030423641204834,-1.0367692708969116,0.8389956951141357,3.0242409706115723,1.9869054555892944,-1.0373353958129885,0.814110279083252,3.047424554824829,2.0018155574798584,-1.0456087589263916,0.8141489028930664,3.117140531539917,2.071448802947998,-1.045691728591919,0.8157431483268738,3.1298887729644775,2.0983688831329346,-1.031519889831543
0.7975902557373047,3.1361453533172607,2.1683475971221924,-0.967797875404358,0.8342831134796143,3.01383376121521,2.0181243419647217,-0.9957093596458436,0.8280543684959412,3.077491044998169,2.0786049365997314,-0.9988861680030824,0.846660315990448,2.955653667449951,1.9679460525512693,-0.9877075552940368,0.8411580920219421,3.096825122833252,2.130462169647217,-0.9663629531860352,0.7917684316635132,3.1095120906829834,2.102558135986328,-1.0069539546966553,0.8262277245521545,3.006970167160034,1.9882254600524902,-1.0187445878982544
0.7960110902786255,3.090122699737549,2.0920748710632324,-0.998047649860382,0.8332217931747437,3.0125041007995605,2.029486179351806,-0.983018159866333,0.7704452872276306,3.0988597869873047,2.082292556762696,-1.0165674686431885,0.8031929135322571,3.102478265762329,2.0823984146118164,-1.0200800895690918,0.8155361413955688,3.046708822250366,2.0706770420074463,-0.976031482219696,0.8029072880744934,3.088663339614868,2.1299445629119877,-0.9587190747261048,0.835568368434906,3.2512404918670654,2.244805097579956,-1.0064351558685303
0.8006493449211121,3.0664186477661133,2.040791273117065,-1.025627374649048,0.7903093695640564,3.0130910873413086,1.9933960437774656,-1.0196951627731323,0.9013171792030334,2.9427084922790527,1.965307354927063,-0.9774011373519896,0.8120710849761963,2.971959114074707,1.9799493551254272,-0.9920100569725036,0.791671872138977,3.05228853225708,2.0457937717437744,-1.0064949989318848,0.8205753564834595,3.0081675052642822,2.0173611640930176,-0.9908064603805542,0.7979602813720703,3.17905592918396,2.188671350479126,-0.9903846383094788
0.7737196683883667,3.005723237991333,2.0177621841430664,-0.9879611730575562,0.8002106547355652,3.038793563842773,2.040493965148926,-0.9982995986938475,0.8185562491416931,3.1584715843200684,2.1674721240997314,-0.9909995794296264,0.8241798877716064,3.1639275550842285,2.1578710079193115,-1.006056547164917,0.826005756855011,3.024240016937256,2.045151472091675,-0.9790886044502258,0.8413282036781311,3.1498959064483643,2.153146505355835,-0.9967494010925292,0.8375145196914673,3.187052011489868,2.208531141281128,-0.9785206317901611
0.7856647372245789,3.070761680603028,2.0580837726593018,-1.0126779079437256,0.8058652877807617,2.8767879009246826,1.9028066396713257,-0.9739813208580016,0.8024625778198242,3.037682056427002,2.068068742752075,-0.9696130752563475,0.8211933970451355,2.983017921447754,1.9633033275604248,-1.0197148323059082,0.805201530456543,3.124850988388061,2.123176097869873,-1.0016748905181885,0.8191239833831787,2.986994504928589,1.9809423685073853,-1.0060522556304932,0.7841041088104248,2.9268112182617188,1.9599462747573853,-0.9668649435043335
0.8181553483009338,3.0471866130828857,2.067471981048584,-0.9797145128250122,0.7939448356628418,2.9728777408599854,1.984872460365296,-0.9880051016807556,0.824172854423523,3.022078514099121,2.024815797805786,-0.997262716293335,0.8226529359817505,3.019190549850464,2.024389743804932,-0.9948003888130188,0.8324986696243286,3.081491231918335,2.1266229152679443,-0.9548683762550354,0.8252078294754028,3.035031080245972,2.0333642959594727,-1.001666784286499,0.816039502620697,3.013214111328125,2.0328943729400635,-0.980320155620575
0.813962996006012,2.905890703201294,1.9431287050247192,-0.9627620577812196,0.8624315857887268,3.0328190326690674,2.075078248977661,-0.9577403664588928,0.8621172308921814,3.1001150608062744,2.138282299041748,-0.9618327617645264,0.8812407851219177,3.047950029373169,2.071183919906616,-0.9767659902572632,0.8740285634994507,2.97477388381958,2.0075600147247314,-0.967213809490204,0.8843573331832886,2.95247220993042,1.977150321006775,-0.9753219485282898,0.8033793568611145,3.004166603088379,2.027312755584717,-0.9768537878990173
0.7992881536483765,3.0274503231048584,2.046127796173096,-0.9813226461410522,0.8388868570327759,3.1752705574035645,2.1778886318206787,-0.9973818063735962,0.8401219844818115,3.190636396408081,2.2109251022338867,-0.9797112941741944,0.919133484363556,2.8868532180786133,1.9320971965789795,-0.954756200313568,0.8463724255561829,2.980353116989136,2.019283056259156,-0.96107017993927,0.8382778167724609,3.1178641319274902,2.1475706100463867,-0.9702938795089722,0.783505380153656,3.1068224906921387,2.124074697494507,-0.9827480912208557
0.8107404708862305,2.979433298110962,2.0238773822784424,-0.95555579662323,0.7986376881599426,2.945130586624145,1.9720213413238523,-0.9731093645095824,0.788937509059906,3.063671827316284,2.103724718093872,-0.9599469900131226,0.7859089374542236,3.018946886062622,2.082144498825073,-0.9368022680282592,0.802182137966156,2.98331880569458,2.023845195770264,-0.9594736695289612,0.8204688429832458,3.049248218536377,2.1248159408569336,-0.9244322180747986,0.8047322630882263,3.0122499465942383,2.03934907913208,-0.9729006290435791
0.8104106187820435,2.9824788570404053,2.028857469558716,-0.9536219239234924,0.8420081734657288,2.841745615005493,1.8836218118667605,-0.9581238031387328,0.8077666163444519,2.977158784866333,2.012746572494507,-0.9644123315811156,0.8691169023513794,2.743055820465088,1.799926519393921,-0.9431293606758118,0.8605821132659912,2.885747194290161,1.8866245746612549,-0.999122679233551,0.851965606212616,3.008074283599853,2.00723648071289,-1.0008376836776731,0.8727686405181885,2.960787296295166,1.9763926267623901,-0.9843944311141968
0.8087178468704224,2.9803874492645264,1.9649524688720703,-1.0154350996017456,0.8344785571098328,2.9716970920562744,1.9890261888504028,-0.982670783996582,0.8138294816017151,3.2210633754730225,2.206105947494507,-1.0149575471878052,0.8195757269859314,3.0199337005615234,2.0290396213531494,-0.9908936023712158,0.7899515628814697,3.0938143730163574,2.1101667881011963,-0.9836474657058716,0.8060984015464783,3.1151561737060547,2.1223692893981934,-0.9927871227264404,0.8196867108345032,3.0714755058288574,2.0988526344299316,-0.9726226925849915
0.805286169052124,3.139342784881592,2.133460998535156,-1.0058815479278564,0.8590565919876099,2.984856605529785,2.005727052688598,-0.9791294932365416,0.8596042394638062,2.9060988426208496,1.9126033782958984,-0.9934956431388856,0.81705242395401,2.957725524902344,1.9824333190917969,-0.975292146205902,0.8189980387687683,2.979180097579956,1.9999125003814693,-0.9792676568031312,0.8507137894630432,2.8918159008026123,1.908735752105713,-0.983080267906189,0.8350852727890015,3.000951051712036,1.996768593788147,-1.0041825771331787
0.8110786080360413,2.974891424179077,1.975569486618042,-0.9993220567703248,0.8016156554222107,3.0474660396575928,2.0776987075805664,-0.9697675704956056,0.8133071660995483,3.1415765285491943,2.171673536300659,-0.9699029922485352,0.830033540725708,3.124907732009888,2.155567646026612,-0.9693401455879213,0.8163408041000366,3.098910331726074,2.1246368885040283,-0.974273443222046,0.8277265429496765,3.158777236938477,2.1622061729431152,-0.9965708255767822,0.8495854735374451,3.090386152267456,2.1001720428466797,-0.990213930606842
0.8068205118179321,2.9261269569396973,1.9553120136260984,-0.970815122127533,0.8259310722351074,2.9918668270111084,2.0211069583892822,-0.9707597494125366,0.8091335892677307,3.181881904602051,2.22962498664856,-0.9522569179534912,0.8282908797264099,3.094556331634521,2.11761736869812,-0.9769392013549804,0.7809897661209106,3.036007642745972,2.0645384788513184,-0.971468985080719,0.7832492589950562,3.1945066452026367,2.213616847991944,-0.9808899760246276,0.7851120829582214,3.0892128944396973,2.1256115436553955,-0.9636014699935913
0.7840479016304016,3.090604782104492,2.129069328308105,-0.9615355134010316,0.811802089214325,3.080493211746216,2.0819454193115234,-0.998547911643982,0.7947968244552612,3.121652841567993,2.11999773979187,-1.0016552209854126,0.781606137752533,2.975268840789795,1.9574391841888428,-1.0178298950195312,0.777145266532898,3.0606801509857178,2.048562526702881,-1.0121179819107056,0.8052518367767334,3.1112618446350098,2.0843632221221924,-1.026898741722107,0.7873603701591492,3.111032009124756,2.082845687866211,-1.0281864404678345
0.7934015989303589,2.940382957458496,1.9865790605545044,-0.953803777694702,0.7884539365768433,2.799801111221313,1.837496399879456,-0.9623048305511476,0.8143184781074524,3.062601327896118,2.116693019866944,-0.94590824842453,0.7843789458274841,3.0450870990753174,2.052058696746826,-0.9930285215377808,0.847942054271698,3.147428512573242,2.159124851226806,-0.9883037209510804,0.803601086139679,3.062008142471313,2.06355881690979,-0.9984492659568788,0.7870033383369446,2.8987934589385986,1.9312944412231445,-0.9674988985061646
0.8409470319747925,3.173686981201172,2.149333477020264,-1.0243535041809082,0.7946594953536987,3.0827739238739014,2.077622890472412,-1.0051510334014893,0.8420166373252869,2.93923282623291,1.978118658065796,-0.9611143469810486,0.8254646062850952,2.961714506149292,1.931588053703308,-1.0301263332366943,0.8224283456802368,3.145996570587158,2.1004514694213867,-1.045544981956482,0.9084404706954956,3.006930112838745,1.9774047136306765,-1.0295252799987793,0.8075951337814331,3.1070947647094727,2.0853419303894043,-1.021752953529358
0.7956089973449707,3.0067124366760254,2.0481936931610107,-0.9585188031196594,0.8218192458152771,2.9914746284484863,2.0281450748443604,-0.9633293151855468,0.8403831720352173,3.1289939880371094,2.1698713302612305,-0.9591227769851683,0.8310752511024475,2.87263298034668,1.918946862220764,-0.9536861181259156,0.7741278409957886,3.0177440643310547,2.0370097160339355,-0.9807343482971193,0.8179628252983093,3.050795078277588,2.085747003555298,-0.9650478959083556,0.7840663194656372,3.0193727016448975,2.0388286113739014,-0.9805440902709961
0.7932434678077698,2.9052889347076416,1.9395307302474976,-0.965758204460144,0.8278223276138306,2.994903802871704,2.0041942596435547,-0.9907096028327942,0.7814903259277344,3.199604749679565,2.1921627521514893,-1.0074419975280762,0.8367654085159302,2.9693591594696045,1.9867291450500488,-0.9826300144195556,0.7829140424728394,2.9643778800964355,1.9488492012023928,-1.0155285596847534,0.852492094039917,3.1660711765289307,2.1368324756622314,-1.0292387008666992,0.7897748351097107,3.0668976306915283,2.06581449508667,-1.0010831356048584
0.7831118106842041,3.065370321273804,2.025369644165039,-1.040000557899475,0.796981692314148,3.059723138809204,2.06720232963562,-0.9925205707550048,0.7927007079124451,3.094289779663086,2.066391706466675,-1.027898192405701,0.8081257343292236,2.9920876026153564,1.954093098640442,-1.037994623184204,0.7976933121681213,2.9989242553710938,1.996466040611267,-1.0024583339691162,0.8019649982452393,3.227266550064087,2.2120120525360107,-1.0152546167373655,0.8246837854385376,3.1863467693328857,2.129443883895874,-1.0569030046463013
0.7903797626495361,3.072620153427124,2.098613977432251,-0.9740058779716492,0.812734067440033,3.0297276973724365,1.9909521341323853,-1.0387753248214722,0.810408353805542,3.155648231506348,2.182718276977539,-0.9729297161102296,0.8275145888328552,2.970932960510254,1.9950860738754272,-0.9758469462394714,0.8067814707756042,3.052471399307251,2.042330265045166,-1.0101412534713743,0.9291508197784424,3.217761993408203,2.255396604537964,-0.9623653292655944,0.7832919955253601,2.9498252868652344,1.9387648105621338,-1.011060357093811
0.7895344495773315,3.084927082061768,2.1114766597747803,-0.9734506607055664,0.7875331044197083,3.0998547077178955,2.1561827659606934,-0.9436720013618468,0.8248388767242432,3.013120174407959,2.035304069519043,-0.977816104888916,0.817000687122345,3.0004591941833496,1.9993351697921755,-1.0011242628097534,0.8075576424598694,2.9668073654174805,1.9710891246795648,-0.9957180619239808,0.8918617963790894,3.145253419876098,2.1704230308532715,-0.974830448627472,0.8126360177993774,3.0493340492248535,2.0742926597595215,-0.9750412106513977
0.8131306767463684,3.081892490386963,2.1394805908203125,-0.9424120783805848,0.827651858329773,2.962663650512696,1.996234893798828,-0.966428816318512,0.8137409687042236,3.0036418437957764,2.0205914974212646,-0.9830504655838012,0.8276517987251282,2.959224462509156,1.9943286180496216,-0.964895725250244,0.8271757364273071,3.083075761795044,2.0879621505737305,-0.9951135516166688,1.1005998849868774,2.9678494930267334,2.0397114753723145,-0.9281377196311952,0.8223671317100525,3.1191415786743164,2.0813047885894775,-1.0378365516662598
0.8110790848731995,3.1543376445770264,2.1716649532318115,-0.9826728701591492,0.7931135296821594,3.030925989151001,2.0022335052490234,-1.028692603111267,0.7727853059768677,3.084919214248657,2.076885461807251,-1.0080335140228271,0.8276435136795044,3.1153039932250977,2.105139970779419,-1.0101641416549685,0.7961694598197937,3.127734661102295,2.095618963241577,-1.0321155786514282,0.8351863026618958,3.1633505821228027,2.161512851715088,-1.0018377304077148,0.832981526851654,3.088245391845703,2.118588924407959,-0.9696566462516785
0.812551736831665,2.912655830383301,1.9600632190704343,-0.952592670917511,0.8202272057533264,2.9242947101593018,1.946542501449585,-0.977752149105072,0.8094749450683594,3.093168020248413,2.10634994506836,-0.9868184328079224,0.8218212723731995,3.072516441345215,2.062994956970215,-1.009521484375,0.8071663975715637,3.1168220043182373,2.13357925415039,-0.9832428097724916,0.8323317170143127,3.060271739959717,2.0379817485809326,-1.022289752960205,0.8552294373512268,3.077052116394043,2.1223275661468506,-0.9547243714332581
0.8178871870040894,3.1479012966156006,2.195956230163574,-0.9519449472427368,0.8176601529121399,3.0924723148345947,2.11707615852356,-0.9753961563110352,0.8101630210876465,3.118725538253784,2.115184545516968,-1.003541111946106,0.8010891675949097,3.025590181350708,2.0210421085357666,-1.0045478343963623,0.8130506873130798,3.1550564765930176,2.176549434661865,-0.9785068035125732,0.8272873759269714,3.1150379180908203,2.1241822242736816,-0.9908560514450072,0.8426812887191772,3.135751485824585,2.1389973163604736,-0.9967543482780457
0.8153471350669861,3.0773725509643555,2.066397190093994,-1.0109752416610718,0.8200720548629761,3.0195531845092773,2.0430355072021484,-0.9765174984931946,0.8144963979721069,3.1117730140686035,2.156536817550659,-0.9552360773086548,0.7897302508354187,2.9781606197357178,2.0045199394226074,-0.973641037940979,0.7895787358283997,3.017310619354248,2.046236038208008,-0.9710748195648192,0.8981569409370422,3.010549545288086,2.055898904800415,-0.9546508193016052,0.8258852362632751,3.046156883239746,2.0714964866638184,-0.9746605157852173
0.8168342709541321,3.0798168182373047,2.107787132263184,-0.9720295667648317,0.8098655343055725,3.0030338764190674,2.011402368545532,-0.9916316270828248,0.7925688028335571,3.159101963043213,2.155730724334717,-1.0033708810806274,0.8253763914108276,2.93891978263855,1.926615118980408,-1.0123047828674316,0.829415500164032,3.113636016845703,2.113041877746582,-1.0005942583084106,0.8247992396354675,3.001936197280884,1.990195035934448,-1.011741042137146,0.7987273931503296,3.0650737285614014,2.08247447013855,-0.9825994372367859
0.7767307162284851,3.089627265930176,2.121274709701538,-0.9683524966239928,0.8223812580108643,3.016258478164673,2.0387661457061768,-0.9774926900863647,0.821523129940033,3.051478147506714,2.068516492843628,-0.982961654663086,0.8252944946289062,3.0550007820129395,2.079131364822388,-0.975869119167328,0.7875460982322693,3.1274003982543945,2.112873077392578,-1.0145275592803955,0.8164358735084534,3.19240665435791,2.196374893188477,-0.9960315227508544,0.8171560764312744,3.127622604370117,2.0982301235198975,-1.0293924808502197
0.8111739158630371,3.038515090942383,2.0306100845336914,-1.0079050064086914,0.7424561381340027,3.093122959136963,2.0780720710754395,-1.015051007270813,0.7811731100082397,3.065957546234131,2.0907576084136963,-0.9751997590065002,0.79237300157547,3.05537486076355,2.035482406616211,-1.019892334938049,0.7940471172332764,3.102545499801636,2.11970853805542,-0.9828368425369264,0.858585774898529,3.1109812259674072,2.132646322250366,-0.9783352017402648,0.8309563994407654,3.0927321910858154,2.1125540733337402,-0.9801777601242065
0.8020356297492981,3.112797737121582,2.16748309135437,-0.9453144669532776,0.8561592698097229,3.0550122261047363,2.090795516967773,-0.96421617269516,0.8124901652336121,3.033867597579956,2.0349013805389404,-0.9989664554595948,0.8121006488800049,2.917649984359741,1.9239091873168943,-0.9937406182289124,0.8483312129974365,3.1194992065429688,2.117103099822998,-1.0023959875106812,0.8387044072151184,3.0300238132476807,2.039693593978882,-0.9903303980827332,0.7908110022544861,2.9948015213012695,2.005223035812378,-0.9895784258842468
0.8112244009971619,3.1504838466644287,2.165203809738159,-0.9852802753448486,0.8170287013053894,2.944882392883301,1.9673974514007568,-0.9774847030639648,0.8444382548332214,3.1634371280670166,2.162691831588745,-1.000745177268982,0.8196203112602234,3.152316331863404,2.1956732273101807,-0.9566431045532228,0.8258802890777588,3.120414018630981,2.144927263259888,-0.9754868149757384,0.8545069694519043,2.9918768405914307,2.007983684539795,-0.9838929772377014,0.7932512164115906,3.059901714324951,2.10367751121521,-0.9562241435050964
0.8065325021743774,3.093672275543213,2.086937665939331,-1.0067344903945925,0.8064624667167664,3.121370792388916,2.157989740371704,-0.9633808135986328,0.8121997117996216,3.109865427017212,2.091768264770508,-1.0180970430374146,0.7875458598136902,3.0900793075561523,2.054067611694336,-1.0360116958618164,0.802268922328949,3.058082342147827,2.065771102905273,-0.992311418056488,0.8248125910758972,2.966695070266724,1.9720021486282349,-0.994692862033844,0.8081796765327454,3.105792760848999,2.1545042991638184,-0.9512885808944702
0.8205178380012512,3.0852184295654297,2.0719361305236816,-1.0132824182510376,0.8149303793907166,3.0320661067962646,2.096654891967773,-0.9354113340377808,0.811424732208252,3.1145081520080566,2.118711233139038,-0.9957968592643738,0.8303120136260986,2.9938607215881348,2.0428237915039062,-0.9510367512702942,0.8023291230201721,3.043651580810547,2.0765492916107178,-0.967102348804474,0.8321866989135742,3.1519296169281006,2.202423572540283,-0.9495059847831726,0.8039478063583374,3.1086363792419434,2.1059021949768066,-1.0027340650558472
0.8075987100601196,3.0217156410217285,2.083188772201538,-0.9385268092155457,0.7766123414039612,3.066023826599121,2.085911512374878,-0.9801126718521118,0.8045811653137207,3.005704641342163,2.056364059448242,-0.949340522289276,0.835493803024292,2.983433485031128,2.03140640258789,-0.9520273804664612,0.8090845346450806,2.981586217880249,2.021828413009644,-0.959757924079895,0.7622307538986206,3.038728713989258,2.0754470825195312,-0.9632816314697266,0.7883162498474121,3.0088698863983154,2.0555248260498047,-0.9533452391624451
0.7982438802719116,3.1217527389526367,2.1336238384246826,-0.9881291389465332,0.8010562062263489,3.03890061378479,2.058019161224365,-0.9808816313743592,0.8142828345298767,3.2172467708587646,2.2054476737976074,-1.0117993354797363,0.8347271680831909,2.8675005435943604,1.90694522857666,-0.9605554342269896,0.84010249376297,3.1491706371307373,2.1295082569122314,-1.019662380218506,0.8993671536445618,2.918841361999512,1.9284464120864868,-0.9903950095176696,0.7873197197914124,2.9922707080841064,1.9603943824768066,-1.0318762063980103
0.8170774579048157,3.0597012042999268,2.056729316711426,-1.0029720067977903,0.8149414658546448,3.008020162582397,2.027777194976806,-0.9802428483963012,0.8213673233985901,2.900010824203491,1.8996118307113647,-1.0003989934921265,0.776943564414978,2.9839212894439697,2.0080254077911377,-0.9758958220481871,0.8011194467544556,3.055415153503418,2.0704169273376465,-0.9849984645843506,0.8188708424568176,3.0342633724212646,2.053796529769897,-0.9804666638374328,0.8166581988334656,3.0621542930603027,2.0890421867370605,-0.9731123447418213
0.8212893605232239,2.974330186843872,1.9656617641448968,-1.0086685419082642,0.8269280195236206,3.0535881519317627,2.077130079269409,-0.9764578938484192,0.7898004055023193,3.144279718399048,2.124959707260132,-1.0193202495574951,0.8653293251991272,3.049754858016968,1.997604250907898,-1.0521502494812012,0.8438995480537415,3.20323133468628,2.2317936420440674,-0.9714380502700806,0.9306510090827942,3.16695237159729,2.19407320022583,-0.97287917137146,0.8498226404190063,3.141848087310791,2.1452829837799072,-0.9965651035308838
0.8059074282646179,2.9391214847564697,1.9583873748779297,-0.9807338714599608,0.7954504489898682,3.0058627128601074,2.064612627029419,-0.941250503063202,0.8100135326385498,3.03263258934021,2.060388803482056,-0.9722439050674438,0.8332934379577637,2.980416774749756,2.0028538703918457,-0.9775629043579102,0.8247404098510742,3.02965784072876,2.044662475585937,-0.9849954843521118,0.8482770919799805,3.137049436569214,2.146718263626098,-0.9903309941291808,0.8226244449615479,3.0515947341918945,2.0540781021118164,-0.9975168108940125
0.8310282230377197,3.105763435363769,2.131034135818481,-0.9747294783592224,0.8130007982254028,2.9748687744140625,2.024627447128296,-0.950241208076477,0.8172402381896973,3.0471293926239014,2.0607779026031494,-0.9863514304161072,0.8053028583526611,3.044755697250366,2.0823917388916016,-0.9623637199401855,0.7960231900215149,2.962127447128296,2.0121452808380127,-0.9499817490577698,0.852872371673584,3.0547170639038086,2.0916850566864014,-0.9630321860313416,0.8063470125198364,3.117563486099243,2.1390092372894287,-0.9785544276237488
0.7970713376998901,2.998230457305908,1.9625444412231443,-1.0356861352920532,0.8549600839614868,2.97928524017334,1.977625846862793,-1.0016595125198364,0.8042511940002441,3.0020248889923096,2.002551555633545,-0.9994735717773438,0.7862926721572876,2.9441866874694824,1.9662272930145264,-0.977959394454956,0.7986348271369934,3.1228034496307373,2.09019136428833,-1.0326120853424072,0.8928285241127014,3.0389599800109863,2.063373327255249,-0.975586712360382,0.787912130355835,2.9756686687469482,2.0057597160339355,-0.9699088335037231
0.8079879879951477,3.0246760845184326,2.0399770736694336,-0.9846988320350648,0.8393915891647339,2.9312450885772705,1.903772592544556,-1.0274723768234253,0.8255337476730347,3.060169219970703,2.050281286239624,-1.0098876953125,0.8418792486190796,2.9404337406158447,1.956573367118836,-0.983860433101654,0.847517728805542,3.026484966278076,2.0203187465667725,-1.0061665773391724,0.8116851449012756,3.096309900283813,2.105844497680664,-0.99046528339386,0.7943956851959229,3.0473971366882324,2.032715320587158,-1.0146815776824951
0.7911837100982666,3.0613372325897217,2.080962657928467,-0.9803746342658995,0.7704766988754272,3.0772504806518555,2.108311176300049,-0.9689394235610962,0.80253666639328,3.194622278213501,2.193054676055908,-1.0015677213668823,0.8230633735656738,3.1334683895111084,2.1725239753723145,-0.96094411611557,0.8289152383804321,3.00862717628479,2.028096914291382,-0.9805303812026978,0.805293083190918,3.1634225845336914,2.19323468208313,-0.970187783241272,0.7987453937530518,3.177396059036255,2.194321870803833,-0.9830742478370667
0.8177316784858704,3.036927938461304,2.049548864364624,-0.9873788952827454,0.9846782684326172,3.099516153335572,2.1327333450317383,-0.9667829275131226,0.8091315627098083,3.046504497528076,2.043424367904663,-1.003080129623413,0.8091404438018799,3.102323532104492,2.130815029144287,-0.9715080261230468,0.8103448748588562,2.866275787353516,1.859652757644653,-1.0066227912902832,0.8383395671844482,2.9975128173828125,2.004504680633545,-0.993008553981781,0.790915846824646,3.0954184532165527,2.1242244243621826,-0.9711939096450806
0.8027613162994385,2.8618826866149902,1.9216991662979128,-0.9401835799217224,0.8011618852615356,3.026559352874756,2.018240451812744,-1.0083190202713013,0.8062050342559814,3.102868795394897,2.140535831451416,-0.9623329043388368,0.8408370018005371,3.058640718460083,2.0720083713531494,-0.9866323471069336,0.8217675089836121,3.082205295562744,2.103188753128052,-0.979016661643982,0.9527530670166016,2.9352669715881348,2.008355140686035,-0.9269115328788756,0.8074485659599304,3.0762972831726074,2.074950933456421,-1.0013461112976074
0.8318287134170532,2.971095323562622,2.0021471977233887,-0.9689480066299438,0.8405987620353699,2.94265079498291,1.984243392944336,-0.95840722322464,0.8437468409538269,3.0602469444274902,2.107289552688598,-0.9529574513435364,0.9079177975654602,2.8492181301116943,1.902236700057984,-0.9469813108444214,0.8178845047950745,3.011281013488769,2.0300772190093994,-0.98120379447937,0.9265488982200624,2.9033119678497314,1.971794962882996,-0.9315171241760254,0.8376222252845764,3.066265344619751,2.121579647064209,-0.9446852207183838
0.7824885249137878,2.907415866851806,1.952809810638428,-0.9546059370040894,0.8601688742637634,2.814711570739746,1.8455170392990112,-0.9691946506500244,0.8225582838058472,3.065451145172119,2.114468097686768,-0.9509827494621276,0.8374945521354675,2.927665948867798,1.965662240982056,-0.9620038270950316,0.7791174650192261,2.9389028549194336,1.965908646583557,-0.9729942679405212,0.827917218208313,3.180432081222534,2.183411836624145,-0.997020184993744,0.8119339346885681,3.0228538513183594,2.026998281478882,-0.9958555698394775
0.8262096047401428,3.0059680938720703,1.995851397514344,-1.010116696357727,0.8091340661048889,2.92805552482605,1.9663398265838623,-0.961715579032898,0.8334823846817017,2.897024631500244,1.882861614227295,-1.0141631364822388,0.8093222379684448,2.94493055343628,1.950546145439148,-0.9943848848342896,0.8263078331947327,3.026228666305542,2.0234832763671875,-1.0027458667755127,0.805057942867279,2.9465808868408203,1.9356379508972168,-1.0109431743621826,0.8249373435974121,2.9427952766418457,1.9380463361740112,-1.0047487020492554
0.8230682611465454,3.1316699981689453,2.1123077869415283,-1.019362211227417,0.8208081722259521,3.0075247287750244,1.992768287658692,-1.014756679534912,0.8419773578643799,3.226503849029541,2.2465391159057617,-0.979964792728424,0.8296709060668945,2.945267677307129,1.9549506902694704,-0.9903170466423036,0.8182010054588318,3.0034995079040527,2.0409417152404785,-0.96255761384964,0.8179081678390503,3.1524195671081543,2.1167092323303223,-1.035710334777832,0.7754414081573486,2.979323387145996,1.9978276491165161,-0.9814957976341248
0.8012422919273376,3.102293014526367,2.090982913970948,-1.0113102197647097,0.8092039227485657,3.0482776165008545,2.072051286697388,-0.976226568222046,0.8421531915664673,3.075824022293091,2.069744825363159,-1.006079077720642,0.8248525261878967,3.111268758773804,2.1034200191497803,-1.007848858833313,0.852341890335083,3.080509185791016,2.069122791290283,-1.0113862752914429,0.8894233703613281,3.1560819149017334,2.1541969776153564,-1.0018850564956665,0.8017199635505676,3.142258405685425,2.139573812484741,-1.002684473991394
0.8211711049079895,2.980102777481079,2.013185977935791,-0.966917097568512,0.8010483980178833,3.005468845367432,2.037071943283081,-0.9683969020843506,0.808327317237854,3.082108497619629,2.1153151988983154,-0.966793417930603,0.8089390397071838,2.931493043899536,1.974945068359375,-0.9565480947494508,0.7798216938972473,3.0571138858795166,2.0961859226226807,-0.9609280228614808,0.803228497505188,3.0783042907714844,2.084536075592041,-0.9937681555747986,0.8023658394813538,3.0545742511749268,2.069591999053955,-0.9849822521209717
0.8178779482841492,3.1292128562927246,2.132840871810913,-0.9963719248771667,0.8439128398895264,3.0907623767852783,2.09403133392334,-0.9967310428619384,0.808457612991333,3.120807886123657,2.082573652267456,-1.0382341146469116,0.8276575207710266,3.1118173599243164,2.11861538887024,-0.9932019710540771,0.823506772518158,3.1764070987701416,2.1662709712982178,-1.0101360082626345,0.8374759554862976,3.015559673309326,2.0114543437957764,-1.004105567932129,0.8043147325515747,3.1188666820526123,2.0827224254608154,-1.0361443758010864
0.8220083713531494,3.132709264755249,2.120816469192505,-1.011892795562744,0.8616538047790527,3.0026583671569824,1.9962408542633057,-1.0064172744750977,0.8150368332862854,3.111038446426392,2.124431133270264,-0.986607551574707,0.8297534584999084,3.065056085586548,2.0334317684173584,-1.0316240787506104,0.7806001901626587,3.1116833686828613,2.08720326423645,-1.0244804620742798,0.8197762966156006,2.988700151443481,1.989576816558838,-0.999123215675354,0.8238937258720398,3.118218421936035,2.0960259437561035,-1.022192358970642
0.7944152355194092,2.940603017807007,1.959696173667908,-0.9809066653251648,0.8790335059165955,2.97357439994812,1.9843745231628416,-0.989200234413147,0.8716790080070496,3.077311754226685,2.1172103881835938,-0.9601014852523804,0.8642095327377319,2.991241455078125,1.9929533004760744,-0.99828839302063,0.8356660604476929,3.1080222129821777,2.1317248344421387,-0.9762971997261048,0.8021708130836487,3.0163497924804688,2.034498453140259,-0.9818513989448548,0.7795981168746948,2.9505341053009033,1.9498963356018066,-1.0006381273269653
0.8289731740951538,2.993163585662842,2.0390405654907227,-0.95412278175354,0.9232988953590392,2.912782669067383,1.9710735082626345,-0.9417092204093932,0.8102902173995972,2.894845724105835,1.9582010507583616,-0.9366446733474731,0.8870316743850708,3.0146429538726807,2.062424659729004,-0.952218532562256,0.8135318756103516,3.023555278778076,2.068761110305786,-0.9547942280769348,0.85682612657547,2.9805026054382324,2.0382308959960938,-0.9422717094421388,0.787803590297699,3.026862382888794,2.067192316055298,-0.9596699476242065
0.8002510666847229,3.072460174560547,2.1250433921813965,-0.94741690158844,0.8043541312217712,3.083070039749145,2.1183693408966064,-0.9647007584571838,0.8522921204566956,3.118478298187256,2.14853310585022,-0.9699452519416808,0.8804182410240173,2.9035723209381104,1.956729531288147,-0.9468427300453186,0.8339166641235352,2.992316961288452,2.0078582763671875,-0.9844588041305542,0.8290678262710571,3.089998960494995,2.1491358280181885,-0.9408628344535828,0.7745451331138611,3.149057388305664,2.158572196960449,-0.990484893321991
0.8424451351165771,2.9745211601257324,2.0015082359313965,-0.9730131030082704,0.8355315923690796,3.017343759536743,2.061049222946167,-0.9562945365905762,0.7926583290100098,3.106794834136963,2.129545927047729,-0.9772487878799438,0.8506948351860046,2.9816315174102783,1.9691275358200075,-1.0125038623809814,0.819729745388031,3.1028497219085693,2.1154963970184326,-0.9873534440994264,0.8755167722702026,3.060877561569214,2.073228359222412,-0.9876490831375122,0.8187679648399353,3.061886787414551,2.068220615386963,-0.9936660528182983
0.800825834274292,3.021237134933472,2.0648555755615234,-0.9563817381858826,0.8099857568740845,3.028486728668213,2.068123579025269,-0.9603630900382996,0.7678782939910889,3.037055730819702,2.066488981246948,-0.9705668687820436,0.8028978109359741,3.0528769493103027,2.099074602127075,-0.9538022875785828,0.8098725080490112,2.9171438217163086,1.941948413848877,-0.9751956462860109,0.8127588033676147,3.0139942169189453,2.0339508056640625,-0.9800437092781068,0.8046194911003113,3.0095956325531006,2.0605099201202393,-0.9490855932235718
0.7941703200340271,2.9229063987731934,1.958227276802063,-0.9646790623664856,0.8493748307228088,2.925208806991577,1.9874635934829712,-0.9377453923225404,0.836657702922821,3.074938535690308,2.1173527240753174,-0.9575861692428588,0.8372617363929749,3.062199354171753,2.0992212295532227,-0.9629784226417542,0.8906646966934204,3.0579538345336914,2.091132402420044,-0.9668210744857788,0.8197528123855591,3.0522003173828125,2.089690685272217,-0.9625096917152404,0.796953022480011,3.1003661155700684,2.135108709335327,-0.9652577042579651
0.7670353055000305,2.9014487266540527,1.960585117340088,-0.9408636093139648,0.8280957937240601,2.991413354873657,2.0274455547332764,-0.9639676809310912,0.8077053427696228,3.049366235733032,2.085844278335572,-0.9635218381881714,0.8288597464561462,3.014491319656372,2.073113441467285,-0.9413776993751526,0.8299950361251831,3.178999185562134,2.2238056659698486,-0.9551934599876404,0.9639756679534912,3.0665948390960693,2.1088943481445312,-0.9577003121376038,0.7925265431404114,2.9053077697753906,1.9724565744400024,-0.9328509569168091
0.8224432468414307,3.1011080741882324,2.111448287963867,-0.9896596670150756,0.8451624512672424,3.081829309463501,2.0647966861724854,-1.0170329809188845,0.7954375743865967,3.032883405685425,2.0166609287261963,-1.0162224769592283,0.8027841448783875,3.135831117630005,2.129666805267334,-1.006164312362671,0.8550692796707153,3.271859645843506,2.25874662399292,-1.013113021850586,0.8264928460121155,3.156052589416504,2.1376349925994877,-1.0184178352355957,0.82773756980896,3.2386810779571533,2.218970537185669,-1.019710659980774
0.7966190576553345,2.936415672302246,1.991814136505127,-0.9446017146110536,1.2802798748016355,3.004810094833374,2.0719010829925537,-0.9329090714454652,0.8293717503547668,2.9387052059173584,1.963652491569519,-0.9750528931617736,0.8120677471160889,2.976227283477783,1.9936940670013428,-0.9825332164764404,0.812181293964386,3.034268617630005,2.0816378593444824,-0.9526308178901672,0.8289612531661987,3.1144888401031494,2.122772216796875,-0.9917165637016296,0.8088692426681519,3.1265945434570312,2.1662395000457764,-0.9603549838066101
0.8181008100509644,2.9732043743133545,2.016373872756958,-0.9568305611610411,0.8282960057258606,3.0738675594329834,2.095940113067627,-0.9779273271560668,0.824037492275238,3.1590616703033447,2.179993152618408,-0.9790685176849364,0.8439266085624695,2.9758691787719727,1.993336200714112,-0.9825327396392822,0.8036851286888123,2.879751205444336,1.9059631824493408,-0.97378808259964,0.8407902121543884,3.1419901847839355,2.175729990005493,-0.9662601947784424,0.8019854426383972,3.129683017730713,2.1669528484344482,-0.962729811668396
0.8210686445236206,3.064192771911621,2.049926280975342,-1.0142663717269895,0.8301386833190918,2.9625489711761475,1.9606350660324097,-1.0019136667251587,0.8069921135902405,3.0804238319396973,2.0967185497283936,-0.9837054014205932,0.8062922358512878,3.040470600128174,2.026632070541382,-1.013838529586792,0.8327823281288147,3.07555890083313,2.0845882892608643,-0.9909706711769104,0.8333101272583008,3.0943033695220947,2.1073198318481445,-0.9869837164878844,0.7915213108062744,3.030745029449463,2.0257022380828857,-1.0050429105758667
0.8056483268737793,2.9811553955078125,2.0171098709106445,-0.9640454053878784,0.8188773393630981,2.999517679214477,1.981504201889038,-1.018013596534729,0.8439008593559265,2.9553985595703125,1.9652602672576904,-0.9901381134986876,0.8263539671897888,2.9022700786590576,1.8859901428222656,-1.0162800550460815,0.8162255883216858,2.998455286026001,2.015321731567383,-0.9831334948539734,0.8372268676757812,3.1291565895080566,2.1388654708862305,-0.9902908802032472,0.8111307621002197,2.953033924102783,1.9870719909667969,-0.9659619927406311
0.7825995683670044,2.9835355281829834,2.016974210739136,-0.966561198234558,0.8079475164413452,3.032070636749268,2.048211574554444,-0.9838590621948242,0.7987249493598938,3.073759317398072,2.0797269344329834,-0.9940325021743774,0.8300366401672363,3.007244348526001,2.0287413597106934,-0.9785028100013732,0.7769141793251038,2.9592537879943848,1.9688801765441888,-0.9903739094734192,0.8535967469215393,3.1061367988586426,2.151265382766724,-0.954871416091919,0.8169346451759338,3.0479648113250732,2.0863091945648193,-0.96165531873703
0.8000311255455017,3.006910800933838,2.0204827785491943,-0.9864282608032228,0.7928784489631653,2.966986894607544,2.019653797149658,-0.9473332166671752,0.8023601174354553,3.099865436553955,2.0926854610443115,-1.007179617881775,0.8120927214622498,2.979167461395264,1.961430311203003,-1.0177369117736816,0.8191633820533752,3.088574409484864,2.127406597137451,-0.9611676931381226,0.8368740081787109,3.0792250633239746,2.102249383926392,-0.9769755005836488,0.7852784395217896,2.9269661903381348,1.9660190343856812,-0.9609469771385193
0.8044034242630005,3.1292734146118164,2.1829721927642822,-0.9463016390800476,0.7557162046432495,3.0267789363861084,2.06105375289917,-0.9657254219055176,0.7418591976165771,2.974872589111328,2.004579544067383,-0.9702932834625244,0.7833021879196167,3.0604755878448486,2.115541696548462,-0.9449340105056764,0.7721396684646606,2.9641692638397217,2.007561445236206,-0.9566078782081604,0.8095963597297668,3.147653579711914,2.183131217956543,-0.9645223021507264,0.7688546180725098,3.0505728721618652,2.090238094329834,-0.9603347778320312
0.8158427476882935,3.156233072280884,2.186064481735229,-0.9701690673828124,0.8267823457717896,3.13108777999878,2.135440826416016,-0.9956467747688292,0.7979694604873657,3.133112668991089,2.159554243087769,-0.9735583662986756,0.8118371367454529,3.116252899169922,2.138709545135498,-0.9775436520576476,0.8765407204627991,3.020145893096924,2.058119535446167,-0.9620264172554016,0.8084151148796082,3.1142654418945312,2.12410306930542,-0.990162432193756,0.7944566607475281,3.0785250663757324,2.0960514545440674,-0.9824737310409546
0.7872717976570129,3.122531175613404,2.15604305267334,-0.9664877653121948,0.824241578578949,3.0756163597106934,2.0642666816711426,-1.0113496780395508,0.8052046298980713,3.154785633087158,2.1673293113708496,-0.987456202507019,0.7920809984207153,3.0935251712799072,2.059575319290161,-1.0339500904083252,0.7964572310447693,3.082759380340576,2.08676815032959,-0.9959914088249208,0.832544207572937,3.137473821640014,2.109081029891968,-1.0283927917480469,0.8162415623664856,3.1773643493652344,2.169400215148926,-1.0079641342163086
0.7486332058906555,2.934436559677124,1.9740073680877688,-0.9604290127754213,0.8023818731307983,2.9324841499328613,1.9666926860809328,-0.9657915234565736,0.8040675520896912,3.033347845077514,2.055629014968872,-0.9777190089225768,0.8505405783653259,2.956716060638428,1.9899498224258425,-0.966766357421875,0.8183422684669495,3.0534744262695312,2.073183536529541,-0.9802908301353456,0.8369168639183044,3.016159772872925,2.027386426925659,-0.9887736439704896,0.8020098805427551,3.034576416015625,2.0579044818878174,-0.9766718745231628
0.8167588710784912,3.0275075435638428,2.0529897212982178,-0.9745177626609802,0.826103925704956,3.015575408935547,2.031978130340576,-0.9835973381996156,0.7979809045791626,3.025002241134644,2.0370047092437744,-0.9879973530769348,0.8544949293136597,3.052953720092773,2.0777008533477783,-0.9752527475357056,0.7868688106536865,3.010907888412476,2.0413613319396973,-0.9695466160774232,0.8435603380203247,2.929335355758667,1.951834797859192,-0.9775004386901855,0.7874159812927246,2.9719738960266113,1.9858016967773438,-0.9861721396446228
0.820907711982727,3.076061964035034,2.070606231689453,-1.005455732345581,0.7920310497283936,3.0364341735839844,2.0395991802215576,-0.996834933757782,0.7863590121269226,3.155570268630981,2.1549439430236816,-1.000626564025879,0.8035892844200134,2.9771010875701904,1.9643839597702024,-1.0127168893814087,0.8156776428222656,3.0292680263519287,2.0027592182159424,-1.0265088081359863,0.8315457105636597,3.1090219020843506,2.1281979084014893,-0.9808238744735718,0.8139676451683044,3.136215925216675,2.134533166885376,-1.0016826391220093
0.8217633366584778,2.971888303756714,1.9833498001098635,-0.9885387420654296,0.8144923448562622,3.004236936569214,2.015287637710572,-0.9889493584632874,0.7769883275032043,3.036947965621948,2.063829183578491,-0.9731189608573914,0.8240460157394409,3.0921406745910645,2.133241653442383,-0.9588990807533264,0.857097327709198,3.1434080600738525,2.171491861343384,-0.9719163775444032,0.8658004403114319,3.0081701278686523,2.044426679611206,-0.9637433886528016,0.7963812351226807,2.878967523574829,1.9084850549697876,-0.9704824090003967
