rmse_night_1,gpp_mean_1,reco_mean_1,nee_mean_1,rmse_night_2,gpp_mean_2,reco_mean_2,nee_mean_2,rmse_night_3,gpp_mean_3,reco_mean_3,nee_mean_3,rmse_night_4,gpp_mean_4,reco_mean_4,nee_mean_4,rmse_night_5,gpp_mean_5,reco_mean_5,nee_mean_5,rmse_night_6,gpp_mean_6,reco_mean_6,nee_mean_6,rmse_night_7,gpp_mean_7,reco_mean_7,nee_mean_7
1.0081591606140137,4.744751453399658,2.6491527557373047,-2.0955984592437744,0.8295048475265503,4.914819717407227,2.8374032974243164,-2.07741641998291,0.8843129873275757,4.880951881408691,2.7896854877471924,-2.091266393661499,0.8527176380157471,4.872886657714844,2.791182279586792,-2.081704378128052,0.8642361760139465,4.991718292236328,2.8592424392700195,-2.132476091384888,0.8688755035400391,4.846138954162598,2.728235960006714,-2.1179027557373047,0.992622971534729,4.737981796264648,2.6526663303375244,-2.085315227508545
0.97530859708786,4.68806266784668,2.5753731727600098,-2.112689733505249,0.8390729427337646,4.923817157745361,2.8412740230560303,-2.082542896270752,0.9034522771835328,4.903729438781738,2.8188047409057617,-2.084924697875977,0.8517767786979675,4.856035232543945,2.778839588165283,-2.077195882797241,0.8717949390411377,4.863826274871826,2.76521110534668,-2.0986146926879883,0.8874685168266296,4.818558692932129,2.7383909225463867,-2.0801682472229004,0.9889122247695923,4.776651382446289,2.6614830493927,-2.115168333053589
0.9797500371932985,4.714766025543213,2.6108148097991943,-2.1039512157440186,0.8380833864212036,4.966568470001221,2.884731769561768,-2.081836700439453,0.8690536022186279,5.021644592285156,2.9005398750305176,-2.121105194091797,0.8407309055328369,4.987889289855957,2.8859798908233643,-2.101909875869751,0.879299521446228,4.932098865509033,2.847966194152832,-2.084132432937622,0.8675281405448914,4.899079322814941,2.773960590362549,-2.125118494033813,1.0127774477005005,4.79614782333374,2.6981327533721924,-2.0980148315429688
1.007829189300537,4.692634105682373,2.5850603580474854,-2.1075735092163086,0.8189348578453064,4.922421932220459,2.8367927074432373,-2.0856289863586426,0.8417158126831055,4.900876998901367,2.8425450325012207,-2.0583314895629883,0.8470984697341919,4.998365879058838,2.924821853637696,-2.0735442638397217,0.8424006700515747,4.908041000366211,2.8525853157043457,-2.055455446243286,0.8507457971572876,4.880914211273193,2.7873857021331787,-2.093528509140014,0.9760621786117554,4.762883186340332,2.6688172817230225,-2.0940659046173096
0.9787442088127136,4.858597755432129,2.747389793395996,-2.1112074851989746,0.8309640288352966,4.986709117889404,2.895071506500244,-2.091637134552002,0.8610976338386536,4.971447944641113,2.853276014328003,-2.1181719303131104,0.8715063333511353,5.007875919342041,2.930666923522949,-2.077208995819092,0.8602689504623413,4.931318283081055,2.8723223209381104,-2.0589962005615234,0.8880648016929626,4.894852161407471,2.8237667083740234,-2.0710854530334477,1.0081273317337036,4.806577682495117,2.7075977325439453,-2.09898042678833
0.9984257817268372,4.777258396148682,2.684680461883545,-2.0925774574279785,0.8693230748176575,4.984648704528809,2.898839473724365,-2.085809230804444,0.8172797560691833,4.9743194580078125,2.8599507808685303,-2.1143689155578613,0.8493661284446716,4.938589572906494,2.846436023712158,-2.092153787612915,0.8354754447937012,4.9581804275512695,2.8365232944488525,-2.121656894683838,0.7960848212242126,4.9705963134765625,2.826071262359619,-2.144525051116944,0.9908133149147034,4.712670803070068,2.6197710037231445,-2.092899799346924
0.9806548357009888,4.642350196838379,2.545864582061768,-2.096485614776612,0.8747089505195618,4.862222671508789,2.8093857765197754,-2.0528368949890137,0.8452910780906677,4.825468063354492,2.769585371017456,-2.055882692337036,0.8334745764732361,4.946958541870117,2.855775117874145,-2.0911831855773926,0.853489339351654,4.91972541809082,2.799006223678589,-2.1207191944122314,0.8045284748077393,4.941666603088379,2.8590779304504395,-2.0825886726379395,1.005639910697937,4.6548895835876465,2.563647508621216,-2.0912420749664307
0.9755265116691588,4.7469658851623535,2.632534503936768,-2.114431142807007,0.8524349927902222,4.878271579742432,2.796532392501831,-2.08173942565918,0.8598943948745728,4.991557598114014,2.858299970626831,-2.133258104324341,0.8549772500991821,4.901587009429932,2.815601110458374,-2.0859856605529785,0.8313472867012024,5.047581672668457,2.9551119804382324,-2.0924696922302246,0.8335866332054138,4.8947367668151855,2.777468681335449,-2.1172685623168945,0.9932171702384949,4.762725830078125,2.6471595764160156,-2.1155664920806885
0.977063536643982,4.758454322814941,2.636483192443848,-2.1219711303710938,0.8671885132789612,4.923350811004639,2.8284432888031006,-2.094907760620117,0.9175095558166504,4.97700834274292,2.8777644634246826,-2.099243640899658,0.8524423241615295,4.969415187835693,2.8793632984161377,-2.090051889419556,0.8633508682250977,5.005167007446289,2.903785228729248,-2.10138201713562,0.84916752576828,4.863325595855713,2.7254626750946045,-2.1378626823425293,1.002752661705017,4.716567516326904,2.5827736854553223,-2.133793830871582
1.0313574075698853,4.648360729217529,2.553584575653076,-2.094776391983032,0.8456475138664246,4.928823947906494,2.852961540222168,-2.075862407684326,0.8702480792999268,4.985448837280273,2.8693292140960693,-2.116119384765625,0.8619194626808167,4.961633682250977,2.892172336578369,-2.0694613456726074,0.8340645432472229,4.8867926597595215,2.798304319381714,-2.0884885787963867,0.8330773115158081,4.902411460876465,2.828094720840454,-2.074317216873169,0.9868476986885071,4.8381829261779785,2.7548229694366455,-2.083359718322754
0.9898589849472046,4.757401466369629,2.672183036804199,-2.085218667984009,0.8606581091880798,4.889969348907471,2.829871416091919,-2.0600974559783936,0.8792204856872559,4.9775261878967285,2.867622375488281,-2.109903812408448,0.8726063966751099,4.9638447761535645,2.8890531063079834,-2.074791669845581,0.905512809753418,4.8692626953125,2.80527663230896,-2.06398606300354,0.8820691704750061,4.813955783843994,2.712180852890014,-2.1017744541168213,1.0160495042800903,4.741938591003418,2.6557962894439697,-2.0861423015594482
0.9866650700569152,4.771687984466553,2.697758436203003,-2.073929786682129,0.8842470645904541,4.910801410675049,2.8304097652435303,-2.0803911685943604,0.8536694049835205,5.002935409545898,2.940795421600342,-2.0621395111083984,0.8511160016059875,4.959160804748535,2.912398099899292,-2.046762704849243,0.8647099733352661,4.998485088348389,2.922337055206299,-2.07614803314209,0.8336127400398254,4.908790111541748,2.853114128112793,-2.055675745010376,0.996971070766449,4.79008674621582,2.7304368019104004,-2.05964994430542
0.961320459842682,4.722799301147461,2.6214823722839355,-2.101316452026367,0.8715988993644714,4.926757335662842,2.861422538757324,-2.065335273742676,0.8343259692192078,4.921806812286377,2.7865169048309326,-2.1352901458740234,0.85626620054245,4.919970989227295,2.8452136516571045,-2.0747573375701904,0.8585880398750305,5.015652656555176,2.920737028121948,-2.0949156284332275,0.844304621219635,4.842135906219482,2.7408297061920166,-2.101306676864624,1.003117322921753,4.7533955574035645,2.644925117492676,-2.1084704399108887
0.9930389523506165,4.749112129211426,2.628972291946411,-2.1201395988464355,0.8634467124938965,4.952234745025635,2.854222536087036,-2.0980124473571777,0.8795061707496643,4.842800617218018,2.761078119277954,-2.0817227363586426,0.8828585743904114,4.7798919677734375,2.6802594661712646,-2.099632501602173,0.8578044176101685,4.944531440734863,2.864552497863769,-2.0799789428710938,0.8313305974006653,4.928053379058838,2.8294386863708496,-2.0986146926879883,1.02665114402771,4.740724086761475,2.625166177749634,-2.11555814743042
1.002281904220581,4.802980899810791,2.6849515438079834,-2.1180288791656494,0.83707195520401,5.001932144165039,2.864332437515259,-2.137599468231201,0.8322163224220276,4.99461841583252,2.895430088043213,-2.0991880893707275,0.8321632146835327,4.875383377075195,2.77648401260376,-2.098899602890014,0.838631808757782,5.0396599769592285,2.8971753120422363,-2.142484903335572,0.8526098728179932,4.971582412719727,2.901552677154541,-2.070029735565185,0.9958251714706421,4.723766803741455,2.6439077854156494,-2.0798590183258057
1.0286998748779297,4.668538093566895,2.542994260787964,-2.125543594360352,0.8644185662269592,4.967323780059815,2.8524322509765625,-2.1148910522460938,0.8532713055610657,5.00718879699707,2.9604804515838623,-2.046708106994629,0.856216549873352,4.937392711639404,2.8411903381347656,-2.0962026119232178,0.8707183599472046,4.977543830871582,2.8726582527160645,-2.104886054992676,0.9865248799324036,4.8709635734558105,2.750208616256714,-2.120755434036255,1.0201325416564941,4.784894943237305,2.6533453464508057,-2.131549835205078
1.0048925876617432,4.696211814880371,2.583001136779785,-2.113210916519165,0.8401108980178833,4.940896511077881,2.85395622253418,-2.086940288543701,0.8503791093826294,4.883716583251953,2.813016414642334,-2.07069993019104,0.8265417218208313,4.823668956756592,2.7395288944244385,-2.0841405391693115,0.8427255749702454,4.9022722244262695,2.8144724369049072,-2.0877997875213623,0.854820191860199,4.878458499908447,2.8285160064697266,-2.0499424934387207,0.9947173595428467,4.763047218322754,2.654020309448242,-2.1090269088745117
1.0064579248428345,4.781911849975586,2.686487197875977,-2.0954244136810303,0.8462871313095093,4.958663463592529,2.868536710739136,-2.0901267528533936,0.8423225283622742,4.929378032684326,2.837580919265747,-2.091796636581421,0.8690065145492554,4.974328517913818,2.877377510070801,-2.09695053100586,0.889188289642334,4.86225175857544,2.757375717163086,-2.104876041412353,0.8896276354789734,4.9171881675720215,2.839815616607666,-2.0773727893829346,0.9903376698493958,4.767307281494141,2.6778769493103027,-2.089430332183838
1.0121469497680664,4.813737392425537,2.7184598445892334,-2.095277786254883,0.8453946709632874,4.897130012512207,2.82439398765564,-2.0727362632751465,0.8426889777183533,4.966513633728027,2.8872523307800293,-2.079261064529419,0.8679460287094116,4.919396877288818,2.8358399868011475,-2.08355712890625,0.8575223684310913,4.986917495727539,2.895341396331787,-2.091575860977173,0.8280669450759888,4.803757667541504,2.729225873947144,-2.0745317935943604,0.9908447861671448,4.658745288848877,2.559872627258301,-2.0988729000091553
0.987905979156494,4.681426048278809,2.575887441635132,-2.105539321899414,0.8543593883514404,4.876251220703125,2.803184747695923,-2.073065757751465,0.8275268077850342,4.947483539581299,2.8552207946777344,-2.0922627449035645,0.8308030962944031,4.898392200469971,2.808037757873535,-2.0903542041778564,0.8489952087402344,5.094854831695557,3.0097734928131104,-2.0850813388824463,0.8417093753814697,4.916866779327393,2.825533390045166,-2.0913336277008057,1.0160166025161743,4.8023247718811035,2.712031602859497,-2.0902931690216064
0.9773754477500916,4.83792781829834,2.726886987686157,-2.1110410690307617,0.8763561844825745,4.907210826873779,2.820279836654663,-2.086930513381958,0.8669252991676331,4.97204065322876,2.908324241638184,-2.063716411590576,0.8531620502471924,5.055688381195068,2.988492965698242,-2.067195415496826,0.830278754234314,4.919671535491943,2.844958066940308,-2.0747132301330566,0.8917953968048096,4.927172660827637,2.866400718688965,-2.0607717037200928,1.000344157218933,4.760466575622559,2.654858112335205,-2.1056084632873535
1.0046230554580688,4.723949432373047,2.593219995498657,-2.1307296752929688,0.843352198600769,4.875181674957275,2.772827625274658,-2.102353811264038,0.8481161594390869,4.891249179840088,2.8013346195220947,-2.0899147987365723,0.8585565090179443,4.798050403594971,2.7152464389801025,-2.082803964614868,0.8517568707466125,4.9165358543396,2.8409018516540527,-2.075634241104126,0.902915358543396,4.987887382507324,2.912099123001098,-2.0757880210876465,1.013906717300415,4.682178974151611,2.5629565715789795,-2.1192221641540527
0.9800406694412231,4.756538391113281,2.637248992919922,-2.1192891597747803,0.8607873916625977,4.985375881195068,2.901773452758789,-2.0836026668548584,0.8396724462509155,5.024033069610596,2.921982526779175,-2.10205078125,0.8283499479293823,5.006458759307861,2.9076857566833496,-2.09877347946167,0.8288062214851379,5.016442775726318,2.9249095916748047,-2.0915327072143555,0.8525141477584839,4.926634311676025,2.809053897857666,-2.117579698562622,1.0000355243682861,4.88615083694458,2.7636029720306396,-2.1225478649139404
0.9925320148468018,4.75863790512085,2.6457908153533936,-2.112847089767456,0.8571051359176636,4.899831295013428,2.7796335220336914,-2.120197534561157,0.8490042090415955,4.981410026550293,2.861600637435913,-2.119809150695801,0.869476854801178,4.884404182434082,2.769543409347534,-2.114861011505127,0.8336281776428223,4.902599811553955,2.7912514209747314,-2.111348390579224,0.8859384655952454,4.905767440795898,2.796832799911499,-2.1089346408843994,1.0177881717681885,4.724923610687256,2.5830705165863037,-2.141853094100952
0.982699453830719,4.768543243408203,2.7087881565093994,-2.059755325317383,0.8599097728729248,4.93386173248291,2.856416702270508,-2.0774447917938232,0.8715746998786926,4.920782566070557,2.8334193229675293,-2.087363243103028,0.8451539874076843,4.978862762451172,2.9283342361450195,-2.0505285263061523,0.8666378259658813,4.890961170196533,2.8199622631073,-2.0709986686706543,0.8644909262657166,4.94748067855835,2.870096206665039,-2.0773844718933105,1.0130164623260498,4.63869047164917,2.55452561378479,-2.084165096282959
1.0099931955337524,4.817164421081543,2.736412763595581,-2.080751419067383,0.8542543053627014,4.916502475738525,2.833603620529175,-2.0828986167907715,0.8722425103187561,4.88759708404541,2.8066282272338867,-2.0809693336486816,0.904751181602478,4.901774883270264,2.835228204727173,-2.066546678543091,0.8491919636726379,4.919623851776123,2.863583564758301,-2.0560405254364014,0.8973160982131958,4.857022762298584,2.7848803997039795,-2.072142601013184,0.9994360208511353,4.715922832489014,2.6033835411071777,-2.112539052963257
0.9788960814476012,4.546424388885498,2.4456920623779297,-2.1007323265075684,0.8336437940597534,4.928110599517822,2.8324134349823,-2.095696926116944,0.8575323224067688,4.887360572814941,2.794057130813598,-2.093303680419922,0.883283793926239,4.822168350219727,2.732948303222656,-2.0892202854156494,0.8622133135795593,4.92548131942749,2.84285831451416,-2.082623243331909,0.8936697840690613,4.883354187011719,2.815657615661621,-2.0676965713500977,0.9951812624931335,4.690384387969971,2.5938117504119873,-2.0965723991394043
0.9736580848693848,4.802498817443848,2.683644294738769,-2.118854761123657,0.8319880962371826,4.901742458343506,2.836508512496948,-2.0652341842651367,0.8711897134780884,4.971487522125244,2.8855326175689697,-2.085954427719116,0.9015973210334778,4.932062149047852,2.8623158931732178,-2.069746494293213,0.872600793838501,4.924956321716309,2.8386948108673096,-2.086261987686157,0.8522350788116455,4.923308849334717,2.835386276245117,-2.0879228115081787,1.0002515316009521,4.865689754486084,2.797024726867676,-2.068665027618408
0.9836320877075196,4.733889102935791,2.6221492290496826,-2.1117401123046875,0.864478588104248,4.998152256011963,2.9141054153442383,-2.084046602249145,0.8702120780944824,5.052384853363037,2.932650566101074,-2.119734525680542,0.82525235414505,4.968594551086426,2.852477550506592,-2.116117238998413,0.8705343008041382,4.953428268432617,2.851104259490967,-2.1023240089416504,0.8461127877235413,4.968053817749023,2.8177199363708496,-2.150334119796753,1.0229222774505615,4.676706314086914,2.567052125930786,-2.109654188156128
1.0247715711593628,4.74138069152832,2.6445631980896,-2.0968174934387207,0.8725775480270386,4.9973464012146,2.9109339714050293,-2.086412191390991,0.8333349823951721,4.91233491897583,2.81045150756836,-2.101883888244629,0.8812273144721985,5.040874481201172,2.989466667175293,-2.051407814025879,0.8583126664161682,4.938069820404053,2.820396900177002,-2.11767315864563,0.8747703433036804,4.879993915557861,2.81284236907959,-2.0671513080596924,1.0256208181381226,4.722628593444824,2.6201746463775635,-2.1024537086486816
1.0149853229522705,4.745261669158936,2.6678285598754883,-2.077433109283448,0.8329883217811584,4.95132303237915,2.857685804367065,-2.093637466430664,0.889494776725769,4.890328407287598,2.839233636856079,-2.0510945320129395,0.8812018632888794,4.87642240524292,2.8074636459350586,-2.0689585208892822,0.9144539833068848,4.788827419281006,2.737362861633301,-2.051464557647705,0.8846633434295654,4.886510372161865,2.8103363513946533,-2.076174020767212,0.9969598650932312,4.7471513748168945,2.6828408241271973,-2.0643105506896973
0.9835606217384338,4.707981109619141,2.609505653381348,-2.098475217819214,0.8715120553970337,4.820030212402344,2.740083694458008,-2.0799460411071777,0.8237041234970093,4.9261088371276855,2.828751564025879,-2.0973570346832275,0.8611435890197754,4.803628921508789,2.7202742099761963,-2.0833544731140137,0.8852913975715637,4.906888961791992,2.802508354187012,-2.10438084602356,0.8876475095748901,4.81476354598999,2.732818365097046,-2.0819451808929443,0.9865375757217407,4.700366973876953,2.583444833755493,-2.11692214012146
0.9742953181266784,4.759401321411133,2.6479709148406982,-2.1114304065704346,0.8342552781105042,4.8973069190979,2.823672294616699,-2.0736348628997803,0.8302335143089294,4.992632865905762,2.939680337905884,-2.05295205116272,0.8224387764930725,4.899507522583008,2.7979698181152344,-2.1015372276306152,0.8521292805671692,5.021230220794678,2.9105124473571777,-2.1107177734375,0.8440457582473755,5.060705661773682,2.998792886734009,-2.0619125366210938,0.9711552262306213,4.748222827911377,2.638878107070923,-2.109344720840454
0.9762688279151917,4.79978609085083,2.709719181060791,-2.090066909790039,0.8475863933563232,4.917450428009033,2.859534740447998,-2.0579159259796143,0.903883457183838,4.981142044067383,2.914677619934082,-2.0664641857147217,0.8455780744552612,4.960780143737793,2.9052300453186035,-2.055550098419189,0.8778327703475952,4.938309669494629,2.8452494144439697,-2.0930604934692383,0.8443518877029419,4.875327110290527,2.784708976745605,-2.0906178951263428,1.0113224983215332,4.739126205444336,2.655529260635376,-2.08359694480896
1.0078662633895874,4.741092205047607,2.609867811203003,-2.1312241554260254,0.8475874066352844,4.964428424835205,2.8972392082214355,-2.067189693450928,0.8434198498725891,4.918965816497803,2.793982982635498,-2.1249828338623047,0.8410633206367493,4.9872236251831055,2.912830352783203,-2.0743932723999023,0.882972776889801,4.9303083419799805,2.8117775917053223,-2.118530750274658,0.8710967898368835,4.865662097930908,2.786704540252685,-2.0789575576782227,0.9928290247917175,4.725756645202637,2.606039524078369,-2.1197168827056885
0.9797903895378112,4.737623691558838,2.6261541843414307,-2.1114695072174072,0.8246597647666931,4.93834114074707,2.8449528217315674,-2.093388557434082,0.8389267921447754,5.011882781982422,2.8690340518951416,-2.1428487300872803,0.8534085154533386,4.923903465270996,2.8267135620117188,-2.0971901416778564,0.8583987951278687,4.947256565093994,2.8642666339874268,-2.0829901695251465,0.8443726897239685,4.915740013122559,2.7704265117645264,-2.145313501358032,0.9693373441696167,4.80896520614624,2.703888177871704,-2.105076551437378
0.9910988211631776,4.624966144561768,2.530573844909668,-2.094392776489258,0.8671171069145203,4.895554542541504,2.835635185241699,-2.059919595718384,0.8930235505104065,4.854652404785156,2.7952444553375244,-2.059407949447632,0.865848183631897,4.912593841552734,2.845393180847168,-2.0672006607055664,0.861868679523468,4.887878894805908,2.8095197677612305,-2.078358888626098,0.8695679903030396,4.875168800354004,2.815279960632324,-2.05988883972168,1.0118728876113892,4.750326156616211,2.6689658164978027,-2.0813605785369873
1.0205365419387815,4.673282623291016,2.573906660079956,-2.0993757247924805,0.8123476505279541,4.962610244750977,2.8720223903656006,-2.090587615966797,0.8549213409423828,4.956852912902832,2.8758718967437744,-2.080981492996216,0.8569920659065247,5.045230865478516,2.9601683616638184,-2.085062265396118,0.8614612817764282,5.009437084197998,2.9122254848480225,-2.097211599349976,0.9037261009216307,4.910793304443359,2.791074752807617,-2.1197187900543213,1.0019093751907349,4.912079811096191,2.8315234184265137,-2.0805561542510986
0.9867414832115172,4.70343017578125,2.61427903175354,-2.08915114402771,0.8563112616539001,4.862193584442139,2.749630689620972,-2.112562894821167,0.9099870920181274,4.968627452850342,2.884561538696289,-2.084066152572632,0.8842836022377014,4.911692142486572,2.8042984008789062,-2.107393503189087,0.8730279207229614,4.960511684417725,2.8917007446289062,-2.0688109397888184,0.8455529808998108,4.906825065612793,2.780776023864746,-2.126049041748047,0.9868572354316711,4.693332195281982,2.6004698276519775,-2.092862129211426
0.98273104429245,4.730947971343994,2.605605125427246,-2.125342845916748,0.8555895686149597,4.958242416381836,2.828263998031616,-2.12997841835022,0.8528727293014526,4.972606658935547,2.843334436416626,-2.1292717456817627,0.8868065476417542,4.990492820739746,2.853614568710327,-2.13687801361084,0.8460608124732971,4.975516319274902,2.83437180519104,-2.1411447525024414,0.8604658246040344,4.895257472991943,2.7874555587768555,-2.107802152633667,1.0151302814483643,4.814173698425293,2.679520845413208,-2.134652853012085
0.991722047328949,4.833105564117432,2.7181529998779297,-2.114952802658081,0.857224702835083,4.886902809143066,2.796268939971924,-2.0906338691711426,0.8489028811454773,4.918194770812988,2.857229232788086,-2.0609655380249023,0.8816380500793457,5.018929481506348,2.920015811920166,-2.0989134311676025,0.8848334550857544,4.937521934509277,2.8269355297088623,-2.110586643218994,0.8405861854553223,4.934366703033447,2.8203487396240234,-2.114017963409424,0.9918075799942017,4.767296314239502,2.644609212875366,-2.1226868629455566
1.0292408466339111,4.751302719116211,2.650701999664306,-2.1006007194519043,0.8724866509437561,4.955455780029297,2.8994264602661133,-2.0560290813446045,0.8683716654777527,4.968025207519531,2.929986953735352,-2.03803825378418,0.8344179391860962,4.947035789489746,2.88066840171814,-2.066367626190185,0.85421222448349,4.9476823806762695,2.879638671875,-2.068043708801269,0.8716920018196106,4.946950435638428,2.883748769760132,-2.063201665878296,0.9847678542137146,4.787256717681885,2.6807711124420166,-2.106485605239868
0.9962823390960692,4.783572673797607,2.698042631149292,-2.0855300426483154,0.8807489275932312,4.932141780853272,2.8825128078460693,-2.049628973007202,0.8867321014404297,4.975318908691406,2.889023303985596,-2.0862956047058105,0.8929007649421692,4.846438407897949,2.7730183601379395,-2.073420524597168,0.8497475385665894,4.986862182617188,2.901634693145752,-2.0852274894714355,0.8497841358184814,4.9381914138793945,2.867689847946167,-2.0705020427703857,1.000248670578003,4.7357587814331055,2.6315948963165283,-2.1041641235351562
0.9872511029243468,4.7276811599731445,2.613129138946533,-2.114552021026612,0.8171361088752747,4.978456974029541,2.881377458572388,-2.0970795154571533,0.8801873326301575,4.849666118621826,2.776334524154663,-2.073331594467163,0.8671844005584717,4.916735649108887,2.825550079345703,-2.0911853313446045,0.8786116242408752,4.844358921051025,2.738884925842285,-2.10547423362732,0.843778133392334,4.8366899490356445,2.766542911529541,-2.0701467990875244,0.9777843356132507,4.703804969787598,2.5846102237701416,-2.119194984436035
1.017496109008789,4.777122020721436,2.671827554702759,-2.105294704437256,0.8667100667953491,4.927727222442627,2.8120758533477783,-2.1156513690948486,0.8499395251274109,4.971541881561279,2.907860279083252,-2.063681602478028,0.8356819748878479,4.961840152740479,2.859782218933105,-2.102058172225952,0.8845911026000977,4.905018329620361,2.814104080200196,-2.090914487838745,0.8371661901473999,4.901759147644043,2.813148498535156,-2.0886106491088867,0.9997783899307251,4.7526655197143555,2.644038677215576,-2.1086270809173584
0.9733183979988098,4.710837364196777,2.591277837753296,-2.1195592880249023,0.8459806442260742,5.006871223449707,2.884291410446167,-2.122579574584961,0.8573647737503052,5.008246898651123,2.9109673500061035,-2.097279787063598,0.847722589969635,4.964868068695068,2.8402211666107178,-2.1246466636657715,0.8778015375137329,4.946149349212647,2.8721494674682617,-2.0739994049072266,0.879176139831543,4.839914798736572,2.720818996429444,-2.11909556388855,0.9917993545532227,4.831864356994629,2.725801944732666,-2.1060619354248047
0.9979583024978638,4.628837585449219,2.5301589965820312,-2.0986785888671875,0.8447028398513794,4.960108757019043,2.8509294986724854,-2.1091790199279785,0.8702685832977295,4.86277437210083,2.770835399627685,-2.0919384956359863,0.8749353289604187,4.975102424621582,2.8616251945495605,-2.1134769916534424,0.8964802622795105,4.907576560974121,2.8112118244171143,-2.096364974975586,0.8492245674133301,4.976199150085449,2.8504679203033447,-2.125731468200684,0.9814955592155457,4.741076946258545,2.63924241065979,-2.101834774017334
1.0082095861434937,4.758055686950684,2.690244436264038,-2.0678110122680664,0.8912140130996704,4.888684272766113,2.8048665523529053,-2.083817481994629,0.8627282381057739,4.927079677581787,2.838597536087036,-2.088481903076172,0.8280584216117859,4.995571613311768,2.8774285316467285,-2.11814284324646,0.8746324777603149,4.972009658813477,2.8325626850128174,-2.139446973800659,0.8226547837257385,4.874279022216797,2.8239474296569824,-2.050331354141236,1.026782512664795,4.7850260734558105,2.686941146850586,-2.098085403442383
0.9943884015083312,4.666585445404053,2.5591180324554443,-2.1074674129486084,0.8687419891357422,4.79695463180542,2.6896417140960693,-2.1073129177093506,0.849033772945404,4.8992695808410645,2.7713751792907715,-2.127894639968872,0.8870214819908142,4.919169902801514,2.825563430786133,-2.093606472015381,0.8827568888664246,4.93950891494751,2.825991153717041,-2.1135177612304688,0.8972071409225464,4.865614414215088,2.755367517471313,-2.1102468967437744,1.027884840965271,4.74115514755249,2.648284912109375,-2.0928702354431152
1.0084471702575684,4.781595230102539,2.682464838027954,-2.099130392074585,0.8341960906982422,5.004096508026123,2.919140815734864,-2.08495569229126,0.8867298364639282,5.00113582611084,2.9379525184631348,-2.063183069229126,0.8624422550201416,4.916430950164795,2.8316032886505127,-2.0848276615142822,0.8559667468070984,5.0064215660095215,2.9366273880004883,-2.069793939590454,0.8560342788696289,4.977421283721924,2.933238983154297,-2.044182300567627,0.9940044283866882,4.695928573608398,2.5961313247680664,-2.099796772003174
1.0083601474761963,4.709014892578125,2.577911615371704,-2.131103038787842,0.8411845564842224,4.937105655670166,2.842203140258789,-2.094902753829956,0.9227549433708192,4.857713222503662,2.757995128631592,-2.099717855453491,0.842399001121521,4.990453720092773,2.8690199851989746,-2.121433734893799,0.8262386918067932,4.94549560546875,2.851475954055786,-2.094019889831543,0.8631957769393921,4.879607200622559,2.7427196502685547,-2.136887311935425,0.9910092949867249,4.726583003997803,2.615389823913574,-2.1111927032470703
0.9932416081428528,4.764373302459717,2.661052227020264,-2.103321075439453,0.8302741050720215,4.92552375793457,2.8543481826782227,-2.071175336837769,0.8448496460914612,4.978028297424316,2.92696499824524,-2.051063299179077,0.8499025106430054,4.913886070251465,2.86214017868042,-2.051745891571045,0.8865639567375183,4.894962310791016,2.82420015335083,-2.070762157440185,0.8711305260658264,4.934140682220459,2.8382482528686523,-2.0958921909332275,0.9789372682571411,4.748550891876221,2.6418159008026123,-2.1067352294921875
0.987274169921875,4.820577144622803,2.7118265628814697,-2.108750820159912,0.8320643901824951,4.909648895263672,2.8295743465423584,-2.080074548721313,0.8541322350502014,5.0047287940979,2.935807704925537,-2.068921089172364,0.870818555355072,4.936374664306641,2.850026607513428,-2.086348295211792,0.8965731859207153,4.891494274139404,2.813274621963501,-2.078219652175904,0.8720220327377319,5.0500922203063965,2.955618381500244,-2.0944740772247314,0.9603825807571411,4.788824081420898,2.7140231132507324,-2.074800968170166
0.9924219250679016,4.696523666381836,2.5889241695404053,-2.1075994968414307,0.8526859879493713,4.986378192901611,2.9026386737823486,-2.0837395191192627,0.8571540117263794,5.003495693206787,2.9101505279541016,-2.0933449268341064,0.853593647480011,5.006536960601807,2.925431966781616,-2.081105232238769,0.8737182021141052,4.934481143951416,2.8695788383483887,-2.064902782440185,0.8855763673782349,4.930500507354736,2.805570125579834,-2.124929904937744,0.9838948249816895,4.675233840942383,2.5620455741882324,-2.1131882667541504
0.9985762238502502,4.823520660400391,2.707950592041016,-2.115569829940796,0.8408603668212891,4.968699455261231,2.8545916080474854,-2.114108085632324,0.8481186628341675,4.943182468414307,2.8493123054504395,-2.093870162963867,0.8714557886123657,5.036694049835205,2.8935885429382324,-2.143105745315552,0.881299614906311,4.900607109069824,2.811842918395996,-2.088764190673828,0.8553977608680725,4.889871120452881,2.774405002593994,-2.115466356277466,1.0096025466918945,4.793323993682861,2.665916919708252,-2.1274070739746094
0.9673245549201964,4.779293060302734,2.65133023262024,-2.127962589263916,0.8362876176834106,4.94237232208252,2.854846954345703,-2.0875251293182373,0.8204568028450012,4.981281280517578,2.877872943878174,-2.1034085750579834,0.8197348117828369,5.048283576965332,2.97022032737732,-2.0780627727508545,0.8525452613830566,5.001237869262695,2.942014217376709,-2.059223890304565,0.8495895862579346,4.946959972381592,2.8706483840942383,-2.076311588287353,1.002781629562378,4.736478328704834,2.6342005729675293,-2.1022775173187256
0.9999558925628662,4.7802510261535645,2.688682556152344,-2.0915682315826416,0.8342770934104919,4.9535675048828125,2.8676321506500244,-2.085935354232788,0.866661787033081,4.939805507659912,2.8600611686706543,-2.0797441005706787,0.8298947811126709,4.856873989105225,2.773860454559326,-2.083013772964477,0.852173388004303,4.962549209594727,2.8550522327423096,-2.107496976852417,0.882231593132019,4.794160842895508,2.730919361114502,-2.063241481781006,0.9953011870384216,4.816906929016113,2.7485947608947754,-2.068312406539917
0.9865180850028992,4.677727222442627,2.5713555812835693,-2.1063714027404785,0.862402081489563,4.913682460784912,2.831623077392578,-2.082059144973755,0.8337920904159546,4.907751560211182,2.8229284286499023,-2.08482313156128,0.8390971422195435,4.967700481414795,2.899289608001709,-2.068411350250244,0.8598455190658569,5.009770393371582,2.917688608169556,-2.0920817852020264,0.808650016784668,4.884938716888428,2.8317646980285645,-2.053173780441284,1.0083729028701782,4.767470836639404,2.6588916778564453,-2.108578681945801
1.002151370048523,4.811238765716553,2.70039963722229,-2.110839366912842,0.8656524419784546,5.061069965362549,2.937191963195801,-2.123878240585327,0.8388380408287048,5.112480163574219,2.9919354915618896,-2.120544195175171,0.8387618660926819,5.079453945159912,2.9706101417541504,-2.108844041824341,0.858176052570343,5.105114936828613,2.968674659729004,-2.1364405155181885,0.8715037703514099,4.837365627288818,2.704361915588379,-2.1330034732818604,0.9888888001441956,4.741065502166748,2.6228909492492676,-2.1181743144989014
0.9884465932846068,4.792228698730469,2.6894328594207764,-2.1027958393096924,0.8226173520088196,4.998325824737549,2.914082765579224,-2.084242582321167,0.8407673835754395,4.9443769454956055,2.865121841430664,-2.0792548656463623,0.8190982937812805,5.006083011627197,2.9238150119781494,-2.0822672843933105,0.8836494088172913,4.900574684143066,2.826908588409424,-2.0736660957336426,0.8830130696296692,4.86747932434082,2.802999973297119,-2.064479351043701,0.9773752689361572,4.7466840744018555,2.6484665870666504,-2.098217487335205
1.018999695777893,4.86079740524292,2.7656896114349365,-2.0951075553894043,0.8888531923294067,4.929201602935791,2.8581392765045166,-2.071062088012696,0.8587015271186829,4.970773696899414,2.8854644298553467,-2.085308790206909,0.8534667491912842,4.862292289733887,2.8023159503936768,-2.05997633934021,0.8594453930854797,4.92336893081665,2.870614528656006,-2.052754640579224,0.8556848168373108,4.839776992797852,2.783548593521118,-2.0562281608581543,1.007919430732727,4.688995361328125,2.5895650386810303,-2.099430561065674
0.978460431098938,4.75236701965332,2.645254135131836,-2.107112407684326,0.8422290086746216,4.899093627929688,2.830228567123413,-2.068865299224853,0.8526253700256348,4.902109622955322,2.813979148864746,-2.088130474090576,0.8569362163543701,4.949808597564697,2.88562273979187,-2.064185857772827,0.8844681978225708,4.913575172424316,2.84820294380188,-2.065372467041016,0.8771445155143738,4.835551261901856,2.7684996128082275,-2.067051649093628,0.9860396385192871,4.709895610809326,2.598118305206299,-2.1117775440216064
0.9850453734397888,4.8013129234313965,2.716033935546875,-2.085278987884521,0.8326886296272278,4.916868209838867,2.839282989501953,-2.077585220336914,0.8940551280975342,4.916258335113525,2.8771073818206787,-2.039151191711426,0.8859170079231262,4.904730319976807,2.854320764541626,-2.05040979385376,0.8739175796508789,4.886200428009033,2.8270859718322754,-2.059114933013916,0.8963805437088013,4.891939163208008,2.817291259765625,-2.074647903442383,1.0137934684753418,4.744387149810791,2.664083480834961,-2.080303907394409
0.9948565363883972,4.745081424713135,2.6455767154693604,-2.0995047092437744,0.859433650970459,4.891114711761475,2.8191168308258057,-2.071998119354248,0.8474932312965393,4.960370063781738,2.918583869934082,-2.041786193847656,0.8542139530181885,4.917611598968506,2.8541419506073,-2.063469886779785,0.8506622910499573,4.969360828399658,2.8831918239593506,-2.0861687660217285,0.9130638241767884,4.808553218841553,2.7168092727661133,-2.0917437076568604,0.996077299118042,4.735416412353516,2.6242189407348633,-2.1111981868743896
0.988432228565216,4.760833740234375,2.655356168746948,-2.1054775714874268,0.890349805355072,4.926042556762695,2.8096418380737305,-2.116400241851806,0.8712909817695618,4.920137405395508,2.7995026111602783,-2.120634794235229,0.8737244606018066,4.883361339569092,2.782590866088867,-2.1007704734802246,0.8431139588356018,5.000107765197754,2.8723223209381104,-2.127785444259644,0.9017585515975952,4.804065227508545,2.6939857006073,-2.110079526901245,0.9843893647193909,4.7725701332092285,2.668151378631592,-2.1044185161590576
0.9954217076301576,4.79243803024292,2.677570343017578,-2.114867925643921,0.8696868419647217,4.781428337097168,2.7033679485321045,-2.0780603885650635,0.8307971954345703,4.870766639709473,2.7965095043182373,-2.0742573738098145,0.817823588848114,4.9234724044799805,2.8252434730529785,-2.098229169845581,0.839421272277832,4.870603084564209,2.8174071311950684,-2.0531959533691406,0.854451060295105,4.859236717224121,2.740387201309204,-2.118849277496338,0.9862293601036072,4.688395023345947,2.5646140575408936,-2.123781204223633
0.9895678758621216,4.733266830444336,2.6201012134552,-2.1131653785705566,0.8605554699897766,4.921779155731201,2.86948299407959,-2.052295923233032,0.8741392493247986,4.984421730041504,2.8939499855041504,-2.0904719829559326,0.8410225510597229,4.959721088409424,2.8536951541900635,-2.1060259342193604,0.8373997211456299,4.934784889221191,2.8173704147338867,-2.1174144744873047,0.8657737970352173,4.918055534362793,2.826677799224853,-2.0913777351379395,0.9885770082473755,4.726493835449219,2.5853798389434814,-2.1411139965057373
1.0121164321899414,4.755427837371826,2.625776767730713,-2.1296510696411133,0.8485239148139954,4.910720348358154,2.8060104846954346,-2.10470986366272,0.8411881923675537,4.937593460083008,2.8440089225769043,-2.0935845375061035,0.8551701903343201,4.891135215759277,2.7926576137542725,-2.098477602005005,0.8606653213500977,5.001794815063477,2.8991971015930176,-2.102597951889038,0.8580453991889954,4.939797401428223,2.802046060562134,-2.137751579284668,0.9654744863510132,4.7900214195251465,2.66960072517395,-2.1204211711883545
1.0083550214767456,4.755201816558838,2.641193151473999,-2.11400842666626,0.8645275235176086,4.894635200500488,2.7925398349761963,-2.102095127105713,0.889667809009552,4.9198994636535645,2.786259889602661,-2.1336398124694824,0.8577789664268494,4.9049458503723145,2.809713840484619,-2.095232486724853,0.8537040948867798,4.964773178100586,2.8586955070495605,-2.1060774326324463,0.8941283226013184,4.966885089874268,2.843996047973633,-2.1228890419006348,0.9991875886917114,4.779727458953857,2.6661715507507324,-2.113556146621704
0.9909650087356568,4.765716552734375,2.669964551925659,-2.095752000808716,0.8939003944396973,4.9883131980896,2.880596876144409,-2.107716560363769,0.8526610136032104,4.9028849601745605,2.780518054962158,-2.122367143630981,0.8382778167724609,4.9441914558410645,2.828171730041504,-2.1160197257995605,0.846314549446106,4.970360279083252,2.877524852752685,-2.0928354263305664,0.8303239941596985,4.906105995178223,2.8352301120758057,-2.070875406265259,1.0016980171203613,4.75242280960083,2.610337495803833,-2.142085313796997
1.0097432136535645,4.728190898895264,2.6158607006073,-2.1123299598693848,0.8408570885658264,4.939877510070801,2.8663439750671387,-2.073533058166504,0.8514033555984497,4.972728729248047,2.871326446533203,-2.101402759552002,0.872140645980835,4.936333656311035,2.842487096786499,-2.093846559524536,0.8910595774650574,4.955588340759277,2.865635871887207,-2.0899527072906494,0.8824536204338074,4.784839153289795,2.6977226734161377,-2.087116241455078,1.0035831928253174,4.792846202850342,2.693925619125366,-2.0989208221435547
1.006973385810852,4.718277454376221,2.618804216384888,-2.099473237991333,0.8849151730537415,4.962122917175293,2.838740348815918,-2.123382329940796,0.8540629744529724,4.942736625671387,2.8497507572174072,-2.0929858684539795,0.8192850947380066,4.985642433166504,2.890547037124634,-2.09509539604187,0.8608046174049377,4.998246669769287,2.868833303451538,-2.129413366317749,0.8814325928688049,4.873458385467529,2.7793779373168945,-2.0940804481506348,1.0036630630493164,4.689092636108398,2.582440137863159,-2.1066529750823975
0.9961270689964294,4.684616088867188,2.574429035186768,-2.11018705368042,0.891709566116333,4.861780643463135,2.787179708480835,-2.0746009349823,0.8752325773239136,4.887699127197266,2.7939255237579346,-2.093773365020752,0.8785063028335571,4.857156753540039,2.7613539695739746,-2.095803022384644,0.8489575386047363,4.899315357208252,2.798046112060547,-2.101269245147705,0.8853038549423218,4.8629679679870605,2.804693460464477,-2.058274745941162,0.9902229309082031,4.732568264007568,2.6251161098480225,-2.107451915740967
1.0054444074630735,4.78776216506958,2.688394069671631,-2.099368095397949,0.845517635345459,4.874692916870117,2.8052706718444824,-2.069422721862793,0.8644299507141113,4.9861016273498535,2.902526378631592,-2.0835747718811035,0.8968561887741089,4.8899993896484375,2.8419313430786133,-2.048067569732666,0.8393891453742981,4.914524078369141,2.826944351196289,-2.0875794887542725,0.8555845022201538,5.019579887390137,2.9326040744781494,-2.086975574493408,1.023085117340088,4.859286785125732,2.794157028198242,-2.0651302337646484
0.998178243637085,4.751205921173096,2.626607179641724,-2.124598503112793,0.8681085109710693,4.970498085021973,2.87927794456482,-2.0912203788757324,0.8812142610549927,4.923595905303955,2.842729091644287,-2.080867052078247,0.8881624937057495,4.912553787231445,2.8363242149353027,-2.0762290954589844,0.860968291759491,4.904061317443848,2.797901391983032,-2.1061601638793945,0.8812617063522339,4.812536239624023,2.734853744506836,-2.0776824951171875,0.9878924489021301,4.757155418395996,2.640814781188965,-2.1163408756256104
0.9727665185928344,4.7516913414001465,2.687808990478516,-2.0638818740844727,0.8854686617851257,4.819855690002441,2.737470388412476,-2.082385540008545,0.8781498074531555,4.943811893463135,2.905001878738404,-2.0388104915618896,0.8762305378913879,4.926935195922852,2.8277974128723145,-2.099137306213379,0.8862707614898682,4.879985332489014,2.822351217269897,-2.057633876800537,0.8829300999641418,4.887365818023682,2.806149244308472,-2.08121657371521,0.9887361526489258,4.665370464324951,2.565685510635376,-2.0996851921081543
0.9902148246765136,4.797373294830322,2.686386823654175,-2.1109864711761475,0.8842192888259888,4.870843410491943,2.7536096572875977,-2.1172337532043457,0.8737781047821045,4.942571640014648,2.82149076461792,-2.121081113815308,0.8937462568283081,4.915074825286865,2.829077243804932,-2.0859978199005127,0.8943095207214355,4.8145246505737305,2.735929250717163,-2.0785956382751465,0.8828393220901489,4.935647010803223,2.794007539749145,-2.141639232635498,1.0059775114059448,4.74924898147583,2.644587516784668,-2.104661226272583
0.9875587224960328,4.737624645233154,2.6367833614349365,-2.1008410453796387,0.8167955279350281,4.855978965759277,2.791069984436035,-2.0649092197418213,0.8403110504150391,4.975821971893311,2.917277812957764,-2.058543920516968,0.8271624445915222,4.932407379150391,2.838339805603028,-2.0940678119659424,0.8387375473976135,4.937941074371338,2.8518474102020264,-2.0860934257507324,0.820645272731781,4.923954486846924,2.853470087051392,-2.070484399795532,1.006679654121399,4.650214195251465,2.557020425796509,-2.0931942462921143
1.0040509700775146,4.756546974182129,2.6432528495788574,-2.1132936477661133,0.8413227796554565,4.947825908660889,2.867131233215332,-2.0806941986083984,0.8789025545120239,5.007228374481201,2.9010016918182373,-2.106227159500122,0.8438097238540649,4.97514009475708,2.8603439331054688,-2.114795923233032,0.8910945057868958,4.985930919647217,2.85041880607605,-2.135512590408325,0.8333380818367004,4.959777355194092,2.897827625274658,-2.0619497299194336,0.9844780564308167,4.817015171051025,2.7076547145843506,-2.109360694885254
0.9979463815689088,4.801565170288086,2.686729431152344,-2.114835500717163,0.8280478119850159,4.986968994140625,2.860078811645508,-2.126889944076538,0.8615306615829468,4.963577747344971,2.8550379276275635,-2.1085400581359863,0.8272011876106262,4.95477294921875,2.8285961151123047,-2.1261768341064453,0.8418476581573486,4.9992265701293945,2.8600776195526123,-2.139148712158203,0.881836473941803,4.94118595123291,2.7916533946990967,-2.149532556533813,0.9744012355804443,4.827635765075684,2.709277868270874,-2.1183581352233887
1.0224602222442627,4.690859794616699,2.5862648487091064,-2.1045944690704346,0.8978016972541809,4.836437225341797,2.7468740940093994,-2.089563131332397,0.9113375544548036,4.975085735321045,2.877411365509033,-2.0976741313934326,0.8833100199699402,4.908339023590088,2.814810276031494,-2.093528985977173,0.8662438988685608,4.977904319763184,2.8767547607421875,-2.1011500358581543,0.8664965033531189,4.916011333465576,2.8245534896850586,-2.0914576053619385,1.0099231004714966,4.828746318817139,2.736558437347412,-2.0921874046325684
0.9978594779968262,4.719484329223633,2.597682476043701,-2.12180233001709,0.8487299084663391,4.80472993850708,2.717004776000977,-2.0877254009246826,0.8528600931167603,4.868024826049805,2.7792038917541504,-2.0888209342956543,0.8307384252548218,4.941373825073242,2.878668546676636,-2.062705516815185,0.830242931842804,4.940669059753418,2.831033945083618,-2.1096348762512207,0.8699666857719421,4.847798824310303,2.731248140335083,-2.11655068397522,1.031702995300293,4.722883701324463,2.6085879802703857,-2.1142961978912354
1.0060285329818726,4.790239334106445,2.69541335105896,-2.0948259830474854,0.8609780073165894,4.825776100158691,2.749257802963257,-2.0765187740325928,0.8654128909111023,4.946349620819092,2.886265754699707,-2.0600833892822266,0.8272976279258728,4.929076194763184,2.8408963680267334,-2.088179111480713,0.8411603569984436,4.867835521697998,2.798370361328125,-2.069465160369873,0.848142683506012,4.8986124992370605,2.8387539386749268,-2.059858560562134,0.9908513426780701,4.693203449249268,2.5972838401794434,-2.0959198474884033
0.970056414604187,4.752145290374756,2.637326002120972,-2.114819288253784,0.835064709186554,4.926322937011719,2.850987195968628,-2.075335741043091,0.8197824358940125,4.920955657958984,2.8381733894348145,-2.082782030105591,0.8289155960083008,4.899744510650635,2.810737609863281,-2.0890071392059326,0.8670890927314758,4.848272323608398,2.7560596466064453,-2.092212677001953,0.844068706035614,4.831668853759766,2.7710928916931152,-2.0605759620666504,0.9936851263046265,4.655417442321777,2.5438292026519775,-2.1115880012512207
0.9916627407073976,4.722282886505127,2.5977895259857178,-2.12449312210083,0.8345897793769836,4.876887798309326,2.7486002445220947,-2.1282875537872314,0.9108609557151794,4.929037094116211,2.8040592670440674,-2.1249780654907227,0.8700952529907227,4.953775882720947,2.825388193130493,-2.128387689590454,0.8719427585601807,4.936967372894287,2.810540676116944,-2.1264264583587646,0.8865141272544861,4.912920475006104,2.7869713306427,-2.1259491443634038,0.9924106597900391,4.72242546081543,2.5992324352264404,-2.123192310333252
1.0061286687850952,4.543613910675049,2.441962480545044,-2.1016509532928467,0.8686135411262512,4.846253871917725,2.777161836624145,-2.069091796875,0.825502336025238,4.833578586578369,2.722039699554444,-2.1115386486053467,0.8415610194206238,4.85224723815918,2.794680595397949,-2.0575666427612305,0.8452281355857849,4.965989112854004,2.8727622032165527,-2.093226909637451,0.8035373091697693,4.874385833740234,2.813713312149048,-2.0606725215911865,1.0213819742202759,4.705714225769043,2.614722490310669,-2.090991735458374
0.9837613105773926,4.793779373168945,2.667081832885742,-2.1266977787017822,0.8622284531593323,4.866659164428711,2.773531198501587,-2.093127727508545,0.8319087624549866,5.03272819519043,2.882038354873657,-2.1506898403167725,0.808223307132721,5.010970592498779,2.87532901763916,-2.1356422901153564,0.8845775723457336,4.941948413848877,2.813693761825561,-2.1282548904418945,0.8186931610107422,4.922836780548096,2.7849040031433105,-2.1379330158233643,0.9841395020484924,4.858116149902344,2.7186694145202637,-2.1394472122192383
0.9936294555664062,4.8324294090271,2.73276686668396,-2.09966254234314,0.8566389083862305,4.924063205718994,2.842653274536133,-2.0814096927642822,0.8891416788101196,4.972544193267822,2.8970282077789307,-2.075515985488892,0.8746131062507629,4.96427583694458,2.862235307693481,-2.1020402908325195,0.9237178564071656,5.0474467277526855,2.968227863311768,-2.079218626022339,0.833769679069519,4.849293231964111,2.775658369064331,-2.0736348628997803,0.9757937788963318,4.782445430755615,2.7018589973449707,-2.0805859565734863
0.99452143907547,4.774084568023682,2.6940786838531494,-2.080005407333374,0.8370171189308167,4.923121452331543,2.846577882766724,-2.07654356956482,0.8829717040061951,4.772252559661865,2.717179298400879,-2.0550730228424072,0.8493979573249817,4.948299884796143,2.860697031021118,-2.0876030921936035,0.8775938749313354,4.895493507385254,2.8280510902404785,-2.0674421787261963,0.875426709651947,4.872664451599121,2.788281917572021,-2.0843822956085205,0.9658852815628052,4.7196455001831055,2.634098768234253,-2.0855472087860107
0.9651491641998292,4.711505889892578,2.6257858276367188,-2.0857203006744385,0.8857048153877258,4.903281211853027,2.81408166885376,-2.0891997814178467,0.830054759979248,4.962789058685303,2.8897416591644287,-2.073047637939453,0.8514829277992249,4.95879602432251,2.883278608322144,-2.075517177581787,0.8369644284248352,4.978145122528076,2.9109644889831543,-2.067180871963501,0.8506131768226624,4.995491981506348,2.9239189624786377,-2.07157301902771,0.9864600896835327,4.738679885864258,2.627749443054199,-2.110930919647217
1.023820877075195,4.677625179290772,2.5742905139923096,-2.103334903717041,0.8620903491973877,4.9124908447265625,2.835765838623047,-2.0767252445220947,0.840955913066864,4.92381763458252,2.8034920692443848,-2.120325326919556,0.8511797785758972,4.88275957107544,2.7966301441192627,-2.0861294269561768,0.8424566984176636,4.905404090881348,2.8493871688842773,-2.0560171604156494,0.8643826842308044,4.938412189483643,2.85245943069458,-2.0859522819519043,1.0007846355438232,4.782834053039551,2.675034761428833,-2.1077990531921387
1.0004498958587646,4.800815105438232,2.674044132232666,-2.126771211624145,0.894482433795929,5.004395484924316,2.906820058822632,-2.0975749492645264,0.8475866913795471,4.993616580963135,2.895164966583252,-2.098452091217041,0.854814350605011,4.924781799316406,2.81995177268982,-2.104829788208008,0.8345664143562317,5.029545783996582,2.88958740234375,-2.139958381652832,0.8448438048362732,4.848144054412842,2.7442076206207275,-2.1039364337921143,1.0016754865646362,4.810272216796875,2.683802604675293,-2.126469612121582
0.982741117477417,4.611133575439453,2.5198233127593994,-2.0913100242614746,0.8889138698577881,4.860489368438721,2.784734010696411,-2.0757553577423096,0.8521137237548828,4.941373825073242,2.8800628185272217,-2.061310291290283,0.9378629326820374,4.872317314147949,2.793435573577881,-2.0788815021514893,0.8866885304450989,4.97019624710083,2.9361088275909424,-2.034087657928467,0.8404819369316101,4.868086338043213,2.745245933532715,-2.122840642929077,0.9972913265228271,4.781012058258057,2.7039246559143066,-2.077087640762329
0.9876622557640076,4.772051811218262,2.667656421661377,-2.104395627975464,0.8948598504066467,4.946291923522949,2.8712525367736816,-2.075039386749268,0.857650637626648,4.912559509277344,2.8686740398406982,-2.043885469436645,0.8655620217323303,4.986120700836182,2.8993523120880127,-2.086768627166748,0.9084425568580629,4.922643184661865,2.839829206466675,-2.082813739776612,0.8727174997329712,4.9176201820373535,2.811485290527344,-2.1061348915100098,1.0007160902023315,4.815624237060547,2.724208354949951,-2.0914158821105957
1.0249903202056885,4.751037120819092,2.6441972255706787,-2.106839418411255,0.8738659024238586,4.875106334686279,2.759664535522461,-2.11544156074524,0.8516282439231873,4.931019306182861,2.8142714500427246,-2.116748094558716,0.8451816439628601,5.035214900970459,2.9452295303344727,-2.0899853706359863,0.8880428075790405,4.85883378982544,2.760230541229248,-2.0986034870147705,0.8430914878845215,4.873514175415039,2.8054800033569336,-2.068034410476685,1.0091445446014404,4.792884349822998,2.692135810852051,-2.1007487773895264
1.002747893333435,4.728981018066406,2.6038641929626465,-2.1251165866851807,0.8284268379211426,4.780279159545898,2.651536464691162,-2.1287431716918945,0.859950065612793,4.924773216247559,2.7921230792999268,-2.1326496601104736,0.8311632871627808,4.917672157287598,2.7944116592407227,-2.123260259628296,0.824985146522522,4.926181316375732,2.798354148864746,-2.1278269290924072,0.889213502407074,4.91571569442749,2.72748064994812,-2.188235282897949,1.006165623664856,4.799948692321777,2.6639022827148438,-2.1360459327697754
0.9792142510414124,4.73912525177002,2.6461243629455566,-2.093000650405884,0.8577306866645813,5.029569149017334,2.918006181716919,-2.111563205718994,0.8861844539642334,4.915067195892334,2.8428986072540283,-2.0721685886383057,0.8407347202301025,4.959559917449951,2.8721368312835693,-2.087423324584961,0.8851122260093689,4.800180912017822,2.683995723724365,-2.116185188293457,0.8257188200950623,4.863616466522217,2.7869107723236084,-2.0767054557800293,1.003132700920105,4.761970043182373,2.6718194484710693,-2.090150833129883
0.9833641052246094,4.809365272521973,2.7072641849517822,-2.102100849151612,0.874821126461029,4.922309398651123,2.861813545227051,-2.060495615005493,0.8547800779342651,4.850589275360107,2.7513210773468018,-2.0992679595947266,0.8599092364311218,4.882692337036133,2.763681650161743,-2.1190109252929688,0.8721717000007629,4.984401702880859,2.900456190109253,-2.083945751190185,0.848569393157959,4.827757835388184,2.6980466842651367,-2.129711389541626,1.0082498788833618,4.730621814727783,2.618446111679077,-2.112175941467285
0.982499361038208,4.742402076721191,2.650681734085083,-2.0917205810546875,0.8913284540176392,4.934175968170166,2.8911614418029785,-2.0430145263671875,0.8670007586479187,4.872211933135986,2.787659168243408,-2.084552526473999,0.85927814245224,4.886322021484375,2.802504539489746,-2.08381724357605,0.8374366760253906,4.947342872619629,2.871546030044556,-2.075796604156494,0.8585269451141357,4.889060020446777,2.833392381668091,-2.0556676387786865,1.012363076210022,4.793532371520996,2.715053081512451,-2.078479290008545
0.9956169724464417,4.8030686378479,2.700249671936035,-2.102818489074707,0.8656547665596008,4.963334560394287,2.8660707473754883,-2.097263813018799,0.8766325116157532,4.917607307434082,2.864221334457397,-2.053385972976685,0.8429586291313171,5.042577266693115,2.9011361598968506,-2.1414411067962646,0.8471044898033142,4.899130821228027,2.810309410095215,-2.0888214111328125,0.8470711708068848,4.909564018249512,2.841230154037476,-2.068333864212036,0.9893749952316284,4.736199378967285,2.6042110919952393,-2.1319878101348877
0.9841256737709044,4.745149612426758,2.661508560180664,-2.0836410522460938,0.8307507634162903,4.937601089477539,2.8356404304504395,-2.1019608974456787,0.828788697719574,4.9858479499816895,2.873274564743042,-2.1125736236572266,0.8853335976600647,4.969813823699951,2.9073023796081543,-2.062511682510376,0.8273065686225891,4.929839134216309,2.8797881603240967,-2.050050973892212,0.8310667872428894,4.937333583831787,2.829207420349121,-2.108126401901245,0.9900616407394409,4.6641082763671875,2.5546629428863525,-2.109445571899414
0.994052231311798,4.774917602539063,2.6864264011383057,-2.088491201400757,0.836687445640564,4.954370498657227,2.8827390670776367,-2.071631669998169,0.837731659412384,4.915750026702881,2.8267581462860107,-2.088991403579712,0.8339846730232239,4.963015556335449,2.8696413040161133,-2.093374013900757,0.8655251860618591,4.962340831756592,2.9137041568756104,-2.0486369132995605,0.8684912323951721,4.823368072509766,2.772151470184326,-2.0512168407440186,1.013780951499939,4.8139238357543945,2.715670108795166,-2.0982537269592285
1.0064613819122314,4.757690906524658,2.6638708114624023,-2.093820333480835,0.8322601914405823,5.015533924102783,2.8956234455108643,-2.11991024017334,0.8618971109390259,5.004079818725586,2.88137435913086,-2.1227052211761475,0.8225495219230652,5.027122974395752,2.9253358840942383,-2.1017868518829346,0.8104645609855652,4.991955757141113,2.902395725250244,-2.089560270309448,0.8467649221420288,4.892290115356445,2.772611618041992,-2.119678735733032,0.9942432045936584,4.825429439544678,2.712021827697754,-2.113407611846924
1.0002689361572266,4.709306716918945,2.592361688613892,-2.116945266723633,0.8555321097373962,4.951383590698242,2.8529860973358154,-2.098397254943848,0.8253616094589233,4.924829006195068,2.8392107486724854,-2.085617780685425,0.8555086851119995,4.988868713378906,2.894138813018799,-2.0947296619415283,0.8668648600578308,5.009883403778076,2.9157392978668213,-2.094144582748413,0.8686209321022034,4.993910789489746,2.910104274749756,-2.0838065147399902,1.0043925046920776,4.688843727111816,2.572021484375,-2.1168222427368164
0.9789032936096193,4.762979507446289,2.7037582397460938,-2.059221267700196,0.8297885656356812,4.94315242767334,2.902895927429199,-2.0402565002441406,0.862413227558136,4.899314403533936,2.8291146755218506,-2.070199728012085,0.8635702729225159,4.908596992492676,2.8583526611328125,-2.0502445697784424,0.8539010882377625,4.90049409866333,2.833162784576416,-2.067331314086914,0.8693085312843323,4.857936382293701,2.7739861011505127,-2.0839507579803467,1.0015664100646973,4.759267807006836,2.695096969604492,-2.0641705989837646
1.0217701196670532,4.773684024810791,2.690062999725342,-2.0836217403411865,0.8635968565940857,4.885370254516602,2.798905372619629,-2.086465358734131,0.8740676045417786,4.849937438964844,2.7976036071777344,-2.0523338317871094,0.8797066807746887,4.9141035079956055,2.81087327003479,-2.1032307147979736,0.8852841258049011,4.975468158721924,2.8506102561950684,-2.1248579025268555,0.8736326098442078,4.868409633636475,2.7565276622772217,-2.111882448196411,0.9886875152587891,4.620075225830078,2.5184872150421143,-2.101588249206543
0.9719632267951964,4.741635799407959,2.638539552688598,-2.103095531463623,0.8170219659805298,4.877407550811768,2.8206892013549805,-2.056718111038208,0.8190304040908813,4.918219089508057,2.8533811569213867,-2.064838171005249,0.8716399669647217,4.90086030960083,2.812633991241455,-2.088225841522217,0.8943297863006592,4.951767921447754,2.8745853900909424,-2.0771825313568115,0.8658370971679688,4.908634662628174,2.8394248485565186,-2.069209098815918,0.9867162108421326,4.822630405426025,2.7154934406280518,-2.1071372032165527
0.981766939163208,4.705785274505615,2.6076109409332275,-2.098174810409546,0.8997159600257874,5.00180721282959,2.9143998622894287,-2.087407350540161,0.8542181253433228,4.948738098144531,2.857033491134644,-2.0917043685913086,0.8805974721908569,4.939574718475342,2.846327066421509,-2.093247890472412,0.8427162766456604,4.975808620452881,2.877197265625,-2.09861159324646,0.8528837561607361,4.842013359069824,2.7454192638397217,-2.0965943336486816,0.9990670084953308,4.731958389282227,2.6232218742370605,-2.108736753463745
0.978325128555298,4.727858543395996,2.6044375896453857,-2.123421192169189,0.8732885718345642,4.863592147827148,2.7849435806274414,-2.078648567199707,0.8141065239906311,4.960383892059326,2.867780923843384,-2.092602729797364,0.8586744070053101,4.953629493713379,2.8174822330474854,-2.1361474990844727,0.8578205108642578,4.961284160614014,2.8621981143951416,-2.099085807800293,0.8679285645484924,4.913976669311523,2.8245656490325928,-2.0894110202789307,0.9821815490722656,4.763746738433838,2.6388463973999023,-2.1248998641967773
0.9852628707885742,4.7694993019104,2.672893047332764,-2.0966062545776367,0.8353031277656555,4.925561904907227,2.8408472537994385,-2.084714412689209,0.8527480363845825,4.974619388580322,2.8878109455108643,-2.0868079662323,0.8376221656799316,5.00335693359375,2.9028568267822266,-2.1005003452301025,0.8715723156929016,4.986179828643799,2.932501792907715,-2.053677797317505,0.875706136226654,4.927661418914795,2.8439781665802,-2.083683490753174,0.9984979033470154,4.860507011413574,2.768136978149414,-2.092369556427002
0.984768807888031,4.7563676834106445,2.645987033843994,-2.110380411148072,0.8429836630821228,4.913061618804932,2.787928581237793,-2.1251330375671387,0.8325109481811523,4.857866287231445,2.7555978298187256,-2.1022682189941406,0.8217833042144775,4.926774501800537,2.8190183639526367,-2.1077558994293213,0.8247861266136169,4.943696022033691,2.8190746307373047,-2.124621152877808,0.8555630445480347,4.771165370941162,2.6549367904663086,-2.116228580474853,0.9950551986694336,4.629395484924316,2.516756057739258,-2.1126391887664795
1.0466746091842651,4.734102249145508,2.635019302368164,-2.099082469940185,0.8387467861175537,5.004547595977783,2.879330635070801,-2.125217199325561,0.9153411388397216,5.0013108253479,2.924826145172119,-2.076484203338623,0.8686226010322571,4.962687015533447,2.8828353881835938,-2.0798513889312744,0.8996862173080444,4.9794745445251465,2.8903963565826416,-2.089078187942505,0.8553247451782227,4.949893951416016,2.889404296875,-2.060489654541016,0.9981703758239746,4.717349052429199,2.6153314113616943,-2.102017641067505
0.9777444005012512,4.736129760742188,2.6267740726470947,-2.1093554496765137,0.8831664323806763,4.980327129364014,2.891277551651001,-2.0890495777130127,0.8609449863433838,5.000685691833496,2.891807556152344,-2.1088781356811523,0.8486167192459106,4.928976058959961,2.856182098388672,-2.072793245315552,0.8495640754699707,4.996505260467529,2.87162184715271,-2.12488341331482,0.8398040533065796,5.095266819000244,2.9622182846069336,-2.1330487728118896,0.9969321489334106,4.724323749542236,2.605344772338867,-2.1189792156219482
1.0135875940322876,4.811882495880127,2.651294469833374,-2.160588026046753,0.8512861132621765,5.0243821144104,2.911579370498657,-2.112802743911743,0.8340588808059692,4.927402019500732,2.8109664916992188,-2.116436243057251,0.857921302318573,4.997662544250488,2.887593030929565,-2.110069751739502,0.8377618193626404,4.988481521606445,2.8542871475219727,-2.1341943740844727,0.867884635925293,4.921947479248047,2.7791237831115723,-2.1428236961364746,0.9808448553085327,4.757357597351074,2.6145312786102295,-2.1428263187408447
0.9979128241539,4.794607162475586,2.661329746246338,-2.133277177810669,0.90113365650177,4.904258728027344,2.7796783447265625,-2.124580383300781,0.8694380521774292,4.924528121948242,2.7756080627441406,-2.1489202976226807,0.8422524333000183,4.879071235656738,2.7652840614318848,-2.113787174224853,0.8564621210098267,4.964126586914063,2.828907966613769,-2.135218620300293,0.8750537037849426,4.813340663909912,2.676297903060913,-2.137043237686157,1.0102009773254395,4.8246002197265625,2.6613245010375977,-2.163275718688965
0.9990444183349608,4.758801937103272,2.6529486179351807,-2.10585355758667,0.8564850687980652,4.881521701812744,2.8327369689941406,-2.0487847328186035,0.8910972476005554,4.873672962188721,2.792907476425171,-2.0807652473449707,0.8456397652626038,4.878747940063477,2.8013761043548584,-2.077371835708618,0.9015586972236632,4.802475929260254,2.72476577758789,-2.077709913253784,0.8691681027412415,4.739249706268311,2.6551456451416016,-2.084104061126709,1.004487156867981,4.663735866546631,2.5538361072540283,-2.1098995208740234
0.9756159782409668,4.749842166900635,2.653536081314087,-2.0963058471679688,0.8896656632423401,4.928067684173584,2.8425543308258057,-2.0855133533477783,0.8571606278419495,4.960826396942139,2.905492067337036,-2.0553345680236816,0.8467705249786377,4.95327091217041,2.869229555130005,-2.084041118621826,0.8572235703468323,4.995755672454834,2.9241943359375,-2.071561336517334,0.8166311979293823,4.917383193969727,2.784588098526001,-2.1327953338623047,0.996687650680542,4.7790141105651855,2.6898717880249023,-2.0891425609588623
0.9882543683052064,4.74636173248291,2.6485674381256104,-2.097794532775879,0.8642933964729309,4.9365105628967285,2.838202476501465,-2.098308086395264,0.8466561436653137,4.993033409118652,2.9248204231262207,-2.068212509155273,0.8310368061065674,4.890675067901611,2.8282010555267334,-2.062474012374878,0.8935721516609192,4.953327655792236,2.8548450469970703,-2.098482370376587,0.8401173949241638,4.908787250518799,2.796988248825073,-2.1117987632751465,0.9802709221839905,4.801670074462891,2.698927164077759,-2.1027424335479736
1.0137521028518677,4.815482139587402,2.6980514526367188,-2.1174309253692627,0.8453707695007324,4.996192932128906,2.9403951168060303,-2.055798053741455,0.8865293264389038,4.902025699615479,2.762805461883545,-2.1392199993133545,0.8812103867530823,4.967038154602051,2.857055425643921,-2.109982967376709,0.8333175182342529,4.898614883422852,2.8194360733032227,-2.079178810119629,0.8086068034172058,4.90652322769165,2.8324978351593018,-2.0740253925323486,0.9782518744468689,4.802994728088379,2.677298069000244,-2.1256961822509766
0.9911736249923706,4.768282413482666,2.6765553951263428,-2.091726779937744,0.8822808265686035,4.95942497253418,2.8911094665527344,-2.068315029144287,0.8724204301834106,4.810479640960693,2.7287793159484863,-2.081700325012207,0.8567938208580017,4.982840061187744,2.903648614883423,-2.0791919231414795,0.847386360168457,5.002246856689453,2.954508066177368,-2.047739028930664,0.8407601118087769,4.86604642868042,2.7787296772003174,-2.0873165130615234,0.9896774888038635,4.7349700927734375,2.64900541305542,-2.0859649181365967
1.0065736770629885,4.71960973739624,2.637930154800415,-2.0816800594329834,0.8661201000213623,4.9988298416137695,2.924127578735352,-2.074702024459839,0.8527213335037231,4.91120195388794,2.823780536651612,-2.087421417236328,0.8771294355392456,4.938780784606934,2.839789390563965,-2.0989913940429688,0.8414238095283508,4.9927496910095215,2.892503261566162,-2.10024642944336,0.8592579960823059,4.906514644622803,2.831861019134521,-2.074653625488281,0.9798093438148499,4.757726669311523,2.663423776626587,-2.0943028926849365
0.9790807366371156,4.777313232421875,2.6632657051086426,-2.1140477657318115,0.8718887567520142,4.998470306396484,2.894284009933472,-2.1041858196258545,0.8541229963302612,4.921877861022949,2.794940710067749,-2.12693738937378,0.8447846174240112,5.000613689422607,2.873509645462036,-2.1271042823791504,0.8683927059173584,4.960045337677002,2.8135344982147217,-2.146510601043701,0.8937367796897888,4.928258419036865,2.8097469806671143,-2.11851167678833,1.0259844064712524,4.755758762359619,2.6261346340179443,-2.129624128341675
0.9920958876609802,4.652194976806641,2.5490126609802246,-2.103182792663574,0.8509638905525208,4.881706237792969,2.809165000915528,-2.0725414752960205,0.8856567740440369,4.970917701721191,2.8879308700561523,-2.082987070083618,0.8811665177345276,4.896610736846924,2.8085920810699463,-2.0880188941955566,0.8853942155838013,4.982843399047852,2.9168505668640137,-2.065993070602417,0.856637179851532,4.877738952636719,2.8220856189727783,-2.0556530952453613,0.9876314401626587,4.785290241241455,2.6813244819641113,-2.1039657592773438
0.9957181215286256,4.718369960784912,2.612493991851806,-2.1058757305145264,0.8380662798881531,4.949721813201904,2.882821559906006,-2.0669002532958984,0.8433024883270264,4.926052093505859,2.799607515335083,-2.1264443397521973,0.841456949710846,5.028479099273682,2.913961887359619,-2.1145174503326416,0.8876197338104248,4.897815227508545,2.841992139816284,-2.0558230876922607,0.8578974008560181,4.851287364959717,2.8009111881256104,-2.0503761768341064,0.9736374616622925,4.806286811828613,2.70717191696167,-2.0991148948669434
1.0006961822509766,4.759817123413086,2.6514954566955566,-2.1083216667175293,0.8559958338737488,4.862481117248535,2.751361846923828,-2.111119031906128,0.8589617609977722,4.867419719696045,2.803828477859497,-2.063591241836548,0.8738954067230225,4.868844985961914,2.781805515289306,-2.0870397090911865,0.8522537350654602,4.972335338592529,2.86617374420166,-2.106161594390869,0.8600127696990967,4.913981914520264,2.837486743927002,-2.076495409011841,0.9888632893562317,4.7633233070373535,2.6423707008361816,-2.1209523677825928
0.9961705803871156,4.73144006729126,2.636658430099488,-2.0947816371917725,0.840133547782898,5.064935684204102,2.930093288421631,-2.1348419189453125,0.874667227268219,4.919040203094482,2.848637580871582,-2.0704028606414795,0.8348432779312134,4.926558971405029,2.8556787967681885,-2.07088041305542,0.9220508933067322,4.971320629119873,2.913158655166626,-2.058161973953247,0.8636542558670044,4.919033527374268,2.838968276977539,-2.080065488815308,0.999738335609436,4.759367942810059,2.6888084411621094,-2.07055926322937
0.9894148111343384,4.6195244789123535,2.4973394870758057,-2.1221847534179688,0.8685644865036011,5.034244537353516,2.934370279312134,-2.099874258041382,0.8701667785644531,4.908575534820557,2.840198278427124,-2.0683772563934326,0.881874144077301,4.881320476531982,2.798950672149658,-2.082369804382324,0.8735426664352417,4.899939060211182,2.859835147857666,-2.040104627609253,0.8644784688949585,4.843114852905273,2.771149158477783,-2.0719656944274902,0.987280547618866,4.7416605949401855,2.627478837966919,-2.1141815185546875
1.0046756267547607,4.737828731536865,2.6432788372039795,-2.094550132751465,0.8318056464195251,4.855226993560791,2.800663471221924,-2.054563522338867,0.8790608048439026,4.9739179611206055,2.9472177028656006,-2.026700258255005,0.8333525657653809,4.931530475616455,2.8543074131011963,-2.077223062515259,0.8266385793685913,4.937840461730957,2.87170958518982,-2.0661306381225586,0.8665885329246521,4.833198070526123,2.7765040397644043,-2.0566940307617188,1.0039618015289307,4.708646297454834,2.6220390796661377,-2.086606979370117
0.9838653206825256,4.843731880187988,2.750882625579834,-2.0928492546081543,0.8325680494308472,4.950555801391602,2.831392288208008,-2.1191635131835938,0.8947617411613464,4.86439847946167,2.7669837474823,-2.097414970397949,0.8563385009765625,4.872025489807129,2.7977869510650635,-2.074238538742065,0.8473856449127197,4.969886779785156,2.8742692470550537,-2.0956177711486816,0.8683204054832458,4.781844615936279,2.6719655990600586,-2.1098790168762207,0.9973680973052979,4.721634387969971,2.6069281101226807,-2.114706516265869
0.9849568605422974,4.756346702575684,2.648484706878662,-2.1078617572784424,0.8839943408966064,4.926767826080322,2.827777147293091,-2.0989906787872314,0.8605473637580872,4.901930332183838,2.800731420516968,-2.101199150085449,0.8696509003639221,4.901251316070557,2.808988332748413,-2.092262983322144,0.8912645578384399,4.892740249633789,2.7853827476501465,-2.1073577404022217,0.8622569441795349,4.871808052062988,2.766172170639038,-2.105635643005371,0.994455099105835,4.671458721160889,2.561967611312866,-2.1094915866851807
0.9999778866767884,4.727823257446289,2.631887435913086,-2.095935344696045,0.8430934548377991,4.955168724060059,2.8912909030914307,-2.063877582550049,0.8876129984855652,4.925568580627441,2.8449389934539795,-2.080629587173462,0.8817903399467468,4.937567710876465,2.8571219444274902,-2.0804460048675537,0.8328005075454712,5.055736064910889,3.001819610595703,-2.053916454315185,0.866055965423584,4.9176435470581055,2.8550968170166016,-2.062546968460083,1.016797661781311,4.758359432220459,2.6640677452087402,-2.094291925430298
0.9702922105789183,4.672135353088379,2.58042573928833,-2.091709613800049,0.845072865486145,4.984053134918213,2.936767816543579,-2.047285318374634,0.875122606754303,4.8876543045043945,2.8350539207458496,-2.0525999069213867,0.828974723815918,4.888613224029541,2.830929517745972,-2.0576841831207275,0.8720716238021851,4.92329740524292,2.83492374420166,-2.08837366104126,0.8608759641647339,4.9183735847473145,2.821295022964477,-2.097078800201416,0.9866002202033997,4.7672529220581055,2.6793527603149414,-2.087899923324585
1.003438115119934,4.7430291175842285,2.6216628551483154,-2.121366262435913,0.8047631978988647,4.965369701385498,2.8988757133483887,-2.0664942264556885,0.8583326935768127,4.934701919555664,2.835212230682373,-2.099489450454712,0.8469524383544922,4.987453460693359,2.900359869003296,-2.0870935916900635,0.8551905155181885,4.930417060852051,2.8474783897399902,-2.0829386711120605,0.7980490326881409,4.95979118347168,2.871620416641236,-2.088170289993286,0.9897005558013916,4.6917033195495605,2.594318389892578,-2.0973846912384033
0.9896225929260254,4.723326206207275,2.660137414932251,-2.0631885528564453,0.8679274916648865,4.9182963371276855,2.837112665176392,-2.081184148788452,0.8961190581321716,4.923274993896484,2.883085966110229,-2.040189266204834,0.8395777344703674,4.932119369506836,2.875535726547241,-2.0565836429595947,0.8570659756660461,4.962325096130371,2.861459255218506,-2.1008660793304443,0.8262110948562622,4.983566761016846,2.8995981216430664,-2.0839686393737797,0.9636832475662231,4.7652106285095215,2.693530559539795,-2.0716800689697266
0.9973099827766418,4.6712799072265625,2.5196340084075928,-2.1516458988189697,0.8447262644767761,4.919396877288818,2.8041739463806152,-2.1152231693267822,0.8850244283676147,4.909576892852783,2.7976436614990234,-2.11193323135376,0.8509026765823364,4.960982799530029,2.864588975906372,-2.0963940620422363,0.8510541319847107,4.984302520751953,2.873448610305786,-2.110854148864746,0.8372552394866943,4.871410369873047,2.74756121635437,-2.123849391937256,1.0054066181182861,4.798372268676758,2.6440589427948,-2.154313564300537
1.0222060680389404,4.593694686889648,2.518359661102295,-2.075335025787353,0.8668594360351562,4.956845283508301,2.891663312911988,-2.0651817321777344,0.8811335563659668,4.8631696701049805,2.810655355453491,-2.052513837814331,0.8459435105323792,4.895386219024658,2.8371002674102783,-2.058286190032959,0.8435304164886475,4.937139987945557,2.8972301483154297,-2.039909601211548,0.8701255917549133,4.82011079788208,2.792021512985229,-2.0280892848968506,0.9909197092056274,4.698390007019043,2.619642972946167,-2.078747034072876
1.000343680381775,4.743063449859619,2.601632595062256,-2.141430616378784,0.8537899851799011,4.993194103240967,2.8968095779418945,-2.096384763717652,0.893511950969696,5.050373077392578,2.9321813583374023,-2.118191957473755,0.9542231559753418,5.028157711029053,2.89908504486084,-2.129072427749634,0.8662950992584229,5.034789085388184,2.9211251735687256,-2.113664150238037,0.8528019189834595,4.929555416107178,2.8164987564086914,-2.113056898117065,1.021201729774475,4.760234355926514,2.6358444690704346,-2.1243896484375
0.9905587434768676,4.683746814727783,2.5706582069396973,-2.113088607788086,0.8485428690910339,4.971392631530762,2.854043960571289,-2.117348909378052,0.8501152992248535,5.020833492279053,2.879533767700196,-2.1412994861602783,0.853214681148529,5.001612663269043,2.896712064743042,-2.10490083694458,0.855690598487854,4.960244178771973,2.853079080581665,-2.107165098190308,0.8773177862167358,4.954246044158936,2.8697619438171387,-2.084484100341797,0.9974538683891296,4.763814449310303,2.6443521976470947,-2.119462013244629
1.0300133228302002,4.591345310211182,2.496983528137207,-2.0943617820739746,0.8386147618293762,4.87636661529541,2.7934489250183105,-2.0829174518585205,0.8873478174209595,4.894761562347412,2.8447906970977783,-2.0499706268310547,0.8513182401657104,4.948555946350098,2.858602523803711,-2.0899534225463867,0.8571142554283142,4.956665992736816,2.8316218852996826,-2.125043630599976,0.9120304584503174,4.904931545257568,2.8199779987335205,-2.0849530696868896,0.9985191822052002,4.688615798950195,2.590147018432617,-2.098468542098999
0.99860018491745,4.700273036956787,2.6070713996887207,-2.093201398849488,0.8442472219467163,4.834300518035889,2.7312769889831543,-2.103023290634156,0.8718573451042175,4.982540607452393,2.886794328689575,-2.0957462787628174,0.8688428997993469,4.959998607635498,2.8679208755493164,-2.0920779705047607,0.8716574311256409,4.937557220458984,2.816292285919189,-2.1212644577026367,0.8546233177185059,4.751936435699463,2.6501922607421875,-2.1017446517944336,1.0362284183502197,4.652552127838135,2.5381298065185547,-2.11442232131958
0.9868570566177368,4.75836706161499,2.6321396827697754,-2.126227378845215,0.8620882630348206,4.905949592590332,2.7768917083740234,-2.1290578842163086,0.8281227946281433,4.971765518188477,2.882279396057129,-2.0894863605499268,0.832975447177887,4.961771965026856,2.904168128967285,-2.0576038360595703,0.8657425045967102,4.960311412811279,2.848992109298706,-2.1113195419311523,0.8519427180290222,4.835503101348877,2.7081494331359863,-2.1273534297943115,0.9840787649154663,4.786839008331299,2.66514253616333,-2.1216962337493896
0.9956396222114564,4.728588104248047,2.621248722076416,-2.107339382171631,0.8501303791999817,4.905734539031982,2.7941558361053467,-2.111578702926636,0.845086932182312,4.9788103103637695,2.8534421920776367,-2.125368356704712,0.8350527882575989,4.936978816986084,2.8442535400390625,-2.092724561691284,0.8914387226104736,5.002350807189941,2.869401454925537,-2.1329493522644043,0.8749358057975769,4.841175556182861,2.717974901199341,-2.1232006549835205,0.987578272819519,4.822959899902344,2.678572416305542,-2.1443872451782227
0.9986384510993958,4.763621807098389,2.6182315349578857,-2.145390033721924,0.8486713171005249,4.983686923980713,2.878531217575073,-2.105156183242798,0.8660356998443604,4.9319586753845215,2.8027026653289795,-2.129256248474121,0.8356559872627258,4.957137584686279,2.8604676723480225,-2.096669435501098,0.8908529877662659,5.031317234039307,2.907217025756836,-2.1240997314453125,0.8727414011955261,4.776212692260742,2.665231704711914,-2.110980987548828,0.9842752814292908,4.782168388366699,2.663071870803833,-2.119096040725708
0.9683505296707152,4.728289604187012,2.663612365722656,-2.0646774768829346,0.8081008791923523,5.018929958343506,2.87759780883789,-2.1413323879241943,0.8293793201446533,4.894481658935547,2.761479377746582,-2.133002281188965,0.8062308430671692,4.948140621185303,2.8501224517822266,-2.098018169403076,0.8480163216590881,4.945367336273193,2.831357002258301,-2.114010095596313,0.8487849831581116,4.920223236083984,2.7740607261657715,-2.146162509918213,0.9798224568367004,4.746166229248047,2.6182875633239746,-2.1278786659240723
1.0105561017990112,4.731762409210205,2.654264450073242,-2.0774974822998047,0.8363572359085083,4.969576358795166,2.892217874526977,-2.0773584842681885,0.911942720413208,4.915730953216553,2.824545621871948,-2.0911850929260254,0.9001107215881348,4.911589622497559,2.825005054473877,-2.0865843296051025,0.903631329536438,4.92692756652832,2.807076930999756,-2.1198506355285645,0.8356446027755737,4.899721622467041,2.7504844665527344,-2.149237155914306,1.0012112855911255,4.779261589050293,2.695587635040283,-2.083674192428589
0.993205428123474,4.863811016082764,2.745271682739258,-2.1185390949249268,0.858704686164856,4.939381122589111,2.818945407867432,-2.120435953140259,0.8392907381057739,4.923513412475586,2.815104961395264,-2.108408212661743,0.8144187927246094,4.954305171966553,2.8418960571289062,-2.1124091148376465,0.8591344952583313,4.98883581161499,2.84932279586792,-2.1395130157470703,0.8900719881057739,4.913721084594727,2.830066680908203,-2.0836546421051025,0.9807020425796509,4.719836711883545,2.6017117500305176,-2.1181249618530273
0.9893137216567992,4.712917327880859,2.583726406097412,-2.129190921783448,0.8189442157745361,4.893211841583252,2.819648265838623,-2.07356333732605,0.8423841595649719,4.92025899887085,2.83793568611145,-2.0823240280151367,0.8158659338951111,4.860198974609375,2.7567272186279297,-2.103471517562866,0.8722708225250244,4.964117527008057,2.892906665802002,-2.071210622787476,0.8690747618675232,4.860790252685547,2.778463363647461,-2.082327127456665,1.0094859600067139,4.749342441558838,2.6330955028533936,-2.1162469387054443
1.0049242973327637,4.700710296630859,2.593280553817749,-2.1074297428131104,0.8447107076644897,4.92004919052124,2.839762210845948,-2.080287218093872,0.8662311434745789,5.0731940269470215,2.9846267700195312,-2.0885672569274902,0.8470077514648438,5.032236576080322,2.947477102279663,-2.084759473800659,0.8680349588394165,4.972754955291748,2.909860610961914,-2.062894344329834,0.840408205986023,4.9648919105529785,2.914348840713501,-2.0505428314208984,1.0125105381011963,4.768161773681641,2.6726527214050293,-2.0955088138580322
0.9659121632575988,4.668423175811768,2.5642249584198,-2.104198455810547,0.838539719581604,4.87385892868042,2.8247487545013428,-2.049110412597656,0.8357859253883362,4.970788478851318,2.92954683303833,-2.0412416458129883,0.8537992835044861,4.874217033386231,2.799165964126587,-2.0750513076782227,0.794431209564209,4.936652183532715,2.8779752254486084,-2.058677196502685,0.8875175714492798,4.9439802169799805,2.8696181774139404,-2.07436203956604,0.9783334732055664,4.793418884277344,2.699211835861206,-2.0942068099975586
0.985586404800415,4.741516590118408,2.653611183166504,-2.087904453277588,0.8493772745132446,4.92868185043335,2.868366241455078,-2.0603153705596924,0.8611883521080017,4.869851112365723,2.794088125228882,-2.075762987136841,0.8286218047142029,4.9392828941345215,2.863004684448242,-2.0762779712677,0.8254095911979675,4.9101738929748535,2.8569552898406982,-2.053218603134156,0.8302670121192932,4.988473892211914,2.921225309371948,-2.067248582839966,1.0103929042816162,4.742892742156982,2.648888111114502,-2.0940046310424805
0.9992713332176208,4.821401596069336,2.719877958297729,-2.101523399353028,0.8383687138557434,4.952934741973877,2.900170087814331,-2.052764415740967,0.8376060724258423,4.944845199584961,2.85734486579895,-2.087500810623169,0.8562700152397156,4.965938091278076,2.893902063369751,-2.072036027908325,0.8395976424217224,4.998490333557129,2.9112281799316406,-2.0872626304626465,0.8386412858963013,4.930980205535889,2.8475687503814697,-2.083411455154419,0.9949833750724792,4.740866184234619,2.6361496448516846,-2.1047158241271973
0.9750688076019288,4.78316068649292,2.689786195755005,-2.093374252319336,0.8272919654846191,4.920385360717773,2.851996898651123,-2.0683884620666504,0.8777894973754883,4.925473690032959,2.861100673675537,-2.0643727779388428,0.8958538770675659,4.942220211029053,2.8887948989868164,-2.053424835205078,0.8668332695960999,4.953979969024658,2.917396068572998,-2.0365843772888184,0.8487098813056946,4.920281410217285,2.8708155155181885,-2.0494658946990967,1.0156265497207642,4.756152153015137,2.6653835773468018,-2.090768575668335
0.9965324997901917,4.699351787567139,2.606414318084717,-2.0929372310638428,0.8742595911026001,4.859933376312256,2.776029586791992,-2.083903312683105,0.9078940749168396,4.965210914611816,2.887707471847534,-2.0775034427642822,0.873908519744873,4.937127113342285,2.85968017578125,-2.077446699142456,0.8659951090812683,4.848165035247803,2.7698721885681152,-2.0782928466796875,0.8687401413917542,4.902557849884033,2.8348288536071777,-2.0677289962768555,0.989368200302124,4.686519622802734,2.5779507160186768,-2.1085689067840576
1.0144134759902954,4.72599458694458,2.644329071044922,-2.081665515899658,0.8281429409980774,4.892985820770264,2.832153081893921,-2.0608327388763428,0.8478485941886902,4.923579692840576,2.884134531021118,-2.039445161819458,0.8376938700675964,4.83069372177124,2.778364896774292,-2.052328586578369,0.8627603054046631,4.876826286315918,2.83270001411438,-2.04412579536438,0.8342868685722351,4.89041805267334,2.8620495796203613,-2.0283687114715576,0.9756726026535034,4.706050395965576,2.614898443222046,-2.0911524295806885
0.9753539562225342,4.720354080200195,2.627472400665283,-2.0928821563720703,0.8112664818763733,4.9038567543029785,2.8611931800842285,-2.042664051055908,0.8647040128707886,4.962076187133789,2.921955108642578,-2.040121078491211,0.8048369884490967,4.8367228507995605,2.787144422531128,-2.049578905105591,0.8601119518280029,4.955690383911133,2.913937568664551,-2.041752815246582,0.8916930556297302,4.936519145965576,2.8749165534973145,-2.0616025924682617,0.9852169752120972,4.757256984710693,2.6825335025787354,-2.074723958969116
0.9861574172973632,4.716256141662598,2.609058856964112,-2.1071972846984863,0.8396152853965759,4.905414581298828,2.8409581184387207,-2.0644564628601074,0.8412902355194092,4.99346399307251,2.9172840118408203,-2.076180458068848,0.8587237000465393,4.94248628616333,2.8624255657196045,-2.0800604820251465,0.8635215163230896,4.995035648345947,2.928920030593872,-2.0661158561706543,0.8614004850387573,4.917903900146484,2.8364315032958984,-2.081471920013428,1.0039470195770264,4.748046875,2.652228593826294,-2.095818042755127
1.0002996921539309,4.684070587158203,2.5632436275482178,-2.1208269596099854,0.8574807047843933,4.9684271812438965,2.878726005554199,-2.0897014141082764,0.848085343837738,4.938493728637695,2.866518259048462,-2.0719752311706543,0.8290501832962036,4.789558410644531,2.697784185409546,-2.0917742252349854,0.8344113230705261,4.965030193328857,2.8620896339416504,-2.102940320968628,0.8888115882873535,4.883647918701172,2.798746347427368,-2.0849013328552246,1.0024186372756958,4.766602993011475,2.6602272987365723,-2.1063756942749023
0.9927390813827516,4.719776153564453,2.6052803993225098,-2.114495754241944,0.8261059522628784,4.92725944519043,2.8086841106414795,-2.118575096130371,0.8775195479393005,4.9180097579956055,2.815541505813598,-2.1024677753448486,0.8795812726020813,4.91637659072876,2.8298263549804688,-2.086550235748291,0.9050450325012208,4.9622673988342285,2.852145910263061,-2.110121011734009,0.8686180114746094,4.90435266494751,2.7843406200408936,-2.120011806488037,0.9704062938690186,4.707581996917725,2.589843988418579,-2.1177380084991455
0.9802336096763612,4.71666145324707,2.616620779037476,-2.1000406742095947,0.8230927586555481,5.017724514007568,2.941286087036133,-2.0764381885528564,0.8728545904159546,4.952629089355469,2.887714147567749,-2.0649147033691406,0.8380056619644165,4.9478535652160645,2.885096788406372,-2.0627565383911133,0.9305285215377808,4.913321018218994,2.85825514793396,-2.055065870285034,0.8228182792663574,4.897229194641113,2.843867540359497,-2.053361415863037,0.9840044379234314,4.683948040008545,2.6020870208740234,-2.0818614959716797
0.9939488768577576,4.776427745819092,2.665818452835083,-2.1106088161468506,0.848959743976593,5.016671180725098,2.907655477523804,-2.109015703201294,0.8509830236434937,4.925223350524902,2.83418083190918,-2.0910425186157227,0.8218503594398499,4.951631546020508,2.852998971939087,-2.098632574081421,0.8568878769874573,5.014486789703369,2.9139866828918457,-2.1005001068115234,0.8533097505569458,4.838745594024658,2.706789016723633,-2.1319563388824463,1.0188183784484863,4.762336254119873,2.6632707118988037,-2.0990653038024902
0.994235634803772,4.7362380027771,2.630739212036133,-2.105498552322388,0.8556462526321411,4.933134078979492,2.848105907440185,-2.085028171539306,0.8970176577568054,4.925169467926025,2.841673851013184,-2.083495616912842,0.8290943503379822,4.894018173217773,2.8190340995788574,-2.074984073638916,0.8826063871383667,4.953729629516602,2.864858627319336,-2.0888705253601074,0.9043418169021606,4.897606372833252,2.8382513523101807,-2.059354543685913,1.0056558847427368,4.818205833435059,2.7165117263793945,-2.1016945838928223
0.9964138269424438,4.694769859313965,2.591621160507202,-2.1031486988067627,0.8413851261138916,4.82201623916626,2.768528461456299,-2.05348801612854,0.8454018235206604,4.839550495147705,2.75148606300354,-2.088064432144165,0.8511017560958862,4.856956481933594,2.792738914489746,-2.064217567443848,0.8642578125,4.959564208984375,2.8821818828582764,-2.0773825645446777,0.8593156337738037,4.854894638061523,2.7928459644317627,-2.0620486736297607,1.0000025033950806,4.598726749420166,2.500762462615967,-2.0979645252227783
1.0019299983978271,4.769778728485107,2.656651973724365,-2.1131272315979004,0.8445923924446106,4.835367679595947,2.722512722015381,-2.112855195999145,0.8469219207763672,4.945339679718018,2.8515028953552246,-2.093836784362793,0.8431798815727234,4.924271106719971,2.827886819839477,-2.096383810043335,0.8716720342636108,4.935436248779297,2.8434934616088867,-2.0919430255889893,0.8288592100143433,4.901428699493408,2.79030179977417,-2.1111273765563965,0.9831113219261169,4.738447189331055,2.6096303462982178,-2.1288163661956787
0.9881115555763244,4.783286094665527,2.6946377754211426,-2.0886483192443848,0.8749567866325378,4.938202857971191,2.8772575855255127,-2.060945510864258,0.8539924621582031,4.979999542236328,2.906691789627075,-2.073307514190674,0.8721010088920593,4.919766902923584,2.854706287384033,-2.065060377120972,0.8262811899185181,5.058992385864258,2.974844217300415,-2.0841481685638428,0.8767235279083252,5.0439300537109375,2.981760263442993,-2.062169313430786,1.0193829536437988,4.805885314941406,2.7285304069519043,-2.077354907989502
0.9904309511184692,4.676957607269287,2.611665964126587,-2.06529188156128,0.8520134687423706,5.024330139160156,2.939218044281006,-2.085112333297729,0.8660759329795837,4.913087368011475,2.8351449966430664,-2.077942371368408,0.8697643876075745,4.938229084014893,2.8626887798309326,-2.075540065765381,0.8677905201911926,4.964355945587158,2.8315820693969727,-2.1327741146087646,0.8287299275398254,4.9127197265625,2.846740484237671,-2.06597900390625,0.9700174927711487,4.748554706573486,2.6614155769348145,-2.0871388912200928
0.9895569682121276,4.739624977111816,2.6436424255371094,-2.095982313156128,0.8699104189872742,4.937738418579102,2.8654496669769287,-2.0722885131835938,0.8549358248710632,4.919424057006836,2.861442804336548,-2.05798077583313,0.8550435304641724,4.91098165512085,2.861229419708252,-2.0497519969940186,0.8561922311782837,4.928896427154541,2.88318419456482,-2.0457119941711426,0.8528738617897034,4.950247764587402,2.887070178985596,-2.063177585601806,0.9838036298751831,4.792990207672119,2.7022318840026855,-2.0907585620880127
0.98089200258255,4.669576168060303,2.568446397781372,-2.1011290550231934,0.8553223609924316,4.993777275085449,2.900845766067505,-2.092931032180786,0.9046640396118164,4.903456211090088,2.838167667388916,-2.065288543701172,0.8878923058509827,4.9978132247924805,2.898221969604492,-2.0995912551879883,0.8656018376350403,4.938956737518311,2.8531856536865234,-2.08577036857605,0.9003534913063049,4.884686470031738,2.8093061447143555,-2.075380086898804,0.9901589155197144,4.709028720855713,2.634683847427368,-2.0743448734283447
1.0156596899032593,4.752940654754639,2.627150535583496,-2.1257901191711426,0.8436826467514038,4.985949516296387,2.8645238876342773,-2.1214256286621094,0.8991543650627136,5.031280994415283,2.919304132461548,-2.111976623535156,0.9350218772888184,5.019857406616211,2.8983635902404785,-2.1214938163757324,0.9107022285461426,4.924473285675049,2.794755697250366,-2.1297175884246826,0.8802761435508728,4.997326374053955,2.8697714805603027,-2.1275548934936523,0.9943826794624329,4.753587245941162,2.603165864944458,-2.150421619415283
0.9935873746871948,4.806214332580566,2.692570209503174,-2.1136441230773926,0.8554499745368958,4.928665637969971,2.7934610843658447,-2.135204553604126,0.8629043102264404,5.006266117095947,2.914984941482544,-2.0912814140319824,0.8416460752487183,5.017935276031494,2.926307439804077,-2.091627836227417,0.9013975858688354,5.000991821289063,2.890410661697388,-2.110581636428833,0.8519418239593506,4.993402481079102,2.928540706634521,-2.064861536026001,1.0145158767700195,4.757795810699463,2.65360426902771,-2.104191303253174
1.0057930946350098,4.717020988464356,2.581058979034424,-2.135962009429932,0.8517441749572754,4.90542459487915,2.805541515350342,-2.099882841110229,0.8762919306755066,4.913911819458008,2.8189916610717773,-2.094919919967652,0.8621415495872498,4.878946304321289,2.7578420639038086,-2.12110447883606,0.8417831659317017,4.935445785522461,2.787914037704468,-2.1475319862365723,0.8850802183151245,4.862797260284424,2.747350215911865,-2.1154472827911377,0.977161705493927,4.721023082733154,2.5866901874542236,-2.1343326568603516
1.0027045011520386,4.734056949615479,2.6327555179595947,-2.101301908493042,0.852200448513031,4.901886940002441,2.8580265045166016,-2.04386043548584,0.8482258915901184,4.899969577789307,2.845620632171631,-2.054349184036255,0.8616896867752075,4.868386745452881,2.7927401065826416,-2.07564640045166,0.8673357963562012,4.932886123657227,2.870605707168579,-2.0622808933258057,0.8828467726707458,4.925603866577148,2.833926200866699,-2.0916779041290283,0.9802727103233337,4.727324962615967,2.630647659301758,-2.096677541732788
0.9990072250366212,4.707011222839356,2.618255138397217,-2.0887560844421387,0.8456038236618042,4.964967250823975,2.8978512287139893,-2.0671157836914062,0.8551820516586304,4.912327766418457,2.832732915878296,-2.07959508895874,0.8853814601898193,4.897083282470703,2.8440115451812744,-2.0530712604522705,0.8666905760765076,4.963860034942627,2.911404609680176,-2.0524556636810303,0.8675602674484253,4.925933361053467,2.8428890705108643,-2.0830442905426025,0.9911791682243347,4.752033710479736,2.6633665561676025,-2.088667154312134
1.0100048780441284,4.6966962814331055,2.599766492843628,-2.0969300270080566,0.8770591616630554,4.8527374267578125,2.733710527420044,-2.119026899337769,0.8824325203895569,4.936500549316406,2.8536176681518555,-2.0828824043273926,0.8432611227035522,4.921512603759766,2.809035062789917,-2.112478017807007,0.8695863485336304,4.940182685852051,2.8686511516571045,-2.0715315341949463,0.8319411277770996,4.986169338226318,2.864999771118164,-2.1211700439453125,1.0304960012435913,4.657875061035156,2.5791399478912354,-2.0787353515625
0.9868530631065368,4.738227367401123,2.635556936264038,-2.102670192718506,0.8759677410125732,4.920645713806152,2.848875999450684,-2.071769952774048,0.8378362655639648,5.003588199615479,2.915726661682129,-2.0878617763519287,0.8421839475631714,4.873414993286133,2.814359188079834,-2.0590553283691406,0.890548825263977,4.897736549377441,2.816859483718872,-2.0808775424957275,0.8891074061393738,4.8261308670043945,2.7479913234710693,-2.0781397819519043,1.0185496807098389,4.73891019821167,2.6331491470336914,-2.1057615280151367
1.0053104162216189,4.725654125213623,2.6378040313720703,-2.0878498554229736,0.8495028614997864,4.9398193359375,2.85388731956482,-2.0859320163726807,0.8604344129562378,4.9271674156188965,2.8604824542999268,-2.066685438156128,0.8343457579612732,4.9955339431762695,2.923945665359497,-2.0715887546539307,0.8671519160270691,4.938249111175537,2.8536691665649414,-2.0845797061920166,0.8421533703804016,4.908276081085205,2.8242032527923584,-2.084072589874268,0.9939966797828674,4.750875473022461,2.6618001461029053,-2.0890748500823975
1.015952229499817,4.809706211090088,2.692080020904541,-2.117626428604126,0.8512402176856995,4.931929588317871,2.844917058944702,-2.087012529373169,0.8651336431503296,4.923079490661621,2.836246490478516,-2.0868327617645264,0.8960744738578796,4.960025787353516,2.863177537918091,-2.096848249435425,0.8562396764755249,4.891318321228027,2.795234203338623,-2.0960841178894043,0.8675297498703003,4.894944667816162,2.836364984512329,-2.058578968048096,0.990652859210968,4.827120304107666,2.7173242568969727,-2.1097958087921143
0.9953784346580504,4.828793048858643,2.7209861278533936,-2.107806205749512,0.8482272624969482,4.982687950134277,2.895402431488037,-2.08728575706482,0.8461501002311707,4.964457988739014,2.881208896636963,-2.083249092102051,0.8651354908943176,4.98861837387085,2.903266429901123,-2.0853517055511475,0.815916121006012,4.902946949005127,2.8121399879455566,-2.0908071994781494,0.8383029103279114,4.98137903213501,2.863003730773926,-2.118375062942505,0.9796497821807861,4.749897003173828,2.6148335933685303,-2.135063409805298
0.9804826974868774,4.767250061035156,2.668381929397583,-2.0988683700561523,0.8550541996955872,4.847370147705078,2.8016059398651123,-2.045764923095703,0.8563166260719299,4.830849647521973,2.7511215209960938,-2.079728126525879,0.845592200756073,4.861428737640381,2.786374092102051,-2.075054407119751,0.8574732542037964,4.965584754943848,2.9065942764282227,-2.058990716934204,0.8810267448425293,4.930522918701172,2.880899429321289,-2.0496230125427246,0.980911374092102,4.659188747406006,2.5713274478912354,-2.0878608226776123
1.0064773559570312,4.700267791748047,2.580684185028076,-2.119584321975708,0.865544319152832,4.830430030822754,2.705994129180908,-2.1244356632232666,0.8402329087257385,4.948685169219971,2.8346590995788574,-2.1140263080596924,0.8690155148506165,5.017940521240234,2.904968976974488,-2.112971544265747,0.8738062977790833,4.971370220184326,2.884042978286743,-2.087327241897583,0.8661506772041321,4.906655788421631,2.8023815155029297,-2.104274034500122,0.9918815493583679,4.779210567474365,2.6561620235443115,-2.1230483055114746
1.0067322254180908,4.749762058258057,2.6480629444122314,-2.101698875427246,0.906887412071228,4.943832874298096,2.881021976470948,-2.0628106594085693,0.8853809833526611,4.882456302642822,2.799138069152832,-2.0833182334899902,0.8660943508148193,4.798439025878906,2.705003261566162,-2.093435764312744,0.8423454165458679,5.00491189956665,2.892998218536377,-2.1119139194488525,0.8821694254875183,4.8544745445251465,2.743005990982056,-2.111468315124512,0.9961035847663879,4.831707000732422,2.7271924018859863,-2.1045145988464355
0.9754067063331604,4.6918625831604,2.589839458465576,-2.102023363113404,0.8743857741355896,4.894422054290772,2.8314006328582764,-2.063021421432495,0.874082624912262,4.914167881011963,2.861410140991211,-2.052757978439331,0.841536819934845,4.973307132720947,2.907899856567383,-2.0654077529907227,0.8274111747741699,4.99888801574707,2.9215691089630127,-2.077319383621216,0.8778688311576843,4.77657413482666,2.704664945602417,-2.071908950805664,0.9762462377548218,4.734433174133301,2.6408262252807617,-2.093606948852539
1.0388587713241575,4.746079444885254,2.64871597290039,-2.097362995147705,0.8442709445953369,4.955103397369385,2.8477096557617188,-2.107393980026245,0.8594416975975037,4.830171585083008,2.7273852825164795,-2.1027863025665283,0.8662155866622925,4.861629962921143,2.776214122772217,-2.085415840148926,0.8808271288871765,4.951949596405029,2.863330125808716,-2.0886192321777344,0.8591297268867493,4.877235412597656,2.7986741065979004,-2.078561305999756,1.0018876791000366,4.7861247062683105,2.6557812690734863,-2.130343437194824
1.001893162727356,4.737011432647705,2.6055614948272705,-2.1314496994018555,0.831957221031189,4.916169166564941,2.7804172039031982,-2.135751962661743,0.8375633358955383,4.95494556427002,2.8160510063171387,-2.1388943195343018,0.8543214201927185,5.036773681640625,2.888991117477417,-2.147782564163208,0.8654986023902893,5.004440784454346,2.8678431510925293,-2.1365978717803955,0.8658339977264404,4.959273815155029,2.8314201831817627,-2.1278538703918457,1.0038836002349854,4.78359842300415,2.6322922706604004,-2.151306390762329
1.018347978591919,4.752286434173584,2.648118495941162,-2.104168176651001,0.8983376622200012,4.88532304763794,2.76845383644104,-2.1168689727783203,0.867457389831543,4.886579513549805,2.747422695159912,-2.139157295227051,0.8676979541778564,4.942196369171143,2.841799736022949,-2.1003966331481934,0.8421509265899658,4.878096580505371,2.749401092529297,-2.1286957263946533,0.8975778818130493,4.934637546539307,2.810712575912476,-2.1239254474639893,1.0075318813323975,4.72244119644165,2.62546968460083,-2.0969717502593994
1.0045729875564575,4.637294769287109,2.5390453338623047,-2.0982494354248047,0.8652962446212769,4.968484401702881,2.8743724822998047,-2.094111919403076,0.8590186238288879,4.897023677825928,2.772178649902344,-2.124844551086426,0.8628972768783569,4.917695045471191,2.7940640449523926,-2.12363076210022,0.8650712370872498,4.900725841522217,2.7879292964935303,-2.1127965450286865,0.8807730078697205,4.738738059997559,2.6508123874664307,-2.087925434112549,0.9893496632575989,4.712319850921631,2.6147544384002686,-2.0975656509399414
1.0010411739349363,4.762468338012695,2.683065414428711,-2.0794031620025635,0.8450533151626587,4.885867118835449,2.8245911598205566,-2.061276435852051,0.8788343071937561,4.972154140472412,2.913815498352051,-2.0583384037017822,0.8799716830253601,4.898507118225098,2.80185604095459,-2.096651077270508,0.8852477073669434,4.995607852935791,2.874870777130127,-2.120737075805664,0.8290116786956787,4.95968770980835,2.819255828857422,-2.140431880950928,1.0081303119659424,4.788987159729004,2.7277889251708984,-2.0611979961395264
1.0088592767715454,4.794668197631836,2.6869056224823,-2.107762336730957,0.8356934189796448,4.954555034637451,2.8315274715423584,-2.1230273246765137,0.8725692629814148,4.956638336181641,2.8346657752990723,-2.1219725608825684,0.8761793971061707,4.889130115509033,2.797283172607422,-2.0918471813201904,0.8669301271438599,4.890444755554199,2.794066429138184,-2.0963778495788574,0.8289145827293396,4.959904670715332,2.866006135940552,-2.0938985347747803,0.9773497581481934,4.8361921310424805,2.7016804218292236,-2.1345109939575195
1.0005923509597778,4.691622257232666,2.593818426132202,-2.0978035926818848,0.8670536875724792,4.86044454574585,2.7625794410705566,-2.097864866256714,0.882148802280426,4.856539726257324,2.7617733478546143,-2.09476637840271,0.8352555632591248,4.897601127624512,2.7731287479400635,-2.124472141265869,0.8792308568954468,4.872321605682373,2.764559507369995,-2.107762098312378,0.8426104187965393,4.895411491394043,2.801948308944702,-2.0934629440307617,1.0080039501190186,4.738615036010742,2.662642240524292,-2.0759730339050293
0.9910650849342346,4.750958442687988,2.67799711227417,-2.0729613304138184,0.8386808037757874,4.966782569885254,2.8890175819396973,-2.077765226364136,0.8712557554244995,5.038915157318115,2.993792772293091,-2.0451226234436035,0.8545457124710083,4.984350204467773,2.901884794235229,-2.082465410232544,0.8292241096496582,4.953968524932861,2.873908519744873,-2.0800607204437256,0.8554081320762634,4.907433032989502,2.831228733062744,-2.0762038230896,0.9966537356376648,4.742587089538574,2.675133466720581,-2.067453622817993
0.9931381940841676,4.814939498901367,2.724912405014038,-2.090027332305908,0.8366763591766357,4.942800998687744,2.8551125526428223,-2.087687969207764,0.8746669888496399,5.072515964508057,3.006086826324463,-2.0664284229278564,0.8443849086761475,4.905348300933838,2.8287482261657715,-2.0766000747680664,0.9488653540611268,5.026552677154541,2.981874465942383,-2.044677734375,0.8366519212722778,4.85167407989502,2.770815849304199,-2.0808584690093994,0.9848036170005798,4.812240123748779,2.759368658065796,-2.0528712272644043
0.9901862740516664,4.843536376953125,2.735067844390869,-2.1084680557250977,0.8582329154014587,4.902627944946289,2.8204801082611084,-2.0821473598480225,0.8456337451934814,4.946579933166504,2.868579149246216,-2.078000783920288,0.8435623645782471,4.967979431152344,2.9066526889801025,-2.061326742172241,0.8684229254722595,4.867278575897217,2.811086654663086,-2.056192398071289,0.822658121585846,4.933648109436035,2.8510782718658447,-2.0825695991516118,0.9740044474601746,4.827429294586182,2.711465835571289,-2.1159629821777344
1.0007498264312744,4.7549824714660645,2.6501564979553223,-2.1048262119293213,0.8548693656921387,4.785412788391113,2.714723587036133,-2.0706896781921387,0.8581995368003845,4.956320762634277,2.860008955001831,-2.0963120460510254,0.8245514631271362,4.817905426025391,2.7320098876953125,-2.085895299911499,0.8621782064437866,4.941397190093994,2.8740880489349365,-2.0673089027404785,0.8494275808334351,4.8741455078125,2.8146302700042725,-2.059515476226806,0.980170488357544,4.685429096221924,2.622004985809326,-2.0634238719940186
0.9934005737304688,4.6930975914001465,2.588169574737549,-2.1049280166625977,0.8461088538169861,4.971800804138184,2.8593568801879883,-2.112443685531616,0.8518164157867432,4.971892833709717,2.8636839389801025,-2.1082091331481934,0.8334581851959229,4.857512474060059,2.7604730129241943,-2.0970394611358643,0.8263253569602966,4.982333660125732,2.88761568069458,-2.094717741012573,0.84716796875,4.92651891708374,2.8172287940979004,-2.10929012298584,0.9911341667175293,4.755920886993408,2.643085479736328,-2.1128346920013428
0.9791755676269532,4.739387035369873,2.645729780197144,-2.093657255172729,0.8584380745887756,4.934682846069336,2.845996618270874,-2.088686227798462,0.8400800824165344,4.98147439956665,2.886932849884033,-2.0945417881011963,0.8543763756752014,4.913891315460205,2.816112279891968,-2.0977790355682373,0.862036406993866,5.020130634307861,2.928866147994995,-2.091264486312866,0.8426306843757629,4.971128940582275,2.906769275665283,-2.0643599033355717,0.9794254899024963,4.69767951965332,2.599724054336548,-2.0979554653167725
0.9934356808662416,4.749186992645264,2.6196351051330566,-2.129551887512207,0.8365494012832642,4.899806976318359,2.771836757659912,-2.127970218658448,0.8469282388687134,4.958628177642822,2.8478686809539795,-2.110759735107422,0.8312950730323792,4.983895301818848,2.851707220077514,-2.132188081741333,0.8216868042945862,5.046442985534668,2.908043384552002,-2.138400077819824,0.8415781259536743,5.008168697357178,2.8800995349884038,-2.128069400787353,0.9867660403251648,4.7140212059021,2.586524486541748,-2.1274969577789307
0.9610601663589478,4.762109279632568,2.6591811180114746,-2.1029281616210938,0.8484586477279663,4.946317672729492,2.8534650802612305,-2.0928525924682617,0.8748986124992371,4.93736743927002,2.807579040527344,-2.129788398742676,0.847796618938446,4.99291467666626,2.8905982971191406,-2.1023166179656982,0.8347437977790833,4.919425964355469,2.86879563331604,-2.0506298542022705,0.8895890712738037,4.905963897705078,2.825364828109741,-2.080599308013916,0.9931458234786987,4.767203330993652,2.6517152786254883,-2.115487575531006
0.991634964942932,4.657042503356934,2.5833115577697754,-2.0737311840057373,0.8726158142089844,4.939130783081055,2.8933629989624023,-2.0457677841186523,0.8614966869354248,4.9227213859558105,2.881198644638061,-2.04152250289917,0.8713516592979431,4.850811004638672,2.8109939098358154,-2.0398170948028564,0.8759410381317139,4.851504325866699,2.814915180206299,-2.0365891456604004,0.8622621297836304,4.958022594451904,2.8849754333496094,-2.073047161102295,0.9988268613815308,4.754296779632568,2.6748340129852295,-2.0794625282287598
0.9977852702140808,4.790951251983643,2.6916399002075195,-2.099311351776123,0.8202023506164551,4.889626502990723,2.7967140674591064,-2.092912673950196,0.851865291595459,4.885970592498779,2.807693719863892,-2.0782766342163086,0.8737528324127197,4.924533843994141,2.855501890182495,-2.0690321922302246,0.8673149347305298,5.01896858215332,2.9286842346191406,-2.09028434753418,0.8336868286132812,4.918193340301514,2.8393044471740723,-2.0788886547088623,0.9978646636009216,4.690192699432373,2.6009209156036377,-2.0892715454101562
0.97642183303833,4.762159824371338,2.6403982639312744,-2.121760845184326,0.8859415650367737,4.884964466094971,2.776329755783081,-2.1086347103118896,0.828923761844635,4.971781730651856,2.840712070465088,-2.131069660186768,0.8246369957923889,4.985839366912842,2.863978862762451,-2.1218600273132324,0.8789355754852295,4.915071487426758,2.8210582733154297,-2.094013214111328,0.8660416007041931,4.855474948883057,2.7268311977386475,-2.1286439895629883,1.001320481300354,4.801338195800781,2.691706657409668,-2.1096317768096924
0.9963769912719728,4.7686262130737305,2.6565656661987305,-2.112060546875,0.8461914658546448,4.962001323699951,2.8554887771606445,-2.106513023376465,0.8811230063438416,4.856180191040039,2.7876012325286865,-2.0685789585113525,0.8515804409980774,4.956477642059326,2.88254714012146,-2.0739309787750244,0.8802610039710999,4.928197383880615,2.8057777881622314,-2.122419595718384,0.8696110844612122,4.789936542510986,2.7020423412323,-2.0878944396972656,0.9949455261230469,4.706427574157715,2.591564178466797,-2.114863157272339
