rmse_night_1,gpp_mean_1,reco_mean_1,nee_mean_1,rmse_night_2,gpp_mean_2,reco_mean_2,nee_mean_2,rmse_night_3,gpp_mean_3,reco_mean_3,nee_mean_3,rmse_night_4,gpp_mean_4,reco_mean_4,nee_mean_4,rmse_night_5,gpp_mean_5,reco_mean_5,nee_mean_5,rmse_night_6,gpp_mean_6,reco_mean_6,nee_mean_6,rmse_night_7,gpp_mean_7,reco_mean_7,nee_mean_7
0.8381156325340271,5.869901657104492,4.531054973602295,-1.3388466835021973,0.7855421900749207,5.663732528686523,4.313825130462647,-1.3499077558517456,0.7773990035057068,5.597875595092773,4.264663696289063,-1.3332113027572632,0.776068389415741,5.642360687255859,4.306088447570801,-1.336272120475769,0.8159225583076477,5.463491916656494,4.131663799285889,-1.3318276405334473,0.7906073927879333,5.533962249755859,4.182564735412598,-1.351397156715393,0.8124927878379822,5.479539394378662,4.151683807373047,-1.3278559446334839
0.8608545660972595,5.550887584686279,4.172187805175781,-1.3787000179290771,0.7973172068595886,5.5780792236328125,4.2447919845581055,-1.3332866430282593,0.8124070763587952,5.709754467010498,4.377691268920898,-1.3320633172988892,0.7939932942390442,5.754846572875977,4.425196647644043,-1.329649806022644,0.8019883036613464,5.733299732208252,4.397136211395264,-1.336163878440857,0.7985113859176636,5.757503986358643,4.432872772216797,-1.324630856513977,0.8225284814834595,5.5758376121521,4.2327351570129395,-1.3431023359298706
0.8108567595481873,5.557826995849609,4.219124794006348,-1.3387023210525513,0.7917635440826416,5.846588611602783,4.522987365722656,-1.3236007690429688,0.7985497117042542,5.929005146026611,4.606931686401367,-1.322073459625244,0.7851767539978027,5.882399559020996,4.582125663757324,-1.3002740144729614,0.7710500359535217,5.830386161804199,4.5108489990234375,-1.3195369243621826,0.7806901335716248,5.6517767906188965,4.330527305603027,-1.3212497234344482,0.8318617939949036,5.6584577560424805,4.330848217010498,-1.3276097774505615
0.8117379546165466,5.528854846954346,4.195555686950684,-1.3332984447479248,0.8112659454345703,5.682677268981934,4.349903583526611,-1.3327739238739014,0.8398825526237488,5.65210485458374,4.351688861846924,-1.3004158735275269,0.8169555068016052,5.6320648193359375,4.304606914520264,-1.3274576663970947,0.7995296120643616,5.596290111541748,4.267165660858154,-1.3291244506835938,0.8071599006652832,5.557078838348389,4.220558166503906,-1.3365203142166138,0.8032560348510742,5.682484149932861,4.360532283782959,-1.321951985359192
0.8288884162902832,5.573473930358887,4.248820781707764,-1.3246530294418335,0.7968459725379944,5.7031426429748535,4.382804393768311,-1.3203383684158323,0.847223699092865,5.547760009765625,4.224756717681885,-1.3230034112930298,0.8360821604728699,5.545841217041016,4.227886199951172,-1.3179545402526855,0.818027675151825,5.700159549713135,4.417438507080078,-1.2827203273773191,0.7795904278755188,5.496401786804199,4.183790683746338,-1.3126112222671509,0.838839054107666,5.59215784072876,4.270734786987305,-1.3214235305786133
0.8258737921714783,5.665700912475586,4.329802989959717,-1.3358981609344482,0.8027190566062927,5.738462448120117,4.410770416259766,-1.3276922702789309,0.7770652174949646,5.525803089141846,4.192326545715332,-1.333475947380066,0.8118653893470764,5.64935827255249,4.323675632476807,-1.3256824016571045,0.764874279499054,5.73990535736084,4.407230854034424,-1.332674503326416,0.8056550025939941,5.628978252410889,4.297109603881836,-1.3318685293197632,0.7996395826339722,5.5132622718811035,4.183170318603516,-1.330091953277588
0.7955074310302734,5.653942584991455,4.287428379058838,-1.3665143251419067,0.771726131439209,5.84124755859375,4.473347187042236,-1.367900252342224,0.8133101463317871,5.832242488861084,4.463939666748047,-1.368302822113037,0.8101992011070251,5.804595947265625,4.458079814910889,-1.3465166091918943,0.789578378200531,5.838613986968994,4.500908374786377,-1.3377056121826172,0.7807931303977966,5.721051692962647,4.365314483642578,-1.3557376861572266,0.8247109651565552,5.580718040466309,4.239369869232178,-1.3413480520248413
0.7799913287162781,5.466194152832031,4.157863140106201,-1.30833101272583,0.792970597743988,5.842372894287109,4.5328545570373535,-1.3095179796218872,0.7662298679351807,5.554161071777344,4.23737096786499,-1.3167905807495115,0.7933540940284729,5.536476135253906,4.240046977996826,-1.2964292764663696,0.7664203643798828,5.48325777053833,4.174051761627197,-1.3092055320739746,0.7651903629302979,5.521340847015381,4.215347766876221,-1.3059931993484497,0.8519534468650818,5.8034281730651855,4.491236209869385,-1.3121919631958008
0.8361272811889648,5.606536865234375,4.293649196624756,-1.31288743019104,0.8190780282020569,5.759384632110596,4.462012767791748,-1.2973721027374268,0.7830116748809814,5.643434047698975,4.359634876251221,-1.2837988138198853,0.79737389087677,5.86909818649292,4.562765121459961,-1.3063335418701172,0.7910419702529907,5.736198902130127,4.444159030914307,-1.2920396327972412,0.7930187582969666,5.794278144836426,4.474799156188965,-1.3194794654846191,0.8231943845748901,5.769410133361816,4.456015110015869,-1.313394546508789
0.8389170169830322,5.664040565490723,4.275680065155029,-1.3883614540100098,0.7993753552436829,5.815619468688965,4.47117280960083,-1.3444459438323977,0.7920852303504944,5.795525074005127,4.447300434112549,-1.3482248783111572,0.822265088558197,5.730180740356445,4.357450485229492,-1.3727301359176636,0.7868322730064392,5.751912593841553,4.394434452056885,-1.3574779033660889,0.7955772280693054,5.643203258514404,4.298653602600098,-1.344549298286438,0.8385909795761108,5.541154861450195,4.192361831665039,-1.3487932682037354
0.7939513325691223,5.534407138824463,4.210254669189453,-1.3241523504257202,0.7909870147705078,5.644417762756348,4.319932460784912,-1.3244856595993042,0.8047387003898621,5.866593360900879,4.546117305755615,-1.3204761743545532,0.7816637754440308,5.992698192596436,4.668199062347412,-1.3244996070861816,0.7960909008979797,5.7159929275512695,4.391687870025635,-1.3243050575256348,0.7930939793586731,5.677180767059326,4.391998767852783,-1.285182237625122,0.8066775798797607,5.535111904144287,4.217860698699951,-1.3172509670257568
0.8278235793113708,5.755734443664551,4.4251885414123535,-1.3305459022521973,0.818824827671051,5.719117641448975,4.396833419799805,-1.3222839832305908,0.8069584369659424,5.504962921142578,4.179124355316162,-1.3258379697799685,0.7960034012794495,5.744935512542725,4.423684597015381,-1.3212509155273438,0.7880417704582214,5.500256538391113,4.176762104034424,-1.323494791984558,0.7844465374946594,5.661145210266113,4.344374656677246,-1.3167706727981567,0.8188058137893677,5.707498550415039,4.383674144744873,-1.3238248825073242
0.819199800491333,5.49614143371582,4.14119815826416,-1.3549442291259766,0.7800827622413635,5.61341667175293,4.275720119476318,-1.3376963138580322,0.7912517189979553,5.765291213989258,4.436020374298096,-1.3292710781097412,0.7766022086143494,5.782439231872559,4.454586029052734,-1.3278532028198242,0.8518626689910889,5.703315734863281,4.310779571533203,-1.3925364017486572,0.7997854351997375,5.4510416984558105,4.098970890045166,-1.352070450782776,0.8393898606300354,5.651587963104248,4.318785190582275,-1.3328025341033936
0.8182721734046936,5.792233467102051,4.437639236450195,-1.3545942306518557,0.7838269472122192,5.622791767120361,4.302204132080078,-1.3205878734588623,0.8001213669776917,5.742290496826172,4.379665374755859,-1.3626254796981812,0.8039693236351013,5.830897808074951,4.5069756507873535,-1.3239222764968872,0.8155125975608826,5.584263801574707,4.269359588623047,-1.3149043321609497,0.8004944324493408,5.839475154876709,4.513708591461182,-1.3257664442062378,0.8407977223396301,5.701666831970215,4.40797233581543,-1.2936949729919434
0.8201088905334473,5.693408966064453,4.398326873779297,-1.2950823307037354,0.7787052989006042,5.608659744262695,4.327391147613525,-1.281269073486328,0.7624064087867737,5.553239822387695,4.199269771575928,-1.353969931602478,0.7964557409286499,5.68036413192749,4.367408275604248,-1.3129562139511108,0.8024083971977234,5.756247043609619,4.432793140411377,-1.3234537839889526,0.7917065620422363,5.827383995056152,4.526125907897949,-1.3012580871582031,0.8495011329650879,5.515700817108154,4.169370651245117,-1.3463307619094849
0.8325216174125671,5.5292649269104,4.226036548614502,-1.3032282590866089,0.8198111057281494,5.720521450042725,4.4226393699646,-1.297881841659546,0.7799695134162903,5.715822219848633,4.410439014434815,-1.3053829669952393,0.787450909614563,5.782060623168945,4.4720540046691895,-1.3100067377090454,0.8320662975311279,5.576727390289307,4.282711029052734,-1.2940161228179932,0.7986949682235718,5.718477249145508,4.407918930053711,-1.3105584383010864,0.8012006282806396,5.443959712982178,4.163852214813232,-1.2801076173782349
0.808811604976654,5.735288619995117,4.396153926849365,-1.339134931564331,0.785059928894043,5.727627754211426,4.389428615570068,-1.338199257850647,0.7923151850700378,5.718023777008057,4.340021133422852,-1.378001689910889,0.7971912026405334,5.771421909332275,4.435337543487549,-1.3360841274261477,0.7726384401321411,5.614015579223633,4.273024559020996,-1.3409911394119265,0.756851315498352,5.516112804412842,4.177856922149658,-1.3382556438446045,0.802789568901062,5.6923508644104,4.352072715759277,-1.3402777910232544
0.822208821773529,5.815428733825684,4.492274761199951,-1.323154091835022,0.781374454498291,5.710329055786133,4.370082855224609,-1.3402466773986816,0.7823124527931213,5.427046775817871,4.0713887214660645,-1.3556580543518066,0.783585250377655,5.415316581726074,4.045026302337647,-1.3702905178070068,0.8028029799461365,5.528152942657471,4.201647758483887,-1.326505422592163,0.7664362192153931,5.6497955322265625,4.365907192230225,-1.283888339996338,0.8171783089637756,5.334873676300049,4.00998592376709,-1.324887752532959
0.811233401298523,5.667838096618652,4.350810527801514,-1.3170276880264282,0.8133221864700317,5.619613170623779,4.306750774383545,-1.3128621578216553,0.7999569773674011,5.599205017089844,4.275670051574707,-1.3235352039337158,0.7901622653007507,5.688039302825928,4.366727828979492,-1.3213118314743042,0.7957051396369934,5.496509552001953,4.161623477935791,-1.334885835647583,0.7906538248062134,5.546438217163086,4.186209678649902,-1.3602290153503418,0.8171073198318481,5.6682820320129395,4.349077224731445,-1.319204568862915
0.8115355372428894,5.758670330047607,4.430187702178955,-1.3284825086593628,0.7957949638366699,5.730902671813965,4.3922200202941895,-1.3386824131011963,0.7828137278556824,5.775390625,4.449733257293701,-1.3256570100784302,0.7794697880744934,5.714274883270264,4.402593612670898,-1.3116812705993652,0.8106100559234619,5.867533683776856,4.537639617919922,-1.3298940658569336,0.8368863463401794,5.889143466949463,4.551404476165772,-1.33773934841156,0.8432188034057617,5.448508262634277,4.145386695861816,-1.3031213283538818
0.8133838772773743,5.588967323303223,4.260021209716797,-1.3289461135864258,0.7721917629241943,5.500311374664307,4.174907684326172,-1.325403928756714,0.829728901386261,5.714304447174072,4.392115592956543,-1.3221887350082395,0.8129383325576782,5.727885723114014,4.403918743133545,-1.3239669799804688,0.7777268886566162,5.567564010620117,4.235559463500977,-1.332004189491272,0.7996904253959656,5.315873146057129,3.993041038513184,-1.3228323459625244,0.8115747570991516,5.484954833984375,4.152735710144043,-1.3322186470031738
0.8204575181007385,5.714312553405762,4.390446662902832,-1.3238658905029297,0.8087749481201172,5.869639873504639,4.54383659362793,-1.325803518295288,0.8152685761451721,5.620673656463623,4.293673515319824,-1.3270001411437988,0.8060088753700256,5.76903247833252,4.419081687927246,-1.3499516248703003,0.8057262897491455,5.664834022521973,4.341452121734619,-1.3233815431594849,0.8193389773368835,5.689942836761475,4.365149021148682,-1.3247934579849243,0.8253761529922485,5.613743305206299,4.322031497955322,-1.291711449623108
0.8034766912460327,5.737666606903076,4.422939777374268,-1.314727544784546,0.7672694325447083,5.682971954345703,4.367797374725342,-1.3151744604110718,0.7730194330215454,5.747554302215576,4.433197498321533,-1.3143572807312012,0.7560814023017883,5.8531928062438965,4.540282726287842,-1.3129103183746338,0.7595683336257935,5.513449192047119,4.193982124328613,-1.319467544555664,0.8207644820213318,5.754734992980957,4.437588691711426,-1.3171463012695312,0.792454719543457,5.605169773101807,4.295497417449951,-1.3096727132797241
0.8125696778297424,5.6591572761535645,4.371265888214111,-1.287891507148743,0.7799602150917053,5.505961894989014,4.22650671005249,-1.2794559001922607,0.8157785534858704,5.446174621582031,4.139298439025879,-1.306876540184021,0.8126962780952454,5.656127452850342,4.3406596183776855,-1.3154678344726562,0.80215984582901,5.420717716217041,4.107841491699219,-1.312876582145691,0.7905621528625488,5.460684776306152,4.109801769256592,-1.3508832454681396,0.8129786252975464,5.4676642417907715,4.152237892150879,-1.3154268264770508
0.7982284426689148,5.826593399047852,4.462018489837647,-1.3645745515823364,0.8025825023651123,5.470879077911377,4.166482448577881,-1.3043972253799438,0.8054332137107849,5.751622200012207,4.434658527374268,-1.3169634342193604,0.7988612651824951,5.783654689788818,4.4606146812438965,-1.32304048538208,0.7945613265037537,5.5782575607299805,4.270735740661621,-1.3075214624404907,0.7988185286521912,5.568169593811035,4.227862358093262,-1.3403072357177734,0.8224222660064697,5.702457904815674,4.398193359375,-1.3042644262313843
0.8223861455917358,5.585127353668213,4.218151569366455,-1.3669761419296265,0.785240650177002,5.619019031524658,4.288780212402344,-1.3302385807037354,0.787392795085907,5.7432169914245605,4.4061431884765625,-1.3370740413665771,0.7940609455108643,5.729192733764648,4.400343894958496,-1.328849196434021,0.8124914169311523,5.4518022537231445,4.109431266784668,-1.3423709869384766,0.8257204294204712,5.553276062011719,4.218966484069824,-1.3343095779418943,0.797926127910614,5.455817222595215,4.093839645385742,-1.3619775772094727
0.8032159805297852,5.527625560760498,4.183838844299316,-1.3437867164611816,0.8254053592681885,5.424718379974365,4.08457088470459,-1.3401479721069336,0.8053810000419617,5.674110889434815,4.341338157653809,-1.332773208618164,0.8176252245903015,5.851475715637207,4.539316177368164,-1.312159538269043,0.7669278979301453,5.596743583679199,4.232720851898193,-1.3640226125717163,0.7779942750930786,5.586999416351318,4.247637748718262,-1.3393616676330566,0.8463751077651978,5.695693492889404,4.392705917358398,-1.3029875755310059
0.7935152649879456,5.65413761138916,4.340215682983398,-1.313922643661499,0.8007994294166565,5.676249980926514,4.366552352905273,-1.309697508811951,0.7898963689804077,5.7599406242370605,4.444119930267334,-1.3158210515975952,0.7760779857635498,5.85050630569458,4.520575046539307,-1.3299309015274048,0.7862304449081421,5.626285552978516,4.30833101272583,-1.317954659461975,0.7680632472038269,5.862631797790527,4.543793678283691,-1.3188380002975464,0.8502063155174255,5.703812599182129,4.414879322052002,-1.288933277130127
0.7991988062858582,5.617332935333252,4.292868137359619,-1.3244646787643433,0.7848406434059143,5.740689754486084,4.417914390563965,-1.3227752447128296,0.7898513078689575,5.612708568572998,4.287389278411865,-1.3253190517425537,0.7906415462493896,5.673307418823242,4.371551513671875,-1.3017561435699463,0.8138683438301086,5.513225555419922,4.190058708190918,-1.3231666088104248,0.8013681769371033,5.571540355682373,4.24191951751709,-1.3296209573745728,0.83218914270401,5.577394962310791,4.25312614440918,-1.32426917552948
0.8238773345947266,5.964255332946777,4.611779689788818,-1.3524757623672483,0.7760428190231323,5.603092193603516,4.27377462387085,-1.3293180465698242,0.8214517831802368,5.550997734069824,4.197964668273926,-1.3530330657958984,0.7619588375091553,5.971281051635742,4.632662773132324,-1.3386183977127075,0.7986549139022827,5.66566801071167,4.339375972747803,-1.3262922763824463,0.806006133556366,5.890542030334473,4.565852165222168,-1.3246897459030151,0.8158853054046631,5.761474132537842,4.430333137512207,-1.3311408758163452
0.7905436754226685,5.752482891082764,4.430957794189453,-1.3215253353118896,0.8069245219230652,5.673953533172607,4.355196475982666,-1.318756937980652,0.7890322208404541,5.668625354766846,4.374887943267822,-1.2937380075454712,0.8084168434143066,5.758976459503174,4.441305160522461,-1.317671298980713,0.775109052658081,5.681829452514648,4.3579936027526855,-1.323835372924805,0.8011733293533325,5.443113803863525,4.1190595626831055,-1.3240549564361572,0.8307394981384277,5.774811744689941,4.453266620635986,-1.3215447664260864
0.8139176964759827,5.574909687042236,4.283528327941895,-1.2913814783096311,0.7912223935127258,5.689191818237305,4.361636161804199,-1.327555537223816,0.7902072668075562,5.577225685119629,4.251945972442627,-1.3252791166305542,0.7962441444396973,5.67887020111084,4.324282169342041,-1.3545880317687988,0.8143311142921448,5.698766231536865,4.363293647766113,-1.3354730606079102,0.7617398500442505,5.754570960998535,4.428849697113037,-1.3257206678390503,0.8479177951812744,5.65592098236084,4.335897922515869,-1.320022702217102
0.806612491607666,5.689438343048096,4.36398983001709,-1.3254481554031372,0.817366361618042,6.029200077056885,4.693115711212158,-1.3360841274261477,0.8135017156600952,5.662240982055664,4.33409309387207,-1.3281474113464355,0.751845121383667,5.789860248565674,4.467504978179932,-1.3223555088043213,0.7928915619850159,5.794677734375,4.483982563018799,-1.310694694519043,0.7869165539741516,5.574010848999023,4.244134902954102,-1.329875111579895,0.8748563528060913,5.706896781921387,4.3905558586120605,-1.3163408041000366
0.8028908371925354,5.730865001678467,4.400269508361816,-1.3305957317352295,0.803697943687439,5.706247329711914,4.382668972015381,-1.32357919216156,0.7939150333404541,5.6124138832092285,4.276503562927246,-1.335910677909851,0.7959405183792114,5.745055198669434,4.388673305511475,-1.35638165473938,0.7897328734397888,5.611773490905762,4.2765326499938965,-1.3352409601211548,0.778391420841217,5.731648921966553,4.399547100067139,-1.3321014642715454,0.8056135773658752,5.54377555847168,4.176846504211426,-1.366929054260254
0.8096081018447876,5.719375133514404,4.38546085357666,-1.3339141607284546,0.7918946146965027,5.756373405456543,4.41916561126709,-1.337207913398743,0.8285340070724487,5.637033939361572,4.289980888366699,-1.3470531702041626,0.8211278915405273,5.640587329864502,4.2929463386535645,-1.3476407527923584,0.799353301525116,5.52489709854126,4.199666976928711,-1.325230598449707,0.8087893724441528,5.739015579223633,4.381787300109863,-1.357228398323059,0.8279587626457214,5.658291816711426,4.319518566131592,-1.3387730121612549
0.8286510705947876,5.576789855957031,4.254969120025635,-1.321820855140686,0.7807295918464661,5.642390251159668,4.344186782836914,-1.298203468322754,0.8263026475906372,5.691529750823975,4.364658355712891,-1.326871037483215,0.7898074388504028,5.656913757324219,4.338571548461914,-1.3183424472808838,0.8003328442573547,5.707704067230225,4.407878398895264,-1.2998265027999878,0.7870074510574341,5.731837272644043,4.435396194458008,-1.2964409589767456,0.8002575039863586,5.642636299133301,4.327418327331543,-1.3152179718017578
0.7850090265274048,5.624108791351318,4.305466175079346,-1.3186427354812622,0.7796294093132019,5.702644348144531,4.386152744293213,-1.3164918422698977,0.810092031955719,5.693261623382568,4.3180766105651855,-1.375184416770935,0.7742199897766113,5.701212406158447,4.407081604003906,-1.2941306829452517,0.7753227353096008,5.75779390335083,4.443370342254639,-1.3144235610961914,0.7678977847099304,5.563785552978516,4.249235153198242,-1.3145501613616943,0.8181944489479065,5.583014965057373,4.278924465179443,-1.3040903806686401
0.8332911133766174,5.619123458862305,4.24576997756958,-1.3733532428741455,0.7796599864959717,5.593920707702637,4.255263328552246,-1.3386574983596802,0.7809717059135437,5.408400535583496,4.064051151275635,-1.344349384307861,0.8085767030715942,5.622255802154541,4.23716402053833,-1.385091781616211,0.8253008723258972,5.611603260040283,4.275917053222656,-1.3356857299804688,0.8122066259384155,5.798666000366211,4.455986022949219,-1.3426803350448608,0.8127061724662781,5.543017387390137,4.208826065063477,-1.3341915607452393
0.7988389730453491,5.478670597076416,4.156309127807617,-1.322361946105957,0.7926827669143677,5.394863128662109,4.096050262451172,-1.2988128662109375,0.841792106628418,5.758106231689453,4.43367862701416,-1.3244282007217407,0.7875939011573792,5.757689952850342,4.43767786026001,-1.3200119733810425,0.8094995021820068,5.654942989349365,4.347921848297119,-1.307020664215088,0.7993314862251282,5.430656909942627,4.17317008972168,-1.257486343383789,0.8350152373313904,5.625271797180176,4.311922073364258,-1.313349962234497
0.8553199768066406,5.762526035308838,4.416306495666504,-1.3462201356887815,0.813245415687561,5.809597492218018,4.477180480957031,-1.3324166536331177,0.7847378253936768,5.67397403717041,4.34599494934082,-1.3279789686203003,0.8187122344970703,5.693363189697266,4.370269298553467,-1.3230938911437988,0.8164629936218262,5.601781368255615,4.273705005645752,-1.3280764818191528,0.7720189094543457,5.615528583526611,4.303528785705566,-1.311999797821045,0.8597071766853333,5.772199630737305,4.40885591506958,-1.3633431196212769
0.8338432908058167,5.734027862548828,4.426655292510986,-1.3073722124099731,0.8090620040893555,5.846256732940674,4.532256126403809,-1.314000964164734,0.7886683940887451,5.725220203399658,4.417672157287598,-1.30754816532135,0.7909561395645142,5.755701541900635,4.428187370300293,-1.3275142908096311,0.8304020762443542,5.696701526641846,4.333736896514893,-1.362964153289795,0.7814990282058716,5.800506114959717,4.482937335968018,-1.317568302154541,0.8400315046310425,5.630363464355469,4.332849025726318,-1.297514796257019
0.8689916133880615,5.714279174804688,4.383774757385254,-1.3305048942565918,0.770505964756012,5.733144283294678,4.403752326965332,-1.3293917179107666,0.7879658341407776,5.718871593475342,4.380849838256836,-1.338022232055664,0.7867866158485413,5.732577800750732,4.382917404174805,-1.3496595621109009,0.8055613040924072,5.57371997833252,4.2382917404174805,-1.3354283571243286,0.7936870455741882,5.582486629486084,4.256460666656494,-1.3260266780853271,0.8004342913627625,5.691385746002197,4.368906497955322,-1.322479248046875
0.8396356105804443,5.59763240814209,4.242852687835693,-1.35477876663208,0.7958617210388184,5.865573406219482,4.534202098846436,-1.3313714265823364,0.8356843590736389,5.794080257415772,4.462440967559815,-1.3316394090652466,0.8248452544212341,5.668910980224609,4.380876064300537,-1.2880346775054932,0.8097398281097412,5.616744995117188,4.301392078399658,-1.3153526782989502,0.785155177116394,5.461328029632568,4.135269165039063,-1.3260586261749268,0.8081133365631104,5.512659549713135,4.205002784729004,-1.3076567649841309
0.8320927023887634,5.434185028076172,4.1382155418396,-1.2959692478179932,0.7919068932533264,5.790226936340332,4.509855270385742,-1.2803716659545898,0.7895739674568176,5.460360050201416,4.172186851501465,-1.2881733179092407,0.7993544936180115,5.607460498809815,4.303572177886963,-1.3038880825042725,0.7888936400413513,5.497873306274414,4.193551540374756,-1.3043220043182373,0.7884056568145752,5.800368309020996,4.496142864227295,-1.3042250871658323,0.8087940216064453,5.61139440536499,4.329159259796143,-1.2822356224060059
0.8373854160308838,5.659186840057373,4.323048114776611,-1.3361386060714722,0.7833935022354126,5.662994384765625,4.314526081085205,-1.3484681844711304,0.7732153534889221,5.650880813598633,4.267467021942139,-1.3834140300750732,0.761768639087677,5.95743989944458,4.599284648895264,-1.3581552505493164,0.8214593529701233,5.782685279846191,4.414491176605225,-1.368194580078125,0.7756516337394714,5.826083660125732,4.513425827026367,-1.312658190727234,0.7979342341423035,5.568020820617676,4.196432590484619,-1.3715884685516357
0.7830361127853394,5.954044342041016,4.637916088104248,-1.3161283731460571,0.7837167978286743,5.587118625640869,4.314855575561523,-1.2722634077072144,0.788596510887146,5.746009349822998,4.461263179779053,-1.2847458124160769,0.8011874556541443,5.747837543487549,4.431396484375,-1.3164409399032593,0.82294100522995,5.809505462646484,4.516169548034668,-1.2933357954025269,0.8067062497138977,5.625432014465332,4.332963943481445,-1.2924680709838867,0.8067387342453003,5.830081939697266,4.543649673461914,-1.2864323854446411
0.8250784277915955,5.617598533630371,4.265247821807861,-1.3523507118225098,0.7648507356643677,5.533543109893799,4.1719279289245605,-1.3616148233413696,0.7933925986289978,5.603761196136475,4.254262924194336,-1.3494983911514282,0.7846947908401489,5.64317798614502,4.329113006591797,-1.3140650987625122,0.7955753207206726,5.6177191734313965,4.294998645782471,-1.3227201700210571,0.7894757986068726,5.606485366821289,4.286951541900635,-1.3195340633392334,0.8071746826171875,5.379783630371094,4.062016487121582,-1.3177675008773804
0.8294088840484619,5.38051176071167,4.0309014320373535,-1.3496099710464478,0.7954025864601135,5.632711410522461,4.314455986022949,-1.3182555437088013,0.8075636625289917,5.71080493927002,4.384836196899414,-1.3259687423706057,0.7986870408058167,5.671951770782471,4.3363938331604,-1.3355584144592283,0.799457311630249,5.521583080291748,4.185534477233887,-1.3360490798950195,0.8036143183708191,5.691064357757568,4.364051342010498,-1.3270128965377808,0.8297274708747864,5.620701313018799,4.319419860839844,-1.3012809753417969
0.8213428258895874,5.651271343231201,4.330569267272949,-1.320702314376831,0.8008720278739929,5.788026809692383,4.463870525360107,-1.3241565227508545,0.7924904823303223,5.580313682556152,4.289042949676514,-1.2912702560424805,0.7572640180587769,5.728884696960449,4.408385753631592,-1.3204985857009888,0.784666895866394,5.8464202880859375,4.526879787445068,-1.3195399045944214,0.7702353596687317,5.876560211181641,4.566833972930908,-1.3097255229949951,0.7986204624176025,5.59327507019043,4.297054290771484,-1.296220302581787
0.8417524695396423,5.6102495193481445,4.307838439941406,-1.3024110794067385,0.7916244864463806,5.664836406707764,4.378417491912842,-1.286418914794922,0.8037206530570984,5.731153964996338,4.422802925109863,-1.3083508014678955,0.8120425939559937,5.602616786956787,4.295235633850098,-1.307381272315979,0.7889742255210876,5.644433975219727,4.329623699188232,-1.3148095607757568,0.8205235600471497,5.398760318756104,4.086661815643311,-1.3120988607406616,0.8511644005775452,5.566352844238281,4.262081623077393,-1.3042712211608887
0.7907049655914307,5.520155906677246,4.204629898071289,-1.315526008605957,0.8332842588424683,5.862250328063965,4.5427069664001465,-1.319543719291687,0.8016570210456848,5.810033798217773,4.483370304107666,-1.326663374900818,0.7753764390945435,5.750914573669434,4.455743312835693,-1.295171856880188,0.812642514705658,5.587561130523682,4.248226642608643,-1.3393343687057495,0.8248876333236694,5.692613124847412,4.361761569976807,-1.3308513164520264,0.8141108751296997,5.727284908294678,4.398573875427246,-1.3287112712860107
0.8393991589546204,5.633256435394287,4.312112808227539,-1.3211427927017212,0.8071658611297607,5.778476238250732,4.458020687103272,-1.3204550743103027,0.821984589099884,5.536617755889893,4.21477746963501,-1.3218408823013306,0.8039831519126892,5.472553253173828,4.150942802429199,-1.3216099739074707,0.7698860764503479,5.585079193115234,4.287949085235596,-1.29712975025177,0.8019471764564514,5.515159130096436,4.202415943145752,-1.3127429485321045,0.7904872894287109,5.385463237762451,4.067326545715332,-1.3181365728378296
0.8066815733909607,5.663105010986328,4.337434768676758,-1.3256702423095703,0.7799419164657593,5.6334991455078125,4.335917949676514,-1.2975808382034302,0.7806956171989441,5.639142990112305,4.313324451446533,-1.3258190155029297,0.7948278784751892,5.579287528991699,4.2544379234313965,-1.3248498439788818,0.7793557047843933,5.735752105712891,4.451788425445557,-1.283963918685913,0.8106079697608948,5.641631603240967,4.347579002380371,-1.294052243232727,0.8082253932952881,5.686105728149414,4.381627082824707,-1.304478406906128
0.7988021373748779,5.646491050720215,4.32440710067749,-1.3220840692520142,0.7963943481445312,5.7528076171875,4.427515029907227,-1.3252930641174316,0.7745014429092407,5.687848567962647,4.317014694213867,-1.370833396911621,0.7948766350746155,5.7376227378845215,4.419435977935791,-1.3181869983673096,0.7907866835594177,5.608258724212647,4.282317161560059,-1.3259412050247192,0.7884970903396606,5.692090034484863,4.371824264526367,-1.3202661275863647,0.8029519319534302,5.630279064178467,4.3065714836120605,-1.3237074613571167
0.8070834279060364,5.574359893798828,4.242940425872803,-1.3314191102981567,0.7755405902862549,5.740891456604004,4.4128241539001465,-1.3280669450759888,0.793237566947937,5.748047828674316,4.439559459686279,-1.308488368988037,0.7830795049667358,5.783181667327881,4.4500932693481445,-1.3330888748168943,0.8046788573265076,5.616917610168457,4.287971496582031,-1.3289461135864258,0.7794762849807739,5.399519920349121,4.0460381507873535,-1.3534821271896362,0.8295353055000305,5.589522838592529,4.278133869171143,-1.311388611793518
0.8251720666885376,5.725363731384277,4.393087863922119,-1.3322762250900269,0.810565173625946,5.573784351348877,4.245823860168457,-1.3279613256454468,0.8093134164810181,5.666809558868408,4.330959796905518,-1.3358497619628906,0.8339393734931946,5.667817115783691,4.337344646453857,-1.330472469329834,0.7976824045181274,5.68189001083374,4.34791374206543,-1.333976984024048,0.8493458032608032,5.644855976104736,4.319559574127197,-1.325296401977539,0.8268165588378906,5.343262672424316,4.008607387542725,-1.3346549272537231
0.7892735004425049,5.812840938568115,4.479483604431152,-1.333357334136963,0.7817589640617371,6.009433269500732,4.653214931488037,-1.3562180995941162,0.7951189279556274,5.662904739379883,4.332522869110107,-1.3303815126419067,0.8035547733306885,5.674288749694824,4.330000400543213,-1.344288349151611,0.7893514633178711,5.553635120391846,4.218165874481201,-1.335469365119934,0.7966083288192749,5.72844934463501,4.385145664215088,-1.3433040380477903,0.8089799284934998,5.565140247344971,4.2253499031066895,-1.339789867401123
0.8155755996704102,5.775506973266602,4.447593688964844,-1.3279132843017578,0.7795155644416809,5.667166709899902,4.337535858154297,-1.3296310901641846,0.788707435131073,5.530409812927246,4.235139846801758,-1.2952697277069092,0.7892616987228394,5.670969009399414,4.340764045715332,-1.3302050828933716,0.7722638249397278,5.651335716247559,4.333673477172852,-1.317662477493286,0.7810176014900208,5.479496479034424,4.153684139251709,-1.3258123397827148,0.805452823638916,5.523857593536377,4.201920509338379,-1.3219375610351562
0.8577792048454285,5.710742950439453,4.409083843231201,-1.3016592264175415,0.7823041677474976,5.816368579864502,4.506895542144775,-1.3094735145568848,0.8568528890609741,5.782670021057129,4.434924125671387,-1.3477460145950315,0.8515403270721436,5.829520225524902,4.532043933868408,-1.2974765300750732,0.7969323396682739,5.737911701202393,4.437168598175049,-1.3007431030273438,0.7779735326766968,5.759917736053467,4.442392349243164,-1.3175257444381714,0.7936136722564697,5.583435535430908,4.276628017425537,-1.3068073987960815
0.8023824691772461,5.6840410232543945,4.350130081176758,-1.3339109420776367,0.839674174785614,5.709660053253174,4.375891208648682,-1.3337687253952026,0.7790511250495911,5.737175941467285,4.433130264282227,-1.3040456771850586,0.7404991388320923,5.922966003417969,4.546775341033936,-1.3761911392211914,0.8163192868232727,5.685420989990234,4.35242223739624,-1.3329986333847046,0.8277170658111572,5.736498355865479,4.425419807434082,-1.3110781908035278,0.8031587600708008,5.639176368713379,4.337145805358887,-1.3020305633544922
0.8257259130477905,5.708702564239502,4.347187519073486,-1.3615151643753052,0.796128511428833,5.702169895172119,4.3709635734558105,-1.3312066793441772,0.7806947231292725,5.448756694793701,4.121163368225098,-1.3275929689407349,0.7812953591346741,5.678518295288086,4.334733486175537,-1.3437848091125488,0.8012368083000183,5.720985889434815,4.350387573242188,-1.370598077774048,0.8013962507247925,5.456891536712647,4.120306015014648,-1.3365854024887085,0.7927470207214355,5.49576997756958,4.1545538902282715,-1.3412160873413086
0.8297524452209473,5.621595859527588,4.29205322265625,-1.3295425176620483,0.863943874835968,5.715857028961182,4.394058227539063,-1.3217984437942505,0.8367767333984375,5.536032199859619,4.187992572784424,-1.348039984703064,0.7958100438117981,5.656565189361572,4.290944576263428,-1.3656209707260132,0.8355871438980103,5.603224277496338,4.271827697753906,-1.3313966989517212,0.7918364405632019,5.688799858093262,4.324760437011719,-1.364039421081543,0.8235495090484619,5.532993793487549,4.196924209594727,-1.3360697031021118
0.8297020196914673,5.675454139709473,4.352671146392822,-1.32278311252594,0.8135164380073547,5.714744567871094,4.355717658996582,-1.3590269088745115,0.77843177318573,5.694419860839844,4.379648208618164,-1.3147718906402588,0.7839879989624023,5.653387069702148,4.337551593780518,-1.3158349990844729,0.8100353479385376,5.813235759735107,4.497705459594727,-1.3155300617218018,0.7692327499389648,5.645986557006836,4.315818309783936,-1.33016836643219,0.8280489444732666,5.731278896331787,4.455205917358398,-1.2760733366012573
0.8346906304359436,5.569838523864746,4.193037986755371,-1.3768000602722168,0.8209063410758972,5.615503787994385,4.249612808227539,-1.3658913373947144,0.787696361541748,5.63800048828125,4.293485164642334,-1.3445158004760742,0.8180456161499023,5.860812187194824,4.512183666229248,-1.348628282546997,0.7959811687469482,5.693861484527588,4.354555130004883,-1.3393058776855469,0.7602937817573547,5.518378734588623,4.174271583557129,-1.344106674194336,0.8013466596603394,5.547183990478516,4.188107967376709,-1.359075665473938
0.8186225891113281,5.526895046234131,4.213053226470947,-1.3138418197631836,0.7902023196220398,5.615100383758545,4.294271945953369,-1.320828199386597,0.7902941703796387,5.531521320343018,4.197964191436768,-1.3335577249526978,0.79906165599823,5.599221229553223,4.284272193908691,-1.3149491548538208,0.781343400478363,5.385677337646484,4.066314697265625,-1.3193620443344116,0.7852470874786377,5.688549041748047,4.363914012908936,-1.324635028839111,0.7707005739212036,5.452215194702148,4.133433818817139,-1.3187811374664307
0.8103410005569458,5.570565700531006,4.236087322235107,-1.3344781398773191,0.8095334768295288,5.73306941986084,4.399930000305176,-1.3331397771835327,0.8460081815719604,5.675121784210205,4.3300862312316895,-1.3450355529785156,0.8501330018043518,5.739294052124023,4.364377975463867,-1.3749161958694458,0.8224140405654907,5.667084693908691,4.29817533493042,-1.3689091205596924,0.7818930149078369,5.718003273010254,4.385658264160156,-1.3323441743850708,0.8364258408546448,5.666933059692383,4.331655025482178,-1.3352782726287842
0.7908219695091248,5.565727233886719,4.268138885498047,-1.2975878715515137,0.8006027340888977,5.617186546325684,4.325821399688721,-1.2913658618927002,0.8088670969009399,5.723686695098877,4.379512786865234,-1.3441736698150637,0.8068618178367615,5.725001811981201,4.418299198150635,-1.3067023754119873,0.7759832739830017,5.7339959144592285,4.4176788330078125,-1.316316843032837,0.7817554473876953,5.571906089782715,4.2227864265441895,-1.3491194248199463,0.8392993807792664,5.637331008911133,4.332022190093994,-1.3053086996078491
0.8096861839294434,5.542658805847168,4.219288349151611,-1.3233705759048462,0.7905800938606262,5.539644241333008,4.219096183776856,-1.3205485343933103,0.8249722719192505,5.822285175323486,4.512466907501221,-1.3098182678222656,0.7939424514770508,5.770459175109863,4.486269474029541,-1.284189224243164,0.7923855185508728,5.440319538116455,4.120662689208984,-1.3196572065353394,0.797133207321167,5.615274906158447,4.3018903732299805,-1.3133846521377563,0.8408459424972534,5.566962718963623,4.255723476409912,-1.3112396001815796
0.8135851621627808,5.671934127807617,4.332785129547119,-1.339148759841919,0.8072908520698547,5.68779993057251,4.3420023918151855,-1.345797061920166,0.8244624137878418,5.566522121429443,4.206449508666992,-1.360072374343872,0.8269336223602295,5.679382801055908,4.337385177612305,-1.3419973850250244,0.8143865466117859,5.638365745544434,4.279879570007324,-1.358486294746399,0.8050085306167603,5.692709922790527,4.360921382904053,-1.331788420677185,0.7921334505081177,5.465435028076172,4.1368513107299805,-1.3285834789276123
0.7972357273101807,5.736016273498535,4.42172908782959,-1.3142870664596558,0.7698459625244141,5.73846435546875,4.417582035064697,-1.3208824396133425,0.8206290006637573,5.6124587059021,4.332777500152588,-1.2796810865402222,0.8112258315086365,5.667821407318115,4.337459087371826,-1.3303625583648682,0.7767764925956726,5.545870780944824,4.254001617431641,-1.2918686866760254,0.785746157169342,5.596686363220215,4.289590358734131,-1.3070963621139526,0.7946074604988098,5.572058200836182,4.281620502471924,-1.2904375791549683
0.8378400802612305,5.556600093841553,4.232166767120361,-1.3244333267211914,0.7916909456253052,5.798721790313721,4.472209930419922,-1.326512336730957,0.7838563323020935,5.573946475982666,4.255552768707275,-1.3183941841125488,0.7582840919494629,5.708204746246338,4.364459991455078,-1.343744158744812,0.7711079716682434,5.647316932678223,4.279579162597656,-1.3677371740341189,0.7786516547203064,5.525188446044922,4.159937858581543,-1.3652507066726685,0.8180142045021057,5.529393672943115,4.2278923988342285,-1.3015010356903076
0.8563030362129211,5.722671508789063,4.378178119659424,-1.3444936275482178,0.8156037330627441,5.756033420562744,4.418608665466309,-1.3374247550964355,0.8279820084571838,5.538220405578613,4.1984477043151855,-1.3397727012634275,0.7979637980461121,5.8489484786987305,4.510530471801758,-1.338417410850525,0.8143455982208252,5.428676605224609,4.046489715576172,-1.3821866512298584,0.7928271293640137,5.395981788635254,4.058216094970703,-1.3377655744552612,0.8908910751342773,5.643289089202881,4.2929463386535645,-1.3503426313400269
0.8352221846580505,5.749968528747559,4.428572177886963,-1.3213962316513062,0.7767738103866577,5.650045871734619,4.330692768096924,-1.3193529844284058,0.7866462469100952,5.874917507171631,4.597278594970703,-1.277638554573059,0.8043884038925171,5.742234706878662,4.439627170562744,-1.3026074171066284,0.7932085990905762,5.734715938568115,4.423094272613525,-1.3116215467453003,0.8318526148796082,5.506918430328369,4.210908889770508,-1.2960093021392822,0.8141177296638489,5.4950971603393555,4.138035774230957,-1.3570616245269775
0.8191410899162292,5.576208591461182,4.253303050994873,-1.322905659675598,0.7849050760269165,5.648033618927002,4.358713150024414,-1.289320468902588,0.7747712731361389,5.622945308685303,4.307671546936035,-1.3152737617492676,0.7544676065444946,5.72955322265625,4.429497718811035,-1.3000556230545044,0.7974510192871094,5.703825950622559,4.38659143447876,-1.3172346353530884,0.7966445684432983,5.725794315338135,4.446318626403809,-1.2794756889343262,0.8053284883499146,5.552694797515869,4.262204647064209,-1.2904906272888184
0.8332178592681885,5.751620292663574,4.420073986053467,-1.3315465450286863,0.8016414642333984,5.775622367858887,4.452987194061279,-1.322635054588318,0.7919961214065552,5.733720779418945,4.429522514343262,-1.3041977882385254,0.8042848706245422,5.694545745849609,4.3628129959106445,-1.3317327499389648,0.784675121307373,5.678441047668457,4.344768524169922,-1.3336726427078247,0.8146456480026245,5.828896045684815,4.521372318267822,-1.3075242042541504,0.8096166253089905,5.619132995605469,4.29726505279541,-1.3218679428100586
0.8088606595993042,5.619839668273926,4.291308879852295,-1.3285311460494995,0.7696646451950073,5.7582879066467285,4.42572021484375,-1.3325679302215576,0.8131095767021179,5.7070088386535645,4.374337673187256,-1.33267080783844,0.8080496788024902,5.895230293273926,4.592124938964844,-1.303105354309082,0.8024071455001831,5.647748947143555,4.292269229888916,-1.3554798364639282,0.7753313779830933,5.843522548675537,4.507885932922363,-1.3356364965438845,0.7999165654182434,5.611022472381592,4.329001426696777,-1.282021164894104
0.7944754958152771,5.716780185699463,4.386729717254639,-1.3300496339797974,0.7983599305152893,5.71747350692749,4.375040054321289,-1.342434048652649,0.794359564781189,5.739578723907471,4.379157066345215,-1.3604220151901243,0.8267693519592285,5.573662281036377,4.2316107749938965,-1.3420517444610596,0.7994576096534729,5.51881217956543,4.182433605194092,-1.3363784551620483,0.7970567941665649,5.595644474029541,4.2569966316223145,-1.338647484779358,0.8416392207145691,5.65138578414917,4.312520503997803,-1.3388651609420776
0.827642023563385,5.750302314758301,4.446324348449707,-1.3039783239364624,0.812247633934021,5.838181018829346,4.529560565948486,-1.3086203336715698,0.7763757705688477,5.630707263946533,4.33545446395874,-1.295252799987793,0.7895868420600891,5.555574893951416,4.238073825836182,-1.3175004720687866,0.7766273021697998,5.728503227233887,4.408481121063232,-1.3200222253799438,0.783991813659668,5.584231376647949,4.291863441467285,-1.292367935180664,0.8342874646186829,5.57905387878418,4.271400451660156,-1.3076534271240234
0.8156402111053467,5.63672399520874,4.310242176055908,-1.326482176780701,0.7892819046974182,5.777923583984375,4.447175979614258,-1.3307478427886963,0.8509133458137512,5.831925392150879,4.50235652923584,-1.3295694589614868,0.8171426057815552,5.704914569854736,4.375759124755859,-1.3291550874710083,0.7844692468643188,5.498501777648926,4.173337936401367,-1.325163960456848,0.8187265396118164,5.931893825531006,4.587806224822998,-1.3440871238708496,0.8179503083229065,5.480414390563965,4.145059108734131,-1.3353551626205444
0.8030760884284973,5.585495471954346,4.2432942390441895,-1.342201590538025,0.8084431290626526,5.8289794921875,4.4698991775512695,-1.3590798377990725,0.7822245955467224,5.591831207275391,4.22812032699585,-1.3637107610702517,0.7914673686027527,5.718480587005615,4.35697603225708,-1.3615046739578247,0.8162910342216492,5.721014022827148,4.3744988441467285,-1.346515655517578,0.7880313992500305,5.584597110748291,4.233272552490234,-1.3513246774673462,0.8314247727394104,5.669522762298584,4.32069206237793,-1.3488308191299438
0.8147926330566406,5.580882549285889,4.27992057800293,-1.3009618520736694,0.7857174873352051,5.587808609008789,4.269289016723633,-1.3185197114944458,0.7868413329124451,5.590736389160156,4.262417316436768,-1.328319072723389,0.7702178359031677,5.706110954284668,4.378871440887451,-1.3272396326065063,0.7936733961105347,5.621251583099365,4.298245906829834,-1.3230061531066897,0.7849547266960144,5.762338638305664,4.437499523162842,-1.3248389959335327,0.8110619187355042,5.617908954620361,4.323409557342529,-1.2944989204406738
0.8191142678260803,5.535091876983643,4.213909149169922,-1.3211826086044312,0.7818174362182617,5.827961444854736,4.507214546203613,-1.3207470178604126,0.7873510718345642,5.538492679595947,4.216345310211182,-1.322147250175476,0.8120905756950378,5.460355758666992,4.171335697174072,-1.28902006149292,0.790993869304657,5.464174747467041,4.135644912719727,-1.3285298347473145,0.7887626886367798,5.707053184509277,4.343551635742188,-1.3635021448135376,0.8347024321556091,5.412529945373535,4.0799055099487305,-1.3326245546340942
0.7801908850669861,5.646676540374756,4.360346794128418,-1.286329984664917,0.7838445901870728,5.745639324188232,4.458665370941162,-1.286974310874939,0.8021326065063477,5.705531120300293,4.386246681213379,-1.3192850351333618,0.7825368642807007,5.717857837677002,4.398996353149414,-1.318861722946167,0.7805166840553284,5.709237098693848,4.398826122283936,-1.3104112148284912,0.7998677492141724,5.59781551361084,4.276512622833252,-1.321303129196167,0.840785562992096,5.719684600830078,4.406432628631592,-1.3132513761520386
0.8024049401283264,5.775975704193115,4.451471328735352,-1.3245044946670532,0.7769617438316345,5.7171783447265625,4.38670539855957,-1.33047354221344,0.790789008140564,5.584995269775391,4.254670143127441,-1.3303252458572388,0.8065053820610046,5.705105781555176,4.382823944091797,-1.3222819566726685,0.798759937286377,5.750445365905762,4.431879043579102,-1.3185664415359497,0.7830986380577087,5.6517438888549805,4.331484317779541,-1.3202593326568604,0.8292345404624939,5.406827926635742,4.074647426605225,-1.3321806192398071
0.8383578062057495,5.759263515472412,4.426919937133789,-1.3323434591293335,0.8029995560646057,5.598625183105469,4.292240142822266,-1.306385159492493,0.7796811461448669,5.521117210388184,4.182504177093506,-1.338612675666809,0.7956848740577698,5.417317390441895,4.083307266235352,-1.3340097665786743,0.7886070013046265,5.649663925170898,4.306248188018799,-1.343415141105652,0.7857779860496521,5.631277084350586,4.2857866287231445,-1.3454899787902832,0.8108767867088318,5.509317874908447,4.1445841789245605,-1.3647340536117554
0.8561340570449829,5.698220252990723,4.341199398040772,-1.357020378112793,0.8430256247520447,5.791726112365723,4.445266246795654,-1.346460223197937,0.7880738377571106,5.492462635040283,4.157547950744629,-1.334914207458496,0.7947278618812561,5.789058685302734,4.454988479614258,-1.334069848060608,0.8005358576774597,5.731656551361084,4.386359214782715,-1.3452973365783691,0.8478882908821106,5.642879486083984,4.314158439636231,-1.3287214040756226,0.8149821162223816,5.707327365875244,4.368674278259277,-1.338653564453125
0.8329846262931824,5.49544095993042,4.154900074005127,-1.3405410051345823,0.8141525983810425,5.712810039520264,4.38148832321167,-1.331322431564331,0.7979337573051453,5.567330360412598,4.246008396148682,-1.321321964263916,0.8033366203308105,5.755113124847412,4.464336395263672,-1.290776610374451,0.8167564272880554,5.407130718231201,4.09982442855835,-1.3073062896728516,0.746882438659668,5.466558456420898,4.133264541625977,-1.3332942724227903,0.8129062652587891,5.538846015930176,4.230193138122559,-1.3086528778076172
0.8081279397010803,5.78377628326416,4.4486002922058105,-1.3351759910583496,0.7532280087471008,5.734725475311279,4.388407707214356,-1.3463181257247925,0.8026283979415894,5.592723846435547,4.273087501525879,-1.319635987281799,0.7896902561187744,5.757557392120361,4.444713115692139,-1.3128443956375122,0.7846922278404236,5.630703449249268,4.334164142608643,-1.296539068222046,0.7803994417190552,5.561610221862793,4.246665000915527,-1.314945101737976,0.8157954216003418,5.578344821929932,4.254065990447998,-1.3242781162261963
0.7879882454872131,5.525069713592529,4.218475341796875,-1.3065942525863647,0.7916466593742371,5.579431056976318,4.272671699523926,-1.306759476661682,0.7872088551521301,5.645243644714356,4.369068145751953,-1.2761754989624023,0.7602184414863586,5.6827712059021,4.370044231414795,-1.3127273321151731,0.8241822123527527,5.518492221832275,4.213735103607178,-1.3047571182250977,0.8164751529693604,5.679834365844727,4.3924241065979,-1.2874102592468262,0.8062239289283752,5.5139384269714355,4.206254959106445,-1.3076838254928589
0.8079716563224792,5.748877048492432,4.422157287597656,-1.3267197608947754,0.79300457239151,5.742987155914307,4.463057518005371,-1.2799291610717771,0.7817271947860718,5.568401336669922,4.274951934814453,-1.2934494018554688,0.8024999499320984,5.604987621307373,4.271642208099365,-1.3333450555801392,0.7787137031555176,5.734955787658691,4.438232898712158,-1.296723246574402,0.8187313079833984,5.548439025878906,4.1764678955078125,-1.371971607208252,0.8270828127861023,5.614284515380859,4.288220405578613,-1.3260635137557983
0.8033571839332581,5.656535625457764,4.364009380340576,-1.2925260066986084,0.7887619733810425,5.675854206085205,4.406717300415039,-1.2691373825073242,0.7731152772903442,5.702131271362305,4.385931491851807,-1.3162001371383667,0.760398805141449,5.643113136291504,4.326078414916992,-1.317034363746643,0.8043658137321472,5.80354642868042,4.4798760414123535,-1.3236695528030396,0.7999500036239624,5.694162368774414,4.400793075561523,-1.2933695316314695,0.8332574367523193,5.421544075012207,4.133796691894531,-1.2877475023269653
0.8426255583763123,5.732436656951904,4.460007667541504,-1.272429347038269,0.7830106019973755,5.708711624145508,4.397843360900879,-1.3108686208724976,0.8034363985061646,5.502475738525391,4.180325031280518,-1.322150945663452,0.7743793725967407,5.539607048034668,4.224357128143311,-1.3152501583099363,0.8149192333221436,5.840756416320801,4.542815208435059,-1.2979410886764526,0.7884165048599243,5.654923439025879,4.333408355712891,-1.3215152025222778,0.8210791349411011,5.807889938354492,4.516698837280273,-1.2911916971206665
0.8317320942878723,5.790058135986328,4.419341087341309,-1.3707164525985718,0.7985803484916687,5.761760711669922,4.4329915046691895,-1.328769564628601,0.7827431559562683,5.868288993835449,4.533797264099121,-1.3344919681549072,0.7909652590751648,5.822895050048828,4.473575115203857,-1.3493202924728394,0.7988404631614685,5.594740867614746,4.260883808135986,-1.3338569402694702,0.8134236931800842,5.716057300567627,4.351264476776123,-1.3647929430007937,0.8366449475288391,5.465203285217285,4.087828159332275,-1.3773753643035889
0.7910407185554504,5.603330612182617,4.292384624481201,-1.310946345329285,0.8082342743873596,5.802270889282227,4.487241744995117,-1.315029501914978,0.770265519618988,5.71718692779541,4.405431747436523,-1.3117554187774658,0.8005343079566956,5.846821308135986,4.528042316436768,-1.3187787532806396,0.7723947167396545,5.540929317474365,4.214080333709717,-1.3268485069274902,0.8080892562866211,5.6651153564453125,4.3648176193237305,-1.3002978563308716,0.8137596845626831,5.541026592254639,4.231727600097656,-1.3092994689941406
0.805495023727417,5.788582801818848,4.407626152038574,-1.380957007408142,0.7908228635787964,5.70981502532959,4.354263782501221,-1.3555508852005005,0.8299371600151062,5.649170875549316,4.285020351409912,-1.3641506433486938,0.8174313306808472,5.892673492431641,4.524742126464844,-1.3679313659667969,0.8137624263763428,5.6973185539245605,4.353852272033691,-1.343465805053711,0.7845983505249023,5.646051406860352,4.289390563964844,-1.3566607236862185,0.7981036305427551,5.530980110168457,4.178109169006348,-1.3528714179992676
0.8161359429359436,5.661312103271484,4.29088306427002,-1.3704293966293335,0.8114804029464722,5.652566909790039,4.326730728149414,-1.3258357048034668,0.7909656763076782,5.737421035766602,4.408963680267334,-1.3284577131271362,0.7938513159751892,5.874792098999023,4.536231517791748,-1.3385604619979858,0.767657458782196,5.51134729385376,4.236650466918945,-1.2746970653533936,0.8051541447639465,5.685600280761719,4.379375457763672,-1.306224346160889,0.805716872215271,5.54121208190918,4.215794563293457,-1.3254175186157227
0.8145946264266968,5.46891450881958,4.125652313232422,-1.3432623147964478,0.7801234126091003,5.701724529266357,4.336056232452393,-1.3656680583953855,0.7897270321846008,5.65470552444458,4.319747447967529,-1.3349581956863403,0.7772324681282043,5.729423522949219,4.393004417419434,-1.3364193439483645,0.7804170250892639,5.502239227294922,4.176492691040039,-1.325746774673462,0.7760612368583679,5.560190677642822,4.188953876495361,-1.3712366819381714,0.8070217370986938,5.450445652008057,4.114114761352539,-1.3363311290740967
0.829214870929718,5.649363994598389,4.320849418640137,-1.3285151720046997,0.8144563436508179,5.454463481903076,4.086805820465088,-1.3676581382751465,0.8134708404541016,5.552281856536865,4.206360816955566,-1.3459208011627195,0.8261521458625793,5.671813488006592,4.359045028686523,-1.3127682209014893,0.7883302569389343,5.646158695220947,4.316140174865723,-1.330018401145935,0.7877175807952881,5.520635604858398,4.241230010986328,-1.279405951499939,0.8313499689102173,5.514031887054443,4.144998550415039,-1.3690334558486938
0.800274670124054,5.754336357116699,4.439517021179199,-1.3148194551467896,0.7655920386314392,5.800708770751953,4.498171806335449,-1.3025368452072144,0.7817848920822144,5.729466915130615,4.438003540039063,-1.2914631366729736,0.7724253535270691,5.753981590270996,4.463972568511963,-1.290008306503296,0.793971836566925,5.851018905639648,4.530090808868408,-1.3209283351898191,0.7844579219818115,5.684230804443359,4.393648147583008,-1.290582537651062,0.8058598041534424,5.743960857391357,4.443933486938477,-1.3000268936157227
0.7987876534461975,5.720818042755127,4.407912731170654,-1.3129053115844729,0.7876260876655579,5.923200130462647,4.595592975616455,-1.3276071548461914,0.8168456554412842,5.614363193511963,4.252321243286133,-1.3620425462722778,0.8007392287254333,5.700320720672607,4.402424812316895,-1.2978962659835815,0.7935315370559692,5.7167582511901855,4.375764846801758,-1.3409932851791382,0.7885627150535583,5.607080936431885,4.274783134460449,-1.3322980403900146,0.818152666091919,5.617599010467529,4.284682750701904,-1.3329155445098877
0.8216720819473267,5.666380882263184,4.332184314727783,-1.3341965675354004,0.8019517064094543,5.672564506530762,4.328272819519043,-1.3442915678024292,0.7833577394485474,5.767968654632568,4.405758857727051,-1.3622097969055176,0.7788662314414978,5.682973384857178,4.325139045715332,-1.3578343391418457,0.8023070693016052,5.4832634925842285,4.150295734405518,-1.3329675197601318,0.775251567363739,5.490638256072998,4.152399063110352,-1.3382391929626465,0.8154118657112122,5.683759689331055,4.312688827514648,-1.3710707426071167
0.80964195728302,5.623152732849121,4.26801347732544,-1.355138897895813,0.8003454804420471,5.665245532989502,4.370891094207764,-1.294354796409607,0.8176807761192322,5.584352016448975,4.2536821365356445,-1.3306699991226196,0.8208680152893066,5.597148418426514,4.278622150421143,-1.318526268005371,0.810058057308197,5.6837568283081055,4.344608306884766,-1.3391481637954712,0.7757923007011414,5.680559158325195,4.351807117462158,-1.3287521600723269,0.8143149614334106,5.640771389007568,4.317683696746826,-1.3230876922607422
0.8407801389694214,5.641444206237793,4.330920219421387,-1.3105238676071167,0.8127751350402832,5.751155853271484,4.376386642456055,-1.3747689723968506,0.8130719065666199,5.7543792724609375,4.410922527313232,-1.3434574604034424,0.8311896920204163,5.621467590332031,4.2736592292785645,-1.347808003425598,0.7854520082473755,5.914514064788818,4.557166576385498,-1.35734760761261,0.7978358268737793,5.707731246948242,4.359205722808838,-1.3485254049301147,0.8325645327568054,5.825098037719727,4.486517906188965,-1.338579773902893
0.8206728100776672,5.651357173919678,4.331445217132568,-1.3199117183685305,0.7843369841575623,5.745798587799072,4.457798957824707,-1.2879992723464966,0.7659488320350647,5.857993125915527,4.544816017150879,-1.3131768703460691,0.7997680902481079,5.7317423820495605,4.407838344573975,-1.3239037990570068,0.7746603488922119,5.611078262329102,4.322174549102783,-1.2889034748077393,0.8264228701591492,5.73302698135376,4.43825626373291,-1.2947709560394287,0.8247550129890442,5.434169769287109,4.172061920166016,-1.2621077299118042
0.7883004546165466,5.595208644866943,4.297507286071777,-1.2977015972137451,0.7838824391365051,5.677631855010986,4.382162570953369,-1.295469880104065,0.7720956802368164,5.436162948608398,4.132090091705322,-1.304072618484497,0.78352952003479,5.58884334564209,4.262639045715332,-1.3262039422988892,0.805999219417572,5.742367744445801,4.4433369636535645,-1.2990304231643677,0.7836856842041016,5.388971328735352,4.061225414276123,-1.327745795249939,0.8306275606155396,5.727357864379883,4.404451847076416,-1.3229057788848877
0.8260751366615295,5.470076084136963,4.165129661560059,-1.3049460649490356,0.7805825471878052,5.673941612243652,4.342537879943848,-1.331403136253357,0.7645911574363708,5.656923770904541,4.336092948913574,-1.3208305835723877,0.769888699054718,5.674919605255127,4.352273941040039,-1.3226455450057983,0.8160677552223206,5.496903419494629,4.179418563842773,-1.3174848556518557,0.7728977203369141,5.709961891174316,4.404062747955322,-1.3058992624282837,0.8337974548339844,5.723780155181885,4.430344581604004,-1.2934361696243286
0.8231747150421143,5.737573623657227,4.419703483581543,-1.3178703784942627,0.8037064075469971,5.712808132171631,4.390513896942139,-1.3222938776016235,0.7949223518371582,5.615993976593018,4.299944877624512,-1.3160488605499268,0.8103846311569214,5.657966136932373,4.365355968475342,-1.2926100492477417,0.7881066203117371,5.495777130126953,4.191577911376953,-1.30419921875,0.7911352515220642,5.57610559463501,4.2544379234313965,-1.3216676712036133,0.8157135248184204,5.637928009033203,4.320971965789795,-1.3169564008712769
0.7781146764755249,5.6286163330078125,4.296365261077881,-1.3322508335113523,0.7788357138633728,5.588766098022461,4.262838363647461,-1.3259278535842896,0.8092285394668579,5.684494972229004,4.3604912757873535,-1.32400381565094,0.8050609827041626,5.738644123077393,4.426947593688965,-1.311697006225586,0.8130003213882446,5.563366889953613,4.191910266876221,-1.3714563846588137,0.788044273853302,5.5441203117370605,4.222998142242432,-1.3211222887039185,0.8129280209541321,5.5830397605896,4.226004600524902,-1.35703444480896
0.8448662161827087,5.47541093826294,4.176348209381104,-1.2990628480911257,0.803381621837616,5.595911979675293,4.265427589416504,-1.3304846286773682,0.796666145324707,5.7861175537109375,4.45681095123291,-1.3293062448501587,0.8487376570701599,5.810749530792236,4.523282527923584,-1.2874670028686523,0.819718062877655,5.698620319366455,4.374775409698486,-1.3238452672958374,0.7924169898033142,5.5548996925354,4.23828125,-1.3166180849075315,0.8185212016105652,5.642445087432861,4.298098564147949,-1.344346046447754
0.7855753898620605,5.806746959686279,4.447286605834961,-1.3594603538513184,0.8024489879608154,5.875935077667236,4.519062042236328,-1.3568731546401978,0.7638092041015625,5.636251449584961,4.243689060211182,-1.3925625085830688,0.7855720520019531,5.828220844268799,4.452785491943359,-1.3754359483718872,0.7994205951690674,5.696598052978516,4.330282688140869,-1.366315245628357,0.7966160774230957,5.6993489265441895,4.352860927581787,-1.346487522125244,0.8244682550430298,5.778374195098877,4.450758934020996,-1.327614665031433
0.8083716034889221,5.75883150100708,4.433221817016602,-1.325609803199768,0.8047595620155334,5.60964298248291,4.279592037200928,-1.330051064491272,0.7742147445678711,5.677356719970703,4.337634563446045,-1.3397215604782104,0.7761644721031189,5.644002437591553,4.321267604827881,-1.3227349519729614,0.8244325518608093,5.814428806304932,4.487682819366455,-1.3267465829849243,0.771718442440033,5.678499221801758,4.336894512176514,-1.341604709625244,0.816150963306427,5.748665809631348,4.4114227294921875,-1.3372433185577393
0.8194794654846191,5.805139541625977,4.487820148468018,-1.31731915473938,0.7897565364837646,5.820715427398682,4.487029075622559,-1.3336862325668335,0.7915564775466919,5.728115558624268,4.368293285369873,-1.3598228693008425,0.7787701487541199,5.787018299102783,4.479246139526367,-1.3077720403671265,0.7962191700935364,5.681908130645752,4.3451104164123535,-1.3367975950241089,0.7917998433113098,5.723982810974121,4.3898515701293945,-1.334131121635437,0.8073520660400391,5.5578179359436035,4.235777854919434,-1.3220397233963013
0.8199439644813538,5.760277271270752,4.392338752746582,-1.3679388761520386,0.7902119755744934,5.725940704345703,4.386848449707031,-1.3390926122665403,0.7368898391723633,5.443001747131348,4.112831592559815,-1.3301701545715332,0.7704471349716187,5.787721633911133,4.427517890930176,-1.3602033853530884,0.8193906545639038,5.553267955780029,4.227617740631104,-1.3256502151489258,0.8005944490432739,5.571870803833008,4.247533321380615,-1.3243370056152344,0.8083817958831787,5.620466232299805,4.255681991577148,-1.3647840023040771
0.8533965945243835,5.795990467071533,4.492777824401856,-1.3032125234603882,0.7861568331718445,5.619380950927734,4.312153339385986,-1.3072277307510376,0.8276858925819397,5.768582820892334,4.447914123535156,-1.3206686973571775,0.7775151133537292,5.763119220733643,4.445061683654785,-1.3180569410324097,0.8036546111106873,5.5160722732543945,4.196629524230957,-1.3194432258605957,0.8122502565383911,5.696798324584961,4.379179000854492,-1.317619800567627,0.8279045224189758,5.483354568481445,4.16815185546875,-1.315203070640564
0.8306721448898315,5.671762943267822,4.3481926918029785,-1.3235703706741333,0.7970180511474609,5.677553176879883,4.39644193649292,-1.281111717224121,0.7775071859359741,5.618656158447266,4.295211315155029,-1.3234448432922363,0.7978911399841309,5.682387828826904,4.364401817321777,-1.317986011505127,0.7913081049919128,5.691066741943359,4.353145122528076,-1.3379212617874146,0.7631305456161499,5.586151123046875,4.2618560791015625,-1.3242948055267334,0.8076330423355103,5.673805236816406,4.311164855957031,-1.3626405000686646
0.8456985950469971,5.552626132965088,4.178077220916748,-1.3745490312576294,0.7739003896713257,5.800007343292236,4.459960460662842,-1.3400464057922363,0.7888009548187256,5.791240215301514,4.442988872528076,-1.348251461982727,0.78480064868927,5.819839477539063,4.477998733520508,-1.3418409824371338,0.8147071599960327,5.760424137115479,4.406856536865234,-1.3535680770874023,0.7907448410987854,5.622251033782959,4.270080089569092,-1.3521705865859983,0.8260963559150696,5.733425140380859,4.384952545166016,-1.3484725952148438
0.7969849705696106,5.603462219238281,4.260722637176514,-1.342739224433899,0.826254665851593,5.851304054260254,4.500153064727783,-1.351150393486023,0.8235499262809753,5.430576324462891,4.083144664764404,-1.3474316596984863,0.8183889985084534,5.649174213409424,4.305587768554688,-1.3435862064361572,0.7927781343460083,5.702977180480957,4.361390113830566,-1.3415873050689695,0.7772560119628906,5.502225875854492,4.156288146972656,-1.3459380865097046,0.819344162940979,5.714295864105225,4.340509414672852,-1.3737865686416626
0.8276748657226562,5.7565016746521,4.444342136383057,-1.3121594190597534,0.7797088027000427,5.82850456237793,4.538210391998291,-1.290294170379639,0.8071017861366272,5.790818691253662,4.49786376953125,-1.2929545640945437,0.8011682629585266,5.882867336273193,4.584059238433838,-1.2988083362579346,0.762845516204834,5.372633457183838,4.071658134460449,-1.3009755611419678,0.7807705402374268,5.6636738777160645,4.347707748413086,-1.3159661293029783,0.8077804446220398,5.5688676834106445,4.2882399559021,-1.2806274890899658
0.8224272131919861,5.557219982147217,4.276919364929199,-1.280300498008728,0.7922146916389465,5.691863536834717,4.376875400543213,-1.314988374710083,0.7973819375038147,5.635333061218262,4.318814754486084,-1.316518783569336,0.7552196979522705,5.67877721786499,4.392503261566162,-1.286273956298828,0.7709280848503113,5.664238929748535,4.337843418121338,-1.3263956308364868,0.7811617851257324,5.473457336425781,4.197935104370117,-1.2755218744277954,0.8077293634414673,5.499175071716309,4.208644866943359,-1.2905303239822388
0.8322606682777405,5.489532470703125,4.131919860839844,-1.3576122522354126,0.7919764518737793,5.663500308990479,4.317107200622559,-1.34639310836792,0.8121082782745361,5.572577953338623,4.253102779388428,-1.3194748163223269,0.7860796451568604,5.725841522216797,4.385619640350342,-1.340221643447876,0.8224542140960693,5.804007530212402,4.482819080352783,-1.3211888074874878,0.7918278574943542,5.68212890625,4.3552565574646,-1.3268723487854004,0.8213760256767273,5.6305084228515625,4.302738189697266,-1.3277698755264282
0.8285320401191711,5.534657001495361,4.20583963394165,-1.3288171291351318,0.7863590717315674,5.597723007202148,4.306806564331055,-1.2909163236618042,0.7780253291130066,5.556715965270996,4.241286277770996,-1.3154296875,0.788847029209137,5.719587326049805,4.384260654449463,-1.335326910018921,0.7901368141174316,5.7805495262146,4.452523708343506,-1.328025460243225,0.7913364171981812,5.542575359344482,4.2121758460998535,-1.330399513244629,0.8147594928741455,5.407174110412598,4.062551498413086,-1.3446223735809326
0.8135303258895874,5.617137432098389,4.289234161376953,-1.327903151512146,0.8038952350616455,5.683681964874268,4.358279705047607,-1.3254024982452393,0.7797351479530334,5.662026882171631,4.335309982299805,-1.3267172574996948,0.7857218384742737,5.679898262023926,4.379425048828125,-1.3004735708236694,0.769793689250946,5.840787887573242,4.558367729187012,-1.282420039176941,0.8089723587036133,5.466281890869141,4.167807102203369,-1.2984747886657717,0.8116614818572998,5.498317718505859,4.221488952636719,-1.276828408241272
0.8323058485984802,5.671574115753174,4.3301310539245605,-1.3414433002471924,0.8531585335731506,5.583745956420898,4.213078022003174,-1.3706674575805664,0.8078492879867554,5.742799282073975,4.390824794769287,-1.3519744873046875,0.8125396370887756,5.662929534912109,4.316040992736816,-1.346889615058899,0.7939045429229736,5.766615867614746,4.382370948791504,-1.3842451572418213,0.8344069123268127,5.564243793487549,4.15773868560791,-1.406505823135376,0.8544439673423767,5.659405708312988,4.3017683029174805,-1.3576374053955078
0.8171421885490417,5.627640247344971,4.29137659072876,-1.33626389503479,0.7894877195358276,5.614506244659424,4.292412281036377,-1.3220945596694946,0.7821102142333984,5.67002534866333,4.344413757324219,-1.325611233711243,0.7787869572639465,5.675210952758789,4.349472999572754,-1.3257378339767456,0.7957645058631897,5.685389041900635,4.360711097717285,-1.3246781826019287,0.8040958642959595,5.619621753692627,4.254030704498291,-1.3655906915664673,0.8179532885551453,5.508032321929932,4.170566558837891,-1.3374660015106201
0.8352272510528564,5.788221836090088,4.463459014892578,-1.3247628211975098,0.801510751247406,5.61299467086792,4.312739372253418,-1.3002549409866333,0.8002182245254517,5.674064636230469,4.353283405303955,-1.3207815885543823,0.8078309893608093,5.830059051513672,4.533451080322266,-1.2966077327728271,0.8015465140342712,5.51616096496582,4.184821605682373,-1.3313393592834473,0.8232479691505432,5.629557132720947,4.3101301193237305,-1.319427251815796,0.8663918375968933,5.678972244262695,4.353840351104736,-1.3251314163208008
0.8338819742202759,5.666175842285156,4.359576225280762,-1.3065993785858154,0.8038080334663391,5.749736785888672,4.417953968048096,-1.331782579421997,0.839860737323761,5.6996846199035645,4.4072113037109375,-1.292473554611206,0.8160284757614136,5.696215152740479,4.37010669708252,-1.3261085748672483,0.8269841074943542,5.68580961227417,4.3629326820373535,-1.322877049446106,0.7785892486572266,5.742607116699219,4.425753116607666,-1.3168543577194214,0.8344265222549438,5.685936450958252,4.363033771514893,-1.3229025602340698
0.7998277544975281,5.749352931976318,4.431408882141113,-1.3179442882537842,0.8035216927528381,5.814486503601074,4.466291904449463,-1.3481944799423218,0.8268877267837524,5.600945949554443,4.267123222351074,-1.3338226079940796,0.8141221404075623,5.607368469238281,4.285632610321045,-1.3217363357543943,0.8217252492904663,5.81124210357666,4.515353679656982,-1.2958887815475464,0.7951656579971313,5.603338241577148,4.299798965454102,-1.3035390377044678,0.8271811604499817,5.667142391204834,4.335258483886719,-1.3318840265274048
0.8240489959716797,5.741253852844238,4.407236576080322,-1.3340175151824951,0.7605901956558228,5.775749206542969,4.415711879730225,-1.3600374460220337,0.7792438864707947,5.710289001464844,4.377818584442139,-1.3324708938598633,0.7720924615859985,5.666538238525391,4.331132411956787,-1.3354054689407349,0.7802850008010864,5.626821994781494,4.295431137084961,-1.3313907384872437,0.7927781343460083,5.651925563812256,4.3191022872924805,-1.332822561264038,0.8301912546157837,5.758180618286133,4.418051242828369,-1.340129017829895
0.8302505016326904,5.672740936279297,4.311872005462647,-1.3608689308166504,0.7915161848068237,5.807611465454102,4.465554237365723,-1.3420571088790894,0.7723681926727295,5.60695219039917,4.256803512573242,-1.3501489162445068,0.7887995839118958,5.528931617736816,4.234545230865479,-1.294386386871338,0.7853782176971436,5.727016925811768,4.403298377990723,-1.323718786239624,0.7796361446380615,5.532142639160156,4.233797073364258,-1.2983453273773191,0.8264167904853821,5.5157270431518555,4.220444202423096,-1.295283317565918
0.851545512676239,5.565221309661865,4.240715503692627,-1.3245054483413696,0.7867026329040527,5.623695373535156,4.2696967124938965,-1.3539986610412598,0.8199564218521118,5.703357219696045,4.3587164878845215,-1.3446407318115234,0.8424313068389893,5.713965892791748,4.369874000549316,-1.3440920114517212,0.7881736159324646,5.768627643585205,4.441309452056885,-1.3273181915283203,0.8048185110092163,5.610886096954346,4.289011001586914,-1.3218752145767212,0.8552433848381042,5.558842182159424,4.236709117889404,-1.3221330642700195
0.8087332248687744,5.559112548828125,4.239123344421387,-1.31998872756958,0.7952415943145752,5.718724250793457,4.399567127227783,-1.3191571235656738,0.8260555863380432,5.533502101898193,4.208465576171875,-1.3250356912612915,0.7870115041732788,5.739657402038574,4.4473395347595215,-1.2923176288604736,0.7943395376205444,5.822231292724609,4.51607084274292,-1.3061610460281372,0.7931675314903259,5.591724872589111,4.285301208496094,-1.3064234256744385,0.8426191806793213,5.810721397399902,4.495947360992432,-1.3147740364074707
0.8041614294052124,5.633821487426758,4.278741359710693,-1.3550798892974854,0.7993147373199463,5.758023738861084,4.434361934661865,-1.3236621618270874,0.7678446173667908,5.711879253387451,4.3905181884765625,-1.321361422538757,0.7889594435691833,5.669044494628906,4.308801174163818,-1.360243797302246,0.7933745384216309,5.6729583740234375,4.350922107696533,-1.3220363855361938,0.7944837212562561,5.618711948394775,4.287471771240234,-1.3312405347824097,0.7985044717788696,5.697691440582275,4.369121551513672,-1.3285701274871826
0.8309522867202759,5.593522548675537,4.25086784362793,-1.342655062675476,0.8131684064865112,5.72898530960083,4.369990348815918,-1.3589954376220703,0.7688965201377869,5.561225891113281,4.216797351837158,-1.344428539276123,0.7678504586219788,5.738864421844482,4.407863616943359,-1.331000804901123,0.8221248984336853,5.605238437652588,4.245473384857178,-1.3597652912139893,0.7892572283744812,5.57260799407959,4.241482734680176,-1.3311251401901243,0.82497239112854,5.622530460357666,4.295198440551758,-1.3273321390151978
0.8123539090156555,5.676102161407471,4.34578800201416,-1.3303141593933103,0.8081531524658203,5.758898735046387,4.432763576507568,-1.3261356353759766,0.7948319911956787,5.495154857635498,4.179201126098633,-1.315954089164734,0.8019148111343384,5.752731800079346,4.455222606658936,-1.297508955001831,0.7988223433494568,5.709308624267578,4.3857831954956055,-1.3235249519348145,0.827019989490509,5.617856025695801,4.332528591156006,-1.2853273153305054,0.8310457468032837,5.4750285148620605,4.179166793823242,-1.2958612442016602
0.8444550037384033,5.602348327636719,4.229450702667236,-1.3728976249694824,0.7992635369300842,5.380092144012451,4.037274360656738,-1.3428175449371338,0.7797142267227173,5.567615032196045,4.197633743286133,-1.3699814081192017,0.8045492768287659,5.626821994781494,4.261675357818604,-1.3651463985443115,0.7858379483222961,5.649984836578369,4.274194717407227,-1.3757895231246948,0.7992987036705017,5.704322814941406,4.35191011428833,-1.3524123430252075,0.81788569688797,5.485628128051758,4.149332523345947,-1.3362957239151
0.7964773774147034,5.628772735595703,4.310275554656982,-1.3184971809387207,0.7777774930000305,5.8349127769470215,4.516402244567871,-1.3185110092163086,0.8188542723655701,5.8169941902160645,4.477834701538086,-1.339159607887268,0.7885174751281738,5.860888481140137,4.560570240020752,-1.3003182411193848,0.7924845218658447,5.6053147315979,4.255520820617676,-1.3497943878173828,0.7874279618263245,5.387713432312012,4.081651210784912,-1.30606210231781,0.8002033829689026,5.655091762542725,4.357579708099365,-1.2975116968154907
0.8247028589248657,5.543210506439209,4.193429946899414,-1.3497803211212158,0.8106777667999268,5.705702781677246,4.378727912902832,-1.3269752264022827,0.8040079474449158,5.491471767425537,4.154299259185791,-1.3371726274490356,0.8063935041427612,5.649075508117676,4.325733661651611,-1.323341727256775,0.7887110710144043,5.644748687744141,4.306108951568604,-1.338639497756958,0.795791506767273,5.752297878265381,4.386877059936523,-1.3654202222824097,0.8197141289710999,5.563106060028076,4.232555866241455,-1.3305503129959106
0.8030680418014526,5.759023189544678,4.452330112457275,-1.306693434715271,0.776546835899353,5.731411457061768,4.439911365509033,-1.291500210762024,0.8064030408859253,5.773492336273193,4.475492000579834,-1.2980003356933594,0.7829457521438599,5.723004817962647,4.392113208770752,-1.330891251564026,0.7752556204795837,5.677975654602051,4.358846664428711,-1.3191287517547607,0.8132561445236206,5.55838680267334,4.232791900634766,-1.3255949020385742,0.8134426474571228,5.681816577911377,4.398397922515869,-1.2834185361862183
0.8064586520195007,5.549373149871826,4.223754405975342,-1.3256183862686155,0.7851915955543518,5.7853102684021,4.4640045166015625,-1.321305751800537,0.8079231381416321,5.583017349243164,4.288331985473633,-1.2946852445602417,0.8179358243942261,5.70832109451294,4.392904281616211,-1.3154175281524658,0.8473689556121826,5.756659030914307,4.447758674621582,-1.3089004755020142,0.804132878780365,5.623292446136475,4.297890186309815,-1.3254024982452393,0.8345217704772949,5.43285608291626,4.112691879272461,-1.3201639652252197
0.8112668991088867,5.54599666595459,4.187662124633789,-1.3583346605300903,0.7781928181648254,5.829271793365479,4.444072723388672,-1.3851993083953855,0.8259217739105225,5.607346534729004,4.276645660400391,-1.3307009935379028,0.8306652307510376,5.670921325683594,4.348251819610596,-1.322669506072998,0.8208755850791931,5.64056921005249,4.297048568725586,-1.343521237373352,0.7859224677085876,5.63460636138916,4.304064750671387,-1.330541491508484,0.7986804246902466,5.669676303863525,4.340770244598389,-1.3289058208465576
0.8056677579879761,5.562789916992188,4.245790481567383,-1.316999912261963,0.7710681557655334,6.011666774749756,4.675522327423096,-1.3361444473266602,0.7799687385559082,5.76510763168335,4.405261039733887,-1.359846115112305,0.7657536268234253,5.837398529052734,4.5069098472595215,-1.3304884433746338,0.7727625966072083,5.853395938873291,4.525027751922607,-1.3283681869506836,0.7980844378471375,5.81579065322876,4.491541862487793,-1.3242485523223877,0.8221487402915955,5.565082550048828,4.2708821296691895,-1.2942005395889282
0.8261871933937073,5.516761779785156,4.143287658691406,-1.37347412109375,0.7887004613876343,5.591578483581543,4.272674083709717,-1.3189042806625366,0.8185811042785645,5.592634677886963,4.244607925415039,-1.348026990890503,0.8230043649673462,5.544856548309326,4.212751865386963,-1.3321045637130735,0.849423348903656,5.764153480529785,4.436106204986572,-1.3280476331710815,0.7757667899131775,5.740806579589844,4.431547164916992,-1.309259057044983,0.7993409037590027,5.539031982421875,4.2168779373168945,-1.32215416431427
0.8154165744781494,5.783723831176758,4.447054386138916,-1.3366694450378418,0.7912545204162598,5.5848388671875,4.299748420715332,-1.285090446472168,0.7702829241752625,5.500893592834473,4.176260471343994,-1.32463276386261,0.7763271927833557,5.635266304016113,4.307923316955566,-1.3273427486419678,0.7561929225921631,5.789113998413086,4.464282512664795,-1.3248320817947388,0.8068524599075317,5.607734203338623,4.286385536193848,-1.3213489055633545,0.8097003102302551,5.502486705780029,4.210586071014404,-1.291900873184204
0.8330994248390198,5.608412265777588,4.30516529083252,-1.3032472133636477,0.8067716956138611,5.7714385986328125,4.483778953552246,-1.2876598834991455,0.8114429116249084,5.441080093383789,4.114697456359863,-1.3263829946517944,0.8218486309051514,5.626714706420898,4.310928821563721,-1.3157862424850464,0.8019885420799255,5.838365077972412,4.536149024963379,-1.3022156953811646,0.8055121898651123,5.592715740203857,4.270516872406006,-1.3221988677978516,0.8062170147895813,5.262608528137207,3.959991216659546,-1.3026171922683716
0.7926127314567566,5.536770820617676,4.23626184463501,-1.3005092144012451,0.8174381852149963,5.793715953826904,4.472945690155029,-1.3207703828811646,0.7970102429389954,5.734893321990967,4.415544509887695,-1.3193485736846924,0.7908263802528381,5.904791831970215,4.581811428070068,-1.3229804039001465,0.7915526628494263,5.499088287353516,4.174550533294678,-1.3245373964309692,0.7890538573265076,5.532853126525879,4.209418773651123,-1.3234347105026243,0.8311442136764526,5.524702548980713,4.236218452453613,-1.2884833812713623
0.82353675365448,5.563745975494385,4.266442775726318,-1.2973030805587769,0.7665445804595947,5.576985359191895,4.254436016082764,-1.3225489854812622,0.7909719944000244,5.7558135986328125,4.453723907470703,-1.3020901679992676,0.7781982421875,5.7999186515808105,4.480026721954346,-1.3198920488357544,0.7827509045600891,5.569769382476807,4.267244815826416,-1.3025248050689695,0.7855398654937744,5.750347137451172,4.437644481658936,-1.3127026557922363,0.8250241279602051,5.6075758934021,4.333828926086426,-1.2737473249435425
0.7961429953575134,5.639632701873779,4.326445579528809,-1.3131871223449707,0.7717792987823486,5.652557373046875,4.328032493591309,-1.3245246410369873,0.7788199186325073,5.425295352935791,4.108983516693115,-1.3163120746612549,0.7866661548614502,5.579527854919434,4.261990070343018,-1.3175371885299685,0.7807397842407227,5.538469314575195,4.225452423095703,-1.3130167722702026,0.7831883430480957,5.467288017272949,4.144454002380371,-1.3228336572647097,0.84166020154953,5.592398166656494,4.27342414855957,-1.3189737796783447
0.8199923634529114,5.736686706542969,4.397424221038818,-1.3392623662948608,0.8222790360450745,5.556782245635986,4.204896450042725,-1.35188627243042,0.7903181314468384,5.610968589782715,4.262533187866211,-1.3484351634979248,0.8218821287155151,5.694926738739014,4.351111888885498,-1.3438149690628052,0.8221921920776367,5.580430030822754,4.2537102699279785,-1.3267192840576172,0.7895458936691284,5.620464324951172,4.292929172515869,-1.3275349140167236,0.8210768103599548,5.600613117218018,4.254600524902344,-1.3460127115249634
0.8398464322090149,5.460931777954102,4.131986141204834,-1.3289451599121094,0.7926790118217468,5.779394149780273,4.451632499694824,-1.3277617692947388,0.7855161428451538,5.559502124786377,4.2187113761901855,-1.3407902717590332,0.7812895178794861,5.65669059753418,4.327555179595947,-1.329135775566101,0.810630202293396,5.718438148498535,4.368598461151123,-1.3498399257659912,0.8106911778450012,5.80924654006958,4.5099406242370605,-1.2993061542510986,0.8229750394821167,5.677469253540039,4.353371620178223,-1.3240975141525269
0.8166210055351257,5.520620346069336,4.191599369049072,-1.329020380973816,0.7756938338279724,5.69996976852417,4.366499423980713,-1.3334704637527466,0.7717181444168091,5.699354648590088,4.371157646179199,-1.3281971216201782,0.7643961310386658,5.713757991790772,4.3801774978637695,-1.3335801362991333,0.7815096378326416,5.621554374694824,4.285105228424072,-1.336449384689331,0.7961627244949341,5.76381254196167,4.4307541847229,-1.33305823802948,0.8267638087272644,5.511735439300537,4.181207180023193,-1.3305284976959229
0.8408966660499573,5.60127067565918,4.287399291992188,-1.313870906829834,0.7947879433631897,5.720941543579102,4.413653373718262,-1.3072881698608398,0.786483883857727,5.475167751312256,4.160416126251221,-1.314751148223877,0.7559943795204163,5.558484077453613,4.240559577941895,-1.317924976348877,0.8081958889961243,5.7797932624816895,4.458362102508545,-1.3214311599731443,0.7879365682601929,5.646970272064209,4.376609802246094,-1.2703605890274048,0.8130872249603271,5.535898685455322,4.225157260894775,-1.3107411861419678
0.8334198594093323,5.909635543823242,4.583443641662598,-1.326191782951355,0.7880690097808838,5.694423198699951,4.367855072021484,-1.3265681266784668,0.7890416383743286,5.620838165283203,4.288888454437256,-1.3319494724273682,0.8209076523780823,5.7368011474609375,4.390332221984863,-1.3464689254760742,0.801732063293457,5.586005687713623,4.266808986663818,-1.3191969394683838,0.8064404129981995,5.644824981689453,4.354784965515137,-1.2900402545928955,0.7960768342018127,5.552297592163086,4.230061054229736,-1.3222362995147705
0.8023697733879089,5.474503993988037,4.101842403411865,-1.3726617097854614,0.8089397549629211,5.54308032989502,4.162127494812012,-1.3809525966644287,0.7754679322242737,5.799422264099121,4.462553024291992,-1.3368691205978394,0.7846628427505493,5.743166923522949,4.384314060211182,-1.3588532209396362,0.7753108143806458,5.793948650360107,4.45574951171875,-1.338199019432068,0.7570701837539673,5.538774490356445,4.181159019470215,-1.3576151132583618,0.7889862060546875,5.506588935852051,4.181188583374023,-1.3254001140594482
0.8210826516151428,5.599265575408936,4.2598981857299805,-1.3393675088882446,0.7843422293663025,5.6846418380737305,4.358425140380859,-1.3262163400650024,0.7942125797271729,5.6903910636901855,4.370669364929199,-1.3197219371795654,0.8056313395500183,5.656057357788086,4.371081829071045,-1.2849762439727783,0.7765648365020752,5.471057891845703,4.149539470672607,-1.321517825126648,0.8404664993286133,5.461089611053467,4.1411309242248535,-1.3199586868286133,0.8337785005569458,5.637042045593262,4.3513569831848145,-1.285684585571289
0.7909682393074036,5.749063014984131,4.451852798461914,-1.2972100973129272,0.8024502396583557,5.658308506011963,4.341583728790283,-1.3167243003845217,0.7942041754722595,5.687262535095215,4.360774517059326,-1.3264878988265991,0.8030104041099548,5.802886962890625,4.477946758270264,-1.3249400854110718,0.8006159663200378,5.496342182159424,4.178579330444336,-1.317763090133667,0.7923902273178101,5.50788688659668,4.226661682128906,-1.2812252044677734,0.8097976446151733,5.561601161956787,4.24680233001709,-1.3147995471954346
0.7996419668197632,5.804904937744141,4.442281246185303,-1.3626229763031006,0.7816478610038757,5.63775110244751,4.302371025085449,-1.335379958152771,0.8028993010520935,5.592000484466553,4.245019912719727,-1.3469802141189575,0.7985037565231323,5.7993669509887695,4.422611713409424,-1.3767549991607666,0.797284722328186,5.518302917480469,4.138186454772949,-1.3801168203353882,0.7899490594863892,5.426654815673828,4.0841217041015625,-1.342532992362976,0.7936502695083618,5.489515781402588,4.125513076782227,-1.3640029430389404
0.8287185430526733,5.682431221008301,4.365434646606445,-1.3169963359832764,0.7914881110191345,5.716946601867676,4.4152512550354,-1.3016949892044067,0.802654504776001,5.556995391845703,4.236499786376953,-1.32049560546875,0.791576087474823,5.582181930541992,4.272866725921631,-1.3093147277832031,0.7705593109130859,5.453621864318848,4.146013259887695,-1.3076080083847046,0.7956081628799438,5.590804576873779,4.289451122283936,-1.3013538122177124,0.7874394655227661,5.57787561416626,4.2771077156066895,-1.300767421722412
0.816798985004425,5.722348213195801,4.365783214569092,-1.3565653562545776,0.8285342454910278,5.559727668762207,4.180319786071777,-1.3794082403182983,0.80461585521698,5.842935562133789,4.509211540222168,-1.3337243795394895,0.7890546917915344,5.854345321655273,4.514360427856445,-1.3399851322174072,0.7723842859268188,5.629446983337402,4.274689674377441,-1.3547577857971191,0.7649593353271484,5.531970024108887,4.200778961181641,-1.331190824508667,0.808070719242096,5.519406318664551,4.16711950302124,-1.3522868156433105
0.8090707063674927,5.794322967529297,4.444252967834473,-1.3500701189041138,0.810441792011261,5.595832824707031,4.27354907989502,-1.322283387184143,0.7938480377197266,5.819309711456299,4.4850358963012695,-1.3342736959457395,0.7945438027381897,5.8070831298828125,4.483466625213623,-1.3236172199249268,0.7690544724464417,5.697651386260986,4.352513790130615,-1.345137596130371,0.803255558013916,5.52892541885376,4.224390983581543,-1.3045343160629272,0.8143801093101501,5.565342426300049,4.241866111755371,-1.3234763145446777
0.7930849194526672,5.593748569488525,4.298594951629639,-1.2951534986495972,0.7841495871543884,5.793603897094727,4.468254566192627,-1.3253495693206787,0.7933704257011414,5.69342041015625,4.363583564758301,-1.3298368453979492,0.7769030332565308,5.8558125495910645,4.523143768310547,-1.332668662071228,0.8233436942100525,5.617721557617188,4.262121677398682,-1.3556002378463743,0.7776517271995544,5.56260347366333,4.229781150817871,-1.3328222036361694,0.8078488707542419,5.64960241317749,4.334619045257568,-1.3149833679199219
0.7878146767616272,5.596193313598633,4.270328044891357,-1.325865387916565,0.778268575668335,5.831082820892334,4.496218204498291,-1.3348650932312012,0.7997753024101257,5.774876594543457,4.426738739013672,-1.3481378555297852,0.7962749600410461,5.75043535232544,4.3922553062438965,-1.3581796884536743,0.807620644569397,5.799083709716797,4.468296051025391,-1.3307877779006958,0.7691388726234436,5.602420806884766,4.3177103996276855,-1.2847105264663696,0.8070315718650818,5.46680212020874,4.127365589141846,-1.3394372463226318
0.8018072247505188,5.703799724578857,4.420833587646484,-1.2829655408859253,0.7891777157783508,5.7349395751953125,4.451445579528809,-1.283494234085083,0.8003678321838379,5.470718383789063,4.1610941886901855,-1.3096243143081665,0.7702832221984863,5.6095967292785645,4.300947666168213,-1.3086494207382202,0.779829740524292,5.774391174316406,4.4562153816223145,-1.318176031112671,0.7635761499404907,5.741755485534668,4.431392192840576,-1.3103628158569336,0.801618754863739,5.765598773956299,4.469918727874756,-1.295680046081543
0.8085772395133972,5.499083042144775,4.198390960693359,-1.3006922006607056,0.7892539501190186,5.66576623916626,4.332546234130859,-1.3332204818725586,0.7935388088226318,5.632275581359863,4.3417744636535645,-1.2905008792877195,0.8106139302253723,5.779342174530029,4.464874267578125,-1.3144677877426147,0.7869028449058533,5.654592037200928,4.33504056930542,-1.3195518255233765,0.7695295214653015,5.484405517578125,4.148050308227539,-1.3363550901412964,0.8310005068778992,5.700143337249756,4.380514144897461,-1.3196297883987427
0.8336879014968872,5.538506984710693,4.203330993652344,-1.3351761102676392,0.8235754370689392,5.64308500289917,4.306475162506104,-1.3366093635559082,0.8183627724647522,5.611560821533203,4.24668025970459,-1.3648804426193235,0.7969149947166443,5.529253959655762,4.196125507354736,-1.3331283330917358,0.8257444500923157,5.644108772277832,4.271033763885498,-1.3730747699737549,0.7843602299690247,5.6651611328125,4.337928295135498,-1.327233076095581,0.8202267289161682,5.638963222503662,4.301512718200684,-1.3374511003494263
0.8106645941734314,5.489302635192871,4.165773391723633,-1.3235292434692385,0.7776674032211304,5.875374794006348,4.564020156860352,-1.3113551139831543,0.7942502498626709,5.42317533493042,4.11130952835083,-1.3118659257888794,0.824328601360321,5.475018501281738,4.151930809020996,-1.3230881690979004,0.8491225242614746,5.690970420837402,4.380174160003662,-1.310796141624451,0.8067905902862549,5.462839603424072,4.154949188232422,-1.307891011238098,0.8430810570716858,5.538083553314209,4.25777006149292,-1.2803137302398682
0.8420279026031494,5.413415431976318,4.049649715423584,-1.3637654781341553,0.7906137108802795,5.717775344848633,4.407941818237305,-1.3098337650299072,0.7826588153839111,5.596208572387695,4.29438591003418,-1.3018231391906738,0.7796143293380737,5.624026775360107,4.29990816116333,-1.3241188526153564,0.80414879322052,5.664516448974609,4.313891410827637,-1.350624680519104,0.7903026938438416,5.589408874511719,4.30120849609375,-1.2882001399993896,0.8248625993728638,5.763420581817627,4.406999588012695,-1.3564209938049316
0.8068854808807373,5.819143295288086,4.441295146942139,-1.377848744392395,0.82941073179245,5.7284321784973145,4.382613182067871,-1.3458186388015747,0.7651278376579285,5.761113166809082,4.420956134796143,-1.3401572704315186,0.7735685110092163,5.850371360778809,4.481147766113281,-1.3692235946655271,0.794309675693512,5.777856349945068,4.404680252075195,-1.373176097869873,0.798215389251709,5.742545127868652,4.409200668334961,-1.33334481716156,0.8055334687232971,5.611179828643799,4.276901721954346,-1.3342777490615845
0.8034414052963257,5.756710052490234,4.397382736206055,-1.359326958656311,0.7950128316879272,5.779892921447754,4.441779613494873,-1.338113784790039,0.832423210144043,5.418634414672852,4.056454181671143,-1.36217999458313,0.7925699353218079,5.632249355316162,4.279293060302734,-1.3529564142227173,0.7956384420394897,5.561429977416992,4.196432113647461,-1.3649978637695312,0.7833728790283203,5.567547798156738,4.198997497558594,-1.3685503005981443,0.8162291646003723,5.7060370445251465,4.368959903717041,-1.3370771408081055
0.8023849725723267,5.642545223236084,4.311556339263916,-1.3309886455535889,0.7887082099914551,5.692046165466309,4.3527140617370605,-1.3393316268920898,0.8033828735351562,5.614952564239502,4.273957252502441,-1.3409957885742188,0.8335703015327454,5.727055072784424,4.391204357147217,-1.3358513116836548,0.8150498270988464,5.6341423988342285,4.282948970794678,-1.3511935472488403,0.809020459651947,5.631739616394043,4.267124652862549,-1.364614725112915,0.8275456428527832,5.5206756591796875,4.146864891052246,-1.3738113641738892
0.8198127746582031,5.78618860244751,4.451609134674072,-1.3345791101455688,0.8023642301559448,5.681696891784668,4.353001594543457,-1.3286954164505005,0.7891291379928589,5.563577175140381,4.200217247009277,-1.363360047340393,0.8296588063240051,5.614945888519287,4.243740081787109,-1.3712059259414673,0.8323256969451904,5.685366630554199,4.347264289855957,-1.3381022214889526,0.7856325507164001,5.843226432800293,4.5087971687316895,-1.3344292640686035,0.8122822642326355,5.5968523025512695,4.249124526977539,-1.3477277755737305
0.8110847473144531,5.574436664581299,4.229345321655273,-1.3450915813446045,0.7870068550109863,5.6404547691345215,4.299407482147217,-1.3410470485687256,0.7978790998458862,5.731834411621094,4.391520023345947,-1.3403143882751465,0.7675719261169434,5.779562950134277,4.443874359130859,-1.335688233375549,0.786709725856781,5.775102138519287,4.404913902282715,-1.3701878786087036,0.7633439302444458,5.486942291259766,4.14797830581665,-1.338964343070984,0.8366984128952026,5.846452236175537,4.508141040802002,-1.3383113145828247
0.8278359770774841,5.590909004211426,4.274680614471436,-1.316227912902832,0.8081002235412598,5.7735514640808105,4.449869632720947,-1.3236818313598633,0.8032594323158264,5.57477617263794,4.255741596221924,-1.319034218788147,0.7903115153312683,5.503335475921631,4.211928367614746,-1.2914068698883057,0.774375855922699,5.545039653778076,4.2372918128967285,-1.3077479600906372,0.7846438884735107,5.847293853759766,4.533779144287109,-1.3135145902633667,0.8060728907585144,5.5430803298950195,4.222516059875488,-1.3205641508102417
0.8058428168296814,5.707503795623779,4.383779048919678,-1.3237245082855225,0.7692278027534485,5.776524066925049,4.4578962326049805,-1.3186275959014893,0.7873023152351379,5.7071852684021,4.340746879577637,-1.366438627243042,0.8021018505096436,5.673035144805908,4.354478359222412,-1.3185571432113647,0.7697483897209167,5.830332279205322,4.515315532684326,-1.3150163888931274,0.810965359210968,5.646915435791016,4.315352916717529,-1.3315621614456177,0.8039608001708984,5.5617523193359375,4.226873874664307,-1.3348779678344727
0.816317081451416,5.5344557762146,4.232465744018555,-1.3019899129867554,0.8132747411727905,5.708105564117432,4.384101390838623,-1.3240036964416504,0.795645534992218,5.4707794189453125,4.139977931976318,-1.3308016061782837,0.8214605450630188,5.6566338539123535,4.33140754699707,-1.3252265453338623,0.8126259446144104,5.581849098205566,4.219794750213623,-1.3620543479919434,0.7822645902633667,5.550183296203613,4.219860553741455,-1.3303229808807373,0.8499084115028381,5.5031867027282715,4.154901504516602,-1.3482848405838013
0.8088048100471497,5.686524391174316,4.358942985534668,-1.3275822401046753,0.7699008584022522,5.672935485839844,4.3441081047058105,-1.3288272619247437,0.7834323048591614,5.62257719039917,4.318309783935547,-1.3042665719985962,0.7703286409378052,5.695405006408691,4.3663177490234375,-1.3290868997573853,0.766776978969574,5.379225730895996,4.054140567779541,-1.3250850439071655,0.7894818782806396,5.438531875610352,4.120327949523926,-1.3182039260864258,0.812714159488678,5.4752888679504395,4.146379470825195,-1.3289095163345337
0.8414282202720642,5.685574054718018,4.323775768280029,-1.3617980480194092,0.788232147693634,5.7420654296875,4.424875259399414,-1.3171900510787964,0.7885271906852722,5.56916093826294,4.274179458618164,-1.2949812412261963,0.7890682816505432,5.654688835144043,4.318376541137695,-1.336312174797058,0.7843452095985413,5.651331901550293,4.329486846923828,-1.3218454122543335,0.8069285154342651,5.567730903625488,4.248655319213867,-1.3190759420394895,0.7884434461593628,5.487226486206055,4.16265344619751,-1.3245733976364136
0.8265136480331421,5.630041122436523,4.315872669219971,-1.314168930053711,0.7933104038238525,5.644378185272217,4.326454162597656,-1.3179242610931396,0.8122337460517883,5.647120952606201,4.3608479499816895,-1.2862732410430908,0.7705225348472595,5.708571434020996,4.3907551765441895,-1.3178167343139648,0.807701587677002,5.765182018280029,4.451369285583496,-1.3138129711151123,0.8117251992225647,5.610772132873535,4.295182228088379,-1.3155903816223145,0.7991671562194824,5.603001594543457,4.253570556640625,-1.3494311571121216
0.8059753775596619,5.544780254364014,4.242502212524414,-1.3022780418395996,0.7719952464103699,5.713181495666504,4.380270004272461,-1.3329113721847534,0.7936046123504639,5.620517730712891,4.323646068572998,-1.2968722581863403,0.8111172914505005,5.731122970581055,4.425293445587158,-1.305829405784607,0.8111598491668701,5.660993576049805,4.341124057769775,-1.3198691606521606,0.8009233474731445,5.416382312774658,4.108658313751221,-1.3077239990234375,0.7935752868652344,5.5480780601501465,4.230299472808838,-1.3177791833877563
0.8357334733009338,5.741857528686523,4.422666072845459,-1.3191914558410645,0.8017305135726929,5.636786460876465,4.296152591705322,-1.340633988380432,0.8000372648239136,5.510270118713379,4.179200172424316,-1.331069827079773,0.8094497323036194,5.560423851013184,4.234508514404297,-1.3259150981903076,0.7888116240501404,5.526224613189697,4.233015537261963,-1.2932090759277344,0.8095651268959045,5.756464004516602,4.467311859130859,-1.2891522645950315,0.8171355128288269,5.709778785705566,4.397975921630859,-1.311802625656128
0.7958975434303284,5.675294399261475,4.363239765167236,-1.3120546340942385,0.7731025218963623,5.826873302459717,4.509756565093994,-1.317116618156433,0.7947341203689575,5.635154724121094,4.31442928314209,-1.3207252025604248,0.8006433248519897,5.613489627838135,4.29461145401001,-1.318877935409546,0.7830199003219604,5.370253562927246,4.0783562660217285,-1.291897177696228,0.7844314575195312,5.575112819671631,4.260982513427734,-1.3141299486160278,0.8247607946395874,5.66300630569458,4.317662715911865,-1.3453434705734253
0.8103110790252686,5.815874576568604,4.478196144104004,-1.33767831325531,0.7862867712974548,5.600578784942627,4.26993989944458,-1.330638408660889,0.8050442934036255,5.722931385040283,4.392817974090576,-1.330113410949707,0.7937355041503906,5.7950592041015625,4.4666829109191895,-1.328376054763794,0.8044663071632385,5.685739517211914,4.347004890441895,-1.338734149932861,0.8242295384407043,5.6064133644104,4.291187763214111,-1.3152257204055786,0.8715331554412842,5.589336395263672,4.266051292419434,-1.3232852220535278
0.8329846858978271,5.635334491729736,4.318029880523682,-1.3173048496246338,0.8004080057144165,5.743127346038818,4.399036884307861,-1.344090461730957,0.8195122480392456,5.760783672332764,4.429656028747559,-1.3311278820037842,0.7933568358421326,5.755572319030762,4.4291090965271,-1.326462984085083,0.7849570512771606,5.651293277740479,4.316854476928711,-1.3344389200210571,0.787708580493927,5.841457843780518,4.528878211975098,-1.3125797510147097,0.8218860030174255,5.663584232330322,4.339885711669922,-1.3236984014511108
0.817827582359314,5.613873481750488,4.291061401367188,-1.3228121995925903,0.8145384788513184,5.600030899047852,4.275514602661133,-1.3245162963867188,0.7761142253875732,5.488326072692871,4.131452560424805,-1.3568737506866455,0.7928574085235596,5.425816059112549,4.09687089920044,-1.3289456367492676,0.8395272493362427,5.656075477600098,4.3299665451049805,-1.3261089324951172,0.8437594771385193,5.744360446929932,4.439673900604248,-1.3046866655349731,0.7977984547615051,5.6966986656188965,4.369283199310303,-1.3274157047271729
0.7872074246406555,5.632415294647217,4.300662517547607,-1.3317525386810305,0.7751176953315735,5.897346496582031,4.531829357147217,-1.3655167818069458,0.7865208983421326,5.704286098480225,4.4151811599731445,-1.2891054153442385,0.7864255309104919,5.799998283386231,4.470430374145508,-1.3295674324035645,0.7787989974021912,5.894976615905762,4.5609049797058105,-1.3340716361999512,0.7882059812545776,5.715162754058838,4.376553535461426,-1.3386090993881226,0.8026831150054932,5.808615207672119,4.4695024490356445,-1.3391121625900269
0.7966951131820679,5.6337761878967285,4.316987037658691,-1.3167893886566162,0.8093526363372803,5.716253757476807,4.390875339508057,-1.3253788948059082,0.783370852470398,5.850020408630371,4.526303291320801,-1.3237173557281494,0.7965667247772217,5.746779918670654,4.42410945892334,-1.322670578956604,0.7944883108139038,5.656244277954102,4.3673624992370605,-1.2888818979263306,0.7747555375099182,5.660370826721191,4.336312294006348,-1.3240591287612915,0.8435498476028442,5.4814958572387695,4.189553260803223,-1.2919422388076782
0.8218108415603638,5.626670837402344,4.248222827911377,-1.3784478902816772,0.7934268712997437,5.827059268951416,4.500434875488281,-1.3266243934631348,0.7851458787918091,5.5339789390563965,4.1979660987854,-1.336012840270996,0.7699887752532959,5.567351818084717,4.241345405578613,-1.3260058164596558,0.7918264269828796,5.425356864929199,4.1001410484313965,-1.3252158164978027,0.7987576127052307,5.6254658699035645,4.287741184234619,-1.337725281715393,0.7997845411300659,5.540089130401611,4.213838577270508,-1.3262499570846558
0.8264276385307312,5.6212477684021,4.292465686798096,-1.3287822008132937,0.8199086785316467,5.837901592254639,4.504255771636963,-1.333646297454834,0.7870416045188904,5.700782299041748,4.353330135345459,-1.347452163696289,0.7798652052879333,5.695606231689453,4.381842136383057,-1.3137640953063965,0.7923433184623718,5.760983467102051,4.44031286239624,-1.3206707239151,0.7994803190231323,5.58210563659668,4.254466533660889,-1.3276392221450806,0.846316933631897,5.4588236808776855,4.147864818572998,-1.3109588623046875
0.8137096166610718,5.562525272369385,4.219198226928711,-1.3433263301849363,0.805483877658844,5.758764743804932,4.410191535949707,-1.3485733270645142,0.7899550199508667,5.833679676055908,4.4665937423706055,-1.3670856952667236,0.7871155738830566,5.7920427322387695,4.431118965148926,-1.360924482345581,0.8248899579048157,5.844790458679199,4.534766674041748,-1.3100236654281616,0.7956926822662354,5.665277481079102,4.322782516479492,-1.3424947261810305,0.8285045027732849,5.589014530181885,4.254610061645508,-1.3344048261642456
0.838100016117096,5.659358501434326,4.370546817779541,-1.288811445236206,0.7791052460670471,5.656927108764648,4.345015525817871,-1.3119115829467771,0.7792956233024597,5.637988567352295,4.330541133880615,-1.3074475526809692,0.7983047366142273,5.739609718322754,4.423226833343506,-1.3163833618164062,0.801838219165802,5.466036319732666,4.165548801422119,-1.3004876375198364,0.7724810838699341,5.741431713104248,4.4404120445251465,-1.301019549369812,0.8454539179801941,5.4782233238220215,4.186994552612305,-1.2912285327911377
0.844342827796936,5.682890892028809,4.356079578399658,-1.3268109560012815,0.7998700141906738,5.533496379852295,4.221215724945068,-1.312280774116516,0.7866506576538086,5.621656894683838,4.320927143096924,-1.300729513168335,0.7935253381729126,5.64472246170044,4.3461527824401855,-1.2985695600509644,0.7801960706710815,5.701905250549316,4.373554229736328,-1.3283511400222778,0.7990103960037231,5.615001678466797,4.277669429779053,-1.337333083152771,0.795157253742218,5.513350009918213,4.190155029296875,-1.323194980621338
0.8518679141998291,5.598727226257324,4.291511058807373,-1.3072162866592407,0.7975069284439087,5.489157199859619,4.163679122924805,-1.3254780769348145,0.7864364385604858,5.654566287994385,4.337505340576172,-1.317061185836792,0.8298326134681702,5.583775043487549,4.276679515838623,-1.3070957660675049,0.7850550413131714,5.437253952026367,4.1175217628479,-1.3197323083877563,0.8266530632972717,5.636209487915039,4.319615364074707,-1.3165943622589111,0.7964048385620117,5.384554386138916,4.07478666305542,-1.309767723083496
0.8356068730354309,5.710910320281982,4.393063068389893,-1.3178471326828003,0.7618772387504578,5.726051330566406,4.406921863555908,-1.3191293478012085,0.7794540524482727,5.772425651550293,4.423070907592773,-1.3493554592132568,0.7929589152336121,5.728257656097412,4.39807653427124,-1.3301808834075928,0.793792724609375,5.819434642791748,4.485453128814697,-1.3339810371398926,0.8388323783874512,5.644347667694092,4.335552215576172,-1.3087950944900513,0.83453768491745,5.59840726852417,4.23607873916626,-1.3623285293579102
0.810836911201477,5.6660871505737305,4.330773830413818,-1.3353134393692017,0.7621534466743469,5.567811965942383,4.215167045593262,-1.352644920349121,0.7773122191429138,5.73539924621582,4.407245635986328,-1.3281537294387815,0.7639572620391846,5.728806018829346,4.397551536560059,-1.331254959106445,0.8054900765419006,5.802257537841797,4.500869274139404,-1.3013875484466553,0.8235278725624084,5.516640186309815,4.192366123199463,-1.3242738246917725,0.8466943502426147,5.448363780975342,4.099122524261475,-1.349240779876709
0.79093998670578,5.598506927490234,4.279266834259033,-1.3192404508590698,0.831873893737793,5.5681233406066895,4.252932071685791,-1.3151912689208984,0.8509029150009155,5.797610282897949,4.514403343200684,-1.283206582069397,0.8225671052932739,5.816628456115723,4.501367092132568,-1.3152613639831543,0.7860563397407532,5.698039531707764,4.368674755096436,-1.3293650150299072,0.8333501815795898,5.57219934463501,4.27854061126709,-1.293659210205078,0.8250503540039062,5.455719947814941,4.134767532348633,-1.3209525346755981
0.8043611645698547,5.458603382110596,4.162063121795654,-1.2965402603149414,0.809479296207428,5.623145580291748,4.2561469078063965,-1.366998553276062,0.8058233261108398,5.702371120452881,4.391772270202637,-1.3105993270874023,0.7777597308158875,5.679587841033936,4.387553215026856,-1.2920342683792114,0.788973331451416,5.516914367675781,4.201454162597656,-1.315459966659546,0.7936223149299622,5.642727375030518,4.323938369750977,-1.3187888860702517,0.8149864077568054,5.637135028839111,4.313342571258545,-1.3237923383712769
0.8244162797927856,5.555901527404785,4.24494743347168,-1.3109543323516846,0.7984020113945007,5.6962738037109375,4.36113166809082,-1.3351421356201172,0.7763867974281311,5.810994625091553,4.509782791137695,-1.3012125492095947,0.7718027830123901,5.783397674560547,4.473932266235352,-1.3094652891159058,0.7747888565063477,5.634593963623047,4.294589996337891,-1.3400036096572876,0.7623282670974731,5.605444431304932,4.241706848144531,-1.3637378215789795,0.825606107711792,5.600766658782959,4.2809739112854,-1.31979238986969
0.8180128931999207,5.75496768951416,4.409156322479248,-1.3458112478256226,0.7999721765518188,5.6418938636779785,4.273429870605469,-1.3684632778167725,0.7996783256530762,5.511493682861328,4.171854019165039,-1.339639663696289,0.7915545701980591,5.709840774536133,4.377933979034424,-1.3319073915481567,0.7906094193458557,5.5200958251953125,4.184117794036865,-1.3359774351119995,0.8085190057754517,5.871951580047607,4.537177085876465,-1.334774374961853,0.8116139769554138,5.566504001617432,4.220790863037109,-1.3457131385803223
0.8059836030006409,5.732016563415527,4.404467105865479,-1.3275498151779177,0.7842979431152344,5.814889430999756,4.481635093688965,-1.3332539796829224,0.7880510091781616,5.580258369445801,4.23467493057251,-1.3455837965011597,0.7721058130264282,5.722502708435059,4.3941569328308105,-1.3283460140228271,0.8145190477371216,5.8473801612854,4.49631929397583,-1.351061224937439,0.8445861339569092,5.653473377227783,4.319870471954346,-1.3336020708084106,0.8285132646560669,5.695596218109131,4.3368730545043945,-1.3587234020233154
0.827678918838501,5.871685981750488,4.565249443054199,-1.306436538696289,0.7993283271789551,5.773935317993164,4.438920021057129,-1.3350154161453247,0.8466177582740784,5.580360412597656,4.248465538024902,-1.331894874572754,0.8405270576477051,5.754745006561279,4.388200283050537,-1.3665449619293213,0.8121476173400879,5.72223424911499,4.408977031707764,-1.313257336616516,0.8203417062759399,5.541786670684815,4.217517852783203,-1.3242686986923218,0.8178479671478271,5.5448317527771,4.196476936340332,-1.348354697227478
0.7987488508224487,5.811158180236816,4.453497409820557,-1.3576607704162598,0.7872822284698486,5.827690124511719,4.480477809906006,-1.3472120761871338,0.7755072116851807,5.592867851257324,4.235411643981934,-1.3574557304382324,0.799766480922699,5.587143898010254,4.228093147277832,-1.3590508699417114,0.7786369323730469,5.62277889251709,4.2797393798828125,-1.3430395126342771,0.7741684317588806,5.679982662200928,4.349371433258057,-1.3306115865707395,0.7915165424346924,5.510727405548096,4.176980018615723,-1.3337472677230835
