rmse_night_1,gpp_mean_1,reco_mean_1,nee_mean_1,rmse_night_2,gpp_mean_2,reco_mean_2,nee_mean_2,rmse_night_3,gpp_mean_3,reco_mean_3,nee_mean_3,rmse_night_4,gpp_mean_4,reco_mean_4,nee_mean_4,rmse_night_5,gpp_mean_5,reco_mean_5,nee_mean_5,rmse_night_6,gpp_mean_6,reco_mean_6,nee_mean_6,rmse_night_7,gpp_mean_7,reco_mean_7,nee_mean_7
1.8060433864593504,4.149345874786377,4.4027099609375,0.2533642053604126,1.7896676063537598,4.226988315582275,4.458028793334961,0.2310407906770706,1.790621638298035,4.194160461425781,4.445596218109131,0.25143563747406,1.790708303451538,4.176530361175537,4.427020072937012,0.2504899203777313,1.7676444053649902,4.228334426879883,4.478599548339844,0.2502655386924743,1.7622313499450684,4.192458152770996,4.459519863128662,0.2670616805553436,1.771949291229248,4.190605163574219,4.442667007446289,0.2520619034767151
1.8236583471298216,4.2174177169799805,4.462812423706055,0.2453949302434921,1.795920968055725,4.251537799835205,4.488643169403076,0.2371051460504531,1.7723419666290283,4.240400314331055,4.479042053222656,0.2386416047811508,1.7959223985671997,4.251516819000244,4.502449989318848,0.2509335279464721,1.8028793334960933,4.243061065673828,4.461637496948242,0.2185768038034439,1.799891471862793,4.2327799797058105,4.489439010620117,0.2566586434841156,1.7877548933029175,4.244105339050293,4.48139762878418,0.2372921109199524
1.8063794374465945,4.196513652801514,4.426548004150391,0.2300344556570053,1.8216716051101685,4.230600833892822,4.475323677062988,0.2447225600481033,1.8010040521621704,4.207708358764648,4.448526382446289,0.2408177554607391,1.8068889379501345,4.201483249664307,4.434646129608154,0.2331628799438476,1.7937719821929932,4.212769985198975,4.454827785491943,0.2420574873685836,1.78182852268219,4.224303245544434,4.472213268280029,0.24791020154953,1.785424828529358,4.271367073059082,4.521310806274414,0.2499435544013977
1.7911393642425537,4.132140159606934,4.383145809173584,0.251005619764328,1.806377410888672,4.131049156188965,4.381439685821533,0.2503907084465027,1.785853147506714,4.127486705780029,4.368516445159912,0.2410296499729156,1.785871148109436,4.117594242095947,4.352452754974365,0.234858438372612,1.7872644662857056,4.126267433166504,4.345128059387207,0.218860387802124,1.7849271297454834,4.199995517730713,4.40477180480957,0.2047764509916305,1.772657036781311,4.16225004196167,4.411553382873535,0.24930334091186523
1.8219228982925413,4.242478370666504,4.493187427520752,0.2507089674472809,1.7871906757354736,4.202310562133789,4.451276779174805,0.2489662319421768,1.811389327049256,4.191565036773682,4.42824125289917,0.2366765737533569,1.797824501991272,4.1962504386901855,4.433824062347412,0.2375736832618713,1.7858161926269531,4.283794403076172,4.53291130065918,0.2491170763969421,1.7879873514175415,4.253249645233154,4.516679286956787,0.2634297311306,1.779600977897644,4.151401996612549,4.401492118835449,0.25009018182754517
1.791286587715149,4.1703200340271,4.421085834503174,0.2507658302783966,1.788935303688049,4.161799430847168,4.40444803237915,0.2426483929157257,1.7776517868041992,4.216419696807861,4.495415210723877,0.2789958417415619,1.7814099788665771,4.210362434387207,4.452239036560059,0.2418766766786575,1.7936031818389893,4.169897556304932,4.4136962890625,0.2437988072633743,1.7839977741241455,4.283509731292725,4.531302452087402,0.2477924972772598,1.7961393594741821,4.250585079193115,4.500826358795166,0.2502407431602478
1.781200647354126,4.112208843231201,4.391478538513184,0.2792701125144958,1.770987629890442,4.213690280914307,4.523445129394531,0.3097540736198425,1.7865805625915527,4.224702835083008,4.509030342102051,0.2843268811702728,1.77473247051239,4.214779376983643,4.492722034454346,0.277942955493927,1.769595742225647,4.232591152191162,4.533839225769043,0.3012479543685913,1.7945973873138428,4.147723197937012,4.436279296875,0.2885565757751465,1.7691863775253296,4.221818923950195,4.5011820793151855,0.27936282753944397
1.8018702268600464,4.154791355133057,4.432004451751709,0.2772125601768493,1.788906216621399,4.167708873748779,4.445219039916992,0.2775099575519562,1.82261860370636,4.1638383865356445,4.4712677001953125,0.3074294626712799,1.7928520441055298,4.174615859985352,4.455079555511475,0.2804634273052215,1.7849891185760498,4.131529808044434,4.414139747619629,0.2826099395751953,1.8177512884140012,4.201184272766113,4.485345363616943,0.2841610610485077,1.812649130821228,4.1792073249816895,4.4808149337768555,0.301607608795166
1.7881611585617063,4.256414413452148,4.527810096740723,0.2713960707187652,1.7808936834335327,4.175801753997803,4.450232028961182,0.2744303047657013,1.780606746673584,4.163990020751953,4.435039520263672,0.271049827337265,1.7848974466323853,4.182579517364502,4.464187145233154,0.2816075682640075,1.783854365348816,4.130711078643799,4.43308162689209,0.3023703694343567,1.7912098169326782,4.182817459106445,4.482514381408691,0.2996971905231476,1.7972840070724487,4.209957599639893,4.478819847106934,0.26886212825775146
1.7908105850219729,4.218622207641602,4.4688262939453125,0.2502039968967438,1.76158344745636,4.229057788848877,4.506696701049805,0.2776383459568023,1.791858196258545,4.234551906585693,4.486279010772705,0.2517267763614654,1.7938449382781982,4.168065547943115,4.43623685836792,0.2681715786457062,1.7597659826278689,4.151483535766602,4.405111789703369,0.2536280453205108,1.7655503749847412,4.244189262390137,4.497913360595703,0.2537239491939544,1.7583647966384888,4.195625305175781,4.453707695007324,0.25808218121528625
1.8436017036437988,4.177765846252441,4.413386344909668,0.2356202155351638,1.813832402229309,4.135040283203125,4.406698703765869,0.2716582417488098,1.7941136360168457,4.211224555969238,4.456557273864746,0.2453323602676391,1.8233238458633425,4.212917804718018,4.459503650665283,0.2465858459472656,1.8016222715377808,4.19818925857544,4.444460868835449,0.2462714463472366,1.8312069177627563,4.221898078918457,4.473790645599365,0.2518925368785858,1.791775107383728,4.22706937789917,4.506007671356201,0.2789384424686432
1.7992064952850342,4.210582733154297,4.4631524085998535,0.2525700032711029,1.796116828918457,4.181727409362793,4.437273025512695,0.2555455267429352,1.7700612545013428,4.200047492980957,4.449463844299316,0.2494166940450668,1.7981846332550049,4.194252967834473,4.439988613128662,0.2457358390092849,1.7624238729476929,4.269106864929199,4.526605129241943,0.2574982941150665,1.773694396018982,4.196273326873779,4.434131622314453,0.2378581911325454,1.7948546409606934,4.19993782043457,4.444185256958008,0.24424731731414795
1.7789565324783323,4.219437599182129,4.4584784507751465,0.2390402406454086,1.786959171295166,4.223456859588623,4.436199188232422,0.2127424776554107,1.7645679712295532,4.208585739135742,4.442613124847412,0.2340276837348938,1.7659941911697388,4.179114818572998,4.410284996032715,0.2311699241399765,1.778102993965149,4.218127727508545,4.436758518218994,0.2186308950185775,1.7856603860855105,4.213749885559082,4.451659202575684,0.2379089444875717,1.7675774097442627,4.2118611335754395,4.453331470489502,0.241470605134964
1.7688281536102295,4.248006343841553,4.519109725952148,0.2711031436920166,1.790959358215332,4.206733703613281,4.476058006286621,0.2693248093128204,1.7652994394302368,4.224576473236084,4.502527236938477,0.2779507637023926,1.7521796226501465,4.216291427612305,4.503381729125977,0.2870905101299286,1.78556489944458,4.287916660308838,4.549717903137207,0.2618009746074676,1.7752469778060913,4.236130237579346,4.497217178344727,0.2610872983932495,1.7646746635437012,4.158977031707764,4.432419776916504,0.27344244718551636
1.8084697723388672,4.1371378898620605,4.417070865631104,0.2799326777458191,1.795409917831421,4.230010986328125,4.491277694702148,0.2612664103507995,1.7895969152450562,4.209927082061768,4.456537246704102,0.2466105073690414,1.8168630599975584,4.187612533569336,4.456649303436279,0.2690364718437195,1.7823916673660278,4.237697124481201,4.518184185028076,0.280487060546875,1.7920843362808228,4.149126052856445,4.415912628173828,0.2667864561080932,1.779287338256836,4.172364234924316,4.434741973876953,0.2623773515224457
1.7792571783065796,4.158257484436035,4.441476345062256,0.2832187116146087,1.7577883005142212,4.196781158447266,4.487306594848633,0.2905257046222687,1.7658900022506714,4.2222900390625,4.528066158294678,0.3057765364646911,1.7713499069213867,4.202762603759766,4.50759220123291,0.3048299849033355,1.7672210931777954,4.184177398681641,4.476724624633789,0.2925473153591156,1.7812877893447876,4.201698303222656,4.49705171585083,0.2953533828258514,1.7828094959259033,4.197612285614014,4.487075328826904,0.2894630432128906
1.7790924310684204,4.138125896453857,4.413572311401367,0.2754460275173187,1.8003751039505005,4.189621448516846,4.4664692878723145,0.2768486738204956,1.7981512546539309,4.167649269104004,4.433410167694092,0.265760987997055,1.7845922708511353,4.202528953552246,4.4676361083984375,0.265107125043869,1.7769962549209597,4.298627853393555,4.563554286956787,0.2649266123771667,1.7684509754180908,4.189833164215088,4.467461109161377,0.2776278555393219,1.7896126508712769,4.269507884979248,4.5277252197265625,0.25821733474731445
1.7777612209320068,4.101111888885498,4.377645969390869,0.2765340805053711,1.778082013130188,4.228978633880615,4.493478298187256,0.2644995748996734,1.7937959432601929,4.229403018951416,4.491556644439697,0.2621541619300842,1.7907520532608032,4.179947376251221,4.449523448944092,0.2695759832859039,1.770416498184204,4.220816612243652,4.492672443389893,0.2718558311462402,1.8024860620498655,4.255123138427734,4.531351566314697,0.2762284576892853,1.78525710105896,4.208181381225586,4.499245643615723,0.2910636067390442
1.7932144403457642,4.1852006912231445,4.460708618164063,0.2755081951618194,1.794536828994751,4.195486545562744,4.450732231140137,0.2552460730075836,1.7806895971298218,4.238331317901611,4.495203018188477,0.2568718791007995,6.675048828125,7.190381050109863,7.3649091720581055,0.1745273172855377,1.7787885665893557,4.311034679412842,4.573409557342529,0.2623750269412994,1.804370760917664,4.22490119934082,4.486433029174805,0.2615319788455963,1.7897614240646362,4.271674633026123,4.525767803192139,0.254093199968338
1.8024400472640991,4.221990585327148,4.500732421875,0.2787415981292724,1.812444806098938,4.210526943206787,4.483616828918457,0.2730900049209595,1.7852964401245115,4.1211018562316895,4.411596298217773,0.2904945909976959,1.7937088012695312,4.122082710266113,4.397879123687744,0.2757964730262756,1.79154634475708,4.146685600280762,4.429531097412109,0.2828455567359924,1.7897722721099854,4.144415855407715,4.416500568389893,0.2720848321914673,1.7893575429916382,4.215066432952881,4.491240501403809,0.27617400884628296
1.8030890226364136,4.241899013519287,4.54049825668335,0.2985992729663849,1.8088197708129885,4.123179912567139,4.397425651550293,0.2742461860179901,1.780443549156189,4.134612560272217,4.435800552368164,0.3011877536773681,1.792143702507019,4.18126392364502,4.46019458770752,0.2789305746555328,1.7710611820220947,4.256206512451172,4.527004241943359,0.2707976400852203,1.7707301378250122,4.210444927215576,4.503746032714844,0.293300986289978,1.7714433670043945,4.149512767791748,4.428183555603027,0.27867045998573303
1.7758265733718872,4.190332412719727,4.4275803565979,0.2372485101222992,1.7779561281204224,4.22295618057251,4.450131893157959,0.2271759659051895,1.7694580554962158,4.302898406982422,4.56235933303833,0.2594611644744873,1.7782514095306396,4.232753753662109,4.481649398803711,0.248895838856697,1.7617816925048828,4.245686531066895,4.481103897094727,0.2354174107313156,1.753695011138916,4.222722053527832,4.442353248596191,0.219631552696228,1.7705745697021484,4.260448455810547,4.517081260681152,0.25663256645202637
1.8086298704147337,4.144014835357666,4.409731864929199,0.2657172381877899,1.80478584766388,4.220484733581543,4.483744144439697,0.2632593214511871,1.8032070398330688,4.267314434051514,4.524322509765625,0.2570075094699859,1.781857132911682,4.227993011474609,4.524410247802734,0.2964168190956116,1.7767002582550049,4.199711322784424,4.458980560302734,0.2592691779136657,1.7969083786010742,4.21776819229126,4.492252826690674,0.274484634399414,1.773149013519287,4.276018142700195,4.540585041046143,0.26456716656684875
1.798122525215149,4.155969142913818,4.395993232727051,0.2400241196155548,1.7777096033096311,4.200078010559082,4.442237854003906,0.2421600818634033,1.7750213146209717,4.213174819946289,4.439632415771484,0.2264578640460968,1.8056483268737795,4.15329122543335,4.377626419067383,0.2243352234363556,1.790441393852234,4.217494964599609,4.45757532119751,0.2400803416967392,1.7790603637695312,4.259247303009033,4.5135345458984375,0.2542875111103058,1.7752130031585693,4.186384201049805,4.418922424316406,0.23253795504570007
1.807515382766724,4.156905174255371,4.421267032623291,0.2643619179725647,1.7774245738983154,4.208567142486572,4.469379901885986,0.260812371969223,1.7752259969711304,4.1986470222473145,4.482746124267578,0.2840994000434875,1.798036813735962,4.290060997009277,4.546695232391357,0.2566338777542114,1.7670660018920898,4.195969581604004,4.437163352966309,0.2411940246820449,1.76569926738739,4.222353935241699,4.48146915435791,0.2591148018836975,1.788798213005066,4.275309085845947,4.554956912994385,0.27964815497398376
1.7762861251831057,4.204955577850342,4.441181659698486,0.2362262159585952,1.8036150932312007,4.16188907623291,4.388986587524414,0.2270973920822143,1.7781379222869873,4.213694095611572,4.459745407104492,0.2460512071847915,1.7751455307006836,4.246542453765869,4.478451728820801,0.231908768415451,1.8077517747879028,4.270360946655273,4.485716819763184,0.2153560221195221,1.7902989387512207,4.200700759887695,4.438276290893555,0.2375757694244384,1.789711356163025,4.243680953979492,4.493145942687988,0.24946455657482147
1.7910356521606443,4.232618808746338,4.476438999176025,0.2438204884529113,1.8422924280166624,4.204370498657227,4.438734531402588,0.2343640029430389,1.7962932586669922,4.2138447761535645,4.43931245803833,0.2254674732685089,1.794886589050293,4.197820663452148,4.399580478668213,0.2017596811056137,1.800278902053833,4.249486923217773,4.47905158996582,0.2295645326375961,1.8092366456985476,4.273384094238281,4.477121353149414,0.203737199306488,1.786327600479126,4.262695789337158,4.49862813949585,0.23593218624591827
1.7885949611663818,4.150740623474121,4.412042617797852,0.261301726102829,1.8054441213607788,4.207878589630127,4.4763360023498535,0.2684568464756012,1.774654746055603,4.113572120666504,4.365075588226318,0.2515033185482025,1.7814310789108276,4.214133739471436,4.478073596954346,0.2639399468898773,1.7682064771652222,4.215527057647705,4.4868035316467285,0.2712763845920563,1.7804956436157229,4.2172136306762695,4.490204334259033,0.2729906439781189,1.797129511833191,4.195456504821777,4.457118511199951,0.2616618573665619
1.7890299558639526,4.20252799987793,4.447524070739746,0.2449963092803955,1.7606847286224363,4.18679666519165,4.446832656860352,0.2600360512733459,1.777609944343567,4.24864673614502,4.508256912231445,0.2596102058887481,1.7666151523590088,4.228229522705078,4.514598369598389,0.2863684594631195,1.776872992515564,4.305293560028076,4.569247722625732,0.2639536559581756,1.7667086124420166,4.228264331817627,4.486471652984619,0.258207231760025,1.7747727632522583,4.256697177886963,4.509375095367432,0.25267764925956726
1.7807295322418213,4.176375389099121,4.448209762573242,0.2718343436717987,1.7728252410888672,4.155078887939453,4.4496660232543945,0.2945869565010071,1.7990524768829346,4.222845554351807,4.504785060882568,0.2819392681121826,1.7818032503128052,4.260608673095703,4.526312828063965,0.2657038867473602,1.7864001989364624,4.22899055480957,4.491590023040772,0.2625989913940429,1.7917695045471191,4.238038063049316,4.503948211669922,0.2659096717834472,1.8051210641860962,4.1674885749816895,4.4418253898620605,0.2743369936943054
1.7824786901474,4.208507061004639,4.430842399597168,0.2223350554704666,1.778336763381958,4.162873268127441,4.372698783874512,0.2098256349563598,1.7679544687271118,4.14323091506958,4.372901439666748,0.2296706140041351,1.7745956182479858,4.200431823730469,4.433899879455566,0.2334679365158081,1.763803243637085,4.219903945922852,4.449610710144043,0.2297072410583496,1.7717876434326172,4.175619602203369,4.387265205383301,0.2116458714008331,1.7721545696258545,4.24236536026001,4.466756820678711,0.22439131140708923
1.7840656042099,4.180710315704346,4.42592716217041,0.2452166974544525,1.7699013948440552,4.160544872283936,4.402895450592041,0.2423508763313293,1.7823967933654783,4.159416198730469,4.382813453674316,0.2233967185020446,1.7674665451049805,4.1165852546691895,4.341340065002441,0.2247546762228012,1.7657703161239624,4.190592288970947,4.416915416717529,0.226323053240776,1.778418779373169,4.188562870025635,4.414663791656494,0.2261006087064743,1.7586898803710938,4.215739727020264,4.462381362915039,0.24664127826690674
1.831440567970276,4.135560989379883,4.375870704650879,0.240309938788414,1.7960728406906128,4.169398307800293,4.3868560791015625,0.2174575924873352,1.7913272380828855,4.1986188888549805,4.4262518882751465,0.2276333272457122,1.7909092903137207,4.178121566772461,4.424466609954834,0.2463450878858566,1.7868889570236206,4.208545684814453,4.455816745758057,0.2472707033157348,1.788998246192932,4.18643045425415,4.415297985076904,0.2288681119680404,1.810479998588562,4.126671314239502,4.34489631652832,0.21822449564933777
1.7963858842849731,4.201210021972656,4.4789862632751465,0.2777759730815887,1.8235855102539065,4.17907190322876,4.473745346069336,0.294673353433609,1.787868857383728,4.198256492614746,4.456343173980713,0.2580864727497101,1.8078291416168213,4.196220874786377,4.467716693878174,0.2714962363243103,1.7864365577697754,4.252495288848877,4.526810169219971,0.2743147611618042,1.7798644304275513,4.190313339233398,4.469358444213867,0.2790451645851135,1.7958682775497437,4.191656112670898,4.469540596008301,0.2778847813606262
1.7827270030975342,4.242908477783203,4.495743274688721,0.2528348565101623,1.7844918966293335,4.1747918128967285,4.423904895782471,0.249113842844963,1.773629665374756,4.177388668060303,4.435083866119385,0.2576954662799835,1.800275802612305,4.181868553161621,4.434734344482422,0.2528656721115112,1.7827467918395996,4.223981380462647,4.482549667358398,0.2585684955120086,1.7709444761276243,4.222949028015137,4.49318790435791,0.2702393233776092,1.7886335849761963,4.245545387268066,4.490688800811768,0.24514314532279968
1.7915271520614624,4.142226696014404,4.403702735900879,0.2614765167236328,1.7807936668395996,4.126001834869385,4.395174503326416,0.2691728472709656,1.7836824655532837,4.126856327056885,4.387208938598633,0.26035276055336,1.7828772068023682,4.223943710327148,4.468165397644043,0.2442212998867035,1.7568297386169434,4.182411193847656,4.4626240730285645,0.2802128791809082,1.7696781158447266,4.226498603820801,4.491194725036621,0.264695793390274,1.7656283378601074,4.207527160644531,4.462759971618652,0.2552323341369629
1.8050230741500848,4.216001033782959,4.488597393035889,0.2725962698459625,1.7947380542755127,4.155494213104248,4.409327983856201,0.2538335919380188,1.803309440612793,4.218074321746826,4.527419567108154,0.3093450963497162,1.8035385608673096,4.167191505432129,4.440038681030273,0.2728466689586639,1.7767106294631958,4.165942668914795,4.428377628326416,0.2624346613883972,1.7949466705322266,4.1312994956970215,4.391636848449707,0.2603377103805542,1.800776720046997,4.236137390136719,4.532344341278076,0.2962069809436798
1.799302577972412,4.187632083892822,4.431687355041504,0.244055688381195,1.7809242010116575,4.236993789672852,4.474728107452393,0.2377343773841858,1.7748757600784302,4.214591503143311,4.4580817222595215,0.2434906512498855,1.7716928720474243,4.201687335968018,4.445250988006592,0.2435637414455413,1.759046196937561,4.160579204559326,4.398322582244873,0.2377435117959976,1.7701815366744995,4.1627302169799805,4.396185874938965,0.2334553301334381,1.770297884941101,4.264308929443359,4.495201110839844,0.23089249432086945
1.7860690355300903,4.234760761260986,4.50990629196167,0.2751448452472687,1.7953097820281982,4.200169086456299,4.458146095275879,0.257977157831192,1.752825140953064,4.180729389190674,4.45030689239502,0.2695772647857666,1.802530288696289,4.143429279327393,4.411825656890869,0.2683965265750885,1.770429253578186,4.269748687744141,4.556344032287598,0.2865953147411346,1.762945532798767,4.203445911407471,4.477793216705322,0.2743473947048187,1.7758688926696777,4.213660717010498,4.503767490386963,0.2901063859462738
1.7803876399993896,4.197061061859131,4.46817684173584,0.2711162865161896,1.789769172668457,4.228620052337647,4.46108865737915,0.2324688136577606,1.7912120819091797,4.1957688331604,4.459022998809815,0.2632542252540588,1.789724826812744,4.1860551834106445,4.4469733238220215,0.2609182596206665,1.7495540380477903,4.27989387512207,4.546684265136719,0.2667907774448395,1.758291244506836,4.205030918121338,4.472967624664307,0.2679367661476135,1.7750827074050903,4.24577522277832,4.50518798828125,0.25941234827041626
1.8253564834594729,4.179988861083984,4.407644748687744,0.2276560068130493,1.7755522727966309,4.16286563873291,4.407971858978272,0.2451062649488449,1.7453362941741943,4.214717864990234,4.477463245391846,0.2627453505992889,1.7593554258346558,4.166870594024658,4.422629833221436,0.2557590007781982,1.791125774383545,4.265765190124512,4.4999589920043945,0.234193742275238,1.7896349430084229,4.171606540679932,4.429476261138916,0.2578701078891754,1.7892639636993408,4.243572235107422,4.465106964111328,0.22153447568416595
1.7879066467285156,4.290965080261231,4.5885009765625,0.2975353002548218,1.8318179845809937,4.21054220199585,4.501931667327881,0.2913897931575775,1.7819117307662964,4.248887538909912,4.5360426902771,0.2871553301811218,1.785006403923035,4.215556621551514,4.515292167663574,0.2997352182865143,1.772667407989502,4.223113536834717,4.498467445373535,0.2753541171550751,1.7916476726531982,4.198748588562012,4.4779438972473145,0.2791954278945923,1.7801779508590698,4.236239433288574,4.514793872833252,0.278554230928421
1.7897992134094238,4.214635372161865,4.495803356170654,0.281167596578598,1.7556480169296265,4.149357795715332,4.455248355865479,0.3058904111385345,1.7920435667037964,4.204127311706543,4.479414939880371,0.2752869725227356,1.7823728322982788,4.227940559387207,4.517116069793701,0.289174884557724,1.759211778640747,4.184057235717773,4.482619762420654,0.2985624670982361,1.7745963335037231,4.309749126434326,4.594249248504639,0.284500241279602,1.7928497791290283,4.204774856567383,4.488492012023926,0.28371718525886536
1.808848738670349,4.169785022735596,4.390837669372559,0.2210525870323181,1.82135546207428,4.271214008331299,4.510194301605225,0.2389801442623138,1.7998594045639038,4.212839126586914,4.4134039878845215,0.200564906001091,1.824416995048523,4.221522331237793,4.44709062576294,0.2255689203739166,1.781981348991394,4.175915241241455,4.396832942962647,0.2209175676107406,1.800477385520935,4.284777641296387,4.5084333419799805,0.2236551940441131,1.7800209522247314,4.232999801635742,4.469976425170898,0.23697662353515625
1.7983859777450562,4.235406398773193,4.504063606262207,0.2686573266983032,1.7760504484176636,4.241477012634277,4.54640007019043,0.3049230575561523,1.8003910779953003,4.213190078735352,4.490726947784424,0.2775370478630066,1.789937138557434,4.200181007385254,4.483929634094238,0.2837488055229187,1.785520315170288,4.231280326843262,4.521315574645996,0.290035218000412,1.787218451499939,4.22864294052124,4.51430606842041,0.2856635451316833,1.7869921922683716,4.286276817321777,4.560079574584961,0.27380311489105225
1.802817821502685,4.296063423156738,4.599193572998047,0.3031299412250519,1.80317771434784,4.2160468101501465,4.496722221374512,0.2806750833988189,1.8340822458267207,4.201284408569336,4.4851250648498535,0.2838410139083862,1.796043038368225,4.1938557624816895,4.48976469039917,0.2959084212779999,1.7780828475952148,4.310132026672363,4.590577602386475,0.2804453074932098,1.7878860235214231,4.185511589050293,4.459573745727539,0.2740622162818908,1.7696884870529175,4.260979175567627,4.5501604080200195,0.28918081521987915
1.79469895362854,4.11794376373291,4.344892978668213,0.22694893181324,1.7856688499450684,4.213397026062012,4.448567390441895,0.2351702898740768,1.8108024597167969,4.208215713500977,4.425288677215576,0.2170732766389846,1.7964383363723757,4.222424030303955,4.437539577484131,0.2151156365871429,1.7904030084609983,4.306914806365967,4.522872924804688,0.2159584164619445,1.80138099193573,4.268209934234619,4.50264310836792,0.234433889389038,1.7964016199111938,4.205952167510986,4.449712753295898,0.2437603622674942
1.7973822355270386,4.2007365226745605,4.479871273040772,0.2791345417499542,1.7834135293960571,4.229747772216797,4.499317646026611,0.2695701420307159,1.7921799421310425,4.246479034423828,4.514326572418213,0.2678471803665161,1.7848888635635376,4.149622440338135,4.431842803955078,0.2822199463844299,1.7735354900360107,4.191861152648926,4.467921733856201,0.2760606408119201,1.780940055847168,4.181698322296143,4.444524765014648,0.2628263533115387,1.7997982501983643,4.243654727935791,4.552920818328857,0.30926626920700073
1.7717772722244265,4.142976760864258,4.409046173095703,0.2660693824291229,1.7676156759262085,4.220582485198975,4.490088939666748,0.2695065140724182,1.7553037405014038,4.208841800689697,4.475340843200684,0.2664988040924072,1.802587985992432,4.2076735496521,4.474769115447998,0.2670954167842865,1.774937868118286,4.180513858795166,4.44149923324585,0.2609850168228149,1.7669132947921753,4.166977882385254,4.432451725006104,0.265473872423172,1.77486252784729,4.2143073081970215,4.456501007080078,0.24219417572021484
1.791603922843933,4.1866841316223145,4.442996501922607,0.256312608718872,1.7849725484848022,4.241954803466797,4.481464385986328,0.2395093142986297,1.7952252626419067,4.269790649414063,4.527591228485107,0.2578008472919464,1.7804579734802246,4.266246318817139,4.530747413635254,0.2645013034343719,1.7801040410995483,4.20961856842041,4.46856164932251,0.2589424848556518,1.7845253944396973,4.218226432800293,4.508427619934082,0.2902010977268219,1.7677029371261597,4.230741024017334,4.493698596954346,0.26295778155326843
1.8075637817382808,4.235941886901856,4.48550271987915,0.2495606392621994,1.803603172302246,4.266507148742676,4.508311748504639,0.2418047189712524,1.812950849533081,4.228461265563965,4.463183879852295,0.2347224354743957,1.795284867286682,4.287153244018555,4.534658432006836,0.2475056648254394,1.7844430208206177,4.177532196044922,4.418720722198486,0.2411890029907226,1.7926914691925049,4.242316246032715,4.487960815429688,0.2456438541412353,1.7711011171340942,4.211055755615234,4.451408863067627,0.240353062748909
1.8129435777664185,4.16546106338501,4.430276870727539,0.2648156285285949,1.7798752784729004,4.146154403686523,4.406341075897217,0.2601862251758575,1.7834311723709106,4.166256427764893,4.454593658447266,0.2883370518684387,1.7824227809906006,4.186888694763184,4.4343791007995605,0.2474903017282486,1.7752830982208252,4.194522380828857,4.457917213439941,0.2633948028087616,1.7745252847671509,4.114713191986084,4.368800640106201,0.2540875971317291,1.784303903579712,4.239141941070557,4.49891996383667,0.25977814197540283
1.7910659313201904,4.24923849105835,4.4959797859191895,0.2467414438724517,1.771955132484436,4.21661376953125,4.471718311309815,0.2551041841506958,1.7724363803863523,4.238234519958496,4.462770938873291,0.2245366871356964,1.7959100008010864,4.21440315246582,4.441699981689453,0.2272964119911193,1.7815086841583252,4.2456560134887695,4.491138458251953,0.2454822659492492,1.76255202293396,4.1769232749938965,4.428635597229004,0.2517125606536865,1.7832574844360352,4.248574256896973,4.48911190032959,0.24053768813610077
1.7846599817276,4.187487602233887,4.473368644714356,0.2858807146549225,1.7802629470825195,4.218445777893066,4.466794967651367,0.2483489513397216,1.7854915857315063,4.204996585845947,4.45901346206665,0.2540167570114136,1.7716187238693235,4.175572395324707,4.427572250366211,0.2519998252391815,1.788560152053833,4.226928234100342,4.468188762664795,0.2412609010934829,1.775336980819702,4.143563270568848,4.400823593139648,0.2572604119777679,1.7671573162078857,4.222632884979248,4.481642246246338,0.2590089440345764
1.7981520891189575,4.147385120391846,4.402655601501465,0.2552705109119415,1.80977463722229,4.2090349197387695,4.429198741912842,0.2201641052961349,1.7889347076416016,4.208534717559815,4.431599140167236,0.2230644673109054,1.81549882888794,4.193263530731201,4.420545101165772,0.2272812873125076,1.8070327043533323,4.267450332641602,4.505265235900879,0.2378142476081848,1.7881648540496826,4.19724178314209,4.444547653198242,0.2473061233758926,1.7915191650390625,4.249161243438721,4.494532108306885,0.24537093937397003
1.792924165725708,4.129944801330566,4.37746524810791,0.2475202977657318,1.7687088251113892,4.155683517456055,4.407381057739258,0.2516974508762359,1.7678930759429932,4.149868488311768,4.397773265838623,0.2479044646024704,1.7711231708526611,4.16704797744751,4.398186683654785,0.2311387956142425,1.7785862684249878,4.175166130065918,4.428503513336182,0.253337562084198,1.771596908569336,4.140947818756104,4.37661075592041,0.2356626689434051,1.7604002952575684,4.174747467041016,4.419583320617676,0.24483630061149597
1.786073088645935,4.234192848205566,4.503039360046387,0.2688463032245636,1.7876814603805542,4.165864944458008,4.4269304275512695,0.2610658705234527,1.7888716459274292,4.244112968444824,4.534759998321533,0.2906464636325836,1.7895572185516355,4.279085636138916,4.54753303527832,0.2684473097324371,1.780712366104126,4.228966236114502,4.491798400878906,0.2628316879272461,1.7935361862182615,4.21207332611084,4.481931209564209,0.2698579430580139,1.7952253818511963,4.280608177185059,4.571043491363525,0.2904352843761444
1.79456627368927,4.248013019561768,4.543696880340576,0.2956829965114593,1.7964361906051636,4.221043586730957,4.482728481292725,0.2616848945617676,1.780120611190796,4.149350166320801,4.418682098388672,0.2693318426609039,1.7922738790512085,4.229537487030029,4.498842239379883,0.2693046629428863,1.7825088500976562,4.306463241577148,4.560527324676514,0.2540645003318786,1.7681634426116943,4.230140686035156,4.489676475524902,0.259535938501358,1.7905874252319336,4.2220139503479,4.470825672149658,0.24881143867969513
1.796208381652832,4.222976207733154,4.501491069793701,0.2785150408744812,1.7718408107757568,4.200408458709717,4.471513271331787,0.271104633808136,1.7763115167617798,4.272280693054199,4.54975175857544,0.2774712145328522,1.7803683280944824,4.259186267852783,4.529447555541992,0.2702614963054657,1.77800190448761,4.23458194732666,4.495079517364502,0.2604976594448089,1.764955997467041,4.218060493469238,4.4719061851501465,0.2538460195064544,1.7697645425796509,4.267632007598877,4.5588884353637695,0.2912561595439911
1.8086557388305664,4.173494815826416,4.438378810882568,0.2648838460445404,1.7920687198638916,4.176127910614014,4.441273212432861,0.2651451826095581,1.7984678745269775,4.12965202331543,4.373715877532959,0.2440638989210128,1.7980751991271973,4.1118340492248535,4.370074272155762,0.2582399547100067,1.769341230392456,4.17666482925415,4.416318893432617,0.2396539151668548,1.781928777694702,4.17708683013916,4.420696258544922,0.2436092346906662,1.7838066816329956,4.228298664093018,4.48237943649292,0.25408118963241577
1.7875999212265017,4.164145469665527,4.43927001953125,0.2751245498657226,1.7925845384597778,4.168085098266602,4.430893421173096,0.2628082931041717,1.7786216735839844,4.307969570159912,4.598492622375488,0.2905232012271881,1.7704774141311646,4.233810901641846,4.521809577941895,0.2879977822303772,1.7759474515914917,4.145948886871338,4.417572021484375,0.2716231048107147,1.7795121669769287,4.214365482330322,4.479140758514404,0.2647751569747925,1.770298957824707,4.21134614944458,4.486852169036865,0.27550625801086426
1.7830039262771606,4.102362632751465,4.335557460784912,0.2331945896148681,1.7853374481201172,4.211671352386475,4.441283702850342,0.2296125143766403,1.7713916301727295,4.2222089767456055,4.44286060333252,0.2206514924764633,1.802899956703186,4.185946464538574,4.399461269378662,0.2135151028633117,1.7783178091049194,4.194789409637451,4.419345855712891,0.2245557457208633,1.7840741872787476,4.193006038665772,4.424537658691406,0.2315313965082168,1.7922027111053467,4.190155029296875,4.42223596572876,0.2320808321237564
1.778162121772766,4.201364994049072,4.433044910430908,0.2316800355911255,1.781818389892578,4.261673450469971,4.503529071807861,0.2418560981750488,1.785233736038208,4.242395877838135,4.498397350311279,0.2560009062290191,1.7998278141021729,4.219639301300049,4.446967601776123,0.2273288518190384,1.7674455642700195,4.259275913238525,4.492015838623047,0.232740044593811,1.7822535037994385,4.233901977539063,4.458019256591797,0.2241174280643463,1.7980844974517822,4.2299275398254395,4.457484245300293,0.22755689918994904
1.7976680994033811,4.163080215454102,4.414385318756104,0.25130495429039,1.7815585136413574,4.186015129089356,4.4229278564453125,0.2369124740362167,1.7902790307998655,4.209429740905762,4.43070125579834,0.2212710678577423,1.7802242040634155,4.195637702941895,4.449032783508301,0.2533948421478271,1.786664366722107,4.152505874633789,4.395046710968018,0.2425406873226165,1.7687445878982544,4.202956676483154,4.444037914276123,0.2410809099674224,1.7661685943603516,4.114707946777344,4.359523773193359,0.24481584131717682
1.7953555583953855,4.145763397216797,4.418038368225098,0.2722753584384918,1.7922141551971436,4.1715006828308105,4.448026180267334,0.2765253186225891,1.8129642009735107,4.198708534240723,4.468485832214356,0.2697771191596985,1.793925642967224,4.176664352416992,4.444844722747803,0.2681800127029419,1.7834632396697998,4.206421852111816,4.506069660186768,0.2996476888656616,1.7980432510375977,4.160079956054688,4.453351020812988,0.2932707071304321,1.819115400314331,4.19709587097168,4.48154354095459,0.28444764018058777
1.804168701171875,4.182925701141357,4.436343669891357,0.2534178495407104,1.784801006317139,4.121702671051025,4.382452964782715,0.2607505321502685,1.7734655141830444,4.159802436828613,4.420529365539551,0.2607265412807464,1.7796719074249268,4.118961811065674,4.37942361831665,0.2604616582393646,1.7695879936218262,4.152827739715576,4.432811260223389,0.2799835205078125,1.7642308473587036,4.18657922744751,4.442707538604736,0.2561286985874176,1.7663781642913818,4.186913967132568,4.451998233795166,0.2650846838951111
1.8211047649383545,4.108476161956787,4.371179103851318,0.262702465057373,1.8172369003295896,4.202515602111816,4.430709362030029,0.2281934171915054,1.7826026678085327,4.21202278137207,4.457984447479248,0.2459615916013717,1.796900510787964,4.180891990661621,4.462570667266846,0.2816787660121918,1.798827052116394,4.233492851257324,4.452447891235352,0.2189548462629318,1.780871868133545,4.2180938720703125,4.493347644805908,0.2752534449100494,1.7791342735290527,4.196890354156494,4.474032878875732,0.27714261412620544
1.8261873722076416,4.179884910583496,4.467703819274902,0.2878187298774719,1.7959132194519043,4.173840999603272,4.424957275390625,0.2511161267757416,1.7936170101165771,4.220138549804688,4.4796552658081055,0.2595168352127075,1.7938343286514282,4.174678802490234,4.437224864959717,0.262545645236969,1.7980453968048096,4.214946746826172,4.502200603485107,0.2872544825077057,1.7863022089004517,4.166506767272949,4.453863143920898,0.2873567640781402,1.7890887260437012,4.222237586975098,4.487445831298828,0.2652079164981842
1.7764753103256226,4.1390156745910645,4.414037227630615,0.2750216722488403,1.7857061624526978,4.145399570465088,4.420610904693604,0.2752118408679962,1.81257426738739,4.171933174133301,4.451681613922119,0.2797483801841736,1.778671145439148,4.236962795257568,4.508708953857422,0.2717455625534057,1.7770153284072876,4.178050518035889,4.467493057250977,0.2894428372383117,1.7707171440124512,4.262543201446533,4.540823459625244,0.2782802581787109,1.7654476165771484,4.159521579742432,4.4629950523376465,0.3034730553627014
1.7922784090042114,4.150697708129883,4.441072940826416,0.2903752624988556,1.7795661687850952,4.198485851287842,4.472487926483154,0.274002194404602,1.822647213935852,4.209921836853027,4.486742496490479,0.2768203914165497,1.805823802947998,4.216681957244873,4.497950553894043,0.2812681198120117,1.7997149229049685,4.250206470489502,4.540788173675537,0.2905813753604889,1.8097022771835327,4.272894859313965,4.584973812103272,0.3120791316032409,1.784454345703125,4.178601264953613,4.465423583984375,0.2868226170539856
1.8026827573776243,4.153788566589356,4.409685134887695,0.2558966279029846,1.7922128438949585,4.149142742156982,4.412228584289551,0.2630861103534698,1.7611122131347656,4.182760238647461,4.444160461425781,0.2614003419876098,1.759771466255188,4.171716690063477,4.434468746185303,0.2627523839473724,1.7703124284744265,4.155502796173096,4.407214164733887,0.2517111599445343,1.7765088081359863,4.172365665435791,4.437619686126709,0.2652540802955627,1.7828216552734375,4.218850135803223,4.494184970855713,0.2753347158432007
1.788522243499756,4.242483139038086,4.494640827178955,0.2521576881408691,1.7906500101089478,4.271119117736816,4.5190110206604,0.2478923499584198,1.767958402633667,4.1936564445495605,4.434072494506836,0.2404166013002395,1.772365689277649,4.119162559509277,4.355754852294922,0.2365923225879669,1.7795337438583374,4.168351650238037,4.415682792663574,0.2473311871290207,1.7760876417160034,4.218626499176025,4.451211929321289,0.2325853407382965,1.7664375305175781,4.243281364440918,4.493648052215576,0.2503667175769806
1.789865255355835,4.114040851593018,4.363848686218262,0.2498078048229217,1.7786046266555786,4.226055145263672,4.481637477874756,0.2555828392505646,1.7805476188659668,4.14743185043335,4.435500144958496,0.2880681455135345,1.7749077081680298,4.097349643707275,4.344173908233643,0.2468239814043045,1.7727540731430054,4.189948558807373,4.446459770202637,0.2565115988254547,1.785576343536377,4.196913719177246,4.438826084136963,0.2419125139713287,1.8042279481887817,4.164797306060791,4.4377899169921875,0.2729923725128174
1.800195336341858,4.160266876220703,4.429830551147461,0.2695638537406921,1.8021714687347408,4.10798454284668,4.371906280517578,0.2639212906360626,1.785871982574463,4.20945405960083,4.468730449676514,0.259277194738388,1.790818214416504,4.193692207336426,4.492618083953857,0.2989258170127868,14.004660606384276,16.15761375427246,16.413990020751953,0.2563759982585907,4.2502875328063965,3.664962530136109,4.105664253234863,0.4407013058662414,1.7804733514785767,4.149489402770996,4.4417805671691895,0.2922908365726471
1.7880321741104126,4.210700035095215,4.45344877243042,0.2427490055561065,1.7876797914505005,4.188522815704346,4.432206630706787,0.2436840832233429,1.778317093849182,4.239567279815674,4.468472957611084,0.2289055585861206,1.7920689582824707,4.2177414894104,4.432357311248779,0.2146157324314117,1.7922816276550293,4.211078643798828,4.455676078796387,0.2445973604917526,1.7960517406463623,4.219231605529785,4.4367523193359375,0.2175209671258926,1.766174554824829,4.23740816116333,4.481017112731934,0.24360866844654083
1.8109210729599,4.193981170654297,4.43369722366333,0.2397160679101944,1.8288482427597048,4.234493732452393,4.496950149536133,0.262456327676773,1.7970812320709229,4.258960723876953,4.520655632019043,0.261694997549057,1.7976059913635254,4.253639221191406,4.520669937133789,0.2670313715934753,1.7808916568756104,4.109977722167969,4.357406139373779,0.2474284321069717,1.790063977241516,4.182782173156738,4.430100917816162,0.2473186254501342,1.8063870668411255,4.199914455413818,4.415497303009033,0.21558228135108948
1.778597116470337,4.1961989402771,4.435974597930908,0.2397753149271011,1.800140142440796,4.1957831382751465,4.444284439086914,0.248501256108284,1.7735120058059692,4.231639385223389,4.49915075302124,0.2675117254257202,1.7628134489059448,4.246615409851074,4.518036365509033,0.2714208364486694,1.7841978073120115,4.2537713050842285,4.511867046356201,0.2580954730510711,1.774858832359314,4.208410739898682,4.481537342071533,0.2731265425682068,1.7740172147750854,4.213911056518555,4.484783172607422,0.2708717882633209
1.7799874544143677,4.125948905944824,4.353795051574707,0.2278457731008529,1.7861266136169434,4.205635070800781,4.457065582275391,0.2514306008815765,1.7866352796554563,4.226582050323486,4.475100517272949,0.2485179156064987,1.7721611261367798,4.19016695022583,4.429006576538086,0.2388396859169006,1.790803074836731,4.2387776374816895,4.457423210144043,0.2186451852321624,1.7623032331466677,4.17993688583374,4.400603771209717,0.2206671684980392,1.7787467241287231,4.206326961517334,4.461185455322266,0.25485867261886597
1.81149971485138,4.161069393157959,4.393270492553711,0.2322008162736892,1.7761448621749878,4.184942245483398,4.420260906219482,0.2353187203407287,1.7781951427459717,4.246227741241455,4.484108924865723,0.2378810793161392,1.7788772583007812,4.179168224334717,4.424938201904297,0.2457702755928039,1.803781509399414,4.205987930297852,4.425201892852783,0.2192139476537704,1.7875176668167114,4.274425983428955,4.534257888793945,0.2598324716091156,1.7720633745193481,4.177981376647949,4.422238349914551,0.24425634741783142
1.817142009735108,4.202895164489746,4.4650654792785645,0.2621700167655945,1.793721079826355,4.200259685516357,4.454402446746826,0.2541427910327911,1.7781095504760742,4.174751281738281,4.434396743774414,0.2596456706523895,1.7860445976257324,4.221940040588379,4.504354476928711,0.2824145555496216,1.7899149656295776,4.203397750854492,4.4562578201293945,0.2528599798679352,1.802885055541992,4.231640338897705,4.493154525756836,0.2615138292312622,1.7862513065338135,4.222254276275635,4.474420070648193,0.2521660625934601
1.8011218309402466,4.153970718383789,4.412232398986816,0.2582616508007049,1.7761447429656982,4.174543857574463,4.451927661895752,0.2773836255073547,1.7698392868041992,4.29835319519043,4.564080715179443,0.2657275795936584,1.8008863925933838,4.258426666259766,4.524874210357666,0.2664473056793213,1.775890231132507,4.262184143066406,4.549948215484619,0.2877647280693054,1.7898592948913574,4.222563743591309,4.478409767150879,0.2558459639549255,1.7915899753570557,4.2377214431762695,4.497734069824219,0.26001277565956116
1.7931758165359497,4.20772647857666,4.468952655792236,0.261225938796997,1.8097904920578003,4.157835006713867,4.410724639892578,0.2528897225856781,1.7732805013656616,4.25071907043457,4.500267028808594,0.249547928571701,1.7871897220611572,4.169001579284668,4.41484260559082,0.2458410263061523,1.7633559703826904,4.1773529052734375,4.434852600097656,0.2574998140335083,1.7964158058166504,4.177824020385742,4.43146562576294,0.2536417543888092,1.7804086208343506,4.11491060256958,4.366645812988281,0.25173473358154297
1.7996940612792969,4.204071044921875,4.41669511795044,0.2126241624355316,1.778010606765747,4.183995723724365,4.411257266998291,0.2272616773843765,1.7707653045654297,4.198163986206055,4.437129020690918,0.2389647662639618,1.7654547691345217,4.190923690795898,4.43712854385376,0.246204525232315,1.7803024053573608,4.225484848022461,4.4446635246276855,0.219178557395935,1.7873681783676147,4.279466152191162,4.492255687713623,0.2127899080514907,1.7868118286132812,4.223237991333008,4.458948135375977,0.2357102334499359
1.7883247137069702,4.164275169372559,4.414953708648682,0.2506791949272156,1.7764705419540403,4.188806533813477,4.442219257354736,0.2534129321575165,1.793336272239685,4.17094087600708,4.423306465148926,0.2523654103279114,1.7752773761749268,4.129350662231445,4.390103340148926,0.2607526779174804,1.770520567893982,4.162851333618164,4.4168243408203125,0.2539732158184051,1.810268878936768,4.186071395874023,4.412854671478272,0.2267832607030868,1.7689018249511719,4.173406600952148,4.401786804199219,0.22838005423545837
1.7850497961044312,4.1317644119262695,4.388102054595947,0.2563375532627105,1.797337770462036,4.230087757110596,4.491087913513184,0.2610000967979431,1.7811721563339231,4.191925048828125,4.456865310668945,0.26494100689888,1.7902989387512207,4.221093654632568,4.480600357055664,0.2595065832138061,1.7825860977172852,4.123354911804199,4.377187252044678,0.2538327276706695,1.7810282707214355,4.189070701599121,4.434598922729492,0.2455280423164367,1.7680336236953735,4.195816516876221,4.451869487762451,0.25605255365371704
1.8230414390563965,4.22106409072876,4.508364200592041,0.2873002588748932,1.8039829730987549,4.24779748916626,4.520013809204102,0.2722162306308746,1.7876920700073242,4.221497535705566,4.489355564117432,0.2678581178188324,1.791284441947937,4.2161359786987305,4.499327659606934,0.2831915616989136,1.767078518867493,4.20108699798584,4.483016014099121,0.2819291651248932,1.7827298641204834,4.204949855804443,4.47221565246582,0.2672659754753113,1.8173044919967651,4.234325885772705,4.537814140319824,0.30348819494247437
1.7807035446166992,4.108905792236328,4.342685222625732,0.2337795943021774,1.7770434617996216,4.1709465980529785,4.424201965332031,0.2532554864883423,1.7868075370788574,4.190809726715088,4.434118747711182,0.2433090209960937,1.817314505577088,4.144238471984863,4.38525915145874,0.2410207390785217,1.801069736480713,4.244064807891846,4.493453025817871,0.2493882626295089,1.78657066822052,4.236175060272217,4.442949771881104,0.2067747563123703,1.7698830366134644,4.189207553863525,4.438628196716309,0.24942100048065186
1.80220115184784,4.208588123321533,4.472956657409668,0.2643685638904571,1.7513045072555542,4.25804328918457,4.518879890441895,0.2608361840248108,1.7863131761550903,4.183882713317871,4.438258171081543,0.2543757855892181,1.779620885848999,4.167049884796143,4.422815322875977,0.2557652294635772,1.782132625579834,4.237052917480469,4.4762396812438965,0.2391866892576217,1.7794408798217771,4.1484904289245605,4.398149013519287,0.2496589571237564,1.7693839073181152,4.197157859802246,4.457505702972412,0.26034796237945557
1.7852052450180054,4.202615737915039,4.446450710296631,0.243834763765335,1.7918976545333862,4.160100936889648,4.408279895782471,0.248179093003273,1.793229579925537,4.338300704956055,4.597355842590332,0.2590553760528564,1.7816014289855957,4.273514270782471,4.5234222412109375,0.2499079704284668,1.7767170667648315,4.251816272735596,4.5191850662231445,0.2673687636852264,1.8036080598831177,4.248393535614014,4.515866756439209,0.2674733698368072,1.7847764492034912,4.218936920166016,4.477540016174316,0.2586027681827545
1.806902289390564,4.153517246246338,4.406094551086426,0.2525770664215088,1.7928365468978882,4.153468608856201,4.4084086418151855,0.2549394965171814,1.7660250663757324,4.188098907470703,4.446534156799316,0.2584346532821655,1.8006993532180786,4.221254825592041,4.469702243804932,0.2484476417303085,1.7755932807922363,4.236301898956299,4.488933563232422,0.2526316940784454,1.7844135761260986,4.207308769226074,4.44657039642334,0.2392617166042328,1.7568682432174683,4.145367622375488,4.407660961151123,0.26229315996170044
1.807594656944275,4.16366720199585,4.436437606811523,0.2727705538272857,1.7960748672485352,4.248956680297852,4.508727550506592,0.2597706913948059,1.7953914403915403,4.1958208084106445,4.476453304290772,0.280632734298706,11.594388008117676,13.45993995666504,13.836430549621582,0.3764900863170624,1.789864182472229,4.199024200439453,4.446251392364502,0.2472274452447891,29.89618682861328,24.055927276611328,28.295265197753903,4.239338397979736,1.7972992658615112,4.2020792961120605,4.481307029724121,0.27922725677490234
1.8042199611663816,4.216128349304199,4.442195415496826,0.2260668277740478,1.7984604835510254,4.13563871383667,4.4005513191223145,0.2649125158786773,1.775387167930603,4.203293323516846,4.456305980682373,0.2530121207237243,1.7884517908096311,4.1826348304748535,4.427450656890869,0.2448155730962753,1.7830452919006348,4.200401782989502,4.458616256713867,0.2582147419452667,1.7952481508255005,4.266625881195068,4.499786376953125,0.2331606894731521,1.7756543159484863,4.162703990936279,4.423738479614258,0.26103460788726807
1.798336386680603,4.102715015411377,4.36003303527832,0.2573175430297851,1.799673318862915,4.179473400115967,4.43862247467041,0.2591493427753448,1.7786461114883425,4.205724716186523,4.470242500305176,0.2645176649093628,1.7806981801986694,4.261632919311523,4.533488750457764,0.2718563079833984,1.7853251695632937,4.206729412078857,4.470160007476807,0.2634305357933044,1.7650173902511597,4.174943447113037,4.445859909057617,0.2709167003631592,1.7887442111968994,4.171344757080078,4.431210041046143,0.2598648965358734
1.7943342924118042,4.201620578765869,4.478102684020996,0.2764825820922851,1.7917883396148682,4.25962495803833,4.535650253295898,0.2760250866413116,1.7768393754959106,4.15133810043335,4.42328405380249,0.2719454765319824,1.7748854160308838,4.114438056945801,4.388443946838379,0.274005264043808,1.770635962486267,4.216913223266602,4.533137321472168,0.3162238895893097,1.7920714616775513,4.166706085205078,4.428821563720703,0.2621155679225921,1.7906745672225952,4.195840835571289,4.489813804626465,0.29397279024124146
1.784632921218872,4.175103664398193,4.410050868988037,0.2349470853805542,1.7840051651000977,4.250214576721191,4.491608619689941,0.2413934767246246,1.7717339992523191,4.260650157928467,4.511096477508545,0.250446081161499,1.788898229598999,4.192426681518555,4.413180351257324,0.2207537293434143,1.7796239852905271,4.159116744995117,4.394626140594482,0.2355091720819473,1.7773696184158323,4.142500400543213,4.385101795196533,0.242601528763771,1.780937671661377,4.1977386474609375,4.419625759124756,0.22188717126846313
1.8027760982513428,4.217315673828125,4.426835060119629,0.2095194309949875,1.7823480367660522,4.312522411346436,4.533222675323486,0.2207005769014358,1.7927513122558594,4.22151517868042,4.437437534332275,0.2159223705530166,1.7908985614776611,4.175303936004639,4.40271520614624,0.2274114787578582,1.7611175775527954,4.2501654624938965,4.44699239730835,0.1968273371458053,1.779094696044922,4.201850891113281,4.396929264068604,0.195077583193779,1.7820442914962769,4.254977703094482,4.483911037445068,0.22893351316452026
1.7866604328155518,4.224621772766113,4.495837688446045,0.2712157368659973,1.7849485874176023,4.249735355377197,4.512377262115479,0.2626415193080902,1.7659554481506348,4.227725028991699,4.484134197235107,0.2564096748828888,1.7618688344955444,4.210398197174072,4.474091053009033,0.2636925876140594,1.7940739393234253,4.252020835876465,4.516847133636475,0.2648260295391083,1.7663092613220217,4.231784343719482,4.491044044494629,0.2592605650424957,1.7722208499908447,4.270471572875977,4.533773422241211,0.26330259442329407
1.879571318626404,4.214183807373047,4.478883743286133,0.2647002339363098,1.7902038097381592,4.157551288604736,4.395204067230225,0.2376523911952972,1.7869614362716677,4.252610683441162,4.493536949157715,0.2409264147281646,9.711055755615234,11.217242240905762,11.284181594848633,0.0669387131929397,1.7653974294662476,4.229803085327148,4.455745697021484,0.2259426265954971,1.7958508729934692,4.164085388183594,4.411983013153076,0.2478975504636764,1.7954457998275757,4.2310895919799805,4.474530220031738,0.24344073235988617
1.7853164672851562,4.138550281524658,4.400221347808838,0.2616710364818573,1.7882126569747925,4.206954956054688,4.5031280517578125,0.2961733341217041,1.7713302373886108,4.165517330169678,4.4244794845581055,0.2589619755744934,1.779908299446106,4.145809173583984,4.418543338775635,0.272734522819519,1.7942522764205933,4.227057456970215,4.484783172607422,0.2577251493930816,1.7884644269943235,4.226890563964844,4.492422580718994,0.2655320167541504,1.7822176218032837,4.162599086761475,4.425360202789307,0.2627605199813843
1.7949814796447754,4.312617301940918,4.584338188171387,0.2717210352420807,1.7830549478530884,4.168845176696777,4.4415388107299805,0.2726933062076568,1.7918721437454224,4.256866931915283,4.524223327636719,0.2673570215702057,1.796127438545227,4.189011573791504,4.4753737449646,0.2863615453243255,1.7859134674072266,4.257332801818848,4.5248870849609375,0.267554372549057,1.7701691389083862,4.194015502929688,4.468648910522461,0.2746330797672272,1.7952085733413696,4.234684467315674,4.5025315284729,0.2678464949131012
1.7877672910690308,4.196667671203613,4.46323823928833,0.2665706872940063,1.7947666645050049,4.218200206756592,4.478079795837402,0.2598790526390075,1.779149293899536,4.185419082641602,4.453181743621826,0.2677622437477112,1.77460515499115,4.187020301818848,4.455753326416016,0.2687327861785888,1.754434585571289,4.227555274963379,4.485305309295654,0.2577498853206634,1.7836970090866089,4.19876766204834,4.458571434020996,0.2598036527633667,1.7670685052871704,4.313127517700195,4.585716247558594,0.2725888192653656
1.7825669050216677,4.126832008361816,4.383840084075928,0.2570085525512695,1.815362930297852,4.147909164428711,4.410314559936523,0.2624054551124573,1.799241065979004,4.195146560668945,4.492704391479492,0.2975578904151916,1.7875441312789917,4.174659729003906,4.464051246643066,0.2893920838832855,1.7889310121536257,4.117092609405518,4.393688201904297,0.2765954732894897,1.7977131605148315,4.247775077819824,4.509490966796875,0.2617154419422149,1.7787615060806274,4.220466613769531,4.496594429016113,0.2761281430721283
1.812441349029541,4.236100673675537,4.494802474975586,0.2587018609046936,1.8029685020446773,4.1957292556762695,4.4438066482543945,0.2480779141187667,1.7966911792755127,4.264133930206299,4.519276142120361,0.255141407251358,1.7843838930130005,4.250211238861084,4.510014533996582,0.2598029971122741,1.815595626831055,4.236651420593262,4.478714942932129,0.2420634776353836,1.780569553375244,4.260552883148193,4.506624221801758,0.2460711002349853,1.7851300239562988,4.251198768615723,4.514937400817871,0.263738214969635
1.7860651016235352,4.266127109527588,4.517414569854736,0.2512875199317932,1.7822630405426023,4.223203182220459,4.483251571655273,0.2600486576557159,1.7908741235733032,4.282695770263672,4.537431716918945,0.2547361850738525,1.7818341255187988,4.266686916351318,4.524911403656006,0.2582244575023651,1.7656649351119995,4.285288333892822,4.563992500305176,0.2787044644355774,1.7968645095825195,4.2062506675720215,4.423339366912842,0.2170888781547546,1.7772536277770996,4.30124568939209,4.572113513946533,0.2708674669265747
1.7824864387512207,4.126218795776367,4.4029541015625,0.276735246181488,1.775577187538147,4.195703506469727,4.482344627380371,0.2866416871547699,1.7754969596862793,4.199324607849121,4.494795799255371,0.2954709529876709,1.782759428024292,4.156615257263184,4.427603721618652,0.2709884643554687,1.76119863986969,4.171568870544434,4.448487281799316,0.276918351650238,1.7804228067398071,4.253606796264648,4.553977966308594,0.3003710210323334,1.7761421203613281,4.247459411621094,4.523677825927734,0.2762184739112854
1.79612934589386,4.09454345703125,4.350640296936035,0.2560969591140747,1.7905725240707395,4.155934810638428,4.423880100250244,0.2679452896118164,1.78650164604187,4.188846588134766,4.41706657409668,0.2282201051712036,1.792189598083496,4.190366744995117,4.438557624816895,0.2481909841299057,1.786381721496582,4.173498153686523,4.406846046447754,0.2333482652902603,1.780876874923706,4.271040439605713,4.501140594482422,0.2301001697778701,1.7729719877243042,4.257699966430664,4.516636371612549,0.2589360773563385
1.7925630807876587,4.162108898162842,4.446351528167725,0.2842424511909485,1.7799347639083862,4.179851531982422,4.455267429351807,0.2754160165786743,1.7898788452148438,4.2320332527160645,4.507680892944336,0.2756475210189819,1.782010555267334,4.262477874755859,4.549534797668457,0.2870565354824066,1.781355381011963,4.19121789932251,4.459170341491699,0.2679524421691894,1.78744637966156,4.225478649139404,4.486272811889648,0.2607945203781128,1.7821446657180786,4.2337422370910645,4.520838737487793,0.28709641098976135
1.781994342803955,4.250476837158203,4.507828712463379,0.257351666688919,1.7950079441070557,4.205904483795166,4.456809520721436,0.2509049773216247,1.7795616388320925,4.166829109191895,4.37691068649292,0.2100814580917358,1.7760158777236938,4.225365161895752,4.470085620880127,0.2447205632925033,1.7850013971328735,4.16263484954834,4.388089179992676,0.2254542708396911,1.8042408227920528,4.256180763244629,4.515526294708252,0.2593453228473663,1.7604869604110718,4.183587551116943,4.463070869445801,0.2794831693172455
1.8043832778930664,4.247881412506104,4.510647296905518,0.2627656757831573,1.7903752326965332,4.154953002929688,4.399576187133789,0.2446227669715881,1.7826029062271118,4.170047760009766,4.430742740631104,0.2606945633888244,1.790557026863098,4.206614017486572,4.4822516441345215,0.2756379246711731,1.7759848833084106,4.172734260559082,4.421205043792725,0.2484707832336425,1.787346601486206,4.155518531799316,4.434507369995117,0.2789888978004455,1.8088356256484985,4.2555341720581055,4.523131847381592,0.26759788393974304
1.7833360433578491,4.233442306518555,4.477664947509766,0.2442227452993393,1.7900292873382568,4.209883213043213,4.4385857582092285,0.2287027686834335,1.7541290521621704,4.286701679229736,4.526244163513184,0.2395424842834472,1.7648802995681765,4.233245849609375,4.477922439575195,0.2446769922971725,1.7882155179977417,4.227881908416748,4.456433773040772,0.2285520434379577,1.7962048053741455,4.182671546936035,4.388578414916992,0.2059068083763122,1.7550877332687378,4.181157112121582,4.433218479156494,0.2520613372325897
1.8013275861740112,4.240244388580322,4.506897449493408,0.2666529715061188,1.7785727977752686,4.202719688415527,4.5105180740356445,0.3077986240386963,1.7979979515075684,4.197034358978272,4.457612991333008,0.2605788707733154,1.7784061431884766,4.136080741882324,4.396392345428467,0.2603118121623993,1.7843825817108154,4.2152628898620605,4.485432624816895,0.2701697647571563,1.7776659727096558,4.177854537963867,4.439498901367188,0.2616444528102875,1.7851537466049194,4.234040260314941,4.499824047088623,0.26578351855278015
1.7868632078170776,4.1669230461120605,4.4255690574646,0.2586461305618286,1.7837095260620115,4.240347385406494,4.498212814331055,0.2578652501106262,1.773263454437256,4.286331653594971,4.541013717651367,0.2546820342540741,1.7643827199935913,4.231688499450684,4.493312835693359,0.2616242170333862,1.7637581825256348,4.221299171447754,4.491305828094482,0.2700068056583404,1.7840907573699951,4.283155918121338,4.5425124168396,0.2593565285205841,1.7783006429672241,4.230372428894043,4.528275489807129,0.29790303111076355
1.7942194938659668,4.139251232147217,4.39723014831543,0.2579789161682129,1.8175408840179443,4.175629138946533,4.42345666885376,0.2478280663490295,1.7954260110855105,4.2338480949401855,4.474917888641357,0.2410699427127838,1.784703493118286,4.257284164428711,4.495442390441895,0.2381578832864761,1.789320468902588,4.170966148376465,4.434701919555664,0.2637359201908111,1.787023901939392,4.202225685119629,4.429958343505859,0.2277330309152603,1.7626268863677979,4.2289323806762695,4.481115818023682,0.2521829605102539
1.7925543785095217,4.19878625869751,4.466623783111572,0.2678372859954834,1.7836216688156128,4.174557685852051,4.444273471832275,0.2697160542011261,1.783053278923035,4.204796314239502,4.422878742218018,0.2180819064378738,1.7863273620605469,4.198480606079102,4.477110862731934,0.2786304950714111,1.7896196842193604,4.215842723846436,4.467409610748291,0.2515667974948883,1.7729167938232422,4.1893720626831055,4.422780513763428,0.2334081530570984,1.8026078939437866,4.1728129386901855,4.408750534057617,0.23593753576278687
1.7978407144546509,4.16474723815918,4.427704334259033,0.2629574835300445,1.7878398895263672,4.29342794418335,4.55399751663208,0.2605697810649872,1.8032703399658203,4.256066799163818,4.483470916748047,0.2274042963981628,1.8039205074310305,4.241452217102051,4.495721340179443,0.2542691230773926,1.7888306379318235,4.274291515350342,4.528625965118408,0.2543343901634216,1.797372579574585,4.262850761413574,4.513238906860352,0.2503880560398102,1.7803007364273071,4.220926284790039,4.475836277008057,0.25491008162498474
1.789787769317627,4.204213619232178,4.468288898468018,0.2640752494335174,1.7597436904907229,4.1636271476745605,4.415224552154541,0.2515973746776581,1.7867933511734009,4.218381881713867,4.469040870666504,0.2506583034992218,1.7723841667175293,4.210229873657227,4.461122035980225,0.2508917450904846,1.7788342237472534,4.187938690185547,4.4334397315979,0.2455009520053863,1.7823611497879028,4.164305210113525,4.4324822425842285,0.2681772708892822,1.7744697332382202,4.1861491203308105,4.4486470222473145,0.2624976933002472
1.7913048267364502,4.23687219619751,4.511138439178467,0.2742666602134704,1.788212776184082,4.242679119110107,4.513575553894043,0.2708959877490997,1.8082088232040403,4.201467990875244,4.466157913208008,0.2646898627281189,1.816236972808838,4.217408657073975,4.506693840026856,0.2892853915691376,1.7860867977142334,4.180549144744873,4.466062068939209,0.2855130136013031,1.798862099647522,4.235151767730713,4.519728183746338,0.2845764458179474,1.7835105657577515,4.257605075836182,4.554401874542236,0.29679712653160095
1.796042561531067,4.225776672363281,4.47064733505249,0.2448700219392776,1.7589564323425293,4.183330535888672,4.405810356140137,0.2224798947572708,1.7837274074554443,4.208998680114746,4.468602657318115,0.2596044838428497,1.7959706783294678,4.22101640701294,4.4819536209106445,0.2609372437000274,1.768831729888916,4.151586532592773,4.41380786895752,0.2622215151786804,1.7796684503555298,4.202201843261719,4.462936878204346,0.2607349753379822,1.7893670797348022,4.1957783699035645,4.448662281036377,0.2528844475746155
1.7900885343551636,4.19198751449585,4.490500926971436,0.2985133826732635,1.7942458391189575,4.20653247833252,4.482181072235107,0.2756489813327789,1.7848492860794067,4.191137790679932,4.470945358276367,0.2798075377941131,1.8006922006607056,4.175692558288574,4.4591240882873535,0.2834314405918121,1.8097604513168333,4.21161413192749,4.492295742034912,0.2806817889213562,1.7859033346176147,4.159421443939209,4.462888240814209,0.3034665882587433,1.813461422920227,4.243288516998291,4.532668590545654,0.28938040137290955
1.776211857795715,4.1654791831970215,4.440413951873779,0.2749346494674682,1.7718833684921265,4.218501091003418,4.496492385864258,0.2779909968376159,1.7678064107894895,4.1698198318481445,4.464169502258301,0.2943494021892547,1.7838163375854492,4.210784435272217,4.4853620529174805,0.274577796459198,1.7524843215942385,4.163389205932617,4.4361772537231445,0.2727879881858825,1.7702350616455078,4.19530725479126,4.4704909324646,0.2751840651035309,1.765682578086853,4.295004844665527,4.5857977867126465,0.29079365730285645
1.7810808420181274,4.293548583984375,4.516578674316406,0.2230301201343536,1.8142589330673216,4.238645553588867,4.460276126861572,0.2216304987668991,1.800350785255432,4.236363887786865,4.4608330726623535,0.2244694828987121,1.7935491800308228,4.2509589195251465,4.481552600860596,0.2305936813354492,1.796898365020752,4.24691915512085,4.457219123840332,0.2102999240159988,1.7889060974121094,4.209062099456787,4.436368465423584,0.2273065000772476,1.781638503074646,4.165652275085449,4.407021522521973,0.24136923253536224
1.7942678928375244,4.1842217445373535,4.440201282501221,0.2559795975685119,1.763780951499939,4.169842720031738,4.436945915222168,0.2671032249927521,1.7603739500045776,4.221294403076172,4.5021586418151855,0.2808636724948883,5.63509464263916,4.691153049468994,4.844637870788574,0.1534847766160965,1.7900340557098389,4.18699836730957,4.435787677764893,0.248789295554161,1.775467038154602,4.222573280334473,4.486329555511475,0.2637563943862915,1.760014295578003,4.1553826332092285,4.424392223358154,0.26900941133499146
1.7976161241531372,4.172478675842285,4.434989929199219,0.2625114619731903,1.774573802947998,4.181744575500488,4.4439191818237305,0.2621747851371765,1.7949827909469604,4.242402076721191,4.502740859985352,0.2603388726711273,1.8077553510665887,4.276350975036621,4.559440612792969,0.2830895781517029,1.7799543142318726,4.225003719329834,4.47553014755249,0.2505263686180115,1.7981711626052856,4.173490524291992,4.455289363861084,0.28179931640625,1.7674884796142578,4.218998908996582,4.489955425262451,0.270956814289093
1.780961275100708,4.230108261108398,4.515185832977295,0.2850774824619293,1.778965950012207,4.170285224914551,4.412059307098389,0.2417742013931274,1.7772496938705444,4.243053913116455,4.520748615264893,0.2776942253112793,1.7837344408035278,4.209657192230225,4.459819793701172,0.2501626014709472,1.7667661905288696,4.226140975952148,4.4719085693359375,0.245767742395401,1.7887667417526243,4.153933048248291,4.434568405151367,0.280635118484497,1.7801774740219116,4.195703029632568,4.4429521560668945,0.2472492903470993
1.8005292415618896,4.213240146636963,4.466127872467041,0.2528875172138214,1.8090981245040887,4.199226379394531,4.459067344665527,0.2598408162593841,1.7744792699813845,4.236407279968262,4.493033409118652,0.2566261887550354,1.7889493703842163,4.197508335113525,4.445160865783691,0.2476525902748108,1.7910785675048828,4.252930164337158,4.503242015838623,0.2503117322921753,1.8489385843276975,4.227809429168701,4.49553918838501,0.2677295506000519,1.7795792818069458,4.246772289276123,4.5066118240356445,0.2598395347595215
1.78915274143219,4.187770843505859,4.432988166809082,0.2452169209718704,1.8282930850982664,4.237349033355713,4.451870441436768,0.2145213186740875,1.7485753297805786,4.202690124511719,4.446487903594971,0.2437976151704788,1.777800679206848,4.191786766052246,4.4327263832092285,0.2409393936395645,1.772073745727539,4.248889923095703,4.491085529327393,0.2421956211328506,1.7929956912994385,4.239954948425293,4.487199306488037,0.2472443878650665,1.7955567836761475,4.215979099273682,4.450521945953369,0.23454245924949646
1.8125840425491333,4.193102836608887,4.486983776092529,0.2938811480998993,1.7954425811767578,4.187968254089356,4.476506233215332,0.2885375618934631,1.790355563163757,4.149142742156982,4.426643371582031,0.2775006890296936,1.8077847957611084,4.141094207763672,4.412350177764893,0.2712560296058655,1.7841684818267822,4.200451374053955,4.47417688369751,0.2737254500389099,1.7946465015411377,4.176706790924072,4.456200122833252,0.2794930934906006,1.7798726558685303,4.257086277008057,4.535702228546143,0.2786158621311188
1.7985142469406128,4.204014301300049,4.456782341003418,0.252768874168396,1.769546389579773,4.170681953430176,4.435836791992188,0.2651550769805908,1.7936407327651978,4.216599941253662,4.4732160568237305,0.2566159665584564,1.7987726926803589,4.2138447761535645,4.458128929138184,0.2442842572927475,1.7776299715042114,4.190412998199463,4.470003604888916,0.2795911431312561,1.7884505987167358,4.227310657501221,4.523102283477783,0.2957916259765625,1.7706942558288574,4.20617151260376,4.466403961181641,0.2602323293685913
1.7841871976852417,4.24718713760376,4.533984184265137,0.2867968082427978,1.7728108167648315,4.158671379089356,4.435940265655518,0.2772689163684845,1.8046040534973145,4.234041690826416,4.493021965026856,0.2589797973632812,1.7794638872146606,4.213234901428223,4.485489368438721,0.2722545266151428,1.775130271911621,4.183933258056641,4.460653781890869,0.2767204642295837,1.7729839086532593,4.183105945587158,4.462087631225586,0.2789815068244934,1.7705451250076294,4.264875888824463,4.544489860534668,0.2796136736869812
1.7815030813217163,4.117037773132324,4.369218826293945,0.2521813511848449,1.7947252988815308,4.223785400390625,4.475979804992676,0.2521942853927612,1.7847048044204712,4.231496810913086,4.483643531799316,0.2521468698978424,1.782524585723877,4.188185691833496,4.461637020111084,0.2734511494636535,1.7848260402679443,4.188928127288818,4.448386192321777,0.2594584226608276,1.7666819095611572,4.261364459991455,4.5092363357543945,0.2478722780942917,1.7810487747192383,4.195888996124268,4.466958522796631,0.2710692882537842
1.8127987384796145,4.2226433753967285,4.484743595123291,0.2621002495288849,1.7612180709838867,4.222542762756348,4.505504608154297,0.2829618453979492,1.785996913909912,4.141195774078369,4.415725231170654,0.2745296657085418,1.782456874847412,4.126835346221924,4.386464595794678,0.2596293091773987,1.7981315851211548,4.223008632659912,4.479543685913086,0.2565347850322723,1.7858253717422483,4.215253829956055,4.473364353179932,0.2581100761890411,1.7825082540512085,4.2207350730896,4.4878740310668945,0.26713845133781433
1.800617814064026,4.266261577606201,4.53852128982544,0.2722598612308502,1.7818541526794434,4.231235504150391,4.493525505065918,0.2622904777526855,1.760239601135254,4.224832534790039,4.475618839263916,0.2507864832878113,5.417751312255859,3.729527950286865,3.9839367866516113,0.2544087469577789,3.630738735198975,3.172654867172241,3.998185396194458,0.825530469417572,4.582919120788574,4.143332481384277,4.448022365570068,0.3046896457672119,1.7940031290054321,4.276515007019043,4.534492492675781,0.25797757506370544
1.7868311405181885,4.18175745010376,4.430552959442139,0.2487954348325729,1.7629879713058472,4.1451849937438965,4.379528045654297,0.2343423068523407,1.7734246253967283,4.239400863647461,4.462733268737793,0.2233324944972992,1.759791612625122,4.2041215896606445,4.427882194519043,0.2237608879804611,1.764013648033142,4.242538928985596,4.46548318862915,0.2229437828063964,1.7817602157592771,4.185529708862305,4.416594505310059,0.2310644686222076,1.7731034755706787,4.249756336212158,4.475060939788818,0.2253044694662094
1.8140891790390008,4.234978675842285,4.527562618255615,0.2925840020179748,1.8080238103866573,4.206228733062744,4.504983425140381,0.2987543940544128,1.791770577430725,4.238064765930176,4.51927661895752,0.2812120318412781,1.798583745956421,4.239713668823242,4.558396816253662,0.3186831474304199,1.7614353895187378,4.207115650177002,4.492283344268799,0.2851678133010864,1.8044416904449463,4.205891132354736,4.486436367034912,0.2805452644824981,1.7814301252365112,4.236567974090576,4.536958694458008,0.3003907799720764
1.7809778451919556,4.1493682861328125,4.395904541015625,0.2465361803770065,1.790218710899353,4.116130828857422,4.363686561584473,0.2475554496049881,1.792954921722412,4.136649131774902,4.382226467132568,0.2455773204565048,1.7768138647079468,4.161684513092041,4.387962341308594,0.2262782901525497,1.7761353254318235,4.184213638305664,4.425099849700928,0.240885928273201,1.77883780002594,4.168496608734131,4.415449142456055,0.2469525784254074,1.7672683000564575,4.168630123138428,4.413302421569824,0.24467265605926514
1.799996018409729,4.273731708526611,4.517709732055664,0.2439778596162796,1.798266053199768,4.24357795715332,4.47080659866333,0.2272280305624008,1.7964167594909668,4.306252956390381,4.508292675018311,0.2020394206047058,1.7849291563034058,4.284457683563232,4.517642021179199,0.2331841588020324,1.7872967720031738,4.271058082580566,4.484032154083252,0.2129744440317154,1.7672377824783323,4.229691028594971,4.458937168121338,0.2292457371950149,1.8010741472244263,4.172550201416016,4.401798725128174,0.22924883663654327
1.7777425050735474,4.259337902069092,4.537886619567871,0.2785483300685882,1.8002736568450928,4.217019557952881,4.494694232940674,0.2776752412319183,1.7635383605957031,4.239416122436523,4.507967472076416,0.2685513794422149,1.758306622505188,4.241550922393799,4.5353851318359375,0.2938337028026581,1.7575795650482178,4.228788375854492,4.513377189636231,0.2845886349678039,1.7919726371765137,4.197822570800781,4.47794771194458,0.2801252603530884,1.786062240600586,4.225337982177734,4.4921555519104,0.2668170630931854
1.7992736101150513,4.191014766693115,4.429178714752197,0.2381638884544372,1.7929298877716064,4.251977443695068,4.456943511962891,0.2049664556980133,1.766714096069336,4.200890064239502,4.421539306640625,0.2206496596336364,1.7651220560073853,4.236710548400879,4.458725929260254,0.2220154404640197,1.7719759941101074,4.181103706359863,4.401919364929199,0.2208155542612075,1.7873300313949585,4.222353458404541,4.459780216217041,0.2374269664287567,1.788952112197876,4.256195068359375,4.488415241241455,0.23221996426582336
1.8274824619293213,4.221220970153809,4.499769687652588,0.2785485684871673,1.811383605003357,4.137331962585449,4.425023078918457,0.2876912653446197,1.7966073751449585,4.174753665924072,4.437314033508301,0.2625607252120971,1.783229947090149,4.183906078338623,4.46390962600708,0.2800038456916809,1.7882378101348877,4.199254512786865,4.485515594482422,0.2862606942653656,1.83445143699646,4.211359024047852,4.489203453063965,0.277845025062561,1.783591628074646,4.285162925720215,4.582479476928711,0.2973165214061737
1.797675609588623,4.2140069007873535,4.469984531402588,0.2559773027896881,1.778645157814026,4.230963706970215,4.4828782081604,0.2519144713878631,1.799076795578003,4.241848945617676,4.488061428070068,0.2462126165628433,1.7893280982971191,4.157537460327148,4.413136005401611,0.2555986940860748,1.7808507680892944,4.19973087310791,4.460593700408936,0.2608622908592224,1.7798136472702026,4.202933311462402,4.432406902313232,0.2294736951589584,1.7745888233184814,4.217903137207031,4.460781097412109,0.24287743866443634
1.8024802207946773,4.23445987701416,4.461988925933838,0.2275289893150329,1.7808881998062134,4.210910797119141,4.494758605957031,0.2838475704193115,1.796351432800293,4.199154376983643,4.459795475006104,0.260640949010849,1.7898999452590942,4.221131324768066,4.487136363983154,0.2660050094127655,1.7839889526367188,4.185924530029297,4.443673133850098,0.257748544216156,1.8029109239578247,4.24813175201416,4.539072036743164,0.2909397184848785,1.778805136680603,4.239336013793945,4.495138645172119,0.25580281019210815
1.7865564823150637,4.2524895668029785,4.504836559295654,0.2523470222949981,1.7769722938537598,4.16677188873291,4.420423984527588,0.2536521255970001,1.7757530212402344,4.20710563659668,4.454524517059326,0.2474188953638076,1.772294282913208,4.275772571563721,4.545191287994385,0.269418865442276,1.7793248891830444,4.230059146881104,4.497703552246094,0.2676446735858917,1.7567726373672483,4.215585231781006,4.471055507659912,0.2554702758789062,1.7801109552383423,4.275074481964111,4.536728858947754,0.26165470480918884
1.8015611171722408,4.165069103240967,4.408273696899414,0.2432045638561248,1.79028582572937,4.17239236831665,4.410441875457764,0.2380494177341461,1.7713634967803955,4.222102642059326,4.462457656860352,0.2403552085161209,1.7896344661712646,4.239503860473633,4.470408439636231,0.2309047132730484,1.7855563163757324,4.189003944396973,4.432694435119629,0.2436906099319458,1.7782195806503296,4.241358757019043,4.480020999908447,0.2386625409126281,1.7824764251708984,4.226813316345215,4.4382219314575195,0.21140913665294647
1.7686594724655151,4.148313045501709,4.413026332855225,0.2647134065628052,1.775026798248291,4.235278129577637,4.4981770515441895,0.2628987431526184,1.7634915113449097,4.2102484703063965,4.45059061050415,0.2403422594070434,1.8017364740371704,4.237164497375488,4.508477210998535,0.2713124752044678,1.7883470058441162,4.208879470825195,4.424086570739746,0.2152074575424194,1.7928118705749512,4.255133628845215,4.5138840675354,0.2587500810623169,1.7915277481079102,4.271547794342041,4.530688285827637,0.2591403126716614
1.7945352792739868,4.222027778625488,4.481651782989502,0.2596236765384674,1.7942867279052734,4.266045570373535,4.545549392700195,0.279503732919693,1.764829158782959,4.200574398040772,4.457794189453125,0.2572199404239654,1.804459571838379,4.222354888916016,4.460283756256104,0.2379291504621505,1.7649736404418943,4.31719446182251,4.583739280700684,0.2665450572967529,1.769294023513794,4.215478897094727,4.48424243927002,0.2687635421752929,1.7775695323944092,4.272065162658691,4.526167392730713,0.2541024088859558
1.7687352895736694,4.1899495124816895,4.435764312744141,0.2458149790763855,1.7744249105453491,4.233974933624268,4.483404636383057,0.2494295984506607,1.7865692377090454,4.252677440643311,4.503909111022949,0.2512317299842834,1.7853562831878662,4.2123212814331055,4.459733963012695,0.2474127113819122,1.7730196714401243,4.187644958496094,4.419903755187988,0.2322588711977005,1.7896931171417236,4.252875804901123,4.490625858306885,0.2377499192953109,1.7917391061782837,4.2199554443359375,4.463272571563721,0.24331723153591156
1.7709362506866455,4.166142463684082,4.4332661628723145,0.2671236097812652,1.7972276210784912,4.207791805267334,4.475955486297607,0.2681637406349182,1.7711941003799438,4.152000427246094,4.438773155212402,0.2867721617221832,1.7858816385269165,4.1357526779174805,4.40866231918335,0.2729099094867706,1.7762905359268188,4.233038902282715,4.531744956970215,0.2987063229084015,1.786417007446289,4.177343368530273,4.464651584625244,0.2873084545135498,1.7909584045410156,4.200479507446289,4.466134071350098,0.2656547427177429
1.7896089553833008,4.121960639953613,4.377429485321045,0.2554687261581421,1.770840406417847,4.1851911544799805,4.462960243225098,0.2777687907218933,1.7790663242340088,4.194330215454102,4.465723037719727,0.271392673254013,1.7849414348602295,4.18694543838501,4.444950103759766,0.258005142211914,1.755678653717041,4.198509693145752,4.4607110023498535,0.2622011005878448,1.780414342880249,4.176645278930664,4.433661937713623,0.2570165395736694,1.7526746988296509,4.204169273376465,4.467404365539551,0.2632349133491516
1.7952158451080322,4.231886863708496,4.500137805938721,0.2682510018348694,1.7821424007415771,4.229312419891357,4.504343986511231,0.2750316858291626,1.7656692266464231,4.255035877227783,4.526389598846436,0.2713538706302643,1.77905011177063,4.209360599517822,4.479504108428955,0.2701436877250671,1.7912628650665283,4.209774494171143,4.49273157119751,0.2829570770263672,1.7691893577575684,4.195403575897217,4.472862720489502,0.2774595916271209,1.7830578088760376,4.224359035491943,4.49743127822876,0.27307215332984924
1.8415353298187256,4.218772411346436,4.48482608795166,0.2660535871982574,1.8007718324661257,4.1444268226623535,4.431698322296143,0.2872714698314667,1.7902711629867554,4.255269527435303,4.519707202911377,0.2644377946853637,1.7965614795684814,4.229238986968994,4.489962100982666,0.2607231736183166,1.7925782203674316,4.2194013595581055,4.489005088806152,0.2696040272712707,1.7935528755187988,4.271506786346436,4.549718856811523,0.2782119214534759,1.7863467931747437,4.233518123626709,4.513525485992432,0.2800070345401764
1.8030036687850952,4.231134414672852,4.48491907119751,0.253784567117691,1.7684876918792725,4.217675685882568,4.465564250946045,0.2478886246681213,1.7856078147888184,4.235530376434326,4.485233783721924,0.249703362584114,1.7886394262313845,4.255125045776367,4.48576545715332,0.2306405305862426,1.7815526723861694,4.171272277832031,4.40390682220459,0.2326342016458511,1.7859938144683838,4.228150367736816,4.484796047210693,0.2566455006599426,1.7763111591339111,4.215028285980225,4.470835208892822,0.2558067739009857
1.771310329437256,4.183224201202393,4.446020603179932,0.2627962529659271,1.80332350730896,4.224429130554199,4.462950706481934,0.2385218292474746,1.7853786945343018,4.238111972808838,4.484683036804199,0.2465709149837494,1.7659666538238523,4.226992130279541,4.466259002685547,0.2392665296792984,1.7938692569732666,4.179794788360596,4.429041385650635,0.2492462992668151,1.7780779600143433,4.150015354156494,4.392584323883057,0.2425687164068222,1.7771550416946411,4.191871643066406,4.441706657409668,0.24983501434326172
1.8086985349655151,4.178172111511231,4.404497146606445,0.2263249605894088,1.7819039821624756,4.17957067489624,4.424262046813965,0.2446912676095962,1.7693889141082764,4.184512138366699,4.429501533508301,0.2449892163276672,1.7772843837738037,4.126125812530518,4.371636390686035,0.2455104440450668,1.7957741022109983,4.1426191329956055,4.376595497131348,0.2339765876531601,1.7692676782608032,4.157036781311035,4.40312385559082,0.246086910367012,1.8067108392715454,4.285419940948486,4.526763916015625,0.24134396016597748
1.7860445976257324,4.162869930267334,4.474908828735352,0.3120386302471161,1.8037965297698968,4.205633163452148,4.489150047302246,0.2835168540477752,1.7831175327301023,4.212208271026611,4.514839172363281,0.3026314377784729,1.7908185720443726,4.214934349060059,4.500938892364502,0.2860045135021209,1.7714768648147583,4.181928634643555,4.479753494262695,0.2978246808052063,1.7777045965194702,4.2596049308776855,4.550814628601074,0.2912093102931976,1.7848831415176392,4.224538326263428,4.5111589431762695,0.28662109375
1.7878459692001345,4.160719871520996,4.393575191497803,0.2328557074069976,1.79211688041687,4.127665519714356,4.353635311126709,0.2259700000286102,1.79131281375885,4.201132774353027,4.4406609535217285,0.2395280748605728,1.8149268627166748,4.138096332550049,4.3670973777771,0.2290009558200836,1.788596510887146,4.20841121673584,4.441679954528809,0.2332684397697448,1.793866753578186,4.1907219886779785,4.400033950805664,0.2093119770288467,1.7763862609863281,4.161960601806641,4.391666889190674,0.22970640659332275
1.812472939491272,4.202479839324951,4.476807117462158,0.2743271291255951,1.7808012962341309,4.226963520050049,4.489140033721924,0.2621765434741974,1.7940497398376465,4.182370185852051,4.47927713394165,0.2969072163105011,1.8031249046325684,4.169509410858154,4.4495625495910645,0.2800533175468445,1.781810998916626,4.123149394989014,4.3994317054748535,0.2762826681137085,1.793052077293396,4.198939800262451,4.461942195892334,0.2630020380020141,1.7938601970672607,4.224920272827148,4.521311283111572,0.2963908612728119
1.769965887069702,4.192499160766602,4.456097602844238,0.2635985314846039,1.7741211652755735,4.223316669464111,4.512824535369873,0.2895083427429199,1.7432918548583984,4.205790996551514,4.466217041015625,0.2604262232780456,1.786105751991272,4.190356254577637,4.4719977378845215,0.2816417217254638,1.755966305732727,4.148153305053711,4.407744884490967,0.2595916092395782,1.7662242650985718,4.166801929473877,4.43397331237793,0.2671713232994079,1.7664262056350708,4.180915832519531,4.447247505187988,0.26633188128471375
1.7679455280303955,4.149521350860596,4.415584087371826,0.2660629153251648,1.8109729290008545,4.235452175140381,4.480805397033691,0.2453535348176956,1.7755533456802368,4.184795379638672,4.427290439605713,0.2424948066473007,1.7695928812026978,4.164909362792969,4.4239678382873535,0.2590586543083191,1.763992190361023,4.153936862945557,4.398055076599121,0.2441184669733047,1.773997187614441,4.194796562194824,4.490126132965088,0.295329600572586,1.7728058099746704,4.229577541351318,4.511744022369385,0.2821666896343231
1.804280400276184,4.2043538093566895,4.4709343910217285,0.2665802538394928,1.7978371381759644,4.260201454162598,4.516838550567627,0.256636381149292,1.7783348560333252,4.169977188110352,4.447525501251221,0.27754807472229,1.8000563383102417,4.208972930908203,4.483913421630859,0.2749406099319458,1.7892580032348633,4.272137641906738,4.529375076293945,0.2572374939918518,1.8200596570968628,4.24692440032959,4.514123439788818,0.2671991884708404,1.8008922338485718,4.216197967529297,4.4781341552734375,0.26193687319755554
1.7922548055648804,4.156760692596436,4.412579536437988,0.2558189630508423,1.8028514385223389,4.187511920928955,4.445173740386963,0.2576618194580078,1.7793464660644531,4.120307445526123,4.377439022064209,0.2571314573287964,1.7882593870162964,4.077699661254883,4.349147319793701,0.271448016166687,1.780186891555786,4.172948837280273,4.422894477844238,0.2499454617500305,1.7806475162506104,4.260276794433594,4.507174491882324,0.2468975186347961,1.8177140951156616,4.239505290985107,4.49629545211792,0.25679001212120056
1.7637560367584229,4.140701770782471,4.3954925537109375,0.2547909319400787,1.770056962966919,4.154127597808838,4.416179180145264,0.2620516717433929,1.769248366355896,4.191362857818604,4.4447431564331055,0.2533802986145019,1.7783968448638916,4.203654766082764,4.474297523498535,0.2706430554389953,1.7702542543411257,4.215917587280273,4.479202747344971,0.2632849812507629,1.7955405712127686,4.101611137390137,4.367980003356934,0.266369104385376,1.7832204103469849,4.211106777191162,4.459967613220215,0.24886107444763184
1.7879149913787842,4.208566188812256,4.495140552520752,0.2865740656852722,1.7885466814041138,4.169268131256104,4.445548534393311,0.276280790567398,1.8010658025741575,4.270632266998291,4.542539596557617,0.27190762758255,1.7603808641433716,4.192018985748291,4.463101387023926,0.2710825502872467,1.7748442888259888,4.252698421478272,4.545619487762451,0.2929216623306274,1.7870818376541138,4.259477615356445,4.527116298675537,0.2676387429237366,1.7611547708511353,4.235068321228027,4.505486488342285,0.27041804790496826
1.794633865356445,4.150881767272949,4.41079044342041,0.2599091231822967,1.8042711019515991,4.2330098152160645,4.486477375030518,0.2534678280353546,1.7774063348770142,4.224876403808594,4.476693630218506,0.2518171370029449,1.795580267906189,4.16408634185791,4.438834190368652,0.2747480571269989,1.773308277130127,4.237152576446533,4.486598014831543,0.2494457364082336,1.7761473655700684,4.178277969360352,4.462905406951904,0.2846275269985199,1.8008732795715332,4.214802265167236,4.469393730163574,0.2545917332172394
1.8050633668899536,4.179667949676514,4.4141364097595215,0.234468325972557,1.7942050695419312,4.165135383605957,4.39840841293335,0.2332728058099746,1.771485447883606,4.182513236999512,4.416456699371338,0.2339435517787933,1.775755763053894,4.172347545623779,4.410568714141846,0.2382214218378067,1.7764291763305664,4.239055633544922,4.453703880310059,0.2146480679512024,1.7682565450668335,4.24059009552002,4.485546588897705,0.2449561208486557,1.7834556102752686,4.227707386016846,4.452882766723633,0.22517573833465576
1.7661796808242798,4.159242630004883,4.438169479370117,0.278927206993103,1.785090446472168,4.1959662437438965,4.467786312103272,0.2718201875686645,1.7721022367477417,4.20827054977417,4.49176549911499,0.2834949195384979,1.7847779989242554,4.197666645050049,4.467089653015137,0.2694226503372192,1.7641944885253906,4.193153858184815,4.47474479675293,0.2815907597541809,1.768997311592102,4.146918773651123,4.433477878570557,0.2865587472915649,1.8009822368621826,4.226562023162842,4.522265911102295,0.2957039773464203
1.785861253738403,4.167769432067871,4.436879634857178,0.2691098749637604,1.785022258758545,4.206693172454834,4.4709153175354,0.2642221450805664,1.7686179876327517,4.251208782196045,4.547799110412598,0.2965906858444214,1.7894728183746338,4.201518535614014,4.469435214996338,0.2679165005683899,1.793760895729065,4.214629173278809,4.486501216888428,0.2718721628189087,1.763720154762268,4.205657005310059,4.473991394042969,0.2683345079421997,1.8033185005187988,4.196588516235352,4.489241600036621,0.29265323281288147
1.7791858911514282,4.155066013336182,4.419025421142578,0.2639592289924621,1.786249756813049,4.207119464874268,4.490211009979248,0.2830915749073028,1.7704919576644895,4.2132110595703125,4.465663433074951,0.2524527311325073,1.7513585090637207,4.236773014068604,4.526603221893311,0.2898300290107727,1.7735871076583862,4.241894245147705,4.498979091644287,0.2570845484733581,1.7863258123397827,4.243929862976074,4.540500164031982,0.2965704500675201,1.767643690109253,4.317736625671387,4.579649925231934,0.2619129419326782
1.8088440895080569,4.11934757232666,4.3785905838012695,0.2592425942420959,1.7873964309692385,4.2051544189453125,4.472630977630615,0.2674765288829803,1.8149062395095823,4.148703575134277,4.410709857940674,0.2620061039924621,1.7984236478805542,4.163196563720703,4.428136348724365,0.2649401128292084,1.788757562637329,4.252553462982178,4.523454666137695,0.2709008157253265,1.7903655767440796,4.171272277832031,4.442599296569824,0.2713267505168915,1.8015466928482056,4.180005073547363,4.444445610046387,0.26443982124328613
1.80417275428772,4.125204563140869,4.381960391998291,0.2567559480667114,1.7910820245742798,4.226176261901856,4.467595100402832,0.2414185255765915,1.7950676679611206,4.211983680725098,4.485072612762451,0.2730884253978729,1.7770755290985107,4.199112415313721,4.465925693511963,0.2668129503726959,1.779857873916626,4.227725982666016,4.498044967651367,0.2703188061714172,1.7790676355361938,4.255607128143311,4.485100269317627,0.2294936627149582,1.8028417825698853,4.224217414855957,4.4866557121276855,0.2624376118183136
1.7925405502319336,4.189883708953857,4.462392330169678,0.2725083231925964,1.8060266971588133,4.246283054351807,4.523266792297363,0.2769837975502014,1.7745646238327026,4.158287048339844,4.418598651885986,0.2603116035461426,1.7814334630966189,4.16267204284668,4.422025680541992,0.2593540847301483,1.7959407567977903,4.222764492034912,4.485429763793945,0.2626650631427765,1.7802354097366333,4.231904029846191,4.509456634521484,0.277552455663681,1.7843674421310425,4.19357442855835,4.485141277313232,0.2915666699409485
1.808736801147461,4.265102386474609,4.504858016967773,0.2397556900978088,1.7709383964538574,4.255420207977295,4.485286235809326,0.2298660576343536,1.7931556701660156,4.268912315368652,4.476037502288818,0.2071246206760406,1.8077468872070312,4.267362594604492,4.483551979064941,0.216189295053482,1.7823132276535034,4.252289295196533,4.456724166870117,0.2044346034526825,1.7665421962738037,4.273036479949951,4.484500408172607,0.2114641368389129,1.7542598247528076,4.184828758239746,4.422598361968994,0.23776963353157043
1.7825098037719729,4.204911231994629,4.479040622711182,0.274128794670105,1.789520025253296,4.186740398406982,4.468142986297607,0.2814026474952698,1.798303484916687,4.22952127456665,4.507241249084473,0.2777196168899536,1.8157552480697632,4.224867343902588,4.501259326934815,0.2763919830322265,7.453751564025879,9.350964546203612,9.356907844543455,0.0059430035762488,1.7838714122772217,4.239635944366455,4.506586074829102,0.2669506371021271,1.7785894870758057,4.203948497772217,4.474742412567139,0.2707933485507965
1.7921967506408691,4.195742607116699,4.430621147155762,0.2348785996437072,1.7679638862609863,4.183537006378174,4.443251132965088,0.2597140669822693,1.777152180671692,4.124478340148926,4.3801703453063965,0.255691796541214,1.7762668132781982,4.161258697509766,4.404987335205078,0.2437288761138916,1.7987117767333984,4.120875835418701,4.3496198654174805,0.2287443131208419,1.7754327058792114,4.149787902832031,4.373323917388916,0.2235364317893982,1.7828032970428467,4.246280193328857,4.510354518890381,0.26407429575920105
1.824140906333924,4.132143020629883,4.367966651916504,0.2358241230249405,1.7962945699691772,4.281907081604004,4.5135650634765625,0.231657937169075,1.8158378601074217,4.204872608184815,4.443753242492676,0.2388803511857986,1.786608099937439,4.234169483184815,4.474202632904053,0.240033358335495,1.7873321771621704,4.147994041442871,4.386158466339111,0.2381648272275924,1.7953376770019531,4.213813781738281,4.45732307434082,0.2435096651315689,1.787745714187622,4.265280246734619,4.509871006011963,0.24459047615528107
1.8143572807312007,4.2713623046875,4.526342868804932,0.2549805045127868,1.7894480228424072,4.198743343353272,4.438598155975342,0.2398546487092971,1.779890537261963,4.217926979064941,4.478457927703857,0.260531336069107,1.80329704284668,4.2271270751953125,4.483282089233398,0.256154865026474,1.7873265743255615,4.239469051361084,4.493622303009033,0.2541531920433044,1.792163610458374,4.230255603790283,4.456144332885742,0.2258888185024261,1.7559314966201782,4.168527126312256,4.426888465881348,0.25836101174354553
1.7948808670043943,4.073306560516357,4.333752632141113,0.2604464590549469,1.800206422805786,4.126833915710449,4.386673450469971,0.259839802980423,1.805924773216248,4.169950008392334,4.480847358703613,0.3108971416950226,1.8012666702270508,4.144683837890625,4.412497043609619,0.2678137123584747,1.79011869430542,4.188640594482422,4.47678804397583,0.2881473302841186,1.7842042446136477,4.19701623916626,4.47592830657959,0.2789125144481659,1.8042657375335693,4.14560079574585,4.426948547363281,0.2813475728034973
1.81213641166687,4.14211368560791,4.404456615447998,0.2623433470726013,1.8025810718536377,4.162990093231201,4.431041717529297,0.2680516541004181,1.7869337797164917,4.135763645172119,4.420539379119873,0.2847761213779449,1.7791422605514526,4.153572082519531,4.409108638763428,0.2555365264415741,1.7817484140396118,4.176274299621582,4.419079303741455,0.242805615067482,1.7851066589355469,4.168922424316406,4.421134948730469,0.2522124648094177,1.7734830379486084,4.209505081176758,4.468077182769775,0.2585723400115967
1.7861789464950562,4.150094985961914,4.415990352630615,0.2658953070640564,1.7809925079345703,4.265878200531006,4.550508499145508,0.2846295833587646,1.786521077156067,4.216870307922363,4.464639186859131,0.2477695196866989,1.7780107259750366,4.17138671875,4.446536540985107,0.2751496434211731,1.777704834938049,4.3142571449279785,4.581487655639648,0.2672307789325714,1.7541176080703735,4.256011962890625,4.529525279998779,0.2735130786895752,1.7569948434829712,4.240782737731934,4.534940719604492,0.29415807127952576
1.806004762649536,4.171036243438721,4.437636375427246,0.2666002810001373,1.807109236717224,4.269472599029541,4.526318073272705,0.2568455040454864,1.7945924997329712,4.218528747558594,4.490592002868652,0.2720631957054138,1.7857933044433594,4.166471481323242,4.427024364471436,0.2605525553226471,1.7842108011245728,4.180062770843506,4.446932315826416,0.2668696045875549,1.8125845193862915,4.2141852378845215,4.490460395812988,0.276275634765625,1.7947531938552856,4.175680637359619,4.425307273864746,0.24962621927261353
1.8126728534698489,4.203282833099365,4.459815979003906,0.2565328478813171,1.78744375705719,4.293444633483887,4.553468704223633,0.2600246965885162,1.7928855419158936,4.295766830444336,4.555621147155762,0.2598538398742676,1.7776103019714355,4.26323938369751,4.540295124053955,0.277055948972702,1.7793129682540894,4.2199015617370605,4.45719051361084,0.2372884899377823,1.7840567827224731,4.247418403625488,4.501708984375,0.2542906701564789,1.784487247467041,4.244285583496094,4.50206995010376,0.25778383016586304
1.7708775997161863,4.25285530090332,4.481124401092529,0.2282691299915313,1.7787766456604004,4.259448528289795,4.500876426696777,0.2414276897907257,1.7833280563354492,4.354231357574463,4.594788551330566,0.2405570596456527,1.786680817604065,4.213829040527344,4.4578857421875,0.2440568953752517,1.778323769569397,4.2753729820251465,4.517254829406738,0.2418822944164276,1.7682759761810305,4.284425735473633,4.517715930938721,0.2332899719476699,1.7767822742462158,4.210705280303955,4.431402206420898,0.22069668769836426
1.7993162870407104,4.189956665039063,4.454808712005615,0.2648517191410064,1.8340622186660769,4.173072814941406,4.43189811706543,0.2588252127170563,1.8038338422775269,4.285953998565674,4.5601654052734375,0.2742113471031189,1.7819194793701172,4.245266437530518,4.505948066711426,0.2606816291809082,1.8034862279891968,4.08362340927124,4.368240833282471,0.2846176326274872,1.8022538423538208,4.192755699157715,4.472844123840332,0.2800891697406769,1.798872470855713,4.195014953613281,4.458992004394531,0.26397705078125
1.800639271736145,4.138192176818848,4.392771720886231,0.2545795738697052,1.7938344478607178,4.254858016967773,4.513105392456055,0.2582476437091827,1.773168921470642,4.168130397796631,4.422107219696045,0.2539767920970917,1.786833643913269,4.190914154052734,4.448307037353516,0.2573926150798797,1.7807583808898926,4.232948303222656,4.49384069442749,0.2608923614025116,1.8097270727157595,4.223237991333008,4.473017692565918,0.2497792243957519,1.7916555404663086,4.266006946563721,4.508803844451904,0.24279694259166718
1.797036051750183,4.204595565795898,4.507945537567139,0.3033502995967865,1.8031035661697388,4.205877780914307,4.480729579925537,0.2748516201972961,1.7907658815383911,4.142573833465576,4.409618854522705,0.2670443952083587,1.8097549676895144,4.117793083190918,4.381918430328369,0.2641253471374511,1.842224597930908,4.25448751449585,4.560643196105957,0.3061561584472656,1.8239777088165283,4.183581829071045,4.480792045593262,0.297210544347763,1.7828614711761475,4.2156147956848145,4.482888698577881,0.2672739028930664
1.799569606781006,4.241810321807861,4.498785018920898,0.2569741010665893,1.771029710769653,4.221874237060547,4.470328330993652,0.2484545111656189,1.7809208631515503,4.267373561859131,4.489864349365234,0.2224909663200378,1.790699124336243,4.262423992156982,4.508655548095703,0.2462314069271087,1.79414701461792,4.2401862144470215,4.4889235496521,0.2487370073795318,1.7926331758499146,4.234998226165772,4.478657245635986,0.2436592280864715,1.7882939577102661,4.237528324127197,4.478421211242676,0.2408924549818039
1.8089656829833984,4.243837356567383,4.538864612579346,0.2950275540351867,1.80466628074646,4.279556274414063,4.549487590789795,0.2699315249919891,1.7730976343154907,4.207555770874023,4.473368167877197,0.265812337398529,1.7503687143325806,4.194347858428955,4.481991767883301,0.2876438498497009,1.7845531702041626,4.182579517364502,4.461434841156006,0.2788550555706024,1.7618595361709597,4.126661777496338,4.39081335067749,0.2641516625881195,1.763043999671936,4.300676345825195,4.535285472869873,0.23460963368415833
1.7835423946380615,4.187320232391357,4.47018575668335,0.2828656435012817,1.7821407318115234,4.269736289978027,4.5526509284973145,0.2829142212867737,1.7801995277404783,4.20791482925415,4.536321640014648,0.3284068405628204,1.7894761562347412,4.208095073699951,4.495327472686768,0.2872325181961059,1.7960100173950195,4.163573741912842,4.479996681213379,0.316423088312149,1.7860223054885864,4.163165092468262,4.449759006500244,0.2865940034389496,1.7857669591903687,4.1932878494262695,4.473117351531982,0.27982965111732483
1.8139735460281368,4.267555236816406,4.536835193634033,0.269279807806015,1.7690637111663818,4.191309928894043,4.456496715545654,0.2651873528957367,1.7667821645736694,4.200990200042725,4.464542865753174,0.2635525465011596,1.7782407999038696,4.231802940368652,4.509780883789063,0.2779779434204101,1.7900906801223757,4.246854305267334,4.526638984680176,0.2797843813896179,1.7764136791229248,4.222724914550781,4.520285606384277,0.2975611090660095,1.7755526304244995,4.224262714385986,4.489095687866211,0.26483336091041565
1.801826000213623,4.158192157745361,4.412217140197754,0.2540250122547149,1.7886264324188232,4.20864200592041,4.444867134094238,0.2362248599529266,1.7788010835647583,4.118659019470215,4.381513595581055,0.2628543078899383,1.782101273536682,4.219478607177734,4.472458362579346,0.2529800832271576,1.7788002490997314,4.211033344268799,4.459901809692383,0.2488684207201004,1.8172398805618288,4.263035774230957,4.482821464538574,0.2197856456041336,1.7748582363128662,4.174389839172363,4.438485145568848,0.2640955150127411
1.802426815032959,4.089972019195557,4.360432147979736,0.2704600989818573,1.7664211988449097,4.16835880279541,4.441565036773682,0.2732058763504028,1.7710009813308716,4.195895671844482,4.445144176483154,0.2492489516735077,1.774632692337036,4.179195404052734,4.437570571899414,0.2583750486373901,1.8058305978775024,4.070695877075195,4.349442481994629,0.2787465155124664,1.780070662498474,4.209498405456543,4.463446617126465,0.2539480328559875,1.8164424896240234,4.211016654968262,4.453969955444336,0.24295327067375183
1.8022199869155884,4.19827127456665,4.467468738555908,0.2691973149776459,1.819224238395691,4.210211753845215,4.474965572357178,0.2647534906864166,1.8050061464309688,4.259676456451416,4.523956775665283,0.2642799019813537,1.8024888038635247,4.24723482131958,4.501883506774902,0.2546488642692566,1.792521357536316,4.198043346405029,4.4858598709106445,0.2878164947032928,1.799178957939148,4.239937782287598,4.495124816894531,0.2551867961883545,1.8135859966278076,4.254858016967773,4.531070709228516,0.2762127220630646
1.833498239517212,4.257920742034912,4.516571521759033,0.2586506605148315,1.794552445411682,4.206005573272705,4.460065841674805,0.2540604770183563,1.8006315231323242,4.328663349151611,4.575901031494141,0.247236967086792,42.44844436645508,37.829063415527344,47.3006591796875,9.471599578857422,1.7989349365234375,4.224263668060303,4.487935543060303,0.2636714577674866,1.7997952699661257,4.223586082458496,4.477449893951416,0.2538640201091766,1.805611252784729,4.2594709396362305,4.519830226898193,0.26035943627357483
1.8011853694915771,4.273313045501709,4.563265800476074,0.2899529337882995,1.7790322303771973,4.203214168548584,4.49352502822876,0.2903110086917877,1.7980841398239136,4.219233512878418,4.52599573135376,0.3067626655101776,1.805003881454468,4.206141471862793,4.486968517303467,0.2808268964290619,1.7925465106964111,4.222497940063477,4.537016868591309,0.3145183324813843,1.7805182933807373,4.114099502563477,4.400341033935547,0.286241739988327,1.7780516147613525,4.2200798988342285,4.522730827331543,0.3026513457298279
1.796689748764038,4.1834893226623535,4.461989402770996,0.2785000205039978,1.804272413253784,4.175770282745361,4.474215984344482,0.2984455823898315,1.7902107238769531,4.278031826019287,4.555800914764404,0.2777697145938873,1.8068578243255613,4.229871273040772,4.499935626983643,0.2700643539428711,1.779130220413208,4.2066650390625,4.486881256103516,0.2802166640758514,1.7799594402313232,4.226341247558594,4.51364803314209,0.2873070240020752,1.7805519104003906,4.197643280029297,4.472655773162842,0.27501267194747925
1.7972760200500488,4.12321662902832,4.381950855255127,0.2587343156337738,1.7848410606384275,4.199237823486328,4.458549499511719,0.2593115270137787,1.7840865850448608,4.179933547973633,4.432989120483398,0.2530555725097656,1.7874835729599,4.1921796798706055,4.436842441558838,0.2446625381708145,1.7936804294586182,4.24186897277832,4.508913040161133,0.267044186592102,1.7755341529846191,4.155125617980957,4.4062042236328125,0.2510783672332763,1.8015975952148438,4.174111843109131,4.438589572906494,0.2644776701927185
1.7929551601409912,4.204241752624512,4.467491626739502,0.263250470161438,1.8033348321914675,4.177456378936768,4.438380718231201,0.260923832654953,1.771548628807068,4.168600082397461,4.435739517211914,0.2671391069889068,1.805694460868836,4.116683006286621,4.376887321472168,0.2602043151855469,1.7808489799499512,4.250500679016113,4.539543151855469,0.289042204618454,1.766249656677246,4.1475749015808105,4.445387840270996,0.2978129088878631,1.807525873184204,4.185787677764893,4.443183898925781,0.2573961019515991
1.8126096725463867,4.197624683380127,4.460526943206787,0.2629025280475616,1.7983627319335938,4.210196495056152,4.452620506286621,0.2424242496490478,1.7669628858566284,4.2143235206604,4.43637228012085,0.2220491021871566,1.7798364162445068,4.22306489944458,4.457211494445801,0.2341469526290893,1.7660493850708008,4.21149492263794,4.448787689208984,0.2372930198907852,1.7779465913772583,4.200126647949219,4.451694488525391,0.2515679597854614,1.7735182046890259,4.183099269866943,4.433465957641602,0.25036635994911194
1.829263687133789,4.219088077545166,4.505887508392334,0.2867990136146545,1.783871054649353,4.104734897613525,4.364276885986328,0.2595419287681579,1.788238286972046,4.229597568511963,4.490410804748535,0.2608129382133484,1.7823176383972168,4.240893363952637,4.52996826171875,0.2890750765800476,1.772545337677002,4.206728935241699,4.466102123260498,0.2593727707862854,1.8100277185440063,4.243759632110596,4.498768329620361,0.2550086975097656,1.7727179527282715,4.201390266418457,4.467640399932861,0.266250342130661
1.8118793964385984,4.175305366516113,4.450684070587158,0.2753784358501434,1.7623382806777954,4.207642078399658,4.492821216583252,0.2851789891719818,1.773452639579773,4.162069320678711,4.414920330047607,0.2528509795665741,1.7825038433074951,4.179640769958496,4.436355113983154,0.2567142844200134,1.7924585342407229,4.179262161254883,4.441396236419678,0.2621340453624725,1.7676851749420166,4.1906938552856445,4.487103462219238,0.2964100837707519,1.7701643705368042,4.16200590133667,4.4225172996521,0.2605111598968506
1.817930102348328,4.130930423736572,4.399963855743408,0.2690331935882568,1.7739940881729126,4.220739364624023,4.514770984649658,0.294031947851181,1.7593820095062256,4.176198959350586,4.445321559906006,0.2691226899623871,1.7661834955215454,4.219051837921143,4.512787818908691,0.2937363684177398,1.7587023973464966,4.21562385559082,4.482291221618652,0.2666675448417663,1.7652597427368164,4.172451496124268,4.435023307800293,0.2625714540481567,1.7917486429214478,4.259284496307373,4.516983509063721,0.2576989531517029
